method,seed,mission,t,px,py,pz,zx,zy,zz,dist,post_true,err_zp,err_f
ppo,0,0,0,0,0,0,-0.672505,-6.40211,6.53704,9.17454,0.125,0.859947,0.284038
ppo,0,0,1,0.0192924,0.0186755,-0.0196874,-0.661739,-6.39149,6.54399,9.19977,0.125,1.19496,0.284038
ppo,0,0,2,0.0592603,0.0568349,-0.061373,-0.647515,-6.3783,6.5492,9.25258,0.125,0.763249,0.284038
ppo,0,0,3,0.116735,0.116385,-0.126747,-0.631843,-6.36723,6.5557,9.34092,0.125,0.789552,0.284038
ppo,0,0,4,0.193398,0.192759,-0.213591,-0.617892,-6.35536,6.55782,9.45452,0.125,0.855706,0.284038
ppo,0,0,5,0.285089,0.295191,-0.320551,-0.606539,-6.34298,6.56146,9.60325,0.125,1.50725,0.284038
ppo,0,0,6,0.391031,0.424056,-0.448171,-0.597354,-6.33041,6.56479,9.78679,0.125,0.164596,0.284038
ppo,0,0,7,0.509161,0.580394,-0.597064,-0.587506,-6.31788,6.5677,10.0061,0.125,1.08358,0.284038
ppo,0,0,8,0.637741,0.769032,-0.764178,-0.578392,-6.30591,6.56846,10.2616,0.125,0.576975,0.284038
ppo,0,0,9,0.772839,0.987508,-0.94332,-0.571032,-6.29144,6.57192,10.5484,0.125,1.01653,0.284038
ppo,0,0,10,0.908195,1.23769,-1.1347,-0.564463,-6.27882,6.57696,10.8691,0.125,0.576158,0.284038
ppo,0,0,11,1.0392,1.52191,-1.33307,-0.555699,-6.26602,6.5795,11.2163,0.125,1.40644,0.284038
ppo,0,0,12,1.16458,1.83834,-1.53617,-0.546034,-6.24934,6.58042,11.5852,0.125,0.885883,0.284038
ppo,0,0,13,1.2771,2.1906,-1.73625,-0.536798,-6.2332,6.58004,11.9755,0.125,1.21925,0.284038
ppo,0,0,14,1.3726,2.57027,-1.92922,-0.530624,-6.2157,6.58169,12.3795,0.125,1.19549,0.284038
ppo,0,0,15,1.44794,2.97775,-2.10542,-0.525672,-6.196,6.58523,12.7898,0.125,1.57709,0.284038
ppo,0,0,16,1.50113,3.40441,-2.25478,-0.518685,-6.17768,6.58779,13.1942,0.125,2.13408,0.284038
ppo,0,0,17,1.53466,3.84485,-2.37653,-0.514972,-6.16022,6.58749,13.5888,0.125,2.61217,0.284038
ppo,0,0,18,1.5537,4.29389,-2.46725,-0.515083,-6.14548,6.59109,13.9755,0.125,0.444678,0.284038
ppo,0,0,19,1.56218,4.74188,-2.52453,-0.516023,-6.13448,6.59135,14.3427,0.125,1.87519,0.284038
ppo,0,0,20,1.56898,5.17998,-2.54926,-0.517307,-6.1244,6.59047,14.6859,0.125,1.00326,0.284038
ppo,0,0,21,1.58243,5.60037,-2.54524,-0.519966,-6.11364,6.59007,15.0031,0.125,1.61826,0.284038
ppo,0,0,22,1.61484,6.00195,-2.5195,-0.522739,-6.10287,6.58892,15.299,0.125,2.79812,0.284038
ppo,0,0,23,1.67001,6.38033,-2.47469,-0.526727,-6.09242,6.58574,15.572,0.125,2.51804,0.284038
ppo,0,0,24,1.75242,6.74659,-2.42211,-0.532246,-6.08377,6.58429,15.8415,0.125,2.51535,0.284038
ppo,0,0,25,1.8644,7.10382,-2.37404,-0.539966,-6.07644,6.58697,16.1183,0.125,2.51972,0.284038
ppo,0,0,26,2.00771,7.4654,-2.33919,-0.548001,-6.07169,6.59257,16.4183,0.125,1.30578,0.284038
ppo,0,0,27,2.17073,7.84217,-2.32762,-0.553829,-6.07024,6.59896,16.753,0.125,2.53649,0.284038
ppo,0,0,28,2.34501,8.24492,-2.33344,-0.561545,-6.06795,6.60347,17.1223,0.125,1.50966,0.284038
ppo,0,0,29,2.51815,8.68178,-2.34869,-0.569463,-6.0673,6.6055,17.5284,0.125,3.56818,0.284038
ppo,0,0,30,2.67701,9.15118,-2.36302,-0.575607,-6.06643,6.61075,17.9634,0.125,1.33807,0.284038
ppo,0,0,31,2.81952,9.64415,-2.36607,-0.582683,-6.06421,6.61361,18.4109,0.125,0.607242,0.284038
ppo,0,0,32,2.94248,10.1473,-2.34405,-0.588793,-6.06289,6.61518,18.8549,0.125,0.687484,0.284038
ppo,0,0,33,3.05853,10.6471,-2.28758,-0.593965,-6.06309,6.61531,19.2829,0.125,1.7576,0.284038
ppo,0,0,34,3.17457,11.1356,-2.19638,-0.597021,-6.06419,6.6096,19.6876,0.125,2.4766,0.284038
ppo,0,0,35,3.30889,11.6009,-2.08172,-0.599416,-6.06499,6.60388,20.0699,0.125,2.98771,0.284038
ppo,0,0,36,3.47009,12.0484,-1.96283,-0.599242,-6.0653,6.60167,20.4455,0.125,2.97313,0.284038
ppo,0,0,37,3.66306,12.4884,-1.85543,-0.600426,-6.06711,6.60251,20.8331,0.125,0.996257,0.284038
ppo,0,0,38,3.88225,12.9386,-1.76657,-0.597794,-6.06801,6.60037,21.2445,0.125,2.39403,0.284038
ppo,0,0,39,4.11311,13.4142,-1.69004,-0.595434,-6.06973,6.5955,21.6898,0.125,1.73611,0.284038
ppo,0,0,40,4.33616,13.9247,-1.61911,-0.595132,-6.07354,6.59069,22.1732,0.125,2.57712,0.284038
ppo,0,0,41,4.54127,14.4591,-1.53658,-0.595476,-6.07581,6.58526,22.6723,0.125,3.28259,0.284038
ppo,0,0,42,4.72976,15.0036,-1.42608,-0.595502,-6.07847,6.57706,23.1703,0.125,1.29807,0.284038
ppo,0,0,43,4.9103,15.5414,-1.28198,-0.593976,-6.08062,6.56932,23.6528,0.125,3.75155,0.284038
ppo,0,0,44,5.10574,16.0618,-1.11111,-0.59123,-6.08585,6.56142,24.1214,0.125,2.53953,0.284038
ppo,0,0,45,5.33108,16.5666,-0.935309,-0.589095,-6.08985,6.55385,24.5856,0.125,3.05094,0.284038
ppo,0,0,46,5.5889,17.0672,-0.767748,-0.585238,-6.09212,6.54594,25.0592,0.125,3.74176,0.284038
ppo,0,0,47,5.86687,17.5867,-0.62318,-0.57793,-6.09413,6.53836,25.5657,0.125,3.30933,0.284038
ppo,0,0,48,6.14298,18.1412,-0.493567,-0.570393,-6.09747,6.52923,26.1133,0.125,5.36688,0.284038
ppo,0,0,49,6.40143,18.7269,-0.355815,-0.565503,-6.10191,6.52092,26.6889,0.125,3.32327,0.284038
ppo,0,0,50,6.64025,19.3211,-0.193133,-0.559991,-6.1072,6.5114,27.2653,0.125,2.2365,0.284038
ppo,0,0,51,6.87974,19.9035,0.00571173,-0.552725,-6.11127,6.50001,27.8242,0.125,3.34415,0.284038
ppo,0,0,52,7.13946,20.4649,0.220595,-0.547645,-6.11357,6.49255,28.3697,0.125,5.17155,0.284038
ppo,0,0,53,7.43446,21.0157,0.431294,-0.541696,-6.1153,6.48587,28.92,0.125,4.3656,0.284038
ppo,0,0,54,7.75252,21.5843,0.62386,-0.534401,-6.11491,6.48206,29.4998,0.125,3.67465,0.284038
ppo,0,0,55,8.06463,22.185,0.804054,-0.523069,-6.11208,6.48331,30.1119,0.125,4.69038,0.284038
ppo,0,0,56,8.36016,22.8105,0.994751,-0.51397,-6.10718,6.48651,30.7431,0.125,4.23884,0.284038
ppo,0,0,57,8.64033,23.4395,1.21666,-0.503494,-6.10417,6.49009,31.3727,0.125,11.7134,0.284038
ppo,0,0,58,8.93177,24.046,1.46355,-0.492534,-6.09802,6.49357,31.9809,0.125,8.39331,0.284038
ppo,0,0,59,9.25448,24.635,1.7149,-0.483197,-6.09156,6.49465,32.5851,0.125,2.39996,0.284038
ppo,0,0,60,9.60783,25.2305,1.95096,-0.474333,-6.08375,6.49962,33.2103,0.125,1.95168,0.284038
ppo,0,0,61,9.97135,25.8524,2.17192,-0.467465,-6.07737,6.50151,33.8707,0.125,7.04864,0.284038
ppo,0,0,62,10.3227,26.5044,2.39809,-0.461001,-6.07348,6.50014,34.5606,0.125,8.73389,0.284038
ppo,0,0,63,10.6543,27.1607,2.65284,-0.458961,-6.06896,6.50097,35.2495,0.125,9.05538,0.284038
ppo,0,0,64,11.0004,27.7974,2.93319,-0.455555,-6.06573,6.50167,35.9261,0.125,9.87709,0.284038
ppo,0,0,65,11.3783,28.4201,3.21728,-0.45185,-6.06407,6.49919,36.6043,0.125,5.57052,0.284038
ppo,0,0,66,11.7818,29.0518,3.48171,-0.449415,-6.05974,6.49672,37.303,0.125,3.28408,0.284038
ppo,0,0,67,12.1809,29.7173,3.73613,-0.449609,-6.05352,6.49506,38.0354,0.125,8.96906,0.284038
ppo,0,0,68,12.5585,30.4047,4.00612,-0.4504,-6.04901,6.49346,38.7852,0.125,6.79439,0.284038
ppo,0,0,69,12.9318,31.0843,4.30952,-0.450765,-6.04341,6.49036,39.5262,0.125,4.29084,0.284038
ppo,0,0,70,13.3327,31.7412,4.62895,-0.452195,-6.03737,6.48811,40.258,0.125,16.8017,0.284038
ppo,0,0,71,13.7686,32.4051,4.9339,-0.449873,-6.02947,6.48716,41.0097,0.125,4.59884,0.284038
ppo,0,0,72,14.2089,33.0996,5.2259,-0.451214,-6.02287,6.48365,41.798,0.125,14.0132,0.284038
ppo,0,0,73,14.6321,33.8182,5.52997,-0.45542,-6.01528,6.48012,42.6056,0.125,8.39411,0.284038
ppo,0,0,74,15.0501,34.5291,5.86686,-0.4585,-6.01025,6.47522,43.4088,0.125,12.5579,0.284038
ppo,0,0,75,15.4924,35.22,6.21558,-0.458764,-6.00763,6.47086,44.2066,0.125,4.34284,0.284038
ppo,0,0,76,15.9674,35.9133,6.54491,-0.455142,-6.0035,6.46725,45.0191,0.125,13.099,0.284038
ppo,0,0,77,16.4448,36.6349,6.85735,-0.451575,-6,6.46171,45.8627,0.125,12.304,0.284038
ppo,0,0,78,16.9027,37.3735,7.188,-0.447555,-5.99729,6.45588,46.7183,0.125,6.07506,0.284038
ppo,0,0,79,17.3587,38.1028,7.54995,-0.440257,-5.99856,6.44828,47.5704,0.125,6.78441,0.284038
ppo,0,0,80,17.8444,38.8127,7.9148,-0.434975,-5.99904,6.44132,48.419,0.125,14.2008,0.284038
ppo,0,0,81,18.3551,39.542,8.25681,-0.431508,-5.99764,6.43688,49.2961,0.125,19.4533,0.284038
ppo,0,0,82,18.8553,40.3042,8.60198,-0.429607,-5.99688,6.43285,50.2036,0.125,16,0.284038
ppo,0,0,83,19.3447,41.0717,8.98181,-0.425988,-5.9971,6.42799,51.1163,0.125,18.0023,0.284038
ppo,0,0,84,19.8537,41.8149,9.38307,-0.423105,-5.99578,6.42534,52.0169,0.125,16.5977,0.284038
ppo,0,0,85,20.3904,42.5613,9.77076,-0.419036,-5.99316,6.42147,52.9319,0.125,7.67432,0.284038
ppo,0,0,86,20.9244,43.3436,10.1495,-0.412961,-5.98887,6.41818,53.8786,0.125,14.7199,0.284038
ppo,0,0,87,21.4398,44.1406,10.5531,-0.406386,-5.98583,6.41134,54.8368,0.125,17.346,0.284038
ppo,0,0,88,21.9644,44.9177,10.9829,-0.396478,-5.98268,6.40389,55.7837,0.125,14.0049,0.284038
ppo,0,0,89,22.5219,45.6923,11.4018,-0.385221,-5.97728,6.39557,56.7411,0.125,4.70372,0.284038
ppo,0,0,90,23.0849,46.4985,11.8101,-0.376814,-5.97434,6.3869,57.7344,0.125,16.9993,0.284038
ppo,0,0,91,23.6284,47.3197,12.2431,-0.365999,-5.96858,6.37372,58.7352,0.125,5.44463,0.284038
ppo,0,0,92,24.1848,48.1193,12.7005,-0.356541,-5.96145,6.3612,59.7259,0.125,15.4545,0.284038
ppo,0,0,93,24.7746,48.9178,13.1462,-0.351597,-5.95378,6.34556,60.7328,0.125,12.8065,0.284038
ppo,0,0,94,25.361,49.7509,13.5777,-0.346885,-5.94858,6.33168,61.7724,0.125,36.3191,0.284038
ppo,0,0,95,25.9307,50.595,14.0365,-0.341786,-5.94027,6.31149,62.8184,0.125,20.4901,0.284038
ppo,0,0,96,26.5185,51.4181,14.5227,-0.340618,-5.93358,6.29214,63.8621,0.125,28.2152,0.284038
ppo,0,0,97,27.1362,52.2477,14.9903,-0.340109,-5.92828,6.27255,64.9261,0.125,8.76608,0.284038
ppo,0,0,98,27.7477,53.1115,15.453,-0.340938,-5.92203,6.25337,66.0194,0.125,28.0181,0.284038
ppo,0,0,99,28.3462,53.9731,15.9451,-0.342028,-5.91527,6.23677,67.1109,0.125,3.10761,0.284038
ppo,0,0,100,28.9695,54.8164,16.4465,-0.344902,-5.90803,6.22141,68.2008,0.125,15.4044,0.284038
ppo,0,0,101,29.6074,55.6795,16.9311,-0.34853,-5.90016,6.20716,69.3139,0.125,35.9825,0.284038
ppo,0,0,102,30.2284,56.568,17.4283,-0.351061,-5.89472,6.19326,70.448,0.125,15.6827,0.284038
ppo,0,0,103,30.8525,57.4422,17.9542,-0.355062,-5.89187,6.18096,71.5802,0.125,17.7564,0.284038
ppo,0,0,104,31.5099,58.3122,18.4714,-0.359519,-5.89072,6.17103,72.7253,0.125,21.6609,0.284038
ppo,0,0,105,32.1641,59.2118,18.9782,-0.3656,-5.88784,6.16373,73.8942,0.125,29.08,0.284038
ppo,0,0,106,32.8033,60.1143,19.5146,-0.371248,-5.8822,6.1571,75.0634,0.125,13.4004,0.284038
ppo,0,0,107,33.4714,61.0002,20.0613,-0.378794,-5.87137,6.15166,76.2307,0.125,18.1069,0.284038
ppo,0,0,108,34.1534,61.9098,20.5905,-0.385056,-5.86051,6.14673,77.4231,0.125,36.9426,0.284038
ppo,0,0,109,34.8149,62.8405,21.1375,-0.390029,-5.85262,6.14082,78.6323,0.125,11.0716,0.284038
ppo,0,0,110,35.4897,63.7536,21.7073,-0.397098,-5.84536,6.13299,79.8401,0.125,27.358,0.284038
ppo,0,0,111,36.1939,64.678,22.2561,-0.403654,-5.83832,6.12402,81.0689,0.125,20.6095,0.284038
ppo,0,0,112,36.8799,65.6332,22.8094,-0.411944,-5.83003,6.11559,82.3187,0.125,29.9878,0.284038
ppo,0,0,113,37.5653,66.5732,23.3922,-0.421739,-5.8246,6.10552,83.566,0.125,33.5242,0.284038
ppo,0,0,114,38.2834,67.5123,23.962,-0.430336,-5.81625,6.09393,84.8239,0.125,58.8649,0.284038
ppo,0,0,115,38.9916,68.4848,24.5256,-0.438011,-5.81157,6.08263,86.1091,0.125,29.1999,0.284038
ppo,0,0,116,39.6933,69.4483,25.1224,-0.443957,-5.80383,6.07001,87.3892,0.125,12.359,0.284038
ppo,0,0,117,40.43,70.4051,25.713,-0.450918,-5.79418,6.05936,88.6784,0.125,37.2683,0.284038
ppo,0,0,118,41.1612,71.3931,26.2934,-0.457812,-5.78481,6.05174,89.9906,0.125,11.3629,0.284038
ppo,0,0,119,41.8851,72.3819,26.9059,-0.462669,-5.77548,6.04131,91.3085,0.125,16.1009,0.284038
ppo,0,0,120,42.6424,73.3557,27.5143,-0.463972,-5.76609,6.03179,92.6278,0.125,11.8854,0.284038
ppo,0,0,121,43.3956,74.3654,28.1102,-0.464669,-5.75749,6.02287,93.9748,0.125,54.3693,0.284038
ppo,0,0,122,44.1363,75.3695,28.7408,-0.462738,-5.74854,6.01869,95.3179,0.125,37.0451,0.284038
ppo,0,0,123,44.9079,76.3634,29.3681,-0.463712,-5.73726,6.01632,96.6665,0.125,42.7856,0.284038
ppo,0,0,124,45.6754,77.3914,29.9894,-0.469882,-5.72642,6.01575,98.0444,0.125,39.9863,0.284038
ppo,0,0,125,46.4349,78.4077,30.6435,-0.477792,-5.71384,6.01542,99.4172,0.125,11.4779,0.284038
ppo,0,0,126,47.2226,79.4209,31.2894,-0.486849,-5.69924,6.01378,100.799,0.125,27.0151,0.284038
ppo,0,0,127,48.0014,80.4682,31.9284,-0.496047,-5.68376,6.01147,102.205,0.125,64.5074,0.284038
ppo,0,0,128,48.7852,81.5022,32.6001,-0.505877,-5.66811,6.00577,103.612,0.125,39.7569,0.284038
ppo,0,0,129,49.6038,82.5381,33.2574,-0.512258,-5.65072,6.00152,105.032,0.125,16.4034,0.284038
ppo,0,0,130,50.4048,83.6043,33.9238,-0.518514,-5.63483,5.99975,106.473,0.125,15.331,0.284038
ppo,0,0,131,51.2198,84.6497,34.6164,-0.527246,-5.61835,6.00026,107.912,0.125,67.2637,0.284038
ppo,0,0,132,52.0561,85.7082,35.2897,-0.534845,-5.59958,5.99948,109.366,0.125,75.4976,0.284038
ppo,0,0,133,52.8745,86.7854,35.9849,-0.54209,-5.58267,5.99807,110.835,0.125,12.3654,0.284038
ppo,0,0,134,53.7201,87.8408,36.6931,-0.551699,-5.56599,6.00262,112.304,0.125,23.0517,0.284038
ppo,0,0,135,54.5732,88.9252,37.3871,-0.560138,-5.55279,6.00449,113.801,0.125,69.2361,0.284038
ppo,0,0,136,55.4131,90.0106,38.1111,-0.571794,-5.53858,6.00491,115.303,0.125,54.8763,0.284038
ppo,0,0,137,56.2848,91.088,38.8284,-0.583102,-5.52496,6.00593,116.813,0.125,84.7489,0.284038
ppo,0,0,138,57.1424,92.1961,39.5446,-0.593342,-5.51001,6.00994,118.341,0.125,24.7496,0.284038
ppo,0,0,139,58.0088,93.2883,40.2884,-0.605591,-5.49635,6.01367,119.87,0.125,63.7764,0.284038
ppo,0,0,140,58.8999,94.3962,41.0115,-0.615853,-5.48247,6.01832,121.418,0.125,74.6781,0.284038
ppo,0,0,141,59.7705,95.521,41.7611,-0.623893,-5.46799,6.02482,122.977,0.125,25.8583,0.284038
ppo,0,0,142,60.671,96.6311,42.5167,-0.633221,-5.45451,6.03014,124.543,0.125,92.8019,0.284038
ppo,0,0,143,61.569,97.7775,43.2628,-0.640056,-5.44214,6.03524,126.135,0.125,46.0866,0.284038
ppo,0,0,144,62.4688,98.911,44.0459,-0.648537,-5.43137,6.03922,127.733,0.125,53.2116,0.284038
ppo,0,0,145,63.3946,100.055,44.8129,-0.655669,-5.42246,6.04146,129.349,0.125,34.3766,0.284038
ppo,0,0,146,64.3041,101.221,45.6024,-0.663546,-5.41259,6.04489,130.982,0.125,40.6557,0.284038
ppo,0,0,147,65.2421,102.373,46.3964,-0.665976,-5.40347,6.04922,132.618,0.125,105.215,0.284038
ppo,0,0,148,66.1743,103.558,47.1797,-0.669238,-5.39583,6.05422,134.277,0.125,64.2772,0.284038
ppo,0,0,149,67.1095,104.732,47.9953,-0.672871,-5.38903,6.06214,135.939,0.125,85.5673,0.284038
ppo,0,0,150,68.0686,105.921,48.791,-0.67791,-5.38513,6.07134,137.623,0.125,10.1527,0.284038
ppo,0,0,151,69.0088,107.124,49.6129,-0.683524,-5.38337,6.08,139.32,0.125,115.488,0.284038
ppo,0,0,152,69.9787,108.315,50.4318,-0.688551,-5.37523,6.08619,141.017,0.125,203.966,0.284038
ppo,0,0,153,70.9349,109.537,51.2504,-0.695445,-5.36566,6.09004,142.734,0.125,143.748,0.284038
ppo,0,0,154,71.9077,110.738,52.0938,-0.700564,-5.35544,6.09169,144.45,0.125,105.769,0.284038
ppo,0,0,155,72.8905,111.967,52.9213,-0.707921,-5.34827,6.09481,146.193,0.125,40.4668,0.284038
ppo,0,0,156,73.8643,113.191,53.7808,-0.71393,-5.33982,6.09559,147.937,0.125,67.996,0.284038
ppo,0,0,157,74.8677,114.422,54.6254,-0.721055,-5.33088,6.09725,149.698,0.125,101.782,0.284038
ppo,0,0,158,75.8512,115.67,55.4906,-0.725852,-5.3229,6.09575,151.47,0.125,141.414,0.284038
ppo,0,0,159,76.865,116.906,56.3545,-0.729882,-5.31926,6.0928,153.252,0.125,61.5559,0.284038
ppo,0,0,160,77.8653,118.174,57.2245,-0.729301,-5.31641,6.0879,155.055,0.125,6.33493,0.284038
ppo,0,0,161,78.8874,119.426,58.1193,-0.730104,-5.3155,6.08405,156.866,0.125,146.024,0.284038
ppo,0,0,162,79.9156,120.708,58.9995,-0.733024,-5.31332,6.08035,158.701,0.125,34.2374,0.284038
ppo,0,0,163,80.9477,121.98,59.9093,-0.738104,-5.3088,6.07648,160.539,0.125,105.449,0.284038
ppo,0,0,164,81.9983,123.275,60.7996,-0.743707,-5.30583,6.07181,162.402,0.125,64.2378,0.284038
ppo,0,0,165,83.0358,124.574,61.7254,-0.747097,-5.2997,6.07159,164.268,0.125,161.697,0.284038
ppo,0,0,166,84.1064,125.878,62.6341,-0.748392,-5.29318,6.07141,166.149,0.125,101.683,0.284038
ppo,0,0,167,85.1557,127.195,63.5678,-0.749178,-5.28897,6.07224,168.04,0.125,224.095,0.284038
ppo,0,0,168,86.2371,128.501,64.4946,-0.749365,-5.28813,6.07204,169.939,0.125,129.074,0.284038
ppo,0,0,169,87.3009,129.83,65.4351,-0.750724,-5.28911,6.06764,171.857,0.125,172.595,0.284038
ppo,0,0,170,88.3959,131.147,66.378,-0.751664,-5.28628,6.06381,173.779,0.125,133.124,0.284038
ppo,0,0,171,89.4758,132.495,67.322,-0.754419,-5.2803,6.0623,175.716,0.125,61.6876,0.284038
ppo,0,0,172,90.5815,133.825,68.2803,-0.756019,-5.2751,6.06113,177.659,0.125,17.4599,0.284038
ppo,0,0,173,91.6846,135.187,69.232,-0.760485,-5.27088,6.05721,179.626,0.125,133.521,0.284038
ppo,0,0,174,92.802,136.528,70.2073,-0.765488,-5.26652,6.05065,181.595,0.125,71.5083,0.284038
ppo,0,0,175,93.9179,137.903,71.1707,-0.76883,-5.26195,6.04526,183.584,0.125,65.2938,0.284038
ppo,0,0,176,95.0437,139.26,72.1641,-0.772756,-5.25738,6.0426,185.575,0.125,120.636,0.284038
ppo,0,0,177,96.1772,140.647,73.1403,-0.778735,-5.25316,6.03655,187.591,0.125,86.143,0.284038
ppo,0,0,178,97.3177,142.016,74.1489,-0.78362,-5.25038,6.0296,189.609,0.125,180.474,0.284038
ppo,0,0,179,98.4714,143.412,75.1403,-0.789254,-5.24953,6.02029,191.652,0.125,308.246,0.284038
ppo,0,0,180,99.6222,144.797,76.1655,-0.793939,-5.24755,6.01317,193.696,0.125,184.485,0.284038
ppo,0,0,181,100.784,146.209,77.169,-0.800536,-5.24296,6.00549,195.758,0.125,75.3769,0.284038
ppo,0,0,182,101.947,147.605,78.2051,-0.806805,-5.2368,5.99594,197.821,0.125,148.318,0.284038
ppo,0,0,183,103.122,149.03,79.2259,-0.814826,-5.22892,5.98551,199.907,0.125,184.783,0.284038
ppo,0,0,184,104.301,150.438,80.2797,-0.822443,-5.2176,5.97437,201.993,0.125,21.0813,0.284038
ppo,0,0,185,105.493,151.876,81.313,-0.826704,-5.20403,5.96469,204.097,0.125,183.162,0.284038
ppo,0,0,186,106.69,153.296,82.3785,-0.829981,-5.19453,5.95613,206.204,0.125,153.647,0.284038
ppo,0,0,187,107.895,154.744,83.427,-0.830675,-5.18409,5.94855,208.33,0.125,144.337,0.284038
ppo,0,0,188,109.107,156.175,84.5059,-0.831421,-5.17206,5.93964,210.457,0.125,67.7831,0.284038
ppo,0,0,189,110.32,157.641,85.5741,-0.83443,-5.15951,5.93016,212.609,0.125,131.798,0.284038
ppo,0,0,190,111.546,159.089,86.6659,-0.8385,-5.14892,5.92006,214.766,0.125,225.516,0.284038
ppo,0,0,191,112.77,160.566,87.7485,-0.84046,-5.13697,5.90846,216.939,0.125,170.602,0.284038
ppo,0,0,192,114.013,162.027,88.8511,-0.84322,-5.12532,5.89791,219.119,0.125,102.882,0.284038
ppo,0,0,193,115.242,163.522,89.9549,-0.846566,-5.11358,5.89006,221.318,0.125,183.855,0.284038
ppo,0,0,194,116.499,164.996,91.0673,-0.848737,-5.10294,5.88137,223.519,0.125,54.0128,0.284038
ppo,0,0,195,117.737,166.498,92.1896,-0.851281,-5.09221,5.87039,225.737,0.125,257.123,0.284038
ppo,0,0,196,119.005,167.989,93.3072,-0.853891,-5.07811,5.86262,227.958,0.125,170.308,0.284038
ppo,0,0,197,120.251,169.501,94.4477,-0.854277,-5.0671,5.85354,230.195,0.125,218.928,0.284038
ppo,0,0,198,121.528,171.014,95.5737,-0.855766,-5.05499,5.84681,232.441,0.125,252.955,0.284038
ppo,0,0,199,122.791,172.534,96.7322,-0.857487,-5.04544,5.84082,234.701,0.125,257.789,0.284038
ppo,0,0,200,124.077,174.07,97.8763,-0.860145,-5.03423,5.83556,236.98,0.125,247.04,0.284038
ppo,0,0,201,125.359,175.598,99.0543,-0.863062,-5.02523,5.82837,239.265,0.125,216.996,0.284038
ppo,0,0,202,126.65,177.158,100.215,-0.870827,-5.01603,5.81981,241.577,0.125,355.544,0.284038
ppo,0,0,203,127.954,178.695,101.398,-0.878886,-5.00729,5.81301,243.887,0.125,101.483,0.284038
ppo,0,0,204,129.248,180.27,102.581,-0.887133,-4.99838,5.80491,246.221,0.125,274.459,0.284038
ppo,0,0,205,130.569,181.828,103.77,-0.895545,-4.99025,5.79535,248.562,0.125,193.376,0.284038
ppo,0,0,206,131.87,183.409,104.979,-0.905611,-4.98315,5.78386,250.919,0.125,99.5832,0.284038
ppo,0,0,207,133.202,184.989,106.176,-0.913473,-4.97454,5.77157,253.287,0.125,146.317,0.284038
ppo,0,0,208,134.522,186.57,107.406,-0.922192,-4.96713,5.76105,255.662,0.125,160.398,0.284038
ppo,0,0,209,135.858,188.178,108.618,-0.931193,-4.95946,5.74846,258.061,0.125,60.1947,0.284038
ppo,0,0,210,137.208,189.768,109.857,-0.940299,-4.95131,5.73557,260.465,0.125,311.781,0.284038
ppo,0,0,211,138.551,191.391,111.091,-0.950622,-4.94249,5.722,262.888,0.125,68.7604,0.284038
ppo,0,0,212,139.928,192.996,112.329,-0.960801,-4.93237,5.70514,265.319,0.125,116.002,0.284038
ppo,0,0,213,141.289,194.621,113.588,-0.973309,-4.92204,5.6886,267.765,0.125,319.771,0.284038
ppo,0,0,214,142.675,196.255,114.831,-0.985051,-4.91292,5.67436,270.226,0.125,130.228,0.284038
ppo,0,0,215,144.057,197.881,116.108,-0.999266,-4.90162,5.66014,272.692,0.125,365.33,0.284038
ppo,0,0,216,145.443,199.539,117.371,-1.01287,-4.89485,5.64625,275.181,0.125,289.899,0.284038
ppo,0,0,217,146.851,201.179,118.644,-1.02894,-4.88646,5.63291,277.674,0.125,215.348,0.284038
ppo,0,0,218,148.242,202.843,119.933,-1.04684,-4.87884,5.61952,280.184,0.125,327.697,0.284038
ppo,0,0,219,149.661,204.511,121.21,-1.06366,-4.87354,5.60886,282.707,0.125,22.9374,0.284038
ppo,0,0,220,151.075,206.171,122.521,-1.07989,-4.86594,5.59721,285.235,0.125,116.392,0.284038
ppo,0,0,221,152.493,207.863,123.817,-1.09335,-4.85855,5.58391,287.781,0.125,387.508,0.284038
ppo,0,0,222,153.939,209.534,125.124,-1.10534,-4.85119,5.57191,290.332,0.125,498.908,0.284038
ppo,0,0,223,155.365,211.229,126.449,-1.11418,-4.84807,5.55679,292.899,0.125,371.642,0.284038
ppo,0,0,224,156.819,212.937,127.759,-1.12488,-4.84734,5.54356,295.487,0.125,169.641,0.284038
ppo,0,0,225,158.274,214.626,129.1,-1.13739,-4.84606,5.52928,298.076,0.125,143.134,0.284038
ppo,0,0,226,159.722,216.347,130.439,-1.15205,-4.84682,5.51629,300.687,0.125,297.505,0.284038
ppo,0,0,227,161.203,218.055,131.778,-1.1644,-4.84458,5.5056,303.302,0.125,208.073,0.284038
ppo,0,0,228,162.667,219.769,133.146,-1.18065,-4.84164,5.49235,305.928,0.125,304.632,0.284038
ppo,0,0,229,164.143,221.511,134.495,-1.19244,-4.84027,5.47724,308.571,0.125,300.271,0.284038
ppo,0,0,230,165.64,223.229,135.863,-1.20383,-4.8385,5.46213,311.217,0.125,192.136,0.284038
ppo,0,0,231,167.119,224.97,137.245,-1.21726,-4.83528,5.44602,313.877,0.125,421.757,0.284038
ppo,0,0,232,168.624,226.724,138.608,-1.22888,-4.82972,5.43055,316.549,0.125,405.938,0.284038
ppo,0,0,233,170.137,228.463,140.001,-1.24411,-4.82663,5.40989,319.234,0.125,234.519,0.284038
ppo,0,0,234,171.637,230.233,141.401,-1.25879,-4.82367,5.39406,321.935,0.125,579.135,0.284038
ppo,0,0,235,173.171,231.998,142.789,-1.27349,-4.82154,5.3764,324.649,0.125,258.282,0.284038
ppo,0,0,236,174.696,233.755,144.21,-1.29144,-4.82213,5.36131,327.367,0.125,478.98,0.284038
ppo,0,0,237,176.218,235.545,145.624,-1.30817,-4.8232,5.34535,330.107,0.125,342.098,0.284038
ppo,0,0,238,177.772,237.325,147.036,-1.32518,-4.82538,5.32735,332.857,0.125,543.414,0.284038
ppo,0,0,239,179.314,239.106,148.478,-1.3404,-4.82618,5.3083,335.613,0.125,232.465,0.284038
ppo,0,0,240,180.854,240.917,149.908,-1.3547,-4.82722,5.29073,338.385,0.125,362.249,0.284038
ppo,0,0,241,182.424,242.717,151.343,-1.3698,-4.83081,5.27062,341.171,0.125,419.616,0.284038
ppo,0,0,242,183.982,244.521,152.809,-1.38624,-4.83596,5.24691,343.969,0.125,316.55,0.284038
ppo,0,0,243,185.541,246.356,154.261,-1.40261,-4.8414,5.22174,346.786,0.125,234.795,0.284038
ppo,0,0,244,187.13,248.175,155.714,-1.41563,-4.85224,5.19401,349.612,0.125,255.637,0.284038
ppo,0,0,245,188.707,249.995,157.198,-1.43008,-4.86399,5.16313,352.449,0.125,303.441,0.284038
ppo,0,0,246,190.284,251.849,158.672,-1.44446,-4.88135,5.12977,355.31,0.125,500.336,0.284038
ppo,0,0,247,191.893,253.689,160.143,-1.45332,-4.89867,5.09984,358.174,0.125,361.046,0.284038
ppo,0,0,248,193.495,255.527,161.644,-1.46023,-4.9153,5.0725,361.044,0.125,490.304,0.284038
ppo,0,0,249,195.094,257.398,163.142,-1.46721,-4.92888,5.04476,363.932,0.125,463.258,0.284038
ppo,0,0,250,196.728,259.265,164.632,-1.47372,-4.939,5.01525,366.831,0.125,300.583,0.284038
ppo,0,0,251,198.357,261.12,166.153,-1.47982,-4.94898,4.98499,369.733,0.125,247.752,0.284038
ppo,0,0,252,199.974,263.006,167.677,-1.48299,-4.95953,4.95631,372.65,0.125,282.006,0.284038
ppo,0,0,253,201.622,264.896,169.178,-1.4858,-4.97048,4.92722,375.578,0.125,682.447,0.284038
ppo,0,0,254,203.281,266.766,170.709,-1.49093,-4.98299,4.89892,378.513,0.125,661.114,0.284038
ppo,0,0,255,204.924,268.662,172.258,-1.49674,-4.99205,4.87261,381.463,0.125,382.433,0.284038
ppo,0,0,256,206.59,270.579,173.788,-1.50213,-4.99942,4.84465,384.432,0.125,389.723,0.284038
ppo,0,0,257,208.282,272.473,175.331,-1.50837,-5.00424,4.81675,387.403,0.125,265.363,0.284038
ppo,0,0,258,209.961,274.375,176.901,-1.5143,-5.00711,4.78852,390.383,0.125,418.746,0.284038
ppo,0,0,259,211.642,276.307,178.456,-1.5189,-5.01064,4.76246,393.378,0.125,508.282,0.284038
ppo,0,0,260,213.357,278.23,180.005,-1.52761,-5.01551,4.73975,396.385,0.125,308.463,0.284038
ppo,0,0,261,215.076,280.142,181.582,-1.53568,-5.02105,4.71865,399.399,0.125,391.494,0.284038
ppo,0,0,262,216.778,282.081,183.171,-1.54229,-5.02635,4.70186,402.425,0.125,246.56,0.284038
ppo,0,0,263,218.502,284.035,184.738,-1.55012,-5.02799,4.68676,405.461,0.125,472.291,0.284038
ppo,0,0,264,220.25,285.968,186.32,-1.5602,-5.02913,4.6708,408.504,0.125,616.725,0.284038
ppo,0,0,265,221.985,287.902,187.936,-1.57467,-5.0291,4.65482,411.557,0.125,429.31,0.284038
ppo,0,0,266,223.712,289.872,189.544,-1.58965,-5.02981,4.63857,414.63,0.125,598.977,0.284038
ppo,0,0,267,225.471,291.844,191.137,-1.6054,-5.03269,4.62312,417.716,0.125,651.484,0.284038
ppo,0,0,268,227.241,293.798,192.756,-1.62038,-5.03524,4.60888,420.806,0.125,494.179,0.284038
ppo,0,0,269,228.992,295.765,194.403,-1.63745,-5.0367,4.59569,423.908,0.125,344.209,0.284038
ppo,0,0,270,230.744,297.763,196.039,-1.65655,-5.03504,4.58212,427.027,0.125,242.146,0.284038
ppo,0,0,271,232.527,299.758,197.661,-1.67599,-5.03524,4.56942,430.157,0.125,339.569,0.284038
ppo,0,0,272,234.322,301.735,199.313,-1.69411,-5.03769,4.55616,433.294,0.125,51.1865,0.284038
ppo,0,0,273,236.094,303.728,200.987,-1.70999,-5.04024,4.54334,436.439,0.125,689.275,0.284038
ppo,0,0,274,237.869,305.754,202.65,-1.7268,-5.0435,4.53102,439.605,0.125,441.699,0.284038
ppo,0,0,275,239.677,307.78,204.302,-1.74615,-5.04312,4.52092,442.782,0.125,736.35,0.284038
ppo,0,0,276,241.496,309.79,205.983,-1.76603,-5.04138,4.5123,445.965,0.125,592.626,0.284038
ppo,0,0,277,243.296,311.812,207.69,-1.78528,-5.0421,4.50151,449.163,0.125,503.231,0.284038
ppo,0,0,278,245.094,313.865,209.383,-1.80672,-5.04259,4.49131,452.375,0.125,559.02,0.284038
ppo,0,0,279,246.924,315.922,211.062,-1.82679,-5.04206,4.47767,455.6,0.125,713.248,0.284038
ppo,0,0,280,248.775,317.956,212.762,-1.84605,-5.04062,4.465,458.831,0.125,305.007,0.284038
ppo,0,0,281,250.612,319.994,214.494,-1.86429,-5.04217,4.45469,462.071,0.125,490.985,0.284038
ppo,0,0,282,252.436,322.063,216.226,-1.88115,-5.04348,4.44129,465.327,0.125,736.424,0.284038
ppo,0,0,283,254.285,324.152,217.936,-1.90007,-5.04139,4.42758,468.599,0.125,624.514,0.284038
ppo,0,0,284,256.164,326.225,219.648,-1.92227,-5.03993,4.41516,471.879,0.125,211.253,0.284038
ppo,0,0,285,258.042,328.284,221.39,-1.94429,-5.03918,4.4028,475.164,0.125,661.135,0.284038
ppo,0,0,286,259.902,330.362,223.152,-1.96636,-5.0383,4.39148,478.461,0.125,798.622,0.284038
ppo,0,0,287,261.763,332.471,224.9,-1.99067,-5.03729,4.37986,481.775,0.125,661.813,0.284038
ppo,0,0,288,263.654,334.583,226.631,-2.01656,-5.0381,4.36755,485.102,0.125,575.888,0.284038
ppo,0,0,289,265.571,336.674,228.379,-2.04041,-5.04387,4.35472,488.44,0.125,885.936,0.284038
ppo,0,0,290,267.481,338.76,230.162,-2.06648,-5.053,4.34196,491.79,0.125,867.791,0.284038
ppo,0,0,291,269.372,340.867,231.961,-2.08892,-5.06428,4.32962,495.152,0.125,501.766,0.284038
ppo,0,0,292,271.269,343.003,233.744,-2.11095,-5.07817,4.3186,498.531,0.125,700.696,0.284038
ppo,0,0,293,273.199,345.141,235.508,-2.13121,-5.0945,4.30535,501.923,0.125,342.804,0.284038
ppo,0,0,294,275.155,347.258,237.283,-2.15259,-5.11136,4.28955,505.321,0.125,723.368,0.284038
ppo,0,0,295,277.108,349.366,239.089,-2.1746,-5.12832,4.27333,508.727,0.125,858.549,0.284038
ppo,0,0,296,279.042,351.494,240.916,-2.19598,-5.14499,4.2576,512.145,0.125,638.149,0.284038
ppo,0,0,297,280.971,353.654,242.733,-2.21849,-5.1586,4.24146,515.578,0.125,530.968,0.284038
ppo,0,0,298,282.929,355.83,244.53,-2.23967,-5.1705,4.22587,519.026,0.125,499.354,0.284038
ppo,0,0,299,284.918,357.992,246.332,-2.26002,-5.18163,4.20898,522.485,0.125,520.556,0.284038
ppo,0,1,0,0,0,0,6.24987,-7.01835,-4.08579,10.2475,0.125,0.261855,0.342961
ppo,0,1,1,0.0212409,0.0216784,-0.0226918,6.21673,-7.06062,-4.07021,10.2433,0.125,1.1578,0.342961
ppo,0,1,2,0.0613624,0.0632231,-0.0636555,6.18328,-7.10538,-4.05154,10.2357,0.125,0.951896,0.342961
ppo,0,1,3,0.118362,0.122778,-0.1268,6.15326,-7.14762,-4.03031,10.2233,0.125,0.738269,0.342961
ppo,0,1,4,0.190393,0.205217,-0.210409,6.12759,-7.18827,-4.008,10.2145,0.125,0.853992,0.342961
ppo,0,1,5,0.27632,0.31428,-0.314594,6.10366,-7.22773,-3.98328,10.2127,0.125,1.24705,0.342961
ppo,0,1,6,0.373583,0.448544,-0.435352,6.08134,-7.26745,-3.95701,10.2234,0.125,0.600496,0.342961
ppo,0,1,7,0.479998,0.612323,-0.574662,6.05991,-7.30774,-3.92783,10.2522,0.125,0.647556,0.342961
ppo,0,1,8,0.593964,0.806293,-0.729358,6.03889,-7.34321,-3.89662,10.3002,0.125,0.801902,0.342961
ppo,0,1,9,0.713665,1.0332,-0.896516,6.01851,-7.37698,-3.86693,10.3777,0.125,0.537967,0.342961
ppo,0,1,10,0.832193,1.29133,-1.07473,5.99774,-7.41129,-3.83189,10.4891,0.125,0.918758,0.342961
ppo,0,1,11,0.944371,1.57969,-1.26595,5.97587,-7.44607,-3.79624,10.6387,0.125,1.32787,0.342961
ppo,0,1,12,1.04693,1.90275,-1.46567,5.95777,-7.48034,-3.75903,10.836,0.125,1.49791,0.342961
ppo,0,1,13,1.1343,2.25573,-1.66822,5.94104,-7.51626,-3.72376,11.0825,0.125,1.11986,0.342961
ppo,0,1,14,1.2029,2.63858,-1.86302,5.92666,-7.54906,-3.69079,11.3773,0.125,0.625062,0.342961
ppo,0,1,15,1.25011,3.04533,-2.0415,5.91177,-7.57716,-3.65736,11.7124,0.125,1.3779,0.342961
ppo,0,1,16,1.27635,3.47206,-2.19849,5.89686,-7.60505,-3.62418,12.0865,0.125,0.516835,0.342961
ppo,0,1,17,1.28696,3.91074,-2.32737,5.88012,-7.63476,-3.59118,12.4897,0.125,1.90415,0.342961
ppo,0,1,18,1.28287,4.35513,-2.42284,5.86182,-7.66073,-3.5562,12.9086,0.125,1.28144,0.342961
ppo,0,1,19,1.26594,4.79328,-2.48503,5.84204,-7.68826,-3.51875,13.3341,0.125,0.342968,0.342961
ppo,0,1,20,1.24445,5.21817,-2.51878,5.82056,-7.71395,-3.48617,13.752,0.125,1.48967,0.342961
ppo,0,1,21,1.2293,5.62405,-2.52026,5.79964,-7.73712,-3.45234,14.152,0.125,0.487556,0.342961
ppo,0,1,22,1.22932,6.0082,-2.50082,5.77633,-7.75942,-3.41893,14.5281,0.125,1.90808,0.342961
ppo,0,1,23,1.25395,6.36904,-2.46608,5.75324,-7.78055,-3.38266,14.876,0.125,1.74852,0.342961
ppo,0,1,24,1.31162,6.71589,-2.42601,5.73278,-7.79952,-3.34473,15.2016,0.125,1.62594,0.342961
ppo,0,1,25,1.40275,7.0573,-2.38991,5.71393,-7.81434,-3.30722,15.5111,0.125,2.57556,0.342961
ppo,0,1,26,1.5237,7.40535,-2.36787,5.69276,-7.83108,-3.2688,15.8222,0.125,2.17328,0.342961
ppo,0,1,27,1.67013,7.76947,-2.36427,5.67092,-7.84661,-3.22867,16.1436,0.125,1.92419,0.342961
ppo,0,1,28,1.82898,8.16321,-2.37521,5.65006,-7.86405,-3.18594,16.4964,0.125,0.668496,0.342961
ppo,0,1,29,1.98162,8.59053,-2.39448,5.63048,-7.8799,-3.14456,16.8864,0.125,2.36689,0.342961
ppo,0,1,30,2.12406,9.05263,-2.41151,5.61033,-7.8976,-3.10464,17.3189,0.125,1.71529,0.342961
ppo,0,1,31,2.24558,9.54138,-2.41323,5.589,-7.91914,-3.06276,17.7896,0.125,0.769151,0.342961
ppo,0,1,32,2.34768,10.0377,-2.38879,5.57204,-7.94099,-3.02121,18.2765,0.125,3.03194,0.342961
ppo,0,1,33,2.43923,10.5287,-2.33188,5.55475,-7.96174,-2.97962,18.7622,0.125,3.37676,0.342961
ppo,0,1,34,2.53212,11.0044,-2.24653,5.53748,-7.98174,-2.93375,19.2348,0.125,0.965024,0.342961
ppo,0,1,35,2.64297,11.4581,-2.13934,5.51946,-7.99987,-2.88827,19.6837,0.125,3.4007,0.342961
ppo,0,1,36,2.78409,11.8991,-2.02399,5.50224,-8.01757,-2.84692,20.1181,0.125,1.5353,0.342961
ppo,0,1,37,2.95923,12.3369,-1.91382,5.48463,-8.03625,-2.80336,20.5483,0.125,1.75803,0.342961
ppo,0,1,38,3.15875,12.7907,-1.82063,5.46512,-8.05432,-2.76123,20.9934,0.125,5.62208,0.342961
ppo,0,1,39,3.3703,13.2737,-1.74261,5.44686,-8.07359,-2.71971,21.4703,0.125,1.93011,0.342961
ppo,0,1,40,3.57422,13.7935,-1.66941,5.4277,-8.09045,-2.67777,21.9854,0.125,3.39619,0.342961
ppo,0,1,41,3.75792,14.3357,-1.58067,5.40847,-8.10615,-2.63496,22.5272,0.125,3.95969,0.342961
ppo,0,1,42,3.92449,14.8849,-1.46223,5.38918,-8.11937,-2.59414,23.0786,0.125,1.92154,0.342961
ppo,0,1,43,4.08868,15.4238,-1.31194,5.37073,-8.1307,-2.55474,23.6221,0.125,1.91648,0.342961
ppo,0,1,44,4.26563,15.94,-1.13823,5.35436,-8.13997,-2.51359,24.1437,0.125,4.29836,0.342961
ppo,0,1,45,4.47203,16.4436,-0.957767,5.34181,-8.14298,-2.46837,24.6483,0.125,1.25019,0.342961
ppo,0,1,46,4.7095,16.9521,-0.789339,5.33341,-8.1464,-2.42267,25.1593,0.125,3.49621,0.342961
ppo,0,1,47,4.96402,17.4808,-0.636395,5.32756,-8.14844,-2.37527,25.6908,0.125,1.72612,0.342961
ppo,0,1,48,5.2153,18.0403,-0.492841,5.32027,-8.15017,-2.32913,26.255,0.125,5.13726,0.342961
ppo,0,1,49,5.44812,18.6286,-0.336625,5.31006,-8.15045,-2.28561,26.8503,0.125,3.0486,0.342961
ppo,0,1,50,5.66356,19.2286,-0.148157,5.30372,-8.15124,-2.24439,27.4623,0.125,1.56744,0.342961
ppo,0,1,51,5.87924,19.8115,0.0741579,5.29671,-8.15169,-2.20383,28.0619,0.125,3.70705,0.342961
ppo,0,1,52,6.12125,20.3772,0.312261,5.28932,-8.14917,-2.16252,28.6456,0.125,4.10903,0.342961
ppo,0,1,53,6.39789,20.9371,0.546365,5.28232,-8.14458,-2.12561,29.2255,0.125,3.23425,0.342961
ppo,0,1,54,6.69897,21.517,0.766103,5.27655,-8.14195,-2.09306,29.8304,0.125,6.46362,0.342961
ppo,0,1,55,6.99819,22.13,0.971799,5.27254,-8.14093,-2.05836,30.4711,0.125,6.95963,0.342961
ppo,0,1,56,7.27807,22.7698,1.19009,5.26968,-8.14129,-2.02382,31.1425,0.125,7.36526,0.342961
ppo,0,1,57,7.53901,23.4175,1.43876,5.26991,-8.14474,-1.9934,31.8293,0.125,1.84098,0.342961
ppo,0,1,58,7.80597,24.0444,1.71707,5.27201,-8.14578,-1.96528,32.4991,0.125,5.67296,0.342961
ppo,0,1,59,8.10326,24.6572,2.00134,5.27377,-8.14849,-1.93766,33.1623,0.125,2.76515,0.342961
ppo,0,1,60,8.43154,25.2782,2.27063,5.27848,-8.15325,-1.91176,33.8393,0.125,1.93606,0.342961
ppo,0,1,61,8.76946,25.9293,2.52231,5.28286,-8.15643,-1.88762,34.5462,0.125,6.37634,0.342961
ppo,0,1,62,9.08981,26.6044,2.78204,5.28992,-8.15657,-1.86086,35.2749,0.125,8.69915,0.342961
ppo,0,1,63,9.39276,27.2847,3.07296,5.29439,-8.15488,-1.83454,36.0118,0.125,6.92517,0.342961
ppo,0,1,64,9.69893,27.9436,3.38973,5.30034,-8.14957,-1.81039,36.7301,0.125,8.47026,0.342961
ppo,0,1,65,10.0373,28.589,3.70983,5.30871,-8.14355,-1.79041,37.4418,0.125,9.42874,0.342961
ppo,0,1,66,10.4,29.2468,4.0144,5.31384,-8.14108,-1.76805,38.1727,0.125,8.64729,0.342961
ppo,0,1,67,10.7618,29.9346,4.3088,5.32247,-8.13741,-1.74478,38.9321,0.125,13.9747,0.342961
ppo,0,1,68,11.1046,30.6459,4.62076,5.33053,-8.13172,-1.72355,39.7152,0.125,6.76404,0.342961
ppo,0,1,69,11.4429,31.3511,4.96444,5.33713,-8.12493,-1.70069,40.4976,0.125,11.5139,0.342961
ppo,0,1,70,11.8044,32.037,5.32352,5.34767,-8.11614,-1.67921,41.2674,0.125,10.8781,0.342961
ppo,0,1,71,12.1996,32.7257,5.66917,5.36048,-8.10901,-1.6598,42.0471,0.125,2.9723,0.342961
ppo,0,1,72,12.6012,33.4415,5.99925,5.37189,-8.10626,-1.63735,42.8578,0.125,8.06222,0.342961
ppo,0,1,73,12.9846,34.1846,6.34081,5.38542,-8.10098,-1.61605,43.6936,0.125,6.21072,0.342961
ppo,0,1,74,13.3552,34.9233,6.71902,5.39969,-8.09503,-1.59582,44.531,0.125,5.28449,0.342961
ppo,0,1,75,13.7487,35.6426,7.11315,5.41593,-8.09192,-1.57899,45.3618,0.125,5.89834,0.342961
ppo,0,1,76,14.1739,36.3681,7.49457,5.42699,-8.09185,-1.55993,46.208,0.125,5.29018,0.342961
ppo,0,1,77,14.6013,37.1266,7.86274,5.4367,-8.09483,-1.54389,47.0898,0.125,15.3867,0.342961
ppo,0,1,78,15.0088,37.9082,8.24785,5.44788,-8.09613,-1.52802,47.9935,0.125,13.5589,0.342961
ppo,0,1,79,15.4122,38.6813,8.66591,5.46223,-8.09756,-1.51336,48.8966,0.125,14.0065,0.342961
ppo,0,1,80,15.8441,39.4365,9.094,5.47727,-8.09894,-1.49651,49.792,0.125,7.53651,0.342961
ppo,0,1,81,16.3039,40.2072,9.50353,5.49052,-8.09982,-1.48019,50.7064,0.125,14.4484,0.342961
ppo,0,1,82,16.756,41.0104,9.90812,5.50206,-8.10091,-1.46531,51.652,0.125,19.5446,0.342961
ppo,0,1,83,17.1893,41.8167,10.3418,5.51365,-8.10489,-1.45427,52.6083,0.125,11.8394,0.342961
ppo,0,1,84,17.637,42.607,10.7961,5.52449,-8.10998,-1.44236,53.5603,0.125,9.56359,0.342961
ppo,0,1,85,18.1197,43.3955,11.2372,5.53386,-8.11695,-1.43156,54.52,0.125,17.5941,0.342961
ppo,0,1,86,18.6068,44.2165,11.6661,5.54137,-8.12281,-1.41977,55.5099,0.125,21.9069,0.342961
ppo,0,1,87,19.0745,45.0543,12.1146,5.54901,-8.12787,-1.40632,56.5163,0.125,4.88948,0.342961
ppo,0,1,88,19.5498,45.8739,12.5951,5.56032,-8.13578,-1.38921,57.518,0.125,25.4159,0.342961
ppo,0,1,89,20.0596,46.6891,13.0761,5.57137,-8.14341,-1.37484,58.5265,0.125,16.8815,0.342961
ppo,0,1,90,20.5794,47.5323,13.537,5.58476,-8.1481,-1.35884,59.557,0.125,9.73366,0.342961
ppo,0,1,91,21.0765,48.3957,14.0167,5.5998,-8.15306,-1.34407,60.6073,0.125,21.3771,0.342961
ppo,0,1,92,21.575,49.2448,14.5267,5.61641,-8.15734,-1.33052,61.6534,0.125,16.4246,0.342961
ppo,0,1,93,22.1069,50.0865,15.0304,5.62957,-8.16461,-1.31928,62.7057,0.125,21.3343,0.342961
ppo,0,1,94,22.6481,50.9554,15.5203,5.6447,-8.17204,-1.31238,63.7849,0.125,2.83983,0.342961
ppo,0,1,95,23.1708,51.8458,16.0299,5.65721,-8.1811,-1.30617,64.8883,0.125,16.9001,0.342961
ppo,0,1,96,23.6995,52.7174,16.5665,5.6669,-8.18856,-1.29988,65.9843,0.125,24.3978,0.342961
ppo,0,1,97,24.2614,53.5867,17.0916,5.68068,-8.19311,-1.29402,67.0822,0.125,19.0055,0.342961
ppo,0,1,98,24.8238,54.4886,17.6023,5.69308,-8.1969,-1.28496,68.2069,0.125,15.1162,0.342961
ppo,0,1,99,25.3682,55.4017,18.1378,5.70589,-8.19943,-1.27688,69.3444,0.125,16.8893,0.342961
ppo,0,1,100,25.9302,56.2933,18.6955,5.71907,-8.20172,-1.26753,70.4742,0.125,34.2482,0.342961
ppo,0,1,101,26.5204,57.197,19.234,5.7302,-8.20636,-1.2561,71.6217,0.125,17.9419,0.342961
ppo,0,1,102,27.0959,58.1305,19.7766,5.73965,-8.21195,-1.24642,72.7968,0.125,9.4566,0.342961
ppo,0,1,103,27.6661,59.0553,20.352,5.74603,-8.21557,-1.23525,73.9721,0.125,33.1521,0.342961
ppo,0,1,104,28.2693,59.9664,20.9291,5.75207,-8.21974,-1.22155,75.1467,0.125,15.7641,0.342961
ppo,0,1,105,28.8795,60.9086,21.4905,5.75983,-8.22642,-1.2092,76.3508,0.125,56.8354,0.342961
ppo,0,1,106,29.4686,61.8602,22.075,5.77002,-8.23182,-1.19545,77.5631,0.125,32.7911,0.342961
ppo,0,1,107,30.0791,62.791,22.6793,5.77892,-8.23863,-1.1836,78.7728,0.125,18.9391,0.342961
ppo,0,1,108,30.718,63.7359,23.2661,5.7881,-8.24532,-1.17,79.9995,0.125,46.7409,0.342961
ppo,0,1,109,31.3411,64.7105,23.8552,5.79738,-8.2544,-1.15734,81.2526,0.125,37.6812,0.342961
ppo,0,1,110,31.9659,65.6709,24.4778,5.8048,-8.26199,-1.14665,82.5051,0.125,11.4805,0.342961
ppo,0,1,111,32.6256,66.6299,25.0898,5.81468,-8.2708,-1.13482,83.7655,0.125,40.3238,0.342961
ppo,0,1,112,33.278,67.6228,25.6944,5.82423,-8.28036,-1.12252,85.0538,0.125,11.1643,0.342961
ppo,0,1,113,33.92,68.6106,26.3289,5.83436,-8.29064,-1.10997,86.3453,0.125,4.71996,0.342961
ppo,0,1,114,34.5942,69.5855,26.9662,5.8435,-8.2991,-1.09756,87.6367,0.125,44.7873,0.342961
ppo,0,1,115,35.2744,70.5896,27.5853,5.85351,-8.3062,-1.08233,88.9493,0.125,34.2528,0.342961
ppo,0,1,116,35.9357,71.5981,28.2364,5.86294,-8.31476,-1.06678,90.2725,0.125,14.6764,0.342961
ppo,0,1,117,36.6232,72.5877,28.8924,5.86832,-8.32414,-1.05457,91.5937,0.125,29.7254,0.342961
ppo,0,1,118,37.3214,73.6054,29.5306,5.87272,-8.33425,-1.04288,92.9401,0.125,14.3939,0.342961
ppo,0,1,119,38.0002,74.6334,30.1932,5.87619,-8.34286,-1.03131,94.2973,0.125,25.9659,0.342961
ppo,0,1,120,38.7101,75.6423,30.8685,5.88064,-8.35044,-1.02262,95.6535,0.125,65.7436,0.342961
ppo,0,1,121,39.4298,76.6795,31.5251,5.88383,-8.36271,-1.01207,97.037,0.125,16.3286,0.342961
ppo,0,1,122,40.1292,77.7263,32.2105,5.8868,-8.37143,-1.00397,98.4305,0.125,16.6113,0.342961
ppo,0,1,123,40.8536,78.755,32.908,5.88867,-8.38144,-0.992323,99.8225,0.125,30.9063,0.342961
ppo,0,1,124,41.5847,79.8139,33.5882,5.88976,-8.39207,-0.979026,101.239,0.125,51.1728,0.342961
ppo,0,1,125,42.3006,80.8819,34.2979,5.8916,-8.40008,-0.967334,102.667,0.125,11.6334,0.342961
ppo,0,1,126,43.0438,81.9373,35.0165,5.89521,-8.40715,-0.954762,104.096,0.125,29.7055,0.342961
ppo,0,1,127,43.7921,83.0191,35.7203,5.89859,-8.41558,-0.946762,105.549,0.125,21.2602,0.342961
ppo,0,1,128,44.5265,84.0996,36.4538,5.90345,-8.42145,-0.941122,107.006,0.125,10.7576,0.342961
ppo,0,1,129,45.2946,85.1689,37.1799,5.90859,-8.42678,-0.934613,108.463,0.125,50.2442,0.342961
ppo,0,1,130,46.0574,86.2701,37.8999,5.91261,-8.43041,-0.929804,109.943,0.125,60.2061,0.342961
ppo,0,1,131,46.8172,87.3657,38.6518,5.92012,-8.4355,-0.927675,111.432,0.125,102.963,0.342961
ppo,0,1,132,47.6094,88.4603,39.3936,5.9301,-8.44405,-0.92671,112.931,0.125,48.6674,0.342961
ppo,0,1,133,48.3877,89.5851,40.1419,5.94416,-8.45253,-0.924749,114.452,0.125,51.2277,0.342961
ppo,0,1,134,49.1763,90.6862,40.9208,5.96102,-8.46434,-0.921358,115.97,0.125,89.3982,0.342961
ppo,0,1,135,49.9884,91.8034,41.6796,5.98034,-8.47656,-0.918168,117.505,0.125,59.5152,0.342961
ppo,0,1,136,50.7802,92.9317,42.4604,5.99798,-8.48978,-0.916066,119.052,0.125,46.3222,0.342961
ppo,0,1,137,51.5991,94.0431,43.2509,6.01339,-8.50299,-0.916207,120.601,0.125,64.8883,0.342961
ppo,0,1,138,52.4213,95.1814,44.0294,6.02691,-8.51666,-0.914211,122.171,0.125,57.2993,0.342961
ppo,0,1,139,53.2403,96.3136,44.8419,6.0421,-8.53245,-0.912095,123.749,0.125,15.3844,0.342961
ppo,0,1,140,54.0874,97.4449,45.6415,6.0571,-8.54775,-0.907547,125.332,0.125,61.6926,0.342961
ppo,0,1,141,54.917,98.6088,46.4487,6.07208,-8.56308,-0.902679,126.94,0.125,64.7564,0.342961
ppo,0,1,142,55.7627,99.7523,47.281,6.08723,-8.58081,-0.898753,128.55,0.125,52.5859,0.342961
ppo,0,1,143,56.6194,100.923,48.0965,6.10312,-8.59589,-0.896852,130.179,0.125,69.9119,0.342961
ppo,0,1,144,57.4616,102.096,48.9429,6.1177,-8.61048,-0.893085,131.817,0.125,96.9247,0.342961
ppo,0,1,145,58.3353,103.262,49.7844,6.12961,-8.62783,-0.890597,133.464,0.125,120.373,0.342961
ppo,0,1,146,59.1907,104.462,50.6323,6.14032,-8.64539,-0.888916,135.137,0.125,45.7982,0.342961
ppo,0,1,147,60.0601,105.644,51.5063,6.15038,-8.66392,-0.888998,136.813,0.125,70.7359,0.342961
ppo,0,1,148,60.938,106.852,52.3621,6.15847,-8.67999,-0.887765,138.506,0.125,107.779,0.342961
ppo,0,1,149,61.8035,108.06,53.2529,6.16784,-8.69448,-0.889619,140.208,0.125,24.7242,0.342961
ppo,0,1,150,62.7058,109.269,54.1318,6.17503,-8.70998,-0.890463,141.923,0.125,117.805,0.342961
ppo,0,1,151,63.5914,110.505,55.0195,6.18556,-8.72685,-0.891741,143.658,0.125,34.4432,0.342961
ppo,0,1,152,64.5014,111.723,55.9239,6.19532,-8.74246,-0.892402,145.395,0.125,131.634,0.342961
ppo,0,1,153,65.4133,112.973,56.8163,6.20257,-8.76004,-0.889902,147.156,0.125,76.9585,0.342961
ppo,0,1,154,66.3245,114.212,57.741,6.21047,-8.77883,-0.885339,148.921,0.125,100.075,0.342961
ppo,0,1,155,67.2624,115.467,58.6458,6.22022,-8.79494,-0.882255,150.701,0.125,38.9947,0.342961
ppo,0,1,156,68.1834,116.732,59.5776,6.22882,-8.81178,-0.88256,152.496,0.125,68.8841,0.342961
ppo,0,1,157,69.1373,117.988,60.5073,6.23718,-8.82628,-0.883003,154.296,0.125,84.9147,0.342961
ppo,0,1,158,70.0733,119.271,61.4436,6.24183,-8.83707,-0.886278,156.113,0.125,101.338,0.342961
ppo,0,1,159,71.0335,120.533,62.3972,6.24464,-8.84763,-0.89105,157.931,0.125,135.444,0.342961
ppo,0,1,160,71.9898,121.827,63.3359,6.24545,-8.85601,-0.894665,159.768,0.125,59.5891,0.342961
ppo,0,1,161,72.9465,123.107,64.3058,6.24822,-8.86391,-0.897713,161.606,0.125,50.2401,0.342961
ppo,0,1,162,73.9213,124.408,65.2576,6.2483,-8.86906,-0.901737,163.46,0.125,86.4019,0.342961
ppo,0,1,163,74.8831,125.708,66.2394,6.25107,-8.8753,-0.904544,165.322,0.125,142.041,0.342961
ppo,0,1,164,75.8761,127.015,67.2049,6.25521,-8.88552,-0.909162,167.199,0.125,170.515,0.342961
ppo,0,1,165,76.8477,128.335,68.1927,6.25581,-8.89634,-0.912263,169.089,0.125,83.8293,0.342961
ppo,0,1,166,77.8524,129.645,69.1775,6.25794,-8.90728,-0.917204,170.985,0.125,242.982,0.342961
ppo,0,1,167,78.8363,130.985,70.1733,6.25667,-8.91791,-0.921719,172.902,0.125,61.7708,0.342961
ppo,0,1,168,79.8494,132.309,71.1815,6.25612,-8.92736,-0.928035,174.824,0.125,199.121,0.342961
ppo,0,1,169,80.8501,133.667,72.1889,6.25324,-8.93836,-0.934122,176.771,0.125,122.951,0.342961
ppo,0,1,170,81.8739,135.006,73.2149,6.24803,-8.94912,-0.94115,178.722,0.125,202.254,0.342961
ppo,0,1,171,82.8962,136.379,74.2329,6.24416,-8.96227,-0.946289,180.697,0.125,58.9554,0.342961
ppo,0,1,172,83.9331,137.733,75.2765,6.23884,-8.97546,-0.951169,182.676,0.125,138.709,0.342961
ppo,0,1,173,84.973,139.118,76.3032,6.23354,-8.98602,-0.95641,184.672,0.125,106.566,0.342961
ppo,0,1,174,86.0184,140.484,77.3585,6.22814,-8.99553,-0.958376,186.666,0.125,37.1469,0.342961
ppo,0,1,175,87.0723,141.879,78.3961,6.22623,-9.00332,-0.960176,188.677,0.125,45.9065,0.342961
ppo,0,1,176,88.1262,143.26,79.4718,6.22628,-9.01292,-0.962092,190.694,0.125,136.757,0.342961
ppo,0,1,177,89.1955,144.664,80.5278,6.22694,-9.02657,-0.967673,192.733,0.125,29.1531,0.342961
ppo,0,1,178,90.2617,146.058,81.62,6.22759,-9.04022,-0.973195,194.779,0.125,57.425,0.342961
ppo,0,1,179,91.3478,147.474,82.6944,6.22555,-9.0553,-0.977563,196.846,0.125,207.557,0.342961
ppo,0,1,180,92.4208,148.884,83.8037,6.22089,-9.07247,-0.981967,198.92,0.125,72.8511,0.342961
ppo,0,1,181,93.5137,150.313,84.8956,6.21706,-9.09016,-0.984346,201.011,0.125,110.255,0.342961
ppo,0,1,182,94.6041,151.731,86.0206,6.2138,-9.10623,-0.985184,203.104,0.125,318.622,0.342961
ppo,0,1,183,95.7141,153.174,87.1228,6.21249,-9.12281,-0.98794,205.218,0.125,277.616,0.342961
ppo,0,1,184,96.8186,154.607,88.2607,6.20812,-9.13901,-0.987162,207.336,0.125,278.14,0.342961
ppo,0,1,185,97.9395,156.064,89.3778,6.20158,-9.1598,-0.987141,209.477,0.125,22.3852,0.342961
ppo,0,1,186,99.0615,157.511,90.5316,6.19405,-9.18178,-0.988497,211.629,0.125,220.065,0.342961
ppo,0,1,187,100.197,158.987,91.6667,6.18362,-9.20214,-0.990073,213.802,0.125,170.759,0.342961
ppo,0,1,188,101.335,160.449,92.8362,6.17084,-9.22482,-0.991499,215.984,0.125,112.296,0.342961
ppo,0,1,189,102.48,161.943,93.9873,6.15998,-9.2442,-0.991382,218.182,0.125,48.5985,0.342961
ppo,0,1,190,103.639,163.415,95.165,6.14937,-9.25986,-0.991697,220.379,0.125,224.641,0.342961
ppo,0,1,191,104.79,164.919,96.3308,6.14127,-9.27241,-0.990201,222.588,0.125,160.755,0.342961
ppo,0,1,192,105.961,166.403,97.5189,6.13307,-9.28407,-0.982904,224.798,0.125,212.417,0.342961
ppo,0,1,193,107.12,167.918,98.7038,6.12446,-9.2966,-0.97291,227.026,0.125,144.516,0.342961
ppo,0,1,194,108.307,169.416,99.8987,6.11718,-9.30751,-0.961722,229.255,0.125,52.144,0.342961
ppo,0,1,195,109.472,170.944,101.098,6.11091,-9.31546,-0.951133,231.497,0.125,319.213,0.342961
ppo,0,1,196,110.668,172.464,102.292,6.10158,-9.32398,-0.940318,233.748,0.125,131.886,0.342961
ppo,0,1,197,111.845,174.003,103.511,6.09578,-9.33327,-0.934552,236.017,0.125,186.949,0.342961
ppo,0,1,198,113.056,175.545,104.715,6.09122,-9.34583,-0.926297,238.299,0.125,200.015,0.342961
ppo,0,1,199,114.253,177.09,105.953,6.0874,-9.35794,-0.918514,240.591,0.125,194.978,0.342961
ppo,0,1,200,115.472,178.655,107.174,6.08157,-9.36864,-0.910197,242.902,0.125,199.165,0.342961
ppo,0,1,201,116.692,180.205,108.425,6.0762,-9.37707,-0.903078,245.213,0.125,207.463,0.342961
ppo,0,1,202,117.913,181.786,109.665,6.06913,-9.38443,-0.894813,247.545,0.125,245.281,0.342961
ppo,0,1,203,119.151,183.349,110.925,6.06102,-9.3913,-0.884449,249.879,0.125,434.696,0.342961
ppo,0,1,204,120.375,184.944,112.189,6.05602,-9.39898,-0.876666,252.234,0.125,249.743,0.342961
ppo,0,1,205,121.633,186.527,113.453,6.05351,-9.40517,-0.864589,254.591,0.125,335.245,0.342961
ppo,0,1,206,122.871,188.125,114.742,6.05166,-9.40914,-0.850344,256.959,0.125,45.7596,0.342961
ppo,0,1,207,124.139,189.732,116.013,6.05086,-9.4132,-0.83797,259.341,0.125,228.756,0.342961
ppo,0,1,208,125.399,191.333,117.316,6.05229,-9.41361,-0.825028,261.726,0.125,255.836,0.342961
ppo,0,1,209,126.671,192.964,118.603,6.05163,-9.41622,-0.81256,264.134,0.125,367.893,0.342961
ppo,0,1,210,127.96,194.574,119.91,6.05462,-9.4176,-0.800336,266.542,0.125,92.2047,0.342961
ppo,0,1,211,129.233,196.214,121.222,6.05834,-9.41911,-0.791659,268.969,0.125,112.023,0.342961
ppo,0,1,212,130.541,197.846,122.528,6.06191,-9.42158,-0.784505,271.405,0.125,351.678,0.342961
ppo,0,1,213,131.831,199.487,123.86,6.06912,-9.42653,-0.776994,273.853,0.125,143.554,0.342961
ppo,0,1,214,133.141,201.15,125.174,6.07399,-9.42968,-0.773384,276.32,0.125,145.856,0.342961
ppo,0,1,215,134.457,202.793,126.516,6.07767,-9.43145,-0.769351,278.787,0.125,45.6556,0.342961
ppo,0,1,216,135.761,204.465,127.853,6.08238,-9.43372,-0.76548,281.268,0.125,136.902,0.342961
ppo,0,1,217,137.094,206.124,129.189,6.0891,-9.43576,-0.758979,283.751,0.125,315.111,0.342961
ppo,0,1,218,138.408,207.792,130.554,6.09761,-9.43773,-0.753022,286.245,0.125,77.0666,0.342961
ppo,0,1,219,139.745,209.48,131.899,6.10512,-9.4396,-0.74667,288.757,0.125,294.755,0.342961
ppo,0,1,220,141.095,211.15,133.273,6.11122,-9.43919,-0.740339,291.273,0.125,181.847,0.342961
ppo,0,1,221,142.426,212.854,134.646,6.11752,-9.43683,-0.732466,293.804,0.125,379.666,0.342961
ppo,0,1,222,143.792,214.553,136.014,6.12503,-9.43457,-0.72578,296.345,0.125,404.936,0.342961
ppo,0,1,223,145.14,216.252,137.41,6.1348,-9.42946,-0.716948,298.888,0.125,317.897,0.342961
ppo,0,1,224,146.5,217.977,138.789,6.14107,-9.42277,-0.705598,301.447,0.125,103.517,0.342961
ppo,0,1,225,147.885,219.683,140.187,6.14554,-9.4145,-0.69374,304.012,0.125,475.919,0.342961
ppo,0,1,226,149.251,221.415,141.596,6.14913,-9.40402,-0.683245,306.592,0.125,221.628,0.342961
ppo,0,1,227,150.646,223.156,142.988,6.15412,-9.39258,-0.674441,309.185,0.125,278.248,0.342961
ppo,0,1,228,152.045,224.882,144.411,6.15458,-9.38622,-0.665239,311.789,0.125,377.632,0.342961
ppo,0,1,229,153.432,226.645,145.829,6.15213,-9.37894,-0.65406,314.413,0.125,301.219,0.342961
ppo,0,1,230,154.855,228.397,147.242,6.14858,-9.36905,-0.646133,317.044,0.125,371.495,0.342961
ppo,0,1,231,156.265,230.146,148.687,6.14543,-9.35711,-0.64179,319.682,0.125,53.0033,0.342961
ppo,0,1,232,157.678,231.927,150.117,6.14219,-9.34131,-0.640111,322.337,0.125,337.34,0.342961
ppo,0,1,233,159.121,233.696,151.557,6.13763,-9.32403,-0.635916,325,0.125,268.13,0.342961
ppo,0,1,234,160.543,235.475,153.024,6.13254,-9.30696,-0.631167,327.675,0.125,105.488,0.342961
ppo,0,1,235,161.98,237.278,154.475,6.12641,-9.2893,-0.625595,330.366,0.125,251.635,0.342961
ppo,0,1,236,163.439,239.06,155.945,6.11994,-9.27325,-0.616774,333.061,0.125,405.047,0.342961
ppo,0,1,237,164.878,240.86,157.431,6.11047,-9.25658,-0.605694,335.769,0.125,350.009,0.342961
ppo,0,1,238,166.345,242.677,158.899,6.10172,-9.24066,-0.597349,338.496,0.125,362.081,0.342961
ppo,0,1,239,167.83,244.475,160.389,6.09532,-9.22359,-0.591036,341.227,0.125,319.95,0.342961
ppo,0,1,240,169.293,246.295,161.896,6.09002,-9.20352,-0.585839,343.97,0.125,293.519,0.342961
ppo,0,1,241,170.783,248.131,163.384,6.08011,-9.18134,-0.578101,346.728,0.125,300.483,0.342961
ppo,0,1,242,172.288,249.948,164.896,6.06909,-9.1623,-0.572527,349.495,0.125,402.573,0.342961
ppo,0,1,243,173.774,251.79,166.425,6.0582,-9.14199,-0.567987,352.279,0.125,132.922,0.342961
ppo,0,1,244,175.282,253.652,167.937,6.04989,-9.12083,-0.559108,355.077,0.125,352.317,0.342961
ppo,0,1,245,176.811,255.491,169.467,6.04259,-9.09689,-0.54872,357.874,0.125,271.932,0.342961
ppo,0,1,246,178.318,257.349,171.019,6.03699,-9.07376,-0.537282,360.684,0.125,324.444,0.342961
ppo,0,1,247,179.845,259.235,172.553,6.03254,-9.04443,-0.527397,363.512,0.125,379.608,0.342961
ppo,0,1,248,181.398,261.102,174.102,6.02814,-9.01315,-0.516947,366.345,0.125,348.684,0.342961
ppo,0,1,249,182.931,262.982,175.676,6.02225,-8.98142,-0.508608,369.19,0.125,423.887,0.342961
ppo,0,1,250,184.469,264.892,177.231,6.01508,-8.95068,-0.495904,372.051,0.125,632.511,0.342961
ppo,0,1,251,186.039,266.787,178.79,6.00691,-8.91824,-0.481726,374.917,0.125,201.522,0.342961
ppo,0,1,252,187.598,268.682,180.381,6.00137,-8.88563,-0.467861,377.793,0.125,626.907,0.342961
ppo,0,1,253,189.156,270.615,181.962,5.99605,-8.84936,-0.454541,380.689,0.125,321.846,0.342961
ppo,0,1,254,190.746,272.545,183.535,5.99135,-8.81461,-0.442541,383.595,0.125,220.955,0.342961
ppo,0,1,255,192.339,274.463,185.136,5.98595,-8.77757,-0.430294,386.506,0.125,286.453,0.342961
ppo,0,1,256,193.918,276.41,186.749,5.98191,-8.74124,-0.41477,389.438,0.125,562.561,0.342961
ppo,0,1,257,195.52,278.378,188.344,5.98014,-8.70349,-0.399797,392.384,0.125,529.36,0.342961
ppo,0,1,258,197.146,280.326,189.955,5.97728,-8.66678,-0.384933,395.337,0.125,396.092,0.342961
ppo,0,1,259,198.756,282.282,191.598,5.97498,-8.62927,-0.37224,398.304,0.125,331.981,0.342961
ppo,0,1,260,200.365,284.273,193.229,5.97421,-8.58814,-0.361828,401.289,0.125,387.231,0.342961
ppo,0,1,261,202.011,286.259,194.851,5.9732,-8.54647,-0.351944,404.284,0.125,426.577,0.342961
ppo,0,1,262,203.662,288.229,196.505,5.97366,-8.50798,-0.343746,407.287,0.125,692.227,0.342961
ppo,0,1,263,205.296,290.22,198.169,5.97655,-8.4705,-0.335888,410.303,0.125,771.193,0.342961
ppo,0,1,264,206.948,292.236,199.816,5.98238,-8.43401,-0.324163,413.335,0.125,750.174,0.342961
ppo,0,1,265,208.631,294.234,201.473,5.98698,-8.39958,-0.314816,416.377,0.125,700.81,0.342961
ppo,0,1,266,210.302,296.226,203.159,5.99209,-8.36239,-0.306019,419.422,0.125,636.726,0.342961
ppo,0,1,267,211.965,298.25,204.844,5.99867,-8.32738,-0.299544,422.487,0.125,787.052,0.342961
ppo,0,1,268,213.658,300.286,206.513,6.00425,-8.29536,-0.292531,425.571,0.125,189.667,0.342961
ppo,0,1,269,215.373,302.305,208.2,6.00964,-8.26528,-0.287125,428.665,0.125,259.455,0.342961
ppo,0,1,270,217.073,304.324,209.92,6.01416,-8.23711,-0.28505,431.771,0.125,519.925,0.342961
ppo,0,1,271,218.764,306.375,211.636,6.0196,-8.2093,-0.286862,434.896,0.125,309.424,0.342961
ppo,0,1,272,220.484,308.437,213.335,6.03078,-8.181,-0.289977,438.033,0.125,497.449,0.342961
ppo,0,1,273,222.225,310.483,215.05,6.03954,-8.15053,-0.292263,441.175,0.125,594.093,0.342961
ppo,0,1,274,223.948,312.533,216.794,6.0467,-8.1229,-0.295711,444.329,0.125,690.226,0.342961
ppo,0,1,275,225.66,314.616,218.538,6.05183,-8.09725,-0.301789,447.507,0.125,526.403,0.342961
ppo,0,1,276,227.397,316.715,220.263,6.05561,-8.07231,-0.310569,450.701,0.125,552.292,0.342961
ppo,0,1,277,229.157,318.795,222.002,6.05779,-8.04828,-0.320282,453.901,0.125,760.447,0.342961
ppo,0,1,278,230.91,320.874,223.776,6.05964,-8.02486,-0.332333,457.118,0.125,560.837,0.342961
ppo,0,1,279,232.647,322.982,225.554,6.06405,-7.99667,-0.344273,460.344,0.125,575.26,0.342961
ppo,0,1,280,234.402,325.113,227.314,6.06468,-7.96955,-0.356929,463.591,0.125,320.827,0.342961
ppo,0,1,281,236.191,327.234,229.075,6.06641,-7.94114,-0.367333,466.844,0.125,553.279,0.342961
ppo,0,1,282,237.982,329.338,230.864,6.06358,-7.91467,-0.379523,470.105,0.125,504.458,0.342961
ppo,0,1,283,239.751,331.46,232.676,6.06298,-7.88776,-0.392483,473.379,0.125,615.706,0.342961
ppo,0,1,284,241.519,333.607,234.475,6.05871,-7.86421,-0.405491,476.669,0.125,938.732,0.342961
ppo,0,1,285,243.318,335.765,236.262,6.05557,-7.84361,-0.419114,479.977,0.125,830.382,0.342961
ppo,0,1,286,245.143,337.903,238.071,6.04997,-7.82377,-0.433354,483.298,0.125,241.061,0.342961
ppo,0,1,287,246.958,340.038,239.913,6.04575,-7.80829,-0.446083,486.63,0.125,835.645,0.342961
ppo,0,1,288,248.755,342.198,241.767,6.03931,-7.78955,-0.4578,489.975,0.125,590.654,0.342961
ppo,0,1,289,250.561,344.384,243.605,6.03245,-7.77362,-0.470586,493.338,0.125,254.457,0.342961
ppo,0,1,290,252.402,346.571,245.432,6.02774,-7.76209,-0.483942,496.716,0.125,206.095,0.342961
ppo,0,1,291,254.265,348.737,247.282,6.02412,-7.7492,-0.495494,500.1,0.125,894.403,0.342961
ppo,0,1,292,256.115,350.901,249.164,6.01992,-7.73499,-0.506281,503.49,0.125,293.919,0.342961
ppo,0,1,293,257.947,353.094,251.057,6.01758,-7.71874,-0.517164,506.896,0.125,888.608,0.342961
ppo,0,1,294,259.789,355.32,252.933,6.01769,-7.69992,-0.529416,510.32,0.125,562.766,0.342961
ppo,0,1,295,261.666,357.551,254.794,6.01876,-7.68254,-0.544773,513.759,0.125,608.537,0.342961
ppo,0,1,296,263.57,359.765,256.669,6.01845,-7.66697,-0.562293,517.211,0.125,555.866,0.342961
ppo,0,1,297,265.472,361.966,258.574,6.01713,-7.65337,-0.579757,520.669,0.125,532.597,0.342961
ppo,0,1,298,267.352,364.185,260.502,6.01538,-7.63837,-0.600807,524.142,0.125,698.755,0.342961
ppo,0,1,299,269.222,366.435,262.422,6.01374,-7.6261,-0.621584,527.629,0.125,920.269,0.342961
ppo,0,2,0,0,0,0,1.65237,-0.994221,10.217,10.3974,0.125,1.47213,0.535439
ppo,0,2,1,0.0211433,0.0192204,-0.019025,1.63936,-0.924046,10.2067,10.3958,0.125,0.827402,0.535439
ppo,0,2,2,0.0600874,0.0580793,-0.0596303,1.62415,-0.85154,10.195,10.413,0.125,0.412332,0.535439
ppo,0,2,3,0.120603,0.115025,-0.121541,1.60392,-0.778827,10.1795,10.4456,0.125,1.1343,0.535439
ppo,0,2,4,0.198975,0.191567,-0.205699,1.58541,-0.706832,10.1619,10.4984,0.125,0.829384,0.535439
ppo,0,2,5,0.293385,0.290515,-0.312522,1.56377,-0.636428,10.1407,10.5708,0.125,0.305074,0.535439
ppo,0,2,6,0.399256,0.416779,-0.43948,1.53739,-0.566569,10.1219,10.668,0.125,0.491071,0.535439
ppo,0,2,7,0.517723,0.5731,-0.584878,1.51242,-0.49649,10.1018,10.7861,0.125,0.902963,0.535439
ppo,0,2,8,0.642993,0.761703,-0.750752,1.48458,-0.427005,10.0806,10.9288,0.125,0.984934,0.535439
ppo,0,2,9,0.773406,0.982972,-0.937003,1.45573,-0.359026,10.0582,11.0978,0.125,1.50928,0.535439
ppo,0,2,10,0.904478,1.23466,-1.13994,1.4261,-0.292554,10.0323,11.2882,0.125,0.167753,0.535439
ppo,0,2,11,1.03426,1.51784,-1.35425,1.39298,-0.228628,10.0036,11.4969,0.125,1.17662,0.535439
ppo,0,2,12,1.1554,1.83574,-1.57412,1.3591,-0.161757,9.97765,11.725,0.125,1.33194,0.535439
ppo,0,2,13,1.26436,2.18466,-1.79338,1.32379,-0.0988391,9.94983,11.9633,0.125,1.04641,0.535439
ppo,0,2,14,1.35596,2.56579,-2.00854,1.28552,-0.0385729,9.91868,12.2084,0.125,1.32755,0.535439
ppo,0,2,15,1.42598,2.9734,-2.21196,1.24459,0.021289,9.88723,12.4554,0.125,0.953669,0.535439
ppo,0,2,16,1.47445,3.40236,-2.39855,1.19694,0.0791167,9.85525,12.6995,0.125,1.86651,0.535439
ppo,0,2,17,1.50569,3.84719,-2.56213,1.14709,0.133977,9.82241,12.9342,0.125,1.63334,0.535439
ppo,0,2,18,1.51972,4.30003,-2.69575,1.09576,0.186097,9.79063,13.1535,0.125,0.926994,0.535439
ppo,0,2,19,1.52059,4.75015,-2.79625,1.04222,0.237507,9.75929,13.3504,0.125,1.50456,0.535439
ppo,0,2,20,1.51704,5.18912,-2.86331,0.985715,0.286574,9.7293,13.5237,0.125,0.805593,0.535439
ppo,0,2,21,1.52169,5.61287,-2.90052,0.929763,0.335073,9.69835,13.6725,0.125,1.63047,0.535439
ppo,0,2,22,1.53956,6.01827,-2.90998,0.871742,0.383358,9.66675,13.7975,0.125,2.12389,0.535439
ppo,0,2,23,1.58114,6.40316,-2.90185,0.812398,0.428945,9.63554,13.9093,0.125,3.16127,0.535439
ppo,0,2,24,1.64906,6.76521,-2.88809,0.7521,0.468054,9.6076,14.0214,0.125,0.925507,0.535439
ppo,0,2,25,1.74832,7.12162,-2.88012,0.693721,0.503769,9.58008,14.148,0.125,1.07477,0.535439
ppo,0,2,26,1.87909,7.47759,-2.88594,0.637669,0.537295,9.55455,14.2995,0.125,1.9229,0.535439
ppo,0,2,27,2.03536,7.8461,-2.91194,0.580248,0.569012,9.53328,14.4899,0.125,1.08416,0.535439
ppo,0,2,28,2.20947,8.23636,-2.95542,0.524139,0.601,9.51413,14.7183,0.125,2.33707,0.535439
ppo,0,2,29,2.38467,8.65803,-3.01442,0.465113,0.630459,9.49346,14.9858,0.125,1.59385,0.535439
ppo,0,2,30,2.54916,9.11652,-3.07501,0.403332,0.659139,9.47483,15.285,0.125,1.54907,0.535439
ppo,0,2,31,2.69848,9.60242,-3.12989,0.33993,0.685695,9.45702,15.6045,0.125,1.23706,0.535439
ppo,0,2,32,2.83264,10.103,-3.16222,0.274729,0.710547,9.44323,15.9267,0.125,1.06181,0.535439
ppo,0,2,33,2.95026,10.6092,-3.16658,0.211349,0.733585,9.43256,16.2409,0.125,3.10536,0.535439
ppo,0,2,34,3.06183,11.1054,-3.13709,0.144872,0.754182,9.42314,16.5353,0.125,1.7624,0.535439
ppo,0,2,35,3.18548,11.5837,-3.08124,0.078877,0.772568,9.41517,16.8134,0.125,1.77503,0.535439
ppo,0,2,36,3.33264,12.0466,-3.01418,0.0121198,0.79231,9.40765,17.0876,0.125,2.25174,0.535439
ppo,0,2,37,3.51048,12.4989,-2.94844,-0.0550041,0.806704,9.4005,17.3758,0.125,1.35167,0.535439
ppo,0,2,38,3.7203,12.9557,-2.89569,-0.116996,0.819794,9.3941,17.693,0.125,3.45135,0.535439
ppo,0,2,39,3.94757,13.4304,-2.86459,-0.179381,0.828538,9.39038,18.0561,0.125,1.75891,0.535439
ppo,0,2,40,4.17538,13.9364,-2.84987,-0.244464,0.832123,9.38815,18.4669,0.125,1.57984,0.535439
ppo,0,2,41,4.38931,14.4724,-2.82906,-0.307301,0.83599,9.38907,18.9022,0.125,3.27305,0.535439
ppo,0,2,42,4.58277,15.0287,-2.79004,-0.370626,0.838597,9.39039,19.3457,0.125,1.58601,0.535439
ppo,0,2,43,4.76051,15.589,-2.71732,-0.431599,0.841317,9.3953,19.778,0.125,3.10155,0.535439
ppo,0,2,44,4.94273,16.1354,-2.61604,-0.492397,0.845191,9.39957,20.1917,0.125,1.39807,0.535439
ppo,0,2,45,5.14792,16.6623,-2.49488,-0.551594,0.852196,9.40558,20.5929,0.125,5.69781,0.535439
ppo,0,2,46,5.38521,17.1742,-2.37759,-0.609675,0.858419,9.41257,21.0036,0.125,4.66757,0.535439
ppo,0,2,47,5.65184,17.6961,-2.28187,-0.669249,0.86559,9.42151,21.4521,0.125,2.40118,0.535439
ppo,0,2,48,5.93279,18.2452,-2.20519,-0.726104,0.873511,9.43315,21.9447,0.125,3.00681,0.535439
ppo,0,2,49,6.20358,18.8243,-2.13126,-0.783139,0.883073,9.44578,22.4662,0.125,3.85396,0.535439
ppo,0,2,50,6.45127,19.4266,-2.03962,-0.839314,0.888827,9.46206,23.0019,0.125,3.25028,0.535439
ppo,0,2,51,6.69035,20.0268,-1.91439,-0.899081,0.893755,9.47911,23.5263,0.125,6.01667,0.535439
ppo,0,2,52,6.93822,20.6124,-1.75712,-0.960256,0.897293,9.49677,24.0359,0.125,1.99515,0.535439
ppo,0,2,53,7.21592,21.1843,-1.58865,-1.02033,0.901054,9.51606,24.5471,0.125,3.27609,0.535439
ppo,0,2,54,7.52336,21.7562,-1.4311,-1.08079,0.901809,9.53393,25.0832,0.125,5.7077,0.535439
ppo,0,2,55,7.84672,22.3543,-1.2954,-1.14007,0.900002,9.55615,25.6672,0.125,3.58706,0.535439
ppo,0,2,56,8.16208,22.9875,-1.16415,-1.19959,0.896917,9.57656,26.2868,0.125,3.94738,0.535439
ppo,0,2,57,8.45831,23.6435,-1.01152,-1.25903,0.894683,9.60031,26.9174,0.125,6.15107,0.535439
ppo,0,2,58,8.74725,24.296,-0.822731,-1.31672,0.88904,9.62478,27.5376,0.125,2.84619,0.535439
ppo,0,2,59,9.05327,24.9298,-0.610793,-1.37486,0.884379,9.64929,28.146,0.125,5.13012,0.535439
ppo,0,2,60,9.39145,25.5515,-0.405247,-1.43401,0.878845,9.67527,28.7671,0.125,3.71482,0.535439
ppo,0,2,61,9.75413,26.1851,-0.222657,-1.48728,0.874715,9.70563,29.4203,0.125,3.05291,0.535439
ppo,0,2,62,10.1113,26.848,-0.0554334,-1.54042,0.871167,9.7385,30.1078,0.125,7.17701,0.535439
ppo,0,2,63,10.4487,27.5366,0.128195,-1.5899,0.867346,9.77417,30.8094,0.125,5.53376,0.535439
ppo,0,2,64,10.7742,28.2243,0.3494,-1.63309,0.864637,9.81017,31.496,0.125,7.18671,0.535439
ppo,0,2,65,11.1166,28.8904,0.592882,-1.67726,0.859177,9.84515,32.172,0.125,3.45349,0.535439
ppo,0,2,66,11.4927,29.546,0.828864,-1.71755,0.854818,9.8825,32.8582,0.125,12.4097,0.535439
ppo,0,2,67,11.8859,30.2204,1.04059,-1.7541,0.852628,9.92321,33.577,0.125,6.94041,0.535439
ppo,0,2,68,12.2685,30.9259,1.25066,-1.78692,0.851766,9.96495,34.3212,0.125,10.1305,0.535439
ppo,0,2,69,12.6351,31.6473,1.48431,-1.81645,0.85217,10.0065,35.0687,0.125,3.92789,0.535439
ppo,0,2,70,13.0048,32.3562,1.74465,-1.84297,0.855549,10.0516,35.8016,0.125,8.6091,0.535439
ppo,0,2,71,13.4044,33.0469,2.0114,-1.8671,0.859333,10.0989,36.5331,0.125,5.3382,0.535439
ppo,0,2,72,13.8297,33.7464,2.26252,-1.88853,0.867337,10.1484,37.2865,0.125,7.23698,0.535439
ppo,0,2,73,14.2509,34.4781,2.50559,-1.90968,0.877707,10.2002,38.0704,0.125,9.22869,0.535439
ppo,0,2,74,14.6528,35.2309,2.76987,-1.92713,0.889628,10.2551,38.8618,0.125,15.5225,0.535439
ppo,0,2,75,15.0537,35.9739,3.06537,-1.94517,0.903464,10.3089,39.6404,0.125,5.70631,0.535439
ppo,0,2,76,15.4828,36.6992,3.36789,-1.96208,0.920422,10.3579,40.4142,0.125,11.7538,0.535439
ppo,0,2,77,15.9402,37.4343,3.64624,-1.98091,0.933333,10.4045,41.2209,0.125,8.65548,0.535439
ppo,0,2,78,16.3904,38.2022,3.91878,-1.99522,0.944067,10.4512,42.058,0.125,10.0844,0.535439
ppo,0,2,79,16.8225,38.9882,4.21618,-2.00661,0.956609,10.4957,42.8995,0.125,18.0317,0.535439
ppo,0,2,80,17.2618,39.7549,4.54155,-2.01178,0.973262,10.5415,43.7206,0.125,16.0179,0.535439
ppo,0,2,81,17.737,40.5095,4.85994,-2.01978,0.988274,10.5897,44.5544,0.125,12.2074,0.535439
ppo,0,2,82,18.2286,41.2889,5.15598,-2.02466,1.00287,10.6357,45.4223,0.125,8.22633,0.535439
ppo,0,2,83,18.7047,42.0992,5.45906,-2.03032,1.01825,10.679,46.3123,0.125,8.8729,0.535439
ppo,0,2,84,19.1727,42.9063,5.79903,-2.03438,1.03226,10.7246,47.1958,0.125,18.0164,0.535439
ppo,0,2,85,19.6702,43.6977,6.15093,-2.03566,1.04605,10.7706,48.0797,0.125,8.88292,0.535439
ppo,0,2,86,20.193,44.5009,6.48242,-2.03777,1.05815,10.8181,48.9926,0.125,9.05334,0.535439
ppo,0,2,87,20.704,45.3384,6.80692,-2.03803,1.06838,10.8671,49.9351,0.125,14.8937,0.535439
ppo,0,2,88,21.1993,46.1845,7.15924,-2.03542,1.08193,10.9127,50.8742,0.125,23.5294,0.535439
ppo,0,2,89,21.7175,47.0099,7.53103,-2.03332,1.1001,10.9608,51.8032,0.125,10.6374,0.535439
ppo,0,2,90,22.2706,47.8412,7.88523,-2.02745,1.11935,11.0069,52.7549,0.125,4.64617,0.535439
ppo,0,2,91,22.8205,48.7057,8.23127,-2.01897,1.14107,11.0478,53.7339,0.125,8.58289,0.535439
ppo,0,2,92,23.3509,49.5797,8.60337,-2.00608,1.1639,11.0882,54.7105,0.125,6.93969,0.535439
ppo,0,2,93,23.8995,50.4349,8.99543,-1.99251,1.19126,11.128,55.6766,0.125,26.1483,0.535439
ppo,0,2,94,24.4802,51.2901,9.37054,-1.97986,1.22094,11.1656,56.6593,0.125,14.0967,0.535439
ppo,0,2,95,25.0498,52.1814,9.73885,-1.96564,1.25056,11.2043,57.6709,0.125,9.31969,0.535439
ppo,0,2,96,25.6005,53.0797,10.1395,-1.94716,1.28062,11.2411,58.6791,0.125,21.4926,0.535439
ppo,0,2,97,26.1719,53.9593,10.5563,-1.92534,1.30904,11.2766,59.6827,0.125,9.36314,0.535439
ppo,0,2,98,26.7668,54.8513,10.9529,-1.9042,1.33747,11.3102,60.7115,0.125,32.7629,0.535439
ppo,0,2,99,27.3447,55.7752,11.3491,-1.88239,1.36621,11.3438,61.7621,0.125,6.5562,0.535439
ppo,0,2,100,27.9186,56.6939,11.7784,-1.85644,1.40061,11.3736,62.8018,0.125,24.1748,0.535439
ppo,0,2,101,28.5218,57.597,12.2111,-1.82969,1.43519,11.4007,63.8437,0.125,27.1241,0.535439
ppo,0,2,102,29.1356,58.5235,12.6251,-1.80463,1.46579,11.429,64.9177,0.125,16.0795,0.535439
ppo,0,2,103,29.7323,59.4719,13.059,-1.77986,1.49762,11.4578,66.0045,0.125,35.867,0.535439
ppo,0,2,104,30.3425,60.3982,13.5206,-1.75266,1.52984,11.4868,67.0799,0.125,51.2915,0.535439
ppo,0,2,105,30.9817,61.3275,13.9683,-1.72557,1.56222,11.5132,68.1739,0.125,7.3823,0.535439
ppo,0,2,106,31.6101,62.2893,14.4135,-1.69751,1.59621,11.5387,69.2915,0.125,11.1338,0.535439
ppo,0,2,107,32.2315,63.2521,14.8912,-1.67229,1.63133,11.5588,70.4109,0.125,8.48432,0.535439
ppo,0,2,108,32.8833,64.1989,15.3689,-1.64246,1.66772,11.5775,71.5301,0.125,15.5058,0.535439
ppo,0,2,109,33.5442,65.1748,15.8286,-1.613,1.70338,11.5937,72.6814,0.125,41.8446,0.535439
ppo,0,2,110,34.1869,66.1672,16.3117,-1.58372,1.73632,11.6128,73.8441,0.125,13.6203,0.535439
ppo,0,2,111,34.8491,67.1392,16.8197,-1.55407,1.77073,11.629,75.0011,0.125,13.8674,0.535439
ppo,0,2,112,35.5353,68.1251,17.3084,-1.52718,1.80993,11.6454,76.1801,0.125,19.6566,0.535439
ppo,0,2,113,36.2073,69.14,17.8057,-1.49788,1.85013,11.6594,77.3782,0.125,35.0913,0.535439
ppo,0,2,114,36.8898,70.1418,18.3322,-1.46486,1.89006,11.6726,78.5731,0.125,10.9106,0.535439
ppo,0,2,115,37.6049,71.1437,18.8397,-1.43714,1.93082,11.686,79.7865,0.125,17.7878,0.535439
ppo,0,2,116,38.308,72.1767,19.3476,-1.40791,1.9732,11.694,81.0214,0.125,30.8983,0.535439
ppo,0,2,117,39.01,73.1996,19.8886,-1.3792,2.01518,11.698,82.2533,0.125,28.8879,0.535439
ppo,0,2,118,39.7453,74.2171,20.4213,-1.35156,2.06103,11.7022,83.4954,0.125,37.9175,0.535439
ppo,0,2,119,40.4734,75.2648,20.9446,-1.32616,2.10904,11.7038,84.7606,0.125,37.2681,0.535439
ppo,0,2,120,41.1932,76.3092,21.5001,-1.30043,2.15483,11.7051,86.0263,0.125,21.5632,0.535439
ppo,0,2,121,41.9444,77.3492,22.0491,-1.27938,2.19959,11.7036,87.3085,0.125,60.6591,0.535439
ppo,0,2,122,42.6904,78.4238,22.5895,-1.26032,2.24472,11.701,88.6199,0.125,41.0463,0.535439
ppo,0,2,123,43.4301,79.4963,23.1693,-1.23964,2.2934,11.6971,89.9293,0.125,48.2856,0.535439
ppo,0,2,124,44.2022,80.5603,23.7417,-1.21658,2.34165,11.691,91.2483,0.125,25.1678,0.535439
ppo,0,2,125,44.9654,81.6542,24.3044,-1.19385,2.38957,11.6804,92.5901,0.125,61.5045,0.535439
ppo,0,2,126,45.7264,82.7424,24.902,-1.1716,2.43928,11.6652,93.932,0.125,22.7821,0.535439
ppo,0,2,127,46.5198,83.8258,25.4877,-1.15271,2.48599,11.6473,95.2911,0.125,27.2379,0.535439
ppo,0,2,128,47.3082,84.9422,26.0758,-1.13359,2.52803,11.6288,96.6821,0.125,39.8218,0.535439
ppo,0,2,129,48.0996,86.0472,26.6952,-1.11619,2.57162,11.6105,98.071,0.125,23.4922,0.535439
ppo,0,2,130,48.9222,87.1581,27.2936,-1.09857,2.61535,11.5931,99.4789,0.125,57.1494,0.535439
ppo,0,2,131,49.7271,88.2957,27.9011,-1.08525,2.65835,11.5689,100.908,0.125,44.3964,0.535439
ppo,0,2,132,50.5464,89.4147,28.5351,-1.07467,2.70145,11.5447,102.336,0.125,41.1367,0.535439
ppo,0,2,133,51.3867,90.5509,29.1488,-1.06657,2.74225,11.5212,103.79,0.125,46.3001,0.535439
ppo,0,2,134,52.2082,91.7068,29.7855,-1.0599,2.78315,11.4948,105.259,0.125,37.0611,0.535439
ppo,0,2,135,53.0538,92.8457,30.4333,-1.05651,2.82122,11.4668,106.734,0.125,68.8562,0.535439
ppo,0,2,136,53.9039,94.0145,31.0639,-1.05414,2.8577,11.4416,108.236,0.125,96.6342,0.535439
ppo,0,2,137,54.7461,95.1819,31.7288,-1.05386,2.89243,11.416,109.743,0.125,37.8759,0.535439
ppo,0,2,138,55.6192,96.3467,32.3848,-1.05622,2.926,11.3917,111.266,0.125,66.6856,0.535439
ppo,0,2,139,56.4789,97.5415,33.0417,-1.0595,2.95608,11.3654,112.814,0.125,23.908,0.535439
ppo,0,2,140,57.3509,98.7167,33.7271,-1.06444,2.98715,11.3392,114.358,0.125,61.3596,0.535439
ppo,0,2,141,58.2446,99.9075,34.3884,-1.07064,3.01531,11.3107,115.927,0.125,19.1785,0.535439
ppo,0,2,142,59.1232,101.113,35.0726,-1.0743,3.04473,11.2818,117.504,0.125,86.6405,0.535439
ppo,0,2,143,60.0316,102.303,35.76,-1.07967,3.07414,11.2498,119.087,0.125,18.1086,0.535439
ppo,0,2,144,60.934,103.526,36.4404,-1.08747,3.10259,11.2159,120.697,0.125,35.3088,0.535439
ppo,0,2,145,61.8409,104.739,37.1533,-1.09761,3.12936,11.1796,122.313,0.125,111.814,0.535439
ppo,0,2,146,62.7727,105.968,37.8453,-1.10684,3.16027,11.1422,123.948,0.125,71.8748,0.535439
ppo,0,2,147,63.686,107.214,38.5597,-1.11733,3.18822,11.1048,125.597,0.125,22.4008,0.535439
ppo,0,2,148,64.6293,108.443,39.2812,-1.12977,3.21569,11.063,127.253,0.125,92.4409,0.535439
ppo,0,2,149,65.5654,109.704,39.9979,-1.13936,3.24262,11.0218,128.931,0.125,141.273,0.535439
ppo,0,2,150,66.5071,110.946,40.7474,-1.15227,3.26553,10.9815,130.609,0.125,43.8114,0.535439
ppo,0,2,151,67.4703,112.204,41.4747,-1.16974,3.288,10.942,132.312,0.125,75.8556,0.535439
ppo,0,2,152,68.4189,113.471,42.2324,-1.18786,3.3089,10.9004,134.025,0.125,77.7825,0.535439
ppo,0,2,153,69.4029,114.728,42.9826,-1.20876,3.32499,10.8574,135.752,0.125,71.3538,0.535439
ppo,0,2,154,70.3708,116.015,43.7377,-1.22833,3.33948,10.8135,137.5,0.125,81.093,0.535439
ppo,0,2,155,71.3598,117.282,44.5126,-1.24837,3.35203,10.7684,139.25,0.125,82.5266,0.535439
ppo,0,2,156,72.3551,118.581,45.2709,-1.27011,3.35991,10.7247,141.032,0.125,86.0799,0.535439
ppo,0,2,157,73.3486,119.874,46.0638,-1.29165,3.36647,10.6802,142.818,0.125,102.777,0.535439
ppo,0,2,158,74.3679,121.177,46.8375,-1.31585,3.37033,10.637,144.627,0.125,143.676,0.535439
ppo,0,2,159,75.3717,122.49,47.6388,-1.34029,3.3732,10.5918,146.444,0.125,94.8202,0.535439
ppo,0,2,160,76.4088,123.796,48.4321,-1.36921,3.37175,10.5505,148.278,0.125,130.528,0.535439
ppo,0,2,161,77.4281,125.134,49.2351,-1.39985,3.36894,10.5082,150.134,0.125,57.3401,0.535439
ppo,0,2,162,78.4747,126.453,50.053,-1.43159,3.36316,10.4638,151.998,0.125,100.884,0.535439
ppo,0,2,163,79.5154,127.81,50.8597,-1.46444,3.35542,10.4159,153.89,0.125,104.27,0.535439
ppo,0,2,164,80.5686,129.149,51.6989,-1.50019,3.34206,10.3681,155.792,0.125,29.45,0.535439
ppo,0,2,165,81.6296,130.519,52.5177,-1.54097,3.32371,10.3214,157.723,0.125,135.827,0.535439
ppo,0,2,166,82.6875,131.883,53.373,-1.58294,3.30086,10.273,159.664,0.125,151.615,0.535439
ppo,0,2,167,83.7701,133.261,54.2061,-1.62856,3.2767,10.2299,161.625,0.125,95.7824,0.535439
ppo,0,2,168,84.8344,134.647,55.0715,-1.67391,3.25055,10.1892,163.594,0.125,76.7371,0.535439
ppo,0,2,169,85.9322,136.035,55.9215,-1.71979,3.22266,10.1525,165.58,0.125,140.342,0.535439
ppo,0,2,170,87.0134,137.441,56.7934,-1.76981,3.19423,10.117,167.581,0.125,100.43,0.535439
ppo,0,2,171,88.1266,138.834,57.6595,-1.82324,3.1648,10.0868,169.588,0.125,114.676,0.535439
ppo,0,2,172,89.2212,140.255,58.5363,-1.87789,3.13361,10.0573,171.615,0.125,145.748,0.535439
ppo,0,2,173,90.3444,141.664,59.4169,-1.93039,3.09838,10.033,173.649,0.125,159.053,0.535439
ppo,0,2,174,91.4538,143.104,60.3037,-1.98378,3.05886,10.0097,175.707,0.125,115.01,0.535439
ppo,0,2,175,92.5903,144.523,61.2017,-2.03637,3.01542,9.98701,177.769,0.125,136.177,0.535439
ppo,0,2,176,93.7196,145.973,62.0976,-2.09298,2.97104,9.97116,179.852,0.125,137.924,0.535439
ppo,0,2,177,94.8738,147.4,63.0113,-2.15036,2.92465,9.96009,181.937,0.125,145.125,0.535439
ppo,0,2,178,96.0215,148.858,63.9182,-2.20789,2.87903,9.95331,184.041,0.125,194.098,0.535439
ppo,0,2,179,97.1856,150.296,64.8472,-2.26533,2.8306,9.94918,186.146,0.125,137.831,0.535439
ppo,0,2,180,98.3438,151.764,65.7677,-2.32235,2.78046,9.94687,188.271,0.125,103.011,0.535439
ppo,0,2,181,99.521,153.212,66.711,-2.38093,2.72963,9.94682,190.398,0.125,141.495,0.535439
ppo,0,2,182,100.697,154.694,67.6448,-2.43729,2.67954,9.94597,192.547,0.125,93.0648,0.535439
ppo,0,2,183,101.888,156.159,68.6011,-2.49307,2.62909,9.95052,194.697,0.125,86.4492,0.535439
ppo,0,2,184,103.077,157.654,69.5458,-2.54553,2.57931,9.96038,196.862,0.125,115.161,0.535439
ppo,0,2,185,104.283,159.129,70.5116,-2.59636,2.53073,9.97613,199.024,0.125,112.475,0.535439
ppo,0,2,186,105.482,160.636,71.4693,-2.63941,2.48074,9.99592,201.202,0.125,194.454,0.535439
ppo,0,2,187,106.701,162.125,72.4475,-2.6813,2.42941,10.0193,203.382,0.125,67.1668,0.535439
ppo,0,2,188,107.911,163.646,73.4223,-2.72008,2.37545,10.0478,205.581,0.125,181.148,0.535439
ppo,0,2,189,109.147,165.148,74.4087,-2.75754,2.31662,10.0811,207.785,0.125,144.168,0.535439
ppo,0,2,190,110.369,166.684,75.3963,-2.79041,2.25731,10.1158,210.007,0.125,88.8004,0.535439
ppo,0,2,191,111.621,168.198,76.3905,-2.81989,2.20065,10.1539,212.224,0.125,144.822,0.535439
ppo,0,2,192,112.856,169.743,77.3992,-2.84489,2.14256,10.1941,214.46,0.125,223.899,0.535439
ppo,0,2,193,114.125,171.277,78.4082,-2.86535,2.08743,10.2375,216.701,0.125,206.681,0.535439
ppo,0,2,194,115.372,172.833,79.4375,-2.88338,2.03454,10.279,218.951,0.125,134.847,0.535439
ppo,0,2,195,116.65,174.387,80.4572,-2.90206,1.98426,10.3252,221.21,0.125,94.5813,0.535439
ppo,0,2,196,117.912,175.949,81.5052,-2.91832,1.93553,10.3718,223.474,0.125,50.3536,0.535439
ppo,0,2,197,119.201,177.523,82.5371,-2.93121,1.88515,10.4205,225.756,0.125,404.389,0.535439
ppo,0,2,198,120.483,179.097,83.6016,-2.94205,1.83488,10.4697,228.044,0.125,213.562,0.535439
ppo,0,2,199,121.779,180.693,84.6477,-2.9493,1.78522,10.5219,230.347,0.125,103.302,0.535439
ppo,0,2,200,123.078,182.275,85.7236,-2.95492,1.73739,10.5777,232.648,0.125,309.949,0.535439
ppo,0,2,201,124.374,183.89,86.7891,-2.96206,1.69238,10.6303,234.969,0.125,312.736,0.535439
ppo,0,2,202,125.692,185.485,87.8747,-2.96716,1.65105,10.6835,237.29,0.125,298.483,0.535439
ppo,0,2,203,126.996,187.108,88.9608,-2.97337,1.61362,10.7363,239.623,0.125,204.196,0.535439
ppo,0,2,204,128.329,188.716,90.0451,-2.97829,1.57837,10.7931,241.957,0.125,223.183,0.535439
ppo,0,2,205,129.644,190.342,91.1522,-2.97804,1.54459,10.8507,244.298,0.125,179.43,0.535439
ppo,0,2,206,130.989,191.973,92.2425,-2.97401,1.5137,10.9129,246.648,0.125,271.167,0.535439
ppo,0,2,207,132.327,193.602,93.3652,-2.9657,1.48757,10.9801,248.996,0.125,321.688,0.535439
ppo,0,2,208,133.68,195.257,94.4672,-2.95342,1.46224,11.0504,251.363,0.125,180.611,0.535439
ppo,0,2,209,135.046,196.893,95.597,-2.94153,1.43763,11.1203,253.732,0.125,385.028,0.535439
ppo,0,2,210,136.404,198.564,96.7273,-2.92698,1.41486,11.1911,256.12,0.125,240.031,0.535439
ppo,0,2,211,137.793,200.218,97.8626,-2.90968,1.39383,11.2648,258.51,0.125,146.405,0.535439
ppo,0,2,212,139.16,201.893,99.0173,-2.88958,1.37867,11.3385,260.905,0.125,71.1528,0.535439
ppo,0,2,213,140.55,203.578,100.152,-2.87107,1.36334,11.4124,263.316,0.125,250.835,0.535439
ppo,0,2,214,141.942,205.26,101.319,-2.85289,1.35308,11.4862,265.732,0.125,311.122,0.535439
ppo,0,2,215,143.341,206.97,102.468,-2.83546,1.3471,11.5582,268.166,0.125,178.402,0.535439
ppo,0,2,216,144.763,208.662,103.636,-2.81473,1.34522,11.6271,270.602,0.125,131.466,0.535439
ppo,0,2,217,146.167,210.382,104.817,-2.79327,1.34875,11.6974,273.048,0.125,369.667,0.535439
ppo,0,2,218,147.602,212.103,105.982,-2.76788,1.35343,11.7601,275.507,0.125,258.871,0.535439
ppo,0,2,219,149.027,213.823,107.179,-2.73913,1.36112,11.8176,277.97,0.125,294.531,0.535439
ppo,0,2,220,150.459,215.576,108.362,-2.70468,1.37135,11.878,280.45,0.125,367.964,0.535439
ppo,0,2,221,151.911,217.31,109.562,-2.67242,1.38817,11.936,282.929,0.125,354.605,0.535439
ppo,0,2,222,153.34,219.068,110.776,-2.63678,1.40553,11.9907,285.42,0.125,342.808,0.535439
ppo,0,2,223,154.798,220.827,111.972,-2.59872,1.42443,12.0436,287.918,0.125,286.214,0.535439
ppo,0,2,224,156.253,222.577,113.201,-2.5589,1.44482,12.0931,290.419,0.125,128.294,0.535439
ppo,0,2,225,157.707,224.358,114.419,-2.5174,1.46665,12.1382,292.94,0.125,68.455,0.535439
ppo,0,2,226,159.189,226.122,115.644,-2.47251,1.49128,12.1789,295.463,0.125,84.1019,0.535439
ppo,0,2,227,160.653,227.903,116.896,-2.42532,1.52022,12.218,297.995,0.125,462.249,0.535439
ppo,0,2,228,162.137,229.697,118.13,-2.37606,1.5527,12.249,300.541,0.125,375.92,0.535439
ppo,0,2,229,163.634,231.471,119.387,-2.3277,1.58561,12.2756,303.09,0.125,227.222,0.535439
ppo,0,2,230,165.118,233.276,120.653,-2.27468,1.62077,12.3014,305.654,0.125,532.192,0.535439
ppo,0,2,231,166.635,235.082,121.904,-2.22134,1.65725,12.3206,308.233,0.125,621.617,0.535439
ppo,0,2,232,168.146,236.883,123.189,-2.16873,1.69079,12.3358,310.823,0.125,219.401,0.535439
ppo,0,2,233,169.657,238.716,124.465,-2.11612,1.7271,12.3489,313.432,0.125,114.993,0.535439
ppo,0,2,234,171.197,240.539,125.737,-2.06255,1.76891,12.3553,316.047,0.125,226.509,0.535439
ppo,0,2,235,172.72,242.365,127.043,-2.00765,1.81245,12.3596,318.666,0.125,334.504,0.535439
ppo,0,2,236,174.254,244.219,128.333,-1.95159,1.85755,12.3637,321.304,0.125,569.369,0.535439
ppo,0,2,237,175.816,246.054,129.635,-1.89415,1.90007,12.3642,323.951,0.125,365.424,0.535439
ppo,0,2,238,177.36,247.905,130.96,-1.8376,1.94416,12.3615,326.61,0.125,304.657,0.535439
ppo,0,2,239,178.923,249.778,132.262,-1.7812,1.98924,12.3547,329.289,0.125,622.156,0.535439
ppo,0,2,240,180.51,251.63,133.579,-1.72688,2.03258,12.3446,331.974,0.125,31.2328,0.535439
ppo,0,2,241,182.079,253.501,134.921,-1.67318,2.07655,12.3307,334.676,0.125,542.494,0.535439
ppo,0,2,242,183.666,255.395,136.241,-1.62171,2.11947,12.316,337.398,0.125,570.769,0.535439
ppo,0,2,243,185.275,257.27,137.581,-1.57121,2.16091,12.3012,340.128,0.125,472.646,0.535439
ppo,0,2,244,186.863,259.164,138.945,-1.52245,2.19904,12.2846,342.875,0.125,476.866,0.535439
ppo,0,2,245,188.471,261.084,140.29,-1.47643,2.23529,12.2695,345.647,0.125,388.015,0.535439
ppo,0,2,246,190.1,262.981,141.653,-1.43284,2.27023,12.2505,348.425,0.125,601.956,0.535439
ppo,0,2,247,191.707,264.898,143.035,-1.39104,2.3005,12.2279,351.219,0.125,631.061,0.535439
ppo,0,2,248,193.329,266.836,144.399,-1.35027,2.33019,12.2025,354.033,0.125,715.357,0.535439
ppo,0,2,249,194.98,268.753,145.767,-1.31047,2.35818,12.1744,356.852,0.125,414.719,0.535439
ppo,0,2,250,196.612,270.676,147.168,-1.27323,2.38465,12.1443,359.68,0.125,170.278,0.535439
ppo,0,2,251,198.248,272.63,148.554,-1.23756,2.40929,12.1127,362.533,0.125,625.877,0.535439
ppo,0,2,252,199.918,274.57,149.94,-1.19832,2.43361,12.0796,365.392,0.125,232.117,0.535439
ppo,0,2,253,201.581,276.506,151.36,-1.16368,2.45674,12.0429,368.263,0.125,585.693,0.535439
ppo,0,2,254,203.238,278.475,152.774,-1.12882,2.48285,12.0021,371.153,0.125,550.627,0.535439
ppo,0,2,255,204.93,280.448,154.171,-1.09632,2.50683,11.9612,374.061,0.125,472.415,0.535439
ppo,0,2,256,206.626,282.405,155.599,-1.06639,2.53236,11.9199,376.973,0.125,512.118,0.535439
ppo,0,2,257,208.307,284.388,157.04,-1.03625,2.55475,11.8784,379.903,0.125,581.988,0.535439
ppo,0,2,258,210.009,286.387,158.459,-1.00554,2.5723,11.8367,382.853,0.125,258.702,0.535439
ppo,0,2,259,211.739,288.369,159.896,-0.973634,2.5873,11.7947,385.813,0.125,134.701,0.535439
ppo,0,2,260,213.451,290.355,161.361,-0.944581,2.59833,11.7529,388.783,0.125,301.599,0.535439
ppo,0,2,261,215.164,292.371,162.813,-0.916627,2.60837,11.709,391.773,0.125,235.885,0.535439
ppo,0,2,262,216.909,294.383,164.256,-0.896182,2.61887,11.6634,394.779,0.125,403.956,0.535439
ppo,0,2,263,218.66,296.38,165.73,-0.874743,2.62867,11.6179,397.789,0.125,512.914,0.535439
ppo,0,2,264,220.393,298.404,167.22,-0.856647,2.6375,11.5669,400.82,0.125,424.401,0.535439
ppo,0,2,265,222.142,300.453,168.686,-0.8405,2.64882,11.514,403.871,0.125,333.721,0.535439
ppo,0,2,266,223.92,302.483,170.155,-0.824382,2.65804,11.4588,406.927,0.125,696.113,0.535439
ppo,0,2,267,225.69,304.512,171.658,-0.808801,2.66806,11.404,409.991,0.125,488.563,0.535439
ppo,0,2,268,227.447,306.574,173.161,-0.794879,2.67381,11.3499,413.077,0.125,550.239,0.535439
ppo,0,2,269,229.227,308.65,174.642,-0.782699,2.67322,11.2915,416.185,0.125,481.636,0.535439
ppo,0,2,270,231.033,310.708,176.138,-0.772945,2.66866,11.2322,419.304,0.125,570.469,0.535439
ppo,0,2,271,232.823,312.774,177.665,-0.767896,2.66134,11.1718,422.439,0.125,491.356,0.535439
ppo,0,2,272,234.603,314.877,179.187,-0.76291,2.64841,11.1075,425.599,0.125,585.045,0.535439
ppo,0,2,273,236.412,316.988,180.691,-0.758487,2.63608,11.0455,428.774,0.125,545.568,0.535439
ppo,0,2,274,238.247,319.081,182.209,-0.754945,2.62243,10.987,431.955,0.125,338.441,0.535439
ppo,0,2,275,240.072,321.181,183.76,-0.7529,2.60808,10.9298,435.15,0.125,627.434,0.535439
ppo,0,2,276,241.889,323.313,185.307,-0.75335,2.58821,10.8742,438.368,0.125,404.12,0.535439
ppo,0,2,277,243.729,325.462,186.831,-0.754882,2.56715,10.8218,441.603,0.125,530.401,0.535439
ppo,0,2,278,245.599,327.595,188.364,-0.759092,2.54396,10.7701,444.849,0.125,509.81,0.535439
ppo,0,2,279,247.464,329.723,189.929,-0.762764,2.52127,10.7203,448.099,0.125,759.437,0.535439
ppo,0,2,280,249.314,331.879,191.501,-0.769217,2.49634,10.6721,451.369,0.125,515.621,0.535439
ppo,0,2,281,251.178,334.058,193.057,-0.778234,2.47108,10.6244,454.657,0.125,96.7271,0.535439
ppo,0,2,282,253.073,336.226,194.61,-0.787711,2.44445,10.5809,457.954,0.125,700.949,0.535439
ppo,0,2,283,254.976,338.38,196.194,-0.79786,2.41514,10.5397,461.259,0.125,294.51,0.535439
ppo,0,2,284,256.856,340.549,197.804,-0.804815,2.38516,10.495,464.573,0.125,563.614,0.535439
ppo,0,2,285,258.733,342.751,199.402,-0.809764,2.35399,10.4543,467.904,0.125,491.698,0.535439
ppo,0,2,286,260.64,344.963,200.981,-0.813739,2.32266,10.4173,471.248,0.125,296.684,0.535439
ppo,0,2,287,262.573,347.154,202.573,-0.816521,2.2917,10.3824,474.596,0.125,676.229,0.535439
ppo,0,2,288,264.502,349.339,204.2,-0.821448,2.25623,10.348,477.955,0.125,547.435,0.535439
ppo,0,2,289,266.413,351.548,205.842,-0.82665,2.21556,10.3141,481.333,0.125,694.489,0.535439
ppo,0,2,290,268.328,353.788,207.47,-0.831786,2.17206,10.2848,484.729,0.125,535.866,0.535439
ppo,0,2,291,270.274,356.03,209.082,-0.833948,2.12987,10.2606,488.133,0.125,592.748,0.535439
ppo,0,2,292,272.245,358.248,210.707,-0.836834,2.08589,10.2397,491.541,0.125,445.513,0.535439
ppo,0,2,293,274.208,360.462,212.364,-0.842713,2.03881,10.2198,494.957,0.125,865.562,0.535439
ppo,0,2,294,276.152,362.701,214.038,-0.848052,1.98921,10.2068,498.386,0.125,789.793,0.535439
ppo,0,2,295,278.096,364.97,215.698,-0.856141,1.94108,10.1941,501.833,0.125,686.156,0.535439
ppo,0,2,296,280.066,367.247,217.342,-0.861981,1.89128,10.1832,505.292,0.125,391.063,0.535439
ppo,0,2,297,282.066,369.509,218.991,-0.871158,1.84026,10.174,508.762,0.125,898.768,0.535439
ppo,0,2,298,284.071,371.759,220.668,-0.877542,1.79093,10.1703,512.232,0.125,668.074,0.535439
ppo,0,2,299,286.06,374.02,222.373,-0.881632,1.74407,10.1691,515.708,0.125,639.611,0.535439
ppo,0,3,0,0,0,0,-1.27703,4.78765,6.50939,8.18075,0.125,0.83237,0.51312
ppo,0,3,1,0.0213597,0.0164344,-0.0195581,-1.30738,4.77682,6.5285,8.20389,0.125,0.94515,0.51312
ppo,0,3,2,0.0579099,0.0527269,-0.0625386,-1.33363,4.76362,6.54927,8.2368,0.125,0.797694,0.51312
ppo,0,3,3,0.112601,0.113625,-0.126197,-1.35922,4.7493,6.57018,8.2763,0.125,1.21002,0.51312
ppo,0,3,4,0.185757,0.194855,-0.207908,-1.37913,4.73486,6.59186,8.32451,0.125,0.998742,0.51312
ppo,0,3,5,0.276101,0.298341,-0.305366,-1.39981,4.72264,6.61111,8.37979,0.125,1.25395,0.51312
ppo,0,3,6,0.379456,0.427657,-0.421292,-1.42041,4.70763,6.63134,8.44377,0.125,0.736462,0.51312
ppo,0,3,7,0.492925,0.58696,-0.557182,-1.43801,4.69332,6.655,8.52093,0.125,0.791985,0.51312
ppo,0,3,8,0.617923,0.777559,-0.709898,-1.45229,4.68074,6.6833,8.61278,0.125,0.523673,0.51312
ppo,0,3,9,0.750281,0.999557,-0.87923,-1.46531,4.6699,6.70683,8.7137,0.125,0.456917,0.51312
ppo,0,3,10,0.886734,1.25692,-1.0594,-1.4781,4.65784,6.73532,8.82703,0.125,1.07342,0.51312
ppo,0,3,11,1.02315,1.54562,-1.24744,-1.49127,4.64519,6.76737,8.95359,0.125,0.928964,0.51312
ppo,0,3,12,1.15142,1.86828,-1.44236,-1.50173,4.63242,6.79797,9.0875,0.125,1.76934,0.51312
ppo,0,3,13,1.26644,2.2221,-1.63837,-1.51044,4.61714,6.82748,9.22593,0.125,0.694146,0.51312
ppo,0,3,14,1.36602,2.60764,-1.82883,-1.5183,4.6009,6.85612,9.36593,0.125,0.626727,0.51312
ppo,0,3,15,1.45004,3.01982,-2.0062,-1.52468,4.58584,6.88259,9.50326,0.125,1.14551,0.51312
ppo,0,3,16,1.51142,3.45356,-2.16293,-1.52626,4.57238,6.91224,9.63524,0.125,1.14439,0.51312
ppo,0,3,17,1.55562,3.90359,-2.29125,-1.52536,4.55775,6.9434,9.75701,0.125,1.1731,0.51312
ppo,0,3,18,1.58734,4.36165,-2.38977,-1.51917,4.54525,6.97377,9.86712,0.125,1.04128,0.51312
ppo,0,3,19,1.60821,4.81959,-2.45856,-1.51057,4.53454,7.00684,9.97005,0.125,0.872823,0.51312
ppo,0,3,20,1.62421,5.26714,-2.49235,-1.50271,4.52669,7.04117,10.0605,0.125,1.21241,0.51312
ppo,0,3,21,1.6423,5.70056,-2.49656,-1.48956,4.51804,7.07398,10.1391,0.125,1.24471,0.51312
ppo,0,3,22,1.67719,6.11644,-2.47271,-1.47468,4.50813,7.1068,10.2121,0.125,1.61153,0.51312
ppo,0,3,23,1.73403,6.51409,-2.4313,-1.46018,4.49713,7.13911,10.289,0.125,1.41246,0.51312
ppo,0,3,24,1.81958,6.89833,-2.38396,-1.44743,4.48415,7.17346,10.3849,0.125,1.05714,0.51312
ppo,0,3,25,1.93913,7.26812,-2.33772,-1.43367,4.47655,7.20317,10.4975,0.125,1.16848,0.51312
ppo,0,3,26,2.08906,7.63718,-2.30318,-1.41816,4.46933,7.2331,10.6431,0.125,1.08295,0.51312
ppo,0,3,27,2.26438,8.0151,-2.28779,-1.40207,4.46151,7.26142,10.8286,0.125,1.07147,0.51312
ppo,0,3,28,2.45703,8.41228,-2.28854,-1.38616,4.45407,7.29025,11.054,0.125,2.2567,0.51312
ppo,0,3,29,2.65332,8.84094,-2.30084,-1.37042,4.44507,7.31804,11.3153,0.125,1.50752,0.51312
ppo,0,3,30,2.84152,9.3029,-2.32226,-1.35443,4.43561,7.34577,11.6089,0.125,1.80356,0.51312
ppo,0,3,31,3.01249,9.79407,-2.33421,-1.3376,4.43014,7.37314,11.9134,0.125,1.4653,0.51312
ppo,0,3,32,3.16172,10.3058,-2.32524,-1.3209,4.42765,7.39637,12.2129,0.125,1.32699,0.51312
ppo,0,3,33,3.29582,10.8249,-2.28475,-1.30113,4.42489,7.42,12.501,0.125,2.31737,0.51312
ppo,0,3,34,3.4263,11.3353,-2.21067,-1.28034,4.42327,7.44075,12.7702,0.125,2.09022,0.51312
ppo,0,3,35,3.56793,11.8243,-2.10887,-1.25952,4.42044,7.45723,13.0243,0.125,1.44878,0.51312
ppo,0,3,36,3.73616,12.2933,-1.98921,-1.23752,4.41668,7.47419,13.2791,0.125,2.75978,0.51312
ppo,0,3,37,3.93596,12.7514,-1.87273,-1.21479,4.41583,7.4899,13.5525,0.125,0.786229,0.51312
ppo,0,3,38,4.16753,13.2135,-1.77182,-1.19118,4.41705,7.50657,13.863,0.125,2.3315,0.51312
ppo,0,3,39,4.41614,13.6928,-1.69173,-1.16858,4.41923,7.52242,14.2158,0.125,1.54693,0.51312
ppo,0,3,40,4.66445,14.203,-1.62154,-1.14228,4.4239,7.54013,14.6043,0.125,0.94805,0.51312
ppo,0,3,41,4.8984,14.745,-1.55215,-1.11376,4.42684,7.55681,15.0194,0.125,2.14297,0.51312
ppo,0,3,42,5.11218,15.3096,-1.46473,-1.08789,4.43084,7.57417,15.4431,0.125,2.44105,0.51312
ppo,0,3,43,5.31122,15.8787,-1.34571,-1.06031,4.43567,7.59072,15.8556,0.125,2.15533,0.51312
ppo,0,3,44,5.5168,16.4359,-1.19402,-1.03417,4.44128,7.61046,16.2574,0.125,3.2455,0.51312
ppo,0,3,45,5.74707,16.9753,-1.02141,-1.01014,4.4459,7.63006,16.6582,0.125,3.56997,0.51312
ppo,0,3,46,6.00838,17.5069,-0.849214,-0.986415,4.45046,7.64667,17.0757,0.125,2.77911,0.51312
ppo,0,3,47,6.29556,18.0497,-0.69177,-0.96314,4.45786,7.66379,17.5283,0.125,2.01307,0.51312
ppo,0,3,48,6.59211,18.6191,-0.554788,-0.935895,4.46374,7.67967,18.0236,0.125,2.35038,0.51312
ppo,0,3,49,6.87481,19.2252,-0.420069,-0.911224,4.46717,7.69277,18.5537,0.125,1.96359,0.51312
ppo,0,3,50,7.13974,19.8541,-0.266116,-0.885904,4.47175,7.70613,19.0941,0.125,2.45193,0.51312
ppo,0,3,51,7.39426,20.4792,-0.0826449,-0.859932,4.47952,7.71834,19.6208,0.125,1.37597,0.51312
ppo,0,3,52,7.655,21.0869,0.129327,-0.835477,4.49005,7.73224,20.1333,0.125,2.88317,0.51312
ppo,0,3,53,7.94492,21.6768,0.351508,-0.810375,4.50061,7.74309,20.6473,0.125,5.02874,0.51312
ppo,0,3,54,8.26767,22.2688,0.564177,-0.786111,4.5116,7.75146,21.1883,0.125,4.60335,0.51312
ppo,0,3,55,8.60385,22.8827,0.757553,-0.762061,4.52149,7.75939,21.7688,0.125,5.43432,0.51312
ppo,0,3,56,8.92828,23.5297,0.947389,-0.737034,4.53254,7.76523,22.3784,0.125,2.46812,0.51312
ppo,0,3,57,9.23472,24.1951,1.15678,-0.714049,4.54376,7.76988,22.9975,0.125,2.65115,0.51312
ppo,0,3,58,9.53341,24.8594,1.40071,-0.691645,4.55482,7.77495,23.6106,0.125,2.90018,0.51312
ppo,0,3,59,9.84514,25.5058,1.66932,-0.670005,4.56696,7.78064,24.2147,0.125,5.29237,0.51312
ppo,0,3,60,10.1936,26.1434,1.93545,-0.652163,4.57859,7.78094,24.8363,0.125,3.1602,0.51312
ppo,0,3,61,10.5673,26.7982,2.183,-0.633299,4.59145,7.77846,25.4932,0.125,5.067,0.51312
ppo,0,3,62,10.9376,27.4895,2.42231,-0.615123,4.60443,7.77104,26.1878,0.125,6.80556,0.51312
ppo,0,3,63,11.2852,28.2047,2.67657,-0.598667,4.61777,7.76398,26.8971,0.125,4.05068,0.51312
ppo,0,3,64,11.6246,28.9152,2.96458,-0.582434,4.63239,7.75435,27.5972,0.125,4.14678,0.51312
ppo,0,3,65,11.9816,29.604,3.2769,-0.568165,4.64571,7.74555,28.291,0.125,8.15039,0.51312
ppo,0,3,66,12.3775,30.2936,3.58031,-0.555915,4.66019,7.73671,29.0107,0.125,5.16952,0.51312
ppo,0,3,67,12.7901,31.0085,3.86939,-0.545009,4.6747,7.72982,29.7691,0.125,3.7122,0.51312
ppo,0,3,68,13.1918,31.7563,4.15655,-0.534349,4.68955,7.72381,30.5572,0.125,5.61237,0.51312
ppo,0,3,69,13.5739,32.5129,4.46908,-0.52571,4.70665,7.7165,31.3454,0.125,4.73705,0.51312
ppo,0,3,70,13.9625,33.2494,4.81456,-0.518716,4.72019,7.71014,32.1248,0.125,5.45171,0.51312
ppo,0,3,71,14.3782,33.9697,5.16094,-0.512563,4.7323,7.70343,32.9094,0.125,8.3401,0.51312
ppo,0,3,72,14.8185,34.7045,5.48971,-0.507823,4.7453,7.70214,33.7246,0.125,7.61326,0.51312
ppo,0,3,73,15.2517,35.4726,5.81257,-0.500386,4.75883,7.70031,34.5691,0.125,6.65908,0.51312
ppo,0,3,74,15.6657,36.2559,6.16114,-0.492192,4.77146,7.69635,35.4218,0.125,6.21038,0.51312
ppo,0,3,75,16.0829,37.0265,6.5408,-0.48835,4.78108,7.69431,36.2726,0.125,11.3635,0.51312
ppo,0,3,76,16.533,37.7868,6.9215,-0.485754,4.79089,7.69334,37.1344,0.125,8.93519,0.51312
ppo,0,3,77,17.004,38.564,7.28399,-0.480645,4.79752,7.6929,38.027,0.125,4.29966,0.51312
ppo,0,3,78,17.4642,39.3711,7.64296,-0.476382,4.80335,7.6922,38.9461,0.125,5.32857,0.51312
ppo,0,3,79,17.9072,40.1864,8.03286,-0.473213,4.80772,7.6939,39.8698,0.125,10.5204,0.51312
ppo,0,3,80,18.3629,40.9806,8.44645,-0.474584,4.81247,7.69572,40.7866,0.125,10.3552,0.51312
ppo,0,3,81,18.8546,41.7713,8.85197,-0.476191,4.81604,7.69641,41.7217,0.125,10.3667,0.51312
ppo,0,3,82,19.3542,42.5909,9.24182,-0.476641,4.82058,7.69756,42.6878,0.125,9.63946,0.51312
ppo,0,3,83,19.835,43.4369,9.64511,-0.476912,4.83044,7.69755,43.6672,0.125,10.1047,0.51312
ppo,0,3,84,20.3111,44.273,10.0785,-0.477803,4.84148,7.69302,44.6398,0.125,12.6811,0.51312
ppo,0,3,85,20.8151,45.0945,10.5197,-0.47975,4.85155,7.68987,45.6177,0.125,5.04049,0.51312
ppo,0,3,86,21.344,45.9332,10.9441,-0.483613,4.86431,7.68751,46.623,0.125,9.38782,0.51312
ppo,0,3,87,21.8576,46.8008,11.3731,-0.488243,4.87641,7.68329,47.6509,0.125,5.41285,0.51312
ppo,0,3,88,22.3571,47.6687,11.8365,-0.492512,4.88602,7.68002,48.6799,0.125,15.2279,0.51312
ppo,0,3,89,22.881,48.5179,12.3138,-0.497676,4.89647,7.67152,49.7086,0.125,14.1611,0.51312
ppo,0,3,90,23.4315,49.377,12.7749,-0.502848,4.90586,7.66438,50.7607,0.125,7.57768,0.51312
ppo,0,3,91,23.9691,50.269,13.2353,-0.508091,4.91545,7.65629,51.8383,0.125,29.7138,0.51312
ppo,0,3,92,24.4936,51.1611,13.7264,-0.514329,4.92814,7.64984,52.9132,0.125,20.7426,0.51312
ppo,0,3,93,25.0411,52.0344,14.2322,-0.522889,4.93885,7.64372,53.9899,0.125,14.5006,0.51312
ppo,0,3,94,25.6163,52.9245,14.7211,-0.532454,4.94946,7.63501,55.0961,0.125,15.593,0.51312
ppo,0,3,95,26.1758,53.8442,15.2127,-0.540201,4.96214,7.62708,56.2205,0.125,24.3184,0.51312
ppo,0,3,96,26.7223,54.7635,15.7368,-0.549768,4.9731,7.61719,57.3479,0.125,18.7866,0.51312
ppo,0,3,97,27.2975,55.6647,16.2734,-0.557799,4.98521,7.60805,58.4758,0.125,20.2117,0.51312
ppo,0,3,98,27.8925,56.5888,16.794,-0.565712,4.99705,7.59968,59.6332,0.125,15.0803,0.51312
ppo,0,3,99,28.4716,57.5354,17.3271,-0.574031,5.00584,7.59045,60.8096,0.125,12.9075,0.51312
ppo,0,3,100,29.0524,58.4687,17.8934,-0.581381,5.01757,7.58203,61.98,0.125,8.79507,0.51312
ppo,0,3,101,29.6685,59.397,18.4542,-0.588275,5.02859,7.5737,63.1647,0.125,26.1234,0.51312
ppo,0,3,102,30.2879,60.355,19.0023,-0.592978,5.04116,7.56236,64.3749,0.125,8.63091,0.51312
ppo,0,3,103,30.8909,61.3199,19.578,-0.595498,5.05107,7.5494,65.5917,0.125,11.0838,0.51312
ppo,0,3,104,31.5147,62.2636,20.1722,-0.600319,5.0615,7.53604,66.8067,0.125,22.5132,0.51312
ppo,0,3,105,32.1626,63.2214,20.749,-0.607212,5.07056,7.52611,68.0458,0.125,21.9217,0.51312
ppo,0,3,106,32.7913,64.2101,21.3328,-0.615708,5.08031,7.51876,69.305,0.125,22.7529,0.51312
ppo,0,3,107,33.4225,65.1842,21.9501,-0.625735,5.08777,7.51163,70.5644,0.125,10.3534,0.51312
ppo,0,3,108,34.0862,66.1552,22.5618,-0.634415,5.09365,7.50279,71.8388,0.125,22.7189,0.51312
ppo,0,3,109,34.7442,67.1612,23.1605,-0.642434,5.10029,7.49498,73.138,0.125,20.8297,0.51312
ppo,0,3,110,35.3869,68.1689,23.791,-0.650264,5.10594,7.48659,74.4409,0.125,13.3016,0.51312
ppo,0,3,111,36.0585,69.158,24.4327,-0.660307,5.11266,7.47851,75.7465,0.125,26.5504,0.51312
ppo,0,3,112,36.7414,70.1752,25.056,-0.672197,5.11933,7.47378,77.079,0.125,5.71049,0.51312
ppo,0,3,113,37.4036,71.209,25.6987,-0.685414,5.12265,7.46709,78.4256,0.125,22.7406,0.51312
ppo,0,3,114,38.0871,72.2236,26.3636,-0.69536,5.12758,7.46271,79.7697,0.125,28.3042,0.51312
ppo,0,3,115,38.7948,73.2541,27.0111,-0.705492,5.12993,7.45939,81.1385,0.125,23.9093,0.51312
ppo,0,3,116,39.4815,74.3074,27.6736,-0.717535,5.13149,7.45702,82.5225,0.125,19.5686,0.51312
ppo,0,3,117,40.18,75.3415,28.3598,-0.7303,5.132,7.45508,83.9049,0.125,17.4625,0.51312
ppo,0,3,118,40.9036,76.3891,29.0285,-0.740485,5.13171,7.4533,85.3073,0.125,9.52235,0.51312
ppo,0,3,119,41.6061,77.4647,29.7104,-0.749417,5.13176,7.4517,86.7265,0.125,37.8332,0.51312
ppo,0,3,120,42.3161,78.528,30.4192,-0.758264,5.13019,7.44949,88.149,0.125,32.279,0.51312
ppo,0,3,121,43.0556,79.5998,31.1089,-0.765422,5.13082,7.44811,89.5866,0.125,56.1888,0.51312
ppo,0,3,122,43.7747,80.7034,31.8071,-0.773313,5.13211,7.44623,91.044,0.125,23.3337,0.51312
ppo,0,3,123,44.503,81.794,32.5354,-0.782276,5.1288,7.44377,92.5089,0.125,51.4532,0.51312
ppo,0,3,124,45.2594,82.8969,33.2431,-0.79216,5.12687,7.44409,93.9921,0.125,28.9294,0.51312
ppo,0,3,125,45.9981,84.0249,33.9607,-0.798727,5.12749,7.4447,95.4874,0.125,37.519,0.51312
ppo,0,3,126,46.7504,85.1329,34.7021,-0.810078,5.12356,7.44358,96.9872,0.125,14.144,0.51312
ppo,0,3,127,47.5222,86.2589,35.424,-0.818827,5.11951,7.44074,98.5064,0.125,39.7077,0.51312
ppo,0,3,128,48.2701,87.4057,36.1671,-0.828068,5.11852,7.43695,100.036,0.125,33.5335,0.51312
ppo,0,3,129,49.0391,88.5299,36.9288,-0.840477,5.11275,7.43555,101.569,0.125,27.5347,0.51312
ppo,0,3,130,49.8235,89.6807,37.6756,-0.852049,5.10988,7.43445,103.125,0.125,36.4146,0.51312
ppo,0,3,131,50.5879,90.841,38.4443,-0.863664,5.10955,7.43495,104.684,0.125,39.9674,0.51312
ppo,0,3,132,51.3846,91.991,39.2158,-0.873448,5.10659,7.43404,106.254,0.125,61.4132,0.51312
ppo,0,3,133,52.1807,93.1748,39.9777,-0.880173,5.10487,7.43385,107.846,0.125,65.5956,0.51312
ppo,0,3,134,52.964,94.352,40.7752,-0.882441,5.10423,7.43237,109.436,0.125,25.1258,0.51312
ppo,0,3,135,53.7806,95.5289,41.5631,-0.883584,5.10339,7.43476,111.039,0.125,29.4318,0.51312
ppo,0,3,136,54.5791,96.7338,42.3537,-0.883832,5.10043,7.43309,112.66,0.125,41.8564,0.51312
ppo,0,3,137,55.3917,97.9216,43.1689,-0.882815,5.1009,7.43221,114.279,0.125,30.2746,0.51312
ppo,0,3,138,56.2282,99.1271,43.9603,-0.884066,5.10003,7.43205,115.919,0.125,63.2438,0.51312
ppo,0,3,139,57.0443,100.348,44.7758,-0.884828,5.09644,7.43456,117.571,0.125,60.292,0.51312
ppo,0,3,140,57.8925,101.554,45.599,-0.887062,5.09514,7.437,119.23,0.125,56.7559,0.51312
ppo,0,3,141,58.7385,102.79,46.4125,-0.890555,5.09681,7.44069,120.906,0.125,57.1936,0.51312
ppo,0,3,142,59.5787,104.014,47.2577,-0.896704,5.09757,7.44489,122.584,0.125,63.1527,0.51312
ppo,0,3,143,60.4466,105.248,48.0894,-0.901709,5.09824,7.44763,124.279,0.125,55.4021,0.51312
ppo,0,3,144,61.2907,106.505,48.9352,-0.903775,5.09846,7.45394,125.984,0.125,13.9826,0.51312
ppo,0,3,145,62.1607,107.744,49.7981,-0.905646,5.09949,7.46002,127.694,0.125,100.962,0.51312
ppo,0,3,146,63.0313,109.021,50.6485,-0.906204,5.10001,7.46818,129.43,0.125,136.534,0.51312
ppo,0,3,147,63.8966,110.284,51.5299,-0.903145,5.10061,7.47732,131.161,0.125,17.8598,0.51312
ppo,0,3,148,64.7909,111.557,52.3912,-0.895967,5.10058,7.48726,132.907,0.125,118.533,0.51312
ppo,0,3,149,65.6638,112.848,53.2693,-0.890328,5.10513,7.49764,134.659,0.125,97.5392,0.51312
ppo,0,3,150,66.5667,114.121,54.1584,-0.885219,5.10932,7.50804,136.417,0.125,72.8212,0.51312
ppo,0,3,151,67.4623,115.428,55.0369,-0.880843,5.10852,7.51756,138.2,0.125,39.5442,0.51312
ppo,0,3,152,68.3602,116.717,55.9464,-0.877337,5.10215,7.52709,139.986,0.125,96.7608,0.51312
ppo,0,3,153,69.2798,118.025,56.8367,-0.877804,5.09645,7.53786,141.793,0.125,134.512,0.51312
ppo,0,3,154,70.1808,119.343,57.7532,-0.875333,5.09286,7.55266,143.604,0.125,96.3346,0.51312
ppo,0,3,155,71.1171,120.655,58.6631,-0.871554,5.08922,7.56797,145.425,0.125,44.612,0.51312
ppo,0,3,156,72.0341,121.998,59.5831,-0.86854,5.08663,7.58753,147.263,0.125,122.299,0.51312
ppo,0,3,157,72.9735,123.32,60.5126,-0.864468,5.08422,7.60943,149.099,0.125,140.517,0.51312
ppo,0,3,158,73.911,124.676,61.4343,-0.860456,5.08276,7.63148,150.957,0.125,99.1448,0.51312
ppo,0,3,159,74.8498,126.015,62.3895,-0.856062,5.08098,7.65116,152.816,0.125,119.907,0.51312
ppo,0,3,160,75.8071,127.376,63.3252,-0.853269,5.08085,7.66991,154.695,0.125,45.4259,0.51312
ppo,0,3,161,76.754,128.736,64.2917,-0.847371,5.07754,7.68392,156.582,0.125,20.2095,0.51312
ppo,0,3,162,77.7325,130.1,65.2427,-0.842121,5.07448,7.69783,158.482,0.125,67.7337,0.51312
ppo,0,3,163,78.6895,131.48,66.2135,-0.834988,5.07104,7.71156,160.393,0.125,107.907,0.51312
ppo,0,3,164,79.6779,132.848,67.185,-0.823419,5.06858,7.72718,162.306,0.125,116.798,0.51312
ppo,0,3,165,80.6462,134.244,68.1622,-0.812343,5.06639,7.74216,164.234,0.125,56.8137,0.51312
ppo,0,3,166,81.6365,135.621,69.1531,-0.803825,5.06968,7.76229,166.159,0.125,30.5018,0.51312
ppo,0,3,167,82.6187,137.031,70.1353,-0.794014,5.07203,7.78125,168.103,0.125,131.386,0.51312
ppo,0,3,168,83.6169,138.418,71.1438,-0.784666,5.07553,7.79453,170.05,0.125,70.0575,0.51312
ppo,0,3,169,84.6175,139.83,72.1376,-0.773218,5.08124,7.80739,172.009,0.125,150.316,0.51312
ppo,0,3,170,85.6193,141.228,73.1639,-0.762305,5.08308,7.81715,173.975,0.125,87.939,0.51312
ppo,0,3,171,86.6391,142.648,74.172,-0.748809,5.08151,7.82869,175.962,0.125,162.014,0.51312
ppo,0,3,172,87.6535,144.062,75.214,-0.738001,5.08029,7.83952,177.956,0.125,182.209,0.51312
ppo,0,3,173,88.6944,145.496,76.2362,-0.72666,5.07781,7.84799,179.973,0.125,108.588,0.51312
ppo,0,3,174,89.7193,146.933,77.29,-0.712088,5.07527,7.85606,181.996,0.125,88.0574,0.51312
ppo,0,3,175,90.7696,148.384,78.326,-0.699284,5.07155,7.86273,184.038,0.125,181.772,0.51312
ppo,0,3,176,91.8048,149.839,79.3918,-0.685052,5.06782,7.86682,186.088,0.125,156.271,0.51312
ppo,0,3,177,92.8706,151.299,80.4432,-0.67024,5.06308,7.86841,188.154,0.125,223.27,0.51312
ppo,0,3,178,93.9168,152.765,81.5239,-0.654283,5.05506,7.86885,190.228,0.125,91.4936,0.51312
ppo,0,3,179,94.9936,154.233,82.5936,-0.634982,5.04465,7.86951,192.317,0.125,118.092,0.51312
ppo,0,3,180,96.0508,155.711,83.6918,-0.611555,5.03739,7.87027,194.41,0.125,220.598,0.51312
ppo,0,3,181,97.1414,157.188,84.7756,-0.590151,5.03359,7.87173,196.511,0.125,49.0143,0.51312
ppo,0,3,182,98.213,158.68,85.8858,-0.568965,5.03254,7.87389,198.624,0.125,216.726,0.51312
ppo,0,3,183,99.3164,160.179,86.9841,-0.548147,5.03373,7.87078,200.753,0.125,49.7024,0.51312
ppo,0,3,184,100.401,161.688,88.1121,-0.527506,5.03628,7.86701,202.893,0.125,253.214,0.51312
ppo,0,3,185,101.517,163.201,89.2256,-0.506418,5.03887,7.86043,205.047,0.125,34.5532,0.51312
ppo,0,3,186,102.618,164.724,90.3722,-0.489509,5.04197,7.85648,207.216,0.125,128.907,0.51312
ppo,0,3,187,103.747,166.259,91.5018,-0.472015,5.04705,7.85464,209.398,0.125,120.515,0.51312
ppo,0,3,188,104.863,167.795,92.6595,-0.456444,5.05497,7.85369,211.586,0.125,103.952,0.51312
ppo,0,3,189,106.004,169.347,93.7995,-0.442544,5.06331,7.85345,213.791,0.125,189.127,0.51312
ppo,0,3,190,107.14,170.896,94.9735,-0.42961,5.06962,7.85246,216.009,0.125,185.581,0.51312
ppo,0,3,191,108.291,172.471,96.1259,-0.418061,5.07668,7.85291,218.245,0.125,189.058,0.51312
ppo,0,3,192,109.448,174.035,97.3108,-0.407274,5.08602,7.85409,220.487,0.125,156.521,0.51312
ppo,0,3,193,110.613,175.633,98.4808,-0.398149,5.09668,7.85481,222.753,0.125,40.3324,0.51312
ppo,0,3,194,111.789,177.211,99.6767,-0.390602,5.10888,7.85485,225.022,0.125,102.946,0.51312
ppo,0,3,195,112.963,178.825,100.865,-0.38447,5.12269,7.85657,227.312,0.125,158.715,0.51312
ppo,0,3,196,114.163,180.418,102.07,-0.37832,5.13452,7.8581,229.608,0.125,163.8,0.51312
ppo,0,3,197,115.35,182.042,103.28,-0.372062,5.14643,7.85918,231.924,0.125,170.365,0.51312
ppo,0,3,198,116.566,183.653,104.492,-0.369907,5.15572,7.85656,234.251,0.125,352.201,0.51312
ppo,0,3,199,117.762,185.283,105.723,-0.366445,5.16486,7.85215,236.592,0.125,92.8847,0.51312
ppo,0,3,200,118.99,186.915,106.941,-0.363634,5.17184,7.84875,238.946,0.125,131.799,0.51312
ppo,0,3,201,120.2,188.547,108.192,-0.362142,5.17579,7.846,241.309,0.125,108.61,0.51312
ppo,0,3,202,121.432,190.198,109.428,-0.362594,5.17649,7.8426,243.693,0.125,250.893,0.51312
ppo,0,3,203,122.665,191.834,110.696,-0.364239,5.17753,7.8401,246.081,0.125,67.9323,0.51312
ppo,0,3,204,123.9,193.5,111.953,-0.368053,5.17639,7.84023,248.491,0.125,234.041,0.51312
ppo,0,3,205,125.156,195.143,113.231,-0.373486,5.1707,7.84206,250.907,0.125,239.533,0.51312
ppo,0,3,206,126.397,196.816,114.517,-0.377008,5.16867,7.84538,253.336,0.125,154.541,0.51312
ppo,0,3,207,127.67,198.484,115.797,-0.378743,5.1659,7.85187,255.774,0.125,132.023,0.51312
ppo,0,3,208,128.929,200.157,117.108,-0.381887,5.16264,7.85901,258.224,0.125,99.3839,0.51312
ppo,0,3,209,130.213,201.847,118.4,-0.384377,5.1633,7.86941,260.686,0.125,194.563,0.51312
ppo,0,3,210,131.498,203.523,119.724,-0.385414,5.16335,7.87755,263.153,0.125,87.2348,0.51312
ppo,0,3,211,132.78,205.229,121.039,-0.387343,5.16365,7.88538,265.638,0.125,139.856,0.51312
ppo,0,3,212,134.092,206.918,122.366,-0.389623,5.16413,7.89216,268.131,0.125,156.266,0.51312
ppo,0,3,213,135.383,208.628,123.704,-0.391483,5.16129,7.89712,270.638,0.125,316.437,0.51312
ppo,0,3,214,136.704,210.341,125.032,-0.392234,5.15741,7.90144,273.158,0.125,177.11,0.51312
ppo,0,3,215,138.018,212.045,126.391,-0.389938,5.15541,7.90523,275.68,0.125,426.407,0.51312
ppo,0,3,216,139.341,213.783,127.74,-0.386189,5.15466,7.90764,278.225,0.125,250.23,0.51312
ppo,0,3,217,140.687,215.501,129.105,-0.383842,5.15469,7.91068,280.775,0.125,52.3141,0.51312
ppo,0,3,218,142.015,217.245,130.485,-0.38035,5.15437,7.91511,283.341,0.125,235.435,0.51312
ppo,0,3,219,143.378,218.994,131.852,-0.380136,5.15256,7.91732,285.927,0.125,241.287,0.51312
ppo,0,3,220,144.734,220.735,133.253,-0.378723,5.14962,7.92104,288.519,0.125,362.419,0.51312
ppo,0,3,221,146.093,222.509,134.642,-0.377124,5.14693,7.92595,291.13,0.125,461.845,0.51312
ppo,0,3,222,147.481,224.265,136.041,-0.375257,5.14139,7.93349,293.749,0.125,218.249,0.51312
ppo,0,3,223,148.846,226.039,137.46,-0.374095,5.13667,7.94196,296.377,0.125,289.449,0.51312
ppo,0,3,224,150.235,227.825,138.863,-0.37453,5.12928,7.95294,299.022,0.125,203.746,0.51312
ppo,0,3,225,151.63,229.595,140.297,-0.36978,5.12072,7.96637,301.668,0.125,440.755,0.51312
ppo,0,3,226,153.01,231.396,141.729,-0.36544,5.11517,7.97616,304.33,0.125,322.454,0.51312
ppo,0,3,227,154.425,233.192,143.157,-0.359878,5.10912,7.98311,307.005,0.125,527.172,0.51312
ppo,0,3,228,155.831,234.987,144.619,-0.354465,5.10309,7.99114,309.69,0.125,124.464,0.51312
ppo,0,3,229,157.241,236.81,146.065,-0.346039,5.09698,7.99979,312.389,0.125,480.146,0.51312
ppo,0,3,230,158.678,238.615,147.52,-0.337321,5.08921,8.01015,315.092,0.125,421.324,0.51312
ppo,0,3,231,160.094,240.434,148.998,-0.325151,5.08206,8.02188,317.804,0.125,236.903,0.51312
ppo,0,3,232,161.53,242.277,150.457,-0.312991,5.07745,8.03166,320.534,0.125,331.455,0.51312
ppo,0,3,233,162.986,244.106,151.938,-0.302266,5.07394,8.04124,323.274,0.125,326.772,0.51312
ppo,0,3,234,164.424,245.961,153.436,-0.289682,5.07247,8.04664,326.031,0.125,452.749,0.51312
ppo,0,3,235,165.888,247.825,154.914,-0.276822,5.07064,8.05094,328.799,0.125,320.771,0.51312
ppo,0,3,236,167.362,249.67,156.421,-0.264339,5.06991,8.0538,331.574,0.125,74.1513,0.51312
ppo,0,3,237,168.818,251.545,157.936,-0.254326,5.0695,8.05575,334.364,0.125,160.664,0.51312
ppo,0,3,238,170.304,253.428,159.435,-0.247026,5.06586,8.05621,337.175,0.125,374.692,0.51312
ppo,0,3,239,171.796,255.297,160.965,-0.243562,5.06141,8.05912,339.993,0.125,490.631,0.51312
ppo,0,3,240,173.271,257.195,162.499,-0.241042,5.05562,8.06301,342.828,0.125,281.593,0.51312
ppo,0,3,241,174.775,259.102,164.017,-0.239245,5.04722,8.06565,345.68,0.125,224.89,0.51312
ppo,0,3,242,176.283,260.992,165.565,-0.237193,5.03837,8.06864,348.535,0.125,637.653,0.51312
ppo,0,3,243,177.77,262.913,167.121,-0.232381,5.02774,8.07052,351.407,0.125,330.812,0.51312
ppo,0,3,244,179.289,264.846,168.66,-0.228789,5.01712,8.07158,354.297,0.125,525.963,0.51312
ppo,0,3,245,180.816,266.763,170.229,-0.222283,5.00842,8.07352,357.19,0.125,647.97,0.51312
ppo,0,3,246,182.326,268.705,171.811,-0.214322,5.00057,8.07536,360.098,0.125,545.559,0.51312
ppo,0,3,247,183.862,270.658,173.373,-0.203304,4.99114,8.07572,363.018,0.125,534.271,0.51312
ppo,0,3,248,185.416,272.591,174.959,-0.188296,4.98173,8.07192,365.944,0.125,439.069,0.51312
ppo,0,3,249,186.951,274.545,176.564,-0.173294,4.97308,8.06464,368.885,0.125,251.715,0.51312
ppo,0,3,250,188.505,276.522,178.147,-0.157058,4.96225,8.0569,371.845,0.125,608.842,0.51312
ppo,0,3,251,190.085,278.481,179.744,-0.141025,4.9523,8.05216,374.809,0.125,571.634,0.51312
ppo,0,3,252,191.646,280.446,181.373,-0.127518,4.94189,8.04707,377.785,0.125,383.726,0.51312
ppo,0,3,253,193.209,282.441,182.989,-0.114976,4.93358,8.04324,380.776,0.125,402.749,0.51312
ppo,0,3,254,194.802,284.427,184.602,-0.103291,4.92594,8.03969,383.775,0.125,175.563,0.51312
ppo,0,3,255,196.39,286.406,186.244,-0.0977334,4.91927,8.03511,386.782,0.125,445.541,0.51312
ppo,0,3,256,197.964,288.419,187.89,-0.0895902,4.91169,8.0292,389.81,0.125,547.423,0.51312
ppo,0,3,257,199.57,290.442,189.518,-0.0774022,4.9023,8.02298,392.851,0.125,628.477,0.51312
ppo,0,3,258,201.193,292.443,191.166,-0.0648517,4.89539,8.01896,395.893,0.125,452.644,0.51312
ppo,0,3,259,202.8,294.458,192.839,-0.0495693,4.88663,8.01376,398.948,0.125,479.102,0.51312
ppo,0,3,260,204.416,296.505,194.494,-0.0311213,4.87698,8.01011,402.022,0.125,619.305,0.51312
ppo,0,3,261,206.063,298.541,196.147,-0.01295,4.86947,8.00789,405.101,0.125,578.051,0.51312
ppo,0,3,262,207.705,300.569,197.833,0.00729835,4.86303,8.00502,408.185,0.125,352.689,0.51312
ppo,0,3,263,209.329,302.627,199.523,0.030058,4.85455,7.99929,411.286,0.125,660.32,0.51312
ppo,0,3,264,210.979,304.706,201.196,0.0521358,4.84305,7.99274,414.41,0.125,534.451,0.51312
ppo,0,3,265,212.656,306.765,202.883,0.0759421,4.83078,7.98577,417.54,0.125,627.478,0.51312
ppo,0,3,266,214.315,308.827,204.601,0.100253,4.81759,7.97701,420.679,0.125,688.695,0.51312
ppo,0,3,267,215.963,310.926,206.315,0.124777,4.808,7.96521,423.836,0.125,503.698,0.51312
ppo,0,3,268,217.636,313.036,208.015,0.149794,4.8041,7.9496,427.005,0.125,426.101,0.51312
ppo,0,3,269,219.329,315.126,209.734,0.178657,4.79668,7.93274,430.18,0.125,601.46,0.51312
ppo,0,3,270,221.004,317.222,211.483,0.20849,4.78848,7.91477,433.365,0.125,468.543,0.51312
ppo,0,3,271,222.67,319.351,213.226,0.238127,4.78002,7.89541,436.568,0.125,777.242,0.51312
ppo,0,3,272,224.364,321.486,214.951,0.265656,4.7705,7.87526,439.783,0.125,433.931,0.51312
ppo,0,3,273,226.079,323.605,216.696,0.289232,4.76134,7.85471,443.009,0.125,554.002,0.51312
ppo,0,3,274,227.776,325.727,218.469,0.309902,4.74874,7.83522,446.245,0.125,847.16,0.51312
ppo,0,3,275,229.466,327.884,220.24,0.331672,4.73561,7.81809,449.5,0.125,441.392,0.51312
ppo,0,3,276,231.18,330.053,221.992,0.352905,4.72356,7.80216,452.767,0.125,470.365,0.51312
ppo,0,3,277,232.923,332.203,223.759,0.372814,4.71545,7.78629,456.039,0.125,781.759,0.51312
ppo,0,3,278,234.654,334.346,225.559,0.389657,4.70874,7.77105,459.317,0.125,870.948,0.51312
ppo,0,3,279,236.368,336.516,227.369,0.40683,4.70074,7.75304,462.612,0.125,694.707,0.51312
ppo,0,3,280,238.095,338.71,229.161,0.427382,4.69283,7.73327,465.923,0.125,310.202,0.51312
ppo,0,3,281,239.855,340.896,230.955,0.448501,4.68576,7.71319,469.244,0.125,679.302,0.51312
ppo,0,3,282,241.623,343.065,232.778,0.467697,4.67718,7.69516,472.572,0.125,591.259,0.51312
ppo,0,3,283,243.374,345.249,234.623,0.483954,4.67004,7.67531,475.915,0.125,534.795,0.51312
ppo,0,3,284,245.12,347.463,236.461,0.498141,4.66486,7.65722,479.272,0.125,202.979,0.51312
ppo,0,3,285,246.889,349.691,238.283,0.509037,4.66482,7.64547,482.639,0.125,617.772,0.51312
ppo,0,3,286,248.686,351.902,240.115,0.518158,4.66317,7.63293,486.015,0.125,540.346,0.51312
ppo,0,3,287,250.48,354.104,241.982,0.528315,4.66143,7.62522,489.397,0.125,652.128,0.51312
ppo,0,3,288,252.253,356.326,243.868,0.537861,4.66029,7.61394,492.793,0.125,121.125,0.51312
ppo,0,3,289,254.029,358.582,245.742,0.549226,4.66091,7.60488,496.207,0.125,732.023,0.51312
ppo,0,3,290,255.832,360.851,247.602,0.561431,4.65824,7.59584,499.639,0.125,505.078,0.51312
ppo,0,3,291,257.661,363.104,249.471,0.572143,4.65664,7.58395,503.079,0.125,878.54,0.51312
ppo,0,3,292,259.488,365.347,251.374,0.582579,4.65404,7.57034,506.529,0.125,704.651,0.51312
ppo,0,3,293,261.294,367.612,253.301,0.595664,4.65121,7.55777,509.994,0.125,480.216,0.51312
ppo,0,3,294,263.092,369.906,255.221,0.605617,4.64863,7.54387,513.475,0.125,346.706,0.51312
ppo,0,3,295,264.916,372.22,257.122,0.613932,4.6478,7.53147,516.972,0.125,888.495,0.51312
ppo,0,3,296,266.774,374.523,259.029,0.619083,4.64691,7.51926,520.484,0.125,619.563,0.51312
ppo,0,3,297,268.643,376.807,260.962,0.6243,4.64307,7.50923,524.003,0.125,759.797,0.51312
ppo,0,3,298,270.501,379.098,262.927,0.629868,4.63783,7.50445,527.534,0.125,533.264,0.51312
ppo,0,3,299,272.342,381.421,264.902,0.632366,4.63395,7.50018,531.084,0.125,578.592,0.51312
ppo,0,4,0,0,0,0,-2.38221,4.55793,6.5176,8.30233,0.125,0.617803,0.425568
ppo,0,4,1,0.0202204,0.0223846,-0.0203659,-2.41879,4.55995,6.49541,8.30624,0.125,0.747985,0.425568
ppo,0,4,2,0.0588252,0.0652681,-0.0625372,-2.45395,4.55882,6.47056,8.31789,0.125,0.688403,0.425568
ppo,0,4,3,0.113299,0.130367,-0.122623,-2.4888,4.55569,6.44677,8.33735,0.125,0.846862,0.425568
ppo,0,4,4,0.183385,0.214681,-0.20243,-2.52259,4.55407,6.42178,8.36856,0.125,0.409746,0.425568
ppo,0,4,5,0.265238,0.32456,-0.302493,-2.55387,4.55227,6.39766,8.4091,0.125,0.733103,0.425568
ppo,0,4,6,0.357264,0.459047,-0.4216,-2.58322,4.55182,6.37121,8.4581,0.125,0.850192,0.425568
ppo,0,4,7,0.463206,0.624994,-0.559501,-2.61227,4.5487,6.34382,8.51527,0.125,0.427163,0.425568
ppo,0,4,8,0.577707,0.820377,-0.713992,-2.64093,4.54556,6.31677,8.58302,0.125,0.880133,0.425568
ppo,0,4,9,0.69519,1.04775,-0.882372,-2.6687,4.54129,6.28969,8.65789,0.125,0.683195,0.425568
ppo,0,4,10,0.812164,1.30709,-1.06119,-2.69325,4.5344,6.26436,8.73884,0.125,0.795067,0.425568
ppo,0,4,11,0.925309,1.59839,-1.24747,-2.7185,4.52641,6.24176,8.82832,0.125,0.426154,0.425568
ppo,0,4,12,1.03146,1.92508,-1.43913,-2.74036,4.51583,6.21862,8.92075,0.125,1.07663,0.425568
ppo,0,4,13,1.12227,2.2847,-1.63168,-2.7574,4.50678,6.19298,9.01193,0.125,0.60532,0.425568
ppo,0,4,14,1.19539,2.67127,-1.8185,-2.77076,4.49511,6.16514,9.09918,0.125,0.990841,0.425568
ppo,0,4,15,1.24718,3.08287,-1.99139,-2.7835,4.4853,6.14121,9.18436,0.125,0.398222,0.425568
ppo,0,4,16,1.27872,3.51311,-2.1443,-2.79406,4.47322,6.11924,9.26259,0.125,0.776699,0.425568
ppo,0,4,17,1.28724,3.95683,-2.27021,-2.80163,4.4656,6.09676,9.32652,0.125,1.39678,0.425568
ppo,0,4,18,1.27879,4.40534,-2.36267,-2.81038,4.45719,6.07782,9.37902,0.125,0.950067,0.425568
ppo,0,4,19,1.25809,4.85208,-2.42229,-2.81806,4.44566,6.06094,9.42047,0.125,0.315635,0.425568
ppo,0,4,20,1.23494,5.28412,-2.45429,-2.82568,4.43505,6.04158,9.45459,0.125,0.916606,0.425568
ppo,0,4,21,1.21454,5.695,-2.45592,-2.8313,4.42065,6.02437,9.48199,0.125,1.12077,0.425568
ppo,0,4,22,1.20581,6.08383,-2.43488,-2.83827,4.40539,6.00894,9.51156,0.125,0.695764,0.425568
ppo,0,4,23,1.21877,6.45352,-2.39618,-2.8427,4.3891,5.99587,9.54903,0.125,0.714923,0.425568
ppo,0,4,24,1.26031,6.80503,-2.35519,-2.84509,4.37326,5.9824,9.60642,0.125,1.41817,0.425568
ppo,0,4,25,1.33589,7.14652,-2.31801,-2.84832,4.35653,5.96846,9.69316,0.125,0.538798,0.425568
ppo,0,4,26,1.44725,7.48859,-2.29621,-2.84793,4.33992,5.95384,9.81968,0.125,0.397981,0.425568
ppo,0,4,27,1.58042,7.84209,-2.29256,-2.84783,4.32445,5.93639,9.98493,0.125,0.567736,0.425568
ppo,0,4,28,1.73222,8.22005,-2.30597,-2.84672,4.30502,5.91829,10.1947,0.125,0.452523,0.425568
ppo,0,4,29,1.88858,8.63056,-2.33455,-2.84516,4.2836,5.9009,10.4464,0.125,0.521434,0.425568
ppo,0,4,30,2.03348,9.07378,-2.36611,-2.84066,4.26351,5.88112,10.7197,0.125,1.46668,0.425568
ppo,0,4,31,2.16039,9.5413,-2.38854,-2.83687,4.2442,5.86084,11.0038,0.125,0.789148,0.425568
ppo,0,4,32,2.26824,10.0258,-2.3847,-2.83196,4.22017,5.83823,11.2842,0.125,0.579401,0.425568
ppo,0,4,33,2.36011,10.5144,-2.34998,-2.82673,4.19619,5.81491,11.5537,0.125,1.12252,0.425568
ppo,0,4,34,2.44884,10.9902,-2.28187,-2.82284,4.16949,5.79338,11.8119,0.125,1.88864,0.425568
ppo,0,4,35,2.55259,11.4473,-2.1896,-2.8167,4.14333,5.77125,12.0645,0.125,1.02415,0.425568
ppo,0,4,36,2.68204,11.8869,-2.08594,-2.81039,4.1196,5.75024,12.3249,0.125,1.0023,0.425568
ppo,0,4,37,2.84632,12.3158,-1.9857,-2.80182,4.09383,5.73291,12.6127,0.125,1.58527,0.425568
ppo,0,4,38,3.03776,12.7507,-1.89952,-2.79041,4.06879,5.71625,12.9361,0.125,1.57236,0.425568
ppo,0,4,39,3.2466,13.2099,-1.83321,-2.77898,4.03964,5.69921,13.3093,0.125,1.02251,0.425568
ppo,0,4,40,3.45472,13.7023,-1.77871,-2.76601,4.01196,5.68807,13.7242,0.125,1.44054,0.425568
ppo,0,4,41,3.65045,14.2289,-1.71781,-2.75084,3.98954,5.6771,14.16,0.125,1.39108,0.425568
ppo,0,4,42,3.82584,14.7733,-1.63562,-2.73418,3.97079,5.66568,14.5958,0.125,1.49432,0.425568
ppo,0,4,43,3.99033,15.3146,-1.51921,-2.71407,3.95462,5.6553,15.0157,0.125,1.01344,0.425568
ppo,0,4,44,4.15838,15.8381,-1.37001,-2.69523,3.93611,5.64281,15.4211,0.125,1.17986,0.425568
ppo,0,4,45,4.35039,16.3394,-1.208,-2.67523,3.91543,5.63098,15.8268,0.125,1.20526,0.425568
ppo,0,4,46,4.57706,16.8312,-1.051,-2.65769,3.89648,5.62057,16.253,0.125,1.49812,0.425568
ppo,0,4,47,4.83007,17.3388,-0.910575,-2.64181,3.87703,5.61192,16.721,0.125,1.3358,0.425568
ppo,0,4,48,5.09185,17.8769,-0.787536,-2.62474,3.85818,5.60226,17.2308,0.125,2.01571,0.425568
ppo,0,4,49,5.34054,18.4448,-0.664491,-2.60656,3.83698,5.59284,17.7679,0.125,2.92295,0.425568
ppo,0,4,50,5.56633,19.0273,-0.517381,-2.58462,3.81592,5.58188,18.3037,0.125,2.52482,0.425568
ppo,0,4,51,5.78414,19.6048,-0.337003,-2.56203,3.79358,5.5731,18.8304,0.125,0.255267,0.425568
ppo,0,4,52,6.01347,20.1608,-0.129616,-2.5344,3.77289,5.56317,19.3401,0.125,2.0061,0.425568
ppo,0,4,53,6.27428,20.7014,0.0813681,-2.50619,3.75572,5.55935,19.856,0.125,2.91853,0.425568
ppo,0,4,54,6.56441,21.2477,0.275379,-2.47706,3.7387,5.55943,20.4019,0.125,0.984595,0.425568
ppo,0,4,55,6.86904,21.8208,0.450797,-2.44755,3.72285,5.56008,20.9866,0.125,2.6788,0.425568
ppo,0,4,56,7.16231,22.4247,0.622924,-2.4163,3.70955,5.56127,21.5962,0.125,1.87704,0.425568
ppo,0,4,57,7.43311,23.0462,0.820447,-2.38213,3.69363,5.56,22.2109,0.125,1.61056,0.425568
ppo,0,4,58,7.69854,23.6567,1.05354,-2.34625,3.67777,5.56073,22.8117,0.125,1.2656,0.425568
ppo,0,4,59,7.98422,24.2449,1.3071,-2.3131,3.66213,5.56433,23.4053,0.125,1.12862,0.425568
ppo,0,4,60,8.30033,24.8263,1.55138,-2.27736,3.64824,5.56859,24.0111,0.125,2.09561,0.425568
ppo,0,4,61,8.63316,25.4284,1.7759,-2.24199,3.63434,5.57314,24.651,0.125,2.34778,0.425568
ppo,0,4,62,8.95858,26.0636,1.99345,-2.20754,3.62154,5.57763,25.3214,0.125,2.8768,0.425568
ppo,0,4,63,9.26346,26.7193,2.23307,-2.1681,3.61255,5.58519,25.9969,0.125,3.78082,0.425568
ppo,0,4,64,9.56057,27.3685,2.50392,-2.1301,3.60496,5.59386,26.6632,0.125,2.14809,0.425568
ppo,0,4,65,9.87999,27.9967,2.79158,-2.09234,3.59519,5.60864,27.3259,0.125,1.86412,0.425568
ppo,0,4,66,10.2328,28.6218,3.07491,-2.0573,3.58792,5.62458,28.0044,0.125,3.01068,0.425568
ppo,0,4,67,10.6024,29.2758,3.33803,-2.02103,3.58213,5.64272,28.7198,0.125,2.36205,0.425568
ppo,0,4,68,10.9503,29.9582,3.6042,-1.98496,3.57618,5.66353,29.4546,0.125,8.50697,0.425568
ppo,0,4,69,11.2831,30.6498,3.8999,-1.9504,3.56815,5.68409,30.1947,0.125,2.96045,0.425568
ppo,0,4,70,11.6238,31.3233,4.22185,-1.91845,3.55865,5.70665,30.9269,0.125,1.80054,0.425568
ppo,0,4,71,11.9954,31.9859,4.54086,-1.88312,3.55086,5.72763,31.6634,0.125,2.10705,0.425568
ppo,0,4,72,12.3887,32.6704,4.83826,-1.84922,3.54589,5.74924,32.4313,0.125,7.20176,0.425568
ppo,0,4,73,12.7708,33.3867,5.13587,-1.81292,3.5443,5.77424,33.2214,0.125,4.62517,0.425568
ppo,0,4,74,13.1347,34.1126,5.46376,-1.77563,3.54361,5.80194,34.0131,0.125,0.557389,0.425568
ppo,0,4,75,13.5095,34.8202,5.8201,-1.73938,3.53749,5.82932,34.8014,0.125,9.69115,0.425568
ppo,0,4,76,13.9158,35.5172,6.17517,-1.70459,3.53282,5.85905,35.5963,0.125,4.03977,0.425568
ppo,0,4,77,14.3409,36.2416,6.51154,-1.67191,3.52976,5.89318,36.4261,0.125,10.4859,0.425568
ppo,0,4,78,14.7517,36.9947,6.85451,-1.64067,3.52514,5.92576,37.2798,0.125,8.16684,0.425568
ppo,0,4,79,15.148,37.751,7.22698,-1.61113,3.52497,5.95929,38.13,0.125,10.8898,0.425568
ppo,0,4,80,15.5649,38.4865,7.61944,-1.58472,3.5224,5.99397,38.9774,0.125,3.94529,0.425568
ppo,0,4,81,16.0122,39.2227,7.99729,-1.55635,3.52026,6.02793,39.8397,0.125,4.61366,0.425568
ppo,0,4,82,16.4621,39.9905,8.36307,-1.52861,3.5222,6.06339,40.7295,0.125,10.82,0.425568
ppo,0,4,83,16.8919,40.775,8.74927,-1.5027,3.52473,6.09901,41.629,0.125,4.37093,0.425568
ppo,0,4,84,17.3263,41.5423,9.16459,-1.47824,3.52603,6.13652,42.5208,0.125,6.0633,0.425568
ppo,0,4,85,17.7972,42.2958,9.58053,-1.4534,3.52732,6.1739,43.4188,0.125,19.6761,0.425568
ppo,0,4,86,18.2842,43.0724,9.97668,-1.43046,3.53388,6.21169,44.3412,0.125,5.47966,0.425568
ppo,0,4,87,18.7515,43.878,10.3863,-1.40794,3.53732,6.25359,45.2864,0.125,13.1122,0.425568
ppo,0,4,88,19.2153,44.6742,10.8286,-1.38944,3.54249,6.2962,46.2268,0.125,19.3304,0.425568
ppo,0,4,89,19.7089,45.4547,11.2785,-1.37463,3.5508,6.33694,47.1685,0.125,2.29158,0.425568
ppo,0,4,90,20.222,46.2576,11.709,-1.36354,3.5629,6.38086,48.1369,0.125,2.75829,0.425568
ppo,0,4,91,20.718,47.0864,12.1487,-1.35402,3.57437,6.42472,49.1247,0.125,18.9713,0.425568
ppo,0,4,92,21.2084,47.9078,12.6251,-1.34917,3.59012,6.46948,50.1078,0.125,11.68,0.425568
ppo,0,4,93,21.7282,48.7132,13.1059,-1.34539,3.60936,6.51415,51.0901,0.125,7.00129,0.425568
ppo,0,4,94,22.2651,49.5396,13.5676,-1.3461,3.62774,6.55953,52.1009,0.125,9.58475,0.425568
ppo,0,4,95,22.7832,50.3932,14.0404,-1.34461,3.64589,6.60814,53.1292,0.125,10.9061,0.425568
ppo,0,4,96,23.2987,51.236,14.5451,-1.3462,3.66729,6.65609,54.1515,0.125,9.66632,0.425568
ppo,0,4,97,23.8448,52.0684,15.0457,-1.34823,3.68972,6.7026,55.1797,0.125,8.55004,0.425568
ppo,0,4,98,24.3994,52.9299,15.5307,-1.34802,3.71645,6.74978,56.2317,0.125,9.72731,0.425568
ppo,0,4,99,24.9355,53.8076,16.0406,-1.34896,3.7436,6.7946,57.2954,0.125,12.9006,0.425568
ppo,0,4,100,25.4868,54.6642,16.5756,-1.35236,3.76917,6.83682,58.3566,0.125,2.62241,0.425568
ppo,0,4,101,26.0708,55.525,17.0977,-1.35952,3.79498,6.87888,59.4378,0.125,8.08694,0.425568
ppo,0,4,102,26.6465,56.417,17.6135,-1.36781,3.81942,6.92054,60.5446,0.125,1.95437,0.425568
ppo,0,4,103,27.2057,57.311,18.1621,-1.37594,3.84374,6.96442,61.6526,0.125,22.1682,0.425568
ppo,0,4,104,27.7938,58.1853,18.718,-1.38461,3.86697,7.00992,62.761,0.125,43.7271,0.425568
ppo,0,4,105,28.3979,59.0856,19.2547,-1.39491,3.88975,7.05172,63.8991,0.125,24.7253,0.425568
ppo,0,4,106,28.9797,60.0077,19.8104,-1.40641,3.91062,7.08723,65.0544,0.125,24.7095,0.425568
ppo,0,4,107,29.5725,60.913,20.3928,-1.42373,3.93148,7.11816,66.2109,0.125,27.6009,0.425568
ppo,0,4,108,30.2013,61.823,20.962,-1.43937,3.9528,7.14567,67.3868,0.125,24.8427,0.425568
ppo,0,4,109,30.8208,62.7654,21.5258,-1.45331,3.97374,7.17089,68.5868,0.125,17.1804,0.425568
ppo,0,4,110,31.4334,63.6964,22.1251,-1.46746,3.99303,7.19513,69.7844,0.125,21.8617,0.425568
ppo,0,4,111,32.0792,64.6157,22.7244,-1.47825,4.01091,7.21626,70.9898,0.125,19.0211,0.425568
ppo,0,4,112,32.7282,65.5653,23.3128,-1.48825,4.02921,7.23387,72.2218,0.125,19.8637,0.425568
ppo,0,4,113,33.3616,66.5208,23.9321,-1.49676,4.04623,7.24754,73.4612,0.125,24.3975,0.425568
ppo,0,4,114,34.0221,67.4615,24.5635,-1.50283,4.06455,7.26125,74.7032,0.125,3.9643,0.425568
ppo,0,4,115,34.6935,68.4297,25.176,-1.50791,4.08184,7.273,75.9718,0.125,24.2478,0.425568
ppo,0,4,116,35.3415,69.4127,25.8133,-1.51249,4.0985,7.28275,77.2499,0.125,20.6451,0.425568
ppo,0,4,117,36.0095,70.3739,26.464,-1.51608,4.11831,7.29466,78.5203,0.125,8.8695,0.425568
ppo,0,4,118,36.6974,71.3574,27.0977,-1.52238,4.13795,7.30878,79.8173,0.125,33.4219,0.425568
ppo,0,4,119,37.3703,72.3617,27.753,-1.53148,4.16166,7.32456,81.129,0.125,23.5893,0.425568
ppo,0,4,120,38.0589,73.3468,28.4244,-1.53862,4.18761,7.34094,82.4346,0.125,35.5528,0.425568
ppo,0,4,121,38.7688,74.352,29.0777,-1.54935,4.21421,7.35353,83.7663,0.125,39.7965,0.425568
ppo,0,4,122,39.456,75.3781,29.7527,-1.5614,4.2399,7.36454,85.1134,0.125,27.531,0.425568
ppo,0,4,123,40.1596,76.3846,30.4441,-1.57363,4.26633,7.37557,86.4573,0.125,25.4587,0.425568
ppo,0,4,124,40.8828,77.4141,31.1185,-1.58763,4.2917,7.38482,87.8289,0.125,24.6963,0.425568
ppo,0,4,125,41.5851,78.4621,31.8121,-1.60398,4.31684,7.39364,89.2136,0.125,19.9085,0.425568
ppo,0,4,126,42.3098,79.4913,32.5227,-1.62238,4.33686,7.40307,90.6048,0.125,30.2258,0.425568
ppo,0,4,127,43.049,80.5488,33.2184,-1.64146,4.3606,7.41281,92.0207,0.125,28.0955,0.425568
ppo,0,4,128,43.7663,81.6115,33.9383,-1.66193,4.38013,7.42171,93.4427,0.125,42.8631,0.425568
ppo,0,4,129,44.5142,82.6569,34.6691,-1.6822,4.39703,7.4274,94.8727,0.125,50.6758,0.425568
ppo,0,4,130,45.2634,83.7358,35.3918,-1.70337,4.41267,7.43297,96.3314,0.125,40.9607,0.425568
ppo,0,4,131,45.9984,84.8123,36.1487,-1.72583,4.42633,7.43704,97.795,0.125,8.77348,0.425568
ppo,0,4,132,46.7658,85.881,36.8974,-1.7512,4.43782,7.44039,99.2704,0.125,51.8051,0.425568
ppo,0,4,133,47.5241,86.98,37.6452,-1.776,4.45058,7.44541,100.765,0.125,67.1088,0.425568
ppo,0,4,134,48.2847,88.0673,38.4262,-1.80276,4.46635,7.44746,102.262,0.125,34.1143,0.425568
ppo,0,4,135,49.0746,89.1672,39.1924,-1.82675,4.48352,7.44902,103.778,0.125,41.3998,0.425568
ppo,0,4,136,49.8417,90.289,39.9741,-1.84868,4.49761,7.44659,105.31,0.125,16.9764,0.425568
ppo,0,4,137,50.6335,91.3851,40.7758,-1.86793,4.51401,7.44202,106.837,0.125,20.2157,0.425568
ppo,0,4,138,51.4361,92.5086,41.5607,-1.88865,4.52818,7.43755,108.39,0.125,59.312,0.425568
ppo,0,4,139,52.2241,93.6327,42.3749,-1.90627,4.54202,7.43415,109.946,0.125,3.47202,0.425568
ppo,0,4,140,53.0434,94.7498,43.1859,-1.92168,4.55389,7.4289,111.512,0.125,44.0876,0.425568
ppo,0,4,141,53.8497,95.897,44.0003,-1.93838,4.56418,7.42602,113.1,0.125,86.8711,0.425568
ppo,0,4,142,54.6681,97.0238,44.8444,-1.95804,4.57371,7.42286,114.691,0.125,51.7036,0.425568
ppo,0,4,143,55.5067,98.1674,45.6718,-1.97776,4.58146,7.42071,116.301,0.125,6.70561,0.425568
ppo,0,4,144,56.3262,99.3234,46.5279,-1.9962,4.58566,7.42267,117.924,0.125,70.0836,0.425568
ppo,0,4,145,57.176,100.469,47.3868,-2.01373,4.59105,7.42288,119.554,0.125,68.2334,0.425568
ppo,0,4,146,58.0135,101.647,48.2414,-2.03233,4.59576,7.42707,121.204,0.125,32.8906,0.425568
ppo,0,4,147,58.8577,102.803,49.124,-2.05036,4.60307,7.42815,122.848,0.125,24.0686,0.425568
ppo,0,4,148,59.7205,103.982,49.9875,-2.06846,4.60849,7.42753,124.516,0.125,57.8651,0.425568
ppo,0,4,149,60.5652,105.165,50.8814,-2.08848,4.61158,7.42451,126.194,0.125,96.0089,0.425568
ppo,0,4,150,61.4434,106.34,51.7677,-2.10692,4.61087,7.41901,127.883,0.125,37.2017,0.425568
ppo,0,4,151,62.3072,107.545,52.6612,-2.12591,4.61043,7.41331,129.593,0.125,38.6414,0.425568
ppo,0,4,152,63.1891,108.726,53.5737,-2.14604,4.60559,7.40744,131.306,0.125,31.3439,0.425568
ppo,0,4,153,64.0795,109.938,54.4703,-2.16845,4.60277,7.39859,133.041,0.125,83.3256,0.425568
ppo,0,4,154,64.9608,111.144,55.4013,-2.19033,4.59978,7.38913,134.781,0.125,70.5166,0.425568
ppo,0,4,155,65.8714,112.357,56.3175,-2.21029,4.59531,7.38101,136.537,0.125,82.228,0.425568
ppo,0,4,156,66.7575,113.589,57.2538,-2.22767,4.58845,7.37134,138.305,0.125,94.4408,0.425568
ppo,0,4,157,67.6747,114.808,58.1908,-2.244,4.58206,7.36038,140.079,0.125,104.628,0.425568
ppo,0,4,158,68.5791,116.058,59.1327,-2.25985,4.57702,7.34722,141.873,0.125,61.6973,0.425568
ppo,0,4,159,69.4994,117.291,60.0925,-2.2739,4.57058,7.33435,143.669,0.125,84.9146,0.425568
ppo,0,4,160,70.4282,118.553,61.0374,-2.28506,4.56406,7.32166,145.486,0.125,140.002,0.425568
ppo,0,4,161,71.3566,119.803,62.0121,-2.29458,4.56246,7.30946,147.3,0.125,109.031,0.425568
ppo,0,4,162,72.312,121.069,62.9682,-2.3059,4.5578,7.29345,149.138,0.125,163.872,0.425568
ppo,0,4,163,73.2479,122.336,63.9557,-2.31394,4.55587,7.27828,150.977,0.125,74.7059,0.425568
ppo,0,4,164,74.2134,123.605,64.9346,-2.31851,4.55704,7.26133,152.826,0.125,127.386,0.425568
ppo,0,4,165,75.1573,124.898,65.9323,-2.32068,4.56093,7.24129,154.688,0.125,103.782,0.425568
ppo,0,4,166,76.1343,126.175,66.9298,-2.3276,4.56165,7.22126,156.561,0.125,80.0257,0.425568
ppo,0,4,167,77.0971,127.484,67.9323,-2.33373,4.55946,7.2046,158.454,0.125,84.661,0.425568
ppo,0,4,168,78.0841,128.776,68.9487,-2.33723,4.55632,7.18785,160.352,0.125,193.526,0.425568
ppo,0,4,169,79.0636,130.101,69.9636,-2.34115,4.55559,7.17389,162.268,0.125,128.558,0.425568
ppo,0,4,170,80.0558,131.404,70.9993,-2.3455,4.55502,7.15713,164.184,0.125,86.6727,0.425568
ppo,0,4,171,81.0503,132.738,72.0221,-2.3477,4.55744,7.13965,166.118,0.125,79.0655,0.425568
ppo,0,4,172,82.0508,134.059,73.0724,-2.35143,4.55913,7.12597,168.056,0.125,20.3784,0.425568
ppo,0,4,173,83.062,135.404,74.1059,-2.35715,4.56239,7.10784,170.014,0.125,86.9973,0.425568
ppo,0,4,174,84.0721,136.734,75.17,-2.36264,4.56569,7.08916,171.972,0.125,113.412,0.425568
ppo,0,4,175,85.0995,138.09,76.2138,-2.36711,4.57176,7.07171,173.949,0.125,185.349,0.425568
ppo,0,4,176,86.1178,139.441,77.2886,-2.3678,4.57938,7.05306,175.927,0.125,83.748,0.425568
ppo,0,4,177,87.1599,140.812,78.3449,-2.36783,4.58743,7.03727,177.925,0.125,117.877,0.425568
ppo,0,4,178,88.1887,142.178,79.4331,-2.36624,4.59396,7.01766,179.927,0.125,79.3195,0.425568
ppo,0,4,179,89.239,143.558,80.4995,-2.36296,4.59826,6.99958,181.942,0.125,102.192,0.425568
ppo,0,4,180,90.2771,144.939,81.5976,-2.35831,4.60448,6.98294,183.963,0.125,66.0524,0.425568
ppo,0,4,181,91.3407,146.335,82.6764,-2.35538,4.61189,6.96262,186.003,0.125,241.85,0.425568
ppo,0,4,182,92.3947,147.729,83.7858,-2.34932,4.61978,6.94168,188.047,0.125,218.174,0.425568
ppo,0,4,183,93.4726,149.134,84.8767,-2.34469,4.6249,6.92098,190.108,0.125,264.663,0.425568
ppo,0,4,184,94.5386,150.535,85.9984,-2.33581,4.62804,6.90353,192.171,0.125,198.095,0.425568
ppo,0,4,185,95.6261,151.958,87.1005,-2.32317,4.63182,6.88699,194.251,0.125,112.835,0.425568
ppo,0,4,186,96.7049,153.373,88.2335,-2.30899,4.63235,6.87231,196.335,0.125,108.827,0.425568
ppo,0,4,187,97.8046,154.812,89.3471,-2.29144,4.63214,6.85711,198.438,0.125,13.3572,0.425568
ppo,0,4,188,98.8988,156.239,90.4946,-2.27504,4.63699,6.84405,200.541,0.125,111.548,0.425568
ppo,0,4,189,100.007,157.695,91.6244,-2.25961,4.64567,6.83398,202.662,0.125,143.04,0.425568
ppo,0,4,190,101.118,159.136,92.7841,-2.24658,4.65395,6.82905,204.786,0.125,230.621,0.425568
ppo,0,4,191,102.233,160.606,93.9253,-2.23214,4.66464,6.82465,206.923,0.125,254.546,0.425568
ppo,0,4,192,103.361,162.054,95.0908,-2.21854,4.6747,6.81954,209.063,0.125,113.673,0.425568
ppo,0,4,193,104.488,163.537,96.2497,-2.20385,4.68507,6.82014,211.222,0.125,233.511,0.425568
ppo,0,4,194,105.636,164.997,97.428,-2.18848,4.69522,6.82118,213.383,0.125,209.457,0.425568
ppo,0,4,195,106.771,166.49,98.6085,-2.1726,4.70771,6.81866,215.563,0.125,118.043,0.425568
ppo,0,4,196,107.934,167.971,99.797,-2.15787,4.71966,6.81678,217.753,0.125,168.166,0.425568
ppo,0,4,197,109.077,169.472,101,-2.14475,4.72807,6.81748,219.957,0.125,96.0938,0.425568
ppo,0,4,198,110.256,170.967,102.198,-2.1303,4.74076,6.81852,222.17,0.125,310.519,0.425568
ppo,0,4,199,111.417,172.468,103.421,-2.1154,4.75396,6.81787,224.387,0.125,151.393,0.425568
ppo,0,4,200,112.603,173.976,104.626,-2.10198,4.76562,6.8165,226.619,0.125,36.5251,0.425568
ppo,0,4,201,113.783,175.48,105.866,-2.08717,4.77771,6.81364,228.859,0.125,166.069,0.425568
ppo,0,4,202,114.974,177.011,107.087,-2.07511,4.78986,6.81207,231.118,0.125,339.899,0.425568
ppo,0,4,203,116.176,178.521,108.337,-2.06383,4.80726,6.81288,233.376,0.125,219.173,0.425568
ppo,0,4,204,117.371,180.065,109.582,-2.05288,4.82552,6.81185,235.653,0.125,246.916,0.425568
ppo,0,4,205,118.596,181.588,110.836,-2.04004,4.84216,6.80908,237.936,0.125,330.992,0.425568
ppo,0,4,206,119.804,183.131,112.107,-2.0264,4.85696,6.80803,240.233,0.125,119.972,0.425568
ppo,0,4,207,121.048,184.671,113.365,-2.01371,4.87208,6.80696,242.542,0.125,215.721,0.425568
ppo,0,4,208,122.28,186.211,114.654,-2.0034,4.88607,6.80467,244.86,0.125,61.7011,0.425568
ppo,0,4,209,123.528,187.777,115.924,-1.99347,4.89742,6.80393,247.2,0.125,119.741,0.425568
ppo,0,4,210,124.79,189.323,117.22,-1.98292,4.90764,6.79984,249.546,0.125,350.132,0.425568
ppo,0,4,211,126.04,190.904,118.51,-1.97099,4.91748,6.79539,251.909,0.125,228.522,0.425568
ppo,0,4,212,127.32,192.468,119.804,-1.96374,4.92673,6.78938,254.28,0.125,235.428,0.425568
ppo,0,4,213,128.578,194.052,121.123,-1.96046,4.93267,6.78234,256.671,0.125,94.6787,0.425568
ppo,0,4,214,129.866,195.648,122.425,-1.9573,4.93571,6.77261,259.083,0.125,380.069,0.425568
ppo,0,4,215,131.152,197.232,123.761,-1.95596,4.94086,6.76321,261.5,0.125,366.018,0.425568
ppo,0,4,216,132.439,198.849,125.085,-1.9554,4.94288,6.75612,263.938,0.125,288.022,0.425568
ppo,0,4,217,133.756,200.448,126.418,-1.9566,4.94993,6.74761,266.38,0.125,181.002,0.425568
ppo,0,4,218,135.048,202.067,127.771,-1.95424,4.95142,6.73856,268.837,0.125,43.5228,0.425568
ppo,0,4,219,136.369,203.698,129.106,-1.9547,4.95202,6.73095,271.31,0.125,404.161,0.425568
ppo,0,4,220,137.687,205.319,130.474,-1.95664,4.94925,6.7254,273.792,0.125,286.207,0.425568
ppo,0,4,221,139.002,206.973,131.833,-1.95657,4.94848,6.7195,276.29,0.125,293.322,0.425568
ppo,0,4,222,140.348,208.609,133.193,-1.95726,4.94982,6.71475,278.792,0.125,256.114,0.425568
ppo,0,4,223,141.675,210.259,134.579,-1.96002,4.95228,6.70414,281.308,0.125,186.568,0.425568
ppo,0,4,224,143.03,211.929,135.943,-1.96078,4.95599,6.69231,283.841,0.125,295.481,0.425568
ppo,0,4,225,144.395,213.579,137.334,-1.96132,4.95949,6.6814,286.378,0.125,323.667,0.425568
ppo,0,4,226,145.743,215.263,138.726,-1.96025,4.96237,6.66923,288.932,0.125,433.144,0.425568
ppo,0,4,227,147.124,216.947,140.111,-1.96004,4.96528,6.65512,291.501,0.125,245.955,0.425568
ppo,0,4,228,148.495,218.626,141.524,-1.9625,4.96762,6.63952,294.077,0.125,392.23,0.425568
ppo,0,4,229,149.865,220.337,142.927,-1.96485,4.96791,6.62116,296.674,0.125,156.212,0.425568
ppo,0,4,230,151.268,222.033,144.336,-1.9654,4.97091,6.60268,299.277,0.125,218.504,0.425568
ppo,0,4,231,152.65,223.742,145.774,-1.96485,4.97304,6.586,301.892,0.125,527.872,0.425568
ppo,0,4,232,154.047,225.478,147.195,-1.96611,4.97503,6.56923,304.528,0.125,320.03,0.425568
ppo,0,4,233,155.464,227.192,148.633,-1.96422,4.97562,6.55728,307.163,0.125,401.032,0.425568
ppo,0,4,234,156.858,228.93,150.093,-1.96514,4.97501,6.54987,309.815,0.125,102.061,0.425568
ppo,0,4,235,158.278,230.689,151.539,-1.96596,4.97494,6.54331,312.488,0.125,393.261,0.425568
ppo,0,4,236,159.713,232.43,153.012,-1.96745,4.97089,6.53904,315.171,0.125,177.102,0.425568
ppo,0,4,237,161.129,234.199,154.496,-1.96866,4.96903,6.53722,317.866,0.125,425.612,0.425568
ppo,0,4,238,162.575,235.976,155.964,-1.97355,4.96589,6.53418,320.579,0.125,424.402,0.425568
ppo,0,4,239,164.03,237.732,157.461,-1.97898,4.96321,6.53453,323.294,0.125,392.691,0.425568
ppo,0,4,240,165.467,239.52,158.968,-1.98258,4.96206,6.53299,326.027,0.125,201.38,0.425568
ppo,0,4,241,166.929,241.32,160.46,-1.98642,4.96228,6.53205,328.772,0.125,371.79,0.425568
ppo,0,4,242,168.402,243.103,161.981,-1.99021,4.96306,6.52846,331.526,0.125,249.1,0.425568
ppo,0,4,243,169.863,244.916,163.512,-1.99383,4.96197,6.5236,334.302,0.125,416.379,0.425568
ppo,0,4,244,171.352,246.739,165.026,-1.99499,4.96329,6.51785,337.09,0.125,431.815,0.425568
ppo,0,4,245,172.849,248.544,166.566,-1.99613,4.96801,6.51263,339.878,0.125,586.288,0.425568
ppo,0,4,246,174.328,250.372,168.123,-1.99458,4.97182,6.50899,342.68,0.125,551.013,0.425568
ppo,0,4,247,175.83,252.215,169.66,-1.99401,4.97766,6.51009,345.493,0.125,267.19,0.425568
ppo,0,4,248,177.352,254.041,171.218,-1.99282,4.98417,6.50614,348.316,0.125,236.112,0.425568
ppo,0,4,249,178.85,255.883,172.794,-1.99478,4.98922,6.5066,351.147,0.125,151.276,0.425568
ppo,0,4,250,180.36,257.749,174.354,-1.99282,4.99624,6.507,353.991,0.125,202.984,0.425568
ppo,0,4,251,181.901,259.595,175.923,-1.99095,5.00398,6.50857,356.839,0.125,217.198,0.425568
ppo,0,4,252,183.421,261.445,177.525,-1.98515,5.00814,6.50842,359.697,0.125,166.031,0.425568
ppo,0,4,253,184.941,263.331,179.115,-1.98295,5.0148,6.50948,362.575,0.125,28.0859,0.425568
ppo,0,4,254,186.497,265.21,180.703,-1.98252,5.02292,6.50998,365.466,0.125,326.011,0.425568
ppo,0,4,255,188.051,267.076,182.323,-1.97966,5.02721,6.50944,368.364,0.125,449.591,0.425568
ppo,0,4,256,189.59,268.973,183.945,-1.97549,5.03373,6.51013,371.274,0.125,258.402,0.425568
ppo,0,4,257,191.156,270.882,185.55,-1.97333,5.04234,6.51096,374.199,0.125,317.061,0.425568
ppo,0,4,258,192.743,272.771,187.178,-1.97386,5.04957,6.51115,377.133,0.125,272.24,0.425568
ppo,0,4,259,194.307,274.675,188.832,-1.97169,5.06026,6.50823,380.078,0.125,670.884,0.425568
ppo,0,4,260,195.875,276.613,190.469,-1.96934,5.06729,6.50649,383.043,0.125,289.383,0.425568
ppo,0,4,261,197.474,278.543,192.104,-1.96674,5.07659,6.50411,386.015,0.125,67.4464,0.425568
ppo,0,4,262,199.071,280.46,193.769,-1.96269,5.08393,6.50019,388.994,0.125,230.202,0.425568
ppo,0,4,263,200.648,282.406,195.44,-1.9597,5.09085,6.49345,391.988,0.125,269.822,0.425568
ppo,0,4,264,202.25,284.369,197.092,-1.95975,5.09717,6.48502,395,0.125,396.008,0.425568
ppo,0,4,265,203.878,286.313,198.756,-1.95964,5.10353,6.47921,398.018,0.125,407.015,0.425568
ppo,0,4,266,205.497,288.257,200.451,-1.95866,5.11052,6.47192,401.045,0.125,549.728,0.425568
ppo,0,4,267,207.105,290.233,202.141,-1.95513,5.1145,6.46586,404.089,0.125,139.601,0.425568
ppo,0,4,268,208.743,292.221,203.817,-1.95447,5.11983,6.45754,407.151,0.125,408.833,0.425568
ppo,0,4,269,210.402,294.188,205.512,-1.95584,5.12535,6.45071,410.217,0.125,534.501,0.425568
ppo,0,4,270,212.047,296.163,207.238,-1.95635,5.1303,6.44538,413.298,0.125,743.737,0.425568
ppo,0,4,271,213.686,298.17,208.96,-1.95521,5.13399,6.43829,416.397,0.125,358.656,0.425568
ppo,0,4,272,215.354,300.185,210.666,-1.95332,5.13699,6.43015,419.51,0.125,733.465,0.425568
ppo,0,4,273,217.042,302.18,212.392,-1.95358,5.14264,6.42273,422.627,0.125,413.499,0.425568
ppo,0,4,274,218.712,304.181,214.15,-1.95047,5.14939,6.41052,425.755,0.125,732.528,0.425568
ppo,0,4,275,220.369,306.212,215.903,-1.94786,5.15832,6.39668,428.896,0.125,445.167,0.425568
ppo,0,4,276,222.055,308.253,217.638,-1.94223,5.16439,6.38037,432.05,0.125,589.781,0.425568
ppo,0,4,277,223.765,310.273,219.389,-1.94201,5.17113,6.36236,435.214,0.125,223.268,0.425568
ppo,0,4,278,225.465,312.287,221.169,-1.94237,5.17364,6.34353,438.387,0.125,275.907,0.425568
ppo,0,4,279,227.149,314.33,222.959,-1.94483,5.17698,6.32289,441.578,0.125,605.672,0.425568
ppo,0,4,280,228.846,316.397,224.733,-1.94841,5.18035,6.30387,444.785,0.125,242.377,0.425568
ppo,0,4,281,230.578,318.451,226.505,-1.95288,5.17763,6.28112,448.006,0.125,356.294,0.425568
ppo,0,4,282,232.314,320.486,228.309,-1.95668,5.17392,6.25988,451.232,0.125,276.067,0.425568
ppo,0,4,283,234.029,322.541,230.139,-1.95829,5.17171,6.2364,454.473,0.125,408.522,0.425568
ppo,0,4,284,235.745,324.627,231.955,-1.96223,5.16708,6.21419,457.732,0.125,888.869,0.425568
ppo,0,4,285,237.49,326.72,233.759,-1.97007,5.16589,6.193,461.003,0.125,419.581,0.425568
ppo,0,4,286,239.26,328.795,235.576,-1.97662,5.16596,6.16798,464.283,0.125,232.903,0.425568
ppo,0,4,287,241.022,330.862,237.424,-1.98294,5.165,6.14216,467.57,0.125,219.292,0.425568
ppo,0,4,288,242.765,332.952,239.286,-1.99012,5.16759,6.11538,470.868,0.125,401.093,0.425568
ppo,0,4,289,244.516,335.072,241.134,-1.99831,5.17037,6.08896,474.184,0.125,816.648,0.425568
ppo,0,4,290,246.295,337.196,242.968,-2.00533,5.17272,6.06804,477.508,0.125,373.994,0.425568
ppo,0,4,291,248.101,339.302,244.818,-2.01029,5.17516,6.04935,480.84,0.125,821.587,0.425568
ppo,0,4,292,249.903,341.401,246.706,-2.01161,5.17608,6.03147,484.182,0.125,741.229,0.425568
ppo,0,4,293,251.688,343.522,248.612,-2.01557,5.17877,6.01211,487.541,0.125,778.32,0.425568
ppo,0,4,294,253.475,345.675,250.508,-2.01828,5.1808,5.99293,490.918,0.125,808.84,0.425568
ppo,0,4,295,255.292,347.835,252.386,-2.02128,5.18422,5.97416,494.306,0.125,826.654,0.425568
ppo,0,4,296,257.138,349.975,254.273,-2.02068,5.1902,5.9533,497.697,0.125,967.459,0.425568
ppo,0,4,297,258.987,352.104,256.191,-2.02033,5.195,5.93108,501.099,0.125,819.647,0.425568
ppo,0,4,298,260.814,354.246,258.135,-2.01678,5.19851,5.9106,504.511,0.125,1002.58,0.425568
ppo,0,4,299,262.629,356.423,260.082,-2.01312,5.20634,5.89287,507.938,0.125,766.678,0.425568
ppo,0,5,0,0,0,0,-4.24206,-3.07591,8.14162,9.68206,0.125,1.06913,0.54105
ppo,0,5,1,0.0201145,0.0239199,-0.0196,-4.18122,-3.05216,8.15913,9.69562,0.125,1.13974,0.54105
ppo,0,5,2,0.0582058,0.0694315,-0.0599313,-4.11931,-3.02366,8.17626,9.73928,0.125,0.930087,0.54105
ppo,0,5,3,0.113804,0.136802,-0.11862,-4.05903,-2.99173,8.19403,9.81328,0.125,0.10896,0.54105
ppo,0,5,4,0.186882,0.226489,-0.197086,-4.00347,-2.95738,8.21376,9.92161,0.125,0.566324,0.54105
ppo,0,5,5,0.277346,0.34112,-0.295618,-3.95265,-2.91904,8.23148,10.0615,0.125,0.776001,0.54105
ppo,0,5,6,0.37948,0.483866,-0.412666,-3.90081,-2.87982,8.25021,10.2314,0.125,0.0971086,0.54105
ppo,0,5,7,0.496986,0.653924,-0.549425,-3.85435,-2.83596,8.2693,10.4347,0.125,1.16044,0.54105
ppo,0,5,8,0.623738,0.854694,-0.700758,-3.80902,-2.79127,8.2888,10.6656,0.125,0.490694,0.54105
ppo,0,5,9,0.755126,1.08342,-0.865725,-3.76566,-2.74475,8.30471,10.9174,0.125,1.03269,0.54105
ppo,0,5,10,0.889128,1.34286,-1.0399,-3.72248,-2.70012,8.31806,11.1886,0.125,0.506965,0.54105
ppo,0,5,11,1.01561,1.63833,-1.22429,-3.68316,-2.65452,8.33272,11.4823,0.125,0.496598,0.54105
ppo,0,5,12,1.13373,1.96704,-1.41487,-3.64891,-2.6064,8.34841,11.7946,0.125,1.41643,0.54105
ppo,0,5,13,1.23821,2.32748,-1.60398,-3.61829,-2.55786,8.36105,12.1142,0.125,1.21112,0.54105
ppo,0,5,14,1.32856,2.72431,-1.78803,-3.59004,-2.50508,8.37368,12.4418,0.125,1.48504,0.54105
ppo,0,5,15,1.40072,3.14666,-1.96041,-3.56152,-2.45095,8.38772,12.7687,0.125,1.33099,0.54105
ppo,0,5,16,1.45448,3.59238,-2.11475,-3.53818,-2.39704,8.39981,13.0903,0.125,1.13059,0.54105
ppo,0,5,17,1.49278,4.0517,-2.24466,-3.51995,-2.34509,8.41216,13.402,0.125,1.5089,0.54105
ppo,0,5,18,1.52056,4.52038,-2.34517,-3.50256,-2.29389,8.42267,13.6972,0.125,0.942366,0.54105
ppo,0,5,19,1.53852,4.9902,-2.41154,-3.48745,-2.24293,8.43234,13.9703,0.125,0.850139,0.54105
ppo,0,5,20,1.55133,5.45242,-2.44708,-3.47823,-2.19314,8.43974,14.2223,0.125,0.772244,0.54105
ppo,0,5,21,1.57288,5.89924,-2.45673,-3.4703,-2.1441,8.44467,14.4558,0.125,0.7261,0.54105
ppo,0,5,22,1.61216,6.32806,-2.43863,-3.46567,-2.0984,8.45034,14.6751,0.125,1.03651,0.54105
ppo,0,5,23,1.67386,6.73872,-2.40047,-3.46324,-2.05353,8.45186,14.8818,0.125,0.807875,0.54105
ppo,0,5,24,1.76706,7.13166,-2.35939,-3.4635,-2.00819,8.4541,15.0939,0.125,2.88062,0.54105
ppo,0,5,25,1.89286,7.51711,-2.3225,-3.46651,-1.96444,8.4572,15.324,0.125,0.433343,0.54105
ppo,0,5,26,2.0471,7.90428,-2.29953,-3.47051,-1.91799,8.45749,15.5767,0.125,1.64185,0.54105
ppo,0,5,27,2.22792,8.30305,-2.29569,-3.47511,-1.87214,8.45676,15.8642,0.125,2.43712,0.54105
ppo,0,5,28,2.42181,8.72592,-2.3114,-3.48258,-1.82839,8.45471,16.1915,0.125,2.00121,0.54105
ppo,0,5,29,2.621,9.182,-2.33926,-3.49136,-1.78767,8.45128,16.5569,0.125,0.91199,0.54105
ppo,0,5,30,2.81051,9.67169,-2.37009,-3.50346,-1.74853,8.44205,16.9467,0.125,1.59148,0.54105
ppo,0,5,31,2.98025,10.1914,-2.39091,-3.51619,-1.71151,8.43175,17.3497,0.125,0.661693,0.54105
ppo,0,5,32,3.13124,10.7302,-2.38431,-3.53263,-1.67661,8.4181,17.749,0.125,0.544845,0.54105
ppo,0,5,33,3.27017,11.2703,-2.34526,-3.55027,-1.64477,8.4038,18.1345,0.125,2.12761,0.54105
ppo,0,5,34,3.40904,11.7999,-2.2707,-3.5691,-1.61802,8.38572,18.5012,0.125,0.595485,0.54105
ppo,0,5,35,3.56673,12.3063,-2.17204,-3.59031,-1.59352,8.36383,18.8529,0.125,2.05056,0.54105
ppo,0,5,36,3.75405,12.792,-2.06213,-3.61355,-1.56991,8.3409,19.2034,0.125,1.37317,0.54105
ppo,0,5,37,3.97511,13.2697,-1.95444,-3.64119,-1.54916,8.31579,19.5725,0.125,4.12727,0.54105
ppo,0,5,38,4.22627,13.753,-1.86463,-3.66473,-1.53028,8.28728,19.9726,0.125,2.18236,0.54105
ppo,0,5,39,4.49396,14.2575,-1.79291,-3.68698,-1.51027,8.25897,20.4105,0.125,2.04706,0.54105
ppo,0,5,40,4.75828,14.7925,-1.73156,-3.70446,-1.49151,8.23126,20.8817,0.125,4.799,0.54105
ppo,0,5,41,5.00602,15.3587,-1.66558,-3.72512,-1.47266,8.2002,21.3744,0.125,3.34984,0.54105
ppo,0,5,42,5.23381,15.9429,-1.57703,-3.74573,-1.45732,8.16499,21.8702,0.125,2.93139,0.54105
ppo,0,5,43,5.44977,16.5254,-1.45886,-3.76542,-1.44689,8.12959,22.3576,0.125,4.38202,0.54105
ppo,0,5,44,5.67161,17.0898,-1.31177,-3.78563,-1.43838,8.09497,22.8303,0.125,1.74542,0.54105
ppo,0,5,45,5.91687,17.6388,-1.15371,-3.8053,-1.43307,8.05987,23.3055,0.125,1.54646,0.54105
ppo,0,5,46,6.19582,18.177,-1.0024,-3.82356,-1.43086,8.02413,23.7978,0.125,4.9482,0.54105
ppo,0,5,47,6.50014,18.7309,-0.869843,-3.84109,-1.4281,7.98698,24.3264,0.125,3.56626,0.54105
ppo,0,5,48,6.80929,19.3154,-0.750347,-3.85618,-1.42699,7.95098,24.894,0.125,2.52575,0.54105
ppo,0,5,49,7.10156,19.9304,-0.626548,-3.86741,-1.42666,7.9154,25.4835,0.125,5.32202,0.54105
ppo,0,5,50,7.37605,20.5611,-0.479073,-3.87873,-1.42193,7.87927,26.0727,0.125,1.60468,0.54105
ppo,0,5,51,7.64308,21.1867,-0.298922,-3.88576,-1.41741,7.84291,26.6486,0.125,3.87808,0.54105
ppo,0,5,52,7.92699,21.7939,-0.095392,-3.89178,-1.41331,7.8069,27.2159,0.125,1.68212,0.54105
ppo,0,5,53,8.24029,22.3866,0.109402,-3.89864,-1.40653,7.7731,27.7885,0.125,3.04811,0.54105
ppo,0,5,54,8.58149,22.9824,0.295356,-3.90529,-1.39815,7.73869,28.3854,0.125,3.19675,0.54105
ppo,0,5,55,8.9361,23.6053,0.46225,-3.90952,-1.39204,7.70741,29.0236,0.125,4.44172,0.54105
ppo,0,5,56,9.27759,24.261,0.632314,-3.91426,-1.38596,7.67629,29.6885,0.125,1.35637,0.54105
ppo,0,5,57,9.6003,24.933,0.826913,-3.92087,-1.37664,7.64362,30.356,0.125,4.67085,0.54105
ppo,0,5,58,9.91953,25.5936,1.05334,-3.92333,-1.36311,7.61235,31.005,0.125,7.77315,0.54105
ppo,0,5,59,10.2634,26.2342,1.29475,-3.92563,-1.35239,7.58269,31.6526,0.125,4.45457,0.54105
ppo,0,5,60,10.6386,26.8703,1.53187,-3.93013,-1.34256,7.55388,32.3184,0.125,1.73026,0.54105
ppo,0,5,61,11.0337,27.5245,1.74451,-3.93175,-1.33437,7.52337,33.018,0.125,0.563358,0.54105
ppo,0,5,62,11.4201,28.211,1.95598,-3.93165,-1.32736,7.49054,33.7465,0.125,2.56386,0.54105
ppo,0,5,63,11.7856,28.9192,2.18915,-3.93176,-1.31957,7.45594,34.4842,0.125,2.01062,0.54105
ppo,0,5,64,12.1452,29.6176,2.45823,-3.93035,-1.31281,7.4169,35.2093,0.125,4.94785,0.54105
ppo,0,5,65,12.5272,30.2944,2.74317,-3.92757,-1.30668,7.37996,35.9289,0.125,6.83211,0.54105
ppo,0,5,66,12.942,30.9684,3.01228,-3.92322,-1.30084,7.34527,36.6676,0.125,3.88641,0.54105
ppo,0,5,67,13.3704,31.6678,3.2632,-3.91933,-1.29691,7.31369,37.4434,0.125,2.90538,0.54105
ppo,0,5,68,13.7859,32.4022,3.51872,-3.91354,-1.29502,7.28213,38.2484,0.125,8.44747,0.54105
ppo,0,5,69,14.1869,33.1441,3.80283,-3.90676,-1.29119,7.2507,39.052,0.125,2.36236,0.54105
ppo,0,5,70,14.599,33.8697,4.11366,-3.89705,-1.28934,7.21649,39.8483,0.125,8.71493,0.54105
ppo,0,5,71,15.0441,34.5843,4.42329,-3.89169,-1.28781,7.18304,40.6569,0.125,2.98198,0.54105
ppo,0,5,72,15.5094,35.323,4.7144,-3.88396,-1.28647,7.14625,41.5002,0.125,5.15473,0.54105
ppo,0,5,73,15.9672,36.0996,5.00102,-3.87681,-1.28544,7.10844,42.3776,0.125,9.52383,0.54105
ppo,0,5,74,16.4085,36.8901,5.31482,-3.86856,-1.28403,7.0716,43.2609,0.125,11.3223,0.54105
ppo,0,5,75,16.8558,37.6617,5.65695,-3.8605,-1.28219,7.03949,44.1328,0.125,2.6342,0.54105
ppo,0,5,76,17.3347,38.4241,5.99503,-3.85013,-1.27953,7.01104,45.0134,0.125,3.54451,0.54105
ppo,0,5,77,17.8323,39.2083,6.31121,-3.84002,-1.27563,6.98572,45.9249,0.125,11.1239,0.54105
ppo,0,5,78,18.3211,40.0238,6.6277,-3.82655,-1.27212,6.96294,46.8613,0.125,5.69008,0.54105
ppo,0,5,79,18.8011,40.8408,6.97717,-3.81032,-1.26629,6.94165,47.7942,0.125,2.32358,0.54105
ppo,0,5,80,19.2998,41.6394,7.34971,-3.79473,-1.25729,6.92403,48.7202,0.125,3.63741,0.54105
ppo,0,5,81,19.8277,42.4365,7.71009,-3.78324,-1.24467,6.90691,49.6605,0.125,9.2873,0.54105
ppo,0,5,82,20.3589,43.2662,8.05635,-3.77095,-1.2318,6.89041,50.6328,0.125,8.47364,0.54105
ppo,0,5,83,20.8762,44.1175,8.42308,-3.75556,-1.21913,6.87279,51.6192,0.125,8.45797,0.54105
ppo,0,5,84,21.3943,44.9593,8.82041,-3.74077,-1.20778,6.85451,52.6027,0.125,10.3371,0.54105
ppo,0,5,85,21.9398,45.7849,9.21954,-3.72319,-1.19298,6.83931,53.5834,0.125,9.2557,0.54105
ppo,0,5,86,22.5026,46.6325,9.5956,-3.70436,-1.17552,6.82314,54.5903,0.125,3.56365,0.54105
ppo,0,5,87,23.0523,47.5104,9.98173,-3.68242,-1.15954,6.80515,55.6201,0.125,11.2915,0.54105
ppo,0,5,88,23.5923,48.3855,10.4013,-3.65769,-1.14434,6.78808,56.6465,0.125,12.2916,0.54105
ppo,0,5,89,24.1604,49.2401,10.831,-3.6285,-1.12966,6.77004,57.6699,0.125,15.4458,0.54105
ppo,0,5,90,24.7543,50.1092,11.2422,-3.59848,-1.11447,6.75456,58.7187,0.125,32.3226,0.54105
ppo,0,5,91,25.3378,51.0098,11.6538,-3.56674,-1.0951,6.73867,59.7875,0.125,3.66637,0.54105
ppo,0,5,92,25.9104,51.9077,12.0986,-3.5364,-1.07573,6.7231,60.8544,0.125,37.2133,0.54105
ppo,0,5,93,26.5101,52.7861,12.5537,-3.50735,-1.05644,6.71078,61.921,0.125,3.52838,0.54105
ppo,0,5,94,27.1375,53.6791,12.9913,-3.47782,-1.03556,6.69837,63.0126,0.125,27.5892,0.54105
ppo,0,5,95,27.7502,54.5981,13.4322,-3.44825,-1.01522,6.68403,64.1228,0.125,18.0749,0.54105
ppo,0,5,96,28.3549,55.5119,13.9067,-3.42104,-0.994934,6.6728,65.2308,0.125,20.5375,0.54105
ppo,0,5,97,28.9887,56.4076,14.3873,-3.395,-0.973498,6.66069,66.34,0.125,5.78268,0.54105
ppo,0,5,98,29.6424,57.3282,14.8463,-3.37,-0.949752,6.6493,67.4783,0.125,21.5968,0.54105
ppo,0,5,99,30.2754,58.2725,15.3154,-3.34726,-0.927462,6.63532,68.6328,0.125,21.7391,0.54105
ppo,0,5,100,30.9093,59.204,15.8146,-3.32476,-0.903477,6.61967,69.7813,0.125,41.5394,0.54105
ppo,0,5,101,31.5773,60.1246,16.3117,-3.30294,-0.878926,6.60844,70.9381,0.125,16.5706,0.54105
ppo,0,5,102,32.2488,61.0762,16.7914,-3.28533,-0.853498,6.59802,72.1239,0.125,29.9439,0.54105
ppo,0,5,103,32.8983,62.0397,17.2952,-3.26942,-0.825969,6.58615,73.3135,0.125,36.1557,0.54105
ppo,0,5,104,33.567,62.9821,17.8191,-3.25642,-0.796859,6.57717,74.499,0.125,28.0237,0.54105
ppo,0,5,105,34.2604,63.9326,18.3239,-3.24569,-0.767927,6.57214,75.7032,0.125,9.08425,0.54105
ppo,0,5,106,34.9379,64.9143,18.8336,-3.23489,-0.739785,6.57019,76.9286,0.125,14.7207,0.54105
ppo,0,5,107,35.6113,65.8855,19.3723,-3.22573,-0.710949,6.56812,78.1495,0.125,26.6283,0.54105
ppo,0,5,108,36.3169,66.8485,19.9089,-3.22105,-0.680894,6.56787,79.3816,0.125,52.9101,0.54105
ppo,0,5,109,37.0226,67.8427,20.4322,-3.21632,-0.647477,6.56462,80.6373,0.125,14.2181,0.54105
ppo,0,5,110,37.7102,68.8456,20.9863,-3.213,-0.615289,6.56089,81.9,0.125,19.5173,0.54105
ppo,0,5,111,38.4197,69.8297,21.554,-3.21074,-0.584233,6.55652,83.1634,0.125,10.4315,0.54105
ppo,0,5,112,39.1468,70.8333,22.1006,-3.21011,-0.553269,6.55143,84.4507,0.125,24.363,0.54105
ppo,0,5,113,39.8558,71.8584,22.6665,-3.21063,-0.520391,6.54829,85.7508,0.125,34.7405,0.54105
ppo,0,5,114,40.5763,72.863,23.258,-3.21192,-0.486888,6.5446,87.0457,0.125,48.7255,0.54105
ppo,0,5,115,41.3234,73.8751,23.8325,-3.21689,-0.453091,6.539,88.3606,0.125,22.6607,0.54105
ppo,0,5,116,42.0534,74.9187,24.4138,-3.22224,-0.417924,6.52618,89.6965,0.125,49.7784,0.54105
ppo,0,5,117,42.7894,75.9437,25.0255,-3.22793,-0.382236,6.51058,91.0277,0.125,63.7526,0.54105
ppo,0,5,118,43.5583,76.9708,25.6249,-3.23403,-0.34629,6.49216,92.377,0.125,28.2267,0.54105
ppo,0,5,119,44.3149,78.0317,26.2295,-3.24299,-0.310965,6.4737,93.7529,0.125,51.607,0.54105
ppo,0,5,120,45.0692,79.0816,26.8664,-3.254,-0.278049,6.4536,95.1303,0.125,28.3331,0.54105
ppo,0,5,121,45.8569,80.1314,27.4909,-3.26696,-0.245396,6.4353,96.5242,0.125,47.0575,0.54105
ppo,0,5,122,46.6342,81.2172,28.1134,-3.28027,-0.215428,6.4155,97.9465,0.125,28.1164,0.54105
ppo,0,5,123,47.4086,82.2926,28.7679,-3.29288,-0.191059,6.39617,99.3715,0.125,20.3913,0.54105
ppo,0,5,124,48.2142,83.3633,29.4095,-3.30829,-0.168649,6.37683,100.81,0.125,44.9297,0.54105
ppo,0,5,125,49.0096,84.4647,30.0502,-3.32161,-0.145822,6.35847,102.268,0.125,45.3618,0.54105
ppo,0,5,126,49.8065,85.5548,30.7254,-3.33683,-0.12278,6.34068,103.728,0.125,5.71156,0.54105
ppo,0,5,127,50.6378,86.6496,31.3854,-3.35388,-0.099503,6.32368,105.207,0.125,51.6393,0.54105
ppo,0,5,128,51.454,87.7772,32.0495,-3.3727,-0.0753344,6.30627,106.709,0.125,21.354,0.54105
ppo,0,5,129,52.2731,88.8915,32.745,-3.39154,-0.053098,6.28653,108.212,0.125,36.1014,0.54105
ppo,0,5,130,53.1174,90.0174,33.4205,-3.4101,-0.030304,6.26737,109.733,0.125,64.1214,0.54105
ppo,0,5,131,53.9409,91.1725,34.1111,-3.43091,-0.00493051,6.24696,111.271,0.125,44.7235,0.54105
ppo,0,5,132,54.7826,92.3046,34.8223,-3.45334,0.0185958,6.22354,112.81,0.125,61.1824,0.54105
ppo,0,5,133,55.6428,93.4599,35.5133,-3.4783,0.0416328,6.19667,114.375,0.125,34.3532,0.54105
ppo,0,5,134,56.4865,94.6268,36.2321,-3.50284,0.0612031,6.16817,115.953,0.125,33.4799,0.54105
ppo,0,5,135,57.3597,95.7763,36.9594,-3.52971,0.0811302,6.1399,117.537,0.125,49.5602,0.54105
ppo,0,5,136,58.2378,96.9545,37.671,-3.556,0.101914,6.11187,119.142,0.125,104.553,0.54105
ppo,0,5,137,59.1062,98.1272,38.4147,-3.58411,0.122547,6.07995,120.75,0.125,64.9595,0.54105
ppo,0,5,138,60.0087,99.2971,39.1478,-3.61423,0.144454,6.04492,122.372,0.125,68.4714,0.54105
ppo,0,5,139,60.8991,100.498,39.8878,-3.64189,0.165276,6.01133,124.015,0.125,52.7519,0.54105
ppo,0,5,140,61.8039,101.676,40.6528,-3.6702,0.184289,5.97371,125.659,0.125,9.1969,0.54105
ppo,0,5,141,62.727,102.874,41.3918,-3.69664,0.205155,5.93551,127.319,0.125,38.9988,0.54105
ppo,0,5,142,63.6299,104.082,42.1578,-3.72383,0.225016,5.89765,128.987,0.125,17.8394,0.54105
ppo,0,5,143,64.5649,105.274,42.9286,-3.75087,0.245372,5.8603,130.66,0.125,52.0129,0.54105
ppo,0,5,144,65.493,106.499,43.6895,-3.77978,0.266373,5.81678,132.357,0.125,48.7542,0.54105
ppo,0,5,145,66.422,107.714,44.4809,-3.80766,0.281531,5.77199,134.06,0.125,97.2409,0.54105
ppo,0,5,146,67.3766,108.944,45.2525,-3.83328,0.295918,5.72621,135.785,0.125,101.543,0.54105
ppo,0,5,147,68.3098,110.192,46.0473,-3.8547,0.309329,5.68094,137.519,0.125,7.34879,0.54105
ppo,0,5,148,69.2746,111.419,46.8489,-3.87209,0.319693,5.6365,139.255,0.125,129.253,0.54105
ppo,0,5,149,70.239,112.685,47.6382,-3.88547,0.329809,5.59146,141.018,0.125,128.098,0.54105
ppo,0,5,150,71.2037,113.936,48.4575,-3.89926,0.34056,5.54933,142.778,0.125,19.9173,0.54105
ppo,0,5,151,72.1931,115.202,49.2559,-3.90975,0.348599,5.50774,144.558,0.125,59.9744,0.54105
ppo,0,5,152,73.1651,116.483,50.0826,-3.92083,0.355138,5.46512,146.351,0.125,99.8563,0.54105
ppo,0,5,153,74.1678,117.752,50.9045,-3.93126,0.359983,5.42127,148.152,0.125,91.4267,0.54105
ppo,0,5,154,75.1564,119.055,51.7294,-3.93624,0.362828,5.37917,149.973,0.125,47.9711,0.54105
ppo,0,5,155,76.1647,120.341,52.5748,-3.93943,0.367389,5.34059,151.794,0.125,72.36,0.54105
ppo,0,5,156,77.1802,121.655,53.4016,-3.94045,0.370955,5.30424,153.635,0.125,104.363,0.54105
ppo,0,5,157,78.1898,122.964,54.2573,-3.9407,0.376038,5.26446,155.479,0.125,93.3317,0.54105
ppo,0,5,158,79.2266,124.281,55.0973,-3.93789,0.380054,5.22832,157.337,0.125,43.4748,0.54105
ppo,0,5,159,80.2441,125.616,55.9588,-3.93344,0.38275,5.19129,159.206,0.125,48.3395,0.54105
ppo,0,5,160,81.2922,126.94,56.8212,-3.92856,0.384147,5.15736,161.084,0.125,261.615,0.54105
ppo,0,5,161,82.3206,128.298,57.685,-3.92281,0.387437,5.12225,162.978,0.125,26.7873,0.54105
ppo,0,5,162,83.3699,129.637,58.5675,-3.91261,0.390244,5.09177,164.871,0.125,133.549,0.54105
ppo,0,5,163,84.4216,131.009,59.4349,-3.90243,0.395867,5.05815,166.786,0.125,183.111,0.54105
ppo,0,5,164,85.4752,132.366,60.3324,-3.88897,0.405674,5.02776,168.695,0.125,181.775,0.54105
ppo,0,5,165,86.5422,133.746,61.2056,-3.87245,0.417155,4.99867,170.618,0.125,90.3182,0.54105
ppo,0,5,166,87.6008,135.123,62.1099,-3.85757,0.424062,4.97068,172.55,0.125,77.9508,0.54105
ppo,0,5,167,88.6917,136.508,63.0023,-3.83973,0.428555,4.94577,174.5,0.125,126.5,0.54105
ppo,0,5,168,89.7653,137.904,63.9202,-3.81885,0.436204,4.9189,176.456,0.125,134.088,0.54105
ppo,0,5,169,90.8711,139.29,64.8278,-3.79934,0.443718,4.89286,178.418,0.125,159.085,0.54105
ppo,0,5,170,91.9617,140.698,65.7487,-3.77878,0.448317,4.87079,180.395,0.125,140.608,0.54105
ppo,0,5,171,93.0805,142.086,66.6717,-3.75442,0.451898,4.84696,182.372,0.125,158.835,0.54105
ppo,0,5,172,94.186,143.508,67.5998,-3.73365,0.452761,4.8252,184.373,0.125,141.656,0.54105
ppo,0,5,173,95.318,144.91,68.5412,-3.70965,0.453945,4.80644,186.376,0.125,108.302,0.54105
ppo,0,5,174,96.4445,146.342,69.4798,-3.68813,0.456781,4.78486,188.4,0.125,180.935,0.54105
ppo,0,5,175,97.5884,147.754,70.4388,-3.6668,0.459766,4.76889,190.422,0.125,117.691,0.54105
ppo,0,5,176,98.7328,149.201,71.3892,-3.63875,0.466805,4.75326,192.464,0.125,149.642,0.54105
ppo,0,5,177,99.8847,150.631,72.367,-3.60956,0.471014,4.74056,194.505,0.125,100.42,0.54105
ppo,0,5,178,101.038,152.093,73.3296,-3.57849,0.478421,4.73206,196.563,0.125,45.988,0.54105
ppo,0,5,179,102.194,153.537,74.3239,-3.54747,0.483962,4.73041,198.62,0.125,167.47,0.54105
ppo,0,5,180,103.362,155.007,75.3005,-3.51779,0.491388,4.72444,200.697,0.125,73.298,0.54105
ppo,0,5,181,104.533,156.462,76.3068,-3.4859,0.498984,4.72114,202.773,0.125,192.491,0.54105
ppo,0,5,182,105.716,157.942,77.2924,-3.45484,0.509568,4.71612,204.867,0.125,308.616,0.54105
ppo,0,5,183,106.904,159.405,78.3119,-3.42282,0.5212,4.71027,206.962,0.125,264.952,0.54105
ppo,0,5,184,108.104,160.894,79.3132,-3.38884,0.534434,4.7052,209.075,0.125,52.9005,0.54105
ppo,0,5,185,109.309,162.373,80.3469,-3.35687,0.547861,4.70388,211.194,0.125,132.189,0.54105
ppo,0,5,186,110.524,163.88,81.3621,-3.32364,0.55856,4.70322,213.335,0.125,218.545,0.54105
ppo,0,5,187,111.744,165.369,82.4065,-3.2944,0.574638,4.6976,215.476,0.125,36.7697,0.54105
ppo,0,5,188,112.97,166.886,83.4366,-3.26413,0.592922,4.69574,217.633,0.125,159.839,0.54105
ppo,0,5,189,114.208,168.385,84.4946,-3.23345,0.615269,4.69178,219.79,0.125,232.026,0.54105
ppo,0,5,190,115.444,169.919,85.5385,-3.20271,0.637155,4.68764,221.969,0.125,151.324,0.54105
ppo,0,5,191,116.693,171.435,86.6031,-3.17154,0.662922,4.68521,224.145,0.125,256.68,0.54105
ppo,0,5,192,117.934,172.985,87.6587,-3.14339,0.689309,4.68258,226.342,0.125,240.148,0.54105
ppo,0,5,193,119.2,174.516,88.7317,-3.11729,0.714713,4.67491,228.547,0.125,270.177,0.54105
ppo,0,5,194,120.45,176.077,89.8079,-3.08918,0.740397,4.66703,230.768,0.125,206.625,0.54105
ppo,0,5,195,121.729,177.621,90.8908,-3.06303,0.763877,4.66176,232.995,0.125,246.558,0.54105
ppo,0,5,196,122.986,179.193,91.9856,-3.0384,0.789767,4.65603,235.237,0.125,183.647,0.54105
ppo,0,5,197,124.279,180.754,93.0767,-3.01184,0.815593,4.65313,237.486,0.125,197.24,0.54105
ppo,0,5,198,125.553,182.331,94.1923,-2.99144,0.845824,4.64885,239.747,0.125,198.943,0.54105
ppo,0,5,199,126.859,183.913,95.2946,-2.97426,0.873685,4.64597,242.027,0.125,82.6904,0.54105
ppo,0,5,200,128.15,185.498,96.4295,-2.95701,0.903895,4.64231,244.313,0.125,154.569,0.54105
ppo,0,5,201,129.458,187.106,97.5423,-2.94134,0.934742,4.63474,246.619,0.125,237.676,0.54105
ppo,0,5,202,130.771,188.7,98.6865,-2.92546,0.963307,4.62477,248.932,0.125,285.903,0.54105
ppo,0,5,203,132.088,190.328,99.8129,-2.91018,0.992723,4.61624,251.266,0.125,232.881,0.54105
ppo,0,5,204,133.425,191.937,100.959,-2.89762,1.02234,4.60905,253.605,0.125,388.435,0.54105
ppo,0,5,205,134.749,193.579,102.107,-2.88557,1.0516,4.6021,255.964,0.125,113.967,0.54105
ppo,0,5,206,136.104,195.204,103.256,-2.87513,1.07828,4.59678,258.328,0.125,95.392,0.54105
ppo,0,5,207,137.442,196.849,104.427,-2.86717,1.1082,4.59064,260.707,0.125,45.1355,0.54105
ppo,0,5,208,138.81,198.499,105.578,-2.86098,1.13705,4.58348,263.101,0.125,134.809,0.54105
ppo,0,5,209,140.169,200.146,106.762,-2.8519,1.16604,4.5744,265.5,0.125,336.653,0.54105
ppo,0,5,210,141.54,201.818,107.924,-2.84166,1.19457,4.56834,267.915,0.125,292.638,0.54105
ppo,0,5,211,142.928,203.468,109.108,-2.83422,1.22328,4.56558,270.33,0.125,179.801,0.54105
ppo,0,5,212,144.303,205.149,110.293,-2.82624,1.25059,4.56328,272.764,0.125,350.712,0.54105
ppo,0,5,213,145.712,206.814,111.477,-2.81733,1.27732,4.56319,275.203,0.125,334.781,0.54105
ppo,0,5,214,147.1,208.495,112.686,-2.80595,1.30064,4.56403,277.654,0.125,322.326,0.54105
ppo,0,5,215,148.515,210.188,113.875,-2.7941,1.32144,4.56144,280.123,0.125,371.183,0.54105
ppo,0,5,216,149.927,211.871,115.096,-2.78518,1.3447,4.55734,282.597,0.125,296.703,0.54105
ppo,0,5,217,151.343,213.584,116.308,-2.77714,1.36671,4.55085,285.095,0.125,408.097,0.54105
ppo,0,5,218,152.786,215.28,117.53,-2.76451,1.38792,4.54494,287.595,0.125,418.135,0.54105
ppo,0,5,219,154.209,216.996,118.772,-2.75166,1.40699,4.5404,290.111,0.125,122.309,0.54105
ppo,0,5,220,155.665,218.72,119.995,-2.73734,1.42365,4.53548,292.643,0.125,335.919,0.54105
ppo,0,5,221,157.118,220.435,121.248,-2.72074,1.44204,4.5314,295.176,0.125,365.909,0.54105
ppo,0,5,222,158.571,222.184,122.49,-2.70603,1.46264,4.52893,297.73,0.125,258.17,0.54105
ppo,0,5,223,160.054,223.913,123.74,-2.69294,1.4808,4.52455,300.292,0.125,256.492,0.54105
ppo,0,5,224,161.52,225.657,125.012,-2.6823,1.49811,4.51933,302.866,0.125,115.93,0.54105
ppo,0,5,225,163.011,227.413,126.268,-2.67199,1.5132,4.51281,305.461,0.125,462.183,0.54105
ppo,0,5,226,164.507,229.153,127.556,-2.6606,1.53018,4.50368,308.057,0.125,428.454,0.54105
ppo,0,5,227,165.99,230.929,128.841,-2.64779,1.54333,4.49848,310.673,0.125,141.021,0.54105
ppo,0,5,228,167.504,232.696,130.119,-2.6348,1.55432,4.49287,313.298,0.125,550.323,0.54105
ppo,0,5,229,169.004,234.458,131.429,-2.62204,1.56379,4.49161,315.924,0.125,343.795,0.54105
ppo,0,5,230,170.514,236.249,132.727,-2.6069,1.57544,4.49182,318.57,0.125,191.782,0.54105
ppo,0,5,231,172.051,238.017,134.035,-2.59014,1.58638,4.49362,321.217,0.125,425.379,0.54105
ppo,0,5,232,173.569,239.803,135.363,-2.57599,1.59798,4.49261,323.876,0.125,236.877,0.54105
ppo,0,5,233,175.111,241.603,136.671,-2.56576,1.60887,4.49149,326.554,0.125,388.041,0.54105
ppo,0,5,234,176.665,243.384,138.005,-2.5552,1.624,4.48962,329.232,0.125,187.102,0.54105
ppo,0,5,235,178.204,245.194,139.348,-2.54864,1.64057,4.48338,331.931,0.125,565.834,0.54105
ppo,0,5,236,179.773,247.007,140.677,-2.54341,1.65535,4.47684,334.645,0.125,586.663,0.54105
ppo,0,5,237,181.343,248.804,142.038,-2.53489,1.67047,4.46948,337.359,0.125,303.005,0.54105
ppo,0,5,238,182.9,250.634,143.396,-2.52753,1.68642,4.4614,340.09,0.125,487.321,0.54105
ppo,0,5,239,184.491,252.458,144.744,-2.52118,1.70075,4.45229,342.833,0.125,445.552,0.54105
ppo,0,5,240,186.075,254.271,146.126,-2.51658,1.71601,4.44328,345.579,0.125,417.862,0.54105
ppo,0,5,241,187.655,256.117,147.501,-2.51061,1.72883,4.43516,348.345,0.125,267.613,0.54105
ppo,0,5,242,189.27,257.955,148.869,-2.5042,1.74056,4.42976,351.121,0.125,552.736,0.54105
ppo,0,5,243,190.876,259.788,150.268,-2.5005,1.75009,4.4255,353.904,0.125,418.606,0.54105
ppo,0,5,244,192.479,261.657,151.659,-2.49727,1.7587,4.41689,356.712,0.125,420.333,0.54105
ppo,0,5,245,194.116,263.518,153.042,-2.49613,1.76501,4.40817,359.531,0.125,134.035,0.54105
ppo,0,5,246,195.746,265.373,154.46,-2.49212,1.77431,4.40149,362.353,0.125,420.2,0.54105
ppo,0,5,247,197.372,267.261,155.874,-2.48912,1.78395,4.39316,365.197,0.125,280.082,0.54105
ppo,0,5,248,199.031,269.141,157.275,-2.48617,1.79407,4.38478,368.047,0.125,477.309,0.54105
ppo,0,5,249,200.69,271.008,158.709,-2.48444,1.80751,4.37317,370.902,0.125,71.5835,0.54105
ppo,0,5,250,202.335,272.908,160.145,-2.48354,1.81895,4.36258,373.775,0.125,325.452,0.54105
ppo,0,5,251,204.01,274.81,161.56,-2.48673,1.83039,4.35231,376.66,0.125,338.83,0.54105
ppo,0,5,252,205.693,276.695,163.004,-2.4869,1.84378,4.33903,379.548,0.125,325.362,0.54105
ppo,0,5,253,207.36,278.607,164.464,-2.48662,1.85403,4.32891,382.454,0.125,408.313,0.54105
ppo,0,5,254,209.052,280.533,165.905,-2.48434,1.8642,4.32017,385.375,0.125,81.7124,0.54105
ppo,0,5,255,210.765,282.439,167.366,-2.47854,1.87176,4.3118,388.3,0.125,464.032,0.54105
ppo,0,5,256,212.459,284.357,168.848,-2.47522,1.87764,4.3023,391.238,0.125,385.001,0.54105
ppo,0,5,257,214.161,286.306,170.312,-2.47125,1.88352,4.29225,394.193,0.125,619.199,0.54105
ppo,0,5,258,215.895,288.237,171.778,-2.4642,1.88947,4.28177,397.153,0.125,272.326,0.54105
ppo,0,5,259,217.622,290.162,173.278,-2.45431,1.89726,4.27114,400.117,0.125,378.852,0.54105
ppo,0,5,260,219.337,292.125,174.774,-2.44561,1.90633,4.2601,403.1,0.125,395.046,0.54105
ppo,0,5,261,221.082,294.096,176.255,-2.43588,1.91668,4.24807,406.098,0.125,591.194,0.54105
ppo,0,5,262,222.84,296.049,177.759,-2.4208,1.92872,4.2337,409.097,0.125,407.686,0.54105
ppo,0,5,263,224.579,298.016,179.291,-2.40482,1.94159,4.21673,412.108,0.125,394.483,0.54105
ppo,0,5,264,226.323,300.013,180.803,-2.39022,1.95114,4.1966,415.139,0.125,736.908,0.54105
ppo,0,5,265,228.098,302,182.323,-2.37702,1.95911,4.17469,418.186,0.125,609.503,0.54105
ppo,0,5,266,229.871,303.978,183.876,-2.36401,1.96539,4.15365,421.242,0.125,373.056,0.54105
ppo,0,5,267,231.631,305.987,185.436,-2.35001,1.97177,4.13365,424.315,0.125,579.407,0.54105
ppo,0,5,268,233.416,308.015,186.976,-2.33505,1.97744,4.11793,427.404,0.125,521.411,0.54105
ppo,0,5,269,235.228,310.022,188.529,-2.32095,1.98322,4.10443,430.5,0.125,542.386,0.54105
ppo,0,5,270,237.027,312.033,190.114,-2.30824,1.98984,4.09238,433.604,0.125,603.105,0.54105
ppo,0,5,271,238.817,314.078,191.697,-2.29893,1.99856,4.08238,436.726,0.125,765.598,0.54105
ppo,0,5,272,240.633,316.133,193.265,-2.28822,2.00742,4.07572,439.862,0.125,669.439,0.54105
ppo,0,5,273,242.472,318.171,194.85,-2.27538,2.01544,4.06767,443.005,0.125,508.918,0.54105
ppo,0,5,274,244.293,320.214,196.463,-2.26121,2.02261,4.05598,446.156,0.125,504.11,0.54105
ppo,0,5,275,246.109,322.292,198.068,-2.24773,2.02913,4.0457,449.327,0.125,801.08,0.54105
ppo,0,5,276,247.957,324.379,199.654,-2.23431,2.03519,4.03798,452.512,0.125,485.95,0.54105
ppo,0,5,277,249.822,326.445,201.258,-2.22392,2.04321,4.02972,455.7,0.125,873.839,0.54105
ppo,0,5,278,251.673,328.512,202.89,-2.21592,2.05403,4.0217,458.893,0.125,669.585,0.54105
ppo,0,5,279,253.511,330.611,204.525,-2.20814,2.06376,4.01426,462.104,0.125,629.541,0.54105
ppo,0,5,280,255.37,332.727,206.143,-2.20451,2.0703,4.00877,465.335,0.125,614.34,0.54105
ppo,0,5,281,257.259,334.826,207.765,-2.20432,2.07661,4.00337,468.575,0.125,417.129,0.54105
ppo,0,5,282,259.149,336.916,209.423,-2.20271,2.0819,3.99685,471.825,0.125,654.264,0.54105
ppo,0,5,283,261.021,339.03,211.093,-2.19992,2.08697,3.9925,475.086,0.125,428.189,0.54105
ppo,0,5,284,262.904,341.172,212.745,-2.19503,2.09408,3.98805,478.363,0.125,758.715,0.54105
ppo,0,5,285,264.819,343.307,214.389,-2.19311,2.10172,3.9806,481.652,0.125,389.231,0.54105
ppo,0,5,286,266.749,345.419,216.058,-2.19302,2.10689,3.97015,484.948,0.125,772.051,0.54105
ppo,0,5,287,268.663,347.537,217.755,-2.19247,2.11252,3.96007,488.251,0.125,763.09,0.54105
ppo,0,5,288,270.568,349.688,219.453,-2.19391,2.11871,3.95183,491.574,0.125,274.485,0.54105
ppo,0,5,289,272.495,351.862,221.132,-2.195,2.12321,3.94375,494.916,0.125,604.08,0.54105
ppo,0,5,290,274.455,354.02,222.811,-2.19787,2.12382,3.93674,498.271,0.125,740.269,0.54105
ppo,0,5,291,276.422,356.163,224.514,-2.20226,2.12611,3.92834,501.629,0.125,800.064,0.54105
ppo,0,5,292,278.375,358.316,226.244,-2.20881,2.12807,3.91896,505.001,0.125,891.336,0.54105
ppo,0,5,293,280.321,360.502,227.967,-2.21408,2.1308,3.9097,508.388,0.125,773.178,0.54105
ppo,0,5,294,282.286,362.709,229.668,-2.21555,2.13457,3.8992,511.787,0.125,785.135,0.54105
ppo,0,5,295,284.279,364.903,231.372,-2.21523,2.13463,3.88909,515.197,0.125,487.484,0.54105
ppo,0,5,296,286.284,367.081,233.102,-2.21377,2.13108,3.8772,518.617,0.125,346.221,0.54105
ppo,0,5,297,288.273,369.268,234.861,-2.21352,2.12943,3.86062,522.048,0.125,792.338,0.54105
ppo,0,5,298,290.246,371.484,236.626,-2.21346,2.12547,3.84189,525.497,0.125,580.143,0.54105
ppo,0,5,299,292.233,373.724,238.37,-2.21495,2.11978,3.82364,528.962,0.125,528.999,0.54105
ppo,0,6,0,0,0,0,0.239021,4.55004,-7.14314,8.47257,0.125,0.844144,0.192902
ppo,0,6,1,0.0187446,0.0212797,-0.0192562,0.264141,4.52854,-7.1383,8.42949,0.125,1.13262,0.192902
ppo,0,6,2,0.0574541,0.0618041,-0.0544198,0.28738,4.50646,-7.13138,8.3601,0.125,0.386975,0.192902
ppo,0,6,3,0.111587,0.125721,-0.108734,0.313455,4.48432,-7.12595,8.26313,0.125,0.568153,0.192902
ppo,0,6,4,0.179784,0.214437,-0.181394,0.335493,4.46159,-7.12026,8.13698,0.125,0.680607,0.192902
ppo,0,6,5,0.262467,0.327229,-0.275186,0.357242,4.4369,-7.1134,7.97869,0.125,1.11753,0.192902
ppo,0,6,6,0.36054,0.466851,-0.38892,0.380031,4.41259,-7.1071,7.79122,0.125,0.771723,0.192902
ppo,0,6,7,0.469353,0.636342,-0.523256,0.401141,4.38924,-7.09988,7.57238,0.125,0.90969,0.192902
ppo,0,6,8,0.58481,0.834635,-0.672402,0.422632,4.36729,-7.09341,7.33043,0.125,0.825169,0.192902
ppo,0,6,9,0.703896,1.06409,-0.833146,0.445441,4.34512,-7.08593,7.06607,0.125,0.773259,0.192902
ppo,0,6,10,0.820655,1.32614,-1.00557,0.46767,4.32105,-7.07897,6.78087,0.125,0.336935,0.192902
ppo,0,6,11,0.934541,1.62077,-1.18719,0.494316,4.29916,-7.07286,6.48142,0.125,0.149771,0.192902
ppo,0,6,12,1.0402,1.94831,-1.37208,0.521607,4.27917,-7.06623,6.17456,0.125,1.02524,0.192902
ppo,0,6,13,1.13143,2.30745,-1.55858,0.548992,4.25836,-7.0582,5.8644,0.125,0.242227,0.192902
ppo,0,6,14,1.20787,2.69382,-1.73934,0.574794,4.23839,-7.05093,5.56771,0.125,0.820111,0.192902
ppo,0,6,15,1.26277,3.10854,-1.90438,0.604086,4.21448,-7.04423,5.29859,0.125,0.326993,0.192902
ppo,0,6,16,1.29794,3.54499,-2.05338,0.633119,4.18799,-7.04212,5.07375,0.125,0.497665,0.192902
ppo,0,6,17,1.31536,3.99642,-2.17672,0.660478,4.16717,-7.03967,4.90982,0.125,0.197738,0.192902
ppo,0,6,18,1.31898,4.45632,-2.26994,0.685871,4.14519,-7.03547,4.81746,0.125,0.178832,0.192902
ppo,0,6,19,1.31366,4.91596,-2.33013,0.708169,4.12514,-7.03115,4.80537,0.125,0.0726085,0.192902
ppo,0,6,20,1.3072,5.36527,-2.35705,0.7307,4.10597,-7.02793,4.87189,0.125,0.561814,0.192902
ppo,0,6,21,1.30638,5.79797,-2.3499,0.749986,4.08624,-7.02459,5.00923,0.125,0.682629,0.192902
ppo,0,6,22,1.32031,6.21015,-2.31456,0.767262,4.06566,-7.02604,5.20603,0.125,0.610745,0.192902
ppo,0,6,23,1.36072,6.60655,-2.26415,0.78348,4.04587,-7.02885,5.43991,0.125,0.37525,0.192902
ppo,0,6,24,1.42864,6.98723,-2.20884,0.800159,4.02678,-7.03255,5.69451,0.125,0.397837,0.192902
ppo,0,6,25,1.53096,7.36033,-2.1614,0.819268,4.01251,-7.03869,5.95839,0.125,1.12093,0.192902
ppo,0,6,26,1.66337,7.73332,-2.13288,0.837269,4.00012,-7.04344,6.22356,0.125,0.891485,0.192902
ppo,0,6,27,1.81827,8.11701,-2.12217,0.852164,3.98901,-7.04679,6.49813,0.125,0.53391,0.192902
ppo,0,6,28,1.98843,8.52527,-2.133,0.867176,3.97902,-7.05164,6.79107,0.125,0.946985,0.192902
ppo,0,6,29,2.16219,8.96653,-2.15502,0.884327,3.96745,-7.05763,7.11753,0.125,1.3252,0.192902
ppo,0,6,30,2.32615,9.4412,-2.18323,0.900762,3.95748,-7.06437,7.47854,0.125,1.18224,0.192902
ppo,0,6,31,2.47679,9.94935,-2.19983,0.918902,3.94627,-7.07398,7.88805,0.125,0.867426,0.192902
ppo,0,6,32,2.61096,10.4746,-2.19289,0.932395,3.93204,-7.08425,8.33954,0.125,0.738097,0.192902
ppo,0,6,33,2.72874,11.0012,-2.1514,0.945919,3.91629,-7.09475,8.82109,0.125,0.635746,0.192902
ppo,0,6,34,2.84397,11.517,-2.07687,0.960645,3.89679,-7.10795,9.32345,0.125,0.660218,0.192902
ppo,0,6,35,2.97484,12.0166,-1.97877,0.97419,3.87697,-7.12646,9.83643,0.125,0.927065,0.192902
ppo,0,6,36,3.12998,12.4975,-1.86645,0.989145,3.8571,-7.14625,10.3497,0.125,0.430936,0.192902
ppo,0,6,37,3.31719,12.9697,-1.76336,1.00285,3.83845,-7.1657,10.8592,0.125,1.61302,0.192902
ppo,0,6,38,3.52981,13.4524,-1.67939,1.01353,3.82357,-7.18864,11.3753,0.125,2.29526,0.192902
ppo,0,6,39,3.76105,13.957,-1.61515,1.027,3.80653,-7.21193,11.9093,0.125,0.975977,0.192902
ppo,0,6,40,3.99117,14.4917,-1.56247,1.03907,3.79136,-7.23598,12.466,0.125,0.999698,0.192902
ppo,0,6,41,4.20664,15.0531,-1.5033,1.05118,3.77838,-7.26056,13.0469,0.125,1.03545,0.192902
ppo,0,6,42,4.40417,15.6308,-1.42191,1.06503,3.76863,-7.28474,13.6468,0.125,1.35574,0.192902
ppo,0,6,43,4.59006,16.2072,-1.30723,1.07628,3.75988,-7.30977,14.2588,0.125,1.28241,0.192902
ppo,0,6,44,4.78238,16.767,-1.16123,1.08737,3.74879,-7.33272,14.8732,0.125,2.71694,0.192902
ppo,0,6,45,4.99856,17.3051,-1.00182,1.09543,3.73933,-7.35548,15.4801,0.125,1.46655,0.192902
ppo,0,6,46,5.25243,17.8336,-0.847608,1.10499,3.72833,-7.38174,16.089,0.125,1.63441,0.192902
ppo,0,6,47,5.53449,18.3724,-0.711569,1.11673,3.71754,-7.40768,16.7068,0.125,1.20663,0.192902
ppo,0,6,48,5.82171,18.9382,-0.59192,1.13003,3.70605,-7.43227,17.3442,0.125,2.90987,0.192902
ppo,0,6,49,6.09784,19.5373,-0.471717,1.13974,3.69464,-7.45454,18.0093,0.125,0.855086,0.192902
ppo,0,6,50,6.3557,20.1554,-0.33065,1.14871,3.68251,-7.48025,18.6972,0.125,4.42966,0.192902
ppo,0,6,51,6.60416,20.7707,-0.154349,1.15854,3.66911,-7.50451,19.3945,0.125,3.27972,0.192902
ppo,0,6,52,6.86887,21.3707,0.049859,1.16817,3.6541,-7.52509,20.0937,0.125,4.13687,0.192902
ppo,0,6,53,7.16188,21.9576,0.257954,1.17731,3.63867,-7.54571,20.7917,0.125,3.41742,0.192902
ppo,0,6,54,7.48321,22.5482,0.448551,1.18659,3.62412,-7.56479,21.4938,0.125,2.75674,0.192902
ppo,0,6,55,7.81594,23.1648,0.619753,1.19588,3.61067,-7.58365,22.2145,0.125,2.16673,0.192902
ppo,0,6,56,8.13483,23.8174,0.788593,1.20411,3.59952,-7.60166,22.9607,0.125,3.82171,0.192902
ppo,0,6,57,8.43258,24.4864,0.977016,1.21276,3.59081,-7.61999,23.7204,0.125,3.29237,0.192902
ppo,0,6,58,8.72653,25.1434,1.19933,1.22463,3.57915,-7.63802,24.4826,0.125,1.77384,0.192902
ppo,0,6,59,9.04003,25.7824,1.44028,1.23718,3.5699,-7.65748,25.2399,0.125,2.22488,0.192902
ppo,0,6,60,9.38692,26.416,1.67636,1.25062,3.56456,-7.67818,25.998,0.125,4.01965,0.192902
ppo,0,6,61,9.75307,27.0678,1.89109,1.26444,3.55821,-7.6989,26.7717,0.125,5.1185,0.192902
ppo,0,6,62,10.1122,27.7547,2.09957,1.2754,3.55265,-7.72012,27.5727,0.125,7.13592,0.192902
ppo,0,6,63,10.4518,28.4586,2.3303,1.28626,3.54735,-7.74268,28.3909,0.125,2.98449,0.192902
ppo,0,6,64,10.7846,29.1572,2.592,1.29919,3.54294,-7.76218,29.2108,0.125,4.41673,0.192902
ppo,0,6,65,11.1379,29.8358,2.8729,1.30982,3.53419,-7.7799,30.0308,0.125,4.30416,0.192902
ppo,0,6,66,11.5224,30.5101,3.13901,1.31981,3.52613,-7.79828,30.8521,0.125,2.45485,0.192902
ppo,0,6,67,11.9165,31.2103,3.38532,1.33071,3.52141,-7.81861,31.6901,0.125,3.99626,0.192902
ppo,0,6,68,12.296,31.9394,3.63439,1.33713,3.51561,-7.84014,32.5526,0.125,10.4928,0.192902
ppo,0,6,69,12.6636,32.6755,3.91206,1.34652,3.50684,-7.86423,33.43,0.125,6.62366,0.192902
ppo,0,6,70,13.0394,33.3917,4.21684,1.35344,3.49951,-7.88875,34.3023,0.125,10.655,0.192902
ppo,0,6,71,13.4459,34.0946,4.52227,1.3588,3.49147,-7.91311,35.1751,0.125,4.22383,0.192902
ppo,0,6,72,13.8755,34.8128,4.80532,1.36246,3.48328,-7.93468,36.0614,0.125,5.16934,0.192902
ppo,0,6,73,14.2976,35.5637,5.08292,1.36446,3.47448,-7.95687,36.9733,0.125,5.46702,0.192902
ppo,0,6,74,14.7042,36.3258,5.38776,1.36835,3.46564,-7.97605,37.8976,0.125,13.3114,0.192902
ppo,0,6,75,15.1179,37.0731,5.72,1.37215,3.45817,-7.99965,38.8219,0.125,11.5691,0.192902
ppo,0,6,76,15.5638,37.8101,6.04899,1.37507,3.45072,-8.02186,39.7476,0.125,12.1459,0.192902
ppo,0,6,77,16.0297,38.5678,6.3614,1.37846,3.44185,-8.04437,40.6942,0.125,5.87323,0.192902
ppo,0,6,78,16.4795,39.3593,6.67571,1.38046,3.43061,-8.06674,41.6677,0.125,7.02723,0.192902
ppo,0,6,79,16.9166,40.1588,7.0203,1.3819,3.42521,-8.0902,42.6499,0.125,8.36575,0.192902
ppo,0,6,80,17.3689,40.9388,7.38527,1.38102,3.4163,-8.11215,43.6316,0.125,2.05983,0.192902
ppo,0,6,81,17.8523,41.7157,7.73766,1.37821,3.4096,-8.13268,44.6163,0.125,15.2359,0.192902
ppo,0,6,82,18.3403,42.5197,8.07563,1.37371,3.40321,-8.14958,45.6204,0.125,14.5784,0.192902
ppo,0,6,83,18.8083,43.3456,8.42765,1.36903,3.39792,-8.1681,46.6408,0.125,16.202,0.192902
ppo,0,6,84,19.2772,44.1591,8.81031,1.36388,3.39769,-8.18762,47.6582,0.125,3.03062,0.192902
ppo,0,6,85,19.7753,44.9569,9.19761,1.35704,3.39957,-8.20758,48.6743,0.125,9.15374,0.192902
ppo,0,6,86,20.2888,45.7761,9.56458,1.35018,3.40315,-8.22741,49.7061,0.125,10.8618,0.192902
ppo,0,6,87,20.7902,46.6252,9.93722,1.34394,3.4091,-8.24692,50.7587,0.125,14.1889,0.192902
ppo,0,6,88,21.2817,47.4686,10.344,1.33865,3.41734,-8.26326,51.8118,0.125,1.11022,0.192902
ppo,0,6,89,21.801,48.2939,10.762,1.33456,3.4259,-8.27725,52.8631,0.125,7.2215,0.192902
ppo,0,6,90,22.3486,49.1357,11.1619,1.33614,3.43125,-8.29073,53.9336,0.125,8.8667,0.192902
ppo,0,6,91,22.8875,50.011,11.5604,1.33882,3.43647,-8.30313,55.0282,0.125,13.6396,0.192902
ppo,0,6,92,23.4146,50.8872,11.9922,1.34095,3.43988,-8.3153,56.1328,0.125,5.56085,0.192902
ppo,0,6,93,23.9719,51.7442,12.4397,1.34208,3.44134,-8.32701,57.241,0.125,7.90477,0.192902
ppo,0,6,94,24.5563,52.6131,12.8654,1.34045,3.44112,-8.33456,58.3635,0.125,23.6494,0.192902
ppo,0,6,95,25.1256,53.5132,13.2921,1.33602,3.44207,-8.34234,59.5072,0.125,13.9987,0.192902
ppo,0,6,96,25.6859,54.4108,13.7515,1.32979,3.44166,-8.3476,60.6584,0.125,20.6222,0.192902
ppo,0,6,97,26.2788,55.2904,14.2187,1.32569,3.43976,-8.35436,61.8117,0.125,9.16528,0.192902
ppo,0,6,98,26.8883,56.1917,14.6654,1.31951,3.43878,-8.36251,62.9835,0.125,25.1467,0.192902
ppo,0,6,99,27.4776,57.1182,15.1202,1.31117,3.44214,-8.3735,64.1698,0.125,7.33556,0.192902
ppo,0,6,100,28.0649,58.0328,15.608,1.3033,3.44563,-8.38569,65.3577,0.125,20.4395,0.192902
ppo,0,6,101,28.6886,58.94,16.0905,1.29664,3.44863,-8.39805,66.553,0.125,13.8217,0.192902
ppo,0,6,102,29.3177,59.8758,16.558,1.28806,3.45128,-8.41084,67.7704,0.125,22.9963,0.192902
ppo,0,6,103,29.927,60.8298,17.0503,1.28069,3.45371,-8.42506,69.0045,0.125,10.4043,0.192902
ppo,0,6,104,30.553,61.7639,17.5638,1.26982,3.45487,-8.43931,70.2397,0.125,35.0158,0.192902
ppo,0,6,105,31.2058,62.7062,18.0592,1.25944,3.45792,-8.45279,71.4844,0.125,52.9024,0.192902
ppo,0,6,106,31.8432,63.6789,18.5617,1.24799,3.46074,-8.46652,72.7518,0.125,17.8689,0.192902
ppo,0,6,107,32.4783,64.6426,19.097,1.23575,3.46508,-8.48222,74.023,0.125,37.6351,0.192902
ppo,0,6,108,33.1491,65.5941,19.63,1.22353,3.46892,-8.49882,75.2995,0.125,47.8095,0.192902
ppo,0,6,109,33.8215,66.5769,20.1449,1.20937,3.47269,-8.51408,76.5965,0.125,21.9083,0.192902
ppo,0,6,110,34.4793,67.5671,20.6876,1.19388,3.47854,-8.52898,77.903,0.125,8.26779,0.192902
ppo,0,6,111,35.1607,68.5374,21.2461,1.18046,3.48375,-8.54187,79.2083,0.125,34.5504,0.192902
ppo,0,6,112,35.8608,69.5298,21.7898,1.16789,3.49065,-8.55327,80.5324,0.125,31.8015,0.192902
ppo,0,6,113,36.5393,70.5453,22.3492,1.15256,3.50062,-8.56738,81.8722,0.125,32.9151,0.192902
ppo,0,6,114,37.2287,71.5421,22.9364,1.13926,3.51316,-8.57962,83.2085,0.125,47.3918,0.192902
ppo,0,6,115,37.9479,72.5472,23.5093,1.125,3.52852,-8.58888,84.5565,0.125,17.4557,0.192902
ppo,0,6,116,38.6525,73.5848,24.0836,1.11039,3.54314,-8.59775,85.9262,0.125,24.4884,0.192902
ppo,0,6,117,39.361,74.6075,24.6889,1.09626,3.55957,-8.60468,87.2953,0.125,15.5482,0.192902
ppo,0,6,118,40.0985,75.6297,25.2769,1.08326,3.57312,-8.61087,88.672,0.125,27.7755,0.192902
ppo,0,6,119,40.8269,76.6832,25.8628,1.07055,3.58661,-8.6205,90.071,0.125,25.6044,0.192902
ppo,0,6,120,41.5548,77.727,26.4819,1.05555,3.60524,-8.62792,91.4709,0.125,43.8587,0.192902
ppo,0,6,121,42.3142,78.7644,27.09,1.04267,3.62384,-8.63547,92.8749,0.125,13.2207,0.192902
ppo,0,6,122,43.0649,79.8356,27.6952,1.02972,3.64348,-8.64396,94.3013,0.125,37.8803,0.192902
ppo,0,6,123,43.811,80.8976,28.3352,1.01298,3.66185,-8.64925,95.7334,0.125,15.5363,0.192902
ppo,0,6,124,44.5884,81.9538,28.964,0.99586,3.67966,-8.65396,97.1713,0.125,52.9527,0.192902
ppo,0,6,125,45.3565,83.0427,29.594,0.977098,3.69629,-8.65727,98.6334,0.125,41.5977,0.192902
ppo,0,6,126,46.1242,84.1213,30.2585,0.960844,3.71096,-8.65976,100.101,0.125,47.8427,0.192902
ppo,0,6,127,46.9267,85.199,30.9152,0.94334,3.72645,-8.66006,101.58,0.125,11.8532,0.192902
ppo,0,6,128,47.7178,86.3111,31.5729,0.925935,3.74103,-8.65798,103.082,0.125,86.0516,0.192902
ppo,0,6,129,48.515,87.4108,32.2619,0.907733,3.75646,-8.65313,104.588,0.125,47.4102,0.192902
ppo,0,6,130,49.3419,88.5178,32.9334,0.890424,3.76964,-8.64887,106.108,0.125,62.5753,0.192902
ppo,0,6,131,50.1502,89.6556,33.6122,0.875232,3.78199,-8.64336,107.647,0.125,19.3044,0.192902
ppo,0,6,132,50.9773,90.7711,34.314,0.859183,3.79258,-8.63566,109.187,0.125,19.5407,0.192902
ppo,0,6,133,51.8274,91.9022,34.9926,0.846256,3.79676,-8.62303,110.743,0.125,55.6515,0.192902
ppo,0,6,134,52.6592,93.0479,35.6959,0.830889,3.80084,-8.60815,112.312,0.125,18.0464,0.192902
ppo,0,6,135,53.5201,94.1749,36.4105,0.812626,3.80759,-8.59088,113.883,0.125,73.691,0.192902
ppo,0,6,136,54.3861,95.3331,37.1115,0.798019,3.81865,-8.57391,115.472,0.125,93.624,0.192902
ppo,0,6,137,55.2421,96.4885,37.8447,0.782554,3.83179,-8.56044,117.066,0.125,34.545,0.192902
ppo,0,6,138,56.1369,97.636,38.5723,0.767147,3.84618,-8.55117,118.672,0.125,48.772,0.192902
ppo,0,6,139,57.0203,98.817,39.3014,0.749687,3.86219,-8.53824,120.297,0.125,31.522,0.192902
ppo,0,6,140,57.9127,99.9839,40.0642,0.736113,3.87732,-8.52057,121.927,0.125,47.6863,0.192902
ppo,0,6,141,58.8296,101.169,40.8042,0.722968,3.89192,-8.49933,123.572,0.125,67.2464,0.192902
ppo,0,6,142,59.7264,102.372,41.5695,0.711764,3.90461,-8.47663,125.232,0.125,54.1596,0.192902
ppo,0,6,143,60.6528,103.556,42.3407,0.702028,3.91879,-8.45091,126.891,0.125,22.7098,0.192902
ppo,0,6,144,61.5771,104.771,43.1035,0.692544,3.92955,-8.42612,128.574,0.125,73.8674,0.192902
ppo,0,6,145,62.5003,105.975,43.8971,0.68249,3.93894,-8.39982,130.261,0.125,96.5271,0.192902
ppo,0,6,146,63.4498,107.185,44.6741,0.673264,3.94407,-8.37381,131.961,0.125,93.6841,0.192902
ppo,0,6,147,64.3825,108.416,45.4705,0.668357,3.94742,-8.3525,133.679,0.125,25.8966,0.192902
ppo,0,6,148,65.3395,109.627,46.2779,0.66318,3.95024,-8.3309,135.399,0.125,13.3358,0.192902
ppo,0,6,149,66.2985,110.871,47.0738,0.656361,3.95406,-8.3092,137.14,0.125,111.214,0.192902
ppo,0,6,150,67.2556,112.102,47.8996,0.647373,3.95905,-8.2867,138.883,0.125,98.6221,0.192902
ppo,0,6,151,68.2399,113.341,48.7078,0.64077,3.96426,-8.26975,140.639,0.125,143.934,0.192902
ppo,0,6,152,69.2062,114.597,49.5421,0.632889,3.97008,-8.25413,142.412,0.125,67.2518,0.192902
ppo,0,6,153,70.1998,115.837,50.377,0.624759,3.98,-8.23616,144.181,0.125,13.2096,0.192902
ppo,0,6,154,71.1885,117.109,51.2092,0.615946,3.99125,-8.21684,145.971,0.125,26.215,0.192902
ppo,0,6,155,72.1919,118.364,52.0677,0.605452,4.00103,-8.19925,147.769,0.125,78.185,0.192902
ppo,0,6,156,73.2103,119.641,52.9051,0.592048,4.00914,-8.17809,149.584,0.125,70.2516,0.192902
ppo,0,6,157,74.2193,120.916,53.7742,0.580085,4.01532,-8.15697,151.406,0.125,80.4695,0.192902
ppo,0,6,158,75.26,122.191,54.6273,0.570376,4.02034,-8.1367,153.239,0.125,96.3757,0.192902
ppo,0,6,159,76.2817,123.49,55.5031,0.563236,4.02467,-8.11442,155.088,0.125,33.4641,0.192902
ppo,0,6,160,77.3323,124.774,56.3841,0.555669,4.02912,-8.09227,156.943,0.125,14.9743,0.192902
ppo,0,6,161,78.3735,126.091,57.2634,0.548453,4.03765,-8.07367,158.817,0.125,151.515,0.192902
ppo,0,6,162,79.4269,127.386,58.1693,0.540747,4.04772,-8.05225,160.688,0.125,63.54,0.192902
ppo,0,6,163,80.4859,128.71,59.0574,0.534116,4.05761,-8.02684,162.576,0.125,104.278,0.192902
ppo,0,6,164,81.5431,130.025,59.9765,0.525035,4.06661,-8.00076,164.47,0.125,33.4661,0.192902
ppo,0,6,165,82.6259,131.352,60.8771,0.515455,4.07442,-7.97085,166.378,0.125,211.181,0.192902
ppo,0,6,166,83.6956,132.687,61.8065,0.5107,4.08082,-7.93865,168.297,0.125,89.0236,0.192902
ppo,0,6,167,84.7979,134.019,62.7234,0.506396,4.0874,-7.90508,170.223,0.125,57.7039,0.192902
ppo,0,6,168,85.8766,135.373,63.6621,0.501158,4.09398,-7.86846,172.162,0.125,85.6179,0.192902
ppo,0,6,169,86.9867,136.711,64.5997,0.496036,4.09904,-7.83174,174.106,0.125,148.541,0.192902
ppo,0,6,170,88.0816,138.075,65.5424,0.49268,4.10601,-7.79571,176.062,0.125,40.0107,0.192902
ppo,0,6,171,89.2012,139.417,66.4982,0.490506,4.11275,-7.7599,178.02,0.125,102.951,0.192902
ppo,0,6,172,90.3147,140.792,67.4533,0.487955,4.12267,-7.7241,179.997,0.125,89.9281,0.192902
ppo,0,6,173,91.4487,142.146,68.431,0.489114,4.13393,-7.68671,181.975,0.125,53.5384,0.192902
ppo,0,6,174,92.5806,143.528,69.3932,0.487919,4.14536,-7.64852,183.967,0.125,43.8046,0.192902
ppo,0,6,175,93.7204,144.891,70.3829,0.489089,4.15387,-7.60817,185.961,0.125,224.372,0.192902
ppo,0,6,176,94.8696,146.282,71.3573,0.490295,4.16161,-7.56704,187.975,0.125,153.4,0.192902
ppo,0,6,177,96.0209,147.658,72.3626,0.492651,4.1723,-7.52746,189.99,0.125,117.277,0.192902
ppo,0,6,178,97.1858,149.06,73.3437,0.49531,4.18511,-7.49092,192.021,0.125,36.5293,0.192902
ppo,0,6,179,98.3485,150.452,74.3619,0.503352,4.19946,-7.4554,194.056,0.125,152.011,0.192902
ppo,0,6,180,99.5293,151.865,75.3629,0.512029,4.21546,-7.41716,196.106,0.125,184.527,0.192902
ppo,0,6,181,100.711,153.271,76.4015,0.520787,4.23451,-7.37835,198.164,0.125,69.694,0.192902
ppo,0,6,182,101.914,154.699,77.4223,0.527312,4.25078,-7.33882,200.246,0.125,207.94,0.192902
ppo,0,6,183,103.106,156.124,78.475,0.535738,4.26978,-7.29412,202.328,0.125,157.045,0.192902
ppo,0,6,184,104.314,157.568,79.5073,0.540492,4.28829,-7.25058,204.427,0.125,149.218,0.192902
ppo,0,6,185,105.514,159.004,80.5743,0.545905,4.30588,-7.20853,206.533,0.125,218.894,0.192902
ppo,0,6,186,106.735,160.461,81.6213,0.552286,4.31986,-7.16926,208.659,0.125,187.514,0.192902
ppo,0,6,187,107.954,161.905,82.7007,0.559312,4.33747,-7.12861,210.785,0.125,81.0899,0.192902
ppo,0,6,188,109.191,163.372,83.7613,0.568454,4.35477,-7.08945,212.93,0.125,146.065,0.192902
ppo,0,6,189,110.431,164.827,84.8559,0.580123,4.37192,-7.05184,215.082,0.125,175.386,0.192902
ppo,0,6,190,111.682,166.31,85.9347,0.593299,4.38714,-7.01547,217.254,0.125,234.061,0.192902
ppo,0,6,191,112.939,167.778,87.0473,0.605004,4.40268,-6.9789,219.434,0.125,265.186,0.192902
ppo,0,6,192,114.201,169.281,88.1473,0.61532,4.41603,-6.94344,221.64,0.125,85.5804,0.192902
ppo,0,6,193,115.476,170.766,89.2742,0.623656,4.43184,-6.90545,223.85,0.125,197.994,0.192902
ppo,0,6,194,116.751,172.28,90.3922,0.633745,4.44665,-6.8681,226.077,0.125,323.532,0.192902
ppo,0,6,195,118.046,173.775,91.5254,0.644759,4.46059,-6.83079,228.307,0.125,90.7349,0.192902
ppo,0,6,196,119.331,175.3,92.6588,0.658171,4.47455,-6.79084,230.553,0.125,351.578,0.192902
ppo,0,6,197,120.649,176.809,93.7993,0.672823,4.48741,-6.75135,232.808,0.125,95.8049,0.192902
ppo,0,6,198,121.946,178.347,94.951,0.69045,4.50307,-6.71209,235.075,0.125,200.023,0.192902
ppo,0,6,199,123.274,179.875,96.0975,0.70562,4.51938,-6.67445,237.349,0.125,76.4001,0.192902
ppo,0,6,200,124.583,181.418,97.2699,0.718169,4.53483,-6.63521,239.638,0.125,30.4341,0.192902
ppo,0,6,201,125.921,182.969,98.419,0.729327,4.55061,-6.59538,241.938,0.125,224.604,0.192902
ppo,0,6,202,127.251,184.518,99.6008,0.740595,4.566,-6.55633,244.247,0.125,153.094,0.192902
ppo,0,6,203,128.594,186.086,100.762,0.754635,4.57734,-6.51778,246.571,0.125,359.1,0.192902
ppo,0,6,204,129.946,187.639,101.95,0.769766,4.58649,-6.48298,248.902,0.125,319.857,0.192902
ppo,0,6,205,131.295,189.224,103.123,0.785528,4.59925,-6.44924,251.247,0.125,145.451,0.192902
ppo,0,6,206,132.67,190.791,104.31,0.801789,4.60697,-6.41699,253.602,0.125,285.806,0.192902
ppo,0,6,207,134.027,192.385,105.508,0.816921,4.61415,-6.38646,255.975,0.125,125.386,0.192902
ppo,0,6,208,135.417,193.971,106.694,0.831651,4.61824,-6.35414,258.356,0.125,243.457,0.192902
ppo,0,6,209,136.792,195.568,107.905,0.84924,4.62524,-6.32398,260.745,0.125,201.593,0.192902
ppo,0,6,210,138.189,197.185,109.098,0.862288,4.63084,-6.29788,263.158,0.125,375.843,0.192902
ppo,0,6,211,139.586,198.79,110.32,0.875554,4.63095,-6.27096,265.579,0.125,152.513,0.192902
ppo,0,6,212,140.982,200.431,111.533,0.886707,4.63158,-6.24618,268.023,0.125,369.194,0.192902
ppo,0,6,213,142.403,202.053,112.76,0.89612,4.62959,-6.2232,270.476,0.125,404.82,0.192902
ppo,0,6,214,143.803,203.702,114.002,0.903647,4.62702,-6.20113,272.946,0.125,135.587,0.192902
ppo,0,6,215,145.232,205.351,115.229,0.910272,4.62687,-6.18119,275.426,0.125,179.086,0.192902
ppo,0,6,216,146.651,207.001,116.491,0.916169,4.62695,-6.16195,277.916,0.125,458.73,0.192902
ppo,0,6,217,148.082,208.677,117.737,0.923781,4.6286,-6.14704,280.426,0.125,228.16,0.192902
ppo,0,6,218,149.535,210.333,119.002,0.932185,4.63172,-6.13129,282.939,0.125,189.729,0.192902
ppo,0,6,219,150.972,212.018,120.275,0.94219,4.63189,-6.11456,285.468,0.125,238.71,0.192902
ppo,0,6,220,152.443,213.695,121.537,0.950905,4.63182,-6.09909,288.007,0.125,365.035,0.192902
ppo,0,6,221,153.902,215.37,122.832,0.962349,4.63194,-6.08598,290.552,0.125,510.485,0.192902
ppo,0,6,222,155.371,217.07,124.107,0.975243,4.63183,-6.07316,293.113,0.125,311.78,0.192902
ppo,0,6,223,156.86,218.749,125.405,0.992017,4.6321,-6.05958,295.675,0.125,214.362,0.192902
ppo,0,6,224,158.329,220.453,126.712,1.00869,4.63547,-6.04906,298.249,0.125,243.017,0.192902
ppo,0,6,225,159.832,222.157,128.001,1.02462,4.63801,-6.04344,300.835,0.125,397.736,0.192902
ppo,0,6,226,161.332,223.85,129.321,1.04245,4.64407,-6.03582,303.423,0.125,441.944,0.192902
ppo,0,6,227,162.835,225.578,130.631,1.05849,4.64555,-6.02879,306.037,0.125,316.242,0.192902
ppo,0,6,228,164.369,227.293,131.95,1.07596,4.64709,-6.02113,308.662,0.125,528.145,0.192902
ppo,0,6,229,165.886,229.022,133.293,1.09675,4.64784,-6.01297,311.296,0.125,422.19,0.192902
ppo,0,6,230,167.421,230.771,134.616,1.11911,4.64877,-6.00547,313.946,0.125,38.4102,0.192902
ppo,0,6,231,168.966,232.496,135.963,1.13995,4.64899,-5.99648,316.595,0.125,319.637,0.192902
ppo,0,6,232,170.495,234.249,137.322,1.16376,4.65053,-5.98657,319.258,0.125,266.233,0.192902
ppo,0,6,233,172.052,236.004,138.667,1.18855,4.65395,-5.97758,321.93,0.125,271.413,0.192902
ppo,0,6,234,173.606,237.748,140.046,1.20811,4.65589,-5.96705,324.612,0.125,321.255,0.192902
ppo,0,6,235,175.152,239.523,141.42,1.22818,4.65938,-5.95801,327.309,0.125,388.859,0.192902
ppo,0,6,236,176.731,241.289,142.786,1.24625,4.66061,-5.94984,330.015,0.125,225.354,0.192902
ppo,0,6,237,178.301,243.048,144.185,1.26443,4.6575,-5.94187,332.731,0.125,211.886,0.192902
ppo,0,6,238,179.872,244.841,145.572,1.27924,4.6569,-5.93342,335.466,0.125,246.796,0.192902
ppo,0,6,239,181.475,246.62,146.959,1.28856,4.65654,-5.92698,338.212,0.125,173.606,0.192902
ppo,0,6,240,183.06,248.406,148.377,1.29922,4.65379,-5.91883,340.968,0.125,544.209,0.192902
ppo,0,6,241,184.654,250.223,149.78,1.31027,4.65251,-5.91489,343.746,0.125,425.679,0.192902
ppo,0,6,242,186.276,252.024,151.193,1.32196,4.65011,-5.90984,346.53,0.125,353.453,0.192902
ppo,0,6,243,187.885,253.833,152.638,1.33703,4.64687,-5.90839,349.329,0.125,267.508,0.192902
ppo,0,6,244,189.5,255.673,154.063,1.34909,4.64185,-5.90584,352.147,0.125,157.122,0.192902
ppo,0,6,245,191.146,257.493,155.491,1.35676,4.63618,-5.90607,354.973,0.125,356.439,0.192902
ppo,0,6,246,192.776,259.32,156.95,1.36569,4.63063,-5.90733,357.809,0.125,331.733,0.192902
ppo,0,6,247,194.409,261.179,158.395,1.37575,4.62271,-5.91036,360.665,0.125,573.594,0.192902
ppo,0,6,248,196.076,263.022,159.842,1.38742,4.61279,-5.9132,363.529,0.125,379.107,0.192902
ppo,0,6,249,197.729,264.865,161.32,1.39795,4.60025,-5.92004,366.405,0.125,630.727,0.192902
ppo,0,6,250,199.378,266.741,162.79,1.40986,4.58793,-5.92515,369.297,0.125,565.412,0.192902
ppo,0,6,251,201.06,268.604,164.253,1.42625,4.57332,-5.93151,372.194,0.125,339.303,0.192902
ppo,0,6,252,202.737,270.457,165.748,1.44425,4.56287,-5.93712,375.092,0.125,205.758,0.192902
ppo,0,6,253,204.405,272.343,167.239,1.46138,4.55463,-5.94364,378.006,0.125,443.182,0.192902
ppo,0,6,254,206.102,274.231,168.714,1.48098,4.54702,-5.94866,380.928,0.125,219.064,0.192902
ppo,0,6,255,207.806,276.101,170.215,1.49821,4.53968,-5.95336,383.854,0.125,506.54,0.192902
ppo,0,6,256,209.494,277.998,171.726,1.51732,4.53281,-5.95942,386.794,0.125,462.223,0.192902
ppo,0,6,257,211.202,279.911,173.218,1.53299,4.52975,-5.9655,389.746,0.125,502.171,0.192902
ppo,0,6,258,212.933,281.802,174.724,1.55036,4.52753,-5.97169,392.701,0.125,431.292,0.192902
ppo,0,6,259,214.648,283.708,176.259,1.5683,4.52678,-5.97925,395.671,0.125,322.229,0.192902
ppo,0,6,260,216.366,285.645,177.78,1.58688,4.52501,-5.98808,398.66,0.125,642.642,0.192902
ppo,0,6,261,218.118,287.576,179.295,1.60443,4.52038,-5.99842,401.662,0.125,679.043,0.192902
ppo,0,6,262,219.871,289.496,180.843,1.61909,4.51843,-6.01008,404.673,0.125,372.73,0.192902
ppo,0,6,263,221.609,291.443,182.402,1.63204,4.5166,-6.02432,407.703,0.125,142.034,0.192902
ppo,0,6,264,223.369,293.406,183.94,1.64043,4.51395,-6.0386,410.748,0.125,479.963,0.192902
ppo,0,6,265,225.152,295.348,185.492,1.64883,4.51273,-6.05315,413.797,0.125,238.025,0.192902
ppo,0,6,266,226.919,297.293,187.076,1.6568,4.511,-6.07266,416.858,0.125,651.666,0.192902
ppo,0,6,267,228.681,299.271,188.652,1.66339,4.50868,-6.08932,419.935,0.125,455.821,0.192902
ppo,0,6,268,230.474,301.249,190.211,1.66951,4.5053,-6.1059,423.023,0.125,162.649,0.192902
ppo,0,6,269,232.28,303.208,191.795,1.67837,4.5041,-6.11909,426.111,0.125,651.809,0.192902
ppo,0,6,270,234.068,305.184,193.403,1.69007,4.50359,-6.12866,429.21,0.125,795.358,0.192902
ppo,0,6,271,235.861,307.193,194.996,1.70444,4.50292,-6.13521,432.324,0.125,436.831,0.192902
ppo,0,6,272,237.689,309.195,196.585,1.71877,4.50139,-6.14247,435.453,0.125,299.553,0.192902
ppo,0,6,273,239.525,311.179,198.205,1.73289,4.50223,-6.14674,438.584,0.125,795.294,0.192902
ppo,0,6,274,241.342,313.182,199.844,1.74659,4.50532,-6.15225,441.726,0.125,498.083,0.192902
ppo,0,6,275,243.163,315.215,201.466,1.76061,4.50846,-6.15747,444.883,0.125,354.023,0.192902
ppo,0,6,276,245.016,317.242,203.08,1.77906,4.50998,-6.16261,448.049,0.125,481.284,0.192902
ppo,0,6,277,246.876,319.253,204.724,1.79621,4.50956,-6.16803,451.223,0.125,558.335,0.192902
ppo,0,6,278,248.716,321.281,206.388,1.81389,4.51273,-6.17566,454.408,0.125,686.994,0.192902
ppo,0,6,279,250.561,323.343,208.043,1.83212,4.51271,-6.18214,457.614,0.125,805.67,0.192902
ppo,0,6,280,252.439,325.405,209.684,1.85088,4.51089,-6.18543,460.833,0.125,511.593,0.192902
ppo,0,6,281,254.335,327.447,211.35,1.87114,4.50917,-6.18948,464.058,0.125,136.187,0.192902
ppo,0,6,282,256.217,329.501,213.045,1.89142,4.50675,-6.19091,467.298,0.125,789.232,0.192902
ppo,0,6,283,258.091,331.59,214.737,1.91311,4.50039,-6.19262,470.558,0.125,554.749,0.192902
ppo,0,6,284,259.988,333.692,216.409,1.93194,4.49754,-6.19462,473.829,0.125,842.836,0.192902
ppo,0,6,285,261.91,335.781,218.089,1.9511,4.49661,-6.19391,477.107,0.125,606.634,0.192902
ppo,0,6,286,263.835,337.855,219.806,1.96782,4.49538,-6.19262,480.394,0.125,419.989,0.192902
ppo,0,6,287,265.741,339.957,221.539,1.98483,4.49376,-6.19076,483.698,0.125,810.125,0.192902
ppo,0,6,288,267.653,342.088,223.254,2.00399,4.49346,-6.1907,487.016,0.125,505.164,0.192902
ppo,0,6,289,269.593,344.219,224.954,2.02299,4.49285,-6.19161,490.342,0.125,744.725,0.192902
ppo,0,6,290,271.554,346.327,226.673,2.0421,4.49368,-6.19169,493.673,0.125,398.05,0.192902
ppo,0,6,291,273.505,348.432,228.425,2.06267,4.49377,-6.19055,497.01,0.125,577.982,0.192902
ppo,0,6,292,275.439,350.567,230.193,2.08405,4.49534,-6.1887,500.365,0.125,539.215,0.192902
ppo,0,6,293,277.38,352.733,231.944,2.10596,4.49448,-6.18606,503.738,0.125,888.192,0.192902
ppo,0,6,294,279.354,354.903,233.678,2.13093,4.49332,-6.18333,507.122,0.125,665.059,0.192902
ppo,0,6,295,281.349,357.055,235.427,2.15623,4.49251,-6.18069,510.513,0.125,436.624,0.192902
ppo,0,6,296,283.339,359.198,237.212,2.17951,4.49182,-6.17664,513.912,0.125,984.701,0.192902
ppo,0,6,297,285.307,361.367,239.015,2.19945,4.49031,-6.17684,517.33,0.125,864.637,0.192902
ppo,0,6,298,287.277,363.567,240.801,2.21727,4.48756,-6.17515,520.764,0.125,854.149,0.192902
ppo,0,6,299,289.273,365.778,242.567,2.2354,4.48525,-6.17459,524.209,0.125,568.172,0.192902
ppo,0,7,0,0,0,0,-3.26618,-9.3179,1.19533,9.94585,0.125,0.761001,0.486319
ppo,0,7,1,0.0190914,0.0162538,-0.0224129,-3.23997,-9.35657,1.18387,9.99631,0.125,0.632717,0.486319
ppo,0,7,2,0.0567469,0.0505528,-0.0637999,-3.20879,-9.39363,1.17094,10.0688,0.125,1.12742,0.486319
ppo,0,7,3,0.114611,0.10681,-0.124825,-3.17549,-9.43068,1.15539,10.1699,0.125,0.932789,0.486319
ppo,0,7,4,0.191849,0.186455,-0.207519,-3.14178,-9.46244,1.14327,10.2975,0.125,0.665372,0.486319
ppo,0,7,5,0.285575,0.287911,-0.308365,-3.10585,-9.49312,1.12693,10.4513,0.125,0.834136,0.486319
ppo,0,7,6,0.394363,0.416673,-0.429462,-3.07019,-9.51992,1.10907,10.6351,0.125,0.834672,0.486319
ppo,0,7,7,0.51302,0.569139,-0.568708,-3.03523,-9.54734,1.09096,10.8484,0.125,0.941194,0.486319
ppo,0,7,8,0.639007,0.74833,-0.723673,-2.99806,-9.57308,1.07582,11.0904,0.125,0.514025,0.486319
ppo,0,7,9,0.769383,0.953927,-0.892417,-2.95688,-9.59824,1.06227,11.3602,0.125,1.59799,0.486319
ppo,0,7,10,0.899726,1.19352,-1.07411,-2.91513,-9.62062,1.05019,11.6624,0.125,1.78432,0.486319
ppo,0,7,11,1.02667,1.4668,-1.26169,-2.87132,-9.64326,1.0364,11.9962,0.125,1.23281,0.486319
ppo,0,7,12,1.14599,1.77432,-1.45101,-2.8256,-9.66367,1.0235,12.3582,0.125,0.547816,0.486319
ppo,0,7,13,1.2507,2.11222,-1.64019,-2.77695,-9.68051,1.01023,12.7403,0.125,1.60684,0.486319
ppo,0,7,14,1.341,2.47555,-1.82624,-2.72812,-9.69474,0.999186,13.1399,0.125,2.19082,0.486319
ppo,0,7,15,1.41123,2.86379,-1.99667,-2.68094,-9.70568,0.986161,13.5512,0.125,1.36998,0.486319
ppo,0,7,16,1.46197,3.27099,-2.14923,-2.63436,-9.71791,0.972428,13.9727,0.125,0.908728,0.486319
ppo,0,7,17,1.49121,3.69346,-2.27907,-2.58608,-9.72866,0.958508,14.3965,0.125,0.732663,0.486319
ppo,0,7,18,1.50243,4.12202,-2.37985,-2.53651,-9.73713,0.945091,14.8137,0.125,1.35728,0.486319
ppo,0,7,19,1.50057,4.55385,-2.45035,-2.48752,-9.74334,0.930317,15.2231,0.125,1.61887,0.486319
ppo,0,7,20,1.49453,4.97651,-2.48783,-2.43913,-9.75089,0.912297,15.6183,0.125,2.79406,0.486319
ppo,0,7,21,1.49049,5.38515,-2.4946,-2.3875,-9.75553,0.891257,15.992,0.125,1.16297,0.486319
ppo,0,7,22,1.49711,5.77338,-2.47588,-2.33832,-9.75618,0.872157,16.3428,0.125,2.44241,0.486319
ppo,0,7,23,1.52503,6.14356,-2.43629,-2.28895,-9.75675,0.854005,16.6791,0.125,2.23878,0.486319
ppo,0,7,24,1.5792,6.49445,-2.38989,-2.24092,-9.75599,0.834171,17.0019,0.125,1.90979,0.486319
ppo,0,7,25,1.66515,6.83461,-2.3463,-2.1938,-9.74969,0.812735,17.3179,0.125,2.52685,0.486319
ppo,0,7,26,1.78427,7.17344,-2.30839,-2.14579,-9.74021,0.790305,17.6386,0.125,1.65188,0.486319
ppo,0,7,27,1.92637,7.52104,-2.29087,-2.09947,-9.7266,0.77382,17.9745,0.125,3.79302,0.486319
ppo,0,7,28,2.08735,7.89016,-2.29243,-2.05435,-9.71075,0.758608,18.3372,0.125,1.18776,0.486319
ppo,0,7,29,2.25267,8.28685,-2.31286,-2.00672,-9.69196,0.745844,18.7279,0.125,1.75482,0.486319
ppo,0,7,30,2.41314,8.71896,-2.34392,-1.95781,-9.66927,0.734714,19.1497,0.125,2.18237,0.486319
ppo,0,7,31,2.55603,9.18184,-2.36749,-1.90925,-9.64761,0.726513,19.5974,0.125,4.71495,0.486319
ppo,0,7,32,2.67743,9.66699,-2.3726,-1.85627,-9.62384,0.718664,20.0561,0.125,2.0812,0.486319
ppo,0,7,33,2.78062,10.1575,-2.3476,-1.80391,-9.59838,0.713271,20.5105,0.125,2.19412,0.486319
ppo,0,7,34,2.87724,10.639,-2.28689,-1.75081,-9.57312,0.70972,20.9506,0.125,2.81066,0.486319
ppo,0,7,35,2.98362,11.103,-2.19746,-1.6968,-9.54527,0.710111,21.3708,0.125,2.72887,0.486319
ppo,0,7,36,3.1114,11.5485,-2.09467,-1.6425,-9.5151,0.714873,21.7754,0.125,2.44045,0.486319
ppo,0,7,37,3.27082,11.9849,-1.99293,-1.58803,-9.48291,0.72342,22.1778,0.125,2.5216,0.486319
ppo,0,7,38,3.46333,12.42,-1.90323,-1.53574,-9.44813,0.731236,22.5864,0.125,2.99463,0.486319
ppo,0,7,39,3.67792,12.8726,-1.83153,-1.48428,-9.41438,0.74106,23.0212,0.125,3.69495,0.486319
ppo,0,7,40,3.89605,13.3556,-1.77594,-1.43464,-9.37769,0.749603,23.4861,0.125,3.55752,0.486319
ppo,0,7,41,4.10121,13.8714,-1.72121,-1.38366,-9.34003,0.760621,23.9794,0.125,2.61859,0.486319
ppo,0,7,42,4.28929,14.4092,-1.65334,-1.33464,-9.29968,0.775596,24.4875,0.125,2.65561,0.486319
ppo,0,7,43,4.46291,14.9536,-1.55141,-1.28632,-9.25984,0.79486,24.997,0.125,7.46277,0.486319
ppo,0,7,44,4.63908,15.4859,-1.41689,-1.24048,-9.21896,0.819508,25.4932,0.125,2.42249,0.486319
ppo,0,7,45,4.83323,15.997,-1.25675,-1.19503,-9.17817,0.846384,25.9721,0.125,3.58535,0.486319
ppo,0,7,46,5.06052,16.4952,-1.09368,-1.15028,-9.13767,0.876831,26.448,0.125,5.48213,0.486319
ppo,0,7,47,5.32306,16.9964,-0.945775,-1.10768,-9.09847,0.908416,26.9394,0.125,4.54748,0.486319
ppo,0,7,48,5.60009,17.5251,-0.819337,-1.06678,-9.05996,0.942729,27.4648,0.125,1.48097,0.486319
ppo,0,7,49,5.87021,18.0903,-0.700171,-1.02903,-9.01942,0.978397,28.0242,0.125,6.24842,0.486319
ppo,0,7,50,6.12136,18.6825,-0.562751,-0.997528,-8.98037,1.01492,28.6077,0.125,6.11992,0.486319
ppo,0,7,51,6.35786,19.2796,-0.391788,-0.967426,-8.93993,1.05446,29.1906,0.125,6.01075,0.486319
ppo,0,7,52,6.59898,19.8613,-0.189977,-0.938624,-8.89875,1.09524,29.7591,0.125,5.05286,0.486319
ppo,0,7,53,6.86406,20.4215,0.0257241,-0.913546,-8.85685,1.13505,30.3141,0.125,6.4831,0.486319
ppo,0,7,54,7.16113,20.9777,0.233377,-0.888063,-8.81739,1.17757,30.8776,0.125,6.64119,0.486319
ppo,0,7,55,7.47859,21.5568,0.418675,-0.864859,-8.77922,1.22064,31.4727,0.125,4.0013,0.486319
ppo,0,7,56,7.7912,22.17,0.599597,-0.844507,-8.74267,1.26261,32.1031,0.125,8.94379,0.486319
ppo,0,7,57,8.08653,22.8055,0.794266,-0.828985,-8.7068,1.30776,32.7533,0.125,10.0074,0.486319
ppo,0,7,58,8.36659,23.4435,1.02246,-0.81367,-8.67246,1.35304,33.4039,0.125,2.68795,0.486319
ppo,0,7,59,8.65716,24.0598,1.2804,-0.802791,-8.64092,1.40333,34.0417,0.125,6.72958,0.486319
ppo,0,7,60,8.97605,24.6612,1.54234,-0.794743,-8.61518,1.45877,34.6813,0.125,3.14672,0.486319
ppo,0,7,61,9.323,25.2717,1.78735,-0.792255,-8.58881,1.51984,35.3401,0.125,10.6819,0.486319
ppo,0,7,62,9.67093,25.9136,2.02031,-0.787651,-8.56672,1.58051,36.0343,0.125,12.2504,0.486319
ppo,0,7,63,10.0024,26.5868,2.2641,-0.784228,-8.54452,1.64285,36.7553,0.125,9.80357,0.486319
ppo,0,7,64,10.3195,27.263,2.5415,-0.783712,-8.52394,1.70472,37.4791,0.125,9.00646,0.486319
ppo,0,7,65,10.648,27.9207,2.84499,-0.789163,-8.51001,1.76642,38.1991,0.125,8.74072,0.486319
ppo,0,7,66,11.0078,28.5647,3.14783,-0.795941,-8.50067,1.82821,38.9218,0.125,3.66014,0.486319
ppo,0,7,67,11.3911,29.2226,3.43209,-0.803649,-8.49114,1.88597,39.6665,0.125,2.71093,0.486319
ppo,0,7,68,11.7686,29.9113,3.71034,-0.811608,-8.4861,1.94436,40.4443,0.125,11.6614,0.486319
ppo,0,7,69,12.1284,30.6196,4.01486,-0.819457,-8.48265,2.00354,41.2393,0.125,11.0982,0.486319
ppo,0,7,70,12.4823,31.322,4.34855,-0.829094,-8.48178,2.0604,42.033,0.125,7.70014,0.486319
ppo,0,7,71,12.8625,32.0044,4.69168,-0.841042,-8.48322,2.11841,42.8212,0.125,3.21967,0.486319
ppo,0,7,72,13.2715,32.6914,5.02055,-0.853345,-8.48598,2.17645,43.6254,0.125,10.8355,0.486319
ppo,0,7,73,13.6844,33.4126,5.33248,-0.865298,-8.49053,2.23038,44.4656,0.125,9.97325,0.486319
ppo,0,7,74,14.0797,34.1616,5.66041,-0.877034,-8.49598,2.28463,45.3296,0.125,2.31034,0.486319
ppo,0,7,75,14.4675,34.9029,6.02197,-0.891938,-8.50598,2.34141,46.193,0.125,5.99117,0.486319
ppo,0,7,76,14.8795,35.6232,6.39609,-0.908029,-8.51629,2.39608,47.0483,0.125,17.6399,0.486319
ppo,0,7,77,15.3202,36.344,6.75316,-0.92595,-8.52809,2.45004,47.9162,0.125,14.269,0.486319
ppo,0,7,78,15.76,37.0973,7.09905,-0.941983,-8.54289,2.50134,48.8173,0.125,2.73512,0.486319
ppo,0,7,79,16.1799,37.8716,7.46901,-0.958917,-8.55827,2.54963,49.736,0.125,8.37808,0.486319
ppo,0,7,80,16.6029,38.6327,7.86909,-0.974875,-8.57461,2.59776,50.6487,0.125,17.3954,0.486319
ppo,0,7,81,17.053,39.3763,8.27337,-0.986669,-8.59206,2.64804,51.5562,0.125,20.2637,0.486319
ppo,0,7,82,17.5249,40.136,8.65671,-0.998933,-8.61476,2.69923,52.4905,0.125,8.74327,0.486319
ppo,0,7,83,17.9831,40.9341,9.0433,-1.0137,-8.63764,2.74691,53.4592,0.125,6.37583,0.486319
ppo,0,7,84,18.4276,41.7385,9.45795,-1.02961,-8.66353,2.79431,54.4367,0.125,5.56195,0.486319
ppo,0,7,85,18.8879,42.521,9.89162,-1.0457,-8.693,2.83693,55.4075,0.125,10.3482,0.486319
ppo,0,7,86,19.3787,43.3056,10.3113,-1.05957,-8.72191,2.87975,56.3899,0.125,34.0186,0.486319
ppo,0,7,87,19.8673,44.1242,10.7193,-1.075,-8.75484,2.91874,57.4075,0.125,5.71492,0.486319
ppo,0,7,88,20.3355,44.9567,11.1533,-1.09091,-8.78972,2.95641,58.4376,0.125,6.07343,0.486319
ppo,0,7,89,20.8131,45.7723,11.613,-1.10692,-8.82586,2.99025,59.4625,0.125,12.7791,0.486319
ppo,0,7,90,21.3229,46.584,12.0595,-1.12321,-8.8669,3.02425,60.5001,0.125,16.9018,0.486319
ppo,0,7,91,21.8374,47.4233,12.4918,-1.14106,-8.90819,3.05448,61.5655,0.125,10.1598,0.486319
ppo,0,7,92,22.33,48.2793,12.9477,-1.15863,-8.95407,3.08714,62.6467,0.125,28.3854,0.486319
ppo,0,7,93,22.8295,49.1204,13.4308,-1.17327,-9.00334,3.11868,63.7247,0.125,30.7892,0.486319
ppo,0,7,94,23.3633,49.9532,13.9028,-1.18736,-9.05414,3.14923,64.8093,0.125,28.5818,0.486319
ppo,0,7,95,23.9038,50.8184,14.3583,-1.19963,-9.10425,3.17689,65.9237,0.125,5.06447,0.486319
ppo,0,7,96,24.4255,51.6999,14.8346,-1.21033,-9.15568,3.20065,67.0518,0.125,25.9144,0.486319
ppo,0,7,97,24.9593,52.5628,15.3359,-1.2186,-9.20962,3.22148,68.1753,0.125,8.23807,0.486319
ppo,0,7,98,25.5286,53.4252,15.8243,-1.22432,-9.26307,3.23754,69.3107,0.125,13.9752,0.486319
ppo,0,7,99,26.0911,54.324,16.3035,-1.22943,-9.31663,3.25164,70.4762,0.125,16.5898,0.486319
ppo,0,7,100,26.6391,55.2296,16.8122,-1.23112,-9.37028,3.26228,71.6484,0.125,20.988,0.486319
ppo,0,7,101,27.2105,56.1124,17.3343,-1.23056,-9.42486,3.27182,72.8133,0.125,17.664,0.486319
ppo,0,7,102,27.8087,57.0128,17.8354,-1.23005,-9.47842,3.28061,74.0012,0.125,47.5276,0.486319
ppo,0,7,103,28.3925,57.943,18.3426,-1.22761,-9.53505,3.28579,75.2153,0.125,31.6457,0.486319
ppo,0,7,104,28.9718,58.8633,18.8824,-1.22521,-9.5923,3.2876,76.428,0.125,10.3392,0.486319
ppo,0,7,105,29.5849,59.7732,19.4186,-1.2197,-9.65295,3.28614,77.6477,0.125,34.4126,0.486319
ppo,0,7,106,30.2025,60.7144,19.9383,-1.21109,-9.71395,3.28072,78.8951,0.125,15.0166,0.486319
ppo,0,7,107,30.8005,61.669,20.4869,-1.20249,-9.77303,3.27369,80.1527,0.125,48.4581,0.486319
ppo,0,7,108,31.4182,62.6039,21.0515,-1.18984,-9.82945,3.26754,81.4012,0.125,28.3782,0.486319
ppo,0,7,109,32.0611,63.5506,21.5972,-1.1774,-9.88368,3.25779,82.6664,0.125,14.0845,0.486319
ppo,0,7,110,32.6884,64.5256,22.1516,-1.16247,-9.93664,3.24525,83.9521,0.125,33.8797,0.486319
ppo,0,7,111,33.321,65.4887,22.7434,-1.13965,-9.99043,3.23404,85.2365,0.125,6.32955,0.486319
ppo,0,7,112,33.9835,66.4504,23.3243,-1.11664,-10.0404,3.22243,86.5271,0.125,36.3302,0.486319
ppo,0,7,113,34.6404,67.4491,23.9011,-1.08598,-10.0905,3.21046,87.8457,0.125,10.613,0.486319
ppo,0,7,114,35.2886,68.4402,24.5078,-1.05392,-10.1376,3.19714,89.1594,0.125,16.3563,0.486319
ppo,0,7,115,35.9677,69.4188,25.1148,-1.01834,-10.1826,3.18066,90.4736,0.125,65.5926,0.486319
ppo,0,7,116,36.6484,70.4276,25.7068,-0.979601,-10.2243,3.16119,91.809,0.125,56.8841,0.486319
ppo,0,7,117,37.3152,71.4382,26.326,-0.939307,-10.2626,3.13557,93.1463,0.125,26.6639,0.486319
ppo,0,7,118,38.012,72.4293,26.9508,-0.897666,-10.2956,3.10676,94.477,0.125,44.6715,0.486319
ppo,0,7,119,38.7163,73.4468,27.5599,-0.855624,-10.3279,3.07542,95.8312,0.125,67.4584,0.486319
ppo,0,7,120,39.4021,74.4755,28.1954,-0.816929,-10.3567,3.04432,97.1939,0.125,25.0715,0.486319
ppo,0,7,121,40.1149,75.486,28.8415,-0.777717,-10.3857,3.0137,98.5557,0.125,8.21353,0.486319
ppo,0,7,122,40.8431,76.5196,29.4693,-0.735888,-10.4166,2.98542,99.9405,0.125,17.9813,0.486319
ppo,0,7,123,41.5544,77.5656,30.1249,-0.692557,-10.4499,2.95654,101.339,0.125,23.5562,0.486319
ppo,0,7,124,42.2888,78.5905,30.7968,-0.649909,-10.4854,2.92568,102.738,0.125,35.9806,0.486319
ppo,0,7,125,43.0354,79.6425,31.4506,-0.604213,-10.5162,2.89473,104.156,0.125,36.5952,0.486319
ppo,0,7,126,43.7646,80.706,32.1305,-0.556767,-10.5438,2.86122,105.582,0.125,77.1477,0.486319
ppo,0,7,127,44.524,81.7538,32.8171,-0.508871,-10.5677,2.83032,107.007,0.125,47.3038,0.486319
ppo,0,7,128,45.289,82.8333,33.4867,-0.464896,-10.5919,2.7979,108.46,0.125,55.3882,0.486319
ppo,0,7,129,46.0405,83.9164,34.1848,-0.422671,-10.6158,2.76676,109.919,0.125,67.1871,0.486319
ppo,0,7,130,46.8243,84.9847,34.8833,-0.381058,-10.6388,2.73444,111.381,0.125,39.3011,0.486319
ppo,0,7,131,47.6065,86.087,35.5767,-0.339396,-10.6576,2.70161,112.868,0.125,20.8142,0.486319
ppo,0,7,132,48.3801,87.183,36.3042,-0.296469,-10.6749,2.67052,114.354,0.125,60.2006,0.486319
ppo,0,7,133,49.1853,88.2736,37.018,-0.253487,-10.6899,2.63964,115.844,0.125,45.9378,0.486319
ppo,0,7,134,49.9758,89.3971,37.7307,-0.210816,-10.7006,2.60901,117.353,0.125,26.1892,0.486319
ppo,0,7,135,50.7735,90.5056,38.4722,-0.165138,-10.7092,2.58407,118.858,0.125,113.569,0.486319
ppo,0,7,136,51.5971,91.6272,39.195,-0.117907,-10.7176,2.55861,120.379,0.125,21.0182,0.486319
ppo,0,7,137,52.404,92.7649,39.9357,-0.0720434,-10.7233,2.53266,121.912,0.125,58.0434,0.486319
ppo,0,7,138,53.2353,93.8841,40.6904,-0.0268965,-10.7267,2.50729,123.443,0.125,84.9007,0.486319
ppo,0,7,139,54.0742,95.0302,41.4273,0.0197903,-10.7247,2.4835,124.99,0.125,100.96,0.486319
ppo,0,7,140,54.9035,96.1744,42.1977,0.0653587,-10.7184,2.46671,126.538,0.125,96.6469,0.486319
ppo,0,7,141,55.7662,97.3111,42.9621,0.111821,-10.7098,2.44851,128.091,0.125,85.8142,0.486319
ppo,0,7,142,56.6179,98.4763,43.733,0.157105,-10.6969,2.43421,129.662,0.125,49.8779,0.486319
ppo,0,7,143,57.4809,99.6185,44.5295,0.202544,-10.6807,2.41897,131.225,0.125,121.771,0.486319
ppo,0,7,144,58.3609,100.782,45.3011,0.24745,-10.6642,2.40287,132.807,0.125,37.344,0.486319
ppo,0,7,145,59.222,101.955,46.1044,0.291683,-10.6461,2.3874,134.398,0.125,74.5221,0.486319
ppo,0,7,146,60.1181,103.116,46.9027,0.334949,-10.628,2.37374,135.994,0.125,114.635,0.486319
ppo,0,7,147,61.002,104.309,47.6982,0.37398,-10.6069,2.35953,137.612,0.125,34.5354,0.486319
ppo,0,7,148,61.8946,105.485,48.5243,0.412013,-10.5839,2.34455,139.229,0.125,105.755,0.486319
ppo,0,7,149,62.8022,106.679,49.3306,0.447179,-10.5601,2.32894,140.863,0.125,89.9885,0.486319
ppo,0,7,150,63.6947,107.88,50.1677,0.484076,-10.5365,2.31522,142.506,0.125,14.8757,0.486319
ppo,0,7,151,64.6198,109.073,50.9941,0.520734,-10.5128,2.30248,144.154,0.125,53.3763,0.486319
ppo,0,7,152,65.5313,110.296,51.8269,0.553591,-10.4873,2.29146,145.823,0.125,49.6032,0.486319
ppo,0,7,153,66.4646,111.498,52.6781,0.586407,-10.4606,2.28165,147.491,0.125,108.461,0.486319
ppo,0,7,154,67.4086,112.732,53.5148,0.617572,-10.4299,2.27137,149.184,0.125,22.9436,0.486319
ppo,0,7,155,68.3456,113.958,54.3874,0.647498,-10.3963,2.25968,150.878,0.125,116.986,0.486319
ppo,0,7,156,69.3138,115.189,55.2426,0.674191,-10.3634,2.25108,152.588,0.125,109.479,0.486319
ppo,0,7,157,70.2642,116.438,56.1222,0.694523,-10.329,2.24355,154.313,0.125,139.311,0.486319
ppo,0,7,158,71.2471,117.673,57.004,0.713313,-10.2944,2.23953,156.045,0.125,161.072,0.486319
ppo,0,7,159,72.2194,118.944,57.887,0.73092,-10.2624,2.24089,157.802,0.125,23.0241,0.486319
ppo,0,7,160,73.2076,120.192,58.7919,0.749687,-10.2302,2.24318,159.555,0.125,44.762,0.486319
ppo,0,7,161,74.1994,121.467,59.681,0.769216,-10.1961,2.24536,161.326,0.125,218.449,0.486319
ppo,0,7,162,75.188,122.728,60.5999,0.791144,-10.1596,2.24992,163.091,0.125,18.8291,0.486319
ppo,0,7,163,76.2011,124.004,61.4999,0.811253,-10.121,2.25429,164.873,0.125,157.136,0.486319
ppo,0,7,164,77.2001,125.282,62.4299,0.827158,-10.0794,2.26071,166.661,0.125,94.7966,0.486319
ppo,0,7,165,78.2281,126.563,63.3463,0.8405,-10.0376,2.26883,168.46,0.125,258.695,0.486319
ppo,0,7,166,79.2344,127.861,64.2805,0.851955,-9.99611,2.27864,170.272,0.125,18.1899,0.486319
ppo,0,7,167,80.2747,129.146,65.2112,0.860867,-9.95766,2.28951,172.091,0.125,15.3814,0.486319
ppo,0,7,168,81.2997,130.462,66.1478,0.866715,-9.91569,2.29986,173.931,0.125,201.122,0.486319
ppo,0,7,169,82.3466,131.761,67.0979,0.873529,-9.87061,2.30991,175.769,0.125,111.931,0.486319
ppo,0,7,170,83.3852,133.096,68.0442,0.877107,-9.82799,2.32116,177.635,0.125,59.6301,0.486319
ppo,0,7,171,84.4423,134.411,69.0096,0.879443,-9.78638,2.33503,179.503,0.125,67.8613,0.486319
ppo,0,7,172,85.5053,135.759,69.9571,0.881743,-9.74623,2.3517,181.393,0.125,82.8202,0.486319
ppo,0,7,173,86.5772,137.091,70.9326,0.881929,-9.7073,2.36934,183.288,0.125,37.9013,0.486319
ppo,0,7,174,87.6611,138.455,71.895,0.878986,-9.66693,2.3854,185.21,0.125,50.1774,0.486319
ppo,0,7,175,88.7446,139.807,72.8854,0.876987,-9.62817,2.40398,187.134,0.125,205.398,0.486319
ppo,0,7,176,89.8463,141.179,73.8598,0.870907,-9.58768,2.42418,189.077,0.125,151.251,0.486319
ppo,0,7,177,90.9399,142.545,74.8678,0.863547,-9.54946,2.44572,191.027,0.125,76.7207,0.486319
ppo,0,7,178,92.0576,143.928,75.8519,0.856766,-9.51282,2.47013,192.994,0.125,161.36,0.486319
ppo,0,7,179,93.1649,145.307,76.8661,0.849898,-9.47998,2.49608,194.967,0.125,135.774,0.486319
ppo,0,7,180,94.3005,146.7,77.8606,0.839908,-9.4483,2.52466,196.959,0.125,261.118,0.486319
ppo,0,7,181,95.4271,148.094,78.8888,0.826865,-9.41817,2.55212,198.963,0.125,225.139,0.486319
ppo,0,7,182,96.5814,149.501,79.8977,0.817223,-9.39232,2.57947,200.987,0.125,95.7922,0.486319
ppo,0,7,183,97.7272,150.906,80.9344,0.806853,-9.3662,2.60743,203.017,0.125,63.5378,0.486319
ppo,0,7,184,98.9023,152.321,81.9537,0.792967,-9.34244,2.63555,205.065,0.125,111.956,0.486319
ppo,0,7,185,100.067,153.735,83.0026,0.778071,-9.3226,2.66469,207.124,0.125,245.872,0.486319
ppo,0,7,186,101.253,155.162,84.0277,0.762689,-9.30421,2.69179,209.196,0.125,188.447,0.486319
ppo,0,7,187,102.428,156.583,85.0849,0.74969,-9.28929,2.72037,211.272,0.125,96.0291,0.486319
ppo,0,7,188,103.627,158.022,86.1168,0.73601,-9.27605,2.74933,213.367,0.125,105.58,0.486319
ppo,0,7,189,104.824,159.452,87.1831,0.719668,-9.26402,2.77831,215.47,0.125,147.67,0.486319
ppo,0,7,190,106.036,160.904,88.2272,0.705142,-9.25379,2.80839,217.589,0.125,88.5284,0.486319
ppo,0,7,191,107.248,162.345,89.3034,0.690686,-9.2486,2.8365,219.717,0.125,274.683,0.486319
ppo,0,7,192,108.472,163.812,90.3596,0.675973,-9.24395,2.86683,221.864,0.125,80.0906,0.486319
ppo,0,7,193,109.705,165.26,91.4385,0.659851,-9.2431,2.89462,224.014,0.125,118.294,0.486319
ppo,0,7,194,110.937,166.737,92.5055,0.638308,-9.24256,2.92269,226.185,0.125,323.089,0.486319
ppo,0,7,195,112.188,168.193,93.5918,0.616236,-9.24246,2.95006,228.359,0.125,325.338,0.486319
ppo,0,7,196,113.429,169.681,94.6747,0.596524,-9.24267,2.97694,230.55,0.125,307.281,0.486319
ppo,0,7,197,114.7,171.152,95.7685,0.574877,-9.24411,3.00688,232.749,0.125,254.784,0.486319
ppo,0,7,198,115.956,172.65,96.8767,0.553233,-9.24967,3.03223,234.973,0.125,396.352,0.486319
ppo,0,7,199,117.249,174.136,97.9752,0.532532,-9.25392,3.05735,237.2,0.125,218.696,0.486319
ppo,0,7,200,118.523,175.633,99.1,0.512296,-9.26404,3.08021,239.444,0.125,216.952,0.486319
ppo,0,7,201,119.826,177.137,100.21,0.489999,-9.27717,3.10261,241.705,0.125,243.204,0.486319
ppo,0,7,202,121.121,178.639,101.35,0.467174,-9.29249,3.12438,243.975,0.125,318.995,0.486319
ppo,0,7,203,122.432,180.163,102.47,0.443758,-9.30737,3.14629,246.263,0.125,251.04,0.486319
ppo,0,7,204,123.75,181.669,103.62,0.421579,-9.32522,3.16651,248.555,0.125,158.416,0.486319
ppo,0,7,205,125.067,183.214,104.761,0.404591,-9.34605,3.18598,250.874,0.125,175.9,0.486319
ppo,0,7,206,126.408,184.741,105.918,0.385359,-9.36756,3.20378,253.199,0.125,197.034,0.486319
ppo,0,7,207,127.73,186.295,107.085,0.367257,-9.39195,3.22214,255.543,0.125,308.645,0.486319
ppo,0,7,208,129.089,187.839,108.245,0.352466,-9.41581,3.24291,257.892,0.125,227.231,0.486319
ppo,0,7,209,130.43,189.393,109.432,0.341148,-9.43486,3.26134,260.246,0.125,158.421,0.486319
ppo,0,7,210,131.793,190.963,110.597,0.330099,-9.46023,3.27956,262.62,0.125,204.581,0.486319
ppo,0,7,211,133.159,192.521,111.793,0.320729,-9.48632,3.29925,264.998,0.125,123.551,0.486319
ppo,0,7,212,134.52,194.111,112.981,0.309158,-9.51478,3.31764,267.399,0.125,294.205,0.486319
ppo,0,7,213,135.908,195.682,114.182,0.294818,-9.54429,3.33437,269.808,0.125,287.83,0.486319
ppo,0,7,214,137.275,197.281,115.399,0.280016,-9.57558,3.34931,272.236,0.125,255.563,0.486319
ppo,0,7,215,138.672,198.88,116.598,0.268173,-9.60478,3.36263,274.671,0.125,96.539,0.486319
ppo,0,7,216,140.06,200.477,117.832,0.25736,-9.63392,3.37899,277.112,0.125,525.324,0.486319
ppo,0,7,217,141.457,202.103,119.05,0.250316,-9.66304,3.39318,279.572,0.125,62.3528,0.486319
ppo,0,7,218,142.873,203.706,120.286,0.240037,-9.69467,3.40352,282.038,0.125,70.0705,0.486319
ppo,0,7,219,144.274,205.337,121.538,0.230025,-9.72738,3.4131,284.526,0.125,236.736,0.486319
ppo,0,7,220,145.708,206.972,122.771,0.221021,-9.76023,3.42316,287.025,0.125,337.922,0.486319
ppo,0,7,221,147.131,208.605,124.038,0.211872,-9.79445,3.43461,289.532,0.125,321.559,0.486319
ppo,0,7,222,148.558,210.27,125.293,0.198614,-9.83033,3.44529,292.064,0.125,595.485,0.486319
ppo,0,7,223,150.011,211.915,126.563,0.187734,-9.86603,3.45445,294.6,0.125,126.011,0.486319
ppo,0,7,224,151.446,213.582,127.853,0.177821,-9.89919,3.4649,297.15,0.125,339.638,0.486319
ppo,0,7,225,152.902,215.253,129.123,0.17048,-9.9356,3.47413,299.707,0.125,340.791,0.486319
ppo,0,7,226,154.361,216.909,130.422,0.164387,-9.97103,3.47606,302.269,0.125,565.176,0.486319
ppo,0,7,227,155.809,218.599,131.716,0.159298,-10.0067,3.47736,304.848,0.125,103.488,0.486319
ppo,0,7,228,157.286,220.279,133.007,0.156657,-10.0438,3.47827,307.434,0.125,320.758,0.486319
ppo,0,7,229,158.751,221.961,134.328,0.15309,-10.0818,3.47672,310.03,0.125,473.654,0.486319
ppo,0,7,230,160.224,223.671,135.63,0.151121,-10.1216,3.47575,312.645,0.125,302.618,0.486319
ppo,0,7,231,161.721,225.358,136.947,0.149268,-10.1659,3.47263,315.266,0.125,289.898,0.486319
ppo,0,7,232,163.202,227.068,138.287,0.146401,-10.2116,3.46675,317.908,0.125,195.985,0.486319
ppo,0,7,233,164.707,228.792,139.61,0.147787,-10.2594,3.45665,320.567,0.125,396.525,0.486319
ppo,0,7,234,166.226,230.499,140.959,0.146989,-10.3098,3.44284,323.237,0.125,249.159,0.486319
ppo,0,7,235,167.73,232.234,142.313,0.150693,-10.3586,3.42808,325.919,0.125,541.05,0.486319
ppo,0,7,236,169.27,233.971,143.653,0.15685,-10.408,3.41194,328.615,0.125,450.617,0.486319
ppo,0,7,237,170.809,235.693,145.026,0.161966,-10.4589,3.40001,331.314,0.125,332.561,0.486319
ppo,0,7,238,172.34,237.449,146.395,0.170948,-10.5079,3.38426,334.031,0.125,141.376,0.486319
ppo,0,7,239,173.902,239.201,147.754,0.179117,-10.5569,3.36572,336.759,0.125,321.185,0.486319
ppo,0,7,240,175.462,240.945,149.145,0.190133,-10.6067,3.34589,339.493,0.125,439.348,0.486319
ppo,0,7,241,177.017,242.724,150.532,0.201782,-10.6563,3.32683,342.249,0.125,402.386,0.486319
ppo,0,7,242,178.606,244.494,151.911,0.217693,-10.7046,3.30688,345.01,0.125,518.005,0.486319
ppo,0,7,243,180.187,246.254,153.323,0.23814,-10.7523,3.28313,347.773,0.125,611.225,0.486319
ppo,0,7,244,181.763,248.047,154.732,0.259109,-10.8024,3.25522,350.56,0.125,252.109,0.486319
ppo,0,7,245,183.37,249.836,156.132,0.280787,-10.8492,3.22955,353.352,0.125,270.899,0.486319
ppo,0,7,246,184.972,251.616,157.565,0.304166,-10.8954,3.20357,356.148,0.125,356.301,0.486319
ppo,0,7,247,186.568,253.428,158.997,0.325608,-10.9412,3.17518,358.967,0.125,317.541,0.486319
ppo,0,7,248,188.196,255.237,160.419,0.345581,-10.9866,3.14757,361.797,0.125,365.454,0.486319
ppo,0,7,249,189.827,257.035,161.873,0.366123,-11.0283,3.12043,364.631,0.125,641.633,0.486319
ppo,0,7,250,191.448,258.865,163.328,0.390136,-11.0686,3.09626,367.48,0.125,377.329,0.486319
ppo,0,7,251,193.096,260.707,164.766,0.415395,-11.1084,3.07241,370.343,0.125,498.981,0.486319
ppo,0,7,252,194.759,262.532,166.231,0.444313,-11.1438,3.04696,373.21,0.125,593.412,0.486319
ppo,0,7,253,196.401,264.381,167.711,0.478458,-11.1794,3.0221,376.088,0.125,759.526,0.486319
ppo,0,7,254,198.059,266.253,169.173,0.513932,-11.2138,2.99235,378.982,0.125,640.801,0.486319
ppo,0,7,255,199.744,268.103,170.648,0.550828,-11.2434,2.96334,381.877,0.125,383.48,0.486319
ppo,0,7,256,201.412,269.96,172.155,0.590391,-11.2681,2.93164,384.78,0.125,450.328,0.486319
ppo,0,7,257,203.08,271.85,173.649,0.628015,-11.2922,2.89876,387.701,0.125,293.56,0.486319
ppo,0,7,258,204.778,273.731,175.135,0.668482,-11.3128,2.86545,390.624,0.125,355.674,0.486319
ppo,0,7,259,206.473,275.598,176.652,0.71156,-11.3305,2.83336,393.546,0.125,696.978,0.486319
ppo,0,7,260,208.151,277.495,178.177,0.75464,-11.3429,2.79917,396.482,0.125,230.781,0.486319
ppo,0,7,261,209.855,279.41,179.683,0.800082,-11.3541,2.76586,399.433,0.125,377.656,0.486319
ppo,0,7,262,211.58,281.305,181.205,0.84503,-11.3615,2.73246,402.387,0.125,382.678,0.486319
ppo,0,7,263,213.286,283.207,182.76,0.887443,-11.368,2.69998,405.351,0.125,770.262,0.486319
ppo,0,7,264,214.992,285.141,184.304,0.929393,-11.3687,2.66687,408.329,0.125,177.104,0.486319
ppo,0,7,265,216.729,287.074,185.835,0.967677,-11.368,2.63691,411.317,0.125,287.519,0.486319
ppo,0,7,266,218.473,288.991,187.397,1.00713,-11.3666,2.60885,414.31,0.125,420.349,0.486319
ppo,0,7,267,220.199,290.929,188.978,1.05037,-11.3605,2.58003,417.312,0.125,452.056,0.486319
ppo,0,7,268,221.937,292.897,190.54,1.09369,-11.354,2.55064,420.334,0.125,716.165,0.486319
ppo,0,7,269,223.709,294.852,192.102,1.13774,-11.3451,2.52087,423.362,0.125,456.758,0.486319
ppo,0,7,270,225.475,296.796,193.7,1.18283,-11.3333,2.49444,426.392,0.125,315.916,0.486319
ppo,0,7,271,227.225,298.765,195.311,1.22737,-11.3203,2.46878,429.437,0.125,662.508,0.486319
ppo,0,7,272,228.991,300.753,196.902,1.27298,-11.3058,2.44171,432.494,0.125,209.773,0.486319
ppo,0,7,273,230.787,302.724,198.5,1.31888,-11.2888,2.41805,435.554,0.125,269.404,0.486319
ppo,0,7,274,232.578,304.684,200.132,1.36421,-11.2739,2.40025,438.62,0.125,624.889,0.486319
ppo,0,7,275,234.348,306.669,201.773,1.41144,-11.2526,2.38131,441.691,0.125,312.044,0.486319
ppo,0,7,276,236.136,308.677,203.396,1.45781,-11.2311,2.36559,444.779,0.125,764.076,0.486319
ppo,0,7,277,237.957,310.671,205.02,1.5037,-11.2072,2.35336,447.873,0.125,621.165,0.486319
ppo,0,7,278,239.78,312.65,206.679,1.55088,-11.1793,2.34127,450.968,0.125,932.166,0.486319
ppo,0,7,279,241.583,314.65,208.363,1.59852,-11.1494,2.32913,454.078,0.125,641.669,0.486319
ppo,0,7,280,243.39,316.681,210.033,1.6454,-11.1179,2.3175,457.207,0.125,177.73,0.486319
ppo,0,7,281,245.23,318.71,211.696,1.69037,-11.0832,2.30749,460.346,0.125,900.72,0.486319
ppo,0,7,282,247.081,320.721,213.384,1.73454,-11.0477,2.30042,463.488,0.125,461.413,0.486319
ppo,0,7,283,248.918,322.741,215.102,1.77916,-11.0111,2.29581,466.642,0.125,424.72,0.486319
ppo,0,7,284,250.745,324.796,216.817,1.81886,-10.9714,2.29183,469.814,0.125,750.777,0.486319
ppo,0,7,285,252.595,326.866,218.511,1.85476,-10.9289,2.29216,472.998,0.125,143.179,0.486319
ppo,0,7,286,254.474,328.917,220.211,1.89081,-10.8851,2.29609,476.183,0.125,401.4,0.486319
ppo,0,7,287,256.352,330.953,221.945,1.92695,-10.8392,2.30258,479.372,0.125,666.423,0.486319
ppo,0,7,288,258.211,333.013,223.703,1.96079,-10.7915,2.31405,482.575,0.125,918.145,0.486319
ppo,0,7,289,260.071,335.103,225.445,1.98951,-10.7432,2.32729,485.795,0.125,826.789,0.486319
ppo,0,7,290,261.96,337.2,227.169,2.01623,-10.6938,2.34317,489.027,0.125,986.853,0.486319
ppo,0,7,291,263.875,339.28,228.908,2.04011,-10.6416,2.35855,492.267,0.125,543.834,0.486319
ppo,0,7,292,265.785,341.348,230.681,2.06528,-10.5874,2.37873,495.509,0.125,853.504,0.486319
ppo,0,7,293,267.674,343.44,232.471,2.09085,-10.5309,2.40252,498.76,0.125,602.482,0.486319
ppo,0,7,294,269.566,345.563,234.248,2.1153,-10.4752,2.4256,502.03,0.125,365.469,0.486319
ppo,0,7,295,271.484,347.694,236.007,2.13746,-10.4227,2.45454,505.313,0.125,848.79,0.486319
ppo,0,7,296,273.43,349.804,237.772,2.15608,-10.3749,2.48488,508.605,0.125,248.486,0.486319
ppo,0,7,297,275.379,351.902,239.571,2.16875,-10.3289,2.51881,511.906,0.125,452.92,0.486319
ppo,0,7,298,277.312,354.014,241.399,2.17775,-10.283,2.55409,515.226,0.125,515.846,0.486319
ppo,0,7,299,279.232,356.159,243.229,2.18523,-10.2399,2.59023,518.565,0.125,466.799,0.486319
ppo,0,8,0,0,0,0,6.84957,2.37816,-4.0494,8.30481,0.125,0.737959,0.513603
ppo,0,8,1,0.0169293,0.0227718,-0.0168249,6.84447,2.35466,-3.9922,8.23751,0.125,0.382869,0.513603
ppo,0,8,2,0.0499666,0.0655,-0.0504002,6.83864,2.3308,-3.93147,8.14127,0.125,1.25324,0.513603
ppo,0,8,3,0.0997399,0.133284,-0.103855,6.83084,2.31063,-3.87389,8.01634,0.125,1.21136,0.513603
ppo,0,8,4,0.166053,0.226274,-0.177447,6.82391,2.29526,-3.81441,7.86354,0.125,0.600341,0.513603
ppo,0,8,5,0.248817,0.344856,-0.273697,6.81393,2.28495,-3.75806,7.6815,0.125,0.823317,0.513603
ppo,0,8,6,0.342802,0.488124,-0.389915,6.80121,2.27659,-3.7025,7.47548,0.125,0.799151,0.513603
ppo,0,8,7,0.445367,0.66217,-0.523738,6.78626,2.26896,-3.64597,7.24824,0.125,1.12428,0.513603
ppo,0,8,8,0.55707,0.863374,-0.671805,6.7693,2.26246,-3.59115,7.00513,0.125,0.395467,0.513603
ppo,0,8,9,0.674483,1.09177,-0.830325,6.75149,2.25815,-3.53606,6.75363,0.125,0.663167,0.513603
ppo,0,8,10,0.792473,1.35371,-0.999727,6.73297,2.25517,-3.48219,6.50114,0.125,0.542326,0.513603
ppo,0,8,11,0.909831,1.65304,-1.18098,6.71267,2.25257,-3.43036,6.25236,0.125,0.494587,0.513603
ppo,0,8,12,1.0191,1.98582,-1.36465,6.69101,2.24748,-3.37913,6.02472,0.125,0.195473,0.513603
ppo,0,8,13,1.11468,2.3507,-1.54929,6.66883,2.24298,-3.32981,5.83356,0.125,0.900861,0.513603
ppo,0,8,14,1.19026,2.74449,-1.72724,6.64391,2.23808,-3.28017,5.69301,0.125,0.786841,0.513603
ppo,0,8,15,1.24407,3.16449,-1.88909,6.61798,2.2366,-3.23262,5.6165,0.125,0.30971,0.513603
ppo,0,8,16,1.27584,3.60279,-2.03006,6.58943,2.23369,-3.18881,5.60815,0.125,0.27613,0.513603
ppo,0,8,17,1.28698,4.05467,-2.14379,6.5583,2.23312,-3.14405,5.66616,0.125,0.817746,0.513603
ppo,0,8,18,1.2768,4.51507,-2.22622,6.52464,2.23349,-3.10511,5.78946,0.125,0.291366,0.513603
ppo,0,8,19,1.25971,4.97499,-2.27685,6.48767,2.23151,-3.0697,5.95709,0.125,0.198132,0.513603
ppo,0,8,20,1.24132,5.42208,-2.29482,6.45049,2.23236,-3.03355,6.15269,0.125,0.572133,0.513603
ppo,0,8,21,1.22839,5.85338,-2.28391,6.41275,2.23522,-3.00094,6.36261,0.125,0.782448,0.513603
ppo,0,8,22,1.23258,6.26296,-2.25246,6.37091,2.2395,-2.97141,6.56564,0.125,0.218016,0.513603
ppo,0,8,23,1.26157,6.65728,-2.20595,6.32809,2.24646,-2.9397,6.75747,0.125,0.590524,0.513603
ppo,0,8,24,1.32255,7.0384,-2.15431,6.28472,2.25304,-2.91169,6.93516,0.125,0.742185,0.513603
ppo,0,8,25,1.42059,7.41471,-2.11093,6.24351,2.25888,-2.88955,7.10277,0.125,0.593616,0.513603
ppo,0,8,26,1.54924,7.79555,-2.08223,6.2012,2.26618,-2.871,7.26889,0.125,0.606885,0.513603
ppo,0,8,27,1.69884,8.1915,-2.07601,6.15528,2.27117,-2.85193,7.45065,0.125,0.67356,0.513603
ppo,0,8,28,1.86183,8.61452,-2.08971,6.10914,2.27545,-2.8333,7.66657,0.125,0.9219,0.513603
ppo,0,8,29,2.02721,9.07317,-2.11785,6.06315,2.27911,-2.81762,7.93333,0.125,0.75938,0.513603
ppo,0,8,30,2.17934,9.56559,-2.14897,6.01539,2.28265,-2.80285,8.25737,0.125,0.497715,0.513603
ppo,0,8,31,2.31134,10.0854,-2.16683,5.9644,2.28558,-2.78939,8.63532,0.125,0.296937,0.513603
ppo,0,8,32,2.42429,10.6217,-2.16158,5.91177,2.2878,-2.77786,9.05516,0.125,0.982558,0.513603
ppo,0,8,33,2.5242,11.1585,-2.12391,5.85971,2.28845,-2.76689,9.49822,0.125,1.37994,0.513603
ppo,0,8,34,2.624,11.6839,-2.05752,5.80818,2.29099,-2.75851,9.94269,0.125,1.38639,0.513603
ppo,0,8,35,2.73921,12.1918,-1.96757,5.75543,2.29301,-2.75046,10.3777,0.125,1.04965,0.513603
ppo,0,8,36,2.88548,12.6864,-1.86796,5.70173,2.29208,-2.74183,10.8045,0.125,2.01083,0.513603
ppo,0,8,37,3.06842,13.176,-1.77306,5.64877,2.29211,-2.73597,11.2269,0.125,1.00015,0.513603
ppo,0,8,38,3.27456,13.6732,-1.6982,5.59001,2.29111,-2.73261,11.6612,0.125,0.26438,0.513603
ppo,0,8,39,3.49301,14.1982,-1.64203,5.52956,2.28937,-2.73155,12.1307,0.125,1.04903,0.513603
ppo,0,8,40,3.70838,14.7569,-1.59416,5.46865,2.28482,-2.73568,12.6473,0.125,1.41014,0.513603
ppo,0,8,41,3.9089,15.3463,-1.53798,5.40636,2.28012,-2.74343,13.2069,0.125,1.76061,0.513603
ppo,0,8,42,4.09115,15.9483,-1.45672,5.348,2.27317,-2.75364,13.7939,0.125,0.528867,0.513603
ppo,0,8,43,4.26632,16.5438,-1.3378,5.29296,2.26407,-2.76666,14.3877,0.125,1.30474,0.513603
ppo,0,8,44,4.45259,17.1203,-1.19307,5.23833,2.25322,-2.78342,14.9725,0.125,1.87314,0.513603
ppo,0,8,45,4.66484,17.679,-1.03443,5.1854,2.24095,-2.80184,15.5476,0.125,1.48474,0.513603
ppo,0,8,46,4.90893,18.2339,-0.883938,5.13485,2.22911,-2.82346,16.1235,0.125,1.56292,0.513603
ppo,0,8,47,5.17593,18.8053,-0.754198,5.08767,2.21186,-2.84689,16.7251,0.125,1.74862,0.513603
ppo,0,8,48,5.44647,19.4074,-0.638538,5.04415,2.19769,-2.87099,17.3586,0.125,0.911158,0.513603
ppo,0,8,49,5.70007,20.0432,-0.515723,4.99892,2.18175,-2.89587,18.033,0.125,1.42751,0.513603
ppo,0,8,50,5.93406,20.6938,-0.366655,4.95356,2.16861,-2.92145,18.7263,0.125,1.06958,0.513603
ppo,0,8,51,6.16073,21.3336,-0.185234,4.90865,2.15702,-2.94792,19.415,0.125,1.04722,0.513603
ppo,0,8,52,6.40463,21.9539,0.0176367,4.86676,2.14352,-2.97588,20.0942,0.125,1.27209,0.513603
ppo,0,8,53,6.6802,22.5642,0.223096,4.82701,2.12836,-3.00294,20.7718,0.125,2.63338,0.513603
ppo,0,8,54,6.98655,23.1869,0.410688,4.78708,2.11105,-3.03093,21.4679,0.125,5.08663,0.513603
ppo,0,8,55,7.30053,23.8379,0.581313,4.74849,2.09138,-3.05738,22.196,0.125,2.30044,0.513603
ppo,0,8,56,7.59608,24.5212,0.75338,4.70884,2.06852,-3.08155,22.9601,0.125,7.20807,0.513603
ppo,0,8,57,7.87013,25.2179,0.953562,4.67404,2.04658,-3.10465,23.7402,0.125,4.65378,0.513603
ppo,0,8,58,8.14704,25.9022,1.18744,4.64276,2.02361,-3.12841,24.5172,0.125,3.5696,0.513603
ppo,0,8,59,8.45197,26.5639,1.43493,4.60965,1.9994,-3.1578,25.2838,0.125,1.7935,0.513603
ppo,0,8,60,8.78874,27.2232,1.67113,4.57484,1.97612,-3.18738,26.0534,0.125,3.40964,0.513603
ppo,0,8,61,9.13981,27.9102,1.88986,4.5431,1.95209,-3.21926,26.8525,0.125,4.4233,0.513603
ppo,0,8,62,9.4811,28.6312,2.10953,4.51077,1.932,-3.25293,27.6823,0.125,4.32305,0.513603
ppo,0,8,63,9.80532,29.3658,2.35407,4.47872,1.91063,-3.28727,28.5304,0.125,5.07162,0.513603
ppo,0,8,64,10.1308,30.0885,2.6318,4.44893,1.8886,-3.32329,29.3765,0.125,4.2181,0.513603
ppo,0,8,65,10.4849,30.7901,2.92241,4.42032,1.86698,-3.36149,30.2128,0.125,1.85238,0.513603
ppo,0,8,66,10.8702,31.4971,3.19657,4.39407,1.8438,-3.39808,31.0604,0.125,2.12876,0.513603
ppo,0,8,67,11.262,32.2304,3.45055,4.36868,1.81735,-3.43561,31.9358,0.125,4.61644,0.513603
ppo,0,8,68,11.6343,32.9902,3.71395,4.34699,1.78571,-3.47139,32.8398,0.125,2.78248,0.513603
ppo,0,8,69,11.9954,33.753,4.0082,4.32408,1.75137,-3.50634,33.7554,0.125,9.69141,0.513603
ppo,0,8,70,12.3739,34.4983,4.32846,4.30322,1.72182,-3.54493,34.6615,0.125,6.02708,0.513603
ppo,0,8,71,12.7907,35.2367,4.64417,4.28278,1.6935,-3.5834,35.57,0.125,5.00557,0.513603
ppo,0,8,72,13.2214,36.0017,4.93897,4.26932,1.66643,-3.62382,36.5017,0.125,7.55826,0.513603
ppo,0,8,73,13.6368,36.7965,5.23717,4.25701,1.6383,-3.66554,37.4612,0.125,2.9709,0.513603
ppo,0,8,74,14.0366,37.5964,5.56829,4.24455,1.60704,-3.70697,38.4337,0.125,3.35703,0.513603
ppo,0,8,75,14.4477,38.3754,5.92695,4.23494,1.57453,-3.74716,39.3979,0.125,8.7963,0.513603
ppo,0,8,76,14.8919,39.1464,6.27908,4.22622,1.54403,-3.78421,40.3605,0.125,5.18433,0.513603
ppo,0,8,77,15.3509,39.9417,6.61204,4.21915,1.51537,-3.81602,41.343,0.125,4.08543,0.513603
ppo,0,8,78,15.7921,40.7669,6.95326,4.2149,1.48497,-3.84904,42.3532,0.125,6.11558,0.513603
ppo,0,8,79,16.222,41.5932,7.32581,4.20948,1.4542,-3.88434,43.3718,0.125,22.3557,0.513603
ppo,0,8,80,16.6765,42.3976,7.7121,4.20731,1.42116,-3.92044,44.3832,0.125,16.7957,0.513603
ppo,0,8,81,17.1621,43.2112,8.08329,4.21,1.3867,-3.95206,45.4081,0.125,11.326,0.513603
ppo,0,8,82,17.6488,44.0547,8.43915,4.21442,1.34995,-3.98749,46.4608,0.125,9.866,0.513603
ppo,0,8,83,18.1158,44.9212,8.81504,4.22146,1.31513,-4.02433,47.5331,0.125,3.40821,0.513603
ppo,0,8,84,18.5846,45.774,9.21853,4.23021,1.27931,-4.05824,48.6014,0.125,18.4821,0.513603
ppo,0,8,85,19.0884,46.6116,9.62323,4.24457,1.24499,-4.09167,49.6645,0.125,15.7838,0.513603
ppo,0,8,86,19.6035,47.4718,10.0117,4.26366,1.20884,-4.12224,50.7478,0.125,17.541,0.513603
ppo,0,8,87,20.0996,48.3594,10.4087,4.28269,1.17114,-4.15415,51.8554,0.125,7.50433,0.513603
ppo,0,8,88,20.5922,49.2422,10.8361,4.30104,1.13325,-4.18489,52.967,0.125,10.1904,0.513603
ppo,0,8,89,21.1103,50.1066,11.2686,4.32032,1.09452,-4.21029,54.0711,0.125,3.61977,0.513603
ppo,0,8,90,21.6495,50.9895,11.6789,4.34016,1.05365,-4.23051,55.1934,0.125,20.8079,0.513603
ppo,0,8,91,22.1743,51.905,12.0942,4.36299,1.01244,-4.24652,56.341,0.125,7.81989,0.513603
ppo,0,8,92,22.6957,52.8146,12.5415,4.38763,0.969065,-4.25991,57.4929,0.125,14.5787,0.513603
ppo,0,8,93,23.2449,53.7061,13.0003,4.4125,0.923156,-4.27012,58.6427,0.125,30.1584,0.513603
ppo,0,8,94,23.8136,54.6158,13.438,4.4384,0.877452,-4.27905,59.8088,0.125,14.8123,0.513603
ppo,0,8,95,24.3692,55.5559,13.8823,4.46224,0.833449,-4.28643,60.9995,0.125,10.6521,0.513603
ppo,0,8,96,24.9177,56.488,14.3596,4.48865,0.791502,-4.28916,62.187,0.125,16.1893,0.513603
ppo,0,8,97,25.4993,57.4087,14.8406,4.51504,0.747518,-4.28826,63.3778,0.125,15.6064,0.513603
ppo,0,8,98,26.0979,58.3534,15.301,4.54672,0.707396,-4.28306,64.5837,0.125,7.49115,0.513603
ppo,0,8,99,26.676,59.3205,15.7767,4.57714,0.670163,-4.27608,65.8053,0.125,21.0931,0.513603
ppo,0,8,100,27.2596,60.2699,16.2829,4.60921,0.635335,-4.26624,67.0193,0.125,17.7562,0.513603
ppo,0,8,101,27.8792,61.2143,16.7805,4.64194,0.605997,-4.25638,68.2341,0.125,19.5991,0.513603
ppo,0,8,102,28.4956,62.1934,17.2653,4.67315,0.577433,-4.24625,69.4751,0.125,46.5402,0.513603
ppo,0,8,103,29.0946,63.1845,17.7786,4.70226,0.548006,-4.23537,70.7314,0.125,10.5383,0.513603
ppo,0,8,104,29.7197,64.1566,18.3102,4.72998,0.521211,-4.22297,71.984,0.125,17.7432,0.513603
ppo,0,8,105,30.3676,65.1426,18.8238,4.76137,0.492478,-4.20936,73.252,0.125,37.1227,0.513603
ppo,0,8,106,30.9964,66.1567,19.3456,4.79172,0.462516,-4.18923,74.5406,0.125,12.5847,0.513603
ppo,0,8,107,31.625,67.1628,19.9036,4.82319,0.434023,-4.16471,75.8311,0.125,67.8667,0.513603
ppo,0,8,108,32.286,68.1637,20.4517,4.85197,0.406045,-4.13951,77.1262,0.125,51.9914,0.513603
ppo,0,8,109,32.9437,69.198,20.9896,4.87683,0.378605,-4.11084,78.4467,0.125,41.9367,0.513603
ppo,0,8,110,33.584,70.2371,21.5617,4.90142,0.355086,-4.07993,79.7726,0.125,28.6633,0.513603
ppo,0,8,111,34.2523,71.2581,22.1414,4.92567,0.33134,-4.04798,81.0959,0.125,9.42844,0.513603
ppo,0,8,112,34.93,72.3045,22.7025,4.95145,0.308183,-4.01572,82.4382,0.125,13.4761,0.513603
ppo,0,8,113,35.5875,73.367,23.2865,4.97473,0.287424,-3.98403,83.7941,0.125,31.5094,0.513603
ppo,0,8,114,36.2625,74.4128,23.8905,4.99704,0.269793,-3.95314,85.1468,0.125,22.9292,0.513603
ppo,0,8,115,36.9616,75.4748,24.4762,5.01867,0.251227,-3.91925,86.5173,0.125,47.9296,0.513603
ppo,0,8,116,37.6442,76.5641,25.0737,5.04074,0.23714,-3.88425,87.9053,0.125,11.5528,0.513603
ppo,0,8,117,38.3376,77.6324,25.6969,5.06353,0.228089,-3.84697,89.2829,0.125,45.2581,0.513603
ppo,0,8,118,39.0608,78.708,26.3034,5.08647,0.218847,-3.81339,90.6742,0.125,8.63928,0.513603
ppo,0,8,119,39.7657,79.8112,26.9142,5.10793,0.212855,-3.77581,92.0811,0.125,55.8957,0.513603
ppo,0,8,120,40.4757,80.9001,27.5516,5.13,0.209167,-3.73565,93.4839,0.125,20.2803,0.513603
ppo,0,8,121,41.219,81.9941,28.1728,5.15221,0.209172,-3.69554,94.8956,0.125,65.2835,0.513603
ppo,0,8,122,41.9499,83.1192,28.7976,5.17361,0.207791,-3.65577,96.3328,0.125,13.9868,0.513603
ppo,0,8,123,42.6843,84.2282,29.4511,5.19809,0.208055,-3.61559,97.7651,0.125,30.3113,0.513603
ppo,0,8,124,43.4495,85.341,30.0877,5.22015,0.211657,-3.57465,99.205,0.125,12.7301,0.513603
ppo,0,8,125,44.201,86.4843,30.7307,5.24206,0.219411,-3.53424,100.665,0.125,45.2719,0.513603
ppo,0,8,126,44.9606,87.6102,31.4012,5.2617,0.229665,-3.49553,102.123,0.125,67.4451,0.513603
ppo,0,8,127,45.7469,88.7441,32.057,5.27805,0.23713,-3.45797,103.598,0.125,35.0098,0.513603
ppo,0,8,128,46.5129,89.9019,32.7221,5.29212,0.247331,-3.41847,105.087,0.125,82.0261,0.513603
ppo,0,8,129,47.295,91.0407,33.4111,5.30206,0.261122,-3.37987,106.574,0.125,59.4668,0.513603
ppo,0,8,130,48.1031,92.1991,34.0783,5.3115,0.273074,-3.33718,108.081,0.125,35.9381,0.513603
ppo,0,8,131,48.8908,93.3756,34.7676,5.31727,0.282581,-3.29349,109.607,0.125,34.3559,0.513603
ppo,0,8,132,49.7046,94.535,35.4703,5.32361,0.294548,-3.25119,111.132,0.125,83.2274,0.513603
ppo,0,8,133,50.5313,95.7211,36.1554,5.3303,0.306708,-3.20882,112.679,0.125,18.4932,0.513603
ppo,0,8,134,51.3412,96.9137,36.8747,5.33541,0.320349,-3.16943,114.238,0.125,67.9368,0.513603
ppo,0,8,135,52.1863,98.096,37.5947,5.33551,0.337097,-3.12967,115.803,0.125,10.9732,0.513603
ppo,0,8,136,53.027,99.3162,38.3068,5.33234,0.352754,-3.09422,117.399,0.125,10.8371,0.513603
ppo,0,8,137,53.8679,100.529,39.052,5.32512,0.371306,-3.058,119.001,0.125,52.4146,0.513603
ppo,0,8,138,54.7392,101.751,39.7793,5.3155,0.390579,-3.02042,120.617,0.125,69.6366,0.513603
ppo,0,8,139,55.5939,102.998,40.5201,5.30076,0.414182,-2.98298,122.252,0.125,7.03893,0.513603
ppo,0,8,140,56.4694,104.224,41.2778,5.28449,0.437341,-2.94596,123.884,0.125,63.8974,0.513603
ppo,0,8,141,57.355,105.478,42.0163,5.26467,0.45944,-2.91016,125.541,0.125,40.9593,0.513603
ppo,0,8,142,58.2282,106.733,42.7878,5.24067,0.485548,-2.87545,127.206,0.125,56.3565,0.513603
ppo,0,8,143,59.1393,107.985,43.5518,5.2136,0.515515,-2.84248,128.88,0.125,52.5906,0.513603
ppo,0,8,144,60.0356,109.267,44.317,5.18612,0.546376,-2.8133,130.575,0.125,42.7757,0.513603
ppo,0,8,145,60.9468,110.53,45.105,5.15715,0.576677,-2.7856,132.271,0.125,21.6805,0.513603
ppo,0,8,146,61.8734,111.811,45.8757,5.13104,0.605565,-2.75938,133.984,0.125,44.0922,0.513603
ppo,0,8,147,62.7848,113.098,46.6733,5.1028,0.635895,-2.737,135.707,0.125,55.96,0.513603
ppo,0,8,148,63.7265,114.38,47.4644,5.07184,0.668364,-2.71868,137.437,0.125,108.018,0.513603
ppo,0,8,149,64.6536,115.692,48.2599,5.03619,0.703439,-2.70238,139.19,0.125,105.283,0.513603
ppo,0,8,150,65.5967,116.983,49.079,4.99661,0.736033,-2.69103,140.946,0.125,93.674,0.513603
ppo,0,8,151,66.5516,118.295,49.8805,4.95622,0.768445,-2.67839,142.719,0.125,98.4705,0.513603
ppo,0,8,152,67.4948,119.607,50.7119,4.91752,0.798602,-2.66803,144.502,0.125,139.633,0.513603
ppo,0,8,153,68.4699,120.923,51.5292,4.87606,0.829593,-2.66016,146.298,0.125,20.48,0.513603
ppo,0,8,154,69.4267,122.265,52.3606,4.8344,0.858212,-2.65498,148.117,0.125,117.29,0.513603
ppo,0,8,155,70.4105,123.592,53.2031,4.79339,0.886133,-2.64869,149.939,0.125,51.5798,0.513603
ppo,0,8,156,71.3918,124.952,54.0396,4.75229,0.914712,-2.64698,151.787,0.125,144.358,0.513603
ppo,0,8,157,72.382,126.299,54.9061,4.7077,0.943063,-2.64906,153.644,0.125,49.791,0.513603
ppo,0,8,158,73.3891,127.668,55.7552,4.66546,0.970134,-2.64869,155.519,0.125,68.4803,0.513603
ppo,0,8,159,74.3825,129.039,56.6334,4.62099,0.998248,-2.65339,157.404,0.125,98.8944,0.513603
ppo,0,8,160,75.4092,130.407,57.4985,4.57626,1.02403,-2.65968,159.299,0.125,50.3392,0.513603
ppo,0,8,161,76.4176,131.8,58.377,4.53206,1.05034,-2.66995,161.213,0.125,89.9026,0.513603
ppo,0,8,162,77.4563,133.177,59.2635,4.49008,1.0752,-2.68114,163.132,0.125,77.7163,0.513603
ppo,0,8,163,78.4868,134.588,60.1476,4.44952,1.09969,-2.6932,165.074,0.125,161.218,0.513603
ppo,0,8,164,79.535,135.978,61.055,4.41067,1.12394,-2.70537,167.017,0.125,32.3239,0.513603
ppo,0,8,165,80.5874,137.4,61.9464,4.37433,1.15056,-2.72397,168.981,0.125,58.829,0.513603
ppo,0,8,166,81.6373,138.808,62.8696,4.33563,1.17482,-2.74236,170.948,0.125,46.6853,0.513603
ppo,0,8,167,82.7054,140.234,63.7724,4.29662,1.19918,-2.76299,172.933,0.125,107.793,0.513603
ppo,0,8,168,83.7605,141.661,64.7091,4.25985,1.22208,-2.78811,174.926,0.125,173.282,0.513603
ppo,0,8,169,84.842,143.092,65.6273,4.22415,1.24415,-2.81822,176.932,0.125,153.08,0.513603
ppo,0,8,170,85.901,144.535,66.5739,4.19049,1.26418,-2.85319,178.95,0.125,225.558,0.513603
ppo,0,8,171,86.998,145.974,67.5094,4.15582,1.28422,-2.89286,180.982,0.125,55.3156,0.513603
ppo,0,8,172,88.0711,147.435,68.4618,4.12431,1.30324,-2.93211,183.026,0.125,171.302,0.513603
ppo,0,8,173,89.1765,148.884,69.4121,4.09313,1.3203,-2.9753,185.079,0.125,189.258,0.513603
ppo,0,8,174,90.2648,150.363,70.3698,4.06292,1.33595,-3.01924,187.152,0.125,83.2069,0.513603
ppo,0,8,175,91.3824,151.828,71.3328,4.03374,1.34994,-3.06796,189.232,0.125,73.5224,0.513603
ppo,0,8,176,92.4877,153.32,72.3012,4.00523,1.3588,-3.12004,191.337,0.125,71.7088,0.513603
ppo,0,8,177,93.6215,154.795,73.282,3.98007,1.37005,-3.17507,193.444,0.125,223.278,0.513603
ppo,0,8,178,94.7458,156.306,74.258,3.95798,1.37819,-3.23439,195.577,0.125,184.232,0.513603
ppo,0,8,179,95.8944,157.797,75.2519,3.93965,1.38623,-3.29777,197.712,0.125,207.779,0.513603
ppo,0,8,180,97.035,159.32,76.2422,3.92284,1.39446,-3.36457,199.869,0.125,189.384,0.513603
ppo,0,8,181,98.1969,160.823,77.2495,3.91049,1.40125,-3.42971,202.026,0.125,99.9101,0.513603
ppo,0,8,182,99.3508,162.363,78.2486,3.90204,1.40657,-3.49477,204.205,0.125,94.6248,0.513603
ppo,0,8,183,100.526,163.885,79.2638,3.90102,1.40883,-3.56318,206.386,0.125,151.959,0.513603
ppo,0,8,184,101.692,165.441,80.2713,3.90442,1.40763,-3.62975,208.588,0.125,159.429,0.513603
ppo,0,8,185,102.878,166.982,81.2944,3.91146,1.40611,-3.6957,210.791,0.125,14.272,0.513603
ppo,0,8,186,104.053,168.556,82.3157,3.92074,1.4047,-3.75762,213.013,0.125,151.056,0.513603
ppo,0,8,187,105.253,170.112,83.3545,3.93251,1.40198,-3.81857,215.239,0.125,362.342,0.513603
ppo,0,8,188,106.44,171.699,84.3901,3.94708,1.39822,-3.87454,217.48,0.125,208.588,0.513603
ppo,0,8,189,107.658,173.271,85.4314,3.96458,1.39383,-3.93296,219.727,0.125,146.297,0.513603
ppo,0,8,190,108.858,174.872,86.4762,3.98027,1.38885,-3.99376,221.993,0.125,55.1252,0.513603
ppo,0,8,191,110.092,176.462,87.5249,3.99826,1.37854,-4.05271,224.269,0.125,204.515,0.513603
ppo,0,8,192,111.309,178.075,88.5888,4.01873,1.36683,-4.10696,226.56,0.125,123.124,0.513603
ppo,0,8,193,112.56,179.681,89.6442,4.04238,1.35289,-4.15831,228.858,0.125,215.927,0.513603
ppo,0,8,194,113.792,181.305,90.723,4.06863,1.33827,-4.20601,231.168,0.125,278.582,0.513603
ppo,0,8,195,115.055,182.929,91.7909,4.0979,1.31952,-4.24903,233.489,0.125,343.891,0.513603
ppo,0,8,196,116.303,184.559,92.8875,4.13166,1.30277,-4.29108,235.815,0.125,166.36,0.513603
ppo,0,8,197,117.574,186.201,93.9642,4.16895,1.28236,-4.33254,238.156,0.125,134.04,0.513603
ppo,0,8,198,118.842,187.838,95.0729,4.20901,1.26534,-4.37131,240.498,0.125,187.746,0.513603
ppo,0,8,199,120.121,189.5,96.1636,4.25149,1.24835,-4.40522,242.855,0.125,237.388,0.513603
ppo,0,8,200,121.406,191.147,97.2809,4.29238,1.22993,-4.43815,245.216,0.125,126.63,0.513603
ppo,0,8,201,122.683,192.826,98.387,4.33928,1.21123,-4.47028,247.591,0.125,257.126,0.513603
ppo,0,8,202,123.985,194.49,99.5088,4.38778,1.19508,-4.50101,249.969,0.125,288.964,0.513603
ppo,0,8,203,125.27,196.186,100.637,4.44084,1.17875,-4.53107,252.364,0.125,184.859,0.513603
ppo,0,8,204,126.587,197.869,101.761,4.49188,1.16196,-4.55676,254.763,0.125,409.879,0.513603
ppo,0,8,205,127.885,199.566,102.909,4.53885,1.14844,-4.57838,257.172,0.125,213.006,0.513603
ppo,0,8,206,129.211,201.275,104.039,4.58642,1.13912,-4.59965,259.592,0.125,233.919,0.513603
ppo,0,8,207,130.522,202.979,105.207,4.63344,1.12941,-4.62191,262.018,0.125,245.891,0.513603
ppo,0,8,208,131.845,204.711,106.355,4.68332,1.11878,-4.64186,264.462,0.125,164.453,0.513603
ppo,0,8,209,133.185,206.425,107.524,4.73542,1.11232,-4.65764,266.903,0.125,314.522,0.513603
ppo,0,8,210,134.512,208.172,108.694,4.78823,1.1053,-4.67364,269.364,0.125,272.029,0.513603
ppo,0,8,211,135.872,209.902,109.865,4.84098,1.10216,-4.68736,271.825,0.125,212.503,0.513603
ppo,0,8,212,137.209,211.648,111.062,4.89463,1.09769,-4.69701,274.297,0.125,313.942,0.513603
ppo,0,8,213,138.57,213.405,112.236,4.9502,1.09578,-4.70146,276.774,0.125,263.572,0.513603
ppo,0,8,214,139.932,215.149,113.439,5.00448,1.09112,-4.70264,279.255,0.125,305.763,0.513603
ppo,0,8,215,141.291,216.922,114.631,5.05492,1.0861,-4.70089,281.755,0.125,493.925,0.513603
ppo,0,8,216,142.679,218.677,115.834,5.10126,1.08302,-4.69525,284.257,0.125,235.574,0.513603
ppo,0,8,217,144.046,220.456,117.055,5.14615,1.08467,-4.68484,286.771,0.125,440.993,0.513603
ppo,0,8,218,145.445,222.241,118.259,5.19095,1.0901,-4.67251,289.294,0.125,75.3167,0.513603
ppo,0,8,219,146.839,224.021,119.498,5.23726,1.09769,-4.65823,291.823,0.125,296.977,0.513603
ppo,0,8,220,148.232,225.833,120.724,5.28406,1.10609,-4.64283,294.369,0.125,15.1882,0.513603
ppo,0,8,221,149.654,227.628,121.964,5.33283,1.11575,-4.62529,296.919,0.125,158.343,0.513603
ppo,0,8,222,151.057,229.438,123.221,5.38361,1.12142,-4.60554,299.481,0.125,489.676,0.513603
ppo,0,8,223,152.49,231.258,124.464,5.432,1.12959,-4.58446,302.057,0.125,337.909,0.513603
ppo,0,8,224,153.924,233.065,125.741,5.47709,1.14044,-4.55927,304.637,0.125,285.253,0.513603
ppo,0,8,225,155.353,234.907,127.014,5.52336,1.14441,-4.53078,307.243,0.125,235.47,0.513603
ppo,0,8,226,156.814,236.738,128.286,5.5698,1.15272,-4.49838,309.85,0.125,325.372,0.513603
ppo,0,8,227,158.263,238.579,129.587,5.61421,1.16273,-4.46614,312.472,0.125,350.657,0.513603
ppo,0,8,228,159.726,240.448,130.867,5.65169,1.17782,-4.43193,315.111,0.125,214.178,0.513603
ppo,0,8,229,161.211,242.3,132.168,5.68434,1.19576,-4.39294,317.755,0.125,347.241,0.513603
ppo,0,8,230,162.678,244.175,133.482,5.71592,1.2128,-4.35166,320.415,0.125,273.799,0.513603
ppo,0,8,231,164.169,246.062,134.78,5.7483,1.23604,-4.31054,323.084,0.125,303.038,0.513603
ppo,0,8,232,165.665,247.936,136.109,5.77937,1.26264,-4.27312,325.758,0.125,465.411,0.513603
ppo,0,8,233,167.147,249.839,137.436,5.80801,1.2897,-4.23559,328.447,0.125,297.459,0.513603
ppo,0,8,234,168.656,251.736,138.751,5.83504,1.32105,-4.19661,331.138,0.125,569.984,0.513603
ppo,0,8,235,170.16,253.627,140.096,5.85862,1.3553,-4.15716,333.833,0.125,348.081,0.513603
ppo,0,8,236,171.659,255.554,141.431,5.88309,1.39326,-4.11527,336.546,0.125,551.4,0.513603
ppo,0,8,237,173.187,257.47,142.766,5.9034,1.43223,-4.0743,339.266,0.125,300.956,0.513603
ppo,0,8,238,174.704,259.385,144.135,5.92198,1.47064,-4.03534,341.996,0.125,422.539,0.513603
ppo,0,8,239,176.223,261.332,145.488,5.94084,1.50815,-3.99836,344.748,0.125,603.097,0.513603
ppo,0,8,240,177.769,263.265,146.845,5.9608,1.54378,-3.96223,347.504,0.125,425.629,0.513603
ppo,0,8,241,179.302,265.205,148.228,5.9805,1.58388,-3.92867,350.269,0.125,489.818,0.513603
ppo,0,8,242,180.842,267.173,149.597,6.00095,1.6266,-3.8948,353.049,0.125,501.628,0.513603
ppo,0,8,243,182.412,269.125,150.975,6.02025,1.66941,-3.85998,355.837,0.125,241.964,0.513603
ppo,0,8,244,183.969,271.083,152.382,6.03717,1.71359,-3.82272,358.636,0.125,434.229,0.513603
ppo,0,8,245,185.528,273.068,153.774,6.05089,1.7601,-3.78441,361.448,0.125,449.028,0.513603
ppo,0,8,246,187.12,275.041,155.168,6.06453,1.80803,-3.74998,364.269,0.125,586.894,0.513603
ppo,0,8,247,188.696,277.015,156.595,6.07845,1.85765,-3.71334,367.096,0.125,315.872,0.513603
ppo,0,8,248,190.272,279.019,158.013,6.08654,1.90684,-3.68045,369.946,0.125,148.637,0.513603
ppo,0,8,249,191.883,281.011,159.427,6.09306,1.95883,-3.6468,372.802,0.125,360.495,0.513603
ppo,0,8,250,193.489,282.995,160.876,6.09626,2.01498,-3.61529,375.664,0.125,367.577,0.513603
ppo,0,8,251,195.087,285.012,162.323,6.09886,2.07238,-3.58568,378.545,0.125,225.422,0.513603
ppo,0,8,252,196.717,287.027,163.755,6.10179,2.12779,-3.55517,381.438,0.125,134.535,0.513603
ppo,0,8,253,198.353,289.029,165.222,6.10169,2.18212,-3.52487,384.34,0.125,394.368,0.513603
ppo,0,8,254,199.974,291.058,166.699,6.09766,2.23877,-3.49648,387.261,0.125,524.308,0.513603
ppo,0,8,255,201.621,293.102,168.155,6.09085,2.296,-3.47131,390.199,0.125,305.056,0.513603
ppo,0,8,256,203.292,295.127,169.631,6.08422,2.3546,-3.4493,393.145,0.125,558.458,0.513603
ppo,0,8,257,204.945,297.163,171.13,6.08132,2.41291,-3.42902,396.1,0.125,534.544,0.513603
ppo,0,8,258,206.603,299.228,172.611,6.07818,2.46912,-3.40993,399.073,0.125,339.399,0.513603
ppo,0,8,259,208.293,301.281,174.093,6.07557,2.52391,-3.39361,402.057,0.125,133.284,0.513603
ppo,0,8,260,209.978,303.328,175.607,6.07088,2.57474,-3.37642,405.05,0.125,389.452,0.513603
ppo,0,8,261,211.652,305.409,177.121,6.06522,2.62663,-3.36212,408.065,0.125,484.781,0.513603
ppo,0,8,262,213.356,307.502,178.619,6.06098,2.68042,-3.35004,411.096,0.125,153.855,0.513603
ppo,0,8,263,215.077,309.575,180.137,6.05505,2.73176,-3.33913,414.134,0.125,481.701,0.513603
ppo,0,8,264,216.782,311.659,181.68,6.05028,2.78456,-3.32734,417.179,0.125,684.585,0.513603
ppo,0,8,265,218.488,313.776,183.207,6.04298,2.83677,-3.31782,420.247,0.125,698.202,0.513603
ppo,0,8,266,220.229,315.887,184.728,6.03596,2.88761,-3.31071,423.327,0.125,478.04,0.513603
ppo,0,8,267,221.976,317.983,186.28,6.0277,2.93944,-3.30519,426.414,0.125,420.563,0.513603
ppo,0,8,268,223.701,320.103,187.846,6.01952,2.99169,-3.30238,429.514,0.125,532.22,0.513603
ppo,0,8,269,225.441,322.247,189.391,6.01371,3.04359,-3.29967,432.63,0.125,756.425,0.513603
ppo,0,8,270,227.214,324.376,190.939,6.00407,3.09467,-3.30093,435.758,0.125,706.554,0.513603
ppo,0,8,271,228.986,326.496,192.516,5.99254,3.14607,-3.30247,438.892,0.125,685.453,0.513603
ppo,0,8,272,230.741,328.643,194.102,5.97788,3.19865,-3.30678,442.044,0.125,719.272,0.513603
ppo,0,8,273,232.515,330.812,195.667,5.96403,3.25399,-3.31325,445.211,0.125,374.915,0.513603
ppo,0,8,274,234.319,332.966,197.238,5.94955,3.30791,-3.32244,448.388,0.125,744.448,0.513603
ppo,0,8,275,236.121,335.113,198.845,5.93647,3.35729,-3.33382,451.578,0.125,852.834,0.513603
ppo,0,8,276,237.903,337.285,200.462,5.92336,3.40604,-3.34496,454.782,0.125,801.55,0.513603
ppo,0,8,277,239.7,339.483,202.057,5.90737,3.45271,-3.3588,458.008,0.125,591.386,0.513603
ppo,0,8,278,241.532,341.669,203.65,5.89134,3.49738,-3.37559,461.244,0.125,286.776,0.513603
ppo,0,8,279,243.364,343.842,205.277,5.87434,3.54292,-3.39317,464.487,0.125,171.052,0.513603
ppo,0,8,280,245.176,346.036,206.921,5.86055,3.58639,-3.41177,467.743,0.125,452.604,0.513603
ppo,0,8,281,246.991,348.26,208.551,5.84709,3.6293,-3.4271,471.015,0.125,313.775,0.513603
ppo,0,8,282,248.843,350.481,210.165,5.83696,3.67266,-3.44363,474.296,0.125,776.561,0.513603
ppo,0,8,283,250.713,352.682,211.804,5.82779,3.71252,-3.46166,477.586,0.125,738.664,0.513603
ppo,0,8,284,252.565,354.89,213.471,5.8178,3.75004,-3.47634,480.884,0.125,592.355,0.513603
ppo,0,8,285,254.404,357.131,215.136,5.80809,3.78571,-3.49137,484.201,0.125,648.615,0.513603
ppo,0,8,286,256.265,359.386,216.78,5.79879,3.81806,-3.50914,487.534,0.125,504.137,0.513603
ppo,0,8,287,258.158,361.624,218.427,5.79236,3.84912,-3.52714,490.872,0.125,514.552,0.513603
ppo,0,8,288,260.055,363.85,220.107,5.78678,3.87805,-3.54681,494.219,0.125,845.362,0.513603
ppo,0,8,289,261.935,366.093,221.807,5.78353,3.90751,-3.56736,497.58,0.125,491.966,0.513603
ppo,0,8,290,263.808,368.374,223.499,5.7809,3.9353,-3.58928,500.961,0.125,386.597,0.513603
ppo,0,8,291,265.71,370.663,225.174,5.77852,3.96389,-3.61363,504.357,0.125,957.447,0.513603
ppo,0,8,292,267.644,372.934,226.861,5.77819,3.98896,-3.6393,507.764,0.125,432.897,0.513603
ppo,0,8,293,269.578,375.192,228.583,5.78142,4.0103,-3.66358,511.178,0.125,845.578,0.513603
ppo,0,8,294,271.492,377.47,230.326,5.789,4.03406,-3.6877,514.601,0.125,663.596,0.513603
ppo,0,8,295,273.402,379.783,232.057,5.79937,4.05733,-3.71053,518.042,0.125,489.83,0.513603
ppo,0,8,296,275.334,382.111,233.766,5.81022,4.08097,-3.73266,521.493,0.125,646.931,0.513603
ppo,0,8,297,277.297,384.428,235.478,5.82154,4.10463,-3.75344,524.954,0.125,811.987,0.513603
ppo,0,8,298,279.269,386.726,237.223,5.8336,4.12812,-3.77297,528.42,0.125,422.065,0.513603
ppo,0,8,299,281.225,389.031,238.997,5.84454,4.15314,-3.79366,531.895,0.125,337.169,0.513603
ppo,0,9,0,0,0,0,-2.64412,0.455244,-8.44854,8.86434,0.125,1.92104,0.499031
ppo,0,9,1,0.0221304,0.0218011,-0.0219386,-2.62582,0.448185,-8.50194,8.89404,0.125,1.34856,0.499031
ppo,0,9,2,0.0640607,0.065762,-0.0610039,-2.61062,0.441532,-8.55254,8.91074,0.125,1.5168,0.499031
ppo,0,9,3,0.124997,0.129532,-0.119077,-2.5947,0.4316,-8.60158,8.91296,0.125,1.45715,0.499031
ppo,0,9,4,0.204807,0.214568,-0.197161,-2.58307,0.417506,-8.65076,8.90376,0.125,0.953719,0.499031
ppo,0,9,5,0.299756,0.323429,-0.295806,-2.57155,0.400117,-8.69798,8.87958,0.125,0.491948,0.499031
ppo,0,9,6,0.408789,0.456396,-0.414379,-2.55863,0.381803,-8.74723,8.84576,0.125,1.6507,0.499031
ppo,0,9,7,0.531447,0.613854,-0.551925,-2.54276,0.360701,-8.7957,8.80197,0.125,1.14855,0.499031
ppo,0,9,8,0.659399,0.801005,-0.70912,-2.53226,0.340216,-8.84366,8.75041,0.125,0.697738,0.499031
ppo,0,9,9,0.790568,1.0168,-0.880261,-2.52783,0.31833,-8.88787,8.69606,0.125,1.06235,0.499031
ppo,0,9,10,0.921984,1.26559,-1.06461,-2.524,0.295914,-8.92841,8.64028,0.125,0.999951,0.499031
ppo,0,9,11,1.05074,1.54906,-1.25911,-2.52258,0.271057,-8.96634,8.59089,0.125,0.93036,0.499031
ppo,0,9,12,1.17045,1.86513,-1.45739,-2.52153,0.251076,-9.00272,8.55382,0.125,1.37524,0.499031
ppo,0,9,13,1.27634,2.2137,-1.65269,-2.52456,0.231347,-9.03842,8.53965,0.125,1.34461,0.499031
ppo,0,9,14,1.3674,2.59116,-1.84244,-2.5267,0.208907,-9.07139,8.54968,0.125,1.72455,0.499031
ppo,0,9,15,1.4399,2.99774,-2.02218,-2.53157,0.183914,-9.10346,8.59271,0.125,0.539215,0.499031
ppo,0,9,16,1.49683,3.42407,-2.18254,-2.53804,0.159188,-9.13297,8.67457,0.125,0.772783,0.499031
ppo,0,9,17,1.53401,3.86834,-2.31574,-2.54647,0.132615,-9.15812,8.7991,0.125,0.899408,0.499031
ppo,0,9,18,1.55492,4.31958,-2.42017,-2.55343,0.106434,-9.18215,8.96401,0.125,0.823319,0.499031
ppo,0,9,19,1.56627,4.76981,-2.49111,-2.56373,0.0788565,-9.20489,9.1726,0.125,1.54593,0.499031
ppo,0,9,20,1.57396,5.21095,-2.52858,-2.57816,0.0478207,-9.22266,9.41853,0.125,1.13086,0.499031
ppo,0,9,21,1.58505,5.63688,-2.53242,-2.59392,0.0189109,-9.24043,9.69653,0.125,1.32655,0.499031
ppo,0,9,22,1.61054,6.04755,-2.51252,-2.60919,-0.00860672,-9.2583,9.99944,0.125,1.33752,0.499031
ppo,0,9,23,1.66319,6.43738,-2.47681,-2.62405,-0.0351605,-9.27342,10.3183,0.125,1.2332,0.499031
ppo,0,9,24,1.74405,6.81273,-2.43352,-2.64016,-0.0593981,-9.28766,10.6502,0.125,1.42852,0.499031
ppo,0,9,25,1.85586,7.18111,-2.39972,-2.65828,-0.0875666,-9.29926,10.9916,0.125,1.16293,0.499031
ppo,0,9,26,1.99872,7.54999,-2.38382,-2.67583,-0.118292,-9.31221,11.3427,0.125,0.350139,0.499031
ppo,0,9,27,2.16568,7.93167,-2.39051,-2.69066,-0.145829,-9.32323,11.7001,0.125,2.01597,0.499031
ppo,0,9,28,2.34723,8.33849,-2.41765,-2.7055,-0.17332,-9.33454,12.0758,0.125,1.80443,0.499031
ppo,0,9,29,2.52999,8.77914,-2.45613,-2.71858,-0.203236,-9.34321,12.4765,0.125,2.27771,0.499031
ppo,0,9,30,2.70228,9.25107,-2.49493,-2.72945,-0.233687,-9.34827,12.9009,0.125,1.71755,0.499031
ppo,0,9,31,2.85556,9.74991,-2.52264,-2.74185,-0.261128,-9.35283,13.3493,0.125,0.852575,0.499031
ppo,0,9,32,2.99294,10.2658,-2.52076,-2.75439,-0.29175,-9.35844,13.8292,0.125,1.77426,0.499031
ppo,0,9,33,3.11948,10.7842,-2.48346,-2.76607,-0.323451,-9.36226,14.3296,0.125,1.88486,0.499031
ppo,0,9,34,3.24862,11.2896,-2.41534,-2.77431,-0.353542,-9.36385,14.8364,0.125,2.19816,0.499031
ppo,0,9,35,3.3969,11.7759,-2.32268,-2.78193,-0.384171,-9.36508,15.3506,0.125,1.82842,0.499031
ppo,0,9,36,3.57697,12.2474,-2.22356,-2.78972,-0.41726,-9.36426,15.8719,0.125,2.18998,0.499031
ppo,0,9,37,3.79414,12.714,-2.13504,-2.79408,-0.450211,-9.36124,16.3987,0.125,2.65937,0.499031
ppo,0,9,38,4.03669,13.1882,-2.06262,-2.79517,-0.482954,-9.36052,16.9362,0.125,2.36979,0.499031
ppo,0,9,39,4.28844,13.6887,-2.01015,-2.79724,-0.516845,-9.35892,17.4931,0.125,2.91267,0.499031
ppo,0,9,40,4.531,14.2203,-1.96623,-2.79914,-0.545867,-9.35754,18.0666,0.125,1.74663,0.499031
ppo,0,9,41,4.75732,14.783,-1.91486,-2.80363,-0.578224,-9.35533,18.6681,0.125,2.75802,0.499031
ppo,0,9,42,4.96481,15.3622,-1.83671,-2.81278,-0.609872,-9.35408,19.2902,0.125,2.32685,0.499031
ppo,0,9,43,5.16741,15.9356,-1.72598,-2.82388,-0.640371,-9.35231,19.9194,0.125,2.29794,0.499031
ppo,0,9,44,5.38299,16.4902,-1.58634,-2.83269,-0.670933,-9.35348,20.5507,0.125,3.72328,0.499031
ppo,0,9,45,5.62747,17.0294,-1.43436,-2.83859,-0.699578,-9.35133,21.1818,0.125,3.99036,0.499031
ppo,0,9,46,5.90453,17.563,-1.2912,-2.84539,-0.727645,-9.34562,21.817,0.125,4.71077,0.499031
ppo,0,9,47,6.20247,18.1142,-1.1694,-2.85423,-0.755633,-9.33764,22.4681,0.125,2.53078,0.499031
ppo,0,9,48,6.5032,18.6992,-1.06572,-2.86405,-0.786104,-9.32577,23.1441,0.125,3.89542,0.499031
ppo,0,9,49,6.78954,19.3142,-0.9584,-2.87745,-0.817417,-9.31147,23.8434,0.125,3.87774,0.499031
ppo,0,9,50,7.05631,19.9438,-0.823075,-2.89386,-0.848314,-9.29446,24.5578,0.125,2.026,0.499031
ppo,0,9,51,7.32329,20.5651,-0.65507,-2.90737,-0.875257,-9.2763,25.2721,0.125,2.93972,0.499031
ppo,0,9,52,7.61082,21.1661,-0.469511,-2.91773,-0.902291,-9.25525,25.9818,0.125,3.14889,0.499031
ppo,0,9,53,7.93474,21.7539,-0.286005,-2.92456,-0.926755,-9.233,26.6906,0.125,3.3021,0.499031
ppo,0,9,54,8.28189,22.3547,-0.122861,-2.92887,-0.949037,-9.21172,27.4108,0.125,3.43142,0.499031
ppo,0,9,55,8.63213,22.9857,0.0254217,-2.93597,-0.972409,-9.18791,28.1549,0.125,6.0735,0.499031
ppo,0,9,56,8.96644,23.6461,0.181089,-2.94388,-0.996714,-9.16161,28.9208,0.125,6.53738,0.499031
ppo,0,9,57,9.28702,24.3146,0.361744,-2.95207,-1.02055,-9.13497,29.696,0.125,7.19572,0.499031
ppo,0,9,58,9.61316,24.9691,0.572742,-2.95925,-1.04216,-9.10824,30.4692,0.125,6.4008,0.499031
ppo,0,9,59,9.9659,25.6051,0.795694,-2.96396,-1.06067,-9.08344,31.2385,0.125,7.48894,0.499031
ppo,0,9,60,10.3467,26.2428,1.00825,-2.96659,-1.07914,-9.05602,32.0159,0.125,6.01062,0.499031
ppo,0,9,61,10.7408,26.9024,1.19997,-2.96941,-1.10059,-9.02745,32.8136,0.125,8.72434,0.499031
ppo,0,9,62,11.1213,27.5937,1.39486,-2.96996,-1.12053,-8.99685,33.6312,0.125,5.52303,0.499031
ppo,0,9,63,11.487,28.2956,1.61605,-2.96989,-1.1395,-8.97161,34.4605,0.125,3.49281,0.499031
ppo,0,9,64,11.8589,28.9834,1.8652,-2.97072,-1.16027,-8.94664,35.291,0.125,3.10307,0.499031
ppo,0,9,65,12.2576,29.6526,2.12272,-2.96774,-1.17615,-8.91722,36.1124,0.125,4.29379,0.499031
ppo,0,9,66,12.6845,30.3305,2.36216,-2.96349,-1.19265,-8.88712,36.9475,0.125,4.22035,0.499031
ppo,0,9,67,13.1178,31.0419,2.58526,-2.95872,-1.20933,-8.85684,37.8089,0.125,7.96342,0.499031
ppo,0,9,68,13.5299,31.7815,2.8191,-2.95475,-1.22358,-8.82896,38.688,0.125,7.51686,0.499031
ppo,0,9,69,13.9317,32.5184,3.08589,-2.94936,-1.23693,-8.80136,39.5689,0.125,8.55427,0.499031
ppo,0,9,70,14.3516,33.2374,3.37128,-2.94362,-1.24937,-8.77577,40.4477,0.125,11.2179,0.499031
ppo,0,9,71,14.8023,33.9505,3.64595,-2.93495,-1.26311,-8.74938,41.331,0.125,9.21526,0.499031
ppo,0,9,72,15.2648,34.6887,3.90094,-2.92405,-1.27537,-8.71998,42.2319,0.125,4.86905,0.499031
ppo,0,9,73,15.714,35.4557,4.16399,-2.91126,-1.28647,-8.69104,43.1525,0.125,7.81645,0.499031
ppo,0,9,74,16.1557,36.2218,4.46159,-2.89643,-1.29549,-8.66406,44.0773,0.125,3.22045,0.499031
ppo,0,9,75,16.6199,36.9669,4.77859,-2.88086,-1.30461,-8.63627,44.9994,0.125,11.1033,0.499031
ppo,0,9,76,17.1146,37.711,5.0811,-2.86499,-1.31161,-8.60873,45.9278,0.125,21.5973,0.499031
ppo,0,9,77,17.6148,38.4869,5.36696,-2.84537,-1.31881,-8.58122,46.8793,0.125,5.78294,0.499031
ppo,0,9,78,18.0975,39.2888,5.66517,-2.82654,-1.32523,-8.55792,47.8498,0.125,9.92435,0.499031
ppo,0,9,79,18.584,40.0844,5.99469,-2.80925,-1.32885,-8.53634,48.825,0.125,16.138,0.499031
ppo,0,9,80,19.095,40.8605,6.32804,-2.78994,-1.33155,-8.51547,49.794,0.125,9.86996,0.499031
ppo,0,9,81,19.6307,41.6522,6.64071,-2.77084,-1.33364,-8.49531,50.7811,0.125,7.82513,0.499031
ppo,0,9,82,20.1579,42.4786,6.95041,-2.75404,-1.33677,-8.47571,51.7949,0.125,5.87523,0.499031
ppo,0,9,83,20.6691,43.3096,7.29055,-2.7355,-1.34006,-8.45458,52.8136,0.125,17.1426,0.499031
ppo,0,9,84,21.1958,44.1215,7.65526,-2.72008,-1.34444,-8.43525,53.8333,0.125,4.49154,0.499031
ppo,0,9,85,21.7568,44.932,8.00755,-2.70137,-1.34662,-8.41721,54.8606,0.125,7.08318,0.499031
ppo,0,9,86,22.3203,45.7735,8.3415,-2.68375,-1.35029,-8.40192,55.9124,0.125,12.9253,0.499031
ppo,0,9,87,22.8618,46.6342,8.70026,-2.66734,-1.35718,-8.38695,56.9814,0.125,20.8431,0.499031
ppo,0,9,88,23.4143,47.4756,9.08887,-2.65046,-1.36318,-8.3733,58.0476,0.125,18.0039,0.499031
ppo,0,9,89,23.9971,48.3106,9.46613,-2.63088,-1.36795,-8.36449,59.118,0.125,20.8426,0.499031
ppo,0,9,90,24.5859,49.1791,9.82217,-2.60933,-1.37231,-8.35731,60.2123,0.125,7.94403,0.499031
ppo,0,9,91,25.1554,50.0701,10.1967,-2.58735,-1.37445,-8.35118,61.3207,0.125,13.5421,0.499031
ppo,0,9,92,25.7355,50.9468,10.6029,-2.56483,-1.37832,-8.34554,62.433,0.125,19.0604,0.499031
ppo,0,9,93,26.3506,51.8206,11.0005,-2.54175,-1.38261,-8.34235,63.557,0.125,22.2126,0.499031
ppo,0,9,94,26.9713,52.7232,11.3807,-2.52059,-1.39176,-8.33813,64.7073,0.125,28.1441,0.499031
ppo,0,9,95,27.5744,53.6445,11.7847,-2.49849,-1.40291,-8.33571,65.8744,0.125,29.2862,0.499031
ppo,0,9,96,28.19,54.5474,12.213,-2.4817,-1.41383,-8.3361,67.0423,0.125,25.1594,0.499031
ppo,0,9,97,28.835,55.4529,12.6246,-2.463,-1.42874,-8.34068,68.2248,0.125,24.1949,0.499031
ppo,0,9,98,29.4758,56.389,13.0265,-2.44352,-1.44165,-8.34888,69.4271,0.125,24.309,0.499031
ppo,0,9,99,30.1004,57.3305,13.4586,-2.42052,-1.45307,-8.3622,70.6348,0.125,23.2303,0.499031
ppo,0,9,100,30.7471,58.253,13.9064,-2.39839,-1.46365,-8.37441,71.841,0.125,19.1408,0.499031
ppo,0,9,101,31.4126,59.1923,14.3305,-2.37589,-1.47139,-8.38268,73.0592,0.125,40.0048,0.499031
ppo,0,9,102,32.062,60.1638,14.7617,-2.35345,-1.47871,-8.39028,74.2982,0.125,26.7497,0.499031
ppo,0,9,103,32.7098,61.1224,15.2228,-2.33201,-1.48591,-8.39912,75.5362,0.125,10.4422,0.499031
ppo,0,9,104,33.3925,62.0725,15.6806,-2.31153,-1.49197,-8.40869,76.7822,0.125,30.0423,0.499031
ppo,0,9,105,34.0771,63.0515,16.1281,-2.28896,-1.49674,-8.41953,78.0483,0.125,10.0379,0.499031
ppo,0,9,106,34.742,64.0402,16.6033,-2.26409,-1.50118,-8.43147,79.3213,0.125,24.4745,0.499031
ppo,0,9,107,35.4323,65.0098,17.0939,-2.23915,-1.5061,-8.44124,80.595,0.125,6.97455,0.499031
ppo,0,9,108,36.1434,65.9986,17.5645,-2.21528,-1.50869,-8.45213,81.887,0.125,28.1952,0.499031
ppo,0,9,109,36.8337,67.0151,18.0522,-2.19024,-1.51167,-8.46492,83.1982,0.125,32.2913,0.499031
ppo,0,9,110,37.5327,68.0171,18.5698,-2.16609,-1.51597,-8.47999,84.5135,0.125,19.4574,0.499031
ppo,0,9,111,38.2656,69.0171,19.0729,-2.13777,-1.52042,-8.50042,85.8386,0.125,44.4651,0.499031
ppo,0,9,112,38.99,70.0543,19.5715,-2.11228,-1.52584,-8.52246,87.1917,0.125,50.3162,0.499031
ppo,0,9,113,39.7087,71.0829,20.1035,-2.08749,-1.52856,-8.54633,88.5446,0.125,38.0011,0.499031
ppo,0,9,114,40.4602,72.0999,20.6297,-2.06679,-1.53734,-8.5687,89.9085,0.125,30.0016,0.499031
ppo,0,9,115,41.2143,73.1453,21.1441,-2.04869,-1.54875,-8.59552,91.298,0.125,20.3842,0.499031
ppo,0,9,116,41.9543,74.1897,21.6931,-2.03143,-1.56323,-8.62449,92.6952,0.125,44.8938,0.499031
ppo,0,9,117,42.7264,75.2208,22.2473,-2.01185,-1.58285,-8.6553,94.1025,0.125,29.2333,0.499031
ppo,0,9,118,43.5021,76.2816,22.7864,-1.99681,-1.60282,-8.68922,95.5346,0.125,13.4615,0.499031
ppo,0,9,119,44.2583,77.3511,23.3582,-1.98478,-1.62297,-8.71917,96.9756,0.125,11.5979,0.499031
ppo,0,9,120,45.0411,78.4024,23.9387,-1.97674,-1.64633,-8.74493,98.421,0.125,39.7481,0.499031
ppo,0,9,121,45.8341,79.4855,24.5026,-1.97068,-1.67525,-8.77165,99.8976,0.125,33.6082,0.499031
ppo,0,9,122,46.6097,80.5782,25.0975,-1.96597,-1.70335,-8.79854,101.384,0.125,36.8281,0.499031
ppo,0,9,123,47.4144,81.656,25.7016,-1.95931,-1.73238,-8.82618,102.876,0.125,45.5361,0.499031
ppo,0,9,124,48.2233,82.7657,26.2871,-1.95215,-1.76045,-8.85284,104.389,0.125,53.8993,0.499031
ppo,0,9,125,49.0209,83.8827,26.9014,-1.94771,-1.79144,-8.88299,105.917,0.125,18.1234,0.499031
ppo,0,9,126,49.8505,84.9854,27.5155,-1.94619,-1.82079,-8.91014,107.448,0.125,15.1119,0.499031
ppo,0,9,127,50.6775,86.117,28.119,-1.94615,-1.849,-8.9373,108.997,0.125,53.653,0.499031
ppo,0,9,128,51.4965,87.2481,28.7542,-1.94897,-1.87735,-8.96564,110.556,0.125,20.1767,0.499031
ppo,0,9,129,52.3494,88.3734,29.3798,-1.94846,-1.90584,-8.99174,112.12,0.125,31.216,0.499031
ppo,0,9,130,53.1924,89.5301,29.9988,-1.94859,-1.93626,-9.01747,113.705,0.125,66.1591,0.499031
ppo,0,9,131,54.0373,90.676,30.6514,-1.94604,-1.96713,-9.04375,115.294,0.125,95.1751,0.499031
ppo,0,9,132,54.9127,91.8276,31.2875,-1.94562,-1.99742,-9.07026,116.896,0.125,77.0053,0.499031
ppo,0,9,133,55.774,93.0033,31.9366,-1.94711,-2.02143,-9.09554,118.512,0.125,22.8028,0.499031
ppo,0,9,134,56.6499,94.1609,32.608,-1.94475,-2.04557,-9.11998,120.126,0.125,24.747,0.499031
ppo,0,9,135,57.5459,95.3391,33.2578,-1.94154,-2.06924,-9.14101,121.757,0.125,69.6818,0.499031
ppo,0,9,136,58.4252,96.5358,33.9318,-1.94085,-2.09371,-9.16196,123.405,0.125,52.9084,0.499031
ppo,0,9,137,59.3328,97.7187,34.6113,-1.93912,-2.1167,-9.1833,125.057,0.125,81.045,0.499031
ppo,0,9,138,60.2392,98.9376,35.2779,-1.93669,-2.14182,-9.2002,126.733,0.125,74.9378,0.499031
ppo,0,9,139,61.1396,100.146,35.9785,-1.93141,-2.16426,-9.21465,128.404,0.125,81.911,0.499031
ppo,0,9,140,62.0722,101.357,36.6658,-1.92773,-2.1865,-9.23144,130.091,0.125,81.5221,0.499031
ppo,0,9,141,62.9881,102.595,37.3649,-1.92411,-2.21014,-9.24731,131.797,0.125,28.7142,0.499031
ppo,0,9,142,63.926,103.813,38.0834,-1.92235,-2.23382,-9.26184,133.505,0.125,31.4416,0.499031
ppo,0,9,143,64.8716,105.061,38.7856,-1.91999,-2.25856,-9.27542,135.235,0.125,79.446,0.499031
ppo,0,9,144,65.8102,106.308,39.5233,-1.92144,-2.28428,-9.28963,136.976,0.125,27.7299,0.499031
ppo,0,9,145,66.7803,107.551,40.2533,-1.92303,-2.31025,-9.30229,138.728,0.125,39.1829,0.499031
ppo,0,9,146,67.7325,108.824,40.9923,-1.9245,-2.33475,-9.31291,140.495,0.125,93.5735,0.499031
ppo,0,9,147,68.7044,110.076,41.7547,-1.9286,-2.36106,-9.32578,142.268,0.125,57.8111,0.499031
ppo,0,9,148,69.6873,111.354,42.4996,-1.93338,-2.38521,-9.33886,144.06,0.125,55.4921,0.499031
ppo,0,9,149,70.6613,112.629,43.2782,-1.93745,-2.41219,-9.34944,145.859,0.125,68.1433,0.499031
ppo,0,9,150,71.6674,113.901,44.0405,-1.94256,-2.44166,-9.35942,147.667,0.125,55.9078,0.499031
ppo,0,9,151,72.6532,115.201,44.8185,-1.94773,-2.47045,-9.36794,149.492,0.125,186.743,0.499031
ppo,0,9,152,73.6652,116.479,45.6096,-1.95067,-2.50097,-9.37528,151.318,0.125,73.4926,0.499031
ppo,0,9,153,74.6765,117.785,46.3874,-1.95005,-2.53192,-9.38128,153.16,0.125,103.637,0.499031
ppo,0,9,154,75.6889,119.079,47.1976,-1.94972,-2.56426,-9.38573,155.005,0.125,70.2055,0.499031
ppo,0,9,155,76.7241,120.387,47.9905,-1.95176,-2.59519,-9.38865,156.866,0.125,125.312,0.499031
ppo,0,9,156,77.7411,121.706,48.8074,-1.95295,-2.63028,-9.38865,158.737,0.125,70.0411,0.499031
ppo,0,9,157,78.7939,123.018,49.6194,-1.95338,-2.66522,-9.38784,160.619,0.125,29.5202,0.499031
ppo,0,9,158,79.8327,124.356,50.4445,-1.95325,-2.6992,-9.3855,162.517,0.125,49.8369,0.499031
ppo,0,9,159,80.899,125.677,51.2827,-1.95097,-2.73185,-9.38363,164.419,0.125,149.61,0.499031
ppo,0,9,160,81.9642,127.032,52.1069,-1.94608,-2.76039,-9.38209,166.337,0.125,114.476,0.499031
ppo,0,9,161,83.0376,128.373,52.9616,-1.94198,-2.78498,-9.37993,168.257,0.125,125.949,0.499031
ppo,0,9,162,84.1247,129.736,53.7909,-1.93707,-2.80912,-9.37515,170.19,0.125,157.884,0.499031
ppo,0,9,163,85.2034,131.099,54.6541,-1.93292,-2.83219,-9.36894,172.132,0.125,47.0424,0.499031
ppo,0,9,164,86.309,132.467,55.5004,-1.9257,-2.85512,-9.35818,174.081,0.125,54.1227,0.499031
ppo,0,9,165,87.3914,133.852,56.3749,-1.91865,-2.87836,-9.34863,176.043,0.125,132.413,0.499031
ppo,0,9,166,88.5077,135.229,57.239,-1.9135,-2.89803,-9.33722,178.009,0.125,41.9103,0.499031
ppo,0,9,167,89.6053,136.629,58.1151,-1.90768,-2.91917,-9.32693,179.991,0.125,20.4847,0.499031
ppo,0,9,168,90.7316,138.016,58.9974,-1.89914,-2.93726,-9.31532,181.975,0.125,163.419,0.499031
ppo,0,9,169,91.8433,139.437,59.8806,-1.89271,-2.95523,-9.30414,183.98,0.125,313.504,0.499031
ppo,0,9,170,92.9791,140.836,60.7823,-1.88285,-2.97456,-9.29535,185.987,0.125,44.0259,0.499031
ppo,0,9,171,94.1106,142.268,61.6741,-1.87259,-2.99112,-9.28889,188.013,0.125,93.9047,0.499031
ppo,0,9,172,95.2555,143.68,62.5913,-1.85998,-3.00497,-9.28044,190.036,0.125,122.898,0.499031
ppo,0,9,173,96.4048,145.125,63.4928,-1.8476,-3.01712,-9.27122,192.079,0.125,26.0841,0.499031
ppo,0,9,174,97.562,146.55,64.4266,-1.83425,-3.02777,-9.26249,194.122,0.125,156.642,0.499031
ppo,0,9,175,98.7304,148.003,65.3431,-1.82225,-3.03554,-9.25307,196.183,0.125,54.7108,0.499031
ppo,0,9,176,99.899,149.442,66.2966,-1.81514,-3.04141,-9.24366,198.251,0.125,139.277,0.499031
ppo,0,9,177,101.086,150.905,67.2329,-1.8067,-3.04702,-9.23649,200.339,0.125,46.2975,0.499031
ppo,0,9,178,102.268,152.362,68.2016,-1.80092,-3.05399,-9.22472,202.433,0.125,119.981,0.499031
ppo,0,9,179,103.471,153.842,69.1506,-1.79197,-3.05889,-9.21195,204.546,0.125,64.5151,0.499031
ppo,0,9,180,104.668,155.314,70.1336,-1.78365,-3.06188,-9.19941,206.66,0.125,117.837,0.499031
ppo,0,9,181,105.886,156.802,71.0986,-1.77467,-3.06596,-9.18823,208.793,0.125,87.6901,0.499031
ppo,0,9,182,107.096,158.287,72.0954,-1.7656,-3.06763,-9.17973,210.931,0.125,139.403,0.499031
ppo,0,9,183,108.326,159.792,73.071,-1.7557,-3.07352,-9.17211,213.089,0.125,159.687,0.499031
ppo,0,9,184,109.551,161.292,74.0787,-1.74586,-3.08003,-9.16519,215.256,0.125,140.289,0.499031
ppo,0,9,185,110.796,162.813,75.0661,-1.73642,-3.08649,-9.16045,217.44,0.125,103.428,0.499031
ppo,0,9,186,112.036,164.327,76.0902,-1.72848,-3.09518,-9.15093,219.632,0.125,213.246,0.499031
ppo,0,9,187,113.29,165.863,77.0956,-1.72278,-3.10361,-9.14125,221.843,0.125,168.007,0.499031
ppo,0,9,188,114.542,167.386,78.1327,-1.7198,-3.1127,-9.13212,224.057,0.125,290.669,0.499031
ppo,0,9,189,115.805,168.934,79.1529,-1.71722,-3.11758,-9.12247,226.287,0.125,172.905,0.499031
ppo,0,9,190,117.077,170.467,80.2002,-1.71345,-3.12156,-9.11187,228.519,0.125,250.923,0.499031
ppo,0,9,191,118.353,172.031,81.2333,-1.7075,-3.12707,-9.09748,230.769,0.125,126.174,0.499031
ppo,0,9,192,119.644,173.577,82.2922,-1.70305,-3.13382,-9.08005,233.025,0.125,241.618,0.499031
ppo,0,9,193,120.933,175.156,83.3437,-1.69596,-3.1409,-9.06328,235.301,0.125,113.992,0.499031
ppo,0,9,194,122.247,176.711,84.4131,-1.68828,-3.14916,-9.0465,237.58,0.125,125.618,0.499031
ppo,0,9,195,123.548,178.298,85.4854,-1.68163,-3.15792,-9.03131,239.879,0.125,234.379,0.499031
ppo,0,9,196,124.878,179.87,86.5628,-1.67307,-3.16893,-9.01772,242.186,0.125,93.1345,0.499031
ppo,0,9,197,126.192,181.463,87.6578,-1.66611,-3.18104,-9.00206,244.508,0.125,22.0962,0.499031
ppo,0,9,198,127.538,183.047,88.7408,-1.65995,-3.19359,-8.98818,246.837,0.125,287.396,0.499031
ppo,0,9,199,128.864,184.644,89.8522,-1.65321,-3.20144,-8.97429,249.173,0.125,72.7778,0.499031
ppo,0,9,200,130.216,186.253,90.9455,-1.6477,-3.20686,-8.96264,251.525,0.125,250.738,0.499031
ppo,0,9,201,131.559,187.857,92.07,-1.64112,-3.2137,-8.95007,253.881,0.125,131.419,0.499031
ppo,0,9,202,132.916,189.487,93.1756,-1.63317,-3.22011,-8.94085,256.256,0.125,156.261,0.499031
ppo,0,9,203,134.281,191.096,94.3086,-1.62397,-3.22601,-8.92893,258.629,0.125,268.684,0.499031
ppo,0,9,204,135.64,192.74,95.4398,-1.61625,-3.23526,-8.91841,261.029,0.125,275.947,0.499031
ppo,0,9,205,137.027,194.367,96.5823,-1.6073,-3.24473,-8.91007,263.436,0.125,443.215,0.499031
ppo,0,9,206,138.394,196.021,97.7405,-1.59924,-3.25636,-8.90076,265.861,0.125,161.783,0.499031
ppo,0,9,207,139.79,197.677,98.8846,-1.5901,-3.26588,-8.88791,268.293,0.125,136.494,0.499031
ppo,0,9,208,141.171,199.333,100.06,-1.58125,-3.27642,-8.87491,270.732,0.125,297.367,0.499031
ppo,0,9,209,142.572,201.009,101.213,-1.57239,-3.28641,-8.85997,273.186,0.125,316.688,0.499031
ppo,0,9,210,143.98,202.666,102.396,-1.56634,-3.29644,-8.84391,275.642,0.125,342.086,0.499031
ppo,0,9,211,145.382,204.358,103.566,-1.56107,-3.30617,-8.82598,278.116,0.125,344.306,0.499031
ppo,0,9,212,146.812,206.037,104.747,-1.55494,-3.31373,-8.80871,280.598,0.125,357.871,0.499031
ppo,0,9,213,148.222,207.735,105.948,-1.54719,-3.3214,-8.79062,283.091,0.125,126.448,0.499031
ppo,0,9,214,149.663,209.438,107.128,-1.54116,-3.32987,-8.77507,285.599,0.125,323.238,0.499031
ppo,0,9,215,151.098,211.137,108.344,-1.53271,-3.33644,-8.75871,288.11,0.125,158.883,0.499031
ppo,0,9,216,152.537,212.864,109.545,-1.52335,-3.34387,-8.7401,290.641,0.125,178.792,0.499031
ppo,0,9,217,154.004,214.574,110.761,-1.51411,-3.34725,-8.72212,293.175,0.125,170.835,0.499031
ppo,0,9,218,155.452,216.311,111.989,-1.50635,-3.34835,-8.70414,295.725,0.125,369.347,0.499031
ppo,0,9,219,156.932,218.055,113.203,-1.4959,-3.34827,-8.68776,298.289,0.125,177.691,0.499031
ppo,0,9,220,158.409,219.791,114.448,-1.48535,-3.34767,-8.6748,300.859,0.125,230.571,0.499031
ppo,0,9,221,159.886,221.557,115.679,-1.47324,-3.34644,-8.66121,303.445,0.125,361.679,0.499031
ppo,0,9,222,161.389,223.303,116.921,-1.46426,-3.34842,-8.65326,306.041,0.125,310.915,0.499031
ppo,0,9,223,162.874,225.069,118.181,-1.45388,-3.3497,-8.64723,308.649,0.125,196.439,0.499031
ppo,0,9,224,164.383,226.843,119.42,-1.44078,-3.35185,-8.6437,311.267,0.125,507.248,0.499031
ppo,0,9,225,165.897,228.604,120.69,-1.4283,-3.35471,-8.63932,313.893,0.125,315.666,0.499031
ppo,0,9,226,167.405,230.401,121.956,-1.41517,-3.35579,-8.63382,316.538,0.125,417.489,0.499031
ppo,0,9,227,168.946,232.181,123.225,-1.40335,-3.35605,-8.62929,319.189,0.125,417.531,0.499031
ppo,0,9,228,170.471,233.965,124.523,-1.39067,-3.35561,-8.62194,321.846,0.125,346.153,0.499031
ppo,0,9,229,172.01,235.773,125.805,-1.37822,-3.35519,-8.61592,324.522,0.125,380.107,0.499031
ppo,0,9,230,173.572,237.565,127.102,-1.36579,-3.35556,-8.6091,327.206,0.125,370.389,0.499031
ppo,0,9,231,175.113,239.381,128.415,-1.35084,-3.35517,-8.60078,329.899,0.125,429.297,0.499031
ppo,0,9,232,176.68,241.21,129.708,-1.33377,-3.35565,-8.59521,332.609,0.125,484.725,0.499031
ppo,0,9,233,178.255,243.025,131.031,-1.31644,-3.35877,-8.59183,335.329,0.125,306.661,0.499031
ppo,0,9,234,179.822,244.869,132.36,-1.29894,-3.3636,-8.58871,338.069,0.125,423.34,0.499031
ppo,0,9,235,181.421,246.709,133.677,-1.2803,-3.3702,-8.58608,340.82,0.125,449.276,0.499031
ppo,0,9,236,183.021,248.542,135.026,-1.26129,-3.37936,-8.58308,343.581,0.125,215.175,0.499031
ppo,0,9,237,184.616,250.409,136.371,-1.24442,-3.38856,-8.58099,346.365,0.125,266.849,0.499031
ppo,0,9,238,186.244,252.267,137.709,-1.2298,-3.39869,-8.57909,349.158,0.125,278.16,0.499031
ppo,0,9,239,187.864,254.124,139.081,-1.2128,-3.4091,-8.5788,351.961,0.125,305.999,0.499031
ppo,0,9,240,189.481,256.011,140.442,-1.19761,-3.4174,-8.5793,354.78,0.125,237.612,0.499031
ppo,0,9,241,191.133,257.888,141.803,-1.18135,-3.42403,-8.57962,357.608,0.125,472.303,0.499031
ppo,0,9,242,192.771,259.765,143.194,-1.16665,-3.43253,-8.57962,360.444,0.125,469.039,0.499031
ppo,0,9,243,194.409,261.674,144.574,-1.15175,-3.43807,-8.5765,363.295,0.125,566.732,0.499031
ppo,0,9,244,196.081,263.57,145.954,-1.13529,-3.44172,-8.57553,366.154,0.125,313.114,0.499031
ppo,0,9,245,197.746,265.466,147.368,-1.11986,-3.44202,-8.57705,369.023,0.125,638.906,0.499031
ppo,0,9,246,199.414,267.394,148.769,-1.106,-3.44228,-8.57839,371.912,0.125,522.965,0.499031
ppo,0,9,247,201.117,269.312,150.169,-1.0958,-3.44262,-8.57877,374.814,0.125,197.956,0.499031
ppo,0,9,248,202.815,271.224,151.599,-1.08529,-3.44188,-8.57728,377.721,0.125,137.834,0.499031
ppo,0,9,249,204.507,273.171,153.027,-1.07556,-3.4385,-8.57524,380.648,0.125,680.277,0.499031
ppo,0,9,250,206.231,275.116,154.443,-1.06777,-3.43542,-8.57067,383.585,0.125,499,0.499031
ppo,0,9,251,207.958,277.044,155.89,-1.06131,-3.4338,-8.56426,386.525,0.125,388.938,0.499031
ppo,0,9,252,209.669,279.001,157.344,-1.05287,-3.43393,-8.55988,389.484,0.125,573.511,0.499031
ppo,0,9,253,211.409,280.969,158.783,-1.04418,-3.43367,-8.55926,392.46,0.125,336.197,0.499031
ppo,0,9,254,213.163,282.921,160.247,-1.03423,-3.43579,-8.56073,395.445,0.125,313.276,0.499031
ppo,0,9,255,214.898,284.891,161.73,-1.02624,-3.43795,-8.56374,398.443,0.125,436.407,0.499031
ppo,0,9,256,216.644,286.886,163.198,-1.01914,-3.4399,-8.56642,401.459,0.125,270.937,0.499031
ppo,0,9,257,218.419,288.861,164.674,-1.0105,-3.44041,-8.56901,404.479,0.125,550.908,0.499031
ppo,0,9,258,220.182,290.84,166.182,-1.00359,-3.43811,-8.57415,407.507,0.125,488.62,0.499031
ppo,0,9,259,221.941,292.85,167.68,-0.996653,-3.43587,-8.57841,410.553,0.125,747.713,0.499031
ppo,0,9,260,223.737,294.857,169.166,-0.989925,-3.43836,-8.58539,413.615,0.125,206.066,0.499031
ppo,0,9,261,225.537,296.847,170.681,-0.985499,-3.44181,-8.591,416.683,0.125,392.324,0.499031
ppo,0,9,262,227.316,298.861,172.212,-0.983342,-3.44193,-8.5983,419.762,0.125,626.553,0.499031
ppo,0,9,263,229.107,300.9,173.721,-0.981369,-3.4447,-8.60418,422.858,0.125,740.64,0.499031
ppo,0,9,264,230.923,302.923,175.237,-0.981079,-3.45012,-8.61303,425.963,0.125,230.363,0.499031
ppo,0,9,265,232.731,304.945,176.786,-0.982387,-3.45776,-8.62144,429.08,0.125,483.196,0.499031
ppo,0,9,266,234.529,306.998,178.334,-0.987327,-3.46545,-8.63002,432.216,0.125,524.626,0.499031
ppo,0,9,267,236.354,309.058,179.867,-0.990794,-3.47216,-8.63717,435.364,0.125,435.936,0.499031
ppo,0,9,268,238.202,311.1,181.418,-0.994002,-3.4766,-8.64157,438.515,0.125,592.772,0.499031
ppo,0,9,269,240.036,313.15,183,-0.998155,-3.48183,-8.64548,441.68,0.125,366.163,0.499031
ppo,0,9,270,241.864,315.234,184.574,-1.00178,-3.48816,-8.65057,444.863,0.125,297.181,0.499031
ppo,0,9,271,243.728,317.319,186.133,-1.0046,-3.49539,-8.65232,448.059,0.125,524.001,0.499031
ppo,0,9,272,245.606,319.385,187.715,-1.00862,-3.49932,-8.65281,451.258,0.125,621.733,0.499031
ppo,0,9,273,247.467,321.463,189.325,-1.01488,-3.5042,-8.65543,454.47,0.125,869.991,0.499031
ppo,0,9,274,249.328,323.574,190.924,-1.02317,-3.50994,-8.65719,457.704,0.125,331.624,0.499031
ppo,0,9,275,251.22,325.687,192.51,-1.03015,-3.51341,-8.65772,460.946,0.125,743.854,0.499031
ppo,0,9,276,253.129,327.784,194.117,-1.03795,-3.51926,-8.657,464.198,0.125,403.193,0.499031
ppo,0,9,277,255.022,329.889,195.749,-1.04287,-3.52233,-8.65469,467.454,0.125,611.927,0.499031
ppo,0,9,278,256.909,332.03,197.374,-1.04816,-3.52703,-8.65017,470.729,0.125,147.721,0.499031
ppo,0,9,279,258.822,334.18,198.98,-1.05327,-3.53276,-8.64584,474.018,0.125,680.876,0.499031
ppo,0,9,280,260.76,336.308,200.603,-1.05909,-3.53827,-8.64115,477.313,0.125,535.522,0.499031
ppo,0,9,281,262.688,338.435,202.257,-1.06548,-3.54664,-8.6384,480.618,0.125,458.414,0.499031
ppo,0,9,282,264.601,340.589,203.917,-1.07119,-3.55522,-8.63914,483.939,0.125,736.776,0.499031
ppo,0,9,283,266.531,342.767,205.556,-1.07689,-3.56385,-8.63983,487.277,0.125,584.669,0.499031
ppo,0,9,284,268.49,344.93,207.195,-1.08299,-3.57291,-8.64249,490.622,0.125,364.241,0.499031
ppo,0,9,285,270.457,347.077,208.865,-1.08585,-3.58239,-8.6437,493.971,0.125,500.368,0.499031
ppo,0,9,286,272.403,349.241,210.556,-1.08373,-3.58836,-8.64248,497.324,0.125,372.479,0.499031
ppo,0,9,287,274.345,351.44,212.238,-1.07979,-3.59025,-8.64038,500.692,0.125,512.786,0.499031
ppo,0,9,288,276.315,353.646,213.903,-1.07313,-3.59488,-8.63667,504.072,0.125,770.105,0.499031
ppo,0,9,289,278.314,355.831,215.575,-1.06744,-3.60239,-8.63449,507.461,0.125,508.574,0.499031
ppo,0,9,290,280.307,358.009,217.281,-1.0633,-3.61194,-8.62911,510.857,0.125,353.41,0.499031
ppo,0,9,291,282.284,360.21,219.007,-1.0618,-3.62415,-8.62649,514.273,0.125,291.171,0.499031
ppo,0,9,292,284.261,362.44,220.719,-1.05923,-3.6324,-8.62497,517.701,0.125,190.689,0.499031
ppo,0,9,293,286.265,364.677,222.417,-1.05242,-3.64006,-8.62077,521.14,0.125,730.939,0.499031
ppo,0,9,294,288.295,366.896,224.126,-1.04254,-3.64781,-8.61709,524.584,0.125,584.369,0.499031
ppo,0,9,295,290.328,369.104,225.866,-1.03306,-3.65393,-8.61497,528.035,0.125,190.525,0.499031
ppo,0,9,296,292.341,371.329,227.63,-1.02283,-3.65842,-8.61328,531.497,0.125,555.069,0.499031
ppo,0,9,297,294.352,373.588,229.386,-1.01373,-3.66281,-8.61364,534.98,0.125,895.974,0.499031
ppo,0,9,298,296.38,375.859,231.12,-1.00404,-3.66569,-8.61693,538.47,0.125,667.81,0.499031
ppo,0,9,299,298.439,378.118,232.852,-0.996761,-3.67026,-8.62189,541.972,0.125,947.19,0.499031
ppo,0,10,0,0,0,0,4.74816,5.2049,4.52075,8.37097,0.125,0.780649,0.258815
ppo,0,10,1,0.0188067,0.0183008,-0.0191353,4.73737,5.18901,4.48114,8.32187,0.125,0.573902,0.258815
ppo,0,10,2,0.0555642,0.0562556,-0.059637,4.72426,5.17155,4.44152,8.25974,0.125,1.00425,0.258815
ppo,0,10,3,0.113765,0.11327,-0.118781,4.71252,5.15157,4.40373,8.18451,0.125,1.09372,0.258815
ppo,0,10,4,0.190633,0.194632,-0.196876,4.70384,5.13204,4.36753,8.0982,0.125,1.51337,0.258815
ppo,0,10,5,0.284805,0.300752,-0.291515,4.69516,5.10981,4.33243,7.99744,0.125,0.7759,0.258815
ppo,0,10,6,0.39121,0.433555,-0.404487,4.69012,5.08611,4.30208,7.89169,0.125,0.705341,0.258815
ppo,0,10,7,0.50721,0.597382,-0.536248,4.68941,5.06127,4.26742,7.77768,0.125,0.259458,0.258815
ppo,0,10,8,0.632059,0.790808,-0.683899,4.68911,5.0371,4.23353,7.65975,0.125,0.756355,0.258815
ppo,0,10,9,0.758835,1.01713,-0.846862,4.68757,5.01212,4.19871,7.54007,0.125,0.356525,0.258815
ppo,0,10,10,0.885508,1.27585,-1.02497,4.68755,4.99222,4.15923,7.42583,0.125,0.531145,0.258815
ppo,0,10,11,1.00986,1.56813,-1.2098,4.68946,4.97322,4.11887,7.31634,0.125,0.691921,0.258815
ppo,0,10,12,1.12228,1.8957,-1.39876,4.68994,4.95485,4.07906,7.21755,0.125,0.593893,0.258815
ppo,0,10,13,1.21951,2.25605,-1.58747,4.69044,4.93867,4.03804,7.13374,0.125,0.479123,0.258815
ppo,0,10,14,1.29649,2.64463,-1.76907,4.69305,4.92548,3.99383,7.06753,0.125,0.420589,0.258815
ppo,0,10,15,1.35399,3.05988,-1.94014,4.69611,4.91109,3.95052,7.02115,0.125,0.12831,0.258815
ppo,0,10,16,1.39254,3.49319,-2.08995,4.69559,4.89875,3.90588,6.98825,0.125,0.536115,0.258815
ppo,0,10,17,1.4133,3.93876,-2.21456,4.70171,4.88594,3.86255,6.97439,0.125,0.838919,0.258815
ppo,0,10,18,1.41561,4.3876,-2.31024,4.71014,4.87443,3.8223,6.97847,0.125,0.266403,0.258815
ppo,0,10,19,1.40577,4.83464,-2.37572,4.71682,4.86088,3.78357,6.99289,0.125,0.141233,0.258815
ppo,0,10,20,1.38988,5.2728,-2.40878,4.72428,4.84977,3.74673,7.01338,0.125,0.514297,0.258815
ppo,0,10,21,1.37782,5.69475,-2.41035,4.73406,4.83815,3.71054,7.03302,0.125,0.117997,0.258815
ppo,0,10,22,1.37925,6.09706,-2.38806,4.74422,4.82778,3.67538,7.04977,0.125,0.306844,0.258815
ppo,0,10,23,1.40722,6.47912,-2.35341,4.75369,4.81713,3.64068,7.0633,0.125,0.750188,0.258815
ppo,0,10,24,1.46909,6.8427,-2.31652,4.76086,4.80647,3.60925,7.0779,0.125,0.448623,0.258815
ppo,0,10,25,1.56553,7.20098,-2.28309,4.76699,4.79338,3.5774,7.09868,0.125,0.319955,0.258815
ppo,0,10,26,1.69522,7.56467,-2.26317,4.77246,4.7816,3.54563,7.13842,0.125,0.744251,0.258815
ppo,0,10,27,1.849,7.94506,-2.26253,4.77993,4.76735,3.51519,7.21597,0.125,0.477368,0.258815
ppo,0,10,28,2.01701,8.35169,-2.278,4.7891,4.75208,3.48833,7.34113,0.125,0.503022,0.258815
ppo,0,10,29,2.18737,8.79203,-2.30302,4.79846,4.73658,3.46105,7.51591,0.125,0.633722,0.258815
ppo,0,10,30,2.34511,9.26432,-2.32769,4.80442,4.72212,3.43324,7.73745,0.125,1.10908,0.258815
ppo,0,10,31,2.48443,9.76417,-2.3402,4.81029,4.71224,3.40773,7.99814,0.125,0.173455,0.258815
ppo,0,10,32,2.59943,10.2771,-2.32783,4.81536,4.69861,3.38577,8.28704,0.125,1.57506,0.258815
ppo,0,10,33,2.69909,10.7874,-2.28389,4.8196,4.68643,3.36603,8.5814,0.125,0.914982,0.258815
ppo,0,10,34,2.7979,11.2811,-2.20482,4.82386,4.67481,3.34649,8.86366,0.125,0.633281,0.258815
ppo,0,10,35,2.91138,11.7528,-2.1032,4.83095,4.66291,3.32657,9.13424,0.125,0.590209,0.258815
ppo,0,10,36,3.05132,12.2094,-1.99994,4.83781,4.65008,3.30609,9.40683,0.125,0.842167,0.258815
ppo,0,10,37,3.22511,12.663,-1.90584,4.85048,4.64029,3.28475,9.69268,0.125,0.820119,0.258815
ppo,0,10,38,3.42706,13.1288,-1.83129,4.85977,4.63134,3.26149,10.0098,0.125,1.38965,0.258815
ppo,0,10,39,3.6427,13.6205,-1.77057,4.8675,4.62002,3.24158,10.3745,0.125,0.589307,0.258815
ppo,0,10,40,3.85414,14.1472,-1.71776,4.87453,4.60722,3.22107,10.7909,0.125,0.954991,0.258815
ppo,0,10,41,4.04655,14.7029,-1.65617,4.87877,4.59354,3.20425,11.2479,0.125,0.862882,0.258815
ppo,0,10,42,4.21964,15.27,-1.56793,4.88841,4.58209,3.18718,11.717,0.125,2.1249,0.258815
ppo,0,10,43,4.38372,15.829,-1.44689,4.89634,4.57039,3.17243,12.1802,0.125,0.994895,0.258815
ppo,0,10,44,4.55948,16.3683,-1.29919,4.904,4.55718,3.15868,12.6291,0.125,1.86588,0.258815
ppo,0,10,45,4.76267,16.8893,-1.13907,4.91142,4.54897,3.14705,13.0644,0.125,0.991361,0.258815
ppo,0,10,46,4.99721,17.4024,-0.990538,4.92076,4.54166,3.13286,13.5058,0.125,1.79871,0.258815
ppo,0,10,47,5.25534,17.9343,-0.860161,4.92929,4.533,3.11895,13.9833,0.125,1.50242,0.258815
ppo,0,10,48,5.51474,18.5024,-0.741193,4.93819,4.52502,3.10037,14.5071,0.125,0.730101,0.258815
ppo,0,10,49,5.76117,19.0976,-0.614556,4.94456,4.51746,3.0834,15.0639,0.125,1.55637,0.258815
ppo,0,10,50,5.98958,19.7037,-0.460906,4.95302,4.51183,3.06693,15.6305,0.125,2.80857,0.258815
ppo,0,10,51,6.21138,20.3002,-0.272873,4.95736,4.50814,3.04983,16.1865,0.125,0.389554,0.258815
ppo,0,10,52,6.45009,20.8762,-0.0624328,4.9611,4.50408,3.03135,16.7283,0.125,1.45822,0.258815
ppo,0,10,53,6.72362,21.4399,0.146271,4.96902,4.5012,3.01189,17.2687,0.125,1.99798,0.258815
ppo,0,10,54,7.02764,22.0167,0.336806,4.97615,4.4972,2.99319,17.8381,0.125,2.14897,0.258815
ppo,0,10,55,7.33866,22.6271,0.512729,4.98214,4.4944,2.97377,18.45,0.125,1.05259,0.258815
ppo,0,10,56,7.63808,23.2687,0.695021,4.986,4.48924,2.9558,19.1,0.125,1.88079,0.258815
ppo,0,10,57,7.91381,23.9207,0.905916,4.99089,4.48313,2.94101,19.7612,0.125,2.30147,0.258815
ppo,0,10,58,8.19219,24.5569,1.14778,4.99771,4.47731,2.92547,20.4096,0.125,4.75344,0.258815
ppo,0,10,59,8.49668,25.1725,1.40057,5.00381,4.46836,2.90632,21.0506,0.125,3.60707,0.258815
ppo,0,10,60,8.83381,25.7843,1.64248,5.00652,4.45879,2.88918,21.702,0.125,2.52967,0.258815
ppo,0,10,61,9.18482,26.4216,1.86741,5.00547,4.45039,2.87263,22.3877,0.125,4.8339,0.258815
ppo,0,10,62,9.52021,27.092,2.09628,5.00481,4.44336,2.85715,23.1069,0.125,1.22178,0.258815
ppo,0,10,63,9.83309,27.7776,2.35368,5.0075,4.43715,2.84183,23.8391,0.125,5.07313,0.258815
ppo,0,10,64,10.1442,28.4481,2.64011,5.01142,4.43105,2.82964,24.5601,0.125,3.04637,0.258815
ppo,0,10,65,10.4848,29.1012,2.9357,5.01274,4.42632,2.82026,25.2747,0.125,4.04689,0.258815
ppo,0,10,66,10.8568,29.7602,3.21736,5.01375,4.42111,2.81044,26.0073,0.125,5.20123,0.258815
ppo,0,10,67,11.2372,30.4531,3.48384,5.01603,4.41714,2.79953,26.7776,0.125,4.49293,0.258815
ppo,0,10,68,11.5937,31.1725,3.75968,5.01684,4.41428,2.79172,27.5717,0.125,2.1361,0.258815
ppo,0,10,69,11.9378,31.8875,4.06681,5.01501,4.40892,2.7859,28.3662,0.125,6.03969,0.258815
ppo,0,10,70,12.3002,32.579,4.39299,5.01325,4.40531,2.77877,29.1455,0.125,3.10792,0.258815
ppo,0,10,71,12.6966,33.262,4.71261,5.00866,4.39907,2.77178,29.9323,0.125,6.57856,0.258815
ppo,0,10,72,13.1072,33.9679,5.01274,5.00668,4.39303,2.76463,30.7465,0.125,1.72264,0.258815
ppo,0,10,73,13.5013,34.7035,5.32209,5.00721,4.39147,2.75749,31.584,0.125,4.06538,0.258815
ppo,0,10,74,13.8801,35.4396,5.65937,5.00761,4.3914,2.74895,32.422,0.125,5.45064,0.258815
ppo,0,10,75,14.271,36.1535,6.0191,5.00905,4.39102,2.73923,33.2475,0.125,7.21516,0.258815
ppo,0,10,76,14.6924,36.8603,6.37137,5.01394,4.39081,2.73279,34.0761,0.125,2.57325,0.258815
ppo,0,10,77,15.128,37.5923,6.70726,5.01976,4.39272,2.72767,34.9317,0.125,8.15992,0.258815
ppo,0,10,78,15.5433,38.3501,7.05447,5.02259,4.39506,2.72322,35.8104,0.125,2.99981,0.258815
ppo,0,10,79,15.9483,39.1007,7.43607,5.02504,4.39425,2.72035,36.6891,0.125,4.28845,0.258815
ppo,0,10,80,16.3763,39.8277,7.83223,5.02943,4.39481,2.71684,37.5554,0.125,8.7708,0.258815
ppo,0,10,81,16.8363,40.5616,8.2142,5.03097,4.39597,2.71354,38.4392,0.125,6.44865,0.258815
ppo,0,10,82,17.2965,41.327,8.58322,5.03349,4.39984,2.71067,39.3508,0.125,10.314,0.258815
ppo,0,10,83,17.7317,42.1046,8.97513,5.03578,4.40402,2.70207,40.2725,0.125,9.77473,0.258815
ppo,0,10,84,18.1737,42.8629,9.39489,5.03844,4.40852,2.69367,41.1848,0.125,5.69036,0.258815
ppo,0,10,85,18.65,43.6106,9.80781,5.04106,4.4116,2.68519,42.101,0.125,14.0721,0.258815
ppo,0,10,86,19.1385,44.3881,10.2038,5.04506,4.41063,2.67954,43.0516,0.125,12.6165,0.258815
ppo,0,10,87,19.6087,45.1887,10.6156,5.05032,4.40912,2.67443,44.0225,0.125,8.01724,0.258815
ppo,0,10,88,20.0748,45.975,11.0606,5.05246,4.40526,2.6699,44.9902,0.125,8.56364,0.258815
ppo,0,10,89,20.5754,46.7479,11.5106,5.05426,4.40226,2.66262,45.9603,0.125,7.77159,0.258815
ppo,0,10,90,21.0918,47.5439,11.9441,5.05626,4.39934,2.65547,46.9561,0.125,3.96377,0.258815
ppo,0,10,91,21.5898,48.3654,12.3868,5.05441,4.39296,2.64627,47.9779,0.125,9.24513,0.258815
ppo,0,10,92,22.0792,49.1716,12.8629,5.05375,4.38952,2.63826,48.9882,0.125,13.4639,0.258815
ppo,0,10,93,22.6013,49.9651,13.3426,5.05058,4.38476,2.63149,50.0033,0.125,8.36339,0.258815
ppo,0,10,94,23.1368,50.7862,13.8024,5.04767,4.37831,2.62838,51.0467,0.125,10.5936,0.258815
ppo,0,10,95,23.651,51.6315,14.2753,5.04432,4.37347,2.62022,52.1092,0.125,10.51,0.258815
ppo,0,10,96,24.1646,52.463,14.78,5.03909,4.36533,2.61082,53.172,0.125,10.3327,0.258815
ppo,0,10,97,24.7101,53.2905,15.281,5.03463,4.35773,2.60353,54.2426,0.125,22.6337,0.258815
ppo,0,10,98,25.2634,54.1456,15.7688,5.03043,4.34732,2.59585,55.3422,0.125,22.1296,0.258815
ppo,0,10,99,25.793,55.0163,16.2779,5.02616,4.3407,2.58713,56.451,0.125,5.09945,0.258815
ppo,0,10,100,26.333,55.8674,16.8127,5.02191,4.33802,2.58138,57.5497,0.125,13.9013,0.258815
ppo,0,10,101,26.9035,56.721,17.3358,5.01331,4.3363,2.57773,58.6613,0.125,6.83036,0.258815
ppo,0,10,102,27.4656,57.6086,17.8601,5.0041,4.33502,2.57451,59.8016,0.125,12.2626,0.258815
ppo,0,10,103,28.0122,58.4933,18.4168,4.99565,4.33488,2.57346,60.9419,0.125,3.55584,0.258815
ppo,0,10,104,28.5868,59.3634,18.9845,4.9899,4.33274,2.57226,62.085,0.125,16.4374,0.258815
ppo,0,10,105,29.184,60.2558,19.5366,4.98636,4.32883,2.57008,63.2551,0.125,28.6247,0.258815
ppo,0,10,106,29.7603,61.1668,20.1067,4.98419,4.3242,2.57033,64.4396,0.125,10.9985,0.258815
ppo,0,10,107,30.3434,62.0583,20.7029,4.98027,4.3152,2.57183,65.6224,0.125,20.4165,0.258815
ppo,0,10,108,30.9581,62.9537,21.2895,4.97335,4.30829,2.57098,66.8197,0.125,14.5166,0.258815
ppo,0,10,109,31.5608,63.8811,21.8745,4.96773,4.30212,2.56957,68.0406,0.125,26.3075,0.258815
ppo,0,10,110,32.1538,64.7994,22.4896,4.96267,4.29747,2.56611,69.2588,0.125,29.548,0.258815
ppo,0,10,111,32.7788,65.7068,23.104,4.96234,4.2949,2.56228,70.478,0.125,28.5876,0.258815
ppo,0,10,112,33.408,66.6482,23.7022,4.96316,4.29231,2.55999,71.7241,0.125,39.1358,0.258815
ppo,0,10,113,34.0173,67.5947,24.3298,4.9632,4.28962,2.55688,72.9776,0.125,12.1659,0.258815
ppo,0,10,114,34.6553,68.5228,24.9669,4.96339,4.28785,2.55567,74.2294,0.125,41.691,0.258815
ppo,0,10,115,35.3105,69.4779,25.5872,4.96473,4.28857,2.55746,75.5042,0.125,8.24406,0.258815
ppo,0,10,116,35.9465,70.4496,26.2325,4.96919,4.2887,2.55725,76.7944,0.125,19.8961,0.258815
ppo,0,10,117,36.6022,71.3991,26.8969,4.97587,4.29024,2.55938,78.0778,0.125,25.4091,0.258815
ppo,0,10,118,37.2815,72.3664,27.5433,4.9818,4.29461,2.5636,79.379,0.125,11.0584,0.258815
ppo,0,10,119,37.9403,73.356,28.211,4.98751,4.30032,2.56549,80.6986,0.125,11.5218,0.258815
ppo,0,10,120,38.6121,74.3263,28.9018,4.9972,4.30738,2.56474,82.0138,0.125,23.4243,0.258815
ppo,0,10,121,39.3053,75.311,29.5752,5.00797,4.31284,2.56529,83.3462,0.125,32.8805,0.258815
ppo,0,10,122,39.9815,76.3171,30.2627,5.01416,4.32054,2.56104,84.6971,0.125,16.7201,0.258815
ppo,0,10,123,40.6743,77.3009,30.9723,5.01856,4.32536,2.55695,86.0476,0.125,4.77048,0.258815
ppo,0,10,124,41.3879,78.3039,31.6663,5.02511,4.32648,2.55536,87.4205,0.125,35.1334,0.258815
ppo,0,10,125,42.0839,79.3266,32.379,5.03436,4.32951,2.5571,88.8064,0.125,49.0402,0.258815
ppo,0,10,126,42.8005,80.3295,33.1102,5.04359,4.33227,2.55696,90.1923,0.125,34.1407,0.258815
ppo,0,10,127,43.5368,81.3535,33.8225,5.05608,4.33197,2.5624,91.5985,0.125,52.9321,0.258815
ppo,0,10,128,44.2545,82.3909,34.5589,5.06643,4.33092,2.57114,93.0177,0.125,5.1871,0.258815
ppo,0,10,129,44.9988,83.4094,35.3047,5.07616,4.3266,2.57938,94.4397,0.125,17.513,0.258815
ppo,0,10,130,45.752,84.4598,36.0374,5.08343,4.31929,2.58507,95.8931,0.125,49.6075,0.258815
ppo,0,10,131,46.489,85.5099,36.7997,5.09046,4.30924,2.58898,97.3538,0.125,20.3812,0.258815
ppo,0,10,132,47.2606,86.5471,37.5589,5.09716,4.29621,2.58894,98.8224,0.125,40.9874,0.258815
ppo,0,10,133,48.0233,87.6152,38.312,5.10334,4.28474,2.5903,100.31,0.125,56.9822,0.258815
ppo,0,10,134,48.7844,88.6709,39.0963,5.11008,4.27262,2.5898,101.8,0.125,38.1386,0.258815
ppo,0,10,135,49.5777,89.7343,39.8659,5.11402,4.26083,2.59057,103.306,0.125,67.5656,0.258815
ppo,0,10,136,50.3509,90.8238,40.6472,5.11685,4.2536,2.59159,104.827,0.125,48.7753,0.258815
ppo,0,10,137,51.1412,91.892,41.4534,5.12054,4.24526,2.59302,106.348,0.125,65.1302,0.258815
ppo,0,10,138,51.9483,92.9835,42.241,5.12634,4.2402,2.59616,107.886,0.125,17.2664,0.258815
ppo,0,10,139,52.7378,94.0797,43.0581,5.13095,4.23471,2.59682,109.433,0.125,61.6542,0.258815
ppo,0,10,140,53.5611,95.1634,43.8721,5.13331,4.23047,2.59867,110.984,0.125,49.2763,0.258815
ppo,0,10,141,54.3708,96.2793,44.6818,5.13239,4.22682,2.59957,112.557,0.125,34.2586,0.258815
ppo,0,10,142,55.1865,97.3774,45.522,5.13196,4.22671,2.59903,114.127,0.125,32.3739,0.258815
ppo,0,10,143,56.0266,98.4928,46.3461,5.13091,4.22598,2.59795,115.717,0.125,19.0283,0.258815
ppo,0,10,144,56.8504,99.6205,47.1945,5.13153,4.22128,2.5968,117.323,0.125,70.912,0.258815
ppo,0,10,145,57.7033,100.733,48.0499,5.13206,4.21589,2.59721,118.934,0.125,34.7064,0.258815
ppo,0,10,146,58.5504,101.879,48.9016,5.13266,4.21328,2.59802,120.566,0.125,60.6129,0.258815
ppo,0,10,147,59.3994,103.006,49.7854,5.13184,4.21016,2.59856,122.197,0.125,82.4143,0.258815
ppo,0,10,148,60.2719,104.154,50.6548,5.1337,4.20817,2.59941,123.849,0.125,89.4323,0.258815
ppo,0,10,149,61.1241,105.312,51.5497,5.13493,4.20723,2.59909,125.511,0.125,74.6036,0.258815
ppo,0,10,150,62.005,106.458,52.4436,5.13756,4.20394,2.5975,127.179,0.125,31.0135,0.258815
ppo,0,10,151,62.8739,107.633,53.3397,5.14201,4.20381,2.59565,128.862,0.125,50.2298,0.258815
ppo,0,10,152,63.7598,108.792,54.2605,5.14525,4.20266,2.59297,130.553,0.125,69.0272,0.258815
ppo,0,10,153,64.6599,109.977,55.1661,5.14907,4.19959,2.59292,132.266,0.125,73.6898,0.258815
ppo,0,10,154,65.5497,111.155,56.1038,5.15591,4.19624,2.59353,133.981,0.125,92.5697,0.258815
ppo,0,10,155,66.4707,112.336,57.0274,5.16283,4.19392,2.59755,135.706,0.125,53.9796,0.258815
ppo,0,10,156,67.3708,113.537,57.9757,5.17075,4.19229,2.60205,137.446,0.125,25.3393,0.258815
ppo,0,10,157,68.3027,114.727,58.9286,5.17559,4.18801,2.60671,139.198,0.125,57.295,0.258815
ppo,0,10,158,69.224,115.949,59.8796,5.18184,4.18316,2.61047,140.97,0.125,183.882,0.258815
ppo,0,10,159,70.1645,117.15,60.8515,5.18819,4.17691,2.61548,142.746,0.125,62.8565,0.258815
ppo,0,10,160,71.1133,118.382,61.8068,5.19555,4.17216,2.62349,144.54,0.125,70.0143,0.258815
ppo,0,10,161,72.0566,119.603,62.7985,5.20289,4.16646,2.62825,146.34,0.125,102.244,0.258815
ppo,0,10,162,73.025,120.84,63.7691,5.21007,4.16239,2.63165,148.156,0.125,99.7641,0.258815
ppo,0,10,163,73.9744,122.083,64.7687,5.21746,4.15827,2.63839,149.98,0.125,127.175,0.258815
ppo,0,10,164,74.9584,123.323,65.7584,5.2265,4.15387,2.64305,151.814,0.125,114.041,0.258815
ppo,0,10,165,75.9209,124.585,66.7693,5.23596,4.14954,2.64524,153.665,0.125,31.0917,0.258815
ppo,0,10,166,76.9193,125.836,67.7808,5.2461,4.14744,2.6522,155.521,0.125,154.647,0.258815
ppo,0,10,167,77.9036,127.119,68.7991,5.25638,4.14721,2.65792,157.398,0.125,24.8129,0.258815
ppo,0,10,168,78.9137,128.384,69.8313,5.26622,4.14409,2.66151,159.283,0.125,56.8869,0.258815
ppo,0,10,169,79.9134,129.682,70.8577,5.27649,4.14182,2.66659,161.186,0.125,63.2208,0.258815
ppo,0,10,170,80.929,130.962,71.9107,5.28449,4.1392,2.67366,163.094,0.125,62.668,0.258815
ppo,0,10,171,81.9499,132.275,72.9519,5.29267,4.13754,2.68139,165.026,0.125,39.2268,0.258815
ppo,0,10,172,82.9769,133.57,74.0229,5.29844,4.13947,2.69103,166.957,0.125,98.0609,0.258815
ppo,0,10,173,84.0168,134.892,75.0766,5.30092,4.14209,2.70155,168.908,0.125,50.1443,0.258815
ppo,0,10,174,85.0569,136.199,76.1618,5.30304,4.14594,2.71244,170.861,0.125,86.4178,0.258815
ppo,0,10,175,86.1156,137.531,77.2268,5.30595,4.14855,2.71925,172.836,0.125,221.471,0.258815
ppo,0,10,176,87.1675,138.853,78.3235,5.30662,4.14935,2.72542,174.818,0.125,69.0112,0.258815
ppo,0,10,177,88.2456,140.196,79.4026,5.30578,4.14884,2.73287,176.822,0.125,155.73,0.258815
ppo,0,10,178,89.3136,141.531,80.5178,5.30473,4.1489,2.73882,178.832,0.125,77.3569,0.258815
ppo,0,10,179,90.406,142.881,81.6165,5.30524,4.14887,2.74559,180.857,0.125,165.209,0.258815
ppo,0,10,180,91.4833,144.23,82.7464,5.30824,4.14906,2.75101,182.888,0.125,131.159,0.258815
ppo,0,10,181,92.5835,145.593,83.8558,5.31122,4.14774,2.75482,184.934,0.125,95.0548,0.258815
ppo,0,10,182,93.6674,146.951,84.9973,5.31117,4.14485,2.75978,186.985,0.125,183.477,0.258815
ppo,0,10,183,94.7769,148.327,86.1217,5.31012,4.13968,2.76551,189.057,0.125,98.9295,0.258815
ppo,0,10,184,95.8744,149.697,87.2793,5.3118,4.13543,2.77062,191.132,0.125,135.178,0.258815
ppo,0,10,185,96.9946,151.087,88.4194,5.31407,4.13125,2.77379,193.227,0.125,106.413,0.258815
ppo,0,10,186,98.105,152.471,89.5908,5.31852,4.12814,2.77811,195.324,0.125,217.591,0.258815
ppo,0,10,187,99.2351,153.877,90.7399,5.32011,4.12999,2.78316,197.435,0.125,139.003,0.258815
ppo,0,10,188,100.359,155.271,91.9227,5.31865,4.13162,2.78588,199.552,0.125,185.475,0.258815
ppo,0,10,189,101.492,156.69,93.0917,5.31702,4.13524,2.78925,201.686,0.125,57.9444,0.258815
ppo,0,10,190,102.625,158.093,94.2903,5.31624,4.14035,2.79444,203.819,0.125,64.461,0.258815
ppo,0,10,191,103.762,159.532,95.4774,5.31347,4.14363,2.80278,205.976,0.125,145.672,0.258815
ppo,0,10,192,104.91,160.951,96.6917,5.30988,4.14648,2.80875,208.139,0.125,141.621,0.258815
ppo,0,10,193,106.054,162.404,97.9015,5.30497,4.14847,2.81433,210.325,0.125,192.795,0.258815
ppo,0,10,194,107.22,163.837,99.1255,5.29737,4.15223,2.82067,212.514,0.125,141.035,0.258815
ppo,0,10,195,108.369,165.304,100.355,5.28787,4.15683,2.8229,214.725,0.125,285.324,0.258815
ppo,0,10,196,109.552,166.758,101.589,5.28038,4.16109,2.8263,216.943,0.125,218.331,0.258815
ppo,0,10,197,110.713,168.231,102.84,5.27005,4.16807,2.83342,219.172,0.125,49.4574,0.258815
ppo,0,10,198,111.906,169.703,104.082,5.25837,4.17442,2.8413,221.412,0.125,128.099,0.258815
ppo,0,10,199,113.082,171.179,105.35,5.24788,4.18477,2.84949,223.655,0.125,60.8269,0.258815
ppo,0,10,200,114.288,172.672,106.599,5.23704,4.19613,2.85479,225.918,0.125,105.455,0.258815
ppo,0,10,201,115.487,174.156,107.882,5.23005,4.20657,2.85804,228.187,0.125,303.389,0.258815
ppo,0,10,202,116.695,175.667,109.148,5.22011,4.21618,2.86308,230.475,0.125,52.936,0.258815
ppo,0,10,203,117.915,177.16,110.44,5.21442,4.22374,2.86701,232.767,0.125,153.507,0.258815
ppo,0,10,204,119.124,178.682,111.734,5.2075,4.23448,2.87047,235.074,0.125,301.034,0.258815
ppo,0,10,205,120.363,180.193,113.037,5.20388,4.24537,2.87969,237.39,0.125,262.733,0.258815
ppo,0,10,206,121.582,181.726,114.356,5.20212,4.25488,2.89047,239.718,0.125,212.698,0.258815
ppo,0,10,207,122.831,183.261,115.659,5.2003,4.26239,2.90319,242.057,0.125,132.311,0.258815
ppo,0,10,208,124.069,184.791,116.992,5.19855,4.26954,2.91386,244.401,0.125,243.92,0.258815
ppo,0,10,209,125.32,186.347,118.307,5.19843,4.27926,2.92859,246.759,0.125,206.963,0.258815
ppo,0,10,210,126.582,187.885,119.65,5.19927,4.28976,2.94154,249.122,0.125,115.33,0.258815
ppo,0,10,211,127.832,189.456,120.988,5.2016,4.30013,2.95302,251.502,0.125,47.3801,0.258815
ppo,0,10,212,129.116,191.012,122.327,5.20149,4.31105,2.96715,253.887,0.125,67.0778,0.258815
ppo,0,10,213,130.378,192.579,123.692,5.19953,4.32299,2.98097,256.283,0.125,98.6463,0.258815
ppo,0,10,214,131.667,194.16,125.038,5.19491,4.33281,2.99407,258.697,0.125,72.5852,0.258815
ppo,0,10,215,132.956,195.724,126.413,5.18894,4.34547,3.01104,261.109,0.125,141.526,0.258815
ppo,0,10,216,134.237,197.322,127.779,5.1859,4.35758,3.02681,263.538,0.125,305.961,0.258815
ppo,0,10,217,135.546,198.901,129.151,5.18179,4.36871,3.04387,265.971,0.125,139.19,0.258815
ppo,0,10,218,136.83,200.499,130.547,5.18112,4.3801,3.06358,268.414,0.125,310.755,0.258815
ppo,0,10,219,138.14,202.108,131.928,5.18038,4.39035,3.08224,270.872,0.125,258.437,0.258815
ppo,0,10,220,139.451,203.7,133.341,5.17868,4.39973,3.10373,273.334,0.125,273.709,0.258815
ppo,0,10,221,140.752,205.328,134.751,5.17892,4.40781,3.127,275.815,0.125,241.942,0.258815
ppo,0,10,222,142.084,206.941,136.165,5.17699,4.41617,3.1539,278.302,0.125,172.608,0.258815
ppo,0,10,223,143.396,208.563,137.606,5.17432,4.42369,3.18246,280.799,0.125,119.18,0.258815
ppo,0,10,224,144.725,210.206,139.031,5.17098,4.42991,3.21291,283.312,0.125,379.434,0.258815
ppo,0,10,225,146.067,211.829,140.481,5.16795,4.43805,3.24324,285.829,0.125,507.025,0.258815
ppo,0,10,226,147.39,213.479,141.936,5.16427,4.44382,3.27489,288.359,0.125,225.219,0.258815
ppo,0,10,227,148.749,215.129,143.383,5.16008,4.44918,3.30487,290.905,0.125,189.194,0.258815
ppo,0,10,228,150.1,216.77,144.859,5.15558,4.45173,3.33818,293.455,0.125,210.955,0.258815
ppo,0,10,229,151.449,218.44,146.324,5.15133,4.45511,3.36984,296.021,0.125,378.77,0.258815
ppo,0,10,230,152.83,220.095,147.795,5.14836,4.45872,3.40057,298.594,0.125,222.831,0.258815
ppo,0,10,231,154.191,221.753,149.299,5.14223,4.46454,3.43283,301.176,0.125,139.204,0.258815
ppo,0,10,232,155.564,223.437,150.788,5.13752,4.47211,3.46638,303.772,0.125,299.102,0.258815
ppo,0,10,233,156.958,225.102,152.293,5.12754,4.47757,3.49904,306.377,0.125,234.191,0.258815
ppo,0,10,234,158.33,226.785,153.818,5.11864,4.48192,3.53357,308.995,0.125,532.548,0.258815
ppo,0,10,235,159.728,228.489,155.327,5.11122,4.4805,3.56719,311.636,0.125,347.763,0.258815
ppo,0,10,236,161.137,230.169,156.864,5.10383,4.48264,3.59854,314.279,0.125,555.202,0.258815
ppo,0,10,237,162.529,231.873,158.411,5.09631,4.48605,3.62912,316.934,0.125,556.779,0.258815
ppo,0,10,238,163.949,233.589,159.941,5.08446,4.48904,3.66003,319.607,0.125,513.635,0.258815
ppo,0,10,239,165.377,235.286,161.503,5.0725,4.48839,3.69253,322.287,0.125,437.724,0.258815
ppo,0,10,240,166.786,237.011,163.071,5.06093,4.48673,3.72493,324.983,0.125,295.13,0.258815
ppo,0,10,241,168.227,238.743,164.621,5.04848,4.48445,3.7548,327.692,0.125,256.461,0.258815
ppo,0,10,242,169.671,240.461,166.199,5.03544,4.48108,3.78608,330.408,0.125,218.679,0.258815
ppo,0,10,243,171.099,242.211,167.784,5.02237,4.47563,3.8164,333.144,0.125,491.569,0.258815
ppo,0,10,244,172.552,243.97,169.353,5.01102,4.46931,3.84383,335.893,0.125,584.175,0.258815
ppo,0,10,245,174.013,245.709,170.952,4.99828,4.46175,3.86874,338.649,0.125,393.469,0.258815
ppo,0,10,246,175.456,247.474,172.563,4.98801,4.45427,3.89193,341.421,0.125,508.179,0.258815
ppo,0,10,247,176.925,249.258,174.158,4.97519,4.44873,3.9142,344.211,0.125,357.934,0.258815
ppo,0,10,248,178.406,251.022,175.777,4.95983,4.44143,3.93197,347.01,0.125,432.303,0.258815
ppo,0,10,249,179.863,252.807,177.417,4.94554,4.43322,3.95009,349.824,0.125,383.092,0.258815
ppo,0,10,250,181.342,254.613,179.039,4.92755,4.42517,3.96751,352.656,0.125,331.582,0.258815
ppo,0,10,251,182.847,256.403,180.675,4.91025,4.41681,3.98358,355.497,0.125,226.788,0.258815
ppo,0,10,252,184.332,258.199,182.339,4.89023,4.40732,4.00153,358.349,0.125,385.165,0.258815
ppo,0,10,253,185.827,260.026,183.99,4.86838,4.39804,4.01734,361.222,0.125,493.325,0.258815
ppo,0,10,254,187.359,261.842,185.638,4.84866,4.39108,4.03244,364.103,0.125,311.906,0.258815
ppo,0,10,255,188.887,263.647,187.319,4.83212,4.38532,4.04721,366.989,0.125,576.158,0.258815
ppo,0,10,256,190.399,265.486,189,4.8186,4.37843,4.06106,369.892,0.125,418.79,0.258815
ppo,0,10,257,191.941,267.334,190.667,4.80275,4.36967,4.07556,372.81,0.125,247.498,0.258815
ppo,0,10,258,193.495,269.163,192.357,4.78565,4.35944,4.09018,375.734,0.125,642.764,0.258815
ppo,0,10,259,195.027,271.007,194.066,4.7706,4.34861,4.10562,378.668,0.125,341.019,0.258815
ppo,0,10,260,196.571,272.882,195.758,4.75394,4.33699,4.11942,381.622,0.125,282.259,0.258815
ppo,0,10,261,198.144,274.741,197.455,4.73756,4.3255,4.13221,384.583,0.125,412.64,0.258815
ppo,0,10,262,199.705,276.596,199.186,4.71756,4.30981,4.14509,387.557,0.125,342.888,0.258815
ppo,0,10,263,201.251,278.483,200.922,4.69768,4.29504,4.1556,390.549,0.125,413.099,0.258815
ppo,0,10,264,202.829,280.38,202.641,4.68147,4.27882,4.16106,393.559,0.125,437.063,0.258815
ppo,0,10,265,204.426,282.259,204.377,4.66794,4.26299,4.16535,396.573,0.125,743.65,0.258815
ppo,0,10,266,206.003,284.146,206.143,4.65599,4.24785,4.16781,399.597,0.125,541.934,0.258815
ppo,0,10,267,207.577,286.065,207.904,4.64519,4.23569,4.16891,402.638,0.125,248.023,0.258815
ppo,0,10,268,209.185,287.992,209.652,4.63685,4.22412,4.17049,405.694,0.125,697.283,0.258815
ppo,0,10,269,210.807,289.898,211.425,4.63261,4.21358,4.17632,408.749,0.125,429.636,0.258815
ppo,0,10,270,212.408,291.815,213.221,4.6285,4.20791,4.18262,411.809,0.125,215.69,0.258815
ppo,0,10,271,214.013,293.762,215.011,4.62393,4.20279,4.18641,414.892,0.125,663.62,0.258815
ppo,0,10,272,215.649,295.709,216.788,4.62092,4.19858,4.18952,417.982,0.125,220.942,0.258815
ppo,0,10,273,217.295,297.636,218.595,4.61942,4.19633,4.1918,421.077,0.125,269.015,0.258815
ppo,0,10,274,218.918,299.575,220.426,4.618,4.19371,4.19269,424.183,0.125,228.908,0.258815
ppo,0,10,275,220.538,301.546,222.247,4.61513,4.19089,4.19439,427.305,0.125,813.387,0.258815
ppo,0,10,276,222.192,303.526,224.054,4.61541,4.18835,4.1957,430.442,0.125,395.075,0.258815
ppo,0,10,277,223.864,305.487,225.884,4.61536,4.18395,4.19398,433.589,0.125,315.53,0.258815
ppo,0,10,278,225.52,307.451,227.745,4.61839,4.17818,4.19373,436.746,0.125,808.258,0.258815
ppo,0,10,279,227.166,309.448,229.603,4.6186,4.17412,4.19651,439.917,0.125,504.37,0.258815
ppo,0,10,280,228.839,311.459,231.442,4.61819,4.16875,4.20003,443.104,0.125,797.403,0.258815
ppo,0,10,281,230.537,313.456,233.287,4.61893,4.16654,4.2069,446.292,0.125,468.808,0.258815
ppo,0,10,282,232.232,315.442,235.165,4.62051,4.16234,4.21444,449.489,0.125,279.39,0.258815
ppo,0,10,283,233.906,317.449,237.056,4.62153,4.1589,4.2221,452.697,0.125,628.608,0.258815
ppo,0,10,284,235.588,319.489,238.934,4.62057,4.15695,4.23195,455.922,0.125,744.294,0.258815
ppo,0,10,285,237.306,321.526,240.802,4.61828,4.15388,4.23987,459.162,0.125,642.111,0.258815
ppo,0,10,286,239.041,323.541,242.694,4.61365,4.15089,4.24564,462.411,0.125,481.949,0.258815
ppo,0,10,287,240.76,325.559,244.615,4.61093,4.14347,4.25081,465.671,0.125,807.227,0.258815
ppo,0,10,288,242.463,327.604,246.539,4.60779,4.13708,4.25358,468.944,0.125,362.659,0.258815
ppo,0,10,289,244.18,329.674,248.445,4.60302,4.13007,4.25494,472.234,0.125,385.246,0.258815
ppo,0,10,290,245.929,331.736,250.347,4.59698,4.12347,4.25873,475.531,0.125,812.655,0.258815
ppo,0,10,291,247.692,333.777,252.276,4.59179,4.11572,4.26326,478.837,0.125,201.637,0.258815
ppo,0,10,292,249.438,335.819,254.234,4.58473,4.11025,4.27067,482.147,0.125,662.835,0.258815
ppo,0,10,293,251.167,337.887,256.198,4.57743,4.10396,4.27963,485.469,0.125,741.955,0.258815
ppo,0,10,294,252.905,339.984,258.146,4.57058,4.09364,4.28817,488.811,0.125,743.423,0.258815
ppo,0,10,295,254.674,342.08,260.081,4.56322,4.08463,4.29599,492.161,0.125,842.436,0.258815
ppo,0,10,296,256.463,344.158,262.034,4.55474,4.07627,4.30121,495.519,0.125,451.42,0.258815
ppo,0,10,297,258.247,346.226,264.018,4.5455,4.06601,4.30654,498.887,0.125,670.588,0.258815
ppo,0,10,298,260.01,348.317,266.019,4.53861,4.05922,4.30967,502.266,0.125,952.615,0.258815
ppo,0,10,299,261.772,350.439,268.011,4.53314,4.05291,4.31493,505.659,0.125,438.398,0.258815
ppo,0,11,0,0,0,0,-4.33428,-2.9617,8.49431,9.98553,0.125,0.669466,0.395923
ppo,0,11,1,0.0209759,0.0202505,-0.0196424,-4.35183,-2.94337,8.51861,10.0402,0.125,1.44223,0.395923
ppo,0,11,2,0.062833,0.0598831,-0.0605296,-4.37191,-2.92241,8.54215,10.1275,0.125,0.402486,0.395923
ppo,0,11,3,0.122824,0.117833,-0.120451,-4.39067,-2.90561,8.56522,10.2447,0.125,1.32866,0.395923
ppo,0,11,4,0.200781,0.199701,-0.199586,-4.41072,-2.8884,8.58959,10.3948,0.125,0.526714,0.395923
ppo,0,11,5,0.294756,0.305486,-0.2996,-4.43189,-2.86868,8.61261,10.5756,0.125,1.33732,0.395923
ppo,0,11,6,0.400329,0.437609,-0.419335,-4.45049,-2.84946,8.64056,10.7897,0.125,1.35492,0.395923
ppo,0,11,7,0.51675,0.593717,-0.554263,-4.46554,-2.8314,8.66835,11.0277,0.125,0.999087,0.395923
ppo,0,11,8,0.639444,0.779438,-0.704948,-4.48217,-2.8114,8.69771,11.2931,0.125,1.21674,0.395923
ppo,0,11,9,0.765593,0.995953,-0.872006,-4.49722,-2.79321,8.72705,11.5843,0.125,1.04436,0.395923
ppo,0,11,10,0.895049,1.24494,-1.05065,-4.51291,-2.77691,8.75724,11.9003,0.125,1.9531,0.395923
ppo,0,11,11,1.02194,1.52957,-1.23856,-4.529,-2.76336,8.78846,12.2386,0.125,0.945057,0.395923
ppo,0,11,12,1.1391,1.84251,-1.42916,-4.54575,-2.75333,8.81894,12.5882,0.125,1.07129,0.395923
ppo,0,11,13,1.2418,2.18559,-1.62082,-4.563,-2.74332,8.8499,12.947,0.125,0.279871,0.395923
ppo,0,11,14,1.32839,2.55869,-1.805,-4.5795,-2.73399,8.88079,13.308,0.125,0.686952,0.395923
ppo,0,11,15,1.39764,2.95663,-1.97817,-4.59226,-2.72819,8.91381,13.6686,0.125,1.26689,0.395923
ppo,0,11,16,1.44204,3.38004,-2.1359,-4.60308,-2.72372,8.94382,14.02,0.125,0.869123,0.395923
ppo,0,11,17,1.46208,3.8159,-2.26767,-4.61359,-2.72581,8.97602,14.3572,0.125,2.14024,0.395923
ppo,0,11,18,1.46103,4.25895,-2.37126,-4.62338,-2.72906,9.00694,14.6736,0.125,2.02647,0.395923
ppo,0,11,19,1.44783,4.70358,-2.44282,-4.63251,-2.73512,9.03803,14.9705,0.125,1.77784,0.395923
ppo,0,11,20,1.42976,5.13915,-2.47914,-4.64138,-2.74073,9.06773,15.2408,0.125,1.38674,0.395923
ppo,0,11,21,1.41507,5.56251,-2.48298,-4.6462,-2.74447,9.09659,15.4865,0.125,1.62512,0.395923
ppo,0,11,22,1.4148,5.9676,-2.45944,-4.65067,-2.74759,9.13078,15.7187,0.125,0.950236,0.395923
ppo,0,11,23,1.43511,6.35084,-2.41763,-4.65441,-2.75026,9.16261,15.9378,0.125,1.99682,0.395923
ppo,0,11,24,1.48512,6.71898,-2.36771,-4.65959,-2.75383,9.19147,16.1588,0.125,1.63048,0.395923
ppo,0,11,25,1.56802,7.07561,-2.31697,-4.66019,-2.75985,9.2246,16.3931,0.125,2.62264,0.395923
ppo,0,11,26,1.68247,7.43297,-2.27798,-4.66237,-2.7683,9.25651,16.6544,0.125,2.74527,0.395923
ppo,0,11,27,1.82575,7.8025,-2.25667,-4.66254,-2.77678,9.28503,16.9479,0.125,2.50069,0.395923
ppo,0,11,28,1.98393,8.19695,-2.25348,-4.66394,-2.78691,9.31726,17.2836,0.125,2.4705,0.395923
ppo,0,11,29,2.14525,8.62459,-2.26257,-4.66679,-2.79706,9.3477,17.6538,0.125,1.18373,0.395923
ppo,0,11,30,2.29399,9.08316,-2.27782,-4.66767,-2.80633,9.37662,18.0458,0.125,2.33554,0.395923
ppo,0,11,31,2.42522,9.57058,-2.28595,-4.66658,-2.81562,9.4069,18.4509,0.125,1.93373,0.395923
ppo,0,11,32,2.53366,10.0783,-2.2732,-4.66848,-2.82397,9.43518,18.8527,0.125,1.26012,0.395923
ppo,0,11,33,2.62295,10.5885,-2.23118,-4.66842,-2.83001,9.46154,19.2339,0.125,2.9569,0.395923
ppo,0,11,34,2.71242,11.0889,-2.15797,-4.66678,-2.83648,9.48426,19.5937,0.125,1.64913,0.395923
ppo,0,11,35,2.8151,11.5695,-2.05914,-4.66439,-2.84183,9.50619,19.9345,0.125,2.55514,0.395923
ppo,0,11,36,2.94488,12.0277,-1.94983,-4.66385,-2.84845,9.52646,20.2706,0.125,1.80406,0.395923
ppo,0,11,37,3.10745,12.4791,-1.84197,-4.66238,-2.85646,9.54781,20.6222,0.125,1.60351,0.395923
ppo,0,11,38,3.29846,12.9384,-1.74912,-4.66038,-2.86312,9.57114,21.0042,0.125,2.83903,0.395923
ppo,0,11,39,3.50783,13.4254,-1.67412,-4.65853,-2.87004,9.59043,21.4271,0.125,3.11766,0.395923
ppo,0,11,40,3.71467,13.9439,-1.61005,-4.65806,-2.87684,9.60847,21.8837,0.125,2.03788,0.395923
ppo,0,11,41,3.90443,14.4922,-1.54323,-4.66379,-2.88523,9.62576,22.3637,0.125,3.78248,0.395923
ppo,0,11,42,4.07234,15.0549,-1.45485,-4.67109,-2.89261,9.64449,22.842,0.125,1.42323,0.395923
ppo,0,11,43,4.22675,15.616,-1.33262,-4.67583,-2.89897,9.66467,23.3024,0.125,1.9986,0.395923
ppo,0,11,44,4.38317,16.16,-1.18057,-4.67977,-2.9062,9.68403,23.7423,0.125,4.01282,0.395923
ppo,0,11,45,4.56365,16.6883,-1.01076,-4.6856,-2.9125,9.70413,24.1775,0.125,2.3822,0.395923
ppo,0,11,46,4.77925,17.2122,-0.844553,-4.69377,-2.92269,9.7222,24.6335,0.125,5.76071,0.395923
ppo,0,11,47,5.02287,17.7488,-0.695693,-4.69982,-2.93273,9.73779,25.122,0.125,5.1797,0.395923
ppo,0,11,48,5.27525,18.3183,-0.562656,-4.70064,-2.94473,9.74963,25.6511,0.125,2.81347,0.395923
ppo,0,11,49,5.51755,18.9213,-0.432331,-4.70251,-2.9564,9.75953,26.2098,0.125,1.06342,0.395923
ppo,0,11,50,5.73516,19.5462,-0.28386,-4.70107,-2.96627,9.7703,26.7734,0.125,1.99832,0.395923
ppo,0,11,51,5.93944,20.1658,-0.105308,-4.70125,-2.9772,9.77926,27.3226,0.125,5.01483,0.395923
ppo,0,11,52,6.15282,20.7663,0.104971,-4.70576,-2.98901,9.78849,27.8567,0.125,4.53991,0.395923
ppo,0,11,53,6.39781,21.35,0.320551,-4.71198,-2.99793,9.79736,28.3912,0.125,3.27833,0.395923
ppo,0,11,54,6.67652,21.9396,0.519594,-4.72028,-3.00443,9.80655,28.9541,0.125,3.63393,0.395923
ppo,0,11,55,6.96951,22.5613,0.703705,-4.72848,-3.00834,9.81361,29.5574,0.125,4.80596,0.395923
ppo,0,11,56,7.25101,23.2179,0.891761,-4.7365,-3.01243,9.82,30.1901,0.125,3.95028,0.395923
ppo,0,11,57,7.51229,23.8921,1.10472,-4.7467,-3.0152,9.82488,30.8274,0.125,6.16964,0.395923
ppo,0,11,58,7.76731,24.5567,1.34647,-4.75696,-3.01965,9.83049,31.453,0.125,6.13898,0.395923
ppo,0,11,59,8.04178,25.2006,1.60773,-4.76481,-3.02397,9.83481,32.0675,0.125,7.17725,0.395923
ppo,0,11,60,8.34856,25.8393,1.86242,-4.77511,-3.03094,9.83683,32.7004,0.125,3.35134,0.395923
ppo,0,11,61,8.6745,26.4996,2.10002,-4.78331,-3.03755,9.83722,33.3679,0.125,3.62599,0.395923
ppo,0,11,62,8.99442,27.1941,2.3288,-4.78914,-3.04456,9.83472,34.0691,0.125,10.6794,0.395923
ppo,0,11,63,9.29591,27.9081,2.57986,-4.79519,-3.05455,9.83123,34.7826,0.125,7.56742,0.395923
ppo,0,11,64,9.59098,28.6181,2.8649,-4.79996,-3.06217,9.82891,35.4858,0.125,3.81192,0.395923
ppo,0,11,65,9.90861,29.3114,3.17043,-4.80472,-3.07297,9.82511,36.1872,0.125,13.1294,0.395923
ppo,0,11,66,10.257,30.0013,3.46654,-4.8057,-3.08808,9.82018,36.9075,0.125,7.79053,0.395923
ppo,0,11,67,10.6191,30.7172,3.74575,-4.80376,-3.10675,9.81633,37.6667,0.125,7.31982,0.395923
ppo,0,11,68,10.9655,31.4641,4.02857,-4.79947,-3.12603,9.81506,38.4512,0.125,7.0433,0.395923
ppo,0,11,69,11.2922,32.2175,4.34279,-4.79259,-3.14856,9.81178,39.2351,0.125,6.96796,0.395923
ppo,0,11,70,11.6285,32.9511,4.68475,-4.78437,-3.16987,9.8075,40.0044,0.125,8.99554,0.395923
ppo,0,11,71,11.9982,33.6776,5.02603,-4.77638,-3.19113,9.8041,40.7862,0.125,16.8727,0.395923
ppo,0,11,72,12.391,34.4235,5.35217,-4.76593,-3.21108,9.80101,41.5994,0.125,8.01755,0.395923
ppo,0,11,73,12.7739,35.2025,5.6782,-4.75307,-3.23364,9.80083,42.4445,0.125,7.22259,0.395923
ppo,0,11,74,13.1375,35.9932,6.03,-4.74159,-3.2535,9.80256,43.292,0.125,11.0401,0.395923
ppo,0,11,75,13.5078,36.765,6.41091,-4.72899,-3.27523,9.80551,44.1285,0.125,10.733,0.395923
ppo,0,11,76,13.9114,37.5263,6.79741,-4.71539,-3.29802,9.80979,44.9739,0.125,11.4298,0.395923
ppo,0,11,77,14.3375,38.3074,7.16632,-4.69879,-3.31894,9.81078,45.8489,0.125,9.66402,0.395923
ppo,0,11,78,14.7527,39.1238,7.53137,-4.68533,-3.33828,9.81073,46.7553,0.125,9.86814,0.395923
ppo,0,11,79,15.1521,39.9434,7.92783,-4.67111,-3.35807,9.80764,47.6603,0.125,12.865,0.395923
ppo,0,11,80,15.5662,40.7453,8.34889,-4.65455,-3.379,9.80582,48.5588,0.125,13.2204,0.395923
ppo,0,11,81,16.0113,41.5442,8.76206,-4.63641,-3.39541,9.8057,49.467,0.125,6.39321,0.395923
ppo,0,11,82,16.4646,42.3745,9.15961,-4.62083,-3.41187,9.80381,50.4123,0.125,7.80745,0.395923
ppo,0,11,83,16.9007,43.2261,9.57536,-4.60331,-3.42623,9.80629,51.3704,0.125,6.76061,0.395923
ppo,0,11,84,17.3328,44.07,10.0242,-4.58118,-3.44188,9.81135,52.3226,0.125,6.34488,0.395923
ppo,0,11,85,17.8001,44.8988,10.4775,-4.56077,-3.45284,9.81751,53.2759,0.125,17.0139,0.395923
ppo,0,11,86,18.2914,45.7486,10.9126,-4.54166,-3.46289,9.8236,54.2615,0.125,11.3905,0.395923
ppo,0,11,87,18.7684,46.628,11.354,-4.52351,-3.46905,9.83007,55.268,0.125,8.75966,0.395923
ppo,0,11,88,19.2327,47.5074,11.824,-4.50686,-3.47306,9.84023,56.2717,0.125,12.4274,0.395923
ppo,0,11,89,19.7258,48.3688,12.3077,-4.49409,-3.47471,9.84841,57.2748,0.125,4.36135,0.395923
ppo,0,11,90,20.2453,49.2468,12.7758,-4.48056,-3.48016,9.85796,58.3096,0.125,8.01452,0.395923
ppo,0,11,91,20.7512,50.1564,13.2418,-4.4676,-3.48604,9.86546,59.3709,0.125,13.998,0.395923
ppo,0,11,92,21.2405,51.0664,13.7422,-4.45541,-3.49542,9.86792,60.4342,0.125,11.3968,0.395923
ppo,0,11,93,21.7557,51.9562,14.2573,-4.44379,-3.50377,9.86732,61.4938,0.125,16.2493,0.395923
ppo,0,11,94,22.296,52.8635,14.7539,-4.43458,-3.51263,9.86904,62.5831,0.125,19.0524,0.395923
ppo,0,11,95,22.8204,53.8006,15.256,-4.42626,-3.52431,9.87096,63.6987,0.125,31.2698,0.395923
ppo,0,11,96,23.3335,54.734,15.7941,-4.41693,-3.5385,9.87519,64.8136,0.125,13.8273,0.395923
ppo,0,11,97,23.8791,55.6536,16.3403,-4.40413,-3.55157,9.88066,65.9312,0.125,7.92922,0.395923
ppo,0,11,98,24.4416,56.5978,16.8635,-4.38845,-3.56603,9.88691,67.0785,0.125,24.0986,0.395923
ppo,0,11,99,24.9826,57.5642,17.394,-4.37038,-3.58048,9.89367,68.2388,0.125,17.9563,0.395923
ppo,0,11,100,25.5288,58.5158,17.9582,-4.35021,-3.59685,9.89848,69.3952,0.125,3.24418,0.395923
ppo,0,11,101,26.1105,59.4638,18.5145,-4.3288,-3.61237,9.90456,70.5641,0.125,5.68336,0.395923
ppo,0,11,102,26.694,60.4407,19.0597,-4.30674,-3.63174,9.91145,71.7636,0.125,19.3123,0.395923
ppo,0,11,103,27.2575,61.425,19.6286,-4.2853,-3.65073,9.91556,72.9667,0.125,16.2146,0.395923
ppo,0,11,104,27.8414,62.3893,20.2173,-4.26245,-3.6653,9.9208,74.1612,0.125,22.7062,0.395923
ppo,0,11,105,28.4451,63.3675,20.7877,-4.24087,-3.67825,9.92836,75.3753,0.125,27.2219,0.395923
ppo,0,11,106,29.0328,64.3767,21.3653,-4.21958,-3.69119,9.93777,76.613,0.125,19.7258,0.395923
ppo,0,11,107,29.6233,65.3727,21.9775,-4.20334,-3.70116,9.9464,77.8472,0.125,21.598,0.395923
ppo,0,11,108,30.2437,66.3622,22.5791,-4.1854,-3.71303,9.95275,79.0906,0.125,16.9865,0.395923
ppo,0,11,109,30.8637,67.3883,23.1716,-4.16879,-3.72207,9.96097,80.3647,0.125,36.3143,0.395923
ppo,0,11,110,31.465,68.4164,23.7978,-4.15419,-3.73249,9.96593,81.6426,0.125,10.6526,0.395923
ppo,0,11,111,32.0937,69.4308,24.4301,-4.13757,-3.74273,9.97322,82.922,0.125,23.982,0.395923
ppo,0,11,112,32.7305,70.4762,25.045,-4.12152,-3.754,9.98156,84.2324,0.125,19.9033,0.395923
ppo,0,11,113,33.3505,71.5334,25.6815,-4.10807,-3.76273,9.98648,85.5511,0.125,24.3349,0.395923
ppo,0,11,114,33.9933,72.5706,26.338,-4.09545,-3.76979,9.98908,86.8671,0.125,20.4934,0.395923
ppo,0,11,115,34.6548,73.628,26.9764,-4.08417,-3.77475,9.99024,88.2067,0.125,9.86764,0.395923
ppo,0,11,116,35.2942,74.7109,27.6315,-4.07557,-3.77421,9.99318,89.56,0.125,14.1793,0.395923
ppo,0,11,117,35.949,75.7728,28.3091,-4.0722,-3.77478,10.0008,90.9104,0.125,72.3972,0.395923
ppo,0,11,118,36.6315,76.85,28.9705,-4.06886,-3.77866,10.0066,92.2883,0.125,43.8811,0.395923
ppo,0,11,119,37.291,77.9507,29.6476,-4.06509,-3.78276,10.0134,93.6813,0.125,42.2445,0.395923
ppo,0,11,120,37.9649,79.0299,30.353,-4.05881,-3.78751,10.0194,95.0692,0.125,54.803,0.395923
ppo,0,11,121,38.6675,80.1211,31.0402,-4.05376,-3.79408,10.0245,96.4807,0.125,30.9157,0.395923
ppo,0,11,122,39.3498,81.2365,31.7374,-4.04717,-3.80028,10.0256,97.9078,0.125,12.0206,0.395923
ppo,0,11,123,40.0453,82.3367,32.4628,-4.04116,-3.80669,10.0287,99.3357,0.125,48.1929,0.395923
ppo,0,11,124,40.7696,83.4565,33.1699,-4.03117,-3.81159,10.032,100.788,0.125,21.6246,0.395923
ppo,0,11,125,41.4751,84.5967,33.8919,-4.01595,-3.81346,10.0318,102.25,0.125,37.408,0.395923
ppo,0,11,126,42.1956,85.7178,34.6387,-4.00472,-3.81151,10.0333,103.708,0.125,66.6597,0.395923
ppo,0,11,127,42.9389,86.8573,35.3639,-3.9925,-3.80983,10.0366,105.188,0.125,32.9042,0.395923
ppo,0,11,128,43.6618,88.0131,36.1116,-3.98386,-3.81012,10.0391,106.684,0.125,38.383,0.395923
ppo,0,11,129,44.4071,89.1466,36.8746,-3.97413,-3.81164,10.0392,108.176,0.125,21.8264,0.395923
ppo,0,11,130,45.1631,90.3065,37.618,-3.96371,-3.8132,10.0405,109.693,0.125,42.748,0.395923
ppo,0,11,131,45.9016,91.4737,38.3885,-3.95166,-3.81502,10.0419,111.215,0.125,66.5997,0.395923
ppo,0,11,132,46.6717,92.6307,39.1656,-3.94211,-3.81518,10.047,112.745,0.125,65.9563,0.395923
ppo,0,11,133,47.4407,93.8196,39.9331,-3.93308,-3.81572,10.0531,114.301,0.125,24.0682,0.395923
ppo,0,11,134,48.2004,94.9995,40.734,-3.92471,-3.81674,10.0583,115.856,0.125,69.4827,0.395923
ppo,0,11,135,48.9916,96.1803,41.5258,-3.91688,-3.81703,10.0658,117.424,0.125,51.2981,0.395923
ppo,0,11,136,49.7649,97.3887,42.3257,-3.91016,-3.81584,10.0737,119.011,0.125,74.5806,0.395923
ppo,0,11,137,50.5519,98.5774,43.1548,-3.90101,-3.81409,10.0772,120.595,0.125,10.0542,0.395923
ppo,0,11,138,51.3584,99.7889,43.9661,-3.89129,-3.81316,10.0754,122.207,0.125,58.3109,0.395923
ppo,0,11,139,52.1436,101.014,44.8019,-3.88137,-3.80872,10.0713,123.826,0.125,79.6408,0.395923
ppo,0,11,140,52.9619,102.23,45.6433,-3.86999,-3.80595,10.0682,125.455,0.125,72.799,0.395923
ppo,0,11,141,53.7732,103.481,46.4791,-3.85827,-3.80425,10.0638,127.112,0.125,57.468,0.395923
ppo,0,11,142,54.586,104.717,47.3473,-3.84535,-3.80052,10.06,128.766,0.125,120.596,0.395923
ppo,0,11,143,55.4269,105.963,48.1984,-3.83105,-3.79638,10.0572,130.435,0.125,33.6975,0.395923
ppo,0,11,144,56.2482,107.228,49.0679,-3.81807,-3.79132,10.0512,132.119,0.125,26.3307,0.395923
ppo,0,11,145,57.0944,108.478,49.944,-3.80883,-3.78867,10.0434,133.81,0.125,11.0519,0.395923
ppo,0,11,146,57.9388,109.761,50.8107,-3.79948,-3.78554,10.036,135.525,0.125,92.2068,0.395923
ppo,0,11,147,58.781,111.029,51.7086,-3.78687,-3.78398,10.027,137.238,0.125,98.1264,0.395923
ppo,0,11,148,59.6502,112.308,52.5923,-3.77118,-3.7781,10.0206,138.963,0.125,24.7379,0.395923
ppo,0,11,149,60.4963,113.604,53.497,-3.75624,-3.77008,10.0154,140.697,0.125,54.7479,0.395923
ppo,0,11,150,61.3733,114.883,54.4077,-3.74036,-3.76257,10.0114,142.435,0.125,77.2593,0.395923
ppo,0,11,151,62.2414,116.194,55.3147,-3.72566,-3.75245,10.0078,144.192,0.125,28.9564,0.395923
ppo,0,11,152,63.1144,117.488,56.2513,-3.71078,-3.73918,10.0036,145.947,0.125,86.4653,0.395923
ppo,0,11,153,64.0052,118.803,57.1689,-3.69637,-3.72595,10.0026,147.721,0.125,47.8702,0.395923
ppo,0,11,154,64.8815,120.118,58.114,-3.67985,-3.71326,9.99646,149.5,0.125,54.9828,0.395923
ppo,0,11,155,65.791,121.432,59.0494,-3.66727,-3.70259,9.98811,151.295,0.125,68.0775,0.395923
ppo,0,11,156,66.6818,122.773,60.0005,-3.65896,-3.68905,9.97796,153.11,0.125,102.551,0.395923
ppo,0,11,157,67.603,124.092,60.9641,-3.64924,-3.67685,9.96717,154.928,0.125,17.6127,0.395923
ppo,0,11,158,68.5228,125.445,61.9188,-3.64234,-3.66511,9.95678,156.771,0.125,33.9552,0.395923
ppo,0,11,159,69.4491,126.78,62.9039,-3.63404,-3.65694,9.94575,158.617,0.125,194.089,0.395923
ppo,0,11,160,70.3921,128.143,63.8689,-3.62486,-3.64882,9.93505,160.488,0.125,104.748,0.395923
ppo,0,11,161,71.324,129.504,64.8655,-3.61585,-3.64172,9.92154,162.365,0.125,91.0764,0.395923
ppo,0,11,162,72.2862,130.873,65.8491,-3.60405,-3.63363,9.91023,164.258,0.125,41.9845,0.395923
ppo,0,11,163,73.2266,132.258,66.856,-3.5924,-3.6294,9.8991,166.164,0.125,71.1627,0.395923
ppo,0,11,164,74.2011,133.635,67.8601,-3.57988,-3.62303,9.88892,168.078,0.125,56.7409,0.395923
ppo,0,11,165,75.1522,135.04,68.875,-3.56681,-3.61626,9.87782,170.008,0.125,188.885,0.395923
ppo,0,11,166,76.1321,136.426,69.9022,-3.5521,-3.60698,9.8683,171.939,0.125,226.954,0.395923
ppo,0,11,167,77.1017,137.844,70.9241,-3.54091,-3.59729,9.85872,173.89,0.125,121.534,0.395923
ppo,0,11,168,78.0878,139.244,71.9698,-3.53256,-3.58644,9.85081,175.845,0.125,156.075,0.395923
ppo,0,11,169,79.0743,140.677,73.0073,-3.52003,-3.57358,9.84509,177.819,0.125,71.5857,0.395923
ppo,0,11,170,80.0658,142.09,74.0723,-3.50841,-3.55875,9.83996,179.789,0.125,111.72,0.395923
ppo,0,11,171,81.0658,143.531,75.1164,-3.49513,-3.54213,9.83709,181.776,0.125,44.5907,0.395923
ppo,0,11,172,82.0614,144.961,76.1905,-3.48347,-3.52807,9.83201,183.767,0.125,190.747,0.395923
ppo,0,11,173,83.0762,146.411,77.2473,-3.46894,-3.51596,9.82705,185.778,0.125,39.4331,0.395923
ppo,0,11,174,84.0799,147.855,78.3357,-3.45324,-3.50453,9.82053,187.792,0.125,103.798,0.395923
ppo,0,11,175,85.1083,149.319,79.4071,-3.43723,-3.49018,9.81244,189.827,0.125,217.121,0.395923
ppo,0,11,176,86.1238,150.784,80.5112,-3.42504,-3.47638,9.80552,191.871,0.125,135.616,0.395923
ppo,0,11,177,87.1704,152.262,81.5998,-3.41273,-3.46209,9.79878,193.935,0.125,45.7994,0.395923
ppo,0,11,178,88.1998,153.743,82.7195,-3.40082,-3.44658,9.79368,196.004,0.125,90.8872,0.395923
ppo,0,11,179,89.2614,155.234,83.8249,-3.38851,-3.43243,9.79195,198.09,0.125,132.157,0.395923
ppo,0,11,180,90.3047,156.722,84.9584,-3.38182,-3.41651,9.79272,200.179,0.125,158.513,0.395923
ppo,0,11,181,91.3789,158.218,86.0767,-3.37775,-3.40024,9.78959,202.285,0.125,99.1959,0.395923
ppo,0,11,182,92.4354,159.718,87.2243,-3.37381,-3.38161,9.78421,204.396,0.125,101.84,0.395923
ppo,0,11,183,93.5209,161.229,88.3557,-3.37261,-3.36136,9.77653,206.526,0.125,19.7661,0.395923
ppo,0,11,184,94.588,162.741,89.519,-3.37218,-3.34204,9.76921,208.662,0.125,136.102,0.395923
ppo,0,11,185,95.683,164.267,90.6698,-3.37266,-3.32707,9.76397,210.821,0.125,180.85,0.395923
ppo,0,11,186,96.7634,165.791,91.8516,-3.37457,-3.31283,9.76008,212.985,0.125,234.44,0.395923
ppo,0,11,187,97.866,167.332,93.0154,-3.37516,-3.29993,9.75358,215.169,0.125,285.643,0.395923
ppo,0,11,188,98.9597,168.865,94.212,-3.37486,-3.28495,9.75051,217.351,0.125,52.1856,0.395923
ppo,0,11,189,100.075,170.42,95.3894,-3.37748,-3.27127,9.74835,219.558,0.125,277.013,0.395923
ppo,0,11,190,101.19,171.966,96.6022,-3.38152,-3.25841,9.74815,221.772,0.125,283.099,0.395923
ppo,0,11,191,102.317,173.542,97.7978,-3.38648,-3.24596,9.75037,224.008,0.125,97.1601,0.395923
ppo,0,11,192,103.452,175.099,99.0204,-3.38864,-3.23576,9.75352,226.245,0.125,273.888,0.395923
ppo,0,11,193,104.587,176.686,100.23,-3.38736,-3.22497,9.75684,228.499,0.125,55.4703,0.395923
ppo,0,11,194,105.745,178.255,101.461,-3.38637,-3.21471,9.75955,230.759,0.125,285.544,0.395923
ppo,0,11,195,106.89,179.856,102.692,-3.38617,-3.20482,9.76552,233.039,0.125,163.862,0.395923
ppo,0,11,196,108.064,181.441,103.928,-3.38603,-3.19584,9.77199,235.324,0.125,238.848,0.395923
ppo,0,11,197,109.218,183.049,105.177,-3.38418,-3.18381,9.77833,237.619,0.125,175.765,0.395923
ppo,0,11,198,110.402,184.653,106.421,-3.38375,-3.17223,9.78494,239.925,0.125,185.638,0.395923
ppo,0,11,199,111.567,186.267,107.69,-3.38287,-3.16447,9.79199,242.243,0.125,183.865,0.395923
ppo,0,11,200,112.758,187.894,108.94,-3.38305,-3.15546,9.79918,244.576,0.125,284.678,0.395923
ppo,0,11,201,113.943,189.511,110.223,-3.38347,-3.14416,9.80644,246.911,0.125,96.8266,0.395923
ppo,0,11,202,115.14,191.156,111.487,-3.38602,-3.13176,9.81503,249.265,0.125,195.821,0.395923
ppo,0,11,203,116.348,192.787,112.772,-3.38957,-3.11884,9.82567,251.623,0.125,161.956,0.395923
ppo,0,11,204,117.547,194.452,114.055,-3.39501,-3.10655,9.8384,254.003,0.125,160.888,0.395923
ppo,0,11,205,118.774,196.101,115.345,-3.4019,-3.09176,9.85275,256.385,0.125,284.809,0.395923
ppo,0,11,206,119.98,197.773,116.652,-3.41204,-3.07721,9.86511,258.785,0.125,82.279,0.395923
ppo,0,11,207,121.22,199.447,117.949,-3.42178,-3.0656,9.87721,261.202,0.125,222.197,0.395923
ppo,0,11,208,122.447,201.119,119.278,-3.43067,-3.05383,9.88737,263.625,0.125,219.496,0.395923
ppo,0,11,209,123.688,202.817,120.586,-3.44093,-3.04364,9.89504,266.069,0.125,284.639,0.395923
ppo,0,11,210,124.941,204.492,121.918,-3.45266,-3.03398,9.90682,268.511,0.125,47.9961,0.395923
ppo,0,11,211,126.183,206.2,123.251,-3.4608,-3.02262,9.91817,270.972,0.125,374.186,0.395923
ppo,0,11,212,127.463,207.898,124.585,-3.46896,-3.01374,9.93123,273.445,0.125,159.191,0.395923
ppo,0,11,213,128.725,209.607,125.943,-3.47678,-3.0037,9.94585,275.928,0.125,153.734,0.395923
ppo,0,11,214,130.013,211.333,127.283,-3.48582,-2.99568,9.96288,278.43,0.125,179.012,0.395923
ppo,0,11,215,131.302,213.048,128.654,-3.49325,-2.98801,9.98182,280.935,0.125,63.3231,0.395923
ppo,0,11,216,132.589,214.795,130.017,-3.49976,-2.98047,10.0002,283.461,0.125,114.925,0.395923
ppo,0,11,217,133.911,216.524,131.383,-3.50694,-2.97084,10.0154,285.993,0.125,304.377,0.395923
ppo,0,11,218,135.209,218.27,132.769,-3.51239,-2.96004,10.028,288.533,0.125,235.625,0.395923
ppo,0,11,219,136.531,220.028,134.136,-3.51561,-2.94826,10.0407,291.086,0.125,304.721,0.395923
ppo,0,11,220,137.857,221.77,135.534,-3.51859,-2.93587,10.0546,293.64,0.125,84.3247,0.395923
ppo,0,11,221,139.178,223.547,136.928,-3.52075,-2.92185,10.0666,296.217,0.125,340.551,0.395923
ppo,0,11,222,140.529,225.313,138.321,-3.5273,-2.90726,10.0775,298.803,0.125,394.483,0.395923
ppo,0,11,223,141.863,227.09,139.74,-3.5337,-2.89155,10.0882,301.399,0.125,192.633,0.395923
ppo,0,11,224,143.211,228.893,141.14,-3.53967,-2.87486,10.0972,304.014,0.125,209.18,0.395923
ppo,0,11,225,144.574,230.679,142.564,-3.54619,-2.86009,10.1054,306.635,0.125,329.926,0.395923
ppo,0,11,226,145.914,232.49,144,-3.55323,-2.84638,10.1157,309.271,0.125,133.295,0.395923
ppo,0,11,227,147.285,234.307,145.417,-3.56162,-2.83016,10.1265,311.918,0.125,262.562,0.395923
ppo,0,11,228,148.653,236.112,146.869,-3.57111,-2.81256,10.1364,314.568,0.125,512.039,0.395923
ppo,0,11,229,150.012,237.953,148.313,-3.58269,-2.79532,10.1483,317.239,0.125,399.046,0.395923
ppo,0,11,230,151.403,239.782,149.755,-3.59577,-2.77856,10.1636,319.916,0.125,283.555,0.395923
ppo,0,11,231,152.778,241.613,151.228,-3.61239,-2.76279,10.1759,322.604,0.125,208.418,0.395923
ppo,0,11,232,154.164,243.474,152.686,-3.62777,-2.74935,10.1858,325.316,0.125,267.635,0.395923
ppo,0,11,233,155.58,245.316,154.159,-3.64298,-2.73607,10.1952,328.036,0.125,379.175,0.395923
ppo,0,11,234,156.975,247.173,155.655,-3.6573,-2.72293,10.207,330.766,0.125,121.356,0.395923
ppo,0,11,235,158.385,249.054,157.138,-3.67381,-2.71117,10.2179,333.518,0.125,535.336,0.395923
ppo,0,11,236,159.814,250.913,158.639,-3.68936,-2.70125,10.2272,336.273,0.125,473.987,0.395923
ppo,0,11,237,161.219,252.794,160.155,-3.7044,-2.69257,10.2344,339.041,0.125,185.455,0.395923
ppo,0,11,238,162.647,254.692,161.65,-3.71782,-2.68654,10.2436,341.826,0.125,389.884,0.395923
ppo,0,11,239,164.088,256.573,163.172,-3.73177,-2.68193,10.2513,344.618,0.125,285.69,0.395923
ppo,0,11,240,165.506,258.479,164.708,-3.74845,-2.68015,10.2595,347.427,0.125,402.575,0.395923
ppo,0,11,241,166.95,260.398,166.225,-3.76111,-2.68155,10.2698,350.25,0.125,340.228,0.395923
ppo,0,11,242,168.406,262.298,167.764,-3.77308,-2.68494,10.2768,353.077,0.125,417.551,0.395923
ppo,0,11,243,169.845,264.221,169.316,-3.78371,-2.68912,10.2828,355.921,0.125,379.69,0.395923
ppo,0,11,244,171.309,266.16,170.848,-3.79534,-2.69145,10.2877,358.779,0.125,449.716,0.395923
ppo,0,11,245,172.791,268.08,172.401,-3.80732,-2.69374,10.2933,361.641,0.125,214.106,0.395923
ppo,0,11,246,174.248,270.02,173.978,-3.82107,-2.69638,10.296,364.52,0.125,440.885,0.395923
ppo,0,11,247,175.725,271.978,175.537,-3.83432,-2.69474,10.298,367.411,0.125,481.076,0.395923
ppo,0,11,248,177.224,273.92,177.114,-3.84356,-2.69696,10.3014,370.31,0.125,132.574,0.395923
ppo,0,11,249,178.702,275.877,178.715,-3.85144,-2.6997,10.3021,373.221,0.125,299.592,0.395923
ppo,0,11,250,180.194,277.862,180.298,-3.86128,-2.70339,10.3008,376.155,0.125,355.328,0.395923
ppo,0,11,251,181.713,279.834,181.885,-3.86815,-2.70721,10.2982,379.094,0.125,723.614,0.395923
ppo,0,11,252,183.22,281.803,183.504,-3.87619,-2.70891,10.2936,382.039,0.125,488.353,0.395923
ppo,0,11,253,184.724,283.804,185.115,-3.88457,-2.71265,10.285,385.007,0.125,351.443,0.395923
ppo,0,11,254,186.264,285.799,186.716,-3.89068,-2.71469,10.2773,387.982,0.125,143.641,0.395923
ppo,0,11,255,187.809,287.784,188.346,-3.89717,-2.71881,10.2691,390.967,0.125,362.057,0.395923
ppo,0,11,256,189.34,289.797,189.988,-3.90163,-2.72054,10.2597,393.968,0.125,421.245,0.395923
ppo,0,11,257,190.895,291.83,191.612,-3.90535,-2.72084,10.2489,396.989,0.125,239.614,0.395923
ppo,0,11,258,192.471,293.842,193.253,-3.90611,-2.72136,10.2407,400.009,0.125,364.036,0.395923
ppo,0,11,259,194.028,295.862,194.924,-3.91049,-2.72067,10.2327,403.041,0.125,307.218,0.395923
ppo,0,11,260,195.587,297.917,196.583,-3.91641,-2.71995,10.2224,406.097,0.125,710.314,0.395923
ppo,0,11,261,197.183,299.967,198.238,-3.91887,-2.72029,10.2126,409.164,0.125,735.464,0.395923
ppo,0,11,262,198.779,302.005,199.924,-3.92345,-2.71946,10.2036,412.237,0.125,218.393,0.395923
ppo,0,11,263,200.354,304.071,201.623,-3.93008,-2.72018,10.1964,415.327,0.125,441.216,0.395923
ppo,0,11,264,201.952,306.161,203.305,-3.9341,-2.71769,10.1898,418.436,0.125,318.624,0.395923
ppo,0,11,265,203.578,308.234,204.996,-3.93701,-2.7128,10.1881,421.545,0.125,811.999,0.395923
ppo,0,11,266,205.193,310.303,206.717,-3.9425,-2.70686,10.1856,424.662,0.125,393.097,0.395923
ppo,0,11,267,206.798,312.403,208.437,-3.95318,-2.69793,10.1847,427.795,0.125,542.569,0.395923
ppo,0,11,268,208.428,314.517,210.14,-3.96446,-2.6936,10.1855,430.947,0.125,462.39,0.395923
ppo,0,11,269,210.084,316.608,211.862,-3.97754,-2.69065,10.1858,434.105,0.125,692.231,0.395923
ppo,0,11,270,211.721,318.699,213.615,-3.98558,-2.69104,10.1868,437.268,0.125,772.04,0.395923
ppo,0,11,271,213.348,320.819,215.361,-3.99175,-2.69151,10.185,440.446,0.125,438.045,0.395923
ppo,0,11,272,214.997,322.952,217.091,-3.99635,-2.69264,10.1865,443.635,0.125,869.622,0.395923
ppo,0,11,273,216.67,325.065,218.838,-4.00074,-2.69518,10.188,446.83,0.125,770.017,0.395923
ppo,0,11,274,218.329,327.177,220.616,-4.00471,-2.69992,10.1865,450.035,0.125,814.914,0.395923
ppo,0,11,275,219.97,329.324,222.392,-4.00782,-2.70407,10.1843,453.256,0.125,650.153,0.395923
ppo,0,11,276,221.634,331.488,224.15,-4.00915,-2.71007,10.1786,456.494,0.125,417.783,0.395923
ppo,0,11,277,223.326,333.634,225.921,-4.01081,-2.71626,10.1701,459.741,0.125,635.277,0.395923
ppo,0,11,278,225.01,335.769,227.724,-4.01014,-2.72114,10.1606,462.99,0.125,403.901,0.395923
ppo,0,11,279,226.673,337.934,229.54,-4.00865,-2.72567,10.1509,466.256,0.125,866.877,0.395923
ppo,0,11,280,228.346,340.129,231.338,-4.00577,-2.73206,10.1395,469.542,0.125,350.684,0.395923
ppo,0,11,281,230.053,342.315,233.132,-4.00357,-2.74074,10.1283,472.839,0.125,599.302,0.395923
ppo,0,11,282,231.768,344.488,234.957,-4.00172,-2.74951,10.119,476.144,0.125,180.461,0.395923
ppo,0,11,283,233.458,346.673,236.805,-3.99926,-2.75582,10.11,479.455,0.125,553.215,0.395923
ppo,0,11,284,235.139,348.893,238.646,-3.99286,-2.76265,10.0989,482.782,0.125,900.017,0.395923
ppo,0,11,285,236.849,351.124,240.473,-3.98553,-2.77084,10.0867,486.128,0.125,916.806,0.395923
ppo,0,11,286,238.589,353.336,242.31,-3.97962,-2.77803,10.0766,489.478,0.125,241.612,0.395923
ppo,0,11,287,240.326,355.539,244.179,-3.97608,-2.78737,10.0684,492.838,0.125,764.91,0.395923
ppo,0,11,288,242.047,357.759,246.064,-3.97161,-2.79507,10.0595,496.208,0.125,423.238,0.395923
ppo,0,11,289,243.769,360.01,247.936,-3.96565,-2.803,10.0539,499.593,0.125,745.69,0.395923
ppo,0,11,290,245.523,362.268,249.791,-3.95725,-2.80879,10.0481,502.989,0.125,165.832,0.395923
ppo,0,11,291,247.304,364.509,251.656,-3.94874,-2.81128,10.0414,506.388,0.125,489.277,0.395923
ppo,0,11,292,249.082,366.739,253.552,-3.93918,-2.81263,10.0333,509.794,0.125,1005.6,0.395923
ppo,0,11,293,250.841,368.987,255.468,-3.92999,-2.81571,10.0256,513.213,0.125,670.257,0.395923
ppo,0,11,294,252.595,371.271,257.379,-3.92058,-2.8197,10.0154,516.655,0.125,926.169,0.395923
ppo,0,11,295,254.373,373.569,259.271,-3.9113,-2.82264,10.0028,520.111,0.125,937.465,0.395923
ppo,0,11,296,256.181,375.852,261.165,-3.89956,-2.82619,9.9901,523.572,0.125,584.554,0.395923
ppo,0,11,297,257.996,378.118,263.088,-3.88674,-2.82818,9.97805,527.036,0.125,415.698,0.395923
ppo,0,11,298,259.792,380.387,265.04,-3.87571,-2.82794,9.97236,530.503,0.125,627.131,0.395923
ppo,0,11,299,261.568,382.688,266.997,-3.86491,-2.82864,9.96669,533.987,0.125,546.984,0.395923
ppo,0,12,0,0,0,0,-7.70838,-4.88893,-4.84557,10.3344,0.125,0.842721,0.323094
ppo,0,12,1,0.0228503,0.0208383,-0.0208004,-7.646,-4.87634,-4.86171,10.3067,0.125,1.2001,0.323094
ppo,0,12,2,0.0638732,0.06314,-0.0603594,-7.5846,-4.86196,-4.87836,10.2941,0.125,0.417164,0.323094
ppo,0,12,3,0.120272,0.125899,-0.120157,-7.5256,-4.84759,-4.8997,10.2975,0.125,0.880729,0.323094
ppo,0,12,4,0.192579,0.204202,-0.202008,-7.46854,-4.83534,-4.9238,10.3143,0.125,0.840408,0.323094
ppo,0,12,5,0.284271,0.308099,-0.305172,-7.41345,-4.82256,-4.95153,10.3522,0.125,1.2783,0.323094
ppo,0,12,6,0.388229,0.439031,-0.423984,-7.36172,-4.81098,-4.98085,10.411,0.125,0.747439,0.323094
ppo,0,12,7,0.4996,0.597308,-0.557673,-7.31089,-4.79843,-5.00973,10.4852,0.125,0.415139,0.323094
ppo,0,12,8,0.616033,0.782867,-0.712597,-7.26374,-4.78571,-5.04004,10.5748,0.125,0.575513,0.323094
ppo,0,12,9,0.734886,0.997006,-0.87927,-7.22093,-4.77323,-5.07017,10.6843,0.125,1.12614,0.323094
ppo,0,12,10,0.853071,1.24805,-1.05868,-7.17962,-4.75751,-5.10007,10.8131,0.125,0.541867,0.323094
ppo,0,12,11,0.967315,1.52813,-1.24433,-7.13717,-4.73458,-5.12813,10.9539,0.125,0.3509,0.323094
ppo,0,12,12,1.07289,1.84212,-1.43363,-7.09591,-4.71055,-5.15379,11.1133,0.125,1.04418,0.323094
ppo,0,12,13,1.1657,2.18365,-1.62211,-7.05684,-4.68438,-5.18176,11.2894,0.125,0.728323,0.323094
ppo,0,12,14,1.241,2.55382,-1.80431,-7.02222,-4.65971,-5.20964,11.4853,0.125,0.789592,0.323094
ppo,0,12,15,1.29639,2.95018,-1.97446,-6.98962,-4.63598,-5.24069,11.6994,0.125,1.29528,0.323094
ppo,0,12,16,1.3263,3.36563,-2.13097,-6.95689,-4.60898,-5.26819,11.9184,0.125,1.16287,0.323094
ppo,0,12,17,1.33405,3.79582,-2.26483,-6.92692,-4.58343,-5.295,12.1506,0.125,1.2595,0.323094
ppo,0,12,18,1.32738,4.22761,-2.37169,-6.89703,-4.55917,-5.32265,12.3918,0.125,0.743345,0.323094
ppo,0,12,19,1.30636,4.6575,-2.44614,-6.86769,-4.5328,-5.35081,12.6378,0.125,1.02684,0.323094
ppo,0,12,20,1.27733,5.0782,-2.49278,-6.84057,-4.50624,-5.37745,12.8873,0.125,1.22726,0.323094
ppo,0,12,21,1.25204,5.48315,-2.5091,-6.81498,-4.48025,-5.40275,13.1423,0.125,2.52645,0.323094
ppo,0,12,22,1.2396,5.86703,-2.49776,-6.78805,-4.45616,-5.42583,13.4009,0.125,1.11976,0.323094
ppo,0,12,23,1.25176,6.23476,-2.46846,-6.76065,-4.43106,-5.4482,13.6688,0.125,0.626184,0.323094
ppo,0,12,24,1.2937,6.58587,-2.43668,-6.73206,-4.40187,-5.47186,13.9411,0.125,1.44111,0.323094
ppo,0,12,25,1.36842,6.92797,-2.41049,-6.70585,-4.3735,-5.49655,14.2282,0.125,1.08837,0.323094
ppo,0,12,26,1.47882,7.27387,-2.39549,-6.67866,-4.34385,-5.52297,14.5361,0.125,2.93684,0.323094
ppo,0,12,27,1.6153,7.63594,-2.39648,-6.65396,-4.313,-5.54895,14.8693,0.125,0.877262,0.323094
ppo,0,12,28,1.76738,8.02731,-2.4113,-6.63055,-4.27912,-5.57336,15.2306,0.125,1.63993,0.323094
ppo,0,12,29,1.9211,8.45228,-2.43604,-6.61129,-4.24785,-5.59763,15.6234,0.125,1.7796,0.323094
ppo,0,12,30,2.06134,8.90976,-2.46407,-6.59367,-4.215,-5.62356,16.0359,0.125,1.96919,0.323094
ppo,0,12,31,2.17868,9.39007,-2.47793,-6.57689,-4.18263,-5.64715,16.4597,0.125,0.409268,0.323094
ppo,0,12,32,2.273,9.88833,-2.46726,-6.56474,-4.1471,-5.67236,16.8929,0.125,3.38853,0.323094
ppo,0,12,33,2.3506,10.3866,-2.42432,-6.55277,-4.11153,-5.69895,17.326,0.125,1.74373,0.323094
ppo,0,12,34,2.42807,10.871,-2.3503,-6.54128,-4.07997,-5.72593,17.7588,0.125,1.38027,0.323094
ppo,0,12,35,2.51916,11.3369,-2.2563,-6.52702,-4.04687,-5.75201,18.1855,0.125,6.16444,0.323094
ppo,0,12,36,2.63888,11.7856,-2.15144,-6.5158,-4.01293,-5.77661,18.6157,0.125,4.62228,0.323094
ppo,0,12,37,2.79328,12.2275,-2.05505,-6.503,-3.98052,-5.79862,19.0561,0.125,1.31771,0.323094
ppo,0,12,38,2.97924,12.6786,-1.97057,-6.49026,-3.94917,-5.82245,19.519,0.125,1.80285,0.323094
ppo,0,12,39,3.18131,13.1564,-1.89969,-6.4759,-3.91701,-5.8455,20.0083,0.125,2.05431,0.323094
ppo,0,12,40,3.37709,13.6679,-1.83664,-6.46152,-3.88529,-5.86817,20.5224,0.125,2.79718,0.323094
ppo,0,12,41,3.55208,14.2065,-1.76572,-6.44964,-3.85906,-5.89339,21.0579,0.125,2.71083,0.323094
ppo,0,12,42,3.70537,14.7588,-1.67034,-6.4362,-3.82935,-5.91859,21.5967,0.125,2.87024,0.323094
ppo,0,12,43,3.84763,15.3029,-1.54304,-6.42267,-3.79865,-5.94087,22.129,0.125,2.75819,0.323094
ppo,0,12,44,4.00225,15.833,-1.38647,-6.4128,-3.76715,-5.96202,22.6622,0.125,5.33857,0.323094
ppo,0,12,45,4.18372,16.3439,-1.2203,-6.40145,-3.73958,-5.9807,23.196,0.125,3.49367,0.323094
ppo,0,12,46,4.39953,16.8495,-1.06406,-6.39108,-3.71075,-5.99749,23.7382,0.125,2.69814,0.323094
ppo,0,12,47,4.63799,17.3709,-0.926828,-6.38161,-3.67962,-6.01281,24.2986,0.125,5.88028,0.323094
ppo,0,12,48,4.8804,17.9262,-0.805287,-6.37099,-3.64772,-6.02836,24.8859,0.125,2.73937,0.323094
ppo,0,12,49,5.10336,18.5096,-0.679146,-6.36092,-3.61805,-6.04376,25.492,0.125,3.0876,0.323094
ppo,0,12,50,5.30404,19.1074,-0.533901,-6.35172,-3.58582,-6.05655,26.1025,0.125,2.27186,0.323094
ppo,0,12,51,5.49618,19.6955,-0.357124,-6.34532,-3.55151,-6.0681,26.7069,0.125,3.58113,0.323094
ppo,0,12,52,5.70925,20.2634,-0.160062,-6.34084,-3.51641,-6.07615,27.3072,0.125,4.50416,0.323094
ppo,0,12,53,5.95454,20.8202,0.0361629,-6.34097,-3.48123,-6.08097,27.9134,0.125,5.19014,0.323094
ppo,0,12,54,6.22494,21.3868,0.215114,-6.34354,-3.44762,-6.08338,28.5375,0.125,4.7439,0.323094
ppo,0,12,55,6.50287,21.9858,0.38026,-6.34611,-3.41391,-6.08762,29.1903,0.125,4.06977,0.323094
ppo,0,12,56,6.7653,22.6125,0.552242,-6.34653,-3.37814,-6.09186,29.8593,0.125,5.13307,0.323094
ppo,0,12,57,7.00865,23.2507,0.751115,-6.34858,-3.34431,-6.09496,30.5381,0.125,2.67601,0.323094
ppo,0,12,58,7.24838,23.8689,0.980133,-6.35064,-3.30917,-6.09826,31.2039,0.125,4.36597,0.323094
ppo,0,12,59,7.51271,24.4665,1.22386,-6.35549,-3.27835,-6.10083,31.871,0.125,3.32216,0.323094
ppo,0,12,60,7.81087,25.0642,1.45764,-6.36167,-3.24913,-6.10078,32.552,0.125,3.58789,0.323094
ppo,0,12,61,8.12209,25.6881,1.67099,-6.36697,-3.21985,-6.10093,33.2567,0.125,8.08134,0.323094
ppo,0,12,62,8.4222,26.3467,1.8847,-6.37488,-3.18858,-6.10015,33.9859,0.125,7.87856,0.323094
ppo,0,12,63,8.70321,27.0175,2.12191,-6.3857,-3.15904,-6.0999,34.726,0.125,7.99772,0.323094
ppo,0,12,64,8.98215,27.6777,2.39085,-6.39625,-3.12991,-6.10343,35.4649,0.125,3.88031,0.323094
ppo,0,12,65,9.28706,28.3176,2.67208,-6.4091,-3.10368,-6.10772,36.2043,0.125,3.94564,0.323094
ppo,0,12,66,9.6249,28.9627,2.94001,-6.41951,-3.07735,-6.11558,36.9593,0.125,5.81361,0.323094
ppo,0,12,67,9.96341,29.6373,3.19257,-6.42716,-3.04979,-6.12358,37.7344,0.125,9.24663,0.323094
ppo,0,12,68,10.2855,30.3422,3.45823,-6.43491,-3.02295,-6.13108,38.5326,0.125,12.2684,0.323094
ppo,0,12,69,10.5935,31.0447,3.75941,-6.44284,-2.9963,-6.13674,39.3314,0.125,9.24146,0.323094
ppo,0,12,70,10.9177,31.7306,4.08121,-6.45211,-2.97132,-6.13949,40.1298,0.125,9.97965,0.323094
ppo,0,12,71,11.2746,32.4094,4.39714,-6.46175,-2.94922,-6.14123,40.9374,0.125,4.84816,0.323094
ppo,0,12,72,11.646,33.1146,4.69759,-6.47079,-2.92875,-6.14373,41.7717,0.125,9.65956,0.323094
ppo,0,12,73,12.0003,33.85,5.00322,-6.48105,-2.90711,-6.14303,42.6249,0.125,5.80911,0.323094
ppo,0,12,74,12.34,34.5884,5.34141,-6.49191,-2.88565,-6.13837,43.4826,0.125,18.1267,0.323094
ppo,0,12,75,12.6933,35.3068,5.7025,-6.50323,-2.8659,-6.13295,44.3367,0.125,14.2111,0.323094
ppo,0,12,76,13.0793,36.0222,6.05265,-6.51236,-2.84492,-6.12688,45.1977,0.125,17.3219,0.323094
ppo,0,12,77,13.4797,36.7656,6.38587,-6.52066,-2.82391,-6.11916,46.0839,0.125,8.44703,0.323094
ppo,0,12,78,13.8615,37.538,6.72673,-6.52689,-2.80494,-6.10731,46.9889,0.125,16.93,0.323094
ppo,0,12,79,14.2329,38.3027,7.0998,-6.53407,-2.78874,-6.09709,47.895,0.125,11.7134,0.323094
ppo,0,12,80,14.6267,39.0415,7.49097,-6.54066,-2.7709,-6.08981,48.7932,0.125,4.29716,0.323094
ppo,0,12,81,15.0548,39.788,7.86925,-6.54386,-2.75454,-6.08084,49.7089,0.125,8.61443,0.323094
ppo,0,12,82,15.4792,40.5687,8.2401,-6.54377,-2.73654,-6.0702,50.6472,0.125,5.64791,0.323094
ppo,0,12,83,15.8802,41.3643,8.63314,-6.5423,-2.71769,-6.05758,51.5927,0.125,7.11617,0.323094
ppo,0,12,84,16.287,42.1394,9.05181,-6.54097,-2.69728,-6.04638,52.53,0.125,17.9349,0.323094
ppo,0,12,85,16.7271,42.9069,9.46926,-6.53904,-2.67724,-6.03545,53.4755,0.125,19.011,0.323094
ppo,0,12,86,17.1835,43.7031,9.87228,-6.53612,-2.65738,-6.02295,54.4479,0.125,10.7416,0.323094
ppo,0,12,87,17.6192,44.5283,10.2868,-6.53562,-2.64015,-6.00797,55.4422,0.125,13.8673,0.323094
ppo,0,12,88,18.0537,45.34,10.7344,-6.53428,-2.62192,-5.99332,56.4334,0.125,13.3925,0.323094
ppo,0,12,89,18.5141,46.1398,11.1906,-6.53236,-2.60406,-5.9799,57.4292,0.125,7.83106,0.323094
ppo,0,12,90,18.9908,46.9617,11.6288,-6.53247,-2.58677,-5.96556,58.447,0.125,16.7871,0.323094
ppo,0,12,91,19.45,47.8134,12.0749,-6.53313,-2.57192,-5.95007,59.4869,0.125,23.7961,0.323094
ppo,0,12,92,19.9037,48.6557,12.5517,-6.53503,-2.5554,-5.93362,60.5251,0.125,11.0786,0.323094
ppo,0,12,93,20.3905,49.4812,13.0352,-6.53698,-2.53589,-5.91475,61.5627,0.125,21.3826,0.323094
ppo,0,12,94,20.8989,50.328,13.5006,-6.54099,-2.51745,-5.89792,62.625,0.125,14.7553,0.323094
ppo,0,12,95,21.3888,51.199,13.9771,-6.5446,-2.50068,-5.88135,63.7047,0.125,32.9029,0.323094
ppo,0,12,96,21.8754,52.058,14.4852,-6.54816,-2.48831,-5.86605,64.7872,0.125,26.2586,0.323094
ppo,0,12,97,22.3952,52.9064,14.9953,-6.5537,-2.47332,-5.85168,65.8752,0.125,16.5343,0.323094
ppo,0,12,98,22.9265,53.7837,15.49,-6.55933,-2.46179,-5.83823,66.9915,0.125,6.45504,0.323094
ppo,0,12,99,23.4385,54.68,16.0061,-6.5635,-2.45125,-5.82463,68.1226,0.125,32.6229,0.323094
ppo,0,12,100,23.9586,55.5555,16.5516,-6.56737,-2.44228,-5.80971,69.2504,0.125,19.809,0.323094
ppo,0,12,101,24.5103,56.4322,17.0878,-6.57183,-2.43625,-5.79371,70.3929,0.125,23.3366,0.323094
ppo,0,12,102,25.054,57.3439,17.6171,-6.57925,-2.43318,-5.77825,71.5632,0.125,24.5435,0.323094
ppo,0,12,103,25.5793,58.2544,18.1733,-6.58131,-2.42713,-5.76408,72.7293,0.125,10.8712,0.323094
ppo,0,12,104,26.1308,59.1442,18.7407,-6.58383,-2.42399,-5.74628,73.8952,0.125,13.7121,0.323094
ppo,0,12,105,26.7011,60.0583,19.292,-6.58755,-2.42435,-5.72869,75.0883,0.125,33.6109,0.323094
ppo,0,12,106,27.2468,60.9976,19.8548,-6.59174,-2.4234,-5.71288,76.2953,0.125,21.0206,0.323094
ppo,0,12,107,27.7972,61.9194,20.45,-6.59432,-2.42086,-5.70149,77.5006,0.125,12.7619,0.323094
ppo,0,12,108,28.3772,62.8406,21.0306,-6.59639,-2.419,-5.68953,78.7142,0.125,30.81,0.323094
ppo,0,12,109,28.9499,63.794,21.6072,-6.60133,-2.42,-5.68015,79.9549,0.125,18.1162,0.323094
ppo,0,12,110,29.5108,64.7443,22.2158,-6.60535,-2.42012,-5.67233,81.1984,0.125,21.8064,0.323094
ppo,0,12,111,30.1034,65.6845,22.8237,-6.60787,-2.42009,-5.66392,82.4469,0.125,25.0632,0.323094
ppo,0,12,112,30.7019,66.656,23.416,-6.6108,-2.4186,-5.65528,83.7178,0.125,17.0833,0.323094
ppo,0,12,113,31.2824,67.636,24.0344,-6.61403,-2.41784,-5.64518,84.9974,0.125,33.8319,0.323094
ppo,0,12,114,31.887,68.5917,24.6661,-6.61629,-2.42157,-5.63563,86.2762,0.125,27.6229,0.323094
ppo,0,12,115,32.5099,69.5682,25.2789,-6.61982,-2.42239,-5.62611,87.5722,0.125,20.6005,0.323094
ppo,0,12,116,33.1118,70.5667,25.9122,-6.62039,-2.42357,-5.61894,88.8844,0.125,33.6973,0.323094
ppo,0,12,117,33.7289,71.5467,26.5665,-6.62307,-2.42725,-5.61076,90.1987,0.125,35.905,0.323094
ppo,0,12,118,34.371,72.5438,27.204,-6.62701,-2.43144,-5.60282,91.5337,0.125,26.2145,0.323094
ppo,0,12,119,34.9931,73.567,27.8587,-6.63174,-2.43438,-5.59381,92.8865,0.125,44.7237,0.323094
ppo,0,12,120,35.628,74.569,28.5382,-6.63238,-2.43619,-5.5825,94.2335,0.125,18.7183,0.323094
ppo,0,12,121,36.2893,75.5891,29.2008,-6.62778,-2.43852,-5.57118,95.5995,0.125,38.137,0.323094
ppo,0,12,122,36.934,76.6325,29.8758,-6.62163,-2.44063,-5.55931,96.9809,0.125,70.5904,0.323094
ppo,0,12,123,37.5909,77.6569,30.5746,-6.61588,-2.44481,-5.5475,98.3632,0.125,8.22613,0.323094
ppo,0,12,124,38.274,78.6966,31.2576,-6.60849,-2.44774,-5.53794,99.7634,0.125,33.798,0.323094
ppo,0,12,125,38.9383,79.76,31.9553,-6.60108,-2.4519,-5.52971,101.182,0.125,56.9431,0.323094
ppo,0,12,126,39.6141,80.8022,32.674,-6.59496,-2.45433,-5.52459,102.597,0.125,46.6718,0.323094
ppo,0,12,127,40.3136,81.8673,33.3771,-6.5878,-2.45909,-5.52418,104.038,0.125,20.3692,0.323094
ppo,0,12,128,40.9929,82.9504,34.1016,-6.58314,-2.46662,-5.52463,105.498,0.125,43.4342,0.323094
ppo,0,12,129,41.6974,84.0114,34.8406,-6.58157,-2.47451,-5.52718,106.959,0.125,19.4976,0.323094
ppo,0,12,130,42.4162,85.1003,35.5648,-6.57885,-2.48292,-5.52792,108.443,0.125,110.334,0.323094
ppo,0,12,131,43.117,86.1949,36.3169,-6.57429,-2.49029,-5.53059,109.934,0.125,21.2127,0.323094
ppo,0,12,132,43.8494,87.2747,37.0719,-6.57017,-2.49805,-5.53594,111.43,0.125,29.2178,0.323094
ppo,0,12,133,44.5791,88.3863,37.8156,-6.56621,-2.50487,-5.5411,112.946,0.125,48.5713,0.323094
ppo,0,12,134,45.3006,89.4869,38.5943,-6.56254,-2.50995,-5.54386,114.461,0.125,53.6929,0.323094
ppo,0,12,135,46.0546,90.5877,39.3615,-6.55459,-2.51727,-5.54733,115.987,0.125,26.4684,0.323094
ppo,0,12,136,46.7912,91.716,40.1364,-6.54805,-2.52511,-5.55174,117.532,0.125,42.6144,0.323094
ppo,0,12,137,47.5403,92.8245,40.9381,-6.54177,-2.53478,-5.55561,119.079,0.125,21.1131,0.323094
ppo,0,12,138,48.3103,93.9551,41.7238,-6.53581,-2.54546,-5.55873,120.649,0.125,41.4345,0.323094
ppo,0,12,139,49.0585,95.0998,42.5359,-6.53083,-2.55642,-5.5633,122.231,0.125,45.5705,0.323094
ppo,0,12,140,49.8389,96.2277,43.3543,-6.52777,-2.56979,-5.57058,123.822,0.125,80.816,0.323094
ppo,0,12,141,50.6176,97.3874,44.1634,-6.52188,-2.58349,-5.57898,125.433,0.125,94.3513,0.323094
ppo,0,12,142,51.396,98.5314,45.0069,-6.51368,-2.59935,-5.58838,127.047,0.125,95.6461,0.323094
ppo,0,12,143,52.2052,99.6876,45.834,-6.50454,-2.61316,-5.59632,128.675,0.125,42.6496,0.323094
ppo,0,12,144,52.992,100.867,46.6775,-6.49687,-2.62651,-5.60966,130.322,0.125,43.8136,0.323094
ppo,0,12,145,53.8053,102.025,47.5365,-6.48964,-2.64226,-5.62259,131.972,0.125,36.3577,0.323094
ppo,0,12,146,54.6172,103.22,48.3808,-6.48271,-2.65601,-5.63951,133.646,0.125,53.3077,0.323094
ppo,0,12,147,55.4257,104.411,49.2593,-6.47468,-2.66879,-5.65625,135.327,0.125,94.0924,0.323094
ppo,0,12,148,56.2642,105.609,50.1218,-6.46714,-2.68179,-5.67171,137.022,0.125,97.4711,0.323094
ppo,0,12,149,57.0833,106.832,51.0024,-6.46056,-2.69357,-5.68233,138.733,0.125,27.4213,0.323094
ppo,0,12,150,57.9281,108.033,51.8937,-6.45353,-2.70184,-5.695,140.441,0.125,86.9275,0.323094
ppo,0,12,151,58.77,109.27,52.7795,-6.44814,-2.71153,-5.70928,142.176,0.125,44.2403,0.323094
ppo,0,12,152,59.6093,110.491,53.6972,-6.44251,-2.71896,-5.72437,143.911,0.125,68.7335,0.323094
ppo,0,12,153,60.474,111.73,54.598,-6.43768,-2.72171,-5.73789,145.66,0.125,119.537,0.323094
ppo,0,12,154,61.3179,112.977,55.5245,-6.43474,-2.72221,-5.75437,147.418,0.125,14.5176,0.323094
ppo,0,12,155,62.1932,114.216,56.4456,-6.43056,-2.71801,-5.77046,149.176,0.125,85.5461,0.323094
ppo,0,12,156,63.0536,115.482,57.3683,-6.42394,-2.71755,-5.78908,150.954,0.125,34.3067,0.323094
ppo,0,12,157,63.9343,116.728,58.3118,-6.41568,-2.71668,-5.8094,152.734,0.125,21.4867,0.323094
ppo,0,12,158,64.8194,118.007,59.2432,-6.40627,-2.71337,-5.82765,154.534,0.125,66.477,0.323094
ppo,0,12,159,65.6982,119.276,60.2083,-6.39931,-2.71019,-5.84621,156.339,0.125,74.7351,0.323094
ppo,0,12,160,66.6023,120.559,61.1565,-6.39403,-2.70513,-5.86446,158.159,0.125,112.193,0.323094
ppo,0,12,161,67.4895,121.849,62.1347,-6.38651,-2.70019,-5.88457,159.99,0.125,184.267,0.323094
ppo,0,12,162,68.4125,123.14,63.1049,-6.37966,-2.69513,-5.9021,161.834,0.125,116.95,0.323094
ppo,0,12,163,69.3153,124.455,64.0897,-6.37044,-2.6901,-5.91861,163.693,0.125,175.854,0.323094
ppo,0,12,164,70.2455,125.756,65.0835,-6.36108,-2.68304,-5.93848,165.557,0.125,28.5407,0.323094
ppo,0,12,165,71.1635,127.089,66.0747,-6.34913,-2.67252,-5.95662,167.436,0.125,27.0248,0.323094
ppo,0,12,166,72.0984,128.402,67.0888,-6.33827,-2.65994,-5.97512,169.316,0.125,154.011,0.323094
ppo,0,12,167,73.036,129.751,68.0924,-6.33015,-2.64835,-5.99607,171.224,0.125,138.609,0.323094
ppo,0,12,168,73.9769,131.077,69.1256,-6.32724,-2.63806,-6.0171,173.133,0.125,138.538,0.323094
ppo,0,12,169,74.937,132.428,70.1383,-6.32627,-2.62446,-6.03793,175.059,0.125,65.2855,0.323094
ppo,0,12,170,75.8867,133.77,71.1836,-6.32493,-2.60973,-6.05912,176.988,0.125,168.581,0.323094
ppo,0,12,171,76.861,135.125,72.2145,-6.32508,-2.5945,-6.08229,178.933,0.125,153.054,0.323094
ppo,0,12,172,77.8198,136.481,73.2758,-6.32086,-2.57958,-6.10514,180.883,0.125,95.4993,0.323094
ppo,0,12,173,78.8114,137.841,74.3234,-6.31744,-2.56372,-6.12964,182.847,0.125,56.0147,0.323094
ppo,0,12,174,79.7843,139.213,75.3938,-6.31798,-2.54733,-6.15758,184.825,0.125,22.5418,0.323094
ppo,0,12,175,80.7888,140.586,76.4578,-6.32034,-2.5347,-6.18526,186.819,0.125,148.045,0.323094
ppo,0,12,176,81.7712,141.976,77.5425,-6.32131,-2.52274,-6.21206,188.825,0.125,277.888,0.323094
ppo,0,12,177,82.7871,143.359,78.6247,-6.32327,-2.51123,-6.23893,190.842,0.125,83.4957,0.323094
ppo,0,12,178,83.7807,144.761,79.7199,-6.32749,-2.50222,-6.26409,192.871,0.125,64.6858,0.323094
ppo,0,12,179,84.8102,146.151,80.8166,-6.33383,-2.49337,-6.28638,194.909,0.125,168.069,0.323094
ppo,0,12,180,85.8179,147.568,81.9303,-6.33908,-2.48231,-6.30779,196.962,0.125,184.844,0.323094
ppo,0,12,181,86.8613,148.976,83.0474,-6.34123,-2.46918,-6.33167,199.025,0.125,158.128,0.323094
ppo,0,12,182,87.8849,150.412,84.1791,-6.34839,-2.4539,-6.35535,201.108,0.125,72.1489,0.323094
ppo,0,12,183,88.9392,151.838,85.3125,-6.35598,-2.44037,-6.3775,203.2,0.125,86.2653,0.323094
ppo,0,12,184,89.9721,153.289,86.459,-6.36769,-2.42893,-6.39567,205.308,0.125,190.765,0.323094
ppo,0,12,185,91.0379,154.731,87.6061,-6.37806,-2.41765,-6.41446,207.425,0.125,66.5307,0.323094
ppo,0,12,186,92.0841,156.195,88.7686,-6.38687,-2.40834,-6.43579,209.56,0.125,153.468,0.323094
ppo,0,12,187,93.1609,157.656,89.9283,-6.39297,-2.4017,-6.45558,211.705,0.125,159.778,0.323094
ppo,0,12,188,94.2151,159.136,91.1093,-6.40104,-2.396,-6.4744,213.866,0.125,235.88,0.323094
ppo,0,12,189,95.3033,160.612,92.2813,-6.4119,-2.3917,-6.49074,216.037,0.125,182.034,0.323094
ppo,0,12,190,96.3701,162.103,93.4753,-6.42482,-2.38668,-6.50577,218.22,0.125,154.006,0.323094
ppo,0,12,191,97.4685,163.602,94.6558,-6.43343,-2.38199,-6.51657,220.414,0.125,284.807,0.323094
ppo,0,12,192,98.551,165.105,95.868,-6.44076,-2.37555,-6.52653,222.615,0.125,208.663,0.323094
ppo,0,12,193,99.6634,166.62,97.0636,-6.44939,-2.36979,-6.53732,224.835,0.125,115.262,0.323094
ppo,0,12,194,100.764,168.132,98.2914,-6.45808,-2.36561,-6.54569,227.061,0.125,78.6441,0.323094
ppo,0,12,195,101.884,169.668,99.5034,-6.46524,-2.36153,-6.55718,229.309,0.125,91.9674,0.323094
ppo,0,12,196,103,171.19,100.746,-6.47304,-2.35731,-6.56906,231.559,0.125,201.674,0.323094
ppo,0,12,197,104.122,172.745,101.973,-6.47946,-2.35358,-6.58283,233.83,0.125,186.506,0.323094
ppo,0,12,198,105.257,174.282,103.224,-6.48651,-2.34953,-6.5954,236.105,0.125,258.179,0.323094
ppo,0,12,199,106.387,175.854,104.47,-6.4947,-2.34386,-6.60359,238.4,0.125,198.735,0.323094
ppo,0,12,200,107.543,177.409,105.732,-6.50467,-2.34031,-6.61217,240.703,0.125,247.628,0.323094
ppo,0,12,201,108.681,178.991,106.998,-6.51192,-2.33596,-6.62128,243.019,0.125,41.6145,0.323094
ppo,0,12,202,109.853,180.565,108.267,-6.52075,-2.32926,-6.63274,245.347,0.125,59.0598,0.323094
ppo,0,12,203,111,182.152,109.564,-6.52638,-2.32403,-6.64365,247.686,0.125,298.522,0.323094
ppo,0,12,204,112.181,183.751,110.848,-6.53288,-2.31902,-6.65212,250.042,0.125,322.569,0.323094
ppo,0,12,205,113.352,185.343,112.166,-6.54457,-2.31687,-6.65988,252.41,0.125,193.46,0.323094
ppo,0,12,206,114.536,186.965,113.464,-6.55683,-2.31911,-6.6644,254.799,0.125,214.197,0.323094
ppo,0,12,207,115.732,188.566,114.789,-6.56734,-2.31887,-6.66765,257.189,0.125,275.441,0.323094
ppo,0,12,208,116.918,190.199,116.111,-6.57763,-2.31638,-6.67177,259.594,0.125,107.979,0.323094
ppo,0,12,209,118.134,191.817,117.443,-6.58582,-2.31503,-6.68009,262.009,0.125,266.217,0.323094
ppo,0,12,210,119.327,193.453,118.795,-6.59164,-2.31411,-6.68801,264.436,0.125,311.41,0.323094
ppo,0,12,211,120.549,195.093,120.136,-6.60134,-2.31083,-6.69432,266.874,0.125,77.3274,0.323094
ppo,0,12,212,121.759,196.727,121.511,-6.60883,-2.30625,-6.70399,269.317,0.125,124.059,0.323094
ppo,0,12,213,122.98,198.39,122.87,-6.61471,-2.30025,-6.71301,271.778,0.125,433.94,0.323094
ppo,0,12,214,124.217,200.032,124.248,-6.62121,-2.29272,-6.72552,274.241,0.125,61.1739,0.323094
ppo,0,12,215,125.435,201.705,125.632,-6.62803,-2.28509,-6.73582,276.72,0.125,273.7,0.323094
ppo,0,12,216,126.689,203.373,127.014,-6.63819,-2.27964,-6.74871,279.216,0.125,87.2674,0.323094
ppo,0,12,217,127.925,205.046,128.424,-6.6462,-2.27466,-6.76064,281.72,0.125,379.292,0.323094
ppo,0,12,218,129.179,206.741,129.815,-6.65652,-2.26917,-6.77141,284.241,0.125,249.134,0.323094
ppo,0,12,219,130.447,208.418,131.232,-6.66654,-2.2669,-6.77936,286.767,0.125,407.37,0.323094
ppo,0,12,220,131.702,210.124,132.649,-6.67508,-2.26287,-6.78929,289.308,0.125,310.403,0.323094
ppo,0,12,221,132.993,211.829,134.064,-6.68692,-2.26358,-6.7973,291.87,0.125,425.456,0.323094
ppo,0,12,222,134.269,213.534,135.51,-6.70022,-2.26519,-6.80309,294.44,0.125,275.139,0.323094
ppo,0,12,223,135.56,215.265,136.941,-6.71546,-2.26909,-6.80899,297.031,0.125,127.258,0.323094
ppo,0,12,224,136.869,216.976,138.397,-6.72994,-2.27232,-6.81181,299.626,0.125,318.336,0.323094
ppo,0,12,225,138.161,218.715,139.862,-6.73816,-2.27465,-6.81609,302.236,0.125,285.949,0.323094
ppo,0,12,226,139.483,220.458,141.311,-6.74916,-2.27595,-6.81931,304.855,0.125,34.4074,0.323094
ppo,0,12,227,140.797,222.193,142.794,-6.76306,-2.27624,-6.82273,307.483,0.125,347.217,0.323094
ppo,0,12,228,142.111,223.959,144.268,-6.77441,-2.2787,-6.82539,310.128,0.125,480.59,0.323094
ppo,0,12,229,143.457,225.712,145.749,-6.78207,-2.28448,-6.82781,312.784,0.125,325.361,0.323094
ppo,0,12,230,144.779,227.476,147.261,-6.79018,-2.29166,-6.83225,315.454,0.125,443.098,0.323094
ppo,0,12,231,146.119,229.266,148.756,-6.79865,-2.29682,-6.8335,318.14,0.125,159.861,0.323094
ppo,0,12,232,147.478,231.037,150.269,-6.80648,-2.30182,-6.83717,320.831,0.125,326.566,0.323094
ppo,0,12,233,148.811,232.833,151.795,-6.81235,-2.30606,-6.83921,323.533,0.125,124,0.323094
ppo,0,12,234,150.173,234.64,153.305,-6.81557,-2.31317,-6.84203,326.25,0.125,207.524,0.323094
ppo,0,12,235,151.536,236.43,154.847,-6.81985,-2.31963,-6.84342,328.971,0.125,373.419,0.323094
ppo,0,12,236,152.888,238.251,156.39,-6.82451,-2.32389,-6.84468,331.707,0.125,119.607,0.323094
ppo,0,12,237,154.274,240.07,157.925,-6.82721,-2.32732,-6.84657,334.455,0.125,260.729,0.323094
ppo,0,12,238,155.657,241.878,159.491,-6.8328,-2.33346,-6.85046,337.212,0.125,439.602,0.323094
ppo,0,12,239,157.027,243.716,161.054,-6.83983,-2.34071,-6.85312,339.984,0.125,255.926,0.323094
ppo,0,12,240,158.434,245.548,162.613,-6.84505,-2.34672,-6.85679,342.766,0.125,188.76,0.323094
ppo,0,12,241,159.829,247.374,164.206,-6.84974,-2.35051,-6.85952,345.554,0.125,249.675,0.323094
ppo,0,12,242,161.225,249.235,165.788,-6.85799,-2.3584,-6.85931,348.365,0.125,183.517,0.323094
ppo,0,12,243,162.657,251.088,167.367,-6.86546,-2.3656,-6.85733,351.185,0.125,274.384,0.323094
ppo,0,12,244,164.075,252.935,168.974,-6.87684,-2.37069,-6.85677,354.008,0.125,213.636,0.323094
ppo,0,12,245,165.489,254.815,170.572,-6.88705,-2.37969,-6.85677,356.852,0.125,361.151,0.323094
ppo,0,12,246,166.939,256.683,172.167,-6.89986,-2.39093,-6.85785,359.707,0.125,462.045,0.323094
ppo,0,12,247,168.378,258.544,173.796,-6.91505,-2.40339,-6.86053,362.572,0.125,245.237,0.323094
ppo,0,12,248,169.811,260.438,175.417,-6.9309,-2.41373,-6.86604,365.453,0.125,634.045,0.323094
ppo,0,12,249,171.276,262.329,177.031,-6.94731,-2.42099,-6.8691,368.341,0.125,232.09,0.323094
ppo,0,12,250,172.736,264.208,178.673,-6.96221,-2.42933,-6.87066,371.233,0.125,326.744,0.323094
ppo,0,12,251,174.184,266.116,180.317,-6.97832,-2.43444,-6.87064,374.137,0.125,263.733,0.323094
ppo,0,12,252,175.663,268.03,181.947,-6.99622,-2.43757,-6.87234,377.054,0.125,297.474,0.323094
ppo,0,12,253,177.151,269.924,183.607,-7.01089,-2.44041,-6.87414,379.975,0.125,462.818,0.323094
ppo,0,12,254,178.614,271.841,185.279,-7.02503,-2.44199,-6.87528,382.905,0.125,370.556,0.323094
ppo,0,12,255,180.102,273.778,186.932,-7.03886,-2.44373,-6.87415,385.851,0.125,470.452,0.323094
ppo,0,12,256,181.608,275.695,188.605,-7.05207,-2.44539,-6.86825,388.799,0.125,473.799,0.323094
ppo,0,12,257,183.095,277.624,190.302,-7.06788,-2.44804,-6.8622,391.76,0.125,304.205,0.323094
ppo,0,12,258,184.587,279.589,191.986,-7.08139,-2.45042,-6.85922,394.743,0.125,216.483,0.323094
ppo,0,12,259,186.112,281.543,193.666,-7.09453,-2.44662,-6.85391,397.727,0.125,420.441,0.323094
ppo,0,12,260,187.631,283.489,195.38,-7.10545,-2.44136,-6.84718,400.718,0.125,495.073,0.323094
ppo,0,12,261,189.135,285.473,197.098,-7.11656,-2.43575,-6.83931,403.728,0.125,488.342,0.323094
ppo,0,12,262,190.668,287.466,198.799,-7.1278,-2.43,-6.8312,406.751,0.125,738.978,0.323094
ppo,0,12,263,192.222,289.437,200.522,-7.14037,-2.42545,-6.82239,409.781,0.125,697.807,0.323094
ppo,0,12,264,193.753,291.419,202.274,-7.15071,-2.41974,-6.81213,412.82,0.125,521.984,0.323094
ppo,0,12,265,195.286,293.434,204.015,-7.15951,-2.41249,-6.80238,415.876,0.125,532.352,0.323094
ppo,0,12,266,196.851,295.444,205.75,-7.1665,-2.40531,-6.79401,418.942,0.125,217.809,0.323094
ppo,0,12,267,198.419,297.439,207.516,-7.1738,-2.39902,-6.7837,422.014,0.125,181.605,0.323094
ppo,0,12,268,199.965,299.459,209.3,-7.17911,-2.39137,-6.77315,425.099,0.125,397.368,0.323094
ppo,0,12,269,201.527,301.5,211.063,-7.18336,-2.38461,-6.76555,428.2,0.125,748.393,0.323094
ppo,0,12,270,203.122,303.527,212.833,-7.18715,-2.37485,-6.75933,431.307,0.125,261.586,0.323094
ppo,0,12,271,204.71,305.544,214.635,-7.19182,-2.36347,-6.75103,434.421,0.125,444.677,0.323094
ppo,0,12,272,206.28,307.591,216.445,-7.19665,-2.35122,-6.74044,437.548,0.125,568.604,0.323094
ppo,0,12,273,207.866,309.658,218.234,-7.20038,-2.34009,-6.73012,440.687,0.125,517.289,0.323094
ppo,0,12,274,209.485,311.712,220.033,-7.20484,-2.33126,-6.71949,443.841,0.125,605.745,0.323094
ppo,0,12,275,211.095,313.758,221.864,-7.20885,-2.32487,-6.71109,447.002,0.125,213.67,0.323094
ppo,0,12,276,212.688,315.829,223.703,-7.21357,-2.32193,-6.69946,450.18,0.125,547.207,0.323094
ppo,0,12,277,214.297,317.92,225.523,-7.22215,-2.31658,-6.69103,453.371,0.125,371.308,0.323094
ppo,0,12,278,215.938,319.995,227.347,-7.23095,-2.31309,-6.68145,456.571,0.125,692.89,0.323094
ppo,0,12,279,217.578,322.059,229.204,-7.23844,-2.30785,-6.67371,459.777,0.125,802.699,0.323094
ppo,0,12,280,219.198,324.152,231.079,-7.24402,-2.30348,-6.66312,463.002,0.125,339.282,0.323094
ppo,0,12,281,220.825,326.275,232.938,-7.24742,-2.30105,-6.65165,466.243,0.125,377.727,0.323094
ppo,0,12,282,222.485,328.394,234.792,-7.2498,-2.29909,-6.64148,469.496,0.125,664.418,0.323094
ppo,0,12,283,224.155,330.493,236.674,-7.24894,-2.29788,-6.63302,472.753,0.125,916.169,0.323094
ppo,0,12,284,225.804,332.602,238.583,-7.24655,-2.29489,-6.62662,476.021,0.125,826.063,0.323094
ppo,0,12,285,227.445,334.744,240.488,-7.24201,-2.29247,-6.61901,479.305,0.125,288.459,0.323094
ppo,0,12,286,229.113,336.899,242.378,-7.23817,-2.28853,-6.6124,482.604,0.125,597.88,0.323094
ppo,0,12,287,230.813,339.038,244.274,-7.23695,-2.2821,-6.60678,485.91,0.125,193.992,0.323094
ppo,0,12,288,232.506,341.168,246.204,-7.23336,-2.27549,-6.59888,489.222,0.125,256.553,0.323094
ppo,0,12,289,234.18,343.322,248.15,-7.22823,-2.26968,-6.59094,492.549,0.125,256.753,0.323094
ppo,0,12,290,235.854,345.507,250.083,-7.22304,-2.26423,-6.58365,495.892,0.125,614.375,0.323094
ppo,0,12,291,237.56,347.699,251.999,-7.21843,-2.25966,-6.57596,499.249,0.125,372.148,0.323094
ppo,0,12,292,239.292,349.876,253.934,-7.21536,-2.25204,-6.56755,502.614,0.125,286.04,0.323094
ppo,0,12,293,241.013,352.043,255.903,-7.21763,-2.24611,-6.56209,505.992,0.125,697.832,0.323094
ppo,0,12,294,242.713,354.237,257.892,-7.21556,-2.23831,-6.55922,509.385,0.125,528.583,0.323094
ppo,0,12,295,244.416,356.463,259.871,-7.21182,-2.23256,-6.55599,512.798,0.125,632.616,0.323094
ppo,0,12,296,246.148,358.7,261.839,-7.20443,-2.22627,-6.55039,516.224,0.125,937.635,0.323094
ppo,0,12,297,247.91,360.922,263.821,-7.19724,-2.21667,-6.54539,519.661,0.125,645.186,0.323094
ppo,0,12,298,249.669,363.13,265.838,-7.19101,-2.20512,-6.54064,523.103,0.125,504.829,0.323094
ppo,0,12,299,251.404,365.351,267.876,-7.18538,-2.19478,-6.53868,526.557,0.125,856.712,0.323094
ppo,0,13,0,0,0,0,11.3662,-1.78443,2.43229,11.7597,0.125,3.0849,0.371196
ppo,0,13,1,0.0164321,0.0185632,-0.024061,11.3432,-1.84561,2.4749,11.748,0.125,1.16989,0.371196
ppo,0,13,2,0.0528828,0.0573603,-0.0673223,11.3161,-1.90487,2.51722,11.7214,0.125,1.91553,0.371196
ppo,0,13,3,0.111648,0.118807,-0.128174,11.2877,-1.96554,2.55838,11.6819,0.125,1.86189,0.371196
ppo,0,13,4,0.184837,0.2017,-0.207146,11.2592,-2.02698,2.59976,11.6399,0.125,1.66429,0.371196
ppo,0,13,5,0.275914,0.312453,-0.304367,11.2268,-2.08717,2.64289,11.5917,0.125,1.65414,0.371196
ppo,0,13,6,0.378514,0.449077,-0.421403,11.195,-2.14667,2.68733,11.5498,0.125,0.579382,0.371196
ppo,0,13,7,0.494939,0.612762,-0.557413,11.1576,-2.20482,2.72895,11.5079,0.125,1.38818,0.371196
ppo,0,13,8,0.62008,0.805957,-0.710696,11.1171,-2.26099,2.7684,11.476,0.125,0.78304,0.371196
ppo,0,13,9,0.747853,1.03351,-0.878987,11.076,-2.31517,2.80561,11.4656,0.125,1.22663,0.371196
ppo,0,13,10,0.874494,1.29143,-1.059,11.0349,-2.36635,2.84629,11.4832,0.125,1.46846,0.371196
ppo,0,13,11,0.994739,1.58405,-1.24254,10.995,-2.41627,2.88965,11.5362,0.125,0.758877,0.371196
ppo,0,13,12,1.10539,1.91235,-1.43084,10.9523,-2.46246,2.9333,11.6253,0.125,2.06532,0.371196
ppo,0,13,13,1.19938,2.27335,-1.61481,10.9052,-2.50364,2.97364,11.7506,0.125,1.55247,0.371196
ppo,0,13,14,1.27599,2.6627,-1.79469,10.8525,-2.54294,3.01368,11.9134,0.125,1.45463,0.371196
ppo,0,13,15,1.33402,3.07479,-1.95866,10.7961,-2.57882,3.0552,12.1092,0.125,1.57046,0.371196
ppo,0,13,16,1.37511,3.5061,-2.10342,10.7402,-2.61506,3.101,12.3394,0.125,1.11918,0.371196
ppo,0,13,17,1.3953,3.95053,-2.22351,10.6826,-2.65165,3.14601,12.5966,0.125,1.04491,0.371196
ppo,0,13,18,1.39854,4.3972,-2.31405,10.6216,-2.68678,3.19052,12.8666,0.125,1.3684,0.371196
ppo,0,13,19,1.39073,4.84024,-2.3753,10.5569,-2.72125,3.23406,13.14,0.125,1.57352,0.371196
ppo,0,13,20,1.38128,5.27322,-2.40018,10.4911,-2.75036,3.27539,13.4007,0.125,1.12371,0.371196
ppo,0,13,21,1.38149,5.68974,-2.39566,10.4207,-2.78009,3.31436,13.64,0.125,1.72365,0.371196
ppo,0,13,22,1.39613,6.08753,-2.36915,10.3488,-2.8098,3.35295,13.8584,0.125,1.53043,0.371196
ppo,0,13,23,1.43593,6.46846,-2.3285,10.2777,-2.83895,3.38883,14.0532,0.125,1.87254,0.371196
ppo,0,13,24,1.50897,6.838,-2.28125,10.2072,-2.86482,3.42727,14.2264,0.125,2.12807,0.371196
ppo,0,13,25,1.61484,7.20378,-2.24331,10.1346,-2.888,3.46363,14.3875,0.125,2.61794,0.371196
ppo,0,13,26,1.75121,7.57368,-2.21896,10.0583,-2.90804,3.49805,14.5451,0.125,2.20955,0.371196
ppo,0,13,27,1.90792,7.96276,-2.21396,9.98228,-2.92693,3.52962,14.7231,0.125,1.57931,0.371196
ppo,0,13,28,2.07211,8.38041,-2.2285,9.90383,-2.94131,3.56079,14.9343,0.125,1.77824,0.371196
ppo,0,13,29,2.2332,8.83139,-2.25386,9.8221,-2.95373,3.59005,15.1866,0.125,2.57297,0.371196
ppo,0,13,30,2.38057,9.31181,-2.27887,9.73838,-2.961,3.61572,15.476,0.125,3.16332,0.371196
ppo,0,13,31,2.50753,9.81569,-2.28622,9.65522,-2.96427,3.63974,15.7966,0.125,1.15685,0.371196
ppo,0,13,32,2.61571,10.3268,-2.26528,9.57488,-2.96255,3.66326,16.1302,0.125,1.62346,0.371196
ppo,0,13,33,2.71744,10.8358,-2.21232,9.4936,-2.9606,3.68398,16.4628,0.125,1.90756,0.371196
ppo,0,13,34,2.8206,11.3323,-2.12792,9.41182,-2.95499,3.70525,16.7809,0.125,2.45191,0.371196
ppo,0,13,35,2.94383,11.8089,-2.0246,9.32931,-2.95071,3.72274,17.0778,0.125,3.25505,0.371196
ppo,0,13,36,3.09702,12.2726,-1.91204,9.24486,-2.94721,3.73788,17.3597,0.125,2.86994,0.371196
ppo,0,13,37,3.28352,12.7338,-1.81351,9.16228,-2.94376,3.74916,17.6434,0.125,2.7011,0.371196
ppo,0,13,38,3.49264,13.2097,-1.73506,9.08101,-2.93621,3.75709,17.9467,0.125,1.47031,0.371196
ppo,0,13,39,3.71173,13.718,-1.67617,8.99897,-2.9248,3.76467,18.2904,0.125,2.69064,0.371196
ppo,0,13,40,3.92136,14.2576,-1.62207,8.91613,-2.90916,3.7744,18.6753,0.125,1.66416,0.371196
ppo,0,13,41,4.1073,14.8213,-1.55551,8.83335,-2.89214,3.78364,19.0947,0.125,4.83511,0.371196
ppo,0,13,42,4.27433,15.3884,-1.45903,8.75119,-2.87187,3.78828,19.5196,0.125,4.22301,0.371196
ppo,0,13,43,4.43899,15.9466,-1.33052,8.66868,-2.84347,3.79242,19.9299,0.125,2.20902,0.371196
ppo,0,13,44,4.61678,16.4868,-1.18,8.58759,-2.80902,3.79338,20.3182,0.125,1.88763,0.371196
ppo,0,13,45,4.82797,17.0111,-1.02424,8.5094,-2.77249,3.79635,20.6926,0.125,4.72244,0.371196
ppo,0,13,46,5.07235,17.5346,-0.880406,8.43519,-2.73508,3.79918,21.0729,0.125,2.39467,0.371196
ppo,0,13,47,5.33843,18.0785,-0.75835,8.36054,-2.6928,3.80007,21.4792,0.125,1.85061,0.371196
ppo,0,13,48,5.59601,18.6529,-0.645736,8.2852,-2.65054,3.80117,21.9282,0.125,2.78209,0.371196
ppo,0,13,49,5.83567,19.252,-0.524238,8.21331,-2.60684,3.80264,22.4095,0.125,4.42304,0.371196
ppo,0,13,50,6.05652,19.8567,-0.370271,8.14189,-2.5639,3.80268,22.9008,0.125,3.33939,0.371196
ppo,0,13,51,6.27982,20.4492,-0.182946,8.07527,-2.52063,3.79874,23.3814,0.125,2.1625,0.371196
ppo,0,13,52,6.52991,21.0199,0.0242162,8.00675,-2.47372,3.79106,23.8395,0.125,1.7844,0.371196
ppo,0,13,53,6.81278,21.5844,0.226259,7.94403,-2.426,3.77863,24.2981,0.125,4.79871,0.371196
ppo,0,13,54,7.11713,22.1653,0.408078,7.88775,-2.38022,3.76196,24.7856,0.125,2.85483,0.371196
ppo,0,13,55,7.41564,22.7785,0.579314,7.83423,-2.33411,3.74675,25.315,0.125,2.38083,0.371196
ppo,0,13,56,7.6974,23.4178,0.763055,7.78142,-2.28539,3.72979,25.874,0.125,8.63654,0.371196
ppo,0,13,57,7.96373,24.0638,0.97947,7.73242,-2.23514,3.71042,26.4414,0.125,9.41631,0.371196
ppo,0,13,58,8.24255,24.693,1.22181,7.68654,-2.18501,3.68515,26.9964,0.125,3.94577,0.371196
ppo,0,13,59,8.55164,25.3072,1.47122,7.64155,-2.13186,3.66088,27.5413,0.125,2.90685,0.371196
ppo,0,13,60,8.88813,25.9271,1.70211,7.59966,-2.0778,3.63749,28.1012,0.125,3.52988,0.371196
ppo,0,13,61,9.22713,26.5775,1.91388,7.55782,-2.0184,3.61309,28.6949,0.125,5.05226,0.371196
ppo,0,13,62,9.54562,27.2587,2.13396,7.51905,-1.96219,3.58668,29.3271,0.125,5.04811,0.371196
ppo,0,13,63,9.84616,27.9431,2.3827,7.48451,-1.90766,3.55909,29.9672,0.125,3.60138,0.371196
ppo,0,13,64,10.1564,28.6089,2.66251,7.45137,-1.85294,3.53222,30.5941,0.125,8.77012,0.371196
ppo,0,13,65,10.5003,29.2641,2.94158,7.41934,-1.79648,3.50335,31.2181,0.125,3.75559,0.371196
ppo,0,13,66,10.8694,29.9291,3.19952,7.38851,-1.73746,3.47486,31.8585,0.125,4.34396,0.371196
ppo,0,13,67,11.2336,30.6259,3.4443,7.3591,-1.67971,3.44752,32.5371,0.125,3.81578,0.371196
ppo,0,13,68,11.5764,31.3402,3.70463,7.33195,-1.62218,3.4197,33.2358,0.125,9.51516,0.371196
ppo,0,13,69,11.9174,32.0468,3.9988,7.30443,-1.56657,3.38758,33.9339,0.125,6.88685,0.371196
ppo,0,13,70,12.2829,32.7355,4.30793,7.27892,-1.50985,3.35151,34.6222,0.125,8.29827,0.371196
ppo,0,13,71,12.6839,33.4298,4.60499,7.25529,-1.45176,3.31466,35.325,0.125,4.05236,0.371196
ppo,0,13,72,13.0869,34.1508,4.88673,7.23393,-1.39387,3.27381,36.0595,0.125,6.31014,0.371196
ppo,0,13,73,13.47,34.8929,5.18742,7.21584,-1.33856,3.23,36.8194,0.125,9.19615,0.371196
ppo,0,13,74,13.843,35.6273,5.52375,7.19838,-1.28441,3.18659,37.5778,0.125,10.0161,0.371196
ppo,0,13,75,14.2436,36.3432,5.87433,7.1833,-1.23066,3.14738,38.3286,0.125,4.90203,0.371196
ppo,0,13,76,14.6736,37.0672,6.21105,7.17106,-1.17915,3.10804,39.0985,0.125,15.6153,0.371196
ppo,0,13,77,15.1,37.8219,6.53186,7.15606,-1.13033,3.06869,39.9046,0.125,13.6527,0.371196
ppo,0,13,78,15.5024,38.596,6.87047,7.14077,-1.08225,3.02785,40.7314,0.125,6.88635,0.371196
ppo,0,13,79,15.9045,39.3582,7.2403,7.12815,-1.03533,2.9869,41.5542,0.125,12.3608,0.371196
ppo,0,13,80,16.3415,40.1078,7.61343,7.12004,-0.991438,2.94419,42.379,0.125,14.0487,0.371196
ppo,0,13,81,16.7997,40.8797,7.96415,7.11277,-0.949181,2.90473,43.233,0.125,9.97595,0.371196
ppo,0,13,82,17.2443,41.6823,8.31349,7.10802,-0.910157,2.86517,44.1196,0.125,11.8036,0.371196
ppo,0,13,83,17.6745,42.4877,8.69244,7.10258,-0.872717,2.8258,45.0146,0.125,9.22215,0.371196
ppo,0,13,84,18.1236,43.2724,9.09437,7.09942,-0.834944,2.78755,45.8995,0.125,12.2017,0.371196
ppo,0,13,85,18.6027,44.0617,9.4818,7.0951,-0.79712,2.7516,46.7978,0.125,10.3873,0.371196
ppo,0,13,86,19.0797,44.8823,9.8578,7.08957,-0.760384,2.714,47.729,0.125,12.6727,0.371196
ppo,0,13,87,19.5334,45.7151,10.2615,7.08429,-0.727048,2.676,48.6765,0.125,5.09698,0.371196
ppo,0,13,88,19.999,46.5335,10.6902,7.0803,-0.692275,2.6392,49.6184,0.125,6.25075,0.371196
ppo,0,13,89,20.5001,47.3489,11.1074,7.07501,-0.659591,2.59919,50.5711,0.125,10.7417,0.371196
ppo,0,13,90,21.0002,48.1935,11.51,7.074,-0.628132,2.55669,51.5524,0.125,8.80177,0.371196
ppo,0,13,91,21.4766,49.0524,11.9314,7.0739,-0.59875,2.51038,52.5494,0.125,22.2683,0.371196
ppo,0,13,92,21.9641,49.8892,12.3793,7.07537,-0.571011,2.4653,53.5368,0.125,13.0866,0.371196
ppo,0,13,93,22.4863,50.7221,12.8191,7.07709,-0.542683,2.41793,54.5317,0.125,14.5519,0.371196
ppo,0,13,94,23.0081,51.5849,13.2425,7.08095,-0.514702,2.37022,55.554,0.125,16.5562,0.371196
ppo,0,13,95,23.5091,52.4627,13.6946,7.08498,-0.484317,2.32377,56.59,0.125,13.1624,0.371196
ppo,0,13,96,24.0265,53.3211,14.1679,7.08805,-0.454458,2.27786,57.6202,0.125,29.8493,0.371196
ppo,0,13,97,24.5748,54.1858,14.6258,7.09598,-0.426011,2.22852,58.6656,0.125,19.7627,0.371196
ppo,0,13,98,25.1133,55.0836,15.076,7.1053,-0.3977,2.17684,59.7398,0.125,15.5538,0.371196
ppo,0,13,99,25.6368,55.9799,15.5592,7.11672,-0.36839,2.13031,60.8149,0.125,14.7789,0.371196
ppo,0,13,100,26.1872,56.861,16.0538,7.12784,-0.340907,2.08663,61.8903,0.125,45.8454,0.371196
ppo,0,13,101,26.7574,57.7654,16.5295,7.13844,-0.314012,2.04378,62.9918,0.125,8.64014,0.371196
ppo,0,13,102,27.3049,58.6987,17.0143,7.1502,-0.288653,2.00287,64.1175,0.125,15.4533,0.371196
ppo,0,13,103,27.8537,59.6157,17.5293,7.16255,-0.261171,1.96604,65.2348,0.125,36.1356,0.371196
ppo,0,13,104,28.4379,60.5267,18.0359,7.17563,-0.231727,1.9278,66.3562,0.125,14.2008,0.371196
ppo,0,13,105,29.0189,61.4695,18.5323,7.19105,-0.20427,1.88576,67.5071,0.125,44.8066,0.371196
ppo,0,13,106,29.5839,62.415,19.0572,7.20718,-0.178783,1.84481,68.6656,0.125,29.8325,0.371196
ppo,0,13,107,30.1767,63.3423,19.5981,7.22484,-0.153279,1.80441,69.8219,0.125,26.6074,0.371196
ppo,0,13,108,30.7899,64.2909,20.1211,7.24582,-0.126614,1.7645,70.9993,0.125,20.0846,0.371196
ppo,0,13,109,31.386,65.2587,20.6591,7.26665,-0.102484,1.72645,72.1961,0.125,15.7594,0.371196
ppo,0,13,110,31.9956,66.205,21.2237,7.28727,-0.0808824,1.69348,73.3876,0.125,17.6506,0.371196
ppo,0,13,111,32.6354,67.1573,21.7678,7.31019,-0.060381,1.66196,74.591,0.125,11.0786,0.371196
ppo,0,13,112,33.2589,68.1402,22.3127,7.33358,-0.0421899,1.63047,75.8203,0.125,12.8119,0.371196
ppo,0,13,113,33.882,69.1129,22.8882,7.3573,-0.024938,1.59626,77.0516,0.125,29.3642,0.371196
ppo,0,13,114,34.5381,70.0833,23.4577,7.37961,-0.0125558,1.56069,78.2974,0.125,22.006,0.371196
ppo,0,13,115,35.1877,71.0858,24.0161,7.40535,-0.00208288,1.52506,79.5688,0.125,26.7643,0.371196
ppo,0,13,116,35.828,72.0846,24.6097,7.43018,0.00908174,1.49027,80.8444,0.125,19.1979,0.371196
ppo,0,13,117,36.4976,73.076,25.1982,7.45864,0.0230517,1.45261,82.1209,0.125,26.5884,0.371196
ppo,0,13,118,37.1621,74.1004,25.7769,7.49149,0.0370599,1.41591,83.4217,0.125,17.6031,0.371196
ppo,0,13,119,37.8141,75.1245,26.3877,7.52223,0.0484867,1.38009,84.7313,0.125,40.9015,0.371196
ppo,0,13,120,38.4997,76.1343,26.9977,7.55426,0.0582698,1.34477,86.0421,0.125,25.3103,0.371196
ppo,0,13,121,39.1828,77.1769,27.5938,7.5859,0.0644552,1.31104,87.3812,0.125,26.0093,0.371196
ppo,0,13,122,39.8523,78.2223,28.2233,7.6179,0.0687272,1.27789,88.7304,0.125,61.078,0.371196
ppo,0,13,123,40.5568,79.2551,28.8513,7.65067,0.0737807,1.24469,90.0812,0.125,10.9707,0.371196
ppo,0,13,124,41.2565,80.3189,29.4724,7.6863,0.0763102,1.2152,91.4565,0.125,33.449,0.371196
ppo,0,13,125,41.946,81.381,30.1262,7.72205,0.0761425,1.18694,92.8398,0.125,23.3195,0.371196
ppo,0,13,126,42.6672,82.4335,30.7783,7.75857,0.0715935,1.15915,94.2305,0.125,37.1918,0.371196
ppo,0,13,127,43.3812,83.5184,31.4235,7.79477,0.0624378,1.13397,95.6491,0.125,28.5481,0.371196
ppo,0,13,128,44.0948,84.5936,32.1019,7.83262,0.053374,1.11131,97.0691,0.125,23.193,0.371196
ppo,0,13,129,44.8368,85.6701,32.7656,7.86944,0.0409325,1.09053,98.5,0.125,19.1411,0.371196
ppo,0,13,130,45.5612,86.7785,33.4317,7.90675,0.0255326,1.07044,99.956,0.125,30.2092,0.371196
ppo,0,13,131,46.2926,87.8731,34.126,7.94155,0.0080715,1.04947,101.416,0.125,67.5706,0.371196
ppo,0,13,132,47.0507,88.9811,34.8021,7.97378,-0.0111805,1.02573,102.895,0.125,19.6046,0.371196
ppo,0,13,133,47.789,90.1114,35.4964,8.0056,-0.033897,1.00239,104.397,0.125,42.0143,0.371196
ppo,0,13,134,48.5504,91.2235,36.2073,8.03765,-0.0571634,0.978298,105.899,0.125,13.6287,0.371196
ppo,0,13,135,49.3197,92.3607,36.902,8.07135,-0.0793619,0.956172,107.418,0.125,19.8913,0.371196
ppo,0,13,136,50.0741,93.5,37.6249,8.1077,-0.10188,0.935013,108.943,0.125,10.769,0.371196
ppo,0,13,137,50.8587,94.6281,38.3417,8.1444,-0.125898,0.919618,110.468,0.125,55.7249,0.371196
ppo,0,13,138,51.6327,95.7868,39.0532,8.18019,-0.148757,0.904787,112.014,0.125,77.4625,0.371196
ppo,0,13,139,52.41,96.9352,39.7976,8.21706,-0.172241,0.893613,113.562,0.125,95.9419,0.371196
ppo,0,13,140,53.2134,98.0952,40.5217,8.24986,-0.199589,0.885742,115.129,0.125,85.8566,0.371196
ppo,0,13,141,53.9958,99.2714,41.2634,8.28333,-0.225867,0.878248,116.706,0.125,115.126,0.371196
ppo,0,13,142,54.81,100.435,42.0171,8.31331,-0.250612,0.87292,118.289,0.125,37.6264,0.371196
ppo,0,13,143,55.6189,101.63,42.7562,8.34328,-0.278534,0.867483,119.895,0.125,31.6258,0.371196
ppo,0,13,144,56.4243,102.815,43.5294,8.37323,-0.309053,0.865423,121.506,0.125,67.6402,0.371196
ppo,0,13,145,57.2614,104.008,44.2867,8.40182,-0.33955,0.861006,123.132,0.125,41.4236,0.371196
ppo,0,13,146,58.0797,105.218,45.0595,8.42695,-0.370209,0.855127,124.773,0.125,50.5348,0.371196
ppo,0,13,147,58.9305,106.411,45.8425,8.45008,-0.401132,0.849883,126.418,0.125,116.508,0.371196
ppo,0,13,148,59.7787,107.633,46.6155,8.47272,-0.432289,0.844985,128.083,0.125,41.3855,0.371196
ppo,0,13,149,60.6243,108.843,47.4188,8.49434,-0.463646,0.842337,129.749,0.125,92.6985,0.371196
ppo,0,13,150,61.4974,110.067,48.2036,8.51443,-0.494546,0.837328,131.432,0.125,64.0034,0.371196
ppo,0,13,151,62.3503,111.304,49.0134,8.53569,-0.529597,0.831491,133.133,0.125,32.4865,0.371196
ppo,0,13,152,63.2352,112.528,49.8191,8.55392,-0.564844,0.825769,134.835,0.125,60.5484,0.371196
ppo,0,13,153,64.1077,113.785,50.6226,8.5737,-0.598846,0.822839,136.556,0.125,154.686,0.371196
ppo,0,13,154,64.9932,115.026,51.4476,8.59302,-0.634898,0.818753,138.281,0.125,63.7107,0.371196
ppo,0,13,155,65.8852,116.293,52.2549,8.61045,-0.666726,0.813961,140.022,0.125,18.0705,0.371196
ppo,0,13,156,66.7677,117.553,53.0967,8.62638,-0.69695,0.810285,141.765,0.125,13.5018,0.371196
ppo,0,13,157,67.6776,118.826,53.9252,8.64581,-0.727075,0.80631,143.524,0.125,21.2721,0.371196
ppo,0,13,158,68.5666,120.113,54.7706,8.66382,-0.757594,0.801948,145.295,0.125,110.774,0.371196
ppo,0,13,159,69.4892,121.394,55.617,8.68045,-0.78712,0.798812,147.074,0.125,73.8359,0.371196
ppo,0,13,160,70.3951,122.704,56.4659,8.69661,-0.818151,0.797381,148.874,0.125,75.8938,0.371196
ppo,0,13,161,71.3212,123.994,57.3366,8.70837,-0.851204,0.794891,150.677,0.125,72.8263,0.371196
ppo,0,13,162,72.2444,125.313,58.1911,8.72014,-0.884642,0.795768,152.498,0.125,94.8838,0.371196
ppo,0,13,163,73.1757,126.619,59.08,8.73034,-0.919491,0.795497,154.326,0.125,123.961,0.371196
ppo,0,13,164,74.1249,127.95,59.949,8.7387,-0.952334,0.79545,156.174,0.125,13.9533,0.371196
ppo,0,13,165,75.061,129.281,60.8508,8.74769,-0.986773,0.79711,158.031,0.125,151.488,0.371196
ppo,0,13,166,76.0275,130.622,61.7378,8.75404,-1.01978,0.79852,159.903,0.125,72.17,0.371196
ppo,0,13,167,76.9714,131.976,62.6505,8.75804,-1.05211,0.802324,161.786,0.125,79.0952,0.371196
ppo,0,13,168,77.9431,133.325,63.5574,8.76472,-1.08293,0.808247,163.672,0.125,64.3808,0.371196
ppo,0,13,169,78.8912,134.696,64.4794,8.76917,-1.1143,0.814648,165.574,0.125,192.091,0.371196
ppo,0,13,170,79.869,136.057,65.4028,8.77168,-1.14625,0.82408,167.482,0.125,58.909,0.371196
ppo,0,13,171,80.8293,137.447,66.3341,8.76928,-1.17979,0.832839,169.412,0.125,80.6812,0.371196
ppo,0,13,172,81.8127,138.82,67.2827,8.76491,-1.21037,0.840422,171.345,0.125,202.749,0.371196
ppo,0,13,173,82.7823,140.224,68.2259,8.75799,-1.23661,0.848198,173.293,0.125,83.6163,0.371196
ppo,0,13,174,83.7756,141.609,69.1894,8.74832,-1.26243,0.857019,175.245,0.125,119.449,0.371196
ppo,0,13,175,84.7649,143.026,70.1447,8.73874,-1.29005,0.864367,177.22,0.125,205.182,0.371196
ppo,0,13,176,85.7697,144.422,71.1267,8.72993,-1.31411,0.8722,179.192,0.125,197.093,0.371196
ppo,0,13,177,86.7724,145.853,72.0953,8.71918,-1.33801,0.880315,181.188,0.125,174.48,0.371196
ppo,0,13,178,87.7866,147.268,73.0902,8.71006,-1.35876,0.886641,183.184,0.125,193.653,0.371196
ppo,0,13,179,88.8013,148.716,74.0723,8.70265,-1.38006,0.896316,185.201,0.125,75.5045,0.371196
ppo,0,13,180,89.8279,150.148,75.0828,8.69342,-1.40139,0.905474,187.223,0.125,149.427,0.371196
ppo,0,13,181,90.8597,151.613,76.0769,8.68488,-1.42244,0.91466,189.266,0.125,164.887,0.371196
ppo,0,13,182,91.9006,153.058,77.1002,8.67448,-1.43784,0.926619,191.306,0.125,190.443,0.371196
ppo,0,13,183,92.9423,154.536,78.1069,8.65946,-1.44956,0.935716,193.366,0.125,59.1224,0.371196
ppo,0,13,184,93.9925,155.998,79.1423,8.64312,-1.46239,0.944804,195.43,0.125,217.707,0.371196
ppo,0,13,185,95.0409,157.493,80.1617,8.62894,-1.47414,0.953661,197.513,0.125,248.377,0.371196
ppo,0,13,186,96.1061,158.968,81.2065,8.61418,-1.48574,0.963223,199.597,0.125,171.173,0.371196
ppo,0,13,187,97.1655,160.478,82.2438,8.59904,-1.49429,0.972403,201.703,0.125,184.864,0.371196
ppo,0,13,188,98.244,161.97,83.2986,8.58309,-1.50503,0.983568,203.811,0.125,151.37,0.371196
ppo,0,13,189,99.3133,163.494,84.3449,8.56808,-1.5145,0.994864,205.936,0.125,257.324,0.371196
ppo,0,13,190,100.408,165.003,85.4086,8.55291,-1.5242,1.00673,208.068,0.125,100.325,0.371196
ppo,0,13,191,101.487,166.542,86.4744,8.53558,-1.53415,1.01851,210.22,0.125,133.541,0.371196
ppo,0,13,192,102.599,168.069,87.5439,8.51445,-1.54094,1.02779,212.378,0.125,104.183,0.371196
ppo,0,13,193,103.69,169.621,88.627,8.49084,-1.54957,1.03615,214.556,0.125,128.233,0.371196
ppo,0,13,194,104.815,171.165,89.7039,8.4678,-1.55456,1.03936,216.74,0.125,89.9795,0.371196
ppo,0,13,195,105.917,172.725,90.8053,8.44255,-1.55763,1.04165,218.936,0.125,352.361,0.371196
ppo,0,13,196,107.051,174.294,91.8881,8.41772,-1.56139,1.03966,221.149,0.125,185.33,0.371196
ppo,0,13,197,108.168,175.866,93.0063,8.39447,-1.56259,1.03702,223.369,0.125,171.238,0.371196
ppo,0,13,198,109.306,177.456,94.1014,8.37341,-1.56531,1.03514,225.605,0.125,110.89,0.371196
ppo,0,13,199,110.44,179.036,95.235,8.35317,-1.56548,1.03622,227.842,0.125,105.148,0.371196
ppo,0,13,200,111.576,180.643,96.3509,8.33282,-1.56009,1.03882,230.09,0.125,150.777,0.371196
ppo,0,13,201,112.725,182.232,97.4941,8.31547,-1.55197,1.03982,232.339,0.125,236.524,0.371196
ppo,0,13,202,113.86,183.852,98.6346,8.29917,-1.54225,1.03927,234.604,0.125,191.918,0.371196
ppo,0,13,203,115.025,185.458,99.7848,8.28476,-1.53089,1.03784,236.874,0.125,238.623,0.371196
ppo,0,13,204,116.173,187.085,100.954,8.27253,-1.51758,1.0362,239.159,0.125,303.415,0.371196
ppo,0,13,205,117.352,188.714,102.109,8.26203,-1.50207,1.03263,241.453,0.125,152.98,0.371196
ppo,0,13,206,118.513,190.345,103.297,8.25241,-1.48815,1.0279,243.755,0.125,241.43,0.371196
ppo,0,13,207,119.691,192.001,104.463,8.2449,-1.47213,1.01846,246.075,0.125,310.503,0.371196
ppo,0,13,208,120.878,193.642,105.656,8.23483,-1.45663,1.01128,248.4,0.125,302.437,0.371196
ppo,0,13,209,122.054,195.316,106.843,8.22462,-1.4406,1.00414,250.743,0.125,434.163,0.371196
ppo,0,13,210,123.256,196.974,108.037,8.21312,-1.42295,0.997789,253.088,0.125,309.902,0.371196
ppo,0,13,211,124.439,198.651,109.251,8.20181,-1.40645,0.991381,255.449,0.125,380.809,0.371196
ppo,0,13,212,125.652,200.333,110.451,8.19226,-1.38871,0.984448,257.82,0.125,316.593,0.371196
ppo,0,13,213,126.858,202.009,111.683,8.18427,-1.37104,0.976233,260.198,0.125,254.346,0.371196
ppo,0,13,214,128.068,203.715,112.897,8.17779,-1.35412,0.965443,262.594,0.125,160.769,0.371196
ppo,0,13,215,129.298,205.401,114.132,8.17112,-1.33613,0.954154,264.993,0.125,143.894,0.371196
ppo,0,13,216,130.507,207.115,115.377,8.1651,-1.31528,0.943912,267.406,0.125,351.465,0.371196
ppo,0,13,217,131.751,208.828,116.614,8.16322,-1.29413,0.930216,269.83,0.125,78.1229,0.371196
ppo,0,13,218,132.982,210.541,117.882,8.16182,-1.27838,0.917707,272.265,0.125,252.218,0.371196
ppo,0,13,219,134.222,212.285,119.133,8.16117,-1.25938,0.905113,274.719,0.125,304.976,0.371196
ppo,0,13,220,135.479,214.007,120.402,8.15928,-1.24001,0.89039,277.172,0.125,208.835,0.371196
ppo,0,13,221,136.719,215.752,121.682,8.15958,-1.22248,0.877969,279.641,0.125,430.709,0.371196
ppo,0,13,222,137.993,217.501,122.949,8.16147,-1.2071,0.868061,282.123,0.125,305.484,0.371196
ppo,0,13,223,139.259,219.246,124.249,8.16286,-1.18953,0.860473,284.61,0.125,227.373,0.371196
ppo,0,13,224,140.527,221.022,125.534,8.16054,-1.17577,0.852823,287.12,0.125,143.327,0.371196
ppo,0,13,225,141.821,222.78,126.828,8.15897,-1.16221,0.844917,289.634,0.125,404.82,0.371196
ppo,0,13,226,143.094,224.55,128.143,8.15916,-1.15195,0.839036,292.156,0.125,287.229,0.371196
ppo,0,13,227,144.39,226.339,129.434,8.16029,-1.14549,0.834849,294.696,0.125,239.88,0.371196
ppo,0,13,228,145.697,228.114,130.751,8.16084,-1.14009,0.828647,297.243,0.125,217.169,0.371196
ppo,0,13,229,146.985,229.918,132.073,8.1612,-1.13555,0.822409,299.807,0.125,418.809,0.371196
ppo,0,13,230,148.305,231.72,133.387,8.16304,-1.13288,0.814033,302.384,0.125,351.651,0.371196
ppo,0,13,231,149.618,233.515,134.737,8.16007,-1.13065,0.803183,304.971,0.125,307.767,0.371196
ppo,0,13,232,150.926,235.345,136.077,8.16016,-1.12683,0.792726,307.576,0.125,417.921,0.371196
ppo,0,13,233,152.265,237.161,137.418,8.16161,-1.12019,0.783479,310.182,0.125,478.75,0.371196
ppo,0,13,234,153.584,238.979,138.79,8.16488,-1.11147,0.771276,312.793,0.125,483.192,0.371196
ppo,0,13,235,154.907,240.826,140.143,8.17246,-1.10203,0.758531,315.418,0.125,498.612,0.371196
ppo,0,13,236,156.256,242.656,141.508,8.18184,-1.09239,0.746491,318.046,0.125,538.939,0.371196
ppo,0,13,237,157.587,244.501,142.897,8.18968,-1.08579,0.738968,320.689,0.125,552.747,0.371196
ppo,0,13,238,158.93,246.371,144.265,8.19588,-1.07576,0.731556,323.346,0.125,177.002,0.371196
ppo,0,13,239,160.298,248.226,145.65,8.20075,-1.06519,0.720594,326.012,0.125,342.528,0.371196
ppo,0,13,240,161.644,250.099,147.061,8.20637,-1.05306,0.712838,328.691,0.125,140.291,0.371196
ppo,0,13,241,163.008,251.992,148.457,8.21145,-1.04246,0.707475,331.389,0.125,372.61,0.371196
ppo,0,13,242,164.398,253.866,149.87,8.21808,-1.02727,0.702142,334.087,0.125,369.242,0.371196
ppo,0,13,243,165.764,255.758,151.306,8.22338,-1.01106,0.692844,336.8,0.125,476.398,0.371196
ppo,0,13,244,167.146,257.674,152.722,8.23044,-0.998514,0.680604,339.532,0.125,617.019,0.371196
ppo,0,13,245,168.551,259.573,154.157,8.23778,-0.99038,0.668539,342.276,0.125,310.666,0.371196
ppo,0,13,246,169.937,261.485,155.617,8.2427,-0.983124,0.655314,345.032,0.125,191.943,0.371196
ppo,0,13,247,171.334,263.422,157.057,8.24668,-0.970222,0.644575,347.801,0.125,513.612,0.371196
ppo,0,13,248,172.76,265.344,158.504,8.25252,-0.958078,0.631717,350.575,0.125,205.771,0.371196
ppo,0,13,249,174.171,267.272,159.983,8.26373,-0.946645,0.61926,353.36,0.125,253.106,0.371196
ppo,0,13,250,175.585,269.233,161.444,8.27594,-0.936434,0.605695,356.164,0.125,344.518,0.371196
ppo,0,13,251,177.03,271.181,162.905,8.28625,-0.926231,0.591555,358.974,0.125,433.894,0.371196
ppo,0,13,252,178.464,273.127,164.395,8.29643,-0.917829,0.577975,361.793,0.125,436.72,0.371196
ppo,0,13,253,179.89,275.106,165.879,8.3066,-0.909213,0.56732,364.628,0.125,274.655,0.371196
ppo,0,13,254,181.349,277.086,167.349,8.31901,-0.903826,0.554813,367.475,0.125,594.223,0.371196
ppo,0,13,255,182.808,279.048,168.85,8.33214,-0.901773,0.54061,370.327,0.125,675.345,0.371196
ppo,0,13,256,184.25,281.038,170.358,8.34777,-0.899025,0.524637,373.194,0.125,585.822,0.371196
ppo,0,13,257,185.715,283.044,171.847,8.36342,-0.89658,0.51007,376.074,0.125,438.795,0.371196
ppo,0,13,258,187.203,285.032,173.353,8.37766,-0.895917,0.497714,378.962,0.125,143.322,0.371196
ppo,0,13,259,188.672,287.029,174.885,8.39231,-0.894114,0.482879,381.859,0.125,170.352,0.371196
ppo,0,13,260,190.142,289.054,176.399,8.40897,-0.893793,0.466836,384.771,0.125,387.311,0.371196
ppo,0,13,261,191.641,291.076,177.908,8.42577,-0.893033,0.452265,387.691,0.125,306.562,0.371196
ppo,0,13,262,193.146,293.088,179.447,8.43986,-0.891621,0.437248,390.621,0.125,217.705,0.371196
ppo,0,13,263,194.63,295.128,180.998,8.45186,-0.890759,0.426665,393.567,0.125,583.663,0.371196
ppo,0,13,264,196.131,297.187,182.528,8.46584,-0.889113,0.412771,396.527,0.125,414.464,0.371196
ppo,0,13,265,197.657,299.231,184.068,8.48182,-0.888049,0.399802,399.491,0.125,663.502,0.371196
ppo,0,13,266,199.169,301.277,185.64,8.49368,-0.887261,0.389755,402.465,0.125,538.057,0.371196
ppo,0,13,267,200.668,303.354,187.214,8.5073,-0.884484,0.378983,405.455,0.125,392.364,0.371196
ppo,0,13,268,202.196,305.443,188.768,8.52136,-0.881826,0.367979,408.46,0.125,159.045,0.371196
ppo,0,13,269,203.746,307.518,190.343,8.53539,-0.877824,0.360145,411.472,0.125,475.304,0.371196
ppo,0,13,270,205.28,309.599,191.948,8.55174,-0.873504,0.35314,414.493,0.125,786.769,0.371196
ppo,0,13,271,206.801,311.715,193.542,8.56922,-0.868904,0.344758,417.528,0.125,559.699,0.371196
ppo,0,13,272,208.351,313.839,195.119,8.5894,-0.864763,0.338959,420.573,0.125,514.557,0.371196
ppo,0,13,273,209.923,315.945,196.715,8.61044,-0.862755,0.333399,423.627,0.125,842.719,0.371196
ppo,0,13,274,211.477,318.061,198.341,8.63297,-0.857998,0.325077,426.691,0.125,442.048,0.371196
ppo,0,13,275,213.023,320.21,199.962,8.65606,-0.853243,0.318221,429.773,0.125,597.4,0.371196
ppo,0,13,276,214.596,322.368,201.565,8.67774,-0.848473,0.314535,432.866,0.125,612.151,0.371196
ppo,0,13,277,216.193,324.508,203.183,8.69937,-0.846335,0.309237,435.966,0.125,78.8072,0.371196
ppo,0,13,278,217.778,326.643,204.835,8.72307,-0.843127,0.304107,439.072,0.125,297.433,0.371196
ppo,0,13,279,219.349,328.814,206.486,8.7473,-0.84262,0.299901,442.198,0.125,761.583,0.371196
ppo,0,13,280,220.938,331.001,208.117,8.77105,-0.842338,0.296059,445.336,0.125,757.108,0.371196
ppo,0,13,281,222.559,333.176,209.75,8.79646,-0.841543,0.29347,448.48,0.125,735.283,0.371196
ppo,0,13,282,224.182,335.339,211.417,8.82148,-0.843534,0.292793,451.633,0.125,589.056,0.371196
ppo,0,13,283,225.782,337.528,213.101,8.84718,-0.849974,0.290147,454.807,0.125,219.402,0.371196
ppo,0,13,284,227.385,339.75,214.769,8.87166,-0.859068,0.291432,457.999,0.125,733.277,0.371196
ppo,0,13,285,229.02,341.977,216.42,8.89248,-0.868816,0.294786,461.205,0.125,462.191,0.371196
ppo,0,13,286,230.674,344.182,218.089,8.91409,-0.881451,0.297808,464.413,0.125,716.816,0.371196
ppo,0,13,287,232.318,346.386,219.793,8.93489,-0.8913,0.300552,467.631,0.125,330.681,0.371196
ppo,0,13,288,233.946,348.616,221.501,8.95674,-0.900957,0.304769,470.862,0.125,527.326,0.371196
ppo,0,13,289,235.585,350.872,223.188,8.98139,-0.913348,0.310424,474.106,0.125,583.273,0.371196
ppo,0,13,290,237.256,353.126,224.867,9.00489,-0.927496,0.316825,477.363,0.125,133.076,0.371196
ppo,0,13,291,238.949,355.365,226.569,9.03181,-0.940833,0.321901,480.628,0.125,443.629,0.371196
ppo,0,13,292,240.626,357.612,228.297,9.05696,-0.953141,0.329286,483.903,0.125,745.488,0.371196
ppo,0,13,293,242.285,359.886,230.033,9.08437,-0.969004,0.338029,487.194,0.125,301.918,0.371196
ppo,0,13,294,243.953,362.188,231.75,9.11029,-0.983357,0.346858,490.502,0.125,514.524,0.371196
ppo,0,13,295,245.65,364.489,233.456,9.1399,-0.996897,0.356755,493.814,0.125,973.034,0.371196
ppo,0,13,296,247.374,366.774,235.182,9.16979,-1.0114,0.367544,497.137,0.125,535.436,0.371196
ppo,0,13,297,249.09,369.056,236.942,9.1982,-1.02906,0.377626,500.473,0.125,1033.54,0.371196
ppo,0,13,298,250.785,371.36,238.718,9.22443,-1.0459,0.388605,503.824,0.125,590.421,0.371196
ppo,0,13,299,252.476,373.699,240.483,9.24811,-1.05966,0.400535,507.191,0.125,504.722,0.371196
ppo,0,14,0,0,0,0,-1.05076,-3.22143,10.6297,11.1567,0.125,1.10094,0.275579
ppo,0,14,1,0.0243711,0.0244451,-0.0225251,-1.00502,-3.1876,10.6408,11.1841,0.125,0.825853,0.275579
ppo,0,14,2,0.0687851,0.0708859,-0.0658206,-0.958035,-3.15295,10.6491,11.2364,0.125,0.374862,0.275579
ppo,0,14,3,0.130784,0.136108,-0.127279,-0.91237,-3.11936,10.6577,11.3138,0.125,1.19423,0.275579
ppo,0,14,4,0.211627,0.22447,-0.21126,-0.869052,-3.08373,10.6633,11.4178,0.125,0.865165,0.275579
ppo,0,14,5,0.310259,0.335259,-0.312678,-0.823789,-3.05029,10.6654,11.5441,0.125,0.890729,0.275579
ppo,0,14,6,0.421081,0.474802,-0.433752,-0.779498,-3.01757,10.666,11.698,0.125,0.530379,0.275579
ppo,0,14,7,0.542867,0.641838,-0.573691,-0.734383,-2.98422,10.6621,11.8753,0.125,0.775657,0.275579
ppo,0,14,8,0.676393,0.838044,-0.730784,-0.689346,-2.9482,10.6555,12.0767,0.125,0.998842,0.275579
ppo,0,14,9,0.813883,1.06197,-0.901171,-0.643286,-2.91463,10.6487,12.3019,0.125,1.9212,0.275579
ppo,0,14,10,0.94739,1.32062,-1.08428,-0.596611,-2.88191,10.6398,12.5499,0.125,0.671885,0.275579
ppo,0,14,11,1.07691,1.61456,-1.27808,-0.550273,-2.84861,10.6288,12.8196,0.125,0.11866,0.275579
ppo,0,14,12,1.19691,1.9364,-1.4752,-0.508673,-2.81634,10.6147,13.1021,0.125,0.943607,0.275579
ppo,0,14,13,1.30375,2.29083,-1.67248,-0.463025,-2.78585,10.6007,13.3987,0.125,1.05758,0.275579
ppo,0,14,14,1.39524,2.67221,-1.86546,-0.419361,-2.75584,10.5822,13.7004,0.125,0.7646,0.275579
ppo,0,14,15,1.46684,3.07943,-2.04575,-0.373871,-2.72799,10.5655,14.0057,0.125,2.07813,0.275579
ppo,0,14,16,1.51829,3.50673,-2.2091,-0.326895,-2.70151,10.5488,14.3077,0.125,1.33003,0.275579
ppo,0,14,17,1.55053,3.9497,-2.34759,-0.282283,-2.67299,10.5291,14.5955,0.125,0.593886,0.275579
ppo,0,14,18,1.56524,4.39764,-2.4585,-0.237243,-2.64708,10.5093,14.8674,0.125,2.17096,0.275579
ppo,0,14,19,1.56552,4.8443,-2.53483,-0.195023,-2.62219,10.4884,15.1146,0.125,0.516967,0.275579
ppo,0,14,20,1.56054,5.2835,-2.57952,-0.154479,-2.60151,10.4641,15.3379,0.125,1.27423,0.275579
ppo,0,14,21,1.55942,5.70657,-2.59281,-0.115827,-2.57872,10.4407,15.5346,0.125,2.64525,0.275579
ppo,0,14,22,1.57302,6.11323,-2.58236,-0.080598,-2.55629,10.4173,15.7126,0.125,1.14809,0.275579
ppo,0,14,23,1.60831,6.49743,-2.55753,-0.0521462,-2.53428,10.394,15.8767,0.125,0.445231,0.275579
ppo,0,14,24,1.67048,6.86599,-2.52419,-0.0271353,-2.51613,10.3726,16.0385,0.125,1.99856,0.275579
ppo,0,14,25,1.76762,7.22407,-2.49466,-0.00626492,-2.49726,10.3489,16.2052,0.125,0.608023,0.275579
ppo,0,14,26,1.89708,7.58591,-2.48213,0.0164502,-2.48205,10.3248,16.3987,0.125,1.72108,0.275579
ppo,0,14,27,2.05148,7.96252,-2.48703,0.0390191,-2.46707,10.3008,16.6239,0.125,0.898094,0.275579
ppo,0,14,28,2.22103,8.36522,-2.5101,0.0593591,-2.45414,10.2743,16.887,0.125,1.58742,0.275579
ppo,0,14,29,2.39201,8.79839,-2.5438,0.0780457,-2.4435,10.2514,17.1887,0.125,1.25261,0.275579
ppo,0,14,30,2.54903,9.26613,-2.57795,0.0967777,-2.43276,10.2275,17.5173,0.125,0.909318,0.275579
ppo,0,14,31,2.68505,9.75922,-2.60257,0.113121,-2.4239,10.2039,17.8619,0.125,1.12142,0.275579
ppo,0,14,32,2.79963,10.2682,-2.60108,0.128406,-2.41235,10.1809,18.2019,0.125,1.3776,0.275579
ppo,0,14,33,2.89843,10.7782,-2.57033,0.141029,-2.40436,10.1599,18.5322,0.125,1.90282,0.275579
ppo,0,14,34,2.99571,11.2776,-2.5076,0.15369,-2.3919,10.1363,18.8361,0.125,1.03508,0.275579
ppo,0,14,35,3.10727,11.7536,-2.42012,0.168171,-2.37895,10.1128,19.1165,0.125,2.18174,0.275579
ppo,0,14,36,3.24444,12.2141,-2.31939,0.182045,-2.36446,10.0893,19.3878,0.125,1.23579,0.275579
ppo,0,14,37,3.41584,12.6672,-2.22792,0.195942,-2.35201,10.0659,19.6744,0.125,0.611893,0.275579
ppo,0,14,38,3.61438,13.1282,-2.15053,0.206119,-2.34151,10.0416,19.9894,0.125,1.56971,0.275579
ppo,0,14,39,3.82339,13.6141,-2.0919,0.21736,-2.33174,10.0182,20.3452,0.125,1.73634,0.275579
ppo,0,14,40,4.03076,14.1326,-2.04145,0.227756,-2.32228,9.99619,20.7396,0.125,1.6587,0.275579
ppo,0,14,41,4.22102,14.6792,-1.98604,0.236511,-2.31263,9.97296,21.1569,0.125,3.00227,0.275579
ppo,0,14,42,4.39237,15.2388,-1.90619,0.240151,-2.30427,9.9486,21.5763,0.125,2.85745,0.275579
ppo,0,14,43,4.55303,15.7915,-1.79636,0.241752,-2.29843,9.92302,21.9813,0.125,2.3905,0.275579
ppo,0,14,44,4.72531,16.3248,-1.65933,0.243089,-2.29394,9.89578,22.3667,0.125,2.44301,0.275579
ppo,0,14,45,4.92962,16.8413,-1.50944,0.243155,-2.29331,9.86927,22.7502,0.125,1.0865,0.275579
ppo,0,14,46,5.16797,17.3586,-1.36573,0.240911,-2.29411,9.84448,23.1554,0.125,2.17176,0.275579
ppo,0,14,47,5.42894,17.8954,-1.24627,0.237353,-2.29664,9.8245,23.6058,0.125,1.73155,0.275579
ppo,0,14,48,5.69649,18.464,-1.14007,0.233246,-2.30308,9.80262,24.101,0.125,3.5572,0.275579
ppo,0,14,49,5.95048,19.0617,-1.03233,0.22816,-2.30951,9.78419,24.6267,0.125,2.77667,0.275579
ppo,0,14,50,6.18358,19.6726,-0.901075,0.221291,-2.31845,9.76579,25.1583,0.125,3.88014,0.275579
ppo,0,14,51,6.40993,20.2698,-0.736956,0.212542,-2.32612,9.74615,25.6686,0.125,3.25224,0.275579
ppo,0,14,52,6.65582,20.8458,-0.552113,0.204227,-2.33548,9.72771,26.1662,0.125,2.62641,0.275579
ppo,0,14,53,6.93647,21.4105,-0.365011,0.194178,-2.34808,9.7103,26.6729,0.125,4.15454,0.275579
ppo,0,14,54,7.24217,21.9865,-0.194427,0.185257,-2.35917,9.69194,27.2076,0.125,6.15762,0.275579
ppo,0,14,55,7.54736,22.5948,-0.0373436,0.177591,-2.36996,9.67807,27.7838,0.125,2.83785,0.275579
ppo,0,14,56,7.83331,23.233,0.126943,0.168959,-2.38379,9.66573,28.3892,0.125,2.58268,0.275579
ppo,0,14,57,8.10069,23.8781,0.32067,0.16182,-2.39648,9.65587,28.9918,0.125,5.21317,0.275579
ppo,0,14,58,8.37134,24.5107,0.545533,0.152529,-2.41132,9.64571,29.583,0.125,6.42455,0.275579
ppo,0,14,59,8.667,25.128,0.781399,0.14743,-2.42634,9.63181,30.1687,0.125,5.91238,0.275579
ppo,0,14,60,8.99112,25.7496,1.00196,0.138131,-2.44025,9.61702,30.7776,0.125,5.51219,0.275579
ppo,0,14,61,9.32601,26.3993,1.2056,0.127447,-2.45155,9.60315,31.4246,0.125,4.53704,0.275579
ppo,0,14,62,9.64542,27.0816,1.4156,0.115017,-2.46093,9.59304,32.1008,0.125,0.634363,0.275579
ppo,0,14,63,9.94888,27.7711,1.65263,0.0990485,-2.47187,9.58525,32.7808,0.125,12.1781,0.275579
ppo,0,14,64,10.2562,28.4401,1.92022,0.0803669,-2.48736,9.58041,33.4475,0.125,2.70342,0.275579
ppo,0,14,65,10.5936,29.0936,2.19271,0.0611324,-2.50487,9.57847,34.1166,0.125,6.625,0.275579
ppo,0,14,66,10.9569,29.7584,2.4471,0.0423786,-2.52248,9.57704,34.8141,0.125,2.30568,0.275579
ppo,0,14,67,11.318,30.4559,2.6906,0.0250593,-2.54085,9.57653,35.549,0.125,12.7715,0.275579
ppo,0,14,68,11.6592,31.1768,2.94908,0.0105328,-2.55753,9.57706,36.2992,0.125,9.45561,0.275579
ppo,0,14,69,11.9906,31.8945,3.24033,-0.00350948,-2.57242,9.57848,37.0405,0.125,2.81053,0.275579
ppo,0,14,70,12.3476,32.5955,3.55243,-0.0187694,-2.58633,9.58236,37.7763,0.125,4.75935,0.275579
ppo,0,14,71,12.7369,33.3001,3.85466,-0.0337892,-2.59875,9.58779,38.5316,0.125,8.99883,0.275579
ppo,0,14,72,13.1362,34.0358,4.14283,-0.0471995,-2.61406,9.59258,39.3283,0.125,10.7884,0.275579
ppo,0,14,73,13.5165,34.7949,4.44309,-0.0581157,-2.63065,9.59719,40.1436,0.125,10.5236,0.275579
ppo,0,14,74,13.8837,35.5494,4.77556,-0.0723811,-2.64945,9.60148,40.9538,0.125,3.41273,0.275579
ppo,0,14,75,14.2725,36.2809,5.12635,-0.0865825,-2.66524,9.60768,41.7501,0.125,15.9153,0.275579
ppo,0,14,76,14.6932,37.016,5.46432,-0.101019,-2.68063,9.61546,42.5667,0.125,7.18568,0.275579
ppo,0,14,77,15.1163,37.7827,5.78746,-0.113985,-2.69528,9.62467,43.4184,0.125,18.0882,0.275579
ppo,0,14,78,15.5202,38.5718,6.12952,-0.126659,-2.71012,9.63292,44.2866,0.125,5.36928,0.275579
ppo,0,14,79,15.9223,39.3474,6.50541,-0.142662,-2.72195,9.64147,45.1414,0.125,4.16088,0.275579
ppo,0,14,80,16.3511,40.1088,6.88921,-0.157032,-2.73331,9.65149,45.9955,0.125,1.74598,0.275579
ppo,0,14,81,16.8024,40.8859,7.25305,-0.165255,-2.74385,9.6628,46.875,0.125,22.9108,0.275579
ppo,0,14,82,17.241,41.6965,7.61248,-0.1709,-2.7514,9.67533,47.7812,0.125,16.9839,0.275579
ppo,0,14,83,17.6626,42.5142,8.0007,-0.178206,-2.76137,9.68827,48.6931,0.125,9.96902,0.275579
ppo,0,14,84,18.1047,43.3112,8.41022,-0.187723,-2.7735,9.69925,49.5991,0.125,13.4215,0.275579
ppo,0,14,85,18.58,44.1092,8.81004,-0.197662,-2.7858,9.70904,50.5228,0.125,17.5687,0.275579
ppo,0,14,86,19.0534,44.9381,9.20018,-0.209317,-2.79632,9.72213,51.4772,0.125,15.9567,0.275579
ppo,0,14,87,19.5048,45.7807,9.61101,-0.21886,-2.80579,9.72864,52.4374,0.125,11.3145,0.275579
ppo,0,14,88,19.9643,46.6037,10.0527,-0.228513,-2.81264,9.73595,53.3838,0.125,1.16215,0.275579
ppo,0,14,89,20.4536,47.4227,10.4884,-0.236142,-2.82188,9.73849,54.3428,0.125,9.69869,0.275579
ppo,0,14,90,20.9508,48.2745,10.9082,-0.243118,-2.8312,9.73845,55.3385,0.125,16.8941,0.275579
ppo,0,14,91,21.4268,49.1446,11.3428,-0.251541,-2.83857,9.73926,56.3452,0.125,8.42989,0.275579
ppo,0,14,92,21.9131,49.9955,11.811,-0.261225,-2.84862,9.74146,57.3453,0.125,25.4767,0.275579
ppo,0,14,93,22.4326,50.8431,12.2751,-0.26932,-2.86011,9.74196,58.3595,0.125,20.7052,0.275579
ppo,0,14,94,22.9558,51.7219,12.7248,-0.277132,-2.87322,9.74577,59.4077,0.125,22.5098,0.275579
ppo,0,14,95,23.4594,52.6168,13.1959,-0.285981,-2.88413,9.74898,60.4655,0.125,26.8696,0.275579
ppo,0,14,96,23.9726,53.4949,13.6961,-0.292525,-2.89491,9.75472,61.5154,0.125,22.7469,0.275579
ppo,0,14,97,24.5143,54.3765,14.1852,-0.295391,-2.90624,9.76059,62.5813,0.125,25.008,0.275579
ppo,0,14,98,25.0514,55.2905,14.6656,-0.303124,-2.91851,9.76714,63.6799,0.125,17.7646,0.275579
ppo,0,14,99,25.5704,56.2096,15.174,-0.311729,-2.93357,9.77248,64.7841,0.125,18.1892,0.275579
ppo,0,14,100,26.1118,57.113,15.6989,-0.320126,-2.94935,9.78457,65.8871,0.125,12.143,0.275579
ppo,0,14,101,26.675,58.0312,16.2008,-0.325978,-2.96291,9.79142,67.0106,0.125,38.4547,0.275579
ppo,0,14,102,27.2199,58.9791,16.7102,-0.331146,-2.97479,9.7977,68.1551,0.125,20.0742,0.275579
ppo,0,14,103,27.7624,59.9165,17.2536,-0.336152,-2.98742,9.80358,69.2959,0.125,32.5454,0.275579
ppo,0,14,104,28.3369,60.8403,17.7967,-0.340037,-2.99752,9.81129,70.4372,0.125,30.2971,0.275579
ppo,0,14,105,28.915,61.7951,18.3249,-0.344185,-3.00679,9.81412,71.6088,0.125,14.5679,0.275579
ppo,0,14,106,29.4742,62.7655,18.8763,-0.349496,-3.01736,9.81844,72.7934,0.125,19.9369,0.275579
ppo,0,14,107,30.0537,63.7128,19.4474,-0.355756,-3.02537,9.82329,73.9685,0.125,27.0936,0.275579
ppo,0,14,108,30.6611,64.6782,20.0016,-0.362264,-3.03289,9.82868,75.1713,0.125,14.029,0.275579
ppo,0,14,109,31.2498,65.6714,20.5643,-0.368624,-3.03825,9.83617,76.3926,0.125,34.4128,0.275579
ppo,0,14,110,31.8427,66.6485,21.1562,-0.376533,-3.04854,9.84836,77.6121,0.125,28.3366,0.275579
ppo,0,14,111,32.47,67.6274,21.736,-0.382787,-3.05376,9.85988,78.8427,0.125,54.6411,0.275579
ppo,0,14,112,33.0864,68.6391,22.3091,-0.392919,-3.06235,9.87491,80.1035,0.125,64.4716,0.275579
ppo,0,14,113,33.6925,69.6484,22.9121,-0.403238,-3.06702,9.89454,81.3604,0.125,27.5463,0.275579
ppo,0,14,114,34.3301,70.648,23.522,-0.413388,-3.06881,9.91517,82.6222,0.125,7.66368,0.275579
ppo,0,14,115,34.9681,71.6788,24.1182,-0.421582,-3.06972,9.93594,83.9101,0.125,57.8368,0.275579
ppo,0,14,116,35.5893,72.7158,24.7401,-0.428397,-3.06739,9.95622,85.1993,0.125,45.6566,0.275579
ppo,0,14,117,36.2425,73.7357,25.3715,-0.436433,-3.06597,9.97657,86.4919,0.125,8.1859,0.275579
ppo,0,14,118,36.9086,74.7799,25.9884,-0.446092,-3.06271,9.99824,87.8096,0.125,4.48097,0.275579
ppo,0,14,119,37.552,75.835,26.6311,-0.45487,-3.05926,10.023,89.1328,0.125,7.58206,0.275579
ppo,0,14,120,38.2217,76.8689,27.2901,-0.464488,-3.05638,10.0471,90.4544,0.125,62.0525,0.275579
ppo,0,14,121,38.9088,77.9302,27.9319,-0.470463,-3.05239,10.0723,91.8034,0.125,27.0434,0.275579
ppo,0,14,122,39.5718,79.0024,28.5974,-0.47437,-3.0491,10.1,93.1573,0.125,7.23856,0.275579
ppo,0,14,123,40.258,80.0549,29.2752,-0.481071,-3.04554,10.1269,94.5093,0.125,59.4895,0.275579
ppo,0,14,124,40.9586,81.1322,29.9355,-0.488431,-3.04678,10.1546,95.8918,0.125,78.0294,0.275579
ppo,0,14,125,41.6387,82.2223,30.6218,-0.492918,-3.05028,10.1835,97.2841,0.125,14.9152,0.275579
ppo,0,14,126,42.3421,83.2947,31.3235,-0.494541,-3.05731,10.2139,98.6776,0.125,37.1014,0.275579
ppo,0,14,127,43.0535,84.3961,32.0088,-0.493362,-3.06384,10.245,100.096,0.125,49.0957,0.275579
ppo,0,14,128,43.748,85.5016,32.7235,-0.492552,-3.06454,10.2755,101.514,0.125,29.6926,0.275579
ppo,0,14,129,44.4727,86.592,33.4425,-0.492124,-3.06121,10.3044,102.931,0.125,26.2637,0.275579
ppo,0,14,130,45.1997,87.7141,34.1489,-0.491872,-3.05712,10.3347,104.375,0.125,41.0351,0.275579
ppo,0,14,131,45.9161,88.83,34.8892,-0.493276,-3.04895,10.3658,105.816,0.125,36.2581,0.275579
ppo,0,14,132,46.668,89.9384,35.6208,-0.497039,-3.04067,10.3977,107.265,0.125,59.3972,0.275579
ppo,0,14,133,47.4069,91.0774,36.3518,-0.500394,-3.03266,10.4303,108.737,0.125,32.6258,0.275579
ppo,0,14,134,48.1522,92.2005,37.1169,-0.499772,-3.02466,10.4633,110.206,0.125,30.1344,0.275579
ppo,0,14,135,48.9257,93.3358,37.8666,-0.495276,-3.0204,10.4932,111.697,0.125,48.9175,0.275579
ppo,0,14,136,49.6788,94.4944,38.6301,-0.492079,-3.01318,10.5222,113.203,0.125,64.8276,0.275579
ppo,0,14,137,50.4564,95.6373,39.4095,-0.49039,-3.00697,10.5485,114.714,0.125,75.4485,0.275579
ppo,0,14,138,51.2501,96.8077,40.1686,-0.489098,-2.9999,10.5713,116.252,0.125,35.3627,0.275579
ppo,0,14,139,52.0259,97.9813,40.9589,-0.487059,-2.99252,10.591,117.794,0.125,71.4001,0.275579
ppo,0,14,140,52.8357,99.149,41.749,-0.48227,-2.98763,10.6139,119.349,0.125,36.6898,0.275579
ppo,0,14,141,53.6347,100.349,42.535,-0.475882,-2.98589,10.6357,120.928,0.125,56.5777,0.275579
ppo,0,14,142,54.4417,101.531,43.3497,-0.465507,-2.98495,10.6563,122.504,0.125,52.9231,0.275579
ppo,0,14,143,55.271,102.73,44.1467,-0.453035,-2.97962,10.6775,124.096,0.125,88.2773,0.275579
ppo,0,14,144,56.0784,103.943,44.9648,-0.437724,-2.97244,10.6973,125.695,0.125,41.8355,0.275579
ppo,0,14,145,56.9188,105.144,45.789,-0.423053,-2.96624,10.7192,127.302,0.125,59.397,0.275579
ppo,0,14,146,57.7515,106.378,46.6105,-0.407624,-2.96151,10.7422,128.934,0.125,57.3467,0.275579
ppo,0,14,147,58.5866,107.599,47.4615,-0.392934,-2.95751,10.7643,130.568,0.125,93.4973,0.275579
ppo,0,14,148,59.4449,108.837,48.2991,-0.37799,-2.95763,10.7848,132.228,0.125,104.03,0.275579
ppo,0,14,149,60.2854,110.087,49.1593,-0.361318,-2.95474,10.8063,133.893,0.125,86.2353,0.275579
ppo,0,14,150,61.1568,111.33,50.0217,-0.342738,-2.95185,10.825,135.569,0.125,11.1379,0.275579
ppo,0,14,151,62.0162,112.605,50.8821,-0.326108,-2.94945,10.8463,137.267,0.125,116.183,0.275579
ppo,0,14,152,62.884,113.86,51.7704,-0.310068,-2.94639,10.8673,138.962,0.125,60.6611,0.275579
ppo,0,14,153,63.7668,115.142,52.6415,-0.291721,-2.9431,10.8869,140.68,0.125,57.9977,0.275579
ppo,0,14,154,64.6386,116.421,53.5487,-0.273289,-2.94019,10.9042,142.405,0.125,95.0503,0.275579
ppo,0,14,155,65.5429,117.703,54.4458,-0.254155,-2.93685,10.9211,144.144,0.125,15.8043,0.275579
ppo,0,14,156,66.4255,119.008,55.3617,-0.234309,-2.93314,10.9348,145.9,0.125,83.8202,0.275579
ppo,0,14,157,67.3367,120.298,56.2904,-0.21552,-2.92617,10.9506,147.659,0.125,118.109,0.275579
ppo,0,14,158,68.24,121.62,57.2172,-0.192175,-2.92118,10.9646,149.442,0.125,123.32,0.275579
ppo,0,14,159,69.1563,122.923,58.1713,-0.167303,-2.92201,10.9785,151.228,0.125,112.104,0.275579
ppo,0,14,160,70.082,124.254,59.1064,-0.143514,-2.91875,10.9922,153.034,0.125,71.9478,0.275579
ppo,0,14,161,70.9956,125.582,60.0763,-0.125236,-2.91353,11.0053,154.845,0.125,77.1699,0.275579
ppo,0,14,162,71.9391,126.918,61.0313,-0.103424,-2.90661,11.0167,156.671,0.125,94.0582,0.275579
ppo,0,14,163,72.8598,128.267,62.0052,-0.0808457,-2.89963,11.0262,158.505,0.125,79.2893,0.275579
ppo,0,14,164,73.8098,129.611,62.977,-0.0594647,-2.89287,11.0366,160.349,0.125,51.7725,0.275579
ppo,0,14,165,74.7387,130.982,63.9624,-0.0364073,-2.88366,11.044,162.208,0.125,123.582,0.275579
ppo,0,14,166,75.693,132.335,64.9575,-0.0140244,-2.87267,11.0494,164.069,0.125,137.977,0.275579
ppo,0,14,167,76.6387,133.719,65.9504,0.00888862,-2.86181,11.0535,165.952,0.125,115.04,0.275579
ppo,0,14,168,77.5974,135.084,66.9669,0.0327255,-2.85134,11.0587,167.834,0.125,188.085,0.275579
ppo,0,14,169,78.5594,136.48,67.9719,0.0579143,-2.83895,11.0631,169.738,0.125,174.943,0.275579
ppo,0,14,170,79.5278,137.861,69.0061,0.0833906,-2.82725,11.0623,171.645,0.125,146.118,0.275579
ppo,0,14,171,80.5099,139.267,70.0217,0.10868,-2.82028,11.0609,173.578,0.125,136.6,0.275579
ppo,0,14,172,81.4837,140.661,71.0689,0.136261,-2.81866,11.0654,175.511,0.125,86.3348,0.275579
ppo,0,14,173,82.4769,142.075,72.0947,0.165585,-2.81546,11.0709,177.461,0.125,167.462,0.275579
ppo,0,14,174,83.4557,143.484,73.1516,0.192449,-2.8113,11.0773,179.411,0.125,140.185,0.275579
ppo,0,14,175,84.4637,144.905,74.1933,0.218759,-2.80568,11.0876,181.378,0.125,72.6874,0.275579
ppo,0,14,176,85.4566,146.333,75.2635,0.243656,-2.79901,11.0988,183.354,0.125,38.8137,0.275579
ppo,0,14,177,86.48,147.766,76.3157,0.266506,-2.79424,11.1102,185.345,0.125,143.07,0.275579
ppo,0,14,178,87.4814,149.207,77.3947,0.290871,-2.78563,11.1216,187.34,0.125,94.4037,0.275579
ppo,0,14,179,88.5141,150.653,78.4643,0.312461,-2.77527,11.1324,189.35,0.125,159.909,0.275579
ppo,0,14,180,89.5238,152.108,79.5585,0.336212,-2.76515,11.1421,191.366,0.125,234.132,0.275579
ppo,0,14,181,90.5647,153.564,80.6433,0.360546,-2.75664,11.152,193.396,0.125,190.815,0.275579
ppo,0,14,182,91.5836,155.031,81.7522,0.384816,-2.74294,11.1605,195.431,0.125,203.114,0.275579
ppo,0,14,183,92.6364,156.498,82.8485,0.409187,-2.72833,11.1675,197.477,0.125,222.523,0.275579
ppo,0,14,184,93.6703,157.98,83.9698,0.432198,-2.71124,11.1719,199.535,0.125,154.395,0.275579
ppo,0,14,185,94.7366,159.462,85.0833,0.455353,-2.69339,11.1775,201.607,0.125,88.1106,0.275579
ppo,0,14,186,95.782,160.954,86.2235,0.477082,-2.67789,11.186,203.689,0.125,16.6389,0.275579
ppo,0,14,187,96.8571,162.45,87.3507,0.497543,-2.6642,11.1929,205.786,0.125,176.959,0.275579
ppo,0,14,188,97.9138,163.955,88.5023,0.522025,-2.64943,11.1996,207.889,0.125,132.819,0.275579
ppo,0,14,189,99.0021,165.469,89.6404,0.546772,-2.63289,11.2051,210.009,0.125,202.55,0.275579
ppo,0,14,190,100.074,166.987,90.8108,0.573444,-2.61734,11.2107,212.137,0.125,186.941,0.275579
ppo,0,14,191,101.17,168.524,91.9646,0.594615,-2.602,11.2157,214.289,0.125,140.177,0.275579
ppo,0,14,192,102.258,170.051,93.1509,0.613482,-2.58437,11.2204,216.442,0.125,84.3832,0.275579
ppo,0,14,193,103.363,171.6,94.3187,0.633201,-2.56537,11.2234,218.613,0.125,211.294,0.275579
ppo,0,14,194,104.47,173.137,95.5186,0.655401,-2.54697,11.2284,220.788,0.125,239.796,0.275579
ppo,0,14,195,105.582,174.706,96.7031,0.675447,-2.5251,11.2304,222.984,0.125,150.419,0.275579
ppo,0,14,196,106.706,176.261,97.908,0.697821,-2.5053,11.2295,225.185,0.125,65.7937,0.275579
ppo,0,14,197,107.822,177.849,99.1059,0.720217,-2.48682,11.2279,227.408,0.125,149.259,0.275579
ppo,0,14,198,108.963,179.42,100.318,0.745404,-2.46954,11.2261,229.635,0.125,209.084,0.275579
ppo,0,14,199,110.088,181.021,101.538,0.768085,-2.45094,11.2225,231.883,0.125,313.184,0.275579
ppo,0,14,200,111.248,182.608,102.757,0.792957,-2.4346,11.2204,234.137,0.125,161.086,0.275579
ppo,0,14,201,112.385,184.213,103.995,0.818249,-2.41622,11.2188,236.4,0.125,112.782,0.275579
ppo,0,14,202,113.552,185.826,105.222,0.843709,-2.39804,11.22,238.68,0.125,176.199,0.275579
ppo,0,14,203,114.706,187.438,106.479,0.870487,-2.38053,11.2203,240.964,0.125,190.803,0.275579
ppo,0,14,204,115.877,189.076,107.719,0.89834,-2.36181,11.2201,243.271,0.125,272.593,0.275579
ppo,0,14,205,117.057,190.699,108.989,0.9263,-2.34238,11.2173,245.583,0.125,241.239,0.275579
ppo,0,14,206,118.235,192.355,110.251,0.952587,-2.3209,11.2186,247.914,0.125,63.5936,0.275579
ppo,0,14,207,119.441,193.993,111.521,0.976661,-2.29465,11.2199,250.245,0.125,216.857,0.275579
ppo,0,14,208,120.626,195.655,112.803,1.00182,-2.26495,11.2179,252.59,0.125,16.0237,0.275579
ppo,0,14,209,121.846,197.318,114.072,1.02663,-2.23786,11.2136,254.951,0.125,302.677,0.275579
ppo,0,14,210,123.054,198.98,115.37,1.04995,-2.20825,11.2086,257.316,0.125,122.19,0.275579
ppo,0,14,211,124.279,200.665,116.65,1.07524,-2.17954,11.2013,259.701,0.125,294.075,0.275579
ppo,0,14,212,125.515,202.329,117.955,1.09669,-2.14924,11.1919,262.087,0.125,165.421,0.275579
ppo,0,14,213,126.742,204.022,119.258,1.11448,-2.12201,11.1822,264.496,0.125,310.614,0.275579
ppo,0,14,214,127.999,205.701,120.562,1.12924,-2.09364,11.1713,266.91,0.125,389.311,0.275579
ppo,0,14,215,129.237,207.393,121.89,1.14461,-2.0672,11.1606,269.337,0.125,362.006,0.275579
ppo,0,14,216,130.503,209.097,123.204,1.1625,-2.04151,11.1499,271.781,0.125,387.49,0.275579
ppo,0,14,217,131.769,210.791,124.548,1.18,-2.01295,11.1388,274.227,0.125,177.636,0.275579
ppo,0,14,218,133.032,212.517,125.883,1.19634,-1.98436,11.1227,276.698,0.125,284.449,0.275579
ppo,0,14,219,134.325,214.23,127.229,1.21309,-1.95879,11.1069,279.178,0.125,53.6765,0.275579
ppo,0,14,220,135.594,215.96,128.597,1.23104,-1.93135,11.0932,281.669,0.125,286.383,0.275579
ppo,0,14,221,136.891,217.703,129.948,1.25022,-1.90269,11.0782,284.174,0.125,82.7413,0.275579
ppo,0,14,222,138.189,219.432,131.331,1.26811,-1.87532,11.0611,286.686,0.125,200.16,0.275579
ppo,0,14,223,139.48,221.194,132.709,1.28239,-1.85027,11.046,289.222,0.125,255.439,0.275579
ppo,0,14,224,140.804,222.946,134.088,1.29974,-1.82372,11.0318,291.763,0.125,278.09,0.275579
ppo,0,14,225,142.111,224.704,135.495,1.31674,-1.79837,11.0139,294.316,0.125,384.19,0.275579
ppo,0,14,226,143.436,226.486,136.879,1.33305,-1.77435,10.995,296.889,0.125,247.05,0.275579
ppo,0,14,227,144.777,228.246,138.291,1.35294,-1.7524,10.9762,299.464,0.125,24.7577,0.275579
ppo,0,14,228,146.095,230.028,139.71,1.37534,-1.73101,10.9551,302.049,0.125,310.712,0.275579
ppo,0,14,229,147.445,231.816,141.114,1.39542,-1.70782,10.9351,304.648,0.125,278.77,0.275579
ppo,0,14,230,148.792,233.595,142.553,1.41607,-1.68442,10.9149,307.254,0.125,75.3763,0.275579
ppo,0,14,231,150.131,235.404,143.986,1.43811,-1.66548,10.8944,309.879,0.125,128.044,0.275579
ppo,0,14,232,151.506,237.2,145.423,1.45783,-1.64846,10.8725,312.517,0.125,535.34,0.275579
ppo,0,14,233,152.868,239.003,146.894,1.47488,-1.63369,10.8494,315.173,0.125,258.828,0.275579
ppo,0,14,234,154.24,240.833,148.347,1.49426,-1.6167,10.8277,317.844,0.125,72.8892,0.275579
ppo,0,14,235,155.637,242.648,149.814,1.51315,-1.59807,10.8057,320.521,0.125,286.707,0.275579
ppo,0,14,236,157.017,244.475,151.306,1.53347,-1.57867,10.7831,323.21,0.125,500.469,0.275579
ppo,0,14,237,158.417,246.323,152.781,1.55711,-1.5569,10.7585,325.914,0.125,499.82,0.275579
ppo,0,14,238,159.834,248.149,154.278,1.5804,-1.53778,10.7319,328.623,0.125,553.236,0.275579
ppo,0,14,239,161.23,249.997,155.795,1.60402,-1.521,10.704,331.351,0.125,257.18,0.275579
ppo,0,14,240,162.648,251.865,157.293,1.6293,-1.50615,10.6775,334.096,0.125,334.656,0.275579
ppo,0,14,241,164.077,253.712,158.815,1.6545,-1.48828,10.6539,336.839,0.125,289.813,0.275579
ppo,0,14,242,165.488,255.584,160.353,1.6763,-1.47314,10.6277,339.603,0.125,566.846,0.275579
ppo,0,14,243,166.921,257.471,161.871,1.69436,-1.45872,10.6022,342.383,0.125,388.773,0.275579
ppo,0,14,244,168.369,259.34,163.414,1.71108,-1.45011,10.5756,345.175,0.125,436.427,0.275579
ppo,0,14,245,169.796,261.231,164.975,1.72822,-1.44065,10.5465,347.982,0.125,315.388,0.275579
ppo,0,14,246,171.246,263.138,166.522,1.74697,-1.43118,10.5128,350.807,0.125,319.625,0.275579
ppo,0,14,247,172.714,265.027,168.09,1.76606,-1.42114,10.4802,353.636,0.125,254.607,0.275579
ppo,0,14,248,174.163,266.936,169.678,1.78219,-1.40981,10.4479,356.481,0.125,592.611,0.275579
ppo,0,14,249,175.628,268.872,171.246,1.7988,-1.40108,10.4192,359.346,0.125,555.479,0.275579
ppo,0,14,250,177.119,270.793,172.829,1.81399,-1.39277,10.3897,362.221,0.125,291.275,0.275579
ppo,0,14,251,178.59,272.724,174.442,1.82646,-1.38179,10.3615,365.105,0.125,169.514,0.275579
ppo,0,14,252,180.07,274.685,176.04,1.83629,-1.36619,10.3306,368.01,0.125,500.599,0.275579
ppo,0,14,253,181.58,276.636,177.638,1.84704,-1.3517,10.2996,370.922,0.125,185.2,0.275579
ppo,0,14,254,183.082,278.578,179.27,1.85735,-1.33884,10.2673,373.842,0.125,522.849,0.275579
ppo,0,14,255,184.577,280.555,180.898,1.866,-1.32482,10.2348,376.783,0.125,535.837,0.275579
ppo,0,14,256,186.105,282.53,182.514,1.87602,-1.31233,10.2034,379.734,0.125,593.689,0.275579
ppo,0,14,257,187.639,284.488,184.16,1.88485,-1.30372,10.1721,382.691,0.125,416.299,0.275579
ppo,0,14,258,189.148,286.467,185.822,1.89555,-1.29759,10.1395,385.663,0.125,96.4964,0.275579
ppo,0,14,259,190.678,288.469,187.465,1.91096,-1.29466,10.1048,388.655,0.125,662.601,0.275579
ppo,0,14,260,192.237,290.453,189.116,1.92621,-1.29121,10.0714,391.65,0.125,156.186,0.275579
ppo,0,14,261,193.781,292.439,190.801,1.93995,-1.29142,10.039,394.659,0.125,510.466,0.275579
ppo,0,14,262,195.321,294.46,192.481,1.95235,-1.29437,10.0072,397.691,0.125,507.544,0.275579
ppo,0,14,263,196.898,296.484,194.148,1.96413,-1.29615,9.97375,400.74,0.125,214.214,0.275579
ppo,0,14,264,198.481,298.489,195.845,1.9771,-1.30018,9.93678,403.794,0.125,540.799,0.275579
ppo,0,14,265,200.042,300.516,197.562,1.98915,-1.3014,9.89922,406.861,0.125,261.841,0.275579
ppo,0,14,266,201.614,302.568,199.26,1.99932,-1.30141,9.86612,409.942,0.125,474.865,0.275579
ppo,0,14,267,203.221,304.607,200.959,2.0071,-1.3018,9.83219,413.034,0.125,281.948,0.275579
ppo,0,14,268,204.823,306.634,202.691,2.01352,-1.30392,9.80024,416.13,0.125,531.651,0.275579
ppo,0,14,269,206.407,308.69,204.432,2.01643,-1.30271,9.7669,419.244,0.125,666.315,0.275579
ppo,0,14,270,208.01,310.766,206.153,2.02005,-1.30315,9.73592,422.373,0.125,275.495,0.275579
ppo,0,14,271,209.643,312.825,207.885,2.02552,-1.30459,9.70366,425.51,0.125,789.966,0.275579
ppo,0,14,272,211.265,314.878,209.649,2.03152,-1.30331,9.67402,428.649,0.125,273.388,0.275579
ppo,0,14,273,212.87,316.961,211.422,2.03745,-1.30109,9.64521,431.804,0.125,805.863,0.275579
ppo,0,14,274,214.494,319.066,213.173,2.04152,-1.29869,9.61594,434.977,0.125,476.967,0.275579
ppo,0,14,275,216.146,321.155,214.936,2.0438,-1.29197,9.58518,438.156,0.125,588.414,0.275579
ppo,0,14,276,217.792,323.234,216.732,2.04575,-1.28495,9.55619,441.34,0.125,731.462,0.275579
ppo,0,14,277,219.42,325.339,218.537,2.04358,-1.28169,9.52766,444.543,0.125,233.695,0.275579
ppo,0,14,278,221.064,327.47,220.328,2.0422,-1.2786,9.50102,447.766,0.125,364.854,0.275579
ppo,0,14,279,222.739,329.59,222.119,2.03827,-1.28095,9.47206,451.003,0.125,885.959,0.275579
ppo,0,14,280,224.418,331.694,223.939,2.03149,-1.28474,9.44473,454.245,0.125,279.726,0.275579
ppo,0,14,281,226.074,333.813,225.779,2.02063,-1.28993,9.41796,457.5,0.125,419.293,0.275579
ppo,0,14,282,227.731,335.966,227.61,2.0089,-1.29415,9.38943,460.776,0.125,843.27,0.275579
ppo,0,14,283,229.422,338.124,229.426,1.996,-1.29655,9.35755,464.068,0.125,446.156,0.275579
ppo,0,14,284,231.133,340.258,231.264,1.98426,-1.29982,9.3279,467.361,0.125,666.133,0.275579
ppo,0,14,285,232.829,342.396,233.133,1.97109,-1.30511,9.30207,470.665,0.125,337.689,0.275579
ppo,0,14,286,234.506,344.566,235.007,1.95746,-1.31128,9.27995,473.986,0.125,651.397,0.275579
ppo,0,14,287,236.202,346.758,236.862,1.94532,-1.32347,9.25848,477.326,0.125,702.334,0.275579
ppo,0,14,288,237.935,348.942,238.711,1.93246,-1.33686,9.23736,480.677,0.125,885.174,0.275579
ppo,0,14,289,239.676,351.109,240.589,1.92041,-1.34928,9.21836,484.032,0.125,608.146,0.275579
ppo,0,14,290,241.399,353.285,242.492,1.90964,-1.35992,9.19956,487.395,0.125,371.215,0.275579
ppo,0,14,291,243.111,355.491,244.391,1.89804,-1.37073,9.17787,490.775,0.125,518.141,0.275579
ppo,0,14,292,244.844,357.718,246.27,1.88555,-1.38427,9.15574,494.172,0.125,591.311,0.275579
ppo,0,14,293,246.61,359.932,248.149,1.87144,-1.39769,9.1357,497.578,0.125,853.622,0.275579
ppo,0,14,294,248.386,362.128,250.049,1.86386,-1.40866,9.11369,500.982,0.125,429.986,0.275579
ppo,0,14,295,250.143,364.331,251.977,1.85311,-1.42031,9.09227,504.396,0.125,831.392,0.275579
ppo,0,14,296,251.88,366.561,253.911,1.83807,-1.43604,9.07052,507.829,0.125,364.581,0.275579
ppo,0,14,297,253.627,368.822,255.825,1.82501,-1.45235,9.04923,511.278,0.125,554.856,0.275579
ppo,0,14,298,255.404,371.083,257.73,1.81148,-1.46941,9.02861,514.74,0.125,45.4786,0.275579
ppo,0,14,299,257.206,373.324,259.654,1.79743,-1.48596,9.00983,518.207,0.125,39.4708,0.275579
ppo,0,15,0,0,0,0,-1.71074,-2.13477,9.01567,9.42158,0.125,1.07991,0.294796
ppo,0,15,1,0.0162685,0.0186885,-0.023362,-1.73355,-2.15396,9.02386,9.46755,0.125,0.769971,0.294796
ppo,0,15,2,0.0562333,0.0596161,-0.0681739,-1.75403,-2.17284,9.03293,9.54416,0.125,0.743423,0.294796
ppo,0,15,3,0.114115,0.122469,-0.131073,-1.77822,-2.19279,9.03954,9.6458,0.125,0.785238,0.294796
ppo,0,15,4,0.188841,0.207235,-0.21594,-1.80129,-2.21204,9.0447,9.77614,0.125,0.82936,0.294796
ppo,0,15,5,0.279624,0.312735,-0.321378,-1.825,-2.23297,9.05115,9.93752,0.125,1.45764,0.294796
ppo,0,15,6,0.382425,0.442824,-0.446109,-1.84967,-2.25396,9.05418,10.1247,0.125,1.03338,0.294796
ppo,0,15,7,0.497239,0.601286,-0.591182,-1.87243,-2.2772,9.05763,10.3441,0.125,0.927605,0.294796
ppo,0,15,8,0.617535,0.792838,-0.751154,-1.89427,-2.29868,9.06166,10.5905,0.125,1.08081,0.294796
ppo,0,15,9,0.738965,1.01335,-0.925962,-1.91642,-2.31656,9.06553,10.8614,0.125,0.721305,0.294796
ppo,0,15,10,0.860925,1.26257,-1.11571,-1.93699,-2.33841,9.06646,11.1567,0.125,1.12315,0.294796
ppo,0,15,11,0.98091,1.54445,-1.31623,-1.9577,-2.35856,9.06547,11.4738,0.125,1.0601,0.294796
ppo,0,15,12,1.09372,1.85836,-1.51991,-1.97392,-2.37915,9.06282,11.8051,0.125,1.21978,0.294796
ppo,0,15,13,1.19511,2.20474,-1.72381,-1.99183,-2.40287,9.06134,12.1534,0.125,0.921449,0.294796
ppo,0,15,14,1.27921,2.58282,-1.9237,-2.00826,-2.42774,9.05783,12.5103,0.125,0.493835,0.294796
ppo,0,15,15,1.34272,2.98503,-2.1119,-2.02532,-2.4537,9.05486,12.8693,0.125,0.926257,0.294796
ppo,0,15,16,1.38483,3.40956,-2.27862,-2.04096,-2.48139,9.04744,13.2181,0.125,0.388988,0.294796
ppo,0,15,17,1.4052,3.84862,-2.41976,-2.05709,-2.50905,9.03736,13.5526,0.125,1.46371,0.294796
ppo,0,15,18,1.40764,4.29182,-2.52957,-2.06913,-2.53511,9.02716,13.8655,0.125,0.873254,0.294796
ppo,0,15,19,1.39623,4.73591,-2.60577,-2.07852,-2.56283,9.01288,14.1541,0.125,1.64281,0.294796
ppo,0,15,20,1.37968,5.17241,-2.64663,-2.08852,-2.59325,9.00083,14.4221,0.125,0.68759,0.294796
ppo,0,15,21,1.37158,5.59277,-2.65962,-2.0995,-2.62094,8.99029,14.6709,0.125,2.83617,0.294796
ppo,0,15,22,1.37815,5.99118,-2.65153,-2.1097,-2.6504,8.97907,14.9035,0.125,1.70651,0.294796
ppo,0,15,23,1.40894,6.36623,-2.6252,-2.12056,-2.6799,8.96976,15.1239,0.125,1.19981,0.294796
ppo,0,15,24,1.46615,6.72359,-2.59068,-2.13174,-2.7072,8.96103,15.3404,0.125,2.57468,0.294796
ppo,0,15,25,1.55553,7.07496,-2.56404,-2.14226,-2.73606,8.95514,15.5763,0.125,2.83244,0.294796
ppo,0,15,26,1.67444,7.43327,-2.55416,-2.15013,-2.76507,8.94994,15.8423,0.125,2.97301,0.294796
ppo,0,15,27,1.82202,7.80641,-2.56323,-2.15569,-2.79615,8.94798,16.1476,0.125,2.42572,0.294796
ppo,0,15,28,1.98661,8.20401,-2.59178,-2.15799,-2.82907,8.94433,16.4921,0.125,1.96077,0.294796
ppo,0,15,29,2.1522,8.63435,-2.63314,-2.15615,-2.86192,8.94369,16.8745,0.125,2.2048,0.294796
ppo,0,15,30,2.30974,9.10052,-2.67693,-2.15369,-2.8917,8.94498,17.286,0.125,2.16222,0.294796
ppo,0,15,31,2.4479,9.59221,-2.70708,-2.15014,-2.9212,8.94635,17.7068,0.125,2.02248,0.294796
ppo,0,15,32,2.56782,10.0999,-2.71206,-2.14383,-2.94793,8.95271,18.1249,0.125,1.0835,0.294796
ppo,0,15,33,2.67572,10.6098,-2.68583,-2.13663,-2.97674,8.95955,18.5302,0.125,3.17433,0.294796
ppo,0,15,34,2.78383,11.107,-2.62576,-2.12746,-3.00683,8.9702,18.9152,0.125,2.31793,0.294796
ppo,0,15,35,2.90482,11.5861,-2.54182,-2.11754,-3.03667,8.97997,19.2821,0.125,1.78739,0.294796
ppo,0,15,36,3.05424,12.046,-2.45013,-2.10533,-3.06548,8.98581,19.6407,0.125,2.86856,0.294796
ppo,0,15,37,3.238,12.4978,-2.36527,-2.09284,-3.09558,8.99381,20.015,0.125,2.89678,0.294796
ppo,0,15,38,3.44925,12.9602,-2.30012,-2.07845,-3.12257,9.0006,20.4185,0.125,2.433,0.294796
ppo,0,15,39,3.67691,13.4458,-2.25469,-2.06607,-3.14914,9.00428,20.86,0.125,2.80112,0.294796
ppo,0,15,40,3.9034,13.9687,-2.21726,-2.05573,-3.17332,9.01119,21.341,0.125,4.1147,0.294796
ppo,0,15,41,4.11432,14.5231,-2.17688,-2.04758,-3.19548,9.01579,21.8447,0.125,5.77671,0.294796
ppo,0,15,42,4.30617,15.0976,-2.11461,-2.03911,-3.22,9.01683,22.3541,0.125,4.43275,0.294796
ppo,0,15,43,4.48634,15.6665,-2.02161,-2.02848,-3.24408,9.01553,22.8445,0.125,2.33954,0.294796
ppo,0,15,44,4.67514,16.2167,-1.90087,-2.01865,-3.2652,9.01293,23.3123,0.125,6.03101,0.294796
ppo,0,15,45,4.88794,16.7437,-1.76547,-2.00517,-3.28552,9.00851,23.7647,0.125,1.73921,0.294796
ppo,0,15,46,5.13559,17.2671,-1.63622,-1.99408,-3.30682,9.00506,24.2354,0.125,4.43373,0.294796
ppo,0,15,47,5.40437,17.8045,-1.52877,-1.98369,-3.32739,9.00254,24.7396,0.125,1.48052,0.294796
ppo,0,15,48,5.67725,18.3721,-1.43584,-1.97101,-3.3497,9.00245,25.2842,0.125,3.96822,0.294796
ppo,0,15,49,5.93748,18.9737,-1.33815,-1.95518,-3.37462,9.00324,25.8589,0.125,5.22137,0.294796
ppo,0,15,50,6.17765,19.588,-1.21389,-1.93955,-3.40052,9.00322,26.4339,0.125,2.6934,0.294796
ppo,0,15,51,6.4121,20.1998,-1.05304,-1.92431,-3.42547,9.0036,26.996,0.125,2.92358,0.294796
ppo,0,15,52,6.66238,20.7884,-0.870186,-1.90876,-3.45245,9.00343,27.5421,0.125,5.01065,0.294796
ppo,0,15,53,6.9437,21.364,-0.689239,-1.89379,-3.47962,8.99965,28.0924,0.125,5.15096,0.294796
ppo,0,15,54,7.24985,21.9528,-0.524034,-1.87791,-3.50643,8.99604,28.6726,0.125,7.88536,0.294796
ppo,0,15,55,7.56645,22.5712,-0.37461,-1.86046,-3.53225,8.99651,29.2929,0.125,3.43011,0.294796
ppo,0,15,56,7.86612,23.2206,-0.224439,-1.84136,-3.55742,8.99752,29.939,0.125,9.53539,0.294796
ppo,0,15,57,8.14688,23.8826,-0.0462755,-1.82162,-3.57606,8.99807,30.5802,0.125,3.76165,0.294796
ppo,0,15,58,8.42821,24.5356,0.161226,-1.80097,-3.59195,9.00147,31.2081,0.125,6.70074,0.294796
ppo,0,15,59,8.73632,25.165,0.382606,-1.78041,-3.60952,9.00681,31.8269,0.125,3.01693,0.294796
ppo,0,15,60,9.07801,25.7893,0.59374,-1.75906,-3.62671,9.00992,32.4589,0.125,2.59477,0.294796
ppo,0,15,61,9.4355,26.4378,0.788803,-1.74169,-3.63674,9.01041,33.1211,0.125,5.31682,0.294796
ppo,0,15,62,9.78041,27.12,0.981077,-1.72579,-3.64696,9.01064,33.8153,0.125,6.79008,0.294796
ppo,0,15,63,10.1092,27.8192,1.19625,-1.70878,-3.65577,9.01356,34.5173,0.125,5.48734,0.294796
ppo,0,15,64,10.4382,28.5051,1.44442,-1.69094,-3.66136,9.02018,35.2021,0.125,4.82646,0.294796
ppo,0,15,65,10.793,29.1724,1.70283,-1.67272,-3.66759,9.02626,35.8816,0.125,13.6155,0.294796
ppo,0,15,66,11.1786,29.8448,1.94221,-1.65696,-3.67614,9.02757,36.587,0.125,4.33575,0.294796
ppo,0,15,67,11.566,30.5475,2.16562,-1.63831,-3.68469,9.0307,37.3273,0.125,3.93982,0.294796
ppo,0,15,68,11.9357,31.2773,2.40171,-1.61591,-3.69119,9.03461,38.0846,0.125,5.93984,0.294796
ppo,0,15,69,12.2924,32.0059,2.66997,-1.59638,-3.69644,9.04063,38.8348,0.125,8.51682,0.294796
ppo,0,15,70,12.6648,32.7122,2.95703,-1.57363,-3.70212,9.04679,39.5705,0.125,11.3141,0.294796
ppo,0,15,71,13.0677,33.4145,3.23313,-1.55205,-3.70736,9.05592,40.3196,0.125,15.5799,0.294796
ppo,0,15,72,13.4852,34.1446,3.48867,-1.53053,-3.7128,9.06617,41.1068,0.125,19.2531,0.294796
ppo,0,15,73,13.8855,34.9073,3.74521,-1.50964,-3.72073,9.07586,41.9232,0.125,6.89215,0.294796
ppo,0,15,74,14.2726,35.6751,4.03476,-1.48751,-3.73191,9.08731,42.7413,0.125,3.03956,0.294796
ppo,0,15,75,14.6765,36.4256,4.35116,-1.46467,-3.74424,9.09775,43.5509,0.125,8.53261,0.294796
ppo,0,15,76,15.1177,37.17,4.66102,-1.44483,-3.75702,9.10593,44.3745,0.125,10.0262,0.294796
ppo,0,15,77,15.5691,37.9448,4.95065,-1.42581,-3.76688,9.11079,45.2327,0.125,11.4658,0.294796
ppo,0,15,78,16.0004,38.7468,5.25241,-1.40672,-3.77697,9.11417,46.1107,0.125,7.01622,0.294796
ppo,0,15,79,16.427,39.5427,5.58867,-1.3853,-3.78831,9.11716,46.982,0.125,12.4286,0.294796
ppo,0,15,80,16.8779,40.321,5.93989,-1.3647,-3.79892,9.11956,47.8484,0.125,8.4668,0.294796
ppo,0,15,81,17.3585,41.1055,6.27272,-1.34294,-3.81163,9.12212,48.7382,0.125,12.7701,0.294796
ppo,0,15,82,17.8371,41.9221,6.59518,-1.31921,-3.82019,9.12504,49.656,0.125,15.6267,0.294796
ppo,0,15,83,18.2975,42.7504,6.9438,-1.29324,-3.82986,9.12824,50.5796,0.125,5.54726,0.294796
ppo,0,15,84,18.7668,43.5628,7.31578,-1.26539,-3.83685,9.13258,51.491,0.125,11.9447,0.294796
ppo,0,15,85,19.2695,44.3702,7.68055,-1.23525,-3.84565,9.13558,52.415,0.125,10.4299,0.294796
ppo,0,15,86,19.7836,45.2047,8.02851,-1.20365,-3.85238,9.13605,53.3694,0.125,11.9352,0.294796
ppo,0,15,87,20.2805,46.064,8.39476,-1.17442,-3.85963,9.1375,54.3436,0.125,14.4919,0.294796
ppo,0,15,88,20.7792,46.9103,8.79379,-1.14623,-3.86749,9.13976,55.3103,0.125,10.0524,0.294796
ppo,0,15,89,21.3115,47.7453,9.19338,-1.11582,-3.87156,9.1445,56.2787,0.125,11.7173,0.294796
ppo,0,15,90,21.8568,48.6074,9.57207,-1.08527,-3.87564,9.14827,57.2799,0.125,33.8272,0.294796
ppo,0,15,91,22.3832,49.4918,9.96252,-1.05249,-3.87876,9.15304,58.295,0.125,12.9481,0.294796
ppo,0,15,92,22.9125,50.367,10.3859,-1.0202,-3.88426,9.16342,59.3082,0.125,12.0596,0.294796
ppo,0,15,93,23.474,51.2306,10.8058,-0.9915,-3.88709,9.17296,60.3257,0.125,5.79942,0.294796
ppo,0,15,94,24.0447,52.1247,11.2041,-0.962619,-3.88725,9.18278,61.3742,0.125,21.3799,0.294796
ppo,0,15,95,24.5925,53.0399,11.6209,-0.932501,-3.88968,9.1923,62.4372,0.125,8.25974,0.294796
ppo,0,15,96,25.1464,53.9391,12.0636,-0.901572,-3.8927,9.20319,63.4917,0.125,9.6973,0.294796
ppo,0,15,97,25.7356,54.8359,12.4984,-0.871892,-3.89557,9.21622,64.561,0.125,18.8444,0.294796
ppo,0,15,98,26.3257,55.7651,12.9201,-0.842137,-3.89905,9.22938,65.6622,0.125,8.95994,0.294796
ppo,0,15,99,26.9009,56.7059,13.3692,-0.816626,-3.90305,9.24277,66.7738,0.125,11.2064,0.294796
ppo,0,15,100,27.499,57.6273,13.8396,-0.793416,-3.91019,9.25668,67.8846,0.125,44.8537,0.294796
ppo,0,15,101,28.1228,58.5598,14.29,-0.772886,-3.91626,9.27073,69.0175,0.125,22.2921,0.294796
ppo,0,15,102,28.7316,59.5232,14.744,-0.753034,-3.92039,9.2861,70.1728,0.125,20.1214,0.294796
ppo,0,15,103,29.3295,60.4808,15.2313,-0.734679,-3.92369,9.30057,71.323,0.125,37.7665,0.294796
ppo,0,15,104,29.9588,61.4261,15.7181,-0.717973,-3.92879,9.31822,72.4795,0.125,21.0637,0.294796
ppo,0,15,105,30.5969,62.4017,16.1862,-0.701651,-3.93206,9.33402,73.6663,0.125,30.1974,0.294796
ppo,0,15,106,31.2127,63.3972,16.6773,-0.686008,-3.93589,9.34813,74.8665,0.125,30.3262,0.294796
ppo,0,15,107,31.8474,64.3714,17.1908,-0.669241,-3.93735,9.36575,76.0569,0.125,24.9345,0.294796
ppo,0,15,108,32.5094,65.3597,17.6873,-0.649282,-3.94182,9.38549,77.273,0.125,22.7762,0.294796
ppo,0,15,109,33.1539,66.3778,18.1903,-0.630651,-3.94483,9.40557,78.5102,0.125,34.3681,0.294796
ppo,0,15,110,33.7971,67.3858,18.7304,-0.61435,-3.94708,9.42247,79.7444,0.125,30.9035,0.294796
ppo,0,15,111,34.4767,68.3883,19.2598,-0.600206,-3.94832,9.43719,80.9905,0.125,32.1383,0.294796
ppo,0,15,112,35.1509,69.422,19.786,-0.587939,-3.94992,9.44899,82.2652,0.125,44.2565,0.294796
ppo,0,15,113,35.8135,70.4569,20.3441,-0.573938,-3.9496,9.46355,83.5389,0.125,39.1159,0.294796
ppo,0,15,114,36.5056,71.4754,20.904,-0.56197,-3.95045,9.47681,84.8154,0.125,15.8659,0.294796
ppo,0,15,115,37.2007,72.525,21.4509,-0.553168,-3.95444,9.48861,86.1253,0.125,86.6293,0.294796
ppo,0,15,116,37.8793,73.5827,22.0263,-0.544638,-3.96084,9.50487,87.4425,0.125,38.361,0.294796
ppo,0,15,117,38.5885,74.623,22.6153,-0.530358,-3.97036,9.52307,88.7615,0.125,54.7452,0.294796
ppo,0,15,118,39.3108,75.69,23.1857,-0.514094,-3.98577,9.54189,90.1133,0.125,39.7175,0.294796
ppo,0,15,119,40.0169,76.7719,23.7844,-0.498823,-3.99928,9.56328,91.4754,0.125,40.7281,0.294796
ppo,0,15,120,40.7476,77.833,24.3961,-0.483725,-4.01365,9.58274,92.835,0.125,73.0539,0.294796
ppo,0,15,121,41.4958,78.9163,24.9886,-0.466358,-4.02603,9.60236,94.2178,0.125,94.2731,0.294796
ppo,0,15,122,42.2245,80.0145,25.6021,-0.450532,-4.03235,9.62047,95.6056,0.125,13.8685,0.294796
ppo,0,15,123,42.9785,81.091,26.2348,-0.435458,-4.03952,9.63868,96.9918,0.125,33.4375,0.294796
ppo,0,15,124,43.7451,82.1938,26.8489,-0.420486,-4.04543,9.6579,98.404,0.125,55.1507,0.294796
ppo,0,15,125,44.4942,83.3119,27.4879,-0.408207,-4.05151,9.67888,99.8286,0.125,28.1005,0.294796
ppo,0,15,126,45.2719,84.4112,28.1364,-0.396271,-4.05538,9.70041,101.251,0.125,51.2943,0.294796
ppo,0,15,127,46.0577,85.5437,28.7686,-0.386554,-4.05807,9.72314,102.705,0.125,17.5113,0.294796
ppo,0,15,128,46.828,86.6802,29.4262,-0.380209,-4.06048,9.74688,104.162,0.125,84.2296,0.294796
ppo,0,15,129,47.6313,87.8025,30.0909,-0.376496,-4.0666,9.76991,105.63,0.125,65.7814,0.294796
ppo,0,15,130,48.4343,88.9567,30.7439,-0.374926,-4.07296,9.79178,107.125,0.125,32.6162,0.294796
ppo,0,15,131,49.2286,90.1065,31.4321,-0.369284,-4.07744,9.81343,108.618,0.125,26.3105,0.294796
ppo,0,15,132,50.0559,91.2504,32.1109,-0.363248,-4.08149,9.8365,110.12,0.125,75.036,0.294796
ppo,0,15,133,50.8712,92.4285,32.79,-0.357007,-4.08461,9.85627,111.647,0.125,81.0646,0.294796
ppo,0,15,134,51.6954,93.592,33.5002,-0.351619,-4.08937,9.87646,113.175,0.125,53.3197,0.294796
ppo,0,15,135,52.5462,94.7648,34.1894,-0.341886,-4.09615,9.89338,114.721,0.125,92.2152,0.294796
ppo,0,15,136,53.3796,95.9635,34.8954,-0.332964,-4.10431,9.9114,116.288,0.125,56.2839,0.294796
ppo,0,15,137,54.2355,97.1414,35.6158,-0.324519,-4.10939,9.92797,117.849,0.125,20.5629,0.294796
ppo,0,15,138,55.0967,98.3491,36.3183,-0.316853,-4.11489,9.9448,119.437,0.125,85.3223,0.294796
ppo,0,15,139,55.9441,99.5564,37.0531,-0.304997,-4.11892,9.96425,121.022,0.125,155.818,0.294796
ppo,0,15,140,56.8219,100.754,37.7843,-0.293336,-4.12074,9.9845,122.612,0.125,42.2525,0.294796
ppo,0,15,141,57.6876,101.984,38.5145,-0.28257,-4.1251,10.0007,124.228,0.125,120.358,0.294796
ppo,0,15,142,58.5635,103.195,39.2749,-0.27159,-4.13145,10.0207,125.843,0.125,37.8439,0.294796
ppo,0,15,143,59.4608,104.426,40.0124,-0.260478,-4.13947,10.0427,127.48,0.125,26.2208,0.294796
ppo,0,15,144,60.34,105.669,40.7765,-0.249414,-4.14763,10.0639,129.128,0.125,23.9396,0.294796
ppo,0,15,145,61.2508,106.897,41.5412,-0.238177,-4.15631,10.0876,130.779,0.125,63.6612,0.294796
ppo,0,15,146,62.1524,108.159,42.3021,-0.224943,-4.16392,10.113,132.452,0.125,41.2415,0.294796
ppo,0,15,147,63.0592,109.405,43.0938,-0.21543,-4.17776,10.1416,134.129,0.125,44.8395,0.294796
ppo,0,15,148,63.992,110.668,43.8681,-0.205022,-4.19575,10.1706,135.833,0.125,41.4031,0.294796
ppo,0,15,149,64.9035,111.942,44.6717,-0.195124,-4.20931,10.1992,137.541,0.125,79.6039,0.294796
ppo,0,15,150,65.8449,113.207,45.4751,-0.184925,-4.22376,10.2233,139.258,0.125,28.9607,0.294796
ppo,0,15,151,66.7731,114.504,46.2767,-0.17498,-4.24026,10.2459,140.998,0.125,39.7291,0.294796
ppo,0,15,152,67.7177,115.782,47.1062,-0.169401,-4.25552,10.2667,142.74,0.125,93.6703,0.294796
ppo,0,15,153,68.6747,117.084,47.9164,-0.164822,-4.27265,10.2874,144.507,0.125,136.374,0.294796
ppo,0,15,154,69.6198,118.388,48.7563,-0.161002,-4.2911,10.3065,146.28,0.125,56.706,0.294796
ppo,0,15,155,70.5954,119.694,49.5858,-0.155535,-4.31028,10.3253,148.068,0.125,37.4573,0.294796
ppo,0,15,156,71.5499,121.028,50.4259,-0.151077,-4.33092,10.3453,149.874,0.125,38.8212,0.294796
ppo,0,15,157,72.5384,122.343,51.2726,-0.143874,-4.352,10.3636,151.684,0.125,106.02,0.294796
ppo,0,15,158,73.517,123.696,52.1124,-0.13428,-4.37338,10.3818,153.518,0.125,116.452,0.294796
ppo,0,15,159,74.5079,125.035,52.9809,-0.125011,-4.39292,10.3984,155.354,0.125,96.9008,0.294796
ppo,0,15,160,75.5137,126.397,53.8278,-0.118252,-4.40888,10.4137,157.211,0.125,132.503,0.294796
ppo,0,15,161,76.507,127.757,54.7095,-0.113308,-4.42215,10.427,159.069,0.125,161.152,0.294796
ppo,0,15,162,77.5287,129.125,55.5739,-0.110296,-4.434,10.4435,160.943,0.125,113.186,0.294796
ppo,0,15,163,78.5331,130.508,56.4616,-0.105368,-4.44664,10.4577,162.828,0.125,56.8773,0.294796
ppo,0,15,164,79.5691,131.882,57.3478,-0.100956,-4.46046,10.47,164.724,0.125,21.1816,0.294796
ppo,0,15,165,80.5919,133.285,58.241,-0.0994503,-4.47312,10.4793,166.642,0.125,74.87,0.294796
ppo,0,15,166,81.6417,134.67,59.145,-0.100514,-4.47802,10.4887,168.557,0.125,90.289,0.294796
ppo,0,15,167,82.6861,136.084,60.0398,-0.10086,-4.48467,10.497,170.493,0.125,172.994,0.294796
ppo,0,15,168,83.7471,137.48,60.9627,-0.101985,-4.48971,10.5092,172.429,0.125,210.108,0.294796
ppo,0,15,169,84.814,138.905,61.8689,-0.102417,-4.4964,10.5186,174.389,0.125,61.4078,0.294796
ppo,0,15,170,85.879,140.317,62.809,-0.100345,-4.50493,10.5244,176.35,0.125,90.3888,0.294796
ppo,0,15,171,86.9606,141.751,63.7264,-0.0954931,-4.51316,10.5268,178.332,0.125,174.096,0.294796
ppo,0,15,172,88.0316,143.183,64.6771,-0.0914277,-4.52018,10.5307,180.315,0.125,137.183,0.294796
ppo,0,15,173,89.1253,144.628,65.6092,-0.0885908,-4.52537,10.5368,182.315,0.125,140.978,0.294796
ppo,0,15,174,90.2059,146.077,66.5709,-0.0819297,-4.52987,10.539,184.32,0.125,126.202,0.294796
ppo,0,15,175,91.3186,147.531,67.5162,-0.071927,-4.53728,10.5384,186.342,0.125,177.084,0.294796
ppo,0,15,176,92.4113,148.995,68.4882,-0.061732,-4.54287,10.5366,188.371,0.125,125.602,0.294796
ppo,0,15,177,93.5356,150.46,69.4478,-0.0506223,-4.54803,10.538,190.411,0.125,49.4192,0.294796
ppo,0,15,178,94.64,151.94,70.4295,-0.0392604,-4.55053,10.5449,192.457,0.125,186.187,0.294796
ppo,0,15,179,95.7773,153.414,71.4039,-0.0292997,-4.55368,10.5545,194.513,0.125,70.1031,0.294796
ppo,0,15,180,96.8959,154.909,72.3988,-0.0141477,-4.55213,10.5653,196.578,0.125,111.478,0.294796
ppo,0,15,181,98.0477,156.395,73.3907,0.000645792,-4.55138,10.5737,198.653,0.125,108.245,0.294796
ppo,0,15,182,99.1802,157.902,74.4018,0.013443,-4.55003,10.582,200.743,0.125,134.187,0.294796
ppo,0,15,183,100.347,159.402,75.4087,0.0234857,-4.54662,10.5908,202.843,0.125,143.398,0.294796
ppo,0,15,184,101.492,160.925,76.4345,0.0300106,-4.54304,10.5987,204.96,0.125,176.951,0.294796
ppo,0,15,185,102.672,162.44,77.4532,0.0343701,-4.5409,10.6059,207.088,0.125,135.079,0.294796
ppo,0,15,186,103.833,163.973,78.4961,0.0401048,-4.53629,10.6125,209.229,0.125,250.439,0.294796
ppo,0,15,187,105.028,165.508,79.5324,0.0483564,-4.53058,10.6222,211.383,0.125,176.424,0.294796
ppo,0,15,188,106.2,167.058,80.5929,0.0569848,-4.52667,10.6312,213.547,0.125,47.2987,0.294796
ppo,0,15,189,107.403,168.612,81.6398,0.0646381,-4.52487,10.6398,215.728,0.125,197.576,0.294796
ppo,0,15,190,108.587,170.177,82.7114,0.0734041,-4.52067,10.6494,217.917,0.125,130.902,0.294796
ppo,0,15,191,109.802,171.747,83.7674,0.0863655,-4.5159,10.6612,220.116,0.125,133.723,0.294796
ppo,0,15,192,111.004,173.321,84.854,0.0964695,-4.51207,10.6739,222.324,0.125,184.207,0.294796
ppo,0,15,193,112.232,174.909,85.9224,0.104908,-4.50614,10.6863,224.55,0.125,242.372,0.294796
ppo,0,15,194,113.449,176.49,87.0246,0.115518,-4.49815,10.6994,226.775,0.125,194.047,0.294796
ppo,0,15,195,114.683,178.095,88.1046,0.128044,-4.49095,10.7135,229.019,0.125,231.809,0.294796
ppo,0,15,196,115.918,179.681,89.2159,0.142713,-4.48149,10.7266,231.258,0.125,263.875,0.294796
ppo,0,15,197,117.154,181.301,90.3123,0.157191,-4.46999,10.7402,233.518,0.125,40.6639,0.294796
ppo,0,15,198,118.407,182.903,91.4317,0.173718,-4.45679,10.7563,235.779,0.125,122.209,0.294796
ppo,0,15,199,119.65,184.537,92.5458,0.190442,-4.44289,10.7705,238.057,0.125,23.4227,0.294796
ppo,0,15,200,120.924,186.157,93.6707,0.208502,-4.42994,10.7857,240.345,0.125,99.0536,0.294796
ppo,0,15,201,122.178,187.803,94.8099,0.229687,-4.41801,10.804,242.647,0.125,165.607,0.294796
ppo,0,15,202,123.465,189.442,95.9404,0.25231,-4.40638,10.823,244.956,0.125,197.067,0.294796
ppo,0,15,203,124.735,191.09,97.0979,0.272937,-4.3925,10.84,247.275,0.125,418.896,0.294796
ppo,0,15,204,126.03,192.755,98.234,0.288553,-4.3769,10.8579,249.612,0.125,77.1488,0.294796
ppo,0,15,205,127.321,194.412,99.4019,0.301863,-4.36178,10.8726,251.957,0.125,263.066,0.294796
ppo,0,15,206,128.623,196.095,100.55,0.315677,-4.34469,10.8861,254.32,0.125,419.958,0.294796
ppo,0,15,207,129.938,197.76,101.722,0.327411,-4.32679,10.9017,256.683,0.125,279.436,0.294796
ppo,0,15,208,131.239,199.461,102.891,0.338057,-4.3101,10.9167,259.07,0.125,125.852,0.294796
ppo,0,15,209,132.573,201.148,104.06,0.347208,-4.29371,10.9326,261.462,0.125,105.925,0.294796
ppo,0,15,210,133.887,202.855,105.25,0.355561,-4.27727,10.9461,263.87,0.125,302.418,0.294796
ppo,0,15,211,135.234,204.569,106.422,0.365216,-4.26273,10.9574,266.297,0.125,223.257,0.294796
ppo,0,15,212,136.575,206.278,107.629,0.375476,-4.24874,10.9697,268.728,0.125,172.42,0.294796
ppo,0,15,213,137.924,208.012,108.82,0.383307,-4.23324,10.9814,271.178,0.125,326.13,0.294796
ppo,0,15,214,139.294,209.728,110.032,0.390172,-4.21884,10.9914,273.636,0.125,318.257,0.294796
ppo,0,15,215,140.649,211.476,111.253,0.395938,-4.20505,11.0024,276.115,0.125,182.079,0.294796
ppo,0,15,216,142.033,213.218,112.465,0.401133,-4.19097,11.0153,278.6,0.125,184.617,0.294796
ppo,0,15,217,143.403,214.962,113.709,0.404809,-4.17633,11.0294,281.093,0.125,340.913,0.294796
ppo,0,15,218,144.791,216.73,114.935,0.406722,-4.16203,11.0412,283.609,0.125,98.8221,0.294796
ppo,0,15,219,146.189,218.48,116.188,0.408136,-4.14805,11.0504,286.128,0.125,283.723,0.294796
ppo,0,15,220,147.575,220.257,117.447,0.411255,-4.13315,11.0572,288.664,0.125,131.646,0.294796
ppo,0,15,221,148.992,222.028,118.699,0.413477,-4.11813,11.0589,291.212,0.125,341.172,0.294796
ppo,0,15,222,150.397,223.801,119.981,0.41655,-4.10467,11.0621,293.766,0.125,201.37,0.294796
ppo,0,15,223,151.815,225.6,121.242,0.419768,-4.09366,11.0663,296.342,0.125,238.008,0.294796
ppo,0,15,224,153.249,227.378,122.522,0.42415,-4.08366,11.0699,298.917,0.125,136.738,0.294796
ppo,0,15,225,154.665,229.183,123.815,0.429336,-4.07501,11.0701,301.511,0.125,306.763,0.294796
ppo,0,15,226,156.113,230.993,125.095,0.436607,-4.06827,11.0752,304.121,0.125,439.125,0.294796
ppo,0,15,227,157.559,232.792,126.409,0.441584,-4.06308,11.0772,306.737,0.125,285.991,0.294796
ppo,0,15,228,159.007,234.626,127.716,0.442099,-4.05936,11.0763,309.384,0.125,271.296,0.294796
ppo,0,15,229,160.485,236.445,129.023,0.442702,-4.05377,11.0781,312.032,0.125,314.844,0.294796
ppo,0,15,230,161.944,238.274,130.358,0.441506,-4.04915,11.0801,314.691,0.125,383.571,0.294796
ppo,0,15,231,163.419,240.125,131.672,0.439795,-4.04512,11.0857,317.368,0.125,360.821,0.294796
ppo,0,15,232,164.915,241.96,133.006,0.438518,-4.03895,11.0926,320.048,0.125,242.211,0.294796
ppo,0,15,233,166.39,243.816,134.352,0.435095,-4.03216,11.0994,322.74,0.125,365.344,0.294796
ppo,0,15,234,167.892,245.682,135.679,0.43353,-4.02665,11.1038,325.447,0.125,85.3258,0.294796
ppo,0,15,235,169.401,247.534,137.036,0.434788,-4.02062,11.109,328.157,0.125,290.24,0.294796
ppo,0,15,236,170.898,249.415,138.395,0.436812,-4.01215,11.1138,330.882,0.125,365.244,0.294796
ppo,0,15,237,172.425,251.295,139.744,0.436402,-4.00337,11.1185,333.619,0.125,436.665,0.294796
ppo,0,15,238,173.947,253.165,141.125,0.435256,-3.99446,11.1255,336.359,0.125,318.84,0.294796
ppo,0,15,239,175.459,255.071,142.501,0.432123,-3.98605,11.132,339.12,0.125,285.553,0.294796
ppo,0,15,240,177.005,256.972,143.869,0.432105,-3.97855,11.1393,341.892,0.125,425.221,0.294796
ppo,0,15,241,178.546,258.866,145.272,0.437265,-3.97111,11.1458,344.668,0.125,185.506,0.294796
ppo,0,15,242,180.082,260.79,146.666,0.442466,-3.96575,11.1478,347.464,0.125,139.452,0.294796
ppo,0,15,243,181.654,262.708,148.054,0.441915,-3.95783,11.1526,350.272,0.125,433.139,0.294796
ppo,0,15,244,183.216,264.623,149.472,0.440123,-3.9484,11.1574,353.084,0.125,171.102,0.294796
ppo,0,15,245,184.773,266.572,150.884,0.440755,-3.93942,11.1655,355.915,0.125,413.713,0.294796
ppo,0,15,246,186.363,268.517,152.289,0.442714,-3.92942,11.1733,358.758,0.125,291.004,0.294796
ppo,0,15,247,187.947,270.456,153.727,0.445577,-3.91988,11.1835,361.604,0.125,643.17,0.294796
ppo,0,15,248,189.521,272.426,155.163,0.44724,-3.91289,11.1929,364.471,0.125,565.986,0.294796
ppo,0,15,249,191.126,274.395,156.586,0.45317,-3.90633,11.2005,367.349,0.125,530.127,0.294796
ppo,0,15,250,192.734,276.349,158.036,0.455619,-3.89912,11.2079,370.228,0.125,263.235,0.294796
ppo,0,15,251,194.323,278.336,159.489,0.459579,-3.89343,11.2145,373.124,0.125,258.881,0.294796
ppo,0,15,252,195.938,280.332,160.924,0.465319,-3.88595,11.2192,376.033,0.125,33.0263,0.294796
ppo,0,15,253,197.569,282.312,162.384,0.46909,-3.87908,11.2212,378.951,0.125,331.267,0.294796
ppo,0,15,254,199.18,284.313,163.859,0.469625,-3.86821,11.2252,381.879,0.125,420.837,0.294796
ppo,0,15,255,200.81,286.336,165.315,0.467615,-3.85541,11.2275,384.826,0.125,643.748,0.294796
ppo,0,15,256,202.472,288.34,166.78,0.46314,-3.84325,11.2266,387.783,0.125,633.142,0.294796
ppo,0,15,257,204.117,290.349,168.275,0.454395,-3.8313,11.2251,390.75,0.125,733.949,0.294796
ppo,0,15,258,205.762,292.392,169.756,0.447854,-3.8189,11.2262,393.734,0.125,160.439,0.294796
ppo,0,15,259,207.441,294.43,171.227,0.443157,-3.80918,11.2281,396.73,0.125,661.197,0.294796
ppo,0,15,260,209.124,296.453,172.727,0.438014,-3.8004,11.2315,399.728,0.125,459.137,0.294796
ppo,0,15,261,210.787,298.502,174.237,0.43044,-3.78817,11.2346,402.74,0.125,769.753,0.294796
ppo,0,15,262,212.472,300.57,175.727,0.422755,-3.77761,11.2339,405.771,0.125,715.072,0.294796
ppo,0,15,263,214.183,302.619,177.227,0.412845,-3.76603,11.2348,408.807,0.125,407.05,0.294796
ppo,0,15,264,215.881,304.673,178.757,0.404622,-3.75358,11.2365,411.849,0.125,527.731,0.294796
ppo,0,15,265,217.57,306.759,180.277,0.394509,-3.74262,11.2388,414.91,0.125,577.793,0.294796
ppo,0,15,266,219.293,308.847,181.784,0.386263,-3.73499,11.2395,417.987,0.125,633.023,0.294796
ppo,0,15,267,221.028,310.917,183.318,0.377524,-3.7272,11.2415,421.068,0.125,355.305,0.294796
ppo,0,15,268,222.742,313.011,184.873,0.369066,-3.71808,11.2459,424.162,0.125,507.454,0.294796
ppo,0,15,269,224.464,315.134,186.413,0.359264,-3.70908,11.2514,427.277,0.125,422.382,0.294796
ppo,0,15,270,226.217,317.246,187.95,0.346903,-3.70205,11.2599,430.4,0.125,383.363,0.294796
ppo,0,15,271,227.976,319.34,189.518,0.335239,-3.69588,11.2715,433.525,0.125,588.166,0.294796
ppo,0,15,272,229.715,321.455,191.103,0.322274,-3.68924,11.2814,436.664,0.125,361.152,0.294796
ppo,0,15,273,231.468,323.598,192.665,0.305896,-3.68353,11.2884,439.826,0.125,824.404,0.294796
ppo,0,15,274,233.252,325.728,194.224,0.289912,-3.67655,11.2976,442.991,0.125,630.641,0.294796
ppo,0,15,275,235.038,327.845,195.813,0.276324,-3.67031,11.3073,446.159,0.125,359.644,0.294796
ppo,0,15,276,236.805,329.984,197.416,0.26112,-3.66569,11.3184,449.341,0.125,769.346,0.294796
ppo,0,15,277,238.583,332.151,199.001,0.245851,-3.66199,11.3275,452.544,0.125,758.747,0.294796
ppo,0,15,278,240.394,334.314,200.576,0.235474,-3.66336,11.3391,455.758,0.125,505.366,0.294796
ppo,0,15,279,242.215,336.461,202.178,0.224027,-3.6626,11.3518,458.976,0.125,353.096,0.294796
ppo,0,15,280,244.019,338.625,203.802,0.212456,-3.66332,11.3668,462.206,0.125,397.691,0.294796
ppo,0,15,281,245.82,340.821,205.415,0.204198,-3.6615,11.3812,465.451,0.125,667.713,0.294796
ppo,0,15,282,247.655,343.022,207.013,0.197875,-3.66054,11.3942,468.712,0.125,509.908,0.294796
ppo,0,15,283,249.51,345.202,208.634,0.186765,-3.66081,11.4069,471.981,0.125,499.941,0.294796
ppo,0,15,284,251.354,347.384,210.285,0.176087,-3.66089,11.4164,475.26,0.125,914.857,0.294796
ppo,0,15,285,253.179,349.593,211.939,0.166376,-3.66266,11.4241,478.552,0.125,681.827,0.294796
ppo,0,15,286,255.019,351.823,213.575,0.154709,-3.66609,11.4291,481.862,0.125,423.54,0.294796
ppo,0,15,287,256.896,354.04,215.211,0.143369,-3.66809,11.4325,485.183,0.125,502.576,0.294796
ppo,0,15,288,258.783,356.241,216.87,0.132148,-3.67198,11.4351,488.509,0.125,1001.86,0.294796
ppo,0,15,289,260.65,358.456,218.558,0.120614,-3.67533,11.4381,491.847,0.125,419.689,0.294796
ppo,0,15,290,262.516,360.702,220.238,0.108512,-3.67734,11.44,495.203,0.125,634.198,0.294796
ppo,0,15,291,264.404,362.961,221.899,0.0959068,-3.67771,11.4407,498.573,0.125,275.146,0.294796
ppo,0,15,292,266.325,365.203,223.559,0.0795063,-3.67774,11.4412,501.95,0.125,902.586,0.294796
ppo,0,15,293,268.253,367.432,225.249,0.0647253,-3.67907,11.4424,505.333,0.125,985.977,0.294796
ppo,0,15,294,270.162,369.675,226.962,0.0464251,-3.68108,11.441,508.73,0.125,589.788,0.294796
ppo,0,15,295,272.061,371.955,228.669,0.0298861,-3.68345,11.4387,512.146,0.125,680.087,0.294796
ppo,0,15,296,273.979,374.252,230.353,0.0152077,-3.68534,11.435,515.575,0.125,986.779,0.294796
ppo,0,15,297,275.93,376.535,232.034,0.00332184,-3.68459,11.4334,519.006,0.125,747.252,0.294796
ppo,0,15,298,277.893,378.798,233.739,-0.0091704,-3.68248,11.4308,522.439,0.125,629.015,0.294796
ppo,0,15,299,279.84,381.066,235.476,-0.0217239,-3.67796,11.4286,525.879,0.125,656.045,0.294796
ppo,0,16,0,0,0,0,1.83414,-2.5088,-10.102,10.5692,0.125,1.43955,0.293641
ppo,0,16,1,0.0227091,0.0219852,-0.0232403,1.86739,-2.47805,-10.0897,10.535,0.125,0.188869,0.293641
ppo,0,16,2,0.063014,0.0641697,-0.0680088,1.90055,-2.44493,-10.073,10.4772,0.125,1.52473,0.293641
ppo,0,16,3,0.118951,0.127909,-0.132823,1.93233,-2.4141,-10.0587,10.4055,0.125,0.870518,0.293641
ppo,0,16,4,0.193764,0.21302,-0.218417,1.96292,-2.38567,-10.0409,10.3133,0.125,0.25587,0.293641
ppo,0,16,5,0.284752,0.318875,-0.321692,1.99583,-2.35835,-10.0229,10.2083,0.125,0.698951,0.293641
ppo,0,16,6,0.387131,0.451509,-0.444365,2.0312,-2.33144,-10.0034,10.0907,0.125,1.74612,0.293641
ppo,0,16,7,0.498051,0.613248,-0.582826,2.06694,-2.30885,-9.9799,9.96519,0.125,0.462607,0.293641
ppo,0,16,8,0.615358,0.80269,-0.739472,2.10126,-2.28905,-9.95578,9.83397,0.125,1.09449,0.293641
ppo,0,16,9,0.737227,1.01987,-0.911026,2.13071,-2.26886,-9.93555,9.70565,0.125,0.610046,0.293641
ppo,0,16,10,0.858951,1.26764,-1.09165,2.16068,-2.24915,-9.91463,9.58683,0.125,0.17416,0.293641
ppo,0,16,11,0.974047,1.54947,-1.27859,2.18856,-2.23304,-9.88969,9.48333,0.125,0.80352,0.293641
ppo,0,16,12,1.08043,1.86473,-1.47149,2.21813,-2.22132,-9.86302,9.40254,0.125,0.426796,0.293641
ppo,0,16,13,1.17381,2.21459,-1.665,2.24716,-2.21211,-9.83583,9.3547,0.125,0.634489,0.293641
ppo,0,16,14,1.25103,2.59552,-1.85113,2.27833,-2.2048,-9.80647,9.34804,0.125,0.835423,0.293641
ppo,0,16,15,1.31032,3.00157,-2.0273,2.30925,-2.19541,-9.78012,9.38683,0.125,0.667199,0.293641
ppo,0,16,16,1.34927,3.4299,-2.18473,2.33945,-2.18912,-9.75698,9.48118,0.125,0.723418,0.293641
ppo,0,16,17,1.36907,3.87117,-2.31928,2.3691,-2.18049,-9.73447,9.62329,0.125,0.782384,0.293641
ppo,0,16,18,1.37506,4.31636,-2.41887,2.40177,-2.16976,-9.71233,9.8142,0.125,1.23521,0.293641
ppo,0,16,19,1.36919,4.75886,-2.4835,2.43678,-2.15763,-9.69046,10.0458,0.125,0.773401,0.293641
ppo,0,16,20,1.35729,5.19218,-2.51162,2.47094,-2.14428,-9.66687,10.3083,0.125,0.56943,0.293641
ppo,0,16,21,1.35071,5.60867,-2.50976,2.50478,-2.13436,-9.64872,10.5949,0.125,1.45525,0.293641
ppo,0,16,22,1.35866,6.003,-2.48563,2.53747,-2.12397,-9.62729,10.883,0.125,1.14409,0.293641
ppo,0,16,23,1.38967,6.37944,-2.44617,2.56577,-2.11384,-9.60915,11.1726,0.125,0.211274,0.293641
ppo,0,16,24,1.45165,6.74219,-2.40197,2.59377,-2.10454,-9.58698,11.454,0.125,1.28792,0.293641
ppo,0,16,25,1.54484,7.10262,-2.36478,2.62219,-2.09899,-9.56432,11.733,0.125,0.761894,0.293641
ppo,0,16,26,1.66781,7.46578,-2.34066,2.65102,-2.0971,-9.54253,12.0118,0.125,1.54256,0.293641
ppo,0,16,27,1.81184,7.84646,-2.34009,2.68061,-2.09457,-9.52099,12.2941,0.125,0.77264,0.293641
ppo,0,16,28,1.96533,8.25272,-2.35539,2.71148,-2.09247,-9.49537,12.592,0.125,1.17939,0.293641
ppo,0,16,29,2.11712,8.6909,-2.38336,2.73954,-2.092,-9.4718,12.9192,0.125,0.919965,0.293641
ppo,0,16,30,2.25531,9.15988,-2.41806,2.7669,-2.0919,-9.44768,13.277,0.125,0.754141,0.293641
ppo,0,16,31,2.37594,9.65327,-2.44016,2.79386,-2.09194,-9.42305,13.6706,0.125,2.52411,0.293641
ppo,0,16,32,2.4786,10.166,-2.44075,2.82256,-2.08915,-9.39777,14.0964,0.125,0.939687,0.293641
ppo,0,16,33,2.56805,10.677,-2.41347,2.85263,-2.09064,-9.37226,14.5437,0.125,0.67753,0.293641
ppo,0,16,34,2.66173,11.1744,-2.35488,2.87995,-2.09418,-9.34778,15.0001,0.125,2.28965,0.293641
ppo,0,16,35,2.773,11.6531,-2.27547,2.90699,-2.09586,-9.32144,15.4498,0.125,3.45099,0.293641
ppo,0,16,36,2.91177,12.1146,-2.18506,2.93597,-2.09565,-9.29607,15.8902,0.125,1.28322,0.293641
ppo,0,16,37,3.0825,12.5706,-2.10352,2.96302,-2.09966,-9.27344,16.3291,0.125,0.701976,0.293641
ppo,0,16,38,3.28128,13.0363,-2.04091,2.98268,-2.10321,-9.25398,16.7726,0.125,2.28392,0.293641
ppo,0,16,39,3.49397,13.5289,-1.9971,2.99949,-2.10637,-9.23803,17.2377,0.125,2.84515,0.293641
ppo,0,16,40,3.70077,14.0522,-1.96246,3.01641,-2.11058,-9.22102,17.7311,0.125,1.69271,0.293641
ppo,0,16,41,3.88959,14.6006,-1.92123,3.0355,-2.11631,-9.20696,18.2556,0.125,3.37972,0.293641
ppo,0,16,42,4.05926,15.1629,-1.8538,3.05196,-2.12202,-9.19241,18.8053,0.125,1.52318,0.293641
ppo,0,16,43,4.22039,15.7189,-1.75373,3.06727,-2.13046,-9.18059,19.3672,0.125,0.737916,0.293641
ppo,0,16,44,4.38856,16.2561,-1.62623,3.08027,-2.13879,-9.16704,19.9236,0.125,3.8256,0.293641
ppo,0,16,45,4.58133,16.7742,-1.49134,3.0927,-2.14627,-9.15463,20.4677,0.125,3.86102,0.293641
ppo,0,16,46,4.80489,17.2883,-1.36519,3.10699,-2.15363,-9.14011,21.0076,0.125,1.82003,0.293641
ppo,0,16,47,5.04773,17.8191,-1.2606,3.12067,-2.16357,-9.12672,21.5615,0.125,5.41728,0.293641
ppo,0,16,48,5.29344,18.3838,-1.17003,3.13152,-2.17576,-9.11397,22.1467,0.125,1.78946,0.293641
ppo,0,16,49,5.52132,18.9801,-1.07142,3.14395,-2.18707,-9.10387,22.7645,0.125,1.54444,0.293641
ppo,0,16,50,5.72964,19.5927,-0.946307,3.15399,-2.19863,-9.09558,23.4074,0.125,2.9116,0.293641
ppo,0,16,51,5.9306,20.1956,-0.788125,3.16277,-2.21125,-9.08622,24.0539,0.125,4.41374,0.293641
ppo,0,16,52,6.14839,20.779,-0.608341,3.17209,-2.22636,-9.07503,24.694,0.125,5.96213,0.293641
ppo,0,16,53,6.397,21.3537,-0.428577,3.17929,-2.24108,-9.06206,25.3299,0.125,7.37564,0.293641
ppo,0,16,54,6.6763,21.9394,-0.268648,3.18603,-2.25958,-9.04973,25.9784,0.125,3.68953,0.293641
ppo,0,16,55,6.96394,22.5563,-0.125234,3.1942,-2.27607,-9.03775,26.6513,0.125,1.09145,0.293641
ppo,0,16,56,7.23895,23.2049,0.0240801,3.20069,-2.29596,-9.027,27.3591,0.125,4.48834,0.293641
ppo,0,16,57,7.49385,23.8662,0.20156,3.20389,-2.31582,-9.01684,28.087,0.125,3.93487,0.293641
ppo,0,16,58,7.74681,24.5139,0.412813,3.21016,-2.33552,-9.00632,28.813,0.125,5.53502,0.293641
ppo,0,16,59,8.02098,25.1399,0.637609,3.21715,-2.35533,-8.99709,29.5278,0.125,2.61267,0.293641
ppo,0,16,60,8.32781,25.7653,0.84875,3.2186,-2.37257,-8.98608,30.2418,0.125,3.17164,0.293641
ppo,0,16,61,8.64906,26.41,1.03754,3.21973,-2.38397,-8.97591,30.9651,0.125,8.85767,0.293641
ppo,0,16,62,8.96093,27.0876,1.22391,3.21999,-2.39416,-8.96544,31.7168,0.125,5.82174,0.293641
ppo,0,16,63,9.25354,27.7784,1.43481,3.22378,-2.40205,-8.95731,32.4841,0.125,4.06644,0.293641
ppo,0,16,64,9.54918,28.4573,1.67766,3.22929,-2.40885,-8.94909,33.2504,0.125,4.90422,0.293641
ppo,0,16,65,9.87148,29.1144,1.93474,3.23196,-2.41856,-8.93895,34.0095,0.125,9.36466,0.293641
ppo,0,16,66,10.2255,29.7723,2.17948,3.23032,-2.42886,-8.92856,34.7741,0.125,6.30848,0.293641
ppo,0,16,67,10.5899,30.4593,2.40901,3.22996,-2.43783,-8.91791,35.5625,0.125,8.11657,0.293641
ppo,0,16,68,10.937,31.1743,2.64393,3.22668,-2.44604,-8.90741,36.376,0.125,6.41765,0.293641
ppo,0,16,69,11.2731,31.889,2.90699,3.22648,-2.45564,-8.89492,37.1966,0.125,6.94417,0.293641
ppo,0,16,70,11.6237,32.584,3.19335,3.22542,-2.46541,-8.88332,38.011,0.125,6.75068,0.293641
ppo,0,16,71,12.0052,33.2713,3.47316,3.22088,-2.47632,-8.87216,38.8261,0.125,4.69023,0.293641
ppo,0,16,72,12.4053,33.9803,3.73478,3.21694,-2.48932,-8.86216,39.6628,0.125,4.3939,0.293641
ppo,0,16,73,12.7952,34.7229,3.99721,3.21437,-2.49882,-8.85177,40.5258,0.125,14.7432,0.293641
ppo,0,16,74,13.1684,35.4702,4.28998,3.2105,-2.50703,-8.84009,41.3984,0.125,10.7377,0.293641
ppo,0,16,75,13.5549,36.1977,4.61076,3.20905,-2.51778,-8.83212,42.2686,0.125,14.3735,0.293641
ppo,0,16,76,13.9766,36.9115,4.92626,3.20833,-2.52984,-8.82646,43.1359,0.125,8.31989,0.293641
ppo,0,16,77,14.4142,37.6484,5.22252,3.20562,-2.54152,-8.82164,44.0239,0.125,14.447,0.293641
ppo,0,16,78,14.8347,38.4172,5.52408,3.20065,-2.55245,-8.81919,44.9399,0.125,6.94215,0.293641
ppo,0,16,79,15.2469,39.1846,5.85492,3.19401,-2.56902,-8.81665,45.8682,0.125,8.16281,0.293641
ppo,0,16,80,15.6777,39.9336,6.20346,3.18634,-2.58794,-8.81531,46.794,0.125,18.0727,0.293641
ppo,0,16,81,16.1424,40.6843,6.53887,3.17821,-2.60568,-8.81763,47.7275,0.125,3.83198,0.293641
ppo,0,16,82,16.6092,41.4698,6.86207,3.16916,-2.62215,-8.81854,48.6889,0.125,7.67188,0.293641
ppo,0,16,83,17.0573,42.2756,7.20385,3.1607,-2.6352,-8.81584,49.6662,0.125,8.53995,0.293641
ppo,0,16,84,17.5107,43.0641,7.57521,3.15114,-2.64963,-8.81121,50.6405,0.125,4.24801,0.293641
ppo,0,16,85,17.9957,43.8394,7.94205,3.14399,-2.66649,-8.80865,51.6135,0.125,12.009,0.293641
ppo,0,16,86,18.4915,44.639,8.29021,3.13807,-2.68486,-8.80867,52.6084,0.125,9.38411,0.293641
ppo,0,16,87,18.9712,45.4664,8.65053,3.12931,-2.70154,-8.80778,53.6275,0.125,7.21163,0.293641
ppo,0,16,88,19.4466,46.2885,9.04499,3.12046,-2.71969,-8.80879,54.6544,0.125,4.17514,0.293641
ppo,0,16,89,19.9546,47.0963,9.44199,3.11229,-2.73979,-8.8085,55.681,0.125,18.755,0.293641
ppo,0,16,90,20.4829,47.92,9.82046,3.10516,-2.75759,-8.80708,56.7203,0.125,25.7401,0.293641
ppo,0,16,91,20.9945,48.7736,10.2092,3.09758,-2.77607,-8.80897,57.7872,0.125,9.52216,0.293641
ppo,0,16,92,21.4999,49.6189,10.6307,3.08985,-2.79548,-8.81268,58.8578,0.125,15.286,0.293641
ppo,0,16,93,22.0376,50.4453,11.0581,3.08137,-2.81692,-8.81357,59.9257,0.125,11.083,0.293641
ppo,0,16,94,22.5925,51.2922,11.4653,3.07224,-2.84196,-8.81449,61.0149,0.125,3.38029,0.293641
ppo,0,16,95,23.1289,52.1656,11.8802,3.06218,-2.86722,-8.81601,62.1258,0.125,13.7372,0.293641
ppo,0,16,96,23.6637,53.023,12.3283,3.05428,-2.89182,-8.81649,63.2323,0.125,19.4336,0.293641
ppo,0,16,97,24.2343,53.8682,12.7732,3.04594,-2.91625,-8.81509,64.3387,0.125,14.2349,0.293641
ppo,0,16,98,24.8177,54.7412,13.2001,3.036,-2.93763,-8.81195,65.4662,0.125,9.55994,0.293641
ppo,0,16,99,25.3801,55.6376,13.6511,3.0261,-2.95487,-8.80745,66.6121,0.125,23.5021,0.293641
ppo,0,16,100,25.9548,56.5155,14.1269,3.01853,-2.97082,-8.80465,67.7536,0.125,23.8389,0.293641
ppo,0,16,101,26.5641,57.3941,14.5873,3.01181,-2.98864,-8.80313,68.9049,0.125,16.0369,0.293641
ppo,0,16,102,27.164,58.3062,15.0372,3.00603,-3.01015,-8.80541,70.0841,0.125,3.53623,0.293641
ppo,0,16,103,27.7512,59.2224,15.5195,3.00085,-3.03254,-8.80941,71.2752,0.125,32.4401,0.293641
ppo,0,16,104,28.3651,60.1198,16.0098,2.99757,-3.05296,-8.81188,72.4598,0.125,14.1915,0.293641
ppo,0,16,105,28.997,61.04,16.4808,2.99275,-3.07295,-8.81359,73.6647,0.125,29.3487,0.293641
ppo,0,16,106,29.6111,61.9854,16.9657,2.99044,-3.08779,-8.81714,74.8862,0.125,23.953,0.293641
ppo,0,16,107,30.2354,62.9137,17.479,2.98683,-3.10134,-8.82328,76.107,0.125,19.9269,0.293641
ppo,0,16,108,30.8898,63.8418,17.9785,2.98206,-3.11323,-8.83126,77.3342,0.125,29.3207,0.293641
ppo,0,16,109,31.5344,64.8011,18.4746,2.97266,-3.12881,-8.83754,78.5888,0.125,25.6101,0.293641
ppo,0,16,110,32.1664,65.7572,19.0034,2.96397,-3.14056,-8.8446,79.8448,0.125,23.3364,0.293641
ppo,0,16,111,32.8303,66.7017,19.5338,2.95275,-3.15058,-8.85388,81.1041,0.125,23.3156,0.293641
ppo,0,16,112,33.4983,67.6742,20.0445,2.93919,-3.16125,-8.86609,82.3854,0.125,28.4003,0.293641
ppo,0,16,113,34.1504,68.654,20.5847,2.92622,-3.17198,-8.88078,83.6787,0.125,48.2497,0.293641
ppo,0,16,114,34.8306,69.6139,21.1368,2.9139,-3.18377,-8.89255,84.9702,0.125,59.8798,0.293641
ppo,0,16,115,35.5282,70.5966,21.6674,2.90308,-3.19633,-8.90626,86.2818,0.125,23.6081,0.293641
ppo,0,16,116,36.208,71.5995,22.2213,2.88812,-3.20791,-8.91908,87.6133,0.125,16.8964,0.293641
ppo,0,16,117,36.9058,72.5818,22.7997,2.87099,-3.22209,-8.93217,88.9467,0.125,2.50612,0.293641
ppo,0,16,118,37.6261,73.581,23.3588,2.85568,-3.23746,-8.9442,90.297,0.125,39.38,0.293641
ppo,0,16,119,38.3225,74.6077,23.9324,2.83976,-3.25315,-8.95793,91.6685,0.125,52.9785,0.293641
ppo,0,16,120,39.0341,75.6165,24.5304,2.82457,-3.26798,-8.97169,93.0392,0.125,50.2151,0.293641
ppo,0,16,121,39.7705,76.636,25.1122,2.80847,-3.28082,-8.98898,94.4234,0.125,35.4402,0.293641
ppo,0,16,122,40.486,77.6805,25.7064,2.79581,-3.29178,-9.00615,95.8229,0.125,20.9576,0.293641
ppo,0,16,123,41.2147,78.7081,26.3254,2.78371,-3.30006,-9.02286,97.2202,0.125,48.312,0.293641
ppo,0,16,124,41.9651,79.7494,26.9251,2.77131,-3.30638,-9.03921,98.6299,0.125,48.8755,0.293641
ppo,0,16,125,42.6961,80.8162,27.5413,2.7588,-3.31552,-9.0578,100.063,0.125,42.6316,0.293641
ppo,0,16,126,43.4421,81.8646,28.1813,2.74875,-3.32424,-9.07526,101.495,0.125,23.1607,0.293641
ppo,0,16,127,44.2081,82.9293,28.7965,2.73555,-3.33292,-9.09246,102.94,0.125,65.7602,0.293641
ppo,0,16,128,44.9571,84.0095,29.4313,2.72552,-3.34114,-9.11108,104.399,0.125,48.1235,0.293641
ppo,0,16,129,45.7279,85.0684,30.0843,2.71765,-3.34725,-9.12818,105.853,0.125,48.8645,0.293641
ppo,0,16,130,46.5108,86.1541,30.7186,2.70964,-3.34844,-9.14371,107.323,0.125,27.7291,0.293641
ppo,0,16,131,47.2782,87.2462,31.3798,2.69842,-3.3503,-9.15763,108.804,0.125,31.2464,0.293641
ppo,0,16,132,48.0764,88.3252,32.0454,2.68885,-3.3523,-9.17136,110.289,0.125,68.3776,0.293641
ppo,0,16,133,48.8774,89.4381,32.6975,2.67697,-3.35361,-9.18801,111.8,0.125,80.9159,0.293641
ppo,0,16,134,49.6676,90.5461,33.3818,2.65972,-3.35573,-9.2045,113.318,0.125,31.2442,0.293641
ppo,0,16,135,50.4922,91.6468,34.0542,2.64544,-3.35568,-9.2216,114.837,0.125,57.2197,0.293641
ppo,0,16,136,51.3006,92.7804,34.7272,2.63267,-3.35644,-9.23704,116.378,0.125,59.3634,0.293641
ppo,0,16,137,52.1213,93.898,35.428,2.621,-3.35509,-9.25417,117.919,0.125,63.1468,0.293641
ppo,0,16,138,52.9627,95.027,36.1057,2.60806,-3.35305,-9.27618,119.473,0.125,43.6615,0.293641
ppo,0,16,139,53.7838,96.1759,36.8081,2.59577,-3.35219,-9.29831,121.045,0.125,59.3866,0.293641
ppo,0,16,140,54.6337,97.3089,37.5229,2.58335,-3.35134,-9.32402,122.623,0.125,68.2966,0.293641
ppo,0,16,141,55.4864,98.4774,38.2223,2.57502,-3.34821,-9.34925,124.222,0.125,74.2448,0.293641
ppo,0,16,142,56.3348,99.6381,38.9569,2.56889,-3.34625,-9.37335,125.827,0.125,61.0336,0.293641
ppo,0,16,143,57.212,100.798,39.6762,2.56327,-3.33879,-9.39632,127.433,0.125,114.933,0.293641
ppo,0,16,144,58.0703,101.982,40.4038,2.55537,-3.32721,-9.42046,129.052,0.125,110.996,0.293641
ppo,0,16,145,58.9499,103.147,41.1493,2.54516,-3.31566,-9.44519,130.674,0.125,64.5877,0.293641
ppo,0,16,146,59.8361,104.341,41.8776,2.53448,-3.30171,-9.46608,132.313,0.125,55.5323,0.293641
ppo,0,16,147,60.7129,105.531,42.639,2.52191,-3.28804,-9.4844,133.958,0.125,36.8634,0.293641
ppo,0,16,148,61.6218,106.721,43.3866,2.51102,-3.27355,-9.50183,135.61,0.125,51.4411,0.293641
ppo,0,16,149,62.5108,107.932,44.1483,2.50306,-3.2598,-9.51848,137.276,0.125,54.2251,0.293641
ppo,0,16,150,63.423,109.122,44.9261,2.49352,-3.2442,-9.53375,138.94,0.125,71.3419,0.293641
ppo,0,16,151,64.341,110.342,45.6915,2.48028,-3.23157,-9.54735,140.631,0.125,71.5601,0.293641
ppo,0,16,152,65.2555,111.55,46.4934,2.46572,-3.21912,-9.55786,142.324,0.125,64.6851,0.293641
ppo,0,16,153,66.2011,112.764,47.2798,2.4544,-3.20575,-9.5672,144.029,0.125,50.4026,0.293641
ppo,0,16,154,67.127,113.994,48.0905,2.44414,-3.19408,-9.57246,145.746,0.125,95.2042,0.293641
ppo,0,16,155,68.085,115.21,48.9019,2.43507,-3.18072,-9.57955,147.467,0.125,73.3129,0.293641
ppo,0,16,156,69.0274,116.454,49.7099,2.42328,-3.16978,-9.58288,149.203,0.125,115.875,0.293641
ppo,0,16,157,69.9836,117.68,50.5424,2.41489,-3.15764,-9.58584,150.94,0.125,81.7033,0.293641
ppo,0,16,158,70.9479,118.934,51.3585,2.40829,-3.14653,-9.5858,152.695,0.125,25.1978,0.293641
ppo,0,16,159,71.9081,120.177,52.2079,2.40526,-3.13368,-9.58797,154.45,0.125,91.6493,0.293641
ppo,0,16,160,72.8945,121.431,53.0364,2.40432,-3.1258,-9.59372,156.224,0.125,53.6926,0.293641
ppo,0,16,161,73.8659,122.699,53.8944,2.40596,-3.11581,-9.60123,158.011,0.125,52.1667,0.293641
ppo,0,16,162,74.8693,123.956,54.7452,2.40876,-3.10851,-9.60373,159.802,0.125,102.058,0.293641
ppo,0,16,163,75.8551,125.238,55.6047,2.41028,-3.10561,-9.60685,161.613,0.125,132.642,0.293641
ppo,0,16,164,76.8717,126.502,56.4773,2.41188,-3.10471,-9.61402,163.433,0.125,25.252,0.293641
ppo,0,16,165,77.8792,127.799,57.343,2.4128,-3.10406,-9.6232,165.274,0.125,217.807,0.293641
ppo,0,16,166,78.9028,129.078,58.2339,2.41194,-3.1082,-9.63043,167.122,0.125,40.6455,0.293641
ppo,0,16,167,79.9333,130.384,59.1115,2.41042,-3.11346,-9.63887,168.991,0.125,171.803,0.293641
ppo,0,16,168,80.9659,131.676,60.0209,2.40818,-3.11759,-9.64579,170.862,0.125,87.8927,0.293641
ppo,0,16,169,82.016,132.991,60.9044,2.40817,-3.11827,-9.65368,172.747,0.125,68.813,0.293641
ppo,0,16,170,83.0521,134.31,61.8194,2.40875,-3.1176,-9.6628,174.641,0.125,48.248,0.293641
ppo,0,16,171,84.116,135.639,62.7173,2.41201,-3.11924,-9.67334,176.549,0.125,138.093,0.293641
ppo,0,16,172,85.1646,136.979,63.6434,2.41289,-3.12112,-9.68334,178.473,0.125,81.0256,0.293641
ppo,0,16,173,86.2472,138.314,64.5551,2.41429,-3.12139,-9.69579,180.403,0.125,116.548,0.293641
ppo,0,16,174,87.309,139.666,65.4923,2.41484,-3.12019,-9.70289,182.343,0.125,123.175,0.293641
ppo,0,16,175,88.4031,141.013,66.4247,2.4137,-3.12174,-9.71189,184.298,0.125,308.419,0.293641
ppo,0,16,176,89.4788,142.387,67.3735,2.41115,-3.11964,-9.7228,186.271,0.125,269.005,0.293641
ppo,0,16,177,90.5881,143.753,68.3206,2.40558,-3.11744,-9.73221,188.253,0.125,110.437,0.293641
ppo,0,16,178,91.68,145.146,69.2815,2.39671,-3.11335,-9.74309,190.255,0.125,162.924,0.293641
ppo,0,16,179,92.8027,146.52,70.2425,2.38726,-3.11069,-9.75313,192.259,0.125,177.613,0.293641
ppo,0,16,180,93.9077,147.924,71.2159,2.376,-3.10487,-9.76299,194.281,0.125,118.012,0.293641
ppo,0,16,181,95.0416,149.316,72.1981,2.36455,-3.09818,-9.77156,196.311,0.125,65.6326,0.293641
ppo,0,16,182,96.1573,150.738,73.1878,2.35545,-3.09127,-9.78173,198.359,0.125,329.616,0.293641
ppo,0,16,183,97.3067,152.144,74.1838,2.3462,-3.08353,-9.78975,200.411,0.125,123.006,0.293641
ppo,0,16,184,98.4415,153.578,75.1884,2.33658,-3.07323,-9.79952,202.481,0.125,173.789,0.293641
ppo,0,16,185,99.6066,154.997,76.1963,2.3262,-3.06292,-9.80739,204.556,0.125,82.6314,0.293641
ppo,0,16,186,100.752,156.443,77.2172,2.313,-3.05039,-9.81648,206.648,0.125,83.8905,0.293641
ppo,0,16,187,101.932,157.876,78.2397,2.29886,-3.04095,-9.82389,208.749,0.125,86.5406,0.293641
ppo,0,16,188,103.093,159.333,79.2729,2.29161,-3.03212,-9.83355,210.863,0.125,260.714,0.293641
ppo,0,16,189,104.286,160.782,80.3001,2.28315,-3.02271,-9.84163,212.984,0.125,115.169,0.293641
ppo,0,16,190,105.46,162.255,81.3483,2.2735,-3.01209,-9.8514,215.124,0.125,164.671,0.293641
ppo,0,16,191,106.664,163.728,82.386,2.2637,-3.00183,-9.85865,217.272,0.125,52.873,0.293641
ppo,0,16,192,107.846,165.215,83.4518,2.25307,-2.98966,-9.86503,219.433,0.125,90.8209,0.293641
ppo,0,16,193,109.057,166.705,84.5001,2.23961,-2.9804,-9.87066,221.605,0.125,335.438,0.293641
ppo,0,16,194,110.254,168.197,85.5784,2.22717,-2.97125,-9.87623,223.785,0.125,251.388,0.293641
ppo,0,16,195,111.472,169.705,86.6345,2.21535,-2.96187,-9.88083,225.978,0.125,23.8565,0.293641
ppo,0,16,196,112.685,171.204,87.7196,2.20738,-2.95487,-9.88768,228.175,0.125,273.499,0.293641
ppo,0,16,197,113.911,172.731,88.7883,2.19884,-2.94971,-9.89607,230.395,0.125,140.758,0.293641
ppo,0,16,198,115.146,174.241,89.8839,2.19039,-2.94736,-9.90341,232.62,0.125,203.337,0.293641
ppo,0,16,199,116.377,175.784,90.9704,2.18299,-2.94619,-9.91221,234.866,0.125,98.9145,0.293641
ppo,0,16,200,117.631,177.309,92.0701,2.17373,-2.94554,-9.92081,237.117,0.125,253.369,0.293641
ppo,0,16,201,118.872,178.865,93.1749,2.1664,-2.94324,-9.92893,239.385,0.125,325.394,0.293641
ppo,0,16,202,120.146,180.408,94.2798,2.15701,-2.93737,-9.93813,241.657,0.125,102.549,0.293641
ppo,0,16,203,121.4,181.969,95.4068,2.14933,-2.93109,-9.94589,243.943,0.125,202.922,0.293641
ppo,0,16,204,122.686,183.537,96.516,2.14388,-2.92751,-9.95159,246.241,0.125,55.5551,0.293641
ppo,0,16,205,123.961,185.104,97.6613,2.13782,-2.92445,-9.95705,248.551,0.125,79.8935,0.293641
ppo,0,16,206,125.253,186.696,98.7853,2.13033,-2.91806,-9.96407,250.877,0.125,90.3588,0.293641
ppo,0,16,207,126.558,188.271,99.9365,2.12552,-2.91304,-9.9701,253.208,0.125,297.304,0.293641
ppo,0,16,208,127.851,189.877,101.081,2.11853,-2.90555,-9.97978,255.555,0.125,191.736,0.293641
ppo,0,16,209,129.176,191.466,102.231,2.11059,-2.89813,-9.98948,257.908,0.125,395.843,0.293641
ppo,0,16,210,130.477,193.079,103.401,2.10277,-2.89221,-9.99846,260.277,0.125,186.02,0.293641
ppo,0,16,211,131.809,194.694,104.557,2.09576,-2.88823,-10.0077,262.658,0.125,330.945,0.293641
ppo,0,16,212,133.132,196.308,105.747,2.08542,-2.88235,-10.0144,265.049,0.125,284.262,0.293641
ppo,0,16,213,134.471,197.949,106.922,2.07675,-2.87745,-10.019,267.46,0.125,145.929,0.293641
ppo,0,16,214,135.825,199.57,108.121,2.06797,-2.87482,-10.0243,269.876,0.125,384.786,0.293641
ppo,0,16,215,137.163,201.223,109.323,2.05763,-2.87223,-10.0343,272.314,0.125,64.472,0.293641
ppo,0,16,216,138.536,202.868,110.519,2.04823,-2.87067,-10.0447,274.76,0.125,190.449,0.293641
ppo,0,16,217,139.891,204.522,111.742,2.04062,-2.86952,-10.0583,277.217,0.125,274.441,0.293641
ppo,0,16,218,141.263,206.2,112.946,2.03571,-2.87003,-10.0718,279.692,0.125,271.685,0.293641
ppo,0,16,219,142.645,207.859,114.176,2.03315,-2.87077,-10.0871,282.171,0.125,345.978,0.293641
ppo,0,16,220,144.014,209.553,115.404,2.02885,-2.87078,-10.1029,284.667,0.125,264.86,0.293641
ppo,0,16,221,145.416,211.237,116.626,2.02581,-2.87259,-10.117,287.171,0.125,312.009,0.293641
ppo,0,16,222,146.805,212.923,117.876,2.02371,-2.87607,-10.1284,289.683,0.125,307.459,0.293641
ppo,0,16,223,148.212,214.633,119.107,2.01972,-2.88066,-10.1402,292.214,0.125,270.338,0.293641
ppo,0,16,224,149.639,216.319,120.36,2.01571,-2.88648,-10.1545,294.75,0.125,254.584,0.293641
ppo,0,16,225,151.049,218.032,121.623,2.00923,-2.89242,-10.1691,297.304,0.125,391.516,0.293641
ppo,0,16,226,152.491,219.75,122.872,2.00351,-2.89497,-10.1836,299.868,0.125,531.626,0.293641
ppo,0,16,227,153.929,221.461,124.157,2.00318,-2.89556,-10.1996,302.439,0.125,541.399,0.293641
ppo,0,16,228,155.372,223.206,125.428,2.00454,-2.89451,-10.2157,305.028,0.125,80.2217,0.293641
ppo,0,16,229,156.845,224.934,126.698,2.00436,-2.89264,-10.2328,307.622,0.125,253.85,0.293641
ppo,0,16,230,158.301,226.674,127.996,2.00462,-2.89038,-10.2465,310.225,0.125,327.044,0.293641
ppo,0,16,231,159.773,228.44,129.276,2.00297,-2.88757,-10.2604,312.849,0.125,327.396,0.293641
ppo,0,16,232,161.264,230.189,130.577,2.00142,-2.88502,-10.2721,315.478,0.125,270.252,0.293641
ppo,0,16,233,162.735,231.961,131.891,1.99798,-2.88125,-10.285,318.121,0.125,320.869,0.293641
ppo,0,16,234,164.233,233.741,133.187,1.99869,-2.87796,-10.2937,320.773,0.125,345.782,0.293641
ppo,0,16,235,165.74,235.505,134.513,1.99617,-2.87482,-10.3049,323.433,0.125,537.104,0.293641
ppo,0,16,236,167.229,237.299,135.846,1.99412,-2.87209,-10.3178,326.112,0.125,302.343,0.293641
ppo,0,16,237,168.753,239.094,137.165,1.98661,-2.86836,-10.3284,328.802,0.125,111.767,0.293641
ppo,0,16,238,170.275,240.878,138.518,1.98099,-2.86223,-10.34,331.498,0.125,400.907,0.293641
ppo,0,16,239,171.792,242.696,139.866,1.97609,-2.85778,-10.353,334.215,0.125,352.913,0.293641
ppo,0,16,240,173.34,244.509,141.206,1.97513,-2.85184,-10.3634,336.937,0.125,405.138,0.293641
ppo,0,16,241,174.883,246.318,142.58,1.97286,-2.84369,-10.3752,339.669,0.125,326.857,0.293641
ppo,0,16,242,176.419,248.161,143.949,1.96929,-2.83644,-10.3844,342.42,0.125,326.262,0.293641
ppo,0,16,243,177.992,250.002,145.311,1.96295,-2.83178,-10.394,345.189,0.125,633.655,0.293641
ppo,0,16,244,179.556,251.837,146.709,1.9617,-2.82545,-10.4045,347.962,0.125,418.505,0.293641
ppo,0,16,245,181.111,253.704,148.101,1.95944,-2.81819,-10.4152,350.751,0.125,361.18,0.293641
ppo,0,16,246,182.696,255.569,149.48,1.95772,-2.81001,-10.4275,353.548,0.125,647.842,0.293641
ppo,0,16,247,184.28,257.423,150.894,1.9558,-2.80387,-10.442,356.356,0.125,497.253,0.293641
ppo,0,16,248,185.852,259.311,152.311,1.95528,-2.79552,-10.4557,359.181,0.125,299.383,0.293641
ppo,0,16,249,187.457,261.202,153.714,1.95481,-2.7875,-10.4699,362.019,0.125,715.982,0.293641
ppo,0,16,250,189.063,263.077,155.147,1.95734,-2.7762,-10.4849,364.856,0.125,380.429,0.293641
ppo,0,16,251,190.648,264.981,156.593,1.95731,-2.76479,-10.504,367.714,0.125,212.392,0.293641
ppo,0,16,252,192.26,266.899,158.014,1.95756,-2.75289,-10.5205,370.582,0.125,300.441,0.293641
ppo,0,16,253,193.891,268.801,159.459,1.95642,-2.74139,-10.5389,373.462,0.125,479.046,0.293641
ppo,0,16,254,195.505,270.72,160.924,1.95463,-2.72946,-10.5566,376.353,0.125,718.331,0.293641
ppo,0,16,255,197.13,272.666,162.372,1.94866,-2.71977,-10.5753,379.267,0.125,403.374,0.293641
ppo,0,16,256,198.786,274.592,163.83,1.94279,-2.71119,-10.5936,382.188,0.125,137.368,0.293641
ppo,0,16,257,200.426,276.523,165.323,1.94163,-2.70303,-10.6111,385.118,0.125,670.182,0.293641
ppo,0,16,258,202.061,278.482,166.809,1.93802,-2.69379,-10.6292,388.064,0.125,455.898,0.293641
ppo,0,16,259,203.729,280.438,168.283,1.93221,-2.68521,-10.6455,391.019,0.125,680.639,0.293641
ppo,0,16,260,205.407,282.376,169.785,1.92629,-2.68012,-10.6606,393.983,0.125,602.588,0.293641
ppo,0,16,261,207.062,284.34,171.299,1.92154,-2.67341,-10.6744,396.956,0.125,211.714,0.293641
ppo,0,16,262,208.734,286.329,172.794,1.91784,-2.66571,-10.6904,399.947,0.125,634.471,0.293641
ppo,0,16,263,210.437,288.297,174.295,1.91446,-2.6582,-10.7069,402.942,0.125,305.495,0.293641
ppo,0,16,264,212.129,290.262,175.831,1.91043,-2.64924,-10.7216,405.945,0.125,488.409,0.293641
ppo,0,16,265,213.81,292.264,177.363,1.90807,-2.63955,-10.7362,408.964,0.125,797.733,0.293641
ppo,0,16,266,215.521,294.272,178.878,1.90462,-2.63372,-10.749,411.999,0.125,312.779,0.293641
ppo,0,16,267,217.251,296.261,180.413,1.90218,-2.63088,-10.759,415.04,0.125,201.937,0.293641
ppo,0,16,268,218.962,298.261,181.981,1.90014,-2.63063,-10.7705,418.096,0.125,700.59,0.293641
ppo,0,16,269,220.671,300.295,183.534,1.89725,-2.62833,-10.7842,421.17,0.125,456.92,0.293641
ppo,0,16,270,222.411,302.33,185.071,1.89356,-2.6236,-10.7941,424.25,0.125,526.851,0.293641
ppo,0,16,271,224.163,304.348,186.632,1.88909,-2.62123,-10.8033,427.337,0.125,695.794,0.293641
ppo,0,16,272,225.897,306.382,188.216,1.88815,-2.61909,-10.8124,430.434,0.125,171.525,0.293641
ppo,0,16,273,227.632,308.449,189.785,1.88477,-2.61624,-10.8192,433.55,0.125,437.221,0.293641
ppo,0,16,274,229.403,310.513,191.346,1.88423,-2.61318,-10.8268,436.677,0.125,528.933,0.293641
ppo,0,16,275,231.187,312.555,192.936,1.88287,-2.60919,-10.834,439.807,0.125,588.568,0.293641
ppo,0,16,276,232.951,314.609,194.548,1.88394,-2.60793,-10.8411,442.948,0.125,547.422,0.293641
ppo,0,16,277,234.715,316.695,196.15,1.88315,-2.60726,-10.85,446.11,0.125,444.191,0.293641
ppo,0,16,278,236.514,318.786,197.738,1.8831,-2.60372,-10.8545,449.282,0.125,427.53,0.293641
ppo,0,16,279,238.331,320.863,199.343,1.88497,-2.59945,-10.8567,452.458,0.125,563.412,0.293641
ppo,0,16,280,240.132,322.944,200.979,1.88582,-2.59504,-10.8579,455.645,0.125,666.861,0.293641
ppo,0,16,281,241.922,325.056,202.612,1.88434,-2.58857,-10.8586,458.845,0.125,238.439,0.293641
ppo,0,16,282,243.735,327.185,204.225,1.88374,-2.58214,-10.856,462.059,0.125,406.13,0.293641
ppo,0,16,283,245.572,329.298,205.844,1.88601,-2.57326,-10.8524,465.273,0.125,360.077,0.293641
ppo,0,16,284,247.41,331.398,207.494,1.885,-2.56778,-10.8511,468.498,0.125,536.976,0.293641
ppo,0,16,285,249.229,333.522,209.162,1.88619,-2.55984,-10.8514,471.736,0.125,62.6404,0.293641
ppo,0,16,286,251.054,335.676,210.817,1.88895,-2.55426,-10.852,474.995,0.125,691.518,0.293641
ppo,0,16,287,252.907,337.832,212.46,1.89185,-2.54624,-10.8502,478.26,0.125,874.472,0.293641
ppo,0,16,288,254.779,339.965,214.119,1.8942,-2.54142,-10.8478,481.531,0.125,865.497,0.293641
ppo,0,16,289,256.642,342.1,215.815,1.89766,-2.53873,-10.8473,484.816,0.125,530.72,0.293641
ppo,0,16,290,258.486,344.263,217.518,1.9053,-2.53543,-10.845,488.111,0.125,887.902,0.293641
ppo,0,16,291,260.343,346.453,219.203,1.9141,-2.53443,-10.8481,491.428,0.125,792.943,0.293641
ppo,0,16,292,262.237,348.641,220.877,1.92176,-2.53259,-10.8532,494.758,0.125,487.579,0.293641
ppo,0,16,293,264.148,350.81,222.574,1.93147,-2.52927,-10.8575,498.093,0.125,703.637,0.293641
ppo,0,16,294,266.053,352.975,224.303,1.93906,-2.52616,-10.864,501.438,0.125,588.607,0.293641
ppo,0,16,295,267.939,355.166,226.05,1.94456,-2.5199,-10.8706,504.801,0.125,880.311,0.293641
ppo,0,16,296,269.828,357.39,227.783,1.9525,-2.51259,-10.877,508.179,0.125,1004.27,0.293641
ppo,0,16,297,271.748,359.62,229.497,1.95665,-2.50547,-10.8855,511.572,0.125,924.376,0.293641
ppo,0,16,298,273.7,361.828,231.218,1.95984,-2.49709,-10.8953,514.97,0.125,1020.08,0.293641
ppo,0,16,299,275.653,364.019,232.971,1.96513,-2.48309,-10.9053,518.368,0.125,603.277,0.293641
ppo,0,17,0,0,0,0,-5.4857,-6.87361,-3.16823,9.34757,0.125,1.00103,0.329452
ppo,0,17,1,0.0218853,0.0215683,-0.0171749,-5.46841,-6.83799,-3.14646,9.3268,0.125,1.03979,0.329452
ppo,0,17,2,0.0632477,0.0636067,-0.0533149,-5.45164,-6.80174,-3.12429,9.32619,0.125,0.998437,0.329452
ppo,0,17,3,0.125577,0.125783,-0.108758,-5.43873,-6.7639,-3.10562,9.34935,0.125,1.48582,0.329452
ppo,0,17,4,0.205273,0.208341,-0.183818,-5.42594,-6.72999,-3.08665,9.3956,0.125,1.4698,0.329452
ppo,0,17,5,0.298371,0.315344,-0.281575,-5.41335,-6.69568,-3.07045,9.46341,0.125,2.09973,0.329452
ppo,0,17,6,0.403946,0.445621,-0.400422,-5.40124,-6.66207,-3.05074,9.55215,0.125,1.18496,0.329452
ppo,0,17,7,0.518863,0.601642,-0.533794,-5.38873,-6.6296,-3.02766,9.66488,0.125,1.64735,0.329452
ppo,0,17,8,0.639189,0.78652,-0.682875,-5.37654,-6.59566,-3.00501,9.80194,0.125,1.53473,0.329452
ppo,0,17,9,0.76548,0.999767,-0.84854,-5.36447,-6.56473,-2.98248,9.96753,0.125,1.32806,0.329452
ppo,0,17,10,0.893914,1.24487,-1.02525,-5.34777,-6.53423,-2.95857,10.1593,0.125,1.69332,0.329452
ppo,0,17,11,1.01815,1.52272,-1.21193,-5.3351,-6.5028,-2.93418,10.3797,0.125,1.56327,0.329452
ppo,0,17,12,1.13235,1.83191,-1.39872,-5.32322,-6.47179,-2.90666,10.6254,0.125,0.970628,0.329452
ppo,0,17,13,1.2338,2.17555,-1.58759,-5.31456,-6.43937,-2.88,10.8981,0.125,1.28947,0.329452
ppo,0,17,14,1.31713,2.55054,-1.76813,-5.3094,-6.40595,-2.85248,11.194,0.125,1.87976,0.329452
ppo,0,17,15,1.38391,2.95775,-1.93511,-5.30793,-6.37563,-2.82259,11.5187,0.125,1.70766,0.329452
ppo,0,17,16,1.43137,3.38536,-2.08312,-5.3068,-6.34419,-2.78813,11.856,0.125,2.08885,0.329452
ppo,0,17,17,1.46052,3.82675,-2.2054,-5.30715,-6.31332,-2.75791,12.2036,0.125,1.77438,0.329452
ppo,0,17,18,1.47534,4.27362,-2.29708,-5.30962,-6.28499,-2.72731,12.5581,0.125,2.00093,0.329452
ppo,0,17,19,1.48154,4.72067,-2.3548,-5.31165,-6.25914,-2.70055,12.916,0.125,1.30999,0.329452
ppo,0,17,20,1.48211,5.15711,-2.38004,-5.31447,-6.23672,-2.6725,13.2702,0.125,2.37556,0.329452
ppo,0,17,21,1.49242,5.57669,-2.37502,-5.31929,-6.21555,-2.64324,13.6209,0.125,1.79388,0.329452
ppo,0,17,22,1.51659,5.97904,-2.34898,-5.32439,-6.19322,-2.61643,13.9655,0.125,2.36701,0.329452
ppo,0,17,23,1.56433,6.36258,-2.30756,-5.33191,-6.17318,-2.5898,14.3102,0.125,1.32156,0.329452
ppo,0,17,24,1.643,6.7272,-2.2587,-5.33962,-6.15233,-2.56068,14.6537,0.125,0.922372,0.329452
ppo,0,17,25,1.75707,7.08415,-2.21658,-5.34925,-6.13694,-2.53513,15.0133,0.125,3.41756,0.329452
ppo,0,17,26,1.90228,7.44331,-2.19085,-5.35691,-6.12223,-2.51052,15.389,0.125,1.11812,0.329452
ppo,0,17,27,2.07283,7.81534,-2.18493,-5.36689,-6.10685,-2.48571,15.7882,0.125,2.77135,0.329452
ppo,0,17,28,2.26033,8.20956,-2.20091,-5.37908,-6.09456,-2.46129,16.2184,0.125,2.01155,0.329452
ppo,0,17,29,2.45145,8.63513,-2.23226,-5.38878,-6.0847,-2.44106,16.6789,0.125,1.74526,0.329452
ppo,0,17,30,2.63373,9.09548,-2.2694,-5.39954,-6.07577,-2.42268,17.1675,0.125,2.19879,0.329452
ppo,0,17,31,2.79989,9.58423,-2.29221,-5.41313,-6.06917,-2.40405,17.6775,0.125,1.54153,0.329452
ppo,0,17,32,2.94423,10.09,-2.2891,-5.42727,-6.06121,-2.38257,18.1921,0.125,1.75552,0.329452
ppo,0,17,33,3.07747,10.5965,-2.2526,-5.44191,-6.05661,-2.36044,18.7061,0.125,2.2299,0.329452
ppo,0,17,34,3.21098,11.092,-2.18334,-5.45647,-6.0522,-2.33521,19.2112,0.125,2.43511,0.329452
ppo,0,17,35,3.35875,11.5689,-2.09286,-5.47224,-6.04714,-2.30959,19.7068,0.125,1.66503,0.329452
ppo,0,17,36,3.53174,12.0253,-1.98956,-5.48734,-6.03997,-2.28506,20.1937,0.125,3.05543,0.329452
ppo,0,17,37,3.74009,12.4742,-1.89432,-5.50112,-6.03348,-2.26037,20.6898,0.125,4.25942,0.329452
ppo,0,17,38,3.97789,12.9306,-1.81778,-5.5161,-6.02811,-2.23795,21.2072,0.125,4.46272,0.329452
ppo,0,17,39,4.23209,13.4116,-1.75915,-5.52974,-6.02419,-2.21346,21.7543,0.125,3.22945,0.329452
ppo,0,17,40,4.48433,13.9217,-1.70956,-5.54376,-6.02061,-2.19012,22.3269,0.125,4.44325,0.329452
ppo,0,17,41,4.71818,14.4636,-1.65109,-5.55494,-6.0176,-2.16692,22.9191,0.125,2.53322,0.329452
ppo,0,17,42,4.93157,15.0206,-1.57033,-5.56629,-6.01474,-2.14284,23.5163,0.125,3.00031,0.329452
ppo,0,17,43,5.13744,15.5716,-1.45872,-5.58088,-6.01344,-2.11896,24.1088,0.125,2.0274,0.329452
ppo,0,17,44,5.3512,16.1018,-1.31912,-5.59986,-6.01448,-2.09653,24.6913,0.125,5.35947,0.329452
ppo,0,17,45,5.59751,16.6127,-1.1689,-5.62044,-6.01575,-2.0719,25.2726,0.125,6.70532,0.329452
ppo,0,17,46,5.87693,17.1184,-1.02573,-5.64308,-6.01826,-2.04641,25.8661,0.125,7.89312,0.329452
ppo,0,17,47,6.18087,17.6372,-0.902125,-5.66367,-6.01933,-2.0224,26.4798,0.125,3.39563,0.329452
ppo,0,17,48,6.48795,18.1858,-0.79111,-5.68263,-6.02054,-2.00058,27.1207,0.125,2.72307,0.329452
ppo,0,17,49,6.78232,18.7659,-0.676553,-5.70235,-6.02023,-1.97808,27.7833,0.125,3.02704,0.329452
ppo,0,17,50,7.05926,19.3644,-0.537402,-5.72511,-6.01884,-1.95328,28.4561,0.125,4.16574,0.329452
ppo,0,17,51,7.32748,19.9578,-0.366195,-5.74592,-6.01924,-1.92561,29.123,0.125,5.96798,0.329452
ppo,0,17,52,7.60931,20.5343,-0.171823,-5.76469,-6.02287,-1.89841,29.7847,0.125,4.32806,0.329452
ppo,0,17,53,7.9255,21.0952,0.0209992,-5.78393,-6.02862,-1.87177,30.4505,0.125,7.32659,0.329452
ppo,0,17,54,8.27178,21.6635,0.196484,-5.7995,-6.03568,-1.8471,31.1355,0.125,5.27435,0.329452
ppo,0,17,55,8.62889,22.2609,0.352202,-5.81421,-6.04235,-1.82279,31.8498,0.125,5.10477,0.329452
ppo,0,17,56,8.9718,22.8908,0.513827,-5.82939,-6.04953,-1.79975,32.5879,0.125,8.18608,0.329452
ppo,0,17,57,9.2949,23.5305,0.697671,-5.84349,-6.05449,-1.77943,33.3253,0.125,3.72468,0.329452
ppo,0,17,58,9.61635,24.1581,0.914722,-5.86028,-6.06218,-1.75913,34.0579,0.125,3.58367,0.329452
ppo,0,17,59,9.95904,24.7639,1.14382,-5.8787,-6.06825,-1.73781,34.7816,0.125,5.44338,0.329452
ppo,0,17,60,10.3334,25.3667,1.36223,-5.89767,-6.07378,-1.71517,35.5165,0.125,7.30296,0.329452
ppo,0,17,61,10.7216,25.9923,1.55893,-5.91437,-6.08009,-1.69309,36.2763,0.125,5.61506,0.329452
ppo,0,17,62,11.1001,26.6498,1.75545,-5.93199,-6.08847,-1.67433,37.0628,0.125,11.0389,0.329452
ppo,0,17,63,11.4607,27.322,1.97619,-5.95035,-6.09432,-1.65484,37.8547,0.125,4.92666,0.329452
ppo,0,17,64,11.8197,27.984,2.23195,-5.97127,-6.1021,-1.63364,38.6436,0.125,6.96946,0.329452
ppo,0,17,65,12.2061,28.6253,2.49876,-5.99221,-6.11158,-1.61314,39.4302,0.125,11.1275,0.329452
ppo,0,17,66,12.6218,29.2677,2.75227,-6.01195,-6.11867,-1.59205,40.2279,0.125,14.788,0.329452
ppo,0,17,67,13.0473,29.9368,2.99167,-6.03425,-6.1233,-1.57421,41.0522,0.125,3.11952,0.329452
ppo,0,17,68,13.4552,30.6363,3.2399,-6.05457,-6.12929,-1.55722,41.8969,0.125,11.4233,0.329452
ppo,0,17,69,13.8492,31.3374,3.52454,-6.07132,-6.13455,-1.53694,42.7387,0.125,11.5485,0.329452
ppo,0,17,70,14.2594,32.0164,3.83298,-6.08805,-6.14139,-1.52008,43.574,0.125,13.0407,0.329452
ppo,0,17,71,14.7024,32.687,4.13185,-6.10749,-6.14809,-1.50267,44.418,0.125,4.59148,0.329452
ppo,0,17,72,15.1622,33.3826,4.41071,-6.12914,-6.15626,-1.48501,45.2924,0.125,11.459,0.329452
ppo,0,17,73,15.6094,34.1119,4.69399,-6.15314,-6.16357,-1.46721,46.1918,0.125,10.5974,0.329452
ppo,0,17,74,16.0422,34.8445,5.00665,-6.17896,-6.17275,-1.44916,47.0943,0.125,10.0661,0.329452
ppo,0,17,75,16.4903,35.5595,5.34354,-6.20556,-6.18447,-1.43275,47.9957,0.125,9.69717,0.329452
ppo,0,17,76,16.9734,36.2664,5.67451,-6.2292,-6.19982,-1.41808,48.9085,0.125,10.2689,0.329452
ppo,0,17,77,17.4686,37.0008,5.98597,-6.25363,-6.21561,-1.40238,49.8497,0.125,14.1157,0.329452
ppo,0,17,78,17.9514,37.7659,6.30351,-6.27455,-6.23617,-1.38471,50.8153,0.125,9.30215,0.329452
ppo,0,17,79,18.4205,38.528,6.65346,-6.29424,-6.25531,-1.36521,51.7751,0.125,8.00848,0.329452
ppo,0,17,80,18.9127,39.2672,7.01927,-6.31248,-6.27628,-1.34339,52.73,0.125,5.49289,0.329452
ppo,0,17,81,19.4322,40.0101,7.36611,-6.32823,-6.29676,-1.32006,53.697,0.125,9.87665,0.329452
ppo,0,17,82,19.9522,40.7849,7.70287,-6.34373,-6.31988,-1.2981,54.6932,0.125,5.10084,0.329452
ppo,0,17,83,20.4541,41.5739,8.06365,-6.3561,-6.34383,-1.27841,55.6971,0.125,19.3476,0.329452
ppo,0,17,84,20.9627,42.347,8.45674,-6.36706,-6.37076,-1.25831,56.6985,0.125,7.58842,0.329452
ppo,0,17,85,21.5023,43.1102,8.84359,-6.37942,-6.39392,-1.23904,57.7036,0.125,23.6687,0.329452
ppo,0,17,86,22.0546,43.8987,9.21128,-6.39092,-6.41783,-1.21713,58.7337,0.125,15.428,0.329452
ppo,0,17,87,22.5897,44.7099,9.59505,-6.40135,-6.439,-1.19587,59.7757,0.125,12.667,0.329452
ppo,0,17,88,23.1213,45.5087,10.0109,-6.41296,-6.46038,-1.17347,60.8124,0.125,14.8975,0.329452
ppo,0,17,89,23.6832,46.2932,10.4283,-6.42444,-6.48278,-1.15066,61.8534,0.125,18.8729,0.329452
ppo,0,17,90,24.2601,47.0991,10.8254,-6.43483,-6.50449,-1.12305,62.915,0.125,14.0772,0.329452
ppo,0,17,91,24.8233,47.9382,11.2329,-6.44559,-6.52482,-1.09401,63.9993,0.125,27.9594,0.329452
ppo,0,17,92,25.3843,48.7683,11.6771,-6.45493,-6.54384,-1.06376,65.0807,0.125,13.4533,0.329452
ppo,0,17,93,25.977,49.5806,12.1242,-6.46358,-6.55912,-1.03412,66.1604,0.125,29.7748,0.329452
ppo,0,17,94,26.5865,50.4142,12.5505,-6.46906,-6.57437,-1.00477,67.2615,0.125,15.2416,0.329452
ppo,0,17,95,27.179,51.2771,12.9881,-6.47841,-6.58839,-0.978175,68.3834,0.125,23.6738,0.329452
ppo,0,17,96,27.771,52.1312,13.4556,-6.48601,-6.60301,-0.947668,69.5032,0.125,20.7265,0.329452
ppo,0,17,97,28.3963,52.9735,13.9217,-6.49466,-6.61759,-0.914475,70.6299,0.125,6.07957,0.329452
ppo,0,17,98,29.0294,53.846,14.3706,-6.50438,-6.63428,-0.883787,71.7859,0.125,21.7528,0.329452
ppo,0,17,99,29.6448,54.7381,14.8439,-6.51509,-6.65111,-0.854048,72.9561,0.125,19.989,0.329452
ppo,0,17,100,30.2721,55.6162,15.3402,-6.522,-6.67089,-0.825961,74.1272,0.125,28.7868,0.329452
ppo,0,17,101,30.9309,56.4947,15.8189,-6.52527,-6.69247,-0.795375,75.3101,0.125,11.4576,0.329452
ppo,0,17,102,31.5853,57.4083,16.2921,-6.52673,-6.71691,-0.771003,76.5227,0.125,28.7125,0.329452
ppo,0,17,103,32.228,58.3228,16.798,-6.52893,-6.74384,-0.744901,77.7401,0.125,20.1929,0.329452
ppo,0,17,104,32.9005,59.2189,17.3092,-6.53035,-6.7715,-0.72307,78.9601,0.125,18.5637,0.329452
ppo,0,17,105,33.5898,60.1384,17.8008,-6.53525,-6.79923,-0.702752,80.2062,0.125,49.3871,0.329452
ppo,0,17,106,34.2598,61.0829,18.3104,-6.54094,-6.8279,-0.685662,81.4704,0.125,31.8196,0.329452
ppo,0,17,107,34.9405,62.0052,18.8482,-6.54734,-6.85652,-0.66697,82.7286,0.125,51.3314,0.329452
ppo,0,17,108,35.6489,62.9333,19.3717,-6.55217,-6.88748,-0.648029,84.0039,0.125,14.9793,0.329452
ppo,0,17,109,36.3527,63.8963,19.8943,-6.5599,-6.91904,-0.632073,85.3091,0.125,37.224,0.329452
ppo,0,17,110,37.0489,64.8543,20.4495,-6.56432,-6.95411,-0.617815,86.6164,0.125,34.144,0.329452
ppo,0,17,111,37.7773,65.8012,21.001,-6.57058,-6.99076,-0.606119,87.9333,0.125,32.1271,0.329452
ppo,0,17,112,38.5087,66.7772,21.5406,-6.57545,-7.02678,-0.593246,89.2721,0.125,46.9055,0.329452
ppo,0,17,113,39.2242,67.7597,22.1085,-6.58216,-7.06275,-0.580793,90.6169,0.125,12.5282,0.329452
ppo,0,17,114,39.9676,68.7216,22.6899,-6.58828,-7.10091,-0.572142,91.9654,0.125,25.1038,0.329452
ppo,0,17,115,40.7247,69.7064,23.248,-6.59298,-7.14249,-0.567529,93.3375,0.125,41.557,0.329452
ppo,0,17,116,41.4665,70.7082,23.8307,-6.59004,-7.18352,-0.56534,94.7191,0.125,24.565,0.329452
ppo,0,17,117,42.2268,71.6891,24.429,-6.58662,-7.22483,-0.564578,96.0981,0.125,27.3562,0.329452
ppo,0,17,118,43.0068,72.692,25.0077,-6.58168,-7.2694,-0.565589,97.503,0.125,24.4686,0.329452
ppo,0,17,119,43.7678,73.7158,25.6009,-6.57612,-7.31412,-0.564196,98.919,0.125,48.6326,0.329452
ppo,0,17,120,44.5473,74.7128,26.2189,-6.56869,-7.3553,-0.558935,100.325,0.125,21.5514,0.329452
ppo,0,17,121,45.352,75.729,26.8179,-6.56428,-7.39287,-0.555188,101.754,0.125,42.4192,0.329452
ppo,0,17,122,46.1359,76.7682,27.433,-6.55614,-7.43228,-0.551414,103.195,0.125,72.2253,0.329452
ppo,0,17,123,46.9395,77.7884,28.0643,-6.54445,-7.47234,-0.547467,104.635,0.125,44.9233,0.329452
ppo,0,17,124,47.7637,78.8236,28.6758,-6.53026,-7.51209,-0.545616,106.092,0.125,102.989,0.329452
ppo,0,17,125,48.5712,79.8756,29.311,-6.51277,-7.54994,-0.547414,107.559,0.125,32.4463,0.329452
ppo,0,17,126,49.398,80.9075,29.964,-6.49405,-7.58921,-0.547127,109.025,0.125,20.8804,0.329452
ppo,0,17,127,50.2434,81.9594,30.6002,-6.4742,-7.62571,-0.550916,110.511,0.125,39.3647,0.329452
ppo,0,17,128,51.0705,83.0225,31.2668,-6.45216,-7.6615,-0.554815,112.005,0.125,18.5896,0.329452
ppo,0,17,129,51.9266,84.0633,31.9422,-6.42945,-7.69679,-0.556818,113.497,0.125,41.4136,0.329452
ppo,0,17,130,52.7899,85.1314,32.5997,-6.40992,-7.73108,-0.556902,115.01,0.125,78.2309,0.329452
ppo,0,17,131,53.6374,86.205,33.2933,-6.39023,-7.76403,-0.557401,116.531,0.125,39.8803,0.329452
ppo,0,17,132,54.5158,87.267,33.9824,-6.37227,-7.79397,-0.56043,118.056,0.125,74.2864,0.329452
ppo,0,17,133,55.3863,88.3645,34.6653,-6.35399,-7.82232,-0.566044,119.604,0.125,19.2032,0.329452
ppo,0,17,134,56.256,89.4465,35.3803,-6.33289,-7.84975,-0.570852,121.146,0.125,83.6848,0.329452
ppo,0,17,135,57.1557,90.5337,36.0804,-6.31026,-7.87639,-0.572441,122.702,0.125,45.309,0.329452
ppo,0,17,136,58.0365,91.6447,36.787,-6.28801,-7.89825,-0.573309,124.267,0.125,39.2602,0.329452
ppo,0,17,137,58.9387,92.7332,37.5138,-6.26609,-7.92242,-0.573868,125.833,0.125,74.3427,0.329452
ppo,0,17,138,59.8557,93.8477,38.2239,-6.23883,-7.94611,-0.576999,127.42,0.125,36.9257,0.329452
ppo,0,17,139,60.7584,94.9687,38.9621,-6.21155,-7.96879,-0.579179,129.014,0.125,40.8994,0.329452
ppo,0,17,140,61.6934,96.0784,39.6996,-6.18388,-7.99,-0.582182,130.615,0.125,51.6526,0.329452
ppo,0,17,141,62.6187,97.2228,40.4366,-6.15734,-8.00985,-0.58402,132.237,0.125,51.5171,0.329452
ppo,0,17,142,63.5487,98.3542,41.2046,-6.12913,-8.03059,-0.585863,133.862,0.125,43.8122,0.329452
ppo,0,17,143,64.4996,99.5018,41.9537,-6.10309,-8.05445,-0.591211,135.511,0.125,13.7751,0.329452
ppo,0,17,144,65.4308,100.666,42.7245,-6.07622,-8.07956,-0.59528,137.169,0.125,35.8523,0.329452
ppo,0,17,145,66.3911,101.811,43.4997,-6.0523,-8.10339,-0.60038,138.831,0.125,105.725,0.329452
ppo,0,17,146,67.3424,102.99,44.2688,-6.03023,-8.12204,-0.603854,140.509,0.125,43.0615,0.329452
ppo,0,17,147,68.2989,104.153,45.0652,-6.0074,-8.13916,-0.607859,142.186,0.125,87.9039,0.329452
ppo,0,17,148,69.2806,105.331,45.8414,-5.98256,-8.15422,-0.61485,143.88,0.125,44.9125,0.329452
ppo,0,17,149,70.2401,106.525,46.6424,-5.96149,-8.17265,-0.623282,145.589,0.125,82.7022,0.329452
ppo,0,17,150,71.2328,107.706,47.4436,-5.93968,-8.1896,-0.633494,147.305,0.125,54.0022,0.329452
ppo,0,17,151,72.2126,108.919,48.2466,-5.91626,-8.20723,-0.644707,149.04,0.125,75.2715,0.329452
ppo,0,17,152,73.203,110.112,49.0723,-5.89238,-8.22584,-0.658508,150.775,0.125,104.585,0.329452
ppo,0,17,153,74.2067,111.334,49.8781,-5.8671,-8.2393,-0.673518,152.529,0.125,42.1789,0.329452
ppo,0,17,154,75.2037,112.552,50.7164,-5.84022,-8.25383,-0.687101,154.287,0.125,74.7958,0.329452
ppo,0,17,155,76.2333,113.77,51.5348,-5.81032,-8.26647,-0.699574,156.053,0.125,119.165,0.329452
ppo,0,17,156,77.2462,115.013,52.3729,-5.77993,-8.2794,-0.711158,157.836,0.125,48.6807,0.329452
ppo,0,17,157,78.289,116.24,53.217,-5.7503,-8.29386,-0.721756,159.627,0.125,186.961,0.329452
ppo,0,17,158,79.3229,117.501,54.0597,-5.72011,-8.30412,-0.73051,161.435,0.125,96.9725,0.329452
ppo,0,17,159,80.369,118.738,54.9249,-5.69207,-8.31688,-0.739715,163.242,0.125,129.07,0.329452
ppo,0,17,160,81.425,120.001,55.7701,-5.6617,-8.33146,-0.751921,165.07,0.125,83.0497,0.329452
ppo,0,17,161,82.4782,121.254,56.6496,-5.63014,-8.34504,-0.769307,166.901,0.125,120.387,0.329452
ppo,0,17,162,83.5571,122.524,57.5134,-5.59597,-8.35759,-0.785608,168.751,0.125,104.485,0.329452
ppo,0,17,163,84.6168,123.802,58.4095,-5.55881,-8.36906,-0.804446,170.608,0.125,78.0047,0.329452
ppo,0,17,164,85.709,125.074,59.2959,-5.52232,-8.38277,-0.823823,172.476,0.125,157.644,0.329452
ppo,0,17,165,86.783,126.366,60.2014,-5.48789,-8.39425,-0.844318,174.358,0.125,73.341,0.329452
ppo,0,17,166,87.8853,127.641,61.1086,-5.45816,-8.40576,-0.864476,176.245,0.125,37.7294,0.329452
ppo,0,17,167,88.974,128.95,62.0189,-5.4263,-8.4175,-0.885667,178.152,0.125,178.807,0.329452
ppo,0,17,168,90.0858,130.238,62.9479,-5.39345,-8.42999,-0.909135,180.063,0.125,47.0259,0.329452
ppo,0,17,169,91.1978,131.559,63.8655,-5.36063,-8.43919,-0.931088,181.993,0.125,94.5878,0.329452
ppo,0,17,170,92.3229,132.861,64.8092,-5.33058,-8.44294,-0.951019,183.922,0.125,231.631,0.329452
ppo,0,17,171,93.453,134.194,65.7381,-5.30189,-8.44566,-0.972489,185.873,0.125,51.6911,0.329452
ppo,0,17,172,94.5858,135.513,66.6973,-5.27359,-8.44522,-0.989199,187.823,0.125,32.3196,0.329452
ppo,0,17,173,95.7345,136.859,67.639,-5.24569,-8.44654,-1.00405,189.796,0.125,48.7866,0.329452
ppo,0,17,174,96.8793,138.194,68.6147,-5.21943,-8.44691,-1.02,191.772,0.125,68.4524,0.329452
ppo,0,17,175,98.0442,139.55,69.5724,-5.19127,-8.44607,-1.03304,193.767,0.125,225.458,0.329452
ppo,0,17,176,99.1989,140.903,70.5596,-5.1616,-8.4501,-1.04521,195.767,0.125,193.274,0.329452
ppo,0,17,177,100.38,142.268,71.5254,-5.13404,-8.45211,-1.05809,197.783,0.125,86.1001,0.329452
ppo,0,17,178,101.55,143.636,72.5235,-5.10642,-8.45179,-1.0706,199.806,0.125,166.306,0.329452
ppo,0,17,179,102.746,145.013,73.502,-5.08045,-8.44933,-1.08521,201.843,0.125,272.204,0.329452
ppo,0,17,180,103.928,146.395,74.5119,-5.05673,-8.44643,-1.09886,203.888,0.125,118.726,0.329452
ppo,0,17,181,105.139,147.786,75.5019,-5.03325,-8.44138,-1.11312,205.948,0.125,221.702,0.329452
ppo,0,17,182,106.337,149.179,76.5214,-5.00964,-8.44013,-1.12438,208.016,0.125,19.7599,0.329452
ppo,0,17,183,107.564,150.585,77.5228,-4.98653,-8.4362,-1.1356,210.101,0.125,99.5686,0.329452
ppo,0,17,184,108.778,151.991,78.5538,-4.96188,-8.4339,-1.14727,212.191,0.125,112.8,0.329452
ppo,0,17,185,110.019,153.406,79.5646,-4.93724,-8.43116,-1.15806,214.295,0.125,288.29,0.329452
ppo,0,17,186,111.252,154.819,80.6054,-4.91535,-8.42607,-1.16645,216.404,0.125,228.279,0.329452
ppo,0,17,187,112.51,156.248,81.6214,-4.89286,-8.41917,-1.17886,218.529,0.125,173.765,0.329452
ppo,0,17,188,113.762,157.673,82.6675,-4.86954,-8.40969,-1.19287,220.657,0.125,92.3105,0.329452
ppo,0,17,189,115.029,159.116,83.6919,-4.84486,-8.39912,-1.20789,222.798,0.125,115.147,0.329452
ppo,0,17,190,116.291,160.548,84.7512,-4.81973,-8.39188,-1.22689,224.946,0.125,281.621,0.329452
ppo,0,17,191,117.564,162.01,85.7894,-4.79373,-8.38332,-1.24125,227.112,0.125,216.605,0.329452
ppo,0,17,192,118.839,163.458,86.8563,-4.76917,-8.37374,-1.25224,229.278,0.125,151.838,0.329452
ppo,0,17,193,120.115,164.937,87.9117,-4.74477,-8.36298,-1.25978,231.462,0.125,231.105,0.329452
ppo,0,17,194,121.403,166.396,88.9901,-4.72261,-8.35039,-1.26567,233.645,0.125,149.326,0.329452
ppo,0,17,195,122.682,167.888,90.0623,-4.70092,-8.33603,-1.27069,235.845,0.125,88.6726,0.329452
ppo,0,17,196,123.989,169.357,91.1486,-4.68193,-8.32112,-1.27854,238.052,0.125,156.337,0.329452
ppo,0,17,197,125.285,170.857,92.2432,-4.66253,-8.30937,-1.28646,240.28,0.125,103.246,0.329452
ppo,0,17,198,126.61,172.339,93.3389,-4.64369,-8.29618,-1.29351,242.512,0.125,332.331,0.329452
ppo,0,17,199,127.917,173.843,94.4558,-4.62582,-8.28672,-1.29927,244.761,0.125,154.648,0.329452
ppo,0,17,200,129.254,175.348,95.5584,-4.6083,-8.28074,-1.30541,247.025,0.125,218.737,0.329452
ppo,0,17,201,130.575,176.86,96.6905,-4.59107,-8.27568,-1.30803,249.296,0.125,164.25,0.329452
ppo,0,17,202,131.918,178.39,97.803,-4.57298,-8.26738,-1.31323,251.585,0.125,239.065,0.329452
ppo,0,17,203,133.263,179.907,98.9497,-4.55557,-8.26237,-1.31946,253.881,0.125,171.778,0.329452
ppo,0,17,204,134.612,181.455,100.081,-4.53642,-8.2572,-1.32623,256.197,0.125,183.968,0.329452
ppo,0,17,205,135.979,182.985,101.232,-4.51711,-8.25334,-1.33354,258.517,0.125,79.3202,0.329452
ppo,0,17,206,137.335,184.547,102.385,-4.4963,-8.24971,-1.34278,260.856,0.125,287.123,0.329452
ppo,0,17,207,138.724,186.095,103.538,-4.47818,-8.24528,-1.35128,263.205,0.125,194.424,0.329452
ppo,0,17,208,140.096,187.66,104.718,-4.46066,-8.24083,-1.36347,265.569,0.125,310.019,0.329452
ppo,0,17,209,141.493,189.23,105.882,-4.44459,-8.23274,-1.37108,267.941,0.125,251.734,0.329452
ppo,0,17,210,142.884,190.792,107.079,-4.43227,-8.22608,-1.37961,270.321,0.125,146.139,0.329452
ppo,0,17,211,144.286,192.38,108.263,-4.42199,-8.21993,-1.38767,272.722,0.125,440.889,0.329452
ppo,0,17,212,145.71,193.949,109.471,-4.41074,-8.2123,-1.39539,275.131,0.125,237.633,0.329452
ppo,0,17,213,147.125,195.549,110.685,-4.39914,-8.20391,-1.39807,277.556,0.125,230.025,0.329452
ppo,0,17,214,148.575,197.139,111.892,-4.39084,-8.19791,-1.39922,279.995,0.125,231.581,0.329452
ppo,0,17,215,150.012,198.738,113.134,-4.3817,-8.19042,-1.40383,282.445,0.125,206.671,0.329452
ppo,0,17,216,151.466,200.351,114.354,-4.37423,-8.18525,-1.40825,284.911,0.125,369.752,0.329452
ppo,0,17,217,152.929,201.945,115.602,-4.36986,-8.18221,-1.41135,287.382,0.125,140.157,0.329452
ppo,0,17,218,154.382,203.572,116.852,-4.3626,-8.17919,-1.41208,289.871,0.125,440.536,0.329452
ppo,0,17,219,155.866,205.187,118.099,-4.35871,-8.18206,-1.41517,292.373,0.125,383.003,0.329452
ppo,0,17,220,157.332,206.811,119.373,-4.35359,-8.18517,-1.42001,294.884,0.125,368.756,0.329452
ppo,0,17,221,158.817,208.454,120.625,-4.34866,-8.18962,-1.4212,297.41,0.125,105.032,0.329452
ppo,0,17,222,160.311,210.079,121.901,-4.34597,-8.18982,-1.41965,299.936,0.125,92.8908,0.329452
ppo,0,17,223,161.794,211.737,123.181,-4.34215,-8.18843,-1.41859,302.479,0.125,281.648,0.329452
ppo,0,17,224,163.31,213.389,124.452,-4.3412,-8.18888,-1.41624,305.036,0.125,419.333,0.329452
ppo,0,17,225,164.814,215.045,125.758,-4.3388,-8.19369,-1.41267,307.604,0.125,403.812,0.329452
ppo,0,17,226,166.329,216.729,127.051,-4.33471,-8.19898,-1.41153,310.196,0.125,443.644,0.329452
ppo,0,17,227,167.864,218.389,128.36,-4.33196,-8.2053,-1.40756,312.788,0.125,305.683,0.329452
ppo,0,17,228,169.381,220.069,129.684,-4.33063,-8.207,-1.40434,315.389,0.125,399.203,0.329452
ppo,0,17,229,170.925,221.759,130.992,-4.33125,-8.20723,-1.40315,318.006,0.125,384.845,0.329452
ppo,0,17,230,172.473,223.434,132.329,-4.33711,-8.20966,-1.40121,320.631,0.125,410.715,0.329452
ppo,0,17,231,174.011,225.138,133.667,-4.34329,-8.21605,-1.40169,323.277,0.125,216.603,0.329452
ppo,0,17,232,175.578,226.836,134.999,-4.34766,-8.22188,-1.40355,325.931,0.125,185.557,0.329452
ppo,0,17,233,177.136,228.531,136.365,-4.35282,-8.22853,-1.40722,328.595,0.125,324.901,0.329452
ppo,0,17,234,178.698,230.261,137.72,-4.3549,-8.23552,-1.41296,331.281,0.125,290.65,0.329452
ppo,0,17,235,180.291,231.974,139.083,-4.35455,-8.24298,-1.41905,333.974,0.125,189.278,0.329452
ppo,0,17,236,181.868,233.696,140.474,-4.35178,-8.25236,-1.42545,336.679,0.125,121.597,0.329452
ppo,0,17,237,183.458,235.447,141.845,-4.3464,-8.26315,-1.43072,339.401,0.125,616.753,0.329452
ppo,0,17,238,185.071,237.181,143.226,-4.34105,-8.27143,-1.43893,342.128,0.125,414.865,0.329452
ppo,0,17,239,186.668,238.932,144.629,-4.33372,-8.2765,-1.4457,344.865,0.125,549.971,0.329452
ppo,0,17,240,188.284,240.707,146.013,-4.32443,-8.2826,-1.44918,347.618,0.125,308.803,0.329452
ppo,0,17,241,189.919,242.461,147.413,-4.31415,-8.28771,-1.45235,350.375,0.125,193.63,0.329452
ppo,0,17,242,191.537,244.237,148.836,-4.30437,-8.29598,-1.45386,353.149,0.125,291.103,0.329452
ppo,0,17,243,193.175,246.034,150.237,-4.29331,-8.30293,-1.45907,355.939,0.125,132.425,0.329452
ppo,0,17,244,194.836,247.808,151.656,-4.28217,-8.30935,-1.4662,358.734,0.125,282.348,0.329452
ppo,0,17,245,196.482,249.605,153.095,-4.27354,-8.31808,-1.47665,361.551,0.125,237.164,0.329452
ppo,0,17,246,198.148,251.421,154.514,-4.26655,-8.32522,-1.48355,364.383,0.125,517.615,0.329452
ppo,0,17,247,199.834,253.217,155.952,-4.26101,-8.33555,-1.48933,367.223,0.125,632.602,0.329452
ppo,0,17,248,201.503,255.025,157.413,-4.24976,-8.34708,-1.4981,370.07,0.125,467.477,0.329452
ppo,0,17,249,203.186,256.858,158.854,-4.23915,-8.35977,-1.5074,372.937,0.125,474.274,0.329452
ppo,0,17,250,204.898,258.672,160.304,-4.22882,-8.37433,-1.51616,375.81,0.125,696.118,0.329452
ppo,0,17,251,206.596,260.492,161.782,-4.21378,-8.38885,-1.52422,378.691,0.125,617.105,0.329452
ppo,0,17,252,208.298,262.344,163.246,-4.19901,-8.40554,-1.52893,381.591,0.125,123.707,0.329452
ppo,0,17,253,210.031,264.186,164.71,-4.18131,-8.42057,-1.53484,384.498,0.125,696.684,0.329452
ppo,0,17,254,211.754,266.024,166.209,-4.16279,-8.43527,-1.54476,387.414,0.125,329.985,0.329452
ppo,0,17,255,213.47,267.897,167.708,-4.14494,-8.44357,-1.55625,390.347,0.125,653.373,0.329452
ppo,0,17,256,215.217,269.772,169.191,-4.12903,-8.44844,-1.56619,393.29,0.125,698.913,0.329452
ppo,0,17,257,216.975,271.626,170.705,-4.11243,-8.45515,-1.57404,396.239,0.125,445.098,0.329452
ppo,0,17,258,218.715,273.508,172.234,-4.09547,-8.45573,-1.58282,399.199,0.125,612.449,0.329452
ppo,0,17,259,220.471,275.41,173.744,-4.08146,-8.45871,-1.58994,402.178,0.125,594.594,0.329452
ppo,0,17,260,222.254,277.29,175.259,-4.07074,-8.46224,-1.59672,405.161,0.125,525.008,0.329452
ppo,0,17,261,224.024,279.173,176.808,-4.06163,-8.4632,-1.60053,408.15,0.125,70.4973,0.329452
ppo,0,17,262,225.786,281.087,178.349,-4.05303,-8.46174,-1.60321,411.153,0.125,397.163,0.329452
ppo,0,17,263,227.58,282.999,179.88,-4.0419,-8.4619,-1.60399,414.167,0.125,723.561,0.329452
ppo,0,17,264,229.383,284.892,181.434,-4.03317,-8.46225,-1.60713,417.185,0.125,192.914,0.329452
ppo,0,17,265,231.171,286.807,183.004,-4.02349,-8.46436,-1.61444,420.221,0.125,704.227,0.329452
ppo,0,17,266,232.973,288.748,184.559,-4.01361,-8.46426,-1.62034,423.273,0.125,418.221,0.329452
ppo,0,17,267,234.81,290.676,186.11,-4.00484,-8.46493,-1.62881,426.337,0.125,265.502,0.329452
ppo,0,17,268,236.643,292.594,187.695,-3.99533,-8.46329,-1.63469,429.404,0.125,763.721,0.329452
ppo,0,17,269,238.462,294.54,189.284,-3.98763,-8.45974,-1.63891,432.484,0.125,224.208,0.329452
ppo,0,17,270,240.302,296.502,190.852,-3.9776,-8.45326,-1.64376,435.574,0.125,599.35,0.329452
ppo,0,17,271,242.167,298.444,192.426,-3.96642,-8.44631,-1.64648,438.665,0.125,641.058,0.329452
ppo,0,17,272,244.019,300.383,194.034,-3.95632,-8.44065,-1.64897,441.764,0.125,579.108,0.329452
ppo,0,17,273,245.858,302.357,195.648,-3.9459,-8.43794,-1.65456,444.886,0.125,505.262,0.329452
ppo,0,17,274,247.721,304.349,197.242,-3.93673,-8.43727,-1.65494,448.025,0.125,516.335,0.329452
ppo,0,17,275,249.609,306.321,198.844,-3.92927,-8.43969,-1.65765,451.173,0.125,790.746,0.329452
ppo,0,17,276,251.489,308.291,200.479,-3.91688,-8.4436,-1.65701,454.326,0.125,767.009,0.329452
ppo,0,17,277,253.358,310.289,202.12,-3.90373,-8.44713,-1.65882,457.496,0.125,224.652,0.329452
ppo,0,17,278,255.243,312.312,203.741,-3.89067,-8.44729,-1.65978,460.68,0.125,769.931,0.329452
ppo,0,17,279,257.16,314.32,205.362,-3.87668,-8.44525,-1.6602,463.871,0.125,819.954,0.329452
ppo,0,17,280,259.081,316.318,207.012,-3.86205,-8.44193,-1.66228,467.068,0.125,720.441,0.329452
ppo,0,17,281,260.983,318.335,208.679,-3.84607,-8.43742,-1.66442,470.276,0.125,540.123,0.329452
ppo,0,17,282,262.892,320.383,210.33,-3.82698,-8.42915,-1.6661,473.496,0.125,885.463,0.329452
ppo,0,17,283,264.834,322.431,211.97,-3.81012,-8.4231,-1.6698,476.734,0.125,790.104,0.329452
ppo,0,17,284,266.796,324.46,213.631,-3.79209,-8.41855,-1.67765,479.983,0.125,720.801,0.329452
ppo,0,17,285,268.744,326.492,215.32,-3.77533,-8.41386,-1.68204,483.238,0.125,520.249,0.329452
ppo,0,17,286,270.681,328.555,217.012,-3.75712,-8.40709,-1.6871,486.508,0.125,490.518,0.329452
ppo,0,17,287,272.637,330.637,218.684,-3.73902,-8.40322,-1.68936,489.792,0.125,759.428,0.329452
ppo,0,17,288,274.62,332.706,220.352,-3.71689,-8.39944,-1.6914,493.08,0.125,818.844,0.329452
ppo,0,17,289,276.615,334.758,222.049,-3.69599,-8.39493,-1.69158,496.375,0.125,651.401,0.329452
ppo,0,17,290,278.595,336.821,223.772,-3.67935,-8.38802,-1.69222,499.683,0.125,495.676,0.329452
ppo,0,17,291,280.565,338.917,225.491,-3.66325,-8.37834,-1.69187,503.002,0.125,629.24,0.329452
ppo,0,17,292,282.553,341.031,227.191,-3.65,-8.36851,-1.69233,506.339,0.125,732.172,0.329452
ppo,0,17,293,284.572,343.13,228.889,-3.6367,-8.35966,-1.69176,509.683,0.125,633.923,0.329452
ppo,0,17,294,286.6,345.21,230.62,-3.62273,-8.34845,-1.69015,513.031,0.125,160.243,0.329452
ppo,0,17,295,288.614,347.297,232.379,-3.60835,-8.33815,-1.68774,516.388,0.125,631.56,0.329452
ppo,0,17,296,290.618,349.418,234.145,-3.59652,-8.32729,-1.68453,519.769,0.125,547.587,0.329452
ppo,0,17,297,292.633,351.564,235.891,-3.58647,-8.3174,-1.68083,523.164,0.125,535.453,0.329452
ppo,0,17,298,294.682,353.703,237.627,-3.57544,-8.30764,-1.67258,526.567,0.125,697.497,0.329452
ppo,0,17,299,296.753,355.822,239.378,-3.56332,-8.29496,-1.66536,529.974,0.125,207.003,0.329452
ppo,0,18,0,0,0,0,-5.05501,2.4514,6.27888,8.42537,0.125,1.05554,0.573344
ppo,0,18,1,0.0191105,0.0174339,-0.0165716,-5.05818,2.47828,6.21197,8.40413,0.125,0.537587,0.573344
ppo,0,18,2,0.0600215,0.050706,-0.0532556,-5.05745,2.50444,6.1435,8.40292,0.125,0.377413,0.573344
ppo,0,18,3,0.116049,0.102842,-0.113081,-5.05865,2.53664,6.07815,8.42806,0.125,0.544202,0.573344
ppo,0,18,4,0.186459,0.178115,-0.190931,-5.05796,2.57186,6.01534,8.47063,0.125,0.504032,0.573344
ppo,0,18,5,0.274813,0.279129,-0.290158,-5.0554,2.61015,5.95501,8.53504,0.125,0.349467,0.573344
ppo,0,18,6,0.377454,0.404339,-0.409147,-5.05017,2.64517,5.89549,8.61562,0.125,0.495835,0.573344
ppo,0,18,7,0.4918,0.556779,-0.546329,-5.0454,2.68144,5.8439,8.71836,0.125,0.228175,0.573344
ppo,0,18,8,0.612946,0.739272,-0.702483,-5.03731,2.71977,5.79006,8.83181,0.125,0.468557,0.573344
ppo,0,18,9,0.739382,0.957112,-0.873696,-5.03067,2.75915,5.73417,8.95571,0.125,0.888934,0.573344
ppo,0,18,10,0.869562,1.20752,-1.05612,-5.0248,2.80056,5.67511,9.08794,0.125,0.829887,0.573344
ppo,0,18,11,0.995405,1.49257,-1.25262,-5.01916,2.84196,5.61725,9.22989,0.125,0.665013,0.573344
ppo,0,18,12,1.11164,1.81013,-1.45089,-5.01405,2.88432,5.56187,9.3732,0.125,0.745787,0.573344
ppo,0,18,13,1.21977,2.16016,-1.64674,-5.00751,2.92836,5.51162,9.519,0.125,0.63114,0.573344
ppo,0,18,14,1.31326,2.5429,-1.83498,-4.99754,2.97312,5.46776,9.66133,0.125,0.410651,0.573344
ppo,0,18,15,1.38728,2.9533,-2.00985,-4.99068,3.01934,5.42328,9.7946,0.125,1.38258,0.573344
ppo,0,18,16,1.44403,3.38774,-2.16828,-4.98462,3.0672,5.37934,9.91952,0.125,0.470788,0.573344
ppo,0,18,17,1.48453,3.83928,-2.30124,-4.97826,3.11182,5.33624,10.0313,0.125,0.891031,0.573344
ppo,0,18,18,1.50947,4.29724,-2.40375,-4.9716,3.15562,5.29376,10.1272,0.125,0.612495,0.573344
ppo,0,18,19,1.52303,4.753,-2.47202,-4.965,3.1987,5.25033,10.2051,0.125,0.704932,0.573344
ppo,0,18,20,1.53399,5.19839,-2.50808,-4.95841,3.24002,5.20537,10.2705,0.125,0.686705,0.573344
ppo,0,18,21,1.55393,5.62987,-2.51741,-4.95505,3.285,5.15831,10.3335,0.125,0.212297,0.573344
ppo,0,18,22,1.58835,6.04179,-2.50236,-4.95342,3.32696,5.11721,10.403,0.125,0.997351,0.573344
ppo,0,18,23,1.64692,6.43658,-2.46838,-4.95105,3.37112,5.0798,10.4836,0.125,0.657597,0.573344
ppo,0,18,24,1.73667,6.81313,-2.43132,-4.94725,3.41424,5.04491,10.5887,0.125,0.204317,0.573344
ppo,0,18,25,1.85881,7.1818,-2.39791,-4.9421,3.45777,5.01345,10.7261,0.125,1.17453,0.573344
ppo,0,18,26,2.01062,7.54953,-2.37655,-4.93897,3.50273,4.98692,10.9039,0.125,0.611376,0.573344
ppo,0,18,27,2.19089,7.93085,-2.37674,-4.93448,3.55034,4.96029,11.1262,0.125,0.549497,0.573344
ppo,0,18,28,2.38786,8.33612,-2.3952,-4.92871,3.59986,4.93896,11.391,0.125,1.68612,0.573344
ppo,0,18,29,2.58645,8.77384,-2.42972,-4.92096,3.64943,4.91735,11.6876,0.125,1.03353,0.573344
ppo,0,18,30,2.7795,9.24526,-2.46545,-4.91324,3.69991,4.90158,12.0084,0.125,0.860515,0.573344
ppo,0,18,31,2.95713,9.74503,-2.4949,-4.90767,3.74827,4.88664,12.3411,0.125,0.130044,0.573344
ppo,0,18,32,3.11955,10.2599,-2.50264,-4.90037,3.79618,4.87283,12.6687,0.125,1.79602,0.573344
ppo,0,18,33,3.26931,10.7779,-2.48118,-4.89355,3.84184,4.864,12.9882,0.125,1.52143,0.573344
ppo,0,18,34,3.4171,11.2861,-2.4276,-4.88883,3.88637,4.85612,13.2965,0.125,0.863772,0.573344
ppo,0,18,35,3.57845,11.7706,-2.34962,-4.88201,3.93063,4.84946,13.5967,0.125,0.973521,0.573344
ppo,0,18,36,3.77003,12.2368,-2.25832,-4.87412,3.97646,4.84888,13.9093,0.125,2.2472,0.573344
ppo,0,18,37,3.99557,12.6954,-2.17252,-4.86984,4.02215,4.84864,14.2519,0.125,0.859549,0.573344
ppo,0,18,38,4.24838,13.1636,-2.10207,-4.86734,4.06372,4.85281,14.6381,0.125,1.68751,0.573344
ppo,0,18,39,4.51541,13.653,-2.05631,-4.86548,4.10327,4.85913,15.0672,0.125,0.642182,0.573344
ppo,0,18,40,4.77897,14.1741,-2.02154,-4.86437,4.14176,4.86726,15.5273,0.125,1.70641,0.573344
ppo,0,18,41,5.02673,14.7242,-1.97686,-4.8676,4.17841,4.87644,16.0024,0.125,0.597153,0.573344
ppo,0,18,42,5.2587,15.2924,-1.91193,-4.87168,4.21697,4.88371,16.4764,0.125,1.58506,0.573344
ppo,0,18,43,5.48039,15.8575,-1.81364,-4.87536,4.25358,4.89229,16.937,0.125,1.04637,0.573344
ppo,0,18,44,5.71215,16.4085,-1.68485,-4.87735,4.29055,4.89972,17.3879,0.125,1.81815,0.573344
ppo,0,18,45,5.96848,16.9397,-1.54111,-4.88156,4.32328,4.90879,17.8465,0.125,2.16513,0.573344
ppo,0,18,46,6.25721,17.4642,-1.40724,-4.8869,4.35644,4.91979,18.3313,0.125,2.10376,0.573344
ppo,0,18,47,6.5687,18.0015,-1.29349,-4.89414,4.39023,4.93287,18.8529,0.125,3.09315,0.573344
ppo,0,18,48,6.88641,18.5699,-1.19395,-4.90063,4.42305,4.94765,19.411,0.125,1.34846,0.573344
ppo,0,18,49,7.18888,19.1717,-1.09129,-4.91004,4.4564,4.96084,19.9888,0.125,2.09563,0.573344
ppo,0,18,50,7.47687,19.7881,-0.961484,-4.91955,4.48559,4.97532,20.569,0.125,0.867132,0.573344
ppo,0,18,51,7.76006,20.4041,-0.799295,-4.93152,4.51504,4.99031,21.1437,0.125,1.37445,0.573344
ppo,0,18,52,8.06186,21.0004,-0.612849,-4.94677,4.54679,5.00192,21.7134,0.125,1.11304,0.573344
ppo,0,18,53,8.397,21.581,-0.423776,-4.96229,4.57953,5.01247,22.2952,0.125,4.07803,0.573344
ppo,0,18,54,8.76291,22.1707,-0.254858,-4.97692,4.61294,5.02501,22.9115,0.125,1.99021,0.573344
ppo,0,18,55,9.136,22.7929,-0.102609,-4.99148,4.64549,5.03945,23.566,0.125,4.15786,0.573344
ppo,0,18,56,9.49481,23.4455,0.0500648,-5.00567,4.67589,5.05615,24.2409,0.125,1.5946,0.573344
ppo,0,18,57,9.83738,24.1107,0.228576,-5.01945,4.70146,5.07324,24.9182,0.125,0.807972,0.573344
ppo,0,18,58,10.1841,24.7662,0.439447,-5.03116,4.7261,5.08796,25.5875,0.125,8.49366,0.573344
ppo,0,18,59,10.5572,25.402,0.660987,-5.04429,4.74911,5.09956,26.2611,0.125,3.51748,0.573344
ppo,0,18,60,10.9617,26.0359,0.872892,-5.05738,4.77261,5.10849,26.957,0.125,4.26601,0.573344
ppo,0,18,61,11.3828,26.6901,1.06796,-5.06785,4.79615,5.11949,27.6836,0.125,2.85044,0.573344
ppo,0,18,62,11.7905,27.3766,1.26021,-5.08018,4.81865,5.12984,28.4334,0.125,3.38057,0.573344
ppo,0,18,63,12.1808,28.0753,1.47941,-5.09346,4.84144,5.14087,29.1826,0.125,6.54637,0.573344
ppo,0,18,64,12.5721,28.7612,1.73123,-5.10716,4.86491,5.15604,29.9219,0.125,1.35379,0.573344
ppo,0,18,65,12.9894,29.4332,1.99579,-5.12308,4.88851,5.17071,30.6689,0.125,4.22901,0.573344
ppo,0,18,66,13.4368,30.107,2.24674,-5.14083,4.91051,5.18149,31.442,0.125,9.13159,0.573344
ppo,0,18,67,13.8895,30.8071,2.4805,-5.16142,4.93249,5.1901,32.2455,0.125,5.86283,0.573344
ppo,0,18,68,14.3292,31.5342,2.72306,-5.18528,4.94998,5.19714,33.0705,0.125,3.68386,0.573344
ppo,0,18,69,14.7556,32.2635,2.99668,-5.2119,4.9646,5.20303,33.8939,0.125,6.28346,0.573344
ppo,0,18,70,15.2023,32.9791,3.29419,-5.24115,4.97947,5.20957,34.7215,0.125,7.82134,0.573344
ppo,0,18,71,15.6823,33.6898,3.58071,-5.26904,4.99336,5.21607,35.5685,0.125,2.29439,0.573344
ppo,0,18,72,16.1789,34.4242,3.84534,-5.29295,5.00577,5.22477,36.4471,0.125,7.77995,0.573344
ppo,0,18,73,16.663,35.1892,4.11546,-5.31292,5.01713,5.23552,37.3436,0.125,1.4073,0.573344
ppo,0,18,74,17.1333,35.9605,4.41608,-5.33383,5.02854,5.247,38.2394,0.125,2.40245,0.573344
ppo,0,18,75,17.6197,36.7146,4.74218,-5.36017,5.04053,5.25865,39.1355,0.125,5.98567,0.573344
ppo,0,18,76,18.1382,37.4611,5.06117,-5.38982,5.04863,5.26982,40.0522,0.125,11.7786,0.573344
ppo,0,18,77,18.6673,38.2351,5.35899,-5.41789,5.05488,5.27696,41.0004,0.125,7.57021,0.573344
ppo,0,18,78,19.1769,39.0393,5.67021,-5.44507,5.06098,5.2858,41.9632,0.125,12.6981,0.573344
ppo,0,18,79,19.6825,39.8382,6.01694,-5.46911,5.06546,5.29396,42.9217,0.125,11.3998,0.573344
ppo,0,18,80,20.2182,40.616,6.37813,-5.49343,5.06957,5.29763,43.884,0.125,15.894,0.573344
ppo,0,18,81,20.7839,41.4,6.72291,-5.51799,5.07173,5.29772,44.8727,0.125,11.556,0.573344
ppo,0,18,82,21.3459,42.2177,7.0594,-5.54291,5.07443,5.29737,45.8883,0.125,18.0162,0.573344
ppo,0,18,83,21.8907,43.05,7.42291,-5.56943,5.08001,5.29565,46.9074,0.125,21.5455,0.573344
ppo,0,18,84,22.4465,43.8628,7.81239,-5.59652,5.08321,5.29508,47.9229,0.125,20.7896,0.573344
ppo,0,18,85,23.0369,44.6685,8.19739,-5.62131,5.08353,5.29427,48.956,0.125,4.40956,0.573344
ppo,0,18,86,23.6375,45.5007,8.56449,-5.64843,5.0879,5.29129,50.0157,0.125,19.4218,0.573344
ppo,0,18,87,24.2157,46.3538,8.94949,-5.67943,5.09036,5.28569,51.0863,0.125,3.75596,0.573344
ppo,0,18,88,24.794,47.1956,9.36669,-5.71338,5.08902,5.27754,52.1573,0.125,2.29969,0.573344
ppo,0,18,89,25.4008,48.0227,9.78328,-5.74696,5.08966,5.26533,53.2338,0.125,8.30021,0.573344
ppo,0,18,90,26.0229,48.8717,10.1789,-5.77643,5.08692,5.25223,54.3376,0.125,24.2453,0.573344
ppo,0,18,91,26.6284,49.7467,10.5908,-5.80264,5.08154,5.23813,55.4563,0.125,9.93153,0.573344
ppo,0,18,92,27.2363,50.6112,11.0374,-5.82981,5.07577,5.22534,56.574,0.125,15.9992,0.573344
ppo,0,18,93,27.8762,51.4646,11.4857,-5.85109,5.06926,5.21164,57.7011,0.125,12.7754,0.573344
ppo,0,18,94,28.5288,52.3451,11.9169,-5.87141,5.06361,5.20012,58.856,0.125,6.06177,0.573344
ppo,0,18,95,29.1621,53.2492,12.3628,-5.89276,5.05607,5.18835,60.0242,0.125,6.31443,0.573344
ppo,0,18,96,29.8003,54.1359,12.837,-5.91332,5.05102,5.17555,61.184,0.125,26.7293,0.573344
ppo,0,18,97,30.4721,55.016,13.3047,-5.93106,5.04763,5.16108,62.3566,0.125,16.2222,0.573344
ppo,0,18,98,31.1467,55.9272,13.7587,-5.9457,5.04337,5.14588,63.5547,0.125,23.0685,0.573344
ppo,0,18,99,31.8047,56.8516,14.2347,-5.95696,5.03939,5.13173,64.7558,0.125,18.6633,0.573344
ppo,0,18,100,32.4784,57.7557,14.7328,-5.96778,5.03603,5.12037,65.9536,0.125,19.5206,0.573344
ppo,0,18,101,33.1831,58.667,15.2111,-5.97649,5.03249,5.10953,67.1727,0.125,8.98495,0.573344
ppo,0,18,102,33.8751,59.6098,15.6868,-5.98747,5.02787,5.10095,68.4126,0.125,18.8703,0.573344
ppo,0,18,103,34.5564,60.5507,16.1951,-5.99791,5.02516,5.08964,69.6496,0.125,37.1921,0.573344
ppo,0,18,104,35.2701,61.4778,16.7076,-6.00742,5.02394,5.07539,70.8956,0.125,7.32305,0.573344
ppo,0,18,105,35.9953,62.4327,17.2028,-6.01646,5.02122,5.0596,72.1701,0.125,10.7767,0.573344
ppo,0,18,106,36.7004,63.4082,17.7179,-6.02413,5.01982,5.0425,73.4524,0.125,17.7701,0.573344
ppo,0,18,107,37.4232,64.3622,18.2582,-6.0325,5.01986,5.02496,74.733,0.125,32.9446,0.573344
ppo,0,18,108,38.174,65.3268,18.7778,-6.03858,5.0204,5.00511,76.0349,0.125,24.5307,0.573344
ppo,0,18,109,38.91,66.3219,19.3007,-6.04405,5.02133,4.99188,77.3522,0.125,38.382,0.573344
ppo,0,18,110,39.6411,67.305,19.8563,-6.05346,5.02363,4.98198,78.6651,0.125,29.3201,0.573344
ppo,0,18,111,40.4054,68.2789,20.4007,-6.05763,5.02584,4.96973,79.9867,0.125,13.1807,0.573344
ppo,0,18,112,41.1667,69.2835,20.9356,-6.06076,5.03028,4.95786,81.3277,0.125,8.67606,0.573344
ppo,0,18,113,41.9153,70.2864,21.5028,-6.06316,5.03563,4.94555,82.6664,0.125,48.7079,0.573344
ppo,0,18,114,42.6961,71.2761,22.0747,-6.0639,5.03648,4.93629,84.0175,0.125,30.1392,0.573344
ppo,0,18,115,43.4842,72.2959,22.625,-6.06276,5.0374,4.9281,85.392,0.125,15.3948,0.573344
ppo,0,18,116,44.2584,73.3228,23.2067,-6.0581,5.03727,4.92052,86.7701,0.125,4.59501,0.573344
ppo,0,18,117,45.0634,74.329,23.8041,-6.04812,5.03688,4.91203,88.1516,0.125,18.427,0.573344
ppo,0,18,118,45.8801,75.3624,24.3831,-6.03637,5.03441,4.90259,89.5591,0.125,20.9558,0.573344
ppo,0,18,119,46.6791,76.4143,24.9854,-6.02201,5.03584,4.89275,90.9726,0.125,9.21357,0.573344
ppo,0,18,120,47.5015,77.4464,25.6043,-6.00699,5.03744,4.88113,92.3886,0.125,30.5241,0.573344
ppo,0,18,121,48.3414,78.5,26.2036,-5.99342,5.03981,4.87166,93.8281,0.125,19.9941,0.573344
ppo,0,18,122,49.1633,79.5706,26.8267,-5.98123,5.04593,4.86281,95.2746,0.125,15.5761,0.573344
ppo,0,18,123,50.0122,80.6224,27.4631,-5.972,5.05384,4.85202,96.7269,0.125,48.3096,0.573344
ppo,0,18,124,50.8784,81.7002,28.0813,-5.96341,5.06459,4.8401,98.2047,0.125,34.0904,0.573344
ppo,0,18,125,51.7298,82.792,28.7259,-5.95309,5.07164,4.82693,99.6942,0.125,45.0641,0.573344
ppo,0,18,126,52.6071,83.868,29.3833,-5.94186,5.07944,4.81333,101.189,0.125,16.2638,0.573344
ppo,0,18,127,53.4976,84.9718,30.0241,-5.92971,5.08695,4.80196,102.71,0.125,6.87095,0.573344
ppo,0,18,128,54.3729,86.0849,30.6993,-5.91951,5.09568,4.79105,104.239,0.125,66.9912,0.573344
ppo,0,18,129,55.2775,87.1844,31.3744,-5.90819,5.10348,4.78214,105.774,0.125,34.4362,0.573344
ppo,0,18,130,56.1816,88.3174,32.0358,-5.89859,5.10742,4.77629,107.336,0.125,49.1053,0.573344
ppo,0,18,131,57.0762,89.4471,32.7298,-5.88876,5.10905,4.77071,108.9,0.125,49.7699,0.573344
ppo,0,18,132,58.0022,90.5723,33.4157,-5.87617,5.11443,4.76504,110.473,0.125,93.3372,0.573344
ppo,0,18,133,58.9144,91.7298,34.1008,-5.86706,5.11568,4.76099,112.069,0.125,96.1148,0.573344
ppo,0,18,134,59.8341,92.8713,34.8173,-5.85694,5.11767,4.75553,113.665,0.125,23.1796,0.573344
ppo,0,18,135,60.7806,94.0272,35.5178,-5.84947,5.12009,4.75194,115.285,0.125,11.7009,0.573344
ppo,0,18,136,61.7046,95.2038,36.237,-5.84181,5.12115,4.74738,116.915,0.125,48.294,0.573344
ppo,0,18,137,62.6502,96.3625,36.9705,-5.83658,5.12574,4.7437,118.546,0.125,40.1582,0.573344
ppo,0,18,138,63.6072,97.5494,37.6872,-5.83256,5.13474,4.73778,120.2,0.125,85.0253,0.573344
ppo,0,18,139,64.5495,98.7351,38.4399,-5.8277,5.1459,4.73331,121.852,0.125,40.5444,0.573344
ppo,0,18,140,65.5225,99.9109,39.1822,-5.82357,5.15704,4.72916,123.513,0.125,42.3428,0.573344
ppo,0,18,141,66.4789,101.118,39.9297,-5.81987,5.16849,4.72511,125.191,0.125,109.578,0.573344
ppo,0,18,142,67.4462,102.308,40.7052,-5.81855,5.18001,4.72045,126.872,0.125,39.8616,0.573344
ppo,0,18,143,68.4344,103.52,41.4585,-5.8181,5.1951,4.72214,128.572,0.125,96.056,0.573344
ppo,0,18,144,69.4049,104.746,42.2433,-5.81752,5.21162,4.72598,130.28,0.125,75.2774,0.573344
ppo,0,18,145,70.4103,105.96,43.0303,-5.81542,5.22586,4.73209,132.002,0.125,29.4938,0.573344
ppo,0,18,146,71.4064,107.21,43.8123,-5.81254,5.23877,4.73901,133.744,0.125,84.8451,0.573344
ppo,0,18,147,72.4158,108.438,44.622,-5.8118,5.25227,4.74546,135.488,0.125,58.1947,0.573344
ppo,0,18,148,73.4445,109.689,45.4138,-5.80905,5.26669,4.75468,137.252,0.125,72.8949,0.573344
ppo,0,18,149,74.4602,110.948,46.2329,-5.80568,5.27997,4.76441,139.025,0.125,123.244,0.573344
ppo,0,18,150,75.5081,112.201,47.0472,-5.80364,5.29241,4.77391,140.812,0.125,55.5944,0.573344
ppo,0,18,151,76.5393,113.486,47.8644,-5.8007,5.3058,4.78198,142.614,0.125,114.181,0.573344
ppo,0,18,152,77.5884,114.754,48.7025,-5.79789,5.31841,4.78886,144.422,0.125,67.7817,0.573344
ppo,0,18,153,78.6431,116.05,49.5197,-5.796,5.33037,4.79471,146.25,0.125,87.4102,0.573344
ppo,0,18,154,79.6903,117.339,50.3733,-5.79389,5.34111,4.80253,148.08,0.125,73.5634,0.573344
ppo,0,18,155,80.7647,118.633,51.208,-5.79211,5.3503,4.81303,149.925,0.125,125.87,0.573344
ppo,0,18,156,81.8167,119.944,52.0678,-5.78817,5.35922,4.82311,151.777,0.125,69.1951,0.573344
ppo,0,18,157,82.9023,121.243,52.9255,-5.78847,5.37,4.83414,153.641,0.125,117.665,0.573344
ppo,0,18,158,83.9751,122.573,53.7864,-5.78781,5.38367,4.84443,155.518,0.125,90.121,0.573344
ppo,0,18,159,85.065,123.88,54.6709,-5.79304,5.39758,4.85351,157.401,0.125,163.698,0.573344
ppo,0,18,160,86.1609,125.217,55.5373,-5.79998,5.40982,4.86082,159.307,0.125,110.676,0.573344
ppo,0,18,161,87.2539,126.541,56.439,-5.80843,5.41966,4.86742,161.216,0.125,62.0654,0.573344
ppo,0,18,162,88.3705,127.879,57.3207,-5.81349,5.42876,4.87035,163.144,0.125,145.479,0.573344
ppo,0,18,163,89.47,129.225,58.2308,-5.82007,5.43781,4.87413,165.077,0.125,156.365,0.573344
ppo,0,18,164,90.602,130.565,59.1302,-5.82777,5.45001,4.87733,167.02,0.125,41.7373,0.573344
ppo,0,18,165,91.7115,131.929,60.0458,-5.83639,5.46301,4.88069,168.975,0.125,107.771,0.573344
ppo,0,18,166,92.8553,133.281,60.9643,-5.84478,5.47737,4.88354,170.94,0.125,135.947,0.573344
ppo,0,18,167,93.9822,134.665,61.8843,-5.85533,5.49303,4.88635,172.921,0.125,55.1094,0.573344
ppo,0,18,168,95.1334,136.029,62.8201,-5.86808,5.50805,4.8894,174.908,0.125,79.3675,0.573344
ppo,0,18,169,96.2775,137.428,63.7498,-5.87851,5.52182,4.89258,176.916,0.125,133.417,0.573344
ppo,0,18,170,97.4359,138.808,64.7054,-5.88906,5.53481,4.89989,178.926,0.125,60.5133,0.573344
ppo,0,18,171,98.5991,140.221,65.6446,-5.90129,5.54715,4.90582,180.96,0.125,159.598,0.573344
ppo,0,18,172,99.7633,141.62,66.6161,-5.91359,5.55662,4.91001,182.998,0.125,93.7276,0.573344
ppo,0,18,173,100.938,143.047,67.5664,-5.92952,5.5652,4.9137,185.06,0.125,122.058,0.573344
ppo,0,18,174,102.113,144.466,68.5482,-5.94602,5.57226,4.91869,187.128,0.125,51.0317,0.573344
ppo,0,18,175,103.309,145.909,69.5083,-5.9637,5.58,4.92134,189.22,0.125,167.723,0.573344
ppo,0,18,176,104.499,147.347,70.5046,-5.97622,5.58702,4.92698,191.315,0.125,82.2523,0.573344
ppo,0,18,177,105.712,148.803,71.4772,-5.99137,5.58813,4.92998,193.434,0.125,145.103,0.573344
ppo,0,18,178,106.914,150.256,72.4817,-6.01012,5.59033,4.93159,195.558,0.125,184.279,0.573344
ppo,0,18,179,108.139,151.719,73.4663,-6.03336,5.59432,4.93139,197.699,0.125,181.811,0.573344
ppo,0,18,180,109.351,153.187,74.4825,-6.05479,5.59815,4.92869,199.847,0.125,279.474,0.573344
ppo,0,18,181,110.589,154.667,75.4796,-6.07838,5.60368,4.92534,202.013,0.125,63.9409,0.573344
ppo,0,18,182,111.815,156.148,76.5087,-6.1065,5.61047,4.92109,204.186,0.125,204.618,0.573344
ppo,0,18,183,113.064,157.644,77.5216,-6.13236,5.62068,4.91502,206.374,0.125,94.1114,0.573344
ppo,0,18,184,114.299,159.141,78.5686,-6.15634,5.63266,4.90801,208.567,0.125,98.2138,0.573344
ppo,0,18,185,115.56,160.653,79.5967,-6.17734,5.64555,4.90007,210.777,0.125,83.3522,0.573344
ppo,0,18,186,116.81,162.16,80.6557,-6.19913,5.65967,4.89079,212.988,0.125,254.197,0.573344
ppo,0,18,187,118.081,163.684,81.6916,-6.21796,5.67617,4.88071,215.213,0.125,105.088,0.573344
ppo,0,18,188,119.349,165.203,82.7606,-6.23533,5.69414,4.87049,217.443,0.125,220.999,0.573344
ppo,0,18,189,120.634,166.749,83.8134,-6.2541,5.71223,4.86248,219.697,0.125,64.0502,0.573344
ppo,0,18,190,121.919,168.284,84.8949,-6.27158,5.72934,4.85369,221.954,0.125,177.481,0.573344
ppo,0,18,191,123.215,169.847,85.96,-6.2911,5.74378,4.84339,224.235,0.125,256.673,0.573344
ppo,0,18,192,124.523,171.39,87.0518,-6.31201,5.76142,4.83273,226.518,0.125,258.047,0.573344
ppo,0,18,193,125.833,172.966,88.1341,-6.3309,5.77823,4.81917,228.824,0.125,170.505,0.573344
ppo,0,18,194,127.161,174.522,89.2356,-6.35025,5.79475,4.80938,231.132,0.125,100.091,0.573344
ppo,0,18,195,128.481,176.109,90.3372,-6.37245,5.81102,4.79937,233.46,0.125,206.514,0.573344
ppo,0,18,196,129.832,177.68,91.4479,-6.39128,5.83016,4.79071,235.794,0.125,61.606,0.573344
ppo,0,18,197,131.163,179.278,92.5715,-6.4114,5.84612,4.78104,238.144,0.125,184.597,0.573344
ppo,0,18,198,132.53,180.867,93.6881,-6.43377,5.86294,4.77494,240.505,0.125,206.402,0.573344
ppo,0,18,199,133.879,182.467,94.8293,-6.45353,5.8763,4.76793,242.875,0.125,272.703,0.573344
ppo,0,18,200,135.259,184.072,95.9566,-6.4716,5.89171,4.75961,245.261,0.125,41.6436,0.573344
ppo,0,18,201,136.632,185.674,97.1162,-6.48807,5.90439,4.75412,247.651,0.125,166.303,0.573344
ppo,0,18,202,138.018,187.299,98.2533,-6.50702,5.91909,4.74963,250.058,0.125,79.2161,0.573344
ppo,0,18,203,139.414,188.905,99.4197,-6.52439,5.9329,4.74481,252.468,0.125,204.243,0.573344
ppo,0,18,204,140.806,190.54,100.576,-6.54063,5.94756,4.73875,254.893,0.125,145.823,0.573344
ppo,0,18,205,142.227,192.157,101.745,-6.55585,5.96366,4.73077,257.325,0.125,116.438,0.573344
ppo,0,18,206,143.628,193.801,102.924,-6.57093,5.98005,4.72406,259.769,0.125,101.217,0.573344
ppo,0,18,207,145.064,195.442,104.093,-6.58649,6.00254,4.71596,262.223,0.125,67.0966,0.573344
ppo,0,18,208,146.485,197.09,105.289,-6.60492,6.02734,4.70985,264.684,0.125,189.804,0.573344
ppo,0,18,209,147.928,198.754,106.463,-6.62492,6.0506,4.70566,267.163,0.125,188.562,0.573344
ppo,0,18,210,149.377,200.401,107.665,-6.64203,6.07021,4.7017,269.644,0.125,300.096,0.573344
ppo,0,18,211,150.821,202.079,108.857,-6.65684,6.08544,4.6995,272.143,0.125,116.149,0.573344
ppo,0,18,212,152.3,203.743,110.055,-6.67451,6.09818,4.69657,274.658,0.125,112.181,0.573344
ppo,0,18,213,153.758,205.426,111.271,-6.68975,6.11047,4.69079,277.181,0.125,405.472,0.573344
ppo,0,18,214,155.245,207.114,112.472,-6.70131,6.12694,4.68558,279.715,0.125,253.104,0.573344
ppo,0,18,215,156.728,208.794,113.705,-6.71304,6.14246,4.68394,282.252,0.125,198.62,0.573344
ppo,0,18,216,158.211,210.504,114.921,-6.72664,6.15932,4.68147,284.805,0.125,271.004,0.573344
ppo,0,18,217,159.722,212.193,116.151,-6.74368,6.17376,4.68164,287.368,0.125,126.42,0.573344
ppo,0,18,218,161.211,213.906,117.395,-6.76328,6.18983,4.68071,289.942,0.125,213.342,0.573344
ppo,0,18,219,162.733,215.621,118.625,-6.78407,6.20558,4.68083,292.531,0.125,271.095,0.573344
ppo,0,18,220,164.249,217.328,119.888,-6.80498,6.21834,4.68137,295.126,0.125,345.255,0.573344
ppo,0,18,221,165.761,219.067,121.133,-6.82699,6.22837,4.67967,297.739,0.125,286.553,0.573344
ppo,0,18,222,167.297,220.785,122.392,-6.84659,6.23822,4.67303,300.357,0.125,342.776,0.573344
ppo,0,18,223,168.809,222.523,123.669,-6.86354,6.24618,4.6677,302.981,0.125,403.979,0.573344
ppo,0,18,224,170.347,224.274,124.928,-6.88224,6.25654,4.66498,305.622,0.125,202.044,0.573344
ppo,0,18,225,171.896,226.005,126.214,-6.89797,6.26871,4.66148,308.264,0.125,373.034,0.573344
ppo,0,18,226,173.436,227.769,127.497,-6.91109,6.2827,4.65805,310.919,0.125,462.84,0.573344
ppo,0,18,227,175.008,229.527,128.774,-6.93047,6.29566,4.65191,313.592,0.125,382.78,0.573344
ppo,0,18,228,176.567,231.288,130.084,-6.95013,6.30293,4.6456,316.278,0.125,487.721,0.573344
ppo,0,18,229,178.132,233.079,131.379,-6.97096,6.31262,4.64046,318.981,0.125,336.051,0.573344
ppo,0,18,230,179.721,234.853,132.688,-6.99389,6.32121,4.63144,321.695,0.125,391.994,0.573344
ppo,0,18,231,181.289,236.646,134.02,-7.01386,6.32925,4.62352,324.419,0.125,46.5909,0.573344
ppo,0,18,232,182.879,238.46,135.331,-7.03009,6.33858,4.6144,327.158,0.125,440.107,0.573344
ppo,0,18,233,184.483,240.256,136.668,-7.05017,6.34633,4.60456,329.908,0.125,337.331,0.573344
ppo,0,18,234,186.069,242.079,138.013,-7.07167,6.352,4.59302,332.673,0.125,425.221,0.573344
ppo,0,18,235,187.682,243.908,139.342,-7.09585,6.35653,4.58192,335.454,0.125,273.162,0.573344
ppo,0,18,236,189.301,245.72,140.703,-7.11519,6.36046,4.57118,338.237,0.125,250.73,0.573344
ppo,0,18,237,190.904,247.565,142.064,-7.13133,6.3612,4.55923,341.035,0.125,353.281,0.573344
ppo,0,18,238,192.54,249.406,143.41,-7.14751,6.35951,4.54664,343.845,0.125,235.429,0.573344
ppo,0,18,239,194.174,251.234,144.787,-7.16276,6.35817,4.53481,346.657,0.125,278.543,0.573344
ppo,0,18,240,195.799,253.097,146.163,-7.17929,6.35451,4.52677,349.49,0.125,413.982,0.573344
ppo,0,18,241,197.456,254.959,147.531,-7.19536,6.34894,4.5195,352.337,0.125,353.367,0.573344
ppo,0,18,242,199.11,256.809,148.935,-7.21196,6.34314,4.51469,355.188,0.125,246.934,0.573344
ppo,0,18,243,200.751,258.694,150.333,-7.22896,6.33761,4.50877,358.056,0.125,137.453,0.573344
ppo,0,18,244,202.425,260.579,151.718,-7.25033,6.33432,4.50357,360.938,0.125,714.481,0.573344
ppo,0,18,245,204.103,262.449,153.133,-7.26947,6.3268,4.49401,363.828,0.125,678.751,0.573344
ppo,0,18,246,205.773,264.346,154.547,-7.28836,6.31879,4.48333,366.732,0.125,513.348,0.573344
ppo,0,18,247,207.474,266.246,155.946,-7.3082,6.31067,4.47224,369.652,0.125,519.168,0.573344
ppo,0,18,248,209.182,268.129,157.375,-7.32236,6.30247,4.46345,372.571,0.125,566.409,0.573344
ppo,0,18,249,210.873,270.041,158.813,-7.33315,6.29283,4.45305,375.505,0.125,641.162,0.573344
ppo,0,18,250,212.592,271.966,160.229,-7.34312,6.28245,4.44056,378.457,0.125,539.107,0.573344
ppo,0,18,251,214.327,273.869,161.671,-7.34924,6.27125,4.43005,381.41,0.125,471.32,0.573344
ppo,0,18,252,216.044,275.79,163.131,-7.35464,6.25715,4.419,384.375,0.125,640.053,0.573344
ppo,0,18,253,217.777,277.736,164.568,-7.35802,6.24194,4.40672,387.358,0.125,575.558,0.573344
ppo,0,18,254,219.534,279.662,166.013,-7.35827,6.22593,4.39265,390.344,0.125,423.736,0.573344
ppo,0,18,255,221.277,281.595,167.489,-7.3591,6.20956,4.37929,393.339,0.125,402.505,0.573344
ppo,0,18,256,223.016,283.563,168.951,-7.36292,6.19475,4.36582,396.353,0.125,426.378,0.573344
ppo,0,18,257,224.788,285.525,170.402,-7.36659,6.17969,4.3473,399.38,0.125,314.927,0.573344
ppo,0,18,258,226.567,287.475,171.888,-7.36717,6.16451,4.32892,402.414,0.125,648.176,0.573344
ppo,0,18,259,228.325,289.455,173.384,-7.36631,6.15226,4.30934,405.459,0.125,425.586,0.573344
ppo,0,18,260,230.103,291.457,174.856,-7.36603,6.13835,4.28731,408.525,0.125,654.064,0.573344
ppo,0,18,261,231.909,293.441,176.344,-7.36403,6.12606,4.26281,411.598,0.125,647.164,0.573344
ppo,0,18,262,233.704,295.432,177.862,-7.36015,6.11756,4.24065,414.679,0.125,563.485,0.573344
ppo,0,18,263,235.499,297.46,179.372,-7.35613,6.11242,4.21877,417.781,0.125,518.996,0.573344
ppo,0,18,264,237.326,299.486,180.87,-7.35157,6.1045,4.19557,420.896,0.125,288.699,0.573344
ppo,0,18,265,239.164,301.493,182.395,-7.34817,6.10061,4.17418,424.014,0.125,744.81,0.573344
ppo,0,18,266,240.983,303.519,183.944,-7.34426,6.09842,4.15474,427.141,0.125,533.969,0.573344
ppo,0,18,267,242.813,305.573,185.47,-7.34119,6.09616,4.13755,430.284,0.125,307.335,0.573344
ppo,0,18,268,244.675,307.619,186.995,-7.33904,6.0913,4.11975,433.444,0.125,322.194,0.573344
ppo,0,18,269,246.54,309.655,188.554,-7.33367,6.09002,4.10286,436.607,0.125,275.672,0.573344
ppo,0,18,270,248.383,311.719,190.127,-7.33084,6.09235,4.08513,439.782,0.125,800.794,0.573344
ppo,0,18,271,250.238,313.804,191.679,-7.32892,6.0962,4.07038,442.97,0.125,604.213,0.573344
ppo,0,18,272,252.124,315.878,193.231,-7.32581,6.09854,4.05688,446.166,0.125,487.875,0.573344
ppo,0,18,273,254.011,317.939,194.814,-7.32214,6.09801,4.04346,449.369,0.125,738.16,0.573344
ppo,0,18,274,255.875,320.027,196.412,-7.31698,6.09925,4.02602,452.584,0.125,758.725,0.573344
ppo,0,18,275,257.753,322.144,197.986,-7.31066,6.09971,4.00803,455.818,0.125,391.451,0.573344
ppo,0,18,276,259.666,324.253,199.559,-7.30086,6.10182,3.99052,459.063,0.125,500.207,0.573344
ppo,0,18,277,261.582,326.348,201.163,-7.28933,6.10591,3.97636,462.308,0.125,65.0606,0.573344
ppo,0,18,278,263.474,328.463,202.791,-7.27519,6.11483,3.96463,465.559,0.125,826.445,0.573344
ppo,0,18,279,265.371,330.61,204.408,-7.26006,6.12638,3.95445,468.827,0.125,633.951,0.573344
ppo,0,18,280,267.3,332.756,206.014,-7.24482,6.13862,3.94595,472.108,0.125,642.829,0.573344
ppo,0,18,281,269.245,334.88,207.642,-7.23075,6.15311,3.93575,475.391,0.125,607.955,0.573344
ppo,0,18,282,271.178,337.009,209.298,-7.21914,6.16437,3.92825,478.686,0.125,503.163,0.573344
ppo,0,18,283,273.098,339.173,210.953,-7.20762,6.17661,3.92467,481.994,0.125,688.421,0.573344
ppo,0,18,284,275.042,341.354,212.587,-7.19632,6.19048,3.92454,485.317,0.125,862.987,0.573344
ppo,0,18,285,277.017,343.521,214.221,-7.1878,6.20422,3.9261,488.65,0.125,592.965,0.573344
ppo,0,18,286,278.996,345.673,215.887,-7.17861,6.21265,3.92734,491.992,0.125,358.053,0.573344
ppo,0,18,287,280.955,347.838,217.572,-7.17141,6.22444,3.92651,495.34,0.125,606.171,0.573344
ppo,0,18,288,282.911,350.033,219.248,-7.16541,6.23717,3.92549,498.702,0.125,832.572,0.573344
ppo,0,18,289,284.892,352.239,220.904,-7.16088,6.24956,3.92218,502.08,0.125,688.352,0.573344
ppo,0,18,290,286.902,354.428,222.566,-7.15829,6.26012,3.9219,505.467,0.125,682.959,0.573344
ppo,0,18,291,288.913,356.603,224.261,-7.15683,6.26915,3.92085,508.862,0.125,616.642,0.573344
ppo,0,18,292,290.908,358.798,225.978,-7.15446,6.27638,3.92237,512.271,0.125,919.478,0.573344
ppo,0,18,293,292.898,361.025,227.69,-7.15183,6.28499,3.92641,515.694,0.125,962.037,0.573344
ppo,0,18,294,294.909,363.268,229.378,-7.14932,6.29362,3.92791,519.132,0.125,464.82,0.573344
ppo,0,18,295,296.954,365.498,231.07,-7.14485,6.30301,3.93193,522.579,0.125,723.139,0.573344
ppo,0,18,296,299.01,367.709,232.79,-7.14044,6.31313,3.93137,526.033,0.125,890.393,0.573344
ppo,0,18,297,301.052,369.926,234.538,-7.13781,6.32244,3.93116,529.498,0.125,989.809,0.573344
ppo,0,18,298,303.075,372.175,236.292,-7.13302,6.33063,3.92983,532.976,0.125,916.924,0.573344
ppo,0,18,299,305.111,374.454,238.03,-7.12348,6.3404,3.92895,536.471,0.125,912.378,0.573344
ppo,0,19,0,0,0,0,3.73029,7.14411,-3.26245,8.69465,0.125,1.19963,0.384226
ppo,0,19,1,0.0182001,0.0163316,-0.0189054,3.7443,7.10759,-3.25371,8.63908,0.125,1.34743,0.384226
ppo,0,19,2,0.0593915,0.0526725,-0.0585163,3.75655,7.0677,-3.24311,8.54525,0.125,1.60158,0.384226
ppo,0,19,3,0.118212,0.112339,-0.119866,3.76734,7.03093,-3.23201,8.41835,0.125,0.697995,0.384226
ppo,0,19,4,0.191408,0.195034,-0.199194,3.77502,6.99614,-3.2184,8.25911,0.125,1.47958,0.384226
ppo,0,19,5,0.280349,0.303346,-0.300512,3.78121,6.96032,-3.19931,8.06066,0.125,1.49276,0.384226
ppo,0,19,6,0.381763,0.439077,-0.41655,3.78402,6.92537,-3.17945,7.82822,0.125,1.61649,0.384226
ppo,0,19,7,0.493649,0.601922,-0.550354,3.78493,6.8917,-3.15952,7.56317,0.125,1.06815,0.384226
ppo,0,19,8,0.611677,0.797159,-0.702807,3.78447,6.85755,-3.13661,7.26074,0.125,0.826483,0.384226
ppo,0,19,9,0.730046,1.0227,-0.871337,3.7837,6.82247,-3.11673,6.92849,0.125,1.00053,0.384226
ppo,0,19,10,0.844882,1.28036,-1.04917,3.77845,6.78892,-3.09789,6.56866,0.125,1.07695,0.384226
ppo,0,19,11,0.954074,1.57325,-1.23451,3.77478,6.75769,-3.07718,6.18306,0.125,0.578873,0.384226
ppo,0,19,12,1.05544,1.90082,-1.42378,3.76704,6.72465,-3.05515,5.76919,0.125,0.718266,0.384226
ppo,0,19,13,1.14197,2.26264,-1.60911,3.7576,6.69061,-3.03465,5.33672,0.125,0.538553,0.384226
ppo,0,19,14,1.2109,2.65361,-1.789,3.74903,6.65352,-3.01676,4.89375,0.125,0.619209,0.384226
ppo,0,19,15,1.26199,3.0713,-1.95165,3.74279,6.61527,-3.00092,4.45141,0.125,0.46341,0.384226
ppo,0,19,16,1.29271,3.50836,-2.09014,3.73633,6.57678,-2.98164,4.02259,0.125,0.677102,0.384226
ppo,0,19,17,1.30553,3.95791,-2.2009,3.72955,6.53736,-2.96099,3.62039,0.125,0.706778,0.384226
ppo,0,19,18,1.30505,4.41048,-2.28056,3.72226,6.49716,-2.93693,3.26006,0.125,0.564639,0.384226
ppo,0,19,19,1.29839,4.86173,-2.32864,3.71467,6.45878,-2.91475,2.95508,0.125,0.726271,0.384226
ppo,0,19,20,1.29372,5.30263,-2.34123,3.70461,6.42015,-2.89114,2.7136,0.125,0.707029,0.384226
ppo,0,19,21,1.29417,5.72617,-2.32484,3.69408,6.3827,-2.86796,2.54667,0.125,0.618148,0.384226
ppo,0,19,22,1.31616,6.13048,-2.28771,3.68051,6.34421,-2.84542,2.43862,0.125,0.843367,0.384226
ppo,0,19,23,1.36496,6.51674,-2.2383,3.66404,6.30635,-2.82135,2.38117,0.125,0.350395,0.384226
ppo,0,19,24,1.44498,6.89207,-2.18709,3.64584,6.27033,-2.79062,2.36529,0.125,0.365296,0.384226
ppo,0,19,25,1.56124,7.26419,-2.14188,3.6262,6.23504,-2.7605,2.3887,0.125,0.756381,0.384226
ppo,0,19,26,1.70559,7.6439,-2.11343,3.60554,6.19981,-2.72784,2.46428,0.125,0.367121,0.384226
ppo,0,19,27,1.86773,8.04083,-2.10515,3.58344,6.16619,-2.69862,2.60963,0.125,0.273361,0.384226
ppo,0,19,28,2.03961,8.46881,-2.11401,3.5613,6.13235,-2.66709,2.84262,0.125,0.113763,0.384226
ppo,0,19,29,2.20651,8.93067,-2.1298,3.5389,6.10307,-2.63383,3.16618,0.125,0.270725,0.384226
ppo,0,19,30,2.36175,9.42456,-2.13748,3.51793,6.07571,-2.59933,3.5728,0.125,0.545939,0.384226
ppo,0,19,31,2.49535,9.94402,-2.12699,3.49519,6.04834,-2.56569,4.04579,0.125,0.335486,0.384226
ppo,0,19,32,2.61469,10.4722,-2.09,3.47396,6.01807,-2.532,4.55771,0.125,0.851838,0.384226
ppo,0,19,33,2.72369,10.9951,-2.02022,3.45391,5.98977,-2.49612,5.08063,0.125,0.701281,0.384226
ppo,0,19,34,2.8399,11.4991,-1.91852,3.43555,5.96439,-2.46031,5.59295,0.125,0.561048,0.384226
ppo,0,19,35,2.98011,11.986,-1.79722,3.41584,5.94411,-2.42709,6.09027,0.125,0.935235,0.384226
ppo,0,19,36,3.14989,12.4595,-1.67695,3.39476,5.92556,-2.39309,6.57764,0.125,0.915568,0.384226
ppo,0,19,37,3.35312,12.9332,-1.57148,3.37402,5.90746,-2.35584,7.06942,0.125,1.22069,0.384226
ppo,0,19,38,3.57871,13.4256,-1.48206,3.3528,5.89227,-2.31648,7.58273,0.125,0.773213,0.384226
ppo,0,19,39,3.81078,13.9515,-1.40924,3.33207,5.87759,-2.27843,8.13466,0.125,1.13474,0.384226
ppo,0,19,40,4.02989,14.5102,-1.33554,3.30711,5.86461,-2.24107,8.72292,0.125,1.23772,0.384226
ppo,0,19,41,4.22913,15.0947,-1.24877,3.28209,5.85453,-2.20193,9.33734,0.125,0.597475,0.384226
ppo,0,19,42,4.41533,15.6824,-1.1337,3.25713,5.84579,-2.16169,9.95779,0.125,1.36469,0.384226
ppo,0,19,43,4.59868,16.2578,-0.98362,3.23338,5.84054,-2.12558,10.5683,0.125,1.4516,0.384226
ppo,0,19,44,4.80391,16.8127,-0.815181,3.20848,5.84171,-2.0909,11.1596,0.125,1.2799,0.384226
ppo,0,19,45,5.04004,17.3556,-0.64478,3.18089,5.84682,-2.05706,11.7432,0.125,1.27109,0.384226
ppo,0,19,46,5.30633,17.9012,-0.493463,3.15377,5.85531,-2.02064,12.3316,0.125,2.24463,0.384226
ppo,0,19,47,5.58487,18.4706,-0.35939,3.12592,5.8663,-1.98432,12.9443,0.125,2.21483,0.384226
ppo,0,19,48,5.85599,19.0725,-0.230671,3.10079,5.87981,-1.94635,13.5861,0.125,1.58978,0.384226
ppo,0,19,49,6.1088,19.6994,-0.0836997,3.07302,5.89883,-1.9129,14.2485,0.125,1.7489,0.384226
ppo,0,19,50,6.34857,20.3324,0.0948921,3.04515,5.92031,-1.88211,14.9174,0.125,1.34539,0.384226
ppo,0,19,51,6.59594,20.9474,0.303261,3.02007,5.94261,-1.85646,15.5754,0.125,1.03307,0.384226
ppo,0,19,52,6.87396,21.546,0.521663,2.99605,5.96462,-1.83142,16.2282,0.125,2.15502,0.384226
ppo,0,19,53,7.18429,22.1515,0.724297,2.97421,5.9876,-1.80744,16.894,0.125,1.98942,0.384226
ppo,0,19,54,7.51096,22.7797,0.9076,2.95223,6.01375,-1.78349,17.5819,0.125,1.96552,0.384226
ppo,0,19,55,7.82519,23.4408,1.08364,2.92885,6.04242,-1.75931,18.2965,0.125,2.77681,0.384226
ppo,0,19,56,8.12068,24.1226,1.28033,2.90874,6.07305,-1.73536,19.0275,0.125,4.18213,0.384226
ppo,0,19,57,8.41082,24.7985,1.51034,2.88581,6.10356,-1.71416,19.7591,0.125,1.85538,0.384226
ppo,0,19,58,8.71851,25.4545,1.76189,2.86272,6.13321,-1.69492,20.483,0.125,2.59149,0.384226
ppo,0,19,59,9.05948,26.1013,2.01168,2.84197,6.16718,-1.67611,21.2044,0.125,2.91437,0.384226
ppo,0,19,60,9.42449,26.7671,2.24122,2.82187,6.20164,-1.65816,21.9485,0.125,2.4933,0.384226
ppo,0,19,61,9.78907,27.4697,2.45917,2.80047,6.23529,-1.64412,22.7283,0.125,1.83573,0.384226
ppo,0,19,62,10.1332,28.1948,2.69575,2.77749,6.26806,-1.63329,23.5293,0.125,0.576681,0.384226
ppo,0,19,63,10.4706,28.9137,2.96111,2.75844,6.30305,-1.62506,24.3259,0.125,2.91272,0.384226
ppo,0,19,64,10.8278,29.6128,3.24882,2.74121,6.33613,-1.615,25.1168,0.125,5.67696,0.384226
ppo,0,19,65,11.2183,30.3087,3.52929,2.72631,6.36947,-1.60698,25.9149,0.125,3.31033,0.384226
ppo,0,19,66,11.6259,31.0298,3.78962,2.71288,6.40357,-1.60076,26.7385,0.125,3.53756,0.384226
ppo,0,19,67,12.0216,31.7811,4.04744,2.69839,6.43612,-1.59517,27.5886,0.125,3.86344,0.384226
ppo,0,19,68,12.3987,32.5443,4.33287,2.68723,6.46827,-1.59201,28.4496,0.125,7.2424,0.384226
ppo,0,19,69,12.7829,33.2914,4.6499,2.67392,6.50155,-1.59084,29.3058,0.125,6.23578,0.384226
ppo,0,19,70,13.1991,34.0253,4.96714,2.66197,6.53476,-1.59403,30.1631,0.125,2.98751,0.384226
ppo,0,19,71,13.6392,34.7779,5.26486,2.65057,6.57063,-1.59855,31.0404,0.125,3.95217,0.384226
ppo,0,19,72,14.0732,35.5674,5.55434,2.64112,6.60466,-1.60269,31.9493,0.125,2.98044,0.384226
ppo,0,19,73,14.4874,36.3754,5.86992,2.63338,6.63959,-1.60776,32.8733,0.125,2.2934,0.384226
ppo,0,19,74,14.9074,37.1689,6.21592,2.62423,6.67801,-1.61425,33.7917,0.125,5.06225,0.384226
ppo,0,19,75,15.3601,37.9506,6.56452,2.61817,6.71844,-1.61883,34.7099,0.125,8.90331,0.384226
ppo,0,19,76,15.8308,38.7523,6.89377,2.61529,6.7612,-1.62267,35.6456,0.125,9.67963,0.384226
ppo,0,19,77,16.2877,39.5872,7.21701,2.61371,6.80058,-1.62498,36.6076,0.125,11.8617,0.384226
ppo,0,19,78,16.7289,40.4303,7.57005,2.61585,6.84125,-1.62917,37.577,0.125,5.92001,0.384226
ppo,0,19,79,17.1866,41.2515,7.94783,2.61874,6.88351,-1.63589,38.5387,0.125,3.09827,0.384226
ppo,0,19,80,17.6759,42.073,8.31732,2.61977,6.9273,-1.64376,39.5112,0.125,6.33291,0.384226
ppo,0,19,81,18.1713,42.922,8.66867,2.62209,6.96734,-1.65381,40.5101,0.125,5.28462,0.384226
ppo,0,19,82,18.6483,43.7966,9.03992,2.62702,7.00713,-1.66612,41.5303,0.125,4.66851,0.384226
ppo,0,19,83,19.1227,44.66,9.44335,2.63331,7.04809,-1.67893,42.5472,0.125,9.11511,0.384226
ppo,0,19,84,19.6295,45.5062,9.84968,2.64016,7.08705,-1.68894,43.5638,0.125,17.3899,0.384226
ppo,0,19,85,20.1585,46.3746,10.2329,2.64442,7.1247,-1.69964,44.6059,0.125,13.4213,0.384226
ppo,0,19,86,20.6697,47.2735,10.6253,2.64989,7.16481,-1.7139,45.6692,0.125,10.3221,0.384226
ppo,0,19,87,21.1696,48.1711,11.0503,2.65791,7.20207,-1.73126,46.7388,0.125,6.34181,0.384226
ppo,0,19,88,21.6978,49.0517,11.4852,2.66602,7.2401,-1.74923,47.8076,0.125,10.5519,0.384226
ppo,0,19,89,22.2491,49.9482,11.902,2.67634,7.27724,-1.76658,48.8951,0.125,6.11065,0.384226
ppo,0,19,90,22.7872,50.8759,12.3191,2.68875,7.31298,-1.78578,50.0062,0.125,9.61891,0.384226
ppo,0,19,91,23.3152,51.8008,12.7659,2.70535,7.34717,-1.80677,51.12,0.125,10.4975,0.384226
ppo,0,19,92,23.8731,52.7096,13.2256,2.72599,7.37798,-1.82761,52.2375,0.125,18.7195,0.384226
ppo,0,19,93,24.4538,53.6355,13.6633,2.74928,7.40576,-1.84886,53.3751,0.125,6.72918,0.384226
ppo,0,19,94,25.0175,54.594,14.1063,2.77305,7.43205,-1.87111,54.5375,0.125,10.5046,0.384226
ppo,0,19,95,25.5774,55.547,14.5868,2.79972,7.45759,-1.89247,55.7044,0.125,11.9563,0.384226
ppo,0,19,96,26.1672,56.4881,15.0716,2.82758,7.48244,-1.91016,56.8742,0.125,6.46194,0.384226
ppo,0,19,97,26.7697,57.455,15.5367,2.85844,7.50591,-1.93015,58.0668,0.125,7.03504,0.384226
ppo,0,19,98,27.3543,58.4439,16.0176,2.88908,7.52422,-1.95003,59.2806,0.125,21.308,0.384226
ppo,0,19,99,27.9452,59.4155,16.5301,2.92121,7.54001,-1.96915,60.4937,0.125,7.96805,0.384226
ppo,0,19,100,28.5711,60.3835,17.0304,2.9524,7.5512,-1.98869,61.7195,0.125,22.9483,0.384226
ppo,0,19,101,29.194,61.3814,17.5173,2.98621,7.56271,-2.00783,62.9645,0.125,22.6446,0.384226
ppo,0,19,102,29.8008,62.3879,18.0357,3.02402,7.57455,-2.02615,64.2182,0.125,11.3629,0.384226
ppo,0,19,103,30.435,63.3768,18.569,3.0643,7.58436,-2.04444,65.4742,0.125,22.0644,0.384226
ppo,0,19,104,31.094,64.3834,19.0822,3.103,7.59608,-2.06166,66.7484,0.125,9.92651,0.384226
ppo,0,19,105,31.734,65.4163,19.6072,3.14569,7.60872,-2.07796,68.0386,0.125,16.1272,0.384226
ppo,0,19,106,32.38,66.4342,20.1629,3.18996,7.61917,-2.09337,69.3297,0.125,30.6114,0.384226
ppo,0,19,107,33.0613,67.4458,20.7076,3.23653,7.6264,-2.10987,70.6294,0.125,9.74691,0.384226
ppo,0,19,108,33.7345,68.4884,21.2446,3.2832,7.6337,-2.12393,71.949,0.125,18.1424,0.384226
ppo,0,19,109,34.3978,69.5325,21.8114,3.33313,7.63932,-2.13846,73.2761,0.125,36.8293,0.384226
ppo,0,19,110,35.0961,70.5644,22.3813,3.38238,7.64933,-2.15182,74.6053,0.125,21.5018,0.384226
ppo,0,19,111,35.803,71.6265,22.9336,3.43154,7.65972,-2.16368,75.9575,0.125,34.4688,0.384226
ppo,0,19,112,36.4947,72.7055,23.5098,3.48056,7.66644,-2.17465,77.3285,0.125,22.6306,0.384226
ppo,0,19,113,37.2163,73.7677,24.0986,3.52975,7.67191,-2.18652,78.7042,0.125,23.5287,0.384226
ppo,0,19,114,37.9568,74.8522,24.6653,3.578,7.67363,-2.19548,80.1022,0.125,10.4842,0.384226
ppo,0,19,115,38.6757,75.9544,25.2539,3.62504,7.67682,-2.20849,81.5141,0.125,20.9975,0.384226
ppo,0,19,116,39.4152,77.0362,25.8623,3.66996,7.67811,-2.22132,82.9274,0.125,7.20852,0.384226
ppo,0,19,117,40.1803,78.1348,26.4502,3.71938,7.67995,-2.23481,84.357,0.125,45.7434,0.384226
ppo,0,19,118,40.9298,79.2577,27.0523,3.77176,7.67964,-2.24617,85.8053,0.125,37.9685,0.384226
ppo,0,19,119,41.6944,80.3627,27.6786,3.82659,7.67671,-2.25985,87.2555,0.125,47.1578,0.384226
ppo,0,19,120,42.4869,81.4786,28.288,3.88083,7.66825,-2.27054,88.7255,0.125,24.5865,0.384226
ppo,0,19,121,43.2642,82.6201,28.9101,3.93551,7.66168,-2.28069,90.2129,0.125,50.7705,0.384226
ppo,0,19,122,44.056,83.7473,29.557,3.98978,7.65294,-2.28932,91.7052,0.125,22.4171,0.384226
ppo,0,19,123,44.869,84.8894,30.1857,4.04479,7.64363,-2.29552,93.2124,0.125,29.979,0.384226
ppo,0,19,124,45.6614,86.0527,30.8298,4.10073,7.62928,-2.29818,94.7364,0.125,37.2362,0.384226
ppo,0,19,125,46.4743,87.1969,31.5007,4.15503,7.61114,-2.29957,96.2666,0.125,65.83,0.384226
ppo,0,19,126,47.3043,88.3631,32.1512,4.20832,7.59221,-2.29679,97.8154,0.125,48.0465,0.384226
ppo,0,19,127,48.1173,89.5468,32.8259,4.26451,7.57281,-2.29413,99.3792,0.125,32.5145,0.384226
ppo,0,19,128,48.9531,90.7129,33.5136,4.31638,7.55058,-2.28771,100.946,0.125,55.924,0.384226
ppo,0,19,129,49.7986,91.904,34.1843,4.36649,7.52746,-2.28151,102.534,0.125,35.5761,0.384226
ppo,0,19,130,50.6319,93.1031,34.8881,4.41662,7.50272,-2.27298,104.136,0.125,54.7539,0.384226
ppo,0,19,131,51.4994,94.2947,35.5929,4.46616,7.47672,-2.26394,105.748,0.125,52.7895,0.384226
ppo,0,19,132,52.3627,95.5187,36.2875,4.51479,7.45111,-2.254,107.381,0.125,17.8745,0.384226
ppo,0,19,133,53.2236,96.7376,37.0164,4.56166,7.42447,-2.24669,109.025,0.125,22.5796,0.384226
ppo,0,19,134,54.1132,97.9565,37.7333,4.60485,7.39332,-2.24122,110.683,0.125,39.8728,0.384226
ppo,0,19,135,54.9874,99.2048,38.4556,4.64661,7.36369,-2.23687,112.36,0.125,68.1714,0.384226
ppo,0,19,136,55.8787,100.434,39.2025,4.68919,7.33349,-2.23113,114.039,0.125,48.9353,0.384226
ppo,0,19,137,56.7891,101.689,39.9293,4.72984,7.30064,-2.22445,115.742,0.125,39.7211,0.384226
ppo,0,19,138,57.687,102.951,40.6844,4.76513,7.26569,-2.21576,117.46,0.125,32.9971,0.384226
ppo,0,19,139,58.6169,104.199,41.4438,4.8021,7.22886,-2.20624,119.183,0.125,87.2757,0.384226
ppo,0,19,140,59.5396,105.479,42.1981,4.83719,7.19094,-2.19351,120.928,0.125,14.207,0.384226
ppo,0,19,141,60.4632,106.745,42.983,4.8718,7.15024,-2.18113,122.676,0.125,51.7623,0.384226
ppo,0,19,142,61.4104,108.02,43.7519,4.90491,7.11005,-2.16412,124.435,0.125,65.0394,0.384226
ppo,0,19,143,62.3376,109.317,44.539,4.93509,7.07023,-2.14571,126.209,0.125,29.4518,0.384226
ppo,0,19,144,63.2945,110.596,45.3362,4.96545,7.03101,-2.12029,127.985,0.125,72.6517,0.384226
ppo,0,19,145,64.2476,111.911,46.1203,4.99362,6.99377,-2.09394,129.781,0.125,101.036,0.384226
ppo,0,19,146,65.1995,113.212,46.9343,5.02316,6.95573,-2.06605,131.577,0.125,63.0595,0.384226
ppo,0,19,147,66.178,114.521,47.7275,5.05425,6.91868,-2.03986,133.383,0.125,24.0985,0.384226
ppo,0,19,148,67.1349,115.85,48.5421,5.08616,6.88159,-2.01488,135.204,0.125,28.7455,0.384226
ppo,0,19,149,68.1218,117.159,49.3646,5.11842,6.84616,-1.98708,137.023,0.125,111.823,0.384226
ppo,0,19,150,69.1018,118.502,50.1801,5.15186,6.81138,-1.95745,138.862,0.125,26.6401,0.384226
ppo,0,19,151,70.0892,119.832,51.0275,5.18419,6.77318,-1.92599,140.709,0.125,27.6682,0.384226
ppo,0,19,152,71.0949,121.181,51.8518,5.21426,6.73632,-1.89239,142.57,0.125,93.5577,0.384226
ppo,0,19,153,72.0877,122.539,52.7051,5.24033,6.6997,-1.85718,144.445,0.125,123.685,0.384226
ppo,0,19,154,73.1131,123.891,53.5492,5.26628,6.66484,-1.82129,146.325,0.125,27.7906,0.384226
ppo,0,19,155,74.1182,125.274,54.4059,5.28957,6.63072,-1.78442,148.226,0.125,25.2195,0.384226
ppo,0,19,156,75.1505,126.635,55.2817,5.31559,6.59655,-1.74934,150.129,0.125,152.654,0.384226
ppo,0,19,157,76.1797,128.03,56.1465,5.33681,6.56533,-1.7149,152.054,0.125,55.5279,0.384226
ppo,0,19,158,77.2108,129.414,57.0404,5.3546,6.52962,-1.68191,153.988,0.125,187.815,0.384226
ppo,0,19,159,78.2608,130.817,57.9146,5.37416,6.49922,-1.6483,155.933,0.125,90.495,0.384226
ppo,0,19,160,79.2965,132.224,58.8165,5.39422,6.46899,-1.61622,157.886,0.125,43.7531,0.384226
ppo,0,19,161,80.3657,133.631,59.7073,5.41275,6.43917,-1.582,159.85,0.125,81.1293,0.384226
ppo,0,19,162,81.4152,135.062,60.6188,5.4317,6.4114,-1.54764,161.83,0.125,33.4996,0.384226
ppo,0,19,163,82.4959,136.479,61.5318,5.44718,6.3848,-1.51337,163.816,0.125,144.286,0.384226
ppo,0,19,164,83.5639,137.93,62.4453,5.45986,6.35936,-1.47704,165.823,0.125,71.4904,0.384226
ppo,0,19,165,84.652,139.364,63.3759,5.47095,6.33594,-1.43643,167.829,0.125,104.053,0.384226
ppo,0,19,166,85.7384,140.828,64.297,5.48031,6.31242,-1.39272,169.856,0.125,74.6455,0.384226
ppo,0,19,167,86.833,142.278,65.2506,5.48848,6.2883,-1.34999,171.889,0.125,146.106,0.384226
ppo,0,19,168,87.9396,143.758,66.1852,5.49811,6.26551,-1.30634,173.942,0.125,89.6678,0.384226
ppo,0,19,169,89.0456,145.229,67.1545,5.50579,6.24256,-1.26221,176.003,0.125,12.8052,0.384226
ppo,0,19,170,90.1727,146.718,68.1039,5.50959,6.2193,-1.21628,178.082,0.125,101.028,0.384226
ppo,0,19,171,91.2895,148.207,69.0861,5.51449,6.19652,-1.17007,180.167,0.125,114.633,0.384226
ppo,0,19,172,92.433,149.704,70.0497,5.51858,6.1774,-1.12643,182.264,0.125,119.554,0.384226
ppo,0,19,173,93.5608,151.21,71.0439,5.52049,6.16173,-1.08426,184.371,0.125,207.563,0.384226
ppo,0,19,174,94.72,152.72,72.0243,5.51903,6.14904,-1.04219,186.49,0.125,130.368,0.384226
ppo,0,19,175,95.8579,154.248,73.0314,5.51665,6.13956,-0.999204,188.622,0.125,68.57,0.384226
ppo,0,19,176,97.0312,155.776,74.0286,5.51329,6.13242,-0.954973,190.765,0.125,59.1279,0.384226
ppo,0,19,177,98.1865,157.321,75.0469,5.51121,6.13201,-0.910075,192.915,0.125,141.855,0.384226
ppo,0,19,178,99.3733,158.861,76.0567,5.50758,6.13493,-0.864528,195.072,0.125,32.5504,0.384226
ppo,0,19,179,100.544,160.421,77.0877,5.50271,6.13913,-0.821343,197.244,0.125,29.5415,0.384226
ppo,0,19,180,101.746,161.975,78.1103,5.4984,6.14397,-0.780806,199.426,0.125,92.312,0.384226
ppo,0,19,181,102.929,163.552,79.1517,5.49601,6.1501,-0.738279,201.621,0.125,56.5573,0.384226
ppo,0,19,182,104.143,165.123,80.1898,5.49492,6.15282,-0.695202,203.826,0.125,121.585,0.384226
ppo,0,19,183,105.34,166.713,81.2486,5.49297,6.15474,-0.654299,206.05,0.125,122.269,0.384226
ppo,0,19,184,106.568,168.298,82.3006,5.49229,6.1586,-0.612593,208.279,0.125,166.468,0.384226
ppo,0,19,185,107.778,169.904,83.3758,5.49365,6.16435,-0.571269,210.523,0.125,191.028,0.384226
ppo,0,19,186,109.019,171.509,84.4396,5.49482,6.16762,-0.529372,212.779,0.125,271.106,0.384226
ppo,0,19,187,110.241,173.131,85.5288,5.49176,6.17145,-0.48425,215.049,0.125,120.409,0.384226
ppo,0,19,188,111.491,174.757,86.6031,5.49083,6.17745,-0.440402,217.329,0.125,126.246,0.384226
ppo,0,19,189,112.724,176.393,87.705,5.49339,6.18441,-0.399128,219.617,0.125,48.1592,0.384226
ppo,0,19,190,113.982,178.04,88.7916,5.4993,6.19276,-0.358357,221.918,0.125,216.104,0.384226
ppo,0,19,191,115.233,179.687,89.9136,5.50565,6.19917,-0.311895,224.229,0.125,163.202,0.384226
ppo,0,19,192,116.506,181.355,91.0107,5.51435,6.20416,-0.265165,226.558,0.125,159.207,0.384226
ppo,0,19,193,117.781,183.014,92.1431,5.5232,6.21237,-0.22067,228.892,0.125,230.922,0.384226
ppo,0,19,194,119.068,184.703,93.2579,5.5332,6.22121,-0.177102,231.249,0.125,184.854,0.384226
ppo,0,19,195,120.365,186.375,94.4037,5.54357,6.23287,-0.134332,233.608,0.125,172.85,0.384226
ppo,0,19,196,121.657,188.08,95.5405,5.55207,6.2484,-0.092637,235.984,0.125,86.9806,0.384226
ppo,0,19,197,122.97,189.765,96.6947,5.55951,6.2634,-0.0532982,238.366,0.125,132.779,0.384226
ppo,0,19,198,124.269,191.48,97.8515,5.56909,6.28136,-0.0137682,240.761,0.125,240.459,0.384226
ppo,0,19,199,125.6,193.185,99.0139,5.57797,6.30084,0.0272337,243.165,0.125,229.363,0.384226
ppo,0,19,200,126.913,194.914,100.194,5.58466,6.32053,0.0665729,245.588,0.125,207.999,0.384226
ppo,0,19,201,128.259,196.642,101.365,5.59025,6.33885,0.106871,248.024,0.125,245.635,0.384226
ppo,0,19,202,129.592,198.37,102.571,5.5945,6.35934,0.149713,250.467,0.125,307.621,0.384226
ppo,0,19,203,130.943,200.12,103.756,5.59439,6.38227,0.192777,252.927,0.125,278.006,0.384226
ppo,0,19,204,132.297,201.858,104.97,5.59165,6.40899,0.234489,255.39,0.125,226.759,0.384226
ppo,0,19,205,133.648,203.627,106.175,5.58752,6.43702,0.274373,257.873,0.125,137.681,0.384226
ppo,0,19,206,135.026,205.378,107.398,5.5819,6.4604,0.311841,260.368,0.125,149.395,0.384226
ppo,0,19,207,136.385,207.16,108.635,5.58095,6.48235,0.349429,262.882,0.125,262.938,0.384226
ppo,0,19,208,137.775,208.938,109.864,5.57965,6.50438,0.386345,265.406,0.125,128.548,0.384226
ppo,0,19,209,139.148,210.724,111.123,5.58028,6.52636,0.425684,267.939,0.125,102.368,0.384226
ppo,0,19,210,140.541,212.532,112.363,5.58364,6.5492,0.46468,270.488,0.125,285.913,0.384226
ppo,0,19,211,141.94,214.327,113.636,5.58918,6.57095,0.503314,273.044,0.125,61.7506,0.384226
ppo,0,19,212,143.327,216.153,114.903,5.59604,6.5944,0.539848,275.615,0.125,153.961,0.384226
ppo,0,19,213,144.748,217.965,116.175,5.60257,6.61707,0.577187,278.195,0.125,496.723,0.384226
ppo,0,19,214,146.148,219.798,117.468,5.60527,6.64199,0.613261,280.79,0.125,290.296,0.384226
ppo,0,19,215,147.576,221.643,118.745,5.60542,6.66749,0.648268,283.403,0.125,267.682,0.384226
ppo,0,19,216,149.002,223.477,120.054,5.60606,6.69494,0.681454,286.019,0.125,334.894,0.384226
ppo,0,19,217,150.428,225.34,121.345,5.60577,6.71814,0.715652,288.653,0.125,110.448,0.384226
ppo,0,19,218,151.883,227.186,122.648,5.60518,6.74535,0.750143,291.291,0.125,105.387,0.384226
ppo,0,19,219,153.321,229.052,123.973,5.60178,6.76999,0.7848,293.948,0.125,292.801,0.384226
ppo,0,19,220,154.786,230.928,125.279,5.59932,6.79662,0.819548,296.617,0.125,121.663,0.384226
ppo,0,19,221,156.255,232.788,126.621,5.59589,6.82757,0.854037,299.289,0.125,378.304,0.384226
ppo,0,19,222,157.717,234.681,127.957,5.59371,6.8603,0.887394,301.978,0.125,416.771,0.384226
ppo,0,19,223,159.212,236.563,129.293,5.59224,6.8945,0.920697,304.674,0.125,366.288,0.384226
ppo,0,19,224,160.688,238.454,130.657,5.59021,6.92874,0.957959,307.378,0.125,425.09,0.384226
ppo,0,19,225,162.184,240.369,132.003,5.59014,6.96287,0.992148,310.103,0.125,358.634,0.384226
ppo,0,19,226,163.695,242.263,133.372,5.59079,6.99715,1.02588,312.83,0.125,377.08,0.384226
ppo,0,19,227,165.186,244.184,134.748,5.59045,7.03165,1.05954,315.57,0.125,292.363,0.384226
ppo,0,19,228,166.707,246.108,136.109,5.59346,7.06885,1.09625,318.317,0.125,466.973,0.384226
ppo,0,19,229,168.225,248.024,137.506,5.5939,7.10936,1.13111,321.071,0.125,457.937,0.384226
ppo,0,19,230,169.731,249.974,138.897,5.59387,7.15251,1.16463,323.842,0.125,288.089,0.384226
ppo,0,19,231,171.273,251.915,140.287,5.59143,7.19245,1.19526,326.628,0.125,303.768,0.384226
ppo,0,19,232,172.799,253.86,141.709,5.59125,7.23375,1.22392,329.422,0.125,467.094,0.384226
ppo,0,19,233,174.334,255.832,143.113,5.5946,7.27444,1.25378,332.231,0.125,391.888,0.384226
ppo,0,19,234,175.897,257.789,144.528,5.59531,7.31514,1.28074,335.051,0.125,193.546,0.384226
ppo,0,19,235,177.439,259.761,145.973,5.59641,7.35567,1.30898,337.884,0.125,53.9758,0.384226
ppo,0,19,236,178.998,261.755,147.399,5.5931,7.39655,1.33714,340.737,0.125,537.589,0.384226
ppo,0,19,237,180.581,263.733,148.841,5.58776,7.43665,1.36341,343.598,0.125,303.287,0.384226
ppo,0,19,238,182.142,265.733,150.305,5.5793,7.47233,1.39016,346.48,0.125,426.538,0.384226
ppo,0,19,239,183.723,267.752,151.748,5.56943,7.50679,1.41765,349.379,0.125,210.723,0.384226
ppo,0,19,240,185.322,269.754,153.215,5.56156,7.54243,1.43922,352.284,0.125,360.214,0.384226
ppo,0,19,241,186.898,271.777,154.702,5.55215,7.57905,1.45774,355.205,0.125,433.287,0.384226
ppo,0,19,242,188.499,273.818,156.171,5.54269,7.61656,1.47737,358.142,0.125,387.292,0.384226
ppo,0,19,243,190.119,275.839,157.66,5.53683,7.65289,1.50108,361.082,0.125,377.076,0.384226
ppo,0,19,244,191.716,277.881,159.17,5.53234,7.69066,1.52291,364.033,0.125,288.748,0.384226
ppo,0,19,245,193.331,279.941,160.658,5.53455,7.72651,1.54297,366.996,0.125,463.414,0.384226
ppo,0,19,246,194.97,281.982,162.164,5.53611,7.76271,1.56287,369.965,0.125,294.485,0.384226
ppo,0,19,247,196.589,284.038,163.694,5.54037,7.80157,1.58338,372.943,0.125,267.529,0.384226
ppo,0,19,248,198.223,286.124,165.203,5.54722,7.84059,1.60413,375.939,0.125,463.074,0.384226
ppo,0,19,249,199.884,288.195,166.719,5.55247,7.87978,1.62307,378.944,0.125,399.799,0.384226
ppo,0,19,250,201.535,290.27,168.268,5.56126,7.91936,1.64385,381.957,0.125,401.745,0.384226
ppo,0,19,251,203.187,292.377,169.802,5.56933,7.9618,1.66424,384.988,0.125,459.215,0.384226
ppo,0,19,252,204.869,294.476,171.337,5.57873,8.00619,1.6841,388.025,0.125,569.432,0.384226
ppo,0,19,253,206.548,296.567,172.906,5.59065,8.04799,1.70252,391.073,0.125,477.573,0.384226
ppo,0,19,254,208.211,298.691,174.473,5.60169,8.09315,1.72044,394.133,0.125,427.24,0.384226
ppo,0,19,255,209.906,300.822,176.022,5.61064,8.1378,1.73481,397.211,0.125,381.64,0.384226
ppo,0,19,256,211.616,302.934,177.596,5.62187,8.18315,1.74502,400.294,0.125,105.577,0.384226
ppo,0,19,257,213.304,305.067,179.19,5.63386,8.23182,1.75593,403.387,0.125,675.985,0.384226
ppo,0,19,258,215.003,307.226,180.764,5.65021,8.2792,1.7666,406.494,0.125,665.987,0.384226
ppo,0,19,259,216.732,309.369,182.341,5.66686,8.32948,1.77841,409.605,0.125,584.586,0.384226
ppo,0,19,260,218.451,311.512,183.954,5.6843,8.37809,1.78728,412.728,0.125,628.823,0.384226
ppo,0,19,261,220.16,313.691,185.562,5.70309,8.42722,1.79527,415.87,0.125,568.233,0.384226
ppo,0,19,262,221.902,315.878,187.151,5.72354,8.4749,1.80293,419.027,0.125,371.883,0.384226
ppo,0,19,263,223.66,318.045,188.76,5.74466,8.52188,1.80984,422.188,0.125,579.139,0.384226
ppo,0,19,264,225.403,320.228,190.397,5.7681,8.57313,1.81665,425.359,0.125,401.697,0.384226
ppo,0,19,265,227.151,322.441,192.017,5.7916,8.6222,1.82083,428.552,0.125,579.196,0.384226
ppo,0,19,266,228.933,324.646,193.627,5.81499,8.67187,1.82211,431.752,0.125,448.189,0.384226
ppo,0,19,267,230.722,326.835,195.265,5.83782,8.72238,1.81873,434.959,0.125,568.464,0.384226
ppo,0,19,268,232.491,329.045,196.924,5.85879,8.77049,1.81389,438.185,0.125,643.463,0.384226
ppo,0,19,269,234.27,331.282,198.563,5.88076,8.8171,1.80701,441.427,0.125,737.162,0.384226
ppo,0,19,270,236.08,333.51,200.201,5.90495,8.86197,1.80073,444.68,0.125,388.978,0.384226
ppo,0,19,271,237.894,335.726,201.876,5.9254,8.90737,1.79223,447.943,0.125,377.431,0.384226
ppo,0,19,272,239.689,337.966,203.565,5.94518,8.95522,1.78081,451.222,0.125,355.831,0.384226
ppo,0,19,273,241.5,340.231,205.236,5.96404,9.00128,1.76825,454.521,0.125,121.447,0.384226
ppo,0,19,274,243.344,342.485,206.903,5.98161,9.04545,1.75409,457.83,0.125,509.26,0.384226
ppo,0,19,275,245.193,344.726,208.599,5.998,9.08527,1.73575,461.152,0.125,725.014,0.384226
ppo,0,19,276,247.021,346.991,210.313,6.02033,9.12511,1.72133,464.484,0.125,730.662,0.384226
ppo,0,19,277,248.854,349.291,212.012,6.0422,9.16403,1.7068,467.837,0.125,460.686,0.384226
ppo,0,19,278,250.718,351.582,213.701,6.06779,9.20138,1.69188,471.196,0.125,704.232,0.384226
ppo,0,19,279,252.592,353.858,215.421,6.09587,9.23647,1.67765,474.564,0.125,439.358,0.384226
ppo,0,19,280,254.446,356.147,217.171,6.12168,9.26969,1.66084,477.947,0.125,810.6,0.384226
ppo,0,19,281,256.293,358.471,218.915,6.14558,9.29922,1.64556,481.353,0.125,474.452,0.384226
ppo,0,19,282,258.164,360.805,220.639,6.16751,9.32664,1.62525,484.774,0.125,747.658,0.384226
ppo,0,19,283,260.062,363.119,222.378,6.19173,9.3508,1.60805,488.202,0.125,496.546,0.384226
ppo,0,19,284,261.956,365.426,224.15,6.21768,9.37411,1.59318,491.637,0.125,656.836,0.384226
ppo,0,19,285,263.831,367.762,225.936,6.24736,9.3973,1.57596,495.088,0.125,715.841,0.384226
ppo,0,19,286,265.712,370.127,227.704,6.27729,9.42006,1.55497,498.557,0.125,491.146,0.384226
ppo,0,19,287,267.624,372.491,229.462,6.30872,9.44298,1.53374,502.037,0.125,937.411,0.384226
ppo,0,19,288,269.554,374.839,231.243,6.33803,9.46202,1.51015,505.53,0.125,167.274,0.384226
ppo,0,19,289,271.472,377.192,233.054,6.37005,9.48245,1.48916,509.03,0.125,715.95,0.384226
ppo,0,19,290,273.375,379.576,234.873,6.40421,9.50047,1.46683,512.55,0.125,503.367,0.384226
ppo,0,19,291,275.292,381.988,236.669,6.43723,9.51665,1.44421,516.089,0.125,336.734,0.384226
ppo,0,19,292,277.242,384.394,238.455,6.47178,9.53322,1.42337,519.635,0.125,793.008,0.384226
ppo,0,19,293,279.211,386.781,240.258,6.50691,9.54915,1.40669,523.184,0.125,430.14,0.384226
ppo,0,19,294,281.171,389.168,242.097,6.54347,9.57079,1.39223,526.738,0.125,702.298,0.384226
ppo,0,19,295,283.115,391.58,243.95,6.57931,9.59368,1.37662,530.309,0.125,525.77,0.384226
ppo,0,19,296,285.061,394.029,245.789,6.61371,9.61748,1.36156,533.901,0.125,569.738,0.384226
ppo,0,19,297,287.037,396.487,247.611,6.65116,9.63983,1.3453,537.507,0.125,1033.94,0.384226
ppo,0,19,298,289.046,398.93,249.435,6.68987,9.66183,1.33228,541.119,0.125,615.734,0.384226
ppo,0,19,299,291.059,401.36,251.29,6.72852,9.68013,1.3175,544.741,0.125,825.361,0.384226
