method,seed,mission,cls,om_norm,cd,b,s,total_cost,terminal,cost_per_stage,final_dist,min_dist,err_xp_T,err_xa_T,err_xv_T,err_zp_T,err_zv_T,err_f_T,err_g_T,class_ok_T,post_true_T,t_first_correct,stop_t,stopped,dist_stop,err_zp_stop,err_f_stop,err_g_stop,class_ok_stop,cost_to_stop,eps0_0,eps0_1,eps0_2,eps0_3,eps0_4,stop_s0.25_T4,stop_s0.25_T8,stop_s0.25_T16,stop_s0.5_T4,stop_s0.5_T8,stop_s0.5_T16,stop_s1_T4,stop_s1_T8,stop_s1_T16,stop_s2_T4,stop_s2_T8,stop_s2_T16,stop_s4_T4,stop_s4_T8,stop_s4_T16
ppo,0,0,1,0.279827,0.0487279,0.472181,1.00261,6.19617e+06,781789,18047.9,278.103,8.84037,0.0621484,0.0121644,0.049236,129.107,0.286931,0.284038,0.472188,0,0.125,-1,300,0,278.103,129.107,0.284038,0.472188,0,5.41438e+06,1,1,1,1,0.05,300,300,300,300,300,300,300,300,300,300,300,300,300,300,300
ppo,0,1,6,0.28879,0.184994,0.159157,0.975081,7.05802e+06,852236,20685.9,290.532,9.55271,0.0866073,0.0142784,0.0306155,321.196,0.241849,0.342961,0.161096,0,0.125,-1,300,0,290.532,321.196,0.342961,0.161096,0,6.20578e+06,1,1,1,1,0.05,300,300,300,300,300,300,300,300,300,300,300,300,300,300,300
ppo,0,2,0,0.534844,0.0252424,-0.336027,1.09652,5.31324e+06,650120,15543.8,253.66,8.4404,0.0413004,0.0169702,0.0437045,153.176,0.470446,0.535439,0.349615,1,0.125,0,300,0,253.66,153.176,0.535439,0.349615,1,4.66312e+06,1,1,1,1,0.05,300,300,300,300,300,300,300,300,300,300,300,300,300,300,300
ppo,0,3,0,0.491569,0.147145,-0.36411,0.923106,6.51888e+06,853704,18883.9,290.573,7.05536,0.100396,0.0062771,0.0405987,147.995,0.0628579,0.51312,0.372141,1,0.125,0,300,0,290.573,147.995,0.51312,0.372141,1,5.66518e+06,1,1,1,1,0.05,300,300,300,300,300,300,300,300,300,300,300,300,300,300,300
ppo,0,4,1,0.397638,0.151632,-0.477462,1.00252,5.64345e+06,720025,16411.4,266.979,6.34353,0.0608435,0.0308082,0.0382928,234.791,0.197267,0.425568,0.477469,0,0.125,-1,300,0,266.979,234.791,0.425568,0.477469,0,4.92343e+06,1,1,1,1,0.05,300,300,300,300,300,300,300,300,300,300,300,300,300,300,300
ppo,0,5,2,0.537644,0.0606169,-0.170356,1.0072,6.00681e+06,768133,17462.3,275.723,8.98183,0.0395351,0.0160659,0.0391962,326.938,0.191798,0.54105,0.170508,0,0.125,-1,300,0,275.723,326.938,0.54105,0.170508,0,5.23868e+06,1,1,1,1,0.05,300,300,300,300,300,300,300,300,300,300,300,300,300,300,300
ppo,0,6,2,0.151965,0.11882,0.212238,1.0437,5.24753e+06,635653,15372.9,250.903,2.75386,0.165263,0.0228723,0.00652199,201.717,0.182815,0.192902,0.216691,0,0.125,-1,300,0,250.903,201.717,0.192902,0.216691,0,4.61187e+06,1,1,1,1,0.05,300,300,300,300,300,300,300,300,300,300,300,300,300,300,300
ppo,0,7,4,0.485615,0.0261543,-0.267942,1.07856,5.71523e+06,707579,16692.2,264.715,9.67693,0.113032,0.0145706,0.0565793,128.601,0.567319,0.486319,0.279222,0,0.125,-1,300,0,264.715,128.601,0.486319,0.279222,0,5.00765e+06,1,1,1,1,0.05,300,300,300,300,300,300,300,300,300,300,300,300,300,300,300
ppo,0,8,6,0.513023,0.0244018,-0.0664132,0.953785,6.29923e+06,824190,18250.1,285.518,2.76029,0.150406,0.0124932,0.0491772,106.384,0.342593,0.513603,0.0809109,0,0.125,-1,300,0,285.518,106.384,0.513603,0.0809109,0,5.47504e+06,1,1,1,1,0.05,300,300,300,300,300,300,300,300,300,300,300,300,300,300,300
ppo,0,9,0,0.464981,0.181175,-0.387874,0.925179,7.01392e+06,870358,20478.5,293.555,7.22901,0.063023,0.0194218,0.0341629,386.016,0.0992622,0.499031,0.395024,1,0.125,0,300,0,293.555,386.016,0.499031,0.395024,1,6.14356e+06,1,1,1,1,0.05,300,300,300,300,300,300,300,300,300,300,300,300,300,300,300
ppo,0,10,2,0.180502,0.185484,-0.430808,1.01025,5.93042e+06,754438,17253.3,273.205,4.40833,0.0365699,0.0128899,0.0253402,133.014,0.0986041,0.258815,0.43093,0,0.125,-1,300,0,273.205,133.014,0.258815,0.43093,0,5.17598e+06,1,1,1,1,0.05,300,300,300,300,300,300,300,300,300,300,300,300,300,300,300
ppo,0,11,0,0.342812,0.198078,-0.494593,0.991055,6.58194e+06,833757,19160.6,287.279,9.80452,0.0403284,0.0167992,0.0242107,302.826,0.122239,0.395923,0.494674,1,0.125,0,300,0,287.279,302.826,0.395923,0.494674,1,5.74818e+06,1,1,1,1,0.05,300,300,300,300,300,300,300,300,300,300,300,300,300,300,300
ppo,0,12,5,0.296182,0.129097,0.472198,0.931834,6.6602e+06,838722,19404.9,288.115,8.65507,0.0698178,0.0244365,0.0441761,380.382,0.119367,0.323094,0.477092,0,0.125,-1,300,0,288.115,380.382,0.323094,0.477092,0,5.82148e+06,1,1,1,1,0.05,300,300,300,300,300,300,300,300,300,300,300,300,300,300,300
ppo,0,13,1,0.367914,0.0492574,-0.209387,1.09875,5.68319e+06,710121,16576.9,265.12,9.07979,0.0365806,0.0106815,0.0457381,350.298,0.298792,0.371196,0.231506,0,0.125,-1,300,0,265.12,350.298,0.371196,0.231506,0,4.97306e+06,1,1,1,1,0.05,300,300,300,300,300,300,300,300,300,300,300,300,300,300,300
ppo,0,14,5,0.272608,0.0403544,-0.35404,0.99968,6.41511e+06,776580,18795.1,277.261,10.5286,0.132739,0.0222273,0.0577795,15.0909,0.287074,0.275579,0.35404,0,0.125,-1,300,0,277.261,15.0909,0.275579,0.35404,0,5.63853e+06,1,1,1,1,0.05,300,300,300,300,300,300,300,300,300,300,300,300,300,300,300
ppo,0,15,3,0.282185,0.0852996,-0.360217,1.09349,5.54495e+06,699421,16151.8,263.059,8.99008,0.0719991,0.0362061,0.0399403,187.072,0.135332,0.294796,0.372151,0,0.125,-1,300,0,263.059,187.072,0.294796,0.372151,0,4.84553e+06,1,1,1,1,0.05,300,300,300,300,300,300,300,300,300,300,300,300,300,300,300
ppo,0,16,6,0.252405,0.150056,0.0638746,1.01106,6.33474e+06,778368,18521.3,277.607,7.18435,0.0565571,0.00674277,0.0181356,244.661,0.179837,0.293641,0.0648252,0,0.125,-1,300,0,277.607,244.661,0.293641,0.0648252,0,5.55638e+06,1,1,1,1,0.05,300,300,300,300,300,300,300,300,300,300,300,300,300,300,300
ppo,0,17,6,0.283468,0.167883,-0.361346,0.93855,6.61868e+06,814303,19347.9,283.92,8.40577,0.118133,0.0124853,0.0360877,56.9806,0.189718,0.329452,0.366534,0,0.125,-1,300,0,283.92,56.9806,0.329452,0.366534,0,5.80438e+06,1,1,1,1,0.05,300,300,300,300,300,300,300,300,300,300,300,300,300,300,300
ppo,0,18,1,0.549907,0.16225,0.00706267,1.00663,5.86798e+06,761178,17022.7,274.373,6.65005,0.0806579,0.0163736,0.0320623,222.945,0.136872,0.573344,0.00968567,0,0.125,-1,300,0,274.373,222.945,0.573344,0.00968567,0,5.1068e+06,1,1,1,1,0.05,300,300,300,300,300,300,300,300,300,300,300,300,300,300,300
ppo,0,19,7,0.38157,0.0451,-0.442798,0.946116,6.66347e+06,841328,19407.1,288.548,1.98157,0.0921481,0.0218458,0.0326055,195.268,0.452461,0.384226,0.446064,0,0.125,-1,300,0,288.548,195.268,0.384226,0.446064,0,5.82214e+06,1,1,1,1,0.05,300,300,300,300,300,300,300,300,300,300,300,300,300,300,300
ppo,0,20,4,0.450671,0.0127798,-0.431394,1.03862,6.39194e+06,770590,18737.8,276.271,10.7804,0.0945632,0.0107531,0.0417949,160.286,0.154643,0.450852,0.43312,0,0.125,-1,300,0,276.271,160.286,0.450852,0.43312,0,5.62135e+06,1,1,1,1,0.05,300,300,300,300,300,300,300,300,300,300,300,300,300,300,300
ppo,0,21,2,0.178613,0.18813,0.284692,0.987755,6.28939e+06,810146,18264.2,283.149,8.5253,0.0765136,0.0147099,0.0279859,172.931,0.144389,0.259413,0.284956,0,0.125,-1,300,0,283.149,172.931,0.259413,0.284956,0,5.47925e+06,1,1,1,1,0.05,300,300,300,300,300,300,300,300,300,300,300,300,300,300,300
ppo,0,22,7,0.441138,0.136396,-0.162835,0.921308,6.55538e+06,836256,19063.7,287.69,6.68914,0.0731396,0.01763,0.00998138,207.319,0.157146,0.461743,0.180853,0,0.125,-1,300,0,287.69,207.319,0.461743,0.180853,0,5.71912e+06,1,1,1,1,0.05,300,300,300,300,300,300,300,300,300,300,300,300,300,300,300
ppo,0,23,0,0.517023,0.0865294,-0.0181903,1.09426,5.75687e+06,691345,16885.1,261.71,4.27253,0.103846,0.0135951,0.0246952,294.024,0.307826,0.524214,0.0959998,1,0.125,0,300,0,261.71,294.024,0.524214,0.0959998,1,5.06553e+06,1,1,1,1,0.05,300,300,300,300,300,300,300,300,300,300,300,300,300,300,300
ppo,0,24,1,0.370858,0.0725851,0.0384449,0.913326,7.33926e+06,901880,21458,298.769,10.0014,0.0550729,0.0260815,0.0263171,213.494,0.326265,0.377895,0.0948179,0,0.125,-1,300,0,298.769,213.494,0.377895,0.0948179,0,6.43738e+06,1,1,1,1,0.05,300,300,300,300,300,300,300,300,300,300,300,300,300,300,300
ppo,0,25,4,0.325293,0.0889061,-0.441881,0.95775,6.90427e+06,844395,20199.6,289.072,10.073,0.121239,0.0231591,0.0258619,184.88,0.204357,0.337224,0.443896,0,0.125,-1,300,0,289.072,184.88,0.337224,0.443896,0,6.05987e+06,1,1,1,1,0.05,300,300,300,300,300,300,300,300,300,300,300,300,300,300,300
ppo,0,26,3,0.13768,0.132364,-0.0814456,0.970856,6.59464e+06,840766,19179.6,288.416,4.25997,0.151386,0.0137793,0.0470821,180.461,0.163449,0.190986,0.0865031,0,0.125,-1,300,0,288.416,180.461,0.190986,0.0865031,0,5.75388e+06,1,1,1,1,0.05,300,300,300,300,300,300,300,300,300,300,300,300,300,300,300
ppo,0,27,5,0.569564,0.0416277,-0.091663,1.07322,6.23385e+06,778463,18184.6,277.495,2.87835,0.111827,0.00255536,0.00623467,63.05,0.517525,0.571083,0.117315,0,0.125,-1,300,0,277.495,63.05,0.571083,0.117315,0,5.45539e+06,1,1,1,1,0.05,300,300,300,300,300,300,300,300,300,300,300,300,300,300,300
ppo,0,28,1,0.462683,0.056316,-0.00562799,1.09459,5.5274e+06,652601,16249.3,254.296,9.20492,0.103277,0.0247387,0.0541269,144.402,0.405713,0.466097,0.0947582,0,0.125,-1,300,0,254.296,144.402,0.466097,0.0947582,0,4.8748e+06,1,1,1,1,0.05,300,300,300,300,300,300,300,300,300,300,300,300,300,300,300
ppo,0,29,7,0.190195,0.0386555,0.311663,0.918512,7.22365e+06,904800,21062.8,299.246,7.85845,0.0688662,0.0241129,0.0257151,249.358,0.207098,0.194083,0.32214,0,0.125,-1,300,0,299.246,249.358,0.194083,0.32214,0,6.31885e+06,1,1,1,1,0.05,300,300,300,300,300,300,300,300,300,300,300,300,300,300,300
ppo,0,30,2,0.43551,0.00663354,0.00178993,1.07443,5.03985e+06,642614,14657.5,252.218,4.24111,0.0742412,0.0124559,0.0373263,263.101,0.360366,0.435561,0.074448,0,0.125,-1,300,0,252.218,263.101,0.435561,0.074448,0,4.39724e+06,1,1,1,1,0.05,300,300,300,300,300,300,300,300,300,300,300,300,300,300,300
ppo,0,31,5,0.176478,0.0719513,0.258418,0.964038,6.54746e+06,817606,19099.5,284.51,7.767,0.0969751,0.0264007,0.0417633,410.042,0.291874,0.190582,0.260908,0,0.125,-1,300,0,284.51,410.042,0.190582,0.260908,0,5.72985e+06,1,1,1,1,0.05,300,300,300,300,300,300,300,300,300,300,300,300,300,300,300
ppo,0,32,0,0.347419,0.0348692,0.415206,0.984876,7.06915e+06,894840,20581,297.557,6.60179,0.079158,0.0161893,0.0161226,371.703,0.333379,0.349164,0.415482,1,0.125,0,300,0,297.557,371.703,0.349164,0.415482,1,6.17431e+06,1,1,1,1,0.05,300,300,300,300,300,300,300,300,300,300,300,300,300,300,300
ppo,0,33,5,0.437556,0.0176016,-0.00755084,1.02577,5.91557e+06,717373,17327.3,266.501,9.40473,0.0902169,0.0115994,0.0433128,215.647,0.649226,0.437909,0.0268573,0,0.125,-1,300,0,266.501,215.647,0.437909,0.0268573,0,5.19819e+06,1,1,1,1,0.05,300,300,300,300,300,300,300,300,300,300,300,300,300,300,300
ppo,0,34,5,0.432865,0.194518,0.111496,1.03544,5.9949e+06,754893,17466.7,273.293,4.57466,0.0611435,0.0273081,0.0312692,356.885,0.168639,0.474562,0.116994,0,0.125,-1,300,0,273.293,356.885,0.474562,0.116994,0,5.24e+06,1,1,1,1,0.05,300,300,300,300,300,300,300,300,300,300,300,300,300,300,300
ppo,0,35,3,0.473569,0.118791,-0.229729,1.06867,5.41172e+06,679516,15774,259.386,0.650144,0.0353897,0.016295,0.0347104,302.245,0.13703,0.48824,0.239771,0,0.125,-1,300,0,259.386,302.245,0.48824,0.239771,0,4.73221e+06,1,1,1,1,0.05,300,300,300,300,300,300,300,300,300,300,300,300,300,300,300
ppo,0,36,5,0.281906,0.171136,0.478324,0.94106,7.27628e+06,860347,21386.4,291.942,11.0356,0.0532198,0.00218907,0.0289197,181.692,0.101562,0.329785,0.481942,0,0.125,-1,300,0,291.942,181.692,0.329785,0.481942,0,6.41593e+06,1,1,1,1,0.05,300,300,300,300,300,300,300,300,300,300,300,300,300,300,300
ppo,0,37,7,0.381812,0.00248337,-0.222815,1.05262,6.59142e+06,779714,19372.3,277.829,9.40507,0.11093,0.0211672,0.0410472,91.6024,0.777252,0.38182,0.228943,0,0.125,-1,300,0,277.829,91.6024,0.38182,0.228943,0,5.8117e+06,1,1,1,1,0.05,300,300,300,300,300,300,300,300,300,300,300,300,300,300,300
ppo,0,38,4,0.413721,0.161927,-0.466792,0.973748,6.71715e+06,848581,19561.9,289.819,8.43808,0.134654,0.0216115,0.0295576,395.884,0.216995,0.444281,0.467529,0,0.125,-1,300,0,289.819,395.884,0.444281,0.467529,0,5.86857e+06,1,1,1,1,0.05,300,300,300,300,300,300,300,300,300,300,300,300,300,300,300
ppo,0,39,4,0.46674,0.190987,-0.0224375,0.938482,6.40025e+06,815001,18617.5,284,7.18197,0.10199,0.00687092,0.0229424,320.914,0.222696,0.504304,0.0654823,0,0.125,-1,300,0,284,320.914,0.504304,0.0654823,0,5.58525e+06,1,1,1,1,0.05,300,300,300,300,300,300,300,300,300,300,300,300,300,300,300
ppo,0,40,6,0.239845,0.0928903,0.432543,1.08044,6.372e+06,762717,18697.6,274.893,8.80646,0.0743895,0.00590612,0.0299701,204.57,0.168395,0.257205,0.439959,0,0.125,-1,300,0,274.893,204.57,0.257205,0.439959,0,5.60928e+06,1,1,1,1,0.05,300,300,300,300,300,300,300,300,300,300,300,300,300,300,300
ppo,0,41,4,0.449348,0.198535,-0.497526,1.04495,5.96462e+06,738602,17420.1,270.444,8.44558,0.114694,0.0222416,0.0113564,154.336,0.0643474,0.491253,0.499553,0,0.125,-1,300,0,270.444,154.336,0.491253,0.499553,0,5.22602e+06,1,1,1,1,0.05,300,300,300,300,300,300,300,300,300,300,300,300,300,300,300
ppo,0,42,6,0.449732,0.176956,0.149094,1.02534,6.45118e+06,795235,18853.2,280.612,10.1215,0.129471,0.00546597,0.0201412,175.743,0.276183,0.483293,0.151232,0,0.125,-1,300,0,280.612,175.743,0.483293,0.151232,0,5.65595e+06,1,1,1,1,0.05,300,300,300,300,300,300,300,300,300,300,300,300,300,300,300
ppo,0,43,1,0.204377,0.115408,0.280744,0.955826,7.44808e+06,906518,21805.2,299.603,7.64235,0.0385266,0.00691505,0.0485997,278.347,0.317657,0.234711,0.284198,0,0.125,-1,300,0,299.603,278.347,0.234711,0.284198,0,6.54156e+06,1,1,1,1,0.05,300,300,300,300,300,300,300,300,300,300,300,300,300,300,300
ppo,0,44,6,0.230452,0.140099,0.0823957,0.978308,5.28142e+06,679536,15339.6,259.276,5.84539,0.0605693,0.0115473,0.0100936,262.718,0.322412,0.269695,0.0852031,0,0.125,-1,300,0,259.276,262.718,0.269695,0.0852031,0,4.60189e+06,1,1,1,1,0.05,300,300,300,300,300,300,300,300,300,300,300,300,300,300,300
ppo,0,45,4,0.300927,0.16992,-0.0889343,1.07991,5.81985e+06,712929,17023.1,265.649,7.00882,0.0205656,0.0252654,0.0584893,281.094,0.126064,0.345586,0.119563,0,0.125,-1,300,0,265.649,281.094,0.345586,0.119563,0,5.10692e+06,1,1,1,1,0.05,300,300,300,300,300,300,300,300,300,300,300,300,300,300,300
ppo,0,46,6,0.37331,0.179031,-0.477296,0.930114,6.20507e+06,785153,18066.4,278.792,5.36734,0.0682707,0.0148169,0.0230084,83.0945,0.206825,0.414019,0.482385,0,0.125,-1,300,0,278.792,83.0945,0.414019,0.482385,0,5.41992e+06,1,1,1,1,0.05,300,300,300,300,300,300,300,300,300,300,300,300,300,300,300
ppo,0,47,6,0.483705,0.0687121,-0.149179,0.943409,6.88885e+06,865684,20077.2,292.747,9.01628,0.0616328,0.0117162,0.0406175,130.064,0.173734,0.488561,0.159552,0,0.125,-1,300,0,292.747,130.064,0.488561,0.159552,0,6.02317e+06,1,1,1,1,0.05,300,300,300,300,300,300,300,300,300,300,300,300,300,300,300
ppo,0,48,5,0.355156,0.122152,0.165691,1.0424,5.33467e+06,656970,15592.3,255.034,5.27566,0.129372,0.0142667,0.027139,262.787,0.174531,0.375576,0.171031,0,0.125,-1,300,0,255.034,262.787,0.375576,0.171031,0,4.6777e+06,1,1,1,1,0.05,300,300,300,300,300,300,300,300,300,300,300,300,300,300,300
ppo,0,49,5,0.496347,0.167367,-0.0810145,0.94888,6.37883e+06,799462,18597.9,281.314,6.69011,0.109249,0.00990097,0.0590149,457.884,0.144186,0.523805,0.0957947,0,0.125,-1,300,0,281.314,457.884,0.523805,0.0957947,0,5.57937e+06,1,1,1,1,0.05,300,300,300,300,300,300,300,300,300,300,300,300,300,300,300
ppo,0,50,7,0.491695,0.182699,0.147338,0.917362,7.14619e+06,897209,20829.9,297.993,8.76667,0.0844181,0.0219184,0.0224479,233.775,0.108034,0.524541,0.16893,0,0.125,-1,300,0,297.993,233.775,0.524541,0.16893,0,6.24898e+06,1,1,1,1,0.05,300,300,300,300,300,300,300,300,300,300,300,300,300,300,300
ppo,0,51,7,0.482865,0.19379,-0.111416,1.01669,5.59096e+06,690993,16333.2,261.567,3.91089,0.164824,0.0311273,0.00668223,317.802,0.142859,0.520301,0.112659,0,0.125,-1,300,0,261.567,317.802,0.520301,0.112659,0,4.89996e+06,1,1,1,1,0.05,300,300,300,300,300,300,300,300,300,300,300,300,300,300,300
ppo,0,52,6,0.408942,0.155562,-0.240589,1.02755,5.95735e+06,727313,17433.5,268.403,6.47291,0.0554233,0.0160003,0.0319601,355.382,0.113106,0.437531,0.242161,0,0.125,-1,300,0,268.403,355.382,0.437531,0.242161,0,5.23004e+06,1,1,1,1,0.05,300,300,300,300,300,300,300,300,300,300,300,300,300,300,300
ppo,0,53,1,0.502556,0.0746694,0.282294,1.00661,6.36518e+06,785992,18597.3,278.952,10.5393,0.031877,0.00818872,0.0366823,414.404,0.266259,0.508073,0.282371,0,0.125,-1,300,0,278.952,414.404,0.508073,0.282371,0,5.57919e+06,1,1,1,1,0.05,300,300,300,300,300,300,300,300,300,300,300,300,300,300,300
ppo,0,54,7,0.347073,0.141489,-0.493211,1.09375,5.83167e+06,729545,17007.1,268.758,6.02358,0.0733423,0.0254553,0.0201463,195.345,0.0638903,0.374805,0.502041,0,0.125,-1,300,0,268.758,195.345,0.374805,0.502041,0,5.10213e+06,1,1,1,1,0.05,300,300,300,300,300,300,300,300,300,300,300,300,300,300,300
ppo,0,55,6,0.39037,0.153162,0.322263,0.912677,6.88833e+06,873116,20050.7,293.974,6.06254,0.0484087,0.0236278,0.0492316,84.9381,0.237019,0.419341,0.333884,0,0.125,-1,300,0,293.974,84.9381,0.419341,0.333884,0,6.01522e+06,1,1,1,1,0.05,300,300,300,300,300,300,300,300,300,300,300,300,300,300,300
ppo,0,56,5,0.479214,0.0784673,0.210173,1.09239,5.0811e+06,644706,14788,252.611,8.54638,0.155753,0.0127788,0.0226661,171.741,0.196228,0.485596,0.229583,0,0.125,-1,300,0,252.611,171.741,0.485596,0.229583,0,4.4364e+06,1,1,1,1,0.05,300,300,300,300,300,300,300,300,300,300,300,300,300,300,300
ppo,0,57,1,0.115277,0.123797,-0.260152,0.916013,6.10173e+06,790523,17704,279.61,1.02742,0.0458368,0.0193228,0.00336354,252.378,0.0272911,0.169158,0.273373,0,0.125,-1,300,0,279.61,252.378,0.169158,0.273373,0,5.3112e+06,1,1,1,1,0.05,300,300,300,300,300,300,300,300,300,300,300,300,300,300,300
ppo,0,58,5,0.460491,0.183327,-0.43489,1.07897,4.98306e+06,612712,14567.8,246.313,6.16248,0.0538618,0.012423,0.0281683,190.118,0.213851,0.495641,0.442002,0,0.125,-1,300,0,246.313,190.118,0.495641,0.442002,0,4.37035e+06,1,1,1,1,0.05,300,300,300,300,300,300,300,300,300,300,300,300,300,300,300
ppo,0,59,3,0.28269,0.0199479,-0.214944,1.07343,4.52471e+06,589376,13117.8,241.502,5.22799,0.137754,0.029855,0.0284219,308.581,0.394902,0.283393,0.227139,0,0.125,-1,300,0,241.502,308.581,0.283393,0.227139,0,3.93533e+06,1,1,1,1,0.05,300,300,300,300,300,300,300,300,300,300,300,300,300,300,300
ppo,0,60,0,0.404507,0.181345,-0.462475,0.970915,6.73728e+06,860148,19590.5,291.729,7.70293,0.108181,0.00722546,0.0617963,26.9669,0.124807,0.443296,0.463389,1,0.125,0,300,0,291.729,26.9669,0.443296,0.463389,1,5.87713e+06,1,1,1,1,0.05,300,300,300,300,300,300,300,300,300,300,300,300,300,300,300
ppo,0,61,5,0.293084,0.1655,0.198789,0.913959,7.03912e+06,899690,20464.8,298.317,5.27295,0.0749945,0.0221862,0.0381483,499.366,0.078381,0.336584,0.21661,0,0.125,-1,300,0,298.317,499.366,0.336584,0.21661,0,6.13943e+06,1,1,1,1,0.05,300,300,300,300,300,300,300,300,300,300,300,300,300,300,300
ppo,0,62,1,0.487211,0.167735,0.100788,1.05422,5.66024e+06,697305,16543.1,262.726,8.21528,0.0641102,0.00978786,0.0312331,118.222,0.295554,0.515276,0.114447,0,0.125,-1,300,0,262.726,118.222,0.515276,0.114447,0,4.96294e+06,1,1,1,1,0.05,300,300,300,300,300,300,300,300,300,300,300,300,300,300,300
ppo,0,63,3,0.258255,0.0710104,0.0145037,0.977974,7.1417e+06,875467,20887.4,294.447,9.44277,0.0951244,0.0126688,0.0591325,203.913,0.413532,0.26784,0.0263724,0,0.125,-1,300,0,294.447,203.913,0.26784,0.0263724,0,6.26623e+06,1,1,1,1,0.05,300,300,300,300,300,300,300,300,300,300,300,300,300,300,300
ppo,0,64,4,0.306573,0.155347,-0.181309,1.06503,5.87628e+06,718763,17191.7,266.757,8.77846,0.133586,0.0192006,0.0332536,223.954,0.0904189,0.343686,0.19262,0,0.125,-1,300,0,266.757,223.954,0.343686,0.19262,0,5.15752e+06,1,1,1,1,0.05,300,300,300,300,300,300,300,300,300,300,300,300,300,300,300
ppo,0,65,4,0.433489,0.00318217,-0.45113,1.05977,5.94096e+06,698183,17475.9,263,9.75582,0.116649,0.0184709,0.0156265,210.121,0.129223,0.4335,0.455072,0,0.125,-1,300,0,263,210.121,0.4335,0.455072,0,5.24278e+06,1,1,1,1,0.05,300,300,300,300,300,300,300,300,300,300,300,300,300,300,300
ppo,0,66,0,0.471737,0.105678,-0.0505208,0.959978,6.16341e+06,796812,17888.7,280.794,8.82575,0.0946597,0.00945705,0.0410439,210.622,0.1522,0.483429,0.0644526,1,0.125,0,300,0,280.794,210.622,0.483429,0.0644526,1,5.3666e+06,1,1,1,1,0.05,300,300,300,300,300,300,300,300,300,300,300,300,300,300,300
ppo,0,67,7,0.362885,0.12742,0.399333,1.05352,6.511e+06,834222,18922.6,287.26,4.2444,0.0848951,0.0193101,0.02653,57.7689,0.299971,0.384606,0.402904,0,0.125,-1,300,0,287.26,57.7689,0.384606,0.402904,0,5.67678e+06,1,1,1,1,0.05,300,300,300,300,300,300,300,300,300,300,300,300,300,300,300
ppo,0,68,1,0.34651,0.0428209,0.0853858,0.963042,7.04926e+06,879916,20564.5,295.047,8.62467,0.107897,0.0275035,0.0422863,308.332,0.398683,0.349145,0.0930409,0,0.125,-1,300,0,295.047,308.332,0.349145,0.0930409,0,6.16935e+06,1,1,1,1,0.05,300,300,300,300,300,300,300,300,300,300,300,300,300,300,300
ppo,0,69,0,0.298852,0.142803,0.306924,1.00311,5.08687e+06,651839,14783.4,253.955,5.7211,0.0519938,0.0206447,0.0141428,123.944,0.0995407,0.331218,0.30694,1,0.125,0,300,0,253.955,123.944,0.331218,0.30694,1,4.43503e+06,1,1,1,1,0.05,300,300,300,300,300,300,300,300,300,300,300,300,300,300,300
ppo,0,70,6,0.419506,0.0173453,-0.485484,0.906796,8.06438e+06,979985,23614.7,311.547,9.90507,0.0127612,0.0201745,0.0449996,176.367,0.461814,0.419864,0.49435,0,0.125,-1,300,0,311.547,176.367,0.419864,0.49435,0,7.0844e+06,1,1,1,1,0.05,300,300,300,300,300,300,300,300,300,300,300,300,300,300,300
ppo,0,71,5,0.494104,0.0746148,0.312638,1.09186,5.65401e+06,694820,16530.6,262.237,8.30142,0.102465,0.00657303,0.0394055,412.119,0.297976,0.499706,0.325854,0,0.125,-1,300,0,262.237,412.119,0.499706,0.325854,0,4.95919e+06,1,1,1,1,0.05,300,300,300,300,300,300,300,300,300,300,300,300,300,300,300
ppo,0,72,1,0.479733,0.1762,-0.201506,0.965405,6.07684e+06,777678,17663.9,277.372,4.80884,0.0993455,0.0136115,0.0215362,78.1564,0.181685,0.511068,0.204454,0,0.125,-1,300,0,277.372,78.1564,0.511068,0.204454,0,5.29917e+06,1,1,1,1,0.05,300,300,300,300,300,300,300,300,300,300,300,300,300,300,300
ppo,0,73,6,0.312145,0.0753175,0.139123,1.0542,5.97693e+06,723705,17510.7,267.764,7.12753,0.0914635,0.0147794,0.045779,266.43,0.310359,0.321103,0.149307,0,0.125,-1,300,0,267.764,266.43,0.321103,0.149307,0,5.25322e+06,1,1,1,1,0.05,300,300,300,300,300,300,300,300,300,300,300,300,300,300,300
ppo,0,74,4,0.531365,0.19379,-0.217745,1.00776,6.30495e+06,801725,18344.1,281.71,6.89486,0.113524,0.0103259,0.0431477,106.682,0.0886507,0.5656,0.217884,0,0.125,-1,300,0,281.71,106.682,0.5656,0.217884,0,5.50322e+06,1,1,1,1,0.05,300,300,300,300,300,300,300,300,300,300,300,300,300,300,300
ppo,0,75,6,0.350999,0.0588444,0.179428,1.09152,5.69631e+06,688480,16692.8,261.169,11.1092,0.179405,0.0261337,0.040409,328.994,0.10531,0.355898,0.201422,0,0.125,-1,300,0,261.169,328.994,0.355898,0.201422,0,5.00783e+06,1,1,1,1,0.05,300,300,300,300,300,300,300,300,300,300,300,300,300,300,300
ppo,0,76,6,0.475728,0.0797803,-0.285196,0.921035,6.52861e+06,812448,19053.9,283.637,5.41847,0.0610238,0.0148741,0.0541579,375.068,0.431342,0.482371,0.295926,0,0.125,-1,300,0,283.637,375.068,0.482371,0.295926,0,5.71616e+06,1,1,1,1,0.05,300,300,300,300,300,300,300,300,300,300,300,300,300,300,300
ppo,0,77,7,0.394629,0.0273094,0.181595,0.980123,6.78275e+06,837881,19816.2,287.956,5.97953,0.0348143,0.0162391,0.0381515,227.944,0.264789,0.395573,0.182679,0,0.125,-1,300,0,287.956,227.944,0.395573,0.182679,0,5.94487e+06,1,1,1,1,0.05,300,300,300,300,300,300,300,300,300,300,300,300,300,300,300
ppo,0,78,5,0.500095,0.144042,-0.271307,1.05626,5.88695e+06,746458,17135,271.806,7.87113,0.103989,0.0244055,0.0206414,418.272,0.233892,0.520426,0.277079,0,0.125,-1,300,0,271.806,418.272,0.520426,0.277079,0,5.14049e+06,1,1,1,1,0.05,300,300,300,300,300,300,300,300,300,300,300,300,300,300,300
ppo,0,79,5,0.181629,0.134577,-0.337693,1.08336,5.871e+06,712234,17195.9,265.598,8.49806,0.0965006,0.0221127,0.0295948,103.171,0.224384,0.226053,0.34783,0,0.125,-1,300,0,265.598,103.171,0.226053,0.34783,0,5.15876e+06,1,1,1,1,0.05,300,300,300,300,300,300,300,300,300,300,300,300,300,300,300
ppo,0,80,0,0.305267,0.0536277,-0.216461,0.900734,6.98972e+06,899589,20300.5,298.338,5.99267,0.0683874,0.0137541,0.030923,220.003,0.456121,0.309942,0.238136,1,0.125,0,300,0,298.338,220.003,0.309942,0.238136,1,6.09014e+06,1,1,1,1,0.05,300,300,300,300,300,300,300,300,300,300,300,300,300,300,300
ppo,0,81,1,0.25199,0.0911183,0.0151876,1.06231,5.84194e+06,737309,17015.4,270.074,8.16957,0.00870775,0.0367199,0.0348356,80.5611,0.0989063,0.267958,0.0641319,0,0.125,-1,300,0,270.074,80.5611,0.267958,0.0641319,0,5.10463e+06,1,1,1,1,0.05,300,300,300,300,300,300,300,300,300,300,300,300,300,300,300
ppo,0,82,1,0.447172,0.036951,-0.399754,0.916545,7.28918e+06,907402,21272.6,299.742,2.40218,0.10103,0.00352895,0.0319876,237.337,0.462288,0.448696,0.408372,0,0.125,-1,300,0,299.742,237.337,0.448696,0.408372,0,6.38178e+06,1,1,1,1,0.05,300,300,300,300,300,300,300,300,300,300,300,300,300,300,300
ppo,0,83,4,0.536134,0.16885,0.308121,0.950575,7.00112e+06,856967,20480.5,291.285,9.93219,0.0601016,0.0135647,0.049677,32.0433,0.194766,0.562095,0.31206,0,0.125,-1,300,0,291.285,32.0433,0.562095,0.31206,0,6.14415e+06,1,1,1,1,0.05,300,300,300,300,300,300,300,300,300,300,300,300,300,300,300
ppo,0,84,6,0.416504,0.07556,0.0698498,0.947326,7.00324e+06,883403,20399.5,295.765,10.293,0.054838,0.0203831,0.0235721,263.997,0.583625,0.423303,0.0874844,0,0.125,-1,300,0,295.765,263.997,0.423303,0.0874844,0,6.11984e+06,1,1,1,1,0.05,300,300,300,300,300,300,300,300,300,300,300,300,300,300,300
ppo,0,85,0,0.442897,0.139475,-0.0697981,1.00951,5.94258e+06,747290,17317.6,272.027,5.73186,0.0475194,0.0323491,0.0111555,168.351,0.136686,0.46434,0.0704429,1,0.125,0,300,0,272.027,168.351,0.46434,0.0704429,1,5.1953e+06,1,1,1,1,0.05,300,300,300,300,300,300,300,300,300,300,300,300,300,300,300
ppo,0,86,4,0.383459,0.0360704,0.0806735,1.01335,5.36033e+06,692738,15558.6,261.851,5.30891,0.0408102,0.010948,0.0112914,109.096,0.313956,0.385152,0.081771,0,0.125,-1,300,0,261.851,109.096,0.385152,0.081771,0,4.66759e+06,1,1,1,1,0.05,300,300,300,300,300,300,300,300,300,300,300,300,300,300,300
ppo,0,87,7,0.432045,0.161286,-0.025977,0.983215,6.63091e+06,819800,19370.4,284.927,6.62984,0.0294756,0.0141059,0.0130997,294.131,0.185858,0.461169,0.0309279,0,0.125,-1,300,0,284.927,294.131,0.461169,0.0309279,0,5.81111e+06,1,1,1,1,0.05,300,300,300,300,300,300,300,300,300,300,300,300,300,300,300
ppo,0,88,1,0.510933,0.178163,0.10097,1.02629,5.89211e+06,731895,17200.7,269.19,9.53663,0.0881951,0.00969688,0.0413505,168.045,0.231167,0.541105,0.104337,0,0.125,-1,300,0,269.19,168.045,0.541105,0.104337,0,5.16022e+06,1,1,1,1,0.05,300,300,300,300,300,300,300,300,300,300,300,300,300,300,300
ppo,0,89,2,0.35837,0.110804,-0.126733,0.98471,5.65825e+06,722228,16453.4,267.353,3.04229,0.0899898,0.0237676,0.0393498,329.549,0.231959,0.375109,0.127652,0,0.125,-1,300,0,267.353,329.549,0.375109,0.127652,0,4.93603e+06,1,1,1,1,0.05,300,300,300,300,300,300,300,300,300,300,300,300,300,300,300
ppo,0,90,2,0.362174,0.0225001,0.0676554,1.00716,6.75232e+06,840206,19707,288.409,7.93784,0.0787777,0.0136619,0.0301858,386.071,0.610921,0.362872,0.0680332,0,0.125,-1,300,0,288.409,386.071,0.362872,0.0680332,0,5.91211e+06,1,1,1,1,0.05,300,300,300,300,300,300,300,300,300,300,300,300,300,300,300
ppo,0,91,3,0.419491,0.0700563,0.448763,1.00647,5.00182e+06,660971,14469.5,255.693,3.60494,0.0966062,0.0228277,0.0373008,482.545,0.17482,0.4253,0.44881,0,0.125,-1,300,0,255.693,482.545,0.4253,0.44881,0,4.34085e+06,1,1,1,1,0.05,300,300,300,300,300,300,300,300,300,300,300,300,300,300,300
ppo,0,92,5,0.38077,0.167009,0.436292,1.03081,6.32889e+06,762288,18555.3,274.722,10.4963,0.0614072,0.0305867,0.0828608,149.975,0.191602,0.415786,0.437379,0,0.125,-1,300,0,274.722,149.975,0.415786,0.437379,0,5.5666e+06,1,1,1,1,0.05,300,300,300,300,300,300,300,300,300,300,300,300,300,300,300
ppo,0,93,4,0.246562,0.0728679,-0.309784,1.07934,5.54531e+06,707772,16125.1,264.642,4.17618,0.0811565,0.0124695,0.0266224,193.393,0.376074,0.257104,0.319783,0,0.125,-1,300,0,264.642,193.393,0.257104,0.319783,0,4.83753e+06,1,1,1,1,0.05,300,300,300,300,300,300,300,300,300,300,300,300,300,300,300
ppo,0,94,4,0.198938,0.137967,0.354441,0.917787,7.06131e+06,877720,20612,294.747,7.82988,0.0746139,0.0144319,0.0310829,83.9456,0.279948,0.242097,0.363851,0,0.125,-1,300,0,294.747,83.9456,0.242097,0.363851,0,6.18359e+06,1,1,1,1,0.05,300,300,300,300,300,300,300,300,300,300,300,300,300,300,300
ppo,0,95,7,0.0603676,0.185174,0.0854224,0.929905,7.51259e+06,955473,21857.1,307.462,10.8165,0.0865786,0.0190942,0.0527825,255.44,0.127953,0.194765,0.1105,0,0.125,-1,300,0,307.462,255.44,0.194765,0.1105,0,6.55712e+06,1,1,1,1,0.05,300,300,300,300,300,300,300,300,300,300,300,300,300,300,300
ppo,0,96,4,0.398263,0.19875,0.494497,1.04494,5.42739e+06,699853,15758.5,263.114,8.75333,0.0847788,0.0180079,0.0561693,186.436,0.147783,0.445101,0.496535,0,0.125,-1,300,0,263.114,186.436,0.445101,0.496535,0,4.72754e+06,1,1,1,1,0.05,300,300,300,300,300,300,300,300,300,300,300,300,300,300,300
ppo,0,97,5,0.432392,0.166741,0.0690376,0.917142,7.00732e+06,873297,20446.7,294.043,3.75282,0.115325,0.00924681,0.0224879,186.035,0.257002,0.463428,0.10785,0,0.125,-1,300,0,294.043,186.035,0.463428,0.10785,0,6.13402e+06,1,1,1,1,0.05,300,300,300,300,300,300,300,300,300,300,300,300,300,300,300
ppo,0,98,5,0.454787,0.063934,-0.0420609,1.0181,6.09025e+06,752180,17793.6,272.87,5.76167,0.141632,0.0147541,0.0353603,142.598,0.114693,0.459259,0.0457895,0,0.125,-1,300,0,272.87,142.598,0.459259,0.0457895,0,5.33807e+06,1,1,1,1,0.05,300,300,300,300,300,300,300,300,300,300,300,300,300,300,300
ppo,0,99,6,0.600935,0.0962008,0.233901,0.936715,6.79966e+06,871887,19759.3,293.784,8.55359,0.0595642,0.0123327,0.0426906,261.706,0.270185,0.608586,0.242311,0,0.125,-1,300,0,293.784,261.706,0.608586,0.242311,0,5.92778e+06,1,1,1,1,0.05,300,300,300,300,300,300,300,300,300,300,300,300,300,300,300
ppo,0,100,4,0.530394,0.0903143,0.0514029,0.967287,6.76679e+06,857952,19696.1,291.386,3.26026,0.0427873,0.0262308,0.0128678,233.803,0.219797,0.538028,0.0609292,0,0.125,-1,300,0,291.386,233.803,0.538028,0.0609292,0,5.90884e+06,1,1,1,1,0.05,300,300,300,300,300,300,300,300,300,300,300,300,300,300,300
ppo,0,101,2,0.320529,0.164775,0.234506,1.03279,6.07723e+06,759278,17726.5,274.077,6.72893,0.0404349,0.0146063,0.0580425,223.348,0.125847,0.360402,0.236786,0,0.125,-1,300,0,274.077,223.348,0.360402,0.236786,0,5.31795e+06,1,1,1,1,0.05,300,300,300,300,300,300,300,300,300,300,300,300,300,300,300
ppo,0,102,6,0.540161,0.155586,-0.120244,1.06337,6.09625e+06,742855,17844.6,271.227,7.88341,0.0854502,0.0113229,0.0275112,238.577,0.198389,0.562122,0.13592,0,0.125,-1,300,0,271.227,238.577,0.562122,0.13592,0,5.35339e+06,1,1,1,1,0.05,300,300,300,300,300,300,300,300,300,300,300,300,300,300,300
ppo,0,103,2,0.457232,0.175764,0.263747,1.09026,4.43682e+06,560435,12921.3,235.513,6.92703,0.0770889,0.021826,0.0223323,135.648,0.205697,0.489851,0.278764,0,0.125,-1,300,0,235.513,135.648,0.489851,0.278764,0,3.87638e+06,1,1,1,1,0.05,300,300,300,300,300,300,300,300,300,300,300,300,300,300,300
ppo,0,104,7,0.313448,0.115665,0.328273,0.950521,7.23237e+06,919067,21044.3,301.558,5.54396,0.0526008,0.0117147,0.0321186,419.526,0.241353,0.334108,0.331981,0,0.125,-1,300,0,301.558,419.526,0.334108,0.331981,0,6.3133e+06,1,1,1,1,0.05,300,300,300,300,300,300,300,300,300,300,300,300,300,300,300
ppo,0,105,0,0.544314,0.133144,-0.130149,0.987984,5.5569e+06,705692,16170.7,264.258,7.59052,0.0395017,0.0151227,0.0391669,121.837,0.205792,0.560362,0.130702,1,0.125,0,300,0,264.258,121.837,0.560362,0.130702,1,4.85121e+06,1,1,1,1,0.05,300,300,300,300,300,300,300,300,300,300,300,300,300,300,300
ppo,0,106,6,0.429342,0.0960314,-0.340866,0.98806,6.75014e+06,825235,19749.7,285.822,11.1833,0.112117,0.0156862,0.0516194,219.149,0.276894,0.43995,0.341075,0,0.125,-1,300,0,285.822,219.149,0.43995,0.341075,0,5.92491e+06,1,1,1,1,0.05,300,300,300,300,300,300,300,300,300,300,300,300,300,300,300
ppo,0,107,1,0.450231,0.0595768,0.321664,0.903738,7.99556e+06,1.01467e+06,23269.7,316.94,11.0491,0.0704858,0.0121108,0.0332092,327.063,0.208373,0.454156,0.335759,0,0.125,-1,300,0,316.94,327.063,0.454156,0.335759,0,6.9809e+06,1,1,1,1,0.05,300,300,300,300,300,300,300,300,300,300,300,300,300,300,300
ppo,0,108,0,0.443478,0.00231678,-0.29981,0.908354,6.40904e+06,825086,18613.2,285.762,6.03015,0.0879376,0.0311323,0.0303446,233.931,0.0994738,0.443484,0.313505,1,0.125,0,300,0,285.762,233.931,0.443484,0.313505,1,5.58395e+06,1,1,1,1,0.05,300,300,300,300,300,300,300,300,300,300,300,300,300,300,300
ppo,0,109,1,0.380998,0.19132,-0.35866,1.09357,5.79048e+06,726756,16879.1,268.195,4.66237,0.109625,0.00660656,0.0401989,308.122,0.203115,0.426337,0.370665,0,0.125,-1,300,0,268.195,308.122,0.426337,0.370665,0,5.06373e+06,1,1,1,1,0.05,300,300,300,300,300,300,300,300,300,300,300,300,300,300,300
ppo,0,110,2,0.435811,0.047146,0.0274593,1.07568,4.92286e+06,631513,14304.5,249.983,0.907726,0.120036,0.00538037,0.0193326,224.593,0.493282,0.438354,0.0805044,0,0.125,-1,300,0,249.983,224.593,0.438354,0.0805044,0,4.29135e+06,1,1,1,1,0.05,300,300,300,300,300,300,300,300,300,300,300,300,300,300,300
ppo,0,111,4,0.430108,0.189412,0.335902,0.94796,5.73352e+06,742069,16638.2,270.949,5.03157,0.164977,0.0269047,0.0442735,158.817,0.261681,0.469968,0.339909,0,0.125,-1,300,0,270.949,158.817,0.469968,0.339909,0,4.99145e+06,1,1,1,1,0.05,300,300,300,300,300,300,300,300,300,300,300,300,300,300,300
ppo,0,112,6,0.452412,0.100499,-0.445893,1.06477,5.81754e+06,724700,16976.1,267.8,9.76905,0.116255,0.0206737,0.0179246,186.906,0.118266,0.46344,0.450572,0,0.125,-1,300,0,267.8,186.906,0.46344,0.450572,0,5.09284e+06,1,1,1,1,0.05,300,300,300,300,300,300,300,300,300,300,300,300,300,300,300
ppo,0,113,3,0.465147,0.0102467,0.0802397,1.03582,5.4102e+06,669681,15801.7,257.441,7.24526,0.0803835,0.0122289,0.0197036,172.66,0.567265,0.46526,0.0878731,0,0.125,-1,300,0,257.441,172.66,0.46526,0.0878731,0,4.74052e+06,1,1,1,1,0.05,300,300,300,300,300,300,300,300,300,300,300,300,300,300,300
ppo,0,114,2,0.261734,0.02644,0.311237,1.06736,5.7854e+06,696899,16961.7,262.66,10.2265,0.097245,0.0191656,0.0480786,114.588,0.540583,0.263066,0.318443,0,0.125,-1,300,0,262.66,114.588,0.263066,0.318443,0,5.08851e+06,1,1,1,1,0.05,300,300,300,300,300,300,300,300,300,300,300,300,300,300,300
ppo,0,115,2,0.362424,0.156139,0.113804,1.09538,4.77409e+06,613736,13867.8,246.44,5.34696,0.135754,0.0454597,0.0338347,109.197,0.160258,0.394627,0.148491,0,0.125,-1,300,0,246.44,109.197,0.394627,0.148491,0,4.16035e+06,1,1,1,1,0.05,300,300,300,300,300,300,300,300,300,300,300,300,300,300,300
ppo,0,116,5,0.280444,0.199126,-0.0593765,1.03058,5.46381e+06,690925,15909.6,261.476,9.32225,0.0796392,0.0179578,0.0323528,242.038,0.105426,0.343948,0.0667883,0,0.125,-1,300,0,261.476,242.038,0.343948,0.0667883,0,4.77288e+06,1,1,1,1,0.05,300,300,300,300,300,300,300,300,300,300,300,300,300,300,300
ppo,0,117,2,0.545044,0.10804,0.18683,1.06443,5.82698e+06,719338,17025.5,266.806,1.78443,0.0251488,0.0137629,0.0479792,320.927,0.288916,0.555649,0.197628,0,0.125,-1,300,0,266.806,320.927,0.555649,0.197628,0,5.10764e+06,1,1,1,1,0.05,300,300,300,300,300,300,300,300,300,300,300,300,300,300,300
ppo,0,118,5,0.57331,0.115862,0.346437,0.956545,5.64899e+06,735472,16378.4,269.725,4.34618,0.0801219,0.0111506,0.0252664,318.304,0.142186,0.5849,0.349152,0,0.125,-1,300,0,269.725,318.304,0.5849,0.349152,0,4.91352e+06,1,1,1,1,0.05,300,300,300,300,300,300,300,300,300,300,300,300,300,300,300
ppo,0,119,7,0.550234,0.103428,0.0171392,1.05096,6.25607e+06,762097,18313.3,274.703,7.21978,0.0900056,0.0313191,0.0291204,168.43,0.106585,0.55987,0.0537663,0,0.125,-1,300,0,274.703,168.43,0.55987,0.0537663,0,5.49398e+06,1,1,1,1,0.05,300,300,300,300,300,300,300,300,300,300,300,300,300,300,300
ppo,0,120,1,0.491051,0.103772,0.326167,1.08083,5.49776e+06,687415,16034.5,260.833,9.67171,0.103593,0.0151681,0.0170695,204.481,0.343946,0.501896,0.336034,0,0.125,-1,300,0,260.833,204.481,0.501896,0.336034,0,4.81034e+06,1,1,1,1,0.05,300,300,300,300,300,300,300,300,300,300,300,300,300,300,300
ppo,0,121,3,0.155,0.0864594,0.447545,1.01489,5.92762e+06,737932,17299,270.299,7.31897,0.105212,0.00846929,0.0279232,210.058,0.397046,0.177483,0.447793,0,0.125,-1,300,0,270.299,210.058,0.177483,0.447793,0,5.18969e+06,1,1,1,1,0.05,300,300,300,300,300,300,300,300,300,300,300,300,300,300,300
ppo,0,122,1,0.258256,0.159277,-0.0531408,0.923701,6.11505e+06,789754,17751,279.472,6.80869,0.097441,0.0114661,0.0359957,155.048,0.329372,0.303423,0.0929808,0,0.125,-1,300,0,279.472,155.048,0.303423,0.0929808,0,5.3253e+06,1,1,1,1,0.05,300,300,300,300,300,300,300,300,300,300,300,300,300,300,300
ppo,0,123,4,0.358232,0.113332,0.303441,0.979209,5.87468e+06,752112,17075.2,272.794,3.37416,0.0426486,0.00748263,0.0382357,59.6136,0.325524,0.375732,0.304152,0,0.125,-1,300,0,272.794,59.6136,0.375732,0.304152,0,5.12257e+06,1,1,1,1,0.05,300,300,300,300,300,300,300,300,300,300,300,300,300,300,300
ppo,0,124,4,0.333948,0.131044,0.368322,0.93624,7.22905e+06,889951,21130.3,296.781,8.91075,0.0290258,0.0059136,0.0272568,383.506,0.16822,0.35874,0.373801,0,0.125,-1,300,0,296.781,383.506,0.35874,0.373801,0,6.3391e+06,1,1,1,1,0.05,300,300,300,300,300,300,300,300,300,300,300,300,300,300,300
ppo,0,125,4,0.476448,0.0674466,-0.0184329,0.911413,7.35447e+06,936120,21394.5,304.336,5.15233,0.0577075,0.0120436,0.0360925,151.853,0.479579,0.481198,0.090484,0,0.125,-1,300,0,304.336,151.853,0.481198,0.090484,0,6.41835e+06,1,1,1,1,0.05,300,300,300,300,300,300,300,300,300,300,300,300,300,300,300
ppo,0,126,5,0.544885,0.0538348,-0.453117,0.900705,6.66974e+06,847326,19408,289.614,7.25767,0.094106,0.00811571,0.0371304,49.4289,0.319048,0.547538,0.463869,0,0.125,-1,300,0,289.614,49.4289,0.547538,0.463869,0,5.82241e+06,1,1,1,1,0.05,300,300,300,300,300,300,300,300,300,300,300,300,300,300,300
ppo,0,127,4,0.130716,0.0832669,0.266412,0.990079,6.39867e+06,784826,18712.8,278.788,6.90177,0.130123,0.00764512,0.0464023,320.452,0.275161,0.154984,0.266597,0,0.125,-1,300,0,278.788,320.452,0.154984,0.266597,0,5.61384e+06,1,1,1,1,0.05,300,300,300,300,300,300,300,300,300,300,300,300,300,300,300
ppo,0,128,0,0.196907,0.00989924,0.0694762,1.09213,6.13634e+06,751747,17948.7,272.92,5.30619,0.120542,0.0216966,0.0425962,162.491,1.04424,0.197155,0.115387,1,0.125,0,300,0,272.92,162.491,0.197155,0.115387,1,5.3846e+06,1,1,1,1,0.05,300,300,300,300,300,300,300,300,300,300,300,300,300,300,300
ppo,0,129,3,0.352,0.0659599,-0.0928208,0.960242,6.9343e+06,872214,20207,293.718,11.4496,0.07366,0.0123424,0.0540665,259.867,0.257197,0.358127,0.100977,0,0.125,-1,300,0,293.718,259.867,0.358127,0.100977,0,6.06209e+06,1,1,1,1,0.05,300,300,300,300,300,300,300,300,300,300,300,300,300,300,300
ppo,0,130,4,0.428024,0.0968585,0.199551,0.982909,6.45277e+06,809590,18810.6,283.048,7.34166,0.0893695,0.011164,0.024188,280.813,0.176702,0.438846,0.200282,0,0.125,-1,300,0,283.048,280.813,0.438846,0.200282,0,5.64318e+06,1,1,1,1,0.05,300,300,300,300,300,300,300,300,300,300,300,300,300,300,300
ppo,0,131,3,0.0862009,0.0750974,-0.227658,0.916202,7.29633e+06,921078,21250.8,301.878,7.28617,0.148615,0.00607736,0.0193996,98.5537,0.341344,0.114325,0.242591,0,0.125,-1,300,0,301.878,98.5537,0.114325,0.242591,0,6.37525e+06,1,1,1,1,0.05,300,300,300,300,300,300,300,300,300,300,300,300,300,300,300
ppo,0,132,6,0.293609,0.109226,0.29207,0.905336,6.69857e+06,858773,19466,291.51,7.68672,0.0896719,0.017484,0.0397437,241.343,0.17105,0.313268,0.307028,0,0.125,-1,300,0,291.51,241.343,0.313268,0.307028,0,5.83979e+06,1,1,1,1,0.05,300,300,300,300,300,300,300,300,300,300,300,300,300,300,300
ppo,0,133,0,0.267546,0.182568,-0.198971,0.956263,6.91781e+06,823390,20314.7,285.625,8.83513,0.0878936,0.0262392,0.0123301,168.312,0.210326,0.323901,0.203721,1,0.125,0,300,0,285.625,168.312,0.323901,0.203721,1,6.09442e+06,1,1,1,1,0.05,300,300,300,300,300,300,300,300,300,300,300,300,300,300,300
ppo,0,134,3,0.281339,0.0660532,0.301246,1.00076,5.74367e+06,739758,16679.7,270.565,3.45442,0.0674274,0.0139693,0.0162863,89.1693,0.197253,0.288989,0.301247,0,0.125,-1,300,0,270.565,89.1693,0.288989,0.301247,0,5.00391e+06,1,1,1,1,0.05,300,300,300,300,300,300,300,300,300,300,300,300,300,300,300
ppo,0,135,0,0.419097,0.119557,-0.374751,1.06635,5.76988e+06,691926,16926.5,261.811,7.46115,0.0189547,0.0120212,0.0409766,198.218,0.361988,0.435816,0.380579,1,0.125,0,300,0,261.811,198.218,0.435816,0.380579,1,5.07796e+06,1,1,1,1,0.05,300,300,300,300,300,300,300,300,300,300,300,300,300,300,300
ppo,0,136,1,0.524284,0.0252642,-0.0594884,0.945971,6.5327e+06,826882,19019.4,286.008,3.92033,0.143996,0.00587126,0.0196784,228.745,0.741798,0.524892,0.0803618,0,0.125,-1,300,0,286.008,228.745,0.524892,0.0803618,0,5.70581e+06,1,1,1,1,0.05,300,300,300,300,300,300,300,300,300,300,300,300,300,300,300
ppo,0,137,4,0.389664,0.144146,-0.152223,0.989811,6.32305e+06,793598,18431.5,280.252,8.54623,0.0541421,0.0213795,0.0217395,370.253,0.118271,0.415471,0.152563,0,0.125,-1,300,0,280.252,370.253,0.415471,0.152563,0,5.52946e+06,1,1,1,1,0.05,300,300,300,300,300,300,300,300,300,300,300,300,300,300,300
ppo,0,138,5,0.427948,0.161493,-0.180874,1.04292,5.98155e+06,772899,17362.2,276.46,3.57713,0.103872,0.036801,0.0250324,213.144,0.109745,0.457405,0.185896,0,0.125,-1,300,0,276.46,213.144,0.457405,0.185896,0,5.20865e+06,1,1,1,1,0.05,300,300,300,300,300,300,300,300,300,300,300,300,300,300,300
ppo,0,139,3,0.213317,0.115767,-0.49004,1.09406,5.12454e+06,635976,14961.9,250.945,5.71843,0.0644127,0.02934,0.0254813,133.036,0.26807,0.242705,0.498986,0,0.125,-1,300,0,250.945,133.036,0.242705,0.498986,0,4.48856e+06,1,1,1,1,0.05,300,300,300,300,300,300,300,300,300,300,300,300,300,300,300
ppo,0,140,4,0.551431,0.184689,0.463273,1.08564,4.97852e+06,634039,14481.6,250.526,2.16806,0.0240968,0.0188517,0.0418123,151.07,0.157704,0.581538,0.471122,0,0.125,-1,300,0,250.526,151.07,0.581538,0.471122,0,4.34448e+06,1,1,1,1,0.05,300,300,300,300,300,300,300,300,300,300,300,300,300,300,300
ppo,0,141,4,0.390135,0.0293785,-0.445178,0.910315,6.96741e+06,884012,20278,295.765,6.2901,0.073299,0.0138439,0.00752714,268.166,0.458924,0.391239,0.454122,0,0.125,-1,300,0,295.765,268.166,0.391239,0.454122,0,6.0834e+06,1,1,1,1,0.05,300,300,300,300,300,300,300,300,300,300,300,300,300,300,300
ppo,0,142,2,0.555856,0.146848,-0.133017,1.09243,5.36961e+06,682527,15623.6,259.856,5.90809,0.114854,0.0161867,0.022142,271.02,0.234337,0.574927,0.161975,0,0.125,-1,300,0,259.856,271.02,0.574927,0.161975,0,4.68708e+06,1,1,1,1,0.05,300,300,300,300,300,300,300,300,300,300,300,300,300,300,300
ppo,0,143,6,0.278675,0.149938,0.451662,1.06935,5.6033e+06,699599,16345.7,263.121,5.03582,0.112579,0.0140305,0.0203044,132.257,0.190386,0.316451,0.456955,0,0.125,-1,300,0,263.121,132.257,0.316451,0.456955,0,4.9037e+06,1,1,1,1,0.05,300,300,300,300,300,300,300,300,300,300,300,300,300,300,300
ppo,0,144,0,0.475572,0.177201,-0.407409,0.99081,6.96324e+06,844618,20395.4,289.192,9.92483,0.116247,0.0273251,0.0153056,289.607,0.034743,0.507512,0.407512,1,0.125,0,300,0,289.192,289.607,0.507512,0.407512,1,6.11862e+06,1,1,1,1,0.05,300,300,300,300,300,300,300,300,300,300,300,300,300,300,300
ppo,0,145,6,0.566664,0.0721196,-0.416387,0.958551,6.83203e+06,830568,20004.9,286.826,9.19667,0.0736933,0.025283,0.0150489,87.2824,0.216881,0.571235,0.418445,0,0.125,-1,300,0,286.826,87.2824,0.571235,0.418445,0,6.00146e+06,1,1,1,1,0.05,300,300,300,300,300,300,300,300,300,300,300,300,300,300,300
ppo,0,146,0,0.298974,0.166503,0.0602027,1.03703,5.67466e+06,701079,16578.6,263.419,9.15271,0.0356692,0.0170795,0.0356064,205.618,0.233292,0.342212,0.0706792,1,0.125,0,300,0,263.419,205.618,0.342212,0.0706792,1,4.97358e+06,1,1,1,1,0.05,300,300,300,300,300,300,300,300,300,300,300,300,300,300,300
ppo,0,147,4,0.25293,0.0235697,0.44374,1.00884,5.98989e+06,768434,17404.9,275.773,6.37443,0.0530098,0.00892954,0.0243234,130.731,0.376341,0.254026,0.443828,0,0.125,-1,300,0,275.773,130.731,0.254026,0.443828,0,5.22146e+06,1,1,1,1,0.05,300,300,300,300,300,300,300,300,300,300,300,300,300,300,300
ppo,0,148,5,0.219042,0.075115,-0.487367,0.976007,6.78871e+06,846718,19806.6,289.463,5.36303,0.0543528,0.0230643,0.0160273,83.4122,0.100165,0.231564,0.487957,0,0.125,-1,300,0,289.463,83.4122,0.231564,0.487957,0,5.94199e+06,1,1,1,1,0.05,300,300,300,300,300,300,300,300,300,300,300,300,300,300,300
ppo,0,149,7,0.49087,0.187988,-0.432723,0.907305,7.3715e+06,898837,21575.5,298.268,9.21352,0.0669922,0.0154945,0.0389282,211.251,0.215963,0.525636,0.44254,0,0.125,-1,300,0,298.268,211.251,0.525636,0.44254,0,6.47266e+06,1,1,1,1,0.05,300,300,300,300,300,300,300,300,300,300,300,300,300,300,300
ppo,0,150,4,0.23773,0.0205528,0.0989499,1.0157,6.23564e+06,782103,18178.5,278.21,5.62759,0.0721098,0.0165892,0.0276632,281.353,0.382642,0.238617,0.100188,0,0.125,-1,300,0,278.21,281.353,0.238617,0.100188,0,5.45354e+06,1,1,1,1,0.05,300,300,300,300,300,300,300,300,300,300,300,300,300,300,300
ppo,0,151,3,0.267625,0.116291,0.48739,1.09607,5.50474e+06,697806,16023.1,262.835,9.33043,0.127638,0.0182717,0.0355953,391.094,0.124571,0.291799,0.496768,0,0.125,-1,300,0,262.835,391.094,0.291799,0.496768,0,4.80694e+06,1,1,1,1,0.05,300,300,300,300,300,300,300,300,300,300,300,300,300,300,300
ppo,0,152,2,0.267748,0.129448,-0.363067,1.09948,6.17955e+06,759211,18067.8,274.175,11.3851,0.089297,0.0133131,0.0335028,51.8578,0.296499,0.297398,0.376451,0,0.125,-1,300,0,274.175,51.8578,0.297398,0.376451,0,5.42034e+06,1,1,1,1,0.05,300,300,300,300,300,300,300,300,300,300,300,300,300,300,300
ppo,0,153,6,0.472283,0.0514235,-0.0310422,0.93934,6.91992e+06,896958,20076.5,297.883,4.84393,0.0959601,0.0148083,0.0255288,204.797,0.478854,0.475075,0.0681417,0,0.125,-1,300,0,297.883,204.797,0.475075,0.0681417,0,6.02296e+06,1,1,1,1,0.05,300,300,300,300,300,300,300,300,300,300,300,300,300,300,300
ppo,0,154,3,0.46777,0.0119983,0.0146108,0.929361,7.17657e+06,899833,20922.4,298.376,6.59499,0.111212,0.00454462,0.0100532,347.38,0.986101,0.467924,0.0721337,0,0.125,-1,300,0,298.376,347.38,0.467924,0.0721337,0,6.27673e+06,1,1,1,1,0.05,300,300,300,300,300,300,300,300,300,300,300,300,300,300,300
ppo,0,155,3,0.474659,0.0668752,-0.351708,1.09197,5.59029e+06,703279,16290,263.809,6.20724,0.083315,0.0142547,0.0412005,332.287,0.0689995,0.479347,0.363534,0,0.125,-1,300,0,263.809,332.287,0.479347,0.363534,0,4.88701e+06,1,1,1,1,0.05,300,300,300,300,300,300,300,300,300,300,300,300,300,300,300
ppo,0,156,5,0.439006,0.147897,-0.477624,1.00564,6.71499e+06,823863,19637.1,285.608,11.6622,0.0961262,0.0198064,0.00498968,170.58,0.289077,0.46325,0.477658,0,0.125,-1,300,0,285.608,170.58,0.46325,0.477658,0,5.89112e+06,1,1,1,1,0.05,300,300,300,300,300,300,300,300,300,300,300,300,300,300,300
ppo,0,157,6,0.328317,0.183572,0.331077,1.04589,5.42227e+06,688574,15779,261.087,4.18011,0.0765365,0.0162639,0.0253335,235.54,0.278243,0.376152,0.334242,0,0.125,-1,300,0,261.087,235.54,0.376152,0.334242,0,4.7337e+06,1,1,1,1,0.05,300,300,300,300,300,300,300,300,300,300,300,300,300,300,300
ppo,0,158,7,0.397925,0.0863057,0.0679777,1.06345,6.16529e+06,755559,18032.4,273.518,9.3678,0.0556466,0.0152128,0.0316156,150.386,0.268226,0.407177,0.0929889,0,0.125,-1,300,0,273.518,150.386,0.407177,0.0929889,0,5.40973e+06,1,1,1,1,0.05,300,300,300,300,300,300,300,300,300,300,300,300,300,300,300
ppo,0,159,0,0.274494,0.160454,-0.424854,1.04687,5.60491e+06,692456,16374.8,261.833,8.26397,0.0595775,0.0120468,0.0286412,65.7669,0.153762,0.317951,0.427432,1,0.125,0,300,0,261.833,65.7669,0.317951,0.427432,1,4.91245e+06,1,1,1,1,0.05,300,300,300,300,300,300,300,300,300,300,300,300,300,300,300
ppo,0,160,2,0.457623,0.137054,0.359151,1.02534,5.22887e+06,679056,15166.1,259.194,6.87068,0.0235587,0.00572451,0.0252809,187.137,0.21798,0.477706,0.360044,0,0.125,-1,300,0,259.194,187.137,0.477706,0.360044,0,4.54982e+06,1,1,1,1,0.05,300,300,300,300,300,300,300,300,300,300,300,300,300,300,300
ppo,0,161,3,0.247617,0.0170831,0.243411,1.01299,6.43358e+06,819519,18713.5,284.708,7.64164,0.0852544,0.0041723,0.0268693,211.383,0.261202,0.248206,0.243757,0,0.125,-1,300,0,284.708,211.383,0.248206,0.243757,0,5.61406e+06,1,1,1,1,0.05,300,300,300,300,300,300,300,300,300,300,300,300,300,300,300
ppo,0,162,3,0.481259,0.136032,-0.437384,0.953037,7.39012e+06,902186,21626.5,298.907,6.52173,0.145806,0.018146,0.0125295,354.271,0.276747,0.500115,0.439898,0,0.125,-1,300,0,298.907,354.271,0.500115,0.439898,0,6.48794e+06,1,1,1,1,0.05,300,300,300,300,300,300,300,300,300,300,300,300,300,300,300
ppo,0,163,6,0.391819,0.0506855,-0.227726,0.959679,6.21452e+06,791404,18077,279.867,8.25257,0.0667909,0.0138732,0.0345613,281.162,0.210942,0.395084,0.231268,0,0.125,-1,300,0,279.867,281.162,0.395084,0.231268,0,5.42311e+06,1,1,1,1,0.05,300,300,300,300,300,300,300,300,300,300,300,300,300,300,300
ppo,0,164,6,0.555059,0.176269,0.0321871,1.04234,5.57577e+06,702679,16243.6,263.685,9.31676,0.0750212,0.0416355,0.0340034,232.823,0.271625,0.582376,0.0531876,0,0.125,-1,300,0,263.685,232.823,0.582376,0.0531876,0,4.87309e+06,1,1,1,1,0.05,300,300,300,300,300,300,300,300,300,300,300,300,300,300,300
ppo,0,165,2,0.476956,0.132888,0.224128,1.09079,5.14592e+06,667577,14927.8,257.014,8.45171,0.0816795,0.0243394,0.0354037,199.563,0.17558,0.495123,0.241819,0,0.125,-1,300,0,257.014,199.563,0.495123,0.241819,0,4.47835e+06,1,1,1,1,0.05,300,300,300,300,300,300,300,300,300,300,300,300,300,300,300
ppo,0,166,4,0.545898,0.167662,-0.0972729,0.940786,6.7266e+06,864226,19541.2,292.416,6.71379,0.0483063,0.0127643,0.0391731,218.863,0.0678243,0.571065,0.113879,0,0.125,-1,300,0,292.416,218.863,0.571065,0.113879,0,5.86237e+06,1,1,1,1,0.05,300,300,300,300,300,300,300,300,300,300,300,300,300,300,300
ppo,0,167,3,0.332857,0.124713,-0.221157,1.04191,5.81898e+06,740221,16929.2,270.663,7.19211,0.0501978,0.0199429,0.00499525,373.712,0.25946,0.355453,0.225093,0,0.125,-1,300,0,270.663,373.712,0.355453,0.225093,0,5.07876e+06,1,1,1,1,0.05,300,300,300,300,300,300,300,300,300,300,300,300,300,300,300
ppo,0,168,6,0.399709,0.109512,0.408055,1.02651,6.41544e+06,793661,18739.2,280.264,10.4702,0.058638,0.0181649,0.0480815,198.377,0.242752,0.414439,0.408915,0,0.125,-1,300,0,280.264,198.377,0.414439,0.408915,0,5.62178e+06,1,1,1,1,0.05,300,300,300,300,300,300,300,300,300,300,300,300,300,300,300
ppo,0,169,7,0.47415,0.142493,-0.3301,0.930501,7.85787e+06,950348,23025.1,306.788,7.96787,0.0951575,0.0125542,0.0355967,245.612,0.171451,0.495099,0.337337,0,0.125,-1,300,0,306.788,245.612,0.495099,0.337337,0,6.90752e+06,1,1,1,1,0.05,300,300,300,300,300,300,300,300,300,300,300,300,300,300,300
ppo,0,170,4,0.342889,0.0111725,-0.0323786,1.04115,5.88462e+06,732364,17174.2,269.268,7.10042,0.12436,0.0177459,0.0231387,239.393,0.596182,0.343071,0.0523574,0,0.125,-1,300,0,269.268,239.393,0.343071,0.0523574,0,5.15226e+06,1,1,1,1,0.05,300,300,300,300,300,300,300,300,300,300,300,300,300,300,300
ppo,0,171,1,0.498061,0.104874,0.282135,0.903824,7.11475e+06,915318,20664.8,300.926,5.64906,0.0487065,0.0151341,0.0224194,331.462,0.136973,0.508983,0.298077,0,0.125,-1,300,0,300.926,331.462,0.508983,0.298077,0,6.19943e+06,1,1,1,1,0.05,300,300,300,300,300,300,300,300,300,300,300,300,300,300,300
ppo,0,172,6,0.199344,0.154415,0.0828927,0.939536,6.04059e+06,774589,17553.3,276.856,6.12275,0.0882365,0.0203177,0.0227191,70.1814,0.182175,0.252155,0.102602,0,0.125,-1,300,0,276.856,70.1814,0.252155,0.102602,0,5.266e+06,1,1,1,1,0.05,300,300,300,300,300,300,300,300,300,300,300,300,300,300,300
ppo,0,173,0,0.313304,0.107235,0.0522085,0.974509,7.12303e+06,873558,20831.6,294.093,11.0053,0.122844,0.0191157,0.00724518,107.745,0.219776,0.331147,0.0580994,1,0.125,0,300,0,294.093,107.745,0.331147,0.0580994,1,6.24947e+06,1,1,1,1,0.05,300,300,300,300,300,300,300,300,300,300,300,300,300,300,300
ppo,0,174,4,0.422075,0.0449494,0.419293,1.09679,5.44238e+06,678272,15880.4,259.166,8.73914,0.132908,0.0173851,0.035408,341.88,0.58842,0.424462,0.43032,0,0.125,-1,300,0,259.166,341.88,0.424462,0.43032,0,4.76411e+06,1,1,1,1,0.05,300,300,300,300,300,300,300,300,300,300,300,300,300,300,300
ppo,0,175,1,0.375296,0.00847425,-0.104552,0.927229,6.34115e+06,811008,18433.8,283.363,5.56074,0.105763,0.0169972,0.0609808,349.205,0.945162,0.375391,0.127384,0,0.125,-1,300,0,283.363,349.205,0.375391,0.127384,0,5.53014e+06,1,1,1,1,0.05,300,300,300,300,300,300,300,300,300,300,300,300,300,300,300
ppo,0,176,7,0.456261,0.0255399,-0.0558864,1.037,5.42813e+06,702917,15750.7,263.741,3.80024,0.0897407,0.0144721,0.0314857,118.968,0.5112,0.456975,0.0670252,0,0.125,-1,300,0,263.741,118.968,0.456975,0.0670252,0,4.72521e+06,1,1,1,1,0.05,300,300,300,300,300,300,300,300,300,300,300,300,300,300,300
ppo,0,177,3,0.35681,0.192959,-0.447543,1.05992,5.34164e+06,668822,15576.1,257.302,3.9599,0.103778,0.013722,0.0343874,232.535,0.148647,0.405643,0.451536,0,0.125,-1,300,0,257.302,232.535,0.405643,0.451536,0,4.67282e+06,1,1,1,1,0.05,300,300,300,300,300,300,300,300,300,300,300,300,300,300,300
ppo,0,178,2,0.432332,0.139265,-0.201458,0.979951,7.03477e+06,881636,20510.4,295.342,9.72169,0.107479,0.0120386,0.0422652,206.38,0.254296,0.454209,0.202453,0,0.125,-1,300,0,295.342,206.38,0.454209,0.202453,0,6.15313e+06,1,1,1,1,0.05,300,300,300,300,300,300,300,300,300,300,300,300,300,300,300
ppo,0,179,2,0.546058,0.138167,-0.304414,1.08492,5.8935e+06,732004,17205,269.197,6.61353,0.107747,0.0186235,0.0347721,221.082,0.181213,0.563267,0.316037,0,0.125,-1,300,0,269.197,221.082,0.563267,0.316037,0,5.16149e+06,1,1,1,1,0.05,300,300,300,300,300,300,300,300,300,300,300,300,300,300,300
ppo,0,180,5,0.402943,0.104072,-0.239525,1.03102,6.58542e+06,798326,19290.3,281.15,8.5765,0.102355,0.011735,0.0374291,344.812,0.223777,0.416165,0.241525,0,0.125,-1,300,0,281.15,344.812,0.416165,0.241525,0,5.78709e+06,1,1,1,1,0.05,300,300,300,300,300,300,300,300,300,300,300,300,300,300,300
ppo,0,181,4,0.324557,0.156846,0.496078,1.06368,5.56975e+06,689784,16266.5,261.351,10.8126,0.0593008,0.0120274,0.0269239,265.77,0.0727489,0.360469,0.500149,0,0.125,-1,300,0,261.351,265.77,0.360469,0.500149,0,4.87996e+06,1,1,1,1,0.05,300,300,300,300,300,300,300,300,300,300,300,300,300,300,300
ppo,0,182,1,0.41049,0.0981926,0.190545,1.03335,5.58639e+06,697029,16297.9,262.662,8.17094,0.160269,0.0175172,0.0330453,187.47,0.298534,0.422071,0.193442,0,0.125,-1,300,0,262.662,187.47,0.422071,0.193442,0,4.88936e+06,1,1,1,1,0.05,300,300,300,300,300,300,300,300,300,300,300,300,300,300,300
ppo,0,183,0,0.47234,0.0608584,-0.339391,0.927808,6.21249e+06,806321,18020.6,282.41,4.40339,0.13888,0.0227076,0.0253433,179.781,0.216313,0.476244,0.346984,1,0.125,0,300,0,282.41,179.781,0.476244,0.346984,1,5.40617e+06,1,1,1,1,0.05,300,300,300,300,300,300,300,300,300,300,300,300,300,300,300
ppo,0,184,0,0.399959,0.119254,-0.479024,1.06614,6.03622e+06,777132,17530.3,277.254,4.33838,0.100573,0.0127025,0.0321259,258.542,0.212432,0.417359,0.483568,1,0.125,0,300,0,277.254,258.542,0.417359,0.483568,1,5.25909e+06,1,1,1,1,0.05,300,300,300,300,300,300,300,300,300,300,300,300,300,300,300
ppo,0,185,6,0.431881,0.00468786,-0.116189,0.993016,6.13686e+06,780751,17853.7,277.961,6.87045,0.109505,0.0103545,0.0416074,139.923,0.64494,0.431906,0.116399,0,0.125,-1,300,0,277.961,139.923,0.431906,0.116399,0,5.35611e+06,1,1,1,1,0.05,300,300,300,300,300,300,300,300,300,300,300,300,300,300,300
ppo,0,186,6,0.395978,0.00931933,-0.43667,1.04902,5.3306e+06,691223,15464.6,261.487,6.75351,0.0576439,0.0263627,0.0329339,28.2554,0.601499,0.396087,0.439412,0,0.125,-1,300,0,261.487,28.2554,0.396087,0.439412,0,4.63938e+06,1,1,1,1,0.05,300,300,300,300,300,300,300,300,300,300,300,300,300,300,300
ppo,0,187,2,0.374301,0.0721863,0.430648,0.915931,7.34528e+06,912963,21441,300.579,9.00428,0.07676,0.0155911,0.0338238,455.645,0.139355,0.381198,0.438777,0,0.125,-1,300,0,300.579,455.645,0.381198,0.438777,0,6.43231e+06,1,1,1,1,0.05,300,300,300,300,300,300,300,300,300,300,300,300,300,300,300
ppo,0,188,3,0.444106,0.0633949,0.127713,1.02036,6.32936e+06,806741,18408.7,282.514,5.33152,0.0938966,0.0215825,0.0416364,413.392,0.10893,0.448608,0.129325,0,0.125,-1,300,0,282.514,413.392,0.448608,0.129325,0,5.52262e+06,1,1,1,1,0.05,300,300,300,300,300,300,300,300,300,300,300,300,300,300,300
ppo,0,189,2,0.237483,0.18687,-0.0599778,1.03705,6.30407e+06,784800,18397.6,278.719,8.01412,0.0353576,0.0218235,0.0320083,346.269,0.184563,0.30219,0.0704974,0,0.125,-1,300,0,278.719,346.269,0.30219,0.0704974,0,5.51927e+06,1,1,1,1,0.05,300,300,300,300,300,300,300,300,300,300,300,300,300,300,300
ppo,0,190,1,0.501897,0.192414,-0.22021,1.04001,5.85913e+06,725463,17112.2,267.961,8.29508,0.0482987,0.01121,0.0368814,388.185,0.100965,0.537516,0.223815,0,0.125,-1,300,0,267.961,388.185,0.537516,0.223815,0,5.13367e+06,1,1,1,1,0.05,300,300,300,300,300,300,300,300,300,300,300,300,300,300,300
ppo,0,191,0,0.382468,0.148138,-0.43464,1.03866,5.86823e+06,714090,17180.5,265.933,8.2325,0.113991,0.00861447,0.0241555,188.519,0.280468,0.410155,0.436356,1,0.125,0,300,0,265.933,188.519,0.410155,0.436356,1,5.15414e+06,1,1,1,1,0.05,300,300,300,300,300,300,300,300,300,300,300,300,300,300,300
ppo,0,192,0,0.271329,0.16163,0.462692,1.06243,5.04614e+06,659603,14621.8,255.449,7.69201,0.0344533,0.0151642,0.0227563,219.485,0.188309,0.315822,0.466884,1,0.125,0,300,0,255.449,219.485,0.315822,0.466884,1,4.38654e+06,1,1,1,1,0.05,300,300,300,300,300,300,300,300,300,300,300,300,300,300,300
ppo,0,193,5,0.266134,0.00703707,-0.176509,1.03016,6.30749e+06,795759,18372.4,280.616,10.4244,0.0330072,0.014619,0.0254018,439.605,0.882367,0.266227,0.179067,0,0.125,-1,300,0,280.616,439.605,0.266227,0.179067,0,5.51173e+06,1,1,1,1,0.05,300,300,300,300,300,300,300,300,300,300,300,300,300,300,300
ppo,0,194,7,0.458854,0.125824,0.397058,0.970621,6.24262e+06,799001,18145.4,281.185,2.91302,0.0472764,0.0360855,0.0180554,202.643,0.215078,0.475793,0.398143,0,0.125,-1,300,0,281.185,202.643,0.475793,0.398143,0,5.44362e+06,1,1,1,1,0.05,300,300,300,300,300,300,300,300,300,300,300,300,300,300,300
ppo,0,195,6,0.439348,0.128212,-0.00982952,1.08778,6.00965e+06,760412,17497.5,274.278,6.15603,0.0896939,0.0137145,0.0333878,417.27,0.19946,0.457673,0.0883261,0,0.125,-1,300,0,274.278,417.27,0.457673,0.0883261,0,5.24924e+06,1,1,1,1,0.05,300,300,300,300,300,300,300,300,300,300,300,300,300,300,300
ppo,0,196,0,0.458946,0.188885,-0.19503,0.9212,6.45156e+06,823923,18758.8,285.526,8.37294,0.163724,0.0133662,0.00909416,336.534,0.11941,0.496295,0.210347,1,0.125,0,300,0,285.526,336.534,0.496295,0.210347,1,5.62763e+06,1,1,1,1,0.05,300,300,300,300,300,300,300,300,300,300,300,300,300,300,300
ppo,0,197,2,0.366704,0.19453,-0.239064,0.92771,7.13386e+06,859832,20913.4,291.794,10.0894,0.0858908,0.0178692,0.069712,116.413,0.0480908,0.415107,0.249755,0,0.125,-1,300,0,291.794,116.413,0.415107,0.249755,0,6.27402e+06,1,1,1,1,0.05,300,300,300,300,300,300,300,300,300,300,300,300,300,300,300
ppo,0,198,6,0.330939,0.01679,-0.0436857,0.943147,7.20554e+06,922016,20945.1,302.073,10.4345,0.152777,0.0132076,0.011544,266.73,0.341588,0.331365,0.0716987,0,0.125,-1,300,0,302.073,266.73,0.331365,0.0716987,0,6.28353e+06,1,1,1,1,0.05,300,300,300,300,300,300,300,300,300,300,300,300,300,300,300
ppo,0,199,3,0.288421,0.0742722,-0.370942,0.992868,6.24551e+06,776565,18229.8,277.233,7.08486,0.0626772,0.0145438,0.0249462,87.7948,0.230257,0.29783,0.371011,0,0.125,-1,300,0,277.233,87.7948,0.29783,0.371011,0,5.46894e+06,1,1,1,1,0.05,300,300,300,300,300,300,300,300,300,300,300,300,300,300,300
ppo,0,200,4,0.39333,0.0385997,0.149961,1.03973,5.92426e+06,728685,17318.6,268.609,10.0135,0.0226356,0.006773,0.0283963,158.526,0.578022,0.395219,0.155135,0,0.125,-1,300,0,268.609,158.526,0.395219,0.155135,0,5.19558e+06,1,1,1,1,0.05,300,300,300,300,300,300,300,300,300,300,300,300,300,300,300
ppo,0,201,7,0.34508,0.0820432,0.0260674,0.911615,7.31366e+06,918445,21317.4,301.513,2.30061,0.108847,0.0116739,0.0249386,285.745,0.332785,0.354699,0.0921488,0,0.125,-1,300,0,301.513,285.745,0.354699,0.0921488,0,6.39522e+06,1,1,1,1,0.05,300,300,300,300,300,300,300,300,300,300,300,300,300,300,300
ppo,0,202,1,0.282835,0.0132288,-0.0493332,1.00673,5.32553e+06,652957,15575.2,254.112,8.16155,0.148727,0.0129623,0.0217748,218.269,1.44592,0.283144,0.04979,0,0.125,-1,300,0,254.112,218.269,0.283144,0.04979,0,4.67257e+06,1,1,1,1,0.05,300,300,300,300,300,300,300,300,300,300,300,300,300,300,300
ppo,0,203,0,0.262982,0.147575,0.272366,1.05615,5.51955e+06,696446,16077,262.583,9.12668,0.0531069,0.0291183,0.0308511,208.655,0.0710877,0.301559,0.278093,1,0.125,0,300,0,262.583,208.655,0.301559,0.278093,1,4.8231e+06,1,1,1,1,0.05,300,300,300,300,300,300,300,300,300,300,300,300,300,300,300
ppo,0,204,2,0.251264,0.12673,0.367648,1.02011,6.18576e+06,799187,17955.3,281.225,7.06086,0.105629,0.0133304,0.0351709,238.801,0.131307,0.281414,0.368197,0,0.125,-1,300,0,281.225,238.801,0.281414,0.368197,0,5.38658e+06,1,1,1,1,0.05,300,300,300,300,300,300,300,300,300,300,300,300,300,300,300
ppo,0,205,7,0.414293,0.115268,-0.132117,0.974594,6.77484e+06,829440,19818,286.557,8.07505,0.0758477,0.0214287,0.043444,103.938,0.130306,0.430029,0.134538,0,0.125,-1,300,0,286.557,103.938,0.430029,0.134538,0,5.9454e+06,1,1,1,1,0.05,300,300,300,300,300,300,300,300,300,300,300,300,300,300,300
ppo,0,206,5,0.52824,0.0765712,0.331698,0.92456,6.88425e+06,864156,20067,292.491,7.9344,0.0306216,0.0178485,0.0247342,365.43,0.14899,0.533761,0.340168,0,0.125,-1,300,0,292.491,365.43,0.533761,0.340168,0,6.02009e+06,1,1,1,1,0.05,300,300,300,300,300,300,300,300,300,300,300,300,300,300,300
ppo,0,207,1,0.380008,0.0651765,0.204053,1.04782,5.31495e+06,669197,15485.9,257.424,7.07886,0.0930266,0.0167701,0.0626071,192.06,0.324873,0.385557,0.209582,0,0.125,-1,300,0,257.424,192.06,0.385557,0.209582,0,4.64576e+06,1,1,1,1,0.05,300,300,300,300,300,300,300,300,300,300,300,300,300,300,300
ppo,0,208,2,0.249788,0.0586839,0.25172,1.03246,5.06599e+06,650548,14718.1,253.737,5.16872,0.113835,0.0109858,0.0487749,129.711,0.237671,0.256588,0.253803,0,0.125,-1,300,0,253.737,129.711,0.256588,0.253803,0,4.41544e+06,1,1,1,1,0.05,300,300,300,300,300,300,300,300,300,300,300,300,300,300,300
ppo,0,209,3,0.21243,0.0980783,0.13412,1.05215,5.73695e+06,724340,16708.7,267.731,2.52062,0.158534,0.00860607,0.0272934,303.977,0.303872,0.233978,0.143903,0,0.125,-1,300,0,267.731,303.977,0.233978,0.143903,0,5.01261e+06,1,1,1,1,0.05,300,300,300,300,300,300,300,300,300,300,300,300,300,300,300
ppo,0,210,1,0.54445,0.144207,0.181289,1.08703,6.02211e+06,717668,17681.5,266.652,9.69627,0.043799,0.00821945,0.0247698,345.696,0.228333,0.563224,0.201095,0,0.125,-1,300,0,266.652,345.696,0.563224,0.201095,0,5.30444e+06,1,1,1,1,0.05,300,300,300,300,300,300,300,300,300,300,300,300,300,300,300
ppo,0,211,6,0.485506,0.129978,-0.260955,0.995808,6.04655e+06,757269,17630.9,273.793,8.25321,0.0503754,0.00706494,0.0226866,223.191,0.114567,0.502603,0.260989,0,0.125,-1,300,0,273.793,223.191,0.502603,0.260989,0,5.28928e+06,1,1,1,1,0.05,300,300,300,300,300,300,300,300,300,300,300,300,300,300,300
ppo,0,212,4,0.471623,0.195128,0.364158,0.904296,7.39148e+06,934555,21523.1,304.095,9.78243,0.14422,0.00927884,0.0517392,252.385,0.139799,0.510395,0.376524,0,0.125,-1,300,0,304.095,252.385,0.510395,0.376524,0,6.45693e+06,1,1,1,1,0.05,300,300,300,300,300,300,300,300,300,300,300,300,300,300,300
ppo,0,213,2,0.594101,0.0220807,0.437778,1.02954,5.60209e+06,707851,16314.1,264.646,5.97952,0.0941059,0.00866088,0.022975,104.254,0.722353,0.594511,0.438774,0,0.125,-1,300,0,264.646,104.254,0.594511,0.438774,0,4.89424e+06,1,1,1,1,0.05,300,300,300,300,300,300,300,300,300,300,300,300,300,300,300
ppo,0,214,1,0.517049,0.037505,0.379434,0.90455,7.91662e+06,989858,23089.2,313.023,11.4321,0.0980073,0.0155135,0.0211487,258.512,0.600009,0.518407,0.391256,0,0.125,-1,300,0,313.023,258.512,0.518407,0.391256,0,6.92676e+06,1,1,1,1,0.05,300,300,300,300,300,300,300,300,300,300,300,300,300,300,300
ppo,0,215,5,0.292733,0.147024,0.198044,0.966564,6.37472e+06,813804,18536.4,283.796,7.46621,0.0355025,0.0247835,0.0168561,289.029,0.161042,0.327579,0.200847,0,0.125,-1,300,0,283.796,289.029,0.327579,0.200847,0,5.56091e+06,1,1,1,1,0.05,300,300,300,300,300,300,300,300,300,300,300,300,300,300,300
ppo,0,216,6,0.307077,0.140961,-0.170052,0.951822,6.64172e+06,831615,19367,286.922,8.24734,0.0581856,0.00382859,0.0230518,414.952,0.140216,0.337885,0.176745,0,0.125,-1,300,0,286.922,414.952,0.337885,0.176745,0,5.8101e+06,1,1,1,1,0.05,300,300,300,300,300,300,300,300,300,300,300,300,300,300,300
ppo,0,217,4,0.491211,0.175249,-0.169126,0.977942,6.63632e+06,833686,19342.1,287.196,2.21794,0.124899,0.0315712,0.022494,393.541,0.15709,0.521537,0.170558,0,0.125,-1,300,0,287.196,393.541,0.521537,0.170558,0,5.80264e+06,1,1,1,1,0.05,300,300,300,300,300,300,300,300,300,300,300,300,300,300,300
ppo,0,218,7,0.370513,0.0526136,0.228466,0.975062,7.33066e+06,871869,21529.3,293.88,8.10886,0.145791,0.0279068,0.0370638,119.851,0.485134,0.37423,0.229823,0,0.125,-1,300,0,293.88,119.851,0.37423,0.229823,0,6.45879e+06,1,1,1,1,0.05,300,300,300,300,300,300,300,300,300,300,300,300,300,300,300
ppo,0,219,4,0.20455,0.0919931,0.0046041,1.09293,5.64936e+06,699284,16500.2,263.14,9.7881,0.0641996,0.00655063,0.0369969,228.251,0.218276,0.224285,0.0930425,0,0.125,-1,300,0,263.14,228.251,0.224285,0.0930425,0,4.95007e+06,1,1,1,1,0.05,300,300,300,300,300,300,300,300,300,300,300,300,300,300,300
ppo,0,220,3,0.349874,0.181567,-0.0551224,1.09482,4.98241e+06,646781,14452.1,252.974,4.95938,0.106941,0.0167101,0.0368156,182.478,0.166962,0.39418,0.109674,0,0.125,-1,300,0,252.974,182.478,0.39418,0.109674,0,4.33563e+06,1,1,1,1,0.05,300,300,300,300,300,300,300,300,300,300,300,300,300,300,300
ppo,0,221,3,0.435133,0.12463,-0.396711,1.03218,6.17936e+06,752733,18088.7,273.02,3.60918,0.152398,0.0193443,0.0380866,255.256,0.137,0.452629,0.398014,0,0.125,-1,300,0,273.02,255.256,0.452629,0.398014,0,5.42662e+06,1,1,1,1,0.05,300,300,300,300,300,300,300,300,300,300,300,300,300,300,300
ppo,0,222,3,0.36023,0.185861,-0.0169778,1.03292,5.83284e+06,738403,16981.5,270.325,4.3704,0.0901082,0.0224975,0.0250206,178.511,0.087296,0.405352,0.0370434,0,0.125,-1,300,0,270.325,178.511,0.405352,0.0370434,0,5.09444e+06,1,1,1,1,0.05,300,300,300,300,300,300,300,300,300,300,300,300,300,300,300
ppo,0,223,5,0.358293,0.0337697,-0.439343,1.03823,5.71661e+06,735985,16602.1,269.912,3.00882,0.0892843,0.0166099,0.0149223,370.592,0.435033,0.359881,0.441003,0,0.125,-1,300,0,269.912,370.592,0.359881,0.441003,0,4.98063e+06,1,1,1,1,0.05,300,300,300,300,300,300,300,300,300,300,300,300,300,300,300
ppo,0,224,3,0.591023,0.162948,0.0421222,1.0548,5.48935e+06,690896,15994.9,261.532,7.01247,0.0924954,0.0104245,0.0262798,113.784,0.125456,0.613075,0.0691175,0,0.125,-1,300,0,261.532,113.784,0.613075,0.0691175,0,4.79846e+06,1,1,1,1,0.05,300,300,300,300,300,300,300,300,300,300,300,300,300,300,300
ppo,0,225,2,0.489381,0.137919,-0.205132,1.03397,5.24714e+06,668926,15260.7,257.319,7.273,0.15276,0.0158306,0.0162634,404.685,0.0806034,0.508444,0.207926,0,0.125,-1,300,0,257.319,404.685,0.508444,0.207926,0,4.57822e+06,1,1,1,1,0.05,300,300,300,300,300,300,300,300,300,300,300,300,300,300,300
ppo,0,226,4,0.346785,0.130861,-0.0311253,0.961309,6.77779e+06,860721,19723.6,291.84,6.53573,0.0278672,0.0182844,0.0214159,166.944,0.172909,0.370654,0.0496566,0,0.125,-1,300,0,291.84,166.944,0.370654,0.0496566,0,5.91707e+06,1,1,1,1,0.05,300,300,300,300,300,300,300,300,300,300,300,300,300,300,300
ppo,0,227,5,0.175682,0.0286288,-0.0802586,0.940568,6.70778e+06,856591,19504,291.163,4.14287,0.0890973,0.0351202,0.0223947,347.119,0.345146,0.178,0.0998678,0,0.125,-1,300,0,291.163,347.119,0.178,0.0998678,0,5.85119e+06,1,1,1,1,0.05,300,300,300,300,300,300,300,300,300,300,300,300,300,300,300
ppo,0,228,4,0.372139,0.199057,0.00622857,0.964079,6.88522e+06,842547,20142.2,288.806,9.65244,0.0711833,0.0157076,0.0470792,76.1317,0.248683,0.422032,0.0364571,0,0.125,-1,300,0,288.806,76.1317,0.422032,0.0364571,0,6.04267e+06,1,1,1,1,0.05,300,300,300,300,300,300,300,300,300,300,300,300,300,300,300
ppo,0,229,7,0.403615,0.0548317,-0.460014,1.00093,5.94497e+06,765091,17266.3,275.154,4.197,0.128881,0.0176909,0.0311122,164.401,0.427166,0.407323,0.460014,0,0.125,-1,300,0,275.154,164.401,0.407323,0.460014,0,5.17988e+06,1,1,1,1,0.05,300,300,300,300,300,300,300,300,300,300,300,300,300,300,300
ppo,0,230,0,0.181151,0.195115,-0.366314,0.948752,6.4708e+06,848253,18741.8,289.635,6.67921,0.16007,0.0109541,0.0392664,185.148,0.158977,0.266243,0.369882,1,0.125,0,300,0,289.635,185.148,0.266243,0.369882,1,5.62255e+06,1,1,1,1,0.05,300,300,300,300,300,300,300,300,300,300,300,300,300,300,300
ppo,0,231,7,0.530775,0.147854,-0.239435,1.09642,5.67888e+06,707939,16569.8,264.694,2.21489,0.0610275,0.0120976,0.0230641,359.224,0.137812,0.550984,0.258121,0,0.125,-1,300,0,264.694,359.224,0.550984,0.258121,0,4.97094e+06,1,1,1,1,0.05,300,300,300,300,300,300,300,300,300,300,300,300,300,300,300
ppo,0,232,5,0.395404,0.147821,-0.099721,0.984856,6.90671e+06,868889,20126.1,293.238,8.99638,0.0789774,0.00846409,0.0378643,317.052,0.0967225,0.422132,0.100864,0,0.125,-1,300,0,293.238,317.052,0.422132,0.100864,0,6.03782e+06,1,1,1,1,0.05,300,300,300,300,300,300,300,300,300,300,300,300,300,300,300
ppo,0,233,6,0.334208,0.0532892,0.0517539,0.963033,7.95163e+06,953212,23328.1,307.254,8.08272,0.0579421,0.0096083,0.0442989,441.743,0.332271,0.33843,0.0636006,0,0.125,-1,300,0,307.254,441.743,0.33843,0.0636006,0,6.99842e+06,1,1,1,1,0.05,300,300,300,300,300,300,300,300,300,300,300,300,300,300,300
ppo,0,234,7,0.532847,0.0165956,0.15255,0.926007,6.88209e+06,840286,20139.3,288.408,7.89955,0.0739758,0.00597035,0.0355134,189.344,0.644164,0.533105,0.169547,0,0.125,-1,300,0,288.408,189.344,0.533105,0.169547,0,6.0418e+06,1,1,1,1,0.05,300,300,300,300,300,300,300,300,300,300,300,300,300,300,300
ppo,0,235,2,0.335429,0.158757,0.294397,0.927181,6.46315e+06,847466,18719,289.597,6.49132,0.0642439,0.00799403,0.0315694,272.819,0.0991708,0.371102,0.303269,0,0.125,-1,300,0,289.597,272.819,0.371102,0.303269,0,5.61569e+06,1,1,1,1,0.05,300,300,300,300,300,300,300,300,300,300,300,300,300,300,300
ppo,0,236,0,0.330068,0.111171,-0.127836,1.00265,5.25477e+06,682132,15242.1,259.769,6.46083,0.0972405,0.00701273,0.0316542,190.529,0.306132,0.348287,0.127864,1,0.125,0,300,0,259.769,190.529,0.348287,0.127864,1,4.57264e+06,1,1,1,1,0.05,300,300,300,300,300,300,300,300,300,300,300,300,300,300,300
ppo,0,237,1,0.321865,0.0178815,-0.0820857,1.05529,5.69328e+06,702957,16634.4,263.826,6.81293,0.100802,0.0125111,0.0342636,70.2354,0.111387,0.322362,0.0989721,0,0.125,-1,300,0,263.826,70.2354,0.322362,0.0989721,0,4.99032e+06,1,1,1,1,0.05,300,300,300,300,300,300,300,300,300,300,300,300,300,300,300
ppo,0,238,3,0.450822,0.00175622,0.179298,1.07767,4.94195e+06,616605,14417.8,247.057,6.53463,0.0585341,0.00102493,0.036953,200.264,0.485773,0.450825,0.1954,0,0.125,-1,300,0,247.057,200.264,0.450825,0.1954,0,4.32534e+06,1,1,1,1,0.05,300,300,300,300,300,300,300,300,300,300,300,300,300,300,300
ppo,0,239,3,0.389855,0.160543,0.274721,1.07469,5.06392e+06,628388,14785.1,249.411,8.15526,0.0244964,0.00327645,0.0406033,278.212,0.121961,0.421617,0.284692,0,0.125,-1,300,0,249.411,278.212,0.421617,0.284692,0,4.43553e+06,1,1,1,1,0.05,300,300,300,300,300,300,300,300,300,300,300,300,300,300,300
ppo,0,240,4,0.266968,0.0897546,0.466402,0.903516,7.773e+06,997101,22586.3,314.034,8.57992,0.0276167,0.00865292,0.0413263,30.6096,0.147568,0.281652,0.476278,0,0.125,-1,300,0,314.034,30.6096,0.281652,0.476278,0,6.7759e+06,1,1,1,1,0.05,300,300,300,300,300,300,300,300,300,300,300,300,300,300,300
ppo,0,241,0,0.248837,0.0628426,0.0981762,1.0273,6.31062e+06,797733,18376.3,280.938,9.28076,0.0767708,0.0237929,0.0491546,148.867,0.337396,0.256649,0.101901,1,0.125,0,300,0,280.938,148.867,0.256649,0.101901,1,5.51289e+06,1,1,1,1,0.05,300,300,300,300,300,300,300,300,300,300,300,300,300,300,300
ppo,0,242,5,0.304573,0.0848261,-0.164202,1.02574,6.75572e+06,807454,19827.6,282.779,8.46566,0.0984392,0.0104336,0.04451,438.736,0.207895,0.316165,0.166207,0,0.125,-1,300,0,282.779,438.736,0.316165,0.166207,0,5.94827e+06,1,1,1,1,0.05,300,300,300,300,300,300,300,300,300,300,300,300,300,300,300
ppo,0,243,4,0.452787,0.117344,0.014937,1.03906,5.63914e+06,718056,16403.6,266.622,6.36371,0.0900702,0.0208364,0.0341146,407.046,0.172638,0.467745,0.0418157,0,0.125,-1,300,0,266.622,407.046,0.467745,0.0418157,0,4.92108e+06,1,1,1,1,0.05,300,300,300,300,300,300,300,300,300,300,300,300,300,300,300
ppo,0,244,4,0.314879,0.0996038,0.138993,1.06363,5.59058e+06,703865,16289.1,263.916,1.83036,0.147574,0.0211325,0.00806528,459.179,0.195714,0.330257,0.152868,0,0.125,-1,300,0,263.916,459.179,0.330257,0.152868,0,4.88672e+06,1,1,1,1,0.05,300,300,300,300,300,300,300,300,300,300,300,300,300,300,300
ppo,0,245,0,0.263911,0.108766,-0.281517,1.00611,5.69093e+06,708715,16607.4,264.872,8.42962,0.0271914,0.0262679,0.0364583,269.236,0.373312,0.285445,0.281583,1,0.125,0,300,0,264.872,269.236,0.285445,0.281583,1,4.98221e+06,1,1,1,1,0.05,300,300,300,300,300,300,300,300,300,300,300,300,300,300,300
ppo,0,246,6,0.496762,0.0136613,0.373571,0.939121,7.4916e+06,947693,21813,306.321,8.97045,0.0733159,0.0193511,0.0212553,418.067,0.867897,0.49695,0.378499,0,0.125,-1,300,0,306.321,418.067,0.49695,0.378499,0,6.54391e+06,1,1,1,1,0.05,300,300,300,300,300,300,300,300,300,300,300,300,300,300,300
ppo,0,247,4,0.229843,0.0132997,0.194075,1.05208,5.38871e+06,683398,15684.4,260.029,9.29812,0.116949,0.014246,0.0273859,47.9003,0.559939,0.230227,0.200942,0,0.125,-1,300,0,260.029,47.9003,0.230227,0.200942,0,4.70531e+06,1,1,1,1,0.05,300,300,300,300,300,300,300,300,300,300,300,300,300,300,300
ppo,0,248,5,0.35938,0.046694,-0.461951,0.936598,6.88975e+06,862794,20089.8,292.247,9.94739,0.0653703,0.0145958,0.0148705,91.4207,0.410205,0.362401,0.466282,0,0.125,-1,300,0,292.247,91.4207,0.362401,0.466282,0,6.02695e+06,1,1,1,1,0.05,300,300,300,300,300,300,300,300,300,300,300,300,300,300,300
ppo,0,249,3,0.432344,0.0111603,0.365506,0.967456,6.5347e+06,841592,18977,288.544,5.77471,0.110772,0.0154458,0.0212855,121.599,0.521195,0.432488,0.366952,0,0.125,-1,300,0,288.544,121.599,0.432488,0.366952,0,5.69311e+06,1,1,1,1,0.05,300,300,300,300,300,300,300,300,300,300,300,300,300,300,300
ppo,0,250,6,0.519729,0.0134245,-0.456609,1.09444,5.28613e+06,662746,15411.3,256.06,1.50368,0.0836433,0.0217145,0.0333363,103.049,0.376086,0.519903,0.466273,0,0.125,-1,300,0,256.06,103.049,0.519903,0.466273,0,4.62338e+06,1,1,1,1,0.05,300,300,300,300,300,300,300,300,300,300,300,300,300,300,300
ppo,0,251,1,0.445883,0.116138,-0.104717,1.01473,6.04391e+06,736213,17692.3,269.952,11.5481,0.045817,0.0231576,0.0373952,323.409,0.189706,0.46076,0.105748,0,0.125,-1,300,0,269.952,323.409,0.46076,0.105748,0,5.3077e+06,1,1,1,1,0.05,300,300,300,300,300,300,300,300,300,300,300,300,300,300,300
ppo,0,252,5,0.455766,0.128923,0.459528,0.986454,6.0044e+06,753262,17503.8,273.034,5.25814,0.0855835,0.0145735,0.0471969,170.273,0.273812,0.473649,0.459728,0,0.125,-1,300,0,273.034,170.273,0.473649,0.459728,0,5.25114e+06,1,1,1,1,0.05,300,300,300,300,300,300,300,300,300,300,300,300,300,300,300
ppo,0,253,0,0.531159,0.0152635,-0.320426,0.955938,6.55322e+06,845520,19025.7,289.266,9.14501,0.0717806,0.0194093,0.008514,339.559,0.674304,0.531378,0.323442,1,0.125,0,300,0,289.266,339.559,0.531378,0.323442,1,5.7077e+06,1,1,1,1,0.05,300,300,300,300,300,300,300,300,300,300,300,300,300,300,300
ppo,0,254,2,0.395605,0.0678764,0.30129,0.949866,6.66834e+06,846642,19405.6,289.453,10.3866,0.0674405,0.0156818,0.0162229,304.344,0.306485,0.401386,0.305432,0,0.125,-1,300,0,289.453,304.344,0.401386,0.305432,0,5.82169e+06,1,1,1,1,0.05,300,300,300,300,300,300,300,300,300,300,300,300,300,300,300
ppo,0,255,0,0.195428,0.0053344,-0.4513,1.06173,5.92403e+06,733498,17301.8,269.468,8.55205,0.108553,0.0192149,0.032933,88.3089,0.684291,0.195501,0.455502,1,0.125,0,300,0,269.468,88.3089,0.195501,0.455502,1,5.19053e+06,1,1,1,1,0.05,300,300,300,300,300,300,300,300,300,300,300,300,300,300,300
ppo,0,256,2,0.362116,0.0635214,-0.414993,0.936322,5.71235e+06,768947,16478,275.779,3.8965,0.130593,0.0199273,0.0262755,290.018,0.189349,0.367646,0.41985,0,0.125,-1,300,0,275.779,290.018,0.367646,0.41985,0,4.94341e+06,1,1,1,1,0.05,300,300,300,300,300,300,300,300,300,300,300,300,300,300,300
ppo,0,257,1,0.401548,0.106963,-0.0628724,0.959917,6.58481e+06,835678,19163.8,287.552,11.2375,0.0351007,0.0268506,0.0328609,316.939,0.224823,0.415551,0.0745624,0,0.125,-1,300,0,287.552,316.939,0.415551,0.0745624,0,5.74913e+06,1,1,1,1,0.05,300,300,300,300,300,300,300,300,300,300,300,300,300,300,300
ppo,0,258,5,0.479024,0.147195,0.0457387,1.04002,6.732e+06,812199,19732.7,283.629,10.258,0.130685,0.0118181,0.0239738,167.205,0.12503,0.501129,0.0607785,0,0.125,-1,300,0,283.629,167.205,0.501129,0.0607785,0,5.9198e+06,1,1,1,1,0.05,300,300,300,300,300,300,300,300,300,300,300,300,300,300,300
ppo,0,259,0,0.304544,0.0423106,0.242233,1.06864,5.08395e+06,631867,14840.3,250.133,7.55682,0.0751198,0.0228036,0.045384,115.881,0.454038,0.307469,0.251769,1,0.125,0,300,0,250.133,115.881,0.307469,0.251769,1,4.45208e+06,1,1,1,1,0.05,300,300,300,300,300,300,300,300,300,300,300,300,300,300,300
ppo,0,260,6,0.437928,0.196073,0.275792,0.937034,7.59992e+06,955199,22149.1,307.461,9.43822,0.0703276,0.014973,0.00629003,219.791,0.134636,0.479818,0.282889,0,0.125,-1,300,0,307.461,219.791,0.479818,0.282889,0,6.64472e+06,1,1,1,1,0.05,300,300,300,300,300,300,300,300,300,300,300,300,300,300,300
ppo,0,261,3,0.378486,0.0852083,-0.0255313,1.01488,5.80606e+06,741071,16883.3,270.805,6.29185,0.0723569,0.0218356,0.0274934,206.01,0.253027,0.387959,0.0295501,0,0.125,-1,300,0,270.805,206.01,0.387959,0.0295501,0,5.06499e+06,1,1,1,1,0.05,300,300,300,300,300,300,300,300,300,300,300,300,300,300,300
ppo,0,262,2,0.462172,0.173058,0.423891,0.907924,7.36755e+06,920134,21491.4,301.805,9.29849,0.0860328,0.0156579,0.0352997,126.304,0.195099,0.49351,0.433776,0,0.125,-1,300,0,301.805,126.304,0.49351,0.433776,0,6.44741e+06,1,1,1,1,0.05,300,300,300,300,300,300,300,300,300,300,300,300,300,300,300
ppo,0,263,3,0.476636,0.162298,-0.354084,1.0525,6.03088e+06,749137,17605.8,272.323,5.6998,0.100356,0.0134782,0.0261991,62.7458,0.236984,0.50351,0.357955,0,0.125,-1,300,0,272.323,62.7458,0.50351,0.357955,0,5.28175e+06,1,1,1,1,0.05,300,300,300,300,300,300,300,300,300,300,300,300,300,300,300
ppo,0,264,3,0.211521,0.166337,-0.203399,0.951073,7.3554e+06,895352,21533.5,297.747,6.48779,0.0727972,0.0155239,0.0264959,143.255,0.272421,0.26909,0.2092,0,0.125,-1,300,0,297.747,143.255,0.26909,0.2092,0,6.46005e+06,1,1,1,1,0.05,300,300,300,300,300,300,300,300,300,300,300,300,300,300,300
ppo,0,265,6,0.202513,0.0638959,0.416599,0.933243,6.07198e+06,775199,17655.9,276.977,4.48429,0.160036,0.0136072,0.0332196,250.537,0.192789,0.212354,0.421913,0,0.125,-1,300,0,276.977,250.537,0.212354,0.421913,0,5.29678e+06,1,1,1,1,0.05,300,300,300,300,300,300,300,300,300,300,300,300,300,300,300
ppo,0,266,3,0.411799,0.192276,0.216276,1.0921,5.68457e+06,716121,16561.5,266.179,7.81284,0.0575412,0.0159368,0.0387347,247.627,0.349439,0.454476,0.235071,0,0.125,-1,300,0,266.179,247.627,0.454476,0.235071,0,4.96845e+06,1,1,1,1,0.05,300,300,300,300,300,300,300,300,300,300,300,300,300,300,300
ppo,0,267,4,0.399913,0.187732,-0.330349,0.929547,7.58171e+06,932379,22164.4,303.791,10.144,0.045236,0.0108777,0.0452652,310.103,0.114684,0.441785,0.337778,0,0.125,-1,300,0,303.791,310.103,0.441785,0.337778,0,6.64933e+06,1,1,1,1,0.05,300,300,300,300,300,300,300,300,300,300,300,300,300,300,300
ppo,0,268,6,0.550999,0.195421,0.283359,0.918454,7.00073e+06,884466,20387.6,295.877,8.09086,0.0448392,0.0269977,0.0518854,81.711,0.154179,0.584628,0.29486,0,0.125,-1,300,0,295.877,81.711,0.584628,0.29486,0,6.11627e+06,1,1,1,1,0.05,300,300,300,300,300,300,300,300,300,300,300,300,300,300,300
ppo,0,269,5,0.492692,0.159294,-0.133424,1.0333,5.75561e+06,722021,16778.6,267.304,5.58782,0.10828,0.0118058,0.0122545,420.787,0.166968,0.517803,0.137518,0,0.125,-1,300,0,267.304,420.787,0.517803,0.137518,0,5.03359e+06,1,1,1,1,0.05,300,300,300,300,300,300,300,300,300,300,300,300,300,300,300
ppo,0,270,4,0.354387,0.11877,0.45736,0.963042,6.13688e+06,764204,17908.9,275.043,6.246,0.0778001,0.00999937,0.0486463,229.392,0.105269,0.373759,0.458851,0,0.125,-1,300,0,275.043,229.392,0.373759,0.458851,0,5.37268e+06,1,1,1,1,0.05,300,300,300,300,300,300,300,300,300,300,300,300,300,300,300
ppo,0,271,3,0.0534262,0.085277,-0.186108,1.08413,5.47034e+06,678220,15973.7,259.125,4.66907,0.0567885,0.0150078,0.0446789,289.723,0.372407,0.100631,0.204241,0,0.125,-1,300,0,259.125,289.723,0.100631,0.204241,0,4.79212e+06,1,1,1,1,0.05,300,300,300,300,300,300,300,300,300,300,300,300,300,300,300
ppo,0,272,3,0.435916,0.0145644,0.357593,1.01026,6.43047e+06,812457,18726.7,283.541,10.5493,0.0628524,0.0205793,0.0366063,291.035,0.675657,0.436159,0.35774,0,0.125,-1,300,0,283.541,291.035,0.436159,0.35774,0,5.61802e+06,1,1,1,1,0.05,300,300,300,300,300,300,300,300,300,300,300,300,300,300,300
ppo,0,273,7,0.438393,0.0388724,0.262398,1.01123,6.2934e+06,785888,18358.4,278.864,10.0836,0.0568137,0.0210422,0.0286522,135.681,0.406137,0.440113,0.262639,0,0.125,-1,300,0,278.864,135.681,0.440113,0.262639,0,5.50751e+06,1,1,1,1,0.05,300,300,300,300,300,300,300,300,300,300,300,300,300,300,300
ppo,0,274,5,0.500207,0.175546,-0.255935,0.973981,6.19053e+06,786797,18012.4,279.044,8.3719,0.103097,0.0224776,0.0167333,425.333,0.242397,0.530117,0.257254,0,0.125,-1,300,0,279.044,425.333,0.530117,0.257254,0,5.40373e+06,1,1,1,1,0.05,300,300,300,300,300,300,300,300,300,300,300,300,300,300,300
ppo,0,275,0,0.436104,0.125243,0.13076,0.996454,6.71396e+06,854666,19531,290.775,8.98185,0.0874251,0.0200468,0.0339943,212.524,0.1578,0.453731,0.130808,1,0.125,0,300,0,290.775,212.524,0.453731,0.130808,1,5.85929e+06,1,1,1,1,0.05,300,300,300,300,300,300,300,300,300,300,300,300,300,300,300
ppo,0,276,1,0.355877,0.081511,0.283838,1.07678,5.67171e+06,693640,16593.6,262.054,10.0731,0.0254396,0.00983187,0.0264695,140.036,0.280424,0.365092,0.294039,0,0.125,-1,300,0,262.054,140.036,0.365092,0.294039,0,4.97807e+06,1,1,1,1,0.05,300,300,300,300,300,300,300,300,300,300,300,300,300,300,300
ppo,0,277,7,0.349926,0.0967251,-0.182095,1.03274,6.57451e+06,794163,19267.8,280.436,9.14771,0.0589276,0.0136231,0.0604012,124.381,0.269713,0.363048,0.185015,0,0.125,-1,300,0,280.436,124.381,0.363048,0.185015,0,5.78035e+06,1,1,1,1,0.05,300,300,300,300,300,300,300,300,300,300,300,300,300,300,300
ppo,0,278,1,0.53308,0.151457,-0.0105664,1.03216,6.55488e+06,786278,19228.7,279.046,10.0459,0.04153,0.0125758,0.0406512,471.781,0.0952562,0.554178,0.0338509,0,0.125,-1,300,0,279.046,471.781,0.554178,0.0338509,0,5.7686e+06,1,1,1,1,0.05,300,300,300,300,300,300,300,300,300,300,300,300,300,300,300
ppo,0,279,6,0.426132,0.148291,0.235948,1.01288,5.95858e+06,759107,17331.6,274.076,8.26505,0.0257426,0.0140367,0.0380118,336.672,0.209931,0.451197,0.236299,0,0.125,-1,300,0,274.076,336.672,0.451197,0.236299,0,5.19947e+06,1,1,1,1,0.05,300,300,300,300,300,300,300,300,300,300,300,300,300,300,300
ppo,0,280,7,0.299946,0.152675,0.483055,1.01154,5.8678e+06,733154,17115.5,269.414,6.81604,0.133491,0.0088084,0.0277742,293.764,0.0907501,0.336567,0.483193,0,0.125,-1,300,0,269.414,293.764,0.336567,0.483193,0,5.13465e+06,1,1,1,1,0.05,300,300,300,300,300,300,300,300,300,300,300,300,300,300,300
ppo,0,281,1,0.572325,0.0437863,-0.127511,1.08677,5.38898e+06,675548,15711.4,258.609,3.78267,0.0842075,0.00920216,0.0157472,220.789,0.204905,0.573998,0.154236,0,0.125,-1,300,0,258.609,220.789,0.573998,0.154236,0,4.71343e+06,1,1,1,1,0.05,300,300,300,300,300,300,300,300,300,300,300,300,300,300,300
ppo,0,282,7,0.268432,0.0194303,-0.448892,0.987931,6.43255e+06,807361,18750.6,282.647,8.24139,0.0596308,0.0163442,0.0297934,358.361,0.385218,0.269134,0.449054,0,0.125,-1,300,0,282.647,358.361,0.269134,0.449054,0,5.62519e+06,1,1,1,1,0.05,300,300,300,300,300,300,300,300,300,300,300,300,300,300,300
ppo,0,283,5,0.184489,0.164452,0.102561,1.00371,6.04683e+06,759361,17624.9,274.151,7.377,0.0684502,0.0209826,0.0221237,109.966,0.325117,0.247145,0.102628,0,0.125,-1,300,0,274.151,109.966,0.247145,0.102628,0,5.28747e+06,1,1,1,1,0.05,300,300,300,300,300,300,300,300,300,300,300,300,300,300,300
ppo,0,284,1,0.487219,0.038913,0.347239,0.941858,7.22511e+06,934534,20968.6,304.003,6.23835,0.0179202,0.00681772,0.0383588,55.8461,0.218628,0.48877,0.352073,0,0.125,-1,300,0,304.003,55.8461,0.48877,0.352073,0,6.29057e+06,1,1,1,1,0.05,300,300,300,300,300,300,300,300,300,300,300,300,300,300,300
ppo,0,285,2,0.477227,0.138295,0.199091,0.946541,6.96626e+06,868727,20325.1,293.199,11.3367,0.0782103,0.0218413,0.0347593,293.622,0.180088,0.496861,0.206144,0,0.125,-1,300,0,293.199,293.622,0.496861,0.206144,0,6.09753e+06,1,1,1,1,0.05,300,300,300,300,300,300,300,300,300,300,300,300,300,300,300
ppo,0,286,7,0.227774,0.0373785,-0.406291,0.907295,7.26321e+06,917356,21152.8,301.281,9.51045,0.0974283,0.0195058,0.0122661,221.694,0.135044,0.23082,0.416733,0,0.125,-1,300,0,301.281,221.694,0.23082,0.416733,0,6.34586e+06,1,1,1,1,0.05,300,300,300,300,300,300,300,300,300,300,300,300,300,300,300
ppo,0,287,1,0.401076,0.166059,0.425251,0.956758,7.55712e+06,938074,22063.5,304.726,9.19013,0.127047,0.0194744,0.0334853,171.731,0.158427,0.434094,0.427444,0,0.125,-1,300,0,304.726,171.731,0.434094,0.427444,0,6.61905e+06,1,1,1,1,0.05,300,300,300,300,300,300,300,300,300,300,300,300,300,300,300
ppo,0,288,5,0.46492,0.174336,-0.426207,0.95184,7.28029e+06,863716,21388.6,292.5,10.3933,0.0460733,0.0096418,0.0370544,225.235,0.202484,0.496532,0.42892,0,0.125,-1,300,0,292.5,225.235,0.496532,0.42892,0,6.41658e+06,1,1,1,1,0.05,300,300,300,300,300,300,300,300,300,300,300,300,300,300,300
ppo,0,289,6,0.123095,0.160581,0.468955,1.02931,6.10636e+06,720366,17953.3,267.133,8.58907,0.0810984,0.0269336,0.0316677,255.469,0.404315,0.202333,0.469871,0,0.125,-1,300,0,267.133,255.469,0.202333,0.469871,0,5.386e+06,1,1,1,1,0.05,300,300,300,300,300,300,300,300,300,300,300,300,300,300,300
ppo,0,290,1,0.181357,0.120345,-0.238569,0.916802,6.70814e+06,867404,19469.1,292.947,6.40832,0.0977515,0.00731185,0.0283674,252.419,0.21693,0.217654,0.25266,0,0.125,-1,300,0,292.947,252.419,0.217654,0.25266,0,5.84074e+06,1,1,1,1,0.05,300,300,300,300,300,300,300,300,300,300,300,300,300,300,300
ppo,0,291,2,0.455643,0.164817,0.0511178,0.93873,7.47617e+06,924495,21838.9,302.537,10.6414,0.106928,0.0119464,0.0269775,223.104,0.10595,0.484536,0.0797938,0,0.125,-1,300,0,302.537,223.104,0.484536,0.0797938,0,6.55167e+06,1,1,1,1,0.05,300,300,300,300,300,300,300,300,300,300,300,300,300,300,300
ppo,0,292,1,0.147897,0.0721167,-0.0114566,1.0772,6.08123e+06,769585,17705.5,276.024,3.61805,0.0559405,0.0160549,0.0330599,259.181,0.334473,0.164543,0.0780496,0,0.125,-1,300,0,276.024,259.181,0.164543,0.0780496,0,5.31164e+06,1,1,1,1,0.05,300,300,300,300,300,300,300,300,300,300,300,300,300,300,300
ppo,0,293,7,0.343813,0.00211082,0.304754,1.07182,5.96927e+06,744854,17414.7,271.608,5.86392,0.10426,0.0206331,0.0342128,467.837,0.521386,0.343819,0.313102,0,0.125,-1,300,0,271.608,467.837,0.343819,0.313102,0,5.22442e+06,1,1,1,1,0.05,300,300,300,300,300,300,300,300,300,300,300,300,300,300,300
ppo,0,294,1,0.436257,0.196681,0.158521,1.0084,6.29917e+06,787708,18371.6,279.196,10.061,0.0570669,0.0273296,0.0372829,147.405,0.228438,0.478543,0.158743,0,0.125,-1,300,0,279.196,147.405,0.478543,0.158743,0,5.51147e+06,1,1,1,1,0.05,300,300,300,300,300,300,300,300,300,300,300,300,300,300,300
ppo,0,295,6,0.502346,0.0633524,-0.317046,1.0635,5.98896e+06,752848,17453.7,273.004,8.27605,0.0535818,0.0120474,0.0251024,418.279,0.253839,0.506325,0.323344,0,0.125,-1,300,0,273.004,418.279,0.506325,0.323344,0,5.23611e+06,1,1,1,1,0.05,300,300,300,300,300,300,300,300,300,300,300,300,300,300,300
ppo,0,296,3,0.101578,0.101005,0.122489,0.948285,6.67712e+06,827540,19498.6,286.179,10.4361,0.0673673,0.0217965,0.0415133,259.383,0.201776,0.143248,0.132958,0,0.125,-1,300,0,286.179,259.383,0.143248,0.132958,0,5.84958e+06,1,1,1,1,0.05,300,300,300,300,300,300,300,300,300,300,300,300,300,300,300
ppo,0,297,5,0.246398,0.0419824,-0.265265,1.06381,5.72365e+06,726034,16658.7,267.981,7.14386,0.0708345,0.012312,0.0273126,273.314,0.479158,0.249949,0.272833,0,0.125,-1,300,0,267.981,273.314,0.249949,0.272833,0,4.99762e+06,1,1,1,1,0.05,300,300,300,300,300,300,300,300,300,300,300,300,300,300,300
ppo,0,298,2,0.415613,0.128932,-0.25884,0.915773,6.92093e+06,882276,20128.9,295.473,9.01233,0.163208,0.0244509,0.0366973,121.785,0.233785,0.435152,0.272199,0,0.125,-1,300,0,295.473,121.785,0.435152,0.272199,0,6.03866e+06,1,1,1,1,0.05,300,300,300,300,300,300,300,300,300,300,300,300,300,300,300
ppo,0,299,3,0.395114,0.0887869,-0.356972,0.935671,6.73465e+06,842277,19641.3,288.742,8.97503,0.0363345,0.00778915,0.0209402,53.3489,0.220669,0.404967,0.362722,0,0.125,-1,300,0,288.742,53.3489,0.404967,0.362722,0,5.89238e+06,1,1,1,1,0.05,300,300,300,300,300,300,300,300,300,300,300,300,300,300,300
ppo,0,300,7,0.545583,0.0509667,-0.0769143,1.03829,6.34744e+06,776513,18569.8,277.316,11.1934,0.0727612,0.0175269,0.038412,312.054,0.57385,0.547958,0.0859201,0,0.125,-1,300,0,277.316,312.054,0.547958,0.0859201,0,5.57093e+06,1,1,1,1,0.05,300,300,300,300,300,300,300,300,300,300,300,300,300,300,300
ppo,0,301,7,0.326847,0.162787,0.415959,1.00955,5.32769e+06,687061,15468.8,260.705,6.73154,0.040115,0.016605,0.0397166,420.717,0.129294,0.365142,0.416069,0,0.125,-1,300,0,260.705,420.717,0.365142,0.416069,0,4.64063e+06,1,1,1,1,0.05,300,300,300,300,300,300,300,300,300,300,300,300,300,300,300
ppo,0,302,3,0.21052,0.100972,0.0916461,0.961658,6.59358e+06,835556,19193.4,287.499,1.99934,0.0509618,0.0162296,0.0114698,510.283,0.234295,0.233483,0.0993435,0,0.125,-1,300,0,287.499,510.283,0.233483,0.0993435,0,5.75802e+06,1,1,1,1,0.05,300,300,300,300,300,300,300,300,300,300,300,300,300,300,300
ppo,0,303,7,0.182626,0.141414,-0.181697,0.971317,6.73544e+06,849248,19620.6,289.915,6.52899,0.0925724,0.00902724,0.023351,510.871,0.150789,0.230976,0.183947,0,0.125,-1,300,0,289.915,510.871,0.230976,0.183947,0,5.88619e+06,1,1,1,1,0.05,300,300,300,300,300,300,300,300,300,300,300,300,300,300,300
ppo,0,304,2,0.237945,0.0479714,0.411457,0.95497,6.35162e+06,788234,18544.6,279.329,8.15815,0.0755421,0.0117319,0.0414953,60.3897,0.277916,0.242732,0.413914,0,0.125,-1,300,0,279.329,60.3897,0.242732,0.413914,0,5.56338e+06,1,1,1,1,0.05,300,300,300,300,300,300,300,300,300,300,300,300,300,300,300
ppo,0,305,2,0.252399,0.0172296,0.313441,0.906717,6.52804e+06,875638,18841.3,294.266,7.12702,0.155523,0.0163602,0.0297243,181.762,0.256709,0.252986,0.327027,0,0.125,-1,300,0,294.266,181.762,0.252986,0.327027,0,5.6524e+06,1,1,1,1,0.05,300,300,300,300,300,300,300,300,300,300,300,300,300,300,300
ppo,0,306,6,0.467569,0.107255,-0.481354,1.06718,5.6998e+06,697288,16675,262.784,5.92854,0.0996296,0.010465,0.0116498,165.266,0.327389,0.479712,0.486019,0,0.125,-1,300,0,262.784,165.266,0.479712,0.486019,0,5.00251e+06,1,1,1,1,0.05,300,300,300,300,300,300,300,300,300,300,300,300,300,300,300
ppo,0,307,3,0.398972,0.0520685,0.411439,0.927532,6.41942e+06,824867,18648.5,285.635,6.99426,0.0199253,0.0141603,0.0417819,173.071,0.6914,0.402355,0.417772,0,0.125,-1,300,0,285.635,173.071,0.402355,0.417772,0,5.59455e+06,1,1,1,1,0.05,300,300,300,300,300,300,300,300,300,300,300,300,300,300,300
ppo,0,308,0,0.374931,0.183499,-0.297567,1.00433,6.55378e+06,797671,19187,281.017,7.47713,0.0718253,0.0232411,0.0239145,320.395,0.136435,0.417426,0.297599,1,0.125,0,300,0,281.017,320.395,0.417426,0.297599,1,5.75611e+06,1,1,1,1,0.05,300,300,300,300,300,300,300,300,300,300,300,300,300,300,300
ppo,0,309,6,0.259577,0.0483614,0.391565,0.96537,6.32282e+06,805989,18389.4,282.43,4.97439,0.0258863,0.0100115,0.00672132,101.509,0.291172,0.264043,0.393094,0,0.125,-1,300,0,282.43,101.509,0.264043,0.393094,0,5.51683e+06,1,1,1,1,0.05,300,300,300,300,300,300,300,300,300,300,300,300,300,300,300
ppo,0,310,6,0.34319,0.188561,0.392175,0.955526,6.43058e+06,837487,18643.6,287.802,5.80556,0.105831,0.00677333,0.0425926,67.5857,0.234201,0.39158,0.394689,0,0.125,-1,300,0,287.802,67.5857,0.39158,0.394689,0,5.59309e+06,1,1,1,1,0.05,300,300,300,300,300,300,300,300,300,300,300,300,300,300,300
ppo,0,311,2,0.387914,0.115589,-0.290375,1.06352,6.22918e+06,750735,18261.5,272.654,4.75119,0.12729,0.0270496,0.0358602,260.457,0.168471,0.404769,0.297242,0,0.125,-1,300,0,272.654,260.457,0.404769,0.297242,0,5.47844e+06,1,1,1,1,0.05,300,300,300,300,300,300,300,300,300,300,300,300,300,300,300
ppo,0,312,7,0.559899,0.192461,0.444658,0.935214,6.92256e+06,876217,20154.5,294.468,7.4715,0.119058,0.0143654,0.0171738,207.546,0.330092,0.592054,0.449353,0,0.125,-1,300,0,294.468,207.546,0.592054,0.449353,0,6.04634e+06,1,1,1,1,0.05,300,300,300,300,300,300,300,300,300,300,300,300,300,300,300
ppo,0,313,6,0.179252,0.0296194,0.126633,1.00058,5.47505e+06,695154,15933,262.244,6.10397,0.0245673,0.0103724,0.00551584,476.705,0.706496,0.181682,0.126634,0,0.125,-1,300,0,262.244,476.705,0.181682,0.126634,0,4.7799e+06,1,1,1,1,0.05,300,300,300,300,300,300,300,300,300,300,300,300,300,300,300
ppo,0,314,1,0.540821,0.156638,0.228906,1.05045,6.43351e+06,797304,18787.4,280.978,8.6096,0.0449112,0.00934135,0.020923,175.296,0.230052,0.563048,0.234399,0,0.125,-1,300,0,280.978,175.296,0.563048,0.234399,0,5.63621e+06,1,1,1,1,0.05,300,300,300,300,300,300,300,300,300,300,300,300,300,300,300
ppo,0,315,2,0.546518,0.0208903,0.1868,0.999325,5.46055e+06,698911,15872.1,263,6.83502,0.121671,0.014781,0.059112,178.836,0.143631,0.546917,0.186802,0,0.125,-1,300,0,263,178.836,0.546917,0.186802,0,4.76164e+06,1,1,1,1,0.05,300,300,300,300,300,300,300,300,300,300,300,300,300,300,300
ppo,0,316,6,0.379898,0.0990158,0.136911,0.946002,7.35002e+06,904799,21484.1,299.242,9.2569,0.100444,0.00670735,0.0282805,376.437,0.352432,0.392589,0.147175,0,0.125,-1,300,0,299.242,376.437,0.392589,0.147175,0,6.44522e+06,1,1,1,1,0.05,300,300,300,300,300,300,300,300,300,300,300,300,300,300,300
ppo,0,317,0,0.476567,0.0097481,-0.144267,1.06707,6.03557e+06,722639,17709.8,267.501,10.6724,0.0894828,0.0136484,0.0308198,29.0774,0.909853,0.476667,0.159095,1,0.125,0,300,0,267.501,29.0774,0.476667,0.159095,1,5.31293e+06,1,1,1,1,0.05,300,300,300,300,300,300,300,300,300,300,300,300,300,300,300
ppo,0,318,0,0.30634,0.060388,-0.0259303,1.00354,6.1576e+06,786039,17905.2,278.853,6.04207,0.0694992,0.0108742,0.0458255,257.742,0.23523,0.312235,0.0261712,1,0.125,0,300,0,278.853,257.742,0.312235,0.0261712,1,5.37156e+06,1,1,1,1,0.05,300,300,300,300,300,300,300,300,300,300,300,300,300,300,300
ppo,0,319,6,0.279795,0.108873,0.45566,0.939115,6.06785e+06,769540,17661,275.944,7.85194,0.101469,0.0196346,0.024922,370.948,0.131861,0.300231,0.45971,0,0.125,-1,300,0,275.944,370.948,0.300231,0.45971,0,5.29831e+06,1,1,1,1,0.05,300,300,300,300,300,300,300,300,300,300,300,300,300,300,300
ppo,0,320,6,0.345015,0.0714431,-0.328829,0.932712,7.10492e+06,885656,20730.9,296.032,8.73964,0.0843741,0.00711299,0.0345348,216.417,0.345299,0.352334,0.335643,0,0.125,-1,300,0,296.032,216.417,0.352334,0.335643,0,6.21927e+06,1,1,1,1,0.05,300,300,300,300,300,300,300,300,300,300,300,300,300,300,300
ppo,0,321,6,0.406561,0.0892274,0.165769,1.0385,5.49878e+06,679431,16064.5,259.383,5.02188,0.0783517,0.0130452,0.0362335,225.432,0.279297,0.416237,0.170181,0,0.125,-1,300,0,259.383,225.432,0.416237,0.170181,0,4.81935e+06,1,1,1,1,0.05,300,300,300,300,300,300,300,300,300,300,300,300,300,300,300
ppo,0,322,1,0.523313,0.159051,-0.204874,1.00311,6.08764e+06,759410,17760.8,274.151,5.32879,0.0697775,0.0101218,0.0173597,403.621,0.228063,0.54695,0.204897,0,0.125,-1,300,0,274.151,403.621,0.54695,0.204897,0,5.32823e+06,1,1,1,1,0.05,300,300,300,300,300,300,300,300,300,300,300,300,300,300,300
ppo,0,323,1,0.465792,0.151202,-0.385597,1.01357,5.87832e+06,752173,17087.2,272.814,5.7115,0.153435,0.0229504,0.0623852,192.491,0.118641,0.489719,0.385836,0,0.125,-1,300,0,272.814,192.491,0.489719,0.385836,0,5.12615e+06,1,1,1,1,0.05,300,300,300,300,300,300,300,300,300,300,300,300,300,300,300
ppo,0,324,2,0.528964,0.137695,0.214005,0.956281,6.69748e+06,836726,19535.8,287.785,6.79035,0.0963379,0.0144029,0.0158421,208.128,0.135748,0.546592,0.218425,0,0.125,-1,300,0,287.785,208.128,0.546592,0.218425,0,5.86076e+06,1,1,1,1,0.05,300,300,300,300,300,300,300,300,300,300,300,300,300,300,300
ppo,0,325,2,0.417285,0.0148537,0.184198,1.09749,5.85516e+06,736124,17063.5,269.893,7.71094,0.0295669,0.0171193,0.0142274,188.375,0.808181,0.417549,0.208408,0,0.125,-1,300,0,269.893,188.375,0.417549,0.208408,0,5.11904e+06,1,1,1,1,0.05,300,300,300,300,300,300,300,300,300,300,300,300,300,300,300
ppo,0,326,5,0.470452,0.0572531,-0.406424,0.986988,6.44005e+06,804722,18784.4,282.205,6.10678,0.0670693,0.0297988,0.0360712,194.077,0.158885,0.473923,0.406632,0,0.125,-1,300,0,282.205,194.077,0.473923,0.406632,0,5.63533e+06,1,1,1,1,0.05,300,300,300,300,300,300,300,300,300,300,300,300,300,300,300
ppo,0,327,7,0.397174,0.166856,0.00229061,0.953952,6.27841e+06,811601,18222.7,283.32,5.01651,0.0603794,0.0124689,0.0445385,314.653,0.0615381,0.430799,0.0461046,0,0.125,-1,300,0,283.32,314.653,0.430799,0.0461046,0,5.46681e+06,1,1,1,1,0.05,300,300,300,300,300,300,300,300,300,300,300,300,300,300,300
ppo,0,328,3,0.0878533,0.175238,0.45217,1.06525,4.99996e+06,656834,14477.1,254.942,7.90739,0.106832,0.0136231,0.0322359,150.481,0.108049,0.196027,0.456854,0,0.125,-1,300,0,254.942,150.481,0.196027,0.456854,0,4.34312e+06,1,1,1,1,0.05,300,300,300,300,300,300,300,300,300,300,300,300,300,300,300
ppo,0,329,4,0.32522,0.149409,0.106123,0.936815,6.97698e+06,872112,20349.6,293.799,9.10973,0.195356,0.0192892,0.036998,242.605,0.182276,0.357898,0.123509,0,0.125,-1,300,0,293.799,242.605,0.357898,0.123509,0,6.10487e+06,1,1,1,1,0.05,300,300,300,300,300,300,300,300,300,300,300,300,300,300,300
ppo,0,330,5,0.408386,0.16493,-0.272894,0.941168,7.10157e+06,888687,20709.6,296.567,7.8473,0.0814052,0.0166315,0.00960644,248.956,0.286945,0.440433,0.279163,0,0.125,-1,300,0,296.567,248.956,0.440433,0.279163,0,6.21288e+06,1,1,1,1,0.05,300,300,300,300,300,300,300,300,300,300,300,300,300,300,300
ppo,0,331,1,0.41659,0.0486585,-0.452635,0.94547,7.34524e+06,901430,21479.4,298.738,9.88479,0.0621411,0.00494477,0.0310611,453.28,0.114665,0.419422,0.455908,0,0.125,-1,300,0,298.738,453.28,0.419422,0.455908,0,6.44381e+06,1,1,1,1,0.05,300,300,300,300,300,300,300,300,300,300,300,300,300,300,300
ppo,0,332,5,0.435915,0.177869,0.0302012,1.03725,6.21898e+06,746965,18240.1,272.03,8.7291,0.0666281,0.0217373,0.0425019,312.727,0.28018,0.470808,0.0479538,0,0.125,-1,300,0,272.03,312.727,0.470808,0.0479538,0,5.47202e+06,1,1,1,1,0.05,300,300,300,300,300,300,300,300,300,300,300,300,300,300,300
ppo,0,333,2,0.334935,0.119872,0.0673442,0.943026,6.0636e+06,777975,17618.8,277.483,4.04016,0.0433841,0.0228563,0.0266282,216.456,0.172081,0.35574,0.0882116,0,0.125,-1,300,0,277.483,216.456,0.35574,0.0882116,0,5.28563e+06,1,1,1,1,0.05,300,300,300,300,300,300,300,300,300,300,300,300,300,300,300
ppo,0,334,7,0.122317,0.0985006,0.299119,0.977415,6.60058e+06,797187,19344.7,280.955,10.5872,0.0809841,0.0163213,0.0148364,332.642,0.189822,0.157047,0.29997,0,0.125,-1,300,0,280.955,332.642,0.157047,0.29997,0,5.8034e+06,1,1,1,1,0.05,300,300,300,300,300,300,300,300,300,300,300,300,300,300,300
ppo,0,335,5,0.347953,0.0910938,-0.0972562,0.982774,7.29144e+06,878170,21377.6,294.839,8.47707,0.0492181,0.0152733,0.0502,256.161,0.0804782,0.359679,0.09877,0,0.125,-1,300,0,294.839,256.161,0.359679,0.09877,0,6.41327e+06,1,1,1,1,0.05,300,300,300,300,300,300,300,300,300,300,300,300,300,300,300
ppo,0,336,7,0.417058,0.0389487,-0.362801,0.979404,5.55969e+06,693261,16221.4,261.978,6.20176,0.0662456,0.0147497,0.034762,88.0585,0.381875,0.418872,0.363385,0,0.125,-1,300,0,261.978,88.0585,0.418872,0.363385,0,4.86643e+06,1,1,1,1,0.05,300,300,300,300,300,300,300,300,300,300,300,300,300,300,300
ppo,0,337,2,0.287771,0.153303,-0.477498,0.963653,6.8748e+06,869050,20019.2,293.261,5.11931,0.130975,0.0181378,0.0345237,199.883,0.144062,0.326059,0.47888,0,0.125,-1,300,0,293.261,199.883,0.326059,0.47888,0,6.00575e+06,1,1,1,1,0.05,300,300,300,300,300,300,300,300,300,300,300,300,300,300,300
ppo,0,338,6,0.366033,0.0777399,-0.407425,1.04473,5.75987e+06,705648,16847.4,264.38,7.72271,0.130896,0.013633,0.0310425,177.009,0.351423,0.374198,0.409872,0,0.125,-1,300,0,264.38,177.009,0.374198,0.409872,0,5.05422e+06,1,1,1,1,0.05,300,300,300,300,300,300,300,300,300,300,300,300,300,300,300
ppo,0,339,2,0.43166,0.190676,0.300864,1.08394,5.56304e+06,680274,16275.9,259.541,8.22129,0.0469412,0.00844652,0.0473081,328.521,0.318047,0.471898,0.312353,0,0.125,-1,300,0,259.541,328.521,0.471898,0.312353,0,4.88276e+06,1,1,1,1,0.05,300,300,300,300,300,300,300,300,300,300,300,300,300,300,300
ppo,0,340,0,0.235435,0.181938,-0.0720006,1.06296,5.3528e+06,685816,15556.6,260.531,5.89987,0.0815646,0.0193283,0.0367913,200.409,0.106211,0.297541,0.0956443,1,0.125,0,300,0,260.531,200.409,0.297541,0.0956443,1,4.66698e+06,1,1,1,1,0.05,300,300,300,300,300,300,300,300,300,300,300,300,300,300,300
ppo,0,341,1,0.346044,0.085523,-0.0117341,1.01089,5.84095e+06,718084,17076.2,266.626,4.16153,0.0830183,0.0103707,0.0250141,233.478,0.250832,0.356456,0.0160099,0,0.125,-1,300,0,266.626,233.478,0.356456,0.0160099,0,5.12286e+06,1,1,1,1,0.05,300,300,300,300,300,300,300,300,300,300,300,300,300,300,300
ppo,0,342,7,0.295602,0.141024,-0.22315,0.914352,6.93734e+06,893028,20147.7,297.272,5.33791,0.114999,0.0135976,0.0342621,189.476,0.189238,0.327518,0.239022,0,0.125,-1,300,0,297.272,189.476,0.327518,0.239022,0,6.04431e+06,1,1,1,1,0.05,300,300,300,300,300,300,300,300,300,300,300,300,300,300,300
ppo,0,343,4,0.27064,0.169972,0.0572248,0.926536,6.69919e+06,869132,19433.5,293.174,4.58276,0.174396,0.0185495,0.0227822,253.386,0.271212,0.319588,0.0931217,0,0.125,-1,300,0,293.174,253.386,0.319588,0.0931217,0,5.83006e+06,1,1,1,1,0.05,300,300,300,300,300,300,300,300,300,300,300,300,300,300,300
ppo,0,344,7,0.550105,0.0538472,0.465589,1.04671,5.9806e+06,755918,17415.6,273.443,2.4987,0.0205949,0.00884444,0.0412999,132.329,0.151989,0.552734,0.467927,0,0.125,-1,300,0,273.443,132.329,0.552734,0.467927,0,5.22468e+06,1,1,1,1,0.05,300,300,300,300,300,300,300,300,300,300,300,300,300,300,300
ppo,0,345,0,0.404454,0.048566,0.257587,0.986202,5.90863e+06,756588,17173.5,273.605,3.70526,0.0609854,0.0209144,0.0298591,96.2162,0.424679,0.40736,0.257956,1,0.125,0,300,0,273.605,96.2162,0.40736,0.257956,1,5.15204e+06,1,1,1,1,0.05,300,300,300,300,300,300,300,300,300,300,300,300,300,300,300
ppo,0,346,5,0.506885,0.0104643,-0.0350229,1.07304,5.74251e+06,691493,16836.7,261.723,7.75428,0.15962,0.0277376,0.0175853,157.386,0.557795,0.506993,0.0809985,0,0.125,-1,300,0,261.723,157.386,0.506993,0.0809985,0,5.05101e+06,1,1,1,1,0.05,300,300,300,300,300,300,300,300,300,300,300,300,300,300,300
ppo,0,347,7,0.35006,0.0843223,0.120123,0.918154,7.01126e+06,913568,20325.7,300.563,7.66067,0.0330335,0.0279496,0.0174935,262.839,0.115378,0.360073,0.145356,0,0.125,-1,300,0,300.563,262.839,0.360073,0.145356,0,6.0977e+06,1,1,1,1,0.05,300,300,300,300,300,300,300,300,300,300,300,300,300,300,300
ppo,0,348,2,0.547418,0.13012,0.00534737,1.00731,5.91444e+06,736450,17260,270.007,7.24686,0.0607784,0.00832603,0.0207608,169.986,0.133921,0.56267,0.00905709,0,0.125,-1,300,0,270.007,169.986,0.56267,0.00905709,0,5.17799e+06,1,1,1,1,0.05,300,300,300,300,300,300,300,300,300,300,300,300,300,300,300
ppo,0,349,0,0.110047,0.0355436,0.0558864,0.977223,6.60303e+06,821488,19271.8,285.152,3.06843,0.0333295,0.0274209,0.0510624,158.052,0.343458,0.115644,0.0603496,1,0.125,0,300,0,285.152,158.052,0.115644,0.0603496,1,5.78154e+06,1,1,1,1,0.05,300,300,300,300,300,300,300,300,300,300,300,300,300,300,300
ppo,0,350,5,0.338617,0.0653882,-0.406621,1.05642,5.71524e+06,705848,16698,264.354,8.31581,0.0973594,0.0118146,0.0371622,256.153,0.24379,0.344872,0.410517,0,0.125,-1,300,0,264.354,256.153,0.344872,0.410517,0,5.00939e+06,1,1,1,1,0.05,300,300,300,300,300,300,300,300,300,300,300,300,300,300,300
ppo,0,351,5,0.129226,0.199756,0.201507,0.923349,7.63476e+06,954359,22268,307.352,11.1961,0.081433,0.00960876,0.0361672,478.627,0.075344,0.237911,0.215593,0,0.125,-1,300,0,307.352,478.627,0.237911,0.215593,0,6.68041e+06,1,1,1,1,0.05,300,300,300,300,300,300,300,300,300,300,300,300,300,300,300
ppo,0,352,1,0.1832,0.102368,-0.0627959,1.0269,5.6616e+06,727861,16445.8,268.368,4.58301,0.0924107,0.016738,0.0430396,235.513,0.321386,0.20986,0.0683146,0,0.125,-1,300,0,268.368,235.513,0.20986,0.0683146,0,4.93374e+06,1,1,1,1,0.05,300,300,300,300,300,300,300,300,300,300,300,300,300,300,300
ppo,0,353,4,0.371348,0.164725,0.0792269,0.901413,6.58966e+06,848110,19138.5,289.679,2.20868,0.0489762,0.00713573,0.0383091,214.199,0.24021,0.406243,0.126477,0,0.125,-1,300,0,289.679,214.199,0.406243,0.126477,0,5.74155e+06,1,1,1,1,0.05,300,300,300,300,300,300,300,300,300,300,300,300,300,300,300
ppo,0,354,5,0.318418,0.192747,-0.223969,0.963992,7.05942e+06,890264,20563.9,296.816,10.0374,0.0567438,0.00931632,0.0231731,195.943,0.120395,0.372212,0.226845,0,0.125,-1,300,0,296.816,195.943,0.372212,0.226845,0,6.16916e+06,1,1,1,1,0.05,300,300,300,300,300,300,300,300,300,300,300,300,300,300,300
ppo,0,355,6,0.287476,0.143926,-0.188831,1.0234,6.2602e+06,791807,18228,279.921,4.48956,0.0956347,0.0150312,0.00943565,244.598,0.15544,0.321492,0.190275,0,0.125,-1,300,0,279.921,244.598,0.321492,0.190275,0,5.46839e+06,1,1,1,1,0.05,300,300,300,300,300,300,300,300,300,300,300,300,300,300,300
ppo,0,356,1,0.505179,0.102224,-0.389365,1.07732,5.83775e+06,714988,17075.9,266.001,9.59091,0.0948121,0.0200046,0.0283586,401.435,0.265754,0.515418,0.396967,0,0.125,-1,300,0,266.001,401.435,0.515418,0.396967,0,5.12276e+06,1,1,1,1,0.05,300,300,300,300,300,300,300,300,300,300,300,300,300,300,300
ppo,0,357,4,0.571781,0.140425,0.0417511,1.02408,5.90127e+06,739211,17206.9,270.493,2.89858,0.0756964,0.0128969,0.0304984,405.121,0.227787,0.588772,0.0481953,0,0.125,-1,300,0,270.493,405.121,0.588772,0.0481953,0,5.16206e+06,1,1,1,1,0.05,300,300,300,300,300,300,300,300,300,300,300,300,300,300,300
ppo,0,358,2,0.303081,0.0220071,0.279581,1.06682,6.11372e+06,772127,17805.3,276.455,8.16412,0.0409193,0.0276273,0.049113,272.017,0.329696,0.303879,0.287455,0,0.125,-1,300,0,276.455,272.017,0.303879,0.287455,0,5.34159e+06,1,1,1,1,0.05,300,300,300,300,300,300,300,300,300,300,300,300,300,300,300
ppo,0,359,1,0.416518,0.0427807,0.182969,1.01204,6.07e+06,754242,17719.2,273.238,8.50025,0.0564505,0.0089365,0.0386204,116.893,0.341934,0.418709,0.183365,0,0.125,-1,300,0,273.238,116.893,0.418709,0.183365,0,5.31576e+06,1,1,1,1,0.05,300,300,300,300,300,300,300,300,300,300,300,300,300,300,300
ppo,0,360,6,0.244755,0.0767382,-0.204495,1.08207,5.79362e+06,698029,16985.3,262.93,6.58977,0.0325594,0.0128147,0.0408447,425.885,0.236169,0.256503,0.22035,0,0.125,-1,300,0,262.93,425.885,0.256503,0.22035,0,5.09559e+06,1,1,1,1,0.05,300,300,300,300,300,300,300,300,300,300,300,300,300,300,300
ppo,0,361,0,0.401134,0.191335,-0.0548563,1.02419,6.27319e+06,783231,18299.9,278.465,7.17535,0.0219445,0.0152982,0.0217047,308.027,0.157256,0.44443,0.0599527,1,0.125,0,300,0,278.465,308.027,0.44443,0.0599527,1,5.48996e+06,1,1,1,1,0.05,300,300,300,300,300,300,300,300,300,300,300,300,300,300,300
ppo,0,362,0,0.54002,0.121682,0.448494,1.09173,5.56999e+06,680107,16299.6,259.527,7.70151,0.0919603,0.0069315,0.00817667,227.746,0.126804,0.55356,0.457779,1,0.125,0,300,0,259.527,227.746,0.55356,0.457779,1,4.88988e+06,1,1,1,1,0.05,300,300,300,300,300,300,300,300,300,300,300,300,300,300,300
ppo,0,363,6,0.394586,0.059517,-0.412949,1.01429,6.59428e+06,802883,19304.7,281.968,6.85759,0.0673607,0.0180175,0.0148269,75.9248,0.0858552,0.39905,0.413196,0,0.125,-1,300,0,281.968,75.9248,0.39905,0.413196,0,5.7914e+06,1,1,1,1,0.05,300,300,300,300,300,300,300,300,300,300,300,300,300,300,300
ppo,0,364,2,0.306726,0.0973354,-0.405558,1.04145,5.89455e+06,740472,17180.3,270.78,8.80415,0.102532,0.0133288,0.0443806,291.741,0.363949,0.321799,0.40767,0,0.125,-1,300,0,270.78,291.741,0.321799,0.40767,0,5.15408e+06,1,1,1,1,0.05,300,300,300,300,300,300,300,300,300,300,300,300,300,300,300
ppo,0,365,0,0.502168,0.0784154,-0.076708,1.01259,6.20938e+06,805417,18013.2,282.261,6.2729,0.0637868,0.0202925,0.0134441,252.382,0.251258,0.508253,0.0777348,1,0.125,0,300,0,282.261,252.382,0.508253,0.0777348,1,5.40396e+06,1,1,1,1,0.05,300,300,300,300,300,300,300,300,300,300,300,300,300,300,300
ppo,0,366,2,0.505398,0.083742,0.48886,0.972227,5.80727e+06,733516,16912.5,269.425,8.18102,0.0348031,0.0193418,0.0218602,257.3,0.43826,0.512289,0.489648,0,0.125,-1,300,0,269.425,257.3,0.512289,0.489648,0,5.07375e+06,1,1,1,1,0.05,300,300,300,300,300,300,300,300,300,300,300,300,300,300,300
ppo,0,367,1,0.221341,0.108071,0.372375,1.03482,5.41032e+06,705020,15684.3,264.063,7.36658,0.0817632,0.00719348,0.0361728,263.936,0.228538,0.246315,0.373999,0,0.125,-1,300,0,264.063,263.936,0.246315,0.373999,0,4.7053e+06,1,1,1,1,0.05,300,300,300,300,300,300,300,300,300,300,300,300,300,300,300
ppo,0,368,7,0.519395,0.111006,0.310006,0.988853,5.94012e+06,756285,17279.5,273.526,4.01703,0.111229,0.02422,0.0162828,133.187,0.331467,0.531125,0.310206,0,0.125,-1,300,0,273.526,133.187,0.531125,0.310206,0,5.18384e+06,1,1,1,1,0.05,300,300,300,300,300,300,300,300,300,300,300,300,300,300,300
ppo,0,369,0,0.523759,0.12669,-0.35781,1.04453,6.06698e+06,740960,17753.4,270.878,6.61258,0.107197,0.0295708,0.0156958,229.643,0.360932,0.538864,0.36057,1,0.125,0,300,0,270.878,229.643,0.538864,0.36057,1,5.32602e+06,1,1,1,1,0.05,300,300,300,300,300,300,300,300,300,300,300,300,300,300,300
ppo,0,370,5,0.421928,0.173748,0.0534937,1.08513,5.37157e+06,659690,15706.3,255.605,6.58061,0.0579894,0.0287911,0.0345063,245.897,0.0812936,0.456302,0.100544,0,0.125,-1,300,0,255.605,245.897,0.456302,0.100544,0,4.71188e+06,1,1,1,1,0.05,300,300,300,300,300,300,300,300,300,300,300,300,300,300,300
ppo,0,371,0,0.424698,0.0301945,-0.101151,0.979339,6.58167e+06,818620,19210.2,284.648,10.0168,0.0345646,0.0230289,0.0189828,310.667,0.261158,0.42577,0.10324,1,0.125,0,300,0,284.648,310.667,0.42577,0.10324,1,5.76305e+06,1,1,1,1,0.05,300,300,300,300,300,300,300,300,300,300,300,300,300,300,300
ppo,0,372,7,0.414886,0.0438999,0.342851,1.00871,5.79515e+06,709346,16952.7,265.02,6.81863,0.0676719,0.013248,0.0372736,197.542,0.515522,0.417202,0.342961,0,0.125,-1,300,0,265.02,197.542,0.417202,0.342961,0,5.08581e+06,1,1,1,1,0.05,300,300,300,300,300,300,300,300,300,300,300,300,300,300,300
ppo,0,373,0,0.566468,0.067077,-0.181517,1.06639,6.5188e+06,804568,19047.4,282.199,2.70797,0.0963876,0.00567487,0.0211192,125.638,0.369523,0.570425,0.193276,1,0.125,0,300,0,282.199,125.638,0.570425,0.193276,1,5.71423e+06,1,1,1,1,0.05,300,300,300,300,300,300,300,300,300,300,300,300,300,300,300
ppo,0,374,5,0.495562,0.186593,-0.230633,0.906701,7.84438e+06,983585,22869.3,312.011,4.04137,0.0814933,0.00675363,0.0493927,226.65,0.25074,0.529527,0.24879,0,0.125,-1,300,0,312.011,226.65,0.529527,0.24879,0,6.8608e+06,1,1,1,1,0.05,300,300,300,300,300,300,300,300,300,300,300,300,300,300,300
ppo,0,375,1,0.531094,0.118337,-0.0713642,1.06725,5.85229e+06,719635,17108.8,266.882,6.77789,0.188574,0.0163357,0.0430897,198.382,0.295803,0.544118,0.098061,0,0.125,-1,300,0,266.882,198.382,0.544118,0.098061,0,5.13265e+06,1,1,1,1,0.05,300,300,300,300,300,300,300,300,300,300,300,300,300,300,300
ppo,0,376,7,0.294541,0.0568933,-0.170065,0.939677,6.50072e+06,830497,18900.7,286.713,7.63665,0.0103469,0.0285093,0.0430752,347.539,0.35187,0.299985,0.180446,0,0.125,-1,300,0,286.713,347.539,0.299985,0.180446,0,5.67022e+06,1,1,1,1,0.05,300,300,300,300,300,300,300,300,300,300,300,300,300,300,300
ppo,0,377,0,0.583715,0.0989951,-0.166943,0.985131,6.29686e+06,799183,18325.6,281.217,5.76917,0.0530794,0.0170668,0.0437538,402.501,0.30445,0.59205,0.167604,1,0.125,0,300,0,281.217,402.501,0.59205,0.167604,1,5.49768e+06,1,1,1,1,0.05,300,300,300,300,300,300,300,300,300,300,300,300,300,300,300
ppo,0,378,1,0.354138,0.036537,0.301697,1.0723,5.17018e+06,651425,15062.5,253.926,9.9499,0.0563583,0.0222769,0.0280157,102.474,0.457951,0.356018,0.310239,0,0.125,-1,300,0,253.926,102.474,0.356018,0.310239,0,4.51876e+06,1,1,1,1,0.05,300,300,300,300,300,300,300,300,300,300,300,300,300,300,300
ppo,0,379,4,0.511535,0.118601,-0.302561,0.900403,6.88617e+06,886952,19997.4,296.219,7.82733,0.07051,0.00943633,0.026813,127.391,0.179997,0.525104,0.318532,0,0.125,-1,300,0,296.219,127.391,0.525104,0.318532,0,5.99922e+06,1,1,1,1,0.05,300,300,300,300,300,300,300,300,300,300,300,300,300,300,300
ppo,0,380,5,0.278754,0.126127,-0.201996,1.00249,6.62512e+06,798793,19421.1,281.281,6.99912,0.108381,0.0141346,0.0319986,86.3412,0.190224,0.30596,0.202012,0,0.125,-1,300,0,281.281,86.3412,0.30596,0.202012,0,5.82633e+06,1,1,1,1,0.05,300,300,300,300,300,300,300,300,300,300,300,300,300,300,300
ppo,0,381,6,0.529637,0.0741619,0.272854,0.918284,7.49715e+06,956583,21801.9,307.664,3.58335,0.0682408,0.0116925,0.0478459,178.403,0.454789,0.534805,0.284827,0,0.125,-1,300,0,307.664,178.403,0.534805,0.284827,0,6.54057e+06,1,1,1,1,0.05,300,300,300,300,300,300,300,300,300,300,300,300,300,300,300
ppo,0,382,6,0.242279,0.0508121,0.367125,1.06781,5.60149e+06,682994,16395,260.055,7.17156,0.0636462,0.0132136,0.0225367,200.678,0.146337,0.24755,0.373335,0,0.125,-1,300,0,260.055,200.678,0.24755,0.373335,0,4.91849e+06,1,1,1,1,0.05,300,300,300,300,300,300,300,300,300,300,300,300,300,300,300
ppo,0,383,7,0.399685,0.0811844,-0.479479,1.06461,5.64807e+06,693567,16515,262.087,8.52241,0.170974,0.0174388,0.0165348,219.632,0.304489,0.407847,0.483812,0,0.125,-1,300,0,262.087,219.632,0.407847,0.483812,0,4.95451e+06,1,1,1,1,0.05,300,300,300,300,300,300,300,300,300,300,300,300,300,300,300
ppo,0,384,3,0.315425,0.146611,-0.488791,0.970312,7.11886e+06,863571,20851,292.436,9.64333,0.0315016,0.0073142,0.0335803,205.224,0.161478,0.347833,0.489691,0,0.125,-1,300,0,292.436,205.224,0.347833,0.489691,0,6.25529e+06,1,1,1,1,0.05,300,300,300,300,300,300,300,300,300,300,300,300,300,300,300
ppo,0,385,1,0.17185,0.0968964,0.0292453,1.09959,5.93279e+06,769417,17211.2,275.827,6.27768,0.0459399,0.00569553,0.0443494,381.216,0.318736,0.197285,0.103799,0,0.125,-1,300,0,275.827,381.216,0.197285,0.103799,0,5.16337e+06,1,1,1,1,0.05,300,300,300,300,300,300,300,300,300,300,300,300,300,300,300
ppo,0,386,1,0.259546,0.192727,-0.146458,1.07658,5.69162e+06,704027,16625.3,264.048,9.38801,0.136641,0.00895861,0.0318554,244.5,0.110483,0.323277,0.165268,0,0.125,-1,300,0,264.048,244.5,0.323277,0.165268,0,4.98759e+06,1,1,1,1,0.05,300,300,300,300,300,300,300,300,300,300,300,300,300,300,300
ppo,0,387,3,0.260245,0.0567743,-0.462379,0.964794,6.58196e+06,815607,19221.2,284.136,6.8343,0.0405762,0.0176089,0.0371238,93.0389,0.389142,0.266365,0.463718,0,0.125,-1,300,0,284.136,93.0389,0.266365,0.463718,0,5.76636e+06,1,1,1,1,0.05,300,300,300,300,300,300,300,300,300,300,300,300,300,300,300
ppo,0,388,4,0.36414,0.153462,0.0118699,1.06225,6.27423e+06,776114,18327.1,277.146,9.76322,0.0690923,0.0230912,0.0127796,56.4815,0.146057,0.395156,0.0633737,0,0.125,-1,300,0,277.146,56.4815,0.395156,0.0633737,0,5.49812e+06,1,1,1,1,0.05,300,300,300,300,300,300,300,300,300,300,300,300,300,300,300
ppo,0,389,4,0.479893,0.0281977,0.10513,1.08199,5.66673e+06,689111,16592.1,261.271,9.73094,0.12424,0.0142189,0.00736993,158.007,0.636731,0.480721,0.13332,0,0.125,-1,300,0,261.271,158.007,0.480721,0.13332,0,4.97762e+06,1,1,1,1,0.05,300,300,300,300,300,300,300,300,300,300,300,300,300,300,300
ppo,0,390,5,0.458855,0.147624,-0.126113,1.01153,5.72398e+06,743506,16601.6,271.156,4.18774,0.107764,0.00662673,0.0411347,112.581,0.0839265,0.482017,0.126639,0,0.125,-1,300,0,271.156,112.581,0.482017,0.126639,0,4.98048e+06,1,1,1,1,0.05,300,300,300,300,300,300,300,300,300,300,300,300,300,300,300
ppo,0,391,4,0.333444,0.163881,0.400706,1.06615,5.42908e+06,673259,15852.8,258.209,8.37579,0.102463,0.0125365,0.0222715,85.5076,0.228813,0.37154,0.40613,0,0.125,-1,300,0,258.209,85.5076,0.37154,0.40613,0,4.75582e+06,1,1,1,1,0.05,300,300,300,300,300,300,300,300,300,300,300,300,300,300,300
ppo,0,392,1,0.161042,0.129432,0.13121,1.02321,5.60563e+06,707151,16328.3,264.536,7.53534,0.0583841,0.0313648,0.0142389,116.265,0.177815,0.206608,0.133247,0,0.125,-1,300,0,264.536,116.265,0.206608,0.133247,0,4.89848e+06,1,1,1,1,0.05,300,300,300,300,300,300,300,300,300,300,300,300,300,300,300
ppo,0,393,7,0.523187,0.1303,0.420048,0.914593,6.7321e+06,864771,19557.8,292.526,3.653,0.0384125,0.00615376,0.0471794,168.37,0.257191,0.539168,0.428642,0,0.125,-1,300,0,292.526,168.37,0.539168,0.428642,0,5.86733e+06,1,1,1,1,0.05,300,300,300,300,300,300,300,300,300,300,300,300,300,300,300
ppo,0,394,6,0.613384,0.0349689,0.032353,1.04717,5.7325e+06,714587,16726.4,265.993,10.4274,0.0525442,0.0202509,0.0595266,217.902,0.574888,0.61438,0.0571994,0,0.125,-1,300,0,265.993,217.902,0.61438,0.0571994,0,5.01792e+06,1,1,1,1,0.05,300,300,300,300,300,300,300,300,300,300,300,300,300,300,300
ppo,0,395,7,0.450271,0.187496,0.119905,1.07711,5.92048e+06,718415,17340.2,266.705,8.7402,0.0653584,0.0242265,0.0471689,403.681,0.159271,0.487749,0.14256,0,0.125,-1,300,0,266.705,403.681,0.487749,0.14256,0,5.20207e+06,1,1,1,1,0.05,300,300,300,300,300,300,300,300,300,300,300,300,300,300,300
ppo,0,396,7,0.502121,0.0353992,0.242455,1.02197,5.88906e+06,722368,17222.3,267.489,9.12482,0.048529,0.00290245,0.0215813,106.456,0.197229,0.503368,0.243448,0,0.125,-1,300,0,267.489,106.456,0.503368,0.243448,0,5.16669e+06,1,1,1,1,0.05,300,300,300,300,300,300,300,300,300,300,300,300,300,300,300
ppo,0,397,7,0.295268,0.195294,0.399915,0.925666,7.17086e+06,891900,20929.8,297.082,11.2963,0.124467,0.00972148,0.028766,430.817,0.137746,0.354009,0.406764,0,0.125,-1,300,0,297.082,430.817,0.354009,0.406764,0,6.27895e+06,1,1,1,1,0.05,300,300,300,300,300,300,300,300,300,300,300,300,300,300,300
ppo,0,398,3,0.368696,0.169547,-0.0506253,1.01582,6.50822e+06,802115,19020.4,281.811,8.16144,0.110442,0.0141842,0.0473348,468.475,0.192319,0.405811,0.0530389,0,0.125,-1,300,0,281.811,468.475,0.405811,0.0530389,0,5.70611e+06,1,1,1,1,0.05,300,300,300,300,300,300,300,300,300,300,300,300,300,300,300
ppo,0,399,6,0.297299,0.0492507,-0.357841,0.917894,7.08551e+06,883456,20673.5,295.762,8.21256,0.0925496,0.0120152,0.0299281,112.866,0.496328,0.301351,0.367139,0,0.125,-1,300,0,295.762,112.866,0.301351,0.367139,0,6.20205e+06,1,1,1,1,0.05,300,300,300,300,300,300,300,300,300,300,300,300,300,300,300
ppo,0,400,2,0.264941,0.137543,-0.148108,0.980325,7.06468e+06,908623,20520.2,299.783,6.0685,0.114592,0.0138441,0.0307771,296.868,0.104582,0.298516,0.149409,0,0.125,-1,300,0,299.783,296.868,0.298516,0.149409,0,6.15606e+06,1,1,1,1,0.05,300,300,300,300,300,300,300,300,300,300,300,300,300,300,300
ppo,0,401,3,0.296728,0.000404882,-0.425452,0.981845,5.68903e+06,728053,16536.6,268.462,7.78233,0.150941,0.0183644,0.0492469,207.538,0.468512,0.296728,0.42584,0,0.125,-1,300,0,268.462,207.538,0.296728,0.42584,0,4.96098e+06,1,1,1,1,0.05,300,300,300,300,300,300,300,300,300,300,300,300,300,300,300
ppo,0,402,1,0.216416,0.15754,-0.0150013,1.05799,5.75483e+06,709268,16818.6,265.039,5.42453,0.056111,0.0238587,0.00886755,251.013,0.311334,0.267684,0.0598959,0,0.125,-1,300,0,265.039,251.013,0.267684,0.0598959,0,5.04557e+06,1,1,1,1,0.05,300,300,300,300,300,300,300,300,300,300,300,300,300,300,300
ppo,0,403,2,0.408868,0.0841343,-0.429833,1.03097,6.67165e+06,819008,19508.8,284.756,4.67055,0.0261619,0.0242986,0.0131951,137.636,0.230687,0.417434,0.430947,0,0.125,-1,300,0,284.756,137.636,0.417434,0.430947,0,5.85265e+06,1,1,1,1,0.05,300,300,300,300,300,300,300,300,300,300,300,300,300,300,300
ppo,0,404,5,0.310358,0.135223,-0.168952,0.911554,7.5087e+06,965058,21812.2,309,8.47297,0.0463285,0.0211117,0.0318483,162.416,0.160415,0.338537,0.190703,0,0.125,-1,300,0,309,162.416,0.338537,0.190703,0,6.54365e+06,1,1,1,1,0.05,300,300,300,300,300,300,300,300,300,300,300,300,300,300,300
ppo,0,405,3,0.321923,0.115944,0.388231,1.08213,5.31068e+06,665221,15484.9,256.578,5.34242,0.130285,0.0181923,0.0781246,107.391,0.395758,0.342166,0.396823,0,0.125,-1,300,0,256.578,107.391,0.342166,0.396823,0,4.64546e+06,1,1,1,1,0.05,300,300,300,300,300,300,300,300,300,300,300,300,300,300,300
ppo,0,406,7,0.394616,0.022301,0.147291,0.993311,5.8736e+06,728368,17150.8,268.56,8.361,0.100995,0.0127406,0.0279191,146.624,0.353029,0.395246,0.147442,0,0.125,-1,300,0,268.56,146.624,0.395246,0.147442,0,5.14524e+06,1,1,1,1,0.05,300,300,300,300,300,300,300,300,300,300,300,300,300,300,300
ppo,0,407,5,0.365296,0.0857239,-0.378606,1.03194,6.73078e+06,835840,19649.8,287.612,7.42526,0.0490831,0.0213534,0.0193116,161.568,0.254681,0.375219,0.379951,0,0.125,-1,300,0,287.612,161.568,0.375219,0.379951,0,5.89494e+06,1,1,1,1,0.05,300,300,300,300,300,300,300,300,300,300,300,300,300,300,300
ppo,0,408,4,0.428481,0.0425136,0.171559,0.967983,6.05248e+06,757288,17650.6,273.778,8.16632,0.0950982,0.0127002,0.0402331,77.7962,0.136577,0.430585,0.174521,0,0.125,-1,300,0,273.778,77.7962,0.430585,0.174521,0,5.29519e+06,1,1,1,1,0.05,300,300,300,300,300,300,300,300,300,300,300,300,300,300,300
ppo,0,409,4,0.447702,0.111254,0.378374,1.03541,5.84872e+06,732420,17054.3,269.301,7.79562,0.0259489,0.0153831,0.0478221,112.93,0.371029,0.461318,0.380027,0,0.125,-1,300,0,269.301,112.93,0.461318,0.380027,0,5.1163e+06,1,1,1,1,0.05,300,300,300,300,300,300,300,300,300,300,300,300,300,300,300
ppo,0,410,6,0.492714,0.0368814,0.364446,1.04698,6.26758e+06,777045,18301.8,277.343,11.7458,0.0302864,0.0155839,0.011818,375.768,0.474768,0.494092,0.367461,0,0.125,-1,300,0,277.343,375.768,0.494092,0.367461,0,5.49054e+06,1,1,1,1,0.05,300,300,300,300,300,300,300,300,300,300,300,300,300,300,300
ppo,0,411,3,0.553426,0.15929,-0.0689763,1.00341,6.4478e+06,809308,18795,283.044,9.44449,0.0879659,0.00820078,0.0205538,414.196,0.180643,0.575894,0.0690607,0,0.125,-1,300,0,283.044,414.196,0.575894,0.0690607,0,5.63849e+06,1,1,1,1,0.05,300,300,300,300,300,300,300,300,300,300,300,300,300,300,300
ppo,0,412,6,0.28927,0.106114,0.442084,0.983668,6.05197e+06,761256,17635.7,274.47,6.09916,0.0539162,0.00393704,0.0185523,210.672,0.22582,0.308119,0.442386,0,0.125,-1,300,0,274.47,210.672,0.308119,0.442386,0,5.29072e+06,1,1,1,1,0.05,300,300,300,300,300,300,300,300,300,300,300,300,300,300,300
ppo,0,413,1,0.32742,0.146603,0.427108,1.07896,5.20158e+06,655719,15152.9,254.767,3.42714,0.0735074,0.0207546,0.0543376,171.07,0.111638,0.358743,0.434346,0,0.125,-1,300,0,254.767,171.07,0.358743,0.434346,0,4.54586e+06,1,1,1,1,0.05,300,300,300,300,300,300,300,300,300,300,300,300,300,300,300
ppo,0,414,0,0.395379,0.129531,-0.438522,1.06021,5.77458e+06,718845,16852.4,266.756,3.97165,0.0631973,0.0293594,0.0216845,128.922,0.200717,0.416057,0.442636,1,0.125,0,300,0,266.756,128.922,0.416057,0.442636,1,5.05573e+06,1,1,1,1,0.05,300,300,300,300,300,300,300,300,300,300,300,300,300,300,300
ppo,0,415,2,0.35295,0.183632,-0.00594509,0.927575,7.22607e+06,906182,21066.3,299.497,8.14742,0.102536,0.0186024,0.0411702,232.298,0.180176,0.397862,0.0726685,0,0.125,-1,300,0,299.497,232.298,0.397862,0.0726685,0,6.31989e+06,1,1,1,1,0.05,300,300,300,300,300,300,300,300,300,300,300,300,300,300,300
ppo,0,416,3,0.365941,0.0882431,0.080357,0.928292,7.14763e+06,892371,20850.8,297.18,8.29255,0.0492581,0.025165,0.0333234,164.323,0.354952,0.37643,0.1077,0,0.125,-1,300,0,297.18,164.323,0.37643,0.1077,0,6.25526e+06,1,1,1,1,0.05,300,300,300,300,300,300,300,300,300,300,300,300,300,300,300
ppo,0,417,6,0.537745,0.012348,-0.273664,1.00206,6.99024e+06,810230,20600,283.359,11.1195,0.104983,0.0181721,0.0118645,223.627,0.538249,0.537887,0.273672,0,0.125,-1,300,0,283.359,223.627,0.537887,0.273672,0,6.18001e+06,1,1,1,1,0.05,300,300,300,300,300,300,300,300,300,300,300,300,300,300,300
ppo,0,418,3,0.55676,0.0340366,0.067512,1.09034,5.84192e+06,720602,17071.1,267.116,11.1824,0.086803,0.0140979,0.0088999,427.978,0.299136,0.557799,0.112776,0,0.125,-1,300,0,267.116,427.978,0.557799,0.112776,0,5.12132e+06,1,1,1,1,0.05,300,300,300,300,300,300,300,300,300,300,300,300,300,300,300
ppo,0,419,2,0.144543,0.0559639,0.139894,0.91052,6.49565e+06,849382,18820.9,289.91,7.97044,0.02644,0.00701251,0.0310485,129.95,0.369706,0.154999,0.166064,0,0.125,-1,300,0,289.91,129.95,0.154999,0.166064,0,5.64626e+06,1,1,1,1,0.05,300,300,300,300,300,300,300,300,300,300,300,300,300,300,300
ppo,0,420,5,0.265549,0.105357,0.330775,0.960781,6.40894e+06,816518,18641.4,284.28,8.779,0.0440392,0.0195872,0.0318637,298.207,0.304079,0.285685,0.333092,0,0.125,-1,300,0,284.28,298.207,0.285685,0.333092,0,5.59243e+06,1,1,1,1,0.05,300,300,300,300,300,300,300,300,300,300,300,300,300,300,300
ppo,0,421,0,0.428219,0.0696114,-0.405383,1.04565,5.69966e+06,718497,16603.9,266.631,4.51644,0.0558553,0.0161478,0.023723,261.043,0.200373,0.43384,0.407946,1,0.125,0,300,0,266.631,261.043,0.43384,0.407946,1,4.98117e+06,1,1,1,1,0.05,300,300,300,300,300,300,300,300,300,300,300,300,300,300,300
ppo,0,422,1,0.411124,0.0701053,-0.326067,0.929587,7.10339e+06,905369,20660.1,299.327,5.39182,0.0870752,0.011223,0.0560695,381.793,0.130396,0.417058,0.333583,0,0.125,-1,300,0,299.327,381.793,0.417058,0.333583,0,6.19802e+06,1,1,1,1,0.05,300,300,300,300,300,300,300,300,300,300,300,300,300,300,300
ppo,0,423,6,0.457993,0.0638256,-0.424822,1.02017,6.0892e+06,781311,17693,278.051,5.62478,0.171602,0.0234685,0.0273511,341.013,0.244022,0.462419,0.4253,0,0.125,-1,300,0,278.051,341.013,0.462419,0.4253,0,5.30789e+06,1,1,1,1,0.05,300,300,300,300,300,300,300,300,300,300,300,300,300,300,300
ppo,0,424,5,0.34708,0.0224078,-0.375969,0.988983,6.65783e+06,841425,19388,288.6,8.88633,0.086357,0.00725541,0.0330702,308.765,0.355147,0.347803,0.37613,0,0.125,-1,300,0,288.6,308.765,0.347803,0.37613,0,5.8164e+06,1,1,1,1,0.05,300,300,300,300,300,300,300,300,300,300,300,300,300,300,300
ppo,0,425,1,0.324701,0.0942949,-0.218148,1.06411,6.30513e+06,742756,18541.2,271.278,10.0286,0.0506471,0.0119033,0.0200372,243.1,0.29964,0.338116,0.227372,0,0.125,-1,300,0,271.278,243.1,0.338116,0.227372,0,5.56237e+06,1,1,1,1,0.05,300,300,300,300,300,300,300,300,300,300,300,300,300,300,300
ppo,0,426,5,0.440634,0.0271729,0.390888,1.06034,5.71911e+06,745388,16579.1,271.559,5.04568,0.107037,0.0100841,0.0287269,252.3,0.16119,0.441471,0.395518,0,0.125,-1,300,0,271.559,252.3,0.441471,0.395518,0,4.97372e+06,1,1,1,1,0.05,300,300,300,300,300,300,300,300,300,300,300,300,300,300,300
ppo,0,427,0,0.517961,0.0897886,0.329381,1.05817,6.35285e+06,760423,18641.4,274.448,6.19519,0.0703157,0.0105051,0.0171013,275.11,0.256437,0.525686,0.334479,1,0.125,0,300,0,274.448,275.11,0.525686,0.334479,1,5.59243e+06,1,1,1,1,0.05,300,300,300,300,300,300,300,300,300,300,300,300,300,300,300
ppo,0,428,4,0.322814,0.101083,-0.24798,1.03373,5.29117e+06,658863,15441,255.357,7.2594,0.0488448,0.0134272,0.0137266,214.966,0.196974,0.33827,0.250263,0,0.125,-1,300,0,255.357,214.966,0.33827,0.250263,0,4.63231e+06,1,1,1,1,0.05,300,300,300,300,300,300,300,300,300,300,300,300,300,300,300
ppo,0,429,6,0.215683,0.167167,-0.0866183,1.00295,6.32182e+06,812782,18363.5,283.526,4.62228,0.122007,0.0172035,0.0242929,146.731,0.230903,0.272881,0.0866685,0,0.125,-1,300,0,283.526,146.731,0.272881,0.0866685,0,5.50904e+06,1,1,1,1,0.05,300,300,300,300,300,300,300,300,300,300,300,300,300,300,300
ppo,0,430,2,0.334756,0.131251,0.498293,0.963076,6.74321e+06,843365,19666.1,288.937,10.5343,0.0530391,0.00648859,0.0322081,10.2072,0.179774,0.359567,0.499659,0,0.125,-1,300,0,288.937,10.2072,0.359567,0.499659,0,5.89984e+06,1,1,1,1,0.05,300,300,300,300,300,300,300,300,300,300,300,300,300,300,300
ppo,0,431,6,0.500557,0.0927651,-0.218089,1.08217,5.22136e+06,647208,15247.2,253.168,7.49661,0.0818367,0.0195899,0.0398715,229.6,0.110774,0.509081,0.233054,0,0.125,-1,300,0,253.168,229.6,0.509081,0.233054,0,4.57415e+06,1,1,1,1,0.05,300,300,300,300,300,300,300,300,300,300,300,300,300,300,300
ppo,0,432,0,0.461135,0.057457,0.165038,1.0056,5.77571e+06,736129,16798.6,269.893,3.17765,0.0850215,0.00842864,0.028883,178.639,0.183653,0.464701,0.165133,1,0.125,0,300,0,269.893,178.639,0.464701,0.165133,1,5.03959e+06,1,1,1,1,0.05,300,300,300,300,300,300,300,300,300,300,300,300,300,300,300
ppo,0,433,0,0.541763,0.195732,-0.434967,0.984955,6.31929e+06,787860,18438.1,279.263,10.1818,0.0740529,0.0106909,0.0407019,228.396,0.212558,0.576037,0.435227,1,0.125,0,300,0,279.263,228.396,0.576037,0.435227,1,5.53143e+06,1,1,1,1,0.05,300,300,300,300,300,300,300,300,300,300,300,300,300,300,300
ppo,0,434,5,0.548349,0.0717992,0.311115,1.09587,5.73602e+06,695326,16802.3,262.388,7.38591,0.0402204,0.00670505,0.0223427,427.556,0.313743,0.55303,0.325551,0,0.125,-1,300,0,262.388,427.556,0.55303,0.325551,0,5.04069e+06,1,1,1,1,0.05,300,300,300,300,300,300,300,300,300,300,300,300,300,300,300
ppo,0,435,5,0.299991,0.0789739,-0.137008,0.990671,6.54278e+06,818948,19079.5,284.632,7.72364,0.0434141,0.0159393,0.021932,396.35,0.294113,0.310212,0.137325,0,0.125,-1,300,0,284.632,396.35,0.310212,0.137325,0,5.72384e+06,1,1,1,1,0.05,300,300,300,300,300,300,300,300,300,300,300,300,300,300,300
ppo,0,436,7,0.432851,0.128038,-0.498842,0.957659,6.53844e+06,819208,19064.1,284.776,3.48882,0.161478,0.0131517,0.0826508,105.268,0.161924,0.451391,0.500636,0,0.125,-1,300,0,284.776,105.268,0.451391,0.500636,0,5.71923e+06,1,1,1,1,0.05,300,300,300,300,300,300,300,300,300,300,300,300,300,300,300
ppo,0,437,1,0.250843,0.191707,-0.0399078,0.969299,5.87644e+06,749039,17091.3,272.252,6.88343,0.0827009,0.0179521,0.0199665,175.221,0.21169,0.315712,0.0503509,0,0.125,-1,300,0,272.252,175.221,0.315712,0.0503509,0,5.1274e+06,1,1,1,1,0.05,300,300,300,300,300,300,300,300,300,300,300,300,300,300,300
ppo,0,438,0,0.61681,0.0569022,0.198443,0.960827,6.48254e+06,837304,18817.4,287.764,5.22565,0.144318,0.00754721,0.0209398,288.859,0.205195,0.619429,0.202272,1,0.125,0,300,0,287.764,288.859,0.619429,0.202272,1,5.64523e+06,1,1,1,1,0.05,300,300,300,300,300,300,300,300,300,300,300,300,300,300,300
ppo,0,439,5,0.350672,0.137132,-0.163497,0.930247,7.31232e+06,934113,21260.7,303.988,7.61522,0.173113,0.0220831,0.0447889,249.664,0.212532,0.376532,0.177755,0,0.125,-1,300,0,303.988,249.664,0.376532,0.177755,0,6.37821e+06,1,1,1,1,0.05,300,300,300,300,300,300,300,300,300,300,300,300,300,300,300
ppo,0,440,5,0.191467,0.137158,0.240443,0.978949,6.51071e+06,800962,19032.5,281.578,7.62454,0.124997,0.0131682,0.0262637,431.084,0.185348,0.235524,0.241362,0,0.125,-1,300,0,281.578,431.084,0.235524,0.241362,0,5.70974e+06,1,1,1,1,0.05,300,300,300,300,300,300,300,300,300,300,300,300,300,300,300
ppo,0,441,6,0.431981,0.0406939,-0.106476,0.943809,6.59338e+06,796761,19322.1,280.967,6.80194,0.103445,0.0348566,0.0570067,219.416,0.2723,0.433893,0.120393,0,0.125,-1,300,0,280.967,219.416,0.433893,0.120393,0,5.79662e+06,1,1,1,1,0.05,300,300,300,300,300,300,300,300,300,300,300,300,300,300,300
ppo,0,442,2,0.348076,0.147054,0.0525206,0.90791,6.39258e+06,830976,18538.7,286.754,1.02829,0.115626,0.0212981,0.0279371,92.9155,0.180182,0.377864,0.106014,0,0.125,-1,300,0,286.754,92.9155,0.377864,0.106014,0,5.5616e+06,1,1,1,1,0.05,300,300,300,300,300,300,300,300,300,300,300,300,300,300,300
ppo,0,443,7,0.347576,0.0808054,-0.44612,0.978828,6.88795e+06,858626,20097.8,291.472,7.6787,0.0790783,0.0153491,0.0499311,71.0148,0.270344,0.356845,0.446622,0,0.125,-1,300,0,291.472,71.0148,0.356845,0.446622,0,6.02933e+06,1,1,1,1,0.05,300,300,300,300,300,300,300,300,300,300,300,300,300,300,300
ppo,0,444,7,0.40249,0.190098,0.488615,0.951032,6.42667e+06,840483,18620.6,288.355,8.74819,0.0407841,0.00501861,0.0309636,217.986,0.156311,0.445124,0.491063,0,0.125,-1,300,0,288.355,217.986,0.445124,0.491063,0,5.58619e+06,1,1,1,1,0.05,300,300,300,300,300,300,300,300,300,300,300,300,300,300,300
ppo,0,445,2,0.438036,0.178741,-0.0318912,1.04289,5.5501e+06,692344,16192.5,261.787,5.59724,0.0634828,0.0220078,0.018412,110.215,0.0818176,0.4731,0.0534441,0,0.125,-1,300,0,261.787,110.215,0.4731,0.0534441,0,4.85776e+06,1,1,1,1,0.05,300,300,300,300,300,300,300,300,300,300,300,300,300,300,300
ppo,0,446,1,0.377625,0.173819,0.101203,0.978009,6.06221e+06,779460,17609.2,277.745,8.3641,0.0787681,0.0286685,0.0324483,104.156,0.36797,0.415709,0.103564,0,0.125,-1,300,0,277.745,104.156,0.415709,0.103564,0,5.28275e+06,1,1,1,1,0.05,300,300,300,300,300,300,300,300,300,300,300,300,300,300,300
ppo,0,447,3,0.324621,0.194452,0.0432259,1.03188,5.04872e+06,640620,14693.7,251.782,7.3613,0.0749159,0.0104909,0.0183855,122.636,0.128632,0.378405,0.0537085,0,0.125,-1,300,0,251.782,122.636,0.378405,0.0537085,0,4.4081e+06,1,1,1,1,0.05,300,300,300,300,300,300,300,300,300,300,300,300,300,300,300
ppo,0,448,1,0.358427,0.182054,0.419181,0.925247,7.00174e+06,876597,20417.2,294.527,7.91717,0.0712178,0.0167103,0.0161577,260.073,0.204858,0.402012,0.425795,0,0.125,-1,300,0,294.527,260.073,0.402012,0.425795,0,6.12515e+06,1,1,1,1,0.05,300,300,300,300,300,300,300,300,300,300,300,300,300,300,300
ppo,0,449,1,0.429024,0.0666413,0.0655501,0.983961,6.15847e+06,767550,17969.7,275.567,5.37995,0.0630099,0.0161002,0.0345947,90.5734,0.21563,0.434169,0.0674839,0,0.125,-1,300,0,275.567,90.5734,0.434169,0.0674839,0,5.39092e+06,1,1,1,1,0.05,300,300,300,300,300,300,300,300,300,300,300,300,300,300,300
ppo,0,450,3,0.555368,0.106034,-0.455238,1.00663,6.47931e+06,799275,18933.5,281.296,7.90864,0.0848348,0.0124489,0.048118,201.183,0.201478,0.5654,0.455286,0,0.125,-1,300,0,281.296,201.183,0.5654,0.455286,0,5.68004e+06,1,1,1,1,0.05,300,300,300,300,300,300,300,300,300,300,300,300,300,300,300
ppo,0,451,2,0.411304,0.103607,-0.46853,0.999782,6.46227e+06,801694,18868.6,281.727,8.62791,0.142055,0.0214747,0.01337,344.116,0.260846,0.424153,0.46853,0,0.125,-1,300,0,281.727,344.116,0.424153,0.46853,0,5.66057e+06,1,1,1,1,0.05,300,300,300,300,300,300,300,300,300,300,300,300,300,300,300
ppo,0,452,4,0.258893,0.1599,0.119028,1.02562,6.82103e+06,816419,20015.4,284.366,9.18405,0.035446,0.0116398,0.0316519,282.786,0.318356,0.304292,0.121753,0,0.125,-1,300,0,284.366,282.786,0.304292,0.121753,0,6.00461e+06,1,1,1,1,0.05,300,300,300,300,300,300,300,300,300,300,300,300,300,300,300
ppo,0,453,4,0.42652,0.0399436,-0.157306,0.982348,6.37082e+06,792986,18592.8,280.165,8.76433,0.124255,0.0051688,0.0144781,308.338,0.193542,0.428387,0.158293,0,0.125,-1,300,0,280.165,308.338,0.428387,0.158293,0,5.57784e+06,1,1,1,1,0.05,300,300,300,300,300,300,300,300,300,300,300,300,300,300,300
ppo,0,454,6,0.278418,0.133468,-0.47287,1.05719,6.26524e+06,745665,18398.6,271.771,9.3208,0.0819145,0.0105425,0.026155,174.037,0.248061,0.308756,0.476316,0,0.125,-1,300,0,271.771,174.037,0.308756,0.476316,0,5.51958e+06,1,1,1,1,0.05,300,300,300,300,300,300,300,300,300,300,300,300,300,300,300
ppo,0,455,3,0.509629,0.0562642,-0.398456,1.00898,6.05732e+06,749788,17691.8,272.474,8.68619,0.113594,0.0158332,0.00728268,144.127,0.156771,0.512726,0.398558,0,0.125,-1,300,0,272.474,144.127,0.512726,0.398558,0,5.30753e+06,1,1,1,1,0.05,300,300,300,300,300,300,300,300,300,300,300,300,300,300,300
ppo,0,456,7,0.413833,0.166409,0.204756,0.964832,6.51391e+06,805956,19026.5,282.46,6.86012,0.0488269,0.020173,0.0423033,299.387,0.109436,0.446038,0.207754,0,0.125,-1,300,0,282.46,299.387,0.446038,0.207754,0,5.70796e+06,1,1,1,1,0.05,300,300,300,300,300,300,300,300,300,300,300,300,300,300,300
ppo,0,457,2,0.461115,0.0485716,0.428233,1.0941,5.29407e+06,673737,15401.1,258.234,7.98813,0.126088,0.0328255,0.0371022,317.057,0.118341,0.463666,0.438449,0,0.125,-1,300,0,258.234,317.057,0.463666,0.438449,0,4.62033e+06,1,1,1,1,0.05,300,300,300,300,300,300,300,300,300,300,300,300,300,300,300
ppo,0,458,1,0.242729,0.0563502,-0.30704,1.06957,6.31008e+06,779487,18435.3,277.792,10.2818,0.0166402,0.0235863,0.0391913,125.039,0.348556,0.249184,0.314823,0,0.125,-1,300,0,277.792,125.039,0.249184,0.314823,0,5.5306e+06,1,1,1,1,0.05,300,300,300,300,300,300,300,300,300,300,300,300,300,300,300
ppo,0,459,3,0.297844,0.0694949,0.249078,1.09423,5.60846e+06,692571,16386.3,261.807,8.96158,0.047314,0.0218487,0.0347151,165.014,0.359234,0.305844,0.266305,0,0.125,-1,300,0,261.807,165.014,0.305844,0.266305,0,4.91588e+06,1,1,1,1,0.05,300,300,300,300,300,300,300,300,300,300,300,300,300,300,300
ppo,0,460,5,0.407471,0.0341546,0.424305,1.0081,6.13709e+06,774586,17875,276.907,2.97832,0.0919137,0.0168346,0.00912729,234.414,0.572557,0.4089,0.424382,0,0.125,-1,300,0,276.907,234.414,0.4089,0.424382,0,5.3625e+06,1,1,1,1,0.05,300,300,300,300,300,300,300,300,300,300,300,300,300,300,300
ppo,0,461,3,0.440203,0.125276,0.26757,0.986294,6.03249e+06,751567,17603.1,272.753,7.10359,0.0556229,0.00549366,0.0563226,336.04,0.27658,0.457682,0.26792,0,0.125,-1,300,0,272.753,336.04,0.457682,0.26792,0,5.28092e+06,1,1,1,1,0.05,300,300,300,300,300,300,300,300,300,300,300,300,300,300,300
ppo,0,462,5,0.50675,0.139035,-0.368051,0.996747,6.34675e+06,774038,18575.7,276.849,8.41175,0.0736306,0.0112445,0.0119221,148.717,0.26308,0.525477,0.368066,0,0.125,-1,300,0,276.849,148.717,0.525477,0.368066,0,5.57272e+06,1,1,1,1,0.05,300,300,300,300,300,300,300,300,300,300,300,300,300,300,300
ppo,0,463,3,0.397051,0.112208,0.12146,1.07073,5.62888e+06,720304,16361.9,266.962,8.29043,0.101643,0.0278525,0.0225492,155.413,0.151838,0.412602,0.140555,0,0.125,-1,300,0,266.962,155.413,0.412602,0.140555,0,4.90858e+06,1,1,1,1,0.05,300,300,300,300,300,300,300,300,300,300,300,300,300,300,300
ppo,0,464,4,0.402662,0.126588,-0.0139401,1.02584,6.08121e+06,755083,17753.7,273.391,6.0961,0.0710624,0.0102657,0.029833,107,0.106605,0.422091,0.0293631,0,0.125,-1,300,0,273.391,107,0.422091,0.0293631,0,5.32612e+06,1,1,1,1,0.05,300,300,300,300,300,300,300,300,300,300,300,300,300,300,300
ppo,0,465,5,0.377278,0.126066,0.0644071,1.04962,5.93555e+06,735394,17333.9,269.897,7.50547,0.181927,0.00841422,0.0344939,330.107,0.069217,0.397783,0.0813043,0,0.125,-1,300,0,269.897,330.107,0.397783,0.0813043,0,5.20016e+06,1,1,1,1,0.05,300,300,300,300,300,300,300,300,300,300,300,300,300,300,300
ppo,0,466,2,0.238247,0.121432,-0.115405,1.06517,5.61231e+06,709655,16342.2,265.007,7.45275,0.067053,0.0160341,0.0252628,292.485,0.270591,0.267409,0.132536,0,0.125,-1,300,0,265.007,292.485,0.267409,0.132536,0,4.90265e+06,1,1,1,1,0.05,300,300,300,300,300,300,300,300,300,300,300,300,300,300,300
ppo,0,467,4,0.5356,0.112623,-0.155183,0.985595,5.36036e+06,683523,15589.5,260.057,6.66206,0.0150418,0.0178424,0.0123074,207.316,0.181806,0.547313,0.15585,0,0.125,-1,300,0,260.057,207.316,0.547313,0.15585,0,4.67684e+06,1,1,1,1,0.05,300,300,300,300,300,300,300,300,300,300,300,300,300,300,300
ppo,0,468,0,0.472828,0.156543,0.448941,1.06975,5.79858e+06,709040,16965.1,264.984,8.05591,0.0645098,0.012185,0.0362651,233.967,0.131064,0.498069,0.454326,1,0.125,0,300,0,264.984,233.967,0.498069,0.454326,1,5.08954e+06,1,1,1,1,0.05,300,300,300,300,300,300,300,300,300,300,300,300,300,300,300
ppo,0,469,2,0.39573,0.13393,-0.248748,1.0463,5.75544e+06,734634,16736,269.654,11.8822,0.0483834,0.0092602,0.0451017,251.146,0.217743,0.417779,0.25302,0,0.125,-1,300,0,269.654,251.146,0.417779,0.25302,0,5.0208e+06,1,1,1,1,0.05,300,300,300,300,300,300,300,300,300,300,300,300,300,300,300
ppo,0,470,3,0.479956,0.125036,0.373833,0.996836,6.24183e+06,809234,18108.7,282.902,5.84299,0.128147,0.0286206,0.0259082,201.734,0.263895,0.495975,0.373846,0,0.125,-1,300,0,282.902,201.734,0.495975,0.373846,0,5.4326e+06,1,1,1,1,0.05,300,300,300,300,300,300,300,300,300,300,300,300,300,300,300
ppo,0,471,5,0.418159,0.156058,-0.346005,1.00608,6.82076e+06,803120,20058.8,282.077,11.2121,0.0580265,0.0188066,0.0389315,204.001,0.198824,0.446331,0.346058,0,0.125,-1,300,0,282.077,204.001,0.446331,0.346058,0,6.01764e+06,1,1,1,1,0.05,300,300,300,300,300,300,300,300,300,300,300,300,300,300,300
ppo,0,472,1,0.372703,0.0950726,-0.337771,0.944728,7.19905e+06,881766,21057.6,295.528,9.44331,0.0889206,0.021512,0.0236942,186.638,0.241428,0.384638,0.342263,0,0.125,-1,300,0,295.528,186.638,0.384638,0.342263,0,6.31728e+06,1,1,1,1,0.05,300,300,300,300,300,300,300,300,300,300,300,300,300,300,300
ppo,0,473,4,0.459696,0.0339353,0.0706676,0.938284,6.71431e+06,834862,19598.2,287.496,8.32728,0.042376,0.0133948,0.0109963,168.548,0.586704,0.460947,0.0938229,0,0.125,-1,300,0,287.496,168.548,0.460947,0.0938229,0,5.87945e+06,1,1,1,1,0.05,300,300,300,300,300,300,300,300,300,300,300,300,300,300,300
ppo,0,474,4,0.636273,0.190522,-0.167285,0.916199,6.99195e+06,836642,20517.7,287.833,9.52695,0.0470347,0.0111661,0.0411137,517.002,0.209754,0.664185,0.187101,0,0.125,-1,300,0,287.833,517.002,0.664185,0.187101,0,6.1553e+06,1,1,1,1,0.05,300,300,300,300,300,300,300,300,300,300,300,300,300,300,300
ppo,0,475,2,0.403726,0.149377,-0.187488,1.0218,5.87643e+06,728885,17158.5,268.64,5.43621,0.0747529,0.0105368,0.0508506,211.125,0.189495,0.430474,0.188752,0,0.125,-1,300,0,268.64,211.125,0.430474,0.188752,0,5.14754e+06,1,1,1,1,0.05,300,300,300,300,300,300,300,300,300,300,300,300,300,300,300
ppo,0,476,4,0.418129,0.148865,-0.199024,1.01199,6.83625e+06,804795,20104.8,282.365,10.7467,0.0706777,0.0125154,0.0397553,435.043,0.125661,0.443838,0.199385,0,0.125,-1,300,0,282.365,435.043,0.443838,0.199385,0,6.03145e+06,1,1,1,1,0.05,300,300,300,300,300,300,300,300,300,300,300,300,300,300,300
ppo,0,477,7,0.44296,0.0383635,-0.440097,0.924868,6.48042e+06,812496,18893.1,283.598,7.44488,0.0618217,0.00934553,0.0300251,161.913,0.469515,0.444619,0.446464,0,0.125,-1,300,0,283.598,161.913,0.444619,0.446464,0,5.66792e+06,1,1,1,1,0.05,300,300,300,300,300,300,300,300,300,300,300,300,300,300,300
ppo,0,478,7,0.55141,0.0817994,-0.460467,1.01919,6.01686e+06,742377,17581.6,271.086,7.01744,0.0608404,0.0205228,0.0239016,234.944,0.291815,0.557444,0.460867,0,0.125,-1,300,0,271.086,234.944,0.557444,0.460867,0,5.27449e+06,1,1,1,1,0.05,300,300,300,300,300,300,300,300,300,300,300,300,300,300,300
ppo,0,479,6,0.228984,0.0614707,0.394412,1.08288,5.75292e+06,701403,16838.4,263.55,5.90005,0.0661186,0.0175391,0.00825572,162.983,0.213307,0.237092,0.403026,0,0.125,-1,300,0,263.55,162.983,0.237092,0.403026,0,5.05151e+06,1,1,1,1,0.05,300,300,300,300,300,300,300,300,300,300,300,300,300,300,300
ppo,0,480,6,0.383564,0.0255862,0.306609,1.0571,5.36192e+06,673239,15628.9,258.135,6.18527,0.0759854,0.0102454,0.0183399,214.402,0.341,0.384417,0.311881,0,0.125,-1,300,0,258.135,214.402,0.384417,0.311881,0,4.68868e+06,1,1,1,1,0.05,300,300,300,300,300,300,300,300,300,300,300,300,300,300,300
ppo,0,481,2,0.334553,0.0514017,0.494442,1.01978,5.96629e+06,728788,17458.3,268.629,7.37682,0.0805494,0.0205534,0.0213902,310.22,0.187185,0.338479,0.494837,0,0.125,-1,300,0,268.629,310.22,0.338479,0.494837,0,5.2375e+06,1,1,1,1,0.05,300,300,300,300,300,300,300,300,300,300,300,300,300,300,300
ppo,0,482,3,0.397983,0.134297,0.160942,1.06182,5.19406e+06,653497,15135.2,254.308,5.59422,0.0217475,0.00961046,0.0271171,195.844,0.297421,0.420031,0.172408,0,0.125,-1,300,0,254.308,195.844,0.420031,0.172408,0,4.54057e+06,1,1,1,1,0.05,300,300,300,300,300,300,300,300,300,300,300,300,300,300,300
ppo,0,483,2,0.429478,0.0474413,0.35541,0.927325,6.61554e+06,851987,19211.9,290.321,7.12319,0.0449934,0.0199537,0.0254824,436.933,0.521176,0.43209,0.362765,0,0.125,-1,300,0,290.321,436.933,0.43209,0.362765,0,5.76356e+06,1,1,1,1,0.05,300,300,300,300,300,300,300,300,300,300,300,300,300,300,300
ppo,0,484,5,0.453357,0.0652423,0.109339,0.918084,6.93896e+06,865949,20243.4,292.821,9.18284,0.108824,0.0188893,0.0307222,219.666,0.11377,0.458027,0.136621,0,0.125,-1,300,0,292.821,219.666,0.458027,0.136621,0,6.07301e+06,1,1,1,1,0.05,300,300,300,300,300,300,300,300,300,300,300,300,300,300,300
ppo,0,485,2,0.441863,0.0197531,-0.469756,0.945099,6.95027e+06,867171,20277,292.926,8.16522,0.0465594,0.0297753,0.0213165,158.873,0.159075,0.442304,0.472953,0,0.125,-1,300,0,292.926,158.873,0.442304,0.472953,0,6.0831e+06,1,1,1,1,0.05,300,300,300,300,300,300,300,300,300,300,300,300,300,300,300
ppo,0,486,6,0.550695,0.0263101,-0.0564724,1.00854,6.03621e+06,761264,17583.2,274.443,3.97009,0.0386671,0.0102422,0.0171458,205.203,0.387076,0.551324,0.0571142,0,0.125,-1,300,0,274.443,205.203,0.551324,0.0571142,0,5.27495e+06,1,1,1,1,0.05,300,300,300,300,300,300,300,300,300,300,300,300,300,300,300
ppo,0,487,7,0.408471,0.0416259,0.39141,0.914249,6.9931e+06,877288,20386,294.669,5.26048,0.0699893,0.0174241,0.0177409,55.8879,0.232447,0.410587,0.400693,0,0.125,-1,300,0,294.669,55.8879,0.410587,0.400693,0,6.11581e+06,1,1,1,1,0.05,300,300,300,300,300,300,300,300,300,300,300,300,300,300,300
ppo,0,488,2,0.347024,0.137106,-0.145214,1.07053,5.14339e+06,641617,15005.9,252.017,6.94917,0.0450134,0.00808571,0.0161301,160.223,0.18232,0.373127,0.161435,0,0.125,-1,300,0,252.017,160.223,0.373127,0.161435,0,4.50178e+06,1,1,1,1,0.05,300,300,300,300,300,300,300,300,300,300,300,300,300,300,300
ppo,0,489,3,0.497726,0.182094,-0.416592,0.934776,6.7598e+06,830660,19763.8,286.734,7.99206,0.0909852,0.0142094,0.0360249,278.753,0.151433,0.52999,0.421667,0,0.125,-1,300,0,286.734,278.753,0.52999,0.421667,0,5.92914e+06,1,1,1,1,0.05,300,300,300,300,300,300,300,300,300,300,300,300,300,300,300
ppo,0,490,0,0.393144,0.105983,-0.175849,1.00952,5.64547e+06,709303,16453.9,264.947,6.76102,0.0548668,0.0135049,0.0653215,174.604,0.328989,0.407179,0.176107,1,0.125,0,300,0,264.947,174.604,0.407179,0.176107,1,4.93617e+06,1,1,1,1,0.05,300,300,300,300,300,300,300,300,300,300,300,300,300,300,300
ppo,0,491,4,0.21771,0.0237546,0.478379,1.03329,5.97722e+06,747074,17433.8,271.956,7.41052,0.121092,0.00839573,0.0394523,212.946,0.29909,0.219002,0.479536,0,0.125,-1,300,0,271.956,212.946,0.219002,0.479536,0,5.23015e+06,1,1,1,1,0.05,300,300,300,300,300,300,300,300,300,300,300,300,300,300,300
ppo,0,492,6,0.522602,0.0743117,-0.229644,1.09626,5.80955e+06,704527,17016.8,264.146,5.33556,0.111553,0.0198979,0.0360768,298.681,0.0567698,0.527859,0.249002,0,0.125,-1,300,0,264.146,298.681,0.527859,0.249002,0,5.10503e+06,1,1,1,1,0.05,300,300,300,300,300,300,300,300,300,300,300,300,300,300,300
ppo,0,493,5,0.316607,0.166552,-0.416726,1.05198,5.61253e+06,694491,16393.5,262.205,3.99957,0.0621746,0.00779572,0.0494554,183.721,0.176022,0.357742,0.419955,0,0.125,-1,300,0,262.205,183.721,0.357742,0.419955,0,4.91804e+06,1,1,1,1,0.05,300,300,300,300,300,300,300,300,300,300,300,300,300,300,300
ppo,0,494,0,0.409982,0.110744,0.493543,1.05676,5.45712e+06,703926,15844,263.863,7.63812,0.172697,0.0162159,0.0369888,317.655,0.297823,0.424676,0.496796,1,0.125,0,300,0,263.863,317.655,0.424676,0.496796,1,4.7532e+06,1,1,1,1,0.05,300,300,300,300,300,300,300,300,300,300,300,300,300,300,300
ppo,0,495,1,0.445478,0.095374,-0.379102,0.967988,6.06429e+06,788378,17586.4,279.258,5.83276,0.11252,0.0173964,0.0314153,223.82,0.269191,0.455573,0.380451,0,0.125,-1,300,0,279.258,223.82,0.455573,0.380451,0,5.27591e+06,1,1,1,1,0.05,300,300,300,300,300,300,300,300,300,300,300,300,300,300,300
ppo,0,496,5,0.492409,0.113593,0.0556823,0.960757,6.7275e+06,862268,19550.8,292.117,5.03533,0.0545714,0.0112403,0.00885509,263.192,0.065355,0.505342,0.0681213,0,0.125,-1,300,0,292.117,263.192,0.505342,0.0681213,0,5.86523e+06,1,1,1,1,0.05,300,300,300,300,300,300,300,300,300,300,300,300,300,300,300
ppo,0,497,0,0.106906,0.167564,-0.187333,1.08959,5.41484e+06,673854,15803.3,258.275,2.0767,0.0240841,0.0169862,0.0479268,139.168,0.179364,0.198762,0.207654,1,0.125,0,300,0,258.275,139.168,0.198762,0.207654,1,4.74098e+06,1,1,1,1,0.05,300,300,300,300,300,300,300,300,300,300,300,300,300,300,300
ppo,0,498,3,0.301389,0.15996,0.455465,0.910531,6.8547e+06,903781,19836.4,298.993,5.8489,0.067173,0.0101783,0.00822655,180.013,0.0743091,0.341207,0.46417,0,0.125,-1,300,0,298.993,180.013,0.341207,0.46417,0,5.95092e+06,1,1,1,1,0.05,300,300,300,300,300,300,300,300,300,300,300,300,300,300,300
ppo,0,499,7,0.123917,0.0254545,-0.447705,1.09872,5.57946e+06,697716,16272.5,262.778,3.11754,0.0546973,0.0273707,0.047694,220.669,0.109748,0.126504,0.45846,0,0.125,-1,300,0,262.778,220.669,0.126504,0.45846,0,4.88174e+06,1,1,1,1,0.05,300,300,300,300,300,300,300,300,300,300,300,300,300,300,300
ppo,0,500,6,0.354641,0.154867,-0.16169,1.08565,5.81161e+06,691516,17067,261.722,8.62367,0.0741491,0.0143338,0.0283688,157.388,0.0866615,0.38698,0.182974,0,0.125,-1,300,0,261.722,157.388,0.38698,0.182974,0,5.12009e+06,1,1,1,1,0.05,300,300,300,300,300,300,300,300,300,300,300,300,300,300,300
ppo,0,501,7,0.490786,0.00707998,0.146975,1.05369,6.18173e+06,767800,18046.4,275.683,9.3801,0.0909558,0.012787,0.0215407,415.902,0.670446,0.490837,0.156475,0,0.125,-1,300,0,275.683,415.902,0.490837,0.156475,0,5.41393e+06,1,1,1,1,0.05,300,300,300,300,300,300,300,300,300,300,300,300,300,300,300
ppo,0,502,7,0.221018,0.0126241,-0.205462,1.02656,5.31667e+06,680281,15454.6,259.423,7.8525,0.109708,0.0212823,0.0314006,133.822,0.66507,0.221378,0.207171,0,0.125,-1,300,0,259.423,133.822,0.221378,0.207171,0,4.63639e+06,1,1,1,1,0.05,300,300,300,300,300,300,300,300,300,300,300,300,300,300,300
ppo,0,503,0,0.234979,0.138729,-0.19659,1.09421,5.73844e+06,708593,16766.2,264.877,8.17167,0.103403,0.012083,0.0195865,253.821,0.223027,0.272875,0.217997,1,0.125,0,300,0,264.877,253.821,0.272875,0.217997,1,5.02984e+06,1,1,1,1,0.05,300,300,300,300,300,300,300,300,300,300,300,300,300,300,300
ppo,0,504,3,0.317703,0.0283871,0.322861,1.09019,4.92861e+06,618343,14367.6,247.378,6.80311,0.0499682,0.00858127,0.0343774,292.037,0.175729,0.318968,0.335222,0,0.125,-1,300,0,247.378,292.037,0.318968,0.335222,0,4.31026e+06,1,1,1,1,0.05,300,300,300,300,300,300,300,300,300,300,300,300,300,300,300
ppo,0,505,2,0.237733,0.076863,-0.201512,0.967268,7.36388e+06,924101,21465.9,302.403,8.51822,0.125289,0.00944569,0.0133059,382.318,0.212611,0.249849,0.204153,0,0.125,-1,300,0,302.403,382.318,0.249849,0.204153,0,6.43978e+06,1,1,1,1,0.05,300,300,300,300,300,300,300,300,300,300,300,300,300,300,300
ppo,0,506,0,0.37796,0.0339066,-0.370647,1.08134,5.61114e+06,689914,16404.1,261.365,4.78154,0.0235188,0.0236478,0.0270512,282.365,0.560613,0.379478,0.379467,1,0.125,0,300,0,261.365,282.365,0.379478,0.379467,1,4.92123e+06,1,1,1,1,0.05,300,300,300,300,300,300,300,300,300,300,300,300,300,300,300
ppo,0,507,0,0.230741,0.098255,-0.31439,0.961045,6.88439e+06,888821,19985.2,296.477,4.10692,0.0557493,0.00533626,0.0151743,173.386,0.235606,0.250789,0.316794,1,0.125,0,300,0,296.477,173.386,0.250789,0.316794,1,5.99557e+06,1,1,1,1,0.05,300,300,300,300,300,300,300,300,300,300,300,300,300,300,300
ppo,0,508,4,0.429814,0.175416,-0.10102,1.07504,5.16139e+06,660034,15004.5,255.584,6.09134,0.0967762,0.0143345,0.0182921,229.553,0.101816,0.464231,0.125842,0,0.125,-1,300,0,255.584,229.553,0.464231,0.125842,0,4.50136e+06,1,1,1,1,0.05,300,300,300,300,300,300,300,300,300,300,300,300,300,300,300
ppo,0,509,2,0.341952,0.0895129,-0.447715,0.939048,6.61029e+06,852464,19192.8,290.42,8.46122,0.171238,0.00763979,0.0184942,220.248,0.591053,0.353473,0.451845,0,0.125,-1,300,0,290.42,220.248,0.353473,0.451845,0,5.75783e+06,1,1,1,1,0.05,300,300,300,300,300,300,300,300,300,300,300,300,300,300,300
ppo,0,510,5,0.483487,0.165769,0.215658,1.02699,6.11838e+06,756119,17874.2,273.572,9.91494,0.0861882,0.0195694,0.0322289,37.4617,0.0994741,0.511115,0.217341,0,0.125,-1,300,0,273.572,37.4617,0.511115,0.217341,0,5.36226e+06,1,1,1,1,0.05,300,300,300,300,300,300,300,300,300,300,300,300,300,300,300
ppo,0,511,1,0.362468,0.0619768,-0.0999804,0.9851,5.63713e+06,720242,16389.6,267.001,5.24434,0.0815129,0.00612536,0.0368491,60.2673,0.350333,0.367729,0.101085,0,0.125,-1,300,0,267.001,60.2673,0.367729,0.101085,0,4.91689e+06,1,1,1,1,0.05,300,300,300,300,300,300,300,300,300,300,300,300,300,300,300
ppo,0,512,1,0.206235,0.122275,-0.18272,1.06936,5.4216e+06,689480,15773.7,261.186,8.43621,0.0526496,0.0105383,0.0239394,276.227,0.148121,0.239758,0.195442,0,0.125,-1,300,0,261.186,276.227,0.239758,0.195442,0,4.73212e+06,1,1,1,1,0.05,300,300,300,300,300,300,300,300,300,300,300,300,300,300,300
ppo,0,513,7,0.525916,0.0972803,0.0676863,0.92288,6.35817e+06,817608,18468.5,284.407,1.36587,0.10586,0.0134477,0.0357107,167.862,0.123016,0.534837,0.102611,0,0.125,-1,300,0,284.407,167.862,0.534837,0.102611,0,5.54056e+06,1,1,1,1,0.05,300,300,300,300,300,300,300,300,300,300,300,300,300,300,300
ppo,0,514,5,0.439274,0.102123,0.379662,1.02341,6.65302e+06,786356,19555.5,279.124,8.268,0.0528736,0.0147689,0.0266753,257.844,0.249616,0.450988,0.380383,0,0.125,-1,300,0,279.124,257.844,0.450988,0.380383,0,5.86666e+06,1,1,1,1,0.05,300,300,300,300,300,300,300,300,300,300,300,300,300,300,300
ppo,0,515,3,0.546055,0.181601,0.00537848,0.976786,6.24672e+06,811554,18117.2,283.275,2.93983,0.0478544,0.0220029,0.0292599,260.255,0.238054,0.575461,0.0238284,0,0.125,-1,300,0,283.275,260.255,0.575461,0.0238284,0,5.43517e+06,1,1,1,1,0.05,300,300,300,300,300,300,300,300,300,300,300,300,300,300,300
ppo,0,516,5,0.16536,0.0137682,0.202375,1.03127,6.44243e+06,796129,18821,280.824,9.37949,0.105019,0.0248268,0.0244705,150.611,0.491577,0.165932,0.204777,0,0.125,-1,300,0,280.824,150.611,0.165932,0.204777,0,5.6463e+06,1,1,1,1,0.05,300,300,300,300,300,300,300,300,300,300,300,300,300,300,300
ppo,0,517,2,0.214078,0.172089,-0.100361,0.929303,6.14558e+06,786712,17862.9,279.069,7.17324,0.136357,0.0175999,0.00942362,108.246,0.171838,0.274671,0.122761,0,0.125,-1,300,0,279.069,108.246,0.274671,0.122761,0,5.35887e+06,1,1,1,1,0.05,300,300,300,300,300,300,300,300,300,300,300,300,300,300,300
ppo,0,518,5,0.396247,0.011541,-0.315174,1.07786,6.04673e+06,730294,17721.5,268.909,8.66629,0.0731512,0.0170414,0.00911586,285.266,0.663579,0.396415,0.324649,0,0.125,-1,300,0,268.909,285.266,0.396415,0.324649,0,5.31644e+06,1,1,1,1,0.05,300,300,300,300,300,300,300,300,300,300,300,300,300,300,300
ppo,0,519,2,0.388844,0.191078,0.137457,1.07355,5.30542e+06,670034,15451.3,257.538,8.19514,0.052773,0.020997,0.0446517,189.087,0.0781777,0.433256,0.1559,0,0.125,-1,300,0,257.538,189.087,0.433256,0.1559,0,4.63538e+06,1,1,1,1,0.05,300,300,300,300,300,300,300,300,300,300,300,300,300,300,300
ppo,0,520,5,0.361866,0.160955,0.351019,1.07772,5.36892e+06,670504,15661.4,257.602,7.22428,0.029526,0.0154166,0.0493996,115.68,0.292557,0.396047,0.35952,0,0.125,-1,300,0,257.602,115.68,0.396047,0.35952,0,4.69841e+06,1,1,1,1,0.05,300,300,300,300,300,300,300,300,300,300,300,300,300,300,300
ppo,0,521,6,0.40757,0.00834267,-0.374793,0.999151,6.90331e+06,822513,20269.3,285.391,10.7558,0.0844134,0.0181156,0.0218568,163.522,0.588345,0.407655,0.374794,0,0.125,-1,300,0,285.391,163.522,0.407655,0.374794,0,6.0808e+06,1,1,1,1,0.05,300,300,300,300,300,300,300,300,300,300,300,300,300,300,300
ppo,0,522,7,0.247911,0.0991394,0.255766,0.915289,7.11119e+06,904388,20689.3,299.059,7.03101,0.104881,0.0137772,0.0456897,241.075,0.332741,0.266999,0.26943,0,0.125,-1,300,0,299.059,241.075,0.266999,0.26943,0,6.2068e+06,1,1,1,1,0.05,300,300,300,300,300,300,300,300,300,300,300,300,300,300,300
ppo,0,523,0,0.276105,0.0343476,0.167504,0.976414,6.4486e+06,796509,18840.3,280.826,9.14517,0.0456143,0.0192202,0.0534307,235.115,0.334905,0.278233,0.169156,1,0.125,0,300,0,280.826,235.115,0.278233,0.169156,1,5.65209e+06,1,1,1,1,0.05,300,300,300,300,300,300,300,300,300,300,300,300,300,300,300
ppo,0,524,3,0.38269,0.00242224,0.313705,1.09382,4.54739e+06,589647,13192.5,241.541,3.18115,0.0183819,0.0157717,0.00680455,240.833,0.738481,0.382698,0.327434,0,0.125,-1,300,0,241.541,240.833,0.382698,0.327434,0,3.95774e+06,1,1,1,1,0.05,300,300,300,300,300,300,300,300,300,300,300,300,300,300,300
ppo,0,525,7,0.5411,0.161489,-0.239372,1.08264,6.13746e+06,770831,17888.8,276.154,4.27912,0.0402937,0.0159432,0.0260928,293.529,0.178613,0.564684,0.253237,0,0.125,-1,300,0,276.154,293.529,0.564684,0.253237,0,5.36663e+06,1,1,1,1,0.05,300,300,300,300,300,300,300,300,300,300,300,300,300,300,300
ppo,0,526,5,0.26801,0.0454513,-0.118376,1.01934,6.38011e+06,796394,18612.4,280.73,5.95069,0.105827,0.00971867,0.0277875,219.454,0.0687348,0.271836,0.119945,0,0.125,-1,300,0,280.73,219.454,0.271836,0.119945,0,5.58372e+06,1,1,1,1,0.05,300,300,300,300,300,300,300,300,300,300,300,300,300,300,300
ppo,0,527,6,0.494283,0.0458,-0.404744,1.02507,6.12117e+06,771765,17831.4,276.408,8.07464,0.0632145,0.0235496,0.0142167,221.031,0.434827,0.4964,0.40552,0,0.125,-1,300,0,276.408,221.031,0.4964,0.40552,0,5.34941e+06,1,1,1,1,0.05,300,300,300,300,300,300,300,300,300,300,300,300,300,300,300
ppo,0,528,4,0.33221,0.11251,-0.130537,0.9337,6.84656e+06,846092,20001.6,289.42,9.89219,0.0840781,0.0193148,0.0210869,526.243,0.165585,0.350745,0.146409,0,0.125,-1,300,0,289.42,526.243,0.350745,0.146409,0,6.00047e+06,1,1,1,1,0.05,300,300,300,300,300,300,300,300,300,300,300,300,300,300,300
ppo,0,529,2,0.281445,0.0930793,0.15771,1.05666,5.61726e+06,701946,16384.4,263.566,5.32453,0.0237585,0.0130709,0.032479,361.351,0.0759326,0.296437,0.167581,0,0.125,-1,300,0,263.566,361.351,0.296437,0.167581,0,4.91531e+06,1,1,1,1,0.05,300,300,300,300,300,300,300,300,300,300,300,300,300,300,300
ppo,0,530,6,0.476137,0.131683,0.311727,0.970679,6.68225e+06,868050,19380.7,293.06,0.206685,0.0409667,0.0142921,0.0294271,163.566,0.170247,0.494011,0.313102,0,0.125,-1,300,0,293.06,163.566,0.494011,0.313102,0,5.8142e+06,1,1,1,1,0.05,300,300,300,300,300,300,300,300,300,300,300,300,300,300,300
ppo,0,531,7,0.431919,0.126395,0.423946,0.988971,6.1677e+06,792739,17916.6,280.088,6.1375,0.0569372,0.0217985,0.0193189,279.149,0.142292,0.450033,0.424089,0,0.125,-1,300,0,280.088,279.149,0.450033,0.424089,0,5.37496e+06,1,1,1,1,0.05,300,300,300,300,300,300,300,300,300,300,300,300,300,300,300
ppo,0,532,4,0.312136,0.138812,-0.281556,0.955776,5.888e+06,770529,17058.2,276.056,4.15978,0.0592544,0.00719568,0.0289847,213.529,0.304125,0.34161,0.285008,0,0.125,-1,300,0,276.056,213.529,0.34161,0.285008,0,5.11747e+06,1,1,1,1,0.05,300,300,300,300,300,300,300,300,300,300,300,300,300,300,300
ppo,0,533,6,0.162419,0.000310373,-0.100106,1.03456,5.7653e+06,691111,16914,261.632,5.38068,0.0379706,0.0128064,0.0341685,130.925,0.842384,0.162419,0.105903,0,0.125,-1,300,0,261.632,130.925,0.162419,0.105903,0,5.07419e+06,1,1,1,1,0.05,300,300,300,300,300,300,300,300,300,300,300,300,300,300,300
ppo,0,534,7,0.155162,0.171975,0.303833,1.0108,6.91788e+06,821208,20322.2,285.221,10.5957,0.0430193,0.0143286,0.00713589,45.0185,0.0870873,0.231626,0.304025,0,0.125,-1,300,0,285.221,45.0185,0.231626,0.304025,0,6.09667e+06,1,1,1,1,0.05,300,300,300,300,300,300,300,300,300,300,300,300,300,300,300
ppo,0,535,7,0.355718,0.0149557,0.110457,0.981602,6.38495e+06,805707,18597.5,282.417,4.40929,0.0694313,0.0154169,0.025577,355.182,0.697383,0.356032,0.111978,0,0.125,-1,300,0,282.417,355.182,0.356032,0.111978,0,5.57924e+06,1,1,1,1,0.05,300,300,300,300,300,300,300,300,300,300,300,300,300,300,300
ppo,0,536,3,0.452551,0.129251,-0.113793,1.02323,6.3659e+06,783749,18607.2,278.571,10.1656,0.0569719,0.0177579,0.0247841,257.597,0.155129,0.470647,0.116141,0,0.125,-1,300,0,278.571,257.597,0.470647,0.116141,0,5.58215e+06,1,1,1,1,0.05,300,300,300,300,300,300,300,300,300,300,300,300,300,300,300
ppo,0,537,1,0.439787,0.0775326,0.358241,1.04028,4.99291e+06,652508,14468,254.082,7.68369,0.0431545,0.0109394,0.0210444,172.132,0.156065,0.446569,0.360498,0,0.125,-1,300,0,254.082,172.132,0.446569,0.360498,0,4.3404e+06,1,1,1,1,0.05,300,300,300,300,300,300,300,300,300,300,300,300,300,300,300
ppo,0,538,0,0.336362,0.0506603,0.0546293,1.06786,4.84572e+06,623986,14072.4,248.506,5.88406,0.0918691,0.0169434,0.0292874,87.4309,0.244034,0.340156,0.0871166,1,0.125,0,300,0,248.506,87.4309,0.340156,0.0871166,1,4.22173e+06,1,1,1,1,0.05,300,300,300,300,300,300,300,300,300,300,300,300,300,300,300
ppo,0,539,5,0.456022,0.101226,-0.023486,0.947259,7.11193e+06,885566,20754.6,296.067,8.43282,0.16722,0.0173262,0.0319412,230.288,0.140462,0.467122,0.057734,0,0.125,-1,300,0,296.067,230.288,0.467122,0.057734,0,6.22637e+06,1,1,1,1,0.05,300,300,300,300,300,300,300,300,300,300,300,300,300,300,300
ppo,0,540,6,0.155772,0.0183277,-0.149749,1.08567,4.8265e+06,591556,14116.5,241.887,4.08694,0.113916,0.0160517,0.0247187,67.2669,0.852551,0.156847,0.172523,0,0.125,-1,300,0,241.887,67.2669,0.156847,0.172523,0,4.23495e+06,1,1,1,1,0.05,300,300,300,300,300,300,300,300,300,300,300,300,300,300,300
ppo,0,541,1,0.464428,0.0689845,0.493637,0.994662,6.15336e+06,800894,17841.5,281.503,6.30439,0.0621239,0.0204249,0.0293978,158.124,0.258101,0.469523,0.493666,0,0.125,-1,300,0,281.503,158.124,0.469523,0.493666,0,5.35246e+06,1,1,1,1,0.05,300,300,300,300,300,300,300,300,300,300,300,300,300,300,300
ppo,0,542,1,0.394241,0.0865596,0.395892,1.06467,4.92758e+06,631860,14319.1,250.019,6.00472,0.0711088,0.019668,0.0371356,226.944,0.116714,0.403632,0.40114,0,0.125,-1,300,0,250.019,226.944,0.403632,0.40114,0,4.29572e+06,1,1,1,1,0.05,300,300,300,300,300,300,300,300,300,300,300,300,300,300,300
ppo,0,543,2,0.326135,0.138203,-0.33348,1.05759,5.69835e+06,716348,16606.7,266.291,7.13285,0.0977605,0.0239014,0.0233614,275.305,0.151363,0.354208,0.338417,0,0.125,-1,300,0,266.291,275.305,0.354208,0.338417,0,4.982e+06,1,1,1,1,0.05,300,300,300,300,300,300,300,300,300,300,300,300,300,300,300
ppo,0,544,7,0.407737,0.159141,-0.0485957,1.00339,6.63956e+06,828020,19371.8,286.237,10.8057,0.0818831,0.0145935,0.0253591,42.4473,0.152384,0.437693,0.048714,0,0.125,-1,300,0,286.237,42.4473,0.437693,0.048714,0,5.81154e+06,1,1,1,1,0.05,300,300,300,300,300,300,300,300,300,300,300,300,300,300,300
ppo,0,545,1,0.264767,0.182894,0.123994,0.949697,7.0274e+06,885764,20472.1,296.072,10.8358,0.0886836,0.0140234,0.0389007,115.646,0.105583,0.321794,0.133809,0,0.125,-1,300,0,296.072,115.646,0.321794,0.133809,0,6.14164e+06,1,1,1,1,0.05,300,300,300,300,300,300,300,300,300,300,300,300,300,300,300
ppo,0,546,2,0.30384,0.112339,0.455919,0.905273,7.2388e+06,904223,21115.3,299.122,8.81117,0.0207604,0.0187778,0.0343742,124.214,0.200046,0.323942,0.465656,0,0.125,-1,300,0,299.122,124.214,0.323942,0.465656,0,6.33458e+06,1,1,1,1,0.05,300,300,300,300,300,300,300,300,300,300,300,300,300,300,300
ppo,0,547,7,0.407594,0.152265,-0.414407,1.07077,5.29947e+06,656085,15477.9,254.877,3.63208,0.0884112,0.0147254,0.0152538,313.881,0.151731,0.435106,0.420405,0,0.125,-1,300,0,254.877,313.881,0.435106,0.420405,0,4.64338e+06,1,1,1,1,0.05,300,300,300,300,300,300,300,300,300,300,300,300,300,300,300
ppo,0,548,1,0.374846,0.178827,0.260196,0.984123,5.7988e+06,740226,16861.9,270.655,5.40061,0.0960944,0.0207923,0.0539483,169.758,0.280665,0.415317,0.26068,0,0.125,-1,300,0,270.655,169.758,0.415317,0.26068,0,5.05857e+06,1,1,1,1,0.05,300,300,300,300,300,300,300,300,300,300,300,300,300,300,300
ppo,0,549,5,0.194071,0.194465,0.0647888,0.980159,6.32331e+06,799264,18413.5,281.24,7.81836,0.107906,0.014323,0.0239264,277.826,0.0664172,0.274737,0.0677588,0,0.125,-1,300,0,281.24,277.826,0.274737,0.0677588,0,5.52405e+06,1,1,1,1,0.05,300,300,300,300,300,300,300,300,300,300,300,300,300,300,300
ppo,0,550,6,0.422369,0.0479483,0.279703,0.90135,6.6378e+06,827904,19366.3,286.24,2.76339,0.0269791,0.00575836,0.0210102,215.791,0.237331,0.425082,0.29659,0,0.125,-1,300,0,286.24,215.791,0.425082,0.29659,0,5.80989e+06,1,1,1,1,0.05,300,300,300,300,300,300,300,300,300,300,300,300,300,300,300
ppo,0,551,1,0.217025,0.0604166,0.120186,0.988938,6.65496e+06,829789,19417.2,286.549,9.9688,0.0241762,0.0127083,0.0518307,160.514,0.527335,0.225278,0.120694,0,0.125,-1,300,0,286.549,160.514,0.225278,0.120694,0,5.82517e+06,1,1,1,1,0.05,300,300,300,300,300,300,300,300,300,300,300,300,300,300,300
ppo,0,552,6,0.437239,0.0337717,0.25382,1.05633,5.61973e+06,708505,16370.7,264.751,4.87886,0.0896463,0.0200746,0.0447394,468.934,0.138831,0.438541,0.259996,0,0.125,-1,300,0,264.751,468.934,0.438541,0.259996,0,4.91122e+06,1,1,1,1,0.05,300,300,300,300,300,300,300,300,300,300,300,300,300,300,300
ppo,0,553,7,0.424367,0.0213927,0.13377,1.00578,6.18167e+06,757481,18080.6,273.857,7.4314,0.0833606,0.022989,0.036483,181.69,0.611468,0.424905,0.133895,0,0.125,-1,300,0,273.857,181.69,0.424905,0.133895,0,5.42419e+06,1,1,1,1,0.05,300,300,300,300,300,300,300,300,300,300,300,300,300,300,300
ppo,0,554,4,0.410676,0.0842211,0.0774307,1.04081,6.62878e+06,772488,19521,276.642,5.72587,0.132495,0.0142106,0.0466455,394.288,0.38527,0.419223,0.0875254,0,0.125,-1,300,0,276.642,394.288,0.419223,0.0875254,0,5.85629e+06,1,1,1,1,0.05,300,300,300,300,300,300,300,300,300,300,300,300,300,300,300
ppo,0,555,7,0.286576,0.0468149,0.213709,1.02671,5.90142e+06,748132,17177.6,272.107,2.64439,0.0788491,0.0341557,0.0244343,178.12,0.221294,0.290375,0.215371,0,0.125,-1,300,0,272.107,178.12,0.290375,0.215371,0,5.15329e+06,1,1,1,1,0.05,300,300,300,300,300,300,300,300,300,300,300,300,300,300,300
ppo,0,556,1,0.369078,0.0350605,0.110628,0.918215,7.44075e+06,928110,21708.8,303.12,6.76583,0.0386448,0.0129396,0.0324168,335.62,0.597216,0.370739,0.137577,0,0.125,-1,300,0,303.12,335.62,0.370739,0.137577,0,6.51264e+06,1,1,1,1,0.05,300,300,300,300,300,300,300,300,300,300,300,300,300,300,300
ppo,0,557,1,0.378094,0.00442121,0.329353,0.933644,7.46288e+06,906646,21854.1,299.639,9.47646,0.0896044,0.0144721,0.00971359,445.366,0.527729,0.378119,0.335971,0,0.125,-1,300,0,299.639,445.366,0.378119,0.335971,0,6.55624e+06,1,1,1,1,0.05,300,300,300,300,300,300,300,300,300,300,300,300,300,300,300
ppo,0,558,3,0.410521,0.138694,-0.182417,1.06944,5.68728e+06,690552,16655.7,261.499,7.73634,0.0625969,0.0385989,0.0419346,314.484,0.0613832,0.433317,0.195188,0,0.125,-1,300,0,261.499,314.484,0.433317,0.195188,0,4.99672e+06,1,1,1,1,0.05,300,300,300,300,300,300,300,300,300,300,300,300,300,300,300
ppo,0,559,1,0.314533,0.0389441,-0.430149,0.941288,7.55084e+06,935154,22052.3,304.254,9.29136,0.102283,0.0243891,0.0114808,520.248,0.253283,0.316935,0.434137,0,0.125,-1,300,0,304.254,520.248,0.316935,0.434137,0,6.61568e+06,1,1,1,1,0.05,300,300,300,300,300,300,300,300,300,300,300,300,300,300,300
ppo,0,560,0,0.259637,0.138081,-0.424386,0.968619,6.8785e+06,884055,19981.5,295.784,10.8122,0.0774817,0.0247908,0.0406469,40.8512,0.0961139,0.294071,0.425545,1,0.125,0,300,0,295.784,40.8512,0.294071,0.425545,1,5.99444e+06,1,1,1,1,0.05,300,300,300,300,300,300,300,300,300,300,300,300,300,300,300
ppo,0,561,5,0.350119,0.0888826,-0.27119,0.975719,6.74565e+06,854242,19638,290.734,6.82273,0.0474331,0.00882282,0.0464231,189.455,0.141057,0.361225,0.272274,0,0.125,-1,300,0,290.734,189.455,0.361225,0.272274,0,5.89141e+06,1,1,1,1,0.05,300,300,300,300,300,300,300,300,300,300,300,300,300,300,300
ppo,0,562,3,0.312738,0.198659,-0.0755731,0.937555,7.36152e+06,895571,21553.2,297.73,10.7661,0.0175652,0.0168089,0.0222038,311.874,0.128098,0.3705,0.0980342,0,0.125,-1,300,0,297.73,311.874,0.3705,0.0980342,0,6.46595e+06,1,1,1,1,0.05,300,300,300,300,300,300,300,300,300,300,300,300,300,300,300
ppo,0,563,6,0.499061,0.110476,-0.28834,0.90892,7.29676e+06,913785,21276.6,300.7,7.86594,0.0572597,0.0131329,0.00895114,275.373,0.209952,0.511143,0.302383,0,0.125,-1,300,0,300.7,275.373,0.511143,0.302383,0,6.38297e+06,1,1,1,1,0.05,300,300,300,300,300,300,300,300,300,300,300,300,300,300,300
ppo,0,564,1,0.325202,0.0988712,0.172639,0.96695,6.47648e+06,842291,18780.6,288.596,6.53292,0.0700482,0.0188206,0.0158055,241.259,0.22378,0.339899,0.175774,0,0.125,-1,300,0,288.596,241.259,0.339899,0.175774,0,5.63419e+06,1,1,1,1,0.05,300,300,300,300,300,300,300,300,300,300,300,300,300,300,300
ppo,0,565,3,0.483641,0.09639,-0.0790354,1.07355,5.96305e+06,751736,17371,272.763,5.78428,0.0827152,0.0110897,0.0373963,288.744,0.0803394,0.493153,0.107966,0,0.125,-1,300,0,272.763,288.744,0.493153,0.107966,0,5.21131e+06,1,1,1,1,0.05,300,300,300,300,300,300,300,300,300,300,300,300,300,300,300
ppo,0,566,6,0.364406,0.134291,-0.34477,1.03565,5.90811e+06,730993,17257.1,269.035,3.93469,0.0705664,0.0166119,0.0390359,193.112,0.216094,0.388364,0.346609,0,0.125,-1,300,0,269.035,193.112,0.388364,0.346609,0,5.17712e+06,1,1,1,1,0.05,300,300,300,300,300,300,300,300,300,300,300,300,300,300,300
ppo,0,567,5,0.395735,0.072148,0.425581,1.01075,5.96557e+06,769172,17321.3,275.899,2.1931,0.0414266,0.00789739,0.0219421,241.113,0.0461437,0.402258,0.425717,0,0.125,-1,300,0,275.899,241.113,0.402258,0.425717,0,5.1964e+06,1,1,1,1,0.05,300,300,300,300,300,300,300,300,300,300,300,300,300,300,300
ppo,0,568,2,0.328201,0.160522,0.443951,1.08199,5.18894e+06,652512,15121.4,254.188,4.19039,0.0423736,0.0132224,0.0151764,196.096,0.120487,0.365353,0.451458,0,0.125,-1,300,0,254.188,196.096,0.365353,0.451458,0,4.53643e+06,1,1,1,1,0.05,300,300,300,300,300,300,300,300,300,300,300,300,300,300,300
ppo,0,569,1,0.333412,0.161142,-0.0559472,1.02698,6.44784e+06,790486,18857.8,279.724,9.57697,0.0800061,0.0142433,0.0288196,272.731,0.229228,0.370311,0.0621123,0,0.125,-1,300,0,279.724,272.731,0.370311,0.0621123,0,5.65735e+06,1,1,1,1,0.05,300,300,300,300,300,300,300,300,300,300,300,300,300,300,300
ppo,0,570,5,0.318504,0.188776,0.204994,0.957661,6.60495e+06,831270,19245.6,286.789,6.85403,0.0514706,0.0045678,0.033758,124.918,0.148511,0.370245,0.20932,0,0.125,-1,300,0,286.789,124.918,0.370245,0.20932,0,5.77368e+06,1,1,1,1,0.05,300,300,300,300,300,300,300,300,300,300,300,300,300,300,300
ppo,0,571,2,0.384757,0.135001,-0.402162,0.937353,7.31558e+06,932885,21275.7,303.779,6.5327,0.0708244,0.00691762,0.0462866,460.585,0.129816,0.407754,0.407012,0,0.125,-1,300,0,303.779,460.585,0.407754,0.407012,0,6.3827e+06,1,1,1,1,0.05,300,300,300,300,300,300,300,300,300,300,300,300,300,300,300
ppo,0,572,4,0.422544,0.024223,-0.139129,0.949296,6.88823e+06,874509,20045.7,294.149,10.1604,0.0304504,0.0241492,0.0397576,283.62,0.415048,0.423238,0.14808,0,0.125,-1,300,0,294.149,283.62,0.423238,0.14808,0,6.01372e+06,1,1,1,1,0.05,300,300,300,300,300,300,300,300,300,300,300,300,300,300,300
ppo,0,573,7,0.435056,0.0242135,-0.215283,1.06043,4.70549e+06,587400,13727,241.141,5.81372,0.135345,0.0142557,0.0349208,293.927,0.725338,0.435729,0.223604,0,0.125,-1,300,0,241.141,293.927,0.435729,0.223604,0,4.11809e+06,1,1,1,1,0.05,300,300,300,300,300,300,300,300,300,300,300,300,300,300,300
ppo,0,574,5,0.159894,0.166691,0.405741,1.04438,5.86175e+06,735195,17088.5,269.814,10.4761,0.0693115,0.0174464,0.0355876,266.608,0.324506,0.23098,0.408161,0,0.125,-1,300,0,269.814,266.608,0.23098,0.408161,0,5.12655e+06,1,1,1,1,0.05,300,300,300,300,300,300,300,300,300,300,300,300,300,300,300
ppo,0,575,4,0.519521,0.0529543,-0.297337,1.05611,5.59444e+06,700340,16313.6,263.314,6.95884,0.109111,0.0126217,0.0296069,309.347,0.573866,0.522212,0.302584,0,0.125,-1,300,0,263.314,309.347,0.522212,0.302584,0,4.89409e+06,1,1,1,1,0.05,300,300,300,300,300,300,300,300,300,300,300,300,300,300,300
ppo,0,576,7,0.544907,0.143163,-0.00714266,1.09842,6.30838e+06,748770,18532.1,272.33,9.62423,0.0222497,0.0187557,0.0346133,167.926,0.244163,0.563399,0.0986836,0,0.125,-1,300,0,272.33,167.926,0.563399,0.0986836,0,5.55962e+06,1,1,1,1,0.05,300,300,300,300,300,300,300,300,300,300,300,300,300,300,300
ppo,0,577,1,0.489248,0.0905505,-0.00639546,0.974612,6.78451e+06,820413,19880.3,285.011,10.1194,0.0462227,0.0206619,0.0508577,190.726,0.329995,0.497557,0.0261807,0,0.125,-1,300,0,285.011,190.726,0.497557,0.0261807,0,5.9641e+06,1,1,1,1,0.05,300,300,300,300,300,300,300,300,300,300,300,300,300,300,300
ppo,0,578,1,0.592375,0.149617,0.48531,0.93111,6.508e+06,834943,18910.2,287.349,5.3684,0.0684374,0.0209082,0.0386979,173.546,0.177579,0.610978,0.490175,0,0.125,-1,300,0,287.349,173.546,0.610978,0.490175,0,5.67306e+06,1,1,1,1,0.05,300,300,300,300,300,300,300,300,300,300,300,300,300,300,300
ppo,0,579,0,0.429335,0.105952,-0.458105,0.996483,5.25422e+06,672277,15273.1,257.919,6.29417,0.156471,0.0184888,0.0142605,269.031,0.0651533,0.442216,0.458119,1,0.125,0,300,0,257.919,269.031,0.442216,0.458119,1,4.58194e+06,1,1,1,1,0.05,300,300,300,300,300,300,300,300,300,300,300,300,300,300,300
ppo,0,580,2,0.419978,0.0975649,0.272416,0.924887,6.90032e+06,899108,20004,298.228,5.91916,0.0298799,0.0113142,0.0431701,89.0626,0.229249,0.431161,0.282582,0,0.125,-1,300,0,298.228,89.0626,0.431161,0.282582,0,6.00121e+06,1,1,1,1,0.05,300,300,300,300,300,300,300,300,300,300,300,300,300,300,300
ppo,0,581,3,0.333415,0.00316126,0.0337983,0.974163,5.02416e+06,663038,14537.1,256.073,4.85179,0.0936066,0.0201462,0.0185,177.36,0.694711,0.33343,0.042543,0,0.125,-1,300,0,256.073,177.36,0.33343,0.042543,0,4.36112e+06,1,1,1,1,0.05,300,300,300,300,300,300,300,300,300,300,300,300,300,300,300
ppo,0,582,4,0.348768,0.101697,-0.388309,0.92909,6.83281e+06,869705,19877,293.325,9.14531,0.0671566,0.015053,0.057723,279.885,0.190848,0.363293,0.394731,0,0.125,-1,300,0,293.325,279.885,0.363293,0.394731,0,5.96311e+06,1,1,1,1,0.05,300,300,300,300,300,300,300,300,300,300,300,300,300,300,300
ppo,0,583,2,0.312457,0.132993,-0.290467,1.09382,5.24801e+06,675877,15240.4,258.591,4.69962,0.057876,0.0272178,0.0226556,97.0849,0.0891656,0.339583,0.305244,0,0.125,-1,300,0,258.591,97.0849,0.339583,0.305244,0,4.57213e+06,1,1,1,1,0.05,300,300,300,300,300,300,300,300,300,300,300,300,300,300,300
ppo,0,584,0,0.265366,0.192702,-0.180619,0.919902,6.56915e+06,836966,19107.3,287.784,10.4113,0.0721359,0.0319548,0.0231472,339.233,0.252567,0.327953,0.197583,1,0.125,0,300,0,287.784,339.233,0.327953,0.197583,1,5.73218e+06,1,1,1,1,0.05,300,300,300,300,300,300,300,300,300,300,300,300,300,300,300
ppo,0,585,2,0.0982737,0.176931,0.168968,1.05564,5.01231e+06,642755,14565.2,252.216,1.747,0.0473859,0.0205777,0.00749226,54.6672,0.145222,0.202392,0.177895,0,0.125,-1,300,0,252.216,54.6672,0.202392,0.177895,0,4.36956e+06,1,1,1,1,0.05,300,300,300,300,300,300,300,300,300,300,300,300,300,300,300
ppo,0,586,3,0.643643,0.0616856,0.423902,1.04285,6.07033e+06,757501,17709.4,273.807,7.8032,0.0572812,0.0168406,0.0510693,436.599,0.0601184,0.646592,0.426062,0,0.125,-1,300,0,273.807,436.599,0.646592,0.426062,0,5.31283e+06,1,1,1,1,0.05,300,300,300,300,300,300,300,300,300,300,300,300,300,300,300
ppo,0,587,6,0.222874,0.101715,-0.0357014,0.968995,6.78382e+06,812128,19905.7,283.644,8.21791,0.0641727,0.00785673,0.03654,109.518,0.239279,0.244987,0.0472852,0,0.125,-1,300,0,283.644,109.518,0.244987,0.0472852,0,5.9717e+06,1,1,1,1,0.05,300,300,300,300,300,300,300,300,300,300,300,300,300,300,300
ppo,0,588,5,0.381977,0.157651,0.41638,1.04897,5.79052e+06,738843,16838.9,270.381,4.56442,0.087243,0.0197838,0.0273795,192.499,0.280429,0.413232,0.41925,0,0.125,-1,300,0,270.381,192.499,0.413232,0.41925,0,5.05168e+06,1,1,1,1,0.05,300,300,300,300,300,300,300,300,300,300,300,300,300,300,300
ppo,0,589,6,0.437738,0.0434603,-0.315759,1.07074,5.90152e+06,735107,17221.4,269.78,7.82924,0.0511444,0.0114386,0.0327397,221.116,0.445428,0.43989,0.323586,0,0.125,-1,300,0,269.78,221.116,0.43989,0.323586,0,5.16642e+06,1,1,1,1,0.05,300,300,300,300,300,300,300,300,300,300,300,300,300,300,300
ppo,0,590,1,0.408937,0.158849,0.384256,1.09526,5.51644e+06,701303,16050.5,263.517,7.97119,0.06447,0.00759582,0.0146243,285.617,0.202103,0.438705,0.395888,0,0.125,-1,300,0,263.517,285.617,0.438705,0.395888,0,4.81514e+06,1,1,1,1,0.05,300,300,300,300,300,300,300,300,300,300,300,300,300,300,300
ppo,0,591,3,0.465211,0.13267,0.110386,0.985223,5.49108e+06,703012,15960.2,263.757,6.86187,0.0954401,0.0200716,0.076407,352.91,0.126208,0.483759,0.111371,0,0.125,-1,300,0,263.757,352.91,0.483759,0.111371,0,4.78806e+06,1,1,1,1,0.05,300,300,300,300,300,300,300,300,300,300,300,300,300,300,300
ppo,0,592,6,0.646811,0.15239,-0.406551,0.989567,6.2963e+06,776259,18400.1,277.221,7.75005,0.0744384,0.0115547,0.0422044,353.514,0.283231,0.66452,0.406685,0,0.125,-1,300,0,277.221,353.514,0.66452,0.406685,0,5.52004e+06,1,1,1,1,0.05,300,300,300,300,300,300,300,300,300,300,300,300,300,300,300
ppo,0,593,0,0.581155,0.176812,0.0407912,1.07692,5.63636e+06,709760,16422,265.08,8.01113,0.0506552,0.0153153,0.0338976,317.274,0.164737,0.607457,0.0870709,1,0.125,0,300,0,265.08,317.274,0.607457,0.0870709,1,4.9266e+06,1,1,1,1,0.05,300,300,300,300,300,300,300,300,300,300,300,300,300,300,300
ppo,0,594,5,0.454296,0.195294,-0.0715504,0.985017,5.98499e+06,765132,17399.5,275.153,8.27247,0.0580343,0.00827138,0.0638895,361.996,0.113179,0.494494,0.0731022,0,0.125,-1,300,0,275.153,361.996,0.494494,0.0731022,0,5.21986e+06,1,1,1,1,0.05,300,300,300,300,300,300,300,300,300,300,300,300,300,300,300
ppo,0,595,4,0.36738,0.00480042,-0.413533,0.966898,6.14111e+06,794383,17822.4,280.341,4.70612,0.0839234,0.0138358,0.0438351,45.9132,0.530321,0.367412,0.414856,0,0.125,-1,300,0,280.341,45.9132,0.367412,0.414856,0,5.34672e+06,1,1,1,1,0.05,300,300,300,300,300,300,300,300,300,300,300,300,300,300,300
ppo,0,596,1,0.38462,0.0356206,0.0912712,1.09067,5.14414e+06,624844,15064.3,248.777,9.10991,0.0922947,0.0198368,0.0311078,95.1677,0.515566,0.386266,0.128651,0,0.125,-1,300,0,248.777,95.1677,0.386266,0.128651,0,4.51929e+06,1,1,1,1,0.05,300,300,300,300,300,300,300,300,300,300,300,300,300,300,300
ppo,0,597,5,0.306515,0.0108906,0.495097,1.03744,5.17836e+06,654050,15081,254.422,7.90026,0.102988,0.0137131,0.0293213,36.521,0.225408,0.306709,0.49651,0,0.125,-1,300,0,254.422,36.521,0.306709,0.49651,0,4.52431e+06,1,1,1,1,0.05,300,300,300,300,300,300,300,300,300,300,300,300,300,300,300
ppo,0,598,0,0.258896,0.00694849,-0.498993,1.07009,6.53282e+06,797014,19119.4,280.954,11.4836,0.0795733,0.00935015,0.0424689,260.509,0.319523,0.258989,0.503891,1,0.125,0,300,0,280.954,260.509,0.258989,0.503891,1,5.73581e+06,1,1,1,1,0.05,300,300,300,300,300,300,300,300,300,300,300,300,300,300,300
ppo,0,599,4,0.454339,0.105327,-0.365408,1.07964,5.9054e+06,706471,17329.8,264.551,10.0337,0.0337562,0.0160304,0.0316216,185.383,0.186667,0.466388,0.373986,0,0.125,-1,300,0,264.551,185.383,0.466388,0.373986,0,5.19893e+06,1,1,1,1,0.05,300,300,300,300,300,300,300,300,300,300,300,300,300,300,300
ppo,0,600,6,0.228197,0.014291,0.252511,0.978167,7.5427e+06,913720,22096.6,300.841,7.81275,0.0858908,0.0202507,0.0181341,320.073,0.398052,0.228644,0.253453,0,0.125,-1,300,0,300.841,320.073,0.228644,0.253453,0,6.62898e+06,1,1,1,1,0.05,300,300,300,300,300,300,300,300,300,300,300,300,300,300,300
ppo,0,601,7,0.533871,0.170279,0.478835,1.07902,5.74375e+06,710625,16777.1,265.189,7.2925,0.0834417,0.00978404,0.0160287,37.4812,0.223216,0.560369,0.485312,0,0.125,-1,300,0,265.189,37.4812,0.560369,0.485312,0,5.03313e+06,1,1,1,1,0.05,300,300,300,300,300,300,300,300,300,300,300,300,300,300,300
ppo,0,602,2,0.268502,0.185172,0.201855,0.920834,7.05615e+06,895424,20535.7,297.698,2.01437,0.0152229,0.0310798,0.0505001,262.041,0.115017,0.326163,0.216824,0,0.125,-1,300,0,297.698,262.041,0.326163,0.216824,0,6.16072e+06,1,1,1,1,0.05,300,300,300,300,300,300,300,300,300,300,300,300,300,300,300
ppo,0,603,4,0.487031,0.137528,0.312953,1.02519,6.55305e+06,821314,19105.8,285.111,9.75733,0.0423129,0.0233367,0.00643211,345.494,0.123306,0.506076,0.313965,0,0.125,-1,300,0,285.111,345.494,0.506076,0.313965,0,5.73174e+06,1,1,1,1,0.05,300,300,300,300,300,300,300,300,300,300,300,300,300,300,300
ppo,0,604,6,0.294278,0.195226,-0.0246736,1.07038,5.99994e+06,738541,17538,270.361,10.065,0.0976022,0.0183605,0.0211532,405.455,0.153916,0.353147,0.0745761,0,0.125,-1,300,0,270.361,405.455,0.353147,0.0745761,0,5.2614e+06,1,1,1,1,0.05,300,300,300,300,300,300,300,300,300,300,300,300,300,300,300
ppo,0,605,6,0.409752,0.174352,0.0521256,1.03061,6.04475e+06,742256,17675,271.066,9.80338,0.0965667,0.0114117,0.0432647,150.849,0.223924,0.445303,0.0604469,0,0.125,-1,300,0,271.066,150.849,0.445303,0.0604469,0,5.30249e+06,1,1,1,1,0.05,300,300,300,300,300,300,300,300,300,300,300,300,300,300,300
ppo,0,606,3,0.153075,0.146172,-0.499011,1.00155,6.7752e+06,814890,19867.7,284.09,9.61649,0.0487571,0.0248952,0.0777379,193.438,0.239765,0.211656,0.499014,0,0.125,-1,300,0,284.09,193.438,0.211656,0.499014,0,5.96031e+06,1,1,1,1,0.05,300,300,300,300,300,300,300,300,300,300,300,300,300,300,300
ppo,0,607,2,0.440661,0.0255853,-0.0722042,0.937929,6.74188e+06,857568,19614.4,291.227,9.18386,0.0966188,0.0299436,0.0637886,262.037,0.292928,0.441403,0.095217,0,0.125,-1,300,0,291.227,262.037,0.441403,0.095217,0,5.88431e+06,1,1,1,1,0.05,300,300,300,300,300,300,300,300,300,300,300,300,300,300,300
ppo,0,608,2,0.56081,0.174981,0.194964,1.03889,5.70637e+06,702342,16680.1,263.759,9.86498,0.0886138,0.0118467,0.00388994,141.157,0.211035,0.587474,0.198804,0,0.125,-1,300,0,263.759,141.157,0.587474,0.198804,0,5.00403e+06,1,1,1,1,0.05,300,300,300,300,300,300,300,300,300,300,300,300,300,300,300
ppo,0,609,4,0.585245,0.161374,-0.245242,1.07628,5.74488e+06,692888,16840,261.999,8.60168,0.12613,0.0168207,0.0362851,226.381,0.21094,0.607085,0.256831,0,0.125,-1,300,0,261.999,226.381,0.607085,0.256831,0,5.05199e+06,1,1,1,1,0.05,300,300,300,300,300,300,300,300,300,300,300,300,300,300,300
ppo,0,610,3,0.37607,0.0905037,-0.366805,0.959527,7.28681e+06,906194,21268.7,299.524,8.64328,0.0330346,0.026206,0.0351761,86.2995,0.215557,0.386807,0.369031,0,0.125,-1,300,0,299.524,86.2995,0.386807,0.369031,0,6.38061e+06,1,1,1,1,0.05,300,300,300,300,300,300,300,300,300,300,300,300,300,300,300
ppo,0,611,1,0.370225,0.192199,-0.456259,1.09395,5.88739e+06,704797,17275.3,264.184,7.52486,0.126092,0.0126029,0.0350969,169.319,0.115416,0.417142,0.465832,0,0.125,-1,300,0,264.184,169.319,0.417142,0.465832,0,5.18259e+06,1,1,1,1,0.05,300,300,300,300,300,300,300,300,300,300,300,300,300,300,300
ppo,0,612,0,0.414197,0.0413591,0.193499,1.07427,5.65702e+06,690521,16555,261.486,6.74029,0.0751471,0.00998906,0.0559365,220.58,0.40569,0.416257,0.207263,1,0.125,0,300,0,261.486,220.58,0.416257,0.207263,1,4.9665e+06,1,1,1,1,0.05,300,300,300,300,300,300,300,300,300,300,300,300,300,300,300
ppo,0,613,0,0.284876,0.169111,0.288743,1.07329,5.78048e+06,715026,16884.8,266.092,9.95125,0.104887,0.0172131,0.0439399,262.788,0.279939,0.33129,0.2979,1,0.125,0,300,0,266.092,262.788,0.33129,0.2979,1,5.06545e+06,1,1,1,1,0.05,300,300,300,300,300,300,300,300,300,300,300,300,300,300,300
ppo,0,614,4,0.391954,0.198224,0.422437,0.972186,6.32423e+06,824867,18331.2,285.627,4.66834,0.0851402,0.0189904,0.0464609,233.611,0.175111,0.439227,0.423352,0,0.125,-1,300,0,285.627,233.611,0.439227,0.423352,0,5.49937e+06,1,1,1,1,0.05,300,300,300,300,300,300,300,300,300,300,300,300,300,300,300
ppo,0,615,2,0.30756,0.153783,0.412459,1.06569,5.06585e+06,645137,14735.7,252.696,6.51014,0.07456,0.00408929,0.0350557,117.108,0.213746,0.343864,0.417657,0,0.125,-1,300,0,252.696,117.108,0.343864,0.417657,0,4.42072e+06,1,1,1,1,0.05,300,300,300,300,300,300,300,300,300,300,300,300,300,300,300
ppo,0,616,1,0.514192,0.0191162,0.317078,1.02101,6.0264e+06,753203,17577.3,273.084,10.3873,0.105126,0.015166,0.0380864,106.428,0.572066,0.514548,0.317774,0,0.125,-1,300,0,273.084,106.428,0.514548,0.317774,0,5.2732e+06,1,1,1,1,0.05,300,300,300,300,300,300,300,300,300,300,300,300,300,300,300
ppo,0,617,5,0.403696,0.0460918,0.381104,0.930215,7.28556e+06,916849,21229,301.217,10.9363,0.0604028,0.0221042,0.0263216,416.001,0.466603,0.406319,0.38744,0,0.125,-1,300,0,301.217,416.001,0.406319,0.38744,0,6.36871e+06,1,1,1,1,0.05,300,300,300,300,300,300,300,300,300,300,300,300,300,300,300
ppo,0,618,2,0.219442,0.130435,-0.398807,0.911902,7.43036e+06,911039,21731.1,300.228,10.7722,0.0712577,0.00314099,0.0545049,286.076,0.25106,0.25528,0.408422,0,0.125,-1,300,0,300.228,286.076,0.25528,0.408422,0,6.51932e+06,1,1,1,1,0.05,300,300,300,300,300,300,300,300,300,300,300,300,300,300,300
ppo,0,619,4,0.418614,0.0718075,-0.280436,0.998535,6.03446e+06,766862,17558.7,275.473,6.56403,0.07775,0.0247916,0.0270023,231.322,0.351158,0.424728,0.280439,0,0.125,-1,300,0,275.473,231.322,0.424728,0.280439,0,5.2676e+06,1,1,1,1,0.05,300,300,300,300,300,300,300,300,300,300,300,300,300,300,300
ppo,0,620,4,0.177286,0.00935001,-0.436536,0.909641,7.79723e+06,931040,22887.3,303.569,9.65024,0.106824,0.0271327,0.0557304,63.3334,0.73976,0.177532,0.44579,0,0.125,-1,300,0,303.569,63.3334,0.177532,0.44579,0,6.86619e+06,1,1,1,1,0.05,300,300,300,300,300,300,300,300,300,300,300,300,300,300,300
ppo,0,621,3,0.438649,0.0748778,0.0505346,0.978742,5.47906e+06,697787,15937.6,262.738,3.30864,0.07587,0.0274796,0.0294458,435.107,0.359662,0.444994,0.0548237,0,0.125,-1,300,0,262.738,435.107,0.444994,0.0548237,0,4.78127e+06,1,1,1,1,0.05,300,300,300,300,300,300,300,300,300,300,300,300,300,300,300
ppo,0,622,4,0.515341,0.024046,0.299068,0.9912,6.47575e+06,823412,18841.1,285.46,4.4912,0.0966967,0.00777781,0.0374738,203.519,0.251384,0.515901,0.299197,0,0.125,-1,300,0,285.46,203.519,0.515901,0.299197,0,5.65233e+06,1,1,1,1,0.05,300,300,300,300,300,300,300,300,300,300,300,300,300,300,300
ppo,0,623,3,0.339239,0.150286,0.149925,0.989152,7.28222e+06,890664,21305.2,297.002,10.416,0.0608423,0.0204244,0.0397423,242.514,0.249872,0.371038,0.150317,0,0.125,-1,300,0,297.002,242.514,0.371038,0.150317,0,6.39156e+06,1,1,1,1,0.05,300,300,300,300,300,300,300,300,300,300,300,300,300,300,300
ppo,0,624,0,0.446114,0.0648959,-0.136039,0.921746,6.32154e+06,828053,18311.6,286.181,7.18556,0.124185,0.0174484,0.0312984,111.595,0.381532,0.450809,0.15694,1,0.125,0,300,0,286.181,111.595,0.450809,0.15694,1,5.49349e+06,1,1,1,1,0.05,300,300,300,300,300,300,300,300,300,300,300,300,300,300,300
ppo,0,625,6,0.43079,0.159153,0.286615,1.00333,5.5369e+06,701645,16117.5,263.521,7.43133,0.0254823,0.0173212,0.037201,11.1201,0.103196,0.459249,0.286634,0,0.125,-1,300,0,263.521,11.1201,0.459249,0.286634,0,4.83526e+06,1,1,1,1,0.05,300,300,300,300,300,300,300,300,300,300,300,300,300,300,300
ppo,0,626,1,0.214992,0.130062,0.350068,0.920724,6.83147e+06,870789,19868.9,293.552,6.42335,0.137388,0.0195111,0.0415757,228.587,0.263433,0.251272,0.358932,0,0.125,-1,300,0,293.552,228.587,0.251272,0.358932,0,5.96068e+06,1,1,1,1,0.05,300,300,300,300,300,300,300,300,300,300,300,300,300,300,300
ppo,0,627,5,0.184735,0.0661894,0.0319254,1.05093,5.48988e+06,680387,16031.6,259.5,9.09778,0.0669508,0.0123909,0.0293317,153.436,0.210773,0.196234,0.0601073,0,0.125,-1,300,0,259.5,153.436,0.196234,0.0601073,0,4.80949e+06,1,1,1,1,0.05,300,300,300,300,300,300,300,300,300,300,300,300,300,300,300
ppo,0,628,4,0.32169,0.0898685,-0.327102,1.00718,5.9293e+06,735468,17312.8,269.839,7.19612,0.0637126,0.00678262,0.0443738,155.735,0.151472,0.334007,0.327181,0,0.125,-1,300,0,269.839,155.735,0.334007,0.327181,0,5.19383e+06,1,1,1,1,0.05,300,300,300,300,300,300,300,300,300,300,300,300,300,300,300
ppo,0,629,6,0.321819,0.0785967,0.145669,1.00259,5.79682e+06,716808,16933.4,266.44,5.63284,0.098929,0.0253057,0.050935,194.355,0.28281,0.331278,0.145692,0,0.125,-1,300,0,266.44,194.355,0.331278,0.145692,0,5.08002e+06,1,1,1,1,0.05,300,300,300,300,300,300,300,300,300,300,300,300,300,300,300
ppo,0,630,0,0.309441,0.10928,-0.468482,0.958768,6.65814e+06,852953,19350.6,290.466,2.97367,0.0648723,0.011376,0.022158,421.854,0.212092,0.32817,0.470293,1,0.125,0,300,0,290.466,421.854,0.32817,0.470293,1,5.80519e+06,1,1,1,1,0.05,300,300,300,300,300,300,300,300,300,300,300,300,300,300,300
ppo,0,631,1,0.39532,0.186222,-0.401563,1.00103,5.80398e+06,746775,16857.3,271.786,4.03986,0.0621495,0.010515,0.0136159,143.619,0.202398,0.436985,0.401564,0,0.125,-1,300,0,271.786,143.619,0.436985,0.401564,0,5.0572e+06,1,1,1,1,0.05,300,300,300,300,300,300,300,300,300,300,300,300,300,300,300
ppo,0,632,7,0.465202,0.071927,0.355831,1.05072,6.07918e+06,752000,17757.3,272.88,9.2167,0.0325294,0.0101756,0.0239536,81.2183,0.292218,0.470729,0.359428,0,0.125,-1,300,0,272.88,81.2183,0.470729,0.359428,0,5.32718e+06,1,1,1,1,0.05,300,300,300,300,300,300,300,300,300,300,300,300,300,300,300
ppo,0,633,2,0.493552,0.131559,-0.420882,0.972814,6.84885e+06,865729,19943.7,292.733,7.95529,0.139657,0.00966713,0.0289623,218.597,0.125141,0.510785,0.421759,0,0.125,-1,300,0,292.733,218.597,0.510785,0.421759,0,5.98312e+06,1,1,1,1,0.05,300,300,300,300,300,300,300,300,300,300,300,300,300,300,300
ppo,0,634,2,0.3272,0.167255,-0.384775,0.909985,6.77037e+06,879672,19635.7,294.985,2.85703,0.0666146,0.00798002,0.0171347,532.388,0.126995,0.36747,0.395164,0,0.125,-1,300,0,294.985,532.388,0.36747,0.395164,0,5.8907e+06,1,1,1,1,0.05,300,300,300,300,300,300,300,300,300,300,300,300,300,300,300
ppo,0,635,6,0.31378,0.107328,-0.356719,1.00103,6.46925e+06,815004,18847.5,283.974,10.7641,0.182914,0.0150883,0.0328963,257.628,0.0897218,0.331629,0.35672,0,0.125,-1,300,0,283.974,257.628,0.331629,0.35672,0,5.65425e+06,1,1,1,1,0.05,300,300,300,300,300,300,300,300,300,300,300,300,300,300,300
ppo,0,636,2,0.468857,0.0675951,-0.147458,1.00371,5.49136e+06,681346,16033.4,259.684,7.22972,0.0510383,0.0106046,0.0416133,175.365,0.241191,0.473704,0.147505,0,0.125,-1,300,0,259.684,175.365,0.473704,0.147505,0,4.81002e+06,1,1,1,1,0.05,300,300,300,300,300,300,300,300,300,300,300,300,300,300,300
ppo,0,637,5,0.322773,0.0702883,-0.42148,1.02447,6.01704e+06,737216,17599.4,270.196,11.4047,0.0661334,0.0160531,0.0312993,180.41,0.0991208,0.330337,0.422189,0,0.125,-1,300,0,270.196,180.41,0.330337,0.422189,0,5.27983e+06,1,1,1,1,0.05,300,300,300,300,300,300,300,300,300,300,300,300,300,300,300
ppo,0,638,5,0.334575,0.0252331,0.164776,1.04634,5.57355e+06,690597,16276.5,261.429,5.39711,0.0201838,0.0317875,0.0267757,335.533,0.348242,0.335525,0.171167,0,0.125,-1,300,0,261.429,335.533,0.335525,0.171167,0,4.88295e+06,1,1,1,1,0.05,300,300,300,300,300,300,300,300,300,300,300,300,300,300,300
ppo,0,639,6,0.538921,0.156625,0.0901265,0.98438,6.41233e+06,809730,18675.3,283.057,7.11456,0.0380091,0.0161479,0.00760242,203.625,0.202074,0.56122,0.09147,0,0.125,-1,300,0,283.057,203.625,0.56122,0.09147,0,5.6026e+06,1,1,1,1,0.05,300,300,300,300,300,300,300,300,300,300,300,300,300,300,300
ppo,0,640,7,0.265851,0.0717723,0.388058,1.09687,5.38606e+06,667293,15729.2,256.958,7.05378,0.0618862,0.0163793,0.0472616,125.811,0.148933,0.275368,0.399966,0,0.125,-1,300,0,256.958,125.811,0.275368,0.399966,0,4.71876e+06,1,1,1,1,0.05,300,300,300,300,300,300,300,300,300,300,300,300,300,300,300
ppo,0,641,7,0.309374,0.0116538,0.0838805,1.01307,6.35773e+06,801943,18519.3,281.729,8.7735,0.0279074,0.0128747,0.0147677,386.653,0.280569,0.309594,0.0848932,0,0.125,-1,300,0,281.729,386.653,0.309594,0.0848932,0,5.55579e+06,1,1,1,1,0.05,300,300,300,300,300,300,300,300,300,300,300,300,300,300,300
ppo,0,642,6,0.468767,0.0715674,0.241418,0.98776,6.51681e+06,827892,18963.1,286.243,5.64314,0.0897056,0.0264168,0.0480427,169.786,0.170801,0.474199,0.241728,0,0.125,-1,300,0,286.243,169.786,0.474199,0.241728,0,5.68892e+06,1,1,1,1,0.05,300,300,300,300,300,300,300,300,300,300,300,300,300,300,300
ppo,0,643,3,0.490726,0.155025,-0.105786,0.946685,6.91236e+06,837480,20249.6,287.997,7.97454,0.070732,0.0197121,0.0234718,197.796,0.204895,0.514631,0.118462,0,0.125,-1,300,0,287.997,197.796,0.514631,0.118462,0,6.07488e+06,1,1,1,1,0.05,300,300,300,300,300,300,300,300,300,300,300,300,300,300,300
ppo,0,644,2,0.412426,0.045649,0.42081,1.02937,6.18886e+06,772379,18054.9,276.529,10.2746,0.1166,0.0126333,0.0236821,328.15,0.117323,0.414944,0.421833,0,0.125,-1,300,0,276.529,328.15,0.414944,0.421833,0,5.41648e+06,1,1,1,1,0.05,300,300,300,300,300,300,300,300,300,300,300,300,300,300,300
ppo,0,645,5,0.492474,0.102355,-0.0541527,0.991549,6.12591e+06,765577,17867.8,275.284,7.31237,0.00701689,0.0174781,0.0157215,155.022,0.273613,0.502999,0.0548081,0,0.125,-1,300,0,275.284,155.022,0.502999,0.0548081,0,5.36033e+06,1,1,1,1,0.05,300,300,300,300,300,300,300,300,300,300,300,300,300,300,300
ppo,0,646,0,0.258347,0.163247,-0.366801,0.978988,6.74652e+06,826092,19734.8,285.98,9.41669,0.0655496,0.0211279,0.0323677,30.273,0.19582,0.305603,0.367403,1,0.125,0,300,0,285.98,30.273,0.305603,0.367403,1,5.92043e+06,1,1,1,1,0.05,300,300,300,300,300,300,300,300,300,300,300,300,300,300,300
ppo,0,647,2,0.323813,0.0211067,-0.183142,1.0303,6.10316e+06,795431,17692.4,280.567,6.32768,0.0609241,0.0137586,0.0516346,394.891,0.158124,0.3245,0.185631,0,0.125,-1,300,0,280.567,394.891,0.3245,0.185631,0,5.30773e+06,1,1,1,1,0.05,300,300,300,300,300,300,300,300,300,300,300,300,300,300,300
ppo,0,648,0,0.255019,0.188869,-0.278694,0.925512,7.04479e+06,859295,20618.3,291.678,8.72041,0.0405203,0.0131933,0.0249737,243.827,0.15368,0.317342,0.288476,1,0.125,0,300,0,291.678,243.827,0.317342,0.288476,1,6.18549e+06,1,1,1,1,0.05,300,300,300,300,300,300,300,300,300,300,300,300,300,300,300
ppo,0,649,7,0.290555,0.0553897,-0.344649,1.00476,6.29216e+06,798370,18312.6,281.08,8.75047,0.0666049,0.00187586,0.0174479,120.53,0.385889,0.295788,0.344682,0,0.125,-1,300,0,281.08,120.53,0.295788,0.344682,0,5.49379e+06,1,1,1,1,0.05,300,300,300,300,300,300,300,300,300,300,300,300,300,300,300
ppo,0,650,1,0.561396,0.187733,0.0702707,1.09985,5.72134e+06,719502,16672.8,266.732,5.09026,0.0686248,0.00559941,0.0241993,79.6995,0.14275,0.591953,0.122095,0,0.125,-1,300,0,266.732,79.6995,0.591953,0.122095,0,5.00183e+06,1,1,1,1,0.05,300,300,300,300,300,300,300,300,300,300,300,300,300,300,300
ppo,0,651,4,0.151876,0.108453,0.31998,0.934086,6.88029e+06,838566,20139.1,288.133,7.74474,0.0295486,0.018225,0.0277747,368.842,0.226987,0.186624,0.326698,0,0.125,-1,300,0,288.133,368.842,0.186624,0.326698,0,6.04173e+06,1,1,1,1,0.05,300,300,300,300,300,300,300,300,300,300,300,300,300,300,300
ppo,0,652,7,0.278968,0.0527604,-0.259171,1.08648,6.14056e+06,735642,18016.4,269.949,9.34719,0.0912611,0.0172925,0.0156546,239.032,0.174572,0.283913,0.273219,0,0.125,-1,300,0,269.949,239.032,0.283913,0.273219,0,5.40492e+06,1,1,1,1,0.05,300,300,300,300,300,300,300,300,300,300,300,300,300,300,300
ppo,0,653,5,0.367685,0.192098,0.0533941,0.973466,6.89924e+06,886338,20043,296.056,7.68821,0.0942191,0.0161636,0.0262624,432.284,0.184772,0.414842,0.0596235,0,0.125,-1,300,0,296.056,432.284,0.414842,0.0596235,0,6.0129e+06,1,1,1,1,0.05,300,300,300,300,300,300,300,300,300,300,300,300,300,300,300
ppo,0,654,4,0.431122,0.0609321,0.0643049,1.04496,5.05178e+06,634012,14725.9,250.588,5.21967,0.0774946,0.0135791,0.0257011,317.12,0.366561,0.435407,0.0784657,0,0.125,-1,300,0,250.588,317.12,0.435407,0.0784657,0,4.41777e+06,1,1,1,1,0.05,300,300,300,300,300,300,300,300,300,300,300,300,300,300,300
ppo,0,655,2,0.357191,0.139159,-0.267474,0.944633,7.18983e+06,910557,20930.9,300.167,11.0297,0.0816201,0.0195833,0.0547879,480.969,0.294315,0.383341,0.273145,0,0.125,-1,300,0,300.167,480.969,0.383341,0.273145,0,6.27927e+06,1,1,1,1,0.05,300,300,300,300,300,300,300,300,300,300,300,300,300,300,300
ppo,0,656,0,0.437784,0.167609,-0.108866,1.05158,6.06573e+06,783827,17606.3,278.388,3.90886,0.103295,0.0172309,0.0247803,138.059,0.188541,0.468773,0.120468,1,0.125,0,300,0,278.388,138.059,0.468773,0.120468,1,5.2819e+06,1,1,1,1,0.05,300,300,300,300,300,300,300,300,300,300,300,300,300,300,300
ppo,0,657,4,0.336416,0.0092762,-0.120474,0.979508,6.24106e+06,765123,18253.1,275.238,6.26039,0.0803783,0.0116507,0.0308886,85.3456,0.24984,0.336544,0.122204,0,0.125,-1,300,0,275.238,85.3456,0.336544,0.122204,0,5.47594e+06,1,1,1,1,0.05,300,300,300,300,300,300,300,300,300,300,300,300,300,300,300
ppo,0,658,2,0.386563,0.0555927,-0.331034,0.961739,6.05411e+06,756433,17658.9,273.637,2.38883,0.0697073,0.0244806,0.0245655,246.225,0.402835,0.39054,0.333238,0,0.125,-1,300,0,273.637,246.225,0.39054,0.333238,0,5.29767e+06,1,1,1,1,0.05,300,300,300,300,300,300,300,300,300,300,300,300,300,300,300
ppo,0,659,7,0.31192,0.151382,0.19194,0.992999,6.28603e+06,773800,18374.1,276.823,7.28388,0.104933,0.0179875,0.043365,229.422,0.156162,0.346714,0.192067,0,0.125,-1,300,0,276.823,229.422,0.346714,0.192067,0,5.51223e+06,1,1,1,1,0.05,300,300,300,300,300,300,300,300,300,300,300,300,300,300,300
ppo,0,660,1,0.576415,0.17379,0.0106257,0.957404,7.55294e+06,915931,22123.4,301.161,10.583,0.0901433,0.00755889,0.0259912,278.403,0.230693,0.602045,0.0439018,0,0.125,-1,300,0,301.161,278.403,0.602045,0.0439018,0,6.63701e+06,1,1,1,1,0.05,300,300,300,300,300,300,300,300,300,300,300,300,300,300,300
ppo,0,661,0,0.368023,0.042462,0.0690925,1.01045,6.02854e+06,768034,17535,275.642,0.803113,0.104965,0.0127384,0.0393248,244.868,0.336215,0.370464,0.0698783,1,0.125,0,300,0,275.642,244.868,0.370464,0.0698783,1,5.2605e+06,1,1,1,1,0.05,300,300,300,300,300,300,300,300,300,300,300,300,300,300,300
ppo,0,662,1,0.548802,0.0936502,0.026579,1.03985,5.81258e+06,722098,16968.3,267.327,7.374,0.110007,0.0144723,0.0552632,377.515,0.23422,0.556735,0.0479045,0,0.125,-1,300,0,267.327,377.515,0.556735,0.0479045,0,5.09048e+06,1,1,1,1,0.05,300,300,300,300,300,300,300,300,300,300,300,300,300,300,300
ppo,0,663,6,0.471321,0.0353855,-0.41516,1.0871,6.00202e+06,755916,17487,273.468,7.21072,0.048036,0.0194494,0.0361572,142.757,0.684003,0.472647,0.424198,0,0.125,-1,300,0,273.468,142.757,0.472647,0.424198,0,5.2461e+06,1,1,1,1,0.05,300,300,300,300,300,300,300,300,300,300,300,300,300,300,300
ppo,0,664,4,0.421386,0.0209951,0.183995,1.08987,5.49604e+06,677716,16061.1,258.958,9.05854,0.175785,0.00920664,0.0463965,120.443,0.468456,0.421909,0.204769,0,0.125,-1,300,0,258.958,120.443,0.421909,0.204769,0,4.81832e+06,1,1,1,1,0.05,300,300,300,300,300,300,300,300,300,300,300,300,300,300,300
ppo,0,665,2,0.132824,0.0542712,0.0893129,1.06995,5.17036e+06,671924,14994.8,257.795,1.98886,0.0587016,0.0193308,0.0307135,122.192,0.397977,0.143484,0.113444,0,0.125,-1,300,0,257.795,122.192,0.143484,0.113444,0,4.49844e+06,1,1,1,1,0.05,300,300,300,300,300,300,300,300,300,300,300,300,300,300,300
ppo,0,666,0,0.403697,0.062549,0.26257,0.997999,5.60428e+06,713781,16301.7,265.746,7.10112,0.0585496,0.00513396,0.0414801,434.657,0.267108,0.408514,0.262578,1,0.125,0,300,0,265.746,434.657,0.408514,0.262578,1,4.8905e+06,1,1,1,1,0.05,300,300,300,300,300,300,300,300,300,300,300,300,300,300,300
ppo,0,667,5,0.396809,0.164193,0.0664632,0.94906,7.04447e+06,905761,20462.4,299.315,7.99394,0.182377,0.0247914,0.0377071,255.399,0.174331,0.429438,0.0837392,0,0.125,-1,300,0,299.315,255.399,0.429438,0.0837392,0,6.13871e+06,1,1,1,1,0.05,300,300,300,300,300,300,300,300,300,300,300,300,300,300,300
ppo,0,668,2,0.279455,0.0600403,-0.384916,0.989355,6.60001e+06,786590,19378.1,279.159,11.4507,0.104637,0.0130199,0.0448407,152.146,0.0806237,0.285832,0.385063,0,0.125,-1,300,0,279.159,152.146,0.285832,0.385063,0,5.81342e+06,1,1,1,1,0.05,300,300,300,300,300,300,300,300,300,300,300,300,300,300,300
ppo,0,669,1,0.406001,0.0346883,0.0840929,1.00596,6.81773e+06,851971,19885.9,290.391,11.3529,0.105929,0.0147687,0.057783,319.718,0.15027,0.40748,0.0843039,0,0.125,-1,300,0,290.391,319.718,0.40748,0.0843039,0,5.96576e+06,1,1,1,1,0.05,300,300,300,300,300,300,300,300,300,300,300,300,300,300,300
ppo,0,670,2,0.321894,0.0884443,0.00659823,1.03877,6.11892e+06,770892,17826.8,276.2,7.42247,0.0329495,0.0205542,0.0627095,46.3642,0.0581622,0.333824,0.0393231,0,0.125,-1,300,0,276.2,46.3642,0.333824,0.0393231,0,5.34803e+06,1,1,1,1,0.05,300,300,300,300,300,300,300,300,300,300,300,300,300,300,300
ppo,0,671,6,0.54255,0.182389,-0.211003,0.995822,6.37758e+06,804214,18577.9,282.143,3.63912,0.0469932,0.0202888,0.0257796,207.343,0.132555,0.572386,0.211044,0,0.125,-1,300,0,282.143,207.343,0.572386,0.211044,0,5.57337e+06,1,1,1,1,0.05,300,300,300,300,300,300,300,300,300,300,300,300,300,300,300
ppo,0,672,0,0.343561,0.151528,0.292079,1.06617,5.94137e+06,732540,17362.8,269.366,10.0937,0.0431848,0.0150736,0.0213852,126.477,0.229683,0.375493,0.29948,1,0.125,0,300,0,269.366,126.477,0.375493,0.29948,1,5.20883e+06,1,1,1,1,0.05,300,300,300,300,300,300,300,300,300,300,300,300,300,300,300
ppo,0,673,0,0.144667,0.0716484,-0.104374,0.9727,5.88737e+06,755486,17106.3,273.376,7.09244,0.113636,0.0159625,0.0234527,459.877,0.0777294,0.161438,0.107886,1,0.125,0,300,0,273.376,459.877,0.161438,0.107886,1,5.13188e+06,1,1,1,1,0.05,300,300,300,300,300,300,300,300,300,300,300,300,300,300,300
ppo,0,674,1,0.563212,0.0721342,-0.383248,0.924531,6.87931e+06,892530,19955.9,297.131,6.40793,0.0562248,0.0193875,0.0224399,375.915,0.313486,0.567813,0.390608,0,0.125,-1,300,0,297.131,375.915,0.567813,0.390608,0,5.98678e+06,1,1,1,1,0.05,300,300,300,300,300,300,300,300,300,300,300,300,300,300,300
ppo,0,675,1,0.452657,0.0909662,-0.487481,1.07153,4.98633e+06,613604,14575.8,246.486,5.91253,0.0820742,0.0169732,0.0265779,146.317,0.108788,0.461707,0.492701,0,0.125,-1,300,0,246.486,146.317,0.461707,0.492701,0,4.37273e+06,1,1,1,1,0.05,300,300,300,300,300,300,300,300,300,300,300,300,300,300,300
ppo,0,676,7,0.48999,0.125463,-0.293947,1.0965,5.64384e+06,705881,16459.8,264.298,3.70794,0.0125292,0.0214756,0.0350306,136.355,0.212013,0.505797,0.309382,0,0.125,-1,300,0,264.298,136.355,0.505797,0.309382,0,4.93795e+06,1,1,1,1,0.05,300,300,300,300,300,300,300,300,300,300,300,300,300,300,300
ppo,0,677,6,0.474215,0.0986194,-0.350253,1.07539,5.84997e+06,721123,17096.1,267.237,9.63261,0.0683902,0.0170251,0.029632,452.742,0.257224,0.484361,0.358275,0,0.125,-1,300,0,267.237,452.742,0.484361,0.358275,0,5.12884e+06,1,1,1,1,0.05,300,300,300,300,300,300,300,300,300,300,300,300,300,300,300
ppo,0,678,3,0.529828,0.0232035,0.48727,0.959077,6.99955e+06,862354,20457.3,292.14,7.81568,0.100846,0.00973835,0.0329628,140.58,0.648689,0.530336,0.488985,0,0.125,-1,300,0,292.14,140.58,0.530336,0.488985,0,6.13719e+06,1,1,1,1,0.05,300,300,300,300,300,300,300,300,300,300,300,300,300,300,300
ppo,0,679,2,0.301474,0.0230457,-0.401824,0.93903,6.37152e+06,831820,18465.7,286.89,6.2103,0.0748935,0.00385729,0.0376639,147.98,0.227571,0.302354,0.406423,0,0.125,-1,300,0,286.89,147.98,0.302354,0.406423,0,5.5397e+06,1,1,1,1,0.05,300,300,300,300,300,300,300,300,300,300,300,300,300,300,300
ppo,0,680,3,0.522951,0.084517,0.190272,1.02141,6.36364e+06,779021,18615.4,277.715,10.6693,0.097857,0.0190418,0.0368423,306.394,0.355199,0.529737,0.191473,0,0.125,-1,300,0,277.715,306.394,0.529737,0.191473,0,5.58462e+06,1,1,1,1,0.05,300,300,300,300,300,300,300,300,300,300,300,300,300,300,300
ppo,0,681,7,0.366507,0.00380955,-0.320379,0.919648,7.04012e+06,890589,20498.4,296.879,4.77033,0.114992,0.0267133,0.0189194,300.673,0.405354,0.366526,0.330302,0,0.125,-1,300,0,296.879,300.673,0.366526,0.330302,0,6.14953e+06,1,1,1,1,0.05,300,300,300,300,300,300,300,300,300,300,300,300,300,300,300
ppo,0,682,1,0.350709,0.0196479,0.0504986,1.08567,6.1892e+06,756908,18107.6,273.688,11.488,0.109467,0.0208169,0.0362437,185.393,0.686653,0.351258,0.0994481,0,0.125,-1,300,0,273.688,185.393,0.351258,0.0994481,0,5.43229e+06,1,1,1,1,0.05,300,300,300,300,300,300,300,300,300,300,300,300,300,300,300
ppo,0,683,5,0.339714,0.00233967,-0.00360084,1.02373,6.14679e+06,785366,17871.4,278.765,7.25817,0.100069,0.00478826,0.0179255,245.107,0.721749,0.339722,0.0240003,0,0.125,-1,300,0,278.765,245.107,0.339722,0.0240003,0,5.36142e+06,1,1,1,1,0.05,300,300,300,300,300,300,300,300,300,300,300,300,300,300,300
ppo,0,684,7,0.367117,0.129289,-0.268444,1.03729,5.91473e+06,734237,17268.3,269.644,9.95335,0.052166,0.0172487,0.0378658,396.591,0.348042,0.389218,0.271022,0,0.125,-1,300,0,269.644,396.591,0.389218,0.271022,0,5.18049e+06,1,1,1,1,0.05,300,300,300,300,300,300,300,300,300,300,300,300,300,300,300
ppo,0,685,7,0.356657,0.147585,0.239623,0.982078,6.32687e+06,782230,18482.1,278.273,10.3738,0.101714,0.0140842,0.02859,219.314,0.214837,0.385987,0.240292,0,0.125,-1,300,0,278.273,219.314,0.385987,0.240292,0,5.54464e+06,1,1,1,1,0.05,300,300,300,300,300,300,300,300,300,300,300,300,300,300,300
ppo,0,686,0,0.381853,0.125426,0.0135471,1.0137,6.81921e+06,870102,19830.4,293.314,5.72397,0.0797927,0.0129746,0.0234331,182.122,0.138962,0.401925,0.0192666,1,0.125,0,300,0,293.314,182.122,0.401925,0.0192666,1,5.94911e+06,1,1,1,1,0.05,300,300,300,300,300,300,300,300,300,300,300,300,300,300,300
ppo,0,687,6,0.362661,0.196502,0.425625,1.08233,5.54979e+06,686334,16211.5,260.67,4.82103,0.0615576,0.0216498,0.039803,259.377,0.119344,0.412476,0.433515,0,0.125,-1,300,0,260.67,259.377,0.412476,0.433515,0,4.86346e+06,1,1,1,1,0.05,300,300,300,300,300,300,300,300,300,300,300,300,300,300,300
ppo,0,688,3,0.38801,0.0831128,0.239587,1.09405,5.01812e+06,633754,14614.6,250.495,6.24725,0.0832223,0.0163318,0.00921699,90.9166,0.241655,0.396812,0.257386,0,0.125,-1,300,0,250.495,90.9166,0.396812,0.257386,0,4.38437e+06,1,1,1,1,0.05,300,300,300,300,300,300,300,300,300,300,300,300,300,300,300
ppo,0,689,2,0.443063,0.0998546,0.422056,1.05129,5.72207e+06,712694,16697.9,265.549,3.37541,0.12969,0.0110635,0.0360327,92.7823,0.393128,0.454175,0.425161,0,0.125,-1,300,0,265.549,92.7823,0.454175,0.425161,0,5.00937e+06,1,1,1,1,0.05,300,300,300,300,300,300,300,300,300,300,300,300,300,300,300
ppo,0,690,2,0.324673,0.120219,-0.0294055,1.04662,5.72e+06,716229,16679.2,266.187,9.04705,0.0715713,0.0182105,0.0126831,53.1562,0.163344,0.346215,0.0551201,0,0.125,-1,300,0,266.187,53.1562,0.346215,0.0551201,0,5.00377e+06,1,1,1,1,0.05,300,300,300,300,300,300,300,300,300,300,300,300,300,300,300
ppo,0,691,2,0.499498,0.0839441,-0.0495217,0.902507,7.44934e+06,942279,21690.2,305.329,3.27542,0.0859262,0.0137855,0.0418504,235.126,0.225247,0.506502,0.10935,0,0.125,-1,300,0,305.329,235.126,0.506502,0.10935,0,6.50706e+06,1,1,1,1,0.05,300,300,300,300,300,300,300,300,300,300,300,300,300,300,300
ppo,0,692,4,0.383748,0.161559,-0.394632,0.968948,6.67615e+06,828222,19493.1,286.328,7.53211,0.0875429,0.007663,0.0170387,46.9046,0.163946,0.41637,0.395852,0,0.125,-1,300,0,286.328,46.9046,0.41637,0.395852,0,5.84792e+06,1,1,1,1,0.05,300,300,300,300,300,300,300,300,300,300,300,300,300,300,300
ppo,0,693,2,0.428468,0.08856,-0.166994,0.923346,6.80819e+06,875578,19775.4,294.317,6.50474,0.0889416,0.0288022,0.0385617,287.984,0.21006,0.437525,0.183747,0,0.125,-1,300,0,294.317,287.984,0.437525,0.183747,0,5.93261e+06,1,1,1,1,0.05,300,300,300,300,300,300,300,300,300,300,300,300,300,300,300
ppo,0,694,3,0.492475,0.143456,-0.384138,0.922587,7.93575e+06,969790,23219.9,309.846,10.4907,0.10077,0.00565228,0.04108,97.5867,0.343945,0.512944,0.39186,0,0.125,-1,300,0,309.846,97.5867,0.512944,0.39186,0,6.96596e+06,1,1,1,1,0.05,300,300,300,300,300,300,300,300,300,300,300,300,300,300,300
ppo,0,695,6,0.376927,0.167262,0.0182943,1.01959,5.59346e+06,723672,16232.6,267.598,6.86912,0.0767247,0.0193526,0.0126536,291.359,0.181026,0.412372,0.0268019,0,0.125,-1,300,0,267.598,291.359,0.412372,0.0268019,0,4.86979e+06,1,1,1,1,0.05,300,300,300,300,300,300,300,300,300,300,300,300,300,300,300
ppo,0,696,7,0.337849,0.177491,0.0990855,1.05837,6.04474e+06,760101,17615.5,274.193,5.84609,0.113092,0.0137647,0.0400292,290.373,0.198561,0.381634,0.115002,0,0.125,-1,300,0,274.193,290.373,0.381634,0.115002,0,5.28464e+06,1,1,1,1,0.05,300,300,300,300,300,300,300,300,300,300,300,300,300,300,300
ppo,0,697,3,0.34452,0.0123419,0.336366,0.951764,6.90765e+06,862221,20151.4,292.142,7.69597,0.116532,0.00671476,0.0330999,200.642,0.904468,0.344741,0.339807,0,0.125,-1,300,0,292.142,200.642,0.344741,0.339807,0,6.04543e+06,1,1,1,1,0.05,300,300,300,300,300,300,300,300,300,300,300,300,300,300,300
ppo,0,698,1,0.353034,0.141775,-0.176096,1.09845,5.65379e+06,696444,16524.5,262.586,7.06688,0.0475775,0.0245909,0.0378716,293.124,0.326245,0.380438,0.201749,0,0.125,-1,300,0,262.586,293.124,0.380438,0.201749,0,4.95735e+06,1,1,1,1,0.05,300,300,300,300,300,300,300,300,300,300,300,300,300,300,300
ppo,0,699,4,0.479168,0.174152,-0.318981,0.990794,6.25919e+06,802797,18188,281.819,2.30021,0.0702279,0.0194756,0.0343082,235.108,0.119112,0.509834,0.319114,0,0.125,-1,300,0,281.819,235.108,0.509834,0.319114,0,5.45639e+06,1,1,1,1,0.05,300,300,300,300,300,300,300,300,300,300,300,300,300,300,300
ppo,0,700,4,0.473719,0.0623472,-0.134453,0.938906,6.98659e+06,890202,20321.3,296.744,7.29999,0.0593736,0.00187651,0.0366059,444.128,0.25924,0.477804,0.147683,0,0.125,-1,300,0,296.744,444.128,0.477804,0.147683,0,6.09638e+06,1,1,1,1,0.05,300,300,300,300,300,300,300,300,300,300,300,300,300,300,300
ppo,0,701,1,0.356715,0.0889703,0.089087,1.07016,5.25237e+06,662202,15300.6,255.968,8.43445,0.100397,0.0180625,0.0337259,421.547,0.125861,0.367643,0.113398,0,0.125,-1,300,0,255.968,421.547,0.367643,0.113398,0,4.59017e+06,1,1,1,1,0.05,300,300,300,300,300,300,300,300,300,300,300,300,300,300,300
ppo,0,702,0,0.545077,0.0260589,0.193308,0.960655,6.66213e+06,842581,19398.5,288.721,4.81324,0.0581623,0.0155853,0.0226381,127.227,0.353195,0.5457,0.197271,1,0.125,0,300,0,288.721,127.227,0.5457,0.197271,1,5.81955e+06,1,1,1,1,0.05,300,300,300,300,300,300,300,300,300,300,300,300,300,300,300
ppo,0,703,6,0.317138,0.146917,-0.298107,0.95164,6.89681e+06,865088,20105.7,292.612,9.14534,0.037217,0.0119636,0.030548,133.966,0.284122,0.349516,0.302004,0,0.125,-1,300,0,292.612,133.966,0.349516,0.302004,0,6.03172e+06,1,1,1,1,0.05,300,300,300,300,300,300,300,300,300,300,300,300,300,300,300
ppo,0,704,1,0.321578,0.096759,-0.305944,0.913108,6.44549e+06,839818,18685.6,288.224,2.73315,0.0520496,0.0241312,0.0704939,131.087,0.257535,0.33582,0.318044,0,0.125,-1,300,0,288.224,131.087,0.33582,0.318044,0,5.60567e+06,1,1,1,1,0.05,300,300,300,300,300,300,300,300,300,300,300,300,300,300,300
ppo,0,705,4,0.366036,0.140393,-0.0952622,0.999699,6.66445e+06,854606,19366.1,290.753,3.71681,0.0815356,0.011957,0.0294066,133.056,0.188136,0.392037,0.0952626,0,0.125,-1,300,0,290.753,133.056,0.392037,0.0952626,0,5.80984e+06,1,1,1,1,0.05,300,300,300,300,300,300,300,300,300,300,300,300,300,300,300
ppo,0,706,6,0.5452,0.0996298,0.22546,0.928364,6.63688e+06,867049,19232.8,292.9,4.39917,0.0477806,0.00750285,0.0311032,333.552,0.265724,0.554228,0.236567,0,0.125,-1,300,0,292.9,333.552,0.554228,0.236567,0,5.76982e+06,1,1,1,1,0.05,300,300,300,300,300,300,300,300,300,300,300,300,300,300,300
ppo,0,707,3,0.498048,0.0861556,-0.297585,0.900749,7.53763e+06,975542,21873.6,310.613,4.82135,0.0361688,0.0275057,0.0431876,303.712,0.105103,0.505445,0.3137,0,0.125,-1,300,0,310.613,303.712,0.505445,0.3137,0,6.56209e+06,1,1,1,1,0.05,300,300,300,300,300,300,300,300,300,300,300,300,300,300,300
ppo,0,708,5,0.26284,0.0284513,-0.0932747,0.996187,6.57508e+06,816645,19194.8,284.394,8.29306,0.0464933,0.00455961,0.0461424,125.685,0.671662,0.264376,0.0933526,0,0.125,-1,300,0,284.394,125.685,0.264376,0.0933526,0,5.75843e+06,1,1,1,1,0.05,300,300,300,300,300,300,300,300,300,300,300,300,300,300,300
ppo,0,709,1,0.445876,0.199552,-0.121183,1.06341,5.46029e+06,690391,15899.7,261.408,4.98013,0.0527019,0.00873663,0.0365035,213.181,0.254405,0.488495,0.13677,0,0.125,-1,300,0,261.408,213.181,0.488495,0.13677,0,4.7699e+06,1,1,1,1,0.05,300,300,300,300,300,300,300,300,300,300,300,300,300,300,300
ppo,0,710,4,0.304674,0.146405,0.100844,0.961356,6.79423e+06,836325,19859.7,287.712,11.2629,0.0604292,0.0234482,0.0180707,210.34,0.235209,0.338024,0.107995,0,0.125,-1,300,0,287.712,210.34,0.338024,0.107995,0,5.9579e+06,1,1,1,1,0.05,300,300,300,300,300,300,300,300,300,300,300,300,300,300,300
ppo,0,711,3,0.23962,0.102064,-0.134822,0.905847,6.20379e+06,827596,17920.7,286.086,4.1545,0.042345,0.0226804,0.0356846,452.611,0.165472,0.260451,0.164443,0,0.125,-1,300,0,286.086,452.611,0.260451,0.164443,0,5.3762e+06,1,1,1,1,0.05,300,300,300,300,300,300,300,300,300,300,300,300,300,300,300
ppo,0,712,3,0.300499,0.134949,-0.4475,1.08956,5.32696e+06,648496,15594.9,253.424,2.85871,0.133372,0.0213067,0.0192432,101.773,0.132462,0.32941,0.456374,0,0.125,-1,300,0,253.424,101.773,0.32941,0.456374,0,4.67846e+06,1,1,1,1,0.05,300,300,300,300,300,300,300,300,300,300,300,300,300,300,300
ppo,0,713,2,0.211592,0.0335855,-0.0671462,1.01646,6.34856e+06,812988,18451.9,283.696,9.13787,0.0282219,0.012042,0.0676336,301.343,0.582338,0.21424,0.0691345,0,0.125,-1,300,0,283.696,301.343,0.21424,0.0691345,0,5.53558e+06,1,1,1,1,0.05,300,300,300,300,300,300,300,300,300,300,300,300,300,300,300
ppo,0,714,1,0.450416,0.107787,0.213084,1.09839,5.91551e+06,701825,17379,263.654,11.3235,0.0678143,0.0221721,0.0111378,303.085,0.225635,0.463134,0.234701,0,0.125,-1,300,0,263.654,303.085,0.463134,0.234701,0,5.21369e+06,1,1,1,1,0.05,300,300,300,300,300,300,300,300,300,300,300,300,300,300,300
ppo,0,715,0,0.344836,0.131278,-0.05335,0.909843,7.12758e+06,937412,20633.9,304.464,6.52247,0.0718219,0.00781706,0.0268918,515.657,0.242448,0.368979,0.10476,1,0.125,0,300,0,304.464,515.657,0.368979,0.10476,1,6.19017e+06,1,1,1,1,0.05,300,300,300,300,300,300,300,300,300,300,300,300,300,300,300
ppo,0,716,5,0.293717,0.198574,-0.171555,0.933289,7.03532e+06,914734,20401.9,300.765,6.73455,0.0892977,0.0123469,0.0139918,242.906,0.183327,0.354544,0.184069,0,0.125,-1,300,0,300.765,242.906,0.354544,0.184069,0,6.12058e+06,1,1,1,1,0.05,300,300,300,300,300,300,300,300,300,300,300,300,300,300,300
ppo,0,717,1,0.410313,0.0571686,0.105979,0.954744,6.61683e+06,838378,19261.5,288.057,8.61397,0.0770806,0.0101758,0.0218602,89.5841,0.326559,0.414276,0.115237,0,0.125,-1,300,0,288.057,89.5841,0.414276,0.115237,0,5.77845e+06,1,1,1,1,0.05,300,300,300,300,300,300,300,300,300,300,300,300,300,300,300
ppo,0,718,5,0.37775,0.00693107,-0.311058,1.04049,6.6179e+06,820911,19323.3,284.998,11.6463,0.123806,0.00655604,0.0356505,272.001,0.678681,0.377813,0.313683,0,0.125,-1,300,0,284.998,272.001,0.377813,0.313683,0,5.79699e+06,1,1,1,1,0.05,300,300,300,300,300,300,300,300,300,300,300,300,300,300,300
ppo,0,719,5,0.157588,0.0718401,0.0391523,1.09769,5.55638e+06,693032,16211.2,261.935,8.0338,0.0694497,0.0254337,0.0316528,74.8248,0.172483,0.173191,0.105245,0,0.125,-1,300,0,261.935,74.8248,0.173191,0.105245,0,4.86335e+06,1,1,1,1,0.05,300,300,300,300,300,300,300,300,300,300,300,300,300,300,300
ppo,0,720,4,0.279568,0.102941,0.0986828,0.988414,6.65626e+06,835016,19404.1,287.514,7.64933,0.060958,0.0162344,0.0178414,194.323,0.295912,0.297919,0.0993606,0,0.125,-1,300,0,287.514,194.323,0.297919,0.0993606,0,5.82124e+06,1,1,1,1,0.05,300,300,300,300,300,300,300,300,300,300,300,300,300,300,300
ppo,0,721,2,0.25536,0.0632013,0.226254,0.900337,7.34097e+06,922744,21394.1,302.264,5.83406,0.0283907,0.0110468,0.0393323,216.575,0.161503,0.263065,0.247231,0,0.125,-1,300,0,302.264,216.575,0.263065,0.247231,0,6.41823e+06,1,1,1,1,0.05,300,300,300,300,300,300,300,300,300,300,300,300,300,300,300
ppo,0,722,0,0.526699,0.0503685,-0.269538,0.974908,6.30723e+06,795133,18373.7,280.554,10.2886,0.0672308,0.0284427,0.0302253,294.803,0.400645,0.529102,0.270704,1,0.125,0,300,0,280.554,294.803,0.529102,0.270704,1,5.5121e+06,1,1,1,1,0.05,300,300,300,300,300,300,300,300,300,300,300,300,300,300,300
ppo,0,723,7,0.406937,0.0135129,0.00518382,1.06716,6.26538e+06,755576,18366,273.483,9.63632,0.0805159,0.0129184,0.0190239,185.795,0.445484,0.407162,0.0673558,0,0.125,-1,300,0,273.483,185.795,0.407162,0.0673558,0,5.5098e+06,1,1,1,1,0.05,300,300,300,300,300,300,300,300,300,300,300,300,300,300,300
ppo,0,724,5,0.299477,0.014057,-0.31091,1.00162,5.25011e+06,674079,15253.4,258.285,4.53837,0.129786,0.0194499,0.0272276,248.158,0.313631,0.299807,0.310914,0,0.125,-1,300,0,258.285,248.158,0.299807,0.310914,0,4.57603e+06,1,1,1,1,0.05,300,300,300,300,300,300,300,300,300,300,300,300,300,300,300
ppo,0,725,2,0.602741,0.00139787,-0.25337,0.956637,6.94916e+06,885726,20211.5,295.964,9.32655,0.0555176,0.0158698,0.0158985,446.96,0.715583,0.602743,0.257054,0,0.125,-1,300,0,295.964,446.96,0.602743,0.257054,0,6.06344e+06,1,1,1,1,0.05,300,300,300,300,300,300,300,300,300,300,300,300,300,300,300
ppo,0,726,7,0.375656,0.0585561,0.451629,1.0704,5.85046e+06,719596,17102.9,266.898,10.7311,0.0808844,0.00679993,0.0298999,150.301,0.316394,0.380193,0.457084,0,0.125,-1,300,0,266.898,150.301,0.380193,0.457084,0,5.13086e+06,1,1,1,1,0.05,300,300,300,300,300,300,300,300,300,300,300,300,300,300,300
ppo,0,727,7,0.404224,0.173771,0.136738,0.924289,6.41951e+06,859564,18533.2,291.504,3.91892,0.0797024,0.0168038,0.0325815,53.0316,0.23496,0.439993,0.156299,0,0.125,-1,300,0,291.504,53.0316,0.439993,0.156299,0,5.55995e+06,1,1,1,1,0.05,300,300,300,300,300,300,300,300,300,300,300,300,300,300,300
ppo,0,728,4,0.37066,0.0909994,0.467556,1.07998,5.6417e+06,677567,16547.1,259.061,8.46538,0.0950141,0.0201257,0.0187943,310.953,0.194896,0.381667,0.474347,0,0.125,-1,300,0,259.061,310.953,0.381667,0.474347,0,4.96414e+06,1,1,1,1,0.05,300,300,300,300,300,300,300,300,300,300,300,300,300,300,300
ppo,0,729,0,0.396734,0.1008,-0.236238,1.01351,6.63311e+06,819030,19380.3,284.743,10.1913,0.0831074,0.0184081,0.0241614,241.567,0.317817,0.409339,0.236624,1,0.125,0,300,0,284.743,241.567,0.409339,0.236624,1,5.81408e+06,1,1,1,1,0.05,300,300,300,300,300,300,300,300,300,300,300,300,300,300,300
ppo,0,730,4,0.53889,0.135791,-0.0526677,1.02321,5.06414e+06,647969,14720.6,253.211,6.10694,0.101552,0.0234327,0.0233796,411.341,0.29757,0.555735,0.0575549,0,0.125,-1,300,0,253.211,411.341,0.555735,0.0575549,0,4.41617e+06,1,1,1,1,0.05,300,300,300,300,300,300,300,300,300,300,300,300,300,300,300
ppo,0,731,0,0.301695,0.0512075,0.352219,0.900438,6.10013e+06,796532,17678.7,280.67,7.51801,0.120448,0.0141064,0.0330242,198.688,0.451577,0.30601,0.366021,1,0.125,0,300,0,280.67,198.688,0.30601,0.366021,1,5.3036e+06,1,1,1,1,0.05,300,300,300,300,300,300,300,300,300,300,300,300,300,300,300
ppo,0,732,2,0.422728,0.180893,0.401215,1.05402,5.59007e+06,709891,16267.3,265.056,8.63443,0.142336,0.0162253,0.0236398,242.742,0.162178,0.459806,0.404835,0,0.125,-1,300,0,265.056,242.742,0.459806,0.404835,0,4.88018e+06,1,1,1,1,0.05,300,300,300,300,300,300,300,300,300,300,300,300,300,300,300
ppo,0,733,3,0.390046,0.0227648,-0.209783,0.904187,7.43042e+06,919931,21701.6,301.701,7.94084,0.0743725,0.0217501,0.0391803,190.559,0.713809,0.39071,0.230628,0,0.125,-1,300,0,301.701,190.559,0.39071,0.230628,0,6.51049e+06,1,1,1,1,0.05,300,300,300,300,300,300,300,300,300,300,300,300,300,300,300
ppo,0,734,3,0.429704,0.0967878,0.258809,0.917072,7.2708e+06,924219,21155.3,302.388,8.86849,0.101282,0.0187632,0.0118632,184.707,0.190828,0.440469,0.271771,0,0.125,-1,300,0,302.388,184.707,0.440469,0.271771,0,6.34658e+06,1,1,1,1,0.05,300,300,300,300,300,300,300,300,300,300,300,300,300,300,300
ppo,0,735,2,0.548185,0.0669807,-0.0191746,1.08953,5.69196e+06,681719,16700.8,259.919,7.7577,0.0327136,0.0166836,0.0248347,119.914,0.140424,0.552262,0.0915561,0,0.125,-1,300,0,259.919,119.914,0.552262,0.0915561,0,5.01024e+06,1,1,1,1,0.05,300,300,300,300,300,300,300,300,300,300,300,300,300,300,300
ppo,0,736,3,0.353588,0.032842,-0.425244,0.969101,7.13657e+06,882074,20848.3,295.484,8.44004,0.114711,0.020424,0.042632,266.074,0.450875,0.35511,0.426365,0,0.125,-1,300,0,295.484,266.074,0.35511,0.426365,0,6.25449e+06,1,1,1,1,0.05,300,300,300,300,300,300,300,300,300,300,300,300,300,300,300
ppo,0,737,1,0.403733,0.0877216,-0.326605,0.92343,6.72562e+06,851934,19579,290.297,8.07698,0.115253,0.0248488,0.0167879,36.777,0.386812,0.413153,0.335461,0,0.125,-1,300,0,290.297,36.777,0.413153,0.335461,0,5.87368e+06,1,1,1,1,0.05,300,300,300,300,300,300,300,300,300,300,300,300,300,300,300
ppo,0,738,5,0.437537,0.0270939,-0.16418,0.970106,6.85746e+06,876052,19938,294.47,8.87704,0.141231,0.0113549,0.0222254,171.358,0.377809,0.438375,0.166879,0,0.125,-1,300,0,294.47,171.358,0.438375,0.166879,0,5.98141e+06,1,1,1,1,0.05,300,300,300,300,300,300,300,300,300,300,300,300,300,300,300
ppo,0,739,0,0.499162,0.12157,0.429373,0.937751,6.18473e+06,788779,17986.5,279.383,5.16477,0.0980791,0.0134,0.032394,40.8651,0.201564,0.513753,0.433862,1,0.125,0,300,0,279.383,40.8651,0.513753,0.433862,1,5.39595e+06,1,1,1,1,0.05,300,300,300,300,300,300,300,300,300,300,300,300,300,300,300
ppo,0,740,4,0.232929,0.18128,-0.0694331,1.0907,4.64453e+06,589858,13515.6,241.635,4.66919,0.092014,0.0114675,0.0433974,93.8794,0.183597,0.295159,0.114222,0,0.125,-1,300,0,241.635,93.8794,0.295159,0.114222,0,4.05467e+06,1,1,1,1,0.05,300,300,300,300,300,300,300,300,300,300,300,300,300,300,300
ppo,0,741,0,0.472585,0.0674545,0.292088,0.934479,5.28887e+06,724059,15216,267.541,4.79911,0.0336013,0.00730191,0.0516214,45.6693,0.272307,0.477375,0.299346,1,0.125,0,300,0,267.541,45.6693,0.477375,0.299346,1,4.56481e+06,1,1,1,1,0.05,300,300,300,300,300,300,300,300,300,300,300,300,300,300,300
ppo,0,742,7,0.376766,0.0757947,0.0504601,0.90155,6.98022e+06,908640,20238.6,299.844,4.49079,0.0764676,0.0183914,0.0457077,241.113,0.181665,0.384314,0.110628,0,0.125,-1,300,0,299.844,241.113,0.384314,0.110628,0,6.07158e+06,1,1,1,1,0.05,300,300,300,300,300,300,300,300,300,300,300,300,300,300,300
ppo,0,743,5,0.41904,0.178721,-0.128014,1.04547,6.49038e+06,779123,19037.5,277.8,7.42046,0.0165396,0.0198283,0.0330029,526.474,0.132352,0.455561,0.135849,0,0.125,-1,300,0,277.8,526.474,0.455561,0.135849,0,5.71125e+06,1,1,1,1,0.05,300,300,300,300,300,300,300,300,300,300,300,300,300,300,300
ppo,0,744,3,0.303077,0.156138,0.397887,1.05071,6.10432e+06,749302,17850,272.369,9.27496,0.0877587,0.022492,0.0547402,230.86,0.141445,0.340932,0.401106,0,0.125,-1,300,0,272.369,230.86,0.340932,0.401106,0,5.35501e+06,1,1,1,1,0.05,300,300,300,300,300,300,300,300,300,300,300,300,300,300,300
ppo,0,745,1,0.535009,0.00442023,0.207418,0.996227,5.62024e+06,709313,16369.8,264.889,4.33365,0.0431659,0.0190912,0.035007,123.018,1.02426,0.535027,0.207452,0,0.125,-1,300,0,264.889,123.018,0.535027,0.207452,0,4.91093e+06,1,1,1,1,0.05,300,300,300,300,300,300,300,300,300,300,300,300,300,300,300
ppo,0,746,6,0.280339,0.128993,0.156511,0.915451,7.29214e+06,922259,21233,302.137,10.2349,0.0772984,0.0127773,0.032068,241.149,0.304747,0.308592,0.177889,0,0.125,-1,300,0,302.137,241.149,0.308592,0.177889,0,6.36989e+06,1,1,1,1,0.05,300,300,300,300,300,300,300,300,300,300,300,300,300,300,300
ppo,0,747,7,0.324355,0.0443512,-0.214155,0.971429,7.1093e+06,857804,20838.3,291.435,9.59708,0.168002,0.0138654,0.0399066,46.7631,0.322749,0.327373,0.216052,0,0.125,-1,300,0,291.435,46.7631,0.327373,0.216052,0,6.25149e+06,1,1,1,1,0.05,300,300,300,300,300,300,300,300,300,300,300,300,300,300,300
ppo,0,748,5,0.4184,0.0419795,0.292158,0.968308,7.47366e+06,909045,21882.1,299.987,9.95077,0.0526042,0.0143971,0.0123049,563.907,0.192405,0.4205,0.293871,0,0.125,-1,300,0,299.987,563.907,0.4205,0.293871,0,6.56462e+06,1,1,1,1,0.05,300,300,300,300,300,300,300,300,300,300,300,300,300,300,300
ppo,0,749,4,0.38916,0.151122,0.431199,0.906947,6.74161e+06,870228,19571.3,293.456,9.16238,0.0683732,0.0137509,0.0380737,335.492,0.124289,0.417472,0.441125,0,0.125,-1,300,0,293.456,335.492,0.417472,0.441125,0,5.87138e+06,1,1,1,1,0.05,300,300,300,300,300,300,300,300,300,300,300,300,300,300,300
ppo,0,750,1,0.223214,0.165008,0.14448,1.06792,5.28223e+06,668996,15377.4,257.32,2.4377,0.0471052,0.0228685,0.0581281,350.303,0.197831,0.277583,0.159649,0,0.125,-1,300,0,257.32,350.303,0.277583,0.159649,0,4.61323e+06,1,1,1,1,0.05,300,300,300,300,300,300,300,300,300,300,300,300,300,300,300
ppo,0,751,7,0.605005,0.0907194,-0.498976,0.901526,7.33959e+06,936581,21343.4,304.42,7.295,0.04073,0.0130067,0.0273169,61.5334,0.194728,0.611769,0.5086,0,0.125,-1,300,0,304.42,61.5334,0.611769,0.5086,0,6.40301e+06,1,1,1,1,0.05,300,300,300,300,300,300,300,300,300,300,300,300,300,300,300
ppo,0,752,7,0.287386,0.146118,-0.438777,1.03065,5.82738e+06,722058,17017.8,267.368,2.82732,0.0926193,0.00705689,0.0146757,237.321,0.295855,0.322399,0.439846,0,0.125,-1,300,0,267.368,237.321,0.322399,0.439846,0,5.10533e+06,1,1,1,1,0.05,300,300,300,300,300,300,300,300,300,300,300,300,300,300,300
ppo,0,753,3,0.421507,0.122888,-0.414423,0.903916,6.57666e+06,850662,19086.6,290.156,3.5947,0.0371552,0.00884801,0.0162699,152.487,0.223453,0.439056,0.425415,0,0.125,-1,300,0,290.156,152.487,0.439056,0.425415,0,5.72599e+06,1,1,1,1,0.05,300,300,300,300,300,300,300,300,300,300,300,300,300,300,300
ppo,0,754,2,0.494863,0.0304682,0.284559,0.983999,6.5919e+06,819054,19242.8,284.786,8.48349,0.0613776,0.025557,0.0242084,85.3596,0.641923,0.4958,0.285009,0,0.125,-1,300,0,284.786,85.3596,0.4958,0.285009,0,5.77285e+06,1,1,1,1,0.05,300,300,300,300,300,300,300,300,300,300,300,300,300,300,300
ppo,0,755,6,0.4766,0.13546,-0.21526,0.938332,7.40544e+06,886355,21730.3,296.227,9.64724,0.0794443,0.0122484,0.0298878,337.422,0.0856426,0.495476,0.223919,0,0.125,-1,300,0,296.227,337.422,0.495476,0.223919,0,6.51908e+06,1,1,1,1,0.05,300,300,300,300,300,300,300,300,300,300,300,300,300,300,300
ppo,0,756,3,0.402085,0.0756696,0.364883,1.03854,6.07007e+06,773613,17654.9,276.681,9.05255,0.0737627,0.0177659,0.0347268,179.022,0.252506,0.409143,0.366913,0,0.125,-1,300,0,276.681,179.022,0.409143,0.366913,0,5.29646e+06,1,1,1,1,0.05,300,300,300,300,300,300,300,300,300,300,300,300,300,300,300
ppo,0,757,3,0.545929,0.0599086,-0.297607,0.971603,6.56754e+06,835981,19105.2,287.615,9.1216,0.133751,0.0226597,0.0427321,396.726,0.250343,0.549206,0.298959,0,0.125,-1,300,0,287.615,396.726,0.549206,0.298959,0,5.73156e+06,1,1,1,1,0.05,300,300,300,300,300,300,300,300,300,300,300,300,300,300,300
ppo,0,758,4,0.429495,0.11999,0.313666,0.937093,7.02614e+06,882833,20477.7,295.568,9.338,0.060024,0.0193738,0.0440053,263.653,0.126983,0.445941,0.319912,0,0.125,-1,300,0,295.568,263.653,0.445941,0.319912,0,6.1433e+06,1,1,1,1,0.05,300,300,300,300,300,300,300,300,300,300,300,300,300,300,300
ppo,0,759,0,0.41546,0.162353,-0.0814518,1.02531,5.76005e+06,722292,16792.5,267.386,3.7406,0.101434,0.0168031,0.03753,126.715,0.29141,0.446055,0.0852931,1,0.125,0,300,0,267.386,126.715,0.446055,0.0852931,1,5.03776e+06,1,1,1,1,0.05,300,300,300,300,300,300,300,300,300,300,300,300,300,300,300
ppo,0,760,2,0.45803,0.0293601,-0.178644,1.05958,5.61639e+06,686811,16431.9,260.81,7.50055,0.0451832,0.00958796,0.0319665,355.637,0.642491,0.45897,0.188318,0,0.125,-1,300,0,260.81,355.637,0.45897,0.188318,0,4.92958e+06,1,1,1,1,0.05,300,300,300,300,300,300,300,300,300,300,300,300,300,300,300
ppo,0,761,3,0.414236,0.0136668,0.137344,0.980317,6.59593e+06,805460,19301.6,282.335,10.1141,0.101239,0.0132315,0.0397597,470.107,0.551148,0.414461,0.138747,0,0.125,-1,300,0,282.335,470.107,0.414461,0.138747,0,5.79047e+06,1,1,1,1,0.05,300,300,300,300,300,300,300,300,300,300,300,300,300,300,300
ppo,0,762,4,0.301925,0.128295,0.0963579,0.955188,6.49806e+06,833823,18880.8,287.149,6.92961,0.0771609,0.00992241,0.0400311,245.582,0.11549,0.328052,0.106268,0,0.125,-1,300,0,287.149,245.582,0.328052,0.106268,0,5.66424e+06,1,1,1,1,0.05,300,300,300,300,300,300,300,300,300,300,300,300,300,300,300
ppo,0,763,6,0.584862,0.0733929,-0.361847,1.03042,6.69397e+06,789488,19681.6,279.69,11.5308,0.0834564,0.00764768,0.0256055,191.316,0.596603,0.589449,0.363123,0,0.125,-1,300,0,279.69,191.316,0.589449,0.363123,0,5.90448e+06,1,1,1,1,0.05,300,300,300,300,300,300,300,300,300,300,300,300,300,300,300
ppo,0,764,1,0.370644,0.186045,0.103426,0.906455,6.85601e+06,882874,19910.4,295.539,9.10869,0.107795,0.0237833,0.0182696,247.732,0.190638,0.414716,0.139454,0,0.125,-1,300,0,295.539,247.732,0.414716,0.139454,0,5.97313e+06,1,1,1,1,0.05,300,300,300,300,300,300,300,300,300,300,300,300,300,300,300
ppo,0,765,2,0.470319,0.0849708,-0.450678,0.943973,7.10233e+06,883322,20730,295.653,8.55624,0.0836389,0.0161084,0.0192442,63.0757,0.0931422,0.477933,0.454147,0,0.125,-1,300,0,295.653,63.0757,0.477933,0.454147,0,6.21901e+06,1,1,1,1,0.05,300,300,300,300,300,300,300,300,300,300,300,300,300,300,300
ppo,0,766,1,0.45151,0.148233,0.485786,1.07198,5.67499e+06,687487,16625,260.918,8.78852,0.116895,0.013297,0.0349414,240.041,0.0358612,0.47522,0.49109,0,0.125,-1,300,0,260.918,240.041,0.47522,0.49109,0,4.98751e+06,1,1,1,1,0.05,300,300,300,300,300,300,300,300,300,300,300,300,300,300,300
ppo,0,767,1,0.478015,0.037235,-0.0954301,1.01851,5.24743e+06,686967,15201.6,260.678,3.38537,0.0501539,0.0145219,0.0220398,86.2952,0.323947,0.479463,0.097208,0,0.125,-1,300,0,260.678,86.2952,0.479463,0.097208,0,4.56047e+06,1,1,1,1,0.05,300,300,300,300,300,300,300,300,300,300,300,300,300,300,300
ppo,0,768,0,0.4589,0.189277,-0.466105,1.06996,6.17834e+06,764026,18047.7,274.984,10.1346,0.0928799,0.0122226,0.0310037,435.346,0.261441,0.496402,0.471326,1,0.125,0,300,0,274.984,435.346,0.496402,0.471326,1,5.41432e+06,1,1,1,1,0.05,300,300,300,300,300,300,300,300,300,300,300,300,300,300,300
ppo,0,769,5,0.307265,0.0619027,0.331347,1.05149,5.24869e+06,645408,15344.3,252.741,4.00172,0.134507,0.005185,0.0428077,80.9088,0.0630961,0.313438,0.335324,0,0.125,-1,300,0,252.741,80.9088,0.313438,0.335324,0,4.60328e+06,1,1,1,1,0.05,300,300,300,300,300,300,300,300,300,300,300,300,300,300,300
ppo,0,770,1,0.184025,0.0932549,-0.21226,1.04094,5.81009e+06,715007,16983.6,266.152,8.38926,0.0426757,0.00853013,0.00727718,217.249,0.307082,0.206305,0.216172,0,0.125,-1,300,0,266.152,217.249,0.206305,0.216172,0,5.09508e+06,1,1,1,1,0.05,300,300,300,300,300,300,300,300,300,300,300,300,300,300,300
ppo,0,771,4,0.16831,0.0596394,0.353257,1.08436,5.10066e+06,628976,14905.6,249.531,7.16716,0.159383,0.0212493,0.0279216,110.053,0.403527,0.178564,0.36319,0,0.125,-1,300,0,249.531,110.053,0.178564,0.36319,0,4.47168e+06,1,1,1,1,0.05,300,300,300,300,300,300,300,300,300,300,300,300,300,300,300
ppo,0,772,7,0.592838,0.123661,-0.172543,0.953026,6.11743e+06,783518,17779.7,278.404,7.55861,0.152142,0.0158382,0.0139413,120.162,0.167579,0.605598,0.178823,0,0.125,-1,300,0,278.404,120.162,0.605598,0.178823,0,5.33391e+06,1,1,1,1,0.05,300,300,300,300,300,300,300,300,300,300,300,300,300,300,300
ppo,0,773,1,0.574605,0.00258312,-0.0439847,0.962295,6.38737e+06,822528,18549.5,285.311,4.97547,0.152378,0.0101269,0.0321652,185.031,0.641629,0.574611,0.0579336,0,0.125,-1,300,0,285.311,185.031,0.574611,0.0579336,0,5.56484e+06,1,1,1,1,0.05,300,300,300,300,300,300,300,300,300,300,300,300,300,300,300
ppo,0,774,7,0.31802,0.177991,-0.284582,0.933756,7.48235e+06,927195,21850.5,302.934,10.5679,0.0690724,0.0159821,0.0233629,210.083,0.130906,0.364441,0.29219,0,0.125,-1,300,0,302.934,210.083,0.364441,0.29219,0,6.55516e+06,1,1,1,1,0.05,300,300,300,300,300,300,300,300,300,300,300,300,300,300,300
ppo,0,775,7,0.321266,0.11522,-0.0157868,1.02757,5.9925e+06,752339,17467.2,272.849,7.16615,0.0730867,0.0085909,0.0528991,174.371,0.0717816,0.341302,0.0317708,0,0.125,-1,300,0,272.849,174.371,0.341302,0.0317708,0,5.24016e+06,1,1,1,1,0.05,300,300,300,300,300,300,300,300,300,300,300,300,300,300,300
ppo,0,776,1,0.385651,0.0505782,0.326743,0.917891,6.82755e+06,869865,19859,293.395,5.64879,0.104431,0.00962658,0.0182866,114.113,0.190944,0.388953,0.336901,0,0.125,-1,300,0,293.395,114.113,0.388953,0.336901,0,5.95768e+06,1,1,1,1,0.05,300,300,300,300,300,300,300,300,300,300,300,300,300,300,300
ppo,0,777,6,0.480563,0.109762,0.106934,0.97854,6.76587e+06,851257,19715.4,290.244,11.0322,0.097199,0.00929243,0.0403933,242.268,0.0968382,0.492938,0.109067,0,0.125,-1,300,0,290.244,242.268,0.492938,0.109067,0,5.91462e+06,1,1,1,1,0.05,300,300,300,300,300,300,300,300,300,300,300,300,300,300,300
ppo,0,778,7,0.502036,0.0806142,0.35561,0.944901,6.58457e+06,836257,19161,287.709,9.41378,0.0344417,0.00521204,0.036977,300.396,0.181934,0.508467,0.359853,0,0.125,-1,300,0,287.709,300.396,0.508467,0.359853,0,5.74831e+06,1,1,1,1,0.05,300,300,300,300,300,300,300,300,300,300,300,300,300,300,300
ppo,0,779,4,0.554097,0.0898517,0.0186676,0.941369,6.33855e+06,819996,18395.2,284.804,5.18635,0.112945,0.0104297,0.0386857,344.457,0.20789,0.561335,0.061531,0,0.125,-1,300,0,284.804,344.457,0.561335,0.061531,0,5.51856e+06,1,1,1,1,0.05,300,300,300,300,300,300,300,300,300,300,300,300,300,300,300
ppo,0,780,1,0.282146,0.0881602,-0.417395,1.01681,5.37024e+06,695727,15581.7,262.337,3.31628,0.0458114,0.0175934,0.00892749,160.625,0.313794,0.295599,0.417734,0,0.125,-1,300,0,262.337,160.625,0.295599,0.417734,0,4.67451e+06,1,1,1,1,0.05,300,300,300,300,300,300,300,300,300,300,300,300,300,300,300
ppo,0,781,0,0.594036,0.137241,-0.0613194,1.0823,5.39921e+06,659242,15799.9,255.535,8.91809,0.0467845,0.0141643,0.0341295,191.377,0.144648,0.609683,0.10263,1,0.125,0,300,0,255.535,191.377,0.609683,0.10263,1,4.73997e+06,1,1,1,1,0.05,300,300,300,300,300,300,300,300,300,300,300,300,300,300,300
ppo,0,782,4,0.481116,0.035482,-0.0490198,1.02586,5.83184e+06,717616,17047.4,266.564,6.35466,0.119204,0.0111748,0.0350247,229.116,0.325872,0.482423,0.0554222,0,0.125,-1,300,0,266.564,229.116,0.482423,0.0554222,0,5.11423e+06,1,1,1,1,0.05,300,300,300,300,300,300,300,300,300,300,300,300,300,300,300
ppo,0,783,6,0.332853,0.108478,0.127315,0.912295,7.00874e+06,872868,20452.9,293.941,10.9279,0.108013,0.0218444,0.0123689,164.034,0.246977,0.350083,0.154601,0,0.125,-1,300,0,293.941,164.034,0.350083,0.154601,0,6.13588e+06,1,1,1,1,0.05,300,300,300,300,300,300,300,300,300,300,300,300,300,300,300
ppo,0,784,6,0.457925,0.0185753,0.0222889,0.908552,6.24194e+06,818706,18077.4,284.559,7.26093,0.0928408,0.0160529,0.0298774,186.71,0.519799,0.458301,0.0941249,0,0.125,-1,300,0,284.559,186.71,0.458301,0.0941249,0,5.42323e+06,1,1,1,1,0.05,300,300,300,300,300,300,300,300,300,300,300,300,300,300,300
ppo,0,785,5,0.539105,0.136746,0.0140226,1.00414,6.13553e+06,772777,17875.9,276.564,7.84801,0.073282,0.0127683,0.0116293,207.363,0.22103,0.556178,0.0146197,0,0.125,-1,300,0,276.564,207.363,0.556178,0.0146197,0,5.36276e+06,1,1,1,1,0.05,300,300,300,300,300,300,300,300,300,300,300,300,300,300,300
ppo,0,786,5,0.234275,0.143013,0.422122,1.06631,5.52703e+06,688847,16127.3,261.161,8.43314,0.0853735,0.00974572,0.0353164,202.287,0.191788,0.274477,0.427298,0,0.125,-1,300,0,261.161,202.287,0.274477,0.427298,0,4.83818e+06,1,1,1,1,0.05,300,300,300,300,300,300,300,300,300,300,300,300,300,300,300
ppo,0,787,5,0.564432,0.185998,0.319766,0.94917,7.22832e+06,885158,21143.9,295.991,10.0473,0.0995458,0.0159952,0.0357157,224.799,0.181484,0.594289,0.323781,0,0.125,-1,300,0,295.991,224.799,0.594289,0.323781,0,6.34316e+06,1,1,1,1,0.05,300,300,300,300,300,300,300,300,300,300,300,300,300,300,300
ppo,0,788,7,0.441652,0.031714,0.449743,1.09776,5.34916e+06,677444,15572.4,258.959,8.60041,0.159816,0.0151708,0.036646,144.754,0.679368,0.442789,0.460244,0,0.125,-1,300,0,258.959,144.754,0.442789,0.460244,0,4.67171e+06,1,1,1,1,0.05,300,300,300,300,300,300,300,300,300,300,300,300,300,300,300
ppo,0,789,7,0.427787,0.0545595,0.140801,0.940318,6.93263e+06,871534,20203.7,293.695,7.00272,0.0451212,0.00879245,0.044738,248.107,0.194709,0.431252,0.152928,0,0.125,-1,300,0,293.695,248.107,0.431252,0.152928,0,6.0611e+06,1,1,1,1,0.05,300,300,300,300,300,300,300,300,300,300,300,300,300,300,300
ppo,0,790,5,0.507888,0.0808562,-0.389342,1.07838,6.20452e+06,750213,18181,272.525,8.73294,0.0467261,0.0332251,0.0398252,330.218,0.37347,0.514284,0.397153,0,0.125,-1,300,0,272.525,330.218,0.514284,0.397153,0,5.45431e+06,1,1,1,1,0.05,300,300,300,300,300,300,300,300,300,300,300,300,300,300,300
ppo,0,791,4,0.339549,0.0170452,0.269017,0.992122,5.67233e+06,697649,16582.3,262.777,3.84139,0.118627,0.0130432,0.0364816,318.897,0.376734,0.339976,0.269132,0,0.125,-1,300,0,262.777,318.897,0.339976,0.269132,0,4.97468e+06,1,1,1,1,0.05,300,300,300,300,300,300,300,300,300,300,300,300,300,300,300
ppo,0,792,6,0.275144,0.119613,-0.358645,0.97554,6.39585e+06,777448,18728,277.406,5.50203,0.0605533,0.00791077,0.0405444,344.521,0.275208,0.300019,0.359479,0,0.125,-1,300,0,277.406,344.521,0.300019,0.359479,0,5.6184e+06,1,1,1,1,0.05,300,300,300,300,300,300,300,300,300,300,300,300,300,300,300
ppo,0,793,0,0.363748,0.195937,-0.12583,0.916138,6.48593e+06,855030,18769.7,290.787,5.26352,0.0364724,0.0126342,0.0457092,223.544,0.240827,0.413163,0.151216,1,0.125,0,300,0,290.787,223.544,0.413163,0.151216,1,5.6309e+06,1,1,1,1,0.05,300,300,300,300,300,300,300,300,300,300,300,300,300,300,300
ppo,0,794,0,0.178817,0.169785,0.0640453,0.965817,6.5704e+06,820502,19166.3,285.046,8.1851,0.150838,0.0185012,0.0226722,162.549,0.158751,0.246581,0.0725965,1,0.125,0,300,0,285.046,162.549,0.246581,0.0725965,1,5.7499e+06,1,1,1,1,0.05,300,300,300,300,300,300,300,300,300,300,300,300,300,300,300
ppo,0,795,4,0.367104,0.0442837,0.0383512,1.02802,6.13652e+06,772158,17881.2,276.457,4.82442,0.146364,0.0231313,0.0630424,273.52,0.611334,0.369765,0.0474939,0,0.125,-1,300,0,276.457,273.52,0.369765,0.0474939,0,5.36436e+06,1,1,1,1,0.05,300,300,300,300,300,300,300,300,300,300,300,300,300,300,300
ppo,0,796,2,0.289785,0.112125,-0.378956,0.954633,6.26072e+06,792907,18226,280.091,3.6473,0.0441952,0.0148751,0.0299005,367.041,0.21018,0.310721,0.381662,0,0.125,-1,300,0,280.091,367.041,0.310721,0.381662,0,5.46781e+06,1,1,1,1,0.05,300,300,300,300,300,300,300,300,300,300,300,300,300,300,300
ppo,0,797,7,0.332249,0.113615,-0.0783075,1.07783,5.25305e+06,651038,15340.1,253.9,5.03863,0.0715135,0.0112672,0.0317834,56.2294,0.0856954,0.351138,0.110403,0,0.125,-1,300,0,253.9,56.2294,0.351138,0.110403,0,4.60202e+06,1,1,1,1,0.05,300,300,300,300,300,300,300,300,300,300,300,300,300,300,300
ppo,0,798,2,0.429027,0.0803526,-0.143165,0.947879,6.69702e+06,827580,19564.8,286.196,0.869304,0.0584739,0.0144211,0.0326161,380.794,0.2487,0.436486,0.152358,0,0.125,-1,300,0,286.196,380.794,0.436486,0.152358,0,5.86944e+06,1,1,1,1,0.05,300,300,300,300,300,300,300,300,300,300,300,300,300,300,300
ppo,0,799,3,0.374744,0.155657,0.402251,1.02499,6.29335e+06,783782,18365.2,278.526,6.44014,0.0194511,0.00377023,0.0286522,127.116,0.0561075,0.405786,0.403027,0,0.125,-1,300,0,278.526,127.116,0.405786,0.403027,0,5.50957e+06,1,1,1,1,0.05,300,300,300,300,300,300,300,300,300,300,300,300,300,300,300
ppo,0,800,5,0.287599,0.033379,-0.11338,0.902094,6.62419e+06,824918,19330.9,285.743,8.28484,0.0685165,0.0178139,0.0347036,249.458,0.403047,0.28953,0.149802,0,0.125,-1,300,0,285.743,249.458,0.28953,0.149802,0,5.79927e+06,1,1,1,1,0.05,300,300,300,300,300,300,300,300,300,300,300,300,300,300,300
ppo,0,801,1,0.426069,0.0816525,-0.339767,1.06347,5.77532e+06,705303,16900,264.306,10.4981,0.122616,0.0104207,0.0300651,303.306,0.081363,0.433822,0.345644,0,0.125,-1,300,0,264.306,303.306,0.433822,0.345644,0,5.07001e+06,1,1,1,1,0.05,300,300,300,300,300,300,300,300,300,300,300,300,300,300,300
ppo,0,802,1,0.225176,0.0957092,-0.0805279,1.06032,5.49944e+06,693061,16021.3,261.927,7.09078,0.0769511,0.013636,0.0211322,165.081,0.425704,0.244672,0.100613,0,0.125,-1,300,0,261.927,165.081,0.244672,0.100613,0,4.80638e+06,1,1,1,1,0.05,300,300,300,300,300,300,300,300,300,300,300,300,300,300,300
ppo,0,803,4,0.53047,0.0923683,0.469871,0.917422,7.37311e+06,911768,21537.8,300.441,11.1775,0.103231,0.00953871,0.0456133,399.749,0.0778565,0.538452,0.477072,0,0.125,-1,300,0,300.441,399.749,0.538452,0.477072,0,6.46135e+06,1,1,1,1,0.05,300,300,300,300,300,300,300,300,300,300,300,300,300,300,300
ppo,0,804,0,0.395945,0.0536392,-0.35326,1.04961,5.97012e+06,739756,17434.5,270.593,8.39383,0.0799226,0.0237823,0.0374483,315.22,0.105706,0.399561,0.356726,1,0.125,0,300,0,270.593,315.22,0.399561,0.356726,1,5.23036e+06,1,1,1,1,0.05,300,300,300,300,300,300,300,300,300,300,300,300,300,300,300
ppo,0,805,1,0.404716,0.193633,0.0449814,1.07003,5.97998e+06,727411,17508.6,268.398,8.06096,0.117832,0.0105897,0.0419093,416.241,0.128093,0.448653,0.0832291,0,0.125,-1,300,0,268.398,416.241,0.448653,0.0832291,0,5.25257e+06,1,1,1,1,0.05,300,300,300,300,300,300,300,300,300,300,300,300,300,300,300
ppo,0,806,1,0.305245,0.0384176,-0.00797141,0.952894,6.3869e+06,811139,18585.9,283.312,5.27341,0.0746815,0.0120191,0.00841669,494.396,0.30392,0.307653,0.0477759,0,0.125,-1,300,0,283.312,494.396,0.307653,0.0477759,0,5.57577e+06,1,1,1,1,0.05,300,300,300,300,300,300,300,300,300,300,300,300,300,300,300
ppo,0,807,1,0.485084,0.180565,-0.295958,1.04378,5.7306e+06,722572,16693.4,267.359,10.9253,0.021546,0.0248104,0.0274614,245.641,0.179478,0.5176,0.299178,0,0.125,-1,300,0,267.359,245.641,0.5176,0.299178,0,5.00803e+06,1,1,1,1,0.05,300,300,300,300,300,300,300,300,300,300,300,300,300,300,300
ppo,0,808,1,0.439711,0.0666559,0.215005,0.942294,6.6788e+06,847535,19437.5,289.599,7.11018,0.0826566,0.0090185,0.0177251,50.5297,0.520765,0.444734,0.222614,0,0.125,-1,300,0,289.599,50.5297,0.444734,0.222614,0,5.83126e+06,1,1,1,1,0.05,300,300,300,300,300,300,300,300,300,300,300,300,300,300,300
ppo,0,809,6,0.389046,0.0824239,-0.482632,1.0217,6.23932e+06,761126,18260.7,274.472,7.53653,0.040086,0.0184369,0.0355994,77.2209,0.256721,0.397682,0.483119,0,0.125,-1,300,0,274.472,77.2209,0.397682,0.483119,0,5.4782e+06,1,1,1,1,0.05,300,300,300,300,300,300,300,300,300,300,300,300,300,300,300
ppo,0,810,1,0.456479,0.128911,-0.433576,0.967376,6.00279e+06,767633,17450.5,275.586,7.29594,0.0899981,0.00784206,0.0298857,279.418,0.37264,0.474333,0.434802,0,0.125,-1,300,0,275.586,279.418,0.474333,0.434802,0,5.23516e+06,1,1,1,1,0.05,300,300,300,300,300,300,300,300,300,300,300,300,300,300,300
ppo,0,811,0,0.572395,0.15985,-0.330248,1.0155,6.09999e+06,751523,17828.2,272.788,6.53588,0.0841834,0.0155136,0.0521283,262.89,0.250203,0.594296,0.330611,1,0.125,0,300,0,272.788,262.89,0.594296,0.330611,1,5.34846e+06,1,1,1,1,0.05,300,300,300,300,300,300,300,300,300,300,300,300,300,300,300
ppo,0,812,5,0.524129,0.124792,-0.204363,0.990091,6.3971e+06,792706,18681.3,280.11,6.36752,0.0334612,0.00316793,0.0136435,184.261,0.248059,0.538781,0.204604,0,0.125,-1,300,0,280.11,184.261,0.538781,0.204604,0,5.60439e+06,1,1,1,1,0.05,300,300,300,300,300,300,300,300,300,300,300,300,300,300,300
ppo,0,813,4,0.519853,0.169155,-0.00595498,0.946285,6.89554e+06,863618,20106.4,292.36,7.25146,0.0554076,0.0119351,0.0460508,213.834,0.177822,0.546681,0.0540443,0,0.125,-1,300,0,292.36,213.834,0.546681,0.0540443,0,6.03192e+06,1,1,1,1,0.05,300,300,300,300,300,300,300,300,300,300,300,300,300,300,300
ppo,0,814,7,0.359865,0.121006,0.444119,1.03749,6.25952e+06,785581,18246.5,278.767,9.09726,0.0705614,0.0227695,0.0281086,189.52,0.152565,0.379665,0.445698,0,0.125,-1,300,0,278.767,189.52,0.379665,0.445698,0,5.47394e+06,1,1,1,1,0.05,300,300,300,300,300,300,300,300,300,300,300,300,300,300,300
ppo,0,815,2,0.25776,0.156671,-0.13721,1.06521,5.36054e+06,674170,15621.2,258.359,7.96412,0.116462,0.012018,0.0404241,281.5,0.159098,0.301639,0.151917,0,0.125,-1,300,0,258.359,281.5,0.301639,0.151917,0,4.68637e+06,1,1,1,1,0.05,300,300,300,300,300,300,300,300,300,300,300,300,300,300,300
ppo,0,816,0,0.249901,0.101635,0.144713,1.06987,6.02994e+06,734167,17652.6,269.657,8.3959,0.0574596,0.0232998,0.0287118,114.834,0.0732082,0.269778,0.160696,1,0.125,0,300,0,269.657,114.834,0.269778,0.160696,1,5.29577e+06,1,1,1,1,0.05,300,300,300,300,300,300,300,300,300,300,300,300,300,300,300
ppo,0,817,6,0.353388,0.0222226,-0.186253,0.902278,7.39309e+06,918475,21582.1,301.397,10.3555,0.127589,0.0277287,0.012311,526.438,0.965134,0.354086,0.210332,0,0.125,-1,300,0,301.397,526.438,0.354086,0.210332,0,6.47462e+06,1,1,1,1,0.05,300,300,300,300,300,300,300,300,300,300,300,300,300,300,300
ppo,0,818,1,0.48432,0.117112,-0.0454739,1.00946,6.22685e+06,790967,18119.6,279.728,8.63201,0.0563453,0.0205134,0.024082,220.358,0.0793018,0.498278,0.0464472,0,0.125,-1,300,0,279.728,220.358,0.498278,0.0464472,0,5.43588e+06,1,1,1,1,0.05,300,300,300,300,300,300,300,300,300,300,300,300,300,300,300
ppo,0,819,5,0.419893,0.137835,0.0563012,0.961882,6.3507e+06,793390,18524.4,280.317,9.60772,0.0798715,0.00415471,0.00692723,292.358,0.133962,0.441938,0.067991,0,0.125,-1,300,0,280.317,292.358,0.441938,0.067991,0,5.55731e+06,1,1,1,1,0.05,300,300,300,300,300,300,300,300,300,300,300,300,300,300,300
ppo,0,820,3,0.394152,0.0566592,0.103067,0.965742,5.90301e+06,749977,17176.8,272.457,7.38374,0.0724167,0.011188,0.0333231,167.289,0.187482,0.398203,0.108612,0,0.125,-1,300,0,272.457,167.289,0.398203,0.108612,0,5.15304e+06,1,1,1,1,0.05,300,300,300,300,300,300,300,300,300,300,300,300,300,300,300
ppo,0,821,0,0.167401,0.141043,-0.0374883,0.932262,6.7915e+06,887529,19679.9,296.289,4.1393,0.0541483,0.0142958,0.0303607,441.846,0.295924,0.218898,0.0774195,1,0.125,0,300,0,296.289,441.846,0.218898,0.0774195,1,5.90397e+06,1,1,1,1,0.05,300,300,300,300,300,300,300,300,300,300,300,300,300,300,300
ppo,0,822,5,0.387438,0.184524,0.480969,0.987695,6.81762e+06,832410,19950.7,287.085,7.71522,0.0633203,0.0101577,0.036849,417.563,0.0728925,0.429136,0.481127,0,0.125,-1,300,0,287.085,417.563,0.429136,0.481127,0,5.98521e+06,1,1,1,1,0.05,300,300,300,300,300,300,300,300,300,300,300,300,300,300,300
ppo,0,823,6,0.472602,0.126764,0.202872,1.09261,5.25216e+06,661983,15300.6,255.916,5.24144,0.0498543,0.00543299,0.0142774,289.232,0.139716,0.489307,0.223011,0,0.125,-1,300,0,255.916,289.232,0.489307,0.223011,0,4.59017e+06,1,1,1,1,0.05,300,300,300,300,300,300,300,300,300,300,300,300,300,300,300
ppo,0,824,2,0.458536,0.152934,0.0986208,0.949484,6.67859e+06,851926,19422.2,290.291,9.41611,0.0749275,0.0224649,0.0375202,185.291,0.187634,0.483367,0.110806,0,0.125,-1,300,0,290.291,185.291,0.483367,0.110806,0,5.82667e+06,1,1,1,1,0.05,300,300,300,300,300,300,300,300,300,300,300,300,300,300,300
ppo,0,825,4,0.0794371,0.162089,-0.278794,0.992865,6.24761e+06,771950,18252.2,276.449,2.30896,0.0843968,0.00814665,0.0265161,277.813,0.193515,0.180508,0.278885,0,0.125,-1,300,0,276.449,277.813,0.180508,0.278885,0,5.47566e+06,1,1,1,1,0.05,300,300,300,300,300,300,300,300,300,300,300,300,300,300,300
ppo,0,826,1,0.35718,0.127833,-0.0811559,1.07967,6.64219e+06,865613,19255.3,292.569,4.23958,0.0710085,0.0197224,0.0363185,59.1192,0.117482,0.379366,0.113729,0,0.125,-1,300,0,292.569,59.1192,0.379366,0.113729,0,5.77658e+06,1,1,1,1,0.05,300,300,300,300,300,300,300,300,300,300,300,300,300,300,300
ppo,0,827,6,0.610618,0.164015,0.138438,1.07993,5.82217e+06,730250,16973.1,268.864,7.00729,0.080682,0.014266,0.0579222,59.0513,0.0897974,0.632262,0.159855,0,0.125,-1,300,0,268.864,59.0513,0.632262,0.159855,0,5.09191e+06,1,1,1,1,0.05,300,300,300,300,300,300,300,300,300,300,300,300,300,300,300
ppo,0,828,0,0.313677,0.0845992,0.462677,1.05644,5.50285e+06,671908,16103.1,257.939,3.52783,0.0997556,0.00853988,0.0488139,223.439,0.246269,0.324885,0.466106,1,0.125,0,300,0,257.939,223.439,0.324885,0.466106,1,4.83094e+06,1,1,1,1,0.05,300,300,300,300,300,300,300,300,300,300,300,300,300,300,300
ppo,0,829,7,0.326929,0.0336802,0.0416632,0.955716,6.72402e+06,844598,19598.1,289.109,5.45041,0.0945156,0.00815202,0.032048,125.865,0.347342,0.328659,0.0608022,0,0.125,-1,300,0,289.109,125.865,0.328659,0.0608022,0,5.87942e+06,1,1,1,1,0.05,300,300,300,300,300,300,300,300,300,300,300,300,300,300,300
ppo,0,830,0,0.377661,0.152353,-0.346986,1.00137,5.85458e+06,744355,17034.1,271.416,10.3681,0.0897684,0.0173416,0.052347,408.707,0.33354,0.407234,0.346989,1,0.125,0,300,0,271.416,408.707,0.407234,0.346989,1,5.11023e+06,1,1,1,1,0.05,300,300,300,300,300,300,300,300,300,300,300,300,300,300,300
ppo,0,831,0,0.39611,0.121569,-0.16665,1.06354,5.58608e+06,678567,16358.4,259.244,7.58035,0.10102,0.0118521,0.0169694,256.32,0.208729,0.414346,0.178352,1,0.125,0,300,0,259.244,256.32,0.414346,0.178352,1,4.90751e+06,1,1,1,1,0.05,300,300,300,300,300,300,300,300,300,300,300,300,300,300,300
ppo,0,832,1,0.38693,0.184564,0.20988,1.03718,4.85491e+06,637762,14057.2,251.195,4.54466,0.0691791,0.00859443,0.0595942,222.506,0.215263,0.428694,0.213148,0,0.125,-1,300,0,251.195,222.506,0.428694,0.213148,0,4.21715e+06,1,1,1,1,0.05,300,300,300,300,300,300,300,300,300,300,300,300,300,300,300
ppo,0,833,6,0.391267,0.0105634,0.469422,1.09272,5.76292e+06,728014,16783,268.404,5.48222,0.0879514,0.0019281,0.0273476,91.7178,0.72926,0.39141,0.478491,0,0.125,-1,300,0,268.404,91.7178,0.39141,0.478491,0,5.0349e+06,1,1,1,1,0.05,300,300,300,300,300,300,300,300,300,300,300,300,300,300,300
ppo,0,834,2,0.426106,0.0201026,0.289329,1.03014,5.879e+06,752635,17087.9,272.84,8.10128,0.0381703,0.0156812,0.0401893,239.336,0.598706,0.426579,0.290895,0,0.125,-1,300,0,272.84,239.336,0.426579,0.290895,0,5.12636e+06,1,1,1,1,0.05,300,300,300,300,300,300,300,300,300,300,300,300,300,300,300
ppo,0,835,3,0.287761,0.0292863,0.468119,1.09875,4.39433e+06,577638,12722.3,239.055,5.86743,0.0589097,0.0347003,0.0250798,119.619,0.177441,0.289248,0.478422,0,0.125,-1,300,0,239.055,119.619,0.289248,0.478422,0,3.81669e+06,1,1,1,1,0.05,300,300,300,300,300,300,300,300,300,300,300,300,300,300,300
ppo,0,836,2,0.388704,0.170389,-0.173174,1.05335,5.5606e+06,708387,16174.1,264.746,5.00044,0.115631,0.0452316,0.0375212,311.525,0.1103,0.424409,0.181206,0,0.125,-1,300,0,264.746,311.525,0.424409,0.181206,0,4.85222e+06,1,1,1,1,0.05,300,300,300,300,300,300,300,300,300,300,300,300,300,300,300
ppo,0,837,0,0.403324,0.0567684,0.133347,1.01466,5.38004e+06,691774,15627.6,261.635,3.74678,0.108726,0.0125557,0.0165375,68.7238,0.550216,0.407299,0.13415,1,0.125,0,300,0,261.635,68.7238,0.407299,0.13415,1,4.68827e+06,1,1,1,1,0.05,300,300,300,300,300,300,300,300,300,300,300,300,300,300,300
ppo,0,838,6,0.602354,0.151865,0.417661,0.908631,6.544e+06,854591,18964.7,290.764,1.68357,0.0995301,0.0202981,0.0450996,317.679,0.2505,0.621204,0.427538,0,0.125,-1,300,0,290.764,317.679,0.621204,0.427538,0,5.68941e+06,1,1,1,1,0.05,300,300,300,300,300,300,300,300,300,300,300,300,300,300,300
ppo,0,839,2,0.48079,0.142984,-0.408274,1.07362,5.60959e+06,696659,16376.4,262.653,8.38189,0.103211,0.0180465,0.0434371,148.297,0.0952322,0.501601,0.414858,0,0.125,-1,300,0,262.653,148.297,0.501601,0.414858,0,4.91293e+06,1,1,1,1,0.05,300,300,300,300,300,300,300,300,300,300,300,300,300,300,300
ppo,0,840,5,0.279498,0.175616,0.220345,0.95872,6.73383e+06,861103,19575.8,291.874,5.9119,0.0796026,0.00992587,0.0232109,287.183,0.225751,0.330091,0.224179,0,0.125,-1,300,0,291.874,287.183,0.330091,0.224179,0,5.87273e+06,1,1,1,1,0.05,300,300,300,300,300,300,300,300,300,300,300,300,300,300,300
ppo,0,841,0,0.151167,0.0360862,-0.246412,0.957651,6.28046e+06,795470,18283.3,280.564,3.27891,0.0721091,0.012227,0.0309351,531.805,0.263229,0.155414,0.250025,1,0.125,0,300,0,280.564,531.805,0.155414,0.250025,1,5.48499e+06,1,1,1,1,0.05,300,300,300,300,300,300,300,300,300,300,300,300,300,300,300
ppo,0,842,1,0.445061,0.0370951,0.424494,1.07657,5.31347e+06,665882,15491.9,256.736,7.1218,0.0413481,0.0206504,0.0253246,262.842,0.544771,0.446604,0.431345,0,0.125,-1,300,0,256.736,262.842,0.446604,0.431345,0,4.64758e+06,1,1,1,1,0.05,300,300,300,300,300,300,300,300,300,300,300,300,300,300,300
ppo,0,843,7,0.33839,0.14585,0.112182,0.943033,6.38866e+06,802450,18620.7,281.833,8.64663,0.106435,0.0059818,0.0265319,406.145,0.116449,0.368484,0.125818,0,0.125,-1,300,0,281.833,406.145,0.368484,0.125818,0,5.58622e+06,1,1,1,1,0.05,300,300,300,300,300,300,300,300,300,300,300,300,300,300,300
ppo,0,844,2,0.159237,0.0476511,0.0134481,1.09862,4.8402e+06,628488,14039,249.335,4.23525,0.106576,0.0137152,0.0295717,190.92,0.207753,0.166214,0.0995368,0,0.125,-1,300,0,249.335,190.92,0.166214,0.0995368,0,4.21171e+06,1,1,1,1,0.05,300,300,300,300,300,300,300,300,300,300,300,300,300,300,300
ppo,0,845,5,0.536783,0.00946951,0.48795,0.945302,6.01111e+06,775079,17453.4,276.869,1.48136,0.092467,0.0157975,0.0356377,357.196,0.861888,0.536867,0.491006,0,0.125,-1,300,0,276.869,357.196,0.536867,0.491006,0,5.23603e+06,1,1,1,1,0.05,300,300,300,300,300,300,300,300,300,300,300,300,300,300,300
ppo,0,846,2,0.434186,0.186254,-0.139164,0.921685,6.45963e+06,848986,18702.2,289.813,7.33321,0.0442378,0.0087361,0.0350576,192.96,0.153532,0.472449,0.159687,0,0.125,-1,300,0,289.813,192.96,0.472449,0.159687,0,5.61065e+06,1,1,1,1,0.05,300,300,300,300,300,300,300,300,300,300,300,300,300,300,300
ppo,0,847,1,0.472957,0.0346583,-0.100987,1.07466,5.838e+06,742009,16986.6,270.846,7.17185,0.0536638,0.00929394,0.0373025,324.814,0.427436,0.474225,0.125588,0,0.125,-1,300,0,270.846,324.814,0.474225,0.125588,0,5.09599e+06,1,1,1,1,0.05,300,300,300,300,300,300,300,300,300,300,300,300,300,300,300
ppo,0,848,5,0.320592,0.136682,-0.22648,1.01501,5.67499e+06,702396,16575.3,263.713,8.75314,0.106921,0.0162497,0.0370901,121.245,0.326584,0.348513,0.226977,0,0.125,-1,300,0,263.713,121.245,0.348513,0.226977,0,4.97259e+06,1,1,1,1,0.05,300,300,300,300,300,300,300,300,300,300,300,300,300,300,300
ppo,0,849,5,0.378854,0.198973,0.166071,0.952538,6.21255e+06,781765,18102.6,278.133,8.44253,0.0350108,0.00839502,0.0245799,113.619,0.27469,0.427926,0.17272,0,0.125,-1,300,0,278.133,113.619,0.427926,0.17272,0,5.43079e+06,1,1,1,1,0.05,300,300,300,300,300,300,300,300,300,300,300,300,300,300,300
ppo,0,850,6,0.381463,0.0276594,0.0957774,1.08391,5.58781e+06,701778,16286.8,263.593,8.14622,0.0606287,0.011707,0.017929,432.119,0.399638,0.382465,0.127336,0,0.125,-1,300,0,263.593,432.119,0.382465,0.127336,0,4.88603e+06,1,1,1,1,0.05,300,300,300,300,300,300,300,300,300,300,300,300,300,300,300
ppo,0,851,7,0.334837,0.0274425,-0.0647744,0.948919,6.65745e+06,862746,19315.7,292.174,10.5789,0.143555,0.0172001,0.0603062,146.306,0.635977,0.335959,0.0824921,0,0.125,-1,300,0,292.174,146.306,0.335959,0.0824921,0,5.79471e+06,1,1,1,1,0.05,300,300,300,300,300,300,300,300,300,300,300,300,300,300,300
ppo,0,852,6,0.421517,0.120578,-0.0931647,1.08977,5.80412e+06,717904,16954.1,266.61,2.93726,0.086571,0.0255944,0.0286532,288.462,0.201027,0.438424,0.129379,0,0.125,-1,300,0,266.61,288.462,0.438424,0.129379,0,5.08622e+06,1,1,1,1,0.05,300,300,300,300,300,300,300,300,300,300,300,300,300,300,300
ppo,0,853,1,0.311523,0.0617809,-0.455853,1.01902,6.13239e+06,760527,17906.2,274.277,10.3435,0.103269,0.0137637,0.0416783,236.553,0.5022,0.31759,0.45625,0,0.125,-1,300,0,274.277,236.553,0.31759,0.45625,0,5.37187e+06,1,1,1,1,0.05,300,300,300,300,300,300,300,300,300,300,300,300,300,300,300
ppo,0,854,6,0.29537,0.0480102,-0.0521529,0.991185,6.45871e+06,821892,18789.4,285.185,3.90653,0.0732081,0.0138227,0.0350542,268.132,0.391641,0.299246,0.0528926,0,0.125,-1,300,0,285.185,268.132,0.299246,0.0528926,0,5.63682e+06,1,1,1,1,0.05,300,300,300,300,300,300,300,300,300,300,300,300,300,300,300
ppo,0,855,7,0.429874,0.0706744,0.363202,1.09067,5.62182e+06,681497,16467.8,259.793,7.87463,0.196471,0.0117004,0.040599,150.745,0.234249,0.435645,0.374349,0,0.125,-1,300,0,259.793,150.745,0.435645,0.374349,0,4.94033e+06,1,1,1,1,0.05,300,300,300,300,300,300,300,300,300,300,300,300,300,300,300
ppo,0,856,2,0.457109,0.146808,0.463226,0.902473,6.43206e+06,822892,18697.2,285.346,7.85508,0.154669,0.014289,0.0477325,73.5579,0.340526,0.480105,0.473381,0,0.125,-1,300,0,285.346,73.5579,0.480105,0.473381,0,5.60917e+06,1,1,1,1,0.05,300,300,300,300,300,300,300,300,300,300,300,300,300,300,300
ppo,0,857,7,0.354037,0.0225439,-0.0368642,1.08402,5.56454e+06,703142,16204.7,263.779,3.99669,0.0441681,0.0138995,0.0410084,219.582,0.102743,0.354754,0.0917511,0,0.125,-1,300,0,263.779,219.582,0.354754,0.0917511,0,4.8614e+06,1,1,1,1,0.05,300,300,300,300,300,300,300,300,300,300,300,300,300,300,300
ppo,0,858,2,0.421919,0.14691,0.255608,1.06389,5.69766e+06,729659,16560,268.7,9.27742,0.0278158,0.0130458,0.0142958,251.179,0.25249,0.446764,0.263473,0,0.125,-1,300,0,268.7,251.179,0.446764,0.263473,0,4.968e+06,1,1,1,1,0.05,300,300,300,300,300,300,300,300,300,300,300,300,300,300,300
ppo,0,859,6,0.504864,0.0365977,-0.109758,0.940608,6.74884e+06,867279,19605.2,292.858,5.48915,0.108638,0.0221697,0.0403925,210.794,0.371355,0.506189,0.124797,0,0.125,-1,300,0,292.858,210.794,0.506189,0.124797,0,5.88156e+06,1,1,1,1,0.05,300,300,300,300,300,300,300,300,300,300,300,300,300,300,300
ppo,0,860,0,0.437348,0.153479,0.211605,1.09097,5.53684e+06,681409,16184.8,259.773,6.45393,0.1268,0.00504739,0.0425619,201.208,0.135353,0.463497,0.23033,1,0.125,0,300,0,259.773,201.208,0.463497,0.23033,1,4.85543e+06,1,1,1,1,0.05,300,300,300,300,300,300,300,300,300,300,300,300,300,300,300
ppo,0,861,2,0.27856,0.138386,-0.390223,1.0953,5.54129e+06,698636,16142.2,262.948,3.41512,0.0315483,0.0220521,0.0352306,400.311,0.174801,0.311041,0.401692,0,0.125,-1,300,0,262.948,400.311,0.311041,0.401692,0,4.84265e+06,1,1,1,1,0.05,300,300,300,300,300,300,300,300,300,300,300,300,300,300,300
ppo,0,862,1,0.3085,0.109558,0.408378,0.918265,6.65528e+06,848836,19354.8,289.81,7.98092,0.049795,0.0190483,0.0432974,242.906,0.069002,0.327376,0.416478,0,0.125,-1,300,0,289.81,242.906,0.327376,0.416478,0,5.80644e+06,1,1,1,1,0.05,300,300,300,300,300,300,300,300,300,300,300,300,300,300,300
ppo,0,863,2,0.389533,0.0564667,-0.12818,0.996092,5.6619e+06,712719,16497.3,265.585,8.93888,0.167993,0.0130916,0.0241725,277.737,0.308183,0.393604,0.12824,0,0.125,-1,300,0,265.585,277.737,0.393604,0.12824,0,4.94918e+06,1,1,1,1,0.05,300,300,300,300,300,300,300,300,300,300,300,300,300,300,300
ppo,0,864,4,0.40524,0.0580518,0.168918,0.980461,6.68868e+06,809827,19596.2,283.207,8.49724,0.0970737,0.0178956,0.0284569,357.017,0.164703,0.409377,0.170044,0,0.125,-1,300,0,283.207,357.017,0.409377,0.170044,0,5.87885e+06,1,1,1,1,0.05,300,300,300,300,300,300,300,300,300,300,300,300,300,300,300
ppo,0,865,2,0.375681,0.0461892,0.238564,1.01942,5.98418e+06,750215,17446.6,272.43,7.96695,0.0978805,0.0144477,0.0339193,269.714,0.25875,0.378509,0.239353,0,0.125,-1,300,0,272.43,269.714,0.378509,0.239353,0,5.23397e+06,1,1,1,1,0.05,300,300,300,300,300,300,300,300,300,300,300,300,300,300,300
ppo,0,866,4,0.552643,0.00757306,-0.18683,0.948606,6.99292e+06,908423,20281.6,299.724,7.31589,0.120214,0.01455,0.0343462,218.996,0.320109,0.552695,0.19377,0,0.125,-1,300,0,299.724,218.996,0.552695,0.19377,0,6.08449e+06,1,1,1,1,0.05,300,300,300,300,300,300,300,300,300,300,300,300,300,300,300
ppo,0,867,5,0.348736,0.120268,0.00212038,1.06217,5.49948e+06,674368,16083.7,258.413,6.57918,0.0736194,0.00861359,0.0312989,237.802,0.366125,0.368892,0.0622059,0,0.125,-1,300,0,258.413,237.802,0.368892,0.0622059,0,4.82511e+06,1,1,1,1,0.05,300,300,300,300,300,300,300,300,300,300,300,300,300,300,300
ppo,0,868,5,0.509643,0.054392,-0.224315,1.033,6.71134e+06,797255,19713.6,281.054,9.47596,0.0797652,0.00801915,0.0322639,213.686,0.209366,0.512537,0.22673,0,0.125,-1,300,0,281.054,213.686,0.512537,0.22673,0,5.91408e+06,1,1,1,1,0.05,300,300,300,300,300,300,300,300,300,300,300,300,300,300,300
ppo,0,869,2,0.217777,0.082038,0.45201,1.0822,5.65178e+06,728251,16411.8,268.408,7.38381,0.0570957,0.0193174,0.0458327,457.328,0.143715,0.232717,0.459424,0,0.125,-1,300,0,268.408,457.328,0.232717,0.459424,0,4.92353e+06,1,1,1,1,0.05,300,300,300,300,300,300,300,300,300,300,300,300,300,300,300
ppo,0,870,1,0.429883,0.0598224,-0.172056,1.03022,6.48126e+06,793810,18958.2,280.337,6.63725,0.106975,0.0130775,0.0326984,478.883,0.363021,0.434026,0.17469,0,0.125,-1,300,0,280.337,478.883,0.434026,0.17469,0,5.68745e+06,1,1,1,1,0.05,300,300,300,300,300,300,300,300,300,300,300,300,300,300,300
ppo,0,871,5,0.560839,0.126937,0.215858,1.01619,6.14608e+06,761870,17947.4,274.618,6.68118,0.0659394,0.0272806,0.0388029,271.323,0.0397461,0.575024,0.216464,0,0.125,-1,300,0,274.618,271.323,0.575024,0.216464,0,5.38421e+06,1,1,1,1,0.05,300,300,300,300,300,300,300,300,300,300,300,300,300,300,300
ppo,0,872,4,0.482019,0.0503292,-0.0580057,1.05323,6.25666e+06,746394,18367.5,271.938,2.32722,0.123627,0.0200567,0.0402918,194.153,0.152353,0.484639,0.0787293,0,0.125,-1,300,0,271.938,194.153,0.484639,0.0787293,0,5.51026e+06,1,1,1,1,0.05,300,300,300,300,300,300,300,300,300,300,300,300,300,300,300
ppo,0,873,3,0.431019,0.0743655,-0.0898094,1.0067,6.2576e+06,751556,18353.5,272.86,8.03724,0.0564739,0.0259308,0.0429382,154.98,0.41519,0.437387,0.0900588,0,0.125,-1,300,0,272.86,154.98,0.437387,0.0900588,0,5.50605e+06,1,1,1,1,0.05,300,300,300,300,300,300,300,300,300,300,300,300,300,300,300
ppo,0,874,6,0.268922,0.106348,0.288603,0.957088,6.93339e+06,838459,20316.4,288.173,9.18462,0.0564664,0.0176952,0.0363007,72.6447,0.098499,0.289186,0.291776,0,0.125,-1,300,0,288.173,72.6447,0.289186,0.291776,0,6.09493e+06,1,1,1,1,0.05,300,300,300,300,300,300,300,300,300,300,300,300,300,300,300
ppo,0,875,0,0.471954,0.101091,-0.452273,1.06645,6.0697e+06,760633,17696.9,274.406,8.11967,0.0858163,0.0193972,0.0226267,128.256,0.272491,0.482659,0.457129,1,0.125,0,300,0,274.406,128.256,0.482659,0.457129,1,5.30907e+06,1,1,1,1,0.05,300,300,300,300,300,300,300,300,300,300,300,300,300,300,300
ppo,0,876,2,0.3649,0.198233,-0.134526,1.01432,5.94335e+06,746232,17323.7,271.791,9.08648,0.0667034,0.0244755,0.0331483,270.822,0.223791,0.415269,0.135286,0,0.125,-1,300,0,271.791,270.822,0.415269,0.135286,0,5.19711e+06,1,1,1,1,0.05,300,300,300,300,300,300,300,300,300,300,300,300,300,300,300
ppo,0,877,3,0.37954,0.0145798,0.283342,0.948964,6.13929e+06,801510,17792.6,281.611,4.18963,0.0506075,0.0120735,0.0285289,382.234,0.581114,0.37982,0.287902,0,0.125,-1,300,0,281.611,382.234,0.37982,0.287902,0,5.33778e+06,1,1,1,1,0.05,300,300,300,300,300,300,300,300,300,300,300,300,300,300,300
ppo,0,878,5,0.475118,0.115818,-0.0245857,1.09613,5.71639e+06,721554,16649.4,267.198,4.36599,0.100104,0.0176049,0.0284751,114.852,0.283252,0.489031,0.0992286,0,0.125,-1,300,0,267.198,114.852,0.489031,0.0992286,0,4.99483e+06,1,1,1,1,0.05,300,300,300,300,300,300,300,300,300,300,300,300,300,300,300
ppo,0,879,3,0.504651,0.158588,-0.314461,0.959018,6.90767e+06,862275,20151.3,292.151,8.40474,0.0136759,0.0147738,0.0271313,107.301,0.133956,0.528983,0.317121,0,0.125,-1,300,0,292.151,107.301,0.528983,0.317121,0,6.0454e+06,1,1,1,1,0.05,300,300,300,300,300,300,300,300,300,300,300,300,300,300,300
ppo,0,880,4,0.436731,0.0298207,-0.294953,1.01962,5.82288e+06,748842,16913.5,272.114,5.66843,0.0870251,0.023375,0.0119556,319.036,0.395851,0.437748,0.295606,0,0.125,-1,300,0,272.114,319.036,0.437748,0.295606,0,5.07404e+06,1,1,1,1,0.05,300,300,300,300,300,300,300,300,300,300,300,300,300,300,300
ppo,0,881,0,0.512689,0.127421,0.0788076,0.910898,6.97616e+06,890215,20286.5,296.794,4.78006,0.0606361,0.0155824,0.0128862,313.988,0.219824,0.528286,0.118953,1,0.125,0,300,0,296.794,313.988,0.528286,0.118953,1,6.08595e+06,1,1,1,1,0.05,300,300,300,300,300,300,300,300,300,300,300,300,300,300,300
ppo,0,882,7,0.237535,0.186124,0.414372,0.939362,7.06091e+06,904658,20520.8,299.193,3.87523,0.0955741,0.0162563,0.0252223,175.82,0.174898,0.30177,0.418785,0,0.125,-1,300,0,299.193,175.82,0.30177,0.418785,0,6.15625e+06,1,1,1,1,0.05,300,300,300,300,300,300,300,300,300,300,300,300,300,300,300
ppo,0,883,6,0.429178,0.0894109,0.428806,0.911696,5.96362e+06,763998,17332.1,274.908,6.2438,0.0914328,0.0249318,0.0284391,88.6375,0.224293,0.438393,0.437804,0,0.125,-1,300,0,274.908,88.6375,0.438393,0.437804,0,5.19962e+06,1,1,1,1,0.05,300,300,300,300,300,300,300,300,300,300,300,300,300,300,300
ppo,0,884,3,0.435311,0.154857,-0.131559,1.05061,6.35764e+06,802925,18515.7,281.933,9.53553,0.0524918,0.0135942,0.0250589,132.267,0.17878,0.462035,0.140958,0,0.125,-1,300,0,281.933,132.267,0.462035,0.140958,0,5.55472e+06,1,1,1,1,0.05,300,300,300,300,300,300,300,300,300,300,300,300,300,300,300
ppo,0,885,0,0.472594,0.110806,0.38847,0.980243,6.13873e+06,785068,17845.5,278.672,7.71504,0.0825688,0.0129583,0.0112283,226.815,0.0949191,0.48541,0.388972,1,0.125,0,300,0,278.672,226.815,0.48541,0.388972,1,5.35366e+06,1,1,1,1,0.05,300,300,300,300,300,300,300,300,300,300,300,300,300,300,300
ppo,0,886,7,0.395142,0.174312,0.062084,0.969971,6.44723e+06,809507,18792.4,283.06,11.4484,0.090743,0.0163749,0.0219432,29.8786,0.205171,0.431882,0.068965,0,0.125,-1,300,0,283.06,29.8786,0.431882,0.068965,0,5.63772e+06,1,1,1,1,0.05,300,300,300,300,300,300,300,300,300,300,300,300,300,300,300
ppo,0,887,5,0.1779,0.118275,-0.397964,1.01332,6.31333e+06,772928,18468,276.606,8.87851,0.081364,0.0168604,0.0173075,374.732,0.244341,0.213629,0.398187,0,0.125,-1,300,0,276.606,374.732,0.213629,0.398187,0,5.54041e+06,1,1,1,1,0.05,300,300,300,300,300,300,300,300,300,300,300,300,300,300,300
ppo,0,888,5,0.393746,0.174351,-0.375597,1.05824,5.64894e+06,711892,16456.8,265.456,6.89384,0.0497173,0.0138298,0.0212087,64.751,0.15206,0.430621,0.380085,0,0.125,-1,300,0,265.456,64.751,0.430621,0.380085,0,4.93705e+06,1,1,1,1,0.05,300,300,300,300,300,300,300,300,300,300,300,300,300,300,300
ppo,0,889,6,0.458996,0.19599,-0.438294,0.905268,8.13291e+06,1.00991e+06,23743.3,316.139,8.87685,0.0938804,0.00822528,0.0254635,340.668,0.222868,0.499088,0.448415,0,0.125,-1,300,0,316.139,340.668,0.499088,0.448415,0,7.12299e+06,1,1,1,1,0.05,300,300,300,300,300,300,300,300,300,300,300,300,300,300,300
ppo,0,890,1,0.330218,0.146939,0.324878,0.966639,6.28699e+06,810300,18255.6,283.094,5.08889,0.106109,0.0169378,0.0424028,92.6088,0.232204,0.361434,0.326587,0,0.125,-1,300,0,283.094,92.6088,0.361434,0.326587,0,5.47669e+06,1,1,1,1,0.05,300,300,300,300,300,300,300,300,300,300,300,300,300,300,300
ppo,0,891,0,0.286179,0.102223,0.288146,1.04632,6.2006e+06,802598,17993.3,281.797,2.91991,0.0669345,0.00826635,0.0279072,166.559,0.191656,0.303888,0.291846,1,0.125,0,300,0,281.797,166.559,0.303888,0.291846,1,5.398e+06,1,1,1,1,0.05,300,300,300,300,300,300,300,300,300,300,300,300,300,300,300
ppo,0,892,2,0.387395,0.0163875,-0.116647,1.07003,6.06509e+06,762275,17676.1,274.679,9.04638,0.123543,0.0105707,0.0193426,266.694,0.564655,0.387741,0.136055,0,0.125,-1,300,0,274.679,266.694,0.387741,0.136055,0,5.30282e+06,1,1,1,1,0.05,300,300,300,300,300,300,300,300,300,300,300,300,300,300,300
ppo,0,893,0,0.342241,0.0828557,-0.150676,1.05757,6.02854e+06,786536,17473.4,278.879,4.01501,0.0657407,0.0168263,0.0374264,225.399,0.352512,0.352128,0.161301,1,0.125,0,300,0,278.879,225.399,0.352128,0.161301,1,5.24201e+06,1,1,1,1,0.05,300,300,300,300,300,300,300,300,300,300,300,300,300,300,300
ppo,0,894,2,0.298734,0.115594,-0.0317477,1.09786,5.18415e+06,650268,15113,253.73,8.15347,0.0300316,0.019825,0.046596,442.853,0.139396,0.320319,0.102882,0,0.125,-1,300,0,253.73,442.853,0.320319,0.102882,0,4.53389e+06,1,1,1,1,0.05,300,300,300,300,300,300,300,300,300,300,300,300,300,300,300
ppo,0,895,3,0.260466,0.164719,-0.0892708,0.924657,6.78351e+06,855892,19758.7,291.035,9.75651,0.0779313,0.0278619,0.0178698,238.572,0.0790871,0.30818,0.116816,0,0.125,-1,300,0,291.035,238.572,0.30818,0.116816,0,5.92762e+06,1,1,1,1,0.05,300,300,300,300,300,300,300,300,300,300,300,300,300,300,300
ppo,0,896,2,0.473934,0.138293,0.149011,0.952225,6.17527e+06,799662,17918.7,281.264,7.43135,0.0548864,0.0200213,0.0253163,47.4192,0.171629,0.493698,0.156482,0,0.125,-1,300,0,281.264,47.4192,0.493698,0.156482,0,5.37561e+06,1,1,1,1,0.05,300,300,300,300,300,300,300,300,300,300,300,300,300,300,300
ppo,0,897,2,0.488462,0.0780461,-0.47111,1.08535,5.44269e+06,663798,15929.6,256.371,8.03348,0.0888609,0.0166213,0.0317889,352.872,0.386996,0.494658,0.47878,0,0.125,-1,300,0,256.371,352.872,0.494658,0.47878,0,4.77889e+06,1,1,1,1,0.05,300,300,300,300,300,300,300,300,300,300,300,300,300,300,300
ppo,0,898,3,0.550929,0.0522845,0.105232,1.07207,6.35419e+06,768743,18618.2,275.915,9.57561,0.0595996,0.0125625,0.0391152,378.561,0.176269,0.553405,0.127546,0,0.125,-1,300,0,275.915,378.561,0.553405,0.127546,0,5.58545e+06,1,1,1,1,0.05,300,300,300,300,300,300,300,300,300,300,300,300,300,300,300
ppo,0,899,2,0.526486,0.118628,-0.182159,1.07185,5.79874e+06,708660,16966.9,264.905,9.00572,0.0489382,0.0192648,0.0378124,256.542,0.488763,0.539685,0.195817,0,0.125,-1,300,0,264.905,256.542,0.539685,0.195817,0,5.09008e+06,1,1,1,1,0.05,300,300,300,300,300,300,300,300,300,300,300,300,300,300,300
ppo,0,900,1,0.42967,0.131506,0.221629,0.939852,7.14283e+06,913444,20764.6,300.565,8.29111,0.0898985,0.0166548,0.0366324,238.234,0.218095,0.449344,0.229646,0,0.125,-1,300,0,300.565,238.234,0.449344,0.229646,0,6.22938e+06,1,1,1,1,0.05,300,300,300,300,300,300,300,300,300,300,300,300,300,300,300
ppo,0,901,0,0.389156,0.0632309,0.0228539,0.931275,7.18485e+06,929790,20850.2,303.186,4.30298,0.0151158,0.0214652,0.0233658,250.69,0.454974,0.394259,0.0724251,1,0.125,0,300,0,303.186,250.69,0.394259,0.0724251,1,6.25506e+06,1,1,1,1,0.05,300,300,300,300,300,300,300,300,300,300,300,300,300,300,300
ppo,0,902,6,0.486119,0.0346932,-0.133332,0.921062,7.05036e+06,880380,20566.6,295.221,7.34344,0.1887,0.0109605,0.0546743,77.5069,0.174884,0.487355,0.154948,0,0.125,-1,300,0,295.221,77.5069,0.487355,0.154948,0,6.16998e+06,1,1,1,1,0.05,300,300,300,300,300,300,300,300,300,300,300,300,300,300,300
ppo,0,903,4,0.437337,0.160741,0.142908,0.996273,6.16141e+06,769691,17972.4,275.978,3.16994,0.0358522,0.0185917,0.0431597,146.315,0.200731,0.465941,0.142956,0,0.125,-1,300,0,275.978,146.315,0.465941,0.142956,0,5.39172e+06,1,1,1,1,0.05,300,300,300,300,300,300,300,300,300,300,300,300,300,300,300
ppo,0,904,2,0.305774,0.0786361,-0.00372148,0.975224,6.27513e+06,799636,18251.6,281.311,7.43025,0.0607844,0.0210809,0.0395594,322.332,0.284684,0.315724,0.0250543,0,0.125,-1,300,0,281.311,322.332,0.315724,0.0250543,0,5.47549e+06,1,1,1,1,0.05,300,300,300,300,300,300,300,300,300,300,300,300,300,300,300
ppo,0,905,2,0.252817,0.136456,-0.46799,0.946518,6.43059e+06,824302,18687.6,285.585,3.3667,0.0645992,0.0198788,0.0384984,232.302,0.235279,0.287292,0.471036,0,0.125,-1,300,0,285.585,232.302,0.287292,0.471036,0,5.60628e+06,1,1,1,1,0.05,300,300,300,300,300,300,300,300,300,300,300,300,300,300,300
ppo,0,906,3,0.47757,0.0387091,-0.331918,0.926939,6.25136e+06,842389,18029.9,288.594,5.54332,0.120659,0.018384,0.0315429,326.719,0.501787,0.479136,0.339863,0,0.125,-1,300,0,288.594,326.719,0.479136,0.339863,0,5.40897e+06,1,1,1,1,0.05,300,300,300,300,300,300,300,300,300,300,300,300,300,300,300
ppo,0,907,6,0.293667,0.117927,-0.197348,1.05935,6.18377e+06,755651,18093.7,273.54,9.5728,0.0334447,0.0203086,0.0244177,259.155,0.273985,0.31646,0.20608,0,0.125,-1,300,0,273.54,259.155,0.31646,0.20608,0,5.42812e+06,1,1,1,1,0.05,300,300,300,300,300,300,300,300,300,300,300,300,300,300,300
ppo,0,908,5,0.409037,0.137753,0.0741175,1.01078,6.35247e+06,792768,18532.4,280.149,8.29059,0.0663489,0.0145647,0.0264977,344.931,0.347791,0.43161,0.0748969,0,0.125,-1,300,0,280.149,344.931,0.43161,0.0748969,0,5.55971e+06,1,1,1,1,0.05,300,300,300,300,300,300,300,300,300,300,300,300,300,300,300
ppo,0,909,5,0.4611,0.140984,0.167767,1.06019,5.89505e+06,710776,17280.9,265.354,8.82657,0.0390362,0.0225562,0.0627521,207.776,0.170837,0.482172,0.178238,0,0.125,-1,300,0,265.354,207.776,0.482172,0.178238,0,5.18427e+06,1,1,1,1,0.05,300,300,300,300,300,300,300,300,300,300,300,300,300,300,300
ppo,0,910,7,0.2839,0.0810667,0.19753,0.991306,6.43405e+06,798953,18783.6,281.26,7.02417,0.178019,0.0189851,0.0581945,113.819,0.276316,0.295247,0.197721,0,0.125,-1,300,0,281.26,113.819,0.295247,0.197721,0,5.63509e+06,1,1,1,1,0.05,300,300,300,300,300,300,300,300,300,300,300,300,300,300,300
ppo,0,911,3,0.538422,0.190137,-0.361791,0.905917,6.95973e+06,866435,20311,292.876,7.25661,0.0174461,0.0226719,0.0499228,374.43,0.133242,0.571008,0.373824,0,0.125,-1,300,0,292.876,374.43,0.571008,0.373824,0,6.0933e+06,1,1,1,1,0.05,300,300,300,300,300,300,300,300,300,300,300,300,300,300,300
ppo,0,912,5,0.411015,0.0812117,0.057021,1.07936,5.76078e+06,677601,16943.9,259.123,6.90118,0.144293,0.0175111,0.0151442,73.4542,0.312405,0.418961,0.0977219,0,0.125,-1,300,0,259.123,73.4542,0.418961,0.0977219,0,5.08318e+06,1,1,1,1,0.05,300,300,300,300,300,300,300,300,300,300,300,300,300,300,300
ppo,0,913,5,0.325155,0.0634736,-0.446953,0.940237,6.20669e+06,783504,18077.3,278.473,4.01116,0.0909076,0.0137571,0.0349526,61.7262,0.480886,0.331293,0.450931,0,0.125,-1,300,0,278.473,61.7262,0.331293,0.450931,0,5.42319e+06,1,1,1,1,0.05,300,300,300,300,300,300,300,300,300,300,300,300,300,300,300
ppo,0,914,0,0.495187,0.06848,-0.253764,0.927425,6.61144e+06,846983,19214.9,289.542,8.18443,0.0249051,0.0307857,0.083329,103.363,0.21854,0.4999,0.263938,1,0.125,0,300,0,289.542,103.363,0.4999,0.263938,1,5.76446e+06,1,1,1,1,0.05,300,300,300,300,300,300,300,300,300,300,300,300,300,300,300
ppo,0,915,0,0.326854,0.0301247,-0.206124,1.01499,6.02737e+06,744348,17610.1,271.43,6.4936,0.0926434,0.0156353,0.043324,171.765,0.27453,0.328239,0.206668,1,0.125,0,300,0,271.43,171.765,0.328239,0.206668,1,5.28302e+06,1,1,1,1,0.05,300,300,300,300,300,300,300,300,300,300,300,300,300,300,300
ppo,0,916,1,0.27154,0.160873,-0.141915,1.03499,6.27869e+06,802034,18255.5,281.681,8.26272,0.106733,0.0229796,0.0384594,302.449,0.0653979,0.315617,0.146166,0,0.125,-1,300,0,281.681,302.449,0.315617,0.146166,0,5.47665e+06,1,1,1,1,0.05,300,300,300,300,300,300,300,300,300,300,300,300,300,300,300
ppo,0,917,2,0.189071,0.0471068,0.184111,1.07168,4.76969e+06,624592,13817,248.557,6.6028,0.0939816,0.0168429,0.0372307,106.444,0.504893,0.194851,0.197573,0,0.125,-1,300,0,248.557,106.444,0.194851,0.197573,0,4.14509e+06,1,1,1,1,0.05,300,300,300,300,300,300,300,300,300,300,300,300,300,300,300
ppo,0,918,1,0.528056,0.18989,-0.295462,1.01004,5.92487e+06,760620,17214.2,274.282,5.03189,0.0616039,0.0120076,0.0389491,187.748,0.269912,0.561161,0.295632,0,0.125,-1,300,0,274.282,187.748,0.561161,0.295632,0,5.16425e+06,1,1,1,1,0.05,300,300,300,300,300,300,300,300,300,300,300,300,300,300,300
ppo,0,919,2,0.45879,0.145475,-0.272206,1.06906,5.50827e+06,683204,16083.5,260.075,4.08647,0.13798,0.0177173,0.0383675,294.828,0.0675609,0.481302,0.280828,0,0.125,-1,300,0,260.075,294.828,0.481302,0.280828,0,4.82506e+06,1,1,1,1,0.05,300,300,300,300,300,300,300,300,300,300,300,300,300,300,300
ppo,0,920,1,0.449261,0.186702,0.252651,1.00048,6.31548e+06,773952,18471.8,276.78,8.49921,0.0238565,0.0164223,0.0545336,149.529,0.229653,0.486511,0.252651,0,0.125,-1,300,0,276.78,149.529,0.486511,0.252651,0,5.54153e+06,1,1,1,1,0.05,300,300,300,300,300,300,300,300,300,300,300,300,300,300,300
ppo,0,921,4,0.33062,0.132488,-0.451858,1.09745,5.30204e+06,642586,15531.5,252.302,8.78198,0.0436886,0.004013,0.0336906,199.174,0.224054,0.356178,0.462247,0,0.125,-1,300,0,252.302,199.174,0.356178,0.462247,0,4.65946e+06,1,1,1,1,0.05,300,300,300,300,300,300,300,300,300,300,300,300,300,300,300
ppo,0,922,5,0.298029,0.00652192,0.419166,0.952579,7.10446e+06,849681,20849.3,290.09,9.79157,0.130074,0.0233477,0.0332374,129.903,0.940597,0.2981,0.42184,0,0.125,-1,300,0,290.09,129.903,0.2981,0.42184,0,6.25478e+06,1,1,1,1,0.05,300,300,300,300,300,300,300,300,300,300,300,300,300,300,300
ppo,0,923,3,0.329494,0.180931,-0.29246,1.06889,4.85612e+06,605838,14167.6,244.902,6.48689,0.0592714,0.01951,0.0290416,265.917,0.186254,0.375902,0.300465,0,0.125,-1,300,0,244.902,265.917,0.375902,0.300465,0,4.25029e+06,1,1,1,1,0.05,300,300,300,300,300,300,300,300,300,300,300,300,300,300,300
ppo,0,924,5,0.417699,0.103737,0.318025,1.02685,6.02851e+06,749702,17596,272.411,3.82806,0.0762,0.0129008,0.0175743,396.536,0.20009,0.430388,0.319156,0,0.125,-1,300,0,272.411,396.536,0.430388,0.319156,0,5.27881e+06,1,1,1,1,0.05,300,300,300,300,300,300,300,300,300,300,300,300,300,300,300
ppo,0,925,2,0.355451,0.179328,0.332039,1.04378,5.46218e+06,694818,15891.2,262.234,9.41809,0.097889,0.00844427,0.0292572,175.25,0.276074,0.398125,0.334912,0,0.125,-1,300,0,262.234,175.25,0.398125,0.334912,0,4.76736e+06,1,1,1,1,0.05,300,300,300,300,300,300,300,300,300,300,300,300,300,300,300
ppo,0,926,6,0.401045,0.00520217,0.149834,1.03029,6.28124e+06,795695,18285.1,280.576,10.5201,0.0551076,0.0178702,0.0120363,151.516,0.289172,0.401078,0.152865,0,0.125,-1,300,0,280.576,151.516,0.401078,0.152865,0,5.48554e+06,1,1,1,1,0.05,300,300,300,300,300,300,300,300,300,300,300,300,300,300,300
ppo,0,927,6,0.428397,0.00519428,-0.0162345,0.98532,6.14583e+06,778648,17890.6,277.541,8.2061,0.0753618,0.015321,0.0277838,403.414,0.353869,0.428428,0.0218876,0,0.125,-1,300,0,277.541,403.414,0.428428,0.0218876,0,5.36718e+06,1,1,1,1,0.05,300,300,300,300,300,300,300,300,300,300,300,300,300,300,300
ppo,0,928,0,0.453995,0.0784616,-0.34526,0.9196,6.1995e+06,827126,17907.9,286.025,6.93517,0.167087,0.0250102,0.0336435,184.402,0.15466,0.460726,0.354497,1,0.125,0,300,0,286.025,184.402,0.460726,0.354497,1,5.37238e+06,1,1,1,1,0.05,300,300,300,300,300,300,300,300,300,300,300,300,300,300,300
ppo,0,929,5,0.230124,0.191045,-0.398077,1.05144,6.11712e+06,759392,17859.1,274.16,9.7367,0.042817,0.0125966,0.0272371,405.088,0.23701,0.299091,0.401387,0,0.125,-1,300,0,274.16,405.088,0.299091,0.401387,0,5.35773e+06,1,1,1,1,0.05,300,300,300,300,300,300,300,300,300,300,300,300,300,300,300
ppo,0,930,6,0.546965,0.051863,-0.137372,0.950976,6.14248e+06,790272,17840.7,279.607,8.21057,0.0494888,0.0282128,0.0530516,186.473,0.570525,0.549418,0.145857,0,0.125,-1,300,0,279.607,186.473,0.549418,0.145857,0,5.35221e+06,1,1,1,1,0.05,300,300,300,300,300,300,300,300,300,300,300,300,300,300,300
ppo,0,931,7,0.246107,0.188229,0.128471,1.06649,5.75461e+06,707298,16824.4,264.687,7.14124,0.048941,0.0165989,0.0421666,210.09,0.162296,0.309837,0.144657,0,0.125,-1,300,0,264.687,210.09,0.309837,0.144657,0,5.04731e+06,1,1,1,1,0.05,300,300,300,300,300,300,300,300,300,300,300,300,300,300,300
ppo,0,932,3,0.555658,0.0599346,-0.471951,0.995301,7.46298e+06,876754,21954.1,294.604,10.8402,0.0928137,0.0141682,0.0101887,394.77,0.238475,0.558881,0.471974,0,0.125,-1,300,0,294.604,394.77,0.558881,0.471974,0,6.58623e+06,1,1,1,1,0.05,300,300,300,300,300,300,300,300,300,300,300,300,300,300,300
ppo,0,933,3,0.30798,0.192181,0.299282,1.0898,4.57889e+06,586298,13308.7,240.871,6.30433,0.134254,0.0132757,0.0267738,411.248,0.135429,0.363022,0.312464,0,0.125,-1,300,0,240.871,411.248,0.363022,0.312464,0,3.9926e+06,1,1,1,1,0.05,300,300,300,300,300,300,300,300,300,300,300,300,300,300,300
ppo,0,934,3,0.430499,0.0561079,-0.0435387,0.927366,7.25516e+06,914111,21136.8,300.727,9.51778,0.0770586,0.00638785,0.0399306,483.479,0.365453,0.43414,0.0846832,0,0.125,-1,300,0,300.727,483.479,0.43414,0.0846832,0,6.34105e+06,1,1,1,1,0.05,300,300,300,300,300,300,300,300,300,300,300,300,300,300,300
ppo,0,935,4,0.220285,0.0622084,0.0673459,1.03052,5.35811e+06,668352,15632.5,257.184,6.08149,0.0760241,0.0165049,0.0218814,220.11,0.309829,0.2289,0.073937,0,0.125,-1,300,0,257.184,220.11,0.2289,0.073937,0,4.68976e+06,1,1,1,1,0.05,300,300,300,300,300,300,300,300,300,300,300,300,300,300,300
ppo,0,936,0,0.548455,0.112768,0.112967,1.01674,5.39899e+06,684830,15713.9,260.32,5.13695,0.0913299,0.00793844,0.0369301,138.601,0.23104,0.559928,0.114201,1,0.125,0,300,0,260.32,138.601,0.559928,0.114201,1,4.71416e+06,1,1,1,1,0.05,300,300,300,300,300,300,300,300,300,300,300,300,300,300,300
ppo,0,937,6,0.365565,0.167524,0.270203,1.09288,5.0185e+06,634959,14611.8,250.642,6.6794,0.107443,0.0235536,0.0665905,168.558,0.230138,0.402122,0.285719,0,0.125,-1,300,0,250.642,168.558,0.402122,0.285719,0,4.38355e+06,1,1,1,1,0.05,300,300,300,300,300,300,300,300,300,300,300,300,300,300,300
ppo,0,938,1,0.393693,0.0605625,-0.399496,0.946352,7.10605e+06,854394,20838.8,290.874,10.2863,0.112183,0.00953235,0.0202533,266.886,0.172326,0.398324,0.403082,0,0.125,-1,300,0,290.874,266.886,0.398324,0.403082,0,6.25165e+06,1,1,1,1,0.05,300,300,300,300,300,300,300,300,300,300,300,300,300,300,300
ppo,0,939,5,0.417145,0.151703,0.13317,0.984453,6.76664e+06,807690,19863.2,282.864,8.27319,0.00973542,0.0210469,0.0285533,105.748,0.169655,0.443873,0.134075,0,0.125,-1,300,0,282.864,105.748,0.443873,0.134075,0,5.95896e+06,1,1,1,1,0.05,300,300,300,300,300,300,300,300,300,300,300,300,300,300,300
ppo,0,940,2,0.398015,0.0722346,0.190798,0.9687,6.59887e+06,838462,19201.3,288.052,7.66387,0.0570969,0.0113193,0.0240076,274.477,0.172902,0.404517,0.193348,0,0.125,-1,300,0,288.052,274.477,0.404517,0.193348,0,5.7604e+06,1,1,1,1,0.05,300,300,300,300,300,300,300,300,300,300,300,300,300,300,300
ppo,0,941,7,0.306126,0.13957,0.335013,0.945311,6.47079e+06,832079,18795.7,286.896,5.98831,0.080987,0.0172673,0.0361809,243.943,0.255923,0.336442,0.339448,0,0.125,-1,300,0,286.896,243.943,0.336442,0.339448,0,5.63871e+06,1,1,1,1,0.05,300,300,300,300,300,300,300,300,300,300,300,300,300,300,300
ppo,0,942,5,0.201638,0.0945869,-0.239707,1.06051,5.60696e+06,673297,16445.6,258.193,9.25882,0.0503661,0.0150161,0.0240178,294.502,0.335771,0.22272,0.247226,0,0.125,-1,300,0,258.193,294.502,0.22272,0.247226,0,4.93367e+06,1,1,1,1,0.05,300,300,300,300,300,300,300,300,300,300,300,300,300,300,300
ppo,0,943,3,0.137778,0.125431,-0.488397,0.925543,6.4412e+06,837095,18680.3,287.73,8.15022,0.103972,0.00902815,0.0276706,530.304,0.0768878,0.186322,0.49404,0,0.125,-1,300,0,287.73,530.304,0.186322,0.49404,0,5.6041e+06,1,1,1,1,0.05,300,300,300,300,300,300,300,300,300,300,300,300,300,300,300
ppo,0,944,5,0.238608,0.148201,0.142881,1.05262,5.93957e+06,733837,17352.4,269.557,3.55483,0.0514732,0.0147641,0.0381532,70.6074,0.295349,0.280887,0.152262,0,0.125,-1,300,0,269.557,70.6074,0.280887,0.152262,0,5.20573e+06,1,1,1,1,0.05,300,300,300,300,300,300,300,300,300,300,300,300,300,300,300
ppo,0,945,3,0.200342,0.0995643,-0.461269,0.990573,6.29533e+06,809578,18285.8,283.047,7.82558,0.0438261,0.00945376,0.0553008,210.382,0.1406,0.223719,0.461366,0,0.125,-1,300,0,283.047,210.382,0.223719,0.461366,0,5.48575e+06,1,1,1,1,0.05,300,300,300,300,300,300,300,300,300,300,300,300,300,300,300
ppo,0,946,4,0.550811,0.173459,-0.469357,0.965972,7.71898e+06,936997,22606.6,304.603,9.57399,0.0444085,0.0218791,0.0351648,135.944,0.24591,0.577478,0.470589,0,0.125,-1,300,0,304.603,135.944,0.577478,0.470589,0,6.78199e+06,1,1,1,1,0.05,300,300,300,300,300,300,300,300,300,300,300,300,300,300,300
ppo,0,947,2,0.388293,0.0309027,0.419297,1.0083,6.97078e+06,856699,20380.3,291.199,6.1855,0.0605187,0.0257251,0.0315388,257.791,0.248769,0.389521,0.419379,0,0.125,-1,300,0,291.199,257.791,0.389521,0.419379,0,6.11408e+06,1,1,1,1,0.05,300,300,300,300,300,300,300,300,300,300,300,300,300,300,300
ppo,0,948,0,0.339606,0.149452,-0.100043,0.908322,6.69221e+06,840026,19507.3,288.32,3.75715,0.0366919,0.00513182,0.0213786,51.4427,0.227748,0.371036,0.135696,1,0.125,0,300,0,288.32,51.4427,0.371036,0.135696,1,5.85218e+06,1,1,1,1,0.05,300,300,300,300,300,300,300,300,300,300,300,300,300,300,300
ppo,0,949,1,0.513064,0.161201,-0.154874,1.06008,5.50814e+06,688296,16066.1,261.021,9.54887,0.0509933,0.0147675,0.0739889,228.838,0.149378,0.537792,0.16612,0,0.125,-1,300,0,261.021,228.838,0.537792,0.16612,0,4.81984e+06,1,1,1,1,0.05,300,300,300,300,300,300,300,300,300,300,300,300,300,300,300
ppo,0,950,4,0.299281,0.0818911,0.0889254,1.06549,5.71396e+06,702304,16705.5,263.725,5.28251,0.0328513,0.0161692,0.0389443,211.719,0.166885,0.310283,0.110436,0,0.125,-1,300,0,263.725,211.719,0.310283,0.110436,0,5.01166e+06,1,1,1,1,0.05,300,300,300,300,300,300,300,300,300,300,300,300,300,300,300
ppo,0,951,5,0.415285,0.0317661,-0.320893,0.916474,7.77958e+06,991915,22625.5,313.293,10.3279,0.063541,0.0188961,0.0433387,164.525,0.492161,0.416499,0.331585,0,0.125,-1,300,0,313.293,164.525,0.416499,0.331585,0,6.78766e+06,1,1,1,1,0.05,300,300,300,300,300,300,300,300,300,300,300,300,300,300,300
ppo,0,952,1,0.391942,0.191888,-0.432777,0.978356,6.64101e+06,846498,19315,289.356,7.57966,0.0862893,0.0136962,0.0275411,200.161,0.145029,0.436394,0.433318,0,0.125,-1,300,0,289.356,200.161,0.436394,0.433318,0,5.79451e+06,1,1,1,1,0.05,300,300,300,300,300,300,300,300,300,300,300,300,300,300,300
ppo,0,953,4,0.446551,0.105148,0.352434,1.01376,6.00216e+06,743732,17528.1,271.362,8.16697,0.0846669,0.0173252,0.0162749,302.774,0.272258,0.458763,0.352703,0,0.125,-1,300,0,271.362,302.774,0.458763,0.352703,0,5.25843e+06,1,1,1,1,0.05,300,300,300,300,300,300,300,300,300,300,300,300,300,300,300
ppo,0,954,6,0.406562,0.174972,-0.0359274,1.01001,6.15239e+06,764031,17961.2,275.025,10.1174,0.0762031,0.0104415,0.0381792,338.086,0.0700889,0.442615,0.0372962,0,0.125,-1,300,0,275.025,338.086,0.442615,0.0372962,0,5.38836e+06,1,1,1,1,0.05,300,300,300,300,300,300,300,300,300,300,300,300,300,300,300
ppo,0,955,0,0.133317,0.00792012,0.381309,1.03681,6.18852e+06,735973,18175.2,270.007,9.35447,0.0311748,0.0110903,0.00892213,450.393,0.120805,0.133552,0.383082,1,0.125,0,300,0,270.007,450.393,0.133552,0.383082,1,5.45254e+06,1,1,1,1,0.05,300,300,300,300,300,300,300,300,300,300,300,300,300,300,300
ppo,0,956,2,0.477366,0.024158,-0.177784,1.06041,5.20123e+06,627734,15245,249.372,1.95776,0.0868057,0.0222521,0.0376928,263.045,0.341045,0.477977,0.187767,0,0.125,-1,300,0,249.372,263.045,0.477977,0.187767,0,4.57349e+06,1,1,1,1,0.05,300,300,300,300,300,300,300,300,300,300,300,300,300,300,300
ppo,0,957,3,0.422204,0.0699305,-0.48639,1.02005,6.05014e+06,727949,17740.6,268.478,7.98226,0.0504096,0.0271883,0.0141357,186.536,0.184435,0.427956,0.486803,0,0.125,-1,300,0,268.478,186.536,0.427956,0.486803,0,5.32219e+06,1,1,1,1,0.05,300,300,300,300,300,300,300,300,300,300,300,300,300,300,300
ppo,0,958,2,0.581061,0.174613,-0.0980175,0.920401,6.6258e+06,866459,19197.8,292.744,1.90637,0.072065,0.0114612,0.0219672,93.8434,0.20738,0.606731,0.126267,0,0.125,-1,300,0,292.744,93.8434,0.606731,0.126267,0,5.75934e+06,1,1,1,1,0.05,300,300,300,300,300,300,300,300,300,300,300,300,300,300,300
ppo,0,959,3,0.549818,0.074159,-0.0872557,0.980076,5.90662e+06,744198,17208.1,271.457,7.58641,0.0981204,0.0191678,0.0204879,241.181,0.261384,0.554797,0.0895015,0,0.125,-1,300,0,271.457,241.181,0.554797,0.0895015,0,5.16243e+06,1,1,1,1,0.05,300,300,300,300,300,300,300,300,300,300,300,300,300,300,300
ppo,0,960,7,0.568123,0.162784,-0.122495,0.936296,6.27921e+06,801322,18259.6,281.589,3.96878,0.0863318,0.0174034,0.0342159,218.449,0.118601,0.590985,0.13807,0,0.125,-1,300,0,281.589,218.449,0.590985,0.13807,0,5.47789e+06,1,1,1,1,0.05,300,300,300,300,300,300,300,300,300,300,300,300,300,300,300
ppo,0,961,7,0.289106,0.0955166,-0.417758,1.00301,6.44887e+06,816585,18774.3,284.309,8.05705,0.138137,0.0101332,0.0243666,150.853,0.126175,0.304476,0.417769,0,0.125,-1,300,0,284.309,150.853,0.304476,0.417769,0,5.63229e+06,1,1,1,1,0.05,300,300,300,300,300,300,300,300,300,300,300,300,300,300,300
ppo,0,962,5,0.285514,0.0764678,-0.0852245,1.05344,6.34225e+06,801694,18468.5,281.753,8.24173,0.125541,0.0112319,0.035877,256.443,0.348359,0.295577,0.100591,0,0.125,-1,300,0,281.753,256.443,0.295577,0.100591,0,5.54056e+06,1,1,1,1,0.05,300,300,300,300,300,300,300,300,300,300,300,300,300,300,300
ppo,0,963,5,0.372462,0.075279,0.462042,0.9806,6.89394e+06,832440,20205,287.136,7.3091,0.107741,0.0153898,0.0374464,264.136,0.272467,0.379993,0.46245,0,0.125,-1,300,0,287.136,264.136,0.379993,0.46245,0,6.0615e+06,1,1,1,1,0.05,300,300,300,300,300,300,300,300,300,300,300,300,300,300,300
ppo,0,964,0,0.448297,0.111899,0.397298,0.991562,6.89044e+06,837059,20178,287.802,9.48184,0.0917279,0.0246872,0.0271415,446.556,0.159946,0.462051,0.397387,1,0.125,0,300,0,287.802,446.556,0.462051,0.397387,1,6.05338e+06,1,1,1,1,0.05,300,300,300,300,300,300,300,300,300,300,300,300,300,300,300
ppo,0,965,6,0.535248,0.183842,0.418241,1.0722,5.72903e+06,692951,16786.9,261.998,9.79741,0.0834317,0.0209361,0.0405435,206.572,0.0573837,0.56594,0.424427,0,0.125,-1,300,0,261.998,206.572,0.56594,0.424427,0,5.03608e+06,1,1,1,1,0.05,300,300,300,300,300,300,300,300,300,300,300,300,300,300,300
ppo,0,966,5,0.483548,0.164497,-0.159077,1.00197,5.11748e+06,660498,14856.6,255.58,5.55694,0.0362336,0.0107974,0.0462333,204.01,0.322625,0.510762,0.15909,0,0.125,-1,300,0,255.58,204.01,0.510762,0.15909,0,4.45699e+06,1,1,1,1,0.05,300,300,300,300,300,300,300,300,300,300,300,300,300,300,300
ppo,0,967,7,0.353211,0.0347767,0.494881,0.951616,6.50258e+06,855021,18825.2,290.779,9.28487,0.0444612,0.0244944,0.0197586,216.125,0.526896,0.354919,0.49724,0,0.125,-1,300,0,290.779,216.125,0.354919,0.49724,0,5.64756e+06,1,1,1,1,0.05,300,300,300,300,300,300,300,300,300,300,300,300,300,300,300
ppo,0,968,3,0.316631,0.182166,-0.245785,1.0274,6.42273e+06,830223,18641.7,286.515,5.77854,0.0342053,0.0181449,0.0372465,151.706,0.0358916,0.365294,0.247308,0,0.125,-1,300,0,286.515,151.706,0.365294,0.247308,0,5.59251e+06,1,1,1,1,0.05,300,300,300,300,300,300,300,300,300,300,300,300,300,300,300
ppo,0,969,7,0.46117,0.151572,-0.202227,1.00376,5.43541e+06,686117,15831,260.555,5.20391,0.0330305,0.0168951,0.0554874,282.49,0.232562,0.485439,0.202262,0,0.125,-1,300,0,260.555,282.49,0.485439,0.202262,0,4.74929e+06,1,1,1,1,0.05,300,300,300,300,300,300,300,300,300,300,300,300,300,300,300
ppo,0,970,4,0.453843,0.14295,-0.375989,0.944002,6.41139e+06,831214,18600.6,286.703,7.60217,0.0626221,0.0228562,0.0350194,183.934,0.102718,0.475824,0.380136,0,0.125,-1,300,0,286.703,183.934,0.475824,0.380136,0,5.58018e+06,1,1,1,1,0.05,300,300,300,300,300,300,300,300,300,300,300,300,300,300,300
ppo,0,971,0,0.443824,0.144831,0.0243486,0.941473,6.90662e+06,868923,20125.7,293.198,8.65056,0.102725,0.0101085,0.0405126,308.236,0.192944,0.466857,0.0633896,1,0.125,0,300,0,293.198,308.236,0.466857,0.0633896,1,6.0377e+06,1,1,1,1,0.05,300,300,300,300,300,300,300,300,300,300,300,300,300,300,300
ppo,0,972,5,0.262692,0.128604,-0.00146651,0.994444,6.51263e+06,820215,18974.7,284.933,9.37548,0.0263367,0.00700886,0.0272986,305.155,0.0384746,0.292483,0.00574622,0,0.125,-1,300,0,284.933,305.155,0.292483,0.00574622,0,5.69241e+06,1,1,1,1,0.05,300,300,300,300,300,300,300,300,300,300,300,300,300,300,300
ppo,0,973,2,0.503366,0.00959079,0.368346,0.976695,5.75194e+06,740006,16706.5,270.633,5.27702,0.13322,0.00651962,0.0256134,41.0729,0.340941,0.503457,0.369082,0,0.125,-1,300,0,270.633,41.0729,0.503457,0.369082,0,5.01194e+06,1,1,1,1,0.05,300,300,300,300,300,300,300,300,300,300,300,300,300,300,300
ppo,0,974,6,0.52357,0.197567,-0.00184667,0.932164,7.49336e+06,929664,21879,303.352,7.75025,0.0570149,0.0108033,0.0353187,310.761,0.187129,0.559605,0.0678613,0,0.125,-1,300,0,303.352,310.761,0.559605,0.0678613,0,6.5637e+06,1,1,1,1,0.05,300,300,300,300,300,300,300,300,300,300,300,300,300,300,300
ppo,0,975,3,0.209308,0.143475,0.246815,0.951865,6.66583e+06,852502,19377.8,290.364,7.33446,0.0518048,0.00756281,0.0259844,231.173,0.0884308,0.253762,0.251465,0,0.125,-1,300,0,290.364,231.173,0.253762,0.251465,0,5.81333e+06,1,1,1,1,0.05,300,300,300,300,300,300,300,300,300,300,300,300,300,300,300
ppo,0,976,2,0.127116,0.0464004,0.306747,0.953122,6.08403e+06,761091,17743.1,274.5,7.42682,0.0348239,0.00674307,0.046275,272.484,0.274266,0.13532,0.310308,0,0.125,-1,300,0,274.5,272.484,0.13532,0.310308,0,5.32294e+06,1,1,1,1,0.05,300,300,300,300,300,300,300,300,300,300,300,300,300,300,300
ppo,0,977,6,0.599302,0.149824,0.0141919,0.917161,6.8151e+06,865803,19831,292.724,10.1301,0.10898,0.0117544,0.0287814,58.883,0.219627,0.617746,0.0840454,0,0.125,-1,300,0,292.724,58.883,0.617746,0.0840454,0,5.94929e+06,1,1,1,1,0.05,300,300,300,300,300,300,300,300,300,300,300,300,300,300,300
ppo,0,978,5,0.352184,0.0939494,0.308688,0.937007,6.31424e+06,800791,18378.2,281.551,0.519752,0.0378714,0.0148917,0.0583441,122.952,0.105346,0.364499,0.315049,0,0.125,-1,300,0,281.551,122.952,0.364499,0.315049,0,5.51345e+06,1,1,1,1,0.05,300,300,300,300,300,300,300,300,300,300,300,300,300,300,300
ppo,0,979,6,0.204539,0.0597924,0.427939,1.03424,6.33922e+06,791387,18492.8,279.94,6.13266,0.0730708,0.0169005,0.0355091,138.289,0.165589,0.213099,0.429307,0,0.125,-1,300,0,279.94,138.289,0.213099,0.429307,0,5.54783e+06,1,1,1,1,0.05,300,300,300,300,300,300,300,300,300,300,300,300,300,300,300
ppo,0,980,2,0.600607,0.000802541,0.438534,1.04851,6.17902e+06,755324,18079,273.487,10.6859,0.0432769,0.0244758,0.0394672,165.361,0.860735,0.600608,0.441209,0,0.125,-1,300,0,273.487,165.361,0.600608,0.441209,0,5.4237e+06,1,1,1,1,0.05,300,300,300,300,300,300,300,300,300,300,300,300,300,300,300
ppo,0,981,7,0.56176,0.116733,-0.425109,0.935759,7.44023e+06,905517,21782.4,299.441,8.77541,0.127336,0.0155618,0.0535691,324.519,0.131343,0.57376,0.429936,0,0.125,-1,300,0,299.441,324.519,0.57376,0.429936,0,6.53471e+06,1,1,1,1,0.05,300,300,300,300,300,300,300,300,300,300,300,300,300,300,300
ppo,0,982,6,0.334543,0.0443057,-0.215398,1.01237,5.51478e+06,699303,16051.6,263.054,6.06228,0.121566,0.00738552,0.0383574,145.67,0.240845,0.337464,0.215753,0,0.125,-1,300,0,263.054,145.67,0.337464,0.215753,0,4.81547e+06,1,1,1,1,0.05,300,300,300,300,300,300,300,300,300,300,300,300,300,300,300
ppo,0,983,6,0.212645,0.129725,0.245309,1.03162,6.0381e+06,762108,17586.7,274.677,9.0765,0.11073,0.00512684,0.0578994,224.338,0.285495,0.249091,0.247339,0,0.125,-1,300,0,274.677,224.338,0.249091,0.247339,0,5.276e+06,1,1,1,1,0.05,300,300,300,300,300,300,300,300,300,300,300,300,300,300,300
ppo,0,984,2,0.422563,0.00544984,-0.369719,0.970098,6.46719e+06,803569,18878.7,281.988,11.8133,0.0612716,0.0118454,0.0250534,241.998,1.07171,0.422598,0.370926,0,0.125,-1,300,0,281.988,241.998,0.422598,0.370926,0,5.66362e+06,1,1,1,1,0.05,300,300,300,300,300,300,300,300,300,300,300,300,300,300,300
ppo,0,985,3,0.390661,0.136952,-0.322372,0.977765,6.29116e+06,778086,18376.9,277.51,7.34334,0.116154,0.0144527,0.0453207,388.148,0.301351,0.413971,0.323138,0,0.125,-1,300,0,277.51,388.148,0.413971,0.323138,0,5.51307e+06,1,1,1,1,0.05,300,300,300,300,300,300,300,300,300,300,300,300,300,300,300
ppo,0,986,4,0.485397,0.162228,-0.0110452,1.0792,5.83225e+06,698818,17111.4,263.122,8.23383,0.083248,0.0228116,0.0464278,142.599,0.107857,0.511789,0.079963,0,0.125,-1,300,0,263.122,142.599,0.511789,0.079963,0,5.13343e+06,1,1,1,1,0.05,300,300,300,300,300,300,300,300,300,300,300,300,300,300,300
ppo,0,987,6,0.426941,0.0766582,-0.0489142,1.01319,6.03425e+06,743777,17634.9,271.355,7.0002,0.111326,0.0213384,0.0269408,160.477,0.24347,0.433768,0.0506606,0,0.125,-1,300,0,271.355,160.477,0.433768,0.0506606,0,5.29048e+06,1,1,1,1,0.05,300,300,300,300,300,300,300,300,300,300,300,300,300,300,300
ppo,0,988,5,0.31403,0.128727,0.0334423,0.943447,7.00426e+06,880306,20413.2,295.118,9.52456,0.0672092,0.0325263,0.0642139,81.4109,0.121983,0.33939,0.0657007,0,0.125,-1,300,0,295.118,81.4109,0.33939,0.0657007,0,6.12396e+06,1,1,1,1,0.05,300,300,300,300,300,300,300,300,300,300,300,300,300,300,300
ppo,0,989,6,0.400742,0.185433,-0.088329,0.923103,6.99201e+06,875373,20388.8,294.35,8.46754,0.117468,0.0166359,0.0151574,123.593,0.231398,0.441565,0.117112,0,0.125,-1,300,0,294.35,123.593,0.441565,0.117112,0,6.11664e+06,1,1,1,1,0.05,300,300,300,300,300,300,300,300,300,300,300,300,300,300,300
ppo,0,990,5,0.463551,0.105224,-0.261477,1.06311,6.16752e+06,757481,18033.5,273.799,7.84371,0.032263,0.00418029,0.0364331,125.407,0.422875,0.475343,0.268987,0,0.125,-1,300,0,273.799,125.407,0.475343,0.268987,0,5.41004e+06,1,1,1,1,0.05,300,300,300,300,300,300,300,300,300,300,300,300,300,300,300
ppo,0,991,6,0.481754,0.0144837,0.0337472,1.07586,5.81646e+06,714254,17007.3,265.937,8.54099,0.102931,0.00897814,0.023386,164.849,0.483381,0.481971,0.0830244,0,0.125,-1,300,0,265.937,164.849,0.481971,0.0830244,0,5.1022e+06,1,1,1,1,0.05,300,300,300,300,300,300,300,300,300,300,300,300,300,300,300
ppo,0,992,6,0.343289,0.0309797,-0.433642,0.954841,6.57281e+06,834765,19126.8,287.447,5.65076,0.11346,0.0144378,0.0273955,213.379,0.178747,0.344685,0.435987,0,0.125,-1,300,0,287.447,213.379,0.344685,0.435987,0,5.73804e+06,1,1,1,1,0.05,300,300,300,300,300,300,300,300,300,300,300,300,300,300,300
ppo,0,993,4,0.487103,0.0158294,-0.498228,0.925396,7.35772e+06,933285,21414.8,303.905,7.53728,0.0685875,0.00841045,0.0538123,62.5215,0.529103,0.48736,0.503783,0,0.125,-1,300,0,303.905,62.5215,0.48736,0.503783,0,6.42443e+06,1,1,1,1,0.05,300,300,300,300,300,300,300,300,300,300,300,300,300,300,300
ppo,0,994,5,0.532832,0.0719651,0.339762,0.925144,7.55052e+06,937266,22044.2,304.602,9.24302,0.172019,0.0210856,0.0297472,376.297,0.164375,0.53767,0.34791,0,0.125,-1,300,0,304.602,376.297,0.53767,0.34791,0,6.61326e+06,1,1,1,1,0.05,300,300,300,300,300,300,300,300,300,300,300,300,300,300,300
ppo,0,995,4,0.480019,0.158719,-0.455018,1.09583,5.41117e+06,650621,15868.5,253.891,10.6254,0.165353,0.0269619,0.0203067,113.281,0.270303,0.505579,0.465,0,0.125,-1,300,0,253.891,113.281,0.505579,0.465,0,4.76055e+06,1,1,1,1,0.05,300,300,300,300,300,300,300,300,300,300,300,300,300,300,300
ppo,0,996,1,0.384558,0.00998847,0.175108,0.962453,6.81421e+06,838668,19918.5,288.173,11.0778,0.0643791,0.0187417,0.0242682,231.04,0.493056,0.384688,0.179088,0,0.125,-1,300,0,288.173,231.04,0.384688,0.179088,0,5.97554e+06,1,1,1,1,0.05,300,300,300,300,300,300,300,300,300,300,300,300,300,300,300
ppo,0,997,2,0.263259,0.161025,0.477407,1.03414,5.10808e+06,654541,14845.1,254.514,7.67906,0.125488,0.00465027,0.0768853,196.538,0.302113,0.308601,0.478625,0,0.125,-1,300,0,254.514,196.538,0.308601,0.478625,0,4.45354e+06,1,1,1,1,0.05,300,300,300,300,300,300,300,300,300,300,300,300,300,300,300
ppo,0,998,5,0.291316,0.0684351,0.267041,0.908013,7.99485e+06,973731,23403.7,310.621,9.53125,0.0705476,0.02697,0.027321,271.426,0.243919,0.299246,0.28244,0,0.125,-1,300,0,310.621,271.426,0.299246,0.28244,0,7.02112e+06,1,1,1,1,0.05,300,300,300,300,300,300,300,300,300,300,300,300,300,300,300
ppo,0,999,4,0.449086,0.0248524,0.271366,0.912295,7.55003e+06,965213,21949.4,309.121,8.15463,0.091617,0.00661699,0.0504023,305.763,0.593747,0.449774,0.285187,0,0.125,-1,300,0,309.121,305.763,0.449774,0.285187,0,6.58482e+06,1,1,1,1,0.05,300,300,300,300,300,300,300,300,300,300,300,300,300,300,300
ppo_best,0,0,1,0.279827,0.0487279,0.472181,1.00261,9486.68,474.934,30.0392,6.88015,2.05119,0.0621446,0.0121644,0.0492364,1.01316,0.286931,0.284038,0.472188,0,0.125,-1,300,0,6.88015,1.01316,0.284038,0.472188,0,9011.75,1,1,1,1,0.05,300,300,300,300,300,300,300,300,300,300,300,300,300,300,300
ppo_best,0,1,6,0.28879,0.184994,0.159157,0.975081,13221.2,867.174,41.18,9.32002,3.86311,0.0866036,0.0142785,0.0306155,0.854879,0.241849,0.342961,0.161096,0,0.125,-1,300,0,9.32002,0.854879,0.342961,0.161096,0,12354,1,1,1,1,0.05,300,300,300,300,300,300,300,300,300,300,300,300,300,300,300
ppo_best,0,2,0,0.534844,0.0252424,-0.336027,1.09652,7522.84,332.888,23.9665,5.78463,2.39807,0.0412939,0.0169702,0.0437047,0.30011,0.470446,0.535439,0.349615,1,0.125,0,300,0,5.78463,0.30011,0.535439,0.349615,1,7189.96,1,1,1,1,0.05,300,300,300,300,300,300,300,300,300,300,300,300,300,300,300
ppo_best,0,3,0,0.491569,0.147145,-0.36411,0.923106,5464.19,294.896,17.231,5.41887,1.11248,0.100399,0.00627714,0.0405987,1.22298,0.0628579,0.51312,0.372141,1,0.125,0,300,0,5.41887,1.22298,0.51312,0.372141,1,5169.29,1,1,1,1,0.05,300,300,300,300,300,300,300,300,300,300,300,300,300,300,300
ppo_best,0,4,1,0.397638,0.151632,-0.477462,1.00252,4584.06,241.479,14.4753,4.88412,0.974042,0.0608383,0.0308082,0.0382929,0.705532,0.197267,0.425568,0.477469,0,0.125,-1,300,0,4.88412,0.705532,0.425568,0.477469,0,4342.58,1,1,1,1,0.05,300,300,300,300,300,300,300,300,300,300,300,300,300,300,300
ppo_best,0,5,2,0.537644,0.0606169,-0.170356,1.0072,7979.98,511.484,24.895,7.14186,1.74794,0.039532,0.0160658,0.0391967,0.703117,0.191798,0.54105,0.170508,0,0.125,-1,300,0,7.14186,0.703117,0.54105,0.170508,0,7468.49,1,1,1,1,0.05,300,300,300,300,300,300,300,300,300,300,300,300,300,300,300
ppo_best,0,6,2,0.151965,0.11882,0.212238,1.0437,6601.23,376.674,20.7485,6.14887,0.374518,0.165266,0.0228723,0.00652213,0.513201,0.182815,0.192902,0.216691,0,0.125,-1,300,0,6.14887,0.513201,0.192902,0.216691,0,6224.55,1,1,1,1,0.05,300,300,300,300,300,300,300,300,300,300,300,300,300,300,300
ppo_best,0,7,4,0.485615,0.0261543,-0.267942,1.07856,12589.5,535.566,40.1797,7.30569,2.91134,0.113037,0.0145706,0.0565795,0.97751,0.567319,0.486319,0.279222,0,0.125,-1,300,0,7.30569,0.97751,0.486319,0.279222,0,12053.9,1,1,1,1,0.05,300,300,300,300,300,300,300,300,300,300,300,300,300,300,300
ppo_best,0,8,6,0.513023,0.0244018,-0.0664132,0.953785,10858.6,1027.06,32.7717,10.1117,2.14337,0.150405,0.0124931,0.0491775,0.334581,0.342593,0.513603,0.0809109,0,0.125,-1,300,0,10.1117,0.334581,0.513603,0.0809109,0,9831.5,1,1,1,1,0.05,300,300,300,300,300,300,300,300,300,300,300,300,300,300,300
ppo_best,0,9,0,0.464981,0.181175,-0.387874,0.925179,8953.47,713.25,27.4674,8.40426,2.12046,0.0630301,0.0194218,0.0341629,1.08104,0.0992622,0.499031,0.395024,1,0.125,0,300,0,8.40426,1.08104,0.499031,0.395024,1,8240.22,1,1,1,1,0.05,300,300,300,300,300,300,300,300,300,300,300,300,300,300,300
ppo_best,0,10,2,0.180502,0.185484,-0.430808,1.01025,6122.31,299.847,19.4082,5.45465,0.921933,0.0365727,0.0128901,0.0253401,0.805921,0.0986041,0.258815,0.43093,0,0.125,-1,300,0,5.45465,0.805921,0.258815,0.43093,0,5822.46,1,1,1,1,0.05,300,300,300,300,300,300,300,300,300,300,300,300,300,300,300
ppo_best,0,11,0,0.342812,0.198078,-0.494593,0.991055,10891.2,517.939,34.5776,7.20206,2.61741,0.0403238,0.0167992,0.0242106,0.596437,0.122239,0.395923,0.494674,1,0.125,0,300,0,7.20206,0.596437,0.395923,0.494674,1,10373.3,1,1,1,1,0.05,300,300,300,300,300,300,300,300,300,300,300,300,300,300,300
ppo_best,0,12,5,0.296182,0.129097,0.472198,0.931834,5659.2,312.954,17.8208,5.57758,2.09049,0.069814,0.0244366,0.0441763,0.588136,0.119367,0.323094,0.477092,0,0.125,-1,300,0,5.57758,0.588136,0.323094,0.477092,0,5346.24,1,1,1,1,0.05,300,300,300,300,300,300,300,300,300,300,300,300,300,300,300
ppo_best,0,13,1,0.367914,0.0492574,-0.209387,1.09875,8282.81,252.072,26.7691,5.02937,1.97077,0.0365816,0.0106816,0.0457382,0.368407,0.298792,0.371196,0.231506,0,0.125,-1,300,0,5.02937,0.368407,0.371196,0.231506,0,8030.74,1,1,1,1,0.05,300,300,300,300,300,300,300,300,300,300,300,300,300,300,300
ppo_best,0,14,5,0.272608,0.0403544,-0.35404,0.99968,12521,849.153,38.906,9.24687,1.87746,0.132738,0.0222273,0.0577794,1.09374,0.287074,0.275579,0.35404,0,0.125,-1,300,0,9.24687,1.09374,0.275579,0.35404,0,11671.8,1,1,1,1,0.05,300,300,300,300,300,300,300,300,300,300,300,300,300,300,300
ppo_best,0,15,3,0.282185,0.0852996,-0.360217,1.09349,8642.42,476.697,27.2191,6.86204,2.22192,0.0719945,0.0362061,0.03994,0.360305,0.135332,0.294796,0.372151,0,0.125,-1,300,0,6.86204,0.360305,0.294796,0.372151,0,8165.72,1,1,1,1,0.05,300,300,300,300,300,300,300,300,300,300,300,300,300,300,300
ppo_best,0,16,6,0.252405,0.150056,0.0638746,1.01106,6629.1,280.249,21.1628,5.27265,1.5349,0.0565564,0.00674278,0.0181352,0.250731,0.179837,0.293641,0.0648252,0,0.125,-1,300,0,5.27265,0.250731,0.293641,0.0648252,0,6348.85,1,1,1,1,0.05,300,300,300,300,300,300,300,300,300,300,300,300,300,300,300
ppo_best,0,17,6,0.283468,0.167883,-0.361346,0.93855,13479.6,1055.98,41.4122,10.257,3.37855,0.118132,0.0124853,0.0360881,1.01902,0.189718,0.329452,0.366534,0,0.125,-1,300,0,10.257,1.01902,0.329452,0.366534,0,12423.6,1,1,1,1,0.05,300,300,300,300,300,300,300,300,300,300,300,300,300,300,300
ppo_best,0,18,1,0.549907,0.16225,0.00706267,1.00663,5867.88,230.948,18.7898,4.82675,1.96248,0.0806629,0.0163736,0.032062,0.463655,0.136872,0.573344,0.00968567,0,0.125,-1,300,0,4.82675,0.463655,0.573344,0.00968567,0,5636.93,1,1,1,1,0.05,300,300,300,300,300,300,300,300,300,300,300,300,300,300,300
ppo_best,0,19,7,0.38157,0.0451,-0.442798,0.946116,8480.03,640.061,26.1332,7.99684,2.08475,0.0921492,0.0218459,0.0326054,0.466347,0.452461,0.384226,0.446064,0,0.125,-1,300,0,7.99684,0.466347,0.384226,0.446064,0,7839.97,1,1,1,1,0.05,300,300,300,300,300,300,300,300,300,300,300,300,300,300,300
ppo_best,0,20,4,0.450671,0.0127798,-0.431394,1.03862,14081,728.901,44.5071,8.53361,3.81634,0.0945694,0.0107531,0.0417951,0.342835,0.154643,0.450852,0.43312,0,0.125,-1,300,0,8.53361,0.342835,0.450852,0.43312,0,13352.1,1,1,1,1,0.05,300,300,300,300,300,300,300,300,300,300,300,300,300,300,300
ppo_best,0,21,2,0.178613,0.18813,0.284692,0.987755,7056.91,303.374,22.5118,5.51271,2.42298,0.0765166,0.01471,0.0279854,0.258624,0.144389,0.259413,0.284956,0,0.125,-1,300,0,5.51271,0.258624,0.259413,0.284956,0,6753.54,1,1,1,1,0.05,300,300,300,300,300,300,300,300,300,300,300,300,300,300,300
ppo_best,0,22,7,0.441138,0.136396,-0.162835,0.921308,7710.9,481.904,24.0967,6.92596,2.62187,0.0731339,0.01763,0.00998167,0.294131,0.157146,0.461743,0.180853,0,0.125,-1,300,0,6.92596,0.294131,0.461743,0.180853,0,7229,1,1,1,1,0.05,300,300,300,300,300,300,300,300,300,300,300,300,300,300,300
ppo_best,0,23,0,0.517023,0.0865294,-0.0181903,1.09426,8810.31,537.019,27.5777,7.25843,1.73007,0.103849,0.0135952,0.024695,0.885141,0.307826,0.524214,0.0959998,1,0.125,0,300,0,7.25843,0.885141,0.524214,0.0959998,1,8273.29,1,1,1,1,0.05,300,300,300,300,300,300,300,300,300,300,300,300,300,300,300
ppo_best,0,24,1,0.370858,0.0725851,0.0384449,0.913326,19959.1,786.889,63.9074,8.84271,4.31362,0.0550679,0.0260815,0.0263171,0.449787,0.326265,0.377895,0.0948179,0,0.125,-1,300,0,8.84271,0.449787,0.377895,0.0948179,0,19172.2,1,1,1,1,0.05,300,300,300,300,300,300,300,300,300,300,300,300,300,300,300
ppo_best,0,25,4,0.325293,0.0889061,-0.441881,0.95775,16376.9,994.35,51.2751,9.93946,4.04542,0.121243,0.0231591,0.0258619,1.01317,0.204357,0.337224,0.443896,0,0.125,-1,300,0,9.93946,1.01317,0.337224,0.443896,0,15382.5,1,1,1,1,0.05,300,300,300,300,300,300,300,300,300,300,300,300,300,300,300
ppo_best,0,26,3,0.13768,0.132364,-0.0814456,0.970856,7055.55,361.115,22.3148,6.01635,2.29107,0.151383,0.0137794,0.047082,0.326325,0.163449,0.190986,0.0865031,0,0.125,-1,300,0,6.01635,0.326325,0.190986,0.0865031,0,6694.43,1,1,1,1,0.05,300,300,300,300,300,300,300,300,300,300,300,300,300,300,300
ppo_best,0,27,5,0.569564,0.0416277,-0.091663,1.07322,12354.8,874.541,38.2674,9.36821,2.36898,0.111832,0.00255537,0.0062347,0.317905,0.517525,0.571083,0.117315,0,0.125,-1,300,0,9.36821,0.317905,0.571083,0.117315,0,11480.2,1,1,1,1,0.05,300,300,300,300,300,300,300,300,300,300,300,300,300,300,300
ppo_best,0,28,1,0.462683,0.056316,-0.00562799,1.09459,10635.5,580.415,33.5168,7.64314,2.5156,0.103278,0.0247387,0.0541266,0.824222,0.405713,0.466097,0.0947582,0,0.125,-1,300,0,7.64314,0.824222,0.466097,0.0947582,0,10055.1,1,1,1,1,0.05,300,300,300,300,300,300,300,300,300,300,300,300,300,300,300
ppo_best,0,29,7,0.190195,0.0386555,0.311663,0.918512,14909.2,841.703,46.8918,9.11137,4.68103,0.0688674,0.0241129,0.0257154,0.901941,0.207098,0.194083,0.32214,0,0.125,-1,300,0,9.11137,0.901941,0.194083,0.32214,0,14067.5,1,1,1,1,0.05,300,300,300,300,300,300,300,300,300,300,300,300,300,300,300
ppo_best,0,30,2,0.43551,0.00663354,0.00178993,1.07443,6895.74,304.827,21.9697,5.48425,1.75301,0.0742419,0.0124559,0.0373264,0.982413,0.360366,0.435561,0.074448,0,0.125,-1,300,0,5.48425,0.982413,0.435561,0.074448,0,6590.91,1,1,1,1,0.05,300,300,300,300,300,300,300,300,300,300,300,300,300,300,300
ppo_best,0,31,5,0.176478,0.0719513,0.258418,0.964038,7339.07,495.96,22.8104,7.00879,2.1348,0.096972,0.0264007,0.0417637,0.761303,0.291874,0.190582,0.260908,0,0.125,-1,300,0,7.00879,0.761303,0.190582,0.260908,0,6843.11,1,1,1,1,0.05,300,300,300,300,300,300,300,300,300,300,300,300,300,300,300
ppo_best,0,32,0,0.347419,0.0348692,0.415206,0.984876,10920.8,347.375,35.2447,5.9154,2.96783,0.0791539,0.0161892,0.0161226,0.544422,0.333379,0.349164,0.415482,1,0.125,0,300,0,5.9154,0.544422,0.349164,0.415482,1,10573.4,1,1,1,1,0.05,300,300,300,300,300,300,300,300,300,300,300,300,300,300,300
ppo_best,0,33,5,0.437556,0.0176016,-0.00755084,1.02577,11799.4,522.138,37.591,7.20116,2.69424,0.0902126,0.0115993,0.0433129,0.536923,0.649226,0.437909,0.0268573,0,0.125,-1,300,0,7.20116,0.536923,0.437909,0.0268573,0,11277.3,1,1,1,1,0.05,300,300,300,300,300,300,300,300,300,300,300,300,300,300,300
ppo_best,0,34,5,0.432865,0.194518,0.111496,1.03544,6523.76,541.297,19.9416,7.27438,0.557817,0.0611382,0.0273081,0.0312689,1.03139,0.168639,0.474562,0.116994,0,0.125,-1,300,0,7.27438,1.03139,0.474562,0.116994,0,5982.47,1,1,1,1,0.05,300,300,300,300,300,300,300,300,300,300,300,300,300,300,300
ppo_best,0,35,3,0.473569,0.118791,-0.229729,1.06867,5993.51,246.156,19.1578,4.93926,1.81373,0.0353914,0.0162949,0.0347104,0.499678,0.13703,0.48824,0.239771,0,0.125,-1,300,0,4.93926,0.499678,0.48824,0.239771,0,5747.35,1,1,1,1,0.05,300,300,300,300,300,300,300,300,300,300,300,300,300,300,300
ppo_best,0,36,5,0.281906,0.171136,0.478324,0.94106,13540.7,735.718,42.6833,8.5954,3.49565,0.0532152,0.00218917,0.0289195,0.802664,0.101562,0.329785,0.481942,0,0.125,-1,300,0,8.5954,0.802664,0.329785,0.481942,0,12805,1,1,1,1,0.05,300,300,300,300,300,300,300,300,300,300,300,300,300,300,300
ppo_best,0,37,7,0.381812,0.00248337,-0.222815,1.05262,10403.9,751.004,32.1762,8.67866,2.07633,0.110934,0.0211673,0.0410473,0.200258,0.777252,0.38182,0.228943,0,0.125,-1,300,0,8.67866,0.200258,0.38182,0.228943,0,9652.87,1,1,1,1,0.05,300,300,300,300,300,300,300,300,300,300,300,300,300,300,300
ppo_best,0,38,4,0.413721,0.161927,-0.466792,0.973748,11033,645.268,34.6257,8.00215,1.46352,0.134658,0.0216114,0.0295569,1.0976,0.216995,0.444281,0.467529,0,0.125,-1,300,0,8.00215,1.0976,0.444281,0.467529,0,10387.7,1,1,1,1,0.05,300,300,300,300,300,300,300,300,300,300,300,300,300,300,300
ppo_best,0,39,4,0.46674,0.190987,-0.0224375,0.938482,6591.54,295.085,20.9882,5.43927,2.21107,0.101992,0.00687098,0.0229423,0.742813,0.222696,0.504304,0.0654823,0,0.125,-1,300,0,5.43927,0.742813,0.504304,0.0654823,0,6296.46,1,1,1,1,0.05,300,300,300,300,300,300,300,300,300,300,300,300,300,300,300
ppo_best,0,40,6,0.239845,0.0928903,0.432543,1.08044,6889.54,257.176,22.1079,5.06104,1.75623,0.0743928,0.00590609,0.02997,0.949282,0.168395,0.257205,0.439959,0,0.125,-1,300,0,5.06104,0.949282,0.257205,0.439959,0,6632.36,1,1,1,1,0.05,300,300,300,300,300,300,300,300,300,300,300,300,300,300,300
ppo_best,0,41,4,0.449348,0.198535,-0.497526,1.04495,10193.2,475.247,32.3933,6.90828,3.58178,0.1147,0.0222415,0.0113567,0.313747,0.0643474,0.491253,0.499553,0,0.125,-1,300,0,6.90828,0.313747,0.491253,0.499553,0,9717.98,1,1,1,1,0.05,300,300,300,300,300,300,300,300,300,300,300,300,300,300,300
ppo_best,0,42,6,0.449732,0.176956,0.149094,1.02534,10793.8,623.234,33.902,7.85042,2.65406,0.129466,0.00546607,0.0201411,0.561073,0.276183,0.483293,0.151232,0,0.125,-1,300,0,7.85042,0.561073,0.483293,0.151232,0,10170.6,1,1,1,1,0.05,300,300,300,300,300,300,300,300,300,300,300,300,300,300,300
ppo_best,0,43,1,0.204377,0.115408,0.280744,0.955826,9601.29,433.855,30.5581,6.57006,1.21646,0.0385317,0.00691496,0.0485995,0.493871,0.317657,0.234711,0.284198,0,0.125,-1,300,0,6.57006,0.493871,0.234711,0.284198,0,9167.43,1,1,1,1,0.05,300,300,300,300,300,300,300,300,300,300,300,300,300,300,300
ppo_best,0,44,6,0.230452,0.140099,0.0823957,0.978308,4958.64,156.837,16.006,3.96442,0.501793,0.060576,0.0115473,0.0100937,0.339652,0.322412,0.269695,0.0852031,0,0.125,-1,300,0,3.96442,0.339652,0.269695,0.0852031,0,4801.8,1,1,1,1,0.05,300,300,300,300,300,300,300,300,300,300,300,300,300,300,300
ppo_best,0,45,4,0.300927,0.16992,-0.0889343,1.07991,8691.41,449.34,27.4736,6.70633,1.76145,0.0205666,0.0252654,0.0584898,0.818723,0.126064,0.345586,0.119563,0,0.125,-1,300,0,6.70633,0.818723,0.345586,0.119563,0,8242.07,1,1,1,1,0.05,300,300,300,300,300,300,300,300,300,300,300,300,300,300,300
ppo_best,0,46,6,0.37331,0.179031,-0.477296,0.930114,9127.38,503.272,28.747,7.10833,1.44201,0.0682647,0.0148169,0.0230087,0.698932,0.206825,0.414019,0.482385,0,0.125,-1,300,0,7.10833,0.698932,0.414019,0.482385,0,8624.11,1,1,1,1,0.05,300,300,300,300,300,300,300,300,300,300,300,300,300,300,300
ppo_best,0,47,6,0.483705,0.0687121,-0.149179,0.943409,9169.79,439.821,29.0999,6.61877,2.32756,0.0616262,0.0117162,0.0406173,0.206349,0.173734,0.488561,0.159552,0,0.125,-1,300,0,6.61877,0.206349,0.488561,0.159552,0,8729.97,1,1,1,1,0.05,300,300,300,300,300,300,300,300,300,300,300,300,300,300,300
ppo_best,0,48,5,0.355156,0.122152,0.165691,1.0424,4044.92,174.992,12.8998,4.11259,1.79243,0.129369,0.0142667,0.0271391,0.502384,0.174531,0.375576,0.171031,0,0.125,-1,300,0,4.11259,0.502384,0.375576,0.171031,0,3869.93,1,1,1,1,0.05,300,300,300,300,300,300,300,300,300,300,300,300,300,300,300
ppo_best,0,49,5,0.496347,0.167367,-0.0810145,0.94888,6492.75,240.708,20.8401,4.85401,1.99878,0.109251,0.00990104,0.059015,0.548212,0.144186,0.523805,0.0957947,0,0.125,-1,300,0,4.85401,0.548212,0.523805,0.0957947,0,6252.04,1,1,1,1,0.05,300,300,300,300,300,300,300,300,300,300,300,300,300,300,300
ppo_best,0,50,7,0.491695,0.182699,0.147338,0.917362,9329.91,457.043,29.5762,6.76688,1.47491,0.0844151,0.0219184,0.0224477,1.15402,0.108034,0.524541,0.16893,0,0.125,-1,300,0,6.76688,1.15402,0.524541,0.16893,0,8872.87,1,1,1,1,0.05,300,300,300,300,300,300,300,300,300,300,300,300,300,300,300
ppo_best,0,51,7,0.482865,0.19379,-0.111416,1.01669,4924.15,203.71,15.7348,4.4753,0.257633,0.16483,0.0311272,0.0066824,0.382763,0.142859,0.520301,0.112659,0,0.125,-1,300,0,4.4753,0.382763,0.520301,0.112659,0,4720.44,1,1,1,1,0.05,300,300,300,300,300,300,300,300,300,300,300,300,300,300,300
ppo_best,0,52,6,0.408942,0.155562,-0.240589,1.02755,6208.26,310.567,19.659,5.54249,1.88615,0.0554305,0.0160003,0.03196,0.487135,0.113106,0.437531,0.242161,0,0.125,-1,300,0,5.54249,0.487135,0.437531,0.242161,0,5897.7,1,1,1,1,0.05,300,300,300,300,300,300,300,300,300,300,300,300,300,300,300
ppo_best,0,53,1,0.502556,0.0746694,0.282294,1.00661,11615.1,504.119,37.0366,7.07217,2.83666,0.0318743,0.00818866,0.0366824,0.812484,0.266259,0.508073,0.282371,0,0.125,-1,300,0,7.07217,0.812484,0.508073,0.282371,0,11111,1,1,1,1,0.05,300,300,300,300,300,300,300,300,300,300,300,300,300,300,300
ppo_best,0,54,7,0.347073,0.141489,-0.493211,1.09375,6769.39,203.033,21.8879,4.48593,2.36209,0.0733461,0.0254554,0.0201463,0.111059,0.0638903,0.374805,0.502041,0,0.125,-1,300,0,4.48593,0.111059,0.374805,0.502041,0,6566.36,1,1,1,1,0.05,300,300,300,300,300,300,300,300,300,300,300,300,300,300,300
ppo_best,0,55,6,0.39037,0.153162,0.322263,0.912677,7899.3,510.331,24.6299,7.10656,1.74471,0.0484028,0.0236278,0.0492318,0.26592,0.237019,0.419341,0.333884,0,0.125,-1,300,0,7.10656,0.26592,0.419341,0.333884,0,7388.97,1,1,1,1,0.05,300,300,300,300,300,300,300,300,300,300,300,300,300,300,300
ppo_best,0,56,5,0.479214,0.0784673,0.210173,1.09239,9175.92,512.177,28.8791,7.1689,2.63707,0.155756,0.0127789,0.022666,0.993334,0.196228,0.485596,0.229583,0,0.125,-1,300,0,7.1689,0.993334,0.485596,0.229583,0,8663.74,1,1,1,1,0.05,300,300,300,300,300,300,300,300,300,300,300,300,300,300,300
ppo_best,0,57,1,0.115277,0.123797,-0.260152,0.916013,7380.5,491.783,22.9624,6.99586,1.42237,0.0458394,0.0193228,0.00336381,0.784286,0.0272911,0.169158,0.273373,0,0.125,-1,300,0,6.99586,0.784286,0.169158,0.273373,0,6888.72,1,1,1,1,0.05,300,300,300,300,300,300,300,300,300,300,300,300,300,300,300
ppo_best,0,58,5,0.460491,0.183327,-0.43489,1.07897,5943.23,366.655,18.5886,6.04364,1.12393,0.0538664,0.012423,0.0281681,0.453636,0.213851,0.495641,0.442002,0,0.125,-1,300,0,6.04364,0.453636,0.495641,0.442002,0,5576.58,1,1,1,1,0.05,300,300,300,300,300,300,300,300,300,300,300,300,300,300,300
ppo_best,0,59,3,0.28269,0.0199479,-0.214944,1.07343,4270.2,279.873,13.3011,5.25528,0.358034,0.137752,0.0298549,0.0284217,0.654203,0.394902,0.283393,0.227139,0,0.125,-1,300,0,5.25528,0.654203,0.283393,0.227139,0,3990.32,1,1,1,1,0.05,300,300,300,300,300,300,300,300,300,300,300,300,300,300,300
ppo_best,0,60,0,0.404507,0.181345,-0.462475,0.970915,7255.39,329.915,23.0849,5.72727,2.75877,0.108176,0.00722536,0.0617963,0.560113,0.124807,0.443296,0.463389,1,0.125,0,300,0,5.72727,0.560113,0.443296,0.463389,1,6925.47,1,1,1,1,0.05,300,300,300,300,300,300,300,300,300,300,300,300,300,300,300
ppo_best,0,61,5,0.293084,0.1655,0.198789,0.913959,11721.7,794.109,36.4254,8.90144,1.08905,0.074996,0.0221861,0.0381487,1.32313,0.078381,0.336584,0.21661,0,0.125,-1,300,0,8.90144,1.32313,0.336584,0.21661,0,10927.6,1,1,1,1,0.05,300,300,300,300,300,300,300,300,300,300,300,300,300,300,300
ppo_best,0,62,1,0.487211,0.167735,0.100788,1.05422,7907.5,396.977,25.0351,6.30449,1.03943,0.06411,0.00978782,0.0312333,0.282941,0.295554,0.515276,0.114447,0,0.125,-1,300,0,6.30449,0.282941,0.515276,0.114447,0,7510.52,1,1,1,1,0.05,300,300,300,300,300,300,300,300,300,300,300,300,300,300,300
ppo_best,0,63,3,0.258255,0.0710104,0.0145037,0.977974,12464.8,387.092,40.2591,6.19368,2.45012,0.0951232,0.0126687,0.0591323,0.200361,0.413532,0.26784,0.0263724,0,0.125,-1,300,0,6.19368,0.200361,0.26784,0.0263724,0,12077.7,1,1,1,1,0.05,300,300,300,300,300,300,300,300,300,300,300,300,300,300,300
ppo_best,0,64,4,0.306573,0.155347,-0.181309,1.06503,10081.5,498.321,31.944,7.0296,3.87943,0.133579,0.0192006,0.0332535,0.495559,0.0904189,0.343686,0.19262,0,0.125,-1,300,0,7.0296,0.495559,0.343686,0.19262,0,9583.21,1,1,1,1,0.05,300,300,300,300,300,300,300,300,300,300,300,300,300,300,300
ppo_best,0,65,4,0.433489,0.00318217,-0.45113,1.05977,10562.3,715.141,32.824,8.45026,2.38169,0.116646,0.0184709,0.0156268,0.395538,0.129223,0.4335,0.455072,0,0.125,-1,300,0,8.45026,0.395538,0.4335,0.455072,0,9847.21,1,1,1,1,0.05,300,300,300,300,300,300,300,300,300,300,300,300,300,300,300
ppo_best,0,66,0,0.471737,0.105678,-0.0505208,0.959978,9255.38,566.141,28.9641,7.50241,2.32707,0.0946574,0.00945709,0.0410437,0.638368,0.1522,0.483429,0.0644526,1,0.125,0,300,0,7.50241,0.638368,0.483429,0.0644526,1,8689.23,1,1,1,1,0.05,300,300,300,300,300,300,300,300,300,300,300,300,300,300,300
ppo_best,0,67,7,0.362885,0.12742,0.399333,1.05352,5498.54,377.882,17.0689,6.13338,1.05847,0.0848945,0.0193101,0.0265296,0.509324,0.299971,0.384606,0.402904,0,0.125,-1,300,0,6.13338,0.509324,0.384606,0.402904,0,5120.66,1,1,1,1,0.05,300,300,300,300,300,300,300,300,300,300,300,300,300,300,300
ppo_best,0,68,1,0.34651,0.0428209,0.0853858,0.963042,10021.9,317.7,32.3472,5.68409,0.964388,0.107899,0.0275035,0.0422864,0.264718,0.398683,0.349145,0.0930409,0,0.125,-1,300,0,5.68409,0.264718,0.349145,0.0930409,0,9704.17,1,1,1,1,0.05,300,300,300,300,300,300,300,300,300,300,300,300,300,300,300
ppo_best,0,69,0,0.298852,0.142803,0.306924,1.00311,4662.22,343.482,14.3958,5.83113,0.951216,0.0519933,0.0206446,0.0141427,0.309319,0.0995407,0.331218,0.30694,1,0.125,0,300,0,5.83113,0.309319,0.331218,0.30694,1,4318.74,1,1,1,1,0.05,300,300,300,300,300,300,300,300,300,300,300,300,300,300,300
ppo_best,0,70,6,0.419506,0.0173453,-0.485484,0.906796,15597.9,1141.53,48.1879,10.6468,3.99266,0.0127622,0.0201745,0.0449999,1.11958,0.461814,0.419864,0.49435,0,0.125,-1,300,0,10.6468,1.11958,0.419864,0.49435,0,14456.4,1,1,1,1,0.05,300,300,300,300,300,300,300,300,300,300,300,300,300,300,300
ppo_best,0,71,5,0.494104,0.0746148,0.312638,1.09186,11062.7,704.869,34.5261,8.38812,3.8505,0.102464,0.00657293,0.0394054,1.35545,0.297976,0.499706,0.325854,0,0.125,-1,300,0,8.38812,1.35545,0.499706,0.325854,0,10357.8,1,1,1,1,0.05,300,300,300,300,300,300,300,300,300,300,300,300,300,300,300
ppo_best,0,72,1,0.479733,0.1762,-0.201506,0.965405,3994.17,133.695,12.8683,3.62792,0.854131,0.0993426,0.0136113,0.0215362,0.0749331,0.181685,0.511068,0.204454,0,0.125,-1,300,0,3.62792,0.0749331,0.511068,0.204454,0,3860.48,1,1,1,1,0.05,300,300,300,300,300,300,300,300,300,300,300,300,300,300,300
ppo_best,0,73,6,0.312145,0.0753175,0.139123,1.0542,5385.78,316.363,16.8981,5.62134,0.937326,0.0914584,0.0147792,0.0457791,0.587498,0.310359,0.321103,0.149307,0,0.125,-1,300,0,5.62134,0.587498,0.321103,0.149307,0,5069.42,1,1,1,1,0.05,300,300,300,300,300,300,300,300,300,300,300,300,300,300,300
ppo_best,0,74,4,0.531365,0.19379,-0.217745,1.00776,8501.94,465.756,26.7873,6.80267,0.272193,0.11352,0.0103259,0.0431473,0.176242,0.0886507,0.5656,0.217884,0,0.125,-1,300,0,6.80267,0.176242,0.5656,0.217884,0,8036.18,1,1,1,1,0.05,300,300,300,300,300,300,300,300,300,300,300,300,300,300,300
ppo_best,0,75,6,0.350999,0.0588444,0.179428,1.09152,10166.2,285.694,32.9349,5.35921,1.70815,0.179405,0.0261338,0.0404089,0.786872,0.10531,0.355898,0.201422,0,0.125,-1,300,0,5.35921,0.786872,0.355898,0.201422,0,9880.47,1,1,1,1,0.05,300,300,300,300,300,300,300,300,300,300,300,300,300,300,300
ppo_best,0,76,6,0.475728,0.0797803,-0.285196,0.921035,5114.66,223.188,16.3049,4.67653,2.25568,0.061024,0.0148742,0.0541579,0.816197,0.431342,0.482371,0.295926,0,0.125,-1,300,0,4.67653,0.816197,0.482371,0.295926,0,4891.47,1,1,1,1,0.05,300,300,300,300,300,300,300,300,300,300,300,300,300,300,300
ppo_best,0,77,7,0.394629,0.0273094,0.181595,0.980123,5172.53,279.378,16.3105,5.26362,0.478218,0.0348123,0.016239,0.0381516,0.718134,0.264789,0.395573,0.182679,0,0.125,-1,300,0,5.26362,0.718134,0.395573,0.182679,0,4893.15,1,1,1,1,0.05,300,300,300,300,300,300,300,300,300,300,300,300,300,300,300
ppo_best,0,78,5,0.500095,0.144042,-0.271307,1.05626,8161.89,403.969,25.8597,6.31219,1.7259,0.103998,0.0244053,0.0206416,0.581007,0.233892,0.520426,0.277079,0,0.125,-1,300,0,6.31219,0.581007,0.520426,0.277079,0,7757.92,1,1,1,1,0.05,300,300,300,300,300,300,300,300,300,300,300,300,300,300,300
ppo_best,0,79,5,0.181629,0.134577,-0.337693,1.08336,10664.2,409.167,34.1834,6.39266,3.15608,0.0964957,0.0221127,0.0295944,0.370515,0.224384,0.226053,0.34783,0,0.125,-1,300,0,6.39266,0.370515,0.226053,0.34783,0,10255,1,1,1,1,0.05,300,300,300,300,300,300,300,300,300,300,300,300,300,300,300
ppo_best,0,80,0,0.305267,0.0536277,-0.216461,0.900734,9820.78,868.063,29.8424,9.26172,0.793046,0.0683895,0.0137541,0.0309228,1.21063,0.456121,0.309942,0.238136,1,0.125,0,300,0,9.26172,1.21063,0.309942,0.238136,1,8952.71,1,1,1,1,0.05,300,300,300,300,300,300,300,300,300,300,300,300,300,300,300
ppo_best,0,81,1,0.25199,0.0911183,0.0151876,1.06231,7012.24,349.09,22.2105,5.90844,3.06032,0.00870885,0.0367199,0.0348356,0.507964,0.0989063,0.267958,0.0641319,0,0.125,-1,300,0,5.90844,0.507964,0.267958,0.0641319,0,6663.15,1,1,1,1,0.05,300,300,300,300,300,300,300,300,300,300,300,300,300,300,300
ppo_best,0,82,1,0.447172,0.036951,-0.399754,0.916545,8380.63,378.016,26.6754,6.11367,1.72074,0.101028,0.00352895,0.031988,0.992986,0.462288,0.448696,0.408372,0,0.125,-1,300,0,6.11367,0.992986,0.448696,0.408372,0,8002.61,1,1,1,1,0.05,300,300,300,300,300,300,300,300,300,300,300,300,300,300,300
ppo_best,0,83,4,0.536134,0.16885,0.308121,0.950575,11417.7,715.993,35.6725,8.43226,2.60474,0.0600951,0.0135647,0.049677,0.705904,0.194766,0.562095,0.31206,0,0.125,-1,300,0,8.43226,0.705904,0.562095,0.31206,0,10701.7,1,1,1,1,0.05,300,300,300,300,300,300,300,300,300,300,300,300,300,300,300
ppo_best,0,84,6,0.416504,0.07556,0.0698498,0.947326,13404.2,624.994,42.5973,7.88664,3.434,0.0548421,0.020383,0.0235718,0.490608,0.583625,0.423303,0.0874844,0,0.125,-1,300,0,7.88664,0.490608,0.423303,0.0874844,0,12779.2,1,1,1,1,0.05,300,300,300,300,300,300,300,300,300,300,300,300,300,300,300
ppo_best,0,85,0,0.442897,0.139475,-0.0697981,1.00951,7351.65,235.573,23.7202,4.82608,2.43433,0.0475144,0.0323491,0.0111552,0.283383,0.136686,0.46434,0.0704429,1,0.125,0,300,0,4.82608,0.283383,0.46434,0.0704429,1,7116.08,1,1,1,1,0.05,300,300,300,300,300,300,300,300,300,300,300,300,300,300,300
ppo_best,0,86,4,0.383459,0.0360704,0.0806735,1.01335,6564.21,430.204,20.4467,6.50098,1.17734,0.0408137,0.010948,0.0112914,0.204254,0.313956,0.385152,0.081771,0,0.125,-1,300,0,6.50098,0.204254,0.385152,0.081771,0,6134,1,1,1,1,0.05,300,300,300,300,300,300,300,300,300,300,300,300,300,300,300
ppo_best,0,87,7,0.432045,0.161286,-0.025977,0.983215,7679.92,422.196,24.1924,6.503,1.08156,0.0294772,0.0141058,0.0130995,0.612073,0.185858,0.461169,0.0309279,0,0.125,-1,300,0,6.503,0.612073,0.461169,0.0309279,0,7257.72,1,1,1,1,0.05,300,300,300,300,300,300,300,300,300,300,300,300,300,300,300
ppo_best,0,88,1,0.510933,0.178163,0.10097,1.02629,8013.49,453.023,25.2016,6.71909,2.38713,0.0881966,0.00969685,0.0413508,0.402313,0.231167,0.541105,0.104337,0,0.125,-1,300,0,6.71909,0.402313,0.541105,0.104337,0,7560.47,1,1,1,1,0.05,300,300,300,300,300,300,300,300,300,300,300,300,300,300,300
ppo_best,0,89,2,0.35837,0.110804,-0.126733,0.98471,5468.33,362.587,17.0191,5.99742,0.581504,0.0899928,0.0237676,0.0393498,0.45872,0.231959,0.375109,0.127652,0,0.125,-1,300,0,5.99742,0.45872,0.375109,0.127652,0,5105.74,1,1,1,1,0.05,300,300,300,300,300,300,300,300,300,300,300,300,300,300,300
ppo_best,0,90,2,0.362174,0.0225001,0.0676554,1.00716,9973.74,656.648,31.057,8.07906,2.03089,0.0787797,0.0136619,0.0301857,1.1387,0.610921,0.362872,0.0680332,0,0.125,-1,300,0,8.07906,1.1387,0.362872,0.0680332,0,9317.09,1,1,1,1,0.05,300,300,300,300,300,300,300,300,300,300,300,300,300,300,300
ppo_best,0,91,3,0.419491,0.0700563,0.448763,1.00647,3341.82,117.763,10.7469,3.41541,0.715245,0.0966011,0.0228278,0.0373009,0.855212,0.17482,0.4253,0.44881,0,0.125,-1,300,0,3.41541,0.855212,0.4253,0.44881,0,3224.06,1,1,1,1,0.05,300,300,300,300,300,300,300,300,300,300,300,300,300,300,300
ppo_best,0,92,5,0.38077,0.167009,0.436292,1.03081,13827,978.536,42.8281,9.84159,2.10336,0.0614075,0.0305866,0.0828604,0.707667,0.191602,0.415786,0.437379,0,0.125,-1,300,0,9.84159,0.707667,0.415786,0.437379,0,12848.4,1,1,1,1,0.05,300,300,300,300,300,300,300,300,300,300,300,300,300,300,300
ppo_best,0,93,4,0.246562,0.0728679,-0.309784,1.07934,8417.04,533.438,26.2787,7.31412,1.52291,0.0811609,0.0124695,0.0266225,0.314402,0.376074,0.257104,0.319783,0,0.125,-1,300,0,7.31412,0.314402,0.257104,0.319783,0,7883.6,1,1,1,1,0.05,300,300,300,300,300,300,300,300,300,300,300,300,300,300,300
ppo_best,0,94,4,0.198938,0.137967,0.354441,0.917787,7867.02,651.477,24.0518,8.03978,3.31043,0.0746204,0.014432,0.0310831,0.974837,0.279948,0.242097,0.363851,0,0.125,-1,300,0,8.03978,0.974837,0.242097,0.363851,0,7215.55,1,1,1,1,0.05,300,300,300,300,300,300,300,300,300,300,300,300,300,300,300
ppo_best,0,95,7,0.0603676,0.185174,0.0854224,0.929905,12097.2,732.937,37.8809,8.49605,3.03984,0.0865774,0.0190942,0.0527826,0.63796,0.127953,0.194765,0.1105,0,0.125,-1,300,0,8.49605,0.63796,0.194765,0.1105,0,11364.3,1,1,1,1,0.05,300,300,300,300,300,300,300,300,300,300,300,300,300,300,300
ppo_best,0,96,4,0.398263,0.19875,0.494497,1.04494,8135.72,479.624,25.5203,6.94794,1.46826,0.0847781,0.0180079,0.0561692,1.14499,0.147783,0.445101,0.496535,0,0.125,-1,300,0,6.94794,1.14499,0.445101,0.496535,0,7656.09,1,1,1,1,0.05,300,300,300,300,300,300,300,300,300,300,300,300,300,300,300
ppo_best,0,97,5,0.432392,0.166741,0.0690376,0.917142,4682.96,312.194,14.5692,5.55179,1.27389,0.115331,0.0092468,0.0224877,0.529991,0.257002,0.463428,0.10785,0,0.125,-1,300,0,5.55179,0.529991,0.463428,0.10785,0,4370.76,1,1,1,1,0.05,300,300,300,300,300,300,300,300,300,300,300,300,300,300,300
ppo_best,0,98,5,0.454787,0.063934,-0.0420609,1.0181,5836.01,138.625,18.9913,3.70497,2.78391,0.141629,0.014754,0.0353603,0.311515,0.114693,0.459259,0.0457895,0,0.125,-1,300,0,3.70497,0.311515,0.459259,0.0457895,0,5697.39,1,1,1,1,0.05,300,300,300,300,300,300,300,300,300,300,300,300,300,300,300
ppo_best,0,99,6,0.600935,0.0962008,0.233901,0.936715,9282.81,590.013,28.976,7.63226,1.83887,0.0595554,0.0123327,0.0426903,0.76227,0.270185,0.608586,0.242311,0,0.125,-1,300,0,7.63226,0.76227,0.608586,0.242311,0,8692.79,1,1,1,1,0.05,300,300,300,300,300,300,300,300,300,300,300,300,300,300,300
ppo_best,0,100,4,0.530394,0.0903143,0.0514029,0.967287,9661.82,535.854,30.4199,7.29331,0.991093,0.0427784,0.0262308,0.012868,0.438858,0.219797,0.538028,0.0609292,0,0.125,-1,300,0,7.29331,0.438858,0.538028,0.0609292,0,9125.96,1,1,1,1,0.05,300,300,300,300,300,300,300,300,300,300,300,300,300,300,300
ppo_best,0,101,2,0.320529,0.164775,0.234506,1.03279,11446.9,649.17,35.9923,8.00492,2.03499,0.040439,0.0146064,0.0580424,0.584022,0.125847,0.360402,0.236786,0,0.125,-1,300,0,8.00492,0.584022,0.360402,0.236786,0,10797.7,1,1,1,1,0.05,300,300,300,300,300,300,300,300,300,300,300,300,300,300,300
ppo_best,0,102,6,0.540161,0.155586,-0.120244,1.06337,7125.69,254.499,22.904,5.05649,2.44623,0.0854435,0.011323,0.0275112,0.405037,0.198389,0.562122,0.13592,0,0.125,-1,300,0,5.05649,0.405037,0.562122,0.13592,0,6871.19,1,1,1,1,0.05,300,300,300,300,300,300,300,300,300,300,300,300,300,300,300
ppo_best,0,103,2,0.457232,0.175764,0.263747,1.09026,5261.75,274.284,16.6249,5.23487,0.791146,0.0770921,0.0218259,0.0223322,1.3154,0.205697,0.489851,0.278764,0,0.125,-1,300,0,5.23487,1.3154,0.489851,0.278764,0,4987.46,1,1,1,1,0.05,300,300,300,300,300,300,300,300,300,300,300,300,300,300,300
ppo_best,0,104,7,0.313448,0.115665,0.328273,0.950521,7842.74,353.405,24.9644,5.92334,2.00461,0.0526039,0.0117147,0.0321181,0.447449,0.241353,0.334108,0.331981,0,0.125,-1,300,0,5.92334,0.447449,0.334108,0.331981,0,7489.33,1,1,1,1,0.05,300,300,300,300,300,300,300,300,300,300,300,300,300,300,300
ppo_best,0,105,0,0.544314,0.133144,-0.130149,0.987984,8780.48,491.279,27.6307,7.00925,1.54847,0.0395007,0.0151228,0.039167,0.632239,0.205792,0.560362,0.130702,1,0.125,0,300,0,7.00925,0.632239,0.560362,0.130702,1,8289.2,1,1,1,1,0.05,300,300,300,300,300,300,300,300,300,300,300,300,300,300,300
ppo_best,0,106,6,0.429342,0.0960314,-0.340866,0.98806,11923,502.748,38.0676,7.06394,3.3112,0.112121,0.0156861,0.0516191,0.606442,0.276894,0.43995,0.341075,0,0.125,-1,300,0,7.06394,0.606442,0.43995,0.341075,0,11420.3,1,1,1,1,0.05,300,300,300,300,300,300,300,300,300,300,300,300,300,300,300
ppo_best,0,107,1,0.450231,0.0595768,0.321664,0.903738,12184.4,584.247,38.6671,7.66022,2.45384,0.0704878,0.0121108,0.0332093,0.600185,0.208373,0.454156,0.335759,0,0.125,-1,300,0,7.66022,0.600185,0.454156,0.335759,0,11600.1,1,1,1,1,0.05,300,300,300,300,300,300,300,300,300,300,300,300,300,300,300
ppo_best,0,108,0,0.443478,0.00231678,-0.29981,0.908354,8007.86,422.064,25.286,6.49867,1.95077,0.0879393,0.0311323,0.0303445,1.03962,0.0994738,0.443484,0.313505,1,0.125,0,300,0,6.49867,1.03962,0.443484,0.313505,1,7585.8,1,1,1,1,0.05,300,300,300,300,300,300,300,300,300,300,300,300,300,300,300
ppo_best,0,109,1,0.380998,0.19132,-0.35866,1.09357,7150.54,329.301,22.7375,5.71506,1.18018,0.109619,0.0066066,0.0401985,0.439584,0.203115,0.426337,0.370665,0,0.125,-1,300,0,5.71506,0.439584,0.426337,0.370665,0,6821.24,1,1,1,1,0.05,300,300,300,300,300,300,300,300,300,300,300,300,300,300,300
ppo_best,0,110,2,0.435811,0.047146,0.0274593,1.07568,4549.01,222.716,14.421,4.73291,1.26817,0.120033,0.00538033,0.0193323,0.638052,0.493282,0.438354,0.0805044,0,0.125,-1,300,0,4.73291,0.638052,0.438354,0.0805044,0,4326.29,1,1,1,1,0.05,300,300,300,300,300,300,300,300,300,300,300,300,300,300,300
ppo_best,0,111,4,0.430108,0.189412,0.335902,0.94796,5871.79,464.872,18.0231,6.79617,1.24477,0.164973,0.0269047,0.0442735,0.313229,0.261681,0.469968,0.339909,0,0.125,-1,300,0,6.79617,0.313229,0.469968,0.339909,0,5406.92,1,1,1,1,0.05,300,300,300,300,300,300,300,300,300,300,300,300,300,300,300
ppo_best,0,112,6,0.452412,0.100499,-0.445893,1.06477,9140.41,487.666,28.8425,6.97772,1.58547,0.116256,0.0206737,0.0179247,0.516847,0.118266,0.46344,0.450572,0,0.125,-1,300,0,6.97772,0.516847,0.46344,0.450572,0,8652.74,1,1,1,1,0.05,300,300,300,300,300,300,300,300,300,300,300,300,300,300,300
ppo_best,0,113,3,0.465147,0.0102467,0.0802397,1.03582,11450,669.683,35.9343,8.25141,1.80778,0.0803778,0.0122289,0.0197033,0.521923,0.567265,0.46526,0.0878731,0,0.125,-1,300,0,8.25141,0.521923,0.46526,0.0878731,0,10780.3,1,1,1,1,0.05,300,300,300,300,300,300,300,300,300,300,300,300,300,300,300
ppo_best,0,114,2,0.261734,0.02644,0.311237,1.06736,7087.62,474.339,22.0443,6.81113,2.2011,0.0972445,0.0191656,0.0480787,1.01404,0.540583,0.263066,0.318443,0,0.125,-1,300,0,6.81113,1.01404,0.263066,0.318443,0,6613.28,1,1,1,1,0.05,300,300,300,300,300,300,300,300,300,300,300,300,300,300,300
ppo_best,0,115,2,0.362424,0.156139,0.113804,1.09538,3449.02,173.467,10.9185,4.14328,1.56053,0.135754,0.0454596,0.0338346,0.581241,0.160258,0.394627,0.148491,0,0.125,-1,300,0,4.14328,0.581241,0.394627,0.148491,0,3275.56,1,1,1,1,0.05,300,300,300,300,300,300,300,300,300,300,300,300,300,300,300
ppo_best,0,116,5,0.280444,0.199126,-0.0593765,1.03058,6818.95,189.416,22.0985,4.34342,2.11836,0.079643,0.0179577,0.0323528,0.461209,0.105426,0.343948,0.0667883,0,0.125,-1,300,0,4.34342,0.461209,0.343948,0.0667883,0,6629.54,1,1,1,1,0.05,300,300,300,300,300,300,300,300,300,300,300,300,300,300,300
ppo_best,0,117,2,0.545044,0.10804,0.18683,1.06443,8177.43,436.294,25.8038,6.59121,1.19003,0.0251537,0.0137629,0.047979,1.17942,0.288916,0.555649,0.197628,0,0.125,-1,300,0,6.59121,1.17942,0.555649,0.197628,0,7741.14,1,1,1,1,0.05,300,300,300,300,300,300,300,300,300,300,300,300,300,300,300
ppo_best,0,118,5,0.57331,0.115862,0.346437,0.956545,3896.72,194.75,12.3399,4.41249,0.847723,0.0801269,0.0111507,0.0252667,0.290625,0.142186,0.5849,0.349152,0,0.125,-1,300,0,4.41249,0.290625,0.5849,0.349152,0,3701.97,1,1,1,1,0.05,300,300,300,300,300,300,300,300,300,300,300,300,300,300,300
ppo_best,0,119,7,0.550234,0.103428,0.0171392,1.05096,6102.48,116.809,19.9522,3.45068,0.221792,0.090013,0.0313192,0.0291203,0.268552,0.106585,0.55987,0.0537663,0,0.125,-1,300,0,3.45068,0.268552,0.55987,0.0537663,0,5985.67,1,1,1,1,0.05,300,300,300,300,300,300,300,300,300,300,300,300,300,300,300
ppo_best,0,120,1,0.491051,0.103772,0.326167,1.08083,8257.64,466.798,25.9695,6.83609,2.29281,0.10359,0.0151681,0.0170698,0.723992,0.343946,0.501896,0.336034,0,0.125,-1,300,0,6.83609,0.723992,0.501896,0.336034,0,7790.84,1,1,1,1,0.05,300,300,300,300,300,300,300,300,300,300,300,300,300,300,300
ppo_best,0,121,3,0.155,0.0864594,0.447545,1.01489,8367.05,544.139,26.0764,7.3352,2.73391,0.105213,0.00846932,0.0279233,0.884209,0.397046,0.177483,0.447793,0,0.125,-1,300,0,7.3352,0.884209,0.177483,0.447793,0,7822.91,1,1,1,1,0.05,300,300,300,300,300,300,300,300,300,300,300,300,300,300,300
ppo_best,0,122,1,0.258256,0.159277,-0.0531408,0.923701,7748.77,350.828,24.6598,5.94146,0.593673,0.097443,0.011466,0.0359955,0.324376,0.329372,0.303423,0.0929808,0,0.125,-1,300,0,5.94146,0.324376,0.303423,0.0929808,0,7397.94,1,1,1,1,0.05,300,300,300,300,300,300,300,300,300,300,300,300,300,300,300
ppo_best,0,123,4,0.358232,0.113332,0.303441,0.979209,10004.5,642.878,31.2056,8.00307,0.436292,0.0426454,0.00748259,0.0382356,0.167615,0.325524,0.375732,0.304152,0,0.125,-1,300,0,8.00307,0.167615,0.375732,0.304152,0,9361.66,1,1,1,1,0.05,300,300,300,300,300,300,300,300,300,300,300,300,300,300,300
ppo_best,0,124,4,0.333948,0.131044,0.368322,0.93624,8522.46,420.745,27.0057,6.4937,1.3466,0.029035,0.00591355,0.0272572,0.555878,0.16822,0.35874,0.373801,0,0.125,-1,300,0,6.4937,0.555878,0.35874,0.373801,0,8101.72,1,1,1,1,0.05,300,300,300,300,300,300,300,300,300,300,300,300,300,300,300
ppo_best,0,125,4,0.476448,0.0674466,-0.0184329,0.911413,7466.18,324.273,23.8063,5.73944,2.33632,0.0577112,0.0120435,0.0360925,0.899676,0.479579,0.481198,0.090484,0,0.125,-1,300,0,5.73944,0.899676,0.481198,0.090484,0,7141.9,1,1,1,1,0.05,300,300,300,300,300,300,300,300,300,300,300,300,300,300,300
ppo_best,0,126,5,0.544885,0.0538348,-0.453117,0.900705,9423.94,891.434,28.4417,9.40341,1.61222,0.0941103,0.00811569,0.0371306,1.22846,0.319048,0.547538,0.463869,0,0.125,-1,300,0,9.40341,1.22846,0.547538,0.463869,0,8532.5,1,1,1,1,0.05,300,300,300,300,300,300,300,300,300,300,300,300,300,300,300
ppo_best,0,127,4,0.130716,0.0832669,0.266412,0.990079,4603.49,115.219,14.9609,3.40115,1.71458,0.130123,0.00764509,0.046402,0.616071,0.275161,0.154984,0.266597,0,0.125,-1,300,0,3.40115,0.616071,0.154984,0.266597,0,4488.27,1,1,1,1,0.05,300,300,300,300,300,300,300,300,300,300,300,300,300,300,300
ppo_best,0,128,0,0.196907,0.00989924,0.0694762,1.09213,9149.6,394.404,29.184,6.23415,0.438289,0.120544,0.0216967,0.0425961,0.934459,1.04424,0.197155,0.115387,1,0.125,0,300,0,6.23415,0.934459,0.197155,0.115387,1,8755.2,1,1,1,1,0.05,300,300,300,300,300,300,300,300,300,300,300,300,300,300,300
ppo_best,0,129,3,0.352,0.0659599,-0.0928208,0.960242,20105.8,959.236,63.8219,9.8076,3.05162,0.0736647,0.0123424,0.0540666,1.21963,0.257197,0.358127,0.100977,0,0.125,-1,300,0,9.8076,1.21963,0.358127,0.100977,0,19146.6,1,1,1,1,0.05,300,300,300,300,300,300,300,300,300,300,300,300,300,300,300
ppo_best,0,130,4,0.428024,0.0968585,0.199551,0.982909,7549.63,420.493,23.7638,6.46327,1.51342,0.0893704,0.0111639,0.0241881,0.52677,0.176702,0.438846,0.200282,0,0.125,-1,300,0,6.46327,0.52677,0.438846,0.200282,0,7129.14,1,1,1,1,0.05,300,300,300,300,300,300,300,300,300,300,300,300,300,300,300
ppo_best,0,131,3,0.0862009,0.0750974,-0.227658,0.916202,15355.2,1172.67,47.275,10.7687,3.16007,0.148608,0.00607733,0.0193999,0.98675,0.341344,0.114325,0.242591,0,0.125,-1,300,0,10.7687,0.98675,0.114325,0.242591,0,14182.5,1,1,1,1,0.05,300,300,300,300,300,300,300,300,300,300,300,300,300,300,300
ppo_best,0,132,6,0.293609,0.109226,0.29207,0.905336,9232.33,627.141,28.684,7.886,3.60309,0.0896725,0.017484,0.0397441,0.576631,0.17105,0.313268,0.307028,0,0.125,-1,300,0,7.886,0.576631,0.313268,0.307028,0,8605.19,1,1,1,1,0.05,300,300,300,300,300,300,300,300,300,300,300,300,300,300,300
ppo_best,0,133,0,0.267546,0.182568,-0.198971,0.956263,11735.4,929.894,36.0183,9.602,3.03918,0.087898,0.0262392,0.0123302,0.931649,0.210326,0.323901,0.203721,1,0.125,0,300,0,9.602,0.931649,0.323901,0.203721,1,10805.5,1,1,1,1,0.05,300,300,300,300,300,300,300,300,300,300,300,300,300,300,300
ppo_best,0,134,3,0.281339,0.0660532,0.301246,1.00076,3988.5,306.428,12.2736,5.48541,1.58919,0.0674305,0.0139691,0.0162861,0.0601127,0.197253,0.288989,0.301247,0,0.125,-1,300,0,5.48541,0.0601127,0.288989,0.301247,0,3682.07,1,1,1,1,0.05,300,300,300,300,300,300,300,300,300,300,300,300,300,300,300
ppo_best,0,135,0,0.419097,0.119557,-0.374751,1.06635,6095.45,428.948,18.8883,6.51845,1.07049,0.0189582,0.0120211,0.0409769,0.91726,0.361988,0.435816,0.380579,1,0.125,0,300,0,6.51845,0.91726,0.435816,0.380579,1,5666.5,1,1,1,1,0.05,300,300,300,300,300,300,300,300,300,300,300,300,300,300,300
ppo_best,0,136,1,0.524284,0.0252642,-0.0594884,0.945971,9803.51,592.607,30.703,7.65485,2.19198,0.143999,0.00587139,0.0196783,1.02775,0.741798,0.524892,0.0803618,0,0.125,-1,300,0,7.65485,1.02775,0.524892,0.0803618,0,9210.91,1,1,1,1,0.05,300,300,300,300,300,300,300,300,300,300,300,300,300,300,300
ppo_best,0,137,4,0.389664,0.144146,-0.152223,0.989811,9637.21,483.036,30.5139,6.95076,1.43064,0.0541393,0.0213796,0.0217396,1.06414,0.118271,0.415471,0.152563,0,0.125,-1,300,0,6.95076,1.06414,0.415471,0.152563,0,9154.18,1,1,1,1,0.05,300,300,300,300,300,300,300,300,300,300,300,300,300,300,300
ppo_best,0,138,5,0.427948,0.161493,-0.180874,1.04292,5411,221.323,17.2989,4.71813,0.287678,0.103876,0.0368011,0.0250321,0.302341,0.109745,0.457405,0.185896,0,0.125,-1,300,0,4.71813,0.302341,0.457405,0.185896,0,5189.68,1,1,1,1,0.05,300,300,300,300,300,300,300,300,300,300,300,300,300,300,300
ppo_best,0,139,3,0.213317,0.115767,-0.49004,1.09406,4700.58,152.605,15.1599,3.88442,1.47476,0.0644125,0.02934,0.0254811,0.547544,0.26807,0.242705,0.498986,0,0.125,-1,300,0,3.88442,0.547544,0.242705,0.498986,0,4547.97,1,1,1,1,0.05,300,300,300,300,300,300,300,300,300,300,300,300,300,300,300
ppo_best,0,140,4,0.551431,0.184689,0.463273,1.08564,4559,215.27,14.4791,4.60206,1.48999,0.0240938,0.0188517,0.0418124,0.93755,0.157704,0.581538,0.471122,0,0.125,-1,300,0,4.60206,0.93755,0.581538,0.471122,0,4343.73,1,1,1,1,0.05,300,300,300,300,300,300,300,300,300,300,300,300,300,300,300
ppo_best,0,141,4,0.390135,0.0293785,-0.445178,0.910315,6735.37,258.683,21.5889,5.10521,1.30986,0.0732941,0.0138439,0.00752686,1.0476,0.458924,0.391239,0.454122,0,0.125,-1,300,0,5.10521,1.0476,0.391239,0.454122,0,6476.68,1,1,1,1,0.05,300,300,300,300,300,300,300,300,300,300,300,300,300,300,300
ppo_best,0,142,2,0.555856,0.146848,-0.133017,1.09243,6516.61,329.337,20.6242,5.73085,1.08816,0.114851,0.0161866,0.0221422,0.632793,0.234337,0.574927,0.161975,0,0.125,-1,300,0,5.73085,0.632793,0.574927,0.161975,0,6187.27,1,1,1,1,0.05,300,300,300,300,300,300,300,300,300,300,300,300,300,300,300
ppo_best,0,143,6,0.278675,0.149938,0.451662,1.06935,4860.63,247.732,15.3763,4.97821,0.492491,0.112574,0.0140306,0.0203042,1.45146,0.190386,0.316451,0.456955,0,0.125,-1,300,0,4.97821,1.45146,0.316451,0.456955,0,4612.9,1,1,1,1,0.05,300,300,300,300,300,300,300,300,300,300,300,300,300,300,300
ppo_best,0,144,0,0.475572,0.177201,-0.407409,0.99081,15377.1,764.167,48.7097,8.75193,3.00308,0.116246,0.027325,0.0153057,1.28644,0.034743,0.507512,0.407512,1,0.125,0,300,0,8.75193,1.28644,0.507512,0.407512,1,14612.9,1,1,1,1,0.05,300,300,300,300,300,300,300,300,300,300,300,300,300,300,300
ppo_best,0,145,6,0.566664,0.0721196,-0.416387,0.958551,8731.29,342.71,27.9619,5.82623,3.16509,0.0736883,0.0252832,0.015049,0.331509,0.216881,0.571235,0.418445,0,0.125,-1,300,0,5.82623,0.331509,0.571235,0.418445,0,8388.58,1,1,1,1,0.05,300,300,300,300,300,300,300,300,300,300,300,300,300,300,300
ppo_best,0,146,0,0.298974,0.166503,0.0602027,1.03703,10163.2,512.361,32.1693,7.13518,3.26487,0.0356746,0.0170795,0.0356066,0.67179,0.233292,0.342212,0.0706792,1,0.125,0,300,0,7.13518,0.67179,0.342212,0.0706792,1,9650.8,1,1,1,1,0.05,300,300,300,300,300,300,300,300,300,300,300,300,300,300,300
ppo_best,0,147,4,0.25293,0.0235697,0.44374,1.00884,3271.88,75.0522,10.6561,2.71564,1.26093,0.0530168,0.00892946,0.024323,0.663988,0.376341,0.254026,0.443828,0,0.125,-1,300,0,2.71564,0.663988,0.254026,0.443828,0,3196.82,1,1,1,1,0.05,300,300,300,300,300,300,300,300,300,300,300,300,300,300,300
ppo_best,0,148,5,0.219042,0.075115,-0.487367,0.976007,12650.8,920.85,39.0998,9.54321,2.10345,0.0543591,0.0230643,0.016027,0.528666,0.100165,0.231564,0.487957,0,0.125,-1,300,0,9.54321,0.528666,0.231564,0.487957,0,11729.9,1,1,1,1,0.05,300,300,300,300,300,300,300,300,300,300,300,300,300,300,300
ppo_best,0,149,7,0.49087,0.187988,-0.432723,0.907305,15022.7,1080.02,46.4756,10.3662,3.9293,0.0669936,0.0154945,0.038928,2.17627,0.215963,0.525636,0.44254,0,0.125,-1,300,0,10.3662,2.17627,0.525636,0.44254,0,13942.7,1,1,1,1,0.05,300,300,300,300,300,300,300,300,300,300,300,300,300,300,300
ppo_best,0,150,4,0.23773,0.0205528,0.0989499,1.0157,9114.16,716.061,27.9937,8.41838,0.483455,0.0721066,0.0165893,0.0276629,0.590207,0.382642,0.238617,0.100188,0,0.125,-1,300,0,8.41838,0.590207,0.238617,0.100188,0,8398.1,1,1,1,1,0.05,300,300,300,300,300,300,300,300,300,300,300,300,300,300,300
ppo_best,0,151,3,0.267625,0.116291,0.48739,1.09607,7681.58,472.885,24.029,6.82523,1.61472,0.127637,0.0182717,0.0355951,1.59269,0.124571,0.291799,0.496768,0,0.125,-1,300,0,6.82523,1.59269,0.291799,0.496768,0,7208.69,1,1,1,1,0.05,300,300,300,300,300,300,300,300,300,300,300,300,300,300,300
ppo_best,0,152,2,0.267748,0.129448,-0.363067,1.09948,6855.68,242.053,22.0454,4.88583,1.69108,0.0892967,0.013313,0.0335027,0.125759,0.296499,0.297398,0.376451,0,0.125,-1,300,0,4.88583,0.125759,0.297398,0.376451,0,6613.62,1,1,1,1,0.05,300,300,300,300,300,300,300,300,300,300,300,300,300,300,300
ppo_best,0,153,6,0.472283,0.0514235,-0.0310422,0.93934,15504.7,1388.57,47.0537,11.748,2.22477,0.0959622,0.0148084,0.0255287,0.759721,0.478854,0.475075,0.0681417,0,0.125,-1,300,0,11.748,0.759721,0.475075,0.0681417,0,14116.1,1,1,1,1,0.05,300,300,300,300,300,300,300,300,300,300,300,300,300,300,300
ppo_best,0,154,3,0.46777,0.0119983,0.0146108,0.929361,8421.85,199.999,27.4062,4.43925,1.96633,0.111219,0.00454474,0.010053,0.82046,0.986101,0.467924,0.0721337,0,0.125,-1,300,0,4.43925,0.82046,0.467924,0.0721337,0,8221.85,1,1,1,1,0.05,300,300,300,300,300,300,300,300,300,300,300,300,300,300,300
ppo_best,0,155,3,0.474659,0.0668752,-0.351708,1.09197,6100.4,302.076,19.3278,5.49049,1.66901,0.0833131,0.0142546,0.0412001,0.501582,0.0689995,0.479347,0.363534,0,0.125,-1,300,0,5.49049,0.501582,0.479347,0.363534,0,5798.33,1,1,1,1,0.05,300,300,300,300,300,300,300,300,300,300,300,300,300,300,300
ppo_best,0,156,5,0.439006,0.147897,-0.477624,1.00564,13773,666.566,43.6882,8.13458,2.94276,0.0961328,0.0198063,0.00498945,0.415374,0.289077,0.46325,0.477658,0,0.125,-1,300,0,8.13458,0.415374,0.46325,0.477658,0,13106.5,1,1,1,1,0.05,300,300,300,300,300,300,300,300,300,300,300,300,300,300,300
ppo_best,0,157,6,0.328317,0.183572,0.331077,1.04589,8301.71,489.808,26.0397,7.03249,1.15045,0.0765318,0.0162638,0.0253337,0.60051,0.278243,0.376152,0.334242,0,0.125,-1,300,0,7.03249,0.60051,0.376152,0.334242,0,7811.9,1,1,1,1,0.05,300,300,300,300,300,300,300,300,300,300,300,300,300,300,300
ppo_best,0,158,7,0.397925,0.0863057,0.0679777,1.06345,9816.92,552.259,30.8822,7.42894,1.76054,0.0556446,0.0152127,0.0316156,0.261338,0.268226,0.407177,0.0929889,0,0.125,-1,300,0,7.42894,0.261338,0.407177,0.0929889,0,9264.66,1,1,1,1,0.05,300,300,300,300,300,300,300,300,300,300,300,300,300,300,300
ppo_best,0,159,0,0.274494,0.160454,-0.424854,1.04687,9529,433.548,30.3182,6.54077,4.02429,0.0595835,0.0120467,0.0286414,0.289657,0.153762,0.317951,0.427432,1,0.125,0,300,0,6.54077,0.289657,0.317951,0.427432,1,9095.45,1,1,1,1,0.05,300,300,300,300,300,300,300,300,300,300,300,300,300,300,300
ppo_best,0,160,2,0.457623,0.137054,0.359151,1.02534,5254.61,225.836,16.7626,4.7305,2.55269,0.0235529,0.00572451,0.0252808,0.702019,0.21798,0.477706,0.360044,0,0.125,-1,300,0,4.7305,0.702019,0.477706,0.360044,0,5028.77,1,1,1,1,0.05,300,300,300,300,300,300,300,300,300,300,300,300,300,300,300
ppo_best,0,161,3,0.247617,0.0170831,0.243411,1.01299,8376.47,726.737,25.4991,8.48838,2.02387,0.0852564,0.00417223,0.0268689,0.929032,0.261202,0.248206,0.243757,0,0.125,-1,300,0,8.48838,0.929032,0.248206,0.243757,0,7649.73,1,1,1,1,0.05,300,300,300,300,300,300,300,300,300,300,300,300,300,300,300
ppo_best,0,162,3,0.481259,0.136032,-0.437384,0.953037,6057.45,342.593,19.0495,5.81596,1.7455,0.145807,0.018146,0.0125297,0.649543,0.276747,0.500115,0.439898,0,0.125,-1,300,0,5.81596,0.649543,0.500115,0.439898,0,5714.86,1,1,1,1,0.05,300,300,300,300,300,300,300,300,300,300,300,300,300,300,300
ppo_best,0,163,6,0.391819,0.0506855,-0.227726,0.959679,8239.01,394.371,26.1488,6.30851,2.52568,0.0667945,0.0138732,0.0345609,0.590893,0.210942,0.395084,0.231268,0,0.125,-1,300,0,6.30851,0.590893,0.395084,0.231268,0,7844.64,1,1,1,1,0.05,300,300,300,300,300,300,300,300,300,300,300,300,300,300,300
ppo_best,0,164,6,0.555059,0.176269,0.0321871,1.04234,6906.67,189.55,22.3904,4.3721,2.07209,0.0750261,0.0416354,0.0340038,0.365046,0.271625,0.582376,0.0531876,0,0.125,-1,300,0,4.3721,0.365046,0.582376,0.0531876,0,6717.12,1,1,1,1,0.05,300,300,300,300,300,300,300,300,300,300,300,300,300,300,300
ppo_best,0,165,2,0.476956,0.132888,0.224128,1.09079,6532.44,146.445,21.2866,3.81732,1.37254,0.081683,0.0243395,0.0354034,0.987066,0.17558,0.495123,0.241819,0,0.125,-1,300,0,3.81732,0.987066,0.495123,0.241819,0,6385.99,1,1,1,1,0.05,300,300,300,300,300,300,300,300,300,300,300,300,300,300,300
ppo_best,0,166,4,0.545898,0.167662,-0.0972729,0.940786,8220.93,385.251,26.1189,6.18205,1.73531,0.0483074,0.0127643,0.0391732,0.885945,0.0678243,0.571065,0.113879,0,0.125,-1,300,0,6.18205,0.885945,0.571065,0.113879,0,7835.68,1,1,1,1,0.05,300,300,300,300,300,300,300,300,300,300,300,300,300,300,300
ppo_best,0,167,3,0.332857,0.124713,-0.221157,1.04191,7147.89,379.011,22.5629,6.15232,1.86517,0.0502032,0.019943,0.00499555,0.567712,0.25946,0.355453,0.225093,0,0.125,-1,300,0,6.15232,0.567712,0.355453,0.225093,0,6768.88,1,1,1,1,0.05,300,300,300,300,300,300,300,300,300,300,300,300,300,300,300
ppo_best,0,168,6,0.399709,0.109512,0.408055,1.02651,9728.81,580.156,30.4955,7.55554,2.44762,0.0586312,0.018165,0.0480817,0.830736,0.242752,0.414439,0.408915,0,0.125,-1,300,0,7.55554,0.830736,0.414439,0.408915,0,9148.65,1,1,1,1,0.05,300,300,300,300,300,300,300,300,300,300,300,300,300,300,300
ppo_best,0,169,7,0.47415,0.142493,-0.3301,0.930501,6942.77,345.113,21.9922,5.85832,1.36247,0.0951551,0.0125542,0.0355963,0.574121,0.171451,0.495099,0.337337,0,0.125,-1,300,0,5.85832,0.574121,0.495099,0.337337,0,6597.66,1,1,1,1,0.05,300,300,300,300,300,300,300,300,300,300,300,300,300,300,300
ppo_best,0,170,4,0.342889,0.0111725,-0.0323786,1.04115,8596.21,516.795,26.9314,7.18793,1.95403,0.124354,0.0177459,0.023139,0.587759,0.596182,0.343071,0.0523574,0,0.125,-1,300,0,7.18793,0.587759,0.343071,0.0523574,0,8079.42,1,1,1,1,0.05,300,300,300,300,300,300,300,300,300,300,300,300,300,300,300
ppo_best,0,171,1,0.498061,0.104874,0.282135,0.903824,9686,571.739,30.3809,7.57389,1.55411,0.0487054,0.0151341,0.0224198,1.04259,0.136973,0.508983,0.298077,0,0.125,-1,300,0,7.57389,1.04259,0.508983,0.298077,0,9114.27,1,1,1,1,0.05,300,300,300,300,300,300,300,300,300,300,300,300,300,300,300
ppo_best,0,172,6,0.199344,0.154415,0.0828927,0.939536,7402.1,402.214,23.333,6.34946,1.77177,0.0882376,0.0203177,0.022719,0.307283,0.182175,0.252155,0.102602,0,0.125,-1,300,0,6.34946,0.307283,0.252155,0.102602,0,6999.89,1,1,1,1,0.05,300,300,300,300,300,300,300,300,300,300,300,300,300,300,300
ppo_best,0,173,0,0.313304,0.107235,0.0522085,0.974509,13399.3,518.412,42.9363,7.18323,3.35199,0.122842,0.0191157,0.00724515,0.636114,0.219776,0.331147,0.0580994,1,0.125,0,300,0,7.18323,0.636114,0.331147,0.0580994,1,12880.9,1,1,1,1,0.05,300,300,300,300,300,300,300,300,300,300,300,300,300,300,300
ppo_best,0,174,4,0.422075,0.0449494,0.419293,1.09679,8652.51,338.018,27.715,5.79501,0.754479,0.132914,0.0173851,0.0354082,1.57381,0.58842,0.424462,0.43032,0,0.125,-1,300,0,5.79501,1.57381,0.424462,0.43032,0,8314.49,1,1,1,1,0.05,300,300,300,300,300,300,300,300,300,300,300,300,300,300,300
ppo_best,0,175,1,0.375296,0.00847425,-0.104552,0.927229,8725.16,620.395,27.0159,7.83306,1.90665,0.105764,0.0169972,0.0609808,1.10976,0.945162,0.375391,0.127384,0,0.125,-1,300,0,7.83306,1.10976,0.375391,0.127384,0,8104.77,1,1,1,1,0.05,300,300,300,300,300,300,300,300,300,300,300,300,300,300,300
ppo_best,0,176,7,0.456261,0.0255399,-0.0558864,1.037,5940.4,291.282,18.8304,5.37521,1.31729,0.0897477,0.0144721,0.0314858,0.42074,0.5112,0.456975,0.0670252,0,0.125,-1,300,0,5.37521,0.42074,0.456975,0.0670252,0,5649.12,1,1,1,1,0.05,300,300,300,300,300,300,300,300,300,300,300,300,300,300,300
ppo_best,0,177,3,0.35681,0.192959,-0.447543,1.05992,5445.14,325.227,17.0664,5.70151,1.84098,0.103774,0.013722,0.0343878,0.54107,0.148647,0.405643,0.451536,0,0.125,-1,300,0,5.70151,0.54107,0.405643,0.451536,0,5119.91,1,1,1,1,0.05,300,300,300,300,300,300,300,300,300,300,300,300,300,300,300
ppo_best,0,178,2,0.432332,0.139265,-0.201458,0.979951,6684,209.681,21.5811,4.55607,1.59645,0.107476,0.0120386,0.0422655,0.239618,0.254296,0.454209,0.202453,0,0.125,-1,300,0,4.55607,0.239618,0.454209,0.202453,0,6474.32,1,1,1,1,0.05,300,300,300,300,300,300,300,300,300,300,300,300,300,300,300
ppo_best,0,179,2,0.546058,0.138167,-0.304414,1.08492,7407.18,449.375,23.1927,6.64304,1.15042,0.107748,0.0186234,0.0347719,0.565032,0.181213,0.563267,0.316037,0,0.125,-1,300,0,6.64304,0.565032,0.563267,0.316037,0,6957.8,1,1,1,1,0.05,300,300,300,300,300,300,300,300,300,300,300,300,300,300,300
ppo_best,0,180,5,0.402943,0.104072,-0.239525,1.03102,12856,839.689,40.0545,9.17221,2.81334,0.102356,0.011735,0.0374293,0.914709,0.223777,0.416165,0.241525,0,0.125,-1,300,0,9.17221,0.914709,0.416165,0.241525,0,12016.4,1,1,1,1,0.05,300,300,300,300,300,300,300,300,300,300,300,300,300,300,300
ppo_best,0,181,4,0.324557,0.156846,0.496078,1.06368,13162.6,438.795,42.4127,6.63928,2.0015,0.0592998,0.0120274,0.0269238,1.1011,0.0727489,0.360469,0.500149,0,0.125,-1,300,0,6.63928,1.1011,0.360469,0.500149,0,12723.8,1,1,1,1,0.05,300,300,300,300,300,300,300,300,300,300,300,300,300,300,300
ppo_best,0,182,1,0.41049,0.0981926,0.190545,1.03335,11045.6,682.931,34.5421,8.18842,3.56577,0.160264,0.0175174,0.0330455,0.707021,0.298534,0.422071,0.193442,0,0.125,-1,300,0,8.18842,0.707021,0.422071,0.193442,0,10362.6,1,1,1,1,0.05,300,300,300,300,300,300,300,300,300,300,300,300,300,300,300
ppo_best,0,183,0,0.47234,0.0608584,-0.339391,0.927808,5612.42,160.293,18.1738,3.99562,0.293909,0.138877,0.0227077,0.0253431,0.38318,0.216313,0.476244,0.346984,1,0.125,0,300,0,3.99562,0.38318,0.476244,0.346984,1,5452.13,1,1,1,1,0.05,300,300,300,300,300,300,300,300,300,300,300,300,300,300,300
ppo_best,0,184,0,0.399959,0.119254,-0.479024,1.06614,5705.6,314.23,17.9712,5.5495,1.37282,0.100578,0.0127025,0.0321261,0.365892,0.212432,0.417359,0.483568,1,0.125,0,300,0,5.5495,0.365892,0.417359,0.483568,1,5391.38,1,1,1,1,0.05,300,300,300,300,300,300,300,300,300,300,300,300,300,300,300
ppo_best,0,185,6,0.431881,0.00468786,-0.116189,0.993016,8926.09,375.954,28.5004,6.13843,1.93694,0.109504,0.0103545,0.0416075,0.37204,0.64494,0.431906,0.116399,0,0.125,-1,300,0,6.13843,0.37204,0.431906,0.116399,0,8550.13,1,1,1,1,0.05,300,300,300,300,300,300,300,300,300,300,300,300,300,300,300
ppo_best,0,186,6,0.395978,0.00931933,-0.43667,1.04902,5384.98,320.843,16.8805,5.67357,0.346447,0.0576389,0.0263627,0.0329341,0.233901,0.601499,0.396087,0.439412,0,0.125,-1,300,0,5.67357,0.233901,0.396087,0.439412,0,5064.14,1,1,1,1,0.05,300,300,300,300,300,300,300,300,300,300,300,300,300,300,300
ppo_best,0,187,2,0.374301,0.0721863,0.430648,0.915931,10421.8,475.313,33.155,6.88311,2.50173,0.0767562,0.0155911,0.0338238,1.00366,0.139355,0.381198,0.438777,0,0.125,-1,300,0,6.88311,1.00366,0.381198,0.438777,0,9946.5,1,1,1,1,0.05,300,300,300,300,300,300,300,300,300,300,300,300,300,300,300
ppo_best,0,188,3,0.444106,0.0633949,0.127713,1.02036,6146.73,230.671,19.7202,4.82233,0.326474,0.0939006,0.0215824,0.0416363,0.50294,0.10893,0.448608,0.129325,0,0.125,-1,300,0,4.82233,0.50294,0.448608,0.129325,0,5916.05,1,1,1,1,0.05,300,300,300,300,300,300,300,300,300,300,300,300,300,300,300
ppo_best,0,189,2,0.237483,0.18687,-0.0599778,1.03705,6458.28,354.739,20.3451,5.93015,2.28404,0.0353589,0.0218235,0.0320081,0.465556,0.184563,0.30219,0.0704974,0,0.125,-1,300,0,5.93015,0.465556,0.30219,0.0704974,0,6103.54,1,1,1,1,0.05,300,300,300,300,300,300,300,300,300,300,300,300,300,300,300
ppo_best,0,190,1,0.501897,0.192414,-0.22021,1.04001,10650.7,695.29,33.1848,8.3113,3.01177,0.0482929,0.01121,0.0368814,1.0739,0.100965,0.537516,0.223815,0,0.125,-1,300,0,8.3113,1.0739,0.537516,0.223815,0,9955.43,1,1,1,1,0.05,300,300,300,300,300,300,300,300,300,300,300,300,300,300,300
ppo_best,0,191,0,0.382468,0.148138,-0.43464,1.03866,9260.72,372.578,29.6271,6.11797,2.38467,0.113996,0.00861454,0.0241554,0.389105,0.280468,0.410155,0.436356,1,0.125,0,300,0,6.11797,0.389105,0.410155,0.436356,1,8888.14,1,1,1,1,0.05,300,300,300,300,300,300,300,300,300,300,300,300,300,300,300
ppo_best,0,192,0,0.271329,0.16163,0.462692,1.06243,5462.22,253.338,17.3629,5.06044,1.07505,0.0344558,0.0151643,0.0227563,0.856714,0.188309,0.315822,0.466884,1,0.125,0,300,0,5.06044,0.856714,0.315822,0.466884,1,5208.88,1,1,1,1,0.05,300,300,300,300,300,300,300,300,300,300,300,300,300,300,300
ppo_best,0,193,5,0.266134,0.00703707,-0.176509,1.03016,11795.3,326.283,38.23,5.80815,3.01408,0.0330113,0.0146189,0.0254019,0.657637,0.882367,0.266227,0.179067,0,0.125,-1,300,0,5.80815,0.657637,0.266227,0.179067,0,11469,1,1,1,1,0.05,300,300,300,300,300,300,300,300,300,300,300,300,300,300,300
ppo_best,0,194,7,0.458854,0.125824,0.397058,0.970621,7780.67,323.412,24.8575,5.68971,2.42482,0.0472717,0.0360854,0.0180552,0.387997,0.215078,0.475793,0.398143,0,0.125,-1,300,0,5.68971,0.387997,0.475793,0.398143,0,7457.26,1,1,1,1,0.05,300,300,300,300,300,300,300,300,300,300,300,300,300,300,300
ppo_best,0,195,6,0.439348,0.128212,-0.00982952,1.08778,9070.93,583.369,28.2919,7.57891,1.26414,0.089691,0.0137145,0.0333878,1.2531,0.19946,0.457673,0.0883261,0,0.125,-1,300,0,7.57891,1.2531,0.457673,0.0883261,0,8487.56,1,1,1,1,0.05,300,300,300,300,300,300,300,300,300,300,300,300,300,300,300
ppo_best,0,196,0,0.458946,0.188885,-0.19503,0.9212,6752.49,395.963,21.1884,6.27781,1.51163,0.163727,0.0133661,0.00909398,0.928954,0.11941,0.496295,0.210347,1,0.125,0,300,0,6.27781,0.928954,0.496295,0.210347,1,6356.53,1,1,1,1,0.05,300,300,300,300,300,300,300,300,300,300,300,300,300,300,300
ppo_best,0,197,2,0.366704,0.19453,-0.239064,0.92771,16736.8,892.914,52.813,9.45029,4.11225,0.0858958,0.0178691,0.069712,0.555764,0.0480908,0.415107,0.249755,0,0.125,-1,300,0,9.45029,0.555764,0.415107,0.249755,0,15843.9,1,1,1,1,0.05,300,300,300,300,300,300,300,300,300,300,300,300,300,300,300
ppo_best,0,198,6,0.330939,0.01679,-0.0436857,0.943147,10471.4,438.846,33.4417,6.64106,2.94928,0.152773,0.0132077,0.0115442,0.504126,0.341588,0.331365,0.0716987,0,0.125,-1,300,0,6.64106,0.504126,0.331365,0.0716987,0,10032.5,1,1,1,1,0.05,300,300,300,300,300,300,300,300,300,300,300,300,300,300,300
ppo_best,0,199,3,0.288421,0.0742722,-0.370942,0.992868,5604.36,262.526,17.8061,5.1332,1.86708,0.0626777,0.0145438,0.0249463,0.990654,0.230257,0.29783,0.371011,0,0.125,-1,300,0,5.1332,0.990654,0.29783,0.371011,0,5341.83,1,1,1,1,0.05,300,300,300,300,300,300,300,300,300,300,300,300,300,300,300
ppo_best,0,200,4,0.39333,0.0385997,0.149961,1.03973,8823.72,262.935,28.536,5.11473,2.61657,0.0226361,0.00677302,0.028396,0.430781,0.578022,0.395219,0.155135,0,0.125,-1,300,0,5.11473,0.430781,0.395219,0.155135,0,8560.79,1,1,1,1,0.05,300,300,300,300,300,300,300,300,300,300,300,300,300,300,300
ppo_best,0,201,7,0.34508,0.0820432,0.0260674,0.911615,10007.9,630.517,31.2581,7.94549,1.20762,0.108844,0.0116738,0.0249389,0.73938,0.332785,0.354699,0.0921488,0,0.125,-1,300,0,7.94549,0.73938,0.354699,0.0921488,0,9377.43,1,1,1,1,0.05,300,300,300,300,300,300,300,300,300,300,300,300,300,300,300
ppo_best,0,202,1,0.282835,0.0132288,-0.0493332,1.00673,29694.9,4784.44,83.0347,21.6889,2.86374,0.148725,0.0129624,0.0217749,2.89722,1.44592,0.283144,0.04979,0,0.125,-1,300,0,21.6889,2.89722,0.283144,0.04979,0,24910.4,1,1,1,1,0.05,300,300,300,300,300,300,300,300,300,300,300,300,300,300,300
ppo_best,0,203,0,0.262982,0.147575,0.272366,1.05615,7264.48,424.828,22.7989,6.49021,1.67358,0.0531107,0.0291183,0.0308511,0.641286,0.0710877,0.301559,0.278093,1,0.125,0,300,0,6.49021,0.641286,0.301559,0.278093,1,6839.66,1,1,1,1,0.05,300,300,300,300,300,300,300,300,300,300,300,300,300,300,300
ppo_best,0,204,2,0.251264,0.12673,0.367648,1.02011,5547.3,249.114,17.6606,4.99033,0.998402,0.105629,0.0133303,0.0351707,0.183331,0.131307,0.281414,0.368197,0,0.125,-1,300,0,4.99033,0.183331,0.281414,0.368197,0,5298.18,1,1,1,1,0.05,300,300,300,300,300,300,300,300,300,300,300,300,300,300,300
ppo_best,0,205,7,0.414293,0.115268,-0.132117,0.974594,7882.16,435.023,24.8238,6.57755,1.61844,0.075848,0.0214287,0.0434436,0.306755,0.130306,0.430029,0.134538,0,0.125,-1,300,0,6.57755,0.306755,0.430029,0.134538,0,7447.14,1,1,1,1,0.05,300,300,300,300,300,300,300,300,300,300,300,300,300,300,300
ppo_best,0,206,5,0.52824,0.0765712,0.331698,0.92456,7431.38,472.048,23.1978,6.83519,2.8705,0.030615,0.0178485,0.0247343,0.873425,0.14899,0.533761,0.340168,0,0.125,-1,300,0,6.83519,0.873425,0.533761,0.340168,0,6959.33,1,1,1,1,0.05,300,300,300,300,300,300,300,300,300,300,300,300,300,300,300
ppo_best,0,207,1,0.380008,0.0651765,0.204053,1.04782,10854.5,1083.12,32.5711,10.3413,0.760218,0.093028,0.0167701,0.0626073,0.730977,0.324873,0.385557,0.209582,0,0.125,-1,300,0,10.3413,0.730977,0.385557,0.209582,0,9771.34,1,1,1,1,0.05,300,300,300,300,300,300,300,300,300,300,300,300,300,300,300
ppo_best,0,208,2,0.249788,0.0586839,0.25172,1.03246,3716.12,184.171,11.7732,4.22428,0.56995,0.113839,0.0109858,0.048775,0.410018,0.237671,0.256588,0.253803,0,0.125,-1,300,0,4.22428,0.410018,0.256588,0.253803,0,3531.95,1,1,1,1,0.05,300,300,300,300,300,300,300,300,300,300,300,300,300,300,300
ppo_best,0,209,3,0.21243,0.0980783,0.13412,1.05215,7481.63,390.88,23.6358,6.24767,0.552648,0.158527,0.00860606,0.0272938,0.65571,0.303872,0.233978,0.143903,0,0.125,-1,300,0,6.24767,0.65571,0.233978,0.143903,0,7090.75,1,1,1,1,0.05,300,300,300,300,300,300,300,300,300,300,300,300,300,300,300
ppo_best,0,210,1,0.54445,0.144207,0.181289,1.08703,9873.25,354.87,31.7279,5.94586,2.38055,0.0437996,0.00821943,0.0247697,0.823984,0.228333,0.563224,0.201095,0,0.125,-1,300,0,5.94586,0.823984,0.563224,0.201095,0,9518.38,1,1,1,1,0.05,300,300,300,300,300,300,300,300,300,300,300,300,300,300,300
ppo_best,0,211,6,0.485506,0.129978,-0.260955,0.995808,8562.25,391.456,27.236,6.25807,2.78941,0.050373,0.00706496,0.0226869,0.349339,0.114567,0.502603,0.260989,0,0.125,-1,300,0,6.25807,0.349339,0.502603,0.260989,0,8170.79,1,1,1,1,0.05,300,300,300,300,300,300,300,300,300,300,300,300,300,300,300
ppo_best,0,212,4,0.471623,0.195128,0.364158,0.904296,6897.04,256.302,22.1358,5.05808,1.75212,0.144224,0.00927876,0.0517397,0.276705,0.139799,0.510395,0.376524,0,0.125,-1,300,0,5.05808,0.276705,0.510395,0.376524,0,6640.73,1,1,1,1,0.05,300,300,300,300,300,300,300,300,300,300,300,300,300,300,300
ppo_best,0,213,2,0.594101,0.0220807,0.437778,1.02954,5430.33,294.552,17.1193,5.45692,0.82403,0.0941022,0.00866075,0.0229749,0.57203,0.722353,0.594511,0.438774,0,0.125,-1,300,0,5.45692,0.57203,0.594511,0.438774,0,5135.78,1,1,1,1,0.05,300,300,300,300,300,300,300,300,300,300,300,300,300,300,300
ppo_best,0,214,1,0.517049,0.037505,0.379434,0.90455,10559.1,398.998,33.8669,6.2463,3.32692,0.0980127,0.0155135,0.0211482,0.359406,0.600009,0.518407,0.391256,0,0.125,-1,300,0,6.2463,0.359406,0.518407,0.391256,0,10160.1,1,1,1,1,0.05,300,300,300,300,300,300,300,300,300,300,300,300,300,300,300
ppo_best,0,215,5,0.292733,0.147024,0.198044,0.966564,6318.07,346.179,19.9063,5.84282,0.652609,0.0354962,0.0247835,0.016856,0.459088,0.161042,0.327579,0.200847,0,0.125,-1,300,0,5.84282,0.459088,0.327579,0.200847,0,5971.9,1,1,1,1,0.05,300,300,300,300,300,300,300,300,300,300,300,300,300,300,300
ppo_best,0,216,6,0.307077,0.140961,-0.170052,0.951822,8080.75,391.045,25.6324,6.26081,2.33015,0.0581827,0.00382856,0.023052,0.866537,0.140216,0.337885,0.176745,0,0.125,-1,300,0,6.26081,0.866537,0.337885,0.176745,0,7689.71,1,1,1,1,0.05,300,300,300,300,300,300,300,300,300,300,300,300,300,300,300
ppo_best,0,217,4,0.491211,0.175249,-0.169126,0.977942,8976.28,513.871,28.208,7.13961,1.81057,0.124896,0.0315711,0.022494,0.692455,0.15709,0.521537,0.170558,0,0.125,-1,300,0,7.13961,0.692455,0.521537,0.170558,0,8462.41,1,1,1,1,0.05,300,300,300,300,300,300,300,300,300,300,300,300,300,300,300
ppo_best,0,218,7,0.370513,0.0526136,0.228466,0.975062,6695.87,250.09,21.4859,4.98402,1.63639,0.145789,0.0279067,0.0370639,0.302378,0.485134,0.37423,0.229823,0,0.125,-1,300,0,4.98402,0.302378,0.37423,0.229823,0,6445.78,1,1,1,1,0.05,300,300,300,300,300,300,300,300,300,300,300,300,300,300,300
ppo_best,0,219,4,0.20455,0.0919931,0.0046041,1.09293,12745.4,543.801,40.672,7.39434,1.96125,0.0641975,0.00655068,0.0369969,0.608947,0.218276,0.224285,0.0930425,0,0.125,-1,300,0,7.39434,0.608947,0.224285,0.0930425,0,12201.6,1,1,1,1,0.05,300,300,300,300,300,300,300,300,300,300,300,300,300,300,300
ppo_best,0,220,3,0.349874,0.181567,-0.0551224,1.09482,7393.47,491.352,23.0071,6.97396,0.295622,0.106949,0.0167102,0.0368158,0.41051,0.166962,0.39418,0.109674,0,0.125,-1,300,0,6.97396,0.41051,0.39418,0.109674,0,6902.12,1,1,1,1,0.05,300,300,300,300,300,300,300,300,300,300,300,300,300,300,300
ppo_best,0,221,3,0.435133,0.12463,-0.396711,1.03218,13220.6,1142.42,40.2606,10.609,3.07519,0.1524,0.0193442,0.0380865,1.2218,0.137,0.452629,0.398014,0,0.125,-1,300,0,10.609,1.2218,0.452629,0.398014,0,12078.2,1,1,1,1,0.05,300,300,300,300,300,300,300,300,300,300,300,300,300,300,300
ppo_best,0,222,3,0.36023,0.185861,-0.0169778,1.03292,10344.1,749.916,31.9805,8.63789,2.15674,0.090106,0.0224975,0.0250205,1.32311,0.087296,0.405352,0.0370434,0,0.125,-1,300,0,8.63789,1.32311,0.405352,0.0370434,0,9594.16,1,1,1,1,0.05,300,300,300,300,300,300,300,300,300,300,300,300,300,300,300
ppo_best,0,223,5,0.358293,0.0337697,-0.439343,1.03823,7326.78,697.226,22.0985,8.30425,1.1116,0.0892851,0.01661,0.0149222,0.97104,0.435033,0.359881,0.441003,0,0.125,-1,300,0,8.30425,0.97104,0.359881,0.441003,0,6629.55,1,1,1,1,0.05,300,300,300,300,300,300,300,300,300,300,300,300,300,300,300
ppo_best,0,224,3,0.591023,0.162948,0.0421222,1.0548,8035,399.993,25.45,6.31369,1.68347,0.092495,0.0104245,0.0262798,0.18633,0.125456,0.613075,0.0691175,0,0.125,-1,300,0,6.31369,0.18633,0.613075,0.0691175,0,7635.01,1,1,1,1,0.05,300,300,300,300,300,300,300,300,300,300,300,300,300,300,300
ppo_best,0,225,2,0.489381,0.137919,-0.205132,1.03397,7719.84,380.751,24.4636,6.16318,2.36088,0.152763,0.0158305,0.0162634,0.790951,0.0806034,0.508444,0.207926,0,0.125,-1,300,0,6.16318,0.790951,0.508444,0.207926,0,7339.09,1,1,1,1,0.05,300,300,300,300,300,300,300,300,300,300,300,300,300,300,300
ppo_best,0,226,4,0.346785,0.130861,-0.0311253,0.961309,11209.1,631.569,35.2584,7.88564,3.07341,0.0278659,0.0182844,0.0214158,1.01295,0.172909,0.370654,0.0496566,0,0.125,-1,300,0,7.88564,1.01295,0.370654,0.0496566,0,10577.5,1,1,1,1,0.05,300,300,300,300,300,300,300,300,300,300,300,300,300,300,300
ppo_best,0,227,5,0.175682,0.0286288,-0.0802586,0.940568,10225.5,712.379,31.7104,8.41465,1.64172,0.0890896,0.0351202,0.0223946,0.755396,0.345146,0.178,0.0998678,0,0.125,-1,300,0,8.41465,0.755396,0.178,0.0998678,0,9513.13,1,1,1,1,0.05,300,300,300,300,300,300,300,300,300,300,300,300,300,300,300
ppo_best,0,228,4,0.372139,0.199057,0.00622857,0.964079,12044.2,768.657,37.585,8.75774,3.8235,0.0711759,0.0157076,0.0470791,0.617111,0.248683,0.422032,0.0364571,0,0.125,-1,300,0,8.75774,0.617111,0.422032,0.0364571,0,11275.5,1,1,1,1,0.05,300,300,300,300,300,300,300,300,300,300,300,300,300,300,300
ppo_best,0,229,7,0.403615,0.0548317,-0.460014,1.00093,9169.04,629.043,28.4666,7.83748,1.16723,0.128879,0.017691,0.0311122,0.753831,0.427166,0.407323,0.460014,0,0.125,-1,300,0,7.83748,0.753831,0.407323,0.460014,0,8539.99,1,1,1,1,0.05,300,300,300,300,300,300,300,300,300,300,300,300,300,300,300
ppo_best,0,230,0,0.181151,0.195115,-0.366314,0.948752,7563.3,320.967,24.1411,5.66954,1.20866,0.160064,0.0109541,0.0392663,0.81838,0.158977,0.266243,0.369882,1,0.125,0,300,0,5.66954,0.81838,0.266243,0.369882,1,7242.33,1,1,1,1,0.05,300,300,300,300,300,300,300,300,300,300,300,300,300,300,300
ppo_best,0,231,7,0.530775,0.147854,-0.239435,1.09642,8545.73,538.059,26.6923,7.28719,1.23721,0.0610198,0.0120976,0.0230644,0.955344,0.137812,0.550984,0.258121,0,0.125,-1,300,0,7.28719,0.955344,0.550984,0.258121,0,8007.68,1,1,1,1,0.05,300,300,300,300,300,300,300,300,300,300,300,300,300,300,300
ppo_best,0,232,5,0.395404,0.147821,-0.099721,0.984856,8282.88,495.906,25.9566,7.05198,1.58003,0.0789762,0.00846414,0.0378641,0.448548,0.0967225,0.422132,0.100864,0,0.125,-1,300,0,7.05198,0.448548,0.422132,0.100864,0,7786.97,1,1,1,1,0.05,300,300,300,300,300,300,300,300,300,300,300,300,300,300,300
ppo_best,0,233,6,0.334208,0.0532892,0.0517539,0.963033,11885,578.574,37.6881,7.59432,1.15995,0.0579371,0.00960826,0.0442987,0.747903,0.332271,0.33843,0.0636006,0,0.125,-1,300,0,7.59432,0.747903,0.33843,0.0636006,0,11306.4,1,1,1,1,0.05,300,300,300,300,300,300,300,300,300,300,300,300,300,300,300
ppo_best,0,234,7,0.532847,0.0165956,0.15255,0.926007,7815.08,519.806,24.3176,7.2031,0.652197,0.0739745,0.00597036,0.0355134,0.587992,0.644164,0.533105,0.169547,0,0.125,-1,300,0,7.2031,0.587992,0.533105,0.169547,0,7295.27,1,1,1,1,0.05,300,300,300,300,300,300,300,300,300,300,300,300,300,300,300
ppo_best,0,235,2,0.335429,0.158757,0.294397,0.927181,7278.99,237.938,23.4702,4.87649,1.38339,0.0642446,0.00799401,0.0315697,0.283656,0.0991708,0.371102,0.303269,0,0.125,-1,300,0,4.87649,0.283656,0.371102,0.303269,0,7041.05,1,1,1,1,0.05,300,300,300,300,300,300,300,300,300,300,300,300,300,300,300
ppo_best,0,236,0,0.330068,0.111171,-0.127836,1.00265,4925.94,404.569,15.0713,6.34795,0.207611,0.0972402,0.00701274,0.0316546,0.350572,0.306132,0.348287,0.127864,1,0.125,0,300,0,6.34795,0.350572,0.348287,0.127864,1,4521.38,1,1,1,1,0.05,300,300,300,300,300,300,300,300,300,300,300,300,300,300,300
ppo_best,0,237,1,0.321865,0.0178815,-0.0820857,1.05529,5762.71,187.818,18.583,4.30929,1.463,0.1008,0.0125112,0.0342639,0.0805288,0.111387,0.322362,0.0989721,0,0.125,-1,300,0,4.30929,0.0805288,0.322362,0.0989721,0,5574.89,1,1,1,1,0.05,300,300,300,300,300,300,300,300,300,300,300,300,300,300,300
ppo_best,0,238,3,0.450822,0.00175622,0.179298,1.07767,4706.08,305.821,14.6675,5.52608,0.820389,0.0585348,0.00102486,0.0369531,1.25871,0.485773,0.450825,0.1954,0,0.125,-1,300,0,5.52608,1.25871,0.450825,0.1954,0,4400.26,1,1,1,1,0.05,300,300,300,300,300,300,300,300,300,300,300,300,300,300,300
ppo_best,0,239,3,0.389855,0.160543,0.274721,1.07469,6828.25,401.424,21.4228,6.34432,2.29347,0.024498,0.00327655,0.0406029,0.886955,0.121961,0.421617,0.284692,0,0.125,-1,300,0,6.34432,0.886955,0.421617,0.284692,0,6426.83,1,1,1,1,0.05,300,300,300,300,300,300,300,300,300,300,300,300,300,300,300
ppo_best,0,240,4,0.266968,0.0897546,0.466402,0.903516,10409.2,624.749,32.6149,7.89586,2.37976,0.0276216,0.00865288,0.0413264,0.0575843,0.147568,0.281652,0.476278,0,0.125,-1,300,0,7.89586,0.0575843,0.281652,0.476278,0,9784.46,1,1,1,1,0.05,300,300,300,300,300,300,300,300,300,300,300,300,300,300,300
ppo_best,0,241,0,0.248837,0.0628426,0.0981762,1.0273,11581.2,763.898,36.0576,8.68107,0.630283,0.0767656,0.0237928,0.0491549,0.751362,0.337396,0.256649,0.101901,1,0.125,0,300,0,8.68107,0.751362,0.256649,0.101901,1,10817.3,1,1,1,1,0.05,300,300,300,300,300,300,300,300,300,300,300,300,300,300,300
ppo_best,0,242,5,0.304573,0.0848261,-0.164202,1.02574,6065.21,187.92,19.591,4.3101,2.44871,0.0984366,0.0104336,0.0445098,0.826974,0.207895,0.316165,0.166207,0,0.125,-1,300,0,4.3101,0.826974,0.316165,0.166207,0,5877.29,1,1,1,1,0.05,300,300,300,300,300,300,300,300,300,300,300,300,300,300,300
ppo_best,0,243,4,0.452787,0.117344,0.014937,1.03906,7281.14,272.993,23.3605,5.23384,1.21064,0.0900685,0.0208363,0.0341142,0.433355,0.172638,0.467745,0.0418157,0,0.125,-1,300,0,5.23384,0.433355,0.467745,0.0418157,0,7008.15,1,1,1,1,0.05,300,300,300,300,300,300,300,300,300,300,300,300,300,300,300
ppo_best,0,244,4,0.314879,0.0996038,0.138993,1.06363,9149.75,576.023,28.5791,7.53441,1.86289,0.147578,0.0211325,0.00806547,1.25987,0.195714,0.330257,0.152868,0,0.125,-1,300,0,7.53441,1.25987,0.330257,0.152868,0,8573.72,1,1,1,1,0.05,300,300,300,300,300,300,300,300,300,300,300,300,300,300,300
ppo_best,0,245,0,0.263911,0.108766,-0.281517,1.00611,9916.85,753.709,30.5438,8.65959,2.04425,0.0271964,0.0262679,0.0364581,0.965244,0.373312,0.285445,0.281583,1,0.125,0,300,0,8.65959,0.965244,0.285445,0.281583,1,9163.14,1,1,1,1,0.05,300,300,300,300,300,300,300,300,300,300,300,300,300,300,300
ppo_best,0,246,6,0.496762,0.0136613,0.373571,0.939121,13977.3,514.651,44.8756,7.22782,1.05594,0.0733189,0.0193512,0.0212554,0.814098,0.867897,0.49695,0.378499,0,0.125,-1,300,0,7.22782,0.814098,0.49695,0.378499,0,13462.7,1,1,1,1,0.05,300,300,300,300,300,300,300,300,300,300,300,300,300,300,300
ppo_best,0,247,4,0.229843,0.0132997,0.194075,1.05208,12302.5,437.462,39.55,6.64927,4.37979,0.116944,0.014246,0.0273857,0.981682,0.559939,0.230227,0.200942,0,0.125,-1,300,0,6.64927,0.981682,0.230227,0.200942,0,11865,1,1,1,1,0.05,300,300,300,300,300,300,300,300,300,300,300,300,300,300,300
ppo_best,0,248,5,0.35938,0.046694,-0.461951,0.936598,16600.5,1220.06,51.268,11.0293,2.65062,0.06537,0.014596,0.0148706,1.07811,0.410205,0.362401,0.466282,0,0.125,-1,300,0,11.0293,1.07811,0.362401,0.466282,0,15380.4,1,1,1,1,0.05,300,300,300,300,300,300,300,300,300,300,300,300,300,300,300
ppo_best,0,249,3,0.432344,0.0111603,0.365506,0.967456,6579.85,334.825,20.8168,5.79761,0.651836,0.110763,0.0154457,0.0212855,0.417676,0.521195,0.432488,0.366952,0,0.125,-1,300,0,5.79761,0.417676,0.432488,0.366952,0,6245.03,1,1,1,1,0.05,300,300,300,300,300,300,300,300,300,300,300,300,300,300,300
ppo_best,0,250,6,0.519729,0.0134245,-0.456609,1.09444,8913.48,602.153,27.7044,7.75833,0.927249,0.0836345,0.0217145,0.0333366,0.713223,0.376086,0.519903,0.466273,0,0.125,-1,300,0,7.75833,0.713223,0.519903,0.466273,0,8311.33,1,1,1,1,0.05,300,300,300,300,300,300,300,300,300,300,300,300,300,300,300
ppo_best,0,251,1,0.445883,0.116138,-0.104717,1.01473,12344.2,489.83,39.5145,7.01274,3.35312,0.0458169,0.0231577,0.037395,0.613783,0.189706,0.46076,0.105748,0,0.125,-1,300,0,7.01274,0.613783,0.46076,0.105748,0,11854.3,1,1,1,1,0.05,300,300,300,300,300,300,300,300,300,300,300,300,300,300,300
ppo_best,0,252,5,0.455766,0.128923,0.459528,0.986454,3846.29,230.1,12.054,4.76509,1.33762,0.085593,0.0145735,0.0471972,0.211833,0.273812,0.473649,0.459728,0,0.125,-1,300,0,4.76509,0.211833,0.473649,0.459728,0,3616.19,1,1,1,1,0.05,300,300,300,300,300,300,300,300,300,300,300,300,300,300,300
ppo_best,0,253,0,0.531159,0.0152635,-0.320426,0.955938,8774.92,252.546,28.4079,5.02461,2.44616,0.071789,0.0194093,0.00851381,1.1144,0.674304,0.531378,0.323442,1,0.125,0,300,0,5.02461,1.1144,0.531378,0.323442,1,8522.38,1,1,1,1,0.05,300,300,300,300,300,300,300,300,300,300,300,300,300,300,300
ppo_best,0,254,2,0.395605,0.0678764,0.30129,0.949866,10803.5,423.239,34.6009,6.53541,2.5581,0.0674395,0.0156817,0.0162232,0.954804,0.306485,0.401386,0.305432,0,0.125,-1,300,0,6.53541,0.954804,0.401386,0.305432,0,10380.3,1,1,1,1,0.05,300,300,300,300,300,300,300,300,300,300,300,300,300,300,300
ppo_best,0,255,0,0.195428,0.0053344,-0.4513,1.06173,9244.74,339.892,29.6828,5.70758,1.44905,0.108555,0.0192148,0.0329325,0.701301,0.684291,0.195501,0.455502,1,0.125,0,300,0,5.70758,0.701301,0.195501,0.455502,1,8904.85,1,1,1,1,0.05,300,300,300,300,300,300,300,300,300,300,300,300,300,300,300
ppo_best,0,256,2,0.362116,0.0635214,-0.414993,0.936322,5853.41,186.213,18.8906,4.3217,2.35869,0.130601,0.0199273,0.0262752,0.522421,0.189349,0.367646,0.41985,0,0.125,-1,300,0,4.3217,0.522421,0.367646,0.41985,0,5667.19,1,1,1,1,0.05,300,300,300,300,300,300,300,300,300,300,300,300,300,300,300
ppo_best,0,257,1,0.401548,0.106963,-0.0628724,0.959917,13076.1,879.487,40.6553,9.38709,2.07854,0.0350998,0.0268505,0.0328611,0.981716,0.224823,0.415551,0.0745624,0,0.125,-1,300,0,9.38709,0.981716,0.415551,0.0745624,0,12196.6,1,1,1,1,0.05,300,300,300,300,300,300,300,300,300,300,300,300,300,300,300
ppo_best,0,258,5,0.479024,0.147195,0.0457387,1.04002,13165.5,757.05,41.3614,8.66582,2.9244,0.130681,0.0118181,0.0239736,0.633986,0.12503,0.501129,0.0607785,0,0.125,-1,300,0,8.66582,0.633986,0.501129,0.0607785,0,12408.4,1,1,1,1,0.05,300,300,300,300,300,300,300,300,300,300,300,300,300,300,300
ppo_best,0,259,0,0.304544,0.0423106,0.242233,1.06864,9419.2,195.431,30.7459,4.41176,1.65281,0.0751197,0.0228037,0.0453843,0.55553,0.454038,0.307469,0.251769,1,0.125,0,300,0,4.41176,0.55553,0.307469,0.251769,1,9223.77,1,1,1,1,0.05,300,300,300,300,300,300,300,300,300,300,300,300,300,300,300
ppo_best,0,260,6,0.437928,0.196073,0.275792,0.937034,10269.8,476.324,32.6448,6.88683,2.92102,0.0703289,0.0149731,0.00629041,0.291644,0.134636,0.479818,0.282889,0,0.125,-1,300,0,6.88683,0.291644,0.479818,0.282889,0,9793.43,1,1,1,1,0.05,300,300,300,300,300,300,300,300,300,300,300,300,300,300,300
ppo_best,0,261,3,0.378486,0.0852083,-0.0255313,1.01488,8986.74,718.133,27.562,8.46771,1.16914,0.0723549,0.0218357,0.0274936,0.848147,0.253027,0.387959,0.0295501,0,0.125,-1,300,0,8.46771,0.848147,0.387959,0.0295501,0,8268.61,1,1,1,1,0.05,300,300,300,300,300,300,300,300,300,300,300,300,300,300,300
ppo_best,0,262,2,0.462172,0.173058,0.423891,0.907924,8725.36,409.392,27.7199,6.38937,2.03535,0.0860262,0.015658,0.0352995,0.518861,0.195099,0.49351,0.433776,0,0.125,-1,300,0,6.38937,0.518861,0.49351,0.433776,0,8315.97,1,1,1,1,0.05,300,300,300,300,300,300,300,300,300,300,300,300,300,300,300
ppo_best,0,263,3,0.476636,0.162298,-0.354084,1.0525,10232.6,617.262,32.051,7.89517,1.43521,0.100361,0.0134782,0.0261988,0.334477,0.236984,0.50351,0.357955,0,0.125,-1,300,0,7.89517,0.334477,0.50351,0.357955,0,9615.31,1,1,1,1,0.05,300,300,300,300,300,300,300,300,300,300,300,300,300,300,300
ppo_best,0,264,3,0.211521,0.166337,-0.203399,0.951073,6841.49,222.022,22.0649,4.73107,1.40161,0.0727968,0.0155238,0.0264956,0.0981603,0.272421,0.26909,0.2092,0,0.125,-1,300,0,4.73107,0.0981603,0.26909,0.2092,0,6619.47,1,1,1,1,0.05,300,300,300,300,300,300,300,300,300,300,300,300,300,300,300
ppo_best,0,265,6,0.202513,0.0638959,0.416599,0.933243,3594.32,194.155,11.3339,4.38069,1.22088,0.160033,0.0136073,0.0332197,0.38998,0.192789,0.212354,0.421913,0,0.125,-1,300,0,4.38069,0.38998,0.212354,0.421913,0,3400.16,1,1,1,1,0.05,300,300,300,300,300,300,300,300,300,300,300,300,300,300,300
ppo_best,0,266,3,0.411799,0.192276,0.216276,1.0921,9691,602.374,30.2954,7.72454,2.03984,0.0575441,0.0159368,0.0387348,1.20761,0.349439,0.454476,0.235071,0,0.125,-1,300,0,7.72454,1.20761,0.454476,0.235071,0,9088.63,1,1,1,1,0.05,300,300,300,300,300,300,300,300,300,300,300,300,300,300,300
ppo_best,0,267,4,0.399913,0.187732,-0.330349,0.929547,10172.2,542.441,32.0991,7.32262,3.56698,0.0452306,0.0108777,0.0452653,0.975727,0.114684,0.441785,0.337778,0,0.125,-1,300,0,7.32262,0.975727,0.441785,0.337778,0,9629.73,1,1,1,1,0.05,300,300,300,300,300,300,300,300,300,300,300,300,300,300,300
ppo_best,0,268,6,0.550999,0.195421,0.283359,0.918454,9883.51,618.465,30.8835,7.85163,3.1386,0.0448453,0.0269976,0.0518858,0.221217,0.154179,0.584628,0.29486,0,0.125,-1,300,0,7.85163,0.221217,0.584628,0.29486,0,9265.05,1,1,1,1,0.05,300,300,300,300,300,300,300,300,300,300,300,300,300,300,300
ppo_best,0,269,5,0.492692,0.159294,-0.133424,1.0333,6778.09,366.28,21.3727,6.00767,1.84143,0.108277,0.0118058,0.0122546,0.68506,0.166968,0.517803,0.137518,0,0.125,-1,300,0,6.00767,0.68506,0.517803,0.137518,0,6411.81,1,1,1,1,0.05,300,300,300,300,300,300,300,300,300,300,300,300,300,300,300
ppo_best,0,270,4,0.354387,0.11877,0.45736,0.963042,6986.69,368.587,22.0603,6.0754,2.48312,0.0777976,0.00999926,0.0486466,0.47361,0.105269,0.373759,0.458851,0,0.125,-1,300,0,6.0754,0.47361,0.373759,0.458851,0,6618.1,1,1,1,1,0.05,300,300,300,300,300,300,300,300,300,300,300,300,300,300,300
ppo_best,0,271,3,0.0534262,0.085277,-0.186108,1.08413,9253.8,609.809,28.8133,7.79244,1.43897,0.0567973,0.0150079,0.0446789,0.731404,0.372407,0.100631,0.204241,0,0.125,-1,300,0,7.79244,0.731404,0.100631,0.204241,0,8643.99,1,1,1,1,0.05,300,300,300,300,300,300,300,300,300,300,300,300,300,300,300
ppo_best,0,272,3,0.435916,0.0145644,0.357593,1.01026,12188.7,574.348,38.7146,7.59611,1.27578,0.0628489,0.0205792,0.036606,0.854433,0.675657,0.436159,0.35774,0,0.125,-1,300,0,7.59611,0.854433,0.436159,0.35774,0,11614.4,1,1,1,1,0.05,300,300,300,300,300,300,300,300,300,300,300,300,300,300,300
ppo_best,0,273,7,0.438393,0.0388724,0.262398,1.01123,11553.5,523.497,36.7667,7.28035,2.26549,0.0568073,0.0210422,0.028652,0.466574,0.406137,0.440113,0.262639,0,0.125,-1,300,0,7.28035,0.466574,0.440113,0.262639,0,11030,1,1,1,1,0.05,300,300,300,300,300,300,300,300,300,300,300,300,300,300,300
ppo_best,0,274,5,0.500207,0.175546,-0.255935,0.973981,8459.21,596.154,26.2102,7.69135,2.02398,0.103094,0.0224774,0.0167332,0.909388,0.242397,0.530117,0.257254,0,0.125,-1,300,0,7.69135,0.909388,0.530117,0.257254,0,7863.05,1,1,1,1,0.05,300,300,300,300,300,300,300,300,300,300,300,300,300,300,300
ppo_best,0,275,0,0.436104,0.125243,0.13076,0.996454,12529.7,889.648,38.8002,9.37778,2.74414,0.0874334,0.0200467,0.0339942,0.864626,0.1578,0.453731,0.130808,1,0.125,0,300,0,9.37778,0.864626,0.453731,0.130808,1,11640.1,1,1,1,1,0.05,300,300,300,300,300,300,300,300,300,300,300,300,300,300,300
ppo_best,0,276,1,0.355877,0.081511,0.283838,1.07678,9213.85,588.193,28.7522,7.63794,3.07868,0.0254429,0.00983187,0.0264696,0.971918,0.280424,0.365092,0.294039,0,0.125,-1,300,0,7.63794,0.971918,0.365092,0.294039,0,8625.66,1,1,1,1,0.05,300,300,300,300,300,300,300,300,300,300,300,300,300,300,300
ppo_best,0,277,7,0.349926,0.0967251,-0.182095,1.03274,13065.5,633.622,41.4395,7.96927,3.77633,0.0589267,0.0136231,0.0604014,0.219256,0.269713,0.363048,0.185015,0,0.125,-1,300,0,7.96927,0.219256,0.363048,0.185015,0,12431.8,1,1,1,1,0.05,300,300,300,300,300,300,300,300,300,300,300,300,300,300,300
ppo_best,0,278,1,0.53308,0.151457,-0.0105664,1.03216,6170.54,263.689,19.6895,5.10663,1.45244,0.0415243,0.0125758,0.040651,0.732256,0.0952562,0.554178,0.0338509,0,0.125,-1,300,0,5.10663,0.732256,0.554178,0.0338509,0,5906.85,1,1,1,1,0.05,300,300,300,300,300,300,300,300,300,300,300,300,300,300,300
ppo_best,0,279,6,0.426132,0.148291,0.235948,1.01288,7076.79,300.929,22.5862,5.48307,2.07465,0.0257457,0.0140367,0.0380114,0.489435,0.209931,0.451197,0.236299,0,0.125,-1,300,0,5.48307,0.489435,0.451197,0.236299,0,6775.86,1,1,1,1,0.05,300,300,300,300,300,300,300,300,300,300,300,300,300,300,300
ppo_best,0,280,7,0.299946,0.152675,0.483055,1.01154,5060.71,294.309,15.888,5.42811,1.88196,0.133488,0.00880836,0.027774,0.595382,0.0907501,0.336567,0.483193,0,0.125,-1,300,0,5.42811,0.595382,0.336567,0.483193,0,4766.41,1,1,1,1,0.05,300,300,300,300,300,300,300,300,300,300,300,300,300,300,300
ppo_best,0,281,1,0.572325,0.0437863,-0.127511,1.08677,6465.33,217.766,20.8252,4.64231,1.78383,0.084203,0.00920215,0.0157474,0.377731,0.204905,0.573998,0.154236,0,0.125,-1,300,0,4.64231,0.377731,0.573998,0.154236,0,6247.56,1,1,1,1,0.05,300,300,300,300,300,300,300,300,300,300,300,300,300,300,300
ppo_best,0,282,7,0.268432,0.0194303,-0.448892,0.987931,10310.6,440.144,32.9015,6.63353,3.08941,0.0596285,0.0163443,0.0297934,0.650745,0.385218,0.269134,0.449054,0,0.125,-1,300,0,6.63353,0.650745,0.269134,0.449054,0,9870.45,1,1,1,1,0.05,300,300,300,300,300,300,300,300,300,300,300,300,300,300,300
ppo_best,0,283,5,0.184489,0.164452,0.102561,1.00371,8755.37,563.755,27.3054,7.47813,1.36547,0.0684534,0.0209826,0.0221239,0.261799,0.325117,0.247145,0.102628,0,0.125,-1,300,0,7.47813,0.261799,0.247145,0.102628,0,8191.61,1,1,1,1,0.05,300,300,300,300,300,300,300,300,300,300,300,300,300,300,300
ppo_best,0,284,1,0.487219,0.038913,0.347239,0.941858,9112.32,582.642,28.4323,7.64156,1.85222,0.0179193,0.00681777,0.0383591,0.100969,0.218628,0.48877,0.352073,0,0.125,-1,300,0,7.64156,0.100969,0.48877,0.352073,0,8529.68,1,1,1,1,0.05,300,300,300,300,300,300,300,300,300,300,300,300,300,300,300
ppo_best,0,285,2,0.477227,0.138295,0.199091,0.946541,15780.7,718.877,50.2062,8.47039,3.43988,0.0782085,0.0218412,0.0347594,1.05834,0.180088,0.496861,0.206144,0,0.125,-1,300,0,8.47039,1.05834,0.496861,0.206144,0,15061.9,1,1,1,1,0.05,300,300,300,300,300,300,300,300,300,300,300,300,300,300,300
ppo_best,0,286,7,0.227774,0.0373785,-0.406291,0.907295,15570.6,868.172,49.0082,9.32759,1.28332,0.0974239,0.0195057,0.012266,1.75857,0.135044,0.23082,0.416733,0,0.125,-1,300,0,9.32759,1.75857,0.23082,0.416733,0,14702.5,1,1,1,1,0.05,300,300,300,300,300,300,300,300,300,300,300,300,300,300,300
ppo_best,0,287,1,0.401076,0.166059,0.425251,0.956758,9146.7,407.343,29.1312,6.38619,3.22409,0.127044,0.0194743,0.0334851,0.308945,0.158427,0.434094,0.427444,0,0.125,-1,300,0,6.38619,0.308945,0.434094,0.427444,0,8739.36,1,1,1,1,0.05,300,300,300,300,300,300,300,300,300,300,300,300,300,300,300
ppo_best,0,288,5,0.46492,0.174336,-0.426207,0.95184,20034.1,1302.76,62.438,11.4179,4.16602,0.0460675,0.00964183,0.0370544,1.22299,0.202484,0.496532,0.42892,0,0.125,-1,300,0,11.4179,1.22299,0.496532,0.42892,0,18731.4,1,1,1,1,0.05,300,300,300,300,300,300,300,300,300,300,300,300,300,300,300
ppo_best,0,289,6,0.123095,0.160581,0.468955,1.02931,7948.34,607.29,24.4702,7.72743,2.18648,0.0811021,0.0269336,0.0316678,0.676075,0.404315,0.202333,0.469871,0,0.125,-1,300,0,7.72743,0.676075,0.202333,0.469871,0,7341.05,1,1,1,1,0.05,300,300,300,300,300,300,300,300,300,300,300,300,300,300,300
ppo_best,0,290,1,0.181357,0.120345,-0.238569,0.916802,5217.21,207.828,16.6979,4.52048,1.21349,0.0977552,0.00731186,0.0283678,0.931412,0.21693,0.217654,0.25266,0,0.125,-1,300,0,4.52048,0.931412,0.217654,0.25266,0,5009.38,1,1,1,1,0.05,300,300,300,300,300,300,300,300,300,300,300,300,300,300,300
ppo_best,0,291,2,0.455643,0.164817,0.0511178,0.93873,13996.1,735.121,44.2032,8.54685,2.48369,0.106926,0.0119465,0.0269776,0.414044,0.10595,0.484536,0.0797938,0,0.125,-1,300,0,8.54685,0.414044,0.484536,0.0797938,0,13261,1,1,1,1,0.05,300,300,300,300,300,300,300,300,300,300,300,300,300,300,300
ppo_best,0,292,1,0.147897,0.0721167,-0.0114566,1.0772,4909.2,463.769,14.8181,6.75788,0.63279,0.0559352,0.0160548,0.0330599,0.915421,0.334473,0.164543,0.0780496,0,0.125,-1,300,0,6.75788,0.915421,0.164543,0.0780496,0,4445.43,1,1,1,1,0.05,300,300,300,300,300,300,300,300,300,300,300,300,300,300,300
ppo_best,0,293,7,0.343813,0.00211082,0.304754,1.07182,12466.5,285.031,40.6048,5.34922,1.70756,0.104263,0.020633,0.0342125,0.784093,0.521386,0.343819,0.313102,0,0.125,-1,300,0,5.34922,0.784093,0.343819,0.313102,0,12181.4,1,1,1,1,0.05,300,300,300,300,300,300,300,300,300,300,300,300,300,300,300
ppo_best,0,294,1,0.436257,0.196681,0.158521,1.0084,11207.1,535.881,35.5706,7.31122,1.97821,0.057072,0.0273296,0.0372827,0.623956,0.228438,0.478543,0.158743,0,0.125,-1,300,0,7.31122,0.623956,0.478543,0.158743,0,10671.2,1,1,1,1,0.05,300,300,300,300,300,300,300,300,300,300,300,300,300,300,300
ppo_best,0,295,6,0.502346,0.0633524,-0.317046,1.0635,9171.54,433.991,29.1252,6.59284,1.80736,0.0535805,0.0120474,0.0251023,0.91339,0.253839,0.506325,0.323344,0,0.125,-1,300,0,6.59284,0.91339,0.506325,0.323344,0,8737.55,1,1,1,1,0.05,300,300,300,300,300,300,300,300,300,300,300,300,300,300,300
ppo_best,0,296,3,0.101578,0.101005,0.122489,0.948285,14426.1,829.673,45.3213,9.13209,2.69047,0.0673691,0.0217965,0.041513,0.870783,0.201776,0.143248,0.132958,0,0.125,-1,300,0,9.13209,0.870783,0.143248,0.132958,0,13596.4,1,1,1,1,0.05,300,300,300,300,300,300,300,300,300,300,300,300,300,300,300
ppo_best,0,297,5,0.246398,0.0419824,-0.265265,1.06381,10521.6,738.869,32.609,8.56089,2.82673,0.0708303,0.012312,0.0273129,1.15099,0.479158,0.249949,0.272833,0,0.125,-1,300,0,8.56089,1.15099,0.249949,0.272833,0,9782.7,1,1,1,1,0.05,300,300,300,300,300,300,300,300,300,300,300,300,300,300,300
ppo_best,0,298,2,0.415613,0.128932,-0.25884,0.915773,10649.8,689.212,33.202,8.2792,1.93825,0.163216,0.0244509,0.0366969,0.579091,0.233785,0.435152,0.272199,0,0.125,-1,300,0,8.2792,0.579091,0.435152,0.272199,0,9960.6,1,1,1,1,0.05,300,300,300,300,300,300,300,300,300,300,300,300,300,300,300
ppo_best,0,299,3,0.395114,0.0887869,-0.356972,0.935671,10968.2,369.648,35.3286,6.09794,3.19719,0.0363313,0.00778906,0.0209402,1.37009,0.220669,0.404967,0.362722,0,0.125,-1,300,0,6.09794,1.37009,0.404967,0.362722,0,10598.6,1,1,1,1,0.05,300,300,300,300,300,300,300,300,300,300,300,300,300,300,300
ppo_best,0,300,7,0.545583,0.0509667,-0.0769143,1.03829,16475.8,606.597,52.8974,7.85203,2.04722,0.0727562,0.0175269,0.0384117,1.04495,0.57385,0.547958,0.0859201,0,0.125,-1,300,0,7.85203,1.04495,0.547958,0.0859201,0,15869.2,1,1,1,1,0.05,300,300,300,300,300,300,300,300,300,300,300,300,300,300,300
ppo_best,0,301,7,0.326847,0.162787,0.415959,1.00955,5143.12,237.386,16.3525,4.86376,2.58721,0.0401137,0.0166051,0.0397169,0.673391,0.129294,0.365142,0.416069,0,0.125,-1,300,0,4.86376,0.673391,0.365142,0.416069,0,4905.74,1,1,1,1,0.05,300,300,300,300,300,300,300,300,300,300,300,300,300,300,300
ppo_best,0,302,3,0.21052,0.100972,0.0916461,0.961658,7846.72,411.419,24.7843,6.40343,2.76986,0.0509674,0.0162295,0.0114695,0.854112,0.234295,0.233483,0.0993435,0,0.125,-1,300,0,6.40343,0.854112,0.233483,0.0993435,0,7435.3,1,1,1,1,0.05,300,300,300,300,300,300,300,300,300,300,300,300,300,300,300
ppo_best,0,303,7,0.182626,0.141414,-0.181697,0.971317,9881.33,562.088,31.0641,7.50396,1.88516,0.0925718,0.00902734,0.0233505,0.963619,0.150789,0.230976,0.183947,0,0.125,-1,300,0,7.50396,0.963619,0.230976,0.183947,0,9319.24,1,1,1,1,0.05,300,300,300,300,300,300,300,300,300,300,300,300,300,300,300
ppo_best,0,304,2,0.237945,0.0479714,0.411457,0.95497,5824.82,135.423,18.9647,3.66794,2.25027,0.0755459,0.011732,0.0414955,0.623152,0.277916,0.242732,0.413914,0,0.125,-1,300,0,3.66794,0.623152,0.242732,0.413914,0,5689.4,1,1,1,1,0.05,300,300,300,300,300,300,300,300,300,300,300,300,300,300,300
ppo_best,0,305,2,0.252399,0.0172296,0.313441,0.906717,7331.81,394.983,23.1228,6.26845,1.12661,0.15552,0.0163602,0.0297246,0.650316,0.256709,0.252986,0.327027,0,0.125,-1,300,0,6.26845,0.650316,0.252986,0.327027,0,6936.83,1,1,1,1,0.05,300,300,300,300,300,300,300,300,300,300,300,300,300,300,300
ppo_best,0,306,6,0.467569,0.107255,-0.481354,1.06718,7265.19,243.705,23.405,4.88941,1.32162,0.0996257,0.0104649,0.0116498,0.294826,0.327389,0.479712,0.486019,0,0.125,-1,300,0,4.88941,0.294826,0.479712,0.486019,0,7021.49,1,1,1,1,0.05,300,300,300,300,300,300,300,300,300,300,300,300,300,300,300
ppo_best,0,307,3,0.398972,0.0520685,0.411439,0.927532,7373.54,410.073,23.2115,6.38364,1.13283,0.0199202,0.0141604,0.0417823,0.619992,0.6914,0.402355,0.417772,0,0.125,-1,300,0,6.38364,0.619992,0.402355,0.417772,0,6963.46,1,1,1,1,0.05,300,300,300,300,300,300,300,300,300,300,300,300,300,300,300
ppo_best,0,308,0,0.374931,0.183499,-0.297567,1.00433,8514.8,718.026,25.9892,8.40916,0.947609,0.0718306,0.0232412,0.0239146,0.970117,0.136435,0.417426,0.297599,1,0.125,0,300,0,8.40916,0.970117,0.417426,0.297599,1,7796.77,1,1,1,1,0.05,300,300,300,300,300,300,300,300,300,300,300,300,300,300,300
ppo_best,0,309,6,0.259577,0.0483614,0.391565,0.96537,10489.6,868.94,32.0687,9.30344,1.27358,0.0258823,0.0100115,0.00672108,0.716283,0.291172,0.264043,0.393094,0,0.125,-1,300,0,9.30344,0.716283,0.264043,0.393094,0,9620.61,1,1,1,1,0.05,300,300,300,300,300,300,300,300,300,300,300,300,300,300,300
ppo_best,0,310,6,0.34319,0.188561,0.392175,0.955526,9486.97,510.205,29.9225,7.12816,1.39008,0.105825,0.00677327,0.0425926,0.0768982,0.234201,0.39158,0.394689,0,0.125,-1,300,0,7.12816,0.0768982,0.39158,0.394689,0,8976.76,1,1,1,1,0.05,300,300,300,300,300,300,300,300,300,300,300,300,300,300,300
ppo_best,0,311,2,0.387914,0.115589,-0.290375,1.06352,6784.63,186.437,21.994,4.34543,1.48427,0.127289,0.0270496,0.03586,0.227323,0.168471,0.404769,0.297242,0,0.125,-1,300,0,4.34543,0.227323,0.404769,0.297242,0,6598.19,1,1,1,1,0.05,300,300,300,300,300,300,300,300,300,300,300,300,300,300,300
ppo_best,0,312,7,0.559899,0.192461,0.444658,0.935214,6650.58,393.602,20.8566,6.24723,1.29543,0.119054,0.0143654,0.0171741,0.267228,0.330092,0.592054,0.449353,0,0.125,-1,300,0,6.24723,0.267228,0.592054,0.449353,0,6256.98,1,1,1,1,0.05,300,300,300,300,300,300,300,300,300,300,300,300,300,300,300
ppo_best,0,313,6,0.179252,0.0296194,0.126633,1.00058,12163.6,741.419,38.0739,8.61291,1.09833,0.0245664,0.0103724,0.00551559,1.54449,0.706496,0.181682,0.126634,0,0.125,-1,300,0,8.61291,1.54449,0.181682,0.126634,0,11422.2,1,1,1,1,0.05,300,300,300,300,300,300,300,300,300,300,300,300,300,300,300
ppo_best,0,314,1,0.540821,0.156638,0.228906,1.05045,9451.58,366.689,30.283,6.05816,3.30789,0.0449215,0.00934138,0.0209229,0.261222,0.230052,0.563048,0.234399,0,0.125,-1,300,0,6.05816,0.261222,0.563048,0.234399,0,9084.89,1,1,1,1,0.05,300,300,300,300,300,300,300,300,300,300,300,300,300,300,300
ppo_best,0,315,2,0.546518,0.0208903,0.1868,0.999325,5812.01,297.943,18.3802,5.45429,1.67881,0.121664,0.014781,0.0591121,0.372667,0.143631,0.546917,0.186802,0,0.125,-1,300,0,5.45429,0.372667,0.546917,0.186802,0,5514.06,1,1,1,1,0.05,300,300,300,300,300,300,300,300,300,300,300,300,300,300,300
ppo_best,0,316,6,0.379898,0.0990158,0.136911,0.946002,8504.51,467.886,26.7888,6.7976,1.77396,0.100448,0.0067074,0.0282806,0.761578,0.352432,0.392589,0.147175,0,0.125,-1,300,0,6.7976,0.761578,0.392589,0.147175,0,8036.62,1,1,1,1,0.05,300,300,300,300,300,300,300,300,300,300,300,300,300,300,300
ppo_best,0,317,0,0.476567,0.0097481,-0.144267,1.06707,17027.8,793.446,54.1146,8.82608,2.77124,0.0894786,0.0136483,0.0308194,0.798203,0.909853,0.476667,0.159095,1,0.125,0,300,0,8.82608,0.798203,0.476667,0.159095,1,16234.4,1,1,1,1,0.05,300,300,300,300,300,300,300,300,300,300,300,300,300,300,300
ppo_best,0,318,0,0.30634,0.060388,-0.0259303,1.00354,8427.11,507.457,26.3988,7.08153,2.7232,0.0694959,0.0108741,0.0458257,0.755913,0.23523,0.312235,0.0261712,1,0.125,0,300,0,7.08153,0.755913,0.312235,0.0261712,1,7919.65,1,1,1,1,0.05,300,300,300,300,300,300,300,300,300,300,300,300,300,300,300
ppo_best,0,319,6,0.279795,0.108873,0.45566,0.939115,6581.05,394.101,20.6231,6.27648,1.35154,0.101468,0.0196346,0.0249222,0.845153,0.131861,0.300231,0.45971,0,0.125,-1,300,0,6.27648,0.845153,0.300231,0.45971,0,6186.94,1,1,1,1,0.05,300,300,300,300,300,300,300,300,300,300,300,300,300,300,300
ppo_best,0,320,6,0.345015,0.0714431,-0.328829,0.932712,14328.9,1182.23,43.8222,10.8343,3.46175,0.0843739,0.00711292,0.0345348,1.83693,0.345299,0.352334,0.335643,0,0.125,-1,300,0,10.8343,1.83693,0.352334,0.335643,0,13146.7,1,1,1,1,0.05,300,300,300,300,300,300,300,300,300,300,300,300,300,300,300
ppo_best,0,321,6,0.406561,0.0892274,0.165769,1.0385,4663.97,372.305,14.3056,6.06995,1.27794,0.0783584,0.0130451,0.0362332,0.3465,0.279297,0.416237,0.170181,0,0.125,-1,300,0,6.06995,0.3465,0.416237,0.170181,0,4291.67,1,1,1,1,0.05,300,300,300,300,300,300,300,300,300,300,300,300,300,300,300
ppo_best,0,322,1,0.523313,0.159051,-0.204874,1.00311,5347.15,258.887,16.9609,5.06625,1.58819,0.0697756,0.0101218,0.0173595,0.494591,0.228063,0.54695,0.204897,0,0.125,-1,300,0,5.06625,0.494591,0.54695,0.204897,0,5088.26,1,1,1,1,0.05,300,300,300,300,300,300,300,300,300,300,300,300,300,300,300
ppo_best,0,323,1,0.465792,0.151202,-0.385597,1.01357,9484.51,552.761,29.7725,7.44792,2.14457,0.153441,0.0229504,0.0623851,0.363688,0.118641,0.489719,0.385836,0,0.125,-1,300,0,7.44792,0.363688,0.489719,0.385836,0,8931.75,1,1,1,1,0.05,300,300,300,300,300,300,300,300,300,300,300,300,300,300,300
ppo_best,0,324,2,0.528964,0.137695,0.214005,0.956281,6074.95,272.375,19.3419,5.22854,0.752177,0.0963412,0.0144029,0.0158421,0.551948,0.135748,0.546592,0.218425,0,0.125,-1,300,0,5.22854,0.551948,0.546592,0.218425,0,5802.57,1,1,1,1,0.05,300,300,300,300,300,300,300,300,300,300,300,300,300,300,300
ppo_best,0,325,2,0.417285,0.0148537,0.184198,1.09749,13406.5,759.42,42.157,8.69109,4.4111,0.0295659,0.0171192,0.0142275,0.831574,0.808181,0.417549,0.208408,0,0.125,-1,300,0,8.69109,0.831574,0.417549,0.208408,0,12647.1,1,1,1,1,0.05,300,300,300,300,300,300,300,300,300,300,300,300,300,300,300
ppo_best,0,326,5,0.470452,0.0572531,-0.406424,0.986988,7006,309.796,22.3207,5.56779,0.859583,0.0670662,0.0297988,0.0360712,0.635363,0.158885,0.473923,0.406632,0,0.125,-1,300,0,5.56779,0.635363,0.473923,0.406632,0,6696.2,1,1,1,1,0.05,300,300,300,300,300,300,300,300,300,300,300,300,300,300,300
ppo_best,0,327,7,0.397174,0.166856,0.00229061,0.953952,8599.1,530.965,26.8938,7.27522,1.65666,0.0603723,0.0124689,0.044538,0.881837,0.0615381,0.430799,0.0461046,0,0.125,-1,300,0,7.27522,0.881837,0.430799,0.0461046,0,8068.13,1,1,1,1,0.05,300,300,300,300,300,300,300,300,300,300,300,300,300,300,300
ppo_best,0,328,3,0.0878533,0.175238,0.45217,1.06525,6988.14,266.856,22.4043,5.16773,1.35023,0.106833,0.0136231,0.0322357,0.746796,0.108049,0.196027,0.456854,0,0.125,-1,300,0,5.16773,0.746796,0.196027,0.456854,0,6721.28,1,1,1,1,0.05,300,300,300,300,300,300,300,300,300,300,300,300,300,300,300
ppo_best,0,329,4,0.32522,0.149409,0.106123,0.936815,15885.7,1002.04,49.6123,10.0019,3.07257,0.195356,0.0192892,0.036998,0.718151,0.182276,0.357898,0.123509,0,0.125,-1,300,0,10.0019,0.718151,0.357898,0.123509,0,14883.7,1,1,1,1,0.05,300,300,300,300,300,300,300,300,300,300,300,300,300,300,300
ppo_best,0,330,5,0.408386,0.16493,-0.272894,0.941168,11323.2,795.514,35.0924,8.88445,2.03301,0.0814008,0.0166315,0.0096064,1.14505,0.286945,0.440433,0.279163,0,0.125,-1,300,0,8.88445,1.14505,0.440433,0.279163,0,10527.7,1,1,1,1,0.05,300,300,300,300,300,300,300,300,300,300,300,300,300,300,300
ppo_best,0,331,1,0.41659,0.0486585,-0.452635,0.94547,15245.8,969.015,47.5893,9.7905,4.16927,0.0621441,0.0049447,0.0310609,1.30065,0.114665,0.419422,0.455908,0,0.125,-1,300,0,9.7905,1.30065,0.419422,0.455908,0,14276.8,1,1,1,1,0.05,300,300,300,300,300,300,300,300,300,300,300,300,300,300,300
ppo_best,0,332,5,0.435915,0.177869,0.0302012,1.03725,5143.88,105.292,16.7953,3.20141,0.216048,0.0666279,0.0217373,0.042502,0.390572,0.28018,0.470808,0.0479538,0,0.125,-1,300,0,3.20141,0.390572,0.470808,0.0479538,0,5038.58,1,1,1,1,0.05,300,300,300,300,300,300,300,300,300,300,300,300,300,300,300
ppo_best,0,333,2,0.334935,0.119872,0.0673442,0.943026,7342.31,420.475,23.0728,6.44163,1.51861,0.0433855,0.0228565,0.0266281,0.360243,0.172081,0.35574,0.0882116,0,0.125,-1,300,0,6.44163,0.360243,0.35574,0.0882116,0,6921.83,1,1,1,1,0.05,300,300,300,300,300,300,300,300,300,300,300,300,300,300,300
ppo_best,0,334,7,0.122317,0.0985006,0.299119,0.977415,10199,487.253,32.3724,6.95957,3.28217,0.0809863,0.0163213,0.0148364,0.610182,0.189822,0.157047,0.29997,0,0.125,-1,300,0,6.95957,0.610182,0.157047,0.29997,0,9711.71,1,1,1,1,0.05,300,300,300,300,300,300,300,300,300,300,300,300,300,300,300
ppo_best,0,335,5,0.347953,0.0910938,-0.0972562,0.982774,8012.24,545.462,24.8893,7.36553,1.81508,0.0492226,0.0152732,0.0501998,0.365168,0.0804782,0.359679,0.09877,0,0.125,-1,300,0,7.36553,0.365168,0.359679,0.09877,0,7466.78,1,1,1,1,0.05,300,300,300,300,300,300,300,300,300,300,300,300,300,300,300
ppo_best,0,336,7,0.417058,0.0389487,-0.362801,0.979404,4773.98,348.259,14.7524,5.87159,0.693287,0.0662447,0.0147496,0.034762,0.225756,0.381875,0.418872,0.363385,0,0.125,-1,300,0,5.87159,0.225756,0.418872,0.363385,0,4425.72,1,1,1,1,0.05,300,300,300,300,300,300,300,300,300,300,300,300,300,300,300
ppo_best,0,337,2,0.287771,0.153303,-0.477498,0.963653,8499.25,327.061,27.2406,5.69965,1.38924,0.130978,0.0181378,0.0345238,0.848808,0.144062,0.326059,0.47888,0,0.125,-1,300,0,5.69965,0.848808,0.326059,0.47888,0,8172.19,1,1,1,1,0.05,300,300,300,300,300,300,300,300,300,300,300,300,300,300,300
ppo_best,0,338,6,0.366033,0.0777399,-0.407425,1.04473,8125.29,411.247,25.7135,6.40541,2.52924,0.130901,0.013633,0.0310424,0.712889,0.351423,0.374198,0.409872,0,0.125,-1,300,0,6.40541,0.712889,0.374198,0.409872,0,7714.05,1,1,1,1,0.05,300,300,300,300,300,300,300,300,300,300,300,300,300,300,300
ppo_best,0,339,2,0.43166,0.190676,0.300864,1.08394,8805.27,535.2,27.5669,7.27405,2.26404,0.0469342,0.0084465,0.0473083,1.13428,0.318047,0.471898,0.312353,0,0.125,-1,300,0,7.27405,1.13428,0.471898,0.312353,0,8270.07,1,1,1,1,0.05,300,300,300,300,300,300,300,300,300,300,300,300,300,300,300
ppo_best,0,340,0,0.235435,0.181938,-0.0720006,1.06296,7388.9,278.591,23.701,5.26491,1.637,0.0815656,0.0193284,0.0367914,0.336961,0.106211,0.297541,0.0956443,1,0.125,0,300,0,5.26491,0.336961,0.297541,0.0956443,1,7110.31,1,1,1,1,0.05,300,300,300,300,300,300,300,300,300,300,300,300,300,300,300
ppo_best,0,341,1,0.346044,0.085523,-0.0117341,1.01089,7812.01,466.95,24.4835,6.84901,1.02619,0.0830119,0.0103707,0.025014,0.81769,0.250832,0.356456,0.0160099,0,0.125,-1,300,0,6.84901,0.81769,0.356456,0.0160099,0,7345.06,1,1,1,1,0.05,300,300,300,300,300,300,300,300,300,300,300,300,300,300,300
ppo_best,0,342,7,0.295602,0.141024,-0.22315,0.914352,6545.72,420.48,20.4175,6.45675,3.06038,0.114997,0.0135978,0.0342618,0.698576,0.189238,0.327518,0.239022,0,0.125,-1,300,0,6.45675,0.698576,0.327518,0.239022,0,6125.24,1,1,1,1,0.05,300,300,300,300,300,300,300,300,300,300,300,300,300,300,300
ppo_best,0,343,4,0.27064,0.169972,0.0572248,0.926536,5439.77,175.763,17.5467,4.21571,1.86105,0.174396,0.0185495,0.022782,0.614961,0.271212,0.319588,0.0931217,0,0.125,-1,300,0,4.21571,0.614961,0.319588,0.0931217,0,5264,1,1,1,1,0.05,300,300,300,300,300,300,300,300,300,300,300,300,300,300,300
ppo_best,0,344,7,0.550105,0.0538472,0.465589,1.04671,4300.92,217.91,13.61,4.64313,1.12825,0.020594,0.00884446,0.0412997,0.867579,0.151989,0.552734,0.467927,0,0.125,-1,300,0,4.64313,0.867579,0.552734,0.467927,0,4083.01,1,1,1,1,0.05,300,300,300,300,300,300,300,300,300,300,300,300,300,300,300
ppo_best,0,345,0,0.404454,0.048566,0.257587,0.986202,6498.58,724.46,19.2471,8.44548,1.71238,0.0609861,0.0209143,0.0298591,0.833632,0.424679,0.40736,0.257956,1,0.125,0,300,0,8.44548,0.833632,0.40736,0.257956,1,5774.12,1,1,1,1,0.05,300,300,300,300,300,300,300,300,300,300,300,300,300,300,300
ppo_best,0,346,5,0.506885,0.0104643,-0.0350229,1.07304,6803.91,406.832,21.3236,6.34161,0.866981,0.159622,0.0277376,0.0175856,0.714646,0.557795,0.506993,0.0809985,0,0.125,-1,300,0,6.34161,0.714646,0.506993,0.0809985,0,6397.08,1,1,1,1,0.05,300,300,300,300,300,300,300,300,300,300,300,300,300,300,300
ppo_best,0,347,7,0.35006,0.0843223,0.120123,0.918154,5619.92,418.936,17.3366,6.44194,1.41502,0.0330364,0.0279496,0.0174935,0.622744,0.115378,0.360073,0.145356,0,0.125,-1,300,0,6.44194,0.622744,0.360073,0.145356,0,5200.98,1,1,1,1,0.05,300,300,300,300,300,300,300,300,300,300,300,300,300,300,300
ppo_best,0,348,2,0.547418,0.13012,0.00534737,1.00731,14115,673.643,44.8045,8.22592,1.96136,0.0607819,0.00832603,0.0207609,0.57916,0.133921,0.56267,0.00905709,0,0.125,-1,300,0,8.22592,0.57916,0.56267,0.00905709,0,13441.3,1,1,1,1,0.05,300,300,300,300,300,300,300,300,300,300,300,300,300,300,300
ppo_best,0,349,0,0.110047,0.0355436,0.0558864,0.977223,8405.16,554.121,26.1701,7.43821,2.32321,0.0333303,0.0274209,0.0510622,0.423894,0.343458,0.115644,0.0603496,1,0.125,0,300,0,7.43821,0.423894,0.115644,0.0603496,1,7851.04,1,1,1,1,0.05,300,300,300,300,300,300,300,300,300,300,300,300,300,300,300
ppo_best,0,350,5,0.338617,0.0653882,-0.406621,1.05642,12831.6,958.092,39.5784,9.82887,2.52633,0.0973575,0.0118145,0.0371622,0.867506,0.24379,0.344872,0.410517,0,0.125,-1,300,0,9.82887,0.867506,0.344872,0.410517,0,11873.5,1,1,1,1,0.05,300,300,300,300,300,300,300,300,300,300,300,300,300,300,300
ppo_best,0,351,5,0.129226,0.199756,0.201507,0.923349,12046.7,524.946,38.4058,7.25793,2.39187,0.0814388,0.00960856,0.0361674,0.82392,0.075344,0.237911,0.215593,0,0.125,-1,300,0,7.25793,0.82392,0.237911,0.215593,0,11521.7,1,1,1,1,0.05,300,300,300,300,300,300,300,300,300,300,300,300,300,300,300
ppo_best,0,352,1,0.1832,0.102368,-0.0627959,1.0269,7076.34,295.872,22.6015,5.43476,0.692525,0.0924077,0.0167381,0.0430396,0.377709,0.321386,0.20986,0.0683146,0,0.125,-1,300,0,5.43476,0.377709,0.20986,0.0683146,0,6780.46,1,1,1,1,0.05,300,300,300,300,300,300,300,300,300,300,300,300,300,300,300
ppo_best,0,353,4,0.371348,0.164725,0.0792269,0.901413,6017.54,387.557,18.7666,6.21093,1.08988,0.0489804,0.00713557,0.0383086,1.11221,0.24021,0.406243,0.126477,0,0.125,-1,300,0,6.21093,1.11221,0.406243,0.126477,0,5629.98,1,1,1,1,0.05,300,300,300,300,300,300,300,300,300,300,300,300,300,300,300
ppo_best,0,354,5,0.318418,0.192747,-0.223969,0.963992,10825.8,484.634,34.4707,6.95353,2.11394,0.0567357,0.00931628,0.0231728,0.318519,0.120395,0.372212,0.226845,0,0.125,-1,300,0,6.95353,0.318519,0.372212,0.226845,0,10341.2,1,1,1,1,0.05,300,300,300,300,300,300,300,300,300,300,300,300,300,300,300
ppo_best,0,355,6,0.287476,0.143926,-0.188831,1.0234,5997.57,259.179,19.128,5.07936,1.63501,0.0956295,0.0150313,0.00943569,0.167256,0.15544,0.321492,0.190275,0,0.125,-1,300,0,5.07936,0.167256,0.321492,0.190275,0,5738.39,1,1,1,1,0.05,300,300,300,300,300,300,300,300,300,300,300,300,300,300,300
ppo_best,0,356,1,0.505179,0.102224,-0.389365,1.07732,10657.8,543.11,33.7157,7.36162,3.72961,0.0948112,0.0200046,0.0283589,0.92573,0.265754,0.515418,0.396967,0,0.125,-1,300,0,7.36162,0.92573,0.515418,0.396967,0,10114.7,1,1,1,1,0.05,300,300,300,300,300,300,300,300,300,300,300,300,300,300,300
ppo_best,0,357,4,0.571781,0.140425,0.0417511,1.02408,9307.44,720.798,28.6221,8.46094,1.44768,0.075695,0.012897,0.0304983,1.4698,0.227787,0.588772,0.0481953,0,0.125,-1,300,0,8.46094,1.4698,0.588772,0.0481953,0,8586.64,1,1,1,1,0.05,300,300,300,300,300,300,300,300,300,300,300,300,300,300,300
ppo_best,0,358,2,0.303081,0.0220071,0.279581,1.06682,10319.2,388.197,33.1034,6.28959,2.91061,0.0409168,0.0276273,0.0491126,0.913943,0.329696,0.303879,0.287455,0,0.125,-1,300,0,6.28959,0.913943,0.303879,0.287455,0,9931.02,1,1,1,1,0.05,300,300,300,300,300,300,300,300,300,300,300,300,300,300,300
ppo_best,0,359,1,0.416518,0.0427807,0.182969,1.01204,7644.53,480.847,23.8789,6.90343,1.49067,0.0564434,0.0089365,0.0386205,0.218363,0.341934,0.418709,0.183365,0,0.125,-1,300,0,6.90343,0.218363,0.418709,0.183365,0,7163.68,1,1,1,1,0.05,300,300,300,300,300,300,300,300,300,300,300,300,300,300,300
ppo_best,0,360,6,0.244755,0.0767382,-0.204495,1.08207,17693.6,973.254,55.7346,9.89848,3.35414,0.0325603,0.0128147,0.0408447,1.69768,0.236169,0.256503,0.22035,0,0.125,-1,300,0,9.89848,1.69768,0.256503,0.22035,0,16720.4,1,1,1,1,0.05,300,300,300,300,300,300,300,300,300,300,300,300,300,300,300
ppo_best,0,361,0,0.401134,0.191335,-0.0548563,1.02419,11152.3,820.476,34.4393,8.9776,1.66734,0.0219475,0.0152982,0.0217046,0.857411,0.157256,0.44443,0.0599527,1,0.125,0,300,0,8.9776,0.857411,0.44443,0.0599527,1,10331.8,1,1,1,1,0.05,300,300,300,300,300,300,300,300,300,300,300,300,300,300,300
ppo_best,0,362,0,0.54002,0.121682,0.448494,1.09173,9770.98,621.877,30.497,7.82822,3.33218,0.0919618,0.00693165,0.00817628,1.53397,0.126804,0.55356,0.457779,1,0.125,0,300,0,7.82822,1.53397,0.55356,0.457779,1,9149.11,1,1,1,1,0.05,300,300,300,300,300,300,300,300,300,300,300,300,300,300,300
ppo_best,0,363,6,0.394586,0.059517,-0.412949,1.01429,10111.4,569.667,31.8059,7.48674,1.92123,0.0673618,0.0180176,0.0148267,0.40085,0.0858552,0.39905,0.413196,0,0.125,-1,300,0,7.48674,0.40085,0.39905,0.413196,0,9541.77,1,1,1,1,0.05,300,300,300,300,300,300,300,300,300,300,300,300,300,300,300
ppo_best,0,364,2,0.306726,0.0973354,-0.405558,1.04145,11535.5,728.152,36.0246,8.51492,2.87982,0.102528,0.0133288,0.0443803,0.86304,0.363949,0.321799,0.40767,0,0.125,-1,300,0,8.51492,0.86304,0.321799,0.40767,0,10807.4,1,1,1,1,0.05,300,300,300,300,300,300,300,300,300,300,300,300,300,300,300
ppo_best,0,365,0,0.502168,0.0784154,-0.076708,1.01259,7186.73,384.412,22.6744,6.20349,1.4848,0.0637822,0.0202925,0.0134443,0.397296,0.251258,0.508253,0.0777348,1,0.125,0,300,0,6.20349,0.397296,0.508253,0.0777348,1,6802.31,1,1,1,1,0.05,300,300,300,300,300,300,300,300,300,300,300,300,300,300,300
ppo_best,0,366,2,0.505398,0.083742,0.48886,0.972227,6454.09,268.95,20.6172,5.17553,2.34308,0.0348026,0.0193417,0.0218601,0.586702,0.43826,0.512289,0.489648,0,0.125,-1,300,0,5.17553,0.586702,0.512289,0.489648,0,6185.14,1,1,1,1,0.05,300,300,300,300,300,300,300,300,300,300,300,300,300,300,300
ppo_best,0,367,1,0.221341,0.108071,0.372375,1.03482,6486.32,421.738,20.2153,6.493,2.11733,0.0817659,0.00719342,0.0361724,0.700184,0.228538,0.246315,0.373999,0,0.125,-1,300,0,6.493,0.700184,0.246315,0.373999,0,6064.58,1,1,1,1,0.05,300,300,300,300,300,300,300,300,300,300,300,300,300,300,300
ppo_best,0,368,7,0.519395,0.111006,0.310006,0.988853,5589.34,299.428,17.633,5.45919,1.67405,0.111234,0.02422,0.0162831,0.515564,0.331467,0.531125,0.310206,0,0.125,-1,300,0,5.45919,0.515564,0.531125,0.310206,0,5289.91,1,1,1,1,0.05,300,300,300,300,300,300,300,300,300,300,300,300,300,300,300
ppo_best,0,369,0,0.523759,0.12669,-0.35781,1.04453,7339.62,555.751,22.6129,7.41034,1.89431,0.107199,0.0295709,0.0156959,0.72759,0.360932,0.538864,0.36057,1,0.125,0,300,0,7.41034,0.72759,0.538864,0.36057,1,6783.87,1,1,1,1,0.05,300,300,300,300,300,300,300,300,300,300,300,300,300,300,300
ppo_best,0,370,5,0.421928,0.173748,0.0534937,1.08513,10355.6,634.527,32.4037,7.93692,2.25985,0.0579974,0.028791,0.0345065,1.00622,0.0812936,0.456302,0.100544,0,0.125,-1,300,0,7.93692,1.00622,0.456302,0.100544,0,9721.11,1,1,1,1,0.05,300,300,300,300,300,300,300,300,300,300,300,300,300,300,300
ppo_best,0,371,0,0.424698,0.0301945,-0.101151,0.979339,10162.1,514.897,32.1574,7.13849,2.64481,0.0345649,0.0230289,0.018983,0.500088,0.261158,0.42577,0.10324,1,0.125,0,300,0,7.13849,0.500088,0.42577,0.10324,1,9647.23,1,1,1,1,0.05,300,300,300,300,300,300,300,300,300,300,300,300,300,300,300
ppo_best,0,372,7,0.414886,0.0438999,0.342851,1.00871,8231.37,494.38,25.79,6.98974,1.26004,0.067664,0.013248,0.0372739,0.546326,0.515522,0.417202,0.342961,0,0.125,-1,300,0,6.98974,0.546326,0.417202,0.342961,0,7736.99,1,1,1,1,0.05,300,300,300,300,300,300,300,300,300,300,300,300,300,300,300
ppo_best,0,373,0,0.566468,0.067077,-0.181517,1.06639,7146.93,255.601,22.9711,5.07543,2.00893,0.0963897,0.00567465,0.0211192,0.715795,0.369523,0.570425,0.193276,1,0.125,0,300,0,5.07543,0.715795,0.570425,0.193276,1,6891.33,1,1,1,1,0.05,300,300,300,300,300,300,300,300,300,300,300,300,300,300,300
ppo_best,0,374,5,0.495562,0.186593,-0.230633,0.906701,9604.07,550.135,30.1798,7.41812,0.820174,0.0815001,0.00675359,0.0493924,1.2554,0.25074,0.529527,0.24879,0,0.125,-1,300,0,7.41812,1.2554,0.529527,0.24879,0,9053.94,1,1,1,1,0.05,300,300,300,300,300,300,300,300,300,300,300,300,300,300,300
ppo_best,0,375,1,0.531094,0.118337,-0.0713642,1.06725,8538.86,413.601,27.0842,6.43618,0.951951,0.188575,0.0163357,0.0430897,0.528459,0.295803,0.544118,0.098061,0,0.125,-1,300,0,6.43618,0.528459,0.544118,0.098061,0,8125.25,1,1,1,1,0.05,300,300,300,300,300,300,300,300,300,300,300,300,300,300,300
ppo_best,0,376,7,0.294541,0.0568933,-0.170065,0.939677,8464.34,412.119,26.8407,6.43012,2.95125,0.0103424,0.0285093,0.0430755,0.645526,0.35187,0.299985,0.180446,0,0.125,-1,300,0,6.43012,0.645526,0.299985,0.180446,0,8052.22,1,1,1,1,0.05,300,300,300,300,300,300,300,300,300,300,300,300,300,300,300
ppo_best,0,377,0,0.583715,0.0989951,-0.166943,0.985131,10585.4,694.966,32.9682,8.27173,2.6177,0.0530807,0.0170669,0.0437538,0.902519,0.30445,0.59205,0.167604,1,0.125,0,300,0,8.27173,0.902519,0.59205,0.167604,1,9890.45,1,1,1,1,0.05,300,300,300,300,300,300,300,300,300,300,300,300,300,300,300
ppo_best,0,378,1,0.354138,0.036537,0.301697,1.0723,8670.41,280.838,27.9652,5.22262,1.4507,0.0563553,0.0222768,0.0280159,0.879466,0.457951,0.356018,0.310239,0,0.125,-1,300,0,5.22262,0.879466,0.356018,0.310239,0,8389.58,1,1,1,1,0.05,300,300,300,300,300,300,300,300,300,300,300,300,300,300,300
ppo_best,0,379,4,0.511535,0.118601,-0.302561,0.900403,6966.89,254.995,22.373,5.06554,1.23745,0.070515,0.00943638,0.0268128,0.929697,0.179997,0.525104,0.318532,0,0.125,-1,300,0,5.06554,0.929697,0.525104,0.318532,0,6711.89,1,1,1,1,0.05,300,300,300,300,300,300,300,300,300,300,300,300,300,300,300
ppo_best,0,380,5,0.278754,0.126127,-0.201996,1.00249,8979.26,354.548,28.749,5.92378,1.20877,0.108377,0.0141345,0.031999,0.210768,0.190224,0.30596,0.202012,0,0.125,-1,300,0,5.92378,0.210768,0.30596,0.202012,0,8624.71,1,1,1,1,0.05,300,300,300,300,300,300,300,300,300,300,300,300,300,300,300
ppo_best,0,381,6,0.529637,0.0741619,0.272854,0.918284,9719.16,540.915,30.5941,7.33064,1.5374,0.0682439,0.0116925,0.047846,0.469372,0.454789,0.534805,0.284827,0,0.125,-1,300,0,7.33064,0.469372,0.534805,0.284827,0,9178.25,1,1,1,1,0.05,300,300,300,300,300,300,300,300,300,300,300,300,300,300,300
ppo_best,0,382,6,0.242279,0.0508121,0.367125,1.06781,7620.73,404.074,24.0555,6.37074,2.2944,0.0636519,0.0132136,0.0225371,0.895412,0.146337,0.24755,0.373335,0,0.125,-1,300,0,6.37074,0.895412,0.24755,0.373335,0,7216.66,1,1,1,1,0.05,300,300,300,300,300,300,300,300,300,300,300,300,300,300,300
ppo_best,0,383,7,0.399685,0.0811844,-0.479479,1.06461,10296.9,627.155,32.2325,7.87858,2.10974,0.170978,0.0174387,0.0165346,0.679706,0.304489,0.407847,0.483812,0,0.125,-1,300,0,7.87858,0.679706,0.407847,0.483812,0,9669.76,1,1,1,1,0.05,300,300,300,300,300,300,300,300,300,300,300,300,300,300,300
ppo_best,0,384,3,0.315425,0.146611,-0.488791,0.970312,13357.3,735.211,42.0737,8.57751,2.48183,0.0314967,0.00731397,0.03358,0.60034,0.161478,0.347833,0.489691,0,0.125,-1,300,0,8.57751,0.60034,0.347833,0.489691,0,12622.1,1,1,1,1,0.05,300,300,300,300,300,300,300,300,300,300,300,300,300,300,300
ppo_best,0,385,1,0.17185,0.0968964,0.0292453,1.09959,10161.1,531.952,32.0973,7.28227,2.3692,0.0459344,0.00569549,0.0443496,1.11192,0.318736,0.197285,0.103799,0,0.125,-1,300,0,7.28227,1.11192,0.197285,0.103799,0,9629.19,1,1,1,1,0.05,300,300,300,300,300,300,300,300,300,300,300,300,300,300,300
ppo_best,0,386,1,0.259546,0.192727,-0.146458,1.07658,6438.34,271.013,20.5577,5.18201,2.18148,0.136642,0.0089587,0.0318554,0.606456,0.110483,0.323277,0.165268,0,0.125,-1,300,0,5.18201,0.606456,0.323277,0.165268,0,6167.32,1,1,1,1,0.05,300,300,300,300,300,300,300,300,300,300,300,300,300,300,300
ppo_best,0,387,3,0.260245,0.0567743,-0.462379,0.964794,8427.23,658.835,25.8947,8.06354,2.92411,0.0405785,0.0176089,0.0371235,0.875689,0.389142,0.266365,0.463718,0,0.125,-1,300,0,8.06354,0.875689,0.266365,0.463718,0,7768.4,1,1,1,1,0.05,300,300,300,300,300,300,300,300,300,300,300,300,300,300,300
ppo_best,0,388,4,0.36414,0.153462,0.0118699,1.06225,12443.3,645.035,39.3274,8.03679,3.04065,0.0690944,0.0230912,0.0127799,0.375898,0.146057,0.395156,0.0633737,0,0.125,-1,300,0,8.03679,0.375898,0.395156,0.0633737,0,11798.2,1,1,1,1,0.05,300,300,300,300,300,300,300,300,300,300,300,300,300,300,300
ppo_best,0,389,4,0.479893,0.0281977,0.10513,1.08199,11281.6,495.664,35.953,7.00842,3.6612,0.124235,0.014219,0.00736982,0.666903,0.636731,0.480721,0.13332,0,0.125,-1,300,0,7.00842,0.666903,0.480721,0.13332,0,10785.9,1,1,1,1,0.05,300,300,300,300,300,300,300,300,300,300,300,300,300,300,300
ppo_best,0,390,5,0.458855,0.147624,-0.126113,1.01153,6388.89,256.063,20.4428,5.06654,1.49559,0.10776,0.00662675,0.0411348,0.172073,0.0839265,0.482017,0.126639,0,0.125,-1,300,0,5.06654,0.172073,0.482017,0.126639,0,6132.83,1,1,1,1,0.05,300,300,300,300,300,300,300,300,300,300,300,300,300,300,300
ppo_best,0,391,4,0.333444,0.163881,0.400706,1.06615,6531.12,276.346,20.8493,5.24895,2.48146,0.102467,0.0125364,0.0222716,1.24414,0.228813,0.37154,0.40613,0,0.125,-1,300,0,5.24895,1.24414,0.37154,0.40613,0,6254.78,1,1,1,1,0.05,300,300,300,300,300,300,300,300,300,300,300,300,300,300,300
ppo_best,0,392,1,0.161042,0.129432,0.13121,1.02321,6748.82,292.469,21.5212,5.40605,0.8208,0.0583843,0.0313648,0.0142391,0.267277,0.177815,0.206608,0.133247,0,0.125,-1,300,0,5.40605,0.267277,0.206608,0.133247,0,6456.36,1,1,1,1,0.05,300,300,300,300,300,300,300,300,300,300,300,300,300,300,300
ppo_best,0,393,7,0.523187,0.1303,0.420048,0.914593,6723.46,271.658,21.506,5.18789,0.338928,0.038406,0.00615375,0.0471793,0.310046,0.257191,0.539168,0.428642,0,0.125,-1,300,0,5.18789,0.310046,0.539168,0.428642,0,6451.8,1,1,1,1,0.05,300,300,300,300,300,300,300,300,300,300,300,300,300,300,300
ppo_best,0,394,6,0.613384,0.0349689,0.032353,1.04717,10386.2,428.851,33.1912,6.49507,2.67431,0.0525443,0.0202509,0.0595271,0.451195,0.574888,0.61438,0.0571994,0,0.125,-1,300,0,6.49507,0.451195,0.61438,0.0571994,0,9957.36,1,1,1,1,0.05,300,300,300,300,300,300,300,300,300,300,300,300,300,300,300
ppo_best,0,395,7,0.450271,0.187496,0.119905,1.07711,11618.4,767.778,36.1687,8.70454,3.17349,0.0653562,0.0242265,0.0471687,1.71881,0.159271,0.487749,0.14256,0,0.125,-1,300,0,8.70454,1.71881,0.487749,0.14256,0,10850.6,1,1,1,1,0.05,300,300,300,300,300,300,300,300,300,300,300,300,300,300,300
ppo_best,0,396,7,0.502121,0.0353992,0.242455,1.02197,11231.9,437.575,35.9812,6.63515,2.90273,0.0485336,0.00290242,0.0215811,0.233918,0.197229,0.503368,0.243448,0,0.125,-1,300,0,6.63515,0.233918,0.503368,0.243448,0,10794.4,1,1,1,1,0.05,300,300,300,300,300,300,300,300,300,300,300,300,300,300,300
ppo_best,0,397,7,0.295268,0.195294,0.399915,0.925666,11666.5,721.016,36.4848,8.43541,3.19236,0.12447,0.00972155,0.0287663,0.834775,0.137746,0.354009,0.406764,0,0.125,-1,300,0,8.43541,0.834775,0.354009,0.406764,0,10945.4,1,1,1,1,0.05,300,300,300,300,300,300,300,300,300,300,300,300,300,300,300
ppo_best,0,398,3,0.368696,0.169547,-0.0506253,1.01582,11152.3,701.685,34.8352,8.28609,2.63576,0.110441,0.0141841,0.0473353,1.10408,0.192319,0.405811,0.0530389,0,0.125,-1,300,0,8.28609,1.10408,0.405811,0.0530389,0,10450.6,1,1,1,1,0.05,300,300,300,300,300,300,300,300,300,300,300,300,300,300,300
ppo_best,0,399,6,0.297299,0.0492507,-0.357841,0.917894,7990.33,193.723,25.9887,4.44175,0.900819,0.0925446,0.0120152,0.0299284,1.48525,0.496328,0.301351,0.367139,0,0.125,-1,300,0,4.44175,1.48525,0.301351,0.367139,0,7796.61,1,1,1,1,0.05,300,300,300,300,300,300,300,300,300,300,300,300,300,300,300
ppo_best,0,400,2,0.264941,0.137543,-0.148108,0.980325,9089.77,454.579,28.784,6.73298,1.67034,0.114591,0.0138441,0.0307774,0.38149,0.104582,0.298516,0.149409,0,0.125,-1,300,0,6.73298,0.38149,0.298516,0.149409,0,8635.19,1,1,1,1,0.05,300,300,300,300,300,300,300,300,300,300,300,300,300,300,300
ppo_best,0,401,3,0.296728,0.000404882,-0.425452,0.981845,7140.23,805.931,21.1143,8.88857,0.821766,0.15094,0.0183644,0.0492471,1.1531,0.468512,0.296728,0.42584,0,0.125,-1,300,0,8.88857,1.1531,0.296728,0.42584,0,6334.3,1,1,1,1,0.05,300,300,300,300,300,300,300,300,300,300,300,300,300,300,300
ppo_best,0,402,1,0.216416,0.15754,-0.0150013,1.05799,7314.44,561.213,22.5107,7.42552,0.289968,0.0561148,0.0238586,0.00886752,0.651553,0.311334,0.267684,0.0598959,0,0.125,-1,300,0,7.42552,0.651553,0.267684,0.0598959,0,6753.22,1,1,1,1,0.05,300,300,300,300,300,300,300,300,300,300,300,300,300,300,300
ppo_best,0,403,2,0.408868,0.0841343,-0.429833,1.03097,6579.19,249.961,21.0974,4.96441,0.513029,0.0261607,0.0242986,0.0131954,0.308764,0.230687,0.417434,0.430947,0,0.125,-1,300,0,4.96441,0.308764,0.417434,0.430947,0,6329.23,1,1,1,1,0.05,300,300,300,300,300,300,300,300,300,300,300,300,300,300,300
ppo_best,0,404,5,0.310358,0.135223,-0.168952,0.911554,8472.66,385.594,26.9569,6.19345,0.680253,0.0463363,0.0211117,0.0318479,0.25836,0.160415,0.338537,0.190703,0,0.125,-1,300,0,6.19345,0.25836,0.338537,0.190703,0,8087.07,1,1,1,1,0.05,300,300,300,300,300,300,300,300,300,300,300,300,300,300,300
ppo_best,0,405,3,0.321923,0.115944,0.388231,1.08213,7854.31,453.771,24.6685,6.75461,0.90276,0.130288,0.0181922,0.0781247,1.37186,0.395758,0.342166,0.396823,0,0.125,-1,300,0,6.75461,1.37186,0.342166,0.396823,0,7400.54,1,1,1,1,0.05,300,300,300,300,300,300,300,300,300,300,300,300,300,300,300
ppo_best,0,406,7,0.394616,0.022301,0.147291,0.993311,8189.01,437.134,25.8396,6.6014,2.6635,0.100992,0.0127405,0.027919,0.543788,0.353029,0.395246,0.147442,0,0.125,-1,300,0,6.6014,0.543788,0.395246,0.147442,0,7751.87,1,1,1,1,0.05,300,300,300,300,300,300,300,300,300,300,300,300,300,300,300
ppo_best,0,407,5,0.365296,0.0857239,-0.378606,1.03194,9682.72,605.748,30.2566,7.72451,3.10958,0.0490844,0.0213534,0.0193116,0.455557,0.254681,0.375219,0.379951,0,0.125,-1,300,0,7.72451,0.455557,0.375219,0.379951,0,9076.97,1,1,1,1,0.05,300,300,300,300,300,300,300,300,300,300,300,300,300,300,300
ppo_best,0,408,4,0.428481,0.0425136,0.171559,0.967983,6157.17,273.022,19.6138,5.2176,1.90698,0.0950973,0.0127,0.0402334,0.498308,0.136577,0.430585,0.174521,0,0.125,-1,300,0,5.2176,0.498308,0.430585,0.174521,0,5884.15,1,1,1,1,0.05,300,300,300,300,300,300,300,300,300,300,300,300,300,300,300
ppo_best,0,409,4,0.447702,0.111254,0.378374,1.03541,5845.73,384.395,18.2045,6.13552,2.5128,0.0259519,0.0153831,0.0478221,0.546936,0.371029,0.461318,0.380027,0,0.125,-1,300,0,6.13552,0.546936,0.461318,0.380027,0,5461.34,1,1,1,1,0.05,300,300,300,300,300,300,300,300,300,300,300,300,300,300,300
ppo_best,0,410,6,0.492714,0.0368814,0.364446,1.04698,12564.3,312.056,40.841,5.57885,2.46952,0.0302913,0.015584,0.0118182,0.625045,0.474768,0.494092,0.367461,0,0.125,-1,300,0,5.57885,0.625045,0.494092,0.367461,0,12252.3,1,1,1,1,0.05,300,300,300,300,300,300,300,300,300,300,300,300,300,300,300
ppo_best,0,411,3,0.553426,0.15929,-0.0689763,1.00341,11922.7,607.788,37.7165,7.79209,2.41793,0.087965,0.00820085,0.0205534,0.917386,0.180643,0.575894,0.0690607,0,0.125,-1,300,0,7.79209,0.917386,0.575894,0.0690607,0,11315,1,1,1,1,0.05,300,300,300,300,300,300,300,300,300,300,300,300,300,300,300
ppo_best,0,412,6,0.28927,0.106114,0.442084,0.983668,4866.41,123.605,15.8094,3.52163,1.70903,0.0539207,0.00393703,0.0185527,0.582335,0.22582,0.308119,0.442386,0,0.125,-1,300,0,3.52163,0.582335,0.308119,0.442386,0,4742.81,1,1,1,1,0.05,300,300,300,300,300,300,300,300,300,300,300,300,300,300,300
ppo_best,0,413,1,0.32742,0.146603,0.427108,1.07896,5729.08,216.822,18.3742,4.65392,0.676055,0.0735106,0.0207547,0.0543374,1.20239,0.111638,0.358743,0.434346,0,0.125,-1,300,0,4.65392,1.20239,0.358743,0.434346,0,5512.26,1,1,1,1,0.05,300,300,300,300,300,300,300,300,300,300,300,300,300,300,300
ppo_best,0,414,0,0.395379,0.129531,-0.438522,1.06021,6891.59,308.559,21.9435,5.52931,1.13137,0.0631986,0.0293594,0.0216844,0.515002,0.200717,0.416057,0.442636,1,0.125,0,300,0,5.52931,0.515002,0.416057,0.442636,1,6583.04,1,1,1,1,0.05,300,300,300,300,300,300,300,300,300,300,300,300,300,300,300
ppo_best,0,415,2,0.35295,0.183632,-0.00594509,0.927575,9004.6,554.154,28.1682,7.43007,1.84098,0.102531,0.0186023,0.0411697,0.838819,0.180176,0.397862,0.0726685,0,0.125,-1,300,0,7.43007,0.838819,0.397862,0.0726685,0,8450.45,1,1,1,1,0.05,300,300,300,300,300,300,300,300,300,300,300,300,300,300,300
ppo_best,0,416,3,0.365941,0.0882431,0.080357,0.928292,8231.71,418.747,26.0432,6.47576,2.16064,0.0492548,0.0251652,0.0333233,1.08821,0.354952,0.37643,0.1077,0,0.125,-1,300,0,6.47576,1.08821,0.37643,0.1077,0,7812.97,1,1,1,1,0.05,300,300,300,300,300,300,300,300,300,300,300,300,300,300,300
ppo_best,0,417,6,0.537745,0.012348,-0.273664,1.00206,14595.1,906.151,45.6299,9.43125,2.47353,0.104983,0.0181722,0.0118644,0.643958,0.538249,0.537887,0.273672,0,0.125,-1,300,0,9.43125,0.643958,0.537887,0.273672,0,13689,1,1,1,1,0.05,300,300,300,300,300,300,300,300,300,300,300,300,300,300,300
ppo_best,0,418,3,0.55676,0.0340366,0.067512,1.09034,11384.8,360.357,36.7483,5.97958,2.63357,0.0867994,0.014098,0.00889977,1.66403,0.299136,0.557799,0.112776,0,0.125,-1,300,0,5.97958,1.66403,0.557799,0.112776,0,11024.5,1,1,1,1,0.05,300,300,300,300,300,300,300,300,300,300,300,300,300,300,300
ppo_best,0,419,2,0.144543,0.0559639,0.139894,0.91052,8334.96,534.425,26.0018,7.29663,1.21652,0.0264462,0.00701248,0.0310489,0.792641,0.369706,0.154999,0.166064,0,0.125,-1,300,0,7.29663,0.792641,0.154999,0.166064,0,7800.54,1,1,1,1,0.05,300,300,300,300,300,300,300,300,300,300,300,300,300,300,300
ppo_best,0,420,5,0.265549,0.105357,0.330775,0.960781,6134.63,221.538,19.7103,4.71063,1.72206,0.0440429,0.0195873,0.0318639,0.602268,0.304079,0.285685,0.333092,0,0.125,-1,300,0,4.71063,0.602268,0.285685,0.333092,0,5913.09,1,1,1,1,0.05,300,300,300,300,300,300,300,300,300,300,300,300,300,300,300
ppo_best,0,421,0,0.428219,0.0696114,-0.405383,1.04565,4913.57,243.853,15.5657,4.91268,0.8185,0.0558534,0.0161477,0.0237228,0.402693,0.200373,0.43384,0.407946,1,0.125,0,300,0,4.91268,0.402693,0.43384,0.407946,1,4669.72,1,1,1,1,0.05,300,300,300,300,300,300,300,300,300,300,300,300,300,300,300
ppo_best,0,422,1,0.411124,0.0701053,-0.326067,0.929587,8140.79,335.349,26.0181,5.7971,2.71923,0.0870767,0.0112231,0.0560689,0.971506,0.130396,0.417058,0.333583,0,0.125,-1,300,0,5.7971,0.971506,0.417058,0.333583,0,7805.44,1,1,1,1,0.05,300,300,300,300,300,300,300,300,300,300,300,300,300,300,300
ppo_best,0,423,6,0.457993,0.0638256,-0.424822,1.02017,8352.63,540.504,26.0404,7.31573,2.8418,0.1716,0.0234686,0.0273511,0.649881,0.244022,0.462419,0.4253,0,0.125,-1,300,0,7.31573,0.649881,0.462419,0.4253,0,7812.13,1,1,1,1,0.05,300,300,300,300,300,300,300,300,300,300,300,300,300,300,300
ppo_best,0,424,5,0.34708,0.0224078,-0.375969,0.988983,7521.31,398.262,23.7435,6.29519,2.28139,0.0863534,0.00725552,0.0330702,0.561453,0.355147,0.347803,0.37613,0,0.125,-1,300,0,6.29519,0.561453,0.347803,0.37613,0,7123.04,1,1,1,1,0.05,300,300,300,300,300,300,300,300,300,300,300,300,300,300,300
ppo_best,0,425,1,0.324701,0.0942949,-0.218148,1.06411,9001.15,431.086,28.5669,6.56556,1.50576,0.0506469,0.0119033,0.020037,0.463658,0.29964,0.338116,0.227372,0,0.125,-1,300,0,6.56556,0.463658,0.338116,0.227372,0,8570.07,1,1,1,1,0.05,300,300,300,300,300,300,300,300,300,300,300,300,300,300,300
ppo_best,0,426,5,0.440634,0.0271729,0.390888,1.06034,6482.84,386.991,20.3195,6.20039,1.49904,0.107039,0.0100841,0.0287269,0.564906,0.16119,0.441471,0.395518,0,0.125,-1,300,0,6.20039,0.564906,0.441471,0.395518,0,6095.85,1,1,1,1,0.05,300,300,300,300,300,300,300,300,300,300,300,300,300,300,300
ppo_best,0,427,0,0.517961,0.0897886,0.329381,1.05817,9725.38,499.922,30.7515,7.05318,0.99163,0.0703207,0.0105051,0.0171016,0.865154,0.256437,0.525686,0.334479,1,0.125,0,300,0,7.05318,0.865154,0.525686,0.334479,1,9225.46,1,1,1,1,0.05,300,300,300,300,300,300,300,300,300,300,300,300,300,300,300
ppo_best,0,428,4,0.322814,0.101083,-0.24798,1.03373,5584.87,235.442,17.8314,4.84206,1.13985,0.0488425,0.0134272,0.0137264,0.396725,0.196974,0.33827,0.250263,0,0.125,-1,300,0,4.84206,0.396725,0.33827,0.250263,0,5349.43,1,1,1,1,0.05,300,300,300,300,300,300,300,300,300,300,300,300,300,300,300
ppo_best,0,429,6,0.215683,0.167167,-0.0866183,1.00295,7478.45,514.043,23.2147,7.10655,2.022,0.122014,0.0172035,0.0242931,0.285999,0.230903,0.272881,0.0866685,0,0.125,-1,300,0,7.10655,0.285999,0.272881,0.0866685,0,6964.4,1,1,1,1,0.05,300,300,300,300,300,300,300,300,300,300,300,300,300,300,300
ppo_best,0,430,2,0.334756,0.131251,0.498293,0.963076,7818.67,423.379,24.651,6.49316,2.00342,0.0530385,0.00648858,0.0322083,0.278421,0.179774,0.359567,0.499659,0,0.125,-1,300,0,6.49316,0.278421,0.359567,0.499659,0,7395.3,1,1,1,1,0.05,300,300,300,300,300,300,300,300,300,300,300,300,300,300,300
ppo_best,0,431,6,0.500557,0.0927651,-0.218089,1.08217,7374.77,514.135,22.8688,7.16478,2.5308,0.0818395,0.01959,0.0398716,0.585927,0.110774,0.509081,0.233054,0,0.125,-1,300,0,7.16478,0.585927,0.509081,0.233054,0,6860.63,1,1,1,1,0.05,300,300,300,300,300,300,300,300,300,300,300,300,300,300,300
ppo_best,0,432,0,0.461135,0.057457,0.165038,1.0056,6852.23,341.053,21.7039,5.8214,1.65356,0.0850208,0.00842869,0.028883,0.348403,0.183653,0.464701,0.165133,1,0.125,0,300,0,5.8214,0.348403,0.464701,0.165133,1,6511.18,1,1,1,1,0.05,300,300,300,300,300,300,300,300,300,300,300,300,300,300,300
ppo_best,0,433,0,0.541763,0.195732,-0.434967,0.984955,13498.6,671.782,42.7562,8.2059,3.18601,0.0740476,0.0106909,0.0407019,0.956693,0.212558,0.576037,0.435227,1,0.125,0,300,0,8.2059,0.956693,0.576037,0.435227,1,12826.9,1,1,1,1,0.05,300,300,300,300,300,300,300,300,300,300,300,300,300,300,300
ppo_best,0,434,5,0.548349,0.0717992,0.311115,1.09587,5316.31,201.35,17.0499,4.48107,0.116966,0.0402186,0.00670511,0.0223425,1.09611,0.313743,0.55303,0.325551,0,0.125,-1,300,0,4.48107,1.09611,0.55303,0.325551,0,5114.96,1,1,1,1,0.05,300,300,300,300,300,300,300,300,300,300,300,300,300,300,300
ppo_best,0,435,5,0.299991,0.0789739,-0.137008,0.990671,7340.34,557.651,22.609,7.42615,1.89799,0.0434112,0.0159394,0.0219321,0.852673,0.294113,0.310212,0.137325,0,0.125,-1,300,0,7.42615,0.852673,0.310212,0.137325,0,6782.69,1,1,1,1,0.05,300,300,300,300,300,300,300,300,300,300,300,300,300,300,300
ppo_best,0,436,7,0.432851,0.128038,-0.498842,0.957659,9220.48,600.542,28.7331,7.70941,2.515,0.16148,0.0131517,0.0826504,1.88974,0.161924,0.451391,0.500636,0,0.125,-1,300,0,7.70941,1.88974,0.451391,0.500636,0,8619.94,1,1,1,1,0.05,300,300,300,300,300,300,300,300,300,300,300,300,300,300,300
ppo_best,0,437,1,0.250843,0.191707,-0.0399078,0.969299,7288.47,422.116,22.8878,6.49578,1.82997,0.0827033,0.0179521,0.0199662,0.359201,0.21169,0.315712,0.0503509,0,0.125,-1,300,0,6.49578,0.359201,0.315712,0.0503509,0,6866.35,1,1,1,1,0.05,300,300,300,300,300,300,300,300,300,300,300,300,300,300,300
ppo_best,0,438,0,0.61681,0.0569022,0.198443,0.960827,6071.37,230.323,19.4701,4.7989,0.793298,0.144318,0.00754729,0.0209397,0.423245,0.205195,0.619429,0.202272,1,0.125,0,300,0,4.7989,0.423245,0.619429,0.202272,1,5841.04,1,1,1,1,0.05,300,300,300,300,300,300,300,300,300,300,300,300,300,300,300
ppo_best,0,439,5,0.350672,0.137132,-0.163497,0.930247,8677.38,401.27,27.5871,6.26287,1.24391,0.173113,0.0220832,0.044789,0.587677,0.212532,0.376532,0.177755,0,0.125,-1,300,0,6.26287,0.587677,0.376532,0.177755,0,8276.12,1,1,1,1,0.05,300,300,300,300,300,300,300,300,300,300,300,300,300,300,300
ppo_best,0,440,5,0.191467,0.137158,0.240443,0.978949,11432.9,563.264,36.232,7.45545,4.46002,0.125002,0.0131681,0.0262635,0.864724,0.185348,0.235524,0.241362,0,0.125,-1,300,0,7.45545,0.864724,0.235524,0.241362,0,10869.6,1,1,1,1,0.05,300,300,300,300,300,300,300,300,300,300,300,300,300,300,300
ppo_best,0,441,6,0.431981,0.0406939,-0.106476,0.943809,10862.9,740.755,33.7405,8.57991,2.87529,0.103438,0.0348567,0.0570066,0.954413,0.2723,0.433893,0.120393,0,0.125,-1,300,0,8.57991,0.954413,0.433893,0.120393,0,10122.1,1,1,1,1,0.05,300,300,300,300,300,300,300,300,300,300,300,300,300,300,300
ppo_best,0,442,2,0.348076,0.147054,0.0525206,0.90791,6725.8,500.458,20.7511,7.04781,0.460339,0.115625,0.0212981,0.027937,1.47578,0.180182,0.377864,0.106014,0,0.125,-1,300,0,7.04781,1.47578,0.377864,0.106014,0,6225.34,1,1,1,1,0.05,300,300,300,300,300,300,300,300,300,300,300,300,300,300,300
ppo_best,0,443,7,0.347576,0.0808054,-0.44612,0.978828,9816.62,611.81,30.6827,7.75956,2.87525,0.0790818,0.0153491,0.0499314,0.720126,0.270344,0.356845,0.446622,0,0.125,-1,300,0,7.75956,0.720126,0.356845,0.446622,0,9204.81,1,1,1,1,0.05,300,300,300,300,300,300,300,300,300,300,300,300,300,300,300
ppo_best,0,444,7,0.40249,0.190098,0.488615,0.951032,8788.08,546.806,27.4709,7.40177,2.40876,0.0407868,0.00501848,0.0309633,0.41858,0.156311,0.445124,0.491063,0,0.125,-1,300,0,7.40177,0.41858,0.445124,0.491063,0,8241.28,1,1,1,1,0.05,300,300,300,300,300,300,300,300,300,300,300,300,300,300,300
ppo_best,0,445,2,0.438036,0.178741,-0.0318912,1.04289,6363.05,468.428,19.6487,6.84212,1.88315,0.0634849,0.0220079,0.0184122,0.405784,0.0818176,0.4731,0.0534441,0,0.125,-1,300,0,6.84212,0.405784,0.4731,0.0534441,0,5894.62,1,1,1,1,0.05,300,300,300,300,300,300,300,300,300,300,300,300,300,300,300
ppo_best,0,446,1,0.377625,0.173819,0.101203,0.978009,8353.11,484.465,26.2288,6.94867,2.3367,0.0787605,0.0286687,0.0324485,0.481997,0.36797,0.415709,0.103564,0,0.125,-1,300,0,6.94867,0.481997,0.415709,0.103564,0,7868.65,1,1,1,1,0.05,300,300,300,300,300,300,300,300,300,300,300,300,300,300,300
ppo_best,0,447,3,0.324621,0.194452,0.0432259,1.03188,5053.34,361.408,15.6398,5.99349,1.93889,0.0749138,0.010491,0.0183855,0.44043,0.128632,0.378405,0.0537085,0,0.125,-1,300,0,5.99349,0.44043,0.378405,0.0537085,0,4691.94,1,1,1,1,0.05,300,300,300,300,300,300,300,300,300,300,300,300,300,300,300
ppo_best,0,448,1,0.358427,0.182054,0.419181,0.925247,7067.71,340.055,22.4255,5.83741,1.46986,0.0712176,0.0167103,0.0161575,0.539966,0.204858,0.402012,0.425795,0,0.125,-1,300,0,5.83741,0.539966,0.402012,0.425795,0,6727.65,1,1,1,1,0.05,300,300,300,300,300,300,300,300,300,300,300,300,300,300,300
ppo_best,0,449,1,0.429024,0.0666413,0.0655501,0.983961,5051.44,233.479,16.0599,4.82089,1.57594,0.0630057,0.0161002,0.0345951,0.359558,0.21563,0.434169,0.0674839,0,0.125,-1,300,0,4.82089,0.359558,0.434169,0.0674839,0,4817.96,1,1,1,1,0.05,300,300,300,300,300,300,300,300,300,300,300,300,300,300,300
ppo_best,0,450,3,0.555368,0.106034,-0.455238,1.00663,9955.41,417.856,31.7918,6.44857,2.38322,0.0848394,0.0124489,0.0481181,0.43719,0.201478,0.5654,0.455286,0,0.125,-1,300,0,6.44857,0.43719,0.5654,0.455286,0,9537.55,1,1,1,1,0.05,300,300,300,300,300,300,300,300,300,300,300,300,300,300,300
ppo_best,0,451,2,0.411304,0.103607,-0.46853,0.999782,12159.2,673.805,38.2846,8.17662,2.60521,0.142055,0.0214747,0.0133698,0.731153,0.260846,0.424153,0.46853,0,0.125,-1,300,0,8.17662,0.731153,0.424153,0.46853,0,11485.4,1,1,1,1,0.05,300,300,300,300,300,300,300,300,300,300,300,300,300,300,300
ppo_best,0,452,4,0.258893,0.1599,0.119028,1.02562,11775.5,663.091,37.0412,8.17843,2.93942,0.0354465,0.0116398,0.0316516,0.892847,0.318356,0.304292,0.121753,0,0.125,-1,300,0,8.17843,0.892847,0.304292,0.121753,0,11112.4,1,1,1,1,0.05,300,300,300,300,300,300,300,300,300,300,300,300,300,300,300
ppo_best,0,453,4,0.42652,0.0399436,-0.157306,0.982348,11086,671.375,34.7153,8.17252,3.00755,0.124255,0.00516885,0.0144786,1.10175,0.193542,0.428387,0.158293,0,0.125,-1,300,0,8.17252,1.10175,0.428387,0.158293,0,10414.6,1,1,1,1,0.05,300,300,300,300,300,300,300,300,300,300,300,300,300,300,300
ppo_best,0,454,6,0.278418,0.133468,-0.47287,1.05719,9750.69,393.356,31.1911,6.24607,2.90699,0.0819134,0.0105425,0.0261552,0.33268,0.248061,0.308756,0.476316,0,0.125,-1,300,0,6.24607,0.33268,0.308756,0.476316,0,9357.33,1,1,1,1,0.05,300,300,300,300,300,300,300,300,300,300,300,300,300,300,300
ppo_best,0,455,3,0.509629,0.0562642,-0.398456,1.00898,9459.53,507.502,29.8401,7.07884,2.23476,0.113598,0.0158332,0.00728254,0.405819,0.156771,0.512726,0.398558,0,0.125,-1,300,0,7.07884,0.405819,0.512726,0.398558,0,8952.03,1,1,1,1,0.05,300,300,300,300,300,300,300,300,300,300,300,300,300,300,300
ppo_best,0,456,7,0.413833,0.166409,0.204756,0.964832,11387.2,822.842,35.2144,9.07622,2.027,0.0488287,0.020173,0.0423033,0.645911,0.109436,0.446038,0.207754,0,0.125,-1,300,0,9.07622,0.645911,0.446038,0.207754,0,10564.3,1,1,1,1,0.05,300,300,300,300,300,300,300,300,300,300,300,300,300,300,300
ppo_best,0,457,2,0.461115,0.0485716,0.428233,1.0941,5269.31,210.301,16.8634,4.58969,0.832312,0.126088,0.0328254,0.0371023,1.10793,0.118341,0.463666,0.438449,0,0.125,-1,300,0,4.58969,1.10793,0.463666,0.438449,0,5059.01,1,1,1,1,0.05,300,300,300,300,300,300,300,300,300,300,300,300,300,300,300
ppo_best,0,458,1,0.242729,0.0563502,-0.30704,1.06957,13834.1,794.159,43.4664,8.91898,1.23876,0.0166423,0.0235864,0.039191,0.645939,0.348556,0.249184,0.314823,0,0.125,-1,300,0,8.91898,0.645939,0.249184,0.314823,0,13039.9,1,1,1,1,0.05,300,300,300,300,300,300,300,300,300,300,300,300,300,300,300
ppo_best,0,459,3,0.297844,0.0694949,0.249078,1.09423,11223.2,684.273,35.1298,8.28498,0.905149,0.0473204,0.0218487,0.0347148,1.66732,0.359234,0.305844,0.266305,0,0.125,-1,300,0,8.28498,1.66732,0.305844,0.266305,0,10538.9,1,1,1,1,0.05,300,300,300,300,300,300,300,300,300,300,300,300,300,300,300
ppo_best,0,460,5,0.407471,0.0341546,0.424305,1.0081,6985.15,431.795,21.8445,6.54455,1.23286,0.0919134,0.0168346,0.00912764,0.462515,0.572557,0.4089,0.424382,0,0.125,-1,300,0,6.54455,0.462515,0.4089,0.424382,0,6553.36,1,1,1,1,0.05,300,300,300,300,300,300,300,300,300,300,300,300,300,300,300
ppo_best,0,461,3,0.440203,0.125276,0.26757,0.986294,10408,696.704,32.371,8.30944,2.79212,0.055628,0.0054937,0.0563226,0.740709,0.27658,0.457682,0.26792,0,0.125,-1,300,0,8.30944,0.740709,0.457682,0.26792,0,9711.31,1,1,1,1,0.05,300,300,300,300,300,300,300,300,300,300,300,300,300,300,300
ppo_best,0,462,5,0.50675,0.139035,-0.368051,0.996747,13864.3,1040.34,42.7466,10.1419,4.11426,0.0736352,0.0112444,0.0119221,1.2033,0.26308,0.525477,0.368066,0,0.125,-1,300,0,10.1419,1.2033,0.525477,0.368066,0,12824,1,1,1,1,0.05,300,300,300,300,300,300,300,300,300,300,300,300,300,300,300
ppo_best,0,463,3,0.397051,0.112208,0.12146,1.07073,5844.02,325.818,18.394,5.71453,1.84054,0.101638,0.0278525,0.0225494,0.387257,0.151838,0.412602,0.140555,0,0.125,-1,300,0,5.71453,0.387257,0.412602,0.140555,0,5518.2,1,1,1,1,0.05,300,300,300,300,300,300,300,300,300,300,300,300,300,300,300
ppo_best,0,464,4,0.402662,0.126588,-0.0139401,1.02584,5159.52,324.586,16.1165,5.67198,1.45258,0.0710565,0.0102658,0.029833,0.4941,0.106605,0.422091,0.0293631,0,0.125,-1,300,0,5.67198,0.4941,0.422091,0.0293631,0,4834.94,1,1,1,1,0.05,300,300,300,300,300,300,300,300,300,300,300,300,300,300,300
ppo_best,0,465,5,0.377278,0.126066,0.0644071,1.04962,7095.38,257.882,22.7917,5.05341,0.910791,0.181933,0.0084142,0.034494,0.497981,0.069217,0.397783,0.0813043,0,0.125,-1,300,0,5.05341,0.497981,0.397783,0.0813043,0,6837.5,1,1,1,1,0.05,300,300,300,300,300,300,300,300,300,300,300,300,300,300,300
ppo_best,0,466,2,0.238247,0.121432,-0.115405,1.06517,8259.92,397.812,26.207,6.3334,1.36788,0.0670513,0.0160342,0.0252628,0.679365,0.270591,0.267409,0.132536,0,0.125,-1,300,0,6.3334,0.679365,0.267409,0.132536,0,7862.11,1,1,1,1,0.05,300,300,300,300,300,300,300,300,300,300,300,300,300,300,300
ppo_best,0,467,4,0.5356,0.112623,-0.155183,0.985595,5904.46,381.176,18.411,6.16509,1.231,0.0150427,0.0178422,0.0123075,0.339954,0.181806,0.547313,0.15585,0,0.125,-1,300,0,6.16509,0.339954,0.547313,0.15585,0,5523.29,1,1,1,1,0.05,300,300,300,300,300,300,300,300,300,300,300,300,300,300,300
ppo_best,0,468,0,0.472828,0.156543,0.448941,1.06975,8056.9,447.793,25.3637,6.67528,2.05352,0.064508,0.0121851,0.0362652,0.993223,0.131064,0.498069,0.454326,1,0.125,0,300,0,6.67528,0.993223,0.498069,0.454326,1,7609.1,1,1,1,1,0.05,300,300,300,300,300,300,300,300,300,300,300,300,300,300,300
ppo_best,0,469,2,0.39573,0.13393,-0.248748,1.0463,11831.5,576.756,37.5158,7.58985,1.52553,0.0483814,0.00926011,0.0451016,0.8922,0.217743,0.417779,0.25302,0,0.125,-1,300,0,7.58985,0.8922,0.417779,0.25302,0,11254.7,1,1,1,1,0.05,300,300,300,300,300,300,300,300,300,300,300,300,300,300,300
ppo_best,0,470,3,0.479956,0.125036,0.373833,0.996836,4770.28,114.498,15.5193,3.38671,1.3005,0.128143,0.0286206,0.0259083,0.247684,0.263895,0.495975,0.373846,0,0.125,-1,300,0,3.38671,0.247684,0.495975,0.373846,0,4655.78,1,1,1,1,0.05,300,300,300,300,300,300,300,300,300,300,300,300,300,300,300
ppo_best,0,471,5,0.418159,0.156058,-0.346005,1.00608,10180.1,528.926,32.1706,7.27826,2.34393,0.0580222,0.0188066,0.0389315,0.565984,0.198824,0.446331,0.346058,0,0.125,-1,300,0,7.27826,0.565984,0.446331,0.346058,0,9651.18,1,1,1,1,0.05,300,300,300,300,300,300,300,300,300,300,300,300,300,300,300
ppo_best,0,472,1,0.372703,0.0950726,-0.337771,0.944728,12309.4,479.676,39.4324,6.94198,2.23802,0.0889169,0.0215119,0.0236941,0.633127,0.241428,0.384638,0.342263,0,0.125,-1,300,0,6.94198,0.633127,0.384638,0.342263,0,11829.7,1,1,1,1,0.05,300,300,300,300,300,300,300,300,300,300,300,300,300,300,300
ppo_best,0,473,4,0.459696,0.0339353,0.0706676,0.938284,9280.81,389.808,29.6367,6.16888,2.37681,0.0423752,0.0133947,0.0109962,1.0769,0.586704,0.460947,0.0938229,0,0.125,-1,300,0,6.16888,1.0769,0.460947,0.0938229,0,8891.01,1,1,1,1,0.05,300,300,300,300,300,300,300,300,300,300,300,300,300,300,300
ppo_best,0,474,4,0.636273,0.190522,-0.167285,0.916199,15049.6,1014.99,46.7819,10.0323,3.75304,0.0470317,0.0111661,0.0411134,1.91283,0.209754,0.664185,0.187101,0,0.125,-1,300,0,10.0323,1.91283,0.664185,0.187101,0,14034.6,1,1,1,1,0.05,300,300,300,300,300,300,300,300,300,300,300,300,300,300,300
ppo_best,0,475,2,0.403726,0.149377,-0.187488,1.0218,10135.8,590.247,31.8186,7.66765,2.22707,0.074759,0.0105368,0.0508508,0.697792,0.189495,0.430474,0.188752,0,0.125,-1,300,0,7.66765,0.697792,0.430474,0.188752,0,9545.59,1,1,1,1,0.05,300,300,300,300,300,300,300,300,300,300,300,300,300,300,300
ppo_best,0,476,4,0.418129,0.148865,-0.199024,1.01199,6872.92,240.715,22.1073,4.88456,2.024,0.0706743,0.0125154,0.0397557,0.45331,0.125661,0.443838,0.199385,0,0.125,-1,300,0,4.88456,0.45331,0.443838,0.199385,0,6632.2,1,1,1,1,0.05,300,300,300,300,300,300,300,300,300,300,300,300,300,300,300
ppo_best,0,477,7,0.44296,0.0383635,-0.440097,0.924868,10519.3,641.565,32.9257,7.97532,2.55011,0.061821,0.00934554,0.0300257,1.52919,0.469515,0.444619,0.446464,0,0.125,-1,300,0,7.97532,1.52919,0.444619,0.446464,0,9877.72,1,1,1,1,0.05,300,300,300,300,300,300,300,300,300,300,300,300,300,300,300
ppo_best,0,478,7,0.55141,0.0817994,-0.460467,1.01919,6477.99,219.237,20.8625,4.69092,1.74201,0.0608382,0.0205229,0.0239016,0.438691,0.291815,0.557444,0.460867,0,0.125,-1,300,0,4.69092,0.438691,0.557444,0.460867,0,6258.76,1,1,1,1,0.05,300,300,300,300,300,300,300,300,300,300,300,300,300,300,300
ppo_best,0,479,6,0.228984,0.0614707,0.394412,1.08288,3969.12,176.061,12.6435,4.14576,0.668764,0.0661179,0.0175392,0.00825602,0.774515,0.213307,0.237092,0.403026,0,0.125,-1,300,0,4.14576,0.774515,0.237092,0.403026,0,3793.06,1,1,1,1,0.05,300,300,300,300,300,300,300,300,300,300,300,300,300,300,300
ppo_best,0,480,6,0.383564,0.0255862,0.306609,1.0571,7878.32,388.93,24.9646,6.21899,1.83725,0.0759853,0.0102454,0.0183399,1.04719,0.341,0.384417,0.311881,0,0.125,-1,300,0,6.21899,1.04719,0.384417,0.311881,0,7489.39,1,1,1,1,0.05,300,300,300,300,300,300,300,300,300,300,300,300,300,300,300
ppo_best,0,481,2,0.334553,0.0514017,0.494442,1.01978,8761.7,584.707,27.2566,7.64679,2.75774,0.0805473,0.0205534,0.0213904,0.792734,0.187185,0.338479,0.494837,0,0.125,-1,300,0,7.64679,0.792734,0.338479,0.494837,0,8176.99,1,1,1,1,0.05,300,300,300,300,300,300,300,300,300,300,300,300,300,300,300
ppo_best,0,482,3,0.397983,0.134297,0.160942,1.06182,5126.26,449.644,15.5887,6.68059,1.44339,0.0217545,0.00961046,0.027117,0.387344,0.297421,0.420031,0.172408,0,0.125,-1,300,0,6.68059,0.387344,0.420031,0.172408,0,4676.62,1,1,1,1,0.05,300,300,300,300,300,300,300,300,300,300,300,300,300,300,300
ppo_best,0,483,2,0.429478,0.0474413,0.35541,0.927325,9220.59,605.929,28.7155,7.69037,2.28195,0.0449973,0.0199537,0.0254823,0.921374,0.521176,0.43209,0.362765,0,0.125,-1,300,0,7.69037,0.921374,0.43209,0.362765,0,8614.66,1,1,1,1,0.05,300,300,300,300,300,300,300,300,300,300,300,300,300,300,300
ppo_best,0,484,5,0.453357,0.0652423,0.109339,0.918084,9554.47,786.541,29.2264,8.82143,1.96462,0.108829,0.0188893,0.030722,0.828927,0.11377,0.458027,0.136621,0,0.125,-1,300,0,8.82143,0.828927,0.458027,0.136621,0,8767.93,1,1,1,1,0.05,300,300,300,300,300,300,300,300,300,300,300,300,300,300,300
ppo_best,0,485,2,0.441863,0.0197531,-0.469756,0.945099,8296.45,448.047,26.1614,6.68518,1.54128,0.0465592,0.0297752,0.0213163,0.669901,0.159075,0.442304,0.472953,0,0.125,-1,300,0,6.68518,0.669901,0.442304,0.472953,0,7848.4,1,1,1,1,0.05,300,300,300,300,300,300,300,300,300,300,300,300,300,300,300
ppo_best,0,486,6,0.550695,0.0263101,-0.0564724,1.00854,8925.6,512.526,28.0436,7.11922,1.11705,0.0386668,0.0102422,0.0171455,0.432969,0.387076,0.551324,0.0571142,0,0.125,-1,300,0,7.11922,0.432969,0.551324,0.0571142,0,8413.07,1,1,1,1,0.05,300,300,300,300,300,300,300,300,300,300,300,300,300,300,300
ppo_best,0,487,7,0.408471,0.0416259,0.39141,0.914249,9845.33,878.064,29.8909,9.26752,2.34527,0.0699882,0.017424,0.0177406,0.262036,0.232447,0.410587,0.400693,0,0.125,-1,300,0,9.26752,0.262036,0.410587,0.400693,0,8967.27,1,1,1,1,0.05,300,300,300,300,300,300,300,300,300,300,300,300,300,300,300
ppo_best,0,488,2,0.347024,0.137106,-0.145214,1.07053,6200.9,291.926,19.6966,5.40278,2.51108,0.0450091,0.00808571,0.0161301,0.268365,0.18232,0.373127,0.161435,0,0.125,-1,300,0,5.40278,0.268365,0.373127,0.161435,0,5908.97,1,1,1,1,0.05,300,300,300,300,300,300,300,300,300,300,300,300,300,300,300
ppo_best,0,489,3,0.497726,0.182094,-0.416592,0.934776,9499.15,649.178,29.4999,8.02045,1.97506,0.0909832,0.0142094,0.0360248,0.591187,0.151433,0.52999,0.421667,0,0.125,-1,300,0,8.02045,0.591187,0.52999,0.421667,0,8849.97,1,1,1,1,0.05,300,300,300,300,300,300,300,300,300,300,300,300,300,300,300
ppo_best,0,490,0,0.393144,0.105983,-0.175849,1.00952,6881.81,307.846,21.9132,5.52744,1.23541,0.0548675,0.0135049,0.0653217,0.819331,0.328989,0.407179,0.176107,1,0.125,0,300,0,5.52744,0.819331,0.407179,0.176107,1,6573.97,1,1,1,1,0.05,300,300,300,300,300,300,300,300,300,300,300,300,300,300,300
ppo_best,0,491,4,0.21771,0.0237546,0.478379,1.03329,6348.58,340.332,20.0275,5.78905,2.2825,0.12109,0.00839573,0.0394524,0.794976,0.29909,0.219002,0.479536,0,0.125,-1,300,0,5.78905,0.794976,0.219002,0.479536,0,6008.24,1,1,1,1,0.05,300,300,300,300,300,300,300,300,300,300,300,300,300,300,300
ppo_best,0,492,6,0.522602,0.0743117,-0.229644,1.09626,12969.2,655.063,41.0472,8.05515,3.24923,0.11155,0.019898,0.0360769,0.77904,0.0567698,0.527859,0.249002,0,0.125,-1,300,0,8.05515,0.77904,0.527859,0.249002,0,12314.2,1,1,1,1,0.05,300,300,300,300,300,300,300,300,300,300,300,300,300,300,300
ppo_best,0,493,5,0.316607,0.166552,-0.416726,1.05198,7146.18,356.491,22.6323,5.99761,1.66567,0.0621726,0.00779566,0.0494552,0.290203,0.176022,0.357742,0.419955,0,0.125,-1,300,0,5.99761,0.290203,0.357742,0.419955,0,6789.69,1,1,1,1,0.05,300,300,300,300,300,300,300,300,300,300,300,300,300,300,300
ppo_best,0,494,0,0.409982,0.110744,0.493543,1.05676,7533.91,315.045,24.0629,5.62569,2.0244,0.172696,0.0162159,0.0369888,0.803255,0.297823,0.424676,0.496796,1,0.125,0,300,0,5.62569,0.803255,0.424676,0.496796,1,7218.87,1,1,1,1,0.05,300,300,300,300,300,300,300,300,300,300,300,300,300,300,300
ppo_best,0,495,1,0.445478,0.095374,-0.379102,0.967988,7055.31,220.541,22.7826,4.66783,2.01209,0.112522,0.0173964,0.0314157,0.347038,0.269191,0.455573,0.380451,0,0.125,-1,300,0,4.66783,0.347038,0.455573,0.380451,0,6834.77,1,1,1,1,0.05,300,300,300,300,300,300,300,300,300,300,300,300,300,300,300
ppo_best,0,496,5,0.492409,0.113593,0.0556823,0.960757,9132.25,514.755,28.725,7.18592,2.30268,0.0545747,0.0112402,0.00885496,0.709175,0.065355,0.505342,0.0681213,0,0.125,-1,300,0,7.18592,0.709175,0.505342,0.0681213,0,8617.49,1,1,1,1,0.05,300,300,300,300,300,300,300,300,300,300,300,300,300,300,300
ppo_best,0,497,0,0.106906,0.167564,-0.187333,1.08959,5416.19,415.62,16.6686,6.43573,1.61888,0.0240818,0.0169862,0.0479268,0.502582,0.179364,0.198762,0.207654,1,0.125,0,300,0,6.43573,0.502582,0.198762,0.207654,1,5000.57,1,1,1,1,0.05,300,300,300,300,300,300,300,300,300,300,300,300,300,300,300
ppo_best,0,498,3,0.301389,0.15996,0.455465,0.910531,4209.55,153.695,13.5195,3.92319,1.13393,0.0671727,0.0101782,0.0082266,0.366065,0.0743091,0.341207,0.46417,0,0.125,-1,300,0,3.92319,0.366065,0.341207,0.46417,0,4055.85,1,1,1,1,0.05,300,300,300,300,300,300,300,300,300,300,300,300,300,300,300
ppo_best,0,499,7,0.123917,0.0254545,-0.447705,1.09872,5937.11,127.969,19.3638,3.56238,2.36407,0.0546937,0.0273707,0.0476939,0.190778,0.109748,0.126504,0.45846,0,0.125,-1,300,0,3.56238,0.190778,0.126504,0.45846,0,5809.14,1,1,1,1,0.05,300,300,300,300,300,300,300,300,300,300,300,300,300,300,300
ppo_best,0,500,6,0.354641,0.154867,-0.16169,1.08565,12651.7,949.138,39.0085,9.71778,3.11301,0.0741549,0.0143339,0.0283688,1.29189,0.0866615,0.38698,0.182974,0,0.125,-1,300,0,9.71778,1.29189,0.38698,0.182974,0,11702.6,1,1,1,1,0.05,300,300,300,300,300,300,300,300,300,300,300,300,300,300,300
ppo_best,0,501,7,0.490786,0.00707998,0.146975,1.05369,12555.4,913.199,38.8072,9.56913,1.31724,0.0909601,0.012787,0.0215407,1.46385,0.670446,0.490837,0.156475,0,0.125,-1,300,0,9.56913,1.46385,0.490837,0.156475,0,11642.2,1,1,1,1,0.05,300,300,300,300,300,300,300,300,300,300,300,300,300,300,300
ppo_best,0,502,7,0.221018,0.0126241,-0.205462,1.02656,8933.47,466.908,28.2219,6.84419,2.31857,0.109713,0.0212822,0.0314008,0.386542,0.66507,0.221378,0.207171,0,0.125,-1,300,0,6.84419,0.386542,0.221378,0.207171,0,8466.56,1,1,1,1,0.05,300,300,300,300,300,300,300,300,300,300,300,300,300,300,300
ppo_best,0,503,0,0.234979,0.138729,-0.19659,1.09421,7732.4,397.358,24.4501,6.30458,2.1188,0.103402,0.012083,0.0195869,0.667286,0.223027,0.272875,0.217997,1,0.125,0,300,0,6.30458,0.667286,0.272875,0.217997,1,7335.04,1,1,1,1,0.05,300,300,300,300,300,300,300,300,300,300,300,300,300,300,300
ppo_best,0,504,3,0.317703,0.0283871,0.322861,1.09019,7731.59,299.596,24.7733,5.48899,1.84994,0.049965,0.0085812,0.0343776,0.822231,0.175729,0.318968,0.335222,0,0.125,-1,300,0,5.48899,0.822231,0.318968,0.335222,0,7431.99,1,1,1,1,0.05,300,300,300,300,300,300,300,300,300,300,300,300,300,300,300
ppo_best,0,505,2,0.237733,0.076863,-0.201512,0.967268,10224.2,443.288,32.603,6.60336,2.24152,0.125285,0.00944566,0.0133062,0.91682,0.212611,0.249849,0.204153,0,0.125,-1,300,0,6.60336,0.91682,0.249849,0.204153,0,9780.9,1,1,1,1,0.05,300,300,300,300,300,300,300,300,300,300,300,300,300,300,300
ppo_best,0,506,0,0.37796,0.0339066,-0.370647,1.08134,10779,845.647,33.1111,9.11744,2.48803,0.0235087,0.0236478,0.0270514,0.896321,0.560613,0.379478,0.379467,1,0.125,0,300,0,9.11744,0.896321,0.379478,0.379467,1,9933.32,1,1,1,1,0.05,300,300,300,300,300,300,300,300,300,300,300,300,300,300,300
ppo_best,0,507,0,0.230741,0.098255,-0.31439,0.961045,12516.1,932.595,38.6118,9.64711,0.521076,0.0557439,0.00533618,0.0151739,0.461756,0.235606,0.250789,0.316794,1,0.125,0,300,0,9.64711,0.461756,0.250789,0.316794,1,11583.5,1,1,1,1,0.05,300,300,300,300,300,300,300,300,300,300,300,300,300,300,300
ppo_best,0,508,4,0.429814,0.175416,-0.10102,1.07504,5936.65,269.196,18.8915,5.18581,0.479553,0.0967775,0.0143344,0.0182924,0.34046,0.101816,0.464231,0.125842,0,0.125,-1,300,0,5.18581,0.34046,0.464231,0.125842,0,5667.46,1,1,1,1,0.05,300,300,300,300,300,300,300,300,300,300,300,300,300,300,300
ppo_best,0,509,2,0.341952,0.0895129,-0.447715,0.939048,7342.24,217.51,23.7491,4.72551,2.06181,0.171233,0.00763992,0.0184945,0.943515,0.591053,0.353473,0.451845,0,0.125,-1,300,0,4.72551,0.943515,0.353473,0.451845,0,7124.73,1,1,1,1,0.05,300,300,300,300,300,300,300,300,300,300,300,300,300,300,300
ppo_best,0,510,5,0.483487,0.165769,0.215658,1.02699,11270.1,534.611,35.7848,7.28679,1.93315,0.0861935,0.0195695,0.032229,0.459601,0.0994741,0.511115,0.217341,0,0.125,-1,300,0,7.28679,0.459601,0.511115,0.217341,0,10735.4,1,1,1,1,0.05,300,300,300,300,300,300,300,300,300,300,300,300,300,300,300
ppo_best,0,511,1,0.362468,0.0619768,-0.0999804,0.9851,7435.4,363.993,23.5714,6.02861,0.894532,0.0815141,0.00612541,0.0368491,0.157442,0.350333,0.367729,0.101085,0,0.125,-1,300,0,6.02861,0.157442,0.367729,0.101085,0,7071.41,1,1,1,1,0.05,300,300,300,300,300,300,300,300,300,300,300,300,300,300,300
ppo_best,0,512,1,0.206235,0.122275,-0.18272,1.06936,6971.09,387.094,21.9467,6.17883,1.97824,0.0526478,0.0105383,0.0239397,0.711768,0.148121,0.239758,0.195442,0,0.125,-1,300,0,6.17883,0.711768,0.239758,0.195442,0,6584,1,1,1,1,0.05,300,300,300,300,300,300,300,300,300,300,300,300,300,300,300
ppo_best,0,513,7,0.525916,0.0972803,0.0676863,0.92288,7288.86,419.349,22.8984,6.44162,0.649107,0.105863,0.0134476,0.0357107,0.685774,0.123016,0.534837,0.102611,0,0.125,-1,300,0,6.44162,0.685774,0.534837,0.102611,0,6869.51,1,1,1,1,0.05,300,300,300,300,300,300,300,300,300,300,300,300,300,300,300
ppo_best,0,514,5,0.439274,0.102123,0.379662,1.02341,7961.82,351.498,25.3677,5.92239,1.79845,0.0528682,0.014769,0.0266752,0.784271,0.249616,0.450988,0.380383,0,0.125,-1,300,0,5.92239,0.784271,0.450988,0.380383,0,7610.32,1,1,1,1,0.05,300,300,300,300,300,300,300,300,300,300,300,300,300,300,300
ppo_best,0,515,3,0.546055,0.181601,0.00537848,0.976786,5182.19,213.296,16.563,4.63159,0.887268,0.0478551,0.0220028,0.0292595,0.225114,0.238054,0.575461,0.0238284,0,0.125,-1,300,0,4.63159,0.225114,0.575461,0.0238284,0,4968.9,1,1,1,1,0.05,300,300,300,300,300,300,300,300,300,300,300,300,300,300,300
ppo_best,0,516,5,0.16536,0.0137682,0.202375,1.03127,6710.61,166.724,21.813,4.05046,1.91467,0.105017,0.0248267,0.0244705,0.217648,0.491577,0.165932,0.204777,0,0.125,-1,300,0,4.05046,0.217648,0.165932,0.204777,0,6543.88,1,1,1,1,0.05,300,300,300,300,300,300,300,300,300,300,300,300,300,300,300
ppo_best,0,517,2,0.214078,0.172089,-0.100361,0.929303,5632.25,240.46,17.9726,4.87773,2.30976,0.136353,0.0175999,0.00942323,0.137337,0.171838,0.274671,0.122761,0,0.125,-1,300,0,4.87773,0.137337,0.274671,0.122761,0,5391.79,1,1,1,1,0.05,300,300,300,300,300,300,300,300,300,300,300,300,300,300,300
ppo_best,0,518,5,0.396247,0.011541,-0.315174,1.07786,13621.1,801.889,42.7309,8.84317,2.96731,0.0731548,0.0170414,0.00911635,0.912411,0.663579,0.396415,0.324649,0,0.125,-1,300,0,8.84317,0.912411,0.396415,0.324649,0,12819.3,1,1,1,1,0.05,300,300,300,300,300,300,300,300,300,300,300,300,300,300,300
ppo_best,0,519,2,0.388844,0.191078,0.137457,1.07355,7796.13,339.667,24.8549,5.84505,2.36945,0.0527709,0.0209969,0.0446513,1.1736,0.0781777,0.433256,0.1559,0,0.125,-1,300,0,5.84505,1.1736,0.433256,0.1559,0,7456.46,1,1,1,1,0.05,300,300,300,300,300,300,300,300,300,300,300,300,300,300,300
ppo_best,0,520,5,0.361866,0.160955,0.351019,1.07772,5127.72,219.466,16.3609,4.69932,2.04172,0.0295282,0.0154165,0.0493996,0.983613,0.292557,0.396047,0.35952,0,0.125,-1,300,0,4.69932,0.983613,0.396047,0.35952,0,4908.26,1,1,1,1,0.05,300,300,300,300,300,300,300,300,300,300,300,300,300,300,300
ppo_best,0,521,6,0.40757,0.00834267,-0.374793,0.999151,17606.7,1307.62,54.3301,11.4185,0.816772,0.0844091,0.0181156,0.0218569,0.55045,0.588345,0.407655,0.374794,0,0.125,-1,300,0,11.4185,0.55045,0.407655,0.374794,0,16299,1,1,1,1,0.05,300,300,300,300,300,300,300,300,300,300,300,300,300,300,300
ppo_best,0,522,7,0.247911,0.0991394,0.255766,0.915289,5873.9,494.74,17.9305,6.95561,1.06466,0.104884,0.0137772,0.0456898,0.648071,0.332741,0.266999,0.26943,0,0.125,-1,300,0,6.95561,0.648071,0.266999,0.26943,0,5379.16,1,1,1,1,0.05,300,300,300,300,300,300,300,300,300,300,300,300,300,300,300
ppo_best,0,523,0,0.276105,0.0343476,0.167504,0.976414,11580.5,1033.04,35.1581,10.0971,2.52662,0.045622,0.0192201,0.0534303,1.4292,0.334905,0.278233,0.169156,1,0.125,0,300,0,10.0971,1.4292,0.278233,0.169156,1,10547.4,1,1,1,1,0.05,300,300,300,300,300,300,300,300,300,300,300,300,300,300,300
ppo_best,0,524,3,0.38269,0.00242224,0.313705,1.09382,4655.33,48.5013,15.3561,2.16009,2.0078,0.0183855,0.0157718,0.00680458,0.463384,0.738481,0.382698,0.327434,0,0.125,-1,300,0,2.16009,0.463384,0.382698,0.327434,0,4606.83,1,1,1,1,0.05,300,300,300,300,300,300,300,300,300,300,300,300,300,300,300
ppo_best,0,525,7,0.5411,0.161489,-0.239372,1.08264,12331.7,830.596,38.3371,9.06048,1.03054,0.0402976,0.0159431,0.0260925,1.25464,0.178613,0.564684,0.253237,0,0.125,-1,300,0,9.06048,1.25464,0.564684,0.253237,0,11501.1,1,1,1,1,0.05,300,300,300,300,300,300,300,300,300,300,300,300,300,300,300
ppo_best,0,526,5,0.26801,0.0454513,-0.118376,1.01934,12247.5,746.728,38.3358,8.5918,1.85528,0.105834,0.00971859,0.0277877,0.464256,0.0687348,0.271836,0.119945,0,0.125,-1,300,0,8.5918,0.464256,0.271836,0.119945,0,11500.7,1,1,1,1,0.05,300,300,300,300,300,300,300,300,300,300,300,300,300,300,300
ppo_best,0,527,6,0.494283,0.0458,-0.404744,1.02507,7298.91,281.611,23.391,5.27305,2.57952,0.0632185,0.0235496,0.0142171,0.310717,0.434827,0.4964,0.40552,0,0.125,-1,300,0,5.27305,0.310717,0.4964,0.40552,0,7017.3,1,1,1,1,0.05,300,300,300,300,300,300,300,300,300,300,300,300,300,300,300
ppo_best,0,528,4,0.33221,0.11251,-0.130537,0.9337,9087.21,424.505,28.8757,6.5301,2.98187,0.0840768,0.0193147,0.021087,1.13041,0.165585,0.350745,0.146409,0,0.125,-1,300,0,6.5301,1.13041,0.350745,0.146409,0,8662.7,1,1,1,1,0.05,300,300,300,300,300,300,300,300,300,300,300,300,300,300,300
ppo_best,0,529,2,0.281445,0.0930793,0.15771,1.05666,4243.77,269.365,13.248,5.17039,0.788487,0.0237566,0.0130709,0.0324789,0.63621,0.0759326,0.296437,0.167581,0,0.125,-1,300,0,5.17039,0.63621,0.296437,0.167581,0,3974.41,1,1,1,1,0.05,300,300,300,300,300,300,300,300,300,300,300,300,300,300,300
ppo_best,0,530,6,0.476137,0.131683,0.311727,0.970679,5606.85,312.056,17.6493,5.53616,0.994404,0.0409625,0.014292,0.0294273,0.346651,0.170247,0.494011,0.313102,0,0.125,-1,300,0,5.53616,0.346651,0.494011,0.313102,0,5294.8,1,1,1,1,0.05,300,300,300,300,300,300,300,300,300,300,300,300,300,300,300
ppo_best,0,531,7,0.431919,0.126395,0.423946,0.988971,7887.04,325.692,25.2045,5.70514,2.12133,0.0569381,0.0217985,0.0193186,0.867267,0.142292,0.450033,0.424089,0,0.125,-1,300,0,5.70514,0.867267,0.450033,0.424089,0,7561.35,1,1,1,1,0.05,300,300,300,300,300,300,300,300,300,300,300,300,300,300,300
ppo_best,0,532,4,0.312136,0.138812,-0.281556,0.955776,7860.49,615.217,24.1509,7.81122,1.72107,0.0592536,0.00719558,0.0289844,0.912193,0.304125,0.34161,0.285008,0,0.125,-1,300,0,7.81122,0.912193,0.34161,0.285008,0,7245.27,1,1,1,1,0.05,300,300,300,300,300,300,300,300,300,300,300,300,300,300,300
ppo_best,0,533,6,0.162419,0.000310373,-0.100106,1.03456,12964.1,1483.26,38.2695,12.0727,1.30785,0.0379707,0.0128063,0.0341685,1.05998,0.842384,0.162419,0.105903,0,0.125,-1,300,0,12.0727,1.05998,0.162419,0.105903,0,11480.8,1,1,1,1,0.05,300,300,300,300,300,300,300,300,300,300,300,300,300,300,300
ppo_best,0,534,7,0.155162,0.171975,0.303833,1.0108,8628.16,295.23,27.7764,5.43666,2.46072,0.0430185,0.0143287,0.00713555,0.433172,0.0870873,0.231626,0.304025,0,0.125,-1,300,0,5.43666,0.433172,0.231626,0.304025,0,8332.93,1,1,1,1,0.05,300,300,300,300,300,300,300,300,300,300,300,300,300,300,300
ppo_best,0,535,7,0.355718,0.0149557,0.110457,0.981602,16977.9,1540.24,51.4589,12.3822,1.11179,0.0694402,0.015417,0.0255771,1.34977,0.697383,0.356032,0.111978,0,0.125,-1,300,0,12.3822,1.34977,0.356032,0.111978,0,15437.7,1,1,1,1,0.05,300,300,300,300,300,300,300,300,300,300,300,300,300,300,300
ppo_best,0,536,3,0.452551,0.129251,-0.113793,1.02323,12910.3,440.335,41.5665,6.61309,2.77235,0.0569729,0.0177579,0.0247839,0.513874,0.155129,0.470647,0.116141,0,0.125,-1,300,0,6.61309,0.513874,0.470647,0.116141,0,12469.9,1,1,1,1,0.05,300,300,300,300,300,300,300,300,300,300,300,300,300,300,300
ppo_best,0,537,1,0.439787,0.0775326,0.358241,1.04028,5421.53,170.912,17.5021,4.12022,2.11367,0.0431525,0.0109394,0.0210447,0.726377,0.156065,0.446569,0.360498,0,0.125,-1,300,0,4.12022,0.726377,0.446569,0.360498,0,5250.62,1,1,1,1,0.05,300,300,300,300,300,300,300,300,300,300,300,300,300,300,300
ppo_best,0,538,0,0.336362,0.0506603,0.0546293,1.06786,7157.51,223.872,23.1121,4.7164,1.30339,0.091866,0.0169434,0.0292874,0.141227,0.244034,0.340156,0.0871166,1,0.125,0,300,0,4.7164,0.141227,0.340156,0.0871166,1,6933.64,1,1,1,1,0.05,300,300,300,300,300,300,300,300,300,300,300,300,300,300,300
ppo_best,0,539,5,0.456022,0.101226,-0.023486,0.947259,13439,853.49,41.9515,9.21987,3.90604,0.167221,0.0173262,0.0319411,0.742906,0.140462,0.467122,0.057734,0,0.125,-1,300,0,9.21987,0.742906,0.467122,0.057734,0,12585.5,1,1,1,1,0.05,300,300,300,300,300,300,300,300,300,300,300,300,300,300,300
ppo_best,0,540,6,0.155772,0.0183277,-0.149749,1.08567,19722.9,797.637,63.0842,8.99499,2.49725,0.11392,0.0160517,0.0247185,1.0514,0.852551,0.156847,0.172523,0,0.125,-1,300,0,8.99499,1.0514,0.156847,0.172523,0,18925.2,1,1,1,1,0.05,300,300,300,300,300,300,300,300,300,300,300,300,300,300,300
ppo_best,0,541,1,0.464428,0.0689845,0.493637,0.994662,7447.36,268.18,23.9306,5.18233,1.71662,0.0621291,0.020425,0.0293981,0.447961,0.258101,0.469523,0.493666,0,0.125,-1,300,0,5.18233,0.447961,0.469523,0.493666,0,7179.18,1,1,1,1,0.05,300,300,300,300,300,300,300,300,300,300,300,300,300,300,300
ppo_best,0,542,1,0.394241,0.0865596,0.395892,1.06467,4929.5,193.644,15.7862,4.39179,0.979038,0.0711109,0.019668,0.0371353,0.847136,0.116714,0.403632,0.40114,0,0.125,-1,300,0,4.39179,0.847136,0.403632,0.40114,0,4735.85,1,1,1,1,0.05,300,300,300,300,300,300,300,300,300,300,300,300,300,300,300
ppo_best,0,543,2,0.326135,0.138203,-0.33348,1.05759,7411.61,282.124,23.765,5.31646,3.2659,0.0977589,0.0239015,0.0233615,0.794261,0.151363,0.354208,0.338417,0,0.125,-1,300,0,5.31646,0.794261,0.354208,0.338417,0,7129.49,1,1,1,1,0.05,300,300,300,300,300,300,300,300,300,300,300,300,300,300,300
ppo_best,0,544,7,0.407737,0.159141,-0.0485957,1.00339,12027.6,541.161,38.288,7.35634,2.94108,0.0818916,0.0145936,0.0253593,0.240262,0.152384,0.437693,0.048714,0,0.125,-1,300,0,7.35634,0.240262,0.437693,0.048714,0,11486.4,1,1,1,1,0.05,300,300,300,300,300,300,300,300,300,300,300,300,300,300,300
ppo_best,0,545,1,0.264767,0.182894,0.123994,0.949697,10050.2,572.726,31.5916,7.57487,2.49957,0.0886855,0.0140234,0.038901,0.622749,0.105583,0.321794,0.133809,0,0.125,-1,300,0,7.57487,0.622749,0.321794,0.133809,0,9477.47,1,1,1,1,0.05,300,300,300,300,300,300,300,300,300,300,300,300,300,300,300
ppo_best,0,546,2,0.30384,0.112339,0.455919,0.905273,11844.2,950.218,36.3131,9.73412,3.11441,0.0207558,0.0187778,0.0343747,0.793442,0.200046,0.323942,0.465656,0,0.125,-1,300,0,9.73412,0.793442,0.323942,0.465656,0,10893.9,1,1,1,1,0.05,300,300,300,300,300,300,300,300,300,300,300,300,300,300,300
ppo_best,0,547,7,0.407594,0.152265,-0.414407,1.07077,4562.54,245.115,14.3914,4.94258,1.68888,0.0884108,0.0147254,0.0152538,0.624586,0.151731,0.435106,0.420405,0,0.125,-1,300,0,4.94258,0.624586,0.435106,0.420405,0,4317.43,1,1,1,1,0.05,300,300,300,300,300,300,300,300,300,300,300,300,300,300,300
ppo_best,0,548,1,0.374846,0.178827,0.260196,0.984123,5790.41,309.255,18.2705,5.55753,0.343661,0.0960926,0.0207922,0.0539486,0.249019,0.280665,0.415317,0.26068,0,0.125,-1,300,0,5.55753,0.249019,0.415317,0.26068,0,5481.15,1,1,1,1,0.05,300,300,300,300,300,300,300,300,300,300,300,300,300,300,300
ppo_best,0,549,5,0.194071,0.194465,0.0647888,0.980159,7860.64,362.611,24.9934,5.98433,2.7706,0.107907,0.014323,0.023926,0.608796,0.0664172,0.274737,0.0677588,0,0.125,-1,300,0,5.98433,0.608796,0.274737,0.0677588,0,7498.03,1,1,1,1,0.05,300,300,300,300,300,300,300,300,300,300,300,300,300,300,300
ppo_best,0,550,6,0.422369,0.0479483,0.279703,0.90135,6922.12,527.028,21.317,7.22933,1.04909,0.0269733,0.0057583,0.0210099,0.61314,0.237331,0.425082,0.29659,0,0.125,-1,300,0,7.22933,0.61314,0.425082,0.29659,0,6395.09,1,1,1,1,0.05,300,300,300,300,300,300,300,300,300,300,300,300,300,300,300
ppo_best,0,551,1,0.217025,0.0604166,0.120186,0.988938,15534.6,683.806,49.5027,8.23785,2.9842,0.0241803,0.0127082,0.0518309,0.365263,0.527335,0.225278,0.120694,0,0.125,-1,300,0,8.23785,0.365263,0.225278,0.120694,0,14850.8,1,1,1,1,0.05,300,300,300,300,300,300,300,300,300,300,300,300,300,300,300
ppo_best,0,552,6,0.437239,0.0337717,0.25382,1.05633,11041.5,727.384,34.3804,8.4723,2.41252,0.0896494,0.0200746,0.0447392,1.37947,0.138831,0.438541,0.259996,0,0.125,-1,300,0,8.4723,1.37947,0.438541,0.259996,0,10314.1,1,1,1,1,0.05,300,300,300,300,300,300,300,300,300,300,300,300,300,300,300
ppo_best,0,553,7,0.424367,0.0213927,0.13377,1.00578,5999.58,222.082,19.2583,4.66722,1.0725,0.0833544,0.0229891,0.0364831,0.15516,0.611468,0.424905,0.133895,0,0.125,-1,300,0,4.66722,0.15516,0.424905,0.133895,0,5777.5,1,1,1,1,0.05,300,300,300,300,300,300,300,300,300,300,300,300,300,300,300
ppo_best,0,554,4,0.410676,0.0842211,0.0774307,1.04081,6898.75,200.874,22.3262,4.48545,0.900179,0.132497,0.0142106,0.0466452,0.354269,0.38527,0.419223,0.0875254,0,0.125,-1,300,0,4.48545,0.354269,0.419223,0.0875254,0,6697.87,1,1,1,1,0.05,300,300,300,300,300,300,300,300,300,300,300,300,300,300,300
ppo_best,0,555,7,0.286576,0.0468149,0.213709,1.02671,5209.29,316.554,16.3091,5.61056,1.15943,0.0788505,0.0341557,0.0244341,0.621507,0.221294,0.290375,0.215371,0,0.125,-1,300,0,5.61056,0.621507,0.290375,0.215371,0,4892.73,1,1,1,1,0.05,300,300,300,300,300,300,300,300,300,300,300,300,300,300,300
ppo_best,0,556,1,0.369078,0.0350605,0.110628,0.918215,9093.01,634.613,28.1947,7.90949,2.21516,0.0386457,0.0129397,0.0324169,0.674813,0.597216,0.370739,0.137577,0,0.125,-1,300,0,7.90949,0.674813,0.370739,0.137577,0,8458.4,1,1,1,1,0.05,300,300,300,300,300,300,300,300,300,300,300,300,300,300,300
ppo_best,0,557,1,0.378094,0.00442121,0.329353,0.933644,13579.3,693.604,42.9524,8.26385,2.59704,0.0895993,0.014472,0.00971399,0.921183,0.527729,0.378119,0.335971,0,0.125,-1,300,0,8.26385,0.921183,0.378119,0.335971,0,12885.7,1,1,1,1,0.05,300,300,300,300,300,300,300,300,300,300,300,300,300,300,300
ppo_best,0,558,3,0.410521,0.138694,-0.182417,1.06944,9289.26,794.384,28.3163,8.91001,2.69099,0.0625911,0.0385989,0.0419349,1.47238,0.0613832,0.433317,0.195188,0,0.125,-1,300,0,8.91001,1.47238,0.433317,0.195188,0,8494.88,1,1,1,1,0.05,300,300,300,300,300,300,300,300,300,300,300,300,300,300,300
ppo_best,0,559,1,0.314533,0.0389441,-0.430149,0.941288,16963,1287.27,52.2526,11.2947,4.37255,0.102277,0.0243892,0.0114808,1.74522,0.253283,0.316935,0.434137,0,0.125,-1,300,0,11.2947,1.74522,0.316935,0.434137,0,15675.8,1,1,1,1,0.05,300,300,300,300,300,300,300,300,300,300,300,300,300,300,300
ppo_best,0,560,0,0.259637,0.138081,-0.424386,0.968619,13731.3,586.665,43.8156,7.67065,1.70274,0.0774789,0.0247908,0.0406465,0.981972,0.0961139,0.294071,0.425545,1,0.125,0,300,0,7.67065,0.981972,0.294071,0.425545,1,13144.7,1,1,1,1,0.05,300,300,300,300,300,300,300,300,300,300,300,300,300,300,300
ppo_best,0,561,5,0.350119,0.0888826,-0.27119,0.975719,8701.08,433.772,27.5577,6.58442,2.05872,0.047438,0.00882276,0.046423,0.809523,0.141057,0.361225,0.272274,0,0.125,-1,300,0,6.58442,0.809523,0.361225,0.272274,0,8267.31,1,1,1,1,0.05,300,300,300,300,300,300,300,300,300,300,300,300,300,300,300
ppo_best,0,562,3,0.312738,0.198659,-0.0755731,0.937555,16206.9,1100.04,50.3562,10.4284,3.78869,0.0175585,0.016809,0.0222037,1.83756,0.128098,0.3705,0.0980342,0,0.125,-1,300,0,10.4284,1.83756,0.3705,0.0980342,0,15106.9,1,1,1,1,0.05,300,300,300,300,300,300,300,300,300,300,300,300,300,300,300
ppo_best,0,563,6,0.499061,0.110476,-0.28834,0.90892,11805.2,732.447,36.909,8.49368,4.15893,0.0572564,0.0131328,0.00895093,1.44305,0.209952,0.511143,0.302383,0,0.125,-1,300,0,8.49368,1.44305,0.511143,0.302383,0,11072.7,1,1,1,1,0.05,300,300,300,300,300,300,300,300,300,300,300,300,300,300,300
ppo_best,0,564,1,0.325202,0.0988712,0.172639,0.96695,8529.06,486.852,26.8073,6.9225,1.3783,0.070045,0.0188205,0.0158055,0.636721,0.22378,0.339899,0.175774,0,0.125,-1,300,0,6.9225,0.636721,0.339899,0.175774,0,8042.2,1,1,1,1,0.05,300,300,300,300,300,300,300,300,300,300,300,300,300,300,300
ppo_best,0,565,3,0.483641,0.09639,-0.0790354,1.07355,7217.23,290.855,23.0879,5.37026,1.05136,0.0827189,0.0110896,0.0373963,0.522058,0.0803394,0.493153,0.107966,0,0.125,-1,300,0,5.37026,0.522058,0.493153,0.107966,0,6926.38,1,1,1,1,0.05,300,300,300,300,300,300,300,300,300,300,300,300,300,300,300
ppo_best,0,566,6,0.364406,0.134291,-0.34477,1.03565,6685.9,319.424,21.2216,5.6288,0.921282,0.0705655,0.0166119,0.039036,0.216731,0.216094,0.388364,0.346609,0,0.125,-1,300,0,5.6288,0.216731,0.388364,0.346609,0,6366.48,1,1,1,1,0.05,300,300,300,300,300,300,300,300,300,300,300,300,300,300,300
ppo_best,0,567,5,0.395735,0.072148,0.425581,1.01075,5388.67,212.243,17.2548,4.57956,1.41264,0.0414221,0.00789737,0.021942,0.370419,0.0461437,0.402258,0.425717,0,0.125,-1,300,0,4.57956,0.370419,0.402258,0.425717,0,5176.43,1,1,1,1,0.05,300,300,300,300,300,300,300,300,300,300,300,300,300,300,300
ppo_best,0,568,2,0.328201,0.160522,0.443951,1.08199,6193.31,325.248,19.5602,5.69656,1.11295,0.0423749,0.0132224,0.0151762,0.96955,0.120487,0.365353,0.451458,0,0.125,-1,300,0,5.69656,0.96955,0.365353,0.451458,0,5868.07,1,1,1,1,0.05,300,300,300,300,300,300,300,300,300,300,300,300,300,300,300
ppo_best,0,569,1,0.333412,0.161142,-0.0559472,1.02698,8451.12,424.65,26.7549,6.50927,3.3036,0.0799998,0.0142432,0.02882,0.409002,0.229228,0.370311,0.0621123,0,0.125,-1,300,0,6.50927,0.409002,0.370311,0.0621123,0,8026.46,1,1,1,1,0.05,300,300,300,300,300,300,300,300,300,300,300,300,300,300,300
ppo_best,0,570,5,0.318504,0.188776,0.204994,0.957661,7685.77,434.416,24.1712,6.57019,2.75836,0.051473,0.00456781,0.0337579,0.257324,0.148511,0.370245,0.20932,0,0.125,-1,300,0,6.57019,0.257324,0.370245,0.20932,0,7251.35,1,1,1,1,0.05,300,300,300,300,300,300,300,300,300,300,300,300,300,300,300
ppo_best,0,571,2,0.384757,0.135001,-0.402162,0.937353,11874.7,658.951,37.3858,8.13247,1.76174,0.0708256,0.0069177,0.0462867,1.1801,0.129816,0.407754,0.407012,0,0.125,-1,300,0,8.13247,1.1801,0.407754,0.407012,0,11215.7,1,1,1,1,0.05,300,300,300,300,300,300,300,300,300,300,300,300,300,300,300
ppo_best,0,572,4,0.422544,0.024223,-0.139129,0.949296,11757.4,617.397,37.1334,7.85617,2.75849,0.0304543,0.0241491,0.0397578,1.01031,0.415048,0.423238,0.14808,0,0.125,-1,300,0,7.85617,1.01031,0.423238,0.14808,0,11140,1,1,1,1,0.05,300,300,300,300,300,300,300,300,300,300,300,300,300,300,300
ppo_best,0,573,7,0.435056,0.0242135,-0.215283,1.06043,5008.21,95.5344,16.3756,3.07354,1.6321,0.135344,0.0142557,0.034921,0.369892,0.725338,0.435729,0.223604,0,0.125,-1,300,0,3.07354,0.369892,0.435729,0.223604,0,4912.67,1,1,1,1,0.05,300,300,300,300,300,300,300,300,300,300,300,300,300,300,300
ppo_best,0,574,5,0.159894,0.166691,0.405741,1.04438,9614.92,613.801,30.0037,7.78714,0.951328,0.06931,0.0174463,0.0355875,1.07974,0.324506,0.23098,0.408161,0,0.125,-1,300,0,7.78714,1.07974,0.23098,0.408161,0,9001.12,1,1,1,1,0.05,300,300,300,300,300,300,300,300,300,300,300,300,300,300,300
ppo_best,0,575,4,0.519521,0.0529543,-0.297337,1.05611,6138.93,147.585,19.9711,3.77895,0.713017,0.109116,0.0126216,0.0296068,0.340998,0.573866,0.522212,0.302584,0,0.125,-1,300,0,3.77895,0.340998,0.522212,0.302584,0,5991.34,1,1,1,1,0.05,300,300,300,300,300,300,300,300,300,300,300,300,300,300,300
ppo_best,0,576,7,0.544907,0.143163,-0.00714266,1.09842,7234.84,413.385,22.7382,6.367,2.25237,0.0222519,0.0187555,0.0346134,0.552714,0.244163,0.563399,0.0986836,0,0.125,-1,300,0,6.367,0.552714,0.563399,0.0986836,0,6821.46,1,1,1,1,0.05,300,300,300,300,300,300,300,300,300,300,300,300,300,300,300
ppo_best,0,577,1,0.489248,0.0905505,-0.00639546,0.974612,12892.4,592.184,41.0007,7.72227,3.98991,0.0462226,0.0206618,0.0508576,0.378683,0.329995,0.497557,0.0261807,0,0.125,-1,300,0,7.72227,0.378683,0.497557,0.0261807,0,12300.2,1,1,1,1,0.05,300,300,300,300,300,300,300,300,300,300,300,300,300,300,300
ppo_best,0,578,1,0.592375,0.149617,0.48531,0.93111,7449.02,287.905,23.8704,5.38139,0.371764,0.0684465,0.0209081,0.0386978,0.311899,0.177579,0.610978,0.490175,0,0.125,-1,300,0,5.38139,0.311899,0.610978,0.490175,0,7161.11,1,1,1,1,0.05,300,300,300,300,300,300,300,300,300,300,300,300,300,300,300
ppo_best,0,579,0,0.429335,0.105952,-0.458105,0.996483,5981.75,318.175,18.8786,5.61244,0.663543,0.156475,0.0184888,0.0142604,0.595172,0.0651533,0.442216,0.458119,1,0.125,0,300,0,5.61244,0.595172,0.442216,0.458119,1,5663.58,1,1,1,1,0.05,300,300,300,300,300,300,300,300,300,300,300,300,300,300,300
ppo_best,0,580,2,0.419978,0.0975649,0.272416,0.924887,7251.95,265.995,23.2865,5.14796,1.80985,0.029876,0.0113143,0.0431699,0.355623,0.229249,0.431161,0.282582,0,0.125,-1,300,0,5.14796,0.355623,0.431161,0.282582,0,6985.96,1,1,1,1,0.05,300,300,300,300,300,300,300,300,300,300,300,300,300,300,300
ppo_best,0,581,3,0.333415,0.00316126,0.0337983,0.974163,7749.9,689.304,23.5353,8.25016,1.61494,0.0936045,0.0201462,0.0184999,1.35937,0.694711,0.33343,0.042543,0,0.125,-1,300,0,8.25016,1.35937,0.33343,0.042543,0,7060.59,1,1,1,1,0.05,300,300,300,300,300,300,300,300,300,300,300,300,300,300,300
ppo_best,0,582,4,0.348768,0.101697,-0.388309,0.92909,9222.5,762.149,28.2012,8.69366,2.81504,0.0671577,0.015053,0.0577232,1.71751,0.190848,0.363293,0.394731,0,0.125,-1,300,0,8.69366,1.71751,0.363293,0.394731,0,8460.36,1,1,1,1,0.05,300,300,300,300,300,300,300,300,300,300,300,300,300,300,300
ppo_best,0,583,2,0.312457,0.132993,-0.290467,1.09382,7603.69,409.221,23.9816,6.36244,0.53088,0.0578778,0.0272177,0.0226554,0.165498,0.0891656,0.339583,0.305244,0,0.125,-1,300,0,6.36244,0.165498,0.339583,0.305244,0,7194.47,1,1,1,1,0.05,300,300,300,300,300,300,300,300,300,300,300,300,300,300,300
ppo_best,0,584,0,0.265366,0.192702,-0.180619,0.919902,11585.1,543.341,36.8059,7.34868,3.66185,0.0721351,0.0319549,0.0231474,1.17823,0.252567,0.327953,0.197583,1,0.125,0,300,0,7.34868,1.17823,0.327953,0.197583,1,11041.8,1,1,1,1,0.05,300,300,300,300,300,300,300,300,300,300,300,300,300,300,300
ppo_best,0,585,2,0.0982737,0.176931,0.168968,1.05564,4560.76,188.949,14.5727,4.36424,1.68233,0.0473869,0.0205777,0.00749233,0.370681,0.145222,0.202392,0.177895,0,0.125,-1,300,0,4.36424,0.370681,0.202392,0.177895,0,4371.81,1,1,1,1,0.05,300,300,300,300,300,300,300,300,300,300,300,300,300,300,300
ppo_best,0,586,3,0.643643,0.0616856,0.423902,1.04285,6840.49,278.609,21.8729,5.30077,2.38119,0.0572753,0.0168405,0.0510692,1.40442,0.0601184,0.646592,0.426062,0,0.125,-1,300,0,5.30077,1.40442,0.646592,0.426062,0,6561.88,1,1,1,1,0.05,300,300,300,300,300,300,300,300,300,300,300,300,300,300,300
ppo_best,0,587,6,0.222874,0.101715,-0.0357014,0.968995,6529.54,250.769,20.9292,4.99372,1.54858,0.0641717,0.00785661,0.0365401,0.0846719,0.239279,0.244987,0.0472852,0,0.125,-1,300,0,4.99372,0.0846719,0.244987,0.0472852,0,6278.77,1,1,1,1,0.05,300,300,300,300,300,300,300,300,300,300,300,300,300,300,300
ppo_best,0,588,5,0.381977,0.157651,0.41638,1.04897,5221.35,200.042,16.7377,4.50642,1.5143,0.087236,0.0197836,0.0273794,0.805016,0.280429,0.413232,0.41925,0,0.125,-1,300,0,4.50642,0.805016,0.413232,0.41925,0,5021.31,1,1,1,1,0.05,300,300,300,300,300,300,300,300,300,300,300,300,300,300,300
ppo_best,0,589,6,0.437738,0.0434603,-0.315759,1.07074,9184.44,490.51,28.9798,6.99596,2.03702,0.0511534,0.0114386,0.03274,0.448363,0.445428,0.43989,0.323586,0,0.125,-1,300,0,6.99596,0.448363,0.43989,0.323586,0,8693.93,1,1,1,1,0.05,300,300,300,300,300,300,300,300,300,300,300,300,300,300,300
ppo_best,0,590,1,0.408937,0.158849,0.384256,1.09526,5990.86,245.406,19.1515,4.94518,1.90743,0.0644734,0.00759586,0.0146244,0.894056,0.202103,0.438705,0.395888,0,0.125,-1,300,0,4.94518,0.894056,0.438705,0.395888,0,5745.45,1,1,1,1,0.05,300,300,300,300,300,300,300,300,300,300,300,300,300,300,300
ppo_best,0,591,3,0.465211,0.13267,0.110386,0.985223,5544.81,306.489,17.4611,5.55519,1.53014,0.0954331,0.0200718,0.0764073,0.394185,0.126208,0.483759,0.111371,0,0.125,-1,300,0,5.55519,0.394185,0.483759,0.111371,0,5238.33,1,1,1,1,0.05,300,300,300,300,300,300,300,300,300,300,300,300,300,300,300
ppo_best,0,592,6,0.646811,0.15239,-0.406551,0.989567,8444.71,378.591,26.887,6.14069,3.3112,0.0744393,0.0115547,0.0422045,0.48248,0.283231,0.66452,0.406685,0,0.125,-1,300,0,6.14069,0.48248,0.66452,0.406685,0,8066.11,1,1,1,1,0.05,300,300,300,300,300,300,300,300,300,300,300,300,300,300,300
ppo_best,0,593,0,0.581155,0.176812,0.0407912,1.07692,5317.42,237.584,16.9328,4.85294,2.13433,0.0506617,0.0153152,0.0338976,0.324009,0.164737,0.607457,0.0870709,1,0.125,0,300,0,4.85294,0.324009,0.607457,0.0870709,1,5079.84,1,1,1,1,0.05,300,300,300,300,300,300,300,300,300,300,300,300,300,300,300
ppo_best,0,594,5,0.454296,0.195294,-0.0715504,0.985017,7865.87,271.934,25.3131,5.22592,2.28627,0.0580374,0.00827126,0.0638892,0.584595,0.113179,0.494494,0.0731022,0,0.125,-1,300,0,5.22592,0.584595,0.494494,0.0731022,0,7593.93,1,1,1,1,0.05,300,300,300,300,300,300,300,300,300,300,300,300,300,300,300
ppo_best,0,595,4,0.36738,0.00480042,-0.413533,0.966898,9879.47,487.424,31.3068,7.04928,2.32712,0.0839236,0.0138357,0.0438354,0.525676,0.530321,0.367412,0.414856,0,0.125,-1,300,0,7.04928,0.525676,0.367412,0.414856,0,9392.05,1,1,1,1,0.05,300,300,300,300,300,300,300,300,300,300,300,300,300,300,300
ppo_best,0,596,1,0.38462,0.0356206,0.0912712,1.09067,6791.88,353.059,21.4627,5.90824,1.67867,0.0922854,0.0198368,0.0311075,0.778632,0.515566,0.386266,0.128651,0,0.125,-1,300,0,5.90824,0.778632,0.386266,0.128651,0,6438.82,1,1,1,1,0.05,300,300,300,300,300,300,300,300,300,300,300,300,300,300,300
ppo_best,0,597,5,0.306515,0.0108906,0.495097,1.03744,6673.65,254.735,21.3964,5.05706,1.71232,0.102991,0.0137131,0.0293211,0.786432,0.225408,0.306709,0.49651,0,0.125,-1,300,0,5.05706,0.786432,0.306709,0.49651,0,6418.92,1,1,1,1,0.05,300,300,300,300,300,300,300,300,300,300,300,300,300,300,300
ppo_best,0,598,0,0.258896,0.00694849,-0.498993,1.07009,11780.8,393.874,37.9563,6.29456,2.94888,0.0795652,0.0093502,0.0424691,0.622328,0.319523,0.258989,0.503891,1,0.125,0,300,0,6.29456,0.622328,0.258989,0.503891,1,11386.9,1,1,1,1,0.05,300,300,300,300,300,300,300,300,300,300,300,300,300,300,300
ppo_best,0,599,4,0.454339,0.105327,-0.365408,1.07964,11335.5,514.162,36.071,7.18157,2.95542,0.0337638,0.0160305,0.0316217,0.33474,0.186667,0.466388,0.373986,0,0.125,-1,300,0,7.18157,0.33474,0.466388,0.373986,0,10821.3,1,1,1,1,0.05,300,300,300,300,300,300,300,300,300,300,300,300,300,300,300
ppo_best,0,600,6,0.228197,0.014291,0.252511,0.978167,7204.45,129.042,23.5847,3.51418,1.66418,0.0858889,0.0202507,0.0181338,0.506108,0.398052,0.228644,0.253453,0,0.125,-1,300,0,3.51418,0.506108,0.228644,0.253453,0,7075.41,1,1,1,1,0.05,300,300,300,300,300,300,300,300,300,300,300,300,300,300,300
ppo_best,0,601,7,0.533871,0.170279,0.478835,1.07902,6938.97,416.552,21.7414,6.41179,2.12357,0.0834467,0.00978398,0.0160288,0.846006,0.223216,0.560369,0.485312,0,0.125,-1,300,0,6.41179,0.846006,0.560369,0.485312,0,6522.42,1,1,1,1,0.05,300,300,300,300,300,300,300,300,300,300,300,300,300,300,300
ppo_best,0,602,2,0.268502,0.185172,0.201855,0.920834,8933.23,627.673,27.6852,7.87529,2.05545,0.0152224,0.0310797,0.0505002,0.822866,0.115017,0.326163,0.216824,0,0.125,-1,300,0,7.87529,0.822866,0.326163,0.216824,0,8305.55,1,1,1,1,0.05,300,300,300,300,300,300,300,300,300,300,300,300,300,300,300
ppo_best,0,603,4,0.487031,0.137528,0.312953,1.02519,8936.41,390.342,28.4869,6.18621,3.02618,0.0423172,0.0233369,0.00643239,1.25048,0.123306,0.506076,0.313965,0,0.125,-1,300,0,6.18621,1.25048,0.506076,0.313965,0,8546.07,1,1,1,1,0.05,300,300,300,300,300,300,300,300,300,300,300,300,300,300,300
ppo_best,0,604,6,0.294278,0.195226,-0.0246736,1.07038,15980.9,877.153,50.3459,9.37032,3.61323,0.0975979,0.0183603,0.0211531,1.15585,0.153916,0.353147,0.0745761,0,0.125,-1,300,0,9.37032,1.15585,0.353147,0.0745761,0,15103.8,1,1,1,1,0.05,300,300,300,300,300,300,300,300,300,300,300,300,300,300,300
ppo_best,0,605,6,0.409752,0.174352,0.0521256,1.03061,10109.3,587.403,31.7398,7.66816,1.77889,0.0965715,0.0114117,0.0432649,0.335603,0.223924,0.445303,0.0604469,0,0.125,-1,300,0,7.66816,0.335603,0.445303,0.0604469,0,9521.93,1,1,1,1,0.05,300,300,300,300,300,300,300,300,300,300,300,300,300,300,300
ppo_best,0,606,3,0.153075,0.146172,-0.499011,1.00155,7967.35,332.27,25.4503,5.78127,3.28808,0.0487551,0.0248952,0.0777383,0.866394,0.239765,0.211656,0.499014,0,0.125,-1,300,0,5.78127,0.866394,0.211656,0.499014,0,7635.08,1,1,1,1,0.05,300,300,300,300,300,300,300,300,300,300,300,300,300,300,300
ppo_best,0,607,2,0.440661,0.0255853,-0.0722042,0.937929,12936.7,615.929,41.0693,7.84808,3.71738,0.0966192,0.0299436,0.063789,1.07097,0.292928,0.441403,0.095217,0,0.125,-1,300,0,7.84808,1.07097,0.441403,0.095217,0,12320.8,1,1,1,1,0.05,300,300,300,300,300,300,300,300,300,300,300,300,300,300,300
ppo_best,0,608,2,0.56081,0.174981,0.194964,1.03889,12007.4,824.683,37.2757,9.04671,2.1962,0.0886151,0.0118468,0.00388986,0.387982,0.211035,0.587474,0.198804,0,0.125,-1,300,0,9.04671,0.387982,0.587474,0.198804,0,11182.7,1,1,1,1,0.05,300,300,300,300,300,300,300,300,300,300,300,300,300,300,300
ppo_best,0,609,4,0.585245,0.161374,-0.245242,1.07628,7085.73,440.125,22.152,6.57892,2.54892,0.126132,0.0168206,0.0362847,0.664002,0.21094,0.607085,0.256831,0,0.125,-1,300,0,6.57892,0.664002,0.607085,0.256831,0,6645.61,1,1,1,1,0.05,300,300,300,300,300,300,300,300,300,300,300,300,300,300,300
ppo_best,0,610,3,0.37607,0.0905037,-0.366805,0.959527,14963.7,777.367,47.2879,8.81424,3.14017,0.0330353,0.026206,0.0351761,0.790919,0.215557,0.386807,0.369031,0,0.125,-1,300,0,8.81424,0.790919,0.386807,0.369031,0,14186.4,1,1,1,1,0.05,300,300,300,300,300,300,300,300,300,300,300,300,300,300,300
ppo_best,0,611,1,0.370225,0.192199,-0.456259,1.09395,8053.63,323.946,25.7656,5.67121,2.31132,0.126084,0.012603,0.0350966,0.634316,0.115416,0.417142,0.465832,0,0.125,-1,300,0,5.67121,0.634316,0.417142,0.465832,0,7729.69,1,1,1,1,0.05,300,300,300,300,300,300,300,300,300,300,300,300,300,300,300
ppo_best,0,612,0,0.414197,0.0413591,0.193499,1.07427,9149.75,362.424,29.2911,6.00911,1.56263,0.0751465,0.00998903,0.0559365,0.733136,0.40569,0.416257,0.207263,1,0.125,0,300,0,6.00911,0.733136,0.416257,0.207263,1,8787.33,1,1,1,1,0.05,300,300,300,300,300,300,300,300,300,300,300,300,300,300,300
ppo_best,0,613,0,0.284876,0.169111,0.288743,1.07329,9041.3,481.394,28.533,6.92167,2.52392,0.10489,0.017213,0.04394,1.542,0.279939,0.33129,0.2979,1,0.125,0,300,0,6.92167,1.542,0.33129,0.2979,1,8559.9,1,1,1,1,0.05,300,300,300,300,300,300,300,300,300,300,300,300,300,300,300
ppo_best,0,614,4,0.391954,0.198224,0.422437,0.972186,6563.4,352.332,20.7036,5.92269,0.893988,0.0851451,0.0189905,0.0464604,0.425091,0.175111,0.439227,0.423352,0,0.125,-1,300,0,5.92269,0.425091,0.439227,0.423352,0,6211.07,1,1,1,1,0.05,300,300,300,300,300,300,300,300,300,300,300,300,300,300,300
ppo_best,0,615,2,0.30756,0.153783,0.412459,1.06569,4602.42,122.183,14.9341,3.48122,0.805474,0.0745615,0.00408935,0.035056,1.11264,0.213746,0.343864,0.417657,0,0.125,-1,300,0,3.48122,1.11264,0.343864,0.417657,0,4480.23,1,1,1,1,0.05,300,300,300,300,300,300,300,300,300,300,300,300,300,300,300
ppo_best,0,616,1,0.514192,0.0191162,0.317078,1.02101,11250.5,599.007,35.505,7.7143,1.66398,0.105123,0.015166,0.038086,0.419821,0.572066,0.514548,0.317774,0,0.125,-1,300,0,7.7143,0.419821,0.514548,0.317774,0,10651.5,1,1,1,1,0.05,300,300,300,300,300,300,300,300,300,300,300,300,300,300,300
ppo_best,0,617,5,0.403696,0.0460918,0.381104,0.930215,16779.1,1161.74,52.0578,10.7184,3.13362,0.0603958,0.0221043,0.0263212,1.18078,0.466603,0.406319,0.38744,0,0.125,-1,300,0,10.7184,1.18078,0.406319,0.38744,0,15617.3,1,1,1,1,0.05,300,300,300,300,300,300,300,300,300,300,300,300,300,300,300
ppo_best,0,618,2,0.219442,0.130435,-0.398807,0.911902,22689.4,1721.05,69.8944,13.1164,4.64788,0.0712595,0.00314098,0.0545052,1.63635,0.25106,0.25528,0.408422,0,0.125,-1,300,0,13.1164,1.63635,0.25528,0.408422,0,20968.3,1,1,1,1,0.05,300,300,300,300,300,300,300,300,300,300,300,300,300,300,300
ppo_best,0,619,4,0.418614,0.0718075,-0.280436,0.998535,8073.62,413.672,25.5332,6.41966,0.969025,0.0777495,0.0247915,0.0270024,0.390056,0.351158,0.424728,0.280439,0,0.125,-1,300,0,6.41966,0.390056,0.424728,0.280439,0,7659.95,1,1,1,1,0.05,300,300,300,300,300,300,300,300,300,300,300,300,300,300,300
ppo_best,0,620,4,0.177286,0.00935001,-0.436536,0.909641,18468.9,1387.2,56.9392,11.7441,3.14885,0.106826,0.0271327,0.0557301,1.72173,0.73976,0.177532,0.44579,0,0.125,-1,300,0,11.7441,1.72173,0.177532,0.44579,0,17081.8,1,1,1,1,0.05,300,300,300,300,300,300,300,300,300,300,300,300,300,300,300
ppo_best,0,621,3,0.438649,0.0748778,0.0505346,0.978742,5587.25,253.528,17.7791,5.05487,0.833797,0.0758688,0.0274795,0.0294459,0.644228,0.359662,0.444994,0.0548237,0,0.125,-1,300,0,5.05487,0.644228,0.444994,0.0548237,0,5333.72,1,1,1,1,0.05,300,300,300,300,300,300,300,300,300,300,300,300,300,300,300
ppo_best,0,622,4,0.515341,0.024046,0.299068,0.9912,3889.88,115.439,12.5815,3.37545,0.669845,0.096692,0.00777789,0.0374741,0.370723,0.251384,0.515901,0.299197,0,0.125,-1,300,0,3.37545,0.370723,0.515901,0.299197,0,3774.44,1,1,1,1,0.05,300,300,300,300,300,300,300,300,300,300,300,300,300,300,300
ppo_best,0,623,3,0.339239,0.150286,0.149925,0.989152,11484.7,514.864,36.5662,7.20703,3.52326,0.0608382,0.0204244,0.0397425,0.634713,0.249872,0.371038,0.150317,0,0.125,-1,300,0,7.20703,0.634713,0.371038,0.150317,0,10969.9,1,1,1,1,0.05,300,300,300,300,300,300,300,300,300,300,300,300,300,300,300
ppo_best,0,624,0,0.446114,0.0648959,-0.136039,0.921746,6249.86,389.763,19.5337,6.23492,1.11821,0.124189,0.0174483,0.0312983,0.51149,0.381532,0.450809,0.15694,1,0.125,0,300,0,6.23492,0.51149,0.450809,0.15694,1,5860.1,1,1,1,1,0.05,300,300,300,300,300,300,300,300,300,300,300,300,300,300,300
ppo_best,0,625,6,0.43079,0.159153,0.286615,1.00333,5099.18,152.778,16.488,3.91068,2.16527,0.0254811,0.0173211,0.0372007,0.319611,0.103196,0.459249,0.286634,0,0.125,-1,300,0,3.91068,0.319611,0.459249,0.286634,0,4946.4,1,1,1,1,0.05,300,300,300,300,300,300,300,300,300,300,300,300,300,300,300
ppo_best,0,626,1,0.214992,0.130062,0.350068,0.920724,6447.01,493.264,19.8458,6.96604,0.979934,0.13739,0.019511,0.0415757,0.828766,0.263433,0.251272,0.358932,0,0.125,-1,300,0,6.96604,0.828766,0.251272,0.358932,0,5953.75,1,1,1,1,0.05,300,300,300,300,300,300,300,300,300,300,300,300,300,300,300
ppo_best,0,627,5,0.184735,0.0661894,0.0319254,1.05093,11504.6,762.61,35.8067,8.73293,1.76314,0.0669559,0.0123909,0.0293317,0.608357,0.210773,0.196234,0.0601073,0,0.125,-1,300,0,8.73293,0.608357,0.196234,0.0601073,0,10742,1,1,1,1,0.05,300,300,300,300,300,300,300,300,300,300,300,300,300,300,300
ppo_best,0,628,4,0.32169,0.0898685,-0.327102,1.00718,6727.86,383.123,21.1491,6.15574,2.72531,0.0637137,0.00678258,0.0443741,0.278779,0.151472,0.334007,0.327181,0,0.125,-1,300,0,6.15574,0.278779,0.334007,0.327181,0,6344.74,1,1,1,1,0.05,300,300,300,300,300,300,300,300,300,300,300,300,300,300,300
ppo_best,0,629,6,0.321819,0.0785967,0.145669,1.00259,5378.58,266.73,17.0395,5.12667,1.71181,0.0989311,0.0253058,0.0509351,0.45742,0.28281,0.331278,0.145692,0,0.125,-1,300,0,5.12667,0.45742,0.331278,0.145692,0,5111.85,1,1,1,1,0.05,300,300,300,300,300,300,300,300,300,300,300,300,300,300,300
ppo_best,0,630,0,0.309441,0.10928,-0.468482,0.958768,9491.51,678.363,29.3772,8.15365,1.91458,0.064867,0.011376,0.0221578,1.47264,0.212092,0.32817,0.470293,1,0.125,0,300,0,8.15365,1.47264,0.32817,0.470293,1,8813.15,1,1,1,1,0.05,300,300,300,300,300,300,300,300,300,300,300,300,300,300,300
ppo_best,0,631,1,0.39532,0.186222,-0.401563,1.00103,14927.4,1172.94,45.8482,10.8249,3.07393,0.0621492,0.010515,0.013616,0.805464,0.202398,0.436985,0.401564,0,0.125,-1,300,0,10.8249,0.805464,0.436985,0.401564,0,13754.5,1,1,1,1,0.05,300,300,300,300,300,300,300,300,300,300,300,300,300,300,300
ppo_best,0,632,7,0.465202,0.071927,0.355831,1.05072,6754.42,535.328,20.7303,7.24476,1.76887,0.0325255,0.0101756,0.0239535,0.600285,0.292218,0.470729,0.359428,0,0.125,-1,300,0,7.24476,0.600285,0.470729,0.359428,0,6219.09,1,1,1,1,0.05,300,300,300,300,300,300,300,300,300,300,300,300,300,300,300
ppo_best,0,633,2,0.493552,0.131559,-0.420882,0.972814,7739.3,227.752,25.0385,4.78228,1.19763,0.139657,0.00966719,0.0289623,0.829646,0.125141,0.510785,0.421759,0,0.125,-1,300,0,4.78228,0.829646,0.510785,0.421759,0,7511.55,1,1,1,1,0.05,300,300,300,300,300,300,300,300,300,300,300,300,300,300,300
ppo_best,0,634,2,0.3272,0.167255,-0.384775,0.909985,6573.09,256.593,21.055,5.07089,0.947559,0.0666147,0.00797998,0.017135,1.07769,0.126995,0.36747,0.395164,0,0.125,-1,300,0,5.07089,1.07769,0.36747,0.395164,0,6316.49,1,1,1,1,0.05,300,300,300,300,300,300,300,300,300,300,300,300,300,300,300
ppo_best,0,635,6,0.31378,0.107328,-0.356719,1.00103,14006.8,832.224,43.9153,9.12396,2.12525,0.182912,0.0150884,0.0328967,0.736638,0.0897218,0.331629,0.35672,0,0.125,-1,300,0,9.12396,0.736638,0.331629,0.35672,0,13174.6,1,1,1,1,0.05,300,300,300,300,300,300,300,300,300,300,300,300,300,300,300
ppo_best,0,636,2,0.468857,0.0675951,-0.147458,1.00371,7142.36,468.342,22.2467,6.85465,2.30715,0.0510344,0.0106046,0.0416131,0.427491,0.241191,0.473704,0.147505,0,0.125,-1,300,0,6.85465,0.427491,0.473704,0.147505,0,6674.02,1,1,1,1,0.05,300,300,300,300,300,300,300,300,300,300,300,300,300,300,300
ppo_best,0,637,5,0.322773,0.0702883,-0.42148,1.02447,12700.3,502.661,40.6586,7.10169,3.21,0.0661363,0.0160531,0.0312995,0.489949,0.0991208,0.330337,0.422189,0,0.125,-1,300,0,7.10169,0.489949,0.330337,0.422189,0,12197.6,1,1,1,1,0.05,300,300,300,300,300,300,300,300,300,300,300,300,300,300,300
ppo_best,0,638,5,0.334575,0.0252331,0.164776,1.04634,10593.1,643.233,33.1663,8.01424,1.67184,0.0201815,0.0317874,0.0267754,1.27124,0.348242,0.335525,0.171167,0,0.125,-1,300,0,8.01424,1.27124,0.335525,0.171167,0,9949.9,1,1,1,1,0.05,300,300,300,300,300,300,300,300,300,300,300,300,300,300,300
ppo_best,0,639,6,0.538921,0.156625,0.0901265,0.98438,9505.03,584.653,29.7346,7.60634,2.08539,0.0380041,0.0161479,0.00760214,0.362744,0.202074,0.56122,0.09147,0,0.125,-1,300,0,7.60634,0.362744,0.56122,0.09147,0,8920.38,1,1,1,1,0.05,300,300,300,300,300,300,300,300,300,300,300,300,300,300,300
ppo_best,0,640,7,0.265851,0.0717723,0.388058,1.09687,5708.34,254.038,18.181,5.05163,1.32901,0.0618832,0.0163794,0.047262,0.637638,0.148933,0.275368,0.399966,0,0.125,-1,300,0,5.05163,0.637638,0.275368,0.399966,0,5454.31,1,1,1,1,0.05,300,300,300,300,300,300,300,300,300,300,300,300,300,300,300
ppo_best,0,641,7,0.309374,0.0116538,0.0838805,1.01307,8153.12,219.369,26.4458,4.64166,1.13963,0.0279137,0.0128747,0.0147672,0.383059,0.280569,0.309594,0.0848932,0,0.125,-1,300,0,4.64166,0.383059,0.309594,0.0848932,0,7933.75,1,1,1,1,0.05,300,300,300,300,300,300,300,300,300,300,300,300,300,300,300
ppo_best,0,642,6,0.468767,0.0715674,0.241418,0.98776,9037.45,679.954,27.8583,8.22102,0.738796,0.0896959,0.0264168,0.0480423,0.433983,0.170801,0.474199,0.241728,0,0.125,-1,300,0,8.22102,0.433983,0.474199,0.241728,0,8357.5,1,1,1,1,0.05,300,300,300,300,300,300,300,300,300,300,300,300,300,300,300
ppo_best,0,643,3,0.490726,0.155025,-0.105786,0.946685,11442,606.412,36.1187,7.72519,3.87046,0.0707307,0.0197121,0.0234715,0.650215,0.204895,0.514631,0.118462,0,0.125,-1,300,0,7.72519,0.650215,0.514631,0.118462,0,10835.6,1,1,1,1,0.05,300,300,300,300,300,300,300,300,300,300,300,300,300,300,300
ppo_best,0,644,2,0.412426,0.045649,0.42081,1.02937,8833.08,489.294,27.8126,6.95094,1.52322,0.116603,0.0126333,0.0236822,0.917293,0.117323,0.414944,0.421833,0,0.125,-1,300,0,6.95094,0.917293,0.414944,0.421833,0,8343.79,1,1,1,1,0.05,300,300,300,300,300,300,300,300,300,300,300,300,300,300,300
ppo_best,0,645,5,0.492474,0.102355,-0.0541527,0.991549,5561.27,156.185,18.017,3.9669,1.98322,0.00701871,0.0174783,0.0157211,0.138682,0.273613,0.502999,0.0548081,0,0.125,-1,300,0,3.9669,0.138682,0.502999,0.0548081,0,5405.09,1,1,1,1,0.05,300,300,300,300,300,300,300,300,300,300,300,300,300,300,300
ppo_best,0,646,0,0.258347,0.163247,-0.366801,0.978988,9236.2,432.323,29.3463,6.59671,2.86651,0.0655499,0.0211279,0.0323673,0.866501,0.19582,0.305603,0.367403,1,0.125,0,300,0,6.59671,0.866501,0.305603,0.367403,1,8803.88,1,1,1,1,0.05,300,300,300,300,300,300,300,300,300,300,300,300,300,300,300
ppo_best,0,647,2,0.323813,0.0211067,-0.183142,1.0303,5664.82,236.853,18.0932,4.87728,0.736687,0.0609192,0.0137586,0.0516345,0.464878,0.158124,0.3245,0.185631,0,0.125,-1,300,0,4.87728,0.464878,0.3245,0.185631,0,5427.97,1,1,1,1,0.05,300,300,300,300,300,300,300,300,300,300,300,300,300,300,300
ppo_best,0,648,0,0.255019,0.188869,-0.278694,0.925512,7276.97,406.333,22.9021,6.36286,2.41938,0.0405213,0.0131933,0.0249742,1.15023,0.15368,0.317342,0.288476,1,0.125,0,300,0,6.36286,1.15023,0.317342,0.288476,1,6870.64,1,1,1,1,0.05,300,300,300,300,300,300,300,300,300,300,300,300,300,300,300
ppo_best,0,649,7,0.290555,0.0553897,-0.344649,1.00476,6929.01,208.352,22.4022,4.51571,2.04754,0.0666054,0.00187591,0.0174478,0.449039,0.385889,0.295788,0.344682,0,0.125,-1,300,0,4.51571,0.449039,0.295788,0.344682,0,6720.66,1,1,1,1,0.05,300,300,300,300,300,300,300,300,300,300,300,300,300,300,300
ppo_best,0,650,1,0.561396,0.187733,0.0702707,1.09985,8422.7,389.284,26.7781,6.24865,0.730326,0.068616,0.00559938,0.0241988,0.600434,0.14275,0.591953,0.122095,0,0.125,-1,300,0,6.24865,0.600434,0.591953,0.122095,0,8033.42,1,1,1,1,0.05,300,300,300,300,300,300,300,300,300,300,300,300,300,300,300
ppo_best,0,651,4,0.151876,0.108453,0.31998,0.934086,11985.2,1006.93,36.5941,9.94536,2.80273,0.029552,0.018225,0.0277746,0.947016,0.226987,0.186624,0.326698,0,0.125,-1,300,0,9.94536,0.947016,0.186624,0.326698,0,10978.2,1,1,1,1,0.05,300,300,300,300,300,300,300,300,300,300,300,300,300,300,300
ppo_best,0,652,7,0.278968,0.0527604,-0.259171,1.08648,9751.17,447.532,31.0121,6.65905,2.22432,0.0912615,0.0172924,0.0156548,1.08355,0.174572,0.283913,0.273219,0,0.125,-1,300,0,6.65905,1.08355,0.283913,0.273219,0,9303.63,1,1,1,1,0.05,300,300,300,300,300,300,300,300,300,300,300,300,300,300,300
ppo_best,0,653,5,0.367685,0.192098,0.0533941,0.973466,7473.75,537.891,23.1195,7.29035,2.44462,0.094215,0.0161636,0.026262,0.832018,0.184772,0.414842,0.0596235,0,0.125,-1,300,0,7.29035,0.832018,0.414842,0.0596235,0,6935.86,1,1,1,1,0.05,300,300,300,300,300,300,300,300,300,300,300,300,300,300,300
ppo_best,0,654,4,0.431122,0.0609321,0.0643049,1.04496,5694.79,291.631,18.0105,5.36271,1.40126,0.0774896,0.0135792,0.0257013,0.990792,0.366561,0.435407,0.0784657,0,0.125,-1,300,0,5.36271,0.990792,0.435407,0.0784657,0,5403.16,1,1,1,1,0.05,300,300,300,300,300,300,300,300,300,300,300,300,300,300,300
ppo_best,0,655,2,0.357191,0.139159,-0.267474,0.944633,12919,458.559,41.5349,6.80155,1.8117,0.081613,0.0195834,0.0547879,1.12928,0.294315,0.383341,0.273145,0,0.125,-1,300,0,6.80155,1.12928,0.383341,0.273145,0,12460.5,1,1,1,1,0.05,300,300,300,300,300,300,300,300,300,300,300,300,300,300,300
ppo_best,0,656,0,0.437784,0.167609,-0.108866,1.05158,6167.61,256.033,19.7053,5.0532,2.34241,0.103299,0.0172307,0.0247804,0.335398,0.188541,0.468773,0.120468,1,0.125,0,300,0,5.0532,0.335398,0.468773,0.120468,1,5911.58,1,1,1,1,0.05,300,300,300,300,300,300,300,300,300,300,300,300,300,300,300
ppo_best,0,657,4,0.336416,0.0092762,-0.120474,0.979508,5225.18,284.839,16.4678,5.28696,0.856318,0.0803762,0.0116508,0.0308887,0.157541,0.24984,0.336544,0.122204,0,0.125,-1,300,0,5.28696,0.157541,0.336544,0.122204,0,4940.34,1,1,1,1,0.05,300,300,300,300,300,300,300,300,300,300,300,300,300,300,300
ppo_best,0,658,2,0.386563,0.0555927,-0.331034,0.961739,7333.98,515.391,22.7286,7.10017,0.657015,0.069701,0.0244806,0.0245657,1.05336,0.402835,0.39054,0.333238,0,0.125,-1,300,0,7.10017,1.05336,0.39054,0.333238,0,6818.59,1,1,1,1,0.05,300,300,300,300,300,300,300,300,300,300,300,300,300,300,300
ppo_best,0,659,7,0.31192,0.151382,0.19194,0.992999,4483.14,236.949,14.154,4.8303,2.13269,0.104929,0.0179875,0.0433646,0.455265,0.156162,0.346714,0.192067,0,0.125,-1,300,0,4.8303,0.455265,0.346714,0.192067,0,4246.2,1,1,1,1,0.05,300,300,300,300,300,300,300,300,300,300,300,300,300,300,300
ppo_best,0,660,1,0.576415,0.17379,0.0106257,0.957404,9514.47,341.271,30.5773,5.80664,2.25605,0.0901385,0.00755891,0.0259912,0.443404,0.230693,0.602045,0.0439018,0,0.125,-1,300,0,5.80664,0.443404,0.602045,0.0439018,0,9173.2,1,1,1,1,0.05,300,300,300,300,300,300,300,300,300,300,300,300,300,300,300
ppo_best,0,661,0,0.368023,0.042462,0.0690925,1.01045,7602.53,634.998,23.2251,7.89693,2.05955,0.104959,0.0127385,0.0393247,0.723915,0.336215,0.370464,0.0698783,1,0.125,0,300,0,7.89693,0.723915,0.370464,0.0698783,1,6967.53,1,1,1,1,0.05,300,300,300,300,300,300,300,300,300,300,300,300,300,300,300
ppo_best,0,662,1,0.548802,0.0936502,0.026579,1.03985,6743.97,347.373,21.322,5.8846,2.8511,0.110001,0.0144724,0.055263,0.707388,0.23422,0.556735,0.0479045,0,0.125,-1,300,0,5.8846,0.707388,0.556735,0.0479045,0,6396.6,1,1,1,1,0.05,300,300,300,300,300,300,300,300,300,300,300,300,300,300,300
ppo_best,0,663,6,0.471321,0.0353855,-0.41516,1.0871,10919.8,448.701,34.9037,6.69804,2.11083,0.0480402,0.0194493,0.0361575,0.295801,0.684003,0.472647,0.424198,0,0.125,-1,300,0,6.69804,0.295801,0.472647,0.424198,0,10471.1,1,1,1,1,0.05,300,300,300,300,300,300,300,300,300,300,300,300,300,300,300
ppo_best,0,664,4,0.421386,0.0209951,0.183995,1.08987,10154.5,587.453,31.8902,7.64736,2.74308,0.175787,0.00920672,0.0463968,0.708125,0.468456,0.421909,0.204769,0,0.125,-1,300,0,7.64736,0.708125,0.421909,0.204769,0,9567.07,1,1,1,1,0.05,300,300,300,300,300,300,300,300,300,300,300,300,300,300,300
ppo_best,0,665,2,0.132824,0.0542712,0.0893129,1.06995,13737.6,1339.54,41.3267,11.5048,0.996103,0.058703,0.0193308,0.0307138,1.23148,0.397977,0.143484,0.113444,0,0.125,-1,300,0,11.5048,1.23148,0.143484,0.113444,0,12398,1,1,1,1,0.05,300,300,300,300,300,300,300,300,300,300,300,300,300,300,300
ppo_best,0,666,0,0.403697,0.062549,0.26257,0.997999,6414.63,214.249,20.6679,4.58529,2.13707,0.0585561,0.00513389,0.0414801,0.596439,0.267108,0.408514,0.262578,1,0.125,0,300,0,4.58529,0.596439,0.408514,0.262578,1,6200.38,1,1,1,1,0.05,300,300,300,300,300,300,300,300,300,300,300,300,300,300,300
ppo_best,0,667,5,0.396809,0.164193,0.0664632,0.94906,9856.56,550.737,31.0194,7.43995,2.35737,0.182375,0.0247916,0.0377072,0.911936,0.174331,0.429438,0.0837392,0,0.125,-1,300,0,7.43995,0.911936,0.429438,0.0837392,0,9305.83,1,1,1,1,0.05,300,300,300,300,300,300,300,300,300,300,300,300,300,300,300
ppo_best,0,668,2,0.279455,0.0600403,-0.384916,0.989355,15961.9,851.627,50.3677,9.2114,5.7188,0.104633,0.0130199,0.044841,0.66356,0.0806237,0.285832,0.385063,0,0.125,-1,300,0,9.2114,0.66356,0.285832,0.385063,0,15110.3,1,1,1,1,0.05,300,300,300,300,300,300,300,300,300,300,300,300,300,300,300
ppo_best,0,669,1,0.406001,0.0346883,0.0840929,1.00596,11371.1,370.146,36.6698,6.07493,2.94996,0.105926,0.0147687,0.0577829,0.490349,0.15027,0.40748,0.0843039,0,0.125,-1,300,0,6.07493,0.490349,0.40748,0.0843039,0,11001,1,1,1,1,0.05,300,300,300,300,300,300,300,300,300,300,300,300,300,300,300
ppo_best,0,670,2,0.321894,0.0884443,0.00659823,1.03877,7027.94,410.449,22.0583,6.38737,2.60358,0.0329471,0.0205543,0.0627093,0.638928,0.0581622,0.333824,0.0393231,0,0.125,-1,300,0,6.38737,0.638928,0.333824,0.0393231,0,6617.49,1,1,1,1,0.05,300,300,300,300,300,300,300,300,300,300,300,300,300,300,300
ppo_best,0,671,6,0.54255,0.182389,-0.211003,0.995822,10558,723.538,32.7815,8.47606,1.75393,0.0469993,0.0202888,0.0257797,0.48399,0.132555,0.572386,0.211044,0,0.125,-1,300,0,8.47606,0.48399,0.572386,0.211044,0,9834.44,1,1,1,1,0.05,300,300,300,300,300,300,300,300,300,300,300,300,300,300,300
ppo_best,0,672,0,0.343561,0.151528,0.292079,1.06617,10348,493.023,32.8501,6.99025,2.50782,0.0431868,0.0150737,0.0213854,0.714393,0.229683,0.375493,0.29948,1,0.125,0,300,0,6.99025,0.714393,0.375493,0.29948,1,9855.03,1,1,1,1,0.05,300,300,300,300,300,300,300,300,300,300,300,300,300,300,300
ppo_best,0,673,0,0.144667,0.0716484,-0.104374,0.9727,5627.83,217.861,18.0332,4.64538,1.02028,0.113629,0.0159625,0.0234525,0.817714,0.0777294,0.161438,0.107886,1,0.125,0,300,0,4.64538,0.817714,0.161438,0.107886,1,5409.97,1,1,1,1,0.05,300,300,300,300,300,300,300,300,300,300,300,300,300,300,300
ppo_best,0,674,1,0.563212,0.0721342,-0.383248,0.924531,7223.99,422.896,22.6703,6.44626,0.372853,0.0562208,0.0193874,0.0224402,1.0181,0.313486,0.567813,0.390608,0,0.125,-1,300,0,6.44626,1.0181,0.567813,0.390608,0,6801.09,1,1,1,1,0.05,300,300,300,300,300,300,300,300,300,300,300,300,300,300,300
ppo_best,0,675,1,0.452657,0.0909662,-0.487481,1.07153,6333.57,435.645,19.6598,6.57716,1.82719,0.0820701,0.0169732,0.0265779,0.279257,0.108788,0.461707,0.492701,0,0.125,-1,300,0,6.57716,0.279257,0.461707,0.492701,0,5897.93,1,1,1,1,0.05,300,300,300,300,300,300,300,300,300,300,300,300,300,300,300
ppo_best,0,676,7,0.48999,0.125463,-0.293947,1.0965,6512.4,308.888,20.6784,5.56434,0.778674,0.0125243,0.0214756,0.0350306,0.957115,0.212013,0.505797,0.309382,0,0.125,-1,300,0,5.56434,0.957115,0.505797,0.309382,0,6203.51,1,1,1,1,0.05,300,300,300,300,300,300,300,300,300,300,300,300,300,300,300
ppo_best,0,677,6,0.474215,0.0986194,-0.350253,1.07539,8719.79,241.625,28.2605,4.93252,1.32333,0.0683865,0.0170251,0.0296318,0.636656,0.257224,0.484361,0.358275,0,0.125,-1,300,0,4.93252,0.636656,0.484361,0.358275,0,8478.17,1,1,1,1,0.05,300,300,300,300,300,300,300,300,300,300,300,300,300,300,300
ppo_best,0,678,3,0.529828,0.0232035,0.48727,0.959077,11016.1,557.877,34.8608,7.4704,3.23981,0.100844,0.00973845,0.0329629,0.302303,0.648689,0.530336,0.488985,0,0.125,-1,300,0,7.4704,0.302303,0.530336,0.488985,0,10458.3,1,1,1,1,0.05,300,300,300,300,300,300,300,300,300,300,300,300,300,300,300
ppo_best,0,679,2,0.301474,0.0230457,-0.401824,0.93903,10942.8,399.563,35.1442,6.29308,1.56575,0.0748897,0.00385725,0.0376642,1.26688,0.227571,0.302354,0.406423,0,0.125,-1,300,0,6.29308,1.26688,0.302354,0.406423,0,10543.3,1,1,1,1,0.05,300,300,300,300,300,300,300,300,300,300,300,300,300,300,300
ppo_best,0,680,3,0.522951,0.084517,0.190272,1.02141,11491.9,840.963,35.5032,9.16419,2.05782,0.0978566,0.0190417,0.0368425,1.26319,0.355199,0.529737,0.191473,0,0.125,-1,300,0,9.16419,1.26319,0.529737,0.191473,0,10651,1,1,1,1,0.05,300,300,300,300,300,300,300,300,300,300,300,300,300,300,300
ppo_best,0,681,7,0.366507,0.00380955,-0.320379,0.919648,8761.28,365.889,27.9846,5.99115,3.43685,0.114984,0.0267133,0.0189196,0.967423,0.405354,0.366526,0.330302,0,0.125,-1,300,0,5.99115,0.967423,0.366526,0.330302,0,8395.39,1,1,1,1,0.05,300,300,300,300,300,300,300,300,300,300,300,300,300,300,300
ppo_best,0,682,1,0.350709,0.0196479,0.0504986,1.08567,15529.9,201.996,51.093,4.43418,4.11243,0.109469,0.0208169,0.0362435,0.998659,0.686653,0.351258,0.0994481,0,0.125,-1,300,0,4.43418,0.998659,0.351258,0.0994481,0,15327.9,1,1,1,1,0.05,300,300,300,300,300,300,300,300,300,300,300,300,300,300,300
ppo_best,0,683,5,0.339714,0.00233967,-0.00360084,1.02373,8059.59,655.348,24.6808,8.09681,2.24746,0.100062,0.00478828,0.0179251,0.669149,0.721749,0.339722,0.0240003,0,0.125,-1,300,0,8.09681,0.669149,0.339722,0.0240003,0,7404.24,1,1,1,1,0.05,300,300,300,300,300,300,300,300,300,300,300,300,300,300,300
ppo_best,0,684,7,0.367117,0.129289,-0.268444,1.03729,9950.75,489.809,31.5365,7.01018,1.75752,0.0521601,0.0172487,0.037866,0.745878,0.348042,0.389218,0.271022,0,0.125,-1,300,0,7.01018,0.745878,0.389218,0.271022,0,9460.94,1,1,1,1,0.05,300,300,300,300,300,300,300,300,300,300,300,300,300,300,300
ppo_best,0,685,7,0.356657,0.147585,0.239623,0.982078,15457.8,899.775,48.5267,9.48912,1.14591,0.101716,0.0140842,0.02859,0.663768,0.214837,0.385987,0.240292,0,0.125,-1,300,0,9.48912,0.663768,0.385987,0.240292,0,14558,1,1,1,1,0.05,300,300,300,300,300,300,300,300,300,300,300,300,300,300,300
ppo_best,0,686,0,0.381853,0.125426,0.0135471,1.0137,10614.1,832.974,32.6038,9.11041,1.25006,0.0797873,0.0129746,0.023433,0.460569,0.138962,0.401925,0.0192666,1,0.125,0,300,0,9.11041,0.460569,0.401925,0.0192666,1,9781.15,1,1,1,1,0.05,300,300,300,300,300,300,300,300,300,300,300,300,300,300,300
ppo_best,0,687,6,0.362661,0.196502,0.425625,1.08233,7334.26,269.322,23.5498,5.2005,2.05706,0.0615607,0.0216498,0.039803,0.37547,0.119344,0.412476,0.433515,0,0.125,-1,300,0,5.2005,0.37547,0.412476,0.433515,0,7064.94,1,1,1,1,0.05,300,300,300,300,300,300,300,300,300,300,300,300,300,300,300
ppo_best,0,688,3,0.38801,0.0831128,0.239587,1.09405,6629.22,243.016,21.2873,4.93162,1.89961,0.083227,0.0163318,0.00921685,0.725788,0.241655,0.396812,0.257386,0,0.125,-1,300,0,4.93162,0.725788,0.396812,0.257386,0,6386.21,1,1,1,1,0.05,300,300,300,300,300,300,300,300,300,300,300,300,300,300,300
ppo_best,0,689,2,0.443063,0.0998546,0.422056,1.05129,7137.32,347.733,22.632,5.93586,2.01177,0.129684,0.0110635,0.0360329,1.13564,0.393128,0.454175,0.425161,0,0.125,-1,300,0,5.93586,1.13564,0.454175,0.425161,0,6789.59,1,1,1,1,0.05,300,300,300,300,300,300,300,300,300,300,300,300,300,300,300
ppo_best,0,690,2,0.324673,0.120219,-0.0294055,1.04662,13598.3,938.078,42.2008,9.63371,3.25551,0.0715678,0.0182105,0.0126833,0.408329,0.163344,0.346215,0.0551201,0,0.125,-1,300,0,9.63371,0.408329,0.346215,0.0551201,0,12660.2,1,1,1,1,0.05,300,300,300,300,300,300,300,300,300,300,300,300,300,300,300
ppo_best,0,691,2,0.499498,0.0839441,-0.0495217,0.902507,4459.01,180.223,14.2626,4.2298,1.391,0.0859308,0.0137856,0.0418503,0.251229,0.225247,0.506502,0.10935,0,0.125,-1,300,0,4.2298,0.251229,0.506502,0.10935,0,4278.79,1,1,1,1,0.05,300,300,300,300,300,300,300,300,300,300,300,300,300,300,300
ppo_best,0,692,4,0.383748,0.161559,-0.394632,0.968948,9784.51,569.192,30.7177,7.53403,1.34746,0.0875418,0.00766302,0.0170385,0.706756,0.163946,0.41637,0.395852,0,0.125,-1,300,0,7.53403,0.706756,0.41637,0.395852,0,9215.31,1,1,1,1,0.05,300,300,300,300,300,300,300,300,300,300,300,300,300,300,300
ppo_best,0,693,2,0.428468,0.08856,-0.166994,0.923346,8350.43,327.414,26.7434,5.75026,0.340277,0.0889405,0.0288022,0.0385615,0.919157,0.21006,0.437525,0.183747,0,0.125,-1,300,0,5.75026,0.919157,0.437525,0.183747,0,8023.01,1,1,1,1,0.05,300,300,300,300,300,300,300,300,300,300,300,300,300,300,300
ppo_best,0,694,3,0.492475,0.143456,-0.384138,0.922587,13098.2,578.925,41.7308,7.61328,3.59182,0.100771,0.00565228,0.0410799,0.845249,0.343945,0.512944,0.39186,0,0.125,-1,300,0,7.61328,0.845249,0.512944,0.39186,0,12519.2,1,1,1,1,0.05,300,300,300,300,300,300,300,300,300,300,300,300,300,300,300
ppo_best,0,695,6,0.376927,0.167262,0.0182943,1.01959,7722.21,397.719,24.415,6.31831,1.44765,0.0767191,0.0193526,0.0126534,0.491181,0.181026,0.412372,0.0268019,0,0.125,-1,300,0,6.31831,0.491181,0.412372,0.0268019,0,7324.49,1,1,1,1,0.05,300,300,300,300,300,300,300,300,300,300,300,300,300,300,300
ppo_best,0,696,7,0.337849,0.177491,0.0990855,1.05837,9293.91,625.393,28.8951,7.90573,1.78499,0.113083,0.0137648,0.0400289,0.447407,0.198561,0.381634,0.115002,0,0.125,-1,300,0,7.90573,0.447407,0.381634,0.115002,0,8668.51,1,1,1,1,0.05,300,300,300,300,300,300,300,300,300,300,300,300,300,300,300
ppo_best,0,697,3,0.34452,0.0123419,0.336366,0.951764,8498.01,627.836,26.2339,7.87849,2.98286,0.116535,0.00671477,0.0331001,0.638861,0.904468,0.344741,0.339807,0,0.125,-1,300,0,7.87849,0.638861,0.344741,0.339807,0,7870.18,1,1,1,1,0.05,300,300,300,300,300,300,300,300,300,300,300,300,300,300,300
ppo_best,0,698,1,0.353034,0.141775,-0.176096,1.09845,5466.98,188.877,17.5937,4.29741,0.454547,0.0475826,0.0245909,0.0378719,0.285199,0.326245,0.380438,0.201749,0,0.125,-1,300,0,4.29741,0.285199,0.380438,0.201749,0,5278.1,1,1,1,1,0.05,300,300,300,300,300,300,300,300,300,300,300,300,300,300,300
ppo_best,0,699,4,0.479168,0.174152,-0.318981,0.990794,9007.95,388.256,28.7323,6.19747,1.03651,0.0702316,0.0194756,0.0343077,0.558427,0.119112,0.509834,0.319114,0,0.125,-1,300,0,6.19747,0.558427,0.509834,0.319114,0,8619.7,1,1,1,1,0.05,300,300,300,300,300,300,300,300,300,300,300,300,300,300,300
ppo_best,0,700,4,0.473719,0.0623472,-0.134453,0.938906,10978.7,725.961,34.1759,8.49822,2.25124,0.0593694,0.00187647,0.0366058,1.00977,0.25924,0.477804,0.147683,0,0.125,-1,300,0,8.49822,1.00977,0.477804,0.147683,0,10252.8,1,1,1,1,0.05,300,300,300,300,300,300,300,300,300,300,300,300,300,300,300
ppo_best,0,701,1,0.356715,0.0889703,0.089087,1.07016,8136.35,729.401,24.6898,8.53169,2.46544,0.1004,0.0180624,0.0337258,1.53022,0.125861,0.367643,0.113398,0,0.125,-1,300,0,8.53169,1.53022,0.367643,0.113398,0,7406.95,1,1,1,1,0.05,300,300,300,300,300,300,300,300,300,300,300,300,300,300,300
ppo_best,0,702,0,0.545077,0.0260589,0.193308,0.960655,7746.85,574.863,23.9066,7.49689,0.559803,0.0581653,0.0155853,0.0226382,0.41466,0.353195,0.5457,0.197271,1,0.125,0,300,0,7.49689,0.41466,0.5457,0.197271,1,7171.99,1,1,1,1,0.05,300,300,300,300,300,300,300,300,300,300,300,300,300,300,300
ppo_best,0,703,6,0.317138,0.146917,-0.298107,0.95164,9329.97,409.609,29.7345,6.37237,2.93685,0.0372177,0.0119636,0.0305476,0.999721,0.284122,0.349516,0.302004,0,0.125,-1,300,0,6.37237,0.999721,0.349516,0.302004,0,8920.36,1,1,1,1,0.05,300,300,300,300,300,300,300,300,300,300,300,300,300,300,300
ppo_best,0,704,1,0.321578,0.096759,-0.305944,0.913108,5782.82,179.883,18.6765,4.21286,0.711612,0.0520429,0.0241312,0.0704939,0.976845,0.257535,0.33582,0.318044,0,0.125,-1,300,0,4.21286,0.976845,0.33582,0.318044,0,5602.94,1,1,1,1,0.05,300,300,300,300,300,300,300,300,300,300,300,300,300,300,300
ppo_best,0,705,4,0.366036,0.140393,-0.0952622,0.999699,7723.71,453.429,24.2343,6.76311,2.13437,0.0815293,0.011957,0.0294063,0.70146,0.188136,0.392037,0.0952626,0,0.125,-1,300,0,6.76311,0.70146,0.392037,0.0952626,0,7270.29,1,1,1,1,0.05,300,300,300,300,300,300,300,300,300,300,300,300,300,300,300
ppo_best,0,706,6,0.5452,0.0996298,0.22546,0.928364,9071.16,451.746,28.7314,6.69655,3.29347,0.0477872,0.00750282,0.0311028,0.726538,0.265724,0.554228,0.236567,0,0.125,-1,300,0,6.69655,0.726538,0.554228,0.236567,0,8619.42,1,1,1,1,0.05,300,300,300,300,300,300,300,300,300,300,300,300,300,300,300
ppo_best,0,707,3,0.498048,0.0861556,-0.297585,0.900749,8855.51,562.427,27.6436,7.51774,1.31513,0.0361698,0.0275057,0.043188,0.827046,0.105103,0.505445,0.3137,0,0.125,-1,300,0,7.51774,0.827046,0.505445,0.3137,0,8293.08,1,1,1,1,0.05,300,300,300,300,300,300,300,300,300,300,300,300,300,300,300
ppo_best,0,708,5,0.26284,0.0284513,-0.0932747,0.996187,13745.4,1400.81,41.1487,11.789,2.03093,0.0464899,0.00455967,0.0461423,1.11885,0.671662,0.264376,0.0933526,0,0.125,-1,300,0,11.789,1.11885,0.264376,0.0933526,0,12344.6,1,1,1,1,0.05,300,300,300,300,300,300,300,300,300,300,300,300,300,300,300
ppo_best,0,709,1,0.445876,0.199552,-0.121183,1.06341,7102.86,522.388,21.9349,7.17992,2.71908,0.0527031,0.0087366,0.0365029,0.990788,0.254405,0.488495,0.13677,0,0.125,-1,300,0,7.17992,0.990788,0.488495,0.13677,0,6580.47,1,1,1,1,0.05,300,300,300,300,300,300,300,300,300,300,300,300,300,300,300
ppo_best,0,710,4,0.304674,0.146405,0.100844,0.961356,13580,852.976,42.4234,9.21116,3.58378,0.0604287,0.0234481,0.0180708,0.761369,0.235209,0.338024,0.107995,0,0.125,-1,300,0,9.21116,0.761369,0.338024,0.107995,0,12727,1,1,1,1,0.05,300,300,300,300,300,300,300,300,300,300,300,300,300,300,300
ppo_best,0,711,3,0.23962,0.102064,-0.134822,0.905847,5043.39,246.038,15.9912,4.92149,1.38016,0.0423443,0.0226804,0.0356842,0.611886,0.165472,0.260451,0.164443,0,0.125,-1,300,0,4.92149,0.611886,0.260451,0.164443,0,4797.35,1,1,1,1,0.05,300,300,300,300,300,300,300,300,300,300,300,300,300,300,300
ppo_best,0,712,3,0.300499,0.134949,-0.4475,1.08956,5572.12,221.628,17.835,4.72924,0.765953,0.133367,0.0213067,0.0192434,0.27261,0.132462,0.32941,0.456374,0,0.125,-1,300,0,4.72924,0.27261,0.32941,0.456374,0,5350.49,1,1,1,1,0.05,300,300,300,300,300,300,300,300,300,300,300,300,300,300,300
ppo_best,0,713,2,0.211592,0.0335855,-0.0671462,1.01646,6350.49,139.026,20.7049,3.72546,1.6272,0.0282199,0.012042,0.0676335,0.383577,0.582338,0.21424,0.0691345,0,0.125,-1,300,0,3.72546,0.383577,0.21424,0.0691345,0,6211.46,1,1,1,1,0.05,300,300,300,300,300,300,300,300,300,300,300,300,300,300,300
ppo_best,0,714,1,0.450416,0.107787,0.213084,1.09839,9291.98,330.253,29.8724,5.7787,2.08374,0.0678121,0.0221721,0.0111379,1.23289,0.225635,0.463134,0.234701,0,0.125,-1,300,0,5.7787,1.23289,0.463134,0.234701,0,8961.73,1,1,1,1,0.05,300,300,300,300,300,300,300,300,300,300,300,300,300,300,300
ppo_best,0,715,0,0.344836,0.131278,-0.05335,0.909843,7459.16,462.175,23.3233,6.75825,1.75236,0.0718292,0.0078171,0.0268918,1.20886,0.242448,0.368979,0.10476,1,0.125,0,300,0,6.75825,1.20886,0.368979,0.10476,1,6996.98,1,1,1,1,0.05,300,300,300,300,300,300,300,300,300,300,300,300,300,300,300
ppo_best,0,716,5,0.293717,0.198574,-0.171555,0.933289,12530.8,887.374,38.8113,9.43037,3.33594,0.0892904,0.0123469,0.013992,1.59892,0.183327,0.354544,0.184069,0,0.125,-1,300,0,9.43037,1.59892,0.354544,0.184069,0,11643.4,1,1,1,1,0.05,300,300,300,300,300,300,300,300,300,300,300,300,300,300,300
ppo_best,0,717,1,0.410313,0.0571686,0.105979,0.954744,9701.75,693.786,30.0265,8.3227,2.79788,0.0770839,0.0101756,0.0218601,0.557023,0.326559,0.414276,0.115237,0,0.125,-1,300,0,8.3227,0.557023,0.414276,0.115237,0,9007.96,1,1,1,1,0.05,300,300,300,300,300,300,300,300,300,300,300,300,300,300,300
ppo_best,0,718,5,0.37775,0.00693107,-0.311058,1.04049,18186.5,1052.84,57.1122,10.2279,3.32424,0.123807,0.00655604,0.0356503,0.948824,0.678681,0.377813,0.313683,0,0.125,-1,300,0,10.2279,0.948824,0.377813,0.313683,0,17133.7,1,1,1,1,0.05,300,300,300,300,300,300,300,300,300,300,300,300,300,300,300
ppo_best,0,719,5,0.157588,0.0718401,0.0391523,1.09769,6120.1,251.728,19.5612,5.01226,0.44903,0.069454,0.0254337,0.0316527,0.348515,0.172483,0.173191,0.105245,0,0.125,-1,300,0,5.01226,0.348515,0.173191,0.105245,0,5868.37,1,1,1,1,0.05,300,300,300,300,300,300,300,300,300,300,300,300,300,300,300
ppo_best,0,720,4,0.279568,0.102941,0.0986828,0.988414,7726.76,405.503,24.4042,6.346,2.62331,0.0609518,0.0162345,0.0178413,0.850649,0.295912,0.297919,0.0993606,0,0.125,-1,300,0,6.346,0.850649,0.297919,0.0993606,0,7321.26,1,1,1,1,0.05,300,300,300,300,300,300,300,300,300,300,300,300,300,300,300
ppo_best,0,721,2,0.25536,0.0632013,0.226254,0.900337,8057.53,380.107,25.5914,6.16544,0.611329,0.0283941,0.0110468,0.0393324,0.696425,0.161503,0.263065,0.247231,0,0.125,-1,300,0,6.16544,0.696425,0.263065,0.247231,0,7677.43,1,1,1,1,0.05,300,300,300,300,300,300,300,300,300,300,300,300,300,300,300
ppo_best,0,722,0,0.526699,0.0503685,-0.269538,0.974908,11000.2,876.071,33.7472,9.32552,1.05612,0.0672363,0.0284426,0.0302253,1.29245,0.400645,0.529102,0.270704,1,0.125,0,300,0,9.32552,1.29245,0.529102,0.270704,1,10124.2,1,1,1,1,0.05,300,300,300,300,300,300,300,300,300,300,300,300,300,300,300
ppo_best,0,723,7,0.406937,0.0135129,0.00518382,1.06716,11433,912.076,35.0698,9.52777,2.19331,0.0805093,0.0129183,0.0190239,0.660048,0.445484,0.407162,0.0673558,0,0.125,-1,300,0,9.52777,0.660048,0.407162,0.0673558,0,10520.9,1,1,1,1,0.05,300,300,300,300,300,300,300,300,300,300,300,300,300,300,300
ppo_best,0,724,5,0.299477,0.014057,-0.31091,1.00162,8864.29,767.571,26.9891,8.69665,1.15299,0.129786,0.01945,0.027228,0.721195,0.313631,0.299807,0.310914,0,0.125,-1,300,0,8.69665,0.721195,0.299807,0.310914,0,8096.72,1,1,1,1,0.05,300,300,300,300,300,300,300,300,300,300,300,300,300,300,300
ppo_best,0,725,2,0.602741,0.00139787,-0.25337,0.956637,9517.03,423.526,30.3117,6.42493,2.57942,0.0555188,0.0158699,0.0158986,0.754826,0.715583,0.602743,0.257054,0,0.125,-1,300,0,6.42493,0.754826,0.602743,0.257054,0,9093.51,1,1,1,1,0.05,300,300,300,300,300,300,300,300,300,300,300,300,300,300,300
ppo_best,0,726,7,0.375656,0.0585561,0.451629,1.0704,9336.86,450.032,29.6228,6.76248,2.15785,0.0808805,0.00679993,0.0298996,1.61468,0.316394,0.380193,0.457084,0,0.125,-1,300,0,6.76248,1.61468,0.380193,0.457084,0,8886.82,1,1,1,1,0.05,300,300,300,300,300,300,300,300,300,300,300,300,300,300,300
ppo_best,0,727,7,0.404224,0.173771,0.136738,0.924289,5224.06,214.269,16.6993,4.64345,0.249702,0.0796979,0.0168038,0.0325816,0.122583,0.23496,0.439993,0.156299,0,0.125,-1,300,0,4.64345,0.122583,0.439993,0.156299,0,5009.79,1,1,1,1,0.05,300,300,300,300,300,300,300,300,300,300,300,300,300,300,300
ppo_best,0,728,4,0.37066,0.0909994,0.467556,1.07998,5295.85,213.203,16.9422,4.60009,1.21452,0.0950089,0.0201257,0.018794,1.5084,0.194896,0.381667,0.474347,0,0.125,-1,300,0,4.60009,1.5084,0.381667,0.474347,0,5082.65,1,1,1,1,0.05,300,300,300,300,300,300,300,300,300,300,300,300,300,300,300
ppo_best,0,729,0,0.396734,0.1008,-0.236238,1.01351,11116.8,737.665,34.597,8.555,2.75994,0.0831105,0.018408,0.0241614,1.02826,0.317817,0.409339,0.236624,1,0.125,0,300,0,8.555,1.02826,0.409339,0.236624,1,10379.1,1,1,1,1,0.05,300,300,300,300,300,300,300,300,300,300,300,300,300,300,300
ppo_best,0,730,4,0.53889,0.135791,-0.0526677,1.02321,5450.16,261.117,17.2968,5.10713,2.13947,0.101552,0.0234327,0.0233793,0.656137,0.29757,0.555735,0.0575549,0,0.125,-1,300,0,5.10713,0.656137,0.555735,0.0575549,0,5189.05,1,1,1,1,0.05,300,300,300,300,300,300,300,300,300,300,300,300,300,300,300
ppo_best,0,731,0,0.301695,0.0512075,0.352219,0.900438,5605.02,270.856,17.7806,5.19926,2.67926,0.12045,0.0141064,0.0330238,0.311648,0.451577,0.30601,0.366021,1,0.125,0,300,0,5.19926,0.311648,0.30601,0.366021,1,5334.17,1,1,1,1,0.05,300,300,300,300,300,300,300,300,300,300,300,300,300,300,300
ppo_best,0,732,2,0.422728,0.180893,0.401215,1.05402,7909.27,454.088,24.8506,6.74716,1.77498,0.142341,0.0162252,0.0236397,0.940023,0.162178,0.459806,0.404835,0,0.125,-1,300,0,6.74716,0.940023,0.459806,0.404835,0,7455.19,1,1,1,1,0.05,300,300,300,300,300,300,300,300,300,300,300,300,300,300,300
ppo_best,0,733,3,0.390046,0.0227648,-0.209783,0.904187,9364.93,263.589,30.3378,5.10195,2.73395,0.0743658,0.02175,0.0391806,1.12866,0.713809,0.39071,0.230628,0,0.125,-1,300,0,5.10195,1.12866,0.39071,0.230628,0,9101.34,1,1,1,1,0.05,300,300,300,300,300,300,300,300,300,300,300,300,300,300,300
ppo_best,0,734,3,0.429704,0.0967878,0.258809,0.917072,8920.89,424.218,28.3223,6.50778,1.54926,0.101284,0.018763,0.0118637,0.332842,0.190828,0.440469,0.271771,0,0.125,-1,300,0,6.50778,0.332842,0.440469,0.271771,0,8496.67,1,1,1,1,0.05,300,300,300,300,300,300,300,300,300,300,300,300,300,300,300
ppo_best,0,735,2,0.548185,0.0669807,-0.0191746,1.08953,8951.64,417.392,28.4475,6.43006,2.43617,0.0327087,0.0166836,0.0248344,0.695687,0.140424,0.552262,0.0915561,0,0.125,-1,300,0,6.43006,0.695687,0.552262,0.0915561,0,8534.25,1,1,1,1,0.05,300,300,300,300,300,300,300,300,300,300,300,300,300,300,300
ppo_best,0,736,3,0.353588,0.032842,-0.425244,0.969101,11806.7,607.414,37.3309,7.74712,2.72388,0.114708,0.020424,0.0426324,0.643432,0.450875,0.35511,0.426365,0,0.125,-1,300,0,7.74712,0.643432,0.35511,0.426365,0,11199.3,1,1,1,1,0.05,300,300,300,300,300,300,300,300,300,300,300,300,300,300,300
ppo_best,0,737,1,0.403733,0.0877216,-0.326605,0.92343,6863.73,200.831,22.2097,4.46584,3.39554,0.115251,0.0248488,0.016788,0.127151,0.386812,0.413153,0.335461,0,0.125,-1,300,0,4.46584,0.127151,0.413153,0.335461,0,6662.9,1,1,1,1,0.05,300,300,300,300,300,300,300,300,300,300,300,300,300,300,300
ppo_best,0,738,5,0.437537,0.0270939,-0.16418,0.970106,10705.4,477.326,34.0936,6.94235,3.13021,0.141229,0.0113549,0.0222255,0.719789,0.377809,0.438375,0.166879,0,0.125,-1,300,0,6.94235,0.719789,0.438375,0.166879,0,10228.1,1,1,1,1,0.05,300,300,300,300,300,300,300,300,300,300,300,300,300,300,300
ppo_best,0,739,0,0.499162,0.12157,0.429373,0.937751,4244.12,180.643,13.5449,4.23727,0.996059,0.0980798,0.0134001,0.0323937,0.501412,0.201564,0.513753,0.433862,1,0.125,0,300,0,4.23727,0.501412,0.513753,0.433862,1,4063.47,1,1,1,1,0.05,300,300,300,300,300,300,300,300,300,300,300,300,300,300,300
ppo_best,0,740,4,0.232929,0.18128,-0.0694331,1.0907,5118.31,336.601,15.939,5.78946,1.52694,0.0920111,0.0114677,0.0433973,0.248717,0.183597,0.295159,0.114222,0,0.125,-1,300,0,5.78946,0.248717,0.295159,0.114222,0,4781.71,1,1,1,1,0.05,300,300,300,300,300,300,300,300,300,300,300,300,300,300,300
ppo_best,0,741,0,0.472585,0.0674545,0.292088,0.934479,5922.31,152.416,19.233,3.92363,1.1152,0.0335963,0.00730186,0.0516214,0.630541,0.272307,0.477375,0.299346,1,0.125,0,300,0,3.92363,0.630541,0.477375,0.299346,1,5769.89,1,1,1,1,0.05,300,300,300,300,300,300,300,300,300,300,300,300,300,300,300
ppo_best,0,742,7,0.376766,0.0757947,0.0504601,0.90155,12989.1,893.496,40.3185,9.45233,1.69941,0.0764664,0.0183915,0.0457075,1.58607,0.181665,0.384314,0.110628,0,0.125,-1,300,0,9.45233,1.58607,0.384314,0.110628,0,12095.6,1,1,1,1,0.05,300,300,300,300,300,300,300,300,300,300,300,300,300,300,300
ppo_best,0,743,5,0.41904,0.178721,-0.128014,1.04547,6075.73,456.157,18.7319,6.74379,0.783624,0.0165347,0.0198283,0.0330027,1.20461,0.132352,0.455561,0.135849,0,0.125,-1,300,0,6.74379,1.20461,0.455561,0.135849,0,5619.57,1,1,1,1,0.05,300,300,300,300,300,300,300,300,300,300,300,300,300,300,300
ppo_best,0,744,3,0.303077,0.156138,0.397887,1.05071,10237.6,496.101,32.4716,7.03348,2.85922,0.0877533,0.022492,0.0547402,0.88264,0.141445,0.340932,0.401106,0,0.125,-1,300,0,7.03348,0.88264,0.340932,0.401106,0,9741.47,1,1,1,1,0.05,300,300,300,300,300,300,300,300,300,300,300,300,300,300,300
ppo_best,0,745,1,0.535009,0.00442023,0.207418,0.996227,11163.2,708.093,34.8503,8.36164,1.75195,0.0431674,0.0190912,0.0350071,0.360622,1.02426,0.535027,0.207452,0,0.125,-1,300,0,8.36164,0.360622,0.535027,0.207452,0,10455.1,1,1,1,1,0.05,300,300,300,300,300,300,300,300,300,300,300,300,300,300,300
ppo_best,0,746,6,0.280339,0.128993,0.156511,0.915451,12388.4,669.6,39.0626,8.17253,2.57681,0.077306,0.0127773,0.0320677,0.832431,0.304747,0.308592,0.177889,0,0.125,-1,300,0,8.17253,0.832431,0.308592,0.177889,0,11718.8,1,1,1,1,0.05,300,300,300,300,300,300,300,300,300,300,300,300,300,300,300
ppo_best,0,747,7,0.324355,0.0443512,-0.214155,0.971429,10698.6,488.53,34.0337,7.0243,3.06537,0.168006,0.0138654,0.0399065,0.172483,0.322749,0.327373,0.216052,0,0.125,-1,300,0,7.0243,0.172483,0.327373,0.216052,0,10210.1,1,1,1,1,0.05,300,300,300,300,300,300,300,300,300,300,300,300,300,300,300
ppo_best,0,748,5,0.4184,0.0419795,0.292158,0.968308,8123.66,363.656,25.8667,5.99446,1.34964,0.0526004,0.0143971,0.0123046,0.833508,0.192405,0.4205,0.293871,0,0.125,-1,300,0,5.99446,0.833508,0.4205,0.293871,0,7760,1,1,1,1,0.05,300,300,300,300,300,300,300,300,300,300,300,300,300,300,300
ppo_best,0,749,4,0.38916,0.151122,0.431199,0.906947,11810.5,742.924,36.8918,8.59941,2.40108,0.0683769,0.0137509,0.0380735,1.12947,0.124289,0.417472,0.441125,0,0.125,-1,300,0,8.59941,1.12947,0.417472,0.441125,0,11067.5,1,1,1,1,0.05,300,300,300,300,300,300,300,300,300,300,300,300,300,300,300
ppo_best,0,750,1,0.223214,0.165008,0.14448,1.06792,4844.76,218.154,15.422,4.6499,0.505179,0.0471078,0.0228685,0.0581282,0.50492,0.197831,0.277583,0.159649,0,0.125,-1,300,0,4.6499,0.50492,0.277583,0.159649,0,4626.6,1,1,1,1,0.05,300,300,300,300,300,300,300,300,300,300,300,300,300,300,300
ppo_best,0,751,7,0.605005,0.0907194,-0.498976,0.901526,6641.04,356.449,20.9486,5.93406,1.05001,0.0407266,0.0130067,0.0273169,1.58794,0.194728,0.611769,0.5086,0,0.125,-1,300,0,5.93406,1.58794,0.611769,0.5086,0,6284.59,1,1,1,1,0.05,300,300,300,300,300,300,300,300,300,300,300,300,300,300,300
ppo_best,0,752,7,0.287386,0.146118,-0.438777,1.03065,5737.87,369.147,17.8958,6.05331,1.19533,0.0926161,0.00705689,0.0146759,0.943074,0.295855,0.322399,0.439846,0,0.125,-1,300,0,6.05331,0.943074,0.322399,0.439846,0,5368.73,1,1,1,1,0.05,300,300,300,300,300,300,300,300,300,300,300,300,300,300,300
ppo_best,0,753,3,0.421507,0.122888,-0.414423,0.903916,8352.96,500.104,26.1762,7.03118,1.2638,0.0371578,0.00884803,0.0162701,1.48459,0.223453,0.439056,0.425415,0,0.125,-1,300,0,7.03118,1.48459,0.439056,0.425415,0,7852.86,1,1,1,1,0.05,300,300,300,300,300,300,300,300,300,300,300,300,300,300,300
ppo_best,0,754,2,0.494863,0.0304682,0.284559,0.983999,6744.6,233.288,21.7044,4.83769,1.82942,0.0613772,0.0255571,0.0242086,0.0945202,0.641923,0.4958,0.285009,0,0.125,-1,300,0,4.83769,0.0945202,0.4958,0.285009,0,6511.32,1,1,1,1,0.05,300,300,300,300,300,300,300,300,300,300,300,300,300,300,300
ppo_best,0,755,6,0.4766,0.13546,-0.21526,0.938332,15601.9,1062.91,48.4632,10.3051,4.21803,0.0794427,0.0122484,0.0298877,1.65293,0.0856426,0.495476,0.223919,0,0.125,-1,300,0,10.3051,1.65293,0.495476,0.223919,0,14539,1,1,1,1,0.05,300,300,300,300,300,300,300,300,300,300,300,300,300,300,300
ppo_best,0,756,3,0.402085,0.0756696,0.364883,1.03854,8459.94,359.333,27.002,5.98652,2.01724,0.0737628,0.0177659,0.0347262,0.375912,0.252506,0.409143,0.366913,0,0.125,-1,300,0,5.98652,0.375912,0.409143,0.366913,0,8100.61,1,1,1,1,0.05,300,300,300,300,300,300,300,300,300,300,300,300,300,300,300
ppo_best,0,757,3,0.545929,0.0599086,-0.297607,0.971603,7792.65,277.322,25.0511,5.25227,2.15366,0.133747,0.0226595,0.042732,0.629952,0.250343,0.549206,0.298959,0,0.125,-1,300,0,5.25227,0.629952,0.549206,0.298959,0,7515.33,1,1,1,1,0.05,300,300,300,300,300,300,300,300,300,300,300,300,300,300,300
ppo_best,0,758,4,0.429495,0.11999,0.313666,0.937093,12275.9,768.812,38.3569,8.74954,2.47871,0.0600216,0.0193737,0.0440051,0.655324,0.126983,0.445941,0.319912,0,0.125,-1,300,0,8.74954,0.655324,0.445941,0.319912,0,11507.1,1,1,1,1,0.05,300,300,300,300,300,300,300,300,300,300,300,300,300,300,300
ppo_best,0,759,0,0.41546,0.162353,-0.0814518,1.02531,8710.52,668.798,26.8057,8.18115,0.171584,0.101431,0.0168032,0.0375298,0.404137,0.29141,0.446055,0.0852931,1,0.125,0,300,0,8.18115,0.404137,0.446055,0.0852931,1,8041.72,1,1,1,1,0.05,300,300,300,300,300,300,300,300,300,300,300,300,300,300,300
ppo_best,0,760,2,0.45803,0.0293601,-0.178644,1.05958,8984.72,519.396,28.2178,7.20825,2.48603,0.0451798,0.00958795,0.0319666,0.873504,0.642491,0.45897,0.188318,0,0.125,-1,300,0,7.20825,0.873504,0.45897,0.188318,0,8465.33,1,1,1,1,0.05,300,300,300,300,300,300,300,300,300,300,300,300,300,300,300
ppo_best,0,761,3,0.414236,0.0136668,0.137344,0.980317,12317.9,750.556,38.5577,8.6238,2.96624,0.101234,0.0132315,0.0397595,1.17878,0.551148,0.414461,0.138747,0,0.125,-1,300,0,8.6238,1.17878,0.414461,0.138747,0,11567.3,1,1,1,1,0.05,300,300,300,300,300,300,300,300,300,300,300,300,300,300,300
ppo_best,0,762,4,0.301925,0.128295,0.0963579,0.955188,7584.74,401.954,23.9426,6.32825,1.55605,0.077166,0.00992249,0.0400309,0.632823,0.11549,0.328052,0.106268,0,0.125,-1,300,0,6.32825,0.632823,0.328052,0.106268,0,7182.79,1,1,1,1,0.05,300,300,300,300,300,300,300,300,300,300,300,300,300,300,300
ppo_best,0,763,6,0.584862,0.0733929,-0.361847,1.03042,10413.9,477.591,33.1211,6.87097,2.74752,0.0834599,0.00764764,0.0256055,0.348823,0.596603,0.589449,0.363123,0,0.125,-1,300,0,6.87097,0.348823,0.589449,0.363123,0,9936.33,1,1,1,1,0.05,300,300,300,300,300,300,300,300,300,300,300,300,300,300,300
ppo_best,0,764,1,0.370644,0.186045,0.103426,0.906455,8104.4,527.226,25.2573,7.21547,2.661,0.107803,0.0237833,0.0182693,0.514842,0.190638,0.414716,0.139454,0,0.125,-1,300,0,7.21547,0.514842,0.414716,0.139454,0,7577.18,1,1,1,1,0.05,300,300,300,300,300,300,300,300,300,300,300,300,300,300,300
ppo_best,0,765,2,0.470319,0.0849708,-0.450678,0.943973,18558,1000.77,58.5242,9.99336,3.11096,0.0836388,0.0161084,0.0192443,0.366089,0.0931422,0.477933,0.454147,0,0.125,-1,300,0,9.99336,0.366089,0.477933,0.454147,0,17557.3,1,1,1,1,0.05,300,300,300,300,300,300,300,300,300,300,300,300,300,300,300
ppo_best,0,766,1,0.45151,0.148233,0.485786,1.07198,10454.7,646.677,32.6932,8.01925,2.84496,0.1169,0.0132971,0.0349415,1.34554,0.0358612,0.47522,0.49109,0,0.125,-1,300,0,8.01925,1.34554,0.47522,0.49109,0,9807.97,1,1,1,1,0.05,300,300,300,300,300,300,300,300,300,300,300,300,300,300,300
ppo_best,0,767,1,0.478015,0.037235,-0.0954301,1.01851,4082.8,89.8735,13.3098,3.00776,1.02842,0.0501503,0.014522,0.0220398,0.12295,0.323947,0.479463,0.097208,0,0.125,-1,300,0,3.00776,0.12295,0.479463,0.097208,0,3992.93,1,1,1,1,0.05,300,300,300,300,300,300,300,300,300,300,300,300,300,300,300
ppo_best,0,768,0,0.4589,0.189277,-0.466105,1.06996,15866.1,1093.05,49.2435,10.3931,3.01546,0.0928782,0.0122226,0.0310036,1.37872,0.261441,0.496402,0.471326,1,0.125,0,300,0,10.3931,1.37872,0.496402,0.471326,1,14773,1,1,1,1,0.05,300,300,300,300,300,300,300,300,300,300,300,300,300,300,300
ppo_best,0,769,5,0.307265,0.0619027,0.331347,1.05149,7147.7,260.53,22.9572,5.07312,1.31583,0.134506,0.00518504,0.042808,0.802073,0.0630961,0.313438,0.335324,0,0.125,-1,300,0,5.07312,0.802073,0.313438,0.335324,0,6887.17,1,1,1,1,0.05,300,300,300,300,300,300,300,300,300,300,300,300,300,300,300
ppo_best,0,770,1,0.184025,0.0932549,-0.21226,1.04094,5943.01,256.872,18.9538,4.99042,2.34527,0.0426796,0.0085301,0.00727745,0.439965,0.307082,0.206305,0.216172,0,0.125,-1,300,0,4.99042,0.439965,0.206305,0.216172,0,5686.14,1,1,1,1,0.05,300,300,300,300,300,300,300,300,300,300,300,300,300,300,300
ppo_best,0,771,4,0.16831,0.0596394,0.353257,1.08436,6533.92,388.022,20.4863,6.20085,2.13313,0.159379,0.0212492,0.0279215,1.44213,0.403527,0.178564,0.36319,0,0.125,-1,300,0,6.20085,1.44213,0.178564,0.36319,0,6145.89,1,1,1,1,0.05,300,300,300,300,300,300,300,300,300,300,300,300,300,300,300
ppo_best,0,772,7,0.592838,0.123661,-0.172543,0.953026,9706.88,576.585,30.4343,7.61239,2.59313,0.152138,0.0158382,0.0139412,0.119878,0.167579,0.605598,0.178823,0,0.125,-1,300,0,7.61239,0.119878,0.605598,0.178823,0,9130.3,1,1,1,1,0.05,300,300,300,300,300,300,300,300,300,300,300,300,300,300,300
ppo_best,0,773,1,0.574605,0.00258312,-0.0439847,0.962295,6982.88,490.128,21.6425,6.95004,2.06022,0.152377,0.0101269,0.0321654,1.39961,0.641629,0.574611,0.0579336,0,0.125,-1,300,0,6.95004,1.39961,0.574611,0.0579336,0,6492.75,1,1,1,1,0.05,300,300,300,300,300,300,300,300,300,300,300,300,300,300,300
ppo_best,0,774,7,0.31802,0.177991,-0.284582,0.933756,11388.8,699.343,35.6315,8.33699,1.83902,0.0690712,0.0159821,0.023363,1.85205,0.130906,0.364441,0.29219,0,0.125,-1,300,0,8.33699,1.85205,0.364441,0.29219,0,10689.5,1,1,1,1,0.05,300,300,300,300,300,300,300,300,300,300,300,300,300,300,300
ppo_best,0,775,7,0.321266,0.11522,-0.0157868,1.02757,5227.22,243.427,16.6126,4.9376,0.847879,0.073087,0.00859092,0.0528993,0.302717,0.0717816,0.341302,0.0317708,0,0.125,-1,300,0,4.9376,0.302717,0.341302,0.0317708,0,4983.79,1,1,1,1,0.05,300,300,300,300,300,300,300,300,300,300,300,300,300,300,300
ppo_best,0,776,1,0.385651,0.0505782,0.326743,0.917891,5903.93,308.673,18.6508,5.4914,0.916287,0.10442,0.00962654,0.0182865,0.154163,0.190944,0.388953,0.336901,0,0.125,-1,300,0,5.4914,0.154163,0.388953,0.336901,0,5595.25,1,1,1,1,0.05,300,300,300,300,300,300,300,300,300,300,300,300,300,300,300
ppo_best,0,777,6,0.480563,0.109762,0.106934,0.97854,11817.9,621.048,37.3227,7.89944,2.79261,0.0971966,0.0092925,0.0403931,0.615588,0.0968382,0.492938,0.109067,0,0.125,-1,300,0,7.89944,0.615588,0.492938,0.109067,0,11196.8,1,1,1,1,0.05,300,300,300,300,300,300,300,300,300,300,300,300,300,300,300
ppo_best,0,778,7,0.502036,0.0806142,0.35561,0.944901,8924.26,435.259,28.2967,6.6048,2.28936,0.0344438,0.00521199,0.0369771,0.456214,0.181934,0.508467,0.359853,0,0.125,-1,300,0,6.6048,0.456214,0.508467,0.359853,0,8489,1,1,1,1,0.05,300,300,300,300,300,300,300,300,300,300,300,300,300,300,300
ppo_best,0,779,4,0.554097,0.0898517,0.0186676,0.941369,7773.65,351.256,24.7413,5.92679,1.22872,0.112944,0.0104297,0.0386862,0.95806,0.20789,0.561335,0.061531,0,0.125,-1,300,0,5.92679,0.95806,0.561335,0.061531,0,7422.39,1,1,1,1,0.05,300,300,300,300,300,300,300,300,300,300,300,300,300,300,300
ppo_best,0,780,1,0.282146,0.0881602,-0.417395,1.01681,9087.57,528.39,28.5306,7.26206,1.66269,0.0458089,0.0175934,0.00892719,0.765539,0.313794,0.295599,0.417734,0,0.125,-1,300,0,7.26206,0.765539,0.295599,0.417734,0,8559.18,1,1,1,1,0.05,300,300,300,300,300,300,300,300,300,300,300,300,300,300,300
ppo_best,0,781,0,0.594036,0.137241,-0.0613194,1.0823,7760.73,311.545,24.8306,5.5834,3.04968,0.0467785,0.0141644,0.0341298,0.458766,0.144648,0.609683,0.10263,1,0.125,0,300,0,5.5834,0.458766,0.609683,0.10263,1,7449.19,1,1,1,1,0.05,300,300,300,300,300,300,300,300,300,300,300,300,300,300,300
ppo_best,0,782,4,0.481116,0.035482,-0.0490198,1.02586,8066.82,436.188,25.4354,6.58093,0.815761,0.119201,0.0111747,0.0350249,0.714436,0.325872,0.482423,0.0554222,0,0.125,-1,300,0,6.58093,0.714436,0.482423,0.0554222,0,7630.63,1,1,1,1,0.05,300,300,300,300,300,300,300,300,300,300,300,300,300,300,300
ppo_best,0,783,6,0.332853,0.108478,0.127315,0.912295,14452,763.75,45.6275,8.72996,2.93932,0.10802,0.0218445,0.0123692,1.00738,0.246977,0.350083,0.154601,0,0.125,-1,300,0,8.72996,1.00738,0.350083,0.154601,0,13688.2,1,1,1,1,0.05,300,300,300,300,300,300,300,300,300,300,300,300,300,300,300
ppo_best,0,784,6,0.457925,0.0185753,0.0222889,0.908552,6351.38,392.319,19.8635,6.26316,1.31075,0.0928473,0.0160529,0.0298771,0.435113,0.519799,0.458301,0.0941249,0,0.125,-1,300,0,6.26316,0.435113,0.458301,0.0941249,0,5959.06,1,1,1,1,0.05,300,300,300,300,300,300,300,300,300,300,300,300,300,300,300
ppo_best,0,785,5,0.539105,0.136746,0.0140226,1.00414,7689.4,492.48,23.9897,7.00576,1.92222,0.0732769,0.0127682,0.0116293,0.433572,0.22103,0.556178,0.0146197,0,0.125,-1,300,0,7.00576,0.433572,0.556178,0.0146197,0,7196.92,1,1,1,1,0.05,300,300,300,300,300,300,300,300,300,300,300,300,300,300,300
ppo_best,0,786,5,0.234275,0.143013,0.422122,1.06631,6987.04,325.374,22.2055,5.69043,2.56952,0.0853739,0.00974568,0.0353164,1.22203,0.191788,0.274477,0.427298,0,0.125,-1,300,0,5.69043,1.22203,0.274477,0.427298,0,6661.66,1,1,1,1,0.05,300,300,300,300,300,300,300,300,300,300,300,300,300,300,300
ppo_best,0,787,5,0.564432,0.185998,0.319766,0.94917,14263.2,930.8,44.4413,9.58281,2.67494,0.0995475,0.0159952,0.035716,0.724333,0.181484,0.594289,0.323781,0,0.125,-1,300,0,9.58281,0.724333,0.594289,0.323781,0,13332.4,1,1,1,1,0.05,300,300,300,300,300,300,300,300,300,300,300,300,300,300,300
ppo_best,0,788,7,0.441652,0.031714,0.449743,1.09776,10292.4,567.972,32.4149,7.57723,1.22048,0.159824,0.0151709,0.0366458,1.05243,0.679368,0.442789,0.460244,0,0.125,-1,300,0,7.57723,1.05243,0.442789,0.460244,0,9724.47,1,1,1,1,0.05,300,300,300,300,300,300,300,300,300,300,300,300,300,300,300
ppo_best,0,789,7,0.427787,0.0545595,0.140801,0.940318,12723,632.271,40.3024,7.89673,2.28802,0.0451205,0.00879239,0.044738,0.682974,0.194709,0.431252,0.152928,0,0.125,-1,300,0,7.89673,0.682974,0.431252,0.152928,0,12090.7,1,1,1,1,0.05,300,300,300,300,300,300,300,300,300,300,300,300,300,300,300
ppo_best,0,790,5,0.507888,0.0808562,-0.389342,1.07838,9426.3,500.359,29.7532,7.12469,2.26128,0.0467202,0.0332252,0.0398251,0.566024,0.37347,0.514284,0.397153,0,0.125,-1,300,0,7.12469,0.566024,0.514284,0.397153,0,8925.95,1,1,1,1,0.05,300,300,300,300,300,300,300,300,300,300,300,300,300,300,300
ppo_best,0,791,4,0.339549,0.0170452,0.269017,0.992122,5722.97,162.746,18.5341,4.00904,2.17271,0.118632,0.0130432,0.0364813,0.380374,0.376734,0.339976,0.269132,0,0.125,-1,300,0,4.00904,0.380374,0.339976,0.269132,0,5560.23,1,1,1,1,0.05,300,300,300,300,300,300,300,300,300,300,300,300,300,300,300
ppo_best,0,792,6,0.275144,0.119613,-0.358645,0.97554,6246.34,284.47,19.8729,5.30382,0.998655,0.0605518,0.00791077,0.0405445,0.642374,0.275208,0.300019,0.359479,0,0.125,-1,300,0,5.30382,0.642374,0.300019,0.359479,0,5961.87,1,1,1,1,0.05,300,300,300,300,300,300,300,300,300,300,300,300,300,300,300
ppo_best,0,793,0,0.363748,0.195937,-0.12583,0.916138,9156.52,608.768,28.4925,7.78451,1.68774,0.0364714,0.0126342,0.0457095,1.01597,0.240827,0.413163,0.151216,1,0.125,0,300,0,7.78451,1.01597,0.413163,0.151216,1,8547.76,1,1,1,1,0.05,300,300,300,300,300,300,300,300,300,300,300,300,300,300,300
ppo_best,0,794,0,0.178817,0.169785,0.0640453,0.965817,11011.5,660.701,34.5026,8.10485,2.83208,0.150836,0.0185013,0.022672,0.600102,0.158751,0.246581,0.0725965,1,0.125,0,300,0,8.10485,0.600102,0.246581,0.0725965,1,10350.8,1,1,1,1,0.05,300,300,300,300,300,300,300,300,300,300,300,300,300,300,300
ppo_best,0,795,4,0.367104,0.0442837,0.0383512,1.02802,6173.56,217.941,19.8521,4.5984,0.807297,0.146356,0.0231312,0.0630425,0.456559,0.611334,0.369765,0.0474939,0,0.125,-1,300,0,4.5984,0.456559,0.369765,0.0474939,0,5955.62,1,1,1,1,0.05,300,300,300,300,300,300,300,300,300,300,300,300,300,300,300
ppo_best,0,796,2,0.289785,0.112125,-0.378956,0.954633,6683.89,326.011,21.1929,5.68526,0.994478,0.0441986,0.0148752,0.0299007,0.76294,0.21018,0.310721,0.381662,0,0.125,-1,300,0,5.68526,0.76294,0.310721,0.381662,0,6357.88,1,1,1,1,0.05,300,300,300,300,300,300,300,300,300,300,300,300,300,300,300
ppo_best,0,797,7,0.332249,0.113615,-0.0783075,1.07783,4398.62,157.212,14.138,3.94973,1.9461,0.0715151,0.0112672,0.0317831,0.317873,0.0856954,0.351138,0.110403,0,0.125,-1,300,0,3.94973,0.317873,0.351138,0.110403,0,4241.41,1,1,1,1,0.05,300,300,300,300,300,300,300,300,300,300,300,300,300,300,300
ppo_best,0,798,2,0.429027,0.0803526,-0.143165,0.947879,7299.72,454.144,22.8186,6.73527,1.44731,0.0584732,0.0144211,0.0326163,0.778137,0.2487,0.436486,0.152358,0,0.125,-1,300,0,6.73527,0.778137,0.436486,0.152358,0,6845.58,1,1,1,1,0.05,300,300,300,300,300,300,300,300,300,300,300,300,300,300,300
ppo_best,0,799,3,0.374744,0.155657,0.402251,1.02499,7379.92,389.053,23.3029,6.22667,0.104764,0.0194476,0.00377033,0.028652,0.704952,0.0561075,0.405786,0.403027,0,0.125,-1,300,0,6.22667,0.704952,0.405786,0.403027,0,6990.87,1,1,1,1,0.05,300,300,300,300,300,300,300,300,300,300,300,300,300,300,300
ppo_best,0,800,5,0.287599,0.033379,-0.11338,0.902094,7412.13,611.574,22.6685,7.72661,1.95082,0.0685182,0.0178139,0.0347038,0.952786,0.403047,0.28953,0.149802,0,0.125,-1,300,0,7.72661,0.952786,0.28953,0.149802,0,6800.56,1,1,1,1,0.05,300,300,300,300,300,300,300,300,300,300,300,300,300,300,300
ppo_best,0,801,1,0.426069,0.0816525,-0.339767,1.06347,11948.9,487.47,38.2047,6.99603,2.84117,0.122614,0.0104207,0.0300649,1.15415,0.081363,0.433822,0.345644,0,0.125,-1,300,0,6.99603,1.15415,0.433822,0.345644,0,11461.4,1,1,1,1,0.05,300,300,300,300,300,300,300,300,300,300,300,300,300,300,300
ppo_best,0,802,1,0.225176,0.0957092,-0.0805279,1.06032,11898.7,1051.53,36.1573,10.178,2.50178,0.0769521,0.013636,0.0211325,0.543199,0.425704,0.244672,0.100613,0,0.125,-1,300,0,10.178,0.543199,0.244672,0.100613,0,10847.2,1,1,1,1,0.05,300,300,300,300,300,300,300,300,300,300,300,300,300,300,300
ppo_best,0,803,4,0.53047,0.0923683,0.469871,0.917422,17084.8,1093.47,53.3043,10.4257,2.25341,0.103237,0.00953869,0.0456134,1.26116,0.0778565,0.538452,0.477072,0,0.125,-1,300,0,10.4257,1.26116,0.538452,0.477072,0,15991.3,1,1,1,1,0.05,300,300,300,300,300,300,300,300,300,300,300,300,300,300,300
ppo_best,0,804,0,0.395945,0.0536392,-0.35326,1.04961,10856.2,636.139,34.0669,7.95876,3.28396,0.0799265,0.0237822,0.0374479,0.77328,0.105706,0.399561,0.356726,1,0.125,0,300,0,7.95876,0.77328,0.399561,0.356726,1,10220.1,1,1,1,1,0.05,300,300,300,300,300,300,300,300,300,300,300,300,300,300,300
ppo_best,0,805,1,0.404716,0.193633,0.0449814,1.07003,6535.29,276.165,20.8637,5.2423,2.11354,0.117835,0.0105897,0.0419095,0.94612,0.128093,0.448653,0.0832291,0,0.125,-1,300,0,5.2423,0.94612,0.448653,0.0832291,0,6259.12,1,1,1,1,0.05,300,300,300,300,300,300,300,300,300,300,300,300,300,300,300
ppo_best,0,806,1,0.305245,0.0384176,-0.00797141,0.952894,10753.6,618.659,33.7833,7.87503,3.13476,0.0746847,0.0120191,0.00841676,1.40722,0.30392,0.307653,0.0477759,0,0.125,-1,300,0,7.87503,1.40722,0.307653,0.0477759,0,10135,1,1,1,1,0.05,300,300,300,300,300,300,300,300,300,300,300,300,300,300,300
ppo_best,0,807,1,0.485084,0.180565,-0.295958,1.04378,11357.4,565.102,35.9744,7.51488,2.27147,0.0215508,0.0248104,0.0274611,1.04422,0.179478,0.5176,0.299178,0,0.125,-1,300,0,7.51488,1.04422,0.5176,0.299178,0,10792.3,1,1,1,1,0.05,300,300,300,300,300,300,300,300,300,300,300,300,300,300,300
ppo_best,0,808,1,0.439711,0.0666559,0.215005,0.942294,7297.82,520.09,22.5924,7.20219,2.33482,0.0826634,0.00901858,0.0177251,0.177115,0.520765,0.444734,0.222614,0,0.125,-1,300,0,7.20219,0.177115,0.444734,0.222614,0,6777.73,1,1,1,1,0.05,300,300,300,300,300,300,300,300,300,300,300,300,300,300,300
ppo_best,0,809,6,0.389046,0.0824239,-0.482632,1.0217,15538.3,1243.02,47.651,11.066,3.53968,0.0400817,0.018437,0.0355992,0.738189,0.256721,0.397682,0.483119,0,0.125,-1,300,0,11.066,0.738189,0.397682,0.483119,0,14295.3,1,1,1,1,0.05,300,300,300,300,300,300,300,300,300,300,300,300,300,300,300
ppo_best,0,810,1,0.456479,0.128911,-0.433576,0.967376,7166.09,458.433,22.3589,6.75746,2.79943,0.0900058,0.00784199,0.0298857,0.632651,0.37264,0.474333,0.434802,0,0.125,-1,300,0,6.75746,0.632651,0.474333,0.434802,0,6707.66,1,1,1,1,0.05,300,300,300,300,300,300,300,300,300,300,300,300,300,300,300
ppo_best,0,811,0,0.572395,0.15985,-0.330248,1.0155,9746.87,572.227,30.5821,7.51218,0.587952,0.0841909,0.0155136,0.0521281,0.413071,0.250203,0.594296,0.330611,1,0.125,0,300,0,7.51218,0.413071,0.594296,0.330611,1,9174.64,1,1,1,1,0.05,300,300,300,300,300,300,300,300,300,300,300,300,300,300,300
ppo_best,0,812,5,0.524129,0.124792,-0.204363,0.990091,6833.51,532.277,21.0041,7.29549,1.28938,0.0334535,0.00316795,0.0136435,0.332045,0.248059,0.538781,0.204604,0,0.125,-1,300,0,7.29549,0.332045,0.538781,0.204604,0,6301.23,1,1,1,1,0.05,300,300,300,300,300,300,300,300,300,300,300,300,300,300,300
ppo_best,0,813,4,0.519853,0.169155,-0.00595498,0.946285,10280.3,584.205,32.3203,7.61729,1.70813,0.0554072,0.011935,0.0460503,0.418148,0.177822,0.546681,0.0540443,0,0.125,-1,300,0,7.61729,0.418148,0.546681,0.0540443,0,9696.1,1,1,1,1,0.05,300,300,300,300,300,300,300,300,300,300,300,300,300,300,300
ppo_best,0,814,7,0.359865,0.121006,0.444119,1.03749,7978.37,418.497,25.1996,6.45502,1.25174,0.0705642,0.0227695,0.0281087,0.488233,0.152565,0.379665,0.445698,0,0.125,-1,300,0,6.45502,0.488233,0.379665,0.445698,0,7559.87,1,1,1,1,0.05,300,300,300,300,300,300,300,300,300,300,300,300,300,300,300
ppo_best,0,815,2,0.25776,0.156671,-0.13721,1.06521,6693.74,407.068,20.9556,6.37469,2.12663,0.116467,0.0120181,0.0404243,0.593517,0.159098,0.301639,0.151917,0,0.125,-1,300,0,6.37469,0.593517,0.301639,0.151917,0,6286.68,1,1,1,1,0.05,300,300,300,300,300,300,300,300,300,300,300,300,300,300,300
ppo_best,0,816,0,0.249901,0.101635,0.144713,1.06987,6769.85,380.363,21.2983,6.16045,1.63327,0.0574563,0.0232998,0.0287118,0.202417,0.0732082,0.269778,0.160696,1,0.125,0,300,0,6.16045,0.202417,0.269778,0.160696,1,6389.49,1,1,1,1,0.05,300,300,300,300,300,300,300,300,300,300,300,300,300,300,300
ppo_best,0,817,6,0.353388,0.0222226,-0.186253,0.902278,21960.5,823.625,70.4563,9.14584,4.00388,0.127587,0.0277287,0.0123106,1.88132,0.965134,0.354086,0.210332,0,0.125,-1,300,0,9.14584,1.88132,0.354086,0.210332,0,21136.9,1,1,1,1,0.05,300,300,300,300,300,300,300,300,300,300,300,300,300,300,300
ppo_best,0,818,1,0.48432,0.117112,-0.0454739,1.00946,8877.97,548.922,27.7635,7.3967,1.7142,0.0563465,0.0205135,0.024082,0.580144,0.0793018,0.498278,0.0464472,0,0.125,-1,300,0,7.3967,0.580144,0.498278,0.0464472,0,8329.05,1,1,1,1,0.05,300,300,300,300,300,300,300,300,300,300,300,300,300,300,300
ppo_best,0,819,5,0.419893,0.137835,0.0563012,0.961882,8911.34,525.737,27.952,7.21744,2.99185,0.0798696,0.00415472,0.00692713,0.505894,0.133962,0.441938,0.067991,0,0.125,-1,300,0,7.21744,0.505894,0.441938,0.067991,0,8385.6,1,1,1,1,0.05,300,300,300,300,300,300,300,300,300,300,300,300,300,300,300
ppo_best,0,820,3,0.394152,0.0566592,0.103067,0.965742,7601.23,338.93,24.2077,5.81498,1.33802,0.0724191,0.011188,0.033323,0.401315,0.187482,0.398203,0.108612,0,0.125,-1,300,0,5.81498,0.401315,0.398203,0.108612,0,7262.3,1,1,1,1,0.05,300,300,300,300,300,300,300,300,300,300,300,300,300,300,300
ppo_best,0,821,0,0.167401,0.141043,-0.0374883,0.932262,5834.28,410.127,18.0805,6.36799,1.58051,0.0541441,0.014296,0.0303603,0.755785,0.295924,0.218898,0.0774195,1,0.125,0,300,0,6.36799,0.755785,0.218898,0.0774195,1,5424.16,1,1,1,1,0.05,300,300,300,300,300,300,300,300,300,300,300,300,300,300,300
ppo_best,0,822,5,0.387438,0.184524,0.480969,0.987695,6750.69,344.184,21.355,5.82597,2.79823,0.0633208,0.0101577,0.0368491,0.737693,0.0728925,0.429136,0.481127,0,0.125,-1,300,0,5.82597,0.737693,0.429136,0.481127,0,6406.51,1,1,1,1,0.05,300,300,300,300,300,300,300,300,300,300,300,300,300,300,300
ppo_best,0,823,6,0.472602,0.126764,0.202872,1.09261,9984.06,567.603,31.3882,7.57748,0.708675,0.0498531,0.00543301,0.0142774,1.30544,0.139716,0.489307,0.223011,0,0.125,-1,300,0,7.57748,1.30544,0.489307,0.223011,0,9416.46,1,1,1,1,0.05,300,300,300,300,300,300,300,300,300,300,300,300,300,300,300
ppo_best,0,824,2,0.458536,0.152934,0.0986208,0.949484,9852.93,450.441,31.3416,6.71701,2.73776,0.0749255,0.0224649,0.0375199,0.386169,0.187634,0.483367,0.110806,0,0.125,-1,300,0,6.71701,0.386169,0.483367,0.110806,0,9402.49,1,1,1,1,0.05,300,300,300,300,300,300,300,300,300,300,300,300,300,300,300
ppo_best,0,825,4,0.0794371,0.162089,-0.278794,0.992865,7739.29,439.24,24.3335,6.59637,1.12009,0.084401,0.00814654,0.0265162,0.533717,0.193515,0.180508,0.278885,0,0.125,-1,300,0,6.59637,0.533717,0.180508,0.278885,0,7300.05,1,1,1,1,0.05,300,300,300,300,300,300,300,300,300,300,300,300,300,300,300
ppo_best,0,826,1,0.35718,0.127833,-0.0811559,1.07967,7022.72,459.254,21.8782,6.77572,0.473538,0.0710067,0.0197224,0.0363183,0.227934,0.117482,0.379366,0.113729,0,0.125,-1,300,0,6.77572,0.227934,0.379366,0.113729,0,6563.47,1,1,1,1,0.05,300,300,300,300,300,300,300,300,300,300,300,300,300,300,300
ppo_best,0,827,6,0.610618,0.164015,0.138438,1.07993,8202.56,437.601,25.8832,6.56429,2.04857,0.080678,0.014266,0.0579222,0.319652,0.0897974,0.632262,0.159855,0,0.125,-1,300,0,6.56429,0.319652,0.632262,0.159855,0,7764.96,1,1,1,1,0.05,300,300,300,300,300,300,300,300,300,300,300,300,300,300,300
ppo_best,0,828,0,0.313677,0.0845992,0.462677,1.05644,4458.85,234.398,14.0815,4.87076,0.794092,0.0997518,0.00853983,0.0488141,0.705184,0.246269,0.324885,0.466106,1,0.125,0,300,0,4.87076,0.705184,0.324885,0.466106,1,4224.45,1,1,1,1,0.05,300,300,300,300,300,300,300,300,300,300,300,300,300,300,300
ppo_best,0,829,7,0.326929,0.0336802,0.0416632,0.955716,4903,258.393,15.482,4.99247,0.593903,0.0945151,0.00815203,0.0320476,0.227441,0.347342,0.328659,0.0608022,0,0.125,-1,300,0,4.99247,0.227441,0.328659,0.0608022,0,4644.6,1,1,1,1,0.05,300,300,300,300,300,300,300,300,300,300,300,300,300,300,300
ppo_best,0,830,0,0.377661,0.152353,-0.346986,1.00137,9990.54,546.2,31.4811,7.35041,3.19881,0.089767,0.0173416,0.0523472,1.00033,0.33354,0.407234,0.346989,1,0.125,0,300,0,7.35041,1.00033,0.407234,0.346989,1,9444.34,1,1,1,1,0.05,300,300,300,300,300,300,300,300,300,300,300,300,300,300,300
ppo_best,0,831,0,0.39611,0.121569,-0.16665,1.06354,8110.63,330.059,25.9352,5.72825,2.34229,0.101018,0.0118521,0.0169698,0.48525,0.208729,0.414346,0.178352,1,0.125,0,300,0,5.72825,0.48525,0.414346,0.178352,1,7780.57,1,1,1,1,0.05,300,300,300,300,300,300,300,300,300,300,300,300,300,300,300
ppo_best,0,832,1,0.38693,0.184564,0.20988,1.03718,5516.68,264.854,17.5061,5.13203,0.515424,0.0691775,0.0085945,0.0595941,0.344057,0.215263,0.428694,0.213148,0,0.125,-1,300,0,5.13203,0.344057,0.428694,0.213148,0,5251.82,1,1,1,1,0.05,300,300,300,300,300,300,300,300,300,300,300,300,300,300,300
ppo_best,0,833,6,0.391267,0.0105634,0.469422,1.09272,9253.05,541.949,29.037,7.27114,2.99819,0.0879603,0.00192801,0.0273471,0.9638,0.72926,0.39141,0.478491,0,0.125,-1,300,0,7.27114,0.9638,0.39141,0.478491,0,8711.11,1,1,1,1,0.05,300,300,300,300,300,300,300,300,300,300,300,300,300,300,300
ppo_best,0,834,2,0.426106,0.0201026,0.289329,1.03014,11112.4,584.224,35.0938,7.60421,1.3839,0.038173,0.0156812,0.0401896,0.658801,0.598706,0.426579,0.290895,0,0.125,-1,300,0,7.60421,0.658801,0.426579,0.290895,0,10528.2,1,1,1,1,0.05,300,300,300,300,300,300,300,300,300,300,300,300,300,300,300
ppo_best,0,835,3,0.287761,0.0292863,0.468119,1.09875,4556.44,170.984,14.6182,4.10895,0.896024,0.0589052,0.0347003,0.02508,1.07487,0.177441,0.289248,0.478422,0,0.125,-1,300,0,4.10895,1.07487,0.289248,0.478422,0,4385.46,1,1,1,1,0.05,300,300,300,300,300,300,300,300,300,300,300,300,300,300,300
ppo_best,0,836,2,0.388704,0.170389,-0.173174,1.05335,6422.3,405.824,20.0549,6.34886,0.620312,0.115636,0.0452316,0.0375212,0.720002,0.1103,0.424409,0.181206,0,0.125,-1,300,0,6.34886,0.720002,0.424409,0.181206,0,6016.48,1,1,1,1,0.05,300,300,300,300,300,300,300,300,300,300,300,300,300,300,300
ppo_best,0,837,0,0.403324,0.0567684,0.133347,1.01466,5946.11,398.78,18.4911,6.30884,1.64931,0.108724,0.0125557,0.0165378,0.0539939,0.550216,0.407299,0.13415,1,0.125,0,300,0,6.30884,0.0539939,0.407299,0.13415,1,5547.33,1,1,1,1,0.05,300,300,300,300,300,300,300,300,300,300,300,300,300,300,300
ppo_best,0,838,6,0.602354,0.151865,0.417661,0.908631,5559.77,320.27,17.465,5.66062,0.496696,0.0995323,0.0202981,0.0450998,0.452152,0.2505,0.621204,0.427538,0,0.125,-1,300,0,5.66062,0.452152,0.621204,0.427538,0,5239.5,1,1,1,1,0.05,300,300,300,300,300,300,300,300,300,300,300,300,300,300,300
ppo_best,0,839,2,0.48079,0.142984,-0.408274,1.07362,8275.42,437.621,26.126,6.59316,2.27686,0.103216,0.0180464,0.0434373,0.231047,0.0952322,0.501601,0.414858,0,0.125,-1,300,0,6.59316,0.231047,0.501601,0.414858,0,7837.8,1,1,1,1,0.05,300,300,300,300,300,300,300,300,300,300,300,300,300,300,300
ppo_best,0,840,5,0.279498,0.175616,0.220345,0.95872,5958.29,281.135,18.9238,5.25647,1.06082,0.0796023,0.00992588,0.0232109,0.488275,0.225751,0.330091,0.224179,0,0.125,-1,300,0,5.25647,0.488275,0.330091,0.224179,0,5677.15,1,1,1,1,0.05,300,300,300,300,300,300,300,300,300,300,300,300,300,300,300
ppo_best,0,841,0,0.151167,0.0360862,-0.246412,0.957651,5719.07,241.155,18.2597,4.92609,1.21159,0.0721134,0.0122269,0.0309354,0.806598,0.263229,0.155414,0.250025,1,0.125,0,300,0,4.92609,0.806598,0.155414,0.250025,1,5477.91,1,1,1,1,0.05,300,300,300,300,300,300,300,300,300,300,300,300,300,300,300
ppo_best,0,842,1,0.445061,0.0370951,0.424494,1.07657,11304.5,785.636,35.0628,8.81819,1.71075,0.0413538,0.0206504,0.0253245,1.62977,0.544771,0.446604,0.431345,0,0.125,-1,300,0,8.81819,1.62977,0.446604,0.431345,0,10518.8,1,1,1,1,0.05,300,300,300,300,300,300,300,300,300,300,300,300,300,300,300
ppo_best,0,843,7,0.33839,0.14585,0.112182,0.943033,7422.92,343.016,23.5997,5.86772,2.94281,0.106428,0.00598187,0.0265316,0.766083,0.116449,0.368484,0.125818,0,0.125,-1,300,0,5.86772,0.766083,0.368484,0.125818,0,7079.9,1,1,1,1,0.05,300,300,300,300,300,300,300,300,300,300,300,300,300,300,300
ppo_best,0,844,2,0.159237,0.0476511,0.0134481,1.09862,4856.58,181.348,15.5841,4.26681,0.380837,0.106583,0.0137152,0.0295717,0.940615,0.207753,0.166214,0.0995368,0,0.125,-1,300,0,4.26681,0.940615,0.166214,0.0995368,0,4675.23,1,1,1,1,0.05,300,300,300,300,300,300,300,300,300,300,300,300,300,300,300
ppo_best,0,845,5,0.536783,0.00946951,0.48795,0.945302,7077.16,169.411,23.0258,4.11049,1.66599,0.0924626,0.0157976,0.0356379,0.692655,0.861888,0.536867,0.491006,0,0.125,-1,300,0,4.11049,0.692655,0.536867,0.491006,0,6907.75,1,1,1,1,0.05,300,300,300,300,300,300,300,300,300,300,300,300,300,300,300
ppo_best,0,846,2,0.434186,0.186254,-0.139164,0.921685,6884.8,351.328,21.7783,5.93888,2.368,0.0442355,0.00873597,0.0350579,0.460596,0.153532,0.472449,0.159687,0,0.125,-1,300,0,5.93888,0.460596,0.472449,0.159687,0,6533.48,1,1,1,1,0.05,300,300,300,300,300,300,300,300,300,300,300,300,300,300,300
ppo_best,0,847,1,0.472957,0.0346583,-0.100987,1.07466,9122.45,335.17,29.2909,5.79678,0.878002,0.0536697,0.00929387,0.0373021,0.826593,0.427436,0.474225,0.125588,0,0.125,-1,300,0,5.79678,0.826593,0.474225,0.125588,0,8787.28,1,1,1,1,0.05,300,300,300,300,300,300,300,300,300,300,300,300,300,300,300
ppo_best,0,848,5,0.320592,0.136682,-0.22648,1.01501,9322.75,330.746,29.9733,5.73645,3.31882,0.106921,0.0162498,0.03709,0.373645,0.326584,0.348513,0.226977,0,0.125,-1,300,0,5.73645,0.373645,0.348513,0.226977,0,8992,1,1,1,1,0.05,300,300,300,300,300,300,300,300,300,300,300,300,300,300,300
ppo_best,0,849,5,0.378854,0.198973,0.166071,0.952538,10349.4,594.803,32.5155,7.72574,1.876,0.0350086,0.008395,0.0245798,0.286083,0.27469,0.427926,0.17272,0,0.125,-1,300,0,7.72574,0.286083,0.427926,0.17272,0,9754.64,1,1,1,1,0.05,300,300,300,300,300,300,300,300,300,300,300,300,300,300,300
ppo_best,0,850,6,0.381463,0.0276594,0.0957774,1.08391,7154.35,337.301,22.7235,5.74337,2.50724,0.0606273,0.011707,0.0179295,0.7797,0.399638,0.382465,0.127336,0,0.125,-1,300,0,5.74337,0.7797,0.382465,0.127336,0,6817.05,1,1,1,1,0.05,300,300,300,300,300,300,300,300,300,300,300,300,300,300,300
ppo_best,0,851,7,0.334837,0.0274425,-0.0647744,0.948919,9826.71,680.3,30.488,8.24566,1.60166,0.143556,0.0172002,0.0603057,0.853799,0.635977,0.335959,0.0824921,0,0.125,-1,300,0,8.24566,0.853799,0.335959,0.0824921,0,9146.41,1,1,1,1,0.05,300,300,300,300,300,300,300,300,300,300,300,300,300,300,300
ppo_best,0,852,6,0.421517,0.120578,-0.0931647,1.08977,8097.81,546.979,25.1694,7.34598,1.05326,0.0865695,0.0255943,0.0286533,0.820215,0.201027,0.438424,0.129379,0,0.125,-1,300,0,7.34598,0.820215,0.438424,0.129379,0,7550.83,1,1,1,1,0.05,300,300,300,300,300,300,300,300,300,300,300,300,300,300,300
ppo_best,0,853,1,0.311523,0.0617809,-0.455853,1.01902,12009.5,643.713,37.8858,8.0095,3.15018,0.103278,0.0137637,0.0416785,0.656813,0.5022,0.31759,0.45625,0,0.125,-1,300,0,8.0095,0.656813,0.31759,0.45625,0,11365.8,1,1,1,1,0.05,300,300,300,300,300,300,300,300,300,300,300,300,300,300,300
ppo_best,0,854,6,0.29537,0.0480102,-0.0521529,0.991185,8314.09,139.023,27.2502,3.73589,0.122602,0.0732052,0.0138227,0.0350541,0.333033,0.391641,0.299246,0.0528926,0,0.125,-1,300,0,3.73589,0.333033,0.299246,0.0528926,0,8175.07,1,1,1,1,0.05,300,300,300,300,300,300,300,300,300,300,300,300,300,300,300
ppo_best,0,855,7,0.429874,0.0706744,0.363202,1.09067,6933.94,492.249,21.4723,6.97259,1.32377,0.196468,0.0117006,0.0405985,0.90818,0.234249,0.435645,0.374349,0,0.125,-1,300,0,6.97259,0.90818,0.435645,0.374349,0,6441.7,1,1,1,1,0.05,300,300,300,300,300,300,300,300,300,300,300,300,300,300,300
ppo_best,0,856,2,0.457109,0.146808,0.463226,0.902473,5999.67,244.946,19.1824,4.96502,2.75112,0.154676,0.014289,0.0477326,0.272075,0.340526,0.480105,0.473381,0,0.125,-1,300,0,4.96502,0.272075,0.480105,0.473381,0,5754.72,1,1,1,1,0.05,300,300,300,300,300,300,300,300,300,300,300,300,300,300,300
ppo_best,0,857,7,0.354037,0.0225439,-0.0368642,1.08402,6965.3,356.774,22.0284,5.95932,1.74225,0.0441583,0.0138995,0.0410084,0.510966,0.102743,0.354754,0.0917511,0,0.125,-1,300,0,5.95932,0.510966,0.354754,0.0917511,0,6608.53,1,1,1,1,0.05,300,300,300,300,300,300,300,300,300,300,300,300,300,300,300
ppo_best,0,858,2,0.421919,0.14691,0.255608,1.06389,9735.79,597.512,30.4609,7.69448,2.57566,0.0278188,0.0130458,0.0142958,0.638708,0.25249,0.446764,0.263473,0,0.125,-1,300,0,7.69448,0.638708,0.446764,0.263473,0,9138.28,1,1,1,1,0.05,300,300,300,300,300,300,300,300,300,300,300,300,300,300,300
ppo_best,0,859,6,0.504864,0.0365977,-0.109758,0.940608,9496.12,232.668,30.8782,4.84424,2.3494,0.108635,0.0221698,0.0403922,0.362884,0.371355,0.506189,0.124797,0,0.125,-1,300,0,4.84424,0.362884,0.506189,0.124797,0,9263.45,1,1,1,1,0.05,300,300,300,300,300,300,300,300,300,300,300,300,300,300,300
ppo_best,0,860,0,0.437348,0.153479,0.211605,1.09097,4984.56,206.745,15.926,4.50914,1.83303,0.126802,0.00504742,0.0425619,0.633724,0.135353,0.463497,0.23033,1,0.125,0,300,0,4.50914,0.633724,0.463497,0.23033,1,4777.81,1,1,1,1,0.05,300,300,300,300,300,300,300,300,300,300,300,300,300,300,300
ppo_best,0,861,2,0.27856,0.138386,-0.390223,1.0953,7940.59,504.175,24.788,7.07311,1.62967,0.0315533,0.0220521,0.0352309,0.78589,0.174801,0.311041,0.401692,0,0.125,-1,300,0,7.07311,0.78589,0.311041,0.401692,0,7436.41,1,1,1,1,0.05,300,300,300,300,300,300,300,300,300,300,300,300,300,300,300
ppo_best,0,862,1,0.3085,0.109558,0.408378,0.918265,6989.47,504.022,21.6182,7.0665,3.0221,0.0497982,0.0190482,0.0432974,0.575737,0.069002,0.327376,0.416478,0,0.125,-1,300,0,7.0665,0.575737,0.327376,0.416478,0,6485.44,1,1,1,1,0.05,300,300,300,300,300,300,300,300,300,300,300,300,300,300,300
ppo_best,0,863,2,0.389533,0.0564667,-0.12818,0.996092,13852.9,769.982,43.6098,8.77519,2.38923,0.167997,0.0130916,0.0241722,1.00132,0.308183,0.393604,0.12824,0,0.125,-1,300,0,8.77519,1.00132,0.393604,0.12824,0,13082.9,1,1,1,1,0.05,300,300,300,300,300,300,300,300,300,300,300,300,300,300,300
ppo_best,0,864,4,0.40524,0.0580518,0.168918,0.980461,6117.08,319.33,19.3258,5.63455,1.26416,0.0970683,0.0178957,0.028457,0.59457,0.164703,0.409377,0.170044,0,0.125,-1,300,0,5.63455,0.59457,0.409377,0.170044,0,5797.75,1,1,1,1,0.05,300,300,300,300,300,300,300,300,300,300,300,300,300,300,300
ppo_best,0,865,2,0.375681,0.0461892,0.238564,1.01942,8419.38,344.603,26.9159,5.84153,1.88132,0.0978776,0.0144478,0.0339193,0.676,0.25875,0.378509,0.239353,0,0.125,-1,300,0,5.84153,0.676,0.378509,0.239353,0,8074.77,1,1,1,1,0.05,300,300,300,300,300,300,300,300,300,300,300,300,300,300,300
ppo_best,0,866,4,0.552643,0.00757306,-0.18683,0.948606,7916.43,418.507,24.9931,6.42405,0.842049,0.120213,0.01455,0.0343464,0.70576,0.320109,0.552695,0.19377,0,0.125,-1,300,0,6.42405,0.70576,0.552695,0.19377,0,7497.92,1,1,1,1,0.05,300,300,300,300,300,300,300,300,300,300,300,300,300,300,300
ppo_best,0,867,5,0.348736,0.120268,0.00212038,1.06217,5091.01,348.779,15.8075,5.86455,0.768342,0.0736269,0.00861356,0.0312989,0.742281,0.366125,0.368892,0.0622059,0,0.125,-1,300,0,5.86455,0.742281,0.368892,0.0622059,0,4742.24,1,1,1,1,0.05,300,300,300,300,300,300,300,300,300,300,300,300,300,300,300
ppo_best,0,868,5,0.509643,0.054392,-0.224315,1.033,10592.9,639.928,33.1767,7.92467,1.73512,0.0797751,0.00801921,0.0322641,0.3295,0.209366,0.512537,0.22673,0,0.125,-1,300,0,7.92467,0.3295,0.512537,0.22673,0,9953,1,1,1,1,0.05,300,300,300,300,300,300,300,300,300,300,300,300,300,300,300
ppo_best,0,869,2,0.217777,0.082038,0.45201,1.0822,7037.63,443.24,21.9813,6.6009,2.31689,0.0570976,0.0193174,0.0458322,1.46401,0.143715,0.232717,0.459424,0,0.125,-1,300,0,6.6009,1.46401,0.232717,0.459424,0,6594.39,1,1,1,1,0.05,300,300,300,300,300,300,300,300,300,300,300,300,300,300,300
ppo_best,0,870,1,0.429883,0.0598224,-0.172056,1.03022,5154.44,307.102,16.1578,5.49162,1.3159,0.106971,0.0130775,0.0326986,0.78369,0.363021,0.434026,0.17469,0,0.125,-1,300,0,5.49162,0.78369,0.434026,0.17469,0,4847.34,1,1,1,1,0.05,300,300,300,300,300,300,300,300,300,300,300,300,300,300,300
ppo_best,0,871,5,0.560839,0.126937,0.215858,1.01619,7326.96,285.594,23.4712,5.34299,1.02537,0.0659399,0.0272806,0.0388027,0.367127,0.0397461,0.575024,0.216464,0,0.125,-1,300,0,5.34299,0.367127,0.575024,0.216464,0,7041.36,1,1,1,1,0.05,300,300,300,300,300,300,300,300,300,300,300,300,300,300,300
ppo_best,0,872,4,0.482019,0.0503292,-0.0580057,1.05323,5937.19,224.138,19.0435,4.71802,0.864479,0.12363,0.0200568,0.0402919,0.267168,0.152353,0.484639,0.0787293,0,0.125,-1,300,0,4.71802,0.267168,0.484639,0.0787293,0,5713.05,1,1,1,1,0.05,300,300,300,300,300,300,300,300,300,300,300,300,300,300,300
ppo_best,0,873,3,0.431019,0.0743655,-0.0898094,1.0067,5801.75,190.904,18.7028,4.30403,1.6909,0.0564739,0.0259307,0.0429384,0.647895,0.41519,0.437387,0.0900588,0,0.125,-1,300,0,4.30403,0.647895,0.437387,0.0900588,0,5610.85,1,1,1,1,0.05,300,300,300,300,300,300,300,300,300,300,300,300,300,300,300
ppo_best,0,874,6,0.268922,0.106348,0.288603,0.957088,6069.51,336.008,19.1117,5.7634,2.22137,0.0564651,0.0176951,0.0363012,0.530296,0.098499,0.289186,0.291776,0,0.125,-1,300,0,5.7634,0.530296,0.289186,0.291776,0,5733.5,1,1,1,1,0.05,300,300,300,300,300,300,300,300,300,300,300,300,300,300,300
ppo_best,0,875,0,0.471954,0.101091,-0.452273,1.06645,10598.1,680.101,33.0601,8.22058,2.95637,0.0858171,0.0193972,0.0226265,0.37441,0.272491,0.482659,0.457129,1,0.125,0,300,0,8.22058,0.37441,0.482659,0.457129,1,9918.04,1,1,1,1,0.05,300,300,300,300,300,300,300,300,300,300,300,300,300,300,300
ppo_best,0,876,2,0.3649,0.198233,-0.134526,1.01432,7842.77,337.822,25.0165,5.79285,2.17833,0.066698,0.0244753,0.0331481,0.542629,0.223791,0.415269,0.135286,0,0.125,-1,300,0,5.79285,0.542629,0.415269,0.135286,0,7504.95,1,1,1,1,0.05,300,300,300,300,300,300,300,300,300,300,300,300,300,300,300
ppo_best,0,877,3,0.37954,0.0145798,0.283342,0.948964,5180.07,176.04,16.6801,4.11486,0.163899,0.0506044,0.0120734,0.0285288,0.347081,0.581114,0.37982,0.287902,0,0.125,-1,300,0,4.11486,0.347081,0.37982,0.287902,0,5004.03,1,1,1,1,0.05,300,300,300,300,300,300,300,300,300,300,300,300,300,300,300
ppo_best,0,878,5,0.475118,0.115818,-0.0245857,1.09613,6972.12,247.534,22.4153,4.95515,1.82953,0.100105,0.017605,0.0284754,0.562805,0.283252,0.489031,0.0992286,0,0.125,-1,300,0,4.95515,0.562805,0.489031,0.0992286,0,6724.59,1,1,1,1,0.05,300,300,300,300,300,300,300,300,300,300,300,300,300,300,300
ppo_best,0,879,3,0.504651,0.158588,-0.314461,0.959018,11404.6,566.444,36.127,7.49415,1.9426,0.0136727,0.0147738,0.0271312,0.63764,0.133956,0.528983,0.317121,0,0.125,-1,300,0,7.49415,0.63764,0.528983,0.317121,0,10838.1,1,1,1,1,0.05,300,300,300,300,300,300,300,300,300,300,300,300,300,300,300
ppo_best,0,880,4,0.436731,0.0298207,-0.294953,1.01962,7086.28,456.408,22.0996,6.71647,0.304555,0.0870311,0.0233752,0.0119555,0.718577,0.395851,0.437748,0.295606,0,0.125,-1,300,0,6.71647,0.718577,0.437748,0.295606,0,6629.87,1,1,1,1,0.05,300,300,300,300,300,300,300,300,300,300,300,300,300,300,300
ppo_best,0,881,0,0.512689,0.127421,0.0788076,0.910898,11883.6,553.592,37.7668,7.40894,3.23936,0.060633,0.0155823,0.0128862,0.584577,0.219824,0.528286,0.118953,1,0.125,0,300,0,7.40894,0.584577,0.528286,0.118953,1,11330,1,1,1,1,0.05,300,300,300,300,300,300,300,300,300,300,300,300,300,300,300
ppo_best,0,882,7,0.237535,0.186124,0.414372,0.939362,4556.1,162.715,14.6446,4.02041,1.3697,0.0955791,0.0162563,0.0252219,0.278406,0.174898,0.30177,0.418785,0,0.125,-1,300,0,4.02041,0.278406,0.30177,0.418785,0,4393.38,1,1,1,1,0.05,300,300,300,300,300,300,300,300,300,300,300,300,300,300,300
ppo_best,0,883,6,0.429178,0.0894109,0.428806,0.911696,8265.92,529.119,25.7893,7.24088,3.36903,0.0914401,0.0249318,0.0284388,0.299297,0.224293,0.438393,0.437804,0,0.125,-1,300,0,7.24088,0.299297,0.438393,0.437804,0,7736.8,1,1,1,1,0.05,300,300,300,300,300,300,300,300,300,300,300,300,300,300,300
ppo_best,0,884,3,0.435311,0.154857,-0.131559,1.05061,8499.56,273.85,27.419,5.22074,2.86447,0.0524992,0.0135942,0.0250589,0.418304,0.17878,0.462035,0.140958,0,0.125,-1,300,0,5.22074,0.418304,0.462035,0.140958,0,8225.71,1,1,1,1,0.05,300,300,300,300,300,300,300,300,300,300,300,300,300,300,300
ppo_best,0,885,0,0.472594,0.110806,0.38847,0.980243,8174.3,424.166,25.8338,6.51093,2.91314,0.0825679,0.0129582,0.0112286,0.683862,0.0949191,0.48541,0.388972,1,0.125,0,300,0,6.51093,0.683862,0.48541,0.388972,1,7750.13,1,1,1,1,0.05,300,300,300,300,300,300,300,300,300,300,300,300,300,300,300
ppo_best,0,886,7,0.395142,0.174312,0.062084,0.969971,12976.3,715.708,40.8685,8.39974,2.28806,0.0907474,0.016375,0.0219436,0.457307,0.205171,0.431882,0.068965,0,0.125,-1,300,0,8.39974,0.457307,0.431882,0.068965,0,12260.5,1,1,1,1,0.05,300,300,300,300,300,300,300,300,300,300,300,300,300,300,300
ppo_best,0,887,5,0.1779,0.118275,-0.397964,1.01332,12846.5,667.524,40.5966,8.11914,2.46044,0.0813644,0.0168604,0.0173076,1.2554,0.244341,0.213629,0.398187,0,0.125,-1,300,0,8.11914,1.2554,0.213629,0.398187,0,12179,1,1,1,1,0.05,300,300,300,300,300,300,300,300,300,300,300,300,300,300,300
ppo_best,0,888,5,0.393746,0.174351,-0.375597,1.05824,6186.79,181.823,20.0166,4.26515,1.53265,0.0497188,0.0138298,0.0212089,0.371161,0.15206,0.430621,0.380085,0,0.125,-1,300,0,4.26515,0.371161,0.430621,0.380085,0,6004.97,1,1,1,1,0.05,300,300,300,300,300,300,300,300,300,300,300,300,300,300,300
ppo_best,0,889,6,0.458996,0.19599,-0.438294,0.905268,8418.38,448.543,26.5661,6.68314,2.10357,0.0938788,0.00822518,0.0254634,1.33573,0.222868,0.499088,0.448415,0,0.125,-1,300,0,6.68314,1.33573,0.499088,0.448415,0,7969.83,1,1,1,1,0.05,300,300,300,300,300,300,300,300,300,300,300,300,300,300,300
ppo_best,0,890,1,0.330218,0.146939,0.324878,0.966639,10062.4,566.613,31.6525,7.52502,1.41141,0.106116,0.0169378,0.0424026,0.0880929,0.232204,0.361434,0.326587,0,0.125,-1,300,0,7.52502,0.0880929,0.361434,0.326587,0,9495.74,1,1,1,1,0.05,300,300,300,300,300,300,300,300,300,300,300,300,300,300,300
ppo_best,0,891,0,0.286179,0.102223,0.288146,1.04632,6171.44,334.527,19.4564,5.73044,1.45186,0.0669394,0.00826639,0.0279074,0.414547,0.191656,0.303888,0.291846,1,0.125,0,300,0,5.73044,0.414547,0.303888,0.291846,1,5836.91,1,1,1,1,0.05,300,300,300,300,300,300,300,300,300,300,300,300,300,300,300
ppo_best,0,892,2,0.387395,0.0163875,-0.116647,1.07003,11472.4,385.327,36.9569,6.21411,2.4875,0.123533,0.0105707,0.0193423,0.48886,0.564655,0.387741,0.136055,0,0.125,-1,300,0,6.21411,0.48886,0.387741,0.136055,0,11087.1,1,1,1,1,0.05,300,300,300,300,300,300,300,300,300,300,300,300,300,300,300
ppo_best,0,893,0,0.342241,0.0828557,-0.150676,1.05757,10134.7,612.276,31.7413,7.76477,2.21918,0.0657396,0.0168262,0.0374264,0.668146,0.352512,0.352128,0.161301,1,0.125,0,300,0,7.76477,0.668146,0.352128,0.161301,1,9522.39,1,1,1,1,0.05,300,300,300,300,300,300,300,300,300,300,300,300,300,300,300
ppo_best,0,894,2,0.298734,0.115594,-0.0317477,1.09786,8826.37,330.735,28.3188,5.74197,2.83452,0.030035,0.019825,0.0465959,1.31446,0.139396,0.320319,0.102882,0,0.125,-1,300,0,5.74197,1.31446,0.320319,0.102882,0,8495.64,1,1,1,1,0.05,300,300,300,300,300,300,300,300,300,300,300,300,300,300,300
ppo_best,0,895,3,0.260466,0.164719,-0.0892708,0.924657,9718.8,369.9,31.163,6.07943,3.05936,0.0779305,0.0278618,0.0178697,0.580246,0.0790871,0.30818,0.116816,0,0.125,-1,300,0,6.07943,0.580246,0.30818,0.116816,0,9348.9,1,1,1,1,0.05,300,300,300,300,300,300,300,300,300,300,300,300,300,300,300
ppo_best,0,896,2,0.473934,0.138293,0.149011,0.952225,6533.26,424.866,20.3613,6.53148,1.47671,0.054885,0.0200212,0.0253162,0.114686,0.171629,0.493698,0.156482,0,0.125,-1,300,0,6.53148,0.114686,0.493698,0.156482,0,6108.39,1,1,1,1,0.05,300,300,300,300,300,300,300,300,300,300,300,300,300,300,300
ppo_best,0,897,2,0.488462,0.0780461,-0.47111,1.08535,11683.7,790.909,36.3094,8.86675,3.31794,0.0888568,0.0166212,0.0317887,0.926593,0.386996,0.494658,0.47878,0,0.125,-1,300,0,8.86675,0.926593,0.494658,0.47878,0,10892.8,1,1,1,1,0.05,300,300,300,300,300,300,300,300,300,300,300,300,300,300,300
ppo_best,0,898,3,0.550929,0.0522845,0.105232,1.07207,10110.2,515.435,31.9826,7.20848,3.09604,0.059604,0.0125625,0.0391152,0.659237,0.176269,0.553405,0.127546,0,0.125,-1,300,0,7.20848,0.659237,0.553405,0.127546,0,9594.79,1,1,1,1,0.05,300,300,300,300,300,300,300,300,300,300,300,300,300,300,300
ppo_best,0,899,2,0.526486,0.118628,-0.182159,1.07185,7723.23,281.2,24.8068,5.29362,2.51351,0.0489393,0.0192648,0.0378126,0.450276,0.488763,0.539685,0.195817,0,0.125,-1,300,0,5.29362,0.450276,0.539685,0.195817,0,7442.03,1,1,1,1,0.05,300,300,300,300,300,300,300,300,300,300,300,300,300,300,300
ppo_best,0,900,1,0.42967,0.131506,0.221629,0.939852,5972.01,124.887,19.4904,3.5168,2.11823,0.089894,0.0166548,0.0366321,0.0774673,0.218095,0.449344,0.229646,0,0.125,-1,300,0,3.5168,0.0774673,0.449344,0.229646,0,5847.12,1,1,1,1,0.05,300,300,300,300,300,300,300,300,300,300,300,300,300,300,300
ppo_best,0,901,0,0.389156,0.0632309,0.0228539,0.931275,6681,275.194,21.3527,5.19382,1.07607,0.0151152,0.0214652,0.0233662,0.701779,0.454974,0.394259,0.0724251,1,0.125,0,300,0,5.19382,0.701779,0.394259,0.0724251,1,6405.8,1,1,1,1,0.05,300,300,300,300,300,300,300,300,300,300,300,300,300,300,300
ppo_best,0,902,6,0.486119,0.0346932,-0.133332,0.921062,9615.48,602.07,30.0447,7.7152,1.3797,0.188699,0.0109605,0.0546743,0.83519,0.174884,0.487355,0.154948,0,0.125,-1,300,0,7.7152,0.83519,0.487355,0.154948,0,9013.41,1,1,1,1,0.05,300,300,300,300,300,300,300,300,300,300,300,300,300,300,300
ppo_best,0,903,4,0.437337,0.160741,0.142908,0.996273,7817.87,552.337,24.2184,7.44518,1.31636,0.0358478,0.0185917,0.0431593,0.483275,0.200731,0.465941,0.142956,0,0.125,-1,300,0,7.44518,0.483275,0.465941,0.142956,0,7265.53,1,1,1,1,0.05,300,300,300,300,300,300,300,300,300,300,300,300,300,300,300
ppo_best,0,904,2,0.305774,0.0786361,-0.00372148,0.975224,6468.39,394.306,20.247,6.20703,2.13528,0.0607872,0.0210809,0.0395593,0.409226,0.284684,0.315724,0.0250543,0,0.125,-1,300,0,6.20703,0.409226,0.315724,0.0250543,0,6074.09,1,1,1,1,0.05,300,300,300,300,300,300,300,300,300,300,300,300,300,300,300
ppo_best,0,905,2,0.252817,0.136456,-0.46799,0.946518,7665.73,418.992,24.1558,6.44025,1.63232,0.0645974,0.0198788,0.0384987,1.26578,0.235279,0.287292,0.471036,0,0.125,-1,300,0,6.44025,1.26578,0.287292,0.471036,0,7246.74,1,1,1,1,0.05,300,300,300,300,300,300,300,300,300,300,300,300,300,300,300
ppo_best,0,906,3,0.47757,0.0387091,-0.331918,0.926939,6908.49,149.636,22.5295,3.82162,2.70645,0.120658,0.018384,0.0315425,0.292234,0.501787,0.479136,0.339863,0,0.125,-1,300,0,3.82162,0.292234,0.479136,0.339863,0,6758.85,1,1,1,1,0.05,300,300,300,300,300,300,300,300,300,300,300,300,300,300,300
ppo_best,0,907,6,0.293667,0.117927,-0.197348,1.05935,10187.2,501.088,32.2871,7.0776,2.90629,0.0334441,0.0203086,0.0244177,0.778834,0.273985,0.31646,0.20608,0,0.125,-1,300,0,7.0776,0.778834,0.31646,0.20608,0,9686.12,1,1,1,1,0.05,300,300,300,300,300,300,300,300,300,300,300,300,300,300,300
ppo_best,0,908,5,0.409037,0.137753,0.0741175,1.01078,7326.96,294.522,23.4415,5.37325,2.06261,0.0663479,0.0145647,0.0264981,0.551373,0.347791,0.43161,0.0748969,0,0.125,-1,300,0,5.37325,0.551373,0.43161,0.0748969,0,7032.44,1,1,1,1,0.05,300,300,300,300,300,300,300,300,300,300,300,300,300,300,300
ppo_best,0,909,5,0.4611,0.140984,0.167767,1.06019,10619.2,781.603,32.7919,8.83653,1.271,0.0390341,0.0225563,0.0627522,0.748743,0.170837,0.482172,0.178238,0,0.125,-1,300,0,8.83653,0.748743,0.482172,0.178238,0,9837.56,1,1,1,1,0.05,300,300,300,300,300,300,300,300,300,300,300,300,300,300,300
ppo_best,0,910,7,0.2839,0.0810667,0.19753,0.991306,6083.37,209.868,19.5783,4.53253,1.32486,0.178011,0.0189852,0.0581943,0.300454,0.276316,0.295247,0.197721,0,0.125,-1,300,0,4.53253,0.300454,0.295247,0.197721,0,5873.5,1,1,1,1,0.05,300,300,300,300,300,300,300,300,300,300,300,300,300,300,300
ppo_best,0,911,3,0.538422,0.190137,-0.361791,0.905917,6437.85,366.805,20.2368,6.04084,2.21305,0.0174487,0.0226719,0.0499227,1.203,0.133242,0.571008,0.373824,0,0.125,-1,300,0,6.04084,1.203,0.571008,0.373824,0,6071.04,1,1,1,1,0.05,300,300,300,300,300,300,300,300,300,300,300,300,300,300,300
ppo_best,0,912,5,0.411015,0.0812117,0.057021,1.07936,6701.78,489.972,20.706,6.9804,1.26607,0.144294,0.0175111,0.015144,0.777015,0.312405,0.418961,0.0977219,0,0.125,-1,300,0,6.9804,0.777015,0.418961,0.0977219,0,6211.81,1,1,1,1,0.05,300,300,300,300,300,300,300,300,300,300,300,300,300,300,300
ppo_best,0,913,5,0.325155,0.0634736,-0.446953,0.940237,8035.88,780.595,24.1843,8.76094,1.18527,0.0909066,0.0137571,0.0349528,1.19605,0.480886,0.331293,0.450931,0,0.125,-1,300,0,8.76094,1.19605,0.331293,0.450931,0,7255.28,1,1,1,1,0.05,300,300,300,300,300,300,300,300,300,300,300,300,300,300,300
ppo_best,0,914,0,0.495187,0.06848,-0.253764,0.927425,8038.47,404.954,25.445,6.38506,2.14633,0.0249078,0.0307857,0.0833291,0.857805,0.21854,0.4999,0.263938,1,0.125,0,300,0,6.38506,0.857805,0.4999,0.263938,1,7633.51,1,1,1,1,0.05,300,300,300,300,300,300,300,300,300,300,300,300,300,300,300
ppo_best,0,915,0,0.326854,0.0301247,-0.206124,1.01499,6139.87,241.199,19.6622,4.91819,1.51195,0.0926418,0.0156353,0.0433241,0.244465,0.27453,0.328239,0.206668,1,0.125,0,300,0,4.91819,0.244465,0.328239,0.206668,1,5898.67,1,1,1,1,0.05,300,300,300,300,300,300,300,300,300,300,300,300,300,300,300
ppo_best,0,916,1,0.27154,0.160873,-0.141915,1.03499,11919.5,706.084,37.3781,8.39074,2.42977,0.10673,0.0229797,0.0384594,0.756412,0.0653979,0.315617,0.146166,0,0.125,-1,300,0,8.39074,0.756412,0.315617,0.146166,0,11213.4,1,1,1,1,0.05,300,300,300,300,300,300,300,300,300,300,300,300,300,300,300
ppo_best,0,917,2,0.189071,0.0471068,0.184111,1.07168,3978.51,328.786,12.1657,5.71352,0.334645,0.0939785,0.0168428,0.037231,0.839445,0.504893,0.194851,0.197573,0,0.125,-1,300,0,5.71352,0.839445,0.194851,0.197573,0,3649.72,1,1,1,1,0.05,300,300,300,300,300,300,300,300,300,300,300,300,300,300,300
ppo_best,0,918,1,0.528056,0.18989,-0.295462,1.01004,6723.53,408.321,21.0507,6.36689,0.323246,0.0616009,0.0120076,0.0389494,0.654592,0.269912,0.561161,0.295632,0,0.125,-1,300,0,6.36689,0.654592,0.561161,0.295632,0,6315.21,1,1,1,1,0.05,300,300,300,300,300,300,300,300,300,300,300,300,300,300,300
ppo_best,0,919,2,0.45879,0.145475,-0.272206,1.06906,7135.36,391.99,22.4779,6.25653,0.331808,0.137983,0.0177174,0.0383675,0.776063,0.0675609,0.481302,0.280828,0,0.125,-1,300,0,6.25653,0.776063,0.481302,0.280828,0,6743.37,1,1,1,1,0.05,300,300,300,300,300,300,300,300,300,300,300,300,300,300,300
ppo_best,0,920,1,0.449261,0.186702,0.252651,1.00048,11273.2,605.516,35.5591,7.7591,3.50455,0.023861,0.0164222,0.0545336,0.451423,0.229653,0.486511,0.252651,0,0.125,-1,300,0,7.7591,0.451423,0.486511,0.252651,0,10667.7,1,1,1,1,0.05,300,300,300,300,300,300,300,300,300,300,300,300,300,300,300
ppo_best,0,921,4,0.33062,0.132488,-0.451858,1.09745,9273.15,725.419,28.4924,8.45584,2.53971,0.0436985,0.00401294,0.0336908,0.896486,0.224054,0.356178,0.462247,0,0.125,-1,300,0,8.45584,0.896486,0.356178,0.462247,0,8547.73,1,1,1,1,0.05,300,300,300,300,300,300,300,300,300,300,300,300,300,300,300
ppo_best,0,922,5,0.298029,0.00652192,0.419166,0.952579,10381.2,687.291,32.313,8.28854,1.90697,0.13008,0.0233476,0.0332369,0.499556,0.940597,0.2981,0.42184,0,0.125,-1,300,0,8.28854,0.499556,0.2981,0.42184,0,9693.89,1,1,1,1,0.05,300,300,300,300,300,300,300,300,300,300,300,300,300,300,300
ppo_best,0,923,3,0.329494,0.180931,-0.29246,1.06889,5991.85,280.877,19.0366,5.29542,2.26476,0.0592742,0.01951,0.029042,0.416082,0.186254,0.375902,0.300465,0,0.125,-1,300,0,5.29542,0.416082,0.375902,0.300465,0,5710.97,1,1,1,1,0.05,300,300,300,300,300,300,300,300,300,300,300,300,300,300,300
ppo_best,0,924,5,0.417699,0.103737,0.318025,1.02685,5206.39,103.85,17.0085,3.24307,0.833424,0.0762054,0.0129008,0.017574,0.281841,0.20009,0.430388,0.319156,0,0.125,-1,300,0,3.24307,0.281841,0.430388,0.319156,0,5102.54,1,1,1,1,0.05,300,300,300,300,300,300,300,300,300,300,300,300,300,300,300
ppo_best,0,925,2,0.355451,0.179328,0.332039,1.04378,9863.64,386.541,31.5903,6.22614,2.66746,0.0978912,0.00844427,0.029257,0.714585,0.276074,0.398125,0.334912,0,0.125,-1,300,0,6.22614,0.714585,0.398125,0.334912,0,9477.1,1,1,1,1,0.05,300,300,300,300,300,300,300,300,300,300,300,300,300,300,300
ppo_best,0,926,6,0.401045,0.00520217,0.149834,1.03029,13126,706.63,41.3978,8.41489,2.62672,0.0551045,0.0178702,0.0120366,0.655471,0.289172,0.401078,0.152865,0,0.125,-1,300,0,8.41489,0.655471,0.401078,0.152865,0,12419.4,1,1,1,1,0.05,300,300,300,300,300,300,300,300,300,300,300,300,300,300,300
ppo_best,0,927,6,0.428397,0.00519428,-0.0162345,0.98532,6570.07,267.09,21.0099,5.16321,2.23183,0.0753585,0.015321,0.0277835,0.55311,0.353869,0.428428,0.0218876,0,0.125,-1,300,0,5.16321,0.55311,0.428428,0.0218876,0,6302.98,1,1,1,1,0.05,300,300,300,300,300,300,300,300,300,300,300,300,300,300,300
ppo_best,0,928,0,0.453995,0.0784616,-0.34526,0.9196,5381.55,395.251,16.621,6.2678,1.50293,0.167089,0.0250102,0.0336438,1.80963,0.15466,0.460726,0.354497,1,0.125,0,300,0,6.2678,1.80963,0.460726,0.354497,1,4986.3,1,1,1,1,0.05,300,300,300,300,300,300,300,300,300,300,300,300,300,300,300
ppo_best,0,929,5,0.230124,0.191045,-0.398077,1.05144,11140,695.257,34.8158,8.29931,2.16695,0.0428184,0.0125967,0.027237,0.936325,0.23701,0.299091,0.401387,0,0.125,-1,300,0,8.29931,0.936325,0.299091,0.401387,0,10444.7,1,1,1,1,0.05,300,300,300,300,300,300,300,300,300,300,300,300,300,300,300
ppo_best,0,930,6,0.546965,0.051863,-0.137372,0.950976,9377.11,576.429,29.3356,7.57857,2.18842,0.0494839,0.0282129,0.0530517,0.498259,0.570525,0.549418,0.145857,0,0.125,-1,300,0,7.57857,0.498259,0.549418,0.145857,0,8800.68,1,1,1,1,0.05,300,300,300,300,300,300,300,300,300,300,300,300,300,300,300
ppo_best,0,931,7,0.246107,0.188229,0.128471,1.06649,5098.61,242.516,16.187,4.91904,2.55041,0.0489454,0.0165989,0.0421668,0.869434,0.162296,0.309837,0.144657,0,0.125,-1,300,0,4.91904,0.869434,0.309837,0.144657,0,4856.09,1,1,1,1,0.05,300,300,300,300,300,300,300,300,300,300,300,300,300,300,300
ppo_best,0,932,3,0.555658,0.0599346,-0.471951,0.995301,9011.67,325.887,28.9526,5.70039,1.14612,0.0928217,0.0141682,0.0101883,0.477659,0.238475,0.558881,0.471974,0,0.125,-1,300,0,5.70039,0.477659,0.558881,0.471974,0,8685.78,1,1,1,1,0.05,300,300,300,300,300,300,300,300,300,300,300,300,300,300,300
ppo_best,0,933,3,0.30798,0.192181,0.299282,1.0898,7567.15,435.714,23.7715,6.59054,2.57885,0.134254,0.0132758,0.0267738,1.57783,0.135429,0.363022,0.312464,0,0.125,-1,300,0,6.59054,1.57783,0.363022,0.312464,0,7131.44,1,1,1,1,0.05,300,300,300,300,300,300,300,300,300,300,300,300,300,300,300
ppo_best,0,934,3,0.430499,0.0561079,-0.0435387,0.927366,12545.5,777.766,39.2258,8.82516,2.04461,0.0770566,0.00638782,0.0399305,1.26799,0.365453,0.43414,0.0846832,0,0.125,-1,300,0,8.82516,1.26799,0.43414,0.0846832,0,11767.8,1,1,1,1,0.05,300,300,300,300,300,300,300,300,300,300,300,300,300,300,300
ppo_best,0,935,4,0.220285,0.0622084,0.0673459,1.03052,5887.76,171.191,19.0552,4.12874,1.10195,0.0760246,0.0165049,0.021881,0.353119,0.309829,0.2289,0.073937,0,0.125,-1,300,0,4.12874,0.353119,0.2289,0.073937,0,5716.57,1,1,1,1,0.05,300,300,300,300,300,300,300,300,300,300,300,300,300,300,300
ppo_best,0,936,0,0.548455,0.112768,0.112967,1.01674,6991.35,278.318,22.3768,5.28525,2.34824,0.0913238,0.00793834,0.03693,0.336777,0.23104,0.559928,0.114201,1,0.125,0,300,0,5.28525,0.336777,0.559928,0.114201,1,6713.04,1,1,1,1,0.05,300,300,300,300,300,300,300,300,300,300,300,300,300,300,300
ppo_best,0,937,6,0.365565,0.167524,0.270203,1.09288,6952.09,375.605,21.9216,6.16675,1.22924,0.107442,0.0235536,0.0665905,0.757381,0.230138,0.402122,0.285719,0,0.125,-1,300,0,6.16675,0.757381,0.402122,0.285719,0,6576.48,1,1,1,1,0.05,300,300,300,300,300,300,300,300,300,300,300,300,300,300,300
ppo_best,0,938,1,0.393693,0.0605625,-0.399496,0.946352,15071.3,854.152,47.3905,9.2009,3.12659,0.112177,0.00953224,0.0202532,0.659296,0.172326,0.398324,0.403082,0,0.125,-1,300,0,9.2009,0.659296,0.398324,0.403082,0,14217.2,1,1,1,1,0.05,300,300,300,300,300,300,300,300,300,300,300,300,300,300,300
ppo_best,0,939,5,0.417145,0.151703,0.13317,0.984453,9734.81,333.242,31.3386,5.76578,2.38133,0.00974028,0.0210469,0.0285534,0.179678,0.169655,0.443873,0.134075,0,0.125,-1,300,0,5.76578,0.179678,0.443873,0.134075,0,9401.57,1,1,1,1,0.05,300,300,300,300,300,300,300,300,300,300,300,300,300,300,300
ppo_best,0,940,2,0.398015,0.0722346,0.190798,0.9687,8178.32,384.075,25.9808,6.20968,2.66529,0.0571013,0.0113192,0.0240081,0.380998,0.172902,0.404517,0.193348,0,0.125,-1,300,0,6.20968,0.380998,0.404517,0.193348,0,7794.24,1,1,1,1,0.05,300,300,300,300,300,300,300,300,300,300,300,300,300,300,300
ppo_best,0,941,7,0.306126,0.13957,0.335013,0.945311,6874.78,186.105,22.2956,4.29962,1.32813,0.0809876,0.0172673,0.0361807,0.40612,0.255923,0.336442,0.339448,0,0.125,-1,300,0,4.29962,0.40612,0.336442,0.339448,0,6688.67,1,1,1,1,0.05,300,300,300,300,300,300,300,300,300,300,300,300,300,300,300
ppo_best,0,942,5,0.201638,0.0945869,-0.239707,1.06051,13948.2,1264.18,42.28,11.2142,2.55132,0.0503623,0.0150161,0.0240179,1.21093,0.335771,0.22272,0.247226,0,0.125,-1,300,0,11.2142,1.21093,0.22272,0.247226,0,12684,1,1,1,1,0.05,300,300,300,300,300,300,300,300,300,300,300,300,300,300,300
ppo_best,0,943,3,0.137778,0.125431,-0.488397,0.925543,7341.7,319.514,23.4073,5.62532,2.92758,0.103971,0.00902798,0.0276707,0.919783,0.0768878,0.186322,0.49404,0,0.125,-1,300,0,5.62532,0.919783,0.186322,0.49404,0,7022.18,1,1,1,1,0.05,300,300,300,300,300,300,300,300,300,300,300,300,300,300,300
ppo_best,0,944,5,0.238608,0.148201,0.142881,1.05262,8935.84,454.746,28.2703,6.73451,2.53432,0.0514696,0.014764,0.0381531,0.43437,0.295349,0.280887,0.152262,0,0.125,-1,300,0,6.73451,0.43437,0.280887,0.152262,0,8481.1,1,1,1,1,0.05,300,300,300,300,300,300,300,300,300,300,300,300,300,300,300
ppo_best,0,945,3,0.200342,0.0995643,-0.461269,0.990573,5818.89,194.41,18.7483,4.39303,1.76762,0.0438216,0.00945363,0.0553006,0.566418,0.1406,0.223719,0.461366,0,0.125,-1,300,0,4.39303,0.566418,0.223719,0.461366,0,5624.48,1,1,1,1,0.05,300,300,300,300,300,300,300,300,300,300,300,300,300,300,300
ppo_best,0,946,4,0.550811,0.173459,-0.469357,0.965972,11675.6,612.997,36.8754,7.84767,3.12091,0.0444068,0.0218791,0.0351648,1.02673,0.24591,0.577478,0.470589,0,0.125,-1,300,0,7.84767,1.02673,0.577478,0.470589,0,11062.6,1,1,1,1,0.05,300,300,300,300,300,300,300,300,300,300,300,300,300,300,300
ppo_best,0,947,2,0.388293,0.0309027,0.419297,1.0083,7382.32,355.554,23.4226,5.95196,0.953212,0.0605237,0.025725,0.0315387,0.475327,0.248769,0.389521,0.419379,0,0.125,-1,300,0,5.95196,0.475327,0.389521,0.419379,0,7026.77,1,1,1,1,0.05,300,300,300,300,300,300,300,300,300,300,300,300,300,300,300
ppo_best,0,948,0,0.339606,0.149452,-0.100043,0.908322,7597.75,534.653,23.5437,7.26848,1.76883,0.0366869,0.00513179,0.0213785,0.497181,0.227748,0.371036,0.135696,1,0.125,0,300,0,7.26848,0.497181,0.371036,0.135696,1,7063.1,1,1,1,1,0.05,300,300,300,300,300,300,300,300,300,300,300,300,300,300,300
ppo_best,0,949,1,0.513064,0.161201,-0.154874,1.06008,9446.77,441.807,30.0166,6.6789,2.53648,0.0509991,0.0147675,0.0739888,0.423288,0.149378,0.537792,0.16612,0,0.125,-1,300,0,6.6789,0.423288,0.537792,0.16612,0,9004.97,1,1,1,1,0.05,300,300,300,300,300,300,300,300,300,300,300,300,300,300,300
ppo_best,0,950,4,0.299281,0.0818911,0.0889254,1.06549,10770.1,528.192,34.1397,7.2608,2.34401,0.0328494,0.0161692,0.0389444,0.566785,0.166885,0.310283,0.110436,0,0.125,-1,300,0,7.2608,0.566785,0.310283,0.110436,0,10241.9,1,1,1,1,0.05,300,300,300,300,300,300,300,300,300,300,300,300,300,300,300
ppo_best,0,951,5,0.415285,0.0317661,-0.320893,0.916474,9901.12,627.363,30.9125,7.97245,2.3323,0.063543,0.018896,0.0433383,1.03461,0.492161,0.416499,0.331585,0,0.125,-1,300,0,7.97245,1.03461,0.416499,0.331585,0,9273.76,1,1,1,1,0.05,300,300,300,300,300,300,300,300,300,300,300,300,300,300,300
ppo_best,0,952,1,0.391942,0.191888,-0.432777,0.978356,7205.53,340.121,22.8847,5.78546,2.87864,0.0862962,0.0136962,0.0275412,1.1381,0.145029,0.436394,0.433318,0,0.125,-1,300,0,5.78546,1.1381,0.436394,0.433318,0,6865.41,1,1,1,1,0.05,300,300,300,300,300,300,300,300,300,300,300,300,300,300,300
ppo_best,0,953,4,0.446551,0.105148,0.352434,1.01376,7158.28,599.778,21.8617,7.71782,2.55389,0.0846639,0.0173252,0.0162747,0.785883,0.272258,0.458763,0.352703,0,0.125,-1,300,0,7.71782,0.785883,0.458763,0.352703,0,6558.5,1,1,1,1,0.05,300,300,300,300,300,300,300,300,300,300,300,300,300,300,300
ppo_best,0,954,6,0.406562,0.174972,-0.0359274,1.01001,13730.6,665.715,43.5496,8.18124,2.44206,0.0762068,0.0104415,0.0381793,0.907444,0.0700889,0.442615,0.0372962,0,0.125,-1,300,0,8.18124,0.907444,0.442615,0.0372962,0,13064.9,1,1,1,1,0.05,300,300,300,300,300,300,300,300,300,300,300,300,300,300,300
ppo_best,0,955,0,0.133317,0.00792012,0.381309,1.03681,11987.7,799.373,37.2945,8.88306,2.46958,0.0311768,0.0110902,0.0089221,1.68448,0.120805,0.133552,0.383082,1,0.125,0,300,0,8.88306,1.68448,0.133552,0.383082,1,11188.4,1,1,1,1,0.05,300,300,300,300,300,300,300,300,300,300,300,300,300,300,300
ppo_best,0,956,2,0.477366,0.024158,-0.177784,1.06041,5543.79,211.292,17.775,4.58326,0.784991,0.0868077,0.0222521,0.0376927,0.463253,0.341045,0.477977,0.187767,0,0.125,-1,300,0,4.58326,0.463253,0.477977,0.187767,0,5332.5,1,1,1,1,0.05,300,300,300,300,300,300,300,300,300,300,300,300,300,300,300
ppo_best,0,957,3,0.422204,0.0699305,-0.48639,1.02005,13466.1,1076.77,41.2976,10.3626,3.26801,0.0504055,0.0271882,0.0141358,0.891621,0.184435,0.427956,0.486803,0,0.125,-1,300,0,10.3626,0.891621,0.427956,0.486803,0,12389.3,1,1,1,1,0.05,300,300,300,300,300,300,300,300,300,300,300,300,300,300,300
ppo_best,0,958,2,0.581061,0.174613,-0.0980175,0.920401,8530.76,599.319,26.4381,7.74285,1.83503,0.0720693,0.0114612,0.0219674,0.88938,0.20738,0.606731,0.126267,0,0.125,-1,300,0,7.74285,0.88938,0.606731,0.126267,0,7931.44,1,1,1,1,0.05,300,300,300,300,300,300,300,300,300,300,300,300,300,300,300
ppo_best,0,959,3,0.549818,0.074159,-0.0872557,0.980076,8774.99,638.372,27.122,7.9521,2.48278,0.098118,0.0191678,0.020488,0.756676,0.261384,0.554797,0.0895015,0,0.125,-1,300,0,7.9521,0.756676,0.554797,0.0895015,0,8136.61,1,1,1,1,0.05,300,300,300,300,300,300,300,300,300,300,300,300,300,300,300
ppo_best,0,960,7,0.568123,0.162784,-0.122495,0.936296,6930.24,522.466,21.3592,7.20555,0.742797,0.0863384,0.0174035,0.0342163,0.381031,0.118601,0.590985,0.13807,0,0.125,-1,300,0,7.20555,0.381031,0.590985,0.13807,0,6407.77,1,1,1,1,0.05,300,300,300,300,300,300,300,300,300,300,300,300,300,300,300
ppo_best,0,961,7,0.289106,0.0955166,-0.417758,1.00301,8557.48,404.552,27.1764,6.32888,2.76829,0.138141,0.0101332,0.0243668,0.925819,0.126175,0.304476,0.417769,0,0.125,-1,300,0,6.32888,0.925819,0.304476,0.417769,0,8152.93,1,1,1,1,0.05,300,300,300,300,300,300,300,300,300,300,300,300,300,300,300
ppo_best,0,962,5,0.285514,0.0764678,-0.0852245,1.05344,7837.63,155.964,25.6056,3.9752,2.84823,0.125539,0.011232,0.0358769,0.226806,0.348359,0.295577,0.100591,0,0.125,-1,300,0,3.9752,0.226806,0.295577,0.100591,0,7681.67,1,1,1,1,0.05,300,300,300,300,300,300,300,300,300,300,300,300,300,300,300
ppo_best,0,963,5,0.372462,0.075279,0.462042,0.9806,5985.51,288.186,18.9911,5.36029,0.922223,0.107742,0.0153897,0.0374466,1.1126,0.272467,0.379993,0.46245,0,0.125,-1,300,0,5.36029,1.1126,0.379993,0.46245,0,5697.32,1,1,1,1,0.05,300,300,300,300,300,300,300,300,300,300,300,300,300,300,300
ppo_best,0,964,0,0.448297,0.111899,0.397298,0.991562,6175.86,124.248,20.172,3.51681,1.39574,0.0917238,0.0246871,0.0271415,0.395973,0.159946,0.462051,0.397387,1,0.125,0,300,0,3.51681,0.395973,0.462051,0.397387,1,6051.61,1,1,1,1,0.05,300,300,300,300,300,300,300,300,300,300,300,300,300,300,300
ppo_best,0,965,6,0.535248,0.183842,0.418241,1.0722,8174.7,443.408,25.771,6.65657,1.95183,0.0834366,0.0209361,0.0405435,0.968437,0.0573837,0.56594,0.424427,0,0.125,-1,300,0,6.65657,0.968437,0.56594,0.424427,0,7731.3,1,1,1,1,0.05,300,300,300,300,300,300,300,300,300,300,300,300,300,300,300
ppo_best,0,966,5,0.483548,0.164497,-0.159077,1.00197,5886.02,381.118,18.3497,6.18057,0.956016,0.0362352,0.0107975,0.0462337,1.01948,0.322625,0.510762,0.15909,0,0.125,-1,300,0,6.18057,1.01948,0.510762,0.15909,0,5504.91,1,1,1,1,0.05,300,300,300,300,300,300,300,300,300,300,300,300,300,300,300
ppo_best,0,967,7,0.353211,0.0347767,0.494881,0.951616,7050.02,288.631,22.538,5.35871,2.00865,0.0444633,0.0244944,0.0197589,0.259414,0.526896,0.354919,0.49724,0,0.125,-1,300,0,5.35871,0.259414,0.354919,0.49724,0,6761.39,1,1,1,1,0.05,300,300,300,300,300,300,300,300,300,300,300,300,300,300,300
ppo_best,0,968,3,0.316631,0.182166,-0.245785,1.0274,8542.6,447.408,26.984,6.66592,2.17996,0.0342073,0.0181449,0.0372461,0.201581,0.0358916,0.365294,0.247308,0,0.125,-1,300,0,6.66592,0.201581,0.365294,0.247308,0,8095.19,1,1,1,1,0.05,300,300,300,300,300,300,300,300,300,300,300,300,300,300,300
ppo_best,0,969,7,0.46117,0.151572,-0.202227,1.00376,5765.46,248.259,18.3907,4.96915,0.300197,0.0330307,0.016895,0.0554874,0.304508,0.232562,0.485439,0.202262,0,0.125,-1,300,0,4.96915,0.304508,0.485439,0.202262,0,5517.2,1,1,1,1,0.05,300,300,300,300,300,300,300,300,300,300,300,300,300,300,300
ppo_best,0,970,4,0.453843,0.14295,-0.375989,0.944002,7355.48,449.391,23.0203,6.7073,1.80105,0.0626267,0.0228562,0.0350197,0.415236,0.102718,0.475824,0.380136,0,0.125,-1,300,0,6.7073,0.415236,0.475824,0.380136,0,6906.09,1,1,1,1,0.05,300,300,300,300,300,300,300,300,300,300,300,300,300,300,300
ppo_best,0,971,0,0.443824,0.144831,0.0243486,0.941473,12571.5,1061.15,38.3679,10.2563,3.14845,0.102723,0.0101085,0.0405128,1.93738,0.192944,0.466857,0.0633896,1,0.125,0,300,0,10.2563,1.93738,0.466857,0.0633896,1,11510.4,1,1,1,1,0.05,300,300,300,300,300,300,300,300,300,300,300,300,300,300,300
ppo_best,0,972,5,0.262692,0.128604,-0.00146651,0.994444,11165.6,608.895,35.189,7.80385,3.11323,0.0263406,0.00700876,0.0272988,0.584491,0.0384746,0.292483,0.00574622,0,0.125,-1,300,0,7.80385,0.584491,0.292483,0.00574622,0,10556.7,1,1,1,1,0.05,300,300,300,300,300,300,300,300,300,300,300,300,300,300,300
ppo_best,0,973,2,0.503366,0.00959079,0.368346,0.976695,7648.74,245.569,24.6772,4.9733,0.262754,0.133224,0.00651965,0.0256134,0.342446,0.340941,0.503457,0.369082,0,0.125,-1,300,0,4.9733,0.342446,0.503457,0.369082,0,7403.17,1,1,1,1,0.05,300,300,300,300,300,300,300,300,300,300,300,300,300,300,300
ppo_best,0,974,6,0.52357,0.197567,-0.00184667,0.932164,14186.8,897.518,44.2975,9.44381,3.21548,0.0570177,0.0108032,0.035319,1.04321,0.187129,0.559605,0.0678613,0,0.125,-1,300,0,9.44381,1.04321,0.559605,0.0678613,0,13289.2,1,1,1,1,0.05,300,300,300,300,300,300,300,300,300,300,300,300,300,300,300
ppo_best,0,975,3,0.209308,0.143475,0.246815,0.951865,8813.73,401.876,28.0395,6.34639,0.968595,0.0518038,0.00756282,0.0259847,0.410509,0.0884308,0.253762,0.251465,0,0.125,-1,300,0,6.34639,0.410509,0.253762,0.251465,0,8411.86,1,1,1,1,0.05,300,300,300,300,300,300,300,300,300,300,300,300,300,300,300
ppo_best,0,976,2,0.127116,0.0464004,0.306747,0.953122,6696.46,398.974,20.9916,6.29273,2.93957,0.0348211,0.00674304,0.0462753,0.615402,0.274266,0.13532,0.310308,0,0.125,-1,300,0,6.29273,0.615402,0.13532,0.310308,0,6297.48,1,1,1,1,0.05,300,300,300,300,300,300,300,300,300,300,300,300,300,300,300
ppo_best,0,977,6,0.599302,0.149824,0.0141919,0.917161,11561.4,482.376,36.9302,6.93723,2.928,0.108984,0.0117544,0.0287818,0.774094,0.219627,0.617746,0.0840454,0,0.125,-1,300,0,6.93723,0.774094,0.617746,0.0840454,0,11079.1,1,1,1,1,0.05,300,300,300,300,300,300,300,300,300,300,300,300,300,300,300
ppo_best,0,978,5,0.352184,0.0939494,0.308688,0.937007,8105.92,490.372,25.3852,6.97764,1.87846,0.0378712,0.0148917,0.0583444,0.286874,0.105346,0.364499,0.315049,0,0.125,-1,300,0,6.97764,0.286874,0.364499,0.315049,0,7615.54,1,1,1,1,0.05,300,300,300,300,300,300,300,300,300,300,300,300,300,300,300
ppo_best,0,979,6,0.204539,0.0597924,0.427939,1.03424,8017.92,534.739,24.9439,7.29102,0.624317,0.0730691,0.0169006,0.035509,0.513873,0.165589,0.213099,0.429307,0,0.125,-1,300,0,7.29102,0.513873,0.213099,0.429307,0,7483.18,1,1,1,1,0.05,300,300,300,300,300,300,300,300,300,300,300,300,300,300,300
ppo_best,0,980,2,0.600607,0.000802541,0.438534,1.04851,8583.69,644.249,26.4648,8.01567,1.99733,0.0432685,0.0244759,0.0394674,1.62209,0.860735,0.600608,0.441209,0,0.125,-1,300,0,8.01567,1.62209,0.600608,0.441209,0,7939.44,1,1,1,1,0.05,300,300,300,300,300,300,300,300,300,300,300,300,300,300,300
ppo_best,0,981,7,0.56176,0.116733,-0.425109,0.935759,9084.54,497.851,28.6223,7.06073,1.84685,0.12734,0.0155619,0.0535688,1.78195,0.131343,0.57376,0.429936,0,0.125,-1,300,0,7.06073,1.78195,0.57376,0.429936,0,8586.69,1,1,1,1,0.05,300,300,300,300,300,300,300,300,300,300,300,300,300,300,300
ppo_best,0,982,6,0.334543,0.0443057,-0.215398,1.01237,8550.11,459.914,26.9673,6.80116,0.459613,0.12156,0.00738544,0.0383577,0.40743,0.240845,0.337464,0.215753,0,0.125,-1,300,0,6.80116,0.40743,0.337464,0.215753,0,8090.2,1,1,1,1,0.05,300,300,300,300,300,300,300,300,300,300,300,300,300,300,300
ppo_best,0,983,6,0.212645,0.129725,0.245309,1.03162,5316.08,151.838,17.2141,3.87355,1.52942,0.110737,0.00512683,0.0578992,0.557993,0.285495,0.249091,0.247339,0,0.125,-1,300,0,3.87355,0.557993,0.249091,0.247339,0,5164.24,1,1,1,1,0.05,300,300,300,300,300,300,300,300,300,300,300,300,300,300,300
ppo_best,0,984,2,0.422563,0.00544984,-0.369719,0.970098,20225,843.11,64.6063,9.1601,3.66349,0.0612772,0.0118453,0.0250537,1.12333,1.07171,0.422598,0.370926,0,0.125,-1,300,0,9.1601,1.12333,0.422598,0.370926,0,19381.9,1,1,1,1,0.05,300,300,300,300,300,300,300,300,300,300,300,300,300,300,300
ppo_best,0,985,3,0.390661,0.136952,-0.322372,0.977765,11140.7,693.416,34.8242,8.33565,1.6885,0.116152,0.0144526,0.0453208,1.38755,0.301351,0.413971,0.323138,0,0.125,-1,300,0,8.33565,1.38755,0.413971,0.323138,0,10447.3,1,1,1,1,0.05,300,300,300,300,300,300,300,300,300,300,300,300,300,300,300
ppo_best,0,986,4,0.485397,0.162228,-0.0110452,1.0792,8790.66,478.057,27.7087,6.88402,3.29288,0.0832459,0.0228116,0.0464279,1.1045,0.107857,0.511789,0.079963,0,0.125,-1,300,0,6.88402,1.1045,0.511789,0.079963,0,8312.6,1,1,1,1,0.05,300,300,300,300,300,300,300,300,300,300,300,300,300,300,300
ppo_best,0,987,6,0.426941,0.0766582,-0.0489142,1.01319,6040.05,481.468,18.5286,6.92208,1.69317,0.111334,0.0213383,0.0269408,1.10964,0.24347,0.433768,0.0506606,0,0.125,-1,300,0,6.92208,1.10964,0.433768,0.0506606,0,5558.58,1,1,1,1,0.05,300,300,300,300,300,300,300,300,300,300,300,300,300,300,300
ppo_best,0,988,5,0.31403,0.128727,0.0334423,0.943447,9672.1,507.211,30.5496,7.12293,2.08733,0.0672037,0.0325263,0.0642138,0.702911,0.121983,0.33939,0.0657007,0,0.125,-1,300,0,7.12293,0.702911,0.33939,0.0657007,0,9164.89,1,1,1,1,0.05,300,300,300,300,300,300,300,300,300,300,300,300,300,300,300
ppo_best,0,989,6,0.400742,0.185433,-0.088329,0.923103,7510.4,363.302,23.8236,6.00317,2.49293,0.117468,0.0166357,0.0151576,0.558039,0.231398,0.441565,0.117112,0,0.125,-1,300,0,6.00317,0.558039,0.441565,0.117112,0,7147.09,1,1,1,1,0.05,300,300,300,300,300,300,300,300,300,300,300,300,300,300,300
ppo_best,0,990,5,0.463551,0.105224,-0.261477,1.06311,10817,593.215,34.0793,7.72096,2.13889,0.032259,0.00418019,0.0364328,0.586315,0.422875,0.475343,0.268987,0,0.125,-1,300,0,7.72096,0.586315,0.475343,0.268987,0,10223.8,1,1,1,1,0.05,300,300,300,300,300,300,300,300,300,300,300,300,300,300,300
ppo_best,0,991,6,0.481754,0.0144837,0.0337472,1.07586,7863.47,319.34,25.1471,5.62739,1.74974,0.10293,0.00897823,0.0233861,0.199484,0.483381,0.481971,0.0830244,0,0.125,-1,300,0,5.62739,0.199484,0.481971,0.0830244,0,7544.13,1,1,1,1,0.05,300,300,300,300,300,300,300,300,300,300,300,300,300,300,300
ppo_best,0,992,6,0.343289,0.0309797,-0.433642,0.954841,13005.3,698.305,41.0234,8.29629,2.36008,0.113463,0.0144379,0.0273951,0.76431,0.178747,0.344685,0.435987,0,0.125,-1,300,0,8.29629,0.76431,0.344685,0.435987,0,12307,1,1,1,1,0.05,300,300,300,300,300,300,300,300,300,300,300,300,300,300,300
ppo_best,0,993,4,0.487103,0.0158294,-0.498228,0.925396,12671.8,520.91,40.503,7.2601,1.9091,0.0685831,0.00841037,0.0538121,0.72882,0.529103,0.48736,0.503783,0,0.125,-1,300,0,7.2601,0.72882,0.48736,0.503783,0,12150.9,1,1,1,1,0.05,300,300,300,300,300,300,300,300,300,300,300,300,300,300,300
ppo_best,0,994,5,0.532832,0.0719651,0.339762,0.925144,9523.48,423.378,30.3337,6.52995,2.54944,0.172013,0.0210856,0.029747,0.760325,0.164375,0.53767,0.34791,0,0.125,-1,300,0,6.52995,0.760325,0.53767,0.34791,0,9100.11,1,1,1,1,0.05,300,300,300,300,300,300,300,300,300,300,300,300,300,300,300
ppo_best,0,995,4,0.480019,0.158719,-0.455018,1.09583,11626.4,790.384,36.12,8.85787,2.33,0.165351,0.026962,0.020307,0.483538,0.270303,0.505579,0.465,0,0.125,-1,300,0,8.85787,0.483538,0.505579,0.465,0,10836,1,1,1,1,0.05,300,300,300,300,300,300,300,300,300,300,300,300,300,300,300
ppo_best,0,996,1,0.384558,0.00998847,0.175108,0.962453,10882.7,483.09,34.6655,6.93942,2.28968,0.064377,0.0187418,0.0242682,0.315823,0.493056,0.384688,0.179088,0,0.125,-1,300,0,6.93942,0.315823,0.384688,0.179088,0,10399.7,1,1,1,1,0.05,300,300,300,300,300,300,300,300,300,300,300,300,300,300,300
ppo_best,0,997,2,0.263259,0.161025,0.477407,1.03414,6160.67,417.11,19.1452,6.41019,2.75173,0.125491,0.00465024,0.0768853,0.993005,0.302113,0.308601,0.478625,0,0.125,-1,300,0,6.41019,0.993005,0.308601,0.478625,0,5743.56,1,1,1,1,0.05,300,300,300,300,300,300,300,300,300,300,300,300,300,300,300
ppo_best,0,998,5,0.291316,0.0684351,0.267041,0.908013,11075.6,526.642,35.1631,7.24737,2.6244,0.0705501,0.0269701,0.0273209,0.712741,0.243919,0.299246,0.28244,0,0.125,-1,300,0,7.24737,0.712741,0.299246,0.28244,0,10548.9,1,1,1,1,0.05,300,300,300,300,300,300,300,300,300,300,300,300,300,300,300
ppo_best,0,999,4,0.449086,0.0248524,0.271366,0.912295,10275.8,617.334,32.195,7.79864,2.84956,0.0916118,0.0066171,0.0504018,0.910555,0.593747,0.449774,0.285187,0,0.125,-1,300,0,7.79864,0.910555,0.449774,0.285187,0,9658.5,1,1,1,1,0.05,300,300,300,300,300,300,300,300,300,300,300,300,300,300,300
