method,seed,mission,t,px,py,pz,zx,zy,zz,dist,post_true,err_zp,err_f
ppo,0,0,0,0,0,0,-0.672505,-6.40211,6.53704,9.17454,0.125,0.859947,0.284038
ppo,0,0,1,-0.00254484,-0.0186218,0.00789289,-0.661739,-6.39149,6.54399,9.15251,0.125,1.18896,0.284038
ppo,0,0,2,-0.00603509,-0.0492084,0.0237465,-0.647515,-6.3783,6.5492,9.1132,0.125,0.755106,0.284038
ppo,0,0,3,-0.00700783,-0.0892771,0.0403523,-0.631843,-6.36723,6.5557,9.06934,0.125,0.784723,0.284038
ppo,0,0,4,-0.00364732,-0.13888,0.0596968,-0.617892,-6.35536,6.55782,9.01373,0.125,0.828249,0.284038
ppo,0,0,5,0.0017982,-0.187004,0.0796077,-0.606539,-6.34298,6.56146,8.95994,0.125,1.41076,0.284038
ppo,0,0,6,0.0147419,-0.233182,0.0938693,-0.597354,-6.33041,6.56479,8.91199,0.125,0.163336,0.284038
ppo,0,0,7,0.0363397,-0.271169,0.0999169,-0.587506,-6.31788,6.5677,8.87604,0.125,1.03469,0.284038
ppo,0,0,8,0.067148,-0.295493,0.102334,-0.578392,-6.30591,6.56846,8.8517,0.125,0.499455,0.284038
ppo,0,0,9,0.108918,-0.30972,0.0982132,-0.571032,-6.29144,6.57192,8.84037,0.125,0.915718,0.284038
ppo,0,0,10,0.160825,-0.312955,0.0873141,-0.564463,-6.27882,6.57696,8.84495,0.125,0.456114,0.284038
ppo,0,0,11,0.2223,-0.30082,0.0705682,-0.555699,-6.26602,6.5795,8.86313,0.125,1.05152,0.284038
ppo,0,0,12,0.295162,-0.274181,0.049576,-0.546034,-6.24934,6.58042,8.89168,0.125,0.703974,0.284038
ppo,0,0,13,0.378444,-0.229609,0.0268693,-0.536798,-6.2332,6.58004,8.93448,0.125,0.738769,0.284038
ppo,0,0,14,0.472927,-0.173291,-0.000970252,-0.530624,-6.2157,6.58169,8.99162,0.125,0.898324,0.284038
ppo,0,0,15,0.577549,-0.104534,-0.020983,-0.525672,-6.196,6.58523,9.05345,0.125,1.23511,0.284038
ppo,0,0,16,0.695465,-0.0299661,-0.0251098,-0.518685,-6.17768,6.58779,9.11037,0.125,1.37028,0.284038
ppo,0,0,17,0.831071,0.048572,-0.0209085,-0.514972,-6.16022,6.58749,9.16689,0.125,1.43713,0.284038
ppo,0,0,18,0.988481,0.130755,-0.0119559,-0.515083,-6.14548,6.59109,9.23321,0.125,0.221731,0.284038
ppo,0,0,19,1.16591,0.209698,-0.00104494,-0.516023,-6.13448,6.59135,9.30254,0.125,0.961378,0.284038
ppo,0,0,20,1.36154,0.276214,0.00669899,-0.517307,-6.1244,6.59047,9.37251,0.125,0.580499,0.284038
ppo,0,0,21,1.56962,0.323627,0.00601405,-0.519966,-6.11364,6.59007,9.44217,0.125,0.870345,0.284038
ppo,0,0,22,1.78782,0.353668,-0.00977234,-0.522739,-6.10287,6.58892,9.51674,0.125,1.42336,0.284038
ppo,0,0,23,2.00428,0.363804,-0.0387583,-0.526727,-6.09242,6.58574,9.59024,0.125,1.15215,0.284038
ppo,0,0,24,2.21081,0.365368,-0.0842854,-0.532246,-6.08377,6.58429,9.67397,0.125,1.32259,0.284038
ppo,0,0,25,2.39984,0.359923,-0.147722,-0.539966,-6.07644,6.58697,9.76859,0.125,1.27191,0.284038
ppo,0,0,26,2.56976,0.358009,-0.225483,-0.548001,-6.07169,6.59257,9.87661,0.125,0.827944,0.284038
ppo,0,0,27,2.71524,0.36746,-0.316791,-0.553829,-6.07024,6.59896,9.99792,0.125,1.40192,0.284038
ppo,0,0,28,2.84024,0.394775,-0.408794,-0.561545,-6.06795,6.60347,10.1248,0.125,0.874045,0.284038
ppo,0,0,29,2.94979,0.444659,-0.490526,-0.569463,-6.0673,6.6055,10.254,0.125,1.58337,0.284038
ppo,0,0,30,3.05191,0.514549,-0.555916,-0.575607,-6.06643,6.61075,10.3841,0.125,0.456203,0.284038
ppo,0,0,31,3.1623,0.595541,-0.605675,-0.582683,-6.06421,6.61361,10.5117,0.125,0.492205,0.284038
ppo,0,0,32,3.2839,0.677913,-0.63995,-0.588793,-6.06289,6.61518,10.6336,0.125,0.412639,0.284038
ppo,0,0,33,3.42497,0.754488,-0.662633,-0.593965,-6.06309,6.61531,10.7517,0.125,0.666724,0.284038
ppo,0,0,34,3.57774,0.825486,-0.681973,-0.597021,-6.06419,6.6096,10.8657,0.125,1.64775,0.284038
ppo,0,0,35,3.74255,0.883145,-0.704766,-0.599416,-6.06499,6.60388,10.9793,0.125,1.13707,0.284038
ppo,0,0,36,3.91287,0.934113,-0.741955,-0.599242,-6.0653,6.60167,11.1031,0.125,0.955684,0.284038
ppo,0,0,37,4.08467,0.983656,-0.797673,-0.600426,-6.06711,6.60251,11.2439,0.125,0.489591,0.284038
ppo,0,0,38,4.25897,1.03572,-0.869455,-0.597794,-6.06801,6.60037,11.3952,0.125,0.946782,0.284038
ppo,0,0,39,4.43486,1.09446,-0.950811,-0.595434,-6.06973,6.5955,11.5575,0.125,0.643475,0.284038
ppo,0,0,40,4.61194,1.16728,-1.04629,-0.595132,-6.07354,6.59069,11.7417,0.125,1.18422,0.284038
ppo,0,0,41,4.787,1.25225,-1.15454,-0.595476,-6.07581,6.58526,11.9405,0.125,1.12372,0.284038
ppo,0,0,42,4.96727,1.35531,-1.27062,-0.595502,-6.07847,6.57706,12.157,0.125,0.883867,0.284038
ppo,0,0,43,5.15032,1.48058,-1.3858,-0.593976,-6.08062,6.56932,12.3876,0.125,1.55515,0.284038
ppo,0,0,44,5.34778,1.62361,-1.49351,-0.59123,-6.08585,6.56142,12.6329,0.125,1.07197,0.284038
ppo,0,0,45,5.56559,1.77352,-1.59662,-0.589095,-6.08985,6.55385,12.8896,0.125,0.972822,0.284038
ppo,0,0,46,5.80528,1.9134,-1.69473,-0.585238,-6.09212,6.54594,13.1467,0.125,1.3664,0.284038
ppo,0,0,47,6.06077,2.03581,-1.80473,-0.57793,-6.09413,6.53836,13.408,0.125,1.01476,0.284038
ppo,0,0,48,6.32019,2.14821,-1.93788,-0.570393,-6.09747,6.52923,13.6808,0.125,1.79578,0.284038
ppo,0,0,49,6.57004,2.26012,-2.09466,-0.565503,-6.10191,6.52092,13.9667,0.125,1.36051,0.284038
ppo,0,0,50,6.79898,2.38231,-2.26985,-0.559991,-6.1072,6.5114,14.2596,0.125,0.849349,0.284038
ppo,0,0,51,7.01636,2.52684,-2.4405,-0.552725,-6.11127,6.50001,14.5547,0.125,1.11503,0.284038
ppo,0,0,52,7.2336,2.69015,-2.59958,-0.547645,-6.11357,6.49255,14.8566,0.125,1.49683,0.284038
ppo,0,0,53,7.46859,2.85723,-2.74153,-0.541696,-6.1153,6.48587,15.1597,0.125,1.61632,0.284038
ppo,0,0,54,7.72339,3.01957,-2.87512,-0.534401,-6.11491,6.48206,15.4657,0.125,1.60427,0.284038
ppo,0,0,55,7.98836,3.16846,-3.01434,-0.523069,-6.11208,6.48331,15.7727,0.125,1.48571,0.284038
ppo,0,0,56,8.26126,3.30525,-3.17108,-0.51397,-6.10718,6.48651,16.0894,0.125,1.29291,0.284038
ppo,0,0,57,8.53156,3.44078,-3.34759,-0.503494,-6.10417,6.49009,16.417,0.125,3.59905,0.284038
ppo,0,0,58,8.79669,3.57882,-3.54556,-0.492534,-6.09802,6.49357,16.7546,0.125,2.80908,0.284038
ppo,0,0,59,9.05618,3.73464,-3.75234,-0.483197,-6.09156,6.49465,17.1042,0.125,1.08828,0.284038
ppo,0,0,60,9.3177,3.91298,-3.95441,-0.474333,-6.08375,6.49962,17.4673,0.125,0.615296,0.284038
ppo,0,0,61,9.59731,4.10219,-4.14607,-0.467465,-6.07737,6.50151,17.8408,0.125,2.02224,0.284038
ppo,0,0,62,9.903,4.29089,-4.33454,-0.461001,-6.07348,6.50014,18.227,0.125,2.69666,0.284038
ppo,0,0,63,10.2219,4.46626,-4.53304,-0.458961,-6.06896,6.50097,18.6231,0.125,3.02731,0.284038
ppo,0,0,64,10.5479,4.63068,-4.75411,-0.455555,-6.06573,6.50167,19.0311,0.125,3.34216,0.284038
ppo,0,0,65,10.862,4.80117,-4.99165,-0.45185,-6.06407,6.49919,19.4447,0.125,1.67938,0.284038
ppo,0,0,66,11.1655,4.98798,-5.23301,-0.449415,-6.05974,6.49672,19.8632,0.125,1.15171,0.284038
ppo,0,0,67,11.4707,5.19478,-5.46135,-0.449609,-6.05352,6.49506,20.2873,0.125,2.52633,0.284038
ppo,0,0,68,11.7922,5.40601,-5.68002,-0.4504,-6.04901,6.49346,20.7194,0.125,2.08238,0.284038
ppo,0,0,69,12.1343,5.6068,-5.89762,-0.450765,-6.04341,6.49036,21.1559,0.125,1.426,0.284038
ppo,0,0,70,12.4874,5.79197,-6.12916,-0.452195,-6.03737,6.48811,21.6,0.125,5.71158,0.284038
ppo,0,0,71,12.8396,5.97958,-6.38186,-0.449873,-6.02947,6.48716,22.0553,0.125,1.4607,0.284038
ppo,0,0,72,13.1809,6.18207,-6.64529,-0.451214,-6.02287,6.48365,22.5203,0.125,3.99885,0.284038
ppo,0,0,73,13.5229,6.40561,-6.90896,-0.45542,-6.01528,6.48012,22.9987,0.125,2.89726,0.284038
ppo,0,0,74,13.8835,6.63939,-7.16302,-0.4585,-6.01025,6.47522,23.4884,0.125,3.93157,0.284038
ppo,0,0,75,14.2654,6.86515,-7.4198,-0.458764,-6.00763,6.47086,23.9887,0.125,1.53946,0.284038
ppo,0,0,76,14.6579,7.07646,-7.69673,-0.455142,-6.0035,6.46725,24.4971,0.125,4.67593,0.284038
ppo,0,0,77,15.042,7.28573,-7.99773,-0.451575,-6,6.46171,25.0127,0.125,3.80432,0.284038
ppo,0,0,78,15.4168,7.51057,-8.30533,-0.447555,-5.99729,6.45588,25.5349,0.125,2.13922,0.284038
ppo,0,0,79,15.7973,7.75589,-8.60122,-0.440257,-5.99856,6.44828,26.0639,0.125,2.47424,0.284038
ppo,0,0,80,16.1977,7.99539,-8.8891,-0.434975,-5.99904,6.44132,26.5991,0.125,4.37177,0.284038
ppo,0,0,81,16.6158,8.22303,-9.1895,-0.431508,-5.99764,6.43688,27.1481,0.125,5.65716,0.284038
ppo,0,0,82,17.033,8.44516,-9.50867,-0.429607,-5.99688,6.43285,27.7064,0.125,5.41397,0.284038
ppo,0,0,83,17.445,8.68419,-9.83809,-0.425988,-5.9971,6.42799,28.2754,0.125,5.6853,0.284038
ppo,0,0,84,17.8599,8.94087,-10.1626,-0.423105,-5.99578,6.42534,28.8536,0.125,5.77023,0.284038
ppo,0,0,85,18.2913,9.2025,-10.478,-0.419036,-5.99316,6.42147,29.4377,0.125,2.9254,0.284038
ppo,0,0,86,18.7391,9.45527,-10.7999,-0.412961,-5.98887,6.41818,30.0297,0.125,4.96979,0.284038
ppo,0,0,87,19.183,9.70451,-11.1441,-0.406386,-5.98583,6.41134,30.6288,0.125,5.73245,0.284038
ppo,0,0,88,19.6131,9.96986,-11.4971,-0.396478,-5.98268,6.40389,31.23,0.125,5.00676,0.284038
ppo,0,0,89,20.0498,10.2541,-11.8398,-0.385221,-5.97728,6.39557,31.8367,0.125,1.61907,0.284038
ppo,0,0,90,20.5103,10.5373,-12.1724,-0.376814,-5.97434,6.3869,32.4554,0.125,5.53358,0.284038
ppo,0,0,91,20.9823,10.8069,-12.5174,-0.365999,-5.96858,6.37372,33.0762,0.125,1.88417,0.284038
ppo,0,0,92,21.4499,11.0758,-12.8856,-0.356541,-5.96145,6.3612,33.708,0.125,5.48099,0.284038
ppo,0,0,93,21.9131,11.3667,-13.2592,-0.351597,-5.95378,6.34556,34.352,0.125,3.86168,0.284038
ppo,0,0,94,22.3871,11.6737,-13.6267,-0.346885,-5.94858,6.33168,35.0102,0.125,10.7015,0.284038
ppo,0,0,95,22.884,11.9711,-13.9945,-0.341786,-5.94027,6.31149,35.6733,0.125,7.25798,0.284038
ppo,0,0,96,23.383,12.2601,-14.378,-0.340618,-5.93358,6.29214,36.3466,0.125,10.0611,0.284038
ppo,0,0,97,23.8714,12.5656,-14.7751,-0.340109,-5.92828,6.27255,37.0301,0.125,3.1066,0.284038
ppo,0,0,98,24.3693,12.8908,-15.164,-0.340938,-5.92203,6.25337,37.7257,0.125,8.30021,0.284038
ppo,0,0,99,24.8883,13.2088,-15.5512,-0.342028,-5.91527,6.23677,38.4319,0.125,1.07327,0.284038
ppo,0,0,100,25.4104,13.516,-15.9573,-0.344902,-5.90803,6.22141,39.1475,0.125,4.69216,0.284038
ppo,0,0,101,25.9187,13.8339,-16.3757,-0.34853,-5.90016,6.20716,39.8671,0.125,11.066,0.284038
ppo,0,0,102,26.4317,14.1723,-16.7892,-0.351061,-5.89472,6.19326,40.5979,0.125,5.10526,0.284038
ppo,0,0,103,26.9647,14.5113,-17.2012,-0.355062,-5.89187,6.18096,41.3447,0.125,6.15594,0.284038
ppo,0,0,104,27.506,14.8372,-17.6291,-0.359519,-5.89072,6.17103,42.102,0.125,7.3276,0.284038
ppo,0,0,105,28.0362,15.1709,-18.0733,-0.3656,-5.88784,6.16373,42.8668,0.125,10.4873,0.284038
ppo,0,0,106,28.5718,15.5228,-18.5112,-0.371248,-5.8822,6.1571,43.6394,0.125,4.85038,0.284038
ppo,0,0,107,29.1303,15.872,-18.9445,-0.378794,-5.87137,6.15166,44.4227,0.125,6.05942,0.284038
ppo,0,0,108,29.6892,16.2099,-19.3948,-0.385056,-5.86051,6.14673,45.2099,0.125,13.4842,0.284038
ppo,0,0,109,30.2369,16.563,-19.8584,-0.390029,-5.85262,6.14082,46.0046,0.125,4.1474,0.284038
ppo,0,0,110,30.7943,16.9349,-20.3154,-0.397098,-5.84536,6.13299,46.8119,0.125,9.1952,0.284038
ppo,0,0,111,31.373,17.2992,-20.7776,-0.403654,-5.83832,6.12402,47.6319,0.125,6.86281,0.284038
ppo,0,0,112,31.9456,17.6602,-21.262,-0.411944,-5.83003,6.11559,48.4596,0.125,10.0269,0.284038
ppo,0,0,113,32.5103,18.04,-21.751,-0.421739,-5.8246,6.10552,49.2953,0.125,10.8592,0.284038
ppo,0,0,114,33.0932,18.4273,-22.2293,-0.430336,-5.81625,6.09393,50.1376,0.125,22.1967,0.284038
ppo,0,0,115,33.6862,18.8028,-22.7232,-0.438011,-5.81157,6.08263,50.9912,0.125,9.3464,0.284038
ppo,0,0,116,34.2693,19.1852,-23.2342,-0.443957,-5.80383,6.07001,51.8478,0.125,3.97733,0.284038
ppo,0,0,117,34.86,19.589,-23.7394,-0.450918,-5.79418,6.05936,52.7175,0.125,12.4529,0.284038
ppo,0,0,118,35.4687,19.9837,-24.2469,-0.457812,-5.78481,6.05174,53.5979,0.125,4.16731,0.284038
ppo,0,0,119,36.0769,20.3769,-24.7763,-0.462669,-5.77548,6.04131,54.4868,0.125,5.32425,0.284038
ppo,0,0,120,36.6777,20.7871,-25.3089,-0.463972,-5.76609,6.03179,55.3789,0.125,4.4678,0.284038
ppo,0,0,121,37.2962,21.2034,-25.8334,-0.464669,-5.75749,6.02287,56.2814,0.125,18.2109,0.284038
ppo,0,0,122,37.9179,21.6018,-26.3724,-0.462738,-5.74854,6.01869,57.1865,0.125,13.8982,0.284038
ppo,0,0,123,38.5268,22.0143,-26.9235,-0.463712,-5.73726,6.01632,58.0985,0.125,15.6339,0.284038
ppo,0,0,124,39.1483,22.4425,-27.459,-0.469882,-5.72642,6.01575,59.0224,0.125,15.4621,0.284038
ppo,0,0,125,39.7843,22.8514,-28.0034,-0.477792,-5.71384,6.01542,59.9524,0.125,4.00684,0.284038
ppo,0,0,126,40.4046,23.2693,-28.5652,-0.486849,-5.69924,6.01378,60.885,0.125,10.5926,0.284038
ppo,0,0,127,41.0318,23.7077,-29.1215,-0.496047,-5.68376,6.01147,61.8284,0.125,21.1732,0.284038
ppo,0,0,128,41.6804,24.1338,-29.6819,-0.505877,-5.66811,6.00577,62.7809,0.125,13.7859,0.284038
ppo,0,0,129,42.3226,24.5583,-30.2618,-0.512258,-5.65072,6.00152,63.7373,0.125,5.74259,0.284038
ppo,0,0,130,42.9665,25.0047,-30.8354,-0.518514,-5.63483,5.99975,64.7036,0.125,6.43631,0.284038
ppo,0,0,131,43.6319,25.4404,-31.4088,-0.527246,-5.61835,6.00026,65.6819,0.125,22.129,0.284038
ppo,0,0,132,44.288,25.8693,-32.0027,-0.534845,-5.59958,5.99948,66.6599,0.125,25.1126,0.284038
ppo,0,0,133,44.9471,26.3189,-32.5907,-0.54209,-5.58267,5.99807,67.6467,0.125,5.07032,0.284038
ppo,0,0,134,45.6278,26.7557,-33.1748,-0.551699,-5.56599,6.00262,68.6448,0.125,8.30416,0.284038
ppo,0,0,135,46.3014,27.1882,-33.7778,-0.560138,-5.55279,6.00449,69.6463,0.125,25.3395,0.284038
ppo,0,0,136,46.9742,27.6425,-34.3767,-0.571794,-5.53858,6.00491,70.6561,0.125,21.8093,0.284038
ppo,0,0,137,47.6669,28.086,-34.9717,-0.583102,-5.52496,6.00593,71.6724,0.125,33.9224,0.284038
ppo,0,0,138,48.3483,28.5292,-35.5875,-0.593342,-5.51001,6.00994,72.6932,0.125,9.78556,0.284038
ppo,0,0,139,49.0318,28.9949,-36.1954,-0.605591,-5.49635,6.01367,73.7233,0.125,25.1677,0.284038
ppo,0,0,140,49.7337,29.4463,-36.8081,-0.615853,-5.48247,6.01832,74.7609,0.125,29.5849,0.284038
ppo,0,0,141,50.4205,29.9014,-37.4385,-0.623893,-5.46799,6.02482,75.7996,0.125,8.87046,0.284038
ppo,0,0,142,51.1159,30.3749,-38.0578,-0.633221,-5.45451,6.03014,76.847,0.125,35.7575,0.284038
ppo,0,0,143,51.825,30.8369,-38.6875,-0.640056,-5.44214,6.03524,77.903,0.125,17.8707,0.284038
ppo,0,0,144,52.5243,31.3106,-39.3267,-0.648537,-5.43137,6.03922,78.9644,0.125,21.4343,0.284038
ppo,0,0,145,53.237,31.7952,-39.9489,-0.655669,-5.42246,6.04146,80.0292,0.125,12.2171,0.284038
ppo,0,0,146,53.9573,32.2681,-40.5866,-0.663546,-5.41259,6.04489,81.1034,0.125,15.6004,0.284038
ppo,0,0,147,54.6659,32.7636,-41.2303,-0.665976,-5.40347,6.04922,82.1809,0.125,42.9119,0.284038
ppo,0,0,148,55.3927,33.2595,-41.8703,-0.669238,-5.39583,6.05422,83.2703,0.125,22.6373,0.284038
ppo,0,0,149,56.1146,33.7538,-42.5297,-0.672871,-5.38903,6.06214,84.3691,0.125,33.3214,0.284038
ppo,0,0,150,56.8367,34.2682,-43.1801,-0.67791,-5.38513,6.07134,85.4753,0.125,4.04834,0.284038
ppo,0,0,151,57.5758,34.7691,-43.8324,-0.683524,-5.38337,6.08,86.5888,0.125,47.7444,0.284038
ppo,0,0,152,58.2963,35.2758,-44.5033,-0.688551,-5.37523,6.08619,87.6985,0.125,66.063,0.284038
ppo,0,0,153,59.0318,35.7881,-45.1631,-0.695445,-5.36566,6.09004,88.8136,0.125,55.8629,0.284038
ppo,0,0,154,59.7689,36.2864,-45.839,-0.700564,-5.35544,6.09169,89.93,0.125,42.0725,0.284038
ppo,0,0,155,60.4982,36.8062,-46.5101,-0.707921,-5.34827,6.09481,91.052,0.125,14.5019,0.284038
ppo,0,0,156,61.247,37.3149,-47.1755,-0.71393,-5.33982,6.09559,92.1759,0.125,27.7387,0.284038
ppo,0,0,157,61.9828,37.8241,-47.8586,-0.721055,-5.33088,6.09725,93.3025,0.125,35.3909,0.284038
ppo,0,0,158,62.7266,38.3491,-48.5285,-0.725852,-5.3229,6.09575,94.4313,0.125,57.0701,0.284038
ppo,0,0,159,63.4731,38.8601,-49.2148,-0.729882,-5.31926,6.0928,95.5655,0.125,22.9276,0.284038
ppo,0,0,160,64.2076,39.3925,-49.8981,-0.729301,-5.31641,6.0879,96.696,0.125,3.2563,0.284038
ppo,0,0,161,64.9648,39.9177,-50.5678,-0.730104,-5.3155,6.08405,97.8329,0.125,59.649,0.284038
ppo,0,0,162,65.7126,40.4465,-51.2556,-0.733024,-5.31332,6.08035,98.9767,0.125,11.9391,0.284038
ppo,0,0,163,66.4741,40.9906,-51.931,-0.738104,-5.3088,6.07648,100.13,0.125,43.6528,0.284038
ppo,0,0,164,67.2397,41.5205,-52.6218,-0.743707,-5.30583,6.07181,101.289,0.125,24.8714,0.284038
ppo,0,0,165,67.9977,42.0755,-53.304,-0.747097,-5.2997,6.07159,102.449,0.125,53.1289,0.284038
ppo,0,0,166,68.7767,42.6124,-53.9853,-0.748392,-5.29318,6.07141,103.612,0.125,36.3706,0.284038
ppo,0,0,167,69.5345,43.1576,-54.6786,-0.749178,-5.28897,6.07224,104.774,0.125,93.0755,0.284038
ppo,0,0,168,70.3098,43.7009,-55.3611,-0.749365,-5.28813,6.07204,105.94,0.125,54.8312,0.284038
ppo,0,0,169,71.0808,44.2356,-56.064,-0.750724,-5.28911,6.06764,107.111,0.125,56.7173,0.284038
ppo,0,0,170,71.8598,44.7904,-56.755,-0.751664,-5.28628,6.06381,108.288,0.125,48.4143,0.284038
ppo,0,0,171,72.6419,45.3273,-57.4615,-0.754419,-5.2803,6.0623,109.469,0.125,24.8902,0.284038
ppo,0,0,172,73.4146,45.8882,-58.1681,-0.756019,-5.2751,6.06113,110.654,0.125,7.94181,0.284038
ppo,0,0,173,74.21,46.4338,-58.8727,-0.760485,-5.27088,6.05721,111.847,0.125,57.5104,0.284038
ppo,0,0,174,74.988,46.9898,-59.59,-0.765488,-5.26652,6.05065,113.04,0.125,28.8256,0.284038
ppo,0,0,175,75.7834,47.5454,-60.2917,-0.76883,-5.26195,6.04526,114.234,0.125,24.8966,0.284038
ppo,0,0,176,76.5645,48.1007,-61.01,-0.772756,-5.25738,6.0426,115.43,0.125,50.4448,0.284038
ppo,0,0,177,77.3582,48.6677,-61.7119,-0.778735,-5.25316,6.03655,116.631,0.125,31.123,0.284038
ppo,0,0,178,78.149,49.2197,-62.4312,-0.78362,-5.25038,6.0296,117.831,0.125,73.618,0.284038
ppo,0,0,179,78.9418,49.7941,-63.1389,-0.789254,-5.24953,6.02029,119.037,0.125,133.485,0.284038
ppo,0,0,180,79.7357,50.3556,-63.8591,-0.793939,-5.24755,6.01317,120.245,0.125,59.7878,0.284038
ppo,0,0,181,80.5176,50.9395,-64.5755,-0.800536,-5.24296,6.00549,121.453,0.125,28.6765,0.284038
ppo,0,0,182,81.3148,51.5002,-65.2945,-0.806805,-5.2368,5.99594,122.66,0.125,51.2072,0.284038
ppo,0,0,183,82.0986,52.0821,-66.0116,-0.814826,-5.22892,5.98551,123.866,0.125,73.8951,0.284038
ppo,0,0,184,82.9032,52.6467,-66.7254,-0.822443,-5.2176,5.97437,125.074,0.125,7.78071,0.284038
ppo,0,0,185,83.6898,53.2251,-67.4524,-0.826704,-5.20403,5.96469,126.282,0.125,74.7506,0.284038
ppo,0,0,186,84.4984,53.7949,-68.1667,-0.829981,-5.19453,5.95613,127.495,0.125,60.2572,0.284038
ppo,0,0,187,85.2897,54.3681,-68.899,-0.830675,-5.18409,5.94855,128.706,0.125,56.9779,0.284038
ppo,0,0,188,86.1003,54.9389,-69.6167,-0.831421,-5.17206,5.93964,129.92,0.125,25.3623,0.284038
ppo,0,0,189,86.8901,55.5125,-70.3491,-0.83443,-5.15951,5.93016,131.131,0.125,51.3683,0.284038
ppo,0,0,190,87.6964,56.0933,-71.0661,-0.8385,-5.14892,5.92006,132.348,0.125,98.1861,0.284038
ppo,0,0,191,88.4927,56.667,-71.8041,-0.84046,-5.13697,5.90846,133.564,0.125,73.2275,0.284038
ppo,0,0,192,89.3032,57.2521,-72.5245,-0.84322,-5.12532,5.89791,134.786,0.125,35.607,0.284038
ppo,0,0,193,90.0987,57.8299,-73.2637,-0.846566,-5.11358,5.89006,136.008,0.125,62.1967,0.284038
ppo,0,0,194,90.9074,58.4126,-73.983,-0.848737,-5.10294,5.88137,137.229,0.125,19.2048,0.284038
ppo,0,0,195,91.7023,58.9859,-74.7228,-0.851281,-5.09221,5.87039,138.446,0.125,80.5955,0.284038
ppo,0,0,196,92.5072,59.5698,-75.4452,-0.853891,-5.07811,5.86262,139.666,0.125,59.0127,0.284038
ppo,0,0,197,93.2978,60.1504,-76.1858,-0.854277,-5.0671,5.85354,140.884,0.125,81.9888,0.284038
ppo,0,0,198,94.1018,60.738,-76.9111,-0.855766,-5.05499,5.84681,142.107,0.125,98.7475,0.284038
ppo,0,0,199,94.8944,61.3239,-77.6539,-0.857487,-5.04544,5.84082,143.334,0.125,81.0684,0.284038
ppo,0,0,200,95.7021,61.9162,-78.3713,-0.860145,-5.03423,5.83556,144.559,0.125,79.0239,0.284038
ppo,0,0,201,96.4907,62.5049,-79.1068,-0.863062,-5.02523,5.82837,145.781,0.125,88.2396,0.284038
ppo,0,0,202,97.2974,63.1052,-79.8265,-0.870827,-5.01603,5.81981,147.013,0.125,112.359,0.284038
ppo,0,0,203,98.085,63.7041,-80.5661,-0.878886,-5.00729,5.81301,148.245,0.125,38.6978,0.284038
ppo,0,0,204,98.892,64.3071,-81.2858,-0.887133,-4.99838,5.80491,149.479,0.125,107.394,0.284038
ppo,0,0,205,99.6799,64.916,-82.0189,-0.895545,-4.99025,5.79535,150.71,0.125,60.752,0.284038
ppo,0,0,206,100.487,65.5201,-82.7357,-0.905611,-4.98315,5.78386,151.943,0.125,34.4045,0.284038
ppo,0,0,207,101.274,66.1327,-83.4627,-0.913473,-4.97454,5.77157,153.171,0.125,57.0618,0.284038
ppo,0,0,208,102.082,66.7348,-84.1798,-0.922192,-4.96713,5.76105,154.404,0.125,60.5938,0.284038
ppo,0,0,209,102.874,67.3576,-84.8994,-0.931193,-4.95946,5.74846,155.635,0.125,21.7266,0.284038
ppo,0,0,210,103.686,67.9604,-85.6186,-0.940299,-4.95131,5.73557,156.87,0.125,94.3019,0.284038
ppo,0,0,211,104.486,68.5836,-86.3326,-0.950622,-4.94249,5.722,158.105,0.125,25.4786,0.284038
ppo,0,0,212,105.3,69.1831,-87.0571,-0.960801,-4.93237,5.70514,159.34,0.125,44.1921,0.284038
ppo,0,0,213,106.113,69.8049,-87.77,-0.973309,-4.92204,5.6886,160.58,0.125,124.137,0.284038
ppo,0,0,214,106.926,70.4105,-88.4994,-0.985051,-4.91292,5.67436,161.824,0.125,48.4148,0.284038
ppo,0,0,215,107.747,71.031,-89.2074,-0.999266,-4.90162,5.66014,163.068,0.125,114.209,0.284038
ppo,0,0,216,108.558,71.6436,-89.9367,-1.01287,-4.89485,5.64625,164.317,0.125,148.756,0.284038
ppo,0,0,217,109.384,72.2765,-90.6577,-1.02894,-4.88646,5.63291,165.581,0.125,88.1564,0.284038
ppo,0,0,218,110.195,72.9144,-91.3962,-1.04684,-4.87884,5.61952,166.849,0.125,158.405,0.284038
ppo,0,0,219,111.023,73.5442,-92.1292,-1.06366,-4.87354,5.60886,168.123,0.125,9.1157,0.284038
ppo,0,0,220,111.834,74.1934,-92.8596,-1.07989,-4.86594,5.59721,169.392,0.125,37.1899,0.284038
ppo,0,0,221,112.655,74.8193,-93.6012,-1.09335,-4.85855,5.58391,170.661,0.125,112.409,0.284038
ppo,0,0,222,113.482,75.4629,-94.3281,-1.10534,-4.85119,5.57191,171.932,0.125,153.95,0.284038
ppo,0,0,223,114.299,76.0976,-95.0756,-1.11418,-4.84807,5.55679,173.203,0.125,157.293,0.284038
ppo,0,0,224,115.13,76.7518,-95.8058,-1.12488,-4.84734,5.54356,174.486,0.125,61.0563,0.284038
ppo,0,0,225,115.94,77.4051,-96.5541,-1.13739,-4.84606,5.52928,175.765,0.125,51.8225,0.284038
ppo,0,0,226,116.769,78.0424,-97.2893,-1.15205,-4.84682,5.51629,177.045,0.125,108.091,0.284038
ppo,0,0,227,117.589,78.6982,-98.0201,-1.1644,-4.84458,5.5056,178.323,0.125,70.775,0.284038
ppo,0,0,228,118.411,79.3341,-98.7643,-1.18065,-4.84164,5.49235,179.603,0.125,110.777,0.284038
ppo,0,0,229,119.237,79.9888,-99.492,-1.19244,-4.84027,5.47724,180.881,0.125,135.722,0.284038
ppo,0,0,230,120.064,80.6282,-100.243,-1.20383,-4.8385,5.46213,182.165,0.125,70.3112,0.284038
ppo,0,0,231,120.913,81.2605,-100.982,-1.21726,-4.83528,5.44602,183.453,0.125,149.33,0.284038
ppo,0,0,232,121.746,81.9119,-101.723,-1.22888,-4.82972,5.43055,184.74,0.125,150.825,0.284038
ppo,0,0,233,122.592,82.5445,-102.473,-1.24411,-4.82663,5.40989,186.032,0.125,73.0521,0.284038
ppo,0,0,234,123.444,83.1921,-103.201,-1.25879,-4.82367,5.39406,187.324,0.125,240.474,0.284038
ppo,0,0,235,124.301,83.8325,-103.952,-1.27349,-4.82154,5.3764,188.63,0.125,91.0293,0.284038
ppo,0,0,236,125.174,84.4648,-104.69,-1.29144,-4.82213,5.36131,189.939,0.125,180.92,0.284038
ppo,0,0,237,126.04,85.1114,-105.448,-1.30817,-4.8232,5.34535,191.261,0.125,157.126,0.284038
ppo,0,0,238,126.912,85.7396,-106.218,-1.32518,-4.82538,5.32735,192.585,0.125,171.816,0.284038
ppo,0,0,239,127.793,86.3811,-106.973,-1.3404,-4.82618,5.3083,193.91,0.125,82.7998,0.284038
ppo,0,0,240,128.656,87.0202,-107.747,-1.3547,-4.82722,5.29073,195.233,0.125,188.019,0.284038
ppo,0,0,241,129.535,87.6472,-108.515,-1.3698,-4.83081,5.27062,196.559,0.125,140.736,0.284038
ppo,0,0,242,130.409,88.2967,-109.272,-1.38624,-4.83596,5.24691,197.885,0.125,130.558,0.284038
ppo,0,0,243,131.292,88.9289,-110.05,-1.40261,-4.8414,5.22174,199.219,0.125,86.4207,0.284038
ppo,0,0,244,132.192,89.5585,-110.81,-1.41563,-4.85224,5.19401,200.553,0.125,97.3788,0.284038
ppo,0,0,245,133.072,90.2036,-111.574,-1.43008,-4.86399,5.16313,201.882,0.125,85.451,0.284038
ppo,0,0,246,133.956,90.8304,-112.348,-1.44446,-4.88135,5.12977,203.212,0.125,185.208,0.284038
ppo,0,0,247,134.848,91.4753,-113.111,-1.45332,-4.89867,5.09984,204.547,0.125,128.772,0.284038
ppo,0,0,248,135.722,92.1275,-113.89,-1.46023,-4.9153,5.0725,205.884,0.125,209.974,0.284038
ppo,0,0,249,136.602,92.7603,-114.677,-1.46721,-4.92888,5.04476,207.219,0.125,159.743,0.284038
ppo,0,0,250,137.489,93.4111,-115.447,-1.47372,-4.939,5.01525,208.554,0.125,111.645,0.284038
ppo,0,0,251,138.36,94.0569,-116.241,-1.47982,-4.94898,4.98499,209.888,0.125,87.0685,0.284038
ppo,0,0,252,139.25,94.6829,-117.029,-1.48299,-4.95953,4.95631,211.222,0.125,104.993,0.284038
ppo,0,0,253,140.135,95.3306,-117.815,-1.4858,-4.97048,4.92722,212.562,0.125,190.093,0.284038
ppo,0,0,254,141.006,95.9694,-118.619,-1.49093,-4.98299,4.89892,213.901,0.125,276.424,0.284038
ppo,0,0,255,141.906,96.6185,-119.417,-1.49674,-4.99205,4.87261,215.26,0.125,297.766,0.284038
ppo,0,0,256,142.8,97.293,-120.22,-1.50213,-4.99942,4.84465,216.629,0.125,105.17,0.284038
ppo,0,0,257,143.68,97.9589,-121.044,-1.50837,-5.00424,4.81675,217.996,0.125,82.4689,0.284038
ppo,0,0,258,144.585,98.6135,-121.86,-1.5143,-5.00711,4.78852,219.367,0.125,118.506,0.284038
ppo,0,0,259,145.489,99.2861,-122.668,-1.5189,-5.01064,4.76246,220.743,0.125,271.932,0.284038
ppo,0,0,260,146.396,99.9435,-123.499,-1.52761,-5.01551,4.73975,222.133,0.125,112.321,0.284038
ppo,0,0,261,147.326,100.586,-124.327,-1.53568,-5.02105,4.71865,223.529,0.125,110.259,0.284038
ppo,0,0,262,148.255,101.247,-125.139,-1.54229,-5.02635,4.70186,224.926,0.125,80.3241,0.284038
ppo,0,0,263,149.165,101.901,-125.971,-1.55012,-5.02799,4.68676,226.32,0.125,159.331,0.284038
ppo,0,0,264,150.098,102.543,-126.796,-1.5602,-5.02913,4.6708,227.718,0.125,223.12,0.284038
ppo,0,0,265,151.034,103.204,-127.607,-1.57467,-5.0291,4.65482,229.122,0.125,126.704,0.284038
ppo,0,0,266,151.951,103.875,-128.432,-1.58965,-5.02981,4.63857,230.527,0.125,202.147,0.284038
ppo,0,0,267,152.877,104.522,-129.266,-1.6054,-5.03269,4.62312,231.934,0.125,199.346,0.284038
ppo,0,0,268,153.813,105.18,-130.081,-1.62038,-5.03524,4.60888,233.341,0.125,234.06,0.284038
ppo,0,0,269,154.736,105.856,-130.892,-1.63745,-5.0367,4.59569,234.748,0.125,106.87,0.284038
ppo,0,0,270,155.657,106.512,-131.716,-1.65655,-5.03504,4.58212,236.151,0.125,67.7599,0.284038
ppo,0,0,271,156.595,107.163,-132.526,-1.67599,-5.03524,4.56942,237.556,0.125,108.066,0.284038
ppo,0,0,272,157.521,107.836,-133.329,-1.69411,-5.03769,4.55616,238.96,0.125,15.3889,0.284038
ppo,0,0,273,158.428,108.497,-134.152,-1.70999,-5.04024,4.54334,240.357,0.125,255.962,0.284038
ppo,0,0,274,159.363,109.166,-134.967,-1.7268,-5.0435,4.53102,241.771,0.125,140.753,0.284038
ppo,0,0,275,160.301,109.856,-135.765,-1.74615,-5.04312,4.52092,243.19,0.125,250.748,0.284038
ppo,0,0,276,161.218,110.563,-136.568,-1.76603,-5.04138,4.5123,244.605,0.125,154.255,0.284038
ppo,0,0,277,162.134,111.253,-137.386,-1.78528,-5.0421,4.50151,246.021,0.125,147.649,0.284038
ppo,0,0,278,163.069,111.935,-138.193,-1.80672,-5.04259,4.49131,247.44,0.125,386.541,0.284038
ppo,0,0,279,163.994,112.639,-138.996,-1.82679,-5.04206,4.47767,248.858,0.125,191.604,0.284038
ppo,0,0,280,164.901,113.342,-139.811,-1.84605,-5.04062,4.465,250.269,0.125,86.9798,0.284038
ppo,0,0,281,165.82,114.022,-140.63,-1.86429,-5.04217,4.45469,251.682,0.125,248.15,0.284038
ppo,0,0,282,166.747,114.729,-141.445,-1.88115,-5.04348,4.44129,253.108,0.125,335.799,0.284038
ppo,0,0,283,167.66,115.454,-142.268,-1.90007,-5.04139,4.42758,254.537,0.125,282.658,0.284038
ppo,0,0,284,168.579,116.161,-143.115,-1.92227,-5.03993,4.41516,255.98,0.125,64.3641,0.284038
ppo,0,0,285,169.516,116.849,-143.959,-1.94429,-5.03918,4.4028,257.423,0.125,194.282,0.284038
ppo,0,0,286,170.463,117.547,-144.784,-1.96636,-5.0383,4.39148,258.867,0.125,270.179,0.284038
ppo,0,0,287,171.402,118.253,-145.634,-1.99067,-5.03729,4.37986,260.326,0.125,192.937,0.284038
ppo,0,0,288,172.329,118.943,-146.505,-2.01656,-5.0381,4.36755,261.783,0.125,218.63,0.284038
ppo,0,0,289,173.285,119.636,-147.363,-2.04041,-5.04387,4.35472,263.253,0.125,271.979,0.284038
ppo,0,0,290,174.257,120.334,-148.204,-2.06648,-5.053,4.34196,264.73,0.125,244.544,0.284038
ppo,0,0,291,175.211,121.048,-149.039,-2.08892,-5.06428,4.32962,266.198,0.125,202.672,0.284038
ppo,0,0,292,176.176,121.743,-149.898,-2.11095,-5.07817,4.3186,267.68,0.125,194.138,0.284038
ppo,0,0,293,177.163,122.42,-150.756,-2.13121,-5.0945,4.30535,269.166,0.125,100.741,0.284038
ppo,0,0,294,178.164,123.102,-151.594,-2.15259,-5.11136,4.28955,270.652,0.125,365.474,0.284038
ppo,0,0,295,179.149,123.805,-152.428,-2.1746,-5.12832,4.27333,272.135,0.125,287.632,0.284038
ppo,0,0,296,180.113,124.507,-153.278,-2.19598,-5.14499,4.2576,273.612,0.125,380.783,0.284038
ppo,0,0,297,181.104,125.2,-154.132,-2.21849,-5.1586,4.24146,275.104,0.125,255.092,0.284038
ppo,0,0,298,182.117,125.893,-154.97,-2.23967,-5.1705,4.22587,276.602,0.125,170.756,0.284038
ppo,0,0,299,183.122,126.614,-155.805,-2.26002,-5.18163,4.20898,278.103,0.125,129.107,0.284038
ppo,0,1,0,0,0,0,6.24987,-7.01835,-4.08579,10.2475,0.125,0.261855,0.342961
ppo,0,1,1,0.018701,0.00911806,-0.0191564,6.21673,-7.06062,-4.07021,10.2376,0.125,1.15705,0.342961
ppo,0,1,2,0.0542504,0.0268438,-0.0544071,6.18328,-7.10538,-4.05154,10.2182,0.125,0.950228,0.342961
ppo,0,1,3,0.105431,0.0453859,-0.109737,6.15326,-7.14762,-4.03031,10.1827,0.125,0.733642,0.342961
ppo,0,1,4,0.17133,0.0724358,-0.182647,6.12759,-7.18827,-4.008,10.1404,0.125,0.844203,0.342961
ppo,0,1,5,0.251856,0.106121,-0.274019,6.10366,-7.22773,-3.98328,10.089,0.125,1.22357,0.342961
ppo,0,1,6,0.345589,0.143428,-0.380399,6.08134,-7.26745,-3.95701,10.0306,0.125,0.583347,0.342961
ppo,0,1,7,0.453153,0.189029,-0.506128,6.05991,-7.30774,-3.92783,9.96722,0.125,0.619619,0.342961
ppo,0,1,8,0.574944,0.24209,-0.649607,6.03889,-7.34321,-3.89662,9.89619,0.125,0.751167,0.342961
ppo,0,1,9,0.7094,0.300829,-0.810188,6.01851,-7.37698,-3.86693,9.82238,0.125,0.490722,0.342961
ppo,0,1,10,0.853601,0.366317,-0.98685,5.99774,-7.41129,-3.83189,9.74924,0.125,0.819038,0.342961
ppo,0,1,11,1.00426,0.438343,-1.18432,5.97587,-7.44607,-3.79624,9.68003,0.125,1.19019,0.342961
ppo,0,1,12,1.1628,0.523092,-1.39885,5.95777,-7.48034,-3.75903,9.62378,0.125,1.24426,0.342961
ppo,0,1,13,1.32939,0.619179,-1.62914,5.94104,-7.51626,-3.72376,9.58333,0.125,0.906338,0.342961
ppo,0,1,14,1.50331,0.727821,-1.86362,5.92666,-7.54906,-3.69079,9.56093,0.125,0.470809,0.342961
ppo,0,1,15,1.68681,0.847553,-2.09911,5.91177,-7.57716,-3.65736,9.55271,0.125,1.04452,0.342961
ppo,0,1,16,1.88353,0.978783,-2.33397,5.89686,-7.60505,-3.62418,9.56314,0.125,0.350006,0.342961
ppo,0,1,17,2.10042,1.11753,-2.56717,5.88012,-7.63476,-3.59118,9.58839,0.125,1.31197,0.342961
ppo,0,1,18,2.33635,1.25799,-2.79825,5.86182,-7.66073,-3.5562,9.62014,0.125,1.11845,0.342961
ppo,0,1,19,2.58436,1.38965,-3.0304,5.84204,-7.68826,-3.51875,9.65709,0.125,0.225535,0.342961
ppo,0,1,20,2.8435,1.50905,-3.2723,5.82056,-7.71395,-3.48617,9.69393,0.125,1.02231,0.342961
ppo,0,1,21,3.11065,1.61258,-3.52193,5.79964,-7.73712,-3.45234,9.72895,0.125,0.448092,0.342961
ppo,0,1,22,3.37802,1.69926,-3.78793,5.77633,-7.75942,-3.41893,9.76497,0.125,1.00248,0.342961
ppo,0,1,23,3.6387,1.77053,-4.07034,5.75324,-7.78055,-3.38266,9.80649,0.125,0.995876,0.342961
ppo,0,1,24,3.89022,1.83543,-4.37024,5.73278,-7.79952,-3.34473,9.86301,0.125,0.977334,0.342961
ppo,0,1,25,4.12537,1.90172,-4.68459,5.71393,-7.81434,-3.30722,9.94095,0.125,1.30255,0.342961
ppo,0,1,26,4.33831,1.97644,-5.00881,5.69276,-7.83108,-3.2688,10.0523,0.125,1.07614,0.342961
ppo,0,1,27,4.53318,2.06402,-5.3353,5.67092,-7.84661,-3.22867,10.1957,0.125,0.975856,0.342961
ppo,0,1,28,4.71256,2.17139,-5.65176,5.65006,-7.86405,-3.18594,10.3764,0.125,0.365426,0.342961
ppo,0,1,29,4.87938,2.29856,-5.95196,5.63048,-7.8799,-3.14456,10.5852,0.125,1.10652,0.342961
ppo,0,1,30,5.05165,2.44258,-6.23132,5.61033,-7.8976,-3.10464,10.817,0.125,0.799901,0.342961
ppo,0,1,31,5.23365,2.59464,-6.4903,5.589,-7.91914,-3.06276,11.0641,0.125,0.406767,0.342961
ppo,0,1,32,5.43059,2.73903,-6.7341,5.57204,-7.94099,-3.02121,11.3079,0.125,1.39732,0.342961
ppo,0,1,33,5.64258,2.86993,-6.96926,5.55475,-7.96174,-2.97962,11.5434,0.125,1.55373,0.342961
ppo,0,1,34,5.86722,2.98724,-7.20947,5.53748,-7.98174,-2.93375,11.7775,0.125,0.422161,0.342961
ppo,0,1,35,6.09879,3.08872,-7.45796,5.51946,-7.99987,-2.88827,12.0073,0.125,1.59136,0.342961
ppo,0,1,36,6.33096,3.18556,-7.72031,5.50224,-8.01757,-2.84692,12.2453,0.125,0.667125,0.342961
ppo,0,1,37,6.56125,3.27836,-7.99576,5.48463,-8.03625,-2.80336,12.4956,0.125,0.796372,0.342961
ppo,0,1,38,6.78471,3.37689,-8.28596,5.46512,-8.05432,-2.76123,12.7647,0.125,2.36351,0.342961
ppo,0,1,39,7.00278,3.48836,-8.58463,5.44686,-8.07359,-2.71971,13.0574,0.125,1.03362,0.342961
ppo,0,1,40,7.21631,3.61982,-8.88992,5.4277,-8.09045,-2.67777,13.3761,0.125,1.51931,0.342961
ppo,0,1,41,7.42765,3.76713,-9.19224,5.40847,-8.10615,-2.63496,13.7131,0.125,1.76505,0.342961
ppo,0,1,42,7.64555,3.93122,-9.48881,5.38918,-8.11937,-2.59414,14.0657,0.125,0.834967,0.342961
ppo,0,1,43,7.87731,4.10907,-9.77708,5.37073,-8.1307,-2.55474,14.4311,0.125,0.955482,0.342961
ppo,0,1,44,8.1251,4.28846,-10.0574,5.35436,-8.13997,-2.51359,14.8004,0.125,1.89574,0.342961
ppo,0,1,45,8.39164,4.46402,-10.3362,5.34181,-8.14298,-2.46837,15.1704,0.125,0.517815,0.342961
ppo,0,1,46,8.67093,4.62834,-10.624,5.33341,-8.1464,-2.42267,15.5433,0.125,1.55305,0.342961
ppo,0,1,47,8.94993,4.77893,-10.927,5.32756,-8.14844,-2.37527,15.9176,0.125,0.763243,0.342961
ppo,0,1,48,9.2187,4.92502,-11.2501,5.32027,-8.15017,-2.32913,16.3016,0.125,2.26225,0.342961
ppo,0,1,49,9.47013,5.08444,-11.5817,5.31006,-8.15045,-2.28561,16.6999,0.125,1.40802,0.342961
ppo,0,1,50,9.70977,5.26851,-11.9064,5.30372,-8.15124,-2.24439,17.1131,0.125,0.920862,0.342961
ppo,0,1,51,9.95093,5.46679,-12.2133,5.29671,-8.15169,-2.20383,17.5304,0.125,1.70503,0.342961
ppo,0,1,52,10.2099,5.6727,-12.5028,5.28932,-8.14917,-2.16252,17.9493,0.125,2.10784,0.342961
ppo,0,1,53,10.4897,5.87112,-12.7818,5.28232,-8.14458,-2.12561,18.3606,0.125,1.40725,0.342961
ppo,0,1,54,10.7853,6.05596,-13.0623,5.27655,-8.14195,-2.09306,18.7683,0.125,2.59493,0.342961
ppo,0,1,55,11.0836,6.22904,-13.3629,5.27254,-8.14093,-2.05836,19.1848,0.125,3.11636,0.342961
ppo,0,1,56,11.3753,6.40186,-13.6822,5.26968,-8.14129,-2.02382,19.6137,0.125,3.29943,0.342961
ppo,0,1,57,11.6537,6.59129,-14.0156,5.26991,-8.14474,-1.9934,20.0608,0.125,1.12225,0.342961
ppo,0,1,58,11.9261,6.79729,-14.35,5.27201,-8.14578,-1.96528,20.5172,0.125,2.41024,0.342961
ppo,0,1,59,12.2056,7.02217,-14.6756,5.27377,-8.14849,-1.93766,20.987,0.125,1.295,0.342961
ppo,0,1,60,12.5036,7.2545,-14.9916,5.27848,-8.15325,-1.91176,21.4635,0.125,0.674705,0.342961
ppo,0,1,61,12.8242,7.47876,-15.3095,5.28286,-8.15643,-1.88762,21.9426,0.125,2.69621,0.342961
ppo,0,1,62,13.153,7.68353,-15.6409,5.28992,-8.15657,-1.86086,22.4193,0.125,3.92679,0.342961
ppo,0,1,63,13.4737,7.88512,-15.9913,5.29439,-8.15488,-1.83454,22.9041,0.125,3.18356,0.342961
ppo,0,1,64,13.7755,8.09656,-16.3545,5.30034,-8.14957,-1.81039,23.3944,0.125,3.14069,0.342961
ppo,0,1,65,14.0739,8.32898,-16.7092,5.30871,-8.14355,-1.79041,23.8902,0.125,4.14891,0.342961
ppo,0,1,66,14.3819,8.57023,-17.0441,5.31384,-8.14108,-1.76805,24.3897,0.125,3.32136,0.342961
ppo,0,1,67,14.7104,8.80162,-17.3739,5.32247,-8.13741,-1.74478,24.8864,0.125,5.34947,0.342961
ppo,0,1,68,15.0543,9.02339,-17.7144,5.33053,-8.13172,-1.72355,25.3881,0.125,2.83799,0.342961
ppo,0,1,69,15.3985,9.24358,-18.0762,5.33713,-8.12493,-1.70069,25.9047,0.125,5.25345,0.342961
ppo,0,1,70,15.7329,9.47575,-18.4528,5.34767,-8.11614,-1.67921,26.4326,0.125,4.08912,0.342961
ppo,0,1,71,16.0667,9.72866,-18.8299,5.36048,-8.10901,-1.6598,26.9744,0.125,1.48229,0.342961
ppo,0,1,72,16.4122,9.99329,-19.1982,5.37189,-8.10626,-1.63735,27.5294,0.125,3.25876,0.342961
ppo,0,1,73,16.7798,10.2562,-19.5626,5.38542,-8.10098,-1.61605,28.0873,0.125,2.73435,0.342961
ppo,0,1,74,17.1568,10.5067,-19.9364,5.39969,-8.09503,-1.59582,28.6466,0.125,2.54587,0.342961
ppo,0,1,75,17.5269,10.7559,-20.3324,5.41593,-8.09192,-1.57899,29.2166,0.125,2.41138,0.342961
ppo,0,1,76,17.8847,11.0253,-20.7354,5.42699,-8.09185,-1.55993,29.8053,0.125,2.31868,0.342961
ppo,0,1,77,18.2449,11.3145,-21.1261,5.4367,-8.09483,-1.54389,30.4013,0.125,6.42877,0.342961
ppo,0,1,78,18.6251,11.605,-21.5084,5.44788,-8.09613,-1.52802,30.9998,0.125,6.18755,0.342961
ppo,0,1,79,19.0199,11.8866,-21.8994,5.46223,-8.09756,-1.51336,31.6033,0.125,5.25008,0.342961
ppo,0,1,80,19.4114,12.1642,-22.3089,5.47727,-8.09894,-1.49651,32.2166,0.125,3.33838,0.342961
ppo,0,1,81,19.796,12.4565,-22.7305,5.49052,-8.09982,-1.48019,32.8449,0.125,5.84326,0.342961
ppo,0,1,82,20.1855,12.7683,-23.1493,5.50206,-8.10091,-1.46531,33.4861,0.125,8.81106,0.342961
ppo,0,1,83,20.593,13.0807,-23.5599,5.51365,-8.10489,-1.45427,34.1302,0.125,5.36384,0.342961
ppo,0,1,84,21.0157,13.3868,-23.9824,5.52449,-8.10998,-1.44236,34.7871,0.125,4.30446,0.342961
ppo,0,1,85,21.4363,13.6879,-24.4281,5.53386,-8.11695,-1.43156,35.4567,0.125,6.99068,0.342961
ppo,0,1,86,21.8462,14.0064,-24.8803,5.54137,-8.12281,-1.41977,36.1379,0.125,10.0208,0.342961
ppo,0,1,87,22.2634,14.3419,-25.3243,5.54901,-8.12787,-1.40632,36.8284,0.125,2.09275,0.342961
ppo,0,1,88,22.7032,14.6726,-25.7608,5.56032,-8.13578,-1.38921,37.5244,0.125,9.17776,0.342961
ppo,0,1,89,23.1538,14.9947,-26.2077,5.57137,-8.14341,-1.37484,38.2255,0.125,7.23884,0.342961
ppo,0,1,90,23.5968,15.3223,-26.6759,5.58476,-8.1481,-1.35884,38.9391,0.125,4.45216,0.342961
ppo,0,1,91,24.0341,15.6691,-27.1433,5.5998,-8.15306,-1.34407,39.66,0.125,9.17693,0.342961
ppo,0,1,92,24.4857,16.0273,-27.6026,5.61641,-8.15734,-1.33052,40.3877,0.125,6.1173,0.342961
ppo,0,1,93,24.9553,16.3764,-28.0707,5.62957,-8.16461,-1.31928,41.1264,0.125,8.45048,0.342961
ppo,0,1,94,25.4232,16.7189,-28.5578,5.6447,-8.17204,-1.31238,41.8695,0.125,1.40187,0.342961
ppo,0,1,95,25.8836,17.0817,-29.0508,5.65721,-8.1811,-1.30617,42.6273,0.125,6.48923,0.342961
ppo,0,1,96,26.3529,17.4575,-29.5327,5.6669,-8.18856,-1.29988,43.3904,0.125,10.5993,0.342961
ppo,0,1,97,26.8411,17.8249,-30.0195,5.68068,-8.19311,-1.29402,44.1572,0.125,8.00645,0.342961
ppo,0,1,98,27.3306,18.1846,-30.5299,5.69308,-8.1969,-1.28496,44.9381,0.125,5.79732,0.342961
ppo,0,1,99,27.8114,18.5627,-31.0524,5.70589,-8.19943,-1.27688,45.7324,0.125,6.3273,0.342961
ppo,0,1,100,28.2991,18.9554,-31.5627,5.71907,-8.20172,-1.26753,46.5313,0.125,13.1388,0.342961
ppo,0,1,101,28.8079,19.3411,-32.0758,5.7302,-8.20636,-1.2561,47.3423,0.125,6.67071,0.342961
ppo,0,1,102,29.3161,19.7194,-32.6078,5.73965,-8.21195,-1.24642,48.1617,0.125,3.54555,0.342961
ppo,0,1,103,29.8149,20.1149,-33.147,5.74603,-8.21557,-1.23525,48.9927,0.125,12.5849,0.342961
ppo,0,1,104,30.3266,20.5201,-33.6725,5.75207,-8.21974,-1.22155,49.8293,0.125,6.068,0.342961
ppo,0,1,105,30.8566,20.9157,-34.2013,5.75983,-8.22642,-1.2092,50.6714,0.125,26.5693,0.342961
ppo,0,1,106,31.3794,21.3057,-34.7515,5.77002,-8.23182,-1.19545,51.52,0.125,15.431,0.342961
ppo,0,1,107,31.8975,21.7149,-35.306,5.77892,-8.23863,-1.1836,52.3806,0.125,8.67797,0.342961
ppo,0,1,108,32.4351,22.1313,-35.8501,5.7881,-8.24532,-1.17,53.2495,0.125,22.0828,0.342961
ppo,0,1,109,32.9888,22.5373,-36.4111,5.79738,-8.2544,-1.15734,54.1325,0.125,17.7135,0.342961
ppo,0,1,110,33.5335,22.9501,-36.9882,5.8048,-8.26199,-1.14665,55.0245,0.125,6.38815,0.342961
ppo,0,1,111,34.0815,23.3832,-37.5594,5.81468,-8.2708,-1.13482,55.9262,0.125,18.7398,0.342961
ppo,0,1,112,34.6499,23.8132,-38.1288,5.82423,-8.28036,-1.12252,56.8364,0.125,4.68647,0.342961
ppo,0,1,113,35.219,24.2345,-38.7207,5.83436,-8.29064,-1.10997,57.7573,0.125,2.09461,0.342961
ppo,0,1,114,35.7773,24.6723,-39.3171,5.8435,-8.2991,-1.09756,58.6845,0.125,21.3085,0.342961
ppo,0,1,115,36.3529,25.1196,-39.9063,5.85351,-8.3062,-1.08233,59.6222,0.125,16.3232,0.342961
ppo,0,1,116,36.9415,25.5554,-40.504,5.86294,-8.31476,-1.06678,60.567,0.125,6.58967,0.342961
ppo,0,1,117,37.5154,25.9964,-41.1211,5.86832,-8.32414,-1.05457,61.5204,0.125,11.4499,0.342961
ppo,0,1,118,38.0953,26.4548,-41.7291,5.87272,-8.33425,-1.04288,62.4815,0.125,7.28336,0.342961
ppo,0,1,119,38.695,26.906,-42.3396,5.87619,-8.34286,-1.03131,63.4502,0.125,11.7066,0.342961
ppo,0,1,120,39.2932,27.3529,-42.9694,5.88064,-8.35044,-1.02262,64.4256,0.125,25.4121,0.342961
ppo,0,1,121,39.8858,27.8212,-43.597,5.88383,-8.36271,-1.01207,65.4132,0.125,7.49335,0.342961
ppo,0,1,122,40.4974,28.2879,-44.2155,5.8868,-8.37143,-1.00397,66.4006,0.125,6.59051,0.342961
ppo,0,1,123,41.1092,28.7453,-44.8519,5.88867,-8.38144,-0.992323,67.3984,0.125,14.0593,0.342961
ppo,0,1,124,41.7066,29.2231,-45.4917,5.88976,-8.39207,-0.979026,68.4041,0.125,22.5429,0.342961
ppo,0,1,125,42.3245,29.7073,-46.1198,5.8916,-8.40008,-0.967334,69.4138,0.125,4.99085,0.342961
ppo,0,1,126,42.9465,30.1816,-46.7615,5.89521,-8.40715,-0.954762,70.4283,0.125,13.004,0.342961
ppo,0,1,127,43.5582,30.6667,-47.412,5.89859,-8.41558,-0.946762,71.4471,0.125,8.5759,0.342961
ppo,0,1,128,44.1844,31.1602,-48.0515,5.90345,-8.42145,-0.941122,72.4674,0.125,5.15152,0.342961
ppo,0,1,129,44.822,31.6402,-48.7102,5.90859,-8.42678,-0.934613,73.4991,0.125,23.0649,0.342961
ppo,0,1,130,45.447,32.133,-49.3774,5.91261,-8.43041,-0.929804,74.5354,0.125,27.3082,0.342961
ppo,0,1,131,46.0862,32.6419,-50.0285,5.92012,-8.4355,-0.927675,75.5748,0.125,37.7576,0.342961
ppo,0,1,132,46.7323,33.1339,-50.692,5.9301,-8.44405,-0.92671,76.6168,0.125,18.5735,0.342961
ppo,0,1,133,47.3658,33.64,-51.365,5.94416,-8.45253,-0.924749,77.6643,0.125,21.0414,0.342961
ppo,0,1,134,48.0137,34.1505,-52.0226,5.96102,-8.46434,-0.921358,78.7134,0.125,45.2107,0.342961
ppo,0,1,135,48.6722,34.642,-52.6952,5.98034,-8.47656,-0.918168,79.7663,0.125,27.7593,0.342961
ppo,0,1,136,49.3193,35.1452,-53.3764,5.99798,-8.48978,-0.916066,80.8259,0.125,21.9729,0.342961
ppo,0,1,137,49.983,35.6526,-54.0449,6.01339,-8.50299,-0.916207,81.8884,0.125,31.5671,0.342961
ppo,0,1,138,50.6513,36.1386,-54.7297,6.02691,-8.51666,-0.914211,82.9551,0.125,25.8291,0.342961
ppo,0,1,139,51.3151,36.6444,-55.4129,6.0421,-8.53245,-0.912095,84.0293,0.125,7.3268,0.342961
ppo,0,1,140,51.9941,37.1482,-56.0893,6.0571,-8.54775,-0.907547,85.1079,0.125,23.9432,0.342961
ppo,0,1,141,52.6678,37.6497,-56.7866,6.07208,-8.56308,-0.902679,86.1962,0.125,30.8192,0.342961
ppo,0,1,142,53.3369,38.1712,-57.4729,6.08723,-8.58081,-0.898753,87.2864,0.125,24.9195,0.342961
ppo,0,1,143,54.0222,38.6809,-58.1566,6.10312,-8.59589,-0.896852,88.3743,0.125,29.389,0.342961
ppo,0,1,144,54.6959,39.1945,-58.8579,6.1177,-8.61048,-0.893085,89.4711,0.125,50.223,0.342961
ppo,0,1,145,55.3716,39.725,-59.5432,6.12961,-8.62783,-0.890597,90.5698,0.125,52.9954,0.342961
ppo,0,1,146,56.0552,40.245,-60.2379,6.14032,-8.64539,-0.888916,91.6737,0.125,18.8854,0.342961
ppo,0,1,147,56.7204,40.7793,-60.9403,6.15038,-8.66392,-0.888998,92.78,0.125,33.7759,0.342961
ppo,0,1,148,57.3981,41.3182,-61.6262,6.15847,-8.67999,-0.887765,93.8855,0.125,51.9255,0.342961
ppo,0,1,149,58.0769,41.8439,-62.3286,6.16784,-8.69448,-0.889619,94.9917,0.125,11.0838,0.342961
ppo,0,1,150,58.7526,42.3937,-63.0261,6.17503,-8.70998,-0.890463,96.1084,0.125,46.9701,0.342961
ppo,0,1,151,59.449,42.9322,-63.7268,6.18556,-8.72685,-0.891741,97.2311,0.125,16.0838,0.342961
ppo,0,1,152,60.1331,43.4788,-64.4434,6.19532,-8.74246,-0.892402,98.3619,0.125,57.7247,0.342961
ppo,0,1,153,60.8304,44.0342,-65.1435,6.20257,-8.76004,-0.889902,99.4985,0.125,29.4483,0.342961
ppo,0,1,154,61.5317,44.5779,-65.8608,6.21047,-8.77883,-0.885339,100.644,0.125,50.4547,0.342961
ppo,0,1,155,62.2271,45.1425,-66.5813,6.22022,-8.79494,-0.882255,101.796,0.125,18.3135,0.342961
ppo,0,1,156,62.9454,45.6984,-67.2974,6.22882,-8.81178,-0.88256,102.952,0.125,32.3092,0.342961
ppo,0,1,157,63.6481,46.2545,-68.0305,6.23718,-8.82628,-0.883003,104.109,0.125,35.5254,0.342961
ppo,0,1,158,64.363,46.8177,-68.7481,6.24183,-8.83707,-0.886278,105.265,0.125,41.6329,0.342961
ppo,0,1,159,65.0792,47.3645,-69.4828,6.24464,-8.84763,-0.89105,106.424,0.125,64.3712,0.342961
ppo,0,1,160,65.7865,47.9315,-70.2157,6.24545,-8.85601,-0.894665,107.589,0.125,27.9748,0.342961
ppo,0,1,161,66.5103,48.4873,-70.9457,6.24822,-8.86391,-0.897713,108.754,0.125,23.5062,0.342961
ppo,0,1,162,67.218,49.0518,-71.687,6.2483,-8.86906,-0.901737,109.921,0.125,40.908,0.342961
ppo,0,1,163,67.9424,49.6214,-72.4161,6.25107,-8.8753,-0.904544,111.093,0.125,74.5701,0.342961
ppo,0,1,164,68.6645,50.1782,-73.1673,6.25521,-8.88552,-0.909162,112.271,0.125,81.8991,0.342961
ppo,0,1,165,69.3862,50.7551,-73.9102,6.25581,-8.89634,-0.912263,113.457,0.125,33.4326,0.342961
ppo,0,1,166,70.1181,51.3132,-74.6631,6.25794,-8.90728,-0.917204,114.643,0.125,123.411,0.342961
ppo,0,1,167,70.8363,51.8923,-75.4279,6.25667,-8.91791,-0.921719,115.843,0.125,23.8048,0.342961
ppo,0,1,168,71.5749,52.4599,-76.182,6.25612,-8.92736,-0.928035,117.039,0.125,95.9735,0.342961
ppo,0,1,169,72.2996,53.035,-76.9537,6.25324,-8.93836,-0.934122,118.245,0.125,45.3555,0.342961
ppo,0,1,170,73.0438,53.6136,-77.7078,6.24803,-8.94912,-0.94115,119.452,0.125,96.0468,0.342961
ppo,0,1,171,73.7834,54.1841,-78.4819,6.24416,-8.96227,-0.946289,120.668,0.125,24.921,0.342961
ppo,0,1,172,74.53,54.7714,-79.239,6.23884,-8.97546,-0.951169,121.887,0.125,69.0204,0.342961
ppo,0,1,173,75.2811,55.3441,-80.014,6.23354,-8.98602,-0.95641,123.11,0.125,39.1912,0.342961
ppo,0,1,174,76.0243,55.9359,-80.7821,6.22814,-8.99553,-0.958376,124.336,0.125,15.0194,0.342961
ppo,0,1,175,76.7783,56.51,-81.5556,6.22623,-9.00332,-0.960176,125.56,0.125,21.0283,0.342961
ppo,0,1,176,77.5172,57.1005,-82.3265,6.22628,-9.01292,-0.962092,126.781,0.125,59.1112,0.342961
ppo,0,1,177,78.2738,57.6759,-83.0949,6.22694,-9.02657,-0.967673,128.003,0.125,13.132,0.342961
ppo,0,1,178,79.0126,58.2612,-83.8718,6.22759,-9.04022,-0.973195,129.226,0.125,23.0613,0.342961
ppo,0,1,179,79.7716,58.8432,-84.6343,6.22555,-9.0553,-0.977563,130.452,0.125,76.4299,0.342961
ppo,0,1,180,80.5098,59.429,-85.4121,6.22089,-9.07247,-0.981967,131.68,0.125,32.7132,0.342961
ppo,0,1,181,81.2633,60.0186,-86.1712,6.21706,-9.09016,-0.984346,132.909,0.125,50.568,0.342961
ppo,0,1,182,82.0111,60.595,-86.9509,6.2138,-9.10623,-0.985184,134.14,0.125,105.705,0.342961
ppo,0,1,183,82.7706,61.1868,-87.7183,6.21249,-9.12281,-0.98794,135.376,0.125,111.193,0.342961
ppo,0,1,184,83.5251,61.7671,-88.5027,6.20812,-9.13901,-0.987162,136.618,0.125,114.087,0.342961
ppo,0,1,185,84.2854,62.3634,-89.2728,6.20158,-9.1598,-0.987141,137.866,0.125,8.93755,0.342961
ppo,0,1,186,85.0477,62.9426,-90.0564,6.19405,-9.18178,-0.988497,139.115,0.125,78.5663,0.342961
ppo,0,1,187,85.8118,63.5427,-90.8253,6.18362,-9.20214,-0.990073,140.367,0.125,70.072,0.342961
ppo,0,1,188,86.5773,64.1274,-91.6071,6.17084,-9.22482,-0.991499,141.623,0.125,51.4805,0.342961
ppo,0,1,189,87.3405,64.7342,-92.3785,6.15998,-9.2442,-0.991382,142.88,0.125,20.6371,0.342961
ppo,0,1,190,88.1103,65.318,-93.1649,6.14937,-9.25986,-0.991697,144.137,0.125,122.204,0.342961
ppo,0,1,191,88.8661,65.9245,-93.9557,6.14127,-9.27241,-0.990201,145.398,0.125,56.3773,0.342961
ppo,0,1,192,89.6285,66.5102,-94.7574,6.13307,-9.28407,-0.982904,146.663,0.125,112.174,0.342961
ppo,0,1,193,90.3866,67.1151,-95.5506,6.12446,-9.2966,-0.97291,147.932,0.125,51.2414,0.342961
ppo,0,1,194,91.151,67.6986,-96.3571,6.11718,-9.30751,-0.961722,149.201,0.125,20.6998,0.342961
ppo,0,1,195,91.9044,68.305,-97.155,6.11091,-9.31546,-0.951133,150.468,0.125,111.942,0.342961
ppo,0,1,196,92.6593,68.8995,-97.9721,6.10158,-9.32398,-0.940318,151.744,0.125,59.2249,0.342961
ppo,0,1,197,93.4117,69.5163,-98.7733,6.09578,-9.33327,-0.934552,153.015,0.125,63.4696,0.342961
ppo,0,1,198,94.1679,70.1115,-99.5912,6.09122,-9.34583,-0.926297,154.291,0.125,72.5297,0.342961
ppo,0,1,199,94.9288,70.7252,-100.391,6.0874,-9.35794,-0.918514,155.566,0.125,66.1876,0.342961
ppo,0,1,200,95.687,71.3219,-101.207,6.08157,-9.36864,-0.910197,156.843,0.125,99.563,0.342961
ppo,0,1,201,96.4492,71.9354,-102.009,6.0762,-9.37707,-0.903078,158.118,0.125,97.7846,0.342961
ppo,0,1,202,97.2054,72.5355,-102.829,6.06913,-9.38443,-0.894813,159.397,0.125,134.823,0.342961
ppo,0,1,203,97.966,73.1606,-103.636,6.06102,-9.3913,-0.884449,160.684,0.125,138.631,0.342961
ppo,0,1,204,98.7137,73.7805,-104.462,6.05602,-9.39898,-0.876666,161.97,0.125,98.6512,0.342961
ppo,0,1,205,99.4805,74.4008,-105.273,6.05351,-9.40517,-0.864589,163.258,0.125,147.865,0.342961
ppo,0,1,206,100.231,75.0261,-106.096,6.05166,-9.40914,-0.850344,164.547,0.125,19.0319,0.342961
ppo,0,1,207,101.002,75.6435,-106.91,6.05086,-9.4132,-0.83797,165.836,0.125,106.725,0.342961
ppo,0,1,208,101.755,76.2724,-107.737,6.05229,-9.41361,-0.825028,167.126,0.125,133.979,0.342961
ppo,0,1,209,102.537,76.8994,-108.557,6.05163,-9.41622,-0.81256,168.43,0.125,162.095,0.342961
ppo,0,1,210,103.305,77.5455,-109.375,6.05462,-9.4176,-0.800336,169.732,0.125,37.152,0.342961
ppo,0,1,211,104.086,78.1685,-110.201,6.05834,-9.41911,-0.791659,171.03,0.125,47.158,0.342961
ppo,0,1,212,104.861,78.8126,-111.015,6.06191,-9.42158,-0.784505,172.329,0.125,131.769,0.342961
ppo,0,1,213,105.635,79.4436,-111.849,6.06912,-9.42653,-0.776994,173.632,0.125,61.5494,0.342961
ppo,0,1,214,106.415,80.0897,-112.661,6.07399,-9.42968,-0.773384,174.931,0.125,54.4748,0.342961
ppo,0,1,215,107.18,80.7252,-113.495,6.07767,-9.43145,-0.769351,176.229,0.125,18.4793,0.342961
ppo,0,1,216,107.96,81.3535,-114.313,6.08238,-9.43372,-0.76548,177.523,0.125,56.2191,0.342961
ppo,0,1,217,108.716,81.9906,-115.143,6.0891,-9.43576,-0.758979,178.815,0.125,98.5733,0.342961
ppo,0,1,218,109.489,82.6104,-115.972,6.09761,-9.43773,-0.753022,180.106,0.125,31.195,0.342961
ppo,0,1,219,110.249,83.2516,-116.794,6.10512,-9.4396,-0.74667,181.396,0.125,120.688,0.342961
ppo,0,1,220,111.016,83.8742,-117.631,6.11122,-9.43919,-0.740339,182.69,0.125,64.3184,0.342961
ppo,0,1,221,111.784,84.5133,-118.451,6.11752,-9.43683,-0.732466,183.983,0.125,115.119,0.342961
ppo,0,1,222,112.54,85.152,-119.291,6.12503,-9.43457,-0.72578,185.279,0.125,171.111,0.342961
ppo,0,1,223,113.313,85.7836,-120.121,6.1348,-9.42946,-0.716948,186.574,0.125,129.546,0.342961
ppo,0,1,224,114.069,86.4287,-120.956,6.14107,-9.42277,-0.705598,187.873,0.125,38.7745,0.342961
ppo,0,1,225,114.844,87.0526,-121.794,6.14554,-9.4145,-0.69374,189.173,0.125,198.533,0.342961
ppo,0,1,226,115.621,87.6962,-122.619,6.14913,-9.40402,-0.683245,190.475,0.125,86.8656,0.342961
ppo,0,1,227,116.39,88.3292,-123.465,6.15412,-9.39258,-0.674441,191.779,0.125,111.889,0.342961
ppo,0,1,228,117.178,88.9637,-124.29,6.15458,-9.38622,-0.665239,193.086,0.125,196.88,0.342961
ppo,0,1,229,117.949,89.6194,-125.119,6.15213,-9.37894,-0.65406,194.398,0.125,160.068,0.342961
ppo,0,1,230,118.749,90.2672,-125.944,6.14858,-9.36905,-0.646133,195.719,0.125,161.418,0.342961
ppo,0,1,231,119.543,90.9345,-126.758,6.14543,-9.35711,-0.64179,197.035,0.125,20.4831,0.342961
ppo,0,1,232,120.327,91.5863,-127.593,6.14219,-9.34131,-0.640111,198.347,0.125,116.546,0.342961
ppo,0,1,233,121.129,92.2409,-128.408,6.13763,-9.32403,-0.635916,199.66,0.125,124.932,0.342961
ppo,0,1,234,121.913,92.9061,-129.236,6.13254,-9.30696,-0.631167,200.977,0.125,36.3342,0.342961
ppo,0,1,235,122.708,93.5481,-130.07,6.12641,-9.2893,-0.625595,202.294,0.125,95.467,0.342961
ppo,0,1,236,123.506,94.2053,-130.884,6.11994,-9.27325,-0.616774,203.609,0.125,151.584,0.342961
ppo,0,1,237,124.29,94.8598,-131.72,6.11047,-9.25658,-0.605694,204.933,0.125,135.965,0.342961
ppo,0,1,238,125.099,95.5016,-132.552,6.10172,-9.24066,-0.597349,206.261,0.125,128.105,0.342961
ppo,0,1,239,125.898,96.1645,-133.378,6.09532,-9.22359,-0.591036,207.585,0.125,115.572,0.342961
ppo,0,1,240,126.692,96.8099,-134.222,6.09002,-9.20352,-0.585839,208.908,0.125,126.882,0.342961
ppo,0,1,241,127.506,97.4563,-135.049,6.08011,-9.18134,-0.578101,210.233,0.125,140.916,0.342961
ppo,0,1,242,128.301,98.1177,-135.884,6.06909,-9.1623,-0.572527,211.563,0.125,153.225,0.342961
ppo,0,1,243,129.106,98.7622,-136.729,6.0582,-9.14199,-0.567987,212.894,0.125,43.518,0.342961
ppo,0,1,244,129.918,99.4204,-137.553,6.04989,-9.12083,-0.559108,214.224,0.125,199.12,0.342961
ppo,0,1,245,130.727,100.072,-138.406,6.04259,-9.09689,-0.54872,215.566,0.125,105.044,0.342961
ppo,0,1,246,131.552,100.704,-139.258,6.03699,-9.07376,-0.537282,216.907,0.125,154.129,0.342961
ppo,0,1,247,132.373,101.367,-140.105,6.03254,-9.04443,-0.527397,218.254,0.125,122.762,0.342961
ppo,0,1,248,133.177,102.027,-140.971,6.02814,-9.01315,-0.516947,219.6,0.125,155.451,0.342961
ppo,0,1,249,134.004,102.684,-141.83,6.02225,-8.98142,-0.508608,220.953,0.125,138.729,0.342961
ppo,0,1,250,134.83,103.358,-142.679,6.01508,-8.95068,-0.495904,222.312,0.125,207.124,0.342961
ppo,0,1,251,135.643,104.025,-143.549,6.00691,-8.91824,-0.481726,223.673,0.125,69.651,0.342961
ppo,0,1,252,136.477,104.68,-144.409,6.00137,-8.88563,-0.467861,225.033,0.125,245.536,0.342961
ppo,0,1,253,137.314,105.358,-145.255,5.99605,-8.84936,-0.454541,226.395,0.125,106.672,0.342961
ppo,0,1,254,138.137,106.03,-146.12,5.99135,-8.81461,-0.442541,227.757,0.125,79.1889,0.342961
ppo,0,1,255,138.979,106.688,-146.978,5.98595,-8.77757,-0.430294,229.119,0.125,83.2007,0.342961
ppo,0,1,256,139.817,107.371,-147.82,5.98191,-8.74124,-0.41477,230.482,0.125,173.456,0.342961
ppo,0,1,257,140.643,108.048,-148.682,5.98014,-8.70349,-0.399797,231.846,0.125,169.816,0.342961
ppo,0,1,258,141.488,108.708,-149.542,5.97728,-8.66678,-0.384933,233.212,0.125,221.859,0.342961
ppo,0,1,259,142.341,109.384,-150.382,5.97498,-8.62927,-0.37224,234.576,0.125,143.055,0.342961
ppo,0,1,260,143.177,110.062,-151.24,5.97421,-8.58814,-0.361828,235.938,0.125,176.523,0.342961
ppo,0,1,261,144.041,110.733,-152.095,5.9732,-8.54647,-0.351944,237.31,0.125,117.681,0.342961
ppo,0,1,262,144.911,111.417,-152.928,5.97366,-8.50798,-0.343746,238.679,0.125,278.835,0.342961
ppo,0,1,263,145.773,112.104,-153.782,5.97655,-8.4705,-0.335888,240.056,0.125,199.747,0.342961
ppo,0,1,264,146.644,112.772,-154.647,5.98238,-8.43401,-0.324163,241.437,0.125,309.048,0.342961
ppo,0,1,265,147.531,113.442,-155.494,5.98698,-8.39958,-0.314816,242.818,0.125,249.035,0.342961
ppo,0,1,266,148.401,114.131,-156.339,5.99209,-8.36239,-0.306019,244.195,0.125,235.654,0.342961
ppo,0,1,267,149.269,114.805,-157.205,5.99867,-8.32738,-0.299544,245.575,0.125,330.345,0.342961
ppo,0,1,268,150.161,115.491,-158.061,6.00425,-8.29536,-0.292531,246.972,0.125,63.3419,0.342961
ppo,0,1,269,151.042,116.2,-158.901,6.00964,-8.26528,-0.287125,248.364,0.125,74.7822,0.342961
ppo,0,1,270,151.907,116.905,-159.758,6.01416,-8.23711,-0.28505,249.754,0.125,139.714,0.342961
ppo,0,1,271,152.783,117.591,-160.622,6.0196,-8.2093,-0.286862,251.143,0.125,115.132,0.342961
ppo,0,1,272,153.669,118.29,-161.468,6.03078,-8.181,-0.289977,252.528,0.125,204.681,0.342961
ppo,0,1,273,154.54,119.002,-162.338,6.03954,-8.15053,-0.292263,253.927,0.125,213.165,0.342961
ppo,0,1,274,155.403,119.699,-163.229,6.0467,-8.1229,-0.295711,255.329,0.125,197.108,0.342961
ppo,0,1,275,156.284,120.384,-164.108,6.05183,-8.09725,-0.301789,256.729,0.125,173.151,0.342961
ppo,0,1,276,157.157,121.095,-164.98,6.05561,-8.07231,-0.310569,258.131,0.125,185.305,0.342961
ppo,0,1,277,158.007,121.81,-165.865,6.05779,-8.04828,-0.320282,259.532,0.125,269.117,0.342961
ppo,0,1,278,158.86,122.514,-166.766,6.05964,-8.02486,-0.332333,260.938,0.125,248.85,0.342961
ppo,0,1,279,159.728,123.234,-167.653,6.06405,-7.99667,-0.344273,262.347,0.125,174.675,0.342961
ppo,0,1,280,160.588,123.974,-168.529,6.06468,-7.96955,-0.356929,263.759,0.125,88.2039,0.342961
ppo,0,1,281,161.432,124.714,-169.424,6.06641,-7.94114,-0.367333,265.172,0.125,161.304,0.342961
ppo,0,1,282,162.285,125.432,-170.331,6.06358,-7.91467,-0.379523,266.59,0.125,243.85,0.342961
ppo,0,1,283,163.157,126.145,-171.222,6.06298,-7.88776,-0.392483,268.003,0.125,183.836,0.342961
ppo,0,1,284,164.022,126.87,-172.104,6.05871,-7.86421,-0.405491,269.418,0.125,424.814,0.342961
ppo,0,1,285,164.87,127.6,-173,6.05557,-7.84361,-0.419114,270.834,0.125,282.825,0.342961
ppo,0,1,286,165.735,128.311,-173.893,6.04997,-7.82377,-0.433354,272.251,0.125,83.149,0.342961
ppo,0,1,287,166.616,129.026,-174.764,6.04575,-7.80829,-0.446083,273.666,0.125,302.711,0.342961
ppo,0,1,288,167.488,129.758,-175.618,6.03931,-7.78955,-0.4578,275.075,0.125,166.313,0.342961
ppo,0,1,289,168.344,130.485,-176.491,6.03245,-7.77362,-0.470586,276.484,0.125,80.605,0.342961
ppo,0,1,290,169.208,131.188,-177.373,6.02774,-7.76209,-0.483942,277.894,0.125,66.8757,0.342961
ppo,0,1,291,170.093,131.887,-178.234,6.02412,-7.7492,-0.495494,279.299,0.125,341.395,0.342961
ppo,0,1,292,170.978,132.603,-179.077,6.01992,-7.73499,-0.506281,280.701,0.125,90.7248,0.342961
ppo,0,1,293,171.841,133.329,-179.93,6.01758,-7.71874,-0.517164,282.1,0.125,232.863,0.342961
ppo,0,1,294,172.698,134.051,-180.804,6.01769,-7.69992,-0.529416,283.504,0.125,144.211,0.342961
ppo,0,1,295,173.578,134.756,-181.672,6.01876,-7.68254,-0.544773,284.907,0.125,212.397,0.342961
ppo,0,1,296,174.462,135.488,-182.524,6.01845,-7.66697,-0.562293,286.315,0.125,179.788,0.342961
ppo,0,1,297,175.328,136.235,-183.377,6.01713,-7.65337,-0.579757,287.724,0.125,301.144,0.342961
ppo,0,1,298,176.174,136.989,-184.244,6.01538,-7.63837,-0.600807,289.13,0.125,182.629,0.342961
ppo,0,1,299,177.025,137.714,-185.122,6.01374,-7.6261,-0.621584,290.532,0.125,321.196,0.342961
ppo,0,2,0,0,0,0,1.65237,-0.994221,10.217,10.3974,0.125,1.47213,0.535439
ppo,0,2,1,-0.00647741,-0.0021787,0.0181337,1.63936,-0.924046,10.2067,10.3617,0.125,0.823252,0.535439
ppo,0,2,2,-0.0172027,0.00100263,0.0499785,1.62415,-0.85154,10.195,10.3122,0.125,0.40891,0.535439
ppo,0,2,3,-0.0235329,0.0136281,0.0934848,1.60392,-0.778827,10.1795,10.2471,0.125,1.1106,0.535439
ppo,0,2,4,-0.0274313,0.0370873,0.148134,1.58541,-0.706832,10.1619,10.1701,0.125,0.794242,0.535439
ppo,0,2,5,-0.0263249,0.0738668,0.211981,1.56377,-0.636428,10.1407,10.0803,0.125,0.266763,0.535439
ppo,0,2,6,-0.0194549,0.126462,0.286303,1.53739,-0.566569,10.1219,9.98215,0.125,0.426408,0.535439
ppo,0,2,7,0.000859277,0.196362,0.367609,1.51242,-0.49649,10.1018,9.87523,0.125,0.799849,0.535439
ppo,0,2,8,0.0329271,0.281523,0.454084,1.48458,-0.427005,10.0806,9.76111,0.125,0.819281,0.535439
ppo,0,2,9,0.0804,0.380506,0.540641,1.45573,-0.359026,10.0582,9.64481,0.125,1.20171,0.535439
ppo,0,2,10,0.141627,0.489449,0.627252,1.4261,-0.292554,10.0323,9.52452,0.125,0.0650318,0.535439
ppo,0,2,11,0.220546,0.608149,0.70864,1.39298,-0.228628,10.0036,9.4059,0.125,0.936195,0.535439
ppo,0,2,12,0.313612,0.737902,0.791419,1.3591,-0.161757,9.97765,9.2892,0.125,0.955787,0.535439
ppo,0,2,13,0.421891,0.877765,0.867253,1.32379,-0.0988391,9.94983,9.17935,0.125,0.699802,0.535439
ppo,0,2,14,0.54398,1.02885,0.940639,1.28552,-0.0385729,9.91868,9.07163,0.125,0.872471,0.535439
ppo,0,2,15,0.678881,1.18761,1.01213,1.24459,0.021289,9.88723,8.96926,0.125,0.54023,0.535439
ppo,0,2,16,0.828727,1.35448,1.08035,1.19694,0.0791167,9.85525,8.87474,0.125,1.23822,0.535439
ppo,0,2,17,0.998454,1.52307,1.15139,1.14709,0.133977,9.82241,8.78284,0.125,0.923561,0.535439
ppo,0,2,18,1.1868,1.69053,1.22592,1.09576,0.186097,9.79063,8.69632,0.125,0.422689,0.535439
ppo,0,2,19,1.39358,1.85136,1.30164,1.04222,0.237507,9.75929,8.61742,0.125,0.731704,0.535439
ppo,0,2,20,1.6166,1.99566,1.37665,0.985715,0.286574,9.7293,8.54902,0.125,0.209912,0.535439
ppo,0,2,21,1.85689,2.12189,1.44512,0.929763,0.335073,9.69835,8.49518,0.125,0.926383,0.535439
ppo,0,2,22,2.10272,2.22783,1.50604,0.871742,0.383358,9.66675,8.45663,0.125,1.18943,0.535439
ppo,0,2,23,2.34911,2.31336,1.55297,0.812398,0.428945,9.63554,8.4404,0.125,1.82326,0.535439
ppo,0,2,24,2.58524,2.3764,1.58167,0.7521,0.468054,9.6076,8.4509,0.125,0.373722,0.535439
ppo,0,2,25,2.80789,2.43416,1.58922,0.693721,0.503769,9.58008,8.48822,0.125,0.435811,0.535439
ppo,0,2,26,3.01237,2.49005,1.57885,0.637669,0.537295,9.55455,8.54776,0.125,0.972044,0.535439
ppo,0,2,27,3.19482,2.55399,1.5551,0.580248,0.569012,9.53328,8.62714,0.125,0.412588,0.535439
ppo,0,2,28,3.35857,2.63223,1.52799,0.524139,0.601,9.51413,8.71426,0.125,1.3778,0.535439
ppo,0,2,29,3.50248,2.73141,1.50325,0.465113,0.630459,9.49346,8.80244,0.125,0.773286,0.535439
ppo,0,2,30,3.63497,2.85604,1.49257,0.403332,0.659139,9.47483,8.88742,0.125,0.667893,0.535439
ppo,0,2,31,3.76903,2.99577,1.49497,0.33993,0.685695,9.45702,8.97159,0.125,0.522069,0.535439
ppo,0,2,32,3.91556,3.13956,1.51436,0.274729,0.710547,9.44323,9.05664,0.125,0.314344,0.535439
ppo,0,2,33,4.07312,3.28311,1.5406,0.211349,0.733585,9.43256,9.14857,0.125,1.29929,0.535439
ppo,0,2,34,4.24011,3.41709,1.56985,0.144872,0.754182,9.42314,9.24859,0.125,0.625369,0.535439
ppo,0,2,35,4.41734,3.54425,1.59145,0.078877,0.772568,9.41517,9.36564,0.125,0.921555,0.535439
ppo,0,2,36,4.59935,3.66955,1.60003,0.0121198,0.79231,9.40765,9.50159,0.125,0.946559,0.535439
ppo,0,2,37,4.78261,3.7933,1.59561,-0.0550041,0.806704,9.4005,9.65601,0.125,0.527026,0.535439
ppo,0,2,38,4.97027,3.92112,1.57871,-0.116996,0.819794,9.3941,9.82745,0.125,1.29671,0.535439
ppo,0,2,39,5.16287,4.05184,1.54561,-0.179381,0.828538,9.39038,10.0235,0.125,0.851856,0.535439
ppo,0,2,40,5.35651,4.18998,1.49559,-0.244464,0.832123,9.38815,10.244,0.125,0.620688,0.535439
ppo,0,2,41,5.55359,4.33737,1.43542,-0.307301,0.83599,9.38907,10.4819,0.125,1.27276,0.535439
ppo,0,2,42,5.7558,4.49959,1.36082,-0.370626,0.838597,9.39039,10.7429,0.125,0.480711,0.535439
ppo,0,2,43,5.9627,4.68078,1.27777,-0.431599,0.841317,9.3953,11.0237,0.125,1.16163,0.535439
ppo,0,2,44,6.18089,4.88038,1.19043,-0.492397,0.845191,9.39957,11.3228,0.125,0.596768,0.535439
ppo,0,2,45,6.41638,5.09332,1.11164,-0.551594,0.852196,9.40558,11.6331,0.125,2.34898,0.535439
ppo,0,2,46,6.67304,5.30438,1.03769,-0.609675,0.858419,9.41257,11.9559,0.125,1.83239,0.535439
ppo,0,2,47,6.95003,5.50468,0.959548,-0.669249,0.86559,9.42151,12.2955,0.125,0.974172,0.535439
ppo,0,2,48,7.24069,5.68613,0.870788,-0.726104,0.873511,9.43315,12.6469,0.125,1.14252,0.535439
ppo,0,2,49,7.52636,5.84876,0.763942,-0.783139,0.883073,9.44578,13.0031,0.125,1.49264,0.535439
ppo,0,2,50,7.79192,6.00985,0.63663,-0.839314,0.888827,9.46206,13.3646,0.125,1.42859,0.535439
ppo,0,2,51,8.04182,6.18147,0.49898,-0.899081,0.893755,9.47911,13.7311,0.125,2.42818,0.535439
ppo,0,2,52,8.28062,6.37781,0.367391,-0.960256,0.897293,9.49677,14.0988,0.125,0.929149,0.535439
ppo,0,2,53,8.52641,6.59595,0.251875,-1.02033,0.901054,9.51606,14.4706,0.125,1.35922,0.535439
ppo,0,2,54,8.78648,6.81904,0.151515,-1.08079,0.901809,9.53393,14.8461,0.125,2.35749,0.535439
ppo,0,2,55,9.06486,7.03733,0.0521716,-1.14007,0.900002,9.55615,15.2359,0.125,1.68879,0.535439
ppo,0,2,56,9.35529,7.2449,-0.0527701,-1.19959,0.896917,9.57656,15.6341,0.125,1.5505,0.535439
ppo,0,2,57,9.65153,7.44381,-0.171728,-1.25903,0.894683,9.60031,16.0444,0.125,2.35986,0.535439
ppo,0,2,58,9.94554,7.63869,-0.308669,-1.31672,0.88904,9.62478,16.4642,0.125,1.57074,0.535439
ppo,0,2,59,10.2295,7.84281,-0.463677,-1.37486,0.884379,9.64929,16.8924,0.125,2.53511,0.535439
ppo,0,2,60,10.5052,8.06729,-0.628438,-1.43401,0.878845,9.67527,17.3316,0.125,1.90317,0.535439
ppo,0,2,61,10.7862,8.31192,-0.789406,-1.48728,0.874715,9.70563,17.7791,0.125,1.65167,0.535439
ppo,0,2,62,11.0813,8.56285,-0.942428,-1.54042,0.871167,9.7385,18.236,0.125,2.69724,0.535439
ppo,0,2,63,11.3976,8.80788,-1.0914,-1.5899,0.867346,9.77417,18.7026,0.125,2.15111,0.535439
ppo,0,2,64,11.7238,9.03653,-1.24723,-1.63309,0.864637,9.81017,19.1691,0.125,2.69338,0.535439
ppo,0,2,65,12.0455,9.25387,-1.42463,-1.67726,0.859177,9.84515,19.6416,0.125,1.8906,0.535439
ppo,0,2,66,12.3532,9.47891,-1.61942,-1.71755,0.854818,9.8825,20.116,0.125,5.33065,0.535439
ppo,0,2,67,12.651,9.72581,-1.81454,-1.7541,0.852628,9.92321,20.5917,0.125,3.18736,0.535439
ppo,0,2,68,12.9567,9.98709,-1.99299,-1.78692,0.851766,9.96495,21.0671,0.125,4.21693,0.535439
ppo,0,2,69,13.2849,10.2506,-2.16308,-1.81645,0.85217,10.0065,21.5518,0.125,1.70688,0.535439
ppo,0,2,70,13.6301,10.5008,-2.34194,-1.84297,0.855549,10.0516,22.0465,0.125,4.02946,0.535439
ppo,0,2,71,13.9804,10.7345,-2.53742,-1.8671,0.859333,10.0989,22.5464,0.125,2.60804,0.535439
ppo,0,2,72,14.3186,10.9673,-2.74938,-1.88853,0.867337,10.1484,23.0441,0.125,3.92541,0.535439
ppo,0,2,73,14.6439,11.2178,-2.9684,-1.90968,0.877707,10.2002,23.5446,0.125,3.95574,0.535439
ppo,0,2,74,14.9726,11.4922,-3.18259,-1.92713,0.889628,10.2551,24.0538,0.125,6.16769,0.535439
ppo,0,2,75,15.3198,11.7738,-3.38871,-1.94517,0.903464,10.3089,24.5737,0.125,2.6786,0.535439
ppo,0,2,76,15.6859,12.0431,-3.59691,-1.96208,0.920422,10.3579,25.0978,0.125,5.45522,0.535439
ppo,0,2,77,16.0563,12.2966,-3.82758,-1.98091,0.933333,10.4045,25.6323,0.125,4.07812,0.535439
ppo,0,2,78,16.4125,12.5556,-4.07413,-1.99522,0.944067,10.4512,26.1659,0.125,4.42733,0.535439
ppo,0,2,79,16.7605,12.8407,-4.32329,-2.00661,0.956609,10.4957,26.7028,0.125,6.95347,0.535439
ppo,0,2,80,17.119,13.1376,-4.55928,-2.01178,0.973262,10.5415,27.2395,0.125,6.80571,0.535439
ppo,0,2,81,17.502,13.4261,-4.7909,-2.01978,0.988274,10.5897,27.7914,0.125,5.32957,0.535439
ppo,0,2,82,17.8966,13.6988,-5.03655,-2.02466,1.00287,10.6357,28.3489,0.125,3.9745,0.535439
ppo,0,2,83,18.2855,13.9684,-5.30482,-2.03032,1.01825,10.679,28.9123,0.125,3.66638,0.535439
ppo,0,2,84,18.6651,14.2557,-5.58105,-2.03438,1.03226,10.7246,29.4822,0.125,7.27296,0.535439
ppo,0,2,85,19.0553,14.5662,-5.85203,-2.03566,1.04605,10.7706,30.0655,0.125,3.98374,0.535439
ppo,0,2,86,19.4664,14.8797,-6.11622,-2.03777,1.05815,10.8181,30.6632,0.125,4.37992,0.535439
ppo,0,2,87,19.8886,15.1789,-6.39259,-2.03803,1.06838,10.8671,31.2695,0.125,6.47328,0.535439
ppo,0,2,88,20.303,15.4758,-6.69309,-2.03542,1.08193,10.9127,31.8771,0.125,9.04873,0.535439
ppo,0,2,89,20.7092,15.7904,-7.00323,-2.03332,1.1001,10.9608,32.492,0.125,4.58605,0.535439
ppo,0,2,90,21.1298,16.1244,-7.30242,-2.02745,1.11935,11.0069,33.1156,0.125,2.30146,0.535439
ppo,0,2,91,21.5734,16.4529,-7.59433,-2.01897,1.14107,11.0478,33.7429,0.125,3.94448,0.535439
ppo,0,2,92,22.0218,16.7657,-7.90385,-2.00608,1.1639,11.0882,34.3723,0.125,4.27435,0.535439
ppo,0,2,93,22.4588,17.082,-8.23502,-1.99251,1.19126,11.128,35.0044,0.125,11.811,0.535439
ppo,0,2,94,22.8923,17.416,-8.5692,-1.97986,1.22094,11.1656,35.6422,0.125,5.41019,0.535439
ppo,0,2,95,23.3386,17.7647,-8.89389,-1.96564,1.25056,11.2043,36.2899,0.125,4.03366,0.535439
ppo,0,2,96,23.7989,18.1029,-9.2212,-1.94716,1.28062,11.2411,36.9399,0.125,8.40466,0.535439
ppo,0,2,97,24.2523,18.4343,-9.56865,-1.92534,1.30904,11.2766,37.5908,0.125,4.06772,0.535439
ppo,0,2,98,24.6932,18.7827,-9.92583,-1.9042,1.33747,11.3102,38.2456,0.125,12.8344,0.535439
ppo,0,2,99,25.1415,19.1474,-10.2745,-1.88239,1.36621,11.3438,38.9078,0.125,3.77317,0.535439
ppo,0,2,100,25.613,19.5043,-10.6201,-1.85644,1.40061,11.3736,39.5732,0.125,10.4186,0.535439
ppo,0,2,101,26.0851,19.8468,-10.9826,-1.82969,1.43519,11.4007,40.2397,0.125,9.9883,0.535439
ppo,0,2,102,26.5425,20.1981,-11.36,-1.80463,1.46579,11.429,40.9121,0.125,7.23241,0.535439
ppo,0,2,103,27.0067,20.571,-11.7304,-1.77986,1.49762,11.4578,41.5951,0.125,13.3247,0.535439
ppo,0,2,104,27.4938,20.9369,-12.0972,-1.75266,1.52984,11.4868,42.2871,0.125,18.395,0.535439
ppo,0,2,105,27.9824,21.2908,-12.4797,-1.72557,1.56222,11.5132,42.9818,0.125,3.80832,0.535439
ppo,0,2,106,28.4561,21.655,-12.8753,-1.69751,1.59621,11.5387,43.6765,0.125,4.62079,0.535439
ppo,0,2,107,28.9378,22.0421,-13.2632,-1.67229,1.63133,11.5588,44.3814,0.125,5.03452,0.535439
ppo,0,2,108,29.4403,22.4215,-13.6487,-1.64246,1.66772,11.5775,45.0912,0.125,7.52745,0.535439
ppo,0,2,109,29.9435,22.788,-14.0515,-1.613,1.70338,11.5937,45.8045,0.125,17.4341,0.535439
ppo,0,2,110,30.4373,23.1689,-14.4682,-1.58372,1.73632,11.6128,46.5288,0.125,5.7977,0.535439
ppo,0,2,111,30.9414,23.5666,-14.8718,-1.55407,1.77073,11.629,47.2579,0.125,6.16633,0.535439
ppo,0,2,112,31.4661,23.9536,-15.2733,-1.52718,1.80993,11.6454,47.995,0.125,8.48533,0.535439
ppo,0,2,113,31.9896,24.3352,-15.6972,-1.49788,1.85013,11.6594,48.7378,0.125,12.8868,0.535439
ppo,0,2,114,32.5062,24.7402,-16.1266,-1.46486,1.89006,11.6726,49.4869,0.125,5.66633,0.535439
ppo,0,2,115,33.0424,25.1512,-16.5463,-1.43714,1.93082,11.686,50.2503,0.125,6.77872,0.535439
ppo,0,2,116,33.5902,25.5458,-16.9759,-1.40791,1.9732,11.694,51.0147,0.125,11.4914,0.535439
ppo,0,2,117,34.127,25.9453,-17.4239,-1.3792,2.01518,11.698,51.7825,0.125,12.5172,0.535439
ppo,0,2,118,34.6659,26.3671,-17.8643,-1.35156,2.06103,11.7022,52.5569,0.125,13.7974,0.535439
ppo,0,2,119,35.2256,26.7805,-18.3051,-1.32616,2.10904,11.7038,53.3408,0.125,13.3857,0.535439
ppo,0,2,120,35.7814,27.1872,-18.7672,-1.30043,2.15483,11.7051,54.1317,0.125,9.58082,0.535439
ppo,0,2,121,36.3259,27.6172,-19.2346,-1.27938,2.19959,11.7036,54.9307,0.125,21.6199,0.535439
ppo,0,2,122,36.888,28.0574,-19.6871,-1.26032,2.24472,11.701,55.7387,0.125,15.7709,0.535439
ppo,0,2,123,37.4597,28.4806,-20.145,-1.23964,2.2934,11.6971,56.5449,0.125,18.7661,0.535439
ppo,0,2,124,38.0196,28.9136,-20.6181,-1.21658,2.34165,11.691,57.3535,0.125,9.94383,0.535439
ppo,0,2,125,38.5867,29.3611,-21.0853,-1.19385,2.38957,11.6804,58.1683,0.125,26.2964,0.535439
ppo,0,2,126,39.1743,29.7991,-21.554,-1.1716,2.43928,11.6652,58.9904,0.125,10.0154,0.535439
ppo,0,2,127,39.7515,30.2333,-22.0439,-1.15271,2.48599,11.6473,59.8177,0.125,11.6596,0.535439
ppo,0,2,128,40.3341,30.6907,-22.5238,-1.13359,2.52803,11.6288,60.6555,0.125,14.1147,0.535439
ppo,0,2,129,40.9374,31.1411,-22.9972,-1.11619,2.57162,11.6105,61.5013,0.125,9.72277,0.535439
ppo,0,2,130,41.5352,31.5818,-23.4944,-1.09857,2.61535,11.5931,62.3524,0.125,22.0617,0.535439
ppo,0,2,131,42.1244,32.0436,-23.9931,-1.08525,2.65835,11.5689,63.2078,0.125,18.5842,0.535439
ppo,0,2,132,42.7335,32.5039,-24.4831,-1.07467,2.70145,11.5447,64.073,0.125,17.6291,0.535439
ppo,0,2,133,43.3422,32.9496,-24.991,-1.06657,2.74225,11.5212,64.9443,0.125,19.468,0.535439
ppo,0,2,134,43.9428,33.419,-25.5011,-1.0599,2.78315,11.4948,65.8217,0.125,14.7073,0.535439
ppo,0,2,135,44.5605,33.8903,-25.9967,-1.05651,2.82122,11.4668,66.7062,0.125,25.8739,0.535439
ppo,0,2,136,45.179,34.3449,-26.5114,-1.05414,2.8577,11.4416,67.5971,0.125,41.0144,0.535439
ppo,0,2,137,45.7874,34.8198,-27.0308,-1.05386,2.89243,11.416,68.4954,0.125,14.061,0.535439
ppo,0,2,138,46.4146,35.2992,-27.5404,-1.05622,2.926,11.3917,69.4061,0.125,24.2461,0.535439
ppo,0,2,139,47.0401,35.7656,-28.0702,-1.0595,2.95608,11.3654,70.3222,0.125,10.8231,0.535439
ppo,0,2,140,47.6554,36.2521,-28.6005,-1.06444,2.98715,11.3392,71.2415,0.125,24.4173,0.535439
ppo,0,2,141,48.2926,36.7311,-29.1244,-1.07064,3.01531,11.3107,72.1698,0.125,8.60851,0.535439
ppo,0,2,142,48.9263,37.1996,-29.6719,-1.0743,3.04473,11.2818,73.1014,0.125,36.1058,0.535439
ppo,0,2,143,49.5516,37.6906,-30.2179,-1.07967,3.07414,11.2498,74.0364,0.125,8.13647,0.535439
ppo,0,2,144,50.1982,38.1732,-30.7568,-1.08747,3.10259,11.2159,74.9792,0.125,15.8218,0.535439
ppo,0,2,145,50.8346,38.6539,-31.3151,-1.09761,3.12936,11.1796,75.9258,0.125,47.43,0.535439
ppo,0,2,146,51.4704,39.1614,-31.867,-1.10684,3.16027,11.1422,76.8781,0.125,29.3826,0.535439
ppo,0,2,147,52.122,39.6527,-32.4227,-1.11733,3.18822,11.1048,77.8378,0.125,12.2218,0.535439
ppo,0,2,148,52.7556,40.1462,-32.992,-1.12977,3.21569,11.063,78.793,0.125,37.8827,0.535439
ppo,0,2,149,53.3996,40.6558,-33.5454,-1.13936,3.24262,11.0218,79.7526,0.125,53.9721,0.535439
ppo,0,2,150,54.0546,41.1426,-34.1062,-1.15227,3.26553,10.9815,80.7178,0.125,17.8551,0.535439
ppo,0,2,151,54.696,41.645,-34.6768,-1.16974,3.288,10.942,81.6904,0.125,31.2372,0.535439
ppo,0,2,152,55.3587,42.1485,-35.232,-1.18786,3.3089,10.9004,82.6694,0.125,28.4255,0.535439
ppo,0,2,153,56.0165,42.6362,-35.8075,-1.20876,3.32499,10.8574,83.6523,0.125,24.5331,0.535439
ppo,0,2,154,56.6729,43.1457,-36.3792,-1.22833,3.33948,10.8135,84.6418,0.125,32.6445,0.535439
ppo,0,2,155,57.347,43.6397,-36.9519,-1.24837,3.35203,10.7684,85.6373,0.125,29.9063,0.535439
ppo,0,2,156,58.0086,44.1441,-37.5405,-1.27011,3.35991,10.7247,86.642,0.125,31.5028,0.535439
ppo,0,2,157,58.6836,44.6635,-38.1121,-1.29165,3.36647,10.6802,87.6536,0.125,38.792,0.535439
ppo,0,2,158,59.3612,45.1664,-38.6986,-1.31585,3.37033,10.637,88.6715,0.125,57.7564,0.535439
ppo,0,2,159,60.0337,45.6881,-39.2832,-1.34029,3.3732,10.5918,89.6929,0.125,38.4572,0.535439
ppo,0,2,160,60.7281,46.2029,-39.8617,-1.36921,3.37175,10.5505,90.7302,0.125,52.5602,0.535439
ppo,0,2,161,61.4071,46.7206,-40.4592,-1.39985,3.36894,10.5082,91.7702,0.125,20.8758,0.535439
ppo,0,2,162,62.0992,47.2527,-41.0369,-1.43159,3.36316,10.4638,92.8158,0.125,39.2522,0.535439
ppo,0,2,163,62.7945,47.7732,-41.6319,-1.46444,3.35542,10.4159,93.8676,0.125,38.9773,0.535439
ppo,0,2,164,63.4818,48.3166,-42.2187,-1.50019,3.34206,10.3681,94.9249,0.125,12.9158,0.535439
ppo,0,2,165,64.1855,48.8502,-42.8016,-1.54097,3.32371,10.3214,95.9931,0.125,48.7283,0.535439
ppo,0,2,166,64.8748,49.3939,-43.3961,-1.58294,3.30086,10.273,97.0648,0.125,57.3796,0.535439
ppo,0,2,167,65.5815,49.9426,-43.9766,-1.62856,3.2767,10.2299,98.149,0.125,34.886,0.535439
ppo,0,2,168,66.2779,50.4774,-44.5739,-1.67391,3.25055,10.1892,99.2311,0.125,27.2157,0.535439
ppo,0,2,169,66.9738,51.0368,-45.1612,-1.71979,3.22266,10.1525,100.323,0.125,58.3495,0.535439
ppo,0,2,170,67.6893,51.5778,-45.7528,-1.76981,3.19423,10.117,101.425,0.125,40.3532,0.535439
ppo,0,2,171,68.3879,52.1343,-46.3491,-1.82324,3.1648,10.0868,102.531,0.125,43.0824,0.535439
ppo,0,2,172,69.1062,52.6832,-46.9366,-1.87789,3.13361,10.0573,103.645,0.125,55.5165,0.535439
ppo,0,2,173,69.8067,53.2374,-47.5416,-1.93039,3.09838,10.033,104.761,0.125,62.7525,0.535439
ppo,0,2,174,70.5212,53.8062,-48.1296,-1.98378,3.05886,10.0097,105.889,0.125,39.9242,0.535439
ppo,0,2,175,71.2319,54.3588,-48.7369,-2.03637,3.01542,9.98701,107.018,0.125,52.423,0.535439
ppo,0,2,176,71.9446,54.9319,-49.3331,-2.09298,2.97104,9.97116,108.16,0.125,51.9959,0.535439
ppo,0,2,177,72.6694,55.4808,-49.9376,-2.15036,2.92465,9.96009,109.306,0.125,58.0814,0.535439
ppo,0,2,178,73.3812,56.0481,-50.548,-2.20789,2.87903,9.95331,110.458,0.125,74.6629,0.535439
ppo,0,2,179,74.1078,56.5988,-51.1558,-2.26533,2.8306,9.94918,111.614,0.125,43.3631,0.535439
ppo,0,2,180,74.8136,57.159,-51.7751,-2.32235,2.78046,9.94687,112.768,0.125,37.8621,0.535439
ppo,0,2,181,75.5414,57.7144,-52.3811,-2.38093,2.72963,9.94682,113.93,0.125,54.3471,0.535439
ppo,0,2,182,76.257,58.2702,-53.0042,-2.43729,2.67954,9.94597,115.091,0.125,35.7465,0.535439
ppo,0,2,183,76.986,58.8398,-53.6113,-2.49307,2.62909,9.95052,116.261,0.125,32.8504,0.535439
ppo,0,2,184,77.7076,59.3934,-54.2394,-2.54553,2.57931,9.96038,117.431,0.125,41.1924,0.535439
ppo,0,2,185,78.4353,59.9649,-54.8519,-2.59636,2.53073,9.97613,118.606,0.125,39.2064,0.535439
ppo,0,2,186,79.1586,60.515,-55.4799,-2.63941,2.48074,9.99592,119.775,0.125,77.584,0.535439
ppo,0,2,187,79.877,61.0919,-56.1036,-2.6813,2.42941,10.0193,120.952,0.125,25.5929,0.535439
ppo,0,2,188,80.6036,61.6456,-56.7361,-2.72008,2.37545,10.0478,122.131,0.125,62.661,0.535439
ppo,0,2,189,81.3215,62.2232,-57.3667,-2.75754,2.31662,10.0811,123.318,0.125,54.5262,0.535439
ppo,0,2,190,82.0537,62.7822,-58.0019,-2.79041,2.25731,10.1158,124.506,0.125,33.4343,0.535439
ppo,0,2,191,82.7725,63.3576,-58.6382,-2.81989,2.20065,10.1539,125.692,0.125,54.2178,0.535439
ppo,0,2,192,83.5083,63.9164,-59.269,-2.84489,2.14256,10.1941,126.878,0.125,80.0471,0.535439
ppo,0,2,193,84.2318,64.4971,-59.8988,-2.86535,2.08743,10.2375,128.062,0.125,77.5432,0.535439
ppo,0,2,194,84.9709,65.0608,-60.5233,-2.88338,2.03454,10.279,129.243,0.125,51.6816,0.535439
ppo,0,2,195,85.689,65.6432,-61.1512,-2.90206,1.98426,10.3252,130.421,0.125,34.2432,0.535439
ppo,0,2,196,86.4275,66.2094,-61.7725,-2.91832,1.93553,10.3718,131.6,0.125,18.1907,0.535439
ppo,0,2,197,87.147,66.7938,-62.3976,-2.93121,1.88515,10.4205,132.777,0.125,127.058,0.535439
ppo,0,2,198,87.8827,67.3667,-63.0248,-2.94205,1.83488,10.4697,133.959,0.125,66.0858,0.535439
ppo,0,2,199,88.5987,67.9538,-63.6589,-2.9493,1.78522,10.5219,135.137,0.125,37.263,0.535439
ppo,0,2,200,89.3312,68.5251,-64.2871,-2.95492,1.73739,10.5777,136.316,0.125,113.371,0.535439
ppo,0,2,201,90.045,69.1143,-64.9173,-2.96206,1.69238,10.6303,137.49,0.125,94.3812,0.535439
ppo,0,2,202,90.7766,69.6855,-65.5404,-2.96716,1.65105,10.6835,138.66,0.125,96.6958,0.535439
ppo,0,2,203,91.4926,70.2698,-66.1749,-2.97337,1.61362,10.7363,139.831,0.125,73.6399,0.535439
ppo,0,2,204,92.2232,70.8346,-66.8076,-2.97829,1.57837,10.7931,141.002,0.125,66.7763,0.535439
ppo,0,2,205,92.9383,71.4181,-67.4421,-2.97804,1.54459,10.8507,142.169,0.125,63.052,0.535439
ppo,0,2,206,93.6663,71.9796,-68.0779,-2.97401,1.5137,10.9129,143.333,0.125,90.1007,0.535439
ppo,0,2,207,94.3885,72.5628,-68.7099,-2.9657,1.48757,10.9801,144.499,0.125,121.542,0.535439
ppo,0,2,208,95.134,73.1321,-69.3471,-2.95342,1.46224,11.0504,145.676,0.125,60.4539,0.535439
ppo,0,2,209,95.8734,73.7246,-69.9714,-2.94153,1.43763,11.1203,146.853,0.125,133.108,0.535439
ppo,0,2,210,96.6157,74.2994,-70.6061,-2.92698,1.41486,11.1911,148.026,0.125,93.0189,0.535439
ppo,0,2,211,97.3558,74.8978,-71.2344,-2.90968,1.39383,11.2648,149.205,0.125,52.1233,0.535439
ppo,0,2,212,98.0899,75.4813,-71.8833,-2.88958,1.37867,11.3385,150.379,0.125,25.166,0.535439
ppo,0,2,213,98.83,76.0805,-72.5125,-2.87107,1.36334,11.4124,151.556,0.125,74.9901,0.535439
ppo,0,2,214,99.56,76.679,-73.1624,-2.85289,1.35308,11.4862,152.734,0.125,96.7882,0.535439
ppo,0,2,215,100.313,77.2754,-73.7992,-2.83546,1.3471,11.5582,153.918,0.125,55.5747,0.535439
ppo,0,2,216,101.045,77.877,-74.4495,-2.81473,1.34522,11.6271,155.091,0.125,45.8761,0.535439
ppo,0,2,217,101.797,78.4681,-75.0875,-2.79327,1.34875,11.6974,156.263,0.125,132.923,0.535439
ppo,0,2,218,102.532,79.076,-75.7355,-2.76788,1.35343,11.7601,157.43,0.125,87.911,0.535439
ppo,0,2,219,103.28,79.666,-76.3878,-2.73913,1.36112,11.8176,158.593,0.125,118.995,0.535439
ppo,0,2,220,104.02,80.2819,-77.0322,-2.70468,1.37135,11.878,159.757,0.125,129.106,0.535439
ppo,0,2,221,104.759,80.8786,-77.6904,-2.67242,1.38817,11.936,160.913,0.125,159.816,0.535439
ppo,0,2,222,105.494,81.5021,-78.3462,-2.63678,1.40553,11.9907,162.076,0.125,94.6277,0.535439
ppo,0,2,223,106.214,82.1119,-79.0226,-2.59872,1.42443,12.0436,163.229,0.125,93.2434,0.535439
ppo,0,2,224,106.952,82.7192,-79.6813,-2.5589,1.44482,12.0931,164.38,0.125,39.9847,0.535439
ppo,0,2,225,107.67,83.3342,-80.3515,-2.5174,1.46665,12.1382,165.523,0.125,22.9616,0.535439
ppo,0,2,226,108.404,83.9303,-81.0146,-2.47251,1.49128,12.1789,166.658,0.125,31.4917,0.535439
ppo,0,2,227,109.124,84.5508,-81.6713,-2.42532,1.52022,12.218,167.787,0.125,156.836,0.535439
ppo,0,2,228,109.845,85.1463,-82.3377,-2.37606,1.5527,12.249,168.903,0.125,125.571,0.535439
ppo,0,2,229,110.576,85.7555,-82.992,-2.3277,1.58561,12.2756,170.023,0.125,64.1427,0.535439
ppo,0,2,230,111.292,86.3572,-83.6609,-2.27468,1.62077,12.3014,171.133,0.125,146.241,0.535439
ppo,0,2,231,112.027,86.9513,-84.3261,-2.22134,1.65725,12.3206,172.245,0.125,243.169,0.535439
ppo,0,2,232,112.749,87.566,-84.9951,-2.16873,1.69079,12.3358,173.361,0.125,74.3467,0.535439
ppo,0,2,233,113.483,88.1556,-85.6665,-2.11612,1.7271,12.3489,174.471,0.125,38.3261,0.535439
ppo,0,2,234,114.215,88.7693,-86.3245,-2.06255,1.76891,12.3553,175.577,0.125,75.587,0.535439
ppo,0,2,235,114.93,89.3679,-87.0001,-2.00765,1.81245,12.3596,176.671,0.125,131.461,0.535439
ppo,0,2,236,115.667,89.9645,-87.6578,-1.95159,1.85755,12.3637,177.767,0.125,149.424,0.535439
ppo,0,2,237,116.391,90.5788,-88.3192,-1.89415,1.90007,12.3642,178.864,0.125,104.822,0.535439
ppo,0,2,238,117.125,91.1687,-88.9875,-1.8376,1.94416,12.3615,179.958,0.125,94.2684,0.535439
ppo,0,2,239,117.864,91.7782,-89.6394,-1.7812,1.98924,12.3547,181.052,0.125,180.694,0.535439
ppo,0,2,240,118.588,92.3896,-90.3096,-1.72688,2.03258,12.3446,182.148,0.125,16.6996,0.535439
ppo,0,2,241,119.334,92.9932,-90.9621,-1.67318,2.07655,12.3307,183.243,0.125,198.813,0.535439
ppo,0,2,242,120.071,93.6168,-91.6229,-1.62171,2.11947,12.316,184.348,0.125,163.732,0.535439
ppo,0,2,243,120.808,94.2212,-92.2963,-1.57121,2.16091,12.3012,185.452,0.125,198.089,0.535439
ppo,0,2,244,121.562,94.8272,-92.9526,-1.52245,2.19904,12.2846,186.56,0.125,143.509,0.535439
ppo,0,2,245,122.299,95.4453,-93.6206,-1.47643,2.23529,12.2695,187.673,0.125,115.691,0.535439
ppo,0,2,246,123.047,96.0414,-94.2887,-1.43284,2.27023,12.2505,188.783,0.125,158.344,0.535439
ppo,0,2,247,123.789,96.6638,-94.9506,-1.39104,2.3005,12.2279,189.9,0.125,215.885,0.535439
ppo,0,2,248,124.518,97.2785,-95.6291,-1.35027,2.33019,12.2025,191.012,0.125,194.721,0.535439
ppo,0,2,249,125.268,97.8817,-96.3004,-1.31047,2.35818,12.1744,192.129,0.125,203.784,0.535439
ppo,0,2,250,126.003,98.4992,-96.9888,-1.27323,2.38465,12.1443,193.254,0.125,49.6845,0.535439
ppo,0,2,251,126.734,99.0975,-97.692,-1.23756,2.40929,12.1127,194.377,0.125,189.918,0.535439
ppo,0,2,252,127.484,99.6942,-98.3791,-1.19832,2.43361,12.0796,195.499,0.125,65.7434,0.535439
ppo,0,2,253,128.215,100.307,-99.0727,-1.16368,2.45674,12.0429,196.622,0.125,147.559,0.535439
ppo,0,2,254,128.953,100.897,-99.7773,-1.12882,2.48285,12.0021,197.74,0.125,193.401,0.535439
ppo,0,2,255,129.704,101.517,-100.48,-1.09632,2.50683,11.9612,198.884,0.125,146.115,0.535439
ppo,0,2,256,130.436,102.152,-101.192,-1.06639,2.53236,11.9199,200.028,0.125,146.528,0.535439
ppo,0,2,257,131.185,102.766,-101.907,-1.03625,2.55475,11.8784,201.176,0.125,202.311,0.535439
ppo,0,2,258,131.941,103.407,-102.623,-1.00554,2.5723,11.8367,202.345,0.125,77.966,0.535439
ppo,0,2,259,132.677,104.061,-103.346,-0.973634,2.5873,11.7947,203.511,0.125,40.3275,0.535439
ppo,0,2,260,133.42,104.684,-104.078,-0.944581,2.59833,11.7529,204.676,0.125,95.0095,0.535439
ppo,0,2,261,134.174,105.323,-104.792,-0.916627,2.60837,11.709,205.845,0.125,68.2985,0.535439
ppo,0,2,262,134.904,105.974,-105.516,-0.896182,2.61887,11.6634,207.015,0.125,122.137,0.535439
ppo,0,2,263,135.649,106.605,-106.246,-0.874743,2.62867,11.6179,208.187,0.125,143.762,0.535439
ppo,0,2,264,136.406,107.252,-106.958,-0.856647,2.6375,11.5669,209.364,0.125,105.574,0.535439
ppo,0,2,265,137.141,107.916,-107.682,-0.8405,2.64882,11.514,210.542,0.125,105.814,0.535439
ppo,0,2,266,137.877,108.554,-108.419,-0.824382,2.65804,11.4588,211.714,0.125,222.823,0.535439
ppo,0,2,267,138.63,109.206,-109.146,-0.808801,2.66806,11.404,212.899,0.125,122.27,0.535439
ppo,0,2,268,139.363,109.879,-109.877,-0.794879,2.67381,11.3499,214.086,0.125,205.895,0.535439
ppo,0,2,269,140.113,110.538,-110.623,-0.782699,2.67322,11.2915,215.29,0.125,200.265,0.535439
ppo,0,2,270,140.885,111.192,-111.357,-0.772945,2.66866,11.2322,216.5,0.125,165.623,0.535439
ppo,0,2,271,141.651,111.87,-112.083,-0.767896,2.66134,11.1718,217.719,0.125,113.383,0.535439
ppo,0,2,272,142.404,112.547,-112.829,-0.76291,2.64841,11.1075,218.94,0.125,169.099,0.535439
ppo,0,2,273,143.177,113.209,-113.566,-0.758487,2.63608,11.0455,220.163,0.125,138.779,0.535439
ppo,0,2,274,143.957,113.891,-114.287,-0.754945,2.62243,10.987,221.395,0.125,81.5534,0.535439
ppo,0,2,275,144.719,114.583,-115.02,-0.7529,2.60808,10.9298,222.629,0.125,238.517,0.535439
ppo,0,2,276,145.508,115.261,-115.758,-0.75335,2.58821,10.8742,223.882,0.125,104.733,0.535439
ppo,0,2,277,146.313,115.947,-116.477,-0.754882,2.56715,10.8218,225.142,0.125,136.548,0.535439
ppo,0,2,278,147.103,116.656,-117.203,-0.759092,2.54396,10.7701,226.411,0.125,142.021,0.535439
ppo,0,2,279,147.887,117.346,-117.95,-0.762764,2.52127,10.7203,227.679,0.125,172.234,0.535439
ppo,0,2,280,148.692,118.02,-118.687,-0.769217,2.49634,10.6721,228.95,0.125,117.907,0.535439
ppo,0,2,281,149.501,118.711,-119.405,-0.778234,2.47108,10.6244,230.224,0.125,26.6715,0.535439
ppo,0,2,282,150.285,119.41,-120.134,-0.787711,2.44445,10.5809,231.496,0.125,266.082,0.535439
ppo,0,2,283,151.065,120.096,-120.88,-0.79786,2.41514,10.5397,232.771,0.125,383.704,0.535439
ppo,0,2,284,151.86,120.777,-121.626,-0.804815,2.38516,10.495,234.049,0.125,280.674,0.535439
ppo,0,2,285,152.644,121.482,-122.386,-0.809764,2.35399,10.4543,235.342,0.125,160.249,0.535439
ppo,0,2,286,153.424,122.177,-123.172,-0.813739,2.32266,10.4173,236.644,0.125,78.3316,0.535439
ppo,0,2,287,154.215,122.846,-123.96,-0.816521,2.2917,10.3824,237.941,0.125,147.863,0.535439
ppo,0,2,288,155.023,123.517,-124.733,-0.821448,2.25623,10.348,239.245,0.125,148.693,0.535439
ppo,0,2,289,155.818,124.209,-125.502,-0.82665,2.21556,10.3141,240.553,0.125,207.486,0.535439
ppo,0,2,290,156.594,124.894,-126.288,-0.831786,2.17206,10.2848,241.859,0.125,158.849,0.535439
ppo,0,2,291,157.382,125.556,-127.077,-0.833948,2.12987,10.2606,243.162,0.125,210.546,0.535439
ppo,0,2,292,158.187,126.217,-127.848,-0.836834,2.08589,10.2397,244.469,0.125,134.358,0.535439
ppo,0,2,293,158.975,126.903,-128.615,-0.842713,2.03881,10.2198,245.78,0.125,283.77,0.535439
ppo,0,2,294,159.744,127.595,-129.395,-0.848052,1.98921,10.2068,247.094,0.125,348.47,0.535439
ppo,0,2,295,160.513,128.267,-130.19,-0.856141,1.94108,10.1941,248.407,0.125,152.505,0.535439
ppo,0,2,296,161.298,128.941,-130.963,-0.861981,1.89128,10.1832,249.719,0.125,110.089,0.535439
ppo,0,2,297,162.075,129.639,-131.723,-0.871158,1.84026,10.174,251.035,0.125,252.628,0.535439
ppo,0,2,298,162.829,130.347,-132.496,-0.877542,1.79093,10.1703,252.349,0.125,145.268,0.535439
ppo,0,2,299,163.581,131.037,-133.285,-0.881632,1.74407,10.1691,253.66,0.125,153.176,0.535439
ppo,0,3,0,0,0,0,-1.27703,4.78765,6.50939,8.18075,0.125,0.832371,0.51312
ppo,0,3,1,-0.0141405,0.011489,0.0119112,-1.30738,4.77682,6.5285,8.17599,0.125,0.940638,0.51312
ppo,0,3,2,-0.0453877,0.0388024,0.0312997,-1.33363,4.76362,6.54927,8.15276,0.125,0.791016,0.51312
ppo,0,3,3,-0.0886755,0.0870938,0.059439,-1.35922,4.7493,6.57018,8.10803,0.125,1.19194,0.51312
ppo,0,3,4,-0.134521,0.151213,0.0950991,-1.37913,4.73486,6.59186,8.04778,0.125,0.974786,0.51312
ppo,0,3,5,-0.18177,0.231577,0.1415,-1.39981,4.72264,6.61111,7.96927,0.125,1.20879,0.51312
ppo,0,3,6,-0.224352,0.329964,0.190311,-1.42041,4.70763,6.63134,7.87917,0.125,0.703395,0.51312
ppo,0,3,7,-0.262863,0.448521,0.23864,-1.43801,4.69332,6.655,7.78261,0.125,0.735163,0.51312
ppo,0,3,8,-0.289257,0.58602,0.285065,-1.45229,4.68074,6.6833,7.68484,0.125,0.462773,0.51312
ppo,0,3,9,-0.304671,0.740445,0.328495,-1.46531,4.6699,6.70683,7.58095,0.125,0.401046,0.51312
ppo,0,3,10,-0.306025,0.913485,0.370116,-1.4781,4.65784,6.73532,7.47728,0.125,0.959682,0.51312
ppo,0,3,11,-0.291017,1.10001,0.402982,-1.49127,4.64519,6.76737,7.38338,0.125,0.826087,0.51312
ppo,0,3,12,-0.262891,1.30203,0.423714,-1.50173,4.63242,6.79797,7.29776,0.125,1.54348,0.51312
ppo,0,3,13,-0.22185,1.51725,0.429979,-1.51044,4.61714,6.82748,7.22481,0.125,0.567417,0.51312
ppo,0,3,14,-0.166219,1.74656,0.427498,-1.5183,4.6009,6.85612,7.16258,0.125,0.507511,0.51312
ppo,0,3,15,-0.0927273,1.98713,0.419725,-1.52468,4.58584,6.88259,7.11143,0.125,0.868458,0.51312
ppo,0,3,16,-0.00659396,2.23852,0.408102,-1.52626,4.57238,6.91224,7.07531,0.125,0.941157,0.51312
ppo,0,3,17,0.098118,2.49885,0.393327,-1.52536,4.55775,6.9434,7.05536,0.125,0.971008,0.51312
ppo,0,3,18,0.223865,2.76093,0.373926,-1.51917,4.54525,6.97377,7.05549,0.125,0.840731,0.51312
ppo,0,3,19,0.366639,3.01706,0.347591,-1.51057,4.53454,7.00684,7.08324,0.125,0.521414,0.51312
ppo,0,3,20,0.523204,3.25775,0.316707,-1.50271,4.52669,7.04117,7.13673,0.125,0.892332,0.51312
ppo,0,3,21,0.687839,3.4799,0.276106,-1.48956,4.51804,7.07398,7.21317,0.125,0.958714,0.51312
ppo,0,3,22,0.859535,3.6824,0.223999,-1.47468,4.50813,7.1068,7.31459,0.125,1.28921,0.51312
ppo,0,3,23,1.0273,3.86547,0.154852,-1.46018,4.49713,7.13911,7.44086,0.125,1.03594,0.51312
ppo,0,3,24,1.18337,4.03486,0.0649677,-1.44743,4.48415,7.17346,7.593,0.125,0.834879,0.51312
ppo,0,3,25,1.32223,4.1897,-0.041302,-1.43367,4.47655,7.20317,7.75627,0.125,0.957123,0.51312
ppo,0,3,26,1.43652,4.34152,-0.162413,-1.41816,4.46933,7.2331,7.92837,0.125,0.841579,0.51312
ppo,0,3,27,1.5254,4.49698,-0.293544,-1.40207,4.46151,7.26142,8.1024,0.125,0.85043,0.51312
ppo,0,3,28,1.59213,4.66237,-0.423092,-1.38616,4.45407,7.29025,8.27099,0.125,1.76476,0.51312
ppo,0,3,29,1.64192,4.8469,-0.542341,-1.37042,4.44507,7.31804,8.42741,0.125,1.23484,0.51312
ppo,0,3,30,1.68562,5.04932,-0.650079,-1.35443,4.43561,7.34577,8.57625,0.125,1.46792,0.51312
ppo,0,3,31,1.73149,5.26353,-0.736761,-1.3376,4.43014,7.37314,8.71117,0.125,1.04619,0.51312
ppo,0,3,32,1.78622,5.48145,-0.805984,-1.3209,4.42765,7.39637,8.83421,0.125,0.912903,0.51312
ppo,0,3,33,1.85454,5.69448,-0.863137,-1.30113,4.42489,7.42,8.95436,0.125,1.88491,0.51312
ppo,0,3,34,1.93701,5.89425,-0.92272,-1.28034,4.42327,7.44075,9.0809,0.125,1.57215,0.51312
ppo,0,3,35,2.02688,6.07687,-0.993255,-1.25952,4.42044,7.45723,9.2171,0.125,1.03343,0.51312
ppo,0,3,36,2.11848,6.24809,-1.0756,-1.23752,4.41668,7.47419,9.36566,0.125,2.02081,0.51312
ppo,0,3,37,2.20301,6.41772,-1.17908,-1.21479,4.41583,7.4899,9.53101,0.125,0.523902,0.51312
ppo,0,3,38,2.27944,6.59108,-1.29918,-1.19118,4.41705,7.50657,9.71148,0.125,1.76455,0.51312
ppo,0,3,39,2.3472,6.77533,-1.4328,-1.16858,4.41923,7.52242,9.90494,0.125,1.02604,0.51312
ppo,0,3,40,2.40961,6.97705,-1.57002,-1.14228,4.4239,7.54013,10.1059,0.125,0.578385,0.51312
ppo,0,3,41,2.47386,7.19859,-1.71182,-1.11376,4.42684,7.55681,10.318,0.125,1.47945,0.51312
ppo,0,3,42,2.55025,7.44044,-1.85714,-1.08789,4.43084,7.57417,10.5472,0.125,1.6719,0.51312
ppo,0,3,43,2.64222,7.6984,-2.00752,-1.06031,4.43567,7.59072,10.7926,0.125,1.45282,0.51312
ppo,0,3,44,2.75436,7.96949,-2.16027,-1.03417,4.44128,7.61046,11.0575,0.125,1.97854,0.51312
ppo,0,3,45,2.88763,8.24707,-2.3112,-1.01014,4.4459,7.63006,11.3345,0.125,2.13919,0.51312
ppo,0,3,46,3.03839,8.52109,-2.46197,-0.986415,4.45046,7.64667,11.617,0.125,1.7982,0.51312
ppo,0,3,47,3.20159,8.78345,-2.6178,-0.96314,4.45786,7.66379,11.9066,0.125,1.31982,0.51312
ppo,0,3,48,3.36668,9.02763,-2.79128,-0.935895,4.46374,7.67967,12.2058,0.125,1.72684,0.51312
ppo,0,3,49,3.51866,9.26583,-2.9828,-0.911224,4.46717,7.69277,12.5147,0.125,1.35023,0.51312
ppo,0,3,50,3.65382,9.50833,-3.18831,-0.885904,4.47175,7.70613,12.8322,0.125,1.79493,0.51312
ppo,0,3,51,3.77304,9.76375,-3.39997,-0.859932,4.47952,7.71834,13.1531,0.125,0.640603,0.51312
ppo,0,3,52,3.88224,10.0402,-3.60085,-0.835477,4.49005,7.73224,13.4722,0.125,1.88586,0.51312
ppo,0,3,53,4.00227,10.3274,-3.78317,-0.810375,4.50061,7.74309,13.7829,0.125,3.0128,0.51312
ppo,0,3,54,4.1424,10.6122,-3.95273,-0.786111,4.5116,7.75146,14.0889,0.125,2.52857,0.51312
ppo,0,3,55,4.29695,10.8798,-4.12552,-0.762061,4.52149,7.75939,14.397,0.125,2.8384,0.51312
ppo,0,3,56,4.4533,11.1336,-4.31272,-0.737034,4.53254,7.76523,14.7102,0.125,0.894212,0.51312
ppo,0,3,57,4.60685,11.3821,-4.5191,-0.714049,4.54376,7.76988,15.0364,0.125,1.48665,0.51312
ppo,0,3,58,4.75195,11.6431,-4.73952,-0.691645,4.55482,7.77495,15.3782,0.125,1.90204,0.51312
ppo,0,3,59,4.88819,11.9224,-4.96606,-0.670005,4.56696,7.78064,15.7313,0.125,2.20573,0.51312
ppo,0,3,60,5.03027,12.2214,-5.19214,-0.652163,4.57859,7.78094,16.0936,0.125,2.1436,0.51312
ppo,0,3,61,5.18517,12.5365,-5.41346,-0.633299,4.59145,7.77846,16.4622,0.125,2.75681,0.51312
ppo,0,3,62,5.35919,12.8609,-5.6254,-0.615123,4.60443,7.77104,16.8323,0.125,3.71397,0.51312
ppo,0,3,63,5.55098,13.1792,-5.84076,-0.598667,4.61777,7.76398,17.2106,0.125,2.07585,0.51312
ppo,0,3,64,5.75142,13.482,-6.06959,-0.582434,4.63239,7.75435,17.5936,0.125,1.33099,0.51312
ppo,0,3,65,5.93926,13.7766,-6.31485,-0.568165,4.64571,7.74555,17.9837,0.125,3.57352,0.51312
ppo,0,3,66,6.11577,14.0891,-6.57276,-0.555915,4.66019,7.73671,18.3896,0.125,2.44842,0.51312
ppo,0,3,67,6.28517,14.4254,-6.81874,-0.545009,4.6747,7.72982,18.7986,0.125,2.38469,0.51312
ppo,0,3,68,6.46775,14.7754,-7.04978,-0.534349,4.68955,7.72381,19.2097,0.125,2.93964,0.51312
ppo,0,3,69,6.6704,15.1176,-7.27411,-0.52571,4.70665,7.7165,19.6186,0.125,2.31534,0.51312
ppo,0,3,70,6.8871,15.4421,-7.50472,-0.518716,4.72019,7.71014,20.0324,0.125,2.30159,0.51312
ppo,0,3,71,7.09721,15.7563,-7.75708,-0.512563,4.7323,7.70343,20.4564,0.125,3.94071,0.51312
ppo,0,3,72,7.29846,16.0764,-8.02489,-0.507823,4.7453,7.70214,20.8967,0.125,2.6664,0.51312
ppo,0,3,73,7.49323,16.4153,-8.29605,-0.500386,4.75883,7.70031,21.346,0.125,3.29886,0.51312
ppo,0,3,74,7.69629,16.7728,-8.55939,-0.492192,4.77146,7.69635,21.8021,0.125,3.04402,0.51312
ppo,0,3,75,7.91811,17.1381,-8.81689,-0.48835,4.78108,7.69431,22.2707,0.125,4.9132,0.51312
ppo,0,3,76,8.15912,17.4957,-9.08191,-0.485754,4.79089,7.69334,22.7498,0.125,4.3729,0.51312
ppo,0,3,77,8.39936,17.8409,-9.36444,-0.480645,4.79752,7.6929,23.2365,0.125,2.11624,0.51312
ppo,0,3,78,8.62418,18.1891,-9.66341,-0.476382,4.80335,7.6922,23.7321,0.125,2.8485,0.51312
ppo,0,3,79,8.84099,18.5586,-9.95775,-0.473213,4.80772,7.6939,24.2368,0.125,5.11348,0.51312
ppo,0,3,80,9.06951,18.9393,-10.2401,-0.474584,4.81247,7.69572,24.7457,0.125,4.35779,0.51312
ppo,0,3,81,9.32122,19.315,-10.5181,-0.476191,4.81604,7.69641,25.2582,0.125,4.04176,0.51312
ppo,0,3,82,9.57997,19.678,-10.8086,-0.476641,4.82058,7.69756,25.7751,0.125,4.09022,0.51312
ppo,0,3,83,9.83355,20.0422,-11.1184,-0.476912,4.83044,7.69755,26.301,0.125,4.4919,0.51312
ppo,0,3,84,10.0792,20.423,-11.4397,-0.477803,4.84148,7.69302,26.8383,0.125,4.68596,0.51312
ppo,0,3,85,10.3291,20.8238,-11.7567,-0.47975,4.85155,7.68987,27.3882,0.125,2.88246,0.51312
ppo,0,3,86,10.602,21.2269,-12.0662,-0.483613,4.86431,7.68751,27.9434,0.125,5.11521,0.51312
ppo,0,3,87,10.8888,21.6163,-12.3834,-0.488243,4.87641,7.68329,28.5015,0.125,2.77262,0.51312
ppo,0,3,88,11.167,22.0024,-12.7185,-0.492512,4.88602,7.68002,29.0691,0.125,6.03825,0.51312
ppo,0,3,89,11.4329,22.4055,-13.0611,-0.497676,4.89647,7.67152,29.6437,0.125,4.97854,0.51312
ppo,0,3,90,11.7048,22.8245,-13.3919,-0.502848,4.90586,7.66438,30.2237,0.125,3.90916,0.51312
ppo,0,3,91,11.9958,23.2413,-13.7178,-0.508091,4.91545,7.65629,30.8064,0.125,11.8403,0.51312
ppo,0,3,92,12.2979,23.6457,-14.0583,-0.514329,4.92814,7.64984,31.3966,0.125,7.09271,0.51312
ppo,0,3,93,12.592,24.0521,-14.4189,-0.522889,4.93885,7.64372,32.0011,0.125,5.4926,0.51312
ppo,0,3,94,12.8834,24.4803,-14.7831,-0.532454,4.94946,7.63501,32.6192,0.125,6.5967,0.51312
ppo,0,3,95,13.1868,24.9205,-15.1401,-0.540201,4.96214,7.62708,33.2432,0.125,8.87275,0.51312
ppo,0,3,96,13.5078,25.3591,-15.4996,-0.549768,4.9731,7.61719,33.8761,0.125,7.48186,0.51312
ppo,0,3,97,13.83,25.787,-15.8739,-0.557799,4.98521,7.60805,34.5127,0.125,8.13712,0.51312
ppo,0,3,98,14.1428,26.228,-16.2579,-0.565712,4.99705,7.59968,35.1607,0.125,7.05223,0.51312
ppo,0,3,99,14.4645,26.6845,-16.6347,-0.574031,5.00584,7.59045,35.8188,0.125,5.37552,0.51312
ppo,0,3,100,14.807,27.1394,-17.0059,-0.581381,5.01757,7.58203,36.4794,0.125,3.61731,0.51312
ppo,0,3,101,15.1591,27.5845,-17.3926,-0.588275,5.02859,7.5737,37.1492,0.125,9.83908,0.51312
ppo,0,3,102,15.5038,28.0331,-17.7968,-0.592978,5.04116,7.56236,37.8263,0.125,4.43153,0.51312
ppo,0,3,103,15.8521,28.499,-18.2005,-0.595498,5.05107,7.5494,38.5148,0.125,5.11486,0.51312
ppo,0,3,104,16.2196,28.969,-18.6,-0.600319,5.0615,7.53604,39.2119,0.125,8.92128,0.51312
ppo,0,3,105,16.5982,29.4273,-19.0113,-0.607212,5.07056,7.52611,39.9188,0.125,7.18455,0.51312
ppo,0,3,106,16.9649,29.8919,-19.4402,-0.615708,5.08031,7.51876,40.6384,0.125,8.76946,0.51312
ppo,0,3,107,17.3332,30.3756,-19.8672,-0.625735,5.08777,7.51163,41.3714,0.125,3.76756,0.51312
ppo,0,3,108,17.7202,30.8639,-20.2862,-0.634415,5.09365,7.50279,42.1097,0.125,9.08007,0.51312
ppo,0,3,109,18.1129,31.3425,-20.7223,-0.642434,5.10029,7.49498,42.8559,0.125,7.99751,0.51312
ppo,0,3,110,18.4971,31.8272,-21.1749,-0.650264,5.10594,7.48659,43.6134,0.125,4.97671,0.51312
ppo,0,3,111,18.8837,32.3304,-21.6229,-0.660307,5.11266,7.47851,44.3809,0.125,8.45278,0.51312
ppo,0,3,112,19.2896,32.8369,-22.0679,-0.672197,5.11933,7.47378,45.1602,0.125,3.28075,0.51312
ppo,0,3,113,19.7015,33.3336,-22.5333,-0.685414,5.12265,7.46709,45.9512,0.125,7.54547,0.51312
ppo,0,3,114,20.104,33.8429,-23.0106,-0.69536,5.12758,7.46271,46.7526,0.125,9.44248,0.51312
ppo,0,3,115,20.518,34.3665,-23.4777,-0.705492,5.12993,7.45939,47.5638,0.125,9.43986,0.51312
ppo,0,3,116,20.9498,34.8802,-23.9474,-0.717535,5.13149,7.45702,48.3807,0.125,7.14412,0.51312
ppo,0,3,117,21.3779,35.3894,-24.4396,-0.7303,5.132,7.45508,49.2093,0.125,7.08258,0.51312
ppo,0,3,118,21.7984,35.9196,-24.9374,-0.740485,5.13171,7.4533,50.0505,0.125,3.96737,0.51312
ppo,0,3,119,22.2343,36.4591,-25.4252,-0.749417,5.13176,7.4517,50.8974,0.125,12.3203,0.51312
ppo,0,3,120,22.6801,36.9922,-25.9279,-0.758264,5.13019,7.44949,51.7551,0.125,12.9919,0.51312
ppo,0,3,121,23.1172,37.5328,-26.4498,-0.765422,5.13082,7.44811,52.6245,0.125,20.9439,0.51312
ppo,0,3,122,23.557,38.0974,-26.9655,-0.773313,5.13211,7.44623,53.5055,0.125,9.53148,0.51312
ppo,0,3,123,24.0161,38.6586,-27.4817,-0.782276,5.1288,7.44377,54.3966,0.125,18.8276,0.51312
ppo,0,3,124,24.4698,39.218,-28.0208,-0.79216,5.12687,7.44409,55.3003,0.125,10.9059,0.51312
ppo,0,3,125,24.9223,39.7968,-28.563,-0.798727,5.12749,7.4447,56.2146,0.125,14.2867,0.51312
ppo,0,3,126,25.3946,40.3791,-29.1022,-0.810078,5.12356,7.44358,57.1422,0.125,6.69935,0.51312
ppo,0,3,127,25.8676,40.9523,-29.6597,-0.818827,5.11951,7.44074,58.0741,0.125,12.5473,0.51312
ppo,0,3,128,26.3279,41.543,-30.2228,-0.828068,5.11852,7.43695,59.0122,0.125,12.7215,0.51312
ppo,0,3,129,26.8033,42.1417,-30.7769,-0.840477,5.11275,7.43555,59.9626,0.125,9.00937,0.51312
ppo,0,3,130,27.2903,42.7282,-31.3403,-0.852049,5.10988,7.43445,60.9147,0.125,12.6581,0.51312
ppo,0,3,131,27.7655,43.3264,-31.9228,-0.863664,5.10955,7.43495,61.8804,0.125,13.2858,0.51312
ppo,0,3,132,28.2544,43.9446,-32.5011,-0.873448,5.10659,7.43404,62.8621,0.125,22.0154,0.51312
ppo,0,3,133,28.76,44.5522,-33.0846,-0.880173,5.10487,7.43385,63.8465,0.125,19.848,0.51312
ppo,0,3,134,29.2497,45.1669,-33.6811,-0.882441,5.10423,7.43237,64.8327,0.125,9.0082,0.51312
ppo,0,3,135,29.7483,45.8002,-34.2687,-0.883584,5.10339,7.43476,65.831,0.125,11.0528,0.51312
ppo,0,3,136,30.2602,46.419,-34.8654,-0.883832,5.10043,7.43309,66.8307,0.125,15.6809,0.51312
ppo,0,3,137,30.7653,47.044,-35.4827,-0.882815,5.1009,7.43221,67.8419,0.125,10.8028,0.51312
ppo,0,3,138,31.2801,47.6863,-36.0981,-0.884066,5.10003,7.43205,68.8695,0.125,19.3971,0.51312
ppo,0,3,139,31.8105,48.3189,-36.7214,-0.884828,5.09644,7.43456,69.9064,0.125,20.4159,0.51312
ppo,0,3,140,32.3316,48.9587,-37.3599,-0.887062,5.09514,7.437,70.9525,0.125,20.3129,0.51312
ppo,0,3,141,32.8635,49.6108,-37.9897,-0.890555,5.09681,7.44069,72.0052,0.125,21.5662,0.51312
ppo,0,3,142,33.4056,50.2497,-38.6294,-0.896704,5.09757,7.44489,73.063,0.125,24.19,0.51312
ppo,0,3,143,33.9332,50.8968,-39.2831,-0.901709,5.09824,7.44763,74.1265,0.125,18.1011,0.51312
ppo,0,3,144,34.4709,51.558,-39.9303,-0.903775,5.09846,7.45394,75.2005,0.125,7.07968,0.51312
ppo,0,3,145,35.0192,52.2079,-40.586,-0.905646,5.09949,7.46002,76.2773,0.125,41.5618,0.51312
ppo,0,3,146,35.5576,52.877,-41.2538,-0.906204,5.10001,7.46818,77.3698,0.125,40.4084,0.51312
ppo,0,3,147,36.1135,53.547,-41.9121,-0.903145,5.10061,7.47732,78.464,0.125,7.03419,0.51312
ppo,0,3,148,36.6707,54.2054,-42.5915,-0.895967,5.10058,7.48726,79.5639,0.125,47.8936,0.51312
ppo,0,3,149,37.2211,54.8811,-43.2798,-0.890328,5.10513,7.49764,80.6751,0.125,31.1547,0.51312
ppo,0,3,150,37.7926,55.5517,-43.9604,-0.885219,5.10932,7.50804,81.7888,0.125,25.1423,0.51312
ppo,0,3,151,38.3563,56.2188,-44.6636,-0.880843,5.10852,7.51756,82.9138,0.125,16.1961,0.51312
ppo,0,3,152,38.9195,56.9044,-45.3595,-0.877337,5.10215,7.52709,84.0491,0.125,36.9179,0.51312
ppo,0,3,153,39.5029,57.5754,-46.0562,-0.877804,5.09645,7.53786,85.1878,0.125,49.0702,0.51312
ppo,0,3,154,40.0727,58.2603,-46.7699,-0.875333,5.09286,7.55266,86.3392,0.125,34.5724,0.51312
ppo,0,3,155,40.6591,58.9547,-47.4715,-0.871554,5.08922,7.56797,87.4964,0.125,17.3532,0.51312
ppo,0,3,156,41.2501,59.6405,-48.1895,-0.86854,5.08663,7.58753,88.6633,0.125,52.3308,0.51312
ppo,0,3,157,41.8262,60.3452,-48.9166,-0.864468,5.08422,7.60943,89.8413,0.125,50.4677,0.51312
ppo,0,3,158,42.4229,61.0434,-49.6369,-0.860456,5.08276,7.63148,91.0204,0.125,32.5386,0.51312
ppo,0,3,159,43.005,61.7405,-50.3728,-0.856062,5.08098,7.65116,92.2002,0.125,40.8114,0.51312
ppo,0,3,160,43.5932,62.457,-51.0961,-0.853269,5.08085,7.66991,93.3861,0.125,16.6058,0.51312
ppo,0,3,161,44.1939,63.1577,-51.8332,-0.847371,5.07754,7.68392,94.5744,0.125,10.0058,0.51312
ppo,0,3,162,44.784,63.8756,-52.577,-0.842121,5.07448,7.69783,95.7725,0.125,26.0361,0.51312
ppo,0,3,163,45.3941,64.5893,-53.3167,-0.834988,5.07104,7.71156,96.9742,0.125,34.0393,0.51312
ppo,0,3,164,45.9916,65.3012,-54.0739,-0.823419,5.06858,7.72718,98.1783,0.125,44.8473,0.51312
ppo,0,3,165,46.5957,66.0271,-54.8221,-0.812343,5.06639,7.74216,99.3882,0.125,22.5234,0.51312
ppo,0,3,166,47.2061,66.7401,-55.5848,-0.803825,5.06968,7.76229,100.603,0.125,11.6331,0.51312
ppo,0,3,167,47.8056,67.4718,-56.3504,-0.794014,5.07203,7.78125,101.826,0.125,49.4445,0.51312
ppo,0,3,168,48.4276,68.191,-57.1118,-0.784666,5.07553,7.79453,103.045,0.125,24.6837,0.51312
ppo,0,3,169,49.0334,68.9081,-57.8886,-0.773218,5.08124,7.80739,104.262,0.125,66.5349,0.51312
ppo,0,3,170,49.6541,69.6365,-58.6546,-0.762305,5.08308,7.81715,105.487,0.125,29.7853,0.51312
ppo,0,3,171,50.274,70.3511,-59.4379,-0.748809,5.08151,7.82869,106.716,0.125,67.0591,0.51312
ppo,0,3,172,50.8908,71.0894,-60.2136,-0.738001,5.08029,7.83952,107.954,0.125,55.1217,0.51312
ppo,0,3,173,51.5239,71.813,-60.9971,-0.72666,5.07781,7.84799,109.194,0.125,35.839,0.51312
ppo,0,3,174,52.141,72.5575,-61.7859,-0.712088,5.07527,7.85606,110.441,0.125,29.0073,0.51312
ppo,0,3,175,52.7757,73.2998,-62.5699,-0.699284,5.07155,7.86273,111.693,0.125,54.223,0.51312
ppo,0,3,176,53.3974,74.0415,-63.3715,-0.685052,5.06782,7.86682,112.948,0.125,55.0793,0.51312
ppo,0,3,177,54.0349,74.7913,-64.1589,-0.67024,5.06308,7.86841,114.204,0.125,88.6,0.51312
ppo,0,3,178,54.6659,75.5272,-64.9637,-0.654283,5.05506,7.86885,115.461,0.125,36.1625,0.51312
ppo,0,3,179,55.2996,76.2836,-65.7594,-0.634982,5.04465,7.86951,116.726,0.125,43.4517,0.51312
ppo,0,3,180,55.9393,77.022,-66.5665,-0.611555,5.03739,7.87027,117.986,0.125,66.9712,0.51312
ppo,0,3,181,56.569,77.7792,-67.3716,-0.590151,5.03359,7.87173,119.25,0.125,18.3799,0.51312
ppo,0,3,182,57.2157,78.5239,-68.1796,-0.568965,5.03254,7.87389,120.516,0.125,77.5804,0.51312
ppo,0,3,183,57.8488,79.2884,-68.9929,-0.548147,5.03373,7.87078,121.787,0.125,20.6392,0.51312
ppo,0,3,184,58.5021,80.0483,-69.8002,-0.527506,5.03628,7.86701,123.059,0.125,75.0878,0.51312
ppo,0,3,185,59.1407,80.8142,-70.6213,-0.506418,5.03887,7.86043,124.335,0.125,17.1194,0.51312
ppo,0,3,186,59.8014,81.5842,-71.4284,-0.489509,5.04197,7.85648,125.618,0.125,49.7117,0.51312
ppo,0,3,187,60.4465,82.3558,-72.2531,-0.472015,5.04705,7.85464,126.905,0.125,43.1635,0.51312
ppo,0,3,188,61.1076,83.1385,-73.0636,-0.456444,5.05497,7.85369,128.198,0.125,41.1808,0.51312
ppo,0,3,189,61.7597,83.9137,-73.8918,-0.442544,5.06331,7.85345,129.494,0.125,57.3638,0.51312
ppo,0,3,190,62.426,84.7061,-74.7039,-0.42961,5.06962,7.85246,130.799,0.125,69.131,0.51312
ppo,0,3,191,63.0854,85.4879,-75.5365,-0.418061,5.07668,7.85291,132.108,0.125,74.0918,0.51312
ppo,0,3,192,63.7567,86.2889,-76.3563,-0.407274,5.08602,7.85409,133.425,0.125,64.5559,0.51312
ppo,0,3,193,64.4333,87.0744,-77.1898,-0.398149,5.09668,7.85481,134.744,0.125,17.3445,0.51312
ppo,0,3,194,65.1096,87.8799,-78.0127,-0.390602,5.10888,7.85485,136.068,0.125,40.3011,0.51312
ppo,0,3,195,65.7949,88.6711,-78.8489,-0.38447,5.12269,7.85657,137.397,0.125,48.8054,0.51312
ppo,0,3,196,66.4811,89.4812,-79.6748,-0.37832,5.13452,7.8581,138.732,0.125,68.5148,0.51312
ppo,0,3,197,67.18,90.2719,-80.5098,-0.372062,5.14643,7.85918,140.067,0.125,55.4625,0.51312
ppo,0,3,198,67.8728,91.0832,-81.3363,-0.369907,5.15572,7.85656,141.407,0.125,169.897,0.51312
ppo,0,3,199,68.579,91.8889,-82.1777,-0.366445,5.16486,7.85215,142.758,0.125,34.8242,0.51312
ppo,0,3,200,69.2813,92.716,-83.0108,-0.363634,5.17184,7.84875,144.118,0.125,50.6826,0.51312
ppo,0,3,201,69.9899,93.5195,-83.8513,-0.362142,5.17579,7.846,145.473,0.125,34.2849,0.51312
ppo,0,3,202,70.6927,94.3434,-84.6774,-0.362594,5.17649,7.8426,146.832,0.125,96.374,0.51312
ppo,0,3,203,71.4002,95.1482,-85.5163,-0.364239,5.17753,7.8401,148.19,0.125,24.7032,0.51312
ppo,0,3,204,72.1079,95.9715,-86.3424,-0.368053,5.17639,7.84023,149.556,0.125,80.4893,0.51312
ppo,0,3,205,72.817,96.7739,-87.1795,-0.373486,5.1707,7.84206,150.921,0.125,111.603,0.51312
ppo,0,3,206,73.5324,97.5949,-88.0042,-0.377008,5.16867,7.84538,152.29,0.125,51.385,0.51312
ppo,0,3,207,74.2434,98.4023,-88.8464,-0.378743,5.1659,7.85187,153.662,0.125,42.3391,0.51312
ppo,0,3,208,74.9672,99.2232,-89.6713,-0.381887,5.16264,7.85901,155.039,0.125,32.7852,0.51312
ppo,0,3,209,75.685,100.032,-90.5148,-0.384377,5.1633,7.86941,156.416,0.125,73.9398,0.51312
ppo,0,3,210,76.4127,100.855,-91.3416,-0.385414,5.16335,7.87755,157.795,0.125,32.6931,0.51312
ppo,0,3,211,77.1288,101.668,-92.1867,-0.387343,5.16365,7.88538,159.174,0.125,52.6083,0.51312
ppo,0,3,212,77.8635,102.49,-93.0128,-0.389623,5.16413,7.89216,160.554,0.125,51.5823,0.51312
ppo,0,3,213,78.5811,103.312,-93.8596,-0.391483,5.16129,7.89712,161.94,0.125,124.95,0.51312
ppo,0,3,214,79.3176,104.131,-94.6896,-0.392234,5.15741,7.90144,163.323,0.125,68.5602,0.51312
ppo,0,3,215,80.0356,104.957,-95.5321,-0.389938,5.15541,7.90523,164.705,0.125,172.475,0.51312
ppo,0,3,216,80.777,105.783,-96.3736,-0.386189,5.15466,7.90764,166.097,0.125,95.3076,0.51312
ppo,0,3,217,81.5024,106.629,-97.2177,-0.383842,5.15469,7.91068,167.494,0.125,21.0465,0.51312
ppo,0,3,218,82.2414,107.454,-98.0681,-0.38035,5.15437,7.91511,168.89,0.125,98.2015,0.51312
ppo,0,3,219,82.9815,108.3,-98.9068,-0.380136,5.15256,7.91732,170.294,0.125,93.7076,0.51312
ppo,0,3,220,83.7247,109.127,-99.7614,-0.378723,5.14962,7.92104,171.698,0.125,103.394,0.51312
ppo,0,3,221,84.4783,109.969,-100.596,-0.377124,5.14693,7.92595,173.104,0.125,178.815,0.51312
ppo,0,3,222,85.2195,110.804,-101.449,-0.375257,5.14139,7.93349,174.516,0.125,80.598,0.51312
ppo,0,3,223,85.9775,111.64,-102.287,-0.374095,5.13667,7.94196,175.926,0.125,202.012,0.51312
ppo,0,3,224,86.7223,112.492,-103.127,-0.37453,5.12928,7.95294,177.345,0.125,74.6302,0.51312
ppo,0,3,225,87.4842,113.327,-103.965,-0.36978,5.12072,7.96637,178.762,0.125,225.782,0.51312
ppo,0,3,226,88.2438,114.181,-104.809,-0.36544,5.11517,7.97616,180.188,0.125,98.9085,0.51312
ppo,0,3,227,89.0089,115.017,-105.664,-0.359878,5.10912,7.98311,181.61,0.125,215.26,0.51312
ppo,0,3,228,89.7882,115.866,-106.501,-0.354465,5.10309,7.99114,183.037,0.125,48.0191,0.51312
ppo,0,3,229,90.5541,116.703,-107.358,-0.346039,5.09698,7.99979,184.462,0.125,165.767,0.51312
ppo,0,3,230,91.3389,117.536,-108.206,-0.337321,5.08921,8.01015,185.89,0.125,160.304,0.51312
ppo,0,3,231,92.1074,118.384,-109.062,-0.325151,5.08206,8.02188,187.322,0.125,97.8191,0.51312
ppo,0,3,232,92.8929,119.216,-109.92,-0.312991,5.07745,8.03166,188.752,0.125,160.773,0.51312
ppo,0,3,233,93.6865,120.07,-110.765,-0.302266,5.07394,8.04124,190.192,0.125,147.786,0.51312
ppo,0,3,234,94.482,120.91,-111.627,-0.289682,5.07247,8.04664,191.629,0.125,164.46,0.51312
ppo,0,3,235,95.2945,121.75,-112.477,-0.276822,5.07064,8.05094,193.067,0.125,158.215,0.51312
ppo,0,3,236,96.0948,122.591,-113.348,-0.264339,5.06991,8.0538,194.511,0.125,26.9581,0.51312
ppo,0,3,237,96.9109,123.413,-114.22,-0.254326,5.0695,8.05575,195.954,0.125,59.4966,0.51312
ppo,0,3,238,97.7194,124.261,-115.082,-0.247026,5.06586,8.05621,197.403,0.125,137.068,0.51312
ppo,0,3,239,98.5214,125.097,-115.96,-0.243562,5.06141,8.05912,198.857,0.125,137.726,0.51312
ppo,0,3,240,99.3405,125.935,-116.825,-0.241042,5.05562,8.06301,200.313,0.125,119.027,0.51312
ppo,0,3,241,100.139,126.787,-117.703,-0.239245,5.04722,8.06565,201.778,0.125,86.6947,0.51312
ppo,0,3,242,100.95,127.618,-118.588,-0.237193,5.03837,8.06864,203.24,0.125,270.47,0.51312
ppo,0,3,243,101.763,128.471,-119.477,-0.232381,5.02774,8.07052,204.719,0.125,128.653,0.51312
ppo,0,3,244,102.566,129.322,-120.384,-0.228789,5.01712,8.07158,206.202,0.125,188.305,0.51312
ppo,0,3,245,103.389,130.166,-121.283,-0.222283,5.00842,8.07352,207.684,0.125,283.505,0.51312
ppo,0,3,246,104.205,131.023,-122.197,-0.214322,5.00057,8.07536,209.18,0.125,185.485,0.51312
ppo,0,3,247,105.02,131.862,-123.128,-0.203304,4.99114,8.07572,210.672,0.125,173.792,0.51312
ppo,0,3,248,105.858,132.698,-124.047,-0.188296,4.98173,8.07192,212.162,0.125,160.982,0.51312
ppo,0,3,249,106.678,133.542,-124.981,-0.173294,4.97308,8.06464,213.655,0.125,93.9435,0.51312
ppo,0,3,250,107.512,134.367,-125.926,-0.157058,4.96225,8.0569,215.15,0.125,227.876,0.51312
ppo,0,3,251,108.357,135.204,-126.85,-0.141025,4.9523,8.05216,216.647,0.125,151.175,0.51312
ppo,0,3,252,109.186,136.045,-127.786,-0.127518,4.94189,8.04707,218.147,0.125,119.677,0.51312
ppo,0,3,253,110.031,136.87,-128.718,-0.114976,4.93358,8.04324,219.643,0.125,139.42,0.51312
ppo,0,3,254,110.87,137.716,-129.64,-0.103291,4.92594,8.03969,221.142,0.125,58.337,0.51312
ppo,0,3,255,111.696,138.556,-130.584,-0.0977334,4.91927,8.03511,222.648,0.125,157.61,0.51312
ppo,0,3,256,112.544,139.389,-131.52,-0.0895902,4.91169,8.0292,224.152,0.125,281.384,0.51312
ppo,0,3,257,113.394,140.241,-132.45,-0.0774022,4.9023,8.02298,225.666,0.125,244.032,0.51312
ppo,0,3,258,114.248,141.088,-133.403,-0.0648517,4.89539,8.01896,227.191,0.125,122.155,0.51312
ppo,0,3,259,115.125,141.925,-134.347,-0.0495693,4.88663,8.01376,228.717,0.125,197.849,0.51312
ppo,0,3,260,116.004,142.786,-135.28,-0.0311213,4.87698,8.01011,230.25,0.125,195.16,0.51312
ppo,0,3,261,116.872,143.634,-136.233,-0.01295,4.86947,8.00789,231.782,0.125,218.418,0.51312
ppo,0,3,262,117.759,144.492,-137.175,0.00729835,4.86303,8.00502,233.321,0.125,103.83,0.51312
ppo,0,3,263,118.636,145.371,-138.113,0.030058,4.85455,7.99929,234.864,0.125,243.617,0.51312
ppo,0,3,264,119.504,146.243,-139.069,0.0521358,4.84305,7.99274,236.41,0.125,148.956,0.51312
ppo,0,3,265,120.393,147.103,-140.011,0.0759421,4.83078,7.98577,237.951,0.125,164.817,0.51312
ppo,0,3,266,121.268,147.988,-140.945,0.100253,4.81759,7.97701,239.493,0.125,219.068,0.51312
ppo,0,3,267,122.124,148.872,-141.897,0.124777,4.808,7.96521,241.033,0.125,135.315,0.51312
ppo,0,3,268,122.995,149.744,-142.844,0.149794,4.8041,7.9496,242.564,0.125,145.068,0.51312
ppo,0,3,269,123.865,150.635,-143.777,0.178657,4.79668,7.93274,244.096,0.125,178.775,0.51312
ppo,0,3,270,124.716,151.524,-144.726,0.20849,4.78848,7.91477,245.627,0.125,137.034,0.51312
ppo,0,3,271,125.581,152.392,-145.676,0.238127,4.78002,7.89541,247.152,0.125,235.42,0.51312
ppo,0,3,272,126.459,153.267,-146.611,0.265656,4.7705,7.87526,248.681,0.125,160.281,0.51312
ppo,0,3,273,127.322,154.161,-147.552,0.289232,4.76134,7.85471,250.218,0.125,187.53,0.51312
ppo,0,3,274,128.189,155.034,-148.507,0.309902,4.74874,7.83522,251.757,0.125,249.111,0.51312
ppo,0,3,275,129.074,155.913,-149.443,0.331672,4.73561,7.81809,253.298,0.125,169.168,0.51312
ppo,0,3,276,129.951,156.81,-150.374,0.352905,4.72356,7.80216,254.845,0.125,200.004,0.51312
ppo,0,3,277,130.814,157.701,-151.321,0.372814,4.71545,7.78629,256.388,0.125,205.997,0.51312
ppo,0,3,278,131.695,158.577,-152.26,0.389657,4.70874,7.77105,257.927,0.125,239.763,0.51312
ppo,0,3,279,132.574,159.47,-153.18,0.40683,4.70074,7.75304,259.463,0.125,244.164,0.51312
ppo,0,3,280,133.432,160.366,-154.115,0.427382,4.69283,7.73327,260.997,0.125,110.789,0.51312
ppo,0,3,281,134.301,161.239,-155.053,0.448501,4.68576,7.71319,262.523,0.125,191.273,0.51312
ppo,0,3,282,135.188,162.113,-155.974,0.467697,4.67718,7.69516,264.051,0.125,271.897,0.51312
ppo,0,3,283,136.073,163.011,-156.889,0.483954,4.67004,7.67531,265.589,0.125,177.368,0.51312
ppo,0,3,284,136.947,163.896,-157.821,0.498141,4.66486,7.65722,267.125,0.125,64.063,0.51312
ppo,0,3,285,137.836,164.764,-158.747,0.509037,4.66482,7.64547,268.657,0.125,234.889,0.51312
ppo,0,3,286,138.735,165.643,-159.649,0.518158,4.66317,7.63293,270.189,0.125,171.962,0.51312
ppo,0,3,287,139.621,166.543,-160.551,0.528315,4.66143,7.62522,271.727,0.125,221.263,0.51312
ppo,0,3,288,140.503,167.423,-161.47,0.537861,4.66029,7.61394,273.261,0.125,428.375,0.51312
ppo,0,3,289,141.405,168.295,-162.397,0.549226,4.66091,7.60488,274.804,0.125,181.8,0.51312
ppo,0,3,290,142.316,169.184,-163.307,0.561431,4.65824,7.59584,276.353,0.125,306.241,0.51312
ppo,0,3,291,143.22,170.074,-164.246,0.572143,4.65664,7.58395,277.915,0.125,365.754,0.51312
ppo,0,3,292,144.127,170.964,-165.202,0.582579,4.65404,7.57034,279.489,0.125,181.841,0.51312
ppo,0,3,293,145.054,171.849,-166.144,0.595664,4.65121,7.55777,281.061,0.125,204.626,0.51312
ppo,0,3,294,145.978,172.755,-167.079,0.605617,4.64863,7.54387,282.641,0.125,122.953,0.51312
ppo,0,3,295,146.881,173.673,-168.025,0.613932,4.6478,7.53147,284.225,0.125,314.45,0.51312
ppo,0,3,296,147.774,174.575,-168.982,0.619083,4.64691,7.51926,285.802,0.125,186.943,0.51312
ppo,0,3,297,148.682,175.459,-169.942,0.6243,4.64307,7.50923,287.381,0.125,197.715,0.51312
ppo,0,3,298,149.606,176.357,-170.883,0.629868,4.63783,7.50445,288.969,0.125,381.63,0.51312
ppo,0,3,299,150.516,177.268,-171.846,0.632366,4.63395,7.50018,290.573,0.125,147.995,0.51312
ppo,0,4,0,0,0,0,-2.38221,4.55793,6.5176,8.30233,0.125,0.617802,0.425568
ppo,0,4,1,-0.0168509,0.0175768,0.0105264,-2.41879,4.55995,6.49541,8.27383,0.125,0.747664,0.425568
ppo,0,4,2,-0.0496528,0.0511481,0.029405,-2.45395,4.55882,6.47056,8.2212,0.125,0.688292,0.425568
ppo,0,4,3,-0.0980559,0.102561,0.0597936,-2.4888,4.55569,6.44677,8.14491,0.125,0.834868,0.425568
ppo,0,4,4,-0.155773,0.168032,0.0999615,-2.52259,4.55407,6.42178,8.05013,0.125,0.397623,0.425568
ppo,0,4,5,-0.225833,0.252979,0.149661,-2.55387,4.55227,6.39766,7.93354,0.125,0.691195,0.425568
ppo,0,4,6,-0.301154,0.355147,0.206488,-2.58322,4.55182,6.37121,7.79895,0.125,0.798143,0.425568
ppo,0,4,7,-0.371597,0.479296,0.263899,-2.61227,4.5487,6.34382,7.65154,0.125,0.428057,0.425568
ppo,0,4,8,-0.434245,0.620451,0.320916,-2.64093,4.54556,6.31677,7.49841,0.125,0.848552,0.425568
ppo,0,4,9,-0.488118,0.779075,0.373122,-2.6687,4.54129,6.28969,7.34268,0.125,0.593933,0.425568
ppo,0,4,10,-0.531598,0.953267,0.421374,-2.69325,4.5344,6.26436,7.18595,0.125,0.696415,0.425568
ppo,0,4,11,-0.561882,1.14269,0.46125,-2.7185,4.52641,6.24176,7.03668,0.125,0.393555,0.425568
ppo,0,4,12,-0.576266,1.34918,0.490162,-2.74036,4.51583,6.21862,6.89393,0.125,0.889274,0.425568
ppo,0,4,13,-0.578297,1.57063,0.503959,-2.7574,4.50678,6.19298,6.76273,0.125,0.440819,0.425568
ppo,0,4,14,-0.567363,1.80368,0.507366,-2.77076,4.49511,6.16514,6.64147,0.125,0.842837,0.425568
ppo,0,4,15,-0.543949,2.05019,0.500403,-2.7835,4.4853,6.14121,6.53943,0.125,0.314832,0.425568
ppo,0,4,16,-0.50394,2.30616,0.484848,-2.79406,4.47322,6.11924,6.45656,0.125,0.646544,0.425568
ppo,0,4,17,-0.450442,2.5727,0.461283,-2.80163,4.4656,6.09676,6.39295,0.125,0.886306,0.425568
ppo,0,4,18,-0.379482,2.84509,0.432481,-2.81038,4.45719,6.07782,6.35437,0.125,0.637622,0.425568
ppo,0,4,19,-0.292349,3.11941,0.395053,-2.81806,4.44566,6.06094,6.34353,0.125,0.297749,0.425568
ppo,0,4,20,-0.188894,3.3826,0.344076,-2.82568,4.43505,6.04158,6.36567,0.125,0.545964,0.425568
ppo,0,4,21,-0.0761015,3.62713,0.284368,-2.8313,4.42065,6.02437,6.41626,0.125,1.01872,0.425568
ppo,0,4,22,0.0408347,3.8544,0.210015,-2.83827,4.40539,6.00894,6.49772,0.125,0.636299,0.425568
ppo,0,4,23,0.153731,4.06421,0.121618,-2.8427,4.3891,5.99587,6.60235,0.125,0.396028,0.425568
ppo,0,4,24,0.255161,4.2565,0.0116784,-2.84509,4.37326,5.9824,6.72865,0.125,1.09314,0.425568
ppo,0,4,25,0.341284,4.43883,-0.11608,-2.84832,4.35653,5.96846,6.87037,0.125,0.402811,0.425568
ppo,0,4,26,0.409713,4.61844,-0.261281,-2.84793,4.33992,5.95384,7.02265,0.125,0.259051,0.425568
ppo,0,4,27,0.450697,4.80221,-0.415692,-2.84783,4.32445,5.93639,7.17339,0.125,0.319778,0.425568
ppo,0,4,28,0.472703,4.99928,-0.571064,-2.84672,4.30502,5.91829,7.32205,0.125,0.407137,0.425568
ppo,0,4,29,0.481001,5.21531,-0.721821,-2.84516,4.2836,5.9009,7.4694,0.125,0.479155,0.425568
ppo,0,4,30,0.480232,5.44854,-0.858451,-2.84066,4.26351,5.88112,7.60621,0.125,1.09684,0.425568
ppo,0,4,31,0.48316,5.69031,-0.977567,-2.83687,4.2442,5.86084,7.73807,0.125,0.515726,0.425568
ppo,0,4,32,0.497876,5.9353,-1.07477,-2.83196,4.22017,5.83823,7.86251,0.125,0.451241,0.425568
ppo,0,4,33,0.525435,6.17435,-1.16043,-2.82673,4.19619,5.81491,7.98783,0.125,0.875353,0.425568
ppo,0,4,34,0.566005,6.39753,-1.24298,-2.82284,4.16949,5.79338,8.1215,0.125,0.997188,0.425568
ppo,0,4,35,0.617291,6.60612,-1.33294,-2.8167,4.14333,5.77125,8.26603,0.125,0.787946,0.425568
ppo,0,4,36,0.669011,6.80316,-1.43757,-2.81039,4.1196,5.75024,8.42451,0.125,0.47569,0.425568
ppo,0,4,37,0.716426,6.99077,-1.55817,-2.80182,4.09383,5.73291,8.59827,0.125,1.20523,0.425568
ppo,0,4,38,0.753011,7.18096,-1.69517,-2.79041,4.06879,5.71625,8.78468,0.125,0.901862,0.425568
ppo,0,4,39,0.779984,7.38452,-1.84745,-2.77898,4.03964,5.69921,8.98924,0.125,0.531862,0.425568
ppo,0,4,40,0.799375,7.60548,-2.00779,-2.76601,4.01196,5.68807,9.2115,0.125,1.13735,0.425568
ppo,0,4,41,0.827933,7.85133,-2.17075,-2.75084,3.98954,5.6771,9.45038,0.125,0.727894,0.425568
ppo,0,4,42,0.869152,8.11642,-2.33601,-2.73418,3.97079,5.66568,9.70553,0.125,1.04237,0.425568
ppo,0,4,43,0.930226,8.39403,-2.50187,-2.71407,3.95462,5.6553,9.9764,0.125,0.906529,0.425568
ppo,0,4,44,1.00839,8.68092,-2.667,-2.69523,3.93611,5.64281,10.2608,0.125,0.831951,0.425568
ppo,0,4,45,1.10578,8.9705,-2.83517,-2.67523,3.91543,5.63098,10.5606,0.125,0.630893,0.425568
ppo,0,4,46,1.22406,9.25387,-3.00142,-2.65769,3.89648,5.62057,10.8678,0.125,1.0325,0.425568
ppo,0,4,47,1.35779,9.52734,-3.17136,-2.64181,3.87703,5.61192,11.1834,0.125,0.985812,0.425568
ppo,0,4,48,1.50057,9.78541,-3.35554,-2.62474,3.85818,5.60226,11.5062,0.125,0.840995,0.425568
ppo,0,4,49,1.63586,10.026,-3.55891,-2.60656,3.83698,5.59284,11.8346,0.125,1.39025,0.425568
ppo,0,4,50,1.75158,10.2602,-3.7782,-2.58462,3.81592,5.58188,12.1632,0.125,0.963403,0.425568
ppo,0,4,51,1.8498,10.5079,-4.00502,-2.56203,3.79358,5.5731,12.5015,0.125,0.184091,0.425568
ppo,0,4,52,1.93649,10.7756,-4.22466,-2.5344,3.77289,5.56317,12.8385,0.125,0.71767,0.425568
ppo,0,4,53,2.02877,11.0603,-4.42813,-2.50619,3.75572,5.55935,13.1785,0.125,1.78514,0.425568
ppo,0,4,54,2.13724,11.3478,-4.61901,-2.47706,3.7387,5.55943,13.52,0.125,0.523544,0.425568
ppo,0,4,55,2.26719,11.6222,-4.80646,-2.44755,3.72285,5.56008,13.8598,0.125,1.39992,0.425568
ppo,0,4,56,2.40744,11.8772,-5.00613,-2.4163,3.70955,5.56127,14.2003,0.125,1.21091,0.425568
ppo,0,4,57,2.54433,12.1259,-5.22256,-2.38213,3.69363,5.56,14.5478,0.125,0.762522,0.425568
ppo,0,4,58,2.672,12.3764,-5.45395,-2.34625,3.67777,5.56073,14.9054,0.125,1.02852,0.425568
ppo,0,4,59,2.79159,12.6397,-5.69469,-2.3131,3.66213,5.56433,15.2781,0.125,0.674906,0.425568
ppo,0,4,60,2.9066,12.9219,-5.93988,-2.27736,3.64824,5.56859,15.6627,0.125,1.04867,0.425568
ppo,0,4,61,3.0254,13.222,-6.18025,-2.24199,3.63434,5.57314,16.0565,0.125,0.874915,0.425568
ppo,0,4,62,3.15958,13.532,-6.41159,-2.20754,3.62154,5.57763,16.4549,0.125,1.31339,0.425568
ppo,0,4,63,3.31479,13.8404,-6.63667,-2.1681,3.61255,5.58519,16.8536,0.125,1.49625,0.425568
ppo,0,4,64,3.48142,14.1358,-6.87147,-2.1301,3.60496,5.59386,17.2561,0.125,0.989804,0.425568
ppo,0,4,65,3.64457,14.4181,-7.12506,-2.09234,3.59519,5.60864,17.6691,0.125,1.05093,0.425568
ppo,0,4,66,3.79149,14.702,-7.38897,-2.0573,3.58792,5.62458,18.0855,0.125,1.42733,0.425568
ppo,0,4,67,3.92907,15.0073,-7.65672,-2.02103,3.58213,5.64272,18.5152,0.125,0.822539,0.425568
ppo,0,4,68,4.06214,15.33,-7.91088,-1.98496,3.57618,5.66353,18.9469,0.125,3.84527,0.425568
ppo,0,4,69,4.21523,15.659,-8.14908,-1.9504,3.56815,5.68409,19.3794,0.125,1.69397,0.425568
ppo,0,4,70,4.38394,15.9765,-8.38752,-1.91845,3.55865,5.70665,19.8134,0.125,0.839141,0.425568
ppo,0,4,71,4.55534,16.2797,-8.64244,-1.88312,3.55086,5.72763,20.2478,0.125,1.33294,0.425568
ppo,0,4,72,4.7204,16.5843,-8.91889,-1.84922,3.54589,5.74924,20.6957,0.125,3.40523,0.425568
ppo,0,4,73,4.87608,16.9031,-9.20326,-1.81292,3.5443,5.77424,21.1548,0.125,1.96876,0.425568
ppo,0,4,74,5.03328,17.243,-9.48271,-1.77563,3.54361,5.80194,21.6254,0.125,0.218054,0.425568
ppo,0,4,75,5.20603,17.5958,-9.75168,-1.73938,3.53749,5.82932,22.1052,0.125,3.61379,0.425568
ppo,0,4,76,5.39728,17.9409,-10.0162,-1.70459,3.53282,5.85905,22.5843,0.125,2.04367,0.425568
ppo,0,4,77,5.60043,18.2751,-10.2929,-1.67191,3.52976,5.89318,23.0717,0.125,3.34878,0.425568
ppo,0,4,78,5.79323,18.6032,-10.5865,-1.64067,3.52514,5.92576,23.5641,0.125,3.77557,0.425568
ppo,0,4,79,5.97151,18.9502,-10.89,-1.61113,3.52497,5.95929,24.0693,0.125,4.33296,0.425568
ppo,0,4,80,6.15283,19.3167,-11.1817,-1.58472,3.5224,5.99397,24.5832,0.125,1.60493,0.425568
ppo,0,4,81,6.35114,19.6843,-11.4641,-1.55635,3.52026,6.02793,25.0953,0.125,1.61792,0.425568
ppo,0,4,82,6.56579,20.0381,-11.7506,-1.52861,3.5222,6.06339,25.6054,0.125,3.50432,0.425568
ppo,0,4,83,6.78177,20.382,-12.056,-1.5027,3.52473,6.09901,26.1229,0.125,1.71325,0.425568
ppo,0,4,84,6.99007,20.7346,-12.3779,-1.47824,3.52603,6.13652,26.6577,0.125,2.52024,0.425568
ppo,0,4,85,7.20086,21.1049,-12.6984,-1.4534,3.52732,6.1739,27.2035,0.125,6.29498,0.425568
ppo,0,4,86,7.42882,21.4825,-13.0115,-1.43046,3.53388,6.21169,27.7519,0.125,2.22121,0.425568
ppo,0,4,87,7.67544,21.8538,-13.3225,-1.40794,3.53732,6.25359,28.3059,0.125,5.42957,0.425568
ppo,0,4,88,7.92746,22.2123,-13.6509,-1.38944,3.54249,6.2962,28.8662,0.125,7.40745,0.425568
ppo,0,4,89,8.16687,22.5777,-13.9945,-1.37463,3.5508,6.33694,29.4351,0.125,0.762809,0.425568
ppo,0,4,90,8.40231,22.9657,-14.3332,-1.36354,3.5629,6.38086,30.0152,0.125,0.896168,0.425568
ppo,0,4,91,8.65493,23.3571,-14.6587,-1.35402,3.57437,6.42472,30.5949,0.125,8.06182,0.425568
ppo,0,4,92,8.92472,23.7374,-14.9867,-1.34917,3.59012,6.46948,31.1742,0.125,3.61909,0.425568
ppo,0,4,93,9.19277,24.1106,-15.3355,-1.34539,3.60936,6.51415,31.761,0.125,2.29464,0.425568
ppo,0,4,94,9.45147,24.4963,-15.6962,-1.3461,3.62774,6.55953,32.3636,0.125,2.99011,0.425568
ppo,0,4,95,9.71617,24.9013,-16.0525,-1.34461,3.64589,6.60814,32.9794,0.125,3.91448,0.425568
ppo,0,4,96,10.0003,25.3106,-16.4045,-1.3462,3.66729,6.65609,33.6,0.125,3.36204,0.425568
ppo,0,4,97,10.2934,25.7078,-16.7718,-1.34823,3.68972,6.7026,34.2253,0.125,3.32343,0.425568
ppo,0,4,98,10.5773,26.1081,-17.1572,-1.34802,3.71645,6.74978,34.8589,0.125,3.63404,0.425568
ppo,0,4,99,10.8591,26.5276,-17.5374,-1.34896,3.7436,6.7946,35.4992,0.125,4.85997,0.425568
ppo,0,4,100,11.1625,26.9507,-17.908,-1.35236,3.76917,6.83682,36.1429,0.125,0.966515,0.425568
ppo,0,4,101,11.4811,27.3621,-18.2862,-1.35952,3.79498,6.87888,36.7909,0.125,2.54247,0.425568
ppo,0,4,102,11.7938,27.7701,-18.685,-1.36781,3.81942,6.92054,37.45,0.125,1.1891,0.425568
ppo,0,4,103,12.0985,28.1991,-19.0894,-1.37594,3.84374,6.96442,38.1254,0.125,8.11125,0.425568
ppo,0,4,104,12.418,28.6387,-19.4881,-1.38461,3.86697,7.00992,38.8111,0.125,18.1355,0.425568
ppo,0,4,105,12.7566,29.0722,-19.8914,-1.39491,3.88975,7.05172,39.5013,0.125,10.021,0.425568
ppo,0,4,106,13.0882,29.5016,-20.3128,-1.40641,3.91062,7.08723,40.1964,0.125,10.0651,0.425568
ppo,0,4,107,13.413,29.9518,-20.7401,-1.42373,3.93148,7.11816,40.9056,0.125,9.89739,0.425568
ppo,0,4,108,13.758,30.4121,-21.157,-1.43937,3.9528,7.14567,41.6184,0.125,10.1387,0.425568
ppo,0,4,109,14.1225,30.8619,-21.585,-1.45331,3.97374,7.17089,42.3377,0.125,5.67027,0.425568
ppo,0,4,110,14.4811,31.308,-22.0299,-1.46746,3.99303,7.19513,43.0647,0.125,8.30341,0.425568
ppo,0,4,111,14.8364,31.7726,-22.4766,-1.47825,4.01091,7.21626,43.8012,0.125,6.84969,0.425568
ppo,0,4,112,15.2107,32.2434,-22.9148,-1.48825,4.02921,7.23387,44.5403,0.125,6.77086,0.425568
ppo,0,4,113,15.5999,32.7032,-23.3632,-1.49676,4.04623,7.24754,45.2829,0.125,7.99911,0.425568
ppo,0,4,114,15.9777,33.1721,-23.8262,-1.50283,4.06455,7.26125,46.0353,0.125,1.4462,0.425568
ppo,0,4,115,16.3563,33.6618,-24.2856,-1.50791,4.08184,7.273,46.798,0.125,7.82523,0.425568
ppo,0,4,116,16.7521,34.1498,-24.7407,-1.51249,4.0985,7.28275,47.5624,0.125,8.47411,0.425568
ppo,0,4,117,17.1466,34.6267,-25.2176,-1.51608,4.11831,7.29466,48.3333,0.125,2.82455,0.425568
ppo,0,4,118,17.5335,35.1195,-25.7031,-1.52238,4.13795,7.30878,49.1199,0.125,10.2857,0.425568
ppo,0,4,119,17.9393,35.6287,-26.1796,-1.53148,4.16166,7.32456,49.9181,0.125,7.62963,0.425568
ppo,0,4,120,18.3578,36.1285,-26.6677,-1.53862,4.18761,7.34094,50.7216,0.125,13.3067,0.425568
ppo,0,4,121,18.769,36.6313,-27.1737,-1.54935,4.21421,7.35353,51.5348,0.125,12.5663,0.425568
ppo,0,4,122,19.1792,37.1562,-27.6731,-1.5614,4.2399,7.36454,52.3573,0.125,10.813,0.425568
ppo,0,4,123,19.6061,37.6768,-28.1725,-1.57363,4.26633,7.37557,53.1837,0.125,10.2737,0.425568
ppo,0,4,124,20.034,38.1906,-28.6895,-1.58763,4.2917,7.38482,54.0184,0.125,9.98719,0.425568
ppo,0,4,125,20.4546,38.7256,-29.2143,-1.60398,4.31684,7.39364,54.8697,0.125,7.64913,0.425568
ppo,0,4,126,20.8918,39.2685,-29.73,-1.62238,4.33686,7.40307,55.7313,0.125,9.36957,0.425568
ppo,0,4,127,21.3392,39.8007,-30.2577,-1.64146,4.3606,7.41281,56.5967,0.125,11.1616,0.425568
ppo,0,4,128,21.7727,40.3422,-30.8021,-1.66193,4.38013,7.42171,57.4762,0.125,13.4057,0.425568
ppo,0,4,129,22.2209,40.8943,-31.3316,-1.6822,4.39703,7.4274,58.3581,0.125,15.5515,0.425568
ppo,0,4,130,22.6791,41.4339,-31.8662,-1.70337,4.41267,7.43297,59.2411,0.125,15.8767,0.425568
ppo,0,4,131,23.1254,41.9818,-32.4157,-1.72583,4.42633,7.43704,60.1352,0.125,3.18866,0.425568
ppo,0,4,132,23.5798,42.5464,-32.9606,-1.7512,4.43782,7.44039,61.0423,0.125,18.058,0.425568
ppo,0,4,133,24.0515,43.0967,-33.511,-1.776,4.45058,7.44541,61.9517,0.125,27.3795,0.425568
ppo,0,4,134,24.5152,43.655,-34.0783,-1.80276,4.46635,7.44746,62.8711,0.125,10.6136,0.425568
ppo,0,4,135,24.9866,44.2337,-34.6343,-1.82675,4.48352,7.44902,63.7968,0.125,13.3365,0.425568
ppo,0,4,136,25.4713,44.7975,-35.1954,-1.84868,4.49761,7.44659,64.721,0.125,6.76584,0.425568
ppo,0,4,137,25.9486,45.3602,-35.7722,-1.86793,4.51401,7.44202,65.6478,0.125,7.80912,0.425568
ppo,0,4,138,26.4326,45.9411,-36.3425,-1.88865,4.52818,7.43755,66.5869,0.125,18.1483,0.425568
ppo,0,4,139,26.9328,46.5087,-36.921,-1.90627,4.54202,7.43415,67.5298,0.125,1.99525,0.425568
ppo,0,4,140,27.4204,47.0829,-37.5149,-1.92168,4.55389,7.4289,68.4808,0.125,17.4636,0.425568
ppo,0,4,141,27.918,47.6707,-38.0965,-1.93838,4.56418,7.42602,69.4397,0.125,30.43,0.425568
ppo,0,4,142,28.4306,48.2418,-38.6848,-1.95804,4.57371,7.42286,70.401,0.125,19.1136,0.425568
ppo,0,4,143,28.9311,48.8206,-39.2845,-1.97776,4.58146,7.42071,71.3711,0.125,2.92773,0.425568
ppo,0,4,144,29.4455,49.4141,-39.8738,-1.9962,4.58566,7.42267,72.3541,0.125,24.6123,0.425568
ppo,0,4,145,29.9657,49.9959,-40.4747,-2.01373,4.59105,7.42288,73.338,0.125,21.0536,0.425568
ppo,0,4,146,30.4727,50.5942,-41.0848,-2.03233,4.59576,7.42707,74.3359,0.125,10.8005,0.425568
ppo,0,4,147,30.9971,51.1914,-41.6855,-2.05036,4.60307,7.42815,75.331,0.125,8.24312,0.425568
ppo,0,4,148,31.5185,51.7791,-42.305,-2.06846,4.60849,7.42753,76.3314,0.125,19.9622,0.425568
ppo,0,4,149,32.035,52.3848,-42.923,-2.08848,4.61158,7.42451,77.3405,0.125,33.1823,0.425568
ppo,0,4,150,32.5713,52.9834,-43.541,-2.10692,4.61087,7.41901,78.3544,0.125,12.5278,0.425568
ppo,0,4,151,33.0994,53.5813,-44.1761,-2.12591,4.61043,7.41331,79.3753,0.125,12.4021,0.425568
ppo,0,4,152,33.6335,54.1945,-44.804,-2.14604,4.60559,7.40744,80.4069,0.125,11.418,0.425568
ppo,0,4,153,34.1809,54.7937,-45.4405,-2.16845,4.60277,7.39859,81.4394,0.125,30.9548,0.425568
ppo,0,4,154,34.7141,55.4082,-46.0862,-2.19033,4.59978,7.38913,82.4805,0.125,23.644,0.425568
ppo,0,4,155,35.2644,56.029,-46.7188,-2.21029,4.59531,7.38101,83.5258,0.125,32.7311,0.425568
ppo,0,4,156,35.8128,56.6399,-47.3723,-2.22767,4.58845,7.37134,84.5772,0.125,36.2266,0.425568
ppo,0,4,157,36.3564,57.2721,-48.0208,-2.244,4.58206,7.36038,85.6347,0.125,38.5133,0.425568
ppo,0,4,158,36.9182,57.891,-48.6663,-2.25985,4.57702,7.34722,86.688,0.125,19.7954,0.425568
ppo,0,4,159,37.4643,58.5191,-49.3311,-2.2739,4.57058,7.33435,87.7527,0.125,32.629,0.425568
ppo,0,4,160,38.0283,59.1557,-49.9841,-2.28506,4.56406,7.32166,88.8221,0.125,54.3268,0.425568
ppo,0,4,161,38.5944,59.779,-50.6568,-2.29458,4.56246,7.30946,89.8937,0.125,43.7507,0.425568
ppo,0,4,162,39.1562,60.4215,-51.3296,-2.3059,4.5578,7.29345,90.9753,0.125,60.3983,0.425568
ppo,0,4,163,39.7327,61.049,-52.0013,-2.31394,4.55587,7.27828,92.0514,0.125,29.5821,0.425568
ppo,0,4,164,40.2934,61.6821,-52.6876,-2.31851,4.55704,7.26133,93.1285,0.125,38.1046,0.425568
ppo,0,4,165,40.8689,62.3288,-53.3631,-2.32068,4.56093,7.24129,94.2091,0.125,37.4189,0.425568
ppo,0,4,166,41.4417,62.9613,-54.0585,-2.3276,4.56165,7.22126,95.2968,0.125,31.2264,0.425568
ppo,0,4,167,42.0145,63.6168,-54.7508,-2.33373,4.55946,7.2046,96.4003,0.125,32.8255,0.425568
ppo,0,4,168,42.6034,64.261,-55.4481,-2.33723,4.55632,7.18785,97.5067,0.125,77.4869,0.425568
ppo,0,4,169,43.1818,64.9183,-56.1548,-2.34115,4.55559,7.17389,98.6231,0.125,50.9016,0.425568
ppo,0,4,170,43.778,65.5761,-56.8583,-2.3455,4.55502,7.15713,99.7443,0.125,32.3263,0.425568
ppo,0,4,171,44.3635,66.2321,-57.5805,-2.3477,4.55744,7.13965,100.868,0.125,30.4995,0.425568
ppo,0,4,172,44.9581,66.9071,-58.2888,-2.35143,4.55913,7.12597,102.003,0.125,6.98881,0.425568
ppo,0,4,173,45.554,67.5651,-59.013,-2.35715,4.56239,7.10784,103.135,0.125,33.545,0.425568
ppo,0,4,174,46.1475,68.2411,-59.7369,-2.36264,4.56569,7.08916,104.276,0.125,45.8592,0.425568
ppo,0,4,175,46.7561,68.9068,-60.468,-2.36711,4.57176,7.07171,105.422,0.125,72.5087,0.425568
ppo,0,4,176,47.3487,69.5914,-61.2067,-2.3678,4.57938,7.05306,106.572,0.125,30.6147,0.425568
ppo,0,4,177,47.963,70.2713,-61.9384,-2.36783,4.58743,7.03727,107.727,0.125,43.4134,0.425568
ppo,0,4,178,48.5583,70.9503,-62.6894,-2.36624,4.59396,7.01766,108.883,0.125,24.7928,0.425568
ppo,0,4,179,49.1676,71.6331,-63.4311,-2.36296,4.59826,6.99958,110.043,0.125,33.8174,0.425568
ppo,0,4,180,49.767,72.3109,-64.1928,-2.35831,4.60448,6.98294,111.208,0.125,20.6695,0.425568
ppo,0,4,181,50.3742,73.0059,-64.9404,-2.35538,4.61189,6.96262,112.375,0.125,95.1841,0.425568
ppo,0,4,182,50.9828,73.6903,-65.7079,-2.34932,4.61978,6.94168,113.547,0.125,69.7671,0.425568
ppo,0,4,183,51.5924,74.3911,-66.4671,-2.34469,4.6249,6.92098,114.727,0.125,79.736,0.425568
ppo,0,4,184,52.2127,75.0703,-67.2361,-2.33581,4.62804,6.90353,115.907,0.125,57.7663,0.425568
ppo,0,4,185,52.8199,75.7749,-68.0046,-2.32317,4.63182,6.88699,117.093,0.125,41.5355,0.425568
ppo,0,4,186,53.4422,76.461,-68.7784,-2.30899,4.63235,6.87231,118.282,0.125,41.1911,0.425568
ppo,0,4,187,54.0537,77.1654,-69.561,-2.29144,4.63214,6.85711,119.48,0.125,4.86496,0.425568
ppo,0,4,188,54.6823,77.8569,-70.339,-2.27504,4.63699,6.84405,120.675,0.125,43.2278,0.425568
ppo,0,4,189,55.2928,78.5622,-71.1295,-2.25961,4.64567,6.83398,121.878,0.125,43.7287,0.425568
ppo,0,4,190,55.9234,79.2593,-71.9128,-2.24658,4.65395,6.82905,123.085,0.125,69.1906,0.425568
ppo,0,4,191,56.5328,79.9596,-72.7151,-2.23214,4.66464,6.82465,124.295,0.125,73.5109,0.425568
ppo,0,4,192,57.1639,80.657,-73.5045,-2.21854,4.6747,6.81954,125.505,0.125,40.2646,0.425568
ppo,0,4,193,57.7808,81.3588,-74.3082,-2.20385,4.68507,6.82014,126.723,0.125,72.8416,0.425568
ppo,0,4,194,58.416,82.0578,-75.0988,-2.18848,4.69522,6.82118,127.94,0.125,78.8444,0.425568
ppo,0,4,195,59.0362,82.7586,-75.9063,-2.1726,4.70771,6.81866,129.158,0.125,44.3363,0.425568
ppo,0,4,196,59.6723,83.4691,-76.7002,-2.15787,4.71966,6.81678,130.382,0.125,62.8362,0.425568
ppo,0,4,197,60.2931,84.1769,-77.5127,-2.14475,4.72807,6.81748,131.614,0.125,33.5747,0.425568
ppo,0,4,198,60.9346,84.8845,-78.3073,-2.1303,4.74076,6.81852,132.84,0.125,123.037,0.425568
ppo,0,4,199,61.5692,85.5878,-79.1252,-2.1154,4.75396,6.81787,134.075,0.125,58.5683,0.425568
ppo,0,4,200,62.2194,86.2926,-79.9266,-2.10198,4.76562,6.8165,135.308,0.125,11.7216,0.425568
ppo,0,4,201,62.8551,87.0014,-80.744,-2.08717,4.77771,6.81364,136.545,0.125,67.1413,0.425568
ppo,0,4,202,63.5093,87.7115,-81.5492,-2.07511,4.78986,6.81207,137.786,0.125,94.0104,0.425568
ppo,0,4,203,64.1452,88.4238,-82.369,-2.06383,4.80726,6.81288,139.028,0.125,97.8493,0.425568
ppo,0,4,204,64.8026,89.132,-83.1793,-2.05288,4.82552,6.81185,140.27,0.125,131.694,0.425568
ppo,0,4,205,65.4459,89.8471,-84.0008,-2.04004,4.84216,6.80908,141.515,0.125,118.755,0.425568
ppo,0,4,206,66.1146,90.5534,-84.8108,-2.0264,4.85696,6.80803,142.762,0.125,38.2169,0.425568
ppo,0,4,207,66.7681,91.2703,-85.6298,-2.01371,4.87208,6.80696,144.014,0.125,93.9733,0.425568
ppo,0,4,208,67.4434,91.9746,-86.4468,-2.0034,4.88607,6.80467,145.269,0.125,21.8472,0.425568
ppo,0,4,209,68.1007,92.6978,-87.2676,-1.99347,4.89742,6.80393,146.532,0.125,42.9759,0.425568
ppo,0,4,210,68.7771,93.4014,-88.0936,-1.98292,4.90764,6.79984,147.793,0.125,103.509,0.425568
ppo,0,4,211,69.4423,94.1266,-88.9179,-1.97099,4.91748,6.79539,149.061,0.125,90.3382,0.425568
ppo,0,4,212,70.117,94.834,-89.7522,-1.96374,4.92673,6.78938,150.33,0.125,66.3772,0.425568
ppo,0,4,213,70.7901,95.5656,-90.5738,-1.96046,4.93267,6.78234,151.609,0.125,33.6931,0.425568
ppo,0,4,214,71.4633,96.2795,-91.4101,-1.9573,4.93571,6.77261,152.886,0.125,144.739,0.425568
ppo,0,4,215,72.1462,97.0086,-92.2317,-1.95596,4.94086,6.76321,154.167,0.125,116.191,0.425568
ppo,0,4,216,72.8194,97.7299,-93.0731,-1.9554,4.94288,6.75612,155.456,0.125,115.757,0.425568
ppo,0,4,217,73.5111,98.4588,-93.902,-1.9566,4.94993,6.74761,156.747,0.125,55.0651,0.425568
ppo,0,4,218,74.1819,99.1932,-94.7465,-1.95424,4.95142,6.73856,158.043,0.125,15.4307,0.425568
ppo,0,4,219,74.8734,99.9192,-95.582,-1.9547,4.95202,6.73095,159.34,0.125,154.257,0.425568
ppo,0,4,220,75.5485,100.664,-96.4216,-1.95664,4.94925,6.7254,160.648,0.125,82.3416,0.425568
ppo,0,4,221,76.2407,101.388,-97.264,-1.95657,4.94848,6.7195,161.951,0.125,256.195,0.425568
ppo,0,4,222,76.9235,102.134,-98.1119,-1.95726,4.94982,6.71475,163.265,0.125,86.0756,0.425568
ppo,0,4,223,77.6055,102.863,-98.9765,-1.96002,4.95228,6.70414,164.577,0.125,56.068,0.425568
ppo,0,4,224,78.3025,103.607,-99.8242,-1.96078,4.95599,6.69231,165.891,0.125,187.092,0.425568
ppo,0,4,225,78.9821,104.357,-100.686,-1.96132,4.95949,6.6814,167.211,0.125,131.138,0.425568
ppo,0,4,226,79.6809,105.11,-101.537,-1.96025,4.96237,6.66923,168.533,0.125,159.267,0.425568
ppo,0,4,227,80.3637,105.88,-102.391,-1.96004,4.96528,6.65512,169.859,0.125,87.1697,0.425568
ppo,0,4,228,81.0574,106.633,-103.255,-1.9625,4.96762,6.63952,171.187,0.125,143.78,0.425568
ppo,0,4,229,81.7491,107.404,-104.108,-1.96485,4.96791,6.62116,172.517,0.125,56.3503,0.425568
ppo,0,4,230,82.438,108.162,-104.978,-1.9654,4.97091,6.60268,173.846,0.125,77.9498,0.425568
ppo,0,4,231,83.1405,108.93,-105.828,-1.96485,4.97304,6.586,175.177,0.125,166.872,0.425568
ppo,0,4,232,83.825,109.708,-106.69,-1.96611,4.97503,6.56923,176.513,0.125,87.7411,0.425568
ppo,0,4,233,84.5268,110.466,-107.548,-1.96422,4.97562,6.55728,177.845,0.125,145.031,0.425568
ppo,0,4,234,85.2194,111.25,-108.395,-1.96514,4.97501,6.54987,179.186,0.125,32.9057,0.425568
ppo,0,4,235,85.9117,112.019,-109.255,-1.96596,4.97494,6.54331,180.527,0.125,125.954,0.425568
ppo,0,4,236,86.6191,112.8,-110.096,-1.96745,4.97089,6.53904,181.875,0.125,60.8465,0.425568
ppo,0,4,237,87.3069,113.585,-110.952,-1.96866,4.96903,6.53722,183.225,0.125,118.49,0.425568
ppo,0,4,238,88.0091,114.352,-111.815,-1.97355,4.96589,6.53418,184.577,0.125,158.489,0.425568
ppo,0,4,239,88.7038,115.138,-112.668,-1.97898,4.96321,6.53453,185.933,0.125,137.608,0.425568
ppo,0,4,240,89.3911,115.915,-113.539,-1.98258,4.96206,6.53299,187.288,0.125,69.7694,0.425568
ppo,0,4,241,90.0918,116.696,-114.388,-1.98642,4.96228,6.53205,188.639,0.125,119.572,0.425568
ppo,0,4,242,90.7772,117.494,-115.245,-1.99021,4.96306,6.52846,189.994,0.125,78.139,0.425568
ppo,0,4,243,91.4783,118.273,-116.108,-1.99383,4.96197,6.5236,191.35,0.125,155.546,0.425568
ppo,0,4,244,92.1812,119.072,-116.958,-1.99499,4.96329,6.51785,192.708,0.125,131.225,0.425568
ppo,0,4,245,92.8648,119.872,-117.827,-1.99613,4.96801,6.51263,194.067,0.125,185.428,0.425568
ppo,0,4,246,93.5675,120.652,-118.688,-1.99458,4.97182,6.50899,195.418,0.125,165.796,0.425568
ppo,0,4,247,94.2579,121.453,-119.547,-1.99401,4.97766,6.51009,196.777,0.125,96.5432,0.425568
ppo,0,4,248,94.9433,122.238,-120.423,-1.99282,4.98417,6.50614,198.132,0.125,63.8371,0.425568
ppo,0,4,249,95.6427,123.022,-121.284,-1.99478,4.98922,6.5066,199.488,0.125,50.9649,0.425568
ppo,0,4,250,96.3215,123.821,-122.147,-1.99282,4.99624,6.507,200.84,0.125,68.3385,0.425568
ppo,0,4,251,97.0064,124.593,-123.023,-1.99095,5.00398,6.50857,202.189,0.125,67.4955,0.425568
ppo,0,4,252,97.6988,125.376,-123.874,-1.98515,5.00814,6.50842,203.531,0.125,53.4505,0.425568
ppo,0,4,253,98.3734,126.173,-124.736,-1.98295,5.0148,6.50948,204.881,0.125,13.9896,0.425568
ppo,0,4,254,99.0601,126.947,-125.601,-1.98252,5.02292,6.50998,206.224,0.125,108.317,0.425568
ppo,0,4,255,99.7569,127.732,-126.45,-1.97966,5.02721,6.50944,207.569,0.125,142.152,0.425568
ppo,0,4,256,100.436,128.525,-127.315,-1.97549,5.03373,6.51013,208.919,0.125,82.2524,0.425568
ppo,0,4,257,101.127,129.295,-128.182,-1.97333,5.04234,6.51096,210.263,0.125,115.199,0.425568
ppo,0,4,258,101.824,130.085,-129.031,-1.97386,5.04957,6.51115,211.611,0.125,92.8877,0.425568
ppo,0,4,259,102.498,130.877,-129.895,-1.97169,5.06026,6.50823,212.955,0.125,196.122,0.425568
ppo,0,4,260,103.175,131.653,-130.773,-1.96934,5.06729,6.50649,214.301,0.125,93.4636,0.425568
ppo,0,4,261,103.854,132.448,-131.63,-1.96674,5.07659,6.50411,215.645,0.125,21.5704,0.425568
ppo,0,4,262,104.511,133.246,-132.507,-1.96269,5.08393,6.50019,216.991,0.125,68.9144,0.425568
ppo,0,4,263,105.178,134.021,-133.389,-1.9597,5.09085,6.49345,218.331,0.125,76.9608,0.425568
ppo,0,4,264,105.857,134.806,-134.254,-1.95975,5.09717,6.48502,219.673,0.125,234.6,0.425568
ppo,0,4,265,106.521,135.609,-135.123,-1.95964,5.10353,6.47921,221.023,0.125,214.256,0.425568
ppo,0,4,266,107.188,136.394,-136.01,-1.95866,5.11052,6.47192,222.372,0.125,161.283,0.425568
ppo,0,4,267,107.872,137.182,-136.879,-1.95513,5.1145,6.46586,223.722,0.125,43.9509,0.425568
ppo,0,4,268,108.535,137.989,-137.752,-1.95447,5.11983,6.45754,225.075,0.125,132.366,0.425568
ppo,0,4,269,109.197,138.771,-138.64,-1.95584,5.12535,6.45071,226.423,0.125,184.203,0.425568
ppo,0,4,270,109.881,139.563,-139.51,-1.95635,5.1303,6.44538,227.777,0.125,265.948,0.425568
ppo,0,4,271,110.555,140.375,-140.369,-1.95521,5.13399,6.43829,229.131,0.125,96.5835,0.425568
ppo,0,4,272,111.214,141.174,-141.248,-1.95332,5.13699,6.43015,230.481,0.125,258.293,0.425568
ppo,0,4,273,111.889,141.952,-142.124,-1.95358,5.14264,6.42273,231.825,0.125,181.364,0.425568
ppo,0,4,274,112.567,142.749,-142.98,-1.95047,5.14939,6.41052,233.164,0.125,352.148,0.425568
ppo,0,4,275,113.238,143.556,-143.852,-1.94786,5.15832,6.39668,234.513,0.125,155.79,0.425568
ppo,0,4,276,113.913,144.343,-144.74,-1.94223,5.16439,6.38037,235.861,0.125,144.251,0.425568
ppo,0,4,277,114.604,145.127,-145.61,-1.94201,5.17113,6.36236,237.205,0.125,67.1719,0.425568
ppo,0,4,278,115.279,145.929,-146.481,-1.94237,5.17364,6.34353,238.554,0.125,70.5759,0.425568
ppo,0,4,279,115.943,146.718,-147.368,-1.94483,5.17698,6.32289,239.901,0.125,252.988,0.425568
ppo,0,4,280,116.63,147.516,-148.245,-1.94841,5.18035,6.30387,241.258,0.125,73.3747,0.425568
ppo,0,4,281,117.321,148.331,-149.103,-1.95288,5.17763,6.28112,242.618,0.125,128.437,0.425568
ppo,0,4,282,117.994,149.154,-149.971,-1.95668,5.17392,6.25988,243.98,0.125,86.6565,0.425568
ppo,0,4,283,118.666,149.956,-150.849,-1.95829,5.17171,6.2364,245.334,0.125,120.551,0.425568
ppo,0,4,284,119.361,150.75,-151.713,-1.96223,5.16708,6.21419,246.688,0.125,221.662,0.425568
ppo,0,4,285,120.061,151.561,-152.56,-1.97007,5.16589,6.193,248.043,0.125,301.877,0.425568
ppo,0,4,286,120.742,152.384,-153.416,-1.97662,5.16596,6.16798,249.4,0.125,72.1501,0.425568
ppo,0,4,287,121.43,153.182,-154.283,-1.98294,5.165,6.14216,250.751,0.125,66.2482,0.425568
ppo,0,4,288,122.137,153.977,-155.134,-1.99012,5.16759,6.11538,252.097,0.125,124.567,0.425568
ppo,0,4,289,122.835,154.794,-155.976,-1.99831,5.17037,6.08896,253.447,0.125,188.502,0.425568
ppo,0,4,290,123.507,155.612,-156.834,-2.00533,5.17272,6.06804,254.798,0.125,354.818,0.425568
ppo,0,4,291,124.182,156.412,-157.706,-2.01029,5.17516,6.04935,256.15,0.125,228.414,0.425568
ppo,0,4,292,124.879,157.209,-158.556,-2.01161,5.17608,6.03147,257.496,0.125,261.474,0.425568
ppo,0,4,293,125.567,158.029,-159.413,-2.01557,5.17877,6.01211,258.855,0.125,303.089,0.425568
ppo,0,4,294,126.243,158.847,-160.288,-2.01828,5.1808,5.99293,260.219,0.125,256.525,0.425568
ppo,0,4,295,126.917,159.64,-161.179,-2.02128,5.18422,5.97416,261.576,0.125,193.058,0.425568
ppo,0,4,296,127.61,160.423,-162.054,-2.02068,5.1902,5.9533,262.922,0.125,232.099,0.425568
ppo,0,4,297,128.303,161.23,-162.912,-2.02033,5.195,5.93108,264.271,0.125,195.846,0.425568
ppo,0,4,298,128.97,162.051,-163.777,-2.01678,5.19851,5.9106,265.62,0.125,363.588,0.425568
ppo,0,4,299,129.649,162.863,-164.657,-2.01312,5.20634,5.89287,266.979,0.125,234.791,0.425568
ppo,0,5,0,0,0,0,-4.24206,-3.07591,8.14162,9.68206,0.125,1.06913,0.54105
ppo,0,5,1,-0.0142786,-0.00298558,0.0110377,-4.18122,-3.05216,8.15913,9.64636,0.125,1.13168,0.54105
ppo,0,5,2,-0.0440776,-0.00584431,0.0343273,-4.11931,-3.02366,8.17626,9.59196,0.125,0.912754,0.54105
ppo,0,5,3,-0.0872396,-0.00794509,0.0651538,-4.05903,-2.99173,8.19403,9.52664,0.125,0.103925,0.54105
ppo,0,5,4,-0.14082,-0.0032305,0.106406,-4.00347,-2.95738,8.21376,9.4539,0.125,0.52258,0.54105
ppo,0,5,5,-0.199781,0.0115499,0.153345,-3.95265,-2.91904,8.23148,9.37703,0.125,0.699792,0.54105
ppo,0,5,6,-0.263934,0.0423838,0.20838,-3.90081,-2.87982,8.25021,9.29716,0.125,0.0732955,0.54105
ppo,0,5,7,-0.321994,0.0866653,0.265009,-3.85435,-2.83596,8.2693,9.22431,0.125,0.977243,0.54105
ppo,0,5,8,-0.376313,0.145397,0.3227,-3.80902,-2.79127,8.2888,9.15786,0.125,0.399464,0.54105
ppo,0,5,9,-0.424255,0.213786,0.378901,-3.76566,-2.74475,8.30471,9.09595,0.125,0.792839,0.54105
ppo,0,5,10,-0.461989,0.29411,0.437527,-3.72248,-2.70012,8.31806,9.03875,0.125,0.425039,0.54105
ppo,0,5,11,-0.492196,0.391426,0.486122,-3.68316,-2.65452,8.33272,9.00161,0.125,0.352139,0.54105
ppo,0,5,12,-0.510779,0.503057,0.524588,-3.64891,-2.6064,8.34841,8.98492,0.125,0.931437,0.54105
ppo,0,5,13,-0.517592,0.627608,0.556449,-3.61829,-2.55786,8.36105,8.98183,0.125,0.794457,0.54105
ppo,0,5,14,-0.510991,0.771357,0.582148,-3.59004,-2.50508,8.37368,8.99575,0.125,0.941869,0.54105
ppo,0,5,15,-0.491337,0.926214,0.601781,-3.56152,-2.45095,8.38772,9.02508,0.125,0.749855,0.54105
ppo,0,5,16,-0.455262,1.09175,0.617575,-3.53818,-2.39704,8.39981,9.06858,0.125,0.636936,0.54105
ppo,0,5,17,-0.398879,1.26104,0.633082,-3.51995,-2.34509,8.41216,9.12466,0.125,0.83397,0.54105
ppo,0,5,18,-0.318723,1.4303,0.649962,-3.50256,-2.29389,8.42267,9.18811,0.125,0.520831,0.54105
ppo,0,5,19,-0.2197,1.5933,0.667996,-3.48745,-2.24293,8.43234,9.25634,0.125,0.732682,0.54105
ppo,0,5,20,-0.106223,1.74516,0.678925,-3.47823,-2.19314,8.43974,9.33333,0.125,0.555857,0.54105
ppo,0,5,21,0.0222377,1.87943,0.676317,-3.4703,-2.1441,8.44467,9.41987,0.125,0.398669,0.54105
ppo,0,5,22,0.156159,1.99394,0.663483,-3.46567,-2.0984,8.45034,9.51315,0.125,0.501483,0.54105
ppo,0,5,23,0.286494,2.09339,0.636847,-3.46324,-2.05353,8.45186,9.60895,0.125,0.336415,0.54105
ppo,0,5,24,0.407259,2.17988,0.588077,-3.4635,-2.00819,8.4541,9.71581,0.125,1.42805,0.54105
ppo,0,5,25,0.511761,2.26387,0.520908,-3.46651,-1.96444,8.4572,9.8331,0.125,0.219311,0.54105
ppo,0,5,26,0.59156,2.35273,0.439306,-3.47051,-1.91799,8.45749,9.95142,0.125,0.859561,0.54105
ppo,0,5,27,0.649637,2.45251,0.350169,-3.47511,-1.87214,8.45676,10.0714,0.125,1.18908,0.54105
ppo,0,5,28,0.686436,2.57107,0.261587,-3.48258,-1.82839,8.45471,10.1913,0.125,0.992964,0.54105
ppo,0,5,29,0.71444,2.71279,0.184041,-3.49136,-1.78767,8.45128,10.3097,0.125,0.386441,0.54105
ppo,0,5,30,0.739508,2.87292,0.123328,-3.50346,-1.74853,8.44205,10.4193,0.125,0.616677,0.54105
ppo,0,5,31,0.769924,3.04603,0.0799828,-3.51619,-1.71151,8.43175,10.5241,0.125,0.307597,0.54105
ppo,0,5,32,0.814882,3.22095,0.0553373,-3.53263,-1.67661,8.4181,10.6218,0.125,0.449494,0.54105
ppo,0,5,33,0.877681,3.38717,0.0361238,-3.55027,-1.64477,8.4038,10.7212,0.125,0.886001,0.54105
ppo,0,5,34,0.954168,3.54144,0.0150972,-3.5691,-1.61802,8.38572,10.8235,0.125,0.427705,0.54105
ppo,0,5,35,1.04219,3.68206,-0.0201293,-3.59031,-1.59352,8.36383,10.9354,0.125,0.918194,0.54105
ppo,0,5,36,1.13337,3.81489,-0.0718298,-3.61355,-1.56991,8.3409,11.0591,0.125,0.46747,0.54105
ppo,0,5,37,1.22319,3.95039,-0.138439,-3.64119,-1.54916,8.31579,11.1974,0.125,1.68547,0.54105
ppo,0,5,38,1.31122,4.09307,-0.221815,-3.66473,-1.53028,8.28728,11.3484,0.125,0.831151,0.54105
ppo,0,5,39,1.39909,4.24804,-0.316302,-3.68698,-1.51027,8.25897,11.5135,0.125,0.854988,0.54105
ppo,0,5,40,1.48422,4.4148,-0.42108,-3.70446,-1.49151,8.23126,11.6906,0.125,1.9825,0.54105
ppo,0,5,41,1.57243,4.59989,-0.533584,-3.72512,-1.47266,8.2002,11.8836,0.125,1.49803,0.54105
ppo,0,5,42,1.6665,4.80343,-0.651559,-3.74573,-1.45732,8.16499,12.0922,0.125,1.09395,0.54105
ppo,0,5,43,1.7709,5.023,-0.774578,-3.76542,-1.44689,8.12959,12.3205,0.125,1.44758,0.54105
ppo,0,5,44,1.88973,5.25256,-0.897132,-3.78563,-1.43838,8.09497,12.5633,0.125,0.649928,0.54105
ppo,0,5,45,2.02643,5.48816,-1.01778,-3.8053,-1.43307,8.05987,12.8186,0.125,0.522268,0.54105
ppo,0,5,46,2.1826,5.70989,-1.13971,-3.82356,-1.43086,8.02413,13.0782,0.125,2.1315,0.54105
ppo,0,5,47,2.35005,5.91585,-1.27083,-3.84109,-1.4281,7.98698,13.3406,0.125,1.27389,0.54105
ppo,0,5,48,2.51395,6.10759,-1.4176,-3.85618,-1.42699,7.95098,13.6058,0.125,1.11676,0.54105
ppo,0,5,49,2.66094,6.297,-1.58132,-3.86741,-1.42666,7.9154,13.8731,0.125,1.8381,0.54105
ppo,0,5,50,2.79159,6.49783,-1.75544,-3.87873,-1.42193,7.87927,14.1437,0.125,0.653128,0.54105
ppo,0,5,51,2.91183,6.72079,-1.92516,-3.88576,-1.41741,7.84291,14.4171,0.125,1.30852,0.54105
ppo,0,5,52,3.04014,6.96255,-2.08175,-3.89178,-1.41331,7.8069,14.6967,0.125,0.490928,0.54105
ppo,0,5,53,3.18435,7.20786,-2.22525,-3.89864,-1.40653,7.7731,14.9781,0.125,0.856758,0.54105
ppo,0,5,54,3.34654,7.44077,-2.36621,-3.90529,-1.39815,7.73869,15.2586,0.125,1.09965,0.54105
ppo,0,5,55,3.5249,7.65968,-2.5173,-3.90952,-1.39204,7.70741,15.5483,0.125,1.62693,0.54105
ppo,0,5,56,3.70552,7.87134,-2.68429,-3.91426,-1.38596,7.67629,15.8461,0.125,0.542027,0.54105
ppo,0,5,57,3.88126,8.08675,-2.87097,-3.92087,-1.37664,7.64362,16.155,0.125,1.33161,0.54105
ppo,0,5,58,4.04941,8.3135,-3.0725,-3.92333,-1.36311,7.61235,16.4732,0.125,2.37327,0.54105
ppo,0,5,59,4.21832,8.56011,-3.27877,-3.92563,-1.35239,7.58269,16.8093,0.125,1.443,0.54105
ppo,0,5,60,4.39264,8.82642,-3.47532,-3.93013,-1.34256,7.55388,17.1558,0.125,0.742713,0.54105
ppo,0,5,61,4.5863,9.09871,-3.66845,-3.93175,-1.33437,7.52337,17.5118,0.125,0.312378,0.54105
ppo,0,5,62,4.80015,9.36328,-3.85673,-3.93165,-1.32736,7.49054,17.8688,0.125,1.04108,0.54105
ppo,0,5,63,5.02286,9.61607,-4.05781,-3.93176,-1.31957,7.45594,18.2302,0.125,1.17026,0.54105
ppo,0,5,64,5.237,9.86049,-4.27624,-3.93035,-1.31281,7.4169,18.5907,0.125,1.42773,0.54105
ppo,0,5,65,5.43428,10.1138,-4.50681,-3.92757,-1.30668,7.37996,18.957,0.125,2.10571,0.54105
ppo,0,5,66,5.62472,10.3867,-4.73674,-3.92322,-1.30084,7.34527,19.3323,0.125,1.63866,0.54105
ppo,0,5,67,5.82645,10.674,-4.9512,-3.91933,-1.29691,7.31369,19.7158,0.125,0.983911,0.54105
ppo,0,5,68,6.05047,10.9629,-5.15609,-3.91354,-1.29502,7.28213,20.1059,0.125,2.79974,0.54105
ppo,0,5,69,6.28925,11.2396,-5.36991,-3.90676,-1.29119,7.2507,20.5003,0.125,0.748951,0.54105
ppo,0,5,70,6.52794,11.51,-5.60176,-3.89705,-1.28934,7.21649,20.9,0.125,2.32278,0.54105
ppo,0,5,71,6.75931,11.7855,-5.84957,-3.89169,-1.28781,7.18304,21.3121,0.125,1.02237,0.54105
ppo,0,5,72,6.98507,12.0841,-6.10226,-3.88396,-1.28647,7.14625,21.7355,0.125,1.48607,0.54105
ppo,0,5,73,7.22015,12.4068,-6.35171,-3.87681,-1.28544,7.10844,22.1765,0.125,2.46064,0.54105
ppo,0,5,74,7.47541,12.7381,-6.59404,-3.86856,-1.28403,7.0716,22.6287,0.125,3.43831,0.54105
ppo,0,5,75,7.74501,13.0566,-6.84104,-3.8605,-1.28219,7.03949,23.0859,0.125,1.16136,0.54105
ppo,0,5,76,8.01199,13.3654,-7.10801,-3.85013,-1.27953,7.01104,23.5485,0.125,1.2374,0.54105
ppo,0,5,77,8.26503,13.6834,-7.39135,-3.84002,-1.27563,6.98572,24.0209,0.125,3.08388,0.54105
ppo,0,5,78,8.51688,14.0223,-7.67363,-3.82655,-1.27212,6.96294,24.5053,0.125,1.68564,0.54105
ppo,0,5,79,8.7878,14.3696,-7.93953,-3.81032,-1.26629,6.94165,24.9929,0.125,0.772662,0.54105
ppo,0,5,80,9.07913,14.7096,-8.20084,-3.79473,-1.25729,6.92403,25.4841,0.125,1.78756,0.54105
ppo,0,5,81,9.37371,15.0375,-8.47741,-3.78324,-1.24467,6.90691,25.9787,0.125,2.40047,0.54105
ppo,0,5,82,9.66018,15.3698,-8.77217,-3.77095,-1.2318,6.89041,26.4826,0.125,2.64476,0.54105
ppo,0,5,83,9.94652,15.7204,-9.07134,-3.75556,-1.21913,6.87279,26.9983,0.125,2.61176,0.54105
ppo,0,5,84,10.2429,16.0916,-9.36552,-3.74077,-1.20778,6.85451,27.5301,0.125,2.60498,0.54105
ppo,0,5,85,10.5564,16.4601,-9.65593,-3.72319,-1.19298,6.83931,28.0648,0.125,2.48534,0.54105
ppo,0,5,86,10.8785,16.8156,-9.96259,-3.70436,-1.17552,6.82314,28.6024,0.125,1.24371,0.54105
ppo,0,5,87,11.1921,17.1726,-10.2845,-3.68242,-1.15954,6.80515,29.144,0.125,3.52026,0.54105
ppo,0,5,88,11.4967,17.5516,-10.6081,-3.65769,-1.14434,6.78808,29.6955,0.125,3.15721,0.54105
ppo,0,5,89,11.8161,17.9416,-10.9213,-3.6285,-1.12966,6.77004,30.2528,0.125,3.95099,0.54105
ppo,0,5,90,12.1563,18.3236,-11.2343,-3.59848,-1.11447,6.75456,30.8164,0.125,8.28298,0.54105
ppo,0,5,91,12.5032,18.6941,-11.5656,-3.56674,-1.0951,6.73867,31.3831,0.125,1.38997,0.54105
ppo,0,5,92,12.8423,19.0723,-11.9133,-3.5364,-1.07573,6.7231,31.9612,0.125,9.92747,0.54105
ppo,0,5,93,13.1838,19.4714,-12.2624,-3.50735,-1.05644,6.71078,32.5572,0.125,0.851885,0.54105
ppo,0,5,94,13.5481,19.8771,-12.6029,-3.47782,-1.03556,6.69837,33.1626,0.125,7.15316,0.54105
ppo,0,5,95,13.9255,20.2655,-12.9532,-3.44825,-1.01522,6.68403,33.7688,0.125,5.43775,0.54105
ppo,0,5,96,14.2962,20.6518,-13.3235,-3.42104,-0.994934,6.6728,34.3851,0.125,6.18679,0.54105
ppo,0,5,97,14.6603,21.0574,-13.6986,-3.395,-0.973498,6.66069,35.0122,0.125,1.52475,0.54105
ppo,0,5,98,15.0408,21.4784,-14.0652,-3.37,-0.949752,6.6493,35.6521,0.125,5.59982,0.54105
ppo,0,5,99,15.4358,21.8859,-14.4388,-3.34726,-0.927462,6.63532,36.2956,0.125,6.53247,0.54105
ppo,0,5,100,15.83,22.2882,-14.8344,-3.32476,-0.903477,6.61967,36.9464,0.125,11.8685,0.54105
ppo,0,5,101,16.2164,22.7048,-15.2378,-3.30294,-0.878926,6.60844,37.6092,0.125,4.43037,0.54105
ppo,0,5,102,16.6132,23.1384,-15.6368,-3.28533,-0.853498,6.59802,38.2877,0.125,8.47227,0.54105
ppo,0,5,103,17.026,23.5642,-16.0405,-3.26942,-0.825969,6.58615,38.9711,0.125,10.9959,0.54105
ppo,0,5,104,17.4384,23.9814,-16.4644,-3.25642,-0.796859,6.57717,39.663,0.125,8.38412,0.54105
ppo,0,5,105,17.8395,24.4132,-16.8982,-3.24569,-0.767927,6.57214,40.3675,0.125,2.70755,0.54105
ppo,0,5,106,18.2506,24.8597,-17.3212,-3.23489,-0.739785,6.57019,41.0823,0.125,3.94466,0.54105
ppo,0,5,107,18.6795,25.2961,-17.7523,-3.22573,-0.710949,6.56812,41.8053,0.125,8.15683,0.54105
ppo,0,5,108,19.1049,25.7302,-18.2014,-3.22105,-0.680894,6.56787,42.5383,0.125,16.9253,0.54105
ppo,0,5,109,19.5218,26.1827,-18.6576,-3.21632,-0.647477,6.56462,43.2786,0.125,4.06053,0.54105
ppo,0,5,110,19.9529,26.6472,-19.1049,-3.213,-0.615289,6.56089,44.0299,0.125,5.606,0.54105
ppo,0,5,111,20.3971,27.1014,-19.5602,-3.21074,-0.584233,6.55652,44.7874,0.125,3.21113,0.54105
ppo,0,5,112,20.8331,27.5554,-20.0359,-3.21011,-0.553269,6.55143,45.5528,0.125,7.12649,0.54105
ppo,0,5,113,21.2691,28.0292,-20.5091,-3.21063,-0.520391,6.54829,46.3297,0.125,10.8794,0.54105
ppo,0,5,114,21.7233,28.5015,-20.9756,-3.21192,-0.486888,6.5446,47.1111,0.125,15.6305,0.54105
ppo,0,5,115,22.1813,28.9603,-21.4569,-3.21689,-0.453091,6.539,47.8955,0.125,7.12844,0.54105
ppo,0,5,116,22.6289,29.4333,-21.9524,-3.22224,-0.417924,6.52618,48.6869,0.125,16.138,0.54105
ppo,0,5,117,23.0883,29.9206,-22.4414,-3.22793,-0.382236,6.51058,49.4876,0.125,17.9955,0.54105
ppo,0,5,118,23.5673,30.3991,-22.9322,-3.23403,-0.34629,6.49216,50.293,0.125,7.70217,0.54105
ppo,0,5,119,24.0393,30.8764,-23.4387,-3.24299,-0.310965,6.4737,51.105,0.125,16.487,0.54105
ppo,0,5,120,24.5086,31.375,-23.9436,-3.254,-0.278049,6.4536,51.9295,0.125,9.08668,0.54105
ppo,0,5,121,24.9992,31.8757,-24.4437,-3.26696,-0.245396,6.4353,52.766,0.125,12.5215,0.54105
ppo,0,5,122,25.4913,32.3688,-24.9612,-3.28027,-0.215428,6.4155,53.61,0.125,9.56345,0.54105
ppo,0,5,123,25.9739,32.8787,-25.4898,-3.29288,-0.191059,6.39617,54.469,0.125,6.58601,0.54105
ppo,0,5,124,26.4713,33.3976,-26.011,-3.30829,-0.168649,6.37683,55.3398,0.125,14.0362,0.54105
ppo,0,5,125,26.9816,33.9023,-26.5439,-3.32161,-0.145822,6.35847,56.215,0.125,13.1405,0.54105
ppo,0,5,126,27.4831,34.4181,-27.0902,-3.33683,-0.12278,6.34068,57.1014,0.125,1.84615,0.54105
ppo,0,5,127,27.997,34.9548,-27.6285,-3.35388,-0.099503,6.32368,58.0037,0.125,16.953,0.54105
ppo,0,5,128,28.5277,35.4818,-28.1722,-3.3727,-0.0753344,6.30627,58.9127,0.125,5.96747,0.54105
ppo,0,5,129,29.0452,36.0163,-28.7326,-3.39154,-0.053098,6.28653,59.8288,0.125,10.9196,0.54105
ppo,0,5,130,29.5642,36.5736,-29.2886,-3.4101,-0.030304,6.26737,60.7567,0.125,17.2202,0.54105
ppo,0,5,131,30.1006,37.1252,-29.844,-3.43091,-0.00493051,6.24696,61.6893,0.125,14.052,0.54105
ppo,0,5,132,30.6289,37.6734,-30.4203,-3.45334,0.0185958,6.22354,62.6279,0.125,17.873,0.54105
ppo,0,5,133,31.1604,38.2439,-30.9914,-3.4783,0.0416328,6.19667,63.5783,0.125,9.51234,0.54105
ppo,0,5,134,31.7137,38.8031,-31.5591,-3.50284,0.0612031,6.16817,64.5328,0.125,10.961,0.54105
ppo,0,5,135,32.262,39.3619,-32.1459,-3.52971,0.0811302,6.1399,65.4968,0.125,15.5901,0.54105
ppo,0,5,136,32.8153,39.938,-32.7293,-3.556,0.101914,6.11187,66.4712,0.125,35.1033,0.54105
ppo,0,5,137,33.3864,40.5028,-33.3149,-3.58411,0.122547,6.07995,67.4487,0.125,18.7387,0.54105
ppo,0,5,138,33.9495,41.0695,-33.9194,-3.61423,0.144454,6.04492,68.4327,0.125,22.1925,0.54105
ppo,0,5,139,34.5189,41.6553,-34.5154,-3.64189,0.165276,6.01133,69.4268,0.125,15.3988,0.54105
ppo,0,5,140,35.109,42.2252,-35.1148,-3.6702,0.184289,5.97371,70.424,0.125,2.96907,0.54105
ppo,0,5,141,35.6863,42.7989,-35.738,-3.69664,0.205155,5.93551,71.4278,0.125,12.8645,0.54105
ppo,0,5,142,36.2681,43.3896,-36.3515,-3.72383,0.225016,5.89765,72.4398,0.125,5.93912,0.54105
ppo,0,5,143,36.8663,43.9675,-36.9708,-3.75087,0.245372,5.8603,73.4566,0.125,17.0727,0.54105
ppo,0,5,144,37.4525,44.5545,-37.608,-3.77978,0.266373,5.81678,74.4799,0.125,15.2464,0.54105
ppo,0,5,145,38.0522,45.1549,-38.2344,-3.80766,0.281531,5.77199,75.5144,0.125,34.4781,0.54105
ppo,0,5,146,38.6596,45.7416,-38.8738,-3.83328,0.295918,5.72621,76.5514,0.125,34.6097,0.54105
ppo,0,5,147,39.2556,46.3459,-39.5223,-3.8547,0.309329,5.68094,77.5964,0.125,2.14918,0.54105
ppo,0,5,148,39.8732,46.9482,-40.1626,-3.87209,0.319693,5.6365,78.6475,0.125,39.0909,0.54105
ppo,0,5,149,40.4919,47.5423,-40.8266,-3.88547,0.329809,5.59146,79.7057,0.125,40.9157,0.54105
ppo,0,5,150,41.1061,48.1572,-41.4856,-3.89926,0.34056,5.54933,80.7725,0.125,5.904,0.54105
ppo,0,5,151,41.74,48.7602,-42.1452,-3.90975,0.348599,5.50774,81.8437,0.125,19.2322,0.54105
ppo,0,5,152,42.3618,49.3707,-42.8207,-3.92083,0.355138,5.46512,82.9224,0.125,31.1101,0.54105
ppo,0,5,153,42.9942,49.9957,-43.4886,-3.93126,0.359983,5.42127,84.0112,0.125,31.1954,0.54105
ppo,0,5,154,43.6322,50.6076,-44.1699,-3.93624,0.362828,5.37917,85.1023,0.125,13.7326,0.54105
ppo,0,5,155,44.2625,51.2418,-44.8585,-3.93943,0.367389,5.34059,86.2066,0.125,23.4832,0.54105
ppo,0,5,156,44.9114,51.873,-45.5362,-3.94045,0.370955,5.30424,87.3139,0.125,35.4854,0.54105
ppo,0,5,157,45.5511,52.497,-46.2392,-3.9407,0.376038,5.26446,88.4232,0.125,27.8005,0.54105
ppo,0,5,158,46.1952,53.1403,-46.9292,-3.93789,0.380054,5.22832,89.5398,0.125,14.577,0.54105
ppo,0,5,159,46.8497,53.7691,-47.6318,-3.93344,0.38275,5.19129,90.6604,0.125,13.9072,0.54105
ppo,0,5,160,47.4901,54.4168,-48.3401,-3.92856,0.384147,5.15736,91.7899,0.125,80.4104,0.54105
ppo,0,5,161,48.1453,55.0649,-49.0376,-3.92281,0.387437,5.12225,92.9193,0.125,8.76981,0.54105
ppo,0,5,162,48.7908,55.711,-49.7548,-3.91261,0.390244,5.09177,94.0542,0.125,38.8016,0.54105
ppo,0,5,163,49.4435,56.3767,-50.4605,-3.90243,0.395867,5.05815,95.1944,0.125,64.4099,0.54105
ppo,0,5,164,50.1015,57.0257,-51.1808,-3.88897,0.405674,5.02776,96.3338,0.125,64.552,0.54105
ppo,0,5,165,50.7415,57.696,-51.9089,-3.87245,0.417155,4.99867,97.4783,0.125,30.3436,0.54105
ppo,0,5,166,51.4041,58.3562,-52.6352,-3.85757,0.424062,4.97068,98.6328,0.125,26.7087,0.54105
ppo,0,5,167,52.0546,59.0231,-53.3722,-3.83973,0.428555,4.94577,99.7922,0.125,44.2788,0.54105
ppo,0,5,168,52.7208,59.6999,-54.0982,-3.81885,0.436204,4.9189,100.955,0.125,37.5485,0.54105
ppo,0,5,169,53.3821,60.3622,-54.8457,-3.79934,0.443718,4.89286,102.121,0.125,46.6728,0.54105
ppo,0,5,170,54.0433,61.0432,-55.5845,-3.77878,0.448317,4.87079,103.296,0.125,48.7533,0.54105
ppo,0,5,171,54.7172,61.7031,-56.3317,-3.75442,0.451898,4.84696,104.468,0.125,47.6704,0.54105
ppo,0,5,172,55.3787,62.3838,-57.0812,-3.73365,0.452761,4.8252,105.651,0.125,41.3434,0.54105
ppo,0,5,173,56.0635,63.0563,-57.8227,-3.70965,0.453945,4.80644,106.838,0.125,35.1714,0.54105
ppo,0,5,174,56.7357,63.7325,-58.5766,-3.68813,0.456781,4.78486,108.026,0.125,63.0037,0.54105
ppo,0,5,175,57.4254,64.4119,-59.3179,-3.6668,0.459766,4.76889,109.221,0.125,39.3982,0.54105
ppo,0,5,176,58.1059,65.0859,-60.0751,-3.63875,0.466805,4.75326,110.412,0.125,52.1809,0.54105
ppo,0,5,177,58.7878,65.7796,-60.8175,-3.60956,0.471014,4.74056,111.609,0.125,34.2521,0.54105
ppo,0,5,178,59.4699,66.4611,-61.5753,-3.57849,0.478421,4.73206,112.807,0.125,15.7985,0.54105
ppo,0,5,179,60.144,67.1633,-62.3235,-3.54747,0.483962,4.73041,114.013,0.125,62.6398,0.54105
ppo,0,5,180,60.837,67.843,-63.0757,-3.51779,0.491388,4.72444,115.216,0.125,25.117,0.54105
ppo,0,5,181,61.5142,68.5412,-63.833,-3.4859,0.498984,4.72114,116.424,0.125,54.043,0.54105
ppo,0,5,182,62.2132,69.2253,-64.5866,-3.45484,0.509568,4.71612,117.631,0.125,98.7653,0.54105
ppo,0,5,183,62.8961,69.916,-65.352,-3.42282,0.5212,4.71027,118.838,0.125,111.823,0.54105
ppo,0,5,184,63.6022,70.6135,-66.1071,-3.38884,0.534434,4.7052,120.055,0.125,17.0622,0.54105
ppo,0,5,185,64.2952,71.3194,-66.8778,-3.35687,0.547861,4.70388,121.282,0.125,42.3622,0.54105
ppo,0,5,186,65.0062,72.0294,-67.6321,-3.32364,0.55856,4.70322,122.513,0.125,93.5431,0.54105
ppo,0,5,187,65.7071,72.7309,-68.4087,-3.2944,0.574638,4.6976,123.743,0.125,11.3256,0.54105
ppo,0,5,188,66.4231,73.4381,-69.1667,-3.26413,0.592922,4.69574,124.974,0.125,55.1893,0.54105
ppo,0,5,189,67.1321,74.1323,-69.9443,-3.23345,0.615269,4.69178,126.201,0.125,65.091,0.54105
ppo,0,5,190,67.8472,74.8466,-70.7059,-3.20271,0.637155,4.68764,127.434,0.125,50.8825,0.54105
ppo,0,5,191,68.5514,75.5492,-71.4884,-3.17154,0.662922,4.68521,128.664,0.125,101.975,0.54105
ppo,0,5,192,69.2619,76.2716,-72.2626,-3.14339,0.689309,4.68258,129.907,0.125,107.875,0.54105
ppo,0,5,193,69.9823,76.9776,-73.0521,-3.11729,0.714713,4.67491,131.153,0.125,77.0545,0.54105
ppo,0,5,194,70.7073,77.6988,-73.8261,-3.08918,0.740397,4.66703,132.4,0.125,61.9985,0.54105
ppo,0,5,195,71.4273,78.404,-74.6166,-3.06303,0.763877,4.66176,133.648,0.125,81.0497,0.54105
ppo,0,5,196,72.1504,79.128,-75.3936,-3.0384,0.789767,4.65603,134.901,0.125,51.1823,0.54105
ppo,0,5,197,72.8734,79.8298,-76.185,-3.01184,0.815593,4.65313,136.149,0.125,74.2772,0.54105
ppo,0,5,198,73.6019,80.5506,-76.9646,-2.99144,0.845824,4.64885,137.405,0.125,55.3317,0.54105
ppo,0,5,199,74.3268,81.2586,-77.7589,-2.97426,0.873685,4.64597,138.664,0.125,23.9128,0.54105
ppo,0,5,200,75.0566,81.9839,-78.5376,-2.95701,0.903895,4.64231,139.925,0.125,49.8269,0.54105
ppo,0,5,201,75.7784,82.6989,-79.3359,-2.94134,0.934742,4.63474,141.185,0.125,83.506,0.54105
ppo,0,5,202,76.5128,83.4271,-80.1193,-2.92546,0.963307,4.62477,142.451,0.125,160.858,0.54105
ppo,0,5,203,77.2601,84.1449,-80.926,-2.91018,0.992723,4.61624,143.733,0.125,69.1204,0.54105
ppo,0,5,204,78.0222,84.8743,-81.7179,-2.89762,1.02234,4.60905,145.022,0.125,103.871,0.54105
ppo,0,5,205,78.7707,85.5951,-82.5274,-2.88557,1.0516,4.6021,146.311,0.125,39.3179,0.54105
ppo,0,5,206,79.5337,86.3208,-83.3243,-2.87513,1.07828,4.59678,147.606,0.125,27.6028,0.54105
ppo,0,5,207,80.2842,87.0479,-84.1391,-2.86717,1.1082,4.59064,148.905,0.125,14.861,0.54105
ppo,0,5,208,81.0534,87.7745,-84.9389,-2.86098,1.13705,4.58348,150.206,0.125,44.2462,0.54105
ppo,0,5,209,81.804,88.5081,-85.7542,-2.8519,1.16604,4.5744,151.507,0.125,105.791,0.54105
ppo,0,5,210,82.5735,89.23,-86.5639,-2.84166,1.19457,4.56834,152.811,0.125,94.983,0.54105
ppo,0,5,211,83.3293,89.9653,-87.3836,-2.83422,1.22328,4.56558,154.123,0.125,58.2041,0.54105
ppo,0,5,212,84.1001,90.6815,-88.201,-2.82624,1.25059,4.56328,155.433,0.125,95.8524,0.54105
ppo,0,5,213,84.863,91.4161,-89.0172,-2.81733,1.27732,4.56319,156.749,0.125,139.855,0.54105
ppo,0,5,214,85.6356,92.1371,-89.8425,-2.80595,1.30064,4.56403,158.069,0.125,118.655,0.54105
ppo,0,5,215,86.4117,92.876,-90.657,-2.7941,1.32144,4.56144,159.394,0.125,99.2412,0.54105
ppo,0,5,216,87.18,93.5972,-91.4874,-2.78518,1.3447,4.55734,160.714,0.125,131.744,0.54105
ppo,0,5,217,87.9585,94.3409,-92.3077,-2.77714,1.36671,4.55085,162.045,0.125,122.644,0.54105
ppo,0,5,218,88.7225,95.081,-93.1456,-2.76451,1.38792,4.54494,163.376,0.125,123.234,0.54105
ppo,0,5,219,89.5053,95.8181,-93.9696,-2.75166,1.40699,4.5404,164.709,0.125,41.0639,0.54105
ppo,0,5,220,90.2714,96.5643,-94.8076,-2.73734,1.42365,4.53548,166.046,0.125,105.547,0.54105
ppo,0,5,221,91.0531,97.2954,-95.6465,-2.72074,1.44204,4.5314,167.383,0.125,154.861,0.54105
ppo,0,5,222,91.827,98.0491,-96.4843,-2.70603,1.46264,4.52893,168.728,0.125,95.1264,0.54105
ppo,0,5,223,92.6101,98.7793,-97.3318,-2.69294,1.4808,4.52455,170.072,0.125,70.7175,0.54105
ppo,0,5,224,93.4012,99.5221,-98.1651,-2.6823,1.49811,4.51933,171.42,0.125,38.036,0.54105
ppo,0,5,225,94.1811,100.252,-99.014,-2.67199,1.5132,4.51281,172.765,0.125,129.368,0.54105
ppo,0,5,226,94.9772,100.98,-99.8472,-2.6606,1.53018,4.50368,174.105,0.125,111.73,0.54105
ppo,0,5,227,95.7498,101.722,-100.693,-2.64779,1.54333,4.49848,175.451,0.125,43.5446,0.54105
ppo,0,5,228,96.5365,102.443,-101.539,-2.6348,1.55432,4.49287,176.794,0.125,204.194,0.54105
ppo,0,5,229,97.3171,103.179,-102.377,-2.62204,1.56379,4.49161,178.142,0.125,115.346,0.54105
ppo,0,5,230,98.0971,103.9,-103.226,-2.6069,1.57544,4.49182,179.485,0.125,61.8813,0.54105
ppo,0,5,231,98.8915,104.626,-104.057,-2.59014,1.58638,4.49362,180.828,0.125,111.379,0.54105
ppo,0,5,232,99.6688,105.359,-104.903,-2.57599,1.59798,4.49261,182.175,0.125,81.1014,0.54105
ppo,0,5,233,100.466,106.073,-105.742,-2.56576,1.60887,4.49149,183.521,0.125,143.9,0.54105
ppo,0,5,234,101.252,106.809,-106.584,-2.5552,1.624,4.48962,184.87,0.125,55.5674,0.54105
ppo,0,5,235,102.036,107.523,-107.44,-2.54864,1.64057,4.48338,186.214,0.125,211.131,0.54105
ppo,0,5,236,102.835,108.245,-108.279,-2.54341,1.65535,4.47684,187.563,0.125,192.903,0.54105
ppo,0,5,237,103.616,108.966,-109.136,-2.53489,1.67047,4.46948,188.909,0.125,99.7949,0.54105
ppo,0,5,238,104.413,109.668,-109.99,-2.52753,1.68642,4.4614,190.251,0.125,132.603,0.54105
ppo,0,5,239,105.204,110.39,-110.835,-2.52118,1.70075,4.45229,191.597,0.125,226.45,0.54105
ppo,0,5,240,106.009,111.098,-111.7,-2.51658,1.71601,4.44328,192.954,0.125,170.606,0.54105
ppo,0,5,241,106.835,111.804,-112.551,-2.51061,1.72883,4.43516,194.316,0.125,93.2627,0.54105
ppo,0,5,242,107.643,112.525,-113.408,-2.5042,1.74056,4.42976,195.682,0.125,144.082,0.54105
ppo,0,5,243,108.457,113.225,-114.278,-2.5005,1.75009,4.4255,197.05,0.125,138.96,0.54105
ppo,0,5,244,109.279,113.943,-115.128,-2.49727,1.7587,4.41689,198.419,0.125,118.001,0.54105
ppo,0,5,245,110.081,114.662,-115.996,-2.49613,1.76501,4.40817,199.791,0.125,39.6022,0.54105
ppo,0,5,246,110.901,115.363,-116.856,-2.49212,1.77431,4.40149,201.156,0.125,205.691,0.54105
ppo,0,5,247,111.712,116.09,-117.723,-2.48912,1.78395,4.39316,202.535,0.125,76.2776,0.54105
ppo,0,5,248,112.514,116.804,-118.611,-2.48617,1.79407,4.38478,203.913,0.125,191.168,0.54105
ppo,0,5,249,113.336,117.511,-119.489,-2.48444,1.80751,4.37317,205.289,0.125,24.1532,0.54105
ppo,0,5,250,114.141,118.24,-120.362,-2.48354,1.81895,4.36258,206.667,0.125,100.459,0.54105
ppo,0,5,251,114.941,118.951,-121.258,-2.48673,1.83039,4.35231,208.049,0.125,107.082,0.54105
ppo,0,5,252,115.759,119.663,-122.135,-2.4869,1.84378,4.33903,209.426,0.125,95.7973,0.54105
ppo,0,5,253,116.563,120.392,-123.012,-2.48662,1.85403,4.32891,210.808,0.125,133.91,0.54105
ppo,0,5,254,117.37,121.103,-123.903,-2.48434,1.8642,4.32017,212.189,0.125,25.3843,0.54105
ppo,0,5,255,118.192,121.819,-124.772,-2.47854,1.87176,4.3118,213.568,0.125,179.012,0.54105
ppo,0,5,256,119.003,122.554,-125.646,-2.47522,1.87764,4.3023,214.956,0.125,99.64,0.54105
ppo,0,5,257,119.816,123.269,-126.533,-2.47125,1.88352,4.29225,216.342,0.125,219.038,0.54105
ppo,0,5,258,120.643,123.995,-127.406,-2.4642,1.88947,4.28177,217.731,0.125,84.1458,0.54105
ppo,0,5,259,121.454,124.733,-128.286,-2.45431,1.89726,4.27114,219.119,0.125,145.492,0.54105
ppo,0,5,260,122.267,125.455,-129.181,-2.44561,1.90633,4.2601,220.508,0.125,145.261,0.54105
ppo,0,5,261,123.095,126.194,-130.058,-2.43588,1.91668,4.24807,221.903,0.125,210.387,0.54105
ppo,0,5,262,123.91,126.944,-130.96,-2.4208,1.92872,4.2337,223.306,0.125,102.198,0.54105
ppo,0,5,263,124.724,127.667,-131.871,-2.40482,1.94159,4.21673,224.696,0.125,101.393,0.54105
ppo,0,5,264,125.552,128.392,-132.763,-2.39022,1.95114,4.1966,226.085,0.125,185.171,0.54105
ppo,0,5,265,126.362,129.141,-133.647,-2.37702,1.95911,4.17469,227.472,0.125,172.037,0.54105
ppo,0,5,266,127.162,129.883,-134.549,-2.36401,1.96539,4.15365,228.863,0.125,96.2257,0.54105
ppo,0,5,267,127.983,130.617,-135.441,-2.35001,1.97177,4.13365,230.255,0.125,144.699,0.54105
ppo,0,5,268,128.797,131.376,-136.323,-2.33505,1.97744,4.11793,231.653,0.125,196.215,0.54105
ppo,0,5,269,129.595,132.14,-137.219,-2.32095,1.98322,4.10443,233.056,0.125,296.177,0.54105
ppo,0,5,270,130.409,132.886,-138.112,-2.30824,1.98984,4.09238,234.456,0.125,267.544,0.54105
ppo,0,5,271,131.237,133.641,-138.986,-2.29893,1.99856,4.08238,235.861,0.125,198.842,0.54105
ppo,0,5,272,132.042,134.41,-139.864,-2.28822,2.00742,4.07572,237.263,0.125,193.24,0.54105
ppo,0,5,273,132.852,135.161,-140.755,-2.27538,2.01544,4.06767,238.665,0.125,235.334,0.54105
ppo,0,5,274,133.673,135.934,-141.637,-2.26121,2.02261,4.05598,240.077,0.125,120.616,0.54105
ppo,0,5,275,134.488,136.731,-142.517,-2.24773,2.02913,4.0457,241.499,0.125,279.389,0.54105
ppo,0,5,276,135.287,137.521,-143.416,-2.23431,2.03519,4.03798,242.922,0.125,223.127,0.54105
ppo,0,5,277,136.098,138.291,-144.311,-2.22392,2.04321,4.02972,244.339,0.125,225.052,0.54105
ppo,0,5,278,136.911,139.077,-145.192,-2.21592,2.05403,4.0217,245.756,0.125,162.601,0.54105
ppo,0,5,279,137.709,139.88,-146.074,-2.20814,2.06376,4.01426,247.177,0.125,148.222,0.54105
ppo,0,5,280,138.502,140.666,-146.972,-2.20451,2.0703,4.00877,248.601,0.125,155.562,0.54105
ppo,0,5,281,139.316,141.444,-147.859,-2.20432,2.07661,4.00337,250.027,0.125,103.237,0.54105
ppo,0,5,282,140.124,142.244,-148.732,-2.20271,2.0819,3.99685,251.453,0.125,204.732,0.54105
ppo,0,5,283,140.913,143.04,-149.625,-2.19992,2.08697,3.9925,252.878,0.125,276.896,0.54105
ppo,0,5,284,141.705,143.816,-150.534,-2.19503,2.09408,3.98805,254.302,0.125,180.585,0.54105
ppo,0,5,285,142.516,144.586,-151.426,-2.19311,2.10172,3.9806,255.722,0.125,127.248,0.54105
ppo,0,5,286,143.311,145.375,-152.316,-2.19302,2.10689,3.97015,257.143,0.125,227.515,0.54105
ppo,0,5,287,144.086,146.161,-153.224,-2.19247,2.11252,3.96007,258.562,0.125,241.944,0.54105
ppo,0,5,288,144.883,146.933,-154.131,-2.19391,2.11871,3.95183,259.986,0.125,66.8784,0.54105
ppo,0,5,289,145.698,147.71,-155.019,-2.195,2.12321,3.94375,261.413,0.125,198.036,0.54105
ppo,0,5,290,146.5,148.509,-155.898,-2.19787,2.12382,3.93674,262.844,0.125,192.216,0.54105
ppo,0,5,291,147.281,149.309,-156.799,-2.20226,2.12611,3.92834,264.275,0.125,251.644,0.54105
ppo,0,5,292,148.08,150.09,-157.705,-2.20881,2.12807,3.91896,265.71,0.125,245.222,0.54105
ppo,0,5,293,148.899,150.865,-158.597,-2.21408,2.1308,3.9097,267.143,0.125,282.49,0.54105
ppo,0,5,294,149.705,151.665,-159.494,-2.21555,2.13457,3.8992,268.583,0.125,238.133,0.54105
ppo,0,5,295,150.482,152.474,-160.397,-2.21523,2.13463,3.88909,270.015,0.125,112.685,0.54105
ppo,0,5,296,151.263,153.26,-161.314,-2.21377,2.13108,3.8772,271.447,0.125,80.9682,0.54105
ppo,0,5,297,152.062,154.037,-162.221,-2.21352,2.12943,3.86062,272.874,0.125,227.827,0.54105
ppo,0,5,298,152.866,154.827,-163.105,-2.21346,2.12547,3.84189,274.296,0.125,191.727,0.54105
ppo,0,5,299,153.656,155.634,-163.989,-2.21495,2.11978,3.82364,275.723,0.125,326.938,0.54105
ppo,0,6,0,0,0,0,0.239021,4.55004,-7.14314,8.47257,0.125,0.844144,0.192902
ppo,0,6,1,-0.000899229,0.0199189,-0.0177983,0.264141,4.52854,-7.1383,8.43205,0.125,1.13299,0.192902
ppo,0,6,2,0.00221533,0.0572208,-0.0498543,0.28738,4.50646,-7.13138,8.3681,0.125,0.387336,0.192902
ppo,0,6,3,0.00783259,0.11479,-0.0997078,0.313455,4.48432,-7.12595,8.27975,0.125,0.57103,0.192902
ppo,0,6,4,0.0190298,0.193149,-0.166372,0.335493,4.46159,-7.12026,8.16556,0.125,0.687749,0.192902
ppo,0,6,5,0.0375757,0.290531,-0.252682,0.357242,4.4369,-7.1134,8.02272,0.125,1.12018,0.192902
ppo,0,6,6,0.0673301,0.407227,-0.357733,0.380031,4.41259,-7.1071,7.85459,0.125,0.779899,0.192902
ppo,0,6,7,0.106613,0.543591,-0.483116,0.401141,4.38924,-7.09988,7.65881,0.125,0.920379,0.192902
ppo,0,6,8,0.155167,0.697197,-0.623841,0.422632,4.36729,-7.09341,7.44287,0.125,0.841075,0.192902
ppo,0,6,9,0.214868,0.86771,-0.778803,0.445441,4.34512,-7.08593,7.20593,0.125,0.787088,0.192902
ppo,0,6,10,0.282993,1.05374,-0.95093,0.46767,4.32105,-7.07897,6.94711,0.125,0.349629,0.192902
ppo,0,6,11,0.36202,1.25348,-1.14111,0.494316,4.29916,-7.07286,6.66929,0.125,0.155552,0.192902
ppo,0,6,12,0.450874,1.46754,-1.34708,0.521607,4.27917,-7.06623,6.3733,0.125,1.04816,0.192902
ppo,0,6,13,0.547828,1.69674,-1.57095,0.548992,4.25836,-7.0582,6.05572,0.125,0.25753,0.192902
ppo,0,6,14,0.656317,1.93883,-1.80989,0.574794,4.23839,-7.05093,5.72391,0.125,0.83373,0.192902
ppo,0,6,15,0.772106,2.1987,-2.05922,0.604086,4.21448,-7.04423,5.37977,0.125,0.329113,0.192902
ppo,0,6,16,0.897812,2.47415,-2.32437,0.633119,4.18799,-7.04212,5.02638,0.125,0.517643,0.192902
ppo,0,6,17,1.03607,2.76457,-2.6005,0.660478,4.16717,-7.03967,4.67061,0.125,0.239585,0.192902
ppo,0,6,18,1.18858,3.06812,-2.88708,0.685871,4.14519,-7.03547,4.31531,0.125,0.202435,0.192902
ppo,0,6,19,1.35585,3.37959,-3.18376,0.708169,4.12514,-7.03115,3.97212,0.125,0.137987,0.192902
ppo,0,6,20,1.53806,3.69125,-3.49053,0.7307,4.10597,-7.02793,3.65199,0.125,0.498101,0.192902
ppo,0,6,21,1.73138,3.99745,-3.80414,0.749986,4.08624,-7.02459,3.36784,0.125,0.585216,0.192902
ppo,0,6,22,1.93177,4.29443,-4.12645,0.767262,4.06566,-7.02604,3.13306,0.125,0.553395,0.192902
ppo,0,6,23,2.1357,4.58536,-4.46424,0.78348,4.04587,-7.02885,2.94903,0.125,0.167925,0.192902
ppo,0,6,24,2.33246,4.86872,-4.82004,0.800159,4.02678,-7.03255,2.81994,0.125,0.247262,0.192902
ppo,0,6,25,2.52,5.15067,-5.19591,0.819268,4.01251,-7.03869,2.75386,0.125,0.846537,0.192902
ppo,0,6,26,2.68955,5.43416,-5.59013,0.837269,4.00012,-7.04344,2.75672,0.125,0.640419,0.192902
ppo,0,6,27,2.8382,5.725,-5.98973,0.852164,3.98901,-7.04679,2.84173,0.125,0.341919,0.192902
ppo,0,6,28,2.97219,6.03172,-6.38931,0.867176,3.97902,-7.05164,3.01386,0.125,0.548555,0.192902
ppo,0,6,29,3.09798,6.35584,-6.77432,0.884327,3.96745,-7.05763,3.26878,0.125,0.896308,0.192902
ppo,0,6,30,3.22043,6.68922,-7.1441,0.900762,3.95748,-7.06437,3.58464,0.125,0.730133,0.192902
ppo,0,6,31,3.35301,7.03062,-7.49371,0.918902,3.94627,-7.07398,3.95149,0.125,0.575781,0.192902
ppo,0,6,32,3.49581,7.36385,-7.82826,0.932395,3.93204,-7.08425,4.34764,0.125,0.37931,0.192902
ppo,0,6,33,3.64341,7.68064,-8.15263,0.945919,3.91629,-7.09475,4.75036,0.125,0.451081,0.192902
ppo,0,6,34,3.79306,7.9792,-8.47725,0.960645,3.89679,-7.10795,5.15399,0.125,0.332914,0.192902
ppo,0,6,35,3.94082,8.26384,-8.80934,0.97419,3.87697,-7.12646,5.55676,0.125,0.486551,0.192902
ppo,0,6,36,4.07695,8.53577,-9.14641,0.989145,3.8571,-7.14625,5.9519,0.125,0.224545,0.192902
ppo,0,6,37,4.19873,8.80125,-9.49664,1.00285,3.83845,-7.1657,6.34637,0.125,1.03552,0.192902
ppo,0,6,38,4.30156,9.06964,-9.85532,1.01353,3.82357,-7.18864,6.7412,0.125,1.40038,0.192902
ppo,0,6,39,4.39014,9.34263,-10.2161,1.027,3.80653,-7.21193,7.14034,0.125,0.48335,0.192902
ppo,0,6,40,4.46594,9.62568,-10.5744,1.03907,3.79136,-7.23598,7.54506,0.125,0.744973,0.192902
ppo,0,6,41,4.53601,9.92008,-10.9247,1.05118,3.77838,-7.26056,7.95553,0.125,0.487196,0.192902
ppo,0,6,42,4.61163,10.2278,-11.2655,1.06503,3.76863,-7.28474,8.37531,0.125,0.70532,0.192902
ppo,0,6,43,4.69848,10.5464,-11.5959,1.07628,3.75988,-7.30977,8.80615,0.125,0.71831,0.192902
ppo,0,6,44,4.80211,10.8691,-11.9174,1.08737,3.74879,-7.33272,9.24761,0.125,1.32842,0.192902
ppo,0,6,45,4.92419,11.1883,-12.2364,1.09543,3.73933,-7.35548,9.69377,0.125,0.734334,0.192902
ppo,0,6,46,5.06901,11.4936,-12.5555,1.10499,3.72833,-7.38174,10.1381,0.125,0.906518,0.192902
ppo,0,6,47,5.2265,11.7787,-12.8841,1.11673,3.71754,-7.40768,10.5766,0.125,0.686108,0.192902
ppo,0,6,48,5.37923,12.0455,-13.2308,1.13003,3.70605,-7.43227,11.0103,0.125,1.5112,0.192902
ppo,0,6,49,5.51763,12.3064,-13.5968,1.13974,3.69464,-7.45454,11.448,0.125,0.499021,0.192902
ppo,0,6,50,5.63463,12.5756,-13.9742,1.14871,3.68251,-7.48025,11.8904,0.125,2.0275,0.192902
ppo,0,6,51,5.73413,12.8641,-14.3442,1.15854,3.66911,-7.50451,12.3396,0.125,1.57598,0.192902
ppo,0,6,52,5.83471,13.1733,-14.6944,1.16817,3.6541,-7.52509,12.7981,0.125,1.82242,0.192902
ppo,0,6,53,5.9452,13.4912,-15.0248,1.17731,3.63867,-7.54571,13.2568,0.125,1.64977,0.192902
ppo,0,6,54,6.07317,13.7981,-15.3473,1.18659,3.62412,-7.56479,13.7097,0.125,1.37122,0.192902
ppo,0,6,55,6.21463,14.0873,-15.6758,1.19588,3.61067,-7.58365,14.1574,0.125,1.06785,0.192902
ppo,0,6,56,6.35587,14.3658,-16.0228,1.20411,3.59952,-7.60166,14.6072,0.125,1.86766,0.192902
ppo,0,6,57,6.48676,14.6412,-16.393,1.21276,3.59081,-7.61999,15.0629,0.125,1.43017,0.192902
ppo,0,6,58,6.60401,14.9232,-16.7746,1.22463,3.57915,-7.63802,15.5275,0.125,0.765998,0.192902
ppo,0,6,59,6.70915,15.2256,-17.1555,1.23718,3.5699,-7.65748,16.0004,0.125,1.52559,0.192902
ppo,0,6,60,6.81288,15.5484,-17.5225,1.25062,3.56456,-7.67818,16.4761,0.125,2.07696,0.192902
ppo,0,6,61,6.92837,15.8801,-17.8738,1.26444,3.55821,-7.6989,16.954,0.125,2.59439,0.192902
ppo,0,6,62,7.06412,16.2107,-18.2156,1.2754,3.55265,-7.72012,17.4325,0.125,3.04907,0.192902
ppo,0,6,63,7.2162,16.5241,-18.5622,1.28626,3.54735,-7.74268,17.9059,0.125,1.47004,0.192902
ppo,0,6,64,7.36599,16.8265,-18.9301,1.29919,3.54294,-7.76218,18.3843,0.125,2.05388,0.192902
ppo,0,6,65,7.49794,17.1296,-19.3132,1.30982,3.53419,-7.7799,18.8718,0.125,1.75027,0.192902
ppo,0,6,66,7.61088,17.4468,-19.7026,1.31981,3.52613,-7.79828,19.3669,0.125,0.978189,0.192902
ppo,0,6,67,7.71689,17.7837,-20.0773,1.33071,3.52141,-7.81861,19.8613,0.125,1.79472,0.192902
ppo,0,6,68,7.83674,18.1237,-20.4335,1.33713,3.51561,-7.84014,20.3527,0.125,3.84448,0.192902
ppo,0,6,69,7.97997,18.4508,-20.7877,1.34652,3.50684,-7.86423,20.8409,0.125,3.09832,0.192902
ppo,0,6,70,8.1299,18.7609,-21.1555,1.35344,3.49951,-7.88875,21.3269,0.125,4.78405,0.192902
ppo,0,6,71,8.27001,19.0647,-21.5405,1.3588,3.49147,-7.91311,21.8173,0.125,1.83632,0.192902
ppo,0,6,72,8.39931,19.3779,-21.9382,1.36246,3.48328,-7.93468,22.3216,0.125,2.27537,0.192902
ppo,0,6,73,8.52576,19.7106,-22.334,1.36446,3.47448,-7.95687,22.8385,0.125,2.18031,0.192902
ppo,0,6,74,8.66578,20.0558,-22.7196,1.36835,3.46564,-7.97605,23.3636,0.125,5.82208,0.192902
ppo,0,6,75,8.82463,20.3993,-23.1006,1.37215,3.45817,-7.99965,23.8868,0.125,5.01553,0.192902
ppo,0,6,76,8.99687,20.7304,-23.4937,1.37507,3.45072,-8.02186,24.4143,0.125,5.2591,0.192902
ppo,0,6,77,9.16109,21.0557,-23.9031,1.37846,3.44185,-8.04437,24.9463,0.125,2.64739,0.192902
ppo,0,6,78,9.30433,21.3964,-24.3201,1.38046,3.43061,-8.06674,25.4898,0.125,3.08991,0.192902
ppo,0,6,79,9.44574,21.7604,-24.7264,1.3819,3.42521,-8.0902,26.0378,0.125,3.45588,0.192902
ppo,0,6,80,9.60141,22.1291,-25.1187,1.38102,3.4163,-8.11215,26.5889,0.125,1.16255,0.192902
ppo,0,6,81,9.77367,22.4847,-25.515,1.37821,3.4096,-8.13268,27.1383,0.125,5.76793,0.192902
ppo,0,6,82,9.94654,22.8277,-25.9288,1.37371,3.40321,-8.14958,27.693,0.125,6.12183,0.192902
ppo,0,6,83,10.105,23.1783,-26.3605,1.36903,3.39792,-8.1681,28.2585,0.125,6.34066,0.192902
ppo,0,6,84,10.259,23.5483,-26.7905,1.36388,3.39769,-8.18762,28.8312,0.125,1.19986,0.192902
ppo,0,6,85,10.4239,23.9295,-27.2074,1.35704,3.39957,-8.20758,29.4054,0.125,3.68595,0.192902
ppo,0,6,86,10.6053,24.3071,-27.6242,1.35018,3.40315,-8.22741,29.9811,0.125,4.20016,0.192902
ppo,0,6,87,10.7928,24.6721,-28.0587,1.34394,3.4091,-8.24692,30.5598,0.125,5.74525,0.192902
ppo,0,6,88,10.9631,25.0408,-28.5073,1.33865,3.41734,-8.26326,31.1452,0.125,0.547098,0.192902
ppo,0,6,89,11.128,25.4304,-28.9503,1.33456,3.4259,-8.27725,31.7409,0.125,3.01875,0.192902
ppo,0,6,90,11.3116,25.8293,-29.3762,1.33614,3.43125,-8.29073,32.3385,0.125,3.62809,0.192902
ppo,0,6,91,11.5158,26.2183,-29.808,1.33882,3.43647,-8.30313,32.9399,0.125,4.45264,0.192902
ppo,0,6,92,11.7171,26.6028,-30.259,1.34095,3.43988,-8.3153,33.5516,0.125,2.74346,0.192902
ppo,0,6,93,11.9118,27.0012,-30.7179,1.34208,3.44134,-8.32701,34.178,0.125,3.73339,0.192902
ppo,0,6,94,12.1116,27.4165,-31.1708,1.34045,3.44112,-8.33456,34.8186,0.125,9.25657,0.192902
ppo,0,6,95,12.3284,27.8344,-31.6183,1.33602,3.44207,-8.34234,35.4625,0.125,5.23518,0.192902
ppo,0,6,96,12.5556,28.2411,-32.0806,1.32979,3.44166,-8.3476,36.1149,0.125,7.9636,0.192902
ppo,0,6,97,12.7759,28.6511,-32.5607,1.32569,3.43976,-8.35436,36.7786,0.125,3.54842,0.192902
ppo,0,6,98,12.9868,29.0824,-33.0367,1.31951,3.43878,-8.36251,37.4504,0.125,9.83886,0.192902
ppo,0,6,99,13.2111,29.5179,-33.5044,1.31117,3.44214,-8.3735,38.1198,0.125,2.47618,0.192902
ppo,0,6,100,13.4483,29.9423,-33.9799,1.3033,3.44563,-8.38569,38.7897,0.125,7.74089,0.192902
ppo,0,6,101,13.6816,30.3682,-34.4754,1.29664,3.44863,-8.39805,39.4725,0.125,5.28004,0.192902
ppo,0,6,102,13.907,30.8109,-34.9734,1.28806,3.45128,-8.41084,40.1666,0.125,7.85138,0.192902
ppo,0,6,103,14.1445,31.2678,-35.4611,1.28069,3.45371,-8.42506,40.8663,0.125,3.5531,0.192902
ppo,0,6,104,14.3989,31.7163,-35.9548,1.26982,3.45487,-8.43931,41.5714,0.125,11.9265,0.192902
ppo,0,6,105,14.6458,32.1612,-36.468,1.25944,3.45792,-8.45279,42.2839,0.125,20.5907,0.192902
ppo,0,6,106,14.8801,32.6235,-36.9793,1.24799,3.46074,-8.46652,43.0032,0.125,6.34466,0.192902
ppo,0,6,107,15.1308,33.0931,-37.4781,1.23575,3.46508,-8.48222,43.7225,0.125,14.4856,0.192902
ppo,0,6,108,15.4006,33.5507,-37.984,1.22353,3.46892,-8.49882,44.4441,0.125,18.093,0.192902
ppo,0,6,109,15.6594,34.0097,-38.5123,1.20937,3.47269,-8.51408,45.1797,0.125,8.18852,0.192902
ppo,0,6,110,15.9144,34.4859,-39.0389,1.19388,3.47854,-8.52898,45.9239,0.125,3.4361,0.192902
ppo,0,6,111,16.186,34.9678,-39.5551,1.18046,3.48375,-8.54187,46.6716,0.125,11.7066,0.192902
ppo,0,6,112,16.4696,35.4405,-40.0789,1.16789,3.49065,-8.55327,47.4215,0.125,12.0774,0.192902
ppo,0,6,113,16.739,35.9197,-40.6202,1.15256,3.50062,-8.56738,48.1801,0.125,10.3399,0.192902
ppo,0,6,114,17.0087,36.4169,-41.1482,1.13926,3.51316,-8.57962,48.9408,0.125,18.2613,0.192902
ppo,0,6,115,17.2999,36.9084,-41.6702,1.125,3.52852,-8.58888,49.7013,0.125,6.75713,0.192902
ppo,0,6,116,17.5904,37.3939,-42.2165,1.11039,3.54314,-8.59775,50.4745,0.125,9.16092,0.192902
ppo,0,6,117,17.8714,37.8953,-42.7701,1.09626,3.55957,-8.60468,51.2603,0.125,5.39065,0.192902
ppo,0,6,118,18.1633,38.4079,-43.3177,1.08326,3.57312,-8.61087,52.0553,0.125,10.2614,0.192902
ppo,0,6,119,18.4706,38.9072,-43.8767,1.07055,3.58661,-8.6205,52.8517,0.125,8.93063,0.192902
ppo,0,6,120,18.7676,39.4121,-44.4525,1.05555,3.60524,-8.62792,53.6586,0.125,16.2505,0.192902
ppo,0,6,121,19.0643,39.9348,-45.0222,1.04267,3.62384,-8.63547,54.4725,0.125,5.07378,0.192902
ppo,0,6,122,19.3806,40.451,-45.5885,1.02972,3.64348,-8.64396,55.2852,0.125,14.17,0.192902
ppo,0,6,123,19.6927,40.9618,-46.1738,1.01298,3.66185,-8.64925,56.1097,0.125,5.81369,0.192902
ppo,0,6,124,19.9954,41.4909,-46.7615,0.99586,3.67966,-8.65396,56.9461,0.125,15.7854,0.192902
ppo,0,6,125,20.3162,42.0234,-47.3353,0.977098,3.69629,-8.65727,57.7837,0.125,12.2233,0.192902
ppo,0,6,126,20.6445,42.5457,-47.925,0.960844,3.71096,-8.65976,58.6289,0.125,14.4538,0.192902
ppo,0,6,127,20.9623,43.0837,-48.5181,0.94334,3.72645,-8.66006,59.4846,0.125,4.66137,0.192902
ppo,0,6,128,21.2952,43.6332,-49.0989,0.925935,3.74103,-8.65798,60.347,0.125,27.8218,0.192902
ppo,0,6,129,21.639,44.1717,-49.6926,0.907733,3.75646,-8.65313,61.2162,0.125,17.1605,0.192902
ppo,0,6,130,21.971,44.7213,-50.3006,0.890424,3.76964,-8.64887,62.0991,0.125,18.0889,0.192902
ppo,0,6,131,22.3108,45.2886,-50.9004,0.875232,3.78199,-8.64336,62.9916,0.125,7.46297,0.192902
ppo,0,6,132,22.6693,45.8409,-51.5104,0.859183,3.79258,-8.63566,63.8904,0.125,6.20862,0.192902
ppo,0,6,133,23.0169,46.3977,-52.1387,0.846256,3.79676,-8.62303,64.8073,0.125,17.8246,0.192902
ppo,0,6,134,23.3705,46.9684,-52.7519,0.830889,3.80084,-8.60815,65.7278,0.125,6.43239,0.192902
ppo,0,6,135,23.7425,47.5265,-53.3719,0.812626,3.80759,-8.59088,66.6518,0.125,21.9903,0.192902
ppo,0,6,136,24.0996,48.0909,-54.0065,0.798019,3.81865,-8.57391,67.5804,0.125,28.2201,0.192902
ppo,0,6,137,24.4644,48.6688,-54.6295,0.782554,3.83179,-8.56044,68.5095,0.125,12.0522,0.192902
ppo,0,6,138,24.8507,49.2335,-55.2589,0.767147,3.84618,-8.55117,69.438,0.125,14.3333,0.192902
ppo,0,6,139,25.2218,49.8071,-55.9011,0.749687,3.86219,-8.53824,70.378,0.125,10.002,0.192902
ppo,0,6,140,25.603,50.397,-56.5236,0.736113,3.87732,-8.52057,71.3213,0.125,14.0602,0.192902
ppo,0,6,141,25.9974,50.9756,-57.1599,0.722968,3.89192,-8.49933,72.2739,0.125,24.6473,0.192902
ppo,0,6,142,26.3771,51.5668,-57.8076,0.711764,3.90461,-8.47663,73.239,0.125,17.7379,0.192902
ppo,0,6,143,26.7709,52.1663,-58.4426,0.702028,3.91879,-8.45091,74.2063,0.125,6.80929,0.192902
ppo,0,6,144,27.1714,52.7507,-59.0906,0.692544,3.92955,-8.42612,75.1766,0.125,23.5362,0.192902
ppo,0,6,145,27.5595,53.3513,-59.7474,0.68249,3.93894,-8.39982,76.1612,0.125,26.7631,0.192902
ppo,0,6,146,27.9638,53.9509,-60.3911,0.673264,3.94407,-8.37381,77.1443,0.125,34.3668,0.192902
ppo,0,6,147,28.3719,54.5396,-61.0538,0.668357,3.94742,-8.3525,78.1312,0.125,9.73069,0.192902
ppo,0,6,148,28.7702,55.1484,-61.7121,0.66318,3.95024,-8.3309,79.1252,0.125,4.61655,0.192902
ppo,0,6,149,29.1907,55.7509,-62.3672,0.656361,3.95406,-8.3092,80.1211,0.125,41.3238,0.192902
ppo,0,6,150,29.6028,56.3505,-63.0458,0.647373,3.95905,-8.2867,81.1286,0.125,29.5445,0.192902
ppo,0,6,151,30.0192,56.9651,-63.7079,0.64077,3.96426,-8.26975,82.1314,0.125,52.0011,0.192902
ppo,0,6,152,30.4496,57.5636,-64.3768,0.632889,3.97008,-8.25413,83.1328,0.125,24.4357,0.192902
ppo,0,6,153,30.8623,58.1733,-65.0589,0.624759,3.98,-8.23616,84.143,0.125,4.33816,0.192902
ppo,0,6,154,31.2959,58.7869,-65.7284,0.615946,3.99125,-8.21684,85.1552,0.125,8.83777,0.192902
ppo,0,6,155,31.7318,59.3921,-66.418,0.605452,4.00103,-8.19925,86.1768,0.125,28.0736,0.192902
ppo,0,6,156,32.1617,60.0148,-67.1044,0.592048,4.00914,-8.17809,87.21,0.125,20.3084,0.192902
ppo,0,6,157,32.6123,60.6222,-67.7918,0.580085,4.01532,-8.15697,88.2424,0.125,24.1467,0.192902
ppo,0,6,158,33.0475,61.2359,-68.4956,0.570376,4.02034,-8.1367,89.2838,0.125,28.7167,0.192902
ppo,0,6,159,33.4951,61.8603,-69.1798,0.563236,4.02467,-8.11442,90.3242,0.125,11.5123,0.192902
ppo,0,6,160,33.9441,62.4729,-69.8818,0.555669,4.02912,-8.09227,91.3696,0.125,6.7204,0.192902
ppo,0,6,161,34.3831,63.1048,-70.5775,0.548453,4.03765,-8.07367,92.4145,0.125,41.5912,0.192902
ppo,0,6,162,34.8388,63.7209,-71.2703,0.540747,4.04772,-8.05225,93.4547,0.125,22.8383,0.192902
ppo,0,6,163,35.2763,64.3449,-71.9788,0.534116,4.05761,-8.02684,94.5062,0.125,31.6584,0.192902
ppo,0,6,164,35.7291,64.9758,-72.6734,0.525035,4.06661,-8.00076,95.5605,0.125,10.1364,0.192902
ppo,0,6,165,36.1828,65.5927,-73.3855,0.515455,4.07442,-7.97085,96.6216,0.125,58.0284,0.192902
ppo,0,6,166,36.6336,66.2302,-74.0887,0.5107,4.08082,-7.93865,97.6895,0.125,25.5563,0.192902
ppo,0,6,167,37.1015,66.8509,-74.7959,0.506396,4.0874,-7.90508,98.7564,0.125,20.8673,0.192902
ppo,0,6,168,37.5485,67.484,-75.51,0.501158,4.09398,-7.86846,99.8308,0.125,30.4227,0.192902
ppo,0,6,169,38.0142,68.117,-76.2156,0.496036,4.09904,-7.83174,100.907,0.125,49.347,0.192902
ppo,0,6,170,38.4692,68.7408,-76.9421,0.49268,4.10601,-7.79571,101.986,0.125,15.1829,0.192902
ppo,0,6,171,38.9296,69.3776,-77.6515,0.490506,4.11275,-7.7599,103.063,0.125,34.8293,0.192902
ppo,0,6,172,39.3961,69.9977,-78.3728,0.487955,4.12267,-7.7241,104.137,0.125,25.3546,0.192902
ppo,0,6,173,39.8558,70.6367,-79.0875,0.489114,4.13393,-7.68671,105.216,0.125,19.1328,0.192902
ppo,0,6,174,40.3303,71.2566,-79.8078,0.487919,4.14536,-7.64852,106.293,0.125,14.0943,0.192902
ppo,0,6,175,40.7868,71.8883,-80.5373,0.489089,4.15387,-7.60817,107.38,0.125,80.6103,0.192902
ppo,0,6,176,41.2644,72.5161,-81.255,0.490295,4.16161,-7.56704,108.466,0.125,41.9602,0.192902
ppo,0,6,177,41.7247,73.1397,-81.9923,0.492651,4.1723,-7.52746,109.552,0.125,41.1435,0.192902
ppo,0,6,178,42.1955,73.7759,-82.7156,0.49531,4.18511,-7.49092,110.637,0.125,11.954,0.192902
ppo,0,6,179,42.6619,74.4015,-83.4546,0.503352,4.19946,-7.4554,111.721,0.125,51.5601,0.192902
ppo,0,6,180,43.1301,75.044,-84.1756,0.512029,4.21546,-7.41716,112.804,0.125,48.8335,0.192902
ppo,0,6,181,43.611,75.6664,-84.9058,0.520787,4.23451,-7.37835,113.885,0.125,23.5078,0.192902
ppo,0,6,182,44.0846,76.3115,-85.6278,0.527312,4.25078,-7.33882,114.975,0.125,54.9347,0.192902
ppo,0,6,183,44.5712,76.942,-86.355,0.535738,4.26978,-7.29412,116.065,0.125,45.4777,0.192902
ppo,0,6,184,45.0366,77.5899,-87.0834,0.540492,4.28829,-7.25058,117.159,0.125,54.3442,0.192902
ppo,0,6,185,45.5225,78.2256,-87.8034,0.545905,4.30588,-7.20853,118.248,0.125,76.8148,0.192902
ppo,0,6,186,45.9956,78.8709,-88.5367,0.552286,4.31986,-7.16926,119.347,0.125,59.1945,0.192902
ppo,0,6,187,46.4907,79.508,-89.2615,0.559312,4.33747,-7.12861,120.441,0.125,23.7518,0.192902
ppo,0,6,188,46.9703,80.1478,-90.0005,0.568454,4.35477,-7.08945,121.54,0.125,40.8849,0.192902
ppo,0,6,189,47.4706,80.7888,-90.7241,0.580123,4.37192,-7.05184,122.635,0.125,60.2537,0.192902
ppo,0,6,190,47.9569,81.4292,-91.463,0.593299,4.38714,-7.01547,123.734,0.125,104.148,0.192902
ppo,0,6,191,48.4588,82.0769,-92.1854,0.605004,4.40268,-6.9789,124.834,0.125,65.3878,0.192902
ppo,0,6,192,48.9491,82.7242,-92.9246,0.61532,4.41603,-6.94344,125.941,0.125,28.8931,0.192902
ppo,0,6,193,49.4518,83.382,-93.6448,0.623656,4.43184,-6.90545,127.047,0.125,59.7526,0.192902
ppo,0,6,194,49.9486,84.0309,-94.3847,0.633745,4.44665,-6.8681,128.159,0.125,115.985,0.192902
ppo,0,6,195,50.4534,84.6959,-95.1157,0.644759,4.46059,-6.83079,129.278,0.125,24.583,0.192902
ppo,0,6,196,50.9523,85.3491,-95.8678,0.658171,4.47455,-6.79084,130.403,0.125,125.766,0.192902
ppo,0,6,197,51.4649,86.0157,-96.603,0.672823,4.48741,-6.75135,131.53,0.125,26.9362,0.192902
ppo,0,6,198,51.9675,86.6743,-97.3608,0.69045,4.50307,-6.71209,132.66,0.125,70.6371,0.192902
ppo,0,6,199,52.4735,87.3456,-98.0962,0.70562,4.51938,-6.67445,133.784,0.125,23.805,0.192902
ppo,0,6,200,52.9716,88.0063,-98.8522,0.718169,4.53483,-6.63521,134.914,0.125,8.69657,0.192902
ppo,0,6,201,53.4798,88.6804,-99.5953,0.729327,4.55061,-6.59538,136.049,0.125,56.2629,0.192902
ppo,0,6,202,53.9794,89.3468,-100.359,0.740595,4.566,-6.55633,137.19,0.125,48.4151,0.192902
ppo,0,6,203,54.4895,90.0188,-101.106,0.754635,4.57734,-6.51778,138.328,0.125,110.205,0.192902
ppo,0,6,204,54.9899,90.6872,-101.875,0.769766,4.58649,-6.48298,139.473,0.125,94.159,0.192902
ppo,0,6,205,55.5024,91.3633,-102.627,0.785528,4.59925,-6.44924,140.613,0.125,37.4543,0.192902
ppo,0,6,206,56.0025,92.039,-103.398,0.801789,4.60697,-6.41699,141.763,0.125,111.124,0.192902
ppo,0,6,207,56.5206,92.7118,-104.16,0.816921,4.61415,-6.38646,142.912,0.125,31.6226,0.192902
ppo,0,6,208,57.0209,93.388,-104.941,0.831651,4.61824,-6.35414,144.072,0.125,94.1407,0.192902
ppo,0,6,209,57.5433,94.0632,-105.711,0.84924,4.62524,-6.32398,145.228,0.125,70.2071,0.192902
ppo,0,6,210,58.0425,94.7503,-106.492,0.862288,4.63084,-6.29788,146.39,0.125,101.764,0.192902
ppo,0,6,211,58.5617,95.4284,-107.267,0.875554,4.63095,-6.27096,147.553,0.125,49.5559,0.192902
ppo,0,6,212,59.0579,96.125,-108.042,0.886707,4.63158,-6.24618,148.719,0.125,91.6402,0.192902
ppo,0,6,213,59.5719,96.8021,-108.817,0.89612,4.62959,-6.2232,149.88,0.125,138.111,0.192902
ppo,0,6,214,60.073,97.5008,-109.585,0.903647,4.62702,-6.20113,151.046,0.125,43.851,0.192902
ppo,0,6,215,60.5806,98.18,-110.366,0.910272,4.62687,-6.18119,152.208,0.125,45.5267,0.192902
ppo,0,6,216,61.0884,98.879,-111.131,0.916169,4.62695,-6.16195,153.371,0.125,175.526,0.192902
ppo,0,6,217,61.6069,99.5671,-111.912,0.923781,4.6286,-6.14704,154.538,0.125,56.7426,0.192902
ppo,0,6,218,62.1376,100.265,-112.673,0.932185,4.63172,-6.13129,155.702,0.125,63.4468,0.192902
ppo,0,6,219,62.6519,100.955,-113.455,0.94219,4.63189,-6.11456,156.87,0.125,76.9302,0.192902
ppo,0,6,220,63.1869,101.641,-114.219,0.950905,4.63182,-6.09909,158.031,0.125,113.499,0.192902
ppo,0,6,221,63.7023,102.331,-114.995,0.962349,4.63194,-6.08598,159.193,0.125,145.644,0.192902
ppo,0,6,222,64.2345,103.005,-115.774,0.975243,4.63183,-6.07316,160.354,0.125,120.991,0.192902
ppo,0,6,223,64.7612,103.697,-116.54,0.992017,4.6321,-6.05958,161.513,0.125,60.3388,0.192902
ppo,0,6,224,65.2939,104.366,-117.322,1.00869,4.63547,-6.04906,162.667,0.125,77.7673,0.192902
ppo,0,6,225,65.8283,105.049,-118.087,1.02462,4.63801,-6.04344,163.816,0.125,117.727,0.192902
ppo,0,6,226,66.3548,105.723,-118.874,1.04245,4.64407,-6.03582,164.97,0.125,100.684,0.192902
ppo,0,6,227,66.9049,106.395,-119.649,1.05849,4.64555,-6.02879,166.128,0.125,99.8499,0.192902
ppo,0,6,228,67.4353,107.081,-120.433,1.07596,4.64709,-6.02113,167.291,0.125,116.166,0.192902
ppo,0,6,229,67.9858,107.749,-121.22,1.09675,4.64784,-6.01297,168.454,0.125,141.672,0.192902
ppo,0,6,230,68.5211,108.439,-122,1.11911,4.64877,-6.00547,169.618,0.125,11.4644,0.192902
ppo,0,6,231,69.052,109.109,-122.798,1.13995,4.64899,-5.99648,170.782,0.125,83.102,0.192902
ppo,0,6,232,69.5922,109.789,-123.572,1.16376,4.65053,-5.98657,171.939,0.125,85.3225,0.192902
ppo,0,6,233,70.1101,110.467,-124.362,1.18855,4.65395,-5.97758,173.094,0.125,83.2333,0.192902
ppo,0,6,234,70.6461,111.134,-125.14,1.20811,4.65589,-5.96705,174.245,0.125,84.2855,0.192902
ppo,0,6,235,71.1687,111.817,-125.914,1.22818,4.65938,-5.95801,175.397,0.125,120.13,0.192902
ppo,0,6,236,71.6938,112.482,-126.707,1.24625,4.66061,-5.94984,176.552,0.125,71.1197,0.192902
ppo,0,6,237,72.23,113.155,-127.481,1.26443,4.6575,-5.94187,177.706,0.125,59.3512,0.192902
ppo,0,6,238,72.7479,113.831,-128.27,1.27924,4.6569,-5.93342,178.866,0.125,74.0246,0.192902
ppo,0,6,239,73.2881,114.494,-129.054,1.28856,4.65654,-5.92698,180.023,0.125,51.6548,0.192902
ppo,0,6,240,73.8094,115.18,-129.829,1.29922,4.65379,-5.91883,181.183,0.125,117.933,0.192902
ppo,0,6,241,74.3268,115.859,-130.623,1.31027,4.65251,-5.91489,182.347,0.125,103.065,0.192902
ppo,0,6,242,74.8578,116.541,-131.397,1.32196,4.65011,-5.90984,183.505,0.125,90.8851,0.192902
ppo,0,6,243,75.375,117.241,-132.173,1.33703,4.64687,-5.90839,184.667,0.125,77.9276,0.192902
ppo,0,6,244,75.906,117.923,-132.96,1.34909,4.64185,-5.90584,185.833,0.125,39.0175,0.192902
ppo,0,6,245,76.4389,118.619,-133.733,1.35676,4.63618,-5.90607,187.001,0.125,89.4943,0.192902
ppo,0,6,246,76.9567,119.312,-134.524,1.36569,4.63063,-5.90733,188.17,0.125,88.1324,0.192902
ppo,0,6,247,77.4933,119.996,-135.307,1.37575,4.62271,-5.91036,189.337,0.125,127.518,0.192902
ppo,0,6,248,78.0197,120.698,-136.083,1.38742,4.61279,-5.9132,190.506,0.125,88.7943,0.192902
ppo,0,6,249,78.5415,121.381,-136.877,1.39795,4.60025,-5.92004,191.673,0.125,166.453,0.192902
ppo,0,6,250,79.0801,122.063,-137.654,1.40986,4.58793,-5.92515,192.836,0.125,177.088,0.192902
ppo,0,6,251,79.6017,122.756,-138.44,1.42625,4.57332,-5.93151,194.002,0.125,111.696,0.192902
ppo,0,6,252,80.133,123.425,-139.239,1.44425,4.56287,-5.93712,195.165,0.125,49.4309,0.192902
ppo,0,6,253,80.6761,124.103,-140.019,1.46138,4.55463,-5.94364,196.324,0.125,94.3021,0.192902
ppo,0,6,254,81.1941,124.789,-140.81,1.48098,4.54702,-5.94866,197.484,0.125,61.3034,0.192902
ppo,0,6,255,81.7251,125.452,-141.612,1.49821,4.53968,-5.95336,198.644,0.125,110.903,0.192902
ppo,0,6,256,82.271,126.122,-142.4,1.51732,4.53281,-5.95942,199.803,0.125,168.818,0.192902
ppo,0,6,257,82.7968,126.804,-143.193,1.53299,4.52975,-5.9655,200.963,0.125,164.217,0.192902
ppo,0,6,258,83.3429,127.469,-143.989,1.55036,4.52753,-5.97169,202.122,0.125,228.728,0.192902
ppo,0,6,259,83.9018,128.147,-144.766,1.5683,4.52678,-5.97925,203.28,0.125,99.2645,0.192902
ppo,0,6,260,84.4394,128.826,-145.56,1.58688,4.52501,-5.98808,204.44,0.125,156.6,0.192902
ppo,0,6,261,84.9929,129.489,-146.36,1.60443,4.52038,-5.99842,205.602,0.125,183.449,0.192902
ppo,0,6,262,85.5492,130.172,-147.144,1.61909,4.51843,-6.01008,206.765,0.125,249.621,0.192902
ppo,0,6,263,86.1019,130.848,-147.952,1.63204,4.5166,-6.02432,207.938,0.125,30.9874,0.192902
ppo,0,6,264,86.6653,131.507,-148.768,1.64043,4.51395,-6.0386,209.113,0.125,144.225,0.192902
ppo,0,6,265,87.2444,132.172,-149.569,1.64883,4.51273,-6.05315,210.286,0.125,64.9038,0.192902
ppo,0,6,266,87.7996,132.839,-150.38,1.6568,4.511,-6.07266,211.455,0.125,249.535,0.192902
ppo,0,6,267,88.3543,133.489,-151.207,1.66339,4.50868,-6.08932,212.627,0.125,121.712,0.192902
ppo,0,6,268,88.9203,134.15,-152.015,1.66951,4.5053,-6.1059,213.798,0.125,43.1552,0.192902
ppo,0,6,269,89.4685,134.824,-152.829,1.67837,4.5041,-6.11909,214.975,0.125,128.114,0.192902
ppo,0,6,270,90.0124,135.487,-153.66,1.69007,4.50359,-6.12866,216.155,0.125,243.24,0.192902
ppo,0,6,271,90.5743,136.155,-154.478,1.70444,4.50292,-6.13521,217.338,0.125,131.84,0.192902
ppo,0,6,272,91.122,136.842,-155.285,1.71877,4.50139,-6.14247,218.518,0.125,64.3376,0.192902
ppo,0,6,273,91.6585,137.515,-156.111,1.73289,4.50223,-6.14674,219.7,0.125,250.944,0.192902
ppo,0,6,274,92.2171,138.186,-156.933,1.74659,4.50532,-6.15225,220.885,0.125,102.684,0.192902
ppo,0,6,275,92.7765,138.873,-157.739,1.76061,4.50846,-6.15747,222.069,0.125,100.086,0.192902
ppo,0,6,276,93.3123,139.563,-158.561,1.77906,4.50998,-6.16261,223.256,0.125,102.812,0.192902
ppo,0,6,277,93.8582,140.232,-159.392,1.79621,4.50956,-6.16803,224.441,0.125,189.99,0.192902
ppo,0,6,278,94.4152,140.914,-160.205,1.81389,4.51273,-6.17566,225.622,0.125,130.785,0.192902
ppo,0,6,279,94.9523,141.614,-161.014,1.83212,4.51271,-6.18214,226.806,0.125,238.46,0.192902
ppo,0,6,280,95.4838,142.298,-161.841,1.85088,4.51089,-6.18543,227.994,0.125,132.498,0.192902
ppo,0,6,281,96.0358,142.971,-162.662,1.87114,4.50917,-6.18948,229.178,0.125,34.7523,0.192902
ppo,0,6,282,96.5899,143.666,-163.465,1.89142,4.50675,-6.19091,230.366,0.125,201.701,0.192902
ppo,0,6,283,97.1215,144.368,-164.281,1.91311,4.50039,-6.19262,231.559,0.125,117.157,0.192902
ppo,0,6,284,97.6522,145.05,-165.113,1.93194,4.49754,-6.19462,232.75,0.125,217.604,0.192902
ppo,0,6,285,98.2007,145.728,-165.93,1.9511,4.49661,-6.19391,233.936,0.125,307.899,0.192902
ppo,0,6,286,98.7428,146.424,-166.759,1.96782,4.49538,-6.19262,235.14,0.125,100.028,0.192902
ppo,0,6,287,99.2684,147.123,-167.607,1.98483,4.49376,-6.19076,236.352,0.125,151.786,0.192902
ppo,0,6,288,99.8074,147.798,-168.462,2.00399,4.49346,-6.1907,237.557,0.125,103.013,0.192902
ppo,0,6,289,100.357,148.476,-169.296,2.02299,4.49285,-6.19161,238.755,0.125,338.578,0.192902
ppo,0,6,290,100.896,149.171,-170.148,2.0421,4.49368,-6.19169,239.969,0.125,110.83,0.192902
ppo,0,6,291,101.418,149.856,-171.021,2.06267,4.49377,-6.19055,241.186,0.125,192.874,0.192902
ppo,0,6,292,101.962,150.527,-171.89,2.08405,4.49534,-6.1887,242.4,0.125,114.246,0.192902
ppo,0,6,293,102.518,151.206,-172.735,2.10596,4.49448,-6.18606,243.61,0.125,245.108,0.192902
ppo,0,6,294,103.065,151.909,-173.575,2.13093,4.49332,-6.18333,244.824,0.125,160.988,0.192902
ppo,0,6,295,103.591,152.619,-174.428,2.15623,4.49251,-6.18069,246.044,0.125,121.701,0.192902
ppo,0,6,296,104.131,153.307,-175.288,2.17951,4.49182,-6.17664,247.262,0.125,294.869,0.192902
ppo,0,6,297,104.684,153.994,-176.128,2.19945,4.49031,-6.17684,248.471,0.125,171.891,0.192902
ppo,0,6,298,105.228,154.702,-176.96,2.21727,4.48756,-6.17515,249.685,0.125,178.373,0.192902
ppo,0,6,299,105.75,155.413,-177.807,2.2354,4.48525,-6.17459,250.903,0.125,201.717,0.192902
ppo,0,7,0,0,0,0,-3.26618,-9.3179,1.19533,9.94585,0.125,0.761001,0.486319
ppo,0,7,1,0.00070093,-0.0192554,-0.0150231,-3.23997,-9.35657,1.18387,9.95613,0.125,0.628284,0.486319
ppo,0,7,2,-0.00306771,-0.0564466,-0.0406658,-3.20879,-9.39363,1.17094,9.94624,0.125,1.10664,0.486319
ppo,0,7,3,-0.00228894,-0.105485,-0.078782,-3.17549,-9.43068,1.15539,9.92732,0.125,0.903778,0.486319
ppo,0,7,4,-0.00463753,-0.164237,-0.130587,-3.14178,-9.46244,1.14327,9.8955,0.125,0.624738,0.486319
ppo,0,7,5,-0.00854198,-0.229499,-0.192422,-3.10585,-9.49312,1.12693,9.85641,0.125,0.771536,0.486319
ppo,0,7,6,-0.0131128,-0.296303,-0.266864,-3.07019,-9.51992,1.10907,9.81397,0.125,0.747364,0.486319
ppo,0,7,7,-0.0227999,-0.36634,-0.3516,-3.03523,-9.54734,1.09096,9.76968,0.125,0.811103,0.486319
ppo,0,7,8,-0.0358748,-0.432301,-0.443875,-2.99806,-9.57308,1.07582,9.7282,0.125,0.40924,0.486319
ppo,0,7,9,-0.0465998,-0.491825,-0.546024,-2.95688,-9.59824,1.06227,9.69449,0.125,1.28003,0.486319
ppo,0,7,10,-0.0525128,-0.536092,-0.658566,-2.91513,-9.62062,1.05019,9.67693,0.125,1.36681,0.486319
ppo,0,7,11,-0.053015,-0.564828,-0.776227,-2.87132,-9.64326,1.0364,9.6771,0.125,0.909981,0.486319
ppo,0,7,12,-0.0492146,-0.577273,-0.891638,-2.8256,-9.66367,1.0235,9.6922,0.125,0.359324,0.486319
ppo,0,7,13,-0.0392769,-0.5752,-1.00935,-2.77695,-9.68051,1.01023,9.72009,0.125,1.15456,0.486319
ppo,0,7,14,-0.0168036,-0.563927,-1.129,-2.72812,-9.69474,0.999186,9.75972,0.125,1.45722,0.486319
ppo,0,7,15,0.0179131,-0.543475,-1.24042,-2.68094,-9.70568,0.986161,9.80752,0.125,0.917607,0.486319
ppo,0,7,16,0.0691006,-0.516649,-1.34635,-2.63436,-9.71791,0.972428,9.86655,0.125,0.50266,0.486319
ppo,0,7,17,0.137821,-0.48203,-1.45146,-2.58608,-9.72866,0.958508,9.93618,0.125,0.415292,0.486319
ppo,0,7,18,0.226931,-0.447435,-1.5536,-2.53651,-9.73713,0.945091,10.0089,0.125,0.855589,0.486319
ppo,0,7,19,0.336052,-0.416339,-1.65677,-2.48752,-9.74334,0.930317,10.0826,0.125,0.906977,0.486319
ppo,0,7,20,0.463674,-0.399308,-1.76415,-2.43913,-9.75089,0.912297,10.1509,0.125,1.40717,0.486319
ppo,0,7,21,0.602265,-0.398594,-1.88159,-2.3875,-9.75553,0.891257,10.2068,0.125,0.518195,0.486319
ppo,0,7,22,0.746145,-0.415651,-2.01449,-2.33832,-9.75618,0.872157,10.2514,0.125,1.31562,0.486319
ppo,0,7,23,0.888497,-0.444684,-2.16356,-2.28895,-9.75675,0.854005,10.2916,0.125,1.04342,0.486319
ppo,0,7,24,1.0173,-0.483791,-2.33389,-2.24092,-9.75599,0.834171,10.326,0.125,0.826161,0.486319
ppo,0,7,25,1.12943,-0.523632,-2.52353,-2.1938,-9.74969,0.812735,10.3583,0.125,1.17667,0.486319
ppo,0,7,26,1.22218,-0.556238,-2.72051,-2.14579,-9.74021,0.790305,10.393,0.125,0.744586,0.486319
ppo,0,7,27,1.29068,-0.574972,-2.92455,-2.09947,-9.7266,0.77382,10.4366,0.125,1.7042,0.486319
ppo,0,7,28,1.34322,-0.573471,-3.12424,-2.05435,-9.71075,0.758608,10.4933,0.125,0.479066,0.486319
ppo,0,7,29,1.38668,-0.553181,-3.3144,-2.00672,-9.69196,0.745844,10.5602,0.125,0.698616,0.486319
ppo,0,7,30,1.43475,-0.513699,-3.49127,-1.95781,-9.66927,0.734714,10.6392,0.125,0.890465,0.486319
ppo,0,7,31,1.49221,-0.465651,-3.64798,-1.90925,-9.64761,0.726513,10.7245,0.125,1.84965,0.486319
ppo,0,7,32,1.56486,-0.417279,-3.79212,-1.85627,-9.62384,0.718664,10.808,0.125,0.883846,0.486319
ppo,0,7,33,1.65308,-0.378088,-3.93204,-1.80391,-9.59838,0.713271,10.8878,0.125,1.00932,0.486319
ppo,0,7,34,1.75359,-0.35324,-4.07294,-1.75081,-9.57312,0.70972,10.9618,0.125,1.10892,0.486319
ppo,0,7,35,1.86278,-0.33764,-4.22613,-1.6968,-9.54527,0.710111,11.0371,0.125,1.21321,0.486319
ppo,0,7,36,1.9728,-0.324579,-4.3993,-1.6425,-9.5151,0.714873,11.1216,0.125,0.897988,0.486319
ppo,0,7,37,2.08136,-0.304407,-4.59247,-1.58803,-9.48291,0.72342,11.2235,0.125,1.1683,0.486319
ppo,0,7,38,2.18734,-0.278803,-4.80072,-1.53574,-9.44813,0.731236,11.3376,0.125,1.25979,0.486319
ppo,0,7,39,2.29038,-0.241092,-5.02031,-1.48428,-9.41438,0.74106,11.4713,0.125,1.0849,0.486319
ppo,0,7,40,2.3898,-0.187428,-5.25078,-1.43464,-9.37769,0.749603,11.6229,0.125,1.19942,0.486319
ppo,0,7,41,2.48912,-0.115252,-5.48495,-1.38366,-9.34003,0.760621,11.7942,0.125,0.857959,0.486319
ppo,0,7,42,2.5995,-0.0265293,-5.72508,-1.33464,-9.29968,0.775596,11.9886,0.125,0.789235,0.486319
ppo,0,7,43,2.72472,0.0778408,-5.9583,-1.28632,-9.25984,0.79486,12.2019,0.125,2.29132,0.486319
ppo,0,7,44,2.87231,0.188926,-6.18586,-1.24048,-9.21896,0.819508,12.4297,0.125,0.637699,0.486319
ppo,0,7,45,3.03997,0.294831,-6.40857,-1.19503,-9.17817,0.846384,12.6613,0.125,1.80058,0.486319
ppo,0,7,46,3.22429,0.388457,-6.63781,-1.15028,-9.13767,0.876831,12.8978,0.125,1.68804,0.486319
ppo,0,7,47,3.41746,0.4687,-6.88399,-1.10768,-9.09847,0.908416,13.1426,0.125,1.98846,0.486319
ppo,0,7,48,3.59838,0.545836,-7.152,-1.06678,-9.05996,0.942729,13.4,0.125,0.530231,0.486319
ppo,0,7,49,3.75957,0.634674,-7.43287,-1.02903,-9.01942,0.978397,13.6705,0.125,1.5633,0.486319
ppo,0,7,50,3.90831,0.744557,-7.70948,-0.997528,-8.98037,1.01492,13.9555,0.125,1.83299,0.486319
ppo,0,7,51,4.05698,0.875159,-7.97062,-0.967426,-8.93993,1.05446,14.249,0.125,1.7772,0.486319
ppo,0,7,52,4.22105,1.01479,-8.21602,-0.938624,-8.89875,1.09524,14.5465,0.125,2.11449,0.486319
ppo,0,7,53,4.40435,1.14827,-8.45003,-0.913546,-8.85685,1.13505,14.841,0.125,1.86503,0.486319
ppo,0,7,54,4.60174,1.26793,-8.68785,-0.888063,-8.81739,1.17757,15.1386,0.125,2.08149,0.486319
ppo,0,7,55,4.804,1.37855,-8.94342,-0.864859,-8.77922,1.22064,15.4475,0.125,1.83021,0.486319
ppo,0,7,56,4.99882,1.48714,-9.2135,-0.844507,-8.74267,1.26261,15.7652,0.125,2.53507,0.486319
ppo,0,7,57,5.18589,1.60288,-9.49976,-0.828985,-8.7068,1.30776,16.1019,0.125,3.1112,0.486319
ppo,0,7,58,5.36426,1.73859,-9.79178,-0.81367,-8.67246,1.35304,16.4549,0.125,0.904855,0.486319
ppo,0,7,59,5.54589,1.89169,-10.0779,-0.802791,-8.64092,1.40333,16.8244,0.125,1.9898,0.486319
ppo,0,7,60,5.74022,2.05744,-10.3556,-0.794743,-8.61518,1.45877,17.2102,0.125,1.29545,0.486319
ppo,0,7,61,5.95528,2.22066,-10.6293,-0.792255,-8.58881,1.51984,17.6061,0.125,3.09069,0.486319
ppo,0,7,62,6.18077,2.37144,-10.9104,-0.787651,-8.56672,1.58051,18.0063,0.125,2.84809,0.486319
ppo,0,7,63,6.40346,2.51612,-11.2102,-0.784228,-8.54452,1.64285,18.4174,0.125,3.23054,0.486319
ppo,0,7,64,6.6123,2.66639,-11.5246,-0.783712,-8.52394,1.70472,18.8398,0.125,2.73798,0.486319
ppo,0,7,65,6.81087,2.83777,-11.8389,-0.789163,-8.51001,1.76642,19.2779,0.125,2.11317,0.486319
ppo,0,7,66,7.01503,3.02619,-12.1403,-0.795941,-8.50067,1.82821,19.7231,0.125,1.66497,0.486319
ppo,0,7,67,7.23765,3.21387,-12.4284,-0.803649,-8.49114,1.88597,20.1636,0.125,1.23805,0.486319
ppo,0,7,68,7.4748,3.38577,-12.718,-0.811608,-8.4861,1.94436,20.6056,0.125,2.78976,0.486319
ppo,0,7,69,7.71606,3.54767,-13.0198,-0.819457,-8.48265,2.00354,21.0544,0.125,2.77887,0.486319
ppo,0,7,70,7.94624,3.71812,-13.3433,-0.829094,-8.48178,2.0604,21.5201,0.125,1.93489,0.486319
ppo,0,7,71,8.17005,3.90558,-13.6775,-0.841042,-8.48322,2.11841,22.0044,0.125,1.09152,0.486319
ppo,0,7,72,8.39673,4.113,-14.0069,-0.853345,-8.48598,2.17645,22.4989,0.125,3.62577,0.486319
ppo,0,7,73,8.6416,4.33134,-14.3313,-0.865298,-8.49053,2.23038,23.0015,0.125,3.29699,0.486319
ppo,0,7,74,8.90616,4.54229,-14.6589,-0.877034,-8.49598,2.28463,23.5115,0.125,0.919256,0.486319
ppo,0,7,75,9.17168,4.74131,-15.0043,-0.891938,-8.50598,2.34141,24.0341,0.125,2.08054,0.486319
ppo,0,7,76,9.42297,4.94536,-15.3664,-0.908029,-8.51629,2.39608,24.5652,0.125,5.35432,0.486319
ppo,0,7,77,9.6654,5.16479,-15.7289,-0.92595,-8.52809,2.45004,25.1027,0.125,3.76286,0.486319
ppo,0,7,78,9.91856,5.39644,-16.0765,-0.941983,-8.54289,2.50134,25.6397,0.125,1.07984,0.486319
ppo,0,7,79,10.1913,5.62368,-16.4184,-0.958917,-8.55827,2.54963,26.1771,0.125,2.50737,0.486319
ppo,0,7,80,10.4735,5.83912,-16.7767,-0.974875,-8.57461,2.59776,26.7243,0.125,5.7294,0.486319
ppo,0,7,81,10.7457,6.0535,-17.1534,-0.986669,-8.59206,2.64804,27.2808,0.125,5.44999,0.486319
ppo,0,7,82,11.0114,6.28385,-17.5378,-0.998933,-8.61476,2.69923,27.8524,0.125,2.96701,0.486319
ppo,0,7,83,11.2838,6.53821,-17.9138,-1.0137,-8.63764,2.74691,28.4324,0.125,1.9467,0.486319
ppo,0,7,84,11.5775,6.79651,-18.2897,-1.02961,-8.66353,2.79431,29.0256,0.125,1.76586,0.486319
ppo,0,7,85,11.8788,7.04137,-18.6793,-1.0457,-8.693,2.83693,29.6236,0.125,2.66356,0.486319
ppo,0,7,86,12.1704,7.28539,-19.0878,-1.05957,-8.72191,2.87975,30.2298,0.125,10.7916,0.486319
ppo,0,7,87,12.4512,7.55057,-19.4964,-1.075,-8.75484,2.91874,30.8425,0.125,2.36468,0.486319
ppo,0,7,88,12.7426,7.82866,-19.893,-1.09091,-8.78972,2.95641,31.4584,0.125,2.58974,0.486319
ppo,0,7,89,13.0532,8.10098,-20.2909,-1.10692,-8.82586,2.99025,32.0787,0.125,4.43196,0.486319
ppo,0,7,90,13.3663,8.36468,-20.7108,-1.12321,-8.8669,3.02425,32.7143,0.125,5.94204,0.486319
ppo,0,7,91,13.6686,8.63409,-21.146,-1.14106,-8.90819,3.05448,33.3574,0.125,3.064,0.486319
ppo,0,7,92,13.9678,8.92219,-21.5779,-1.15863,-8.95407,3.08714,34.0108,0.125,8.80806,0.486319
ppo,0,7,93,14.2853,9.2183,-22.0045,-1.17327,-9.00334,3.11868,34.6723,0.125,8.80284,0.486319
ppo,0,7,94,14.6176,9.49995,-22.4438,-1.18736,-9.05414,3.14923,35.342,0.125,9.04923,0.486319
ppo,0,7,95,14.9445,9.78008,-22.9056,-1.19963,-9.10425,3.17689,36.0215,0.125,2.18051,0.486319
ppo,0,7,96,15.2634,10.0798,-23.3729,-1.21033,-9.15568,3.20065,36.7089,0.125,6.02113,0.486319
ppo,0,7,97,15.5977,10.3906,-23.8301,-1.2186,-9.20962,3.22148,37.3998,0.125,3.41801,0.486319
ppo,0,7,98,15.9529,10.6896,-24.2916,-1.22432,-9.26307,3.23754,38.0922,0.125,4.63633,0.486319
ppo,0,7,99,16.3016,10.9866,-24.7737,-1.22943,-9.31663,3.25164,38.794,0.125,6.44451,0.486319
ppo,0,7,100,16.6422,11.3011,-25.2644,-1.23112,-9.37028,3.26228,39.5036,0.125,6.33668,0.486319
ppo,0,7,101,16.9955,11.6292,-25.7502,-1.23056,-9.42486,3.27182,40.2211,0.125,5.39655,0.486319
ppo,0,7,102,17.3702,11.9527,-26.2398,-1.23005,-9.47842,3.28061,40.9478,0.125,16.2578,0.486319
ppo,0,7,103,17.7407,12.2692,-26.749,-1.22761,-9.53505,3.28579,41.681,0.125,10.7267,0.486319
ppo,0,7,104,18.1002,12.6034,-27.2658,-1.22521,-9.5923,3.2876,42.4221,0.125,3.84705,0.486319
ppo,0,7,105,18.4745,12.9511,-27.7729,-1.2197,-9.65295,3.28614,43.1679,0.125,8.93939,0.486319
ppo,0,7,106,18.8636,13.2878,-28.287,-1.21109,-9.71395,3.28072,43.9157,0.125,6.16895,0.486319
ppo,0,7,107,19.2456,13.6209,-28.8191,-1.20249,-9.77303,3.27369,44.6693,0.125,11.9708,0.486319
ppo,0,7,108,19.6193,13.9752,-29.3574,-1.18984,-9.82945,3.26754,45.432,0.125,9.58452,0.486319
ppo,0,7,109,20.0108,14.3362,-29.8874,-1.1774,-9.88368,3.25779,46.1968,0.125,5.52642,0.486319
ppo,0,7,110,20.4164,14.6843,-30.4296,-1.16247,-9.93664,3.24525,46.9663,0.125,9.61192,0.486319
ppo,0,7,111,20.813,15.0412,-30.9827,-1.13965,-9.99043,3.23404,47.7419,0.125,2.64279,0.486319
ppo,0,7,112,21.2087,15.4193,-31.529,-1.11664,-10.0404,3.22243,48.5209,0.125,10.6463,0.486319
ppo,0,7,113,21.6258,15.7961,-32.0701,-1.08598,-10.0905,3.21046,49.3018,0.125,4.20184,0.486319
ppo,0,7,114,22.0441,16.1595,-32.6334,-1.05392,-10.1376,3.19714,50.0887,0.125,5.01279,0.486319
ppo,0,7,115,22.4516,16.54,-33.2042,-1.01834,-10.1826,3.18066,50.8802,0.125,21.1282,0.486319
ppo,0,7,116,22.8718,16.9306,-33.7667,-0.979601,-10.2243,3.16119,51.6715,0.125,14.6441,0.486319
ppo,0,7,117,23.3092,17.3042,-34.3405,-0.939307,-10.2626,3.13557,52.4631,0.125,8.54256,0.486319
ppo,0,7,118,23.7371,17.6809,-34.934,-0.897666,-10.2956,3.10676,53.2602,0.125,13.2237,0.486319
ppo,0,7,119,24.1651,18.0759,-35.5187,-0.855624,-10.3279,3.07542,54.0585,0.125,17.4819,0.486319
ppo,0,7,120,24.6121,18.4617,-36.1029,-0.816929,-10.3567,3.04432,54.8602,0.125,7.409,0.486319
ppo,0,7,121,25.056,18.8431,-36.7083,-0.777717,-10.3857,3.0137,55.6735,0.125,4.39386,0.486319
ppo,0,7,122,25.4951,19.2422,-37.3155,-0.735888,-10.4166,2.98542,56.4967,0.125,7.77834,0.486319
ppo,0,7,123,25.9553,19.6435,-37.9124,-0.692557,-10.4499,2.95654,57.3236,0.125,8.5633,0.486319
ppo,0,7,124,26.417,20.0314,-38.5225,-0.649909,-10.4854,2.92568,58.1536,0.125,12.8865,0.486319
ppo,0,7,125,26.867,20.4356,-39.1415,-0.604213,-10.5162,2.89473,58.9892,0.125,12.6532,0.486319
ppo,0,7,126,27.3325,20.8509,-39.7492,-0.556767,-10.5438,2.86122,59.8255,0.125,19.0953,0.486319
ppo,0,7,127,27.8084,21.2548,-40.3719,-0.508871,-10.5677,2.83032,60.6711,0.125,13.9273,0.486319
ppo,0,7,128,28.2705,21.6721,-41.0084,-0.464896,-10.5919,2.7979,61.5279,0.125,16.6055,0.486319
ppo,0,7,129,28.746,22.1034,-41.6381,-0.422671,-10.6158,2.76676,62.3951,0.125,18.3937,0.486319
ppo,0,7,130,29.2344,22.5197,-42.2778,-0.381058,-10.6388,2.73444,63.2666,0.125,11.9379,0.486319
ppo,0,7,131,29.7103,22.9455,-42.9275,-0.339396,-10.6576,2.70161,64.1417,0.125,8.00239,0.486319
ppo,0,7,132,30.1944,23.3873,-43.5651,-0.296469,-10.6749,2.67052,65.0205,0.125,19.5447,0.486319
ppo,0,7,133,30.6929,23.8109,-44.2119,-0.253487,-10.6899,2.63964,65.9018,0.125,13.9917,0.486319
ppo,0,7,134,31.1749,24.2422,-44.8785,-0.210816,-10.7006,2.60901,66.7917,0.125,9.37458,0.486319
ppo,0,7,135,31.6677,24.6911,-45.5352,-0.165138,-10.7092,2.58407,67.6902,0.125,34.4634,0.486319
ppo,0,7,136,32.1723,25.1258,-46.2019,-0.117907,-10.7176,2.55861,68.593,0.125,8.12967,0.486319
ppo,0,7,137,32.666,25.5668,-46.8836,-0.0720434,-10.7233,2.53266,69.5033,0.125,19.4102,0.486319
ppo,0,7,138,33.1734,26.02,-47.5516,-0.0268965,-10.7267,2.50729,70.4164,0.125,23.6879,0.486319
ppo,0,7,139,33.6907,26.4515,-48.2323,0.0197903,-10.7247,2.4835,71.3295,0.125,27.6221,0.486319
ppo,0,7,140,34.1939,26.8958,-48.9224,0.0653587,-10.7184,2.46671,72.2524,0.125,27.5479,0.486319
ppo,0,7,141,34.7143,27.3467,-49.5957,0.111821,-10.7098,2.44851,73.1726,0.125,29.8836,0.486319
ppo,0,7,142,35.2391,27.7826,-50.2839,0.157105,-10.6969,2.43421,74.0988,0.125,16.564,0.486319
ppo,0,7,143,35.7535,28.2346,-50.9736,0.202544,-10.6807,2.41897,75.0269,0.125,33.0493,0.486319
ppo,0,7,144,36.2875,28.6833,-51.6565,0.24745,-10.6642,2.40287,75.9574,0.125,13.9749,0.486319
ppo,0,7,145,36.8127,29.1267,-52.3567,0.291683,-10.6461,2.3874,76.8933,0.125,22.8774,0.486319
ppo,0,7,146,37.341,29.5895,-53.0536,0.334949,-10.628,2.37374,77.8401,0.125,30.4876,0.486319
ppo,0,7,147,37.8856,30.041,-53.7557,0.37398,-10.6069,2.35953,78.7927,0.125,10.658,0.486319
ppo,0,7,148,38.4149,30.4981,-54.4712,0.412013,-10.5839,2.34455,79.7495,0.125,37.8005,0.486319
ppo,0,7,149,38.9509,30.9683,-55.1724,0.447179,-10.5601,2.32894,80.7065,0.125,23.89,0.486319
ppo,0,7,150,39.4926,31.4235,-55.8873,0.484076,-10.5365,2.31522,81.669,0.125,6.67489,0.486319
ppo,0,7,151,40.0231,31.8962,-56.6104,0.520734,-10.5128,2.30248,82.642,0.125,15.0698,0.486319
ppo,0,7,152,40.5754,32.367,-57.3267,0.553591,-10.4873,2.29146,83.6215,0.125,16.4423,0.486319
ppo,0,7,153,41.1213,32.8339,-58.0639,0.586407,-10.4606,2.28165,84.6113,0.125,37.1258,0.486319
ppo,0,7,154,41.6747,33.3209,-58.7876,0.617572,-10.4299,2.27137,85.6038,0.125,8.76067,0.486319
ppo,0,7,155,42.2402,33.7911,-59.5166,0.647498,-10.3963,2.25968,86.5955,0.125,40.1687,0.486319
ppo,0,7,156,42.7959,34.2736,-60.2543,0.674191,-10.3634,2.25108,87.5992,0.125,27.6164,0.486319
ppo,0,7,157,43.3722,34.7591,-60.9805,0.694523,-10.329,2.24355,88.6093,0.125,34.3008,0.486319
ppo,0,7,158,43.9404,35.2381,-61.7235,0.713313,-10.2944,2.23953,89.6273,0.125,45.688,0.486319
ppo,0,7,159,44.5138,35.7395,-62.4568,0.73092,-10.2624,2.24089,90.6582,0.125,9.55864,0.486319
ppo,0,7,160,45.0967,36.2214,-63.1973,0.749687,-10.2302,2.24318,91.689,0.125,12.4556,0.486319
ppo,0,7,161,45.6634,36.715,-63.9466,0.769216,-10.1961,2.24536,92.7227,0.125,80.7095,0.486319
ppo,0,7,162,46.2481,37.2087,-64.6908,0.791144,-10.1596,2.24992,93.7611,0.125,8.07474,0.486319
ppo,0,7,163,46.823,37.6971,-65.4528,0.811253,-10.121,2.25429,94.8045,0.125,47.8674,0.486319
ppo,0,7,164,47.4079,38.1988,-66.2025,0.827158,-10.0794,2.26071,95.8528,0.125,33.0706,0.486319
ppo,0,7,165,47.9967,38.6834,-66.9659,0.8405,-10.0376,2.26883,96.9066,0.125,78.1086,0.486319
ppo,0,7,166,48.5761,39.1862,-67.7292,0.851955,-9.99611,2.27864,97.9673,0.125,7.40714,0.486319
ppo,0,7,167,49.1763,39.6777,-68.4961,0.860867,-9.95766,2.28951,99.0386,0.125,5.5779,0.486319
ppo,0,7,168,49.7614,40.1805,-69.2761,0.866715,-9.91569,2.29986,100.117,0.125,69.4051,0.486319
ppo,0,7,169,50.3622,40.6861,-70.0435,0.873529,-9.87061,2.30991,101.194,0.125,38.2072,0.486319
ppo,0,7,170,50.9503,41.1888,-70.8284,0.877107,-9.82799,2.32116,102.279,0.125,20.2567,0.486319
ppo,0,7,171,51.5478,41.7097,-71.6034,0.879443,-9.78638,2.33503,103.373,0.125,18.7649,0.486319
ppo,0,7,172,52.1522,42.2156,-72.3979,0.881743,-9.74623,2.3517,104.481,0.125,29.2047,0.486319
ppo,0,7,173,52.7529,42.743,-73.1896,0.881929,-9.7073,2.36934,105.597,0.125,13.5937,0.486319
ppo,0,7,174,53.3691,43.2586,-73.981,0.878986,-9.66693,2.3854,106.715,0.125,17.9659,0.486319
ppo,0,7,175,53.9718,43.7912,-74.7816,0.876987,-9.62817,2.40398,107.844,0.125,54.0174,0.486319
ppo,0,7,176,54.596,44.3143,-75.5686,0.870907,-9.58768,2.42418,108.971,0.125,47.2354,0.486319
ppo,0,7,177,55.2022,44.8449,-76.369,0.863547,-9.54946,2.44572,110.105,0.125,27.0024,0.486319
ppo,0,7,178,55.8287,45.3789,-77.1586,0.856766,-9.51282,2.47013,111.246,0.125,41.2258,0.486319
ppo,0,7,179,56.4393,45.9039,-77.9701,0.849898,-9.47998,2.49608,112.394,0.125,39.9055,0.486319
ppo,0,7,180,57.0666,46.4389,-78.7661,0.839908,-9.4483,2.52466,113.547,0.125,104.549,0.486319
ppo,0,7,181,57.6955,46.9592,-79.58,0.826865,-9.41817,2.55212,114.709,0.125,82.8585,0.486319
ppo,0,7,182,58.3307,47.5004,-80.385,0.817223,-9.39232,2.57947,115.878,0.125,33.5289,0.486319
ppo,0,7,183,58.9702,48.0222,-81.2104,0.806853,-9.3662,2.60743,117.055,0.125,21.9132,0.486319
ppo,0,7,184,59.609,48.5624,-82.0236,0.792967,-9.34244,2.63555,118.235,0.125,38.3184,0.486319
ppo,0,7,185,60.2569,49.0847,-82.8516,0.778071,-9.3226,2.66469,119.424,0.125,89.5256,0.486319
ppo,0,7,186,60.8912,49.6259,-83.6805,0.762689,-9.30421,2.69179,120.617,0.125,52.7893,0.486319
ppo,0,7,187,61.5359,50.1471,-84.5186,0.74969,-9.28929,2.72037,121.813,0.125,33.1505,0.486319
ppo,0,7,188,62.1727,50.6875,-85.3595,0.73601,-9.27605,2.74933,123.017,0.125,37.3594,0.486319
ppo,0,7,189,62.8296,51.209,-86.2003,0.719668,-9.26402,2.77831,124.225,0.125,50.6128,0.486319
ppo,0,7,190,63.4728,51.7475,-87.0438,0.705142,-9.25379,2.80839,125.437,0.125,26.0629,0.486319
ppo,0,7,191,64.1315,52.269,-87.8857,0.690686,-9.2486,2.8365,126.648,0.125,90.2083,0.486319
ppo,0,7,192,64.7806,52.8066,-88.7325,0.675973,-9.24395,2.86683,127.868,0.125,26.7566,0.486319
ppo,0,7,193,65.4458,53.3267,-89.5847,0.659851,-9.2431,2.89462,129.092,0.125,36.6054,0.486319
ppo,0,7,194,66.096,53.8614,-90.4396,0.638308,-9.24256,2.92269,130.32,0.125,118.305,0.486319
ppo,0,7,195,66.7654,54.3817,-91.2932,0.616236,-9.24246,2.95006,131.551,0.125,138.71,0.486319
ppo,0,7,196,67.4249,54.9181,-92.1569,0.596524,-9.24267,2.97694,132.79,0.125,75.467,0.486319
ppo,0,7,197,68.1014,55.4388,-93.0203,0.574877,-9.24411,3.00688,134.033,0.125,76.85,0.486319
ppo,0,7,198,68.7686,55.9793,-93.8809,0.553233,-9.24967,3.03223,135.279,0.125,116.056,0.486319
ppo,0,7,199,69.4559,56.4975,-94.7472,0.532532,-9.25392,3.05735,136.526,0.125,83.7901,0.486319
ppo,0,7,200,70.1302,57.0337,-95.6128,0.512296,-9.26404,3.08021,137.776,0.125,78.8709,0.486319
ppo,0,7,201,70.8182,57.5507,-96.4817,0.489999,-9.27717,3.10261,139.029,0.125,89.7258,0.486319
ppo,0,7,202,71.4977,58.0896,-97.3473,0.467174,-9.29249,3.12438,140.286,0.125,116.053,0.486319
ppo,0,7,203,72.1805,58.6131,-98.2292,0.443758,-9.30737,3.14629,141.55,0.125,62.7522,0.486319
ppo,0,7,204,72.8607,59.156,-99.0968,0.421579,-9.32522,3.16651,142.811,0.125,45.6689,0.486319
ppo,0,7,205,73.5396,59.6881,-99.9792,0.404591,-9.34605,3.18598,144.075,0.125,58.8049,0.486319
ppo,0,7,206,74.2249,60.2379,-100.845,0.385359,-9.36756,3.20378,145.338,0.125,71.0594,0.486319
ppo,0,7,207,74.9021,60.7719,-101.729,0.367257,-9.39195,3.22214,146.605,0.125,133.318,0.486319
ppo,0,7,208,75.5924,61.3223,-102.6,0.352466,-9.41581,3.24291,147.877,0.125,78.8363,0.486319
ppo,0,7,209,76.2654,61.8729,-103.492,0.341148,-9.43486,3.26134,149.149,0.125,54.6942,0.486319
ppo,0,7,210,76.9573,62.4204,-104.372,0.330099,-9.46023,3.27956,150.424,0.125,53.7677,0.486319
ppo,0,7,211,77.6308,62.9797,-105.262,0.320729,-9.48632,3.29925,151.703,0.125,36.4081,0.486319
ppo,0,7,212,78.3214,63.5241,-106.145,0.309158,-9.51478,3.31764,152.979,0.125,132.029,0.486319
ppo,0,7,213,78.9976,64.087,-107.027,0.294818,-9.54429,3.33437,154.257,0.125,77.0681,0.486319
ppo,0,7,214,79.6827,64.6345,-107.918,0.280016,-9.57558,3.34931,155.539,0.125,76.007,0.486319
ppo,0,7,215,80.3637,65.2004,-108.801,0.268173,-9.60478,3.36263,156.818,0.125,35.485,0.486319
ppo,0,7,216,81.0413,65.7476,-109.698,0.25736,-9.63392,3.37899,158.097,0.125,169.594,0.486319
ppo,0,7,217,81.7288,66.3087,-110.577,0.250316,-9.66304,3.39318,159.373,0.125,21.0806,0.486319
ppo,0,7,218,82.3981,66.8626,-111.474,0.240037,-9.69467,3.40352,160.648,0.125,20.9171,0.486319
ppo,0,7,219,83.0901,67.4133,-112.351,0.230025,-9.72738,3.4131,161.919,0.125,69.0861,0.486319
ppo,0,7,220,83.7623,67.9796,-113.24,0.221021,-9.76023,3.42316,163.196,0.125,108.933,0.486319
ppo,0,7,221,84.4473,68.5314,-114.131,0.211872,-9.79445,3.43461,164.476,0.125,139.429,0.486319
ppo,0,7,222,85.1187,69.1076,-115.026,0.198614,-9.83033,3.44529,165.765,0.125,252.777,0.486319
ppo,0,7,223,85.7901,69.6691,-115.936,0.187734,-9.86603,3.45445,167.056,0.125,40.9813,0.486319
ppo,0,7,224,86.4721,70.2436,-116.824,0.177821,-9.89919,3.4649,168.342,0.125,87.1263,0.486319
ppo,0,7,225,87.1297,70.8101,-117.731,0.17048,-9.9356,3.47413,169.625,0.125,91.4954,0.486319
ppo,0,7,226,87.8065,71.3667,-118.634,0.164387,-9.97103,3.47606,170.903,0.125,221.496,0.486319
ppo,0,7,227,88.4696,71.9369,-119.561,0.159298,-10.0067,3.47736,172.197,0.125,33.2396,0.486319
ppo,0,7,228,89.1365,72.4849,-120.498,0.156657,-10.0438,3.47827,173.489,0.125,126.117,0.486319
ppo,0,7,229,89.8055,73.0537,-121.425,0.15309,-10.0818,3.47672,174.784,0.125,154.789,0.486319
ppo,0,7,230,90.4593,73.6178,-122.371,0.151121,-10.1216,3.47575,176.083,0.125,100.736,0.486319
ppo,0,7,231,91.1329,74.174,-123.306,0.149268,-10.1659,3.47263,177.381,0.125,106.274,0.486319
ppo,0,7,232,91.7908,74.7462,-124.245,0.146401,-10.2116,3.46675,178.681,0.125,66.055,0.486319
ppo,0,7,233,92.457,75.2953,-125.191,0.147787,-10.2594,3.45665,179.974,0.125,93.1006,0.486319
ppo,0,7,234,93.1352,75.8596,-126.121,0.146989,-10.3098,3.44284,181.27,0.125,87.1022,0.486319
ppo,0,7,235,93.7976,76.4155,-127.073,0.150693,-10.3586,3.42808,182.565,0.125,120.743,0.486319
ppo,0,7,236,94.4828,76.9586,-128.02,0.15685,-10.408,3.41194,183.86,0.125,147.9,0.486319
ppo,0,7,237,95.1567,77.5204,-128.961,0.161966,-10.4589,3.40001,185.159,0.125,231.406,0.486319
ppo,0,7,238,95.8523,78.0695,-129.917,0.170948,-10.5079,3.38426,186.467,0.125,45.8457,0.486319
ppo,0,7,239,96.5607,78.6275,-130.852,0.179117,-10.5569,3.36572,187.771,0.125,94.5468,0.486319
ppo,0,7,240,97.252,79.1954,-131.799,0.190133,-10.6067,3.34589,189.076,0.125,152.692,0.486319
ppo,0,7,241,97.9603,79.7423,-132.746,0.201782,-10.6563,3.32683,190.38,0.125,167.946,0.486319
ppo,0,7,242,98.6627,80.3149,-133.692,0.217693,-10.7046,3.30688,191.689,0.125,133.344,0.486319
ppo,0,7,243,99.3488,80.8807,-134.656,0.23814,-10.7523,3.28313,192.994,0.125,134.905,0.486319
ppo,0,7,244,100.054,81.4307,-135.612,0.259109,-10.8024,3.25522,194.294,0.125,85.6731,0.486319
ppo,0,7,245,100.744,82.0049,-136.561,0.280787,-10.8492,3.22955,195.592,0.125,64.8389,0.486319
ppo,0,7,246,101.427,82.5662,-137.529,0.304166,-10.8954,3.20357,196.892,0.125,140.407,0.486319
ppo,0,7,247,102.132,83.1231,-138.482,0.325608,-10.9412,3.17518,198.19,0.125,105.453,0.486319
ppo,0,7,248,102.823,83.6981,-139.432,0.345581,-10.9866,3.14757,199.489,0.125,95.9385,0.486319
ppo,0,7,249,103.515,84.2558,-140.398,0.366123,-11.0283,3.12043,200.789,0.125,185.205,0.486319
ppo,0,7,250,104.226,84.8236,-141.351,0.390136,-11.0686,3.09626,202.094,0.125,85.9299,0.486319
ppo,0,7,251,104.913,85.4091,-142.308,0.415395,-11.1084,3.07241,203.398,0.125,290.89,0.486319
ppo,0,7,252,105.604,85.9811,-143.279,0.444313,-11.1438,3.04696,204.703,0.125,145.594,0.486319
ppo,0,7,253,106.307,86.5631,-144.233,0.478458,-11.1794,3.0221,206.003,0.125,291.698,0.486319
ppo,0,7,254,106.989,87.1631,-145.188,0.513932,-11.2138,2.99235,207.298,0.125,285.131,0.486319
ppo,0,7,255,107.698,87.7533,-146.151,0.550828,-11.2434,2.96334,208.605,0.125,120.378,0.486319
ppo,0,7,256,108.423,88.349,-147.093,0.590391,-11.2681,2.93164,209.902,0.125,104.943,0.486319
ppo,0,7,257,109.128,88.9606,-148.041,0.628015,-11.2922,2.89876,211.201,0.125,83.3171,0.486319
ppo,0,7,258,109.834,89.5485,-149.002,0.668482,-11.3128,2.86545,212.494,0.125,110.803,0.486319
ppo,0,7,259,110.554,90.1388,-149.949,0.71156,-11.3305,2.83336,213.784,0.125,242.433,0.486319
ppo,0,7,260,111.255,90.7444,-150.901,0.75464,-11.3429,2.79917,215.072,0.125,61.9129,0.486319
ppo,0,7,261,111.955,91.3348,-151.87,0.800082,-11.3541,2.76586,216.363,0.125,134.498,0.486319
ppo,0,7,262,112.674,91.9301,-152.822,0.84503,-11.3615,2.73246,217.651,0.125,104.511,0.486319
ppo,0,7,263,113.378,92.5446,-153.766,0.887443,-11.368,2.69998,218.937,0.125,188.282,0.486319
ppo,0,7,264,114.067,93.1539,-154.728,0.929393,-11.3687,2.66687,220.223,0.125,48.6921,0.486319
ppo,0,7,265,114.776,93.754,-155.68,0.967677,-11.368,2.63691,221.511,0.125,88.6506,0.486319
ppo,0,7,266,115.476,94.3776,-156.618,1.00713,-11.3666,2.60885,222.796,0.125,130.602,0.486319
ppo,0,7,267,116.158,94.994,-157.573,1.05037,-11.3605,2.58003,224.076,0.125,189.938,0.486319
ppo,0,7,268,116.866,95.608,-158.524,1.09369,-11.354,2.55064,225.364,0.125,148.712,0.486319
ppo,0,7,269,117.59,96.2305,-159.458,1.13774,-11.3451,2.52087,226.651,0.125,137.399,0.486319
ppo,0,7,270,118.293,96.8671,-160.395,1.18283,-11.3333,2.49444,227.936,0.125,94.2103,0.486319
ppo,0,7,271,118.997,97.4802,-161.343,1.22737,-11.3203,2.46878,229.219,0.125,149.572,0.486319
ppo,0,7,272,119.719,98.0897,-162.273,1.27298,-11.3058,2.44171,230.495,0.125,54.6053,0.486319
ppo,0,7,273,120.426,98.7196,-163.193,1.31888,-11.2888,2.41805,231.765,0.125,78.4367,0.486319
ppo,0,7,274,121.114,99.3391,-164.129,1.36421,-11.2739,2.40025,233.04,0.125,128.73,0.486319
ppo,0,7,275,121.817,99.935,-165.064,1.41144,-11.2526,2.38131,234.303,0.125,74.6927,0.486319
ppo,0,7,276,122.529,100.545,-165.977,1.45781,-11.2311,2.36559,235.566,0.125,251.978,0.486319
ppo,0,7,277,123.228,101.161,-166.909,1.5037,-11.2072,2.35336,236.84,0.125,130.801,0.486319
ppo,0,7,278,123.921,101.753,-167.856,1.55088,-11.1793,2.34127,238.107,0.125,194.168,0.486319
ppo,0,7,279,124.633,102.33,-168.784,1.59852,-11.1494,2.32913,239.363,0.125,187.297,0.486319
ppo,0,7,280,125.342,102.927,-169.691,1.6454,-11.1179,2.3175,240.612,0.125,51.0181,0.486319
ppo,0,7,281,126.028,103.529,-170.609,1.69037,-11.0832,2.30749,241.859,0.125,250.17,0.486319
ppo,0,7,282,126.715,104.11,-171.539,1.73454,-11.0477,2.30042,243.108,0.125,291.473,0.486319
ppo,0,7,283,127.422,104.71,-172.456,1.77916,-11.0111,2.29581,244.369,0.125,101.232,0.486319
ppo,0,7,284,128.119,105.335,-173.36,1.81886,-10.9714,2.29183,245.627,0.125,266.339,0.486319
ppo,0,7,285,128.797,105.973,-174.274,1.85476,-10.9289,2.29216,246.893,0.125,38.7063,0.486319
ppo,0,7,286,129.479,106.583,-175.199,1.89081,-10.8851,2.29609,248.157,0.125,126.843,0.486319
ppo,0,7,287,130.181,107.186,-176.102,1.92695,-10.8392,2.30258,249.414,0.125,246.493,0.486319
ppo,0,7,288,130.873,107.814,-177.001,1.96079,-10.7915,2.31405,250.678,0.125,307.855,0.486319
ppo,0,7,289,131.541,108.45,-177.911,1.98951,-10.7432,2.32729,251.946,0.125,174.746,0.486319
ppo,0,7,290,132.208,109.065,-178.836,2.01623,-10.6938,2.34317,253.216,0.125,413.538,0.486319
ppo,0,7,291,132.894,109.665,-179.751,2.04011,-10.6416,2.35855,254.481,0.125,209.84,0.486319
ppo,0,7,292,133.589,110.276,-180.646,2.06528,-10.5874,2.37873,255.743,0.125,278.833,0.486319
ppo,0,7,293,134.267,110.892,-181.569,2.09085,-10.5309,2.40252,257.021,0.125,179.647,0.486319
ppo,0,7,294,134.938,111.488,-182.512,2.1153,-10.4752,2.4256,258.299,0.125,93.0653,0.486319
ppo,0,7,295,135.624,112.063,-183.452,2.13746,-10.4227,2.45454,259.581,0.125,253.883,0.486319
ppo,0,7,296,136.324,112.638,-184.371,2.15608,-10.3749,2.48488,260.861,0.125,56.3477,0.486319
ppo,0,7,297,137.007,113.236,-185.281,2.16875,-10.3289,2.51881,262.142,0.125,100.346,0.486319
ppo,0,7,298,137.676,113.838,-186.203,2.17775,-10.283,2.55409,263.429,0.125,144.648,0.486319
ppo,0,7,299,138.345,114.416,-187.135,2.18523,-10.2399,2.59023,264.715,0.125,128.601,0.486319
ppo,0,8,0,0,0,0,6.84957,2.37816,-4.0494,8.30481,0.125,0.737959,0.513603
ppo,0,8,1,0.0136704,0.0213181,-0.0129069,6.84447,2.35466,-3.9922,8.24252,0.125,0.382948,0.513603
ppo,0,8,2,0.0413603,0.0605938,-0.0386215,6.83864,2.3308,-3.93147,8.15543,0.125,1.255,0.513603
ppo,0,8,3,0.0844546,0.121167,-0.0813441,6.83084,2.31063,-3.87389,8.04307,0.125,1.21507,0.513603
ppo,0,8,4,0.144699,0.200443,-0.14126,6.82391,2.29526,-3.81441,7.9052,0.125,0.60393,0.513603
ppo,0,8,5,0.223779,0.29784,-0.220905,6.81393,2.28495,-3.75806,7.73887,0.125,0.828119,0.513603
ppo,0,8,6,0.318591,0.408626,-0.317592,6.80121,2.27659,-3.7025,7.54793,0.125,0.805692,0.513603
ppo,0,8,7,0.428902,0.536045,-0.429276,6.78626,2.26896,-3.64597,7.33253,0.125,1.14133,0.513603
ppo,0,8,8,0.558348,0.674938,-0.552479,6.7693,2.26246,-3.59115,7.09434,0.125,0.394231,0.513603
ppo,0,8,9,0.706559,0.821648,-0.686595,6.75149,2.25815,-3.53606,6.83551,0.125,0.670833,0.513603
ppo,0,8,10,0.870684,0.97822,-0.83541,6.73297,2.25517,-3.48219,6.55763,0.125,0.54572,0.513603
ppo,0,8,11,1.05336,1.14917,-1.00216,6.71267,2.25257,-3.43036,6.25631,0.125,0.493609,0.513603
ppo,0,8,12,1.25044,1.33071,-1.18176,6.69101,2.24748,-3.37913,5.93875,0.125,0.193452,0.513603
ppo,0,8,13,1.4594,1.52258,-1.37643,6.66883,2.24298,-3.32981,5.61006,0.125,0.874919,0.513603
ppo,0,8,14,1.67571,1.72473,-1.58459,6.64391,2.23808,-3.28017,5.27462,0.125,0.730372,0.513603
ppo,0,8,15,1.89956,1.93814,-1.80199,6.61798,2.2366,-3.23262,4.93956,0.125,0.27527,0.513603
ppo,0,8,16,2.13501,2.15972,-2.02783,6.58943,2.23369,-3.18881,4.60383,0.125,0.210827,0.513603
ppo,0,8,17,2.38282,2.38899,-2.26031,6.5583,2.23312,-3.14405,4.27082,0.125,0.71222,0.513603
ppo,0,8,18,2.63919,2.62608,-2.49948,6.52464,2.23349,-3.10511,3.95191,0.125,0.175461,0.513603
ppo,0,8,19,2.91326,2.86319,-2.74642,6.48767,2.23151,-3.0697,3.64416,0.125,0.199018,0.513603
ppo,0,8,20,3.20131,3.08981,-3.00011,6.45049,2.23236,-3.03355,3.36059,0.125,0.401059,0.513603
ppo,0,8,21,3.49749,3.30392,-3.26237,6.41275,2.23522,-3.00094,3.11596,0.125,0.413415,0.513603
ppo,0,8,22,3.79912,3.50021,-3.53717,6.37091,2.2395,-2.97141,2.91952,0.125,0.0665305,0.513603
ppo,0,8,23,4.09896,3.68488,-3.82269,6.32809,2.24646,-2.9397,2.79602,0.125,0.229471,0.513603
ppo,0,8,24,4.39124,3.85776,-4.11948,6.28472,2.25304,-2.91169,2.76029,0.125,0.405753,0.513603
ppo,0,8,25,4.67374,4.02371,-4.43153,6.24351,2.25888,-2.88955,2.82073,0.125,0.200776,0.513603
ppo,0,8,26,4.93818,4.18683,-4.75504,6.2012,2.26618,-2.871,2.97216,0.125,0.309799,0.513603
ppo,0,8,27,5.18032,4.35361,-5.09015,6.15528,2.27117,-2.85193,3.20885,0.125,0.358417,0.513603
ppo,0,8,28,5.40374,4.53158,-5.42935,6.10914,2.27545,-2.8333,3.51101,0.125,0.426369,0.513603
ppo,0,8,29,5.61217,4.7267,-5.76732,6.06315,2.27911,-2.81762,3.85938,0.125,0.258524,0.513603
ppo,0,8,30,5.80476,4.93706,-6.09733,6.01539,2.28265,-2.80285,4.23602,0.125,0.121346,0.513603
ppo,0,8,31,5.98738,5.16087,-6.41102,5.9644,2.28558,-2.78939,4.62428,0.125,0.131924,0.513603
ppo,0,8,32,6.16769,5.39279,-6.70744,5.91177,2.2878,-2.77786,5.01478,0.125,0.401291,0.513603
ppo,0,8,33,6.34864,5.62236,-6.98542,5.85971,2.28845,-2.76689,5.39908,0.125,0.928347,0.513603
ppo,0,8,34,6.53168,5.84127,-7.25399,5.80818,2.29099,-2.75851,5.77384,0.125,0.756054,0.513603
ppo,0,8,35,6.71311,6.04611,-7.51583,5.75543,2.29301,-2.75046,6.14098,0.125,0.535021,0.513603
ppo,0,8,36,6.89193,6.23815,-7.77649,5.70173,2.29208,-2.74183,6.5066,0.125,0.977232,0.513603
ppo,0,8,37,7.0659,6.41764,-8.04081,5.64877,2.29211,-2.73597,6.86801,0.125,0.558894,0.513603
ppo,0,8,38,7.22381,6.58658,-8.31349,5.59001,2.29111,-2.73261,7.22956,0.125,0.097295,0.513603
ppo,0,8,39,7.36781,6.75544,-8.59225,5.52956,2.28937,-2.73155,7.59426,0.125,0.59087,0.513603
ppo,0,8,40,7.49998,6.92858,-8.87632,5.46865,2.28482,-2.73568,7.96231,0.125,0.477007,0.513603
ppo,0,8,41,7.62443,7.11382,-9.16392,5.40636,2.28012,-2.74343,8.3371,0.125,1.0425,0.513603
ppo,0,8,42,7.74547,7.31388,-9.45198,5.348,2.27317,-2.75364,8.71919,0.125,0.154282,0.513603
ppo,0,8,43,7.86749,7.52935,-9.73144,5.29296,2.26407,-2.76666,9.10272,0.125,0.687376,0.513603
ppo,0,8,44,7.99728,7.75823,-10.0046,5.23833,2.25322,-2.78342,9.49012,0.125,1.01762,0.513603
ppo,0,8,45,8.13984,7.99572,-10.266,5.1854,2.24095,-2.80184,9.87724,0.125,0.758541,0.513603
ppo,0,8,46,8.29931,8.2331,-10.5161,5.13485,2.22911,-2.82346,10.2586,0.125,0.907938,0.513603
ppo,0,8,47,8.47771,8.46014,-10.7623,5.08767,2.21186,-2.84689,10.639,0.125,0.922954,0.513603
ppo,0,8,48,8.67112,8.669,-11.0125,5.04415,2.19769,-2.87099,11.0144,0.125,0.474028,0.513603
ppo,0,8,49,8.86619,8.86008,-11.2732,4.99892,2.18175,-2.89587,11.3901,0.125,0.532795,0.513603
ppo,0,8,50,9.05201,9.03951,-11.553,4.95356,2.16861,-2.92145,11.769,0.125,0.728785,0.513603
ppo,0,8,51,9.2164,9.21844,-11.8516,4.90865,2.15702,-2.94792,12.153,0.125,0.490705,0.513603
ppo,0,8,52,9.36218,9.41455,-12.1579,4.86676,2.14352,-2.97588,12.5454,0.125,0.683732,0.513603
ppo,0,8,53,9.49924,9.63447,-12.4525,4.82701,2.12836,-3.00294,12.9408,0.125,1.34551,0.513603
ppo,0,8,54,9.64782,9.86904,-12.728,4.78708,2.11105,-3.03093,13.3359,0.125,2.26094,0.513603
ppo,0,8,55,9.81536,10.0995,-12.989,4.74849,2.09138,-3.05738,13.7273,0.125,1.06865,0.513603
ppo,0,8,56,9.99449,10.3165,-13.2482,4.70884,2.06852,-3.08155,14.1184,0.125,3.23328,0.513603
ppo,0,8,57,10.1765,10.5177,-13.5159,4.67404,2.04658,-3.10465,14.5063,0.125,1.74838,0.513603
ppo,0,8,58,10.3562,10.7106,-13.8,4.64276,2.02361,-3.12841,14.8993,0.125,1.79711,0.513603
ppo,0,8,59,10.5302,10.9029,-14.1019,4.60965,1.9994,-3.1578,15.3003,0.125,0.772235,0.513603
ppo,0,8,60,10.6942,11.1074,-14.4157,4.57484,1.97612,-3.18738,15.7131,0.125,1.21681,0.513603
ppo,0,8,61,10.8524,11.3363,-14.7273,4.5431,1.95209,-3.21926,16.134,0.125,1.87514,0.513603
ppo,0,8,62,11.0187,11.5857,-15.0259,4.51077,1.932,-3.25293,16.5575,0.125,2.08767,0.513603
ppo,0,8,63,11.2049,11.8417,-15.3137,4.47872,1.91063,-3.28727,16.9853,0.125,2.23416,0.513603
ppo,0,8,64,11.4127,12.0896,-15.5969,4.44893,1.8886,-3.32329,17.4125,0.125,1.53222,0.513603
ppo,0,8,65,11.6321,12.3172,-15.8898,4.42032,1.86698,-3.36149,17.8375,0.125,0.840706,0.513603
ppo,0,8,66,11.8465,12.5364,-16.2045,4.39407,1.8438,-3.39808,18.2723,0.125,1.13254,0.513603
ppo,0,8,67,12.0442,12.7615,-16.5375,4.36868,1.81735,-3.43561,18.7176,0.125,2.22201,0.513603
ppo,0,8,68,12.2305,13.0064,-16.8689,4.34699,1.78571,-3.47139,19.1715,0.125,1.18468,0.513603
ppo,0,8,69,12.4257,13.2698,-17.1858,4.32408,1.75137,-3.50634,19.6325,0.125,3.58374,0.513603
ppo,0,8,70,12.641,13.5343,-17.4853,4.30322,1.72182,-3.54493,20.0845,0.125,2.28842,0.513603
ppo,0,8,71,12.8774,13.7828,-17.7827,4.28278,1.6935,-3.5834,20.5338,0.125,1.86225,0.513603
ppo,0,8,72,13.115,14.0193,-18.0959,4.26932,1.66643,-3.62382,20.9829,0.125,2.68894,0.513603
ppo,0,8,73,13.3424,14.2537,-18.4262,4.25701,1.6383,-3.66554,21.4376,0.125,1.26031,0.513603
ppo,0,8,74,13.5622,14.5023,-18.765,4.24455,1.60704,-3.70697,21.9055,0.125,1.64955,0.513603
ppo,0,8,75,13.7814,14.7693,-19.1002,4.23494,1.57453,-3.74716,22.382,0.125,3.68659,0.513603
ppo,0,8,76,14.0164,15.0463,-19.4278,4.22622,1.54403,-3.78421,22.8666,0.125,2.95175,0.513603
ppo,0,8,77,14.2725,15.3164,-19.7521,4.21915,1.51537,-3.81602,23.3559,0.125,1.44906,0.513603
ppo,0,8,78,14.535,15.5701,-20.0866,4.2149,1.48497,-3.84904,23.8443,0.125,2.40688,0.513603
ppo,0,8,79,14.7889,15.8226,-20.4426,4.20948,1.4542,-3.88434,24.3423,0.125,6.14027,0.513603
ppo,0,8,80,15.0339,16.0912,-20.8103,4.20731,1.42116,-3.92044,24.8534,0.125,5.93014,0.513603
ppo,0,8,81,15.2825,16.3859,-21.1672,4.21,1.3867,-3.95206,25.3759,0.125,4.11709,0.513603
ppo,0,8,82,15.5502,16.6807,-21.5126,4.21442,1.34995,-3.98749,25.8971,0.125,3.49553,0.513603
ppo,0,8,83,15.833,16.9627,-21.8623,4.22146,1.31513,-4.02433,26.4172,0.125,1.49498,0.513603
ppo,0,8,84,16.1124,17.236,-22.2346,4.23021,1.27931,-4.05824,26.9477,0.125,6.4898,0.513603
ppo,0,8,85,16.386,17.5143,-22.6215,4.24457,1.24499,-4.09167,27.4856,0.125,4.27951,0.513603
ppo,0,8,86,16.655,17.8123,-23.0069,4.26366,1.20884,-4.12224,28.033,0.125,4.60063,0.513603
ppo,0,8,87,16.9381,18.1224,-23.3838,4.28269,1.17114,-4.15415,28.5882,0.125,2.26037,0.513603
ppo,0,8,88,17.243,18.4249,-23.763,4.30104,1.13325,-4.18489,29.1513,0.125,2.78943,0.513603
ppo,0,8,89,17.5467,18.7118,-24.1621,4.32032,1.09452,-4.21029,29.7217,0.125,1.45607,0.513603
ppo,0,8,90,17.8385,19.0062,-24.5803,4.34016,1.05365,-4.23051,30.3087,0.125,7.10783,0.513603
ppo,0,8,91,18.1286,19.3247,-24.9963,4.36299,1.01244,-4.24652,30.9093,0.125,2.09573,0.513603
ppo,0,8,92,18.4404,19.6487,-25.3993,4.38763,0.969065,-4.25991,31.5164,0.125,4.34458,0.513603
ppo,0,8,93,18.7683,19.9586,-25.802,4.4125,0.923156,-4.27012,32.1257,0.125,10.2711,0.513603
ppo,0,8,94,19.0967,20.2595,-26.2246,4.4384,0.877452,-4.27905,32.7435,0.125,4.72759,0.513603
ppo,0,8,95,19.4219,20.574,-26.6611,4.46224,0.833449,-4.28643,33.3783,0.125,3.07615,0.513603
ppo,0,8,96,19.7494,20.9085,-27.0953,4.48865,0.791502,-4.28916,34.0251,0.125,5.55159,0.513603
ppo,0,8,97,20.0983,21.2492,-27.5218,4.51504,0.747518,-4.28826,34.6837,0.125,5.02946,0.513603
ppo,0,8,98,20.4637,21.576,-27.9593,4.54672,0.707396,-4.28306,35.347,0.125,2.19859,0.513603
ppo,0,8,99,20.8221,21.9001,-28.4178,4.57714,0.670163,-4.27608,36.0198,0.125,6.7047,0.513603
ppo,0,8,100,21.1738,22.2426,-28.8792,4.60921,0.635335,-4.26624,36.7023,0.125,6.45716,0.513603
ppo,0,8,101,21.5436,22.5939,-29.3292,4.64194,0.605997,-4.25638,37.3869,0.125,6.481,0.513603
ppo,0,8,102,21.9294,22.9367,-29.7817,4.67315,0.577433,-4.24625,38.0759,0.125,11.7797,0.513603
ppo,0,8,103,22.3152,23.2737,-30.2543,4.70226,0.548006,-4.23537,38.777,0.125,3.68944,0.513603
ppo,0,8,104,22.6969,23.6266,-30.7381,4.72998,0.521211,-4.22297,39.4933,0.125,4.81212,0.513603
ppo,0,8,105,23.088,23.9955,-31.2138,4.76137,0.492478,-4.20936,40.2181,0.125,12.4883,0.513603
ppo,0,8,106,23.4979,24.3584,-31.6885,4.79172,0.462516,-4.18923,40.953,0.125,3.95091,0.513603
ppo,0,8,107,23.9092,24.7156,-32.1775,4.82319,0.434023,-4.16471,41.6963,0.125,19.7939,0.513603
ppo,0,8,108,24.3091,25.0879,-32.6787,4.85197,0.406045,-4.13951,42.4531,0.125,17.9362,0.513603
ppo,0,8,109,24.7163,25.4807,-33.1718,4.87683,0.378605,-4.11084,43.2233,0.125,10.7416,0.513603
ppo,0,8,110,25.1393,25.8652,-33.66,4.90142,0.355086,-4.07993,43.9922,0.125,9.0815,0.513603
ppo,0,8,111,25.563,26.2388,-34.1679,4.92567,0.33134,-4.04798,44.7695,0.125,3.05752,0.513603
ppo,0,8,112,25.9758,26.6277,-34.6873,4.95145,0.308183,-4.01572,45.5575,0.125,5.24232,0.513603
ppo,0,8,113,26.3998,27.0315,-35.1992,4.97473,0.287424,-3.98403,46.3537,0.125,10.1084,0.513603
ppo,0,8,114,26.8421,27.4295,-35.713,4.99704,0.269793,-3.95314,47.1545,0.125,7.59906,0.513603
ppo,0,8,115,27.2839,27.8215,-36.2457,5.01867,0.251227,-3.91925,47.9673,0.125,15.1304,0.513603
ppo,0,8,116,27.7224,28.2347,-36.7833,5.04074,0.23714,-3.88425,48.7921,0.125,3.9406,0.513603
ppo,0,8,117,28.1775,28.6527,-37.3118,5.06353,0.228089,-3.84697,49.6197,0.125,13.2956,0.513603
ppo,0,8,118,28.6464,29.0552,-37.8484,5.08647,0.218847,-3.81339,50.4479,0.125,3.90853,0.513603
ppo,0,8,119,29.1066,29.4589,-38.4063,5.10793,0.212855,-3.77581,51.2888,0.125,19.01,0.513603
ppo,0,8,120,29.5693,29.8843,-38.9679,5.13,0.209167,-3.73565,52.146,0.125,6.38632,0.513603
ppo,0,8,121,30.0553,30.3086,-39.5249,5.15221,0.209172,-3.69554,53.0083,0.125,16.8083,0.513603
ppo,0,8,122,30.545,30.7215,-40.0999,5.17361,0.207791,-3.65577,53.8792,0.125,4.98385,0.513603
ppo,0,8,123,31.0257,31.1494,-40.688,5.19809,0.208055,-3.61559,54.7613,0.125,10.1306,0.513603
ppo,0,8,124,31.5215,31.5875,-41.2675,5.22015,0.211657,-3.57465,55.6503,0.125,4.03214,0.513603
ppo,0,8,125,32.0335,32.0112,-41.8534,5.24206,0.219411,-3.53424,56.5407,0.125,15.4924,0.513603
ppo,0,8,126,32.5385,32.4374,-42.4611,5.2617,0.229665,-3.49553,57.4428,0.125,18.8847,0.513603
ppo,0,8,127,33.0475,32.8818,-43.0605,5.27805,0.23713,-3.45797,58.3539,0.125,12.2322,0.513603
ppo,0,8,128,33.5753,33.3177,-43.6599,5.29212,0.247331,-3.41847,59.2703,0.125,25.3379,0.513603
ppo,0,8,129,34.0998,33.7474,-44.2804,5.30206,0.261122,-3.37987,60.1955,0.125,18.3641,0.513603
ppo,0,8,130,34.6238,34.2002,-44.9036,5.3115,0.273074,-3.33718,61.1394,0.125,10.3753,0.513603
ppo,0,8,131,35.1671,34.6518,-45.5167,5.31727,0.282581,-3.29349,62.089,0.125,9.77043,0.513603
ppo,0,8,132,35.7142,35.0924,-46.1486,5.32361,0.294548,-3.25119,63.045,0.125,30.4792,0.513603
ppo,0,8,133,36.2535,35.549,-46.791,5.3303,0.306708,-3.20882,64.013,0.125,6.31997,0.513603
ppo,0,8,134,36.8087,36.0147,-47.4205,5.33541,0.320349,-3.16943,64.9832,0.125,19.0546,0.513603
ppo,0,8,135,37.3739,36.4672,-48.0622,5.33551,0.337097,-3.12967,65.9604,0.125,5.67202,0.513603
ppo,0,8,136,37.9323,36.9386,-48.7175,5.33234,0.352754,-3.09422,66.9535,0.125,3.94744,0.513603
ppo,0,8,137,38.5065,37.4246,-49.3606,5.32512,0.371306,-3.058,67.955,0.125,18.1807,0.513603
ppo,0,8,138,39.0925,37.8983,-50.0159,5.3155,0.390579,-3.02042,68.9659,0.125,19.5448,0.513603
ppo,0,8,139,39.6714,38.385,-50.6845,5.30076,0.414182,-2.98298,69.9897,0.125,2.89737,0.513603
ppo,0,8,140,40.2635,38.8812,-51.3449,5.28449,0.437341,-2.94596,71.0205,0.125,17.3864,0.513603
ppo,0,8,141,40.8654,39.363,-52.0164,5.26467,0.45944,-2.91016,72.0578,0.125,13.0021,0.513603
ppo,0,8,142,41.4572,39.8564,-52.7016,5.24067,0.485548,-2.87545,73.1051,0.125,15.5471,0.513603
ppo,0,8,143,42.0672,40.3631,-53.3728,5.2136,0.515515,-2.84248,74.1575,0.125,18.5853,0.513603
ppo,0,8,144,42.6863,40.8542,-54.0575,5.18612,0.546376,-2.8133,75.2127,0.125,13.0352,0.513603
ppo,0,8,145,43.2959,41.3604,-54.7568,5.15715,0.576677,-2.7856,76.2816,0.125,7.82427,0.513603
ppo,0,8,146,43.9213,41.8699,-55.4424,5.13104,0.605565,-2.75938,77.3494,0.125,15.9771,0.513603
ppo,0,8,147,44.5537,42.3654,-56.1467,5.1028,0.635895,-2.737,78.424,0.125,16.6435,0.513603
ppo,0,8,148,45.1738,42.8827,-56.8571,5.07184,0.668364,-2.71868,79.5059,0.125,35.9999,0.513603
ppo,0,8,149,45.8137,43.3982,-57.5564,5.03619,0.703439,-2.70238,80.5892,0.125,34.2726,0.513603
ppo,0,8,150,46.4501,43.9022,-58.2753,4.99661,0.736033,-2.69103,81.6781,0.125,25.6146,0.513603
ppo,0,8,151,47.0846,44.4217,-58.991,4.95622,0.768445,-2.67839,82.7738,0.125,26.328,0.513603
ppo,0,8,152,47.7387,44.9332,-59.7036,4.91752,0.798602,-2.66803,83.8723,0.125,50.4463,0.513603
ppo,0,8,153,48.3827,45.4476,-60.4368,4.87606,0.829593,-2.66016,84.9808,0.125,7.48814,0.513603
ppo,0,8,154,49.0345,45.9828,-61.1598,4.8344,0.858212,-2.65498,86.097,0.125,42.8061,0.513603
ppo,0,8,155,49.7017,46.5031,-61.8872,4.79339,0.886133,-2.64869,87.2173,0.125,16.2929,0.513603
ppo,0,8,156,50.3587,47.0371,-62.6235,4.75229,0.914712,-2.64698,88.3426,0.125,37.8938,0.513603
ppo,0,8,157,51.0351,47.5813,-63.3449,4.7077,0.943063,-2.64906,89.4725,0.125,16.156,0.513603
ppo,0,8,158,51.7095,48.1121,-64.0807,4.66546,0.970134,-2.64869,90.6057,0.125,19.8294,0.513603
ppo,0,8,159,52.3786,48.6642,-64.8183,4.62099,0.998248,-2.65339,91.7459,0.125,35.6064,0.513603
ppo,0,8,160,53.0691,49.2032,-65.55,4.57626,1.02403,-2.65968,92.8869,0.125,15.1498,0.513603
ppo,0,8,161,53.7489,49.7473,-66.3033,4.53206,1.05034,-2.66995,94.0367,0.125,31.8968,0.513603
ppo,0,8,162,54.4371,50.3085,-67.0406,4.49008,1.0752,-2.68114,95.1881,0.125,27.9317,0.513603
ppo,0,8,163,55.1374,50.8561,-67.7907,4.44952,1.09969,-2.6932,96.3465,0.125,58.8335,0.513603
ppo,0,8,164,55.8271,51.422,-68.5481,4.41067,1.12394,-2.70537,97.5131,0.125,12.2136,0.513603
ppo,0,8,165,56.5367,51.9804,-69.2965,4.37433,1.15056,-2.72397,98.6736,0.125,18.3833,0.513603
ppo,0,8,166,57.2317,52.5377,-70.0649,4.33563,1.17482,-2.74236,99.8422,0.125,13.5397,0.513603
ppo,0,8,167,57.9344,53.1095,-70.8193,4.29662,1.19918,-2.76299,101.012,0.125,38.3892,0.513603
ppo,0,8,168,58.641,53.6638,-71.5854,4.25985,1.22208,-2.78811,102.179,0.125,59.9367,0.513603
ppo,0,8,169,59.3368,54.2367,-72.3542,4.22415,1.24415,-2.81822,103.348,0.125,62.4428,0.513603
ppo,0,8,170,60.048,54.7999,-73.117,4.19049,1.26418,-2.85319,104.514,0.125,62.2116,0.513603
ppo,0,8,171,60.7521,55.3684,-73.8988,4.15582,1.28422,-2.89286,105.689,0.125,17.7565,0.513603
ppo,0,8,172,61.4671,55.9463,-74.6673,4.12431,1.30324,-2.93211,106.864,0.125,46.2469,0.513603
ppo,0,8,173,62.1798,56.5082,-75.4546,4.09313,1.3203,-2.9753,108.042,0.125,84.3056,0.513603
ppo,0,8,174,62.8938,57.0932,-76.2374,4.06292,1.33595,-3.01924,109.228,0.125,25.1105,0.513603
ppo,0,8,175,63.6212,57.6582,-77.0231,4.03374,1.34994,-3.06796,110.411,0.125,20.8068,0.513603
ppo,0,8,176,64.335,58.2366,-77.8153,4.00523,1.3588,-3.12004,111.598,0.125,23.4289,0.513603
ppo,0,8,177,65.0711,58.8114,-78.5946,3.98007,1.37005,-3.17507,112.782,0.125,61.1703,0.513603
ppo,0,8,178,65.7962,59.3901,-79.3953,3.95798,1.37819,-3.23439,113.973,0.125,57.9493,0.513603
ppo,0,8,179,66.5364,59.9773,-80.1796,3.93965,1.38623,-3.29777,115.161,0.125,67.3544,0.513603
ppo,0,8,180,67.2742,60.5501,-80.9804,3.92284,1.39446,-3.36457,116.349,0.125,81.9652,0.513603
ppo,0,8,181,68.0153,61.1438,-81.7765,3.91049,1.40125,-3.42971,117.545,0.125,30.7367,0.513603
ppo,0,8,182,68.7642,61.7213,-82.5833,3.90204,1.40657,-3.49477,118.743,0.125,27.9074,0.513603
ppo,0,8,183,69.5035,62.3213,-83.3946,3.90102,1.40883,-3.56318,119.946,0.125,54.7101,0.513603
ppo,0,8,184,70.2611,62.9077,-84.2015,3.90442,1.40763,-3.62975,121.15,0.125,56.7074,0.513603
ppo,0,8,185,71.0013,63.5123,-85.0224,3.91146,1.40611,-3.6957,122.361,0.125,4.35689,0.513603
ppo,0,8,186,71.7613,64.1111,-85.8286,3.92074,1.4047,-3.75762,123.572,0.125,55.5813,0.513603
ppo,0,8,187,72.5068,64.7138,-86.6512,3.93251,1.40198,-3.81857,124.788,0.125,145.938,0.513603
ppo,0,8,188,73.2708,65.3268,-87.4725,3.94708,1.39822,-3.87454,126.021,0.125,72.126,0.513603
ppo,0,8,189,74.0275,65.9352,-88.3186,3.96458,1.39383,-3.93296,127.261,0.125,51.7989,0.513603
ppo,0,8,190,74.7946,66.5577,-89.1531,3.98027,1.38885,-3.99376,128.506,0.125,17.0246,0.513603
ppo,0,8,191,75.5606,67.1647,-90.005,3.99826,1.37854,-4.05271,129.757,0.125,62.0014,0.513603
ppo,0,8,192,76.3302,67.7932,-90.843,4.01873,1.36683,-4.10696,131.014,0.125,43.4493,0.513603
ppo,0,8,193,77.1038,68.4007,-91.6974,4.04238,1.35289,-4.15831,132.274,0.125,80.5975,0.513603
ppo,0,8,194,77.8784,69.0309,-92.5471,4.06863,1.33827,-4.20601,133.545,0.125,100.373,0.513603
ppo,0,8,195,78.6583,69.6403,-93.4044,4.0979,1.31952,-4.24903,134.817,0.125,95.429,0.513603
ppo,0,8,196,79.436,70.2719,-94.257,4.13166,1.30277,-4.29108,136.093,0.125,58.7609,0.513603
ppo,0,8,197,80.2251,70.8804,-95.1128,4.16895,1.28236,-4.33254,137.366,0.125,40.5604,0.513603
ppo,0,8,198,81.0083,71.511,-95.969,4.20901,1.26534,-4.37131,138.646,0.125,65.6544,0.513603
ppo,0,8,199,81.8063,72.1218,-96.8235,4.25149,1.24835,-4.40522,139.925,0.125,70.8064,0.513603
ppo,0,8,200,82.5889,72.7547,-97.6815,4.29238,1.22993,-4.43815,141.211,0.125,43.6804,0.513603
ppo,0,8,201,83.3817,73.368,-98.5407,4.33928,1.21123,-4.47028,142.491,0.125,94.0783,0.513603
ppo,0,8,202,84.1613,74.0052,-99.4066,4.38778,1.19508,-4.50101,143.778,0.125,123.459,0.513603
ppo,0,8,203,84.964,74.634,-100.268,4.44084,1.17875,-4.53107,145.07,0.125,60.8995,0.513603
ppo,0,8,204,85.7547,75.2816,-101.133,4.49188,1.16196,-4.55676,146.371,0.125,155.279,0.513603
ppo,0,8,205,86.5668,75.917,-102,4.53885,1.14844,-4.57838,147.682,0.125,72.5355,0.513603
ppo,0,8,206,87.3678,76.5773,-102.866,4.58642,1.13912,-4.59965,148.997,0.125,71.0989,0.513603
ppo,0,8,207,88.174,77.2186,-103.734,4.63344,1.12941,-4.62191,150.305,0.125,104.184,0.513603
ppo,0,8,208,88.9743,77.8818,-104.601,4.68332,1.11878,-4.64186,151.622,0.125,55.5889,0.513603
ppo,0,8,209,89.7856,78.5251,-105.479,4.73542,1.11232,-4.65764,152.942,0.125,156.159,0.513603
ppo,0,8,210,90.5898,79.1921,-106.364,4.78823,1.1053,-4.67364,154.274,0.125,187.975,0.513603
ppo,0,8,211,91.3937,79.8407,-107.265,4.84098,1.10216,-4.68736,155.606,0.125,56.653,0.513603
ppo,0,8,212,92.1936,80.512,-108.154,4.89463,1.09769,-4.69701,156.943,0.125,187.479,0.513603
ppo,0,8,213,92.9996,81.1675,-109.062,4.9502,1.09578,-4.70146,158.289,0.125,107.267,0.513603
ppo,0,8,214,93.8075,81.8448,-109.964,5.00448,1.09112,-4.70264,159.647,0.125,111.618,0.513603
ppo,0,8,215,94.6101,82.5029,-110.884,5.05492,1.0861,-4.70089,161.008,0.125,191.69,0.513603
ppo,0,8,216,95.4239,83.1823,-111.801,5.10126,1.08302,-4.69525,162.389,0.125,85.3326,0.513603
ppo,0,8,217,96.2263,83.8546,-112.738,5.14615,1.08467,-4.68484,163.774,0.125,152.122,0.513603
ppo,0,8,218,97.0499,84.5273,-113.662,5.19095,1.0901,-4.67251,165.162,0.125,25.3727,0.513603
ppo,0,8,219,97.8543,85.21,-114.6,5.23726,1.09769,-4.65823,166.553,0.125,78.9634,0.513603
ppo,0,8,220,98.6774,85.8826,-115.522,5.28406,1.10609,-4.64283,167.939,0.125,7.98748,0.513603
ppo,0,8,221,99.4827,86.5712,-116.451,5.33283,1.11575,-4.62529,169.327,0.125,42.6383,0.513603
ppo,0,8,222,100.304,87.2375,-117.382,5.38361,1.12142,-4.60554,170.717,0.125,127.843,0.513603
ppo,0,8,223,101.122,87.9231,-118.305,5.432,1.12959,-4.58446,172.11,0.125,85.9771,0.513603
ppo,0,8,224,101.941,88.5911,-119.238,5.47709,1.14044,-4.55927,173.505,0.125,116.992,0.513603
ppo,0,8,225,102.766,89.2843,-120.161,5.52336,1.14441,-4.53078,174.915,0.125,77.1622,0.513603
ppo,0,8,226,103.579,89.9661,-121.103,5.5698,1.15272,-4.49838,176.324,0.125,110.894,0.513603
ppo,0,8,227,104.414,90.6555,-122.03,5.61421,1.16273,-4.46614,177.741,0.125,138.901,0.513603
ppo,0,8,228,105.24,91.3454,-122.982,5.65169,1.17782,-4.43193,179.171,0.125,75.5582,0.513603
ppo,0,8,229,106.086,92.0245,-123.924,5.68434,1.19576,-4.39294,180.605,0.125,195.724,0.513603
ppo,0,8,230,106.925,92.7238,-124.871,5.71592,1.2128,-4.35166,182.051,0.125,99.8823,0.513603
ppo,0,8,231,107.77,93.4028,-125.823,5.7483,1.23604,-4.31054,183.489,0.125,127.21,0.513603
ppo,0,8,232,108.615,94.1076,-126.769,5.77937,1.26264,-4.27312,184.934,0.125,117.941,0.513603
ppo,0,8,233,109.448,94.8012,-127.737,5.80801,1.2897,-4.23559,186.382,0.125,119.173,0.513603
ppo,0,8,234,110.292,95.4992,-128.689,5.83504,1.32105,-4.19661,187.827,0.125,225.931,0.513603
ppo,0,8,235,111.122,96.2129,-129.653,5.85862,1.3553,-4.15716,189.282,0.125,142.981,0.513603
ppo,0,8,236,111.974,96.9215,-130.611,5.88309,1.39326,-4.11527,190.741,0.125,139.153,0.513603
ppo,0,8,237,112.824,97.6494,-131.557,5.9034,1.43223,-4.0743,192.202,0.125,110.863,0.513603
ppo,0,8,238,113.673,98.3563,-132.518,5.92198,1.47064,-4.03534,193.662,0.125,144.959,0.513603
ppo,0,8,239,114.538,99.0712,-133.461,5.94084,1.50815,-3.99836,195.122,0.125,145.063,0.513603
ppo,0,8,240,115.38,99.7975,-134.418,5.9608,1.54378,-3.96223,196.583,0.125,168.495,0.513603
ppo,0,8,241,116.25,100.524,-135.369,5.9805,1.58388,-3.92867,198.054,0.125,185.147,0.513603
ppo,0,8,242,117.114,101.271,-136.331,6.00095,1.6266,-3.8948,199.535,0.125,193.69,0.513603
ppo,0,8,243,117.991,101.999,-137.305,6.02025,1.66941,-3.85998,201.025,0.125,79.9313,0.513603
ppo,0,8,244,118.886,102.733,-138.261,6.03717,1.71359,-3.82272,202.518,0.125,162.955,0.513603
ppo,0,8,245,119.767,103.479,-139.225,6.05089,1.7601,-3.78441,204.015,0.125,158.822,0.513603
ppo,0,8,246,120.665,104.204,-140.188,6.06453,1.80803,-3.74998,205.508,0.125,211.236,0.513603
ppo,0,8,247,121.563,104.946,-141.133,6.07845,1.85765,-3.71334,206.998,0.125,80.5208,0.513603
ppo,0,8,248,122.451,105.68,-142.095,6.08654,1.90684,-3.68045,208.49,0.125,46.1207,0.513603
ppo,0,8,249,123.361,106.404,-143.04,6.09306,1.95883,-3.6468,209.978,0.125,89.8745,0.513603
ppo,0,8,250,124.262,107.146,-143.983,6.09626,2.01498,-3.61529,211.468,0.125,147.097,0.513603
ppo,0,8,251,125.163,107.87,-144.939,6.09886,2.07238,-3.58568,212.956,0.125,62.1401,0.513603
ppo,0,8,252,126.079,108.599,-145.879,6.10179,2.12779,-3.55517,214.446,0.125,44.0149,0.513603
ppo,0,8,253,126.975,109.338,-146.83,6.10169,2.18212,-3.52487,215.938,0.125,133.259,0.513603
ppo,0,8,254,127.886,110.054,-147.78,6.09766,2.23877,-3.49648,217.427,0.125,184.732,0.513603
ppo,0,8,255,128.801,110.792,-148.723,6.09085,2.296,-3.47131,218.923,0.125,89.2578,0.513603
ppo,0,8,256,129.705,111.532,-149.683,6.08422,2.3546,-3.4493,220.423,0.125,193.062,0.513603
ppo,0,8,257,130.624,112.249,-150.642,6.08132,2.41291,-3.42902,221.916,0.125,150.246,0.513603
ppo,0,8,258,131.547,112.984,-151.589,6.07818,2.46912,-3.40993,223.412,0.125,116.076,0.513603
ppo,0,8,259,132.458,113.706,-152.556,6.07557,2.52391,-3.39361,224.908,0.125,44.0341,0.513603
ppo,0,8,260,133.389,114.417,-153.511,6.07088,2.57474,-3.37642,226.404,0.125,135.873,0.513603
ppo,0,8,261,134.313,115.153,-154.465,6.06522,2.62663,-3.36212,227.907,0.125,162.043,0.513603
ppo,0,8,262,135.229,115.879,-155.436,6.06098,2.68042,-3.35004,229.409,0.125,49.3802,0.513603
ppo,0,8,263,136.163,116.598,-156.392,6.05505,2.73176,-3.33913,230.908,0.125,187.838,0.513603
ppo,0,8,264,137.09,117.335,-157.347,6.05028,2.78456,-3.32734,232.412,0.125,239.702,0.513603
ppo,0,8,265,138.015,118.059,-158.321,6.04298,2.83677,-3.31782,233.921,0.125,240.541,0.513603
ppo,0,8,266,138.96,118.767,-159.285,6.03596,2.88761,-3.31071,235.425,0.125,153.536,0.513603
ppo,0,8,267,139.904,119.495,-160.246,6.0277,2.93944,-3.30519,236.935,0.125,112.045,0.513603
ppo,0,8,268,140.834,120.207,-161.225,6.01952,2.99169,-3.30238,238.44,0.125,177.32,0.513603
ppo,0,8,269,141.785,120.91,-162.19,6.01371,3.04359,-3.29967,239.943,0.125,199.905,0.513603
ppo,0,8,270,142.741,121.631,-163.143,6.00407,3.09467,-3.30093,241.448,0.125,264.413,0.513603
ppo,0,8,271,143.685,122.341,-164.118,5.99254,3.14607,-3.30247,242.957,0.125,257.266,0.513603
ppo,0,8,272,144.653,123.043,-165.083,5.97788,3.19865,-3.30678,244.468,0.125,251.385,0.513603
ppo,0,8,273,145.623,123.764,-166.034,5.96403,3.25399,-3.31325,245.978,0.125,122.917,0.513603
ppo,0,8,274,146.573,124.483,-167.003,5.94955,3.30791,-3.32244,247.487,0.125,174.436,0.513603
ppo,0,8,275,147.539,125.18,-167.968,5.93647,3.35729,-3.33382,248.991,0.125,270.136,0.513603
ppo,0,8,276,148.509,125.889,-168.912,5.92336,3.40604,-3.34496,250.49,0.125,186.514,0.513603
ppo,0,8,277,149.458,126.613,-169.869,5.90737,3.45271,-3.3588,251.994,0.125,139.123,0.513603
ppo,0,8,278,150.406,127.318,-170.843,5.89134,3.49738,-3.37559,253.498,0.125,71.7327,0.513603
ppo,0,8,279,151.371,128.026,-171.793,5.87434,3.54292,-3.39317,254.998,0.125,43.5352,0.513603
ppo,0,8,280,152.32,128.755,-172.743,5.86055,3.58639,-3.41177,256.496,0.125,479.122,0.513603
ppo,0,8,281,153.265,129.488,-173.71,5.84709,3.6293,-3.4271,258.009,0.125,101.795,0.513603
ppo,0,8,282,154.233,130.203,-174.671,5.83696,3.67266,-3.44363,259.519,0.125,263.233,0.513603
ppo,0,8,283,155.209,130.933,-175.611,5.82779,3.71252,-3.46166,261.027,0.125,479.816,0.513603
ppo,0,8,284,156.18,131.678,-176.565,5.8178,3.75004,-3.47634,262.553,0.125,238.273,0.513603
ppo,0,8,285,157.15,132.397,-177.53,5.80809,3.78571,-3.49137,264.073,0.125,203.07,0.513603
ppo,0,8,286,158.138,133.11,-178.475,5.79879,3.81806,-3.50914,265.587,0.125,265.61,0.513603
ppo,0,8,287,159.119,133.843,-179.415,5.79236,3.84912,-3.52714,267.103,0.125,214.778,0.513603
ppo,0,8,288,160.084,134.576,-180.372,5.78678,3.87805,-3.54681,268.62,0.125,321.049,0.513603
ppo,0,8,289,161.064,135.286,-181.326,5.78353,3.90751,-3.56736,270.131,0.125,151.561,0.513603
ppo,0,8,290,162.053,136.01,-182.258,5.7809,3.9353,-3.58928,271.638,0.125,122.027,0.513603
ppo,0,8,291,163.025,136.752,-183.194,5.77852,3.96389,-3.61363,273.145,0.125,399.56,0.513603
ppo,0,8,292,164.012,137.482,-184.146,5.77819,3.98896,-3.6393,274.665,0.125,136.836,0.513603
ppo,0,8,293,165.016,138.19,-185.086,5.78142,4.0103,-3.66358,276.178,0.125,465.159,0.513603
ppo,0,8,294,166.027,138.927,-186.03,5.789,4.03406,-3.6877,277.707,0.125,240.139,0.513603
ppo,0,8,295,167.025,139.678,-186.994,5.79937,4.05733,-3.71053,279.248,0.125,345.256,0.513603
ppo,0,8,296,168.038,140.413,-187.98,5.81022,4.08097,-3.73266,280.805,0.125,267.49,0.513603
ppo,0,8,297,169.078,141.155,-188.957,5.82154,4.10463,-3.75344,282.375,0.125,355.87,0.513603
ppo,0,8,298,170.134,141.901,-189.917,5.8336,4.12812,-3.77297,283.946,0.125,127.901,0.513603
ppo,0,8,299,171.172,142.664,-190.882,5.84454,4.15314,-3.79366,285.518,0.125,106.384,0.513603
ppo,0,9,0,0,0,0,-2.64412,0.455244,-8.44854,8.86434,0.125,1.92104,0.499031
ppo,0,9,1,0.00718074,0.0140818,-0.0215953,-2.62582,0.448185,-8.50194,8.8903,0.125,1.34824,0.499031
ppo,0,9,2,0.0204803,0.0420209,-0.0598743,-2.61062,0.441532,-8.55254,8.89987,0.125,1.51457,0.499031
ppo,0,9,3,0.0435657,0.0828219,-0.116787,-2.5947,0.4316,-8.60158,8.89234,0.125,1.45347,0.499031
ppo,0,9,4,0.0763597,0.132375,-0.193411,-2.58307,0.417506,-8.65076,8.87021,0.125,0.952757,0.499031
ppo,0,9,5,0.114954,0.192161,-0.290336,-2.57155,0.400117,-8.69798,8.82888,0.125,0.488787,0.499031
ppo,0,9,6,0.159735,0.262497,-0.407079,-2.55863,0.381803,-8.74723,8.77279,0.125,1.64034,0.499031
ppo,0,9,7,0.214548,0.341903,-0.543736,-2.54276,0.360701,-8.7957,8.70046,0.125,1.13787,0.499031
ppo,0,9,8,0.273217,0.434841,-0.701839,-2.53226,0.340216,-8.84366,8.61213,0.125,0.682527,0.499031
ppo,0,9,9,0.335711,0.537134,-0.877558,-2.52783,0.31833,-8.88787,8.50958,0.125,1.04444,0.499031
ppo,0,9,10,0.404051,0.652497,-1.07302,-2.524,0.295914,-8.92841,8.39094,0.125,0.978413,0.499031
ppo,0,9,11,0.477985,0.782589,-1.28763,-2.52258,0.271057,-8.96634,8.26001,0.125,0.883775,0.499031
ppo,0,9,12,0.554435,0.926688,-1.51768,-2.52153,0.251076,-9.00272,8.12058,0.125,1.30207,0.499031
ppo,0,9,13,0.633523,1.08699,-1.76072,-2.52456,0.231347,-9.03842,7.97938,0.125,1.29938,0.499031
ppo,0,9,14,0.718575,1.26346,-2.0186,-2.5267,0.208907,-9.07139,7.83491,0.125,1.59697,0.499031
ppo,0,9,15,0.809977,1.46096,-2.29038,-2.53157,0.183914,-9.10346,7.69511,0.125,0.437629,0.499031
ppo,0,9,16,0.912055,1.67505,-2.57128,-2.53804,0.159188,-9.13297,7.56682,0.125,0.686801,0.499031
ppo,0,9,17,1.02129,1.90813,-2.85635,-2.54647,0.132615,-9.15812,7.45611,0.125,0.766738,0.499031
ppo,0,9,18,1.13969,2.15303,-3.14787,-2.55343,0.106434,-9.18215,7.36479,0.125,0.705714,0.499031
ppo,0,9,19,1.27008,2.40303,-3.4424,-2.56373,0.0788565,-9.20489,7.3011,0.125,1.28253,0.499031
ppo,0,9,20,1.41089,2.64935,-3.74255,-2.57816,0.0478207,-9.22266,7.26031,0.125,0.922447,0.499031
ppo,0,9,21,1.55566,2.88624,-4.04705,-2.59392,0.0189109,-9.24043,7.2396,0.125,1.10286,0.499031
ppo,0,9,22,1.70112,3.11417,-4.363,-2.60919,-0.00860672,-9.2583,7.23149,0.125,1.08141,0.499031
ppo,0,9,23,1.84454,3.32657,-4.69205,-2.62405,-0.0351605,-9.27342,7.22901,0.125,0.969422,0.499031
ppo,0,9,24,1.97398,3.52858,-5.0336,-2.64016,-0.0593981,-9.28766,7.22917,0.125,1.09412,0.499031
ppo,0,9,25,2.0832,3.72562,-5.39319,-2.65828,-0.0875666,-9.29926,7.23045,0.125,0.73685,0.499031
ppo,0,9,26,2.17049,3.92152,-5.76626,-2.67583,-0.118292,-9.31221,7.23745,0.125,0.194832,0.499031
ppo,0,9,27,2.23464,4.12291,-6.14566,-2.69066,-0.145829,-9.32323,7.25104,0.125,1.48861,0.499031
ppo,0,9,28,2.28128,4.33834,-6.52109,-2.7055,-0.17332,-9.33454,7.28962,0.125,1.28886,0.499031
ppo,0,9,29,2.31661,4.57095,-6.88213,-2.71858,-0.203236,-9.34321,7.36226,0.125,1.60678,0.499031
ppo,0,9,30,2.35085,4.81324,-7.22384,-2.72945,-0.233687,-9.34827,7.46955,0.125,0.905274,0.499031
ppo,0,9,31,2.39062,5.05927,-7.54831,-2.74185,-0.261128,-9.35283,7.60955,0.125,0.464651,0.499031
ppo,0,9,32,2.44303,5.30168,-7.85419,-2.75439,-0.29175,-9.35844,7.78218,0.125,0.97852,0.499031
ppo,0,9,33,2.50613,5.53478,-8.15155,-2.76607,-0.323451,-9.36226,7.97376,0.125,1.03264,0.499031
ppo,0,9,34,2.57677,5.75319,-8.4532,-2.77431,-0.353542,-9.36385,8.17041,0.125,0.928658,0.499031
ppo,0,9,35,2.6516,5.96065,-8.7637,-2.78193,-0.384171,-9.36508,8.37506,0.125,0.979047,0.499031
ppo,0,9,36,2.72532,6.16337,-9.08794,-2.78972,-0.41726,-9.36426,8.5905,0.125,1.31653,0.499031
ppo,0,9,37,2.79511,6.36597,-9.4278,-2.79408,-0.450211,-9.36124,8.81498,0.125,1.30144,0.499031
ppo,0,9,38,2.85287,6.57036,-9.77561,-2.79517,-0.482954,-9.36052,9.04555,0.125,1.18037,0.499031
ppo,0,9,39,2.89926,6.78623,-10.1298,-2.79724,-0.516845,-9.35892,9.29405,0.125,1.41665,0.499031
ppo,0,9,40,2.93556,7.01414,-10.4868,-2.79914,-0.545867,-9.35754,9.55592,0.125,0.872491,0.499031
ppo,0,9,41,2.97181,7.26041,-10.8444,-2.80363,-0.578224,-9.35533,9.84973,0.125,1.48169,0.499031
ppo,0,9,42,3.01597,7.52502,-11.1987,-2.81278,-0.609872,-9.35408,10.1761,0.125,1.47886,0.499031
ppo,0,9,43,3.07517,7.80104,-11.5516,-2.82388,-0.640371,-9.35231,10.5306,0.125,1.29832,0.499031
ppo,0,9,44,3.15215,8.08333,-11.8986,-2.83269,-0.670933,-9.35348,10.9057,0.125,1.90347,0.499031
ppo,0,9,45,3.24941,8.36591,-12.2406,-2.83859,-0.699578,-9.35133,11.2958,0.125,1.93672,0.499031
ppo,0,9,46,3.36481,8.63723,-12.5855,-2.84539,-0.727645,-9.34562,11.6946,0.125,1.84746,0.499031
ppo,0,9,47,3.48818,8.89212,-12.9451,-2.85423,-0.755633,-9.33764,12.0962,0.125,1.08281,0.499031
ppo,0,9,48,3.60843,9.1371,-13.3294,-2.86405,-0.786104,-9.32577,12.5057,0.125,1.85688,0.499031
ppo,0,9,49,3.712,9.38095,-13.7345,-2.87745,-0.817417,-9.31147,12.9225,0.125,1.93577,0.499031
ppo,0,9,50,3.79235,9.6392,-14.1457,-2.89386,-0.848314,-9.29446,13.3502,0.125,1.27994,0.499031
ppo,0,9,51,3.86317,9.9185,-14.5497,-2.90737,-0.875257,-9.2763,13.7896,0.125,1.764,0.499031
ppo,0,9,52,3.93992,10.2132,-14.9384,-2.91773,-0.902291,-9.25525,14.2436,0.125,1.83253,0.499031
ppo,0,9,53,4.0385,10.5085,-15.3112,-2.92456,-0.926755,-9.233,14.7035,0.125,1.76284,0.499031
ppo,0,9,54,4.15391,10.7942,-15.6811,-2.92887,-0.949037,-9.21172,15.1632,0.125,1.86769,0.499031
ppo,0,9,55,4.27956,11.0643,-16.0606,-2.93597,-0.972409,-9.18791,15.6263,0.125,2.59649,0.499031
ppo,0,9,56,4.40567,11.3244,-16.4576,-2.94388,-0.996714,-9.16161,16.0952,0.125,2.46961,0.499031
ppo,0,9,57,4.52486,11.5833,-16.8764,-2.95207,-1.02055,-9.13497,16.5738,0.125,3.10175,0.499031
ppo,0,9,58,4.63298,11.8547,-17.3062,-2.95925,-1.04216,-9.10824,17.064,0.125,2.56926,0.499031
ppo,0,9,59,4.73321,12.1455,-17.7341,-2.96396,-1.06067,-9.08344,17.5637,0.125,3.31815,0.499031
ppo,0,9,60,4.8353,12.4553,-18.1488,-2.96659,-1.07914,-9.05602,18.0756,0.125,2.57136,0.499031
ppo,0,9,61,4.95482,12.7693,-18.5527,-2.96941,-1.10059,-9.02745,18.5983,0.125,3.46896,0.499031
ppo,0,9,62,5.09457,13.0766,-18.9521,-2.96996,-1.12053,-8.99685,19.1233,0.125,2.37158,0.499031
ppo,0,9,63,5.24923,13.3683,-19.3649,-2.96989,-1.1395,-8.97161,19.6482,0.125,2.02826,0.499031
ppo,0,9,64,5.40165,13.6514,-19.8016,-2.97072,-1.16027,-8.94664,20.182,0.125,1.76348,0.499031
ppo,0,9,65,5.53479,13.9405,-20.2519,-2.96774,-1.17615,-8.91722,20.7191,0.125,2.54166,0.499031
ppo,0,9,66,5.6545,14.2511,-20.6998,-2.96349,-1.19265,-8.88712,21.2678,0.125,2.3569,0.499031
ppo,0,9,67,5.78199,14.5811,-21.1326,-2.95872,-1.20933,-8.85684,21.8273,0.125,4.03917,0.499031
ppo,0,9,68,5.92564,14.9157,-21.5554,-2.95475,-1.22358,-8.82896,22.3898,0.125,3.36911,0.499031
ppo,0,9,69,6.08603,15.237,-21.9816,-2.94936,-1.23693,-8.80136,22.9509,0.125,3.491,0.499031
ppo,0,9,70,6.24682,15.549,-22.4265,-2.94362,-1.24937,-8.77577,23.5158,0.125,4.46757,0.499031
ppo,0,9,71,6.39555,15.8597,-22.8888,-2.93495,-1.26311,-8.74938,24.0868,0.125,4.02758,0.499031
ppo,0,9,72,6.53552,16.1844,-23.3597,-2.92405,-1.27537,-8.71998,24.6708,0.125,2.53236,0.499031
ppo,0,9,73,6.6804,16.5285,-23.826,-2.91126,-1.28647,-8.69104,25.2674,0.125,2.86867,0.499031
ppo,0,9,74,6.84399,16.8825,-24.2812,-2.89643,-1.29549,-8.66406,25.8691,0.125,1.85725,0.499031
ppo,0,9,75,7.02964,17.2276,-24.7369,-2.88086,-1.30461,-8.63627,26.4744,0.125,4.61443,0.499031
ppo,0,9,76,7.22133,17.5596,-25.2104,-2.86499,-1.31161,-8.60873,27.0827,0.125,7.16135,0.499031
ppo,0,9,77,7.3998,17.8954,-25.7022,-2.84537,-1.31881,-8.58122,27.6998,0.125,3.54938,0.499031
ppo,0,9,78,7.56661,18.2515,-26.1987,-2.82654,-1.32523,-8.55792,28.3277,0.125,3.61486,0.499031
ppo,0,9,79,7.74566,18.627,-26.6817,-2.80925,-1.32885,-8.53634,28.9637,0.125,6.70298,0.499031
ppo,0,9,80,7.94084,18.9973,-27.1599,-2.78994,-1.33155,-8.51547,29.5977,0.125,4.46309,0.499031
ppo,0,9,81,8.14989,19.3581,-27.6498,-2.77084,-1.33364,-8.49531,30.2375,0.125,4.16641,0.499031
ppo,0,9,82,8.35601,19.7178,-28.1591,-2.75404,-1.33677,-8.47571,30.8895,0.125,2.91645,0.499031
ppo,0,9,83,8.55106,20.0886,-28.6788,-2.7355,-1.34006,-8.45458,31.553,0.125,6.52014,0.499031
ppo,0,9,84,8.74524,20.4799,-29.1924,-2.72008,-1.34444,-8.43525,32.2275,0.125,1.87149,0.499031
ppo,0,9,85,8.95957,20.8772,-29.6965,-2.70137,-1.34662,-8.41721,32.9041,0.125,3.59958,0.499031
ppo,0,9,86,9.19277,21.265,-30.2124,-2.68375,-1.35029,-8.40192,33.5886,0.125,4.87778,0.499031
ppo,0,9,87,9.41984,21.6473,-30.747,-2.66734,-1.35718,-8.38695,34.2823,0.125,6.99816,0.499031
ppo,0,9,88,9.63305,22.0414,-31.2883,-2.65046,-1.36318,-8.3733,34.9822,0.125,7.44738,0.499031
ppo,0,9,89,9.84578,22.4541,-31.8214,-2.63088,-1.36795,-8.36449,35.6845,0.125,8.1702,0.499031
ppo,0,9,90,10.0783,22.8717,-32.3511,-2.60933,-1.37231,-8.35731,36.393,0.125,3.66214,0.499031
ppo,0,9,91,10.3235,23.2805,-32.8949,-2.58735,-1.37445,-8.35118,37.1073,0.125,5.04649,0.499031
ppo,0,9,92,10.564,23.6916,-33.4557,-2.56483,-1.37832,-8.34554,37.8338,0.125,6.62373,0.499031
ppo,0,9,93,10.7981,24.1238,-34.0203,-2.54175,-1.38261,-8.34235,38.5731,0.125,9.29978,0.499031
ppo,0,9,94,11.0437,24.5703,-34.5789,-2.52059,-1.39176,-8.33813,39.3268,0.125,11.4815,0.499031
ppo,0,9,95,11.3106,25.0142,-35.138,-2.49849,-1.40291,-8.33571,40.0864,0.125,11.9413,0.499031
ppo,0,9,96,11.5788,25.4485,-35.7171,-2.4817,-1.41383,-8.3361,40.8534,0.125,9.32883,0.499031
ppo,0,9,97,11.8315,25.8952,-36.3103,-2.463,-1.42874,-8.34068,41.6321,0.125,8.48691,0.499031
ppo,0,9,98,12.0846,26.3594,-36.8971,-2.44352,-1.44165,-8.34888,42.4142,0.125,9.60668,0.499031
ppo,0,9,99,12.3561,26.823,-37.4775,-2.42052,-1.45307,-8.3622,43.1924,0.125,8.0449,0.499031
ppo,0,9,100,12.6329,27.2751,-38.0719,-2.39839,-1.46365,-8.37441,43.9749,0.125,7.25878,0.499031
ppo,0,9,101,12.8962,27.7332,-38.6868,-2.37589,-1.47139,-8.38268,44.7715,0.125,16.4459,0.499031
ppo,0,9,102,13.1566,28.2141,-39.2992,-2.35345,-1.47871,-8.39028,45.5806,0.125,11.611,0.499031
ppo,0,9,103,13.4332,28.7002,-39.9079,-2.33201,-1.48591,-8.39912,46.3955,0.125,5.85144,0.499031
ppo,0,9,104,13.7244,29.1757,-40.5263,-2.31153,-1.49197,-8.40869,47.2144,0.125,12.6174,0.499031
ppo,0,9,105,14.0063,29.6522,-41.1591,-2.28896,-1.49674,-8.41953,48.0382,0.125,4.88693,0.499031
ppo,0,9,106,14.2798,30.1487,-41.7875,-2.26409,-1.50118,-8.43147,48.8676,0.125,9.32423,0.499031
ppo,0,9,107,14.5738,30.6486,-42.4069,-2.23915,-1.5061,-8.44124,49.7018,0.125,3.76911,0.499031
ppo,0,9,108,14.8781,31.1379,-43.0393,-2.21528,-1.50869,-8.45213,50.5396,0.125,11.7504,0.499031
ppo,0,9,109,15.1683,31.6355,-43.6837,-2.19024,-1.51167,-8.46492,51.385,0.125,11.9471,0.499031
ppo,0,9,110,15.4592,32.1547,-44.3221,-2.16609,-1.51597,-8.47999,52.24,0.125,7.94928,0.499031
ppo,0,9,111,15.7733,32.6703,-44.9548,-2.13777,-1.52042,-8.50042,53.0917,0.125,18.5452,0.499031
ppo,0,9,112,16.0941,33.1798,-45.6079,-2.11228,-1.52584,-8.52246,53.9563,0.125,20.6477,0.499031
ppo,0,9,113,16.4011,33.7007,-46.272,-2.08749,-1.52856,-8.54633,54.8284,0.125,12.6356,0.499031
ppo,0,9,114,16.7149,34.2355,-46.9231,-2.06679,-1.53734,-8.5687,55.7091,0.125,11.7327,0.499031
ppo,0,9,115,17.0521,34.7565,-47.5771,-2.04869,-1.54875,-8.59552,56.5904,0.125,7.49259,0.499031
ppo,0,9,116,17.3819,35.2707,-48.2494,-2.03143,-1.56323,-8.62449,57.4783,0.125,17.6703,0.499031
ppo,0,9,117,17.7048,35.8056,-48.921,-2.01185,-1.58285,-8.6553,58.3778,0.125,10.2709,0.499031
ppo,0,9,118,18.044,36.3471,-49.5834,-1.99681,-1.60282,-8.68922,59.2804,0.125,5.22284,0.499031
ppo,0,9,119,18.3884,36.8791,-50.2584,-1.98478,-1.62297,-8.71917,60.1912,0.125,7.18064,0.499031
ppo,0,9,120,18.7174,37.4197,-50.9444,-1.97674,-1.64633,-8.74493,61.1162,0.125,14.2872,0.499031
ppo,0,9,121,19.0562,37.9794,-51.6177,-1.97068,-1.67525,-8.77165,62.0516,0.125,12.6742,0.499031
ppo,0,9,122,19.4114,38.5311,-52.2941,-1.96597,-1.70335,-8.79854,62.9895,0.125,12.5392,0.499031
ppo,0,9,123,19.7582,39.0828,-52.9873,-1.95931,-1.73238,-8.82618,63.9354,0.125,15.2701,0.499031
ppo,0,9,124,20.1004,39.6567,-53.6785,-1.95215,-1.76045,-8.85284,64.8924,0.125,22.5861,0.499031
ppo,0,9,125,20.4656,40.2319,-54.3675,-1.94771,-1.79144,-8.88299,65.8571,0.125,7.90599,0.499031
ppo,0,9,126,20.8314,40.7983,-55.0776,-1.94619,-1.82079,-8.91014,66.8329,0.125,6.18037,0.499031
ppo,0,9,127,21.1832,41.3797,-55.7878,-1.94615,-1.849,-8.9373,67.8134,0.125,22.3575,0.499031
ppo,0,9,128,21.5532,41.9701,-56.4895,-1.94897,-1.87735,-8.96564,68.8002,0.125,9.17157,0.499031
ppo,0,9,129,21.9305,42.5501,-57.2102,-1.94846,-1.90584,-8.99174,69.7965,0.125,10.7687,0.499031
ppo,0,9,130,22.2939,43.1425,-57.9423,-1.94859,-1.93626,-9.01747,70.8056,0.125,24.6724,0.499031
ppo,0,9,131,22.6723,43.7467,-58.6625,-1.94604,-1.96713,-9.04375,71.8181,0.125,33.4251,0.499031
ppo,0,9,132,23.0616,44.3392,-59.3963,-1.94562,-1.99742,-9.07026,72.8365,0.125,31.3839,0.499031
ppo,0,9,133,23.4393,44.9392,-60.1379,-1.94711,-2.02143,-9.09554,73.8585,0.125,10.3606,0.499031
ppo,0,9,134,23.8274,45.553,-60.8683,-1.94475,-2.04557,-9.11998,74.8847,0.125,9.10511,0.499031
ppo,0,9,135,24.2293,46.1534,-61.6111,-1.94154,-2.06924,-9.14101,75.9174,0.125,28.2641,0.499031
ppo,0,9,136,24.6179,46.769,-62.3678,-1.94085,-2.09371,-9.16196,76.9662,0.125,22.0069,0.499031
ppo,0,9,137,25.0163,47.4016,-63.1144,-1.93912,-2.1167,-9.1833,78.0206,0.125,33.8405,0.499031
ppo,0,9,138,25.4292,48.0252,-63.8723,-1.93669,-2.14182,-9.2002,79.0864,0.125,31.0586,0.499031
ppo,0,9,139,25.8274,48.6567,-64.6429,-1.93141,-2.16426,-9.21465,80.16,0.125,34.6595,0.499031
ppo,0,9,140,26.2404,49.3008,-65.3996,-1.92773,-2.1865,-9.23144,81.2357,0.125,25.7057,0.499031
ppo,0,9,141,26.6617,49.9291,-66.1707,-1.92411,-2.21014,-9.24731,82.316,0.125,12.8927,0.499031
ppo,0,9,142,27.0716,50.5726,-66.9497,-1.92235,-2.23382,-9.26184,83.409,0.125,13.9751,0.499031
ppo,0,9,143,27.4957,51.2253,-67.715,-1.91999,-2.25856,-9.27542,84.5044,0.125,32.7853,0.499031
ppo,0,9,144,27.9277,51.8647,-68.4953,-1.92144,-2.28428,-9.28963,85.6061,0.125,10.6746,0.499031
ppo,0,9,145,28.3468,52.5244,-69.2736,-1.92303,-2.31025,-9.30229,86.7159,0.125,16.5047,0.499031
ppo,0,9,146,28.7841,53.1812,-70.0413,-1.9245,-2.33475,-9.31291,87.8236,0.125,39.3609,0.499031
ppo,0,9,147,29.2172,53.8318,-70.8277,-1.9286,-2.36106,-9.32578,88.9392,0.125,24.8927,0.499031
ppo,0,9,148,29.6482,54.502,-71.6074,-1.93338,-2.38521,-9.33886,90.0607,0.125,23.379,0.499031
ppo,0,9,149,30.1004,55.1627,-72.3888,-1.93745,-2.41219,-9.34944,91.188,0.125,28.5902,0.499031
ppo,0,9,150,30.5412,55.8239,-73.1906,-1.94256,-2.44166,-9.35942,92.3282,0.125,20.1817,0.499031
ppo,0,9,151,30.9885,56.5028,-73.9761,-1.94773,-2.47045,-9.36794,93.4711,0.125,62.5555,0.499031
ppo,0,9,152,31.4483,57.1605,-74.7729,-1.95067,-2.50097,-9.37528,94.6141,0.125,30.682,0.499031
ppo,0,9,153,31.8953,57.8301,-75.5765,-1.95005,-2.53192,-9.38128,95.7648,0.125,43.3475,0.499031
ppo,0,9,154,32.3603,58.5055,-76.3721,-1.94972,-2.56426,-9.38573,96.922,0.125,29.1933,0.499031
ppo,0,9,155,32.8212,59.1728,-77.1845,-1.95176,-2.59519,-9.38865,98.0853,0.125,48.6253,0.499031
ppo,0,9,156,33.2798,59.8601,-77.9921,-1.95295,-2.63028,-9.38865,99.2615,0.125,23.8871,0.499031
ppo,0,9,157,33.7585,60.5348,-78.8019,-1.95338,-2.66522,-9.38784,100.438,0.125,12.3189,0.499031
ppo,0,9,158,34.2243,61.2166,-79.6202,-1.95325,-2.6992,-9.3855,101.622,0.125,20.3784,0.499031
ppo,0,9,159,34.7088,61.9085,-80.4272,-1.95097,-2.73185,-9.38363,102.808,0.125,44.4537,0.499031
ppo,0,9,160,35.1941,62.5905,-81.2571,-1.94608,-2.76039,-9.38209,104.001,0.125,47.017,0.499031
ppo,0,9,161,35.6749,63.2942,-82.0772,-1.94198,-2.78498,-9.37993,105.197,0.125,39.7763,0.499031
ppo,0,9,162,36.1713,63.9837,-82.9063,-1.93707,-2.80912,-9.37515,106.397,0.125,51.3292,0.499031
ppo,0,9,163,36.6517,64.6856,-83.7461,-1.93292,-2.83219,-9.36894,107.608,0.125,19.7501,0.499031
ppo,0,9,164,37.1479,65.3897,-84.5713,-1.9257,-2.85512,-9.35818,108.817,0.125,22.2948,0.499031
ppo,0,9,165,37.6327,66.0864,-85.4144,-1.91865,-2.87836,-9.34863,110.029,0.125,55.2661,0.499031
ppo,0,9,166,38.1138,66.8031,-86.248,-1.9135,-2.89803,-9.33722,111.246,0.125,16.9,0.499031
ppo,0,9,167,38.6077,67.5017,-87.0926,-1.90768,-2.91917,-9.32693,112.464,0.125,11.4444,0.499031
ppo,0,9,168,39.0857,68.2188,-87.9411,-1.89914,-2.93726,-9.31532,113.688,0.125,52.7403,0.499031
ppo,0,9,169,39.582,68.9327,-88.7837,-1.89271,-2.95523,-9.30414,114.913,0.125,142.279,0.499031
ppo,0,9,170,40.0703,69.6476,-89.6433,-1.88285,-2.97456,-9.29535,116.146,0.125,19.7063,0.499031
ppo,0,9,171,40.5711,70.373,-90.4885,-1.87259,-2.99112,-9.28889,117.376,0.125,38.5318,0.499031
ppo,0,9,172,41.0714,71.0835,-91.3528,-1.85998,-3.00497,-9.28044,118.609,0.125,37.2198,0.499031
ppo,0,9,173,41.5694,71.8153,-92.2061,-1.8476,-3.01712,-9.27122,119.846,0.125,12.3434,0.499031
ppo,0,9,174,42.0824,72.5274,-93.067,-1.83425,-3.02777,-9.26249,121.08,0.125,56.3869,0.499031
ppo,0,9,175,42.5764,73.2566,-93.9285,-1.82225,-3.03554,-9.25307,122.318,0.125,19.6906,0.499031
ppo,0,9,176,43.0912,73.9744,-94.781,-1.81514,-3.04141,-9.24366,123.55,0.125,50.8889,0.499031
ppo,0,9,177,43.5915,74.7007,-95.6427,-1.8067,-3.04702,-9.23649,124.787,0.125,16.5806,0.499031
ppo,0,9,178,44.1094,75.4316,-96.4921,-1.80092,-3.05399,-9.22472,126.029,0.125,48.1627,0.499031
ppo,0,9,179,44.6183,76.1617,-97.3598,-1.79197,-3.05889,-9.21195,127.279,0.125,22.8176,0.499031
ppo,0,9,180,45.1369,76.9013,-98.2104,-1.78365,-3.06188,-9.19941,128.525,0.125,47.9511,0.499031
ppo,0,9,181,45.6538,77.6265,-99.0771,-1.77467,-3.06596,-9.18823,129.772,0.125,30.711,0.499031
ppo,0,9,182,46.17,78.3714,-99.9328,-1.7656,-3.06763,-9.17973,131.02,0.125,56.1384,0.499031
ppo,0,9,183,46.6933,79.1009,-100.803,-1.7557,-3.07352,-9.17211,132.273,0.125,69.202,0.499031
ppo,0,9,184,47.2054,79.8531,-101.669,-1.74586,-3.08003,-9.16519,133.533,0.125,56.0284,0.499031
ppo,0,9,185,47.7319,80.5876,-102.542,-1.73642,-3.08649,-9.16045,134.791,0.125,42.0597,0.499031
ppo,0,9,186,48.2425,81.3416,-103.413,-1.72848,-3.09518,-9.15093,136.059,0.125,62.5027,0.499031
ppo,0,9,187,48.7707,82.0812,-104.284,-1.72278,-3.10361,-9.14125,137.325,0.125,71.8281,0.499031
ppo,0,9,188,49.2801,82.8328,-105.164,-1.7198,-3.1127,-9.13212,138.599,0.125,98.6825,0.499031
ppo,0,9,189,49.8105,83.5741,-106.037,-1.71722,-3.11758,-9.12247,139.868,0.125,61.9649,0.499031
ppo,0,9,190,50.3252,84.3267,-106.924,-1.71345,-3.12156,-9.11187,141.147,0.125,97.6417,0.499031
ppo,0,9,191,50.861,85.0744,-107.802,-1.7075,-3.12707,-9.09748,142.427,0.125,37.9288,0.499031
ppo,0,9,192,51.3772,85.8282,-108.693,-1.70305,-3.13382,-9.08005,143.717,0.125,120.651,0.499031
ppo,0,9,193,51.9172,86.5838,-109.569,-1.69596,-3.1409,-9.06328,145.005,0.125,34.3187,0.499031
ppo,0,9,194,52.4402,87.3388,-110.458,-1.68828,-3.14916,-9.0465,146.295,0.125,49.4442,0.499031
ppo,0,9,195,52.983,88.095,-111.335,-1.68163,-3.15792,-9.03131,147.585,0.125,92.8545,0.499031
ppo,0,9,196,53.5089,88.854,-112.227,-1.67307,-3.16893,-9.01772,148.88,0.125,34.859,0.499031
ppo,0,9,197,54.0567,89.6093,-113.104,-1.66611,-3.18104,-9.00206,150.174,0.125,12.4371,0.499031
ppo,0,9,198,54.5857,90.3635,-113.999,-1.65995,-3.19359,-8.98818,151.472,0.125,114.11,0.499031
ppo,0,9,199,55.1319,91.1201,-114.883,-1.65321,-3.20144,-8.97429,152.767,0.125,28.4629,0.499031
ppo,0,9,200,55.6591,91.8819,-115.782,-1.6477,-3.20686,-8.96264,154.066,0.125,102.295,0.499031
ppo,0,9,201,56.2043,92.6445,-116.671,-1.64112,-3.2137,-8.95007,155.366,0.125,51.835,0.499031
ppo,0,9,202,56.7325,93.4132,-117.574,-1.63317,-3.22011,-8.94085,156.67,0.125,61.711,0.499031
ppo,0,9,203,57.279,94.1758,-118.467,-1.62397,-3.22601,-8.92893,157.973,0.125,88.8652,0.499031
ppo,0,9,204,57.8069,94.9506,-119.367,-1.61625,-3.23526,-8.91841,159.281,0.125,142.823,0.499031
ppo,0,9,205,58.3525,95.7115,-120.267,-1.6073,-3.24473,-8.91007,160.586,0.125,194.906,0.499031
ppo,0,9,206,58.8844,96.4882,-121.174,-1.59924,-3.25636,-8.90076,161.903,0.125,63.0688,0.499031
ppo,0,9,207,59.4333,97.2561,-122.08,-1.5901,-3.26588,-8.88791,163.221,0.125,52.8526,0.499031
ppo,0,9,208,59.9642,98.0364,-122.988,-1.58125,-3.27642,-8.87491,164.541,0.125,106.54,0.499031
ppo,0,9,209,60.5137,98.7981,-123.899,-1.57239,-3.28641,-8.85997,165.861,0.125,138.126,0.499031
ppo,0,9,210,61.0505,99.5774,-124.808,-1.56634,-3.29644,-8.84391,167.187,0.125,117.97,0.499031
ppo,0,9,211,61.5938,100.341,-125.735,-1.56107,-3.30617,-8.82598,168.52,0.125,112.622,0.499031
ppo,0,9,212,62.1305,101.129,-126.645,-1.55494,-3.31373,-8.80871,169.851,0.125,160.094,0.499031
ppo,0,9,213,62.6698,101.898,-127.572,-1.54719,-3.3214,-8.79062,171.184,0.125,41.3334,0.499031
ppo,0,9,214,63.2185,102.681,-128.484,-1.54116,-3.32987,-8.77507,172.518,0.125,143.435,0.499031
ppo,0,9,215,63.7499,103.467,-129.412,-1.53271,-3.33644,-8.75871,173.856,0.125,56.9276,0.499031
ppo,0,9,216,64.3006,104.255,-130.323,-1.52335,-3.34387,-8.7401,175.193,0.125,58.4426,0.499031
ppo,0,9,217,64.8352,105.049,-131.249,-1.51411,-3.34725,-8.72212,176.536,0.125,48.6329,0.499031
ppo,0,9,218,65.3908,105.834,-132.168,-1.50635,-3.34835,-8.70414,177.875,0.125,150.15,0.499031
ppo,0,9,219,65.9325,106.64,-133.092,-1.4959,-3.34827,-8.68776,179.222,0.125,61.8991,0.499031
ppo,0,9,220,66.4909,107.426,-134.026,-1.48535,-3.34767,-8.6748,180.567,0.125,93.0038,0.499031
ppo,0,9,221,67.0427,108.229,-134.947,-1.47324,-3.34644,-8.66121,181.911,0.125,140.91,0.499031
ppo,0,9,222,67.5978,109.02,-135.889,-1.46426,-3.34842,-8.65326,183.262,0.125,209.065,0.499031
ppo,0,9,223,68.1574,109.834,-136.824,-1.45388,-3.3497,-8.64723,184.623,0.125,61.9207,0.499031
ppo,0,9,224,68.6975,110.647,-137.778,-1.44078,-3.35185,-8.6437,185.986,0.125,225.34,0.499031
ppo,0,9,225,69.2603,111.471,-138.725,-1.4283,-3.35471,-8.63932,187.361,0.125,143.953,0.499031
ppo,0,9,226,69.8067,112.314,-139.671,-1.41517,-3.35579,-8.63382,188.74,0.125,146.121,0.499031
ppo,0,9,227,70.3675,113.135,-140.622,-1.40335,-3.35605,-8.62929,190.113,0.125,151.839,0.499031
ppo,0,9,228,70.9245,113.973,-141.56,-1.39067,-3.35561,-8.62194,191.489,0.125,130.341,0.499031
ppo,0,9,229,71.4809,114.795,-142.516,-1.37822,-3.35519,-8.61592,192.866,0.125,148.741,0.499031
ppo,0,9,230,72.0536,115.627,-143.459,-1.36579,-3.35556,-8.6091,194.247,0.125,169.401,0.499031
ppo,0,9,231,72.6077,116.475,-144.408,-1.35084,-3.35517,-8.60078,195.634,0.125,238.079,0.499031
ppo,0,9,232,73.1846,117.321,-145.353,-1.33377,-3.35565,-8.59521,197.024,0.125,123.945,0.499031
ppo,0,9,233,73.7592,118.187,-146.284,-1.31644,-3.35877,-8.59183,198.416,0.125,98.8956,0.499031
ppo,0,9,234,74.3386,119.032,-147.23,-1.29894,-3.3636,-8.58871,199.808,0.125,140.268,0.499031
ppo,0,9,235,74.9337,119.88,-148.158,-1.2803,-3.3702,-8.58608,201.196,0.125,180.716,0.499031
ppo,0,9,236,75.5146,120.736,-149.102,-1.26129,-3.37936,-8.58308,202.595,0.125,63.4449,0.499031
ppo,0,9,237,76.1163,121.577,-150.045,-1.24442,-3.38856,-8.58099,203.993,0.125,84.022,0.499031
ppo,0,9,238,76.7153,122.437,-150.978,-1.2298,-3.39869,-8.57909,205.396,0.125,100.593,0.499031
ppo,0,9,239,77.3117,123.281,-151.931,-1.2128,-3.4091,-8.5788,206.8,0.125,124.406,0.499031
ppo,0,9,240,77.9247,124.125,-152.867,-1.19761,-3.4174,-8.5793,208.198,0.125,85.171,0.499031
ppo,0,9,241,78.5166,124.982,-153.81,-1.18135,-3.42403,-8.57962,209.599,0.125,168.36,0.499031
ppo,0,9,242,79.118,125.82,-154.764,-1.16665,-3.43253,-8.57962,211.002,0.125,195.992,0.499031
ppo,0,9,243,79.7233,126.677,-155.703,-1.15175,-3.43807,-8.5765,212.407,0.125,206.751,0.499031
ppo,0,9,244,80.3107,127.532,-156.656,-1.13529,-3.44172,-8.57553,213.812,0.125,85.2467,0.499031
ppo,0,9,245,80.9217,128.378,-157.604,-1.11986,-3.44202,-8.57705,215.212,0.125,160.411,0.499031
ppo,0,9,246,81.5239,129.242,-158.545,-1.106,-3.44228,-8.57839,216.617,0.125,194.62,0.499031
ppo,0,9,247,82.1224,130.093,-159.502,-1.0958,-3.44262,-8.57877,218.025,0.125,69.7357,0.499031
ppo,0,9,248,82.7404,130.945,-160.447,-1.08529,-3.44188,-8.57728,219.433,0.125,50.0868,0.499031
ppo,0,9,249,83.3426,131.813,-161.393,-1.07556,-3.4385,-8.57524,220.845,0.125,381.318,0.499031
ppo,0,9,250,83.9628,132.681,-162.353,-1.06777,-3.43542,-8.57067,222.277,0.125,201.845,0.499031
ppo,0,9,251,84.5928,133.557,-163.295,-1.06131,-3.4338,-8.56426,223.707,0.125,152.923,0.499031
ppo,0,9,252,85.1993,134.44,-164.247,-1.05287,-3.43393,-8.55988,225.138,0.125,207.402,0.499031
ppo,0,9,253,85.8207,135.305,-165.206,-1.04418,-3.43367,-8.55926,226.566,0.125,94.1498,0.499031
ppo,0,9,254,86.4491,136.186,-166.146,-1.03423,-3.43579,-8.56073,227.992,0.125,103.185,0.499031
ppo,0,9,255,87.059,137.069,-167.1,-1.02624,-3.43795,-8.56374,229.423,0.125,216.512,0.499031
ppo,0,9,256,87.6913,137.948,-168.047,-1.01914,-3.4399,-8.56642,230.855,0.125,94.6446,0.499031
ppo,0,9,257,88.3228,138.843,-168.973,-1.0105,-3.44041,-8.56901,232.281,0.125,208.523,0.499031
ppo,0,9,258,88.9364,139.741,-169.916,-1.00359,-3.43811,-8.57415,233.711,0.125,137.711,0.499031
ppo,0,9,259,89.5691,140.62,-170.862,-0.996653,-3.43587,-8.57841,235.138,0.125,310.082,0.499031
ppo,0,9,260,90.213,141.516,-171.807,-0.989925,-3.43836,-8.58539,236.582,0.125,69.8424,0.499031
ppo,0,9,261,90.8332,142.41,-172.769,-0.985499,-3.44181,-8.591,238.029,0.125,116.192,0.499031
ppo,0,9,262,91.4702,143.282,-173.732,-0.983342,-3.44193,-8.5983,239.468,0.125,159.761,0.499031
ppo,0,9,263,92.1066,144.173,-174.678,-0.981369,-3.4447,-8.60418,240.908,0.125,310.107,0.499031
ppo,0,9,264,92.7224,145.069,-175.64,-0.981079,-3.45012,-8.61303,242.356,0.125,78.2092,0.499031
ppo,0,9,265,93.3544,145.945,-176.607,-0.982387,-3.45776,-8.62144,243.803,0.125,193.725,0.499031
ppo,0,9,266,93.9991,146.83,-177.554,-0.987327,-3.46545,-8.63002,245.248,0.125,152.799,0.499031
ppo,0,9,267,94.6206,147.722,-178.509,-0.990794,-3.47216,-8.63717,246.693,0.125,271.046,0.499031
ppo,0,9,268,95.2409,148.6,-179.482,-0.994002,-3.4766,-8.64157,248.143,0.125,161.179,0.499031
ppo,0,9,269,95.8805,149.481,-180.438,-0.998155,-3.48183,-8.64548,249.591,0.125,139.194,0.499031
ppo,0,9,270,96.4969,150.38,-181.392,-1.00178,-3.48816,-8.65057,251.04,0.125,79.6904,0.499031
ppo,0,9,271,97.1126,151.258,-182.365,-1.0046,-3.49539,-8.65232,252.491,0.125,164.168,0.499031
ppo,0,9,272,97.7463,152.124,-183.338,-1.00862,-3.49932,-8.65281,253.941,0.125,224.166,0.499031
ppo,0,9,273,98.3739,153.009,-184.294,-1.01488,-3.5042,-8.65543,255.389,0.125,367.037,0.499031
ppo,0,9,274,99.0098,153.894,-185.272,-1.02317,-3.50994,-8.65719,256.857,0.125,84.6703,0.499031
ppo,0,9,275,99.6582,154.763,-186.256,-1.03015,-3.51341,-8.65772,258.323,0.125,268.46,0.499031
ppo,0,9,276,100.318,155.644,-187.222,-1.03795,-3.51926,-8.657,259.791,0.125,105.081,0.499031
ppo,0,9,277,100.964,156.539,-188.193,-1.04287,-3.52233,-8.65469,261.265,0.125,143.285,0.499031
ppo,0,9,278,101.604,157.426,-189.184,-1.04816,-3.52703,-8.65017,262.747,0.125,43.3123,0.499031
ppo,0,9,279,102.261,158.309,-190.163,-1.05327,-3.53276,-8.64584,264.225,0.125,271.615,0.499031
ppo,0,9,280,102.908,159.209,-191.129,-1.05909,-3.53827,-8.64115,265.703,0.125,225.437,0.499031
ppo,0,9,281,103.536,160.118,-192.11,-1.06548,-3.54664,-8.6384,267.188,0.125,165.526,0.499031
ppo,0,9,282,104.178,161.003,-193.096,-1.07119,-3.55522,-8.63914,268.665,0.125,232.439,0.499031
ppo,0,9,283,104.835,161.896,-194.063,-1.07689,-3.56385,-8.63983,270.14,0.125,148.14,0.499031
ppo,0,9,284,105.467,162.804,-195.028,-1.08299,-3.57291,-8.64249,271.613,0.125,88.8486,0.499031
ppo,0,9,285,106.086,163.708,-196.011,-1.08585,-3.58239,-8.6437,273.09,0.125,171.498,0.499031
ppo,0,9,286,106.724,164.596,-196.992,-1.08373,-3.58836,-8.64248,274.561,0.125,124.235,0.499031
ppo,0,9,287,107.368,165.501,-197.949,-1.07979,-3.59025,-8.64038,276.026,0.125,152.868,0.499031
ppo,0,9,288,107.992,166.419,-198.909,-1.07313,-3.59488,-8.63667,277.495,0.125,286.474,0.499031
ppo,0,9,289,108.605,167.321,-199.89,-1.06744,-3.60239,-8.63449,278.965,0.125,209.578,0.499031
ppo,0,9,290,109.233,168.207,-200.872,-1.0633,-3.61194,-8.62911,280.436,0.125,109.078,0.499031
ppo,0,9,291,109.873,169.104,-201.838,-1.0618,-3.62415,-8.62649,281.908,0.125,80.7732,0.499031
ppo,0,9,292,110.494,170.015,-202.802,-1.05923,-3.6324,-8.62497,283.377,0.125,59.8784,0.499031
ppo,0,9,293,111.106,170.908,-203.784,-1.05242,-3.64006,-8.62077,284.843,0.125,241.592,0.499031
ppo,0,9,294,111.733,171.782,-204.764,-1.04254,-3.64781,-8.61709,286.3,0.125,200.495,0.499031
ppo,0,9,295,112.373,172.665,-205.724,-1.03306,-3.65393,-8.61497,287.752,0.125,62.8162,0.499031
ppo,0,9,296,112.997,173.565,-206.683,-1.02283,-3.65842,-8.61328,289.207,0.125,285.81,0.499031
ppo,0,9,297,113.606,174.463,-207.659,-1.01373,-3.66281,-8.61364,290.664,0.125,219.857,0.499031
ppo,0,9,298,114.22,175.334,-208.646,-1.00404,-3.66569,-8.61693,292.112,0.125,179.676,0.499031
ppo,0,9,299,114.853,176.198,-209.621,-0.996761,-3.67026,-8.62189,293.555,0.125,386.016,0.499031
ppo,0,10,0,0,0,0,4.74816,5.2049,4.52075,8.37097,0.125,0.780649,0.258815
ppo,0,10,1,0.00431506,0.0169198,0.00876509,4.73737,5.18901,4.48114,8.31591,0.125,0.573375,0.258815
ppo,0,10,2,0.0135149,0.0517064,0.0234183,4.72426,5.17155,4.44152,8.24157,0.125,1.00281,0.258815
ppo,0,10,3,0.0344826,0.102947,0.0412593,4.71252,5.15157,4.40373,8.14885,0.125,1.08877,0.258815
ppo,0,10,4,0.0668762,0.17403,0.0637459,4.70384,5.13204,4.36753,8.03778,0.125,1.51165,0.258815
ppo,0,10,5,0.112875,0.263372,0.0869474,4.69516,5.10981,4.33243,7.90629,0.125,0.779024,0.258815
ppo,0,10,6,0.171221,0.369792,0.111233,4.69012,5.08611,4.30208,7.76063,0.125,0.698724,0.258815
ppo,0,10,7,0.244194,0.495851,0.130469,4.68941,5.06127,4.26742,7.59719,0.125,0.260074,0.258815
ppo,0,10,8,0.334721,0.636309,0.148524,4.68911,5.0371,4.23353,7.4172,0.125,0.742469,0.258815
ppo,0,10,9,0.440792,0.793319,0.157384,4.68757,5.01212,4.19871,7.22258,0.125,0.355177,0.258815
ppo,0,10,10,0.5645,0.963008,0.157016,4.68755,4.99222,4.15923,7.01797,0.125,0.525134,0.258815
ppo,0,10,11,0.706713,1.146,0.151553,4.68946,4.97322,4.11887,6.8007,0.125,0.663784,0.258815
ppo,0,10,12,0.862401,1.34403,0.136741,4.68994,4.95485,4.07906,6.57495,0.125,0.621314,0.258815
ppo,0,10,13,1.03214,1.55444,0.110327,4.69044,4.93867,4.03804,6.34533,0.125,0.429668,0.258815
ppo,0,10,14,1.21421,1.77627,0.074446,4.69305,4.92548,3.99383,6.11404,0.125,0.404088,0.258815
ppo,0,10,15,1.41104,2.01241,0.0274493,4.69611,4.91109,3.95052,5.88086,0.125,0.149482,0.258815
ppo,0,10,16,1.62435,2.25872,-0.0249153,4.69559,4.89875,3.90588,5.64388,0.125,0.489518,0.258815
ppo,0,10,17,1.8557,2.5166,-0.0844322,4.70171,4.88594,3.86255,5.41223,0.125,0.792289,0.258815
ppo,0,10,18,2.10193,2.78382,-0.151256,4.71014,4.87443,3.8223,5.19255,0.125,0.217505,0.258815
ppo,0,10,19,2.36368,3.05652,-0.224166,4.71682,4.86088,3.78357,4.98547,0.125,0.0829823,0.258815
ppo,0,10,20,2.63801,3.32966,-0.300571,4.72428,4.84977,3.74673,4.80041,0.125,0.509142,0.258815
ppo,0,10,21,2.92385,3.59949,-0.379547,4.73406,4.83815,3.71054,4.64111,0.125,0.130767,0.258815
ppo,0,10,22,3.21743,3.85829,-0.464085,4.74422,4.82778,3.67538,4.51731,0.125,0.359288,0.258815
ppo,0,10,23,3.51858,4.10242,-0.560172,4.75369,4.81713,3.64068,4.43661,0.125,0.695816,0.258815
ppo,0,10,24,3.8226,4.3278,-0.671396,4.76086,4.80647,3.60925,4.40833,0.125,0.239501,0.258815
ppo,0,10,25,4.12003,4.54038,-0.795976,4.76699,4.79338,3.5774,4.4282,0.125,0.164906,0.258815
ppo,0,10,26,4.406,4.74432,-0.936835,4.77246,4.7816,3.54563,4.49757,0.125,0.332208,0.258815
ppo,0,10,27,4.67413,4.94461,-1.09422,4.77993,4.76735,3.51519,4.61403,0.125,0.225999,0.258815
ppo,0,10,28,4.92296,5.14802,-1.26205,4.7891,4.75208,3.48833,4.76873,0.125,0.546728,0.258815
ppo,0,10,29,5.15399,5.36252,-1.43408,4.79846,4.73658,3.46105,4.94778,0.125,0.345098,0.258815
ppo,0,10,30,5.36598,5.58978,-1.60372,4.80442,4.72212,3.43324,5.1419,0.125,0.752784,0.258815
ppo,0,10,31,5.56734,5.83282,-1.76386,4.81029,4.71224,3.40773,5.34547,0.125,0.229982,0.258815
ppo,0,10,32,5.75865,6.08439,-1.908,4.81536,4.69861,3.38577,5.55285,0.125,1.20588,0.258815
ppo,0,10,33,5.94942,6.33604,-2.03605,4.8196,4.68643,3.36603,5.76023,0.125,0.628535,0.258815
ppo,0,10,34,6.14195,6.57741,-2.14778,4.82386,4.67481,3.34649,5.9619,0.125,0.545938,0.258815
ppo,0,10,35,6.33542,6.80446,-2.25481,4.83095,4.66291,3.32657,6.16453,0.125,0.326865,0.258815
ppo,0,10,36,6.52468,7.02125,-2.36922,4.83781,4.65008,3.30609,6.37787,0.125,0.465297,0.258815
ppo,0,10,37,6.70953,7.22944,-2.49242,4.85048,4.64029,3.28475,6.59815,0.125,0.616499,0.258815
ppo,0,10,38,6.88777,7.43283,-2.62768,4.85977,4.63134,3.26149,6.8296,0.125,0.850943,0.258815
ppo,0,10,39,7.06022,7.63655,-2.76898,4.8675,4.62002,3.24158,7.0735,0.125,0.4539,0.258815
ppo,0,10,40,7.2271,7.84792,-2.9195,4.87453,4.60722,3.22107,7.33098,0.125,0.489447,0.258815
ppo,0,10,41,7.38655,8.07077,-3.07616,4.87877,4.59354,3.20425,7.60419,0.125,0.478871,0.258815
ppo,0,10,42,7.54744,8.30774,-3.23401,4.88841,4.58209,3.18718,7.88559,0.125,1.12145,0.258815
ppo,0,10,43,7.71792,8.56031,-3.39209,4.89634,4.57039,3.17243,8.18375,0.125,0.420108,0.258815
ppo,0,10,44,7.9029,8.82598,-3.55052,4.904,4.55718,3.15868,8.49879,0.125,1.12451,0.258815
ppo,0,10,45,8.10522,9.10043,-3.70848,4.91142,4.54897,3.14705,8.82693,0.125,0.696091,0.258815
ppo,0,10,46,8.32288,9.37576,-3.86708,4.92076,4.54166,3.13286,9.16198,0.125,0.950276,0.258815
ppo,0,10,47,8.56009,9.651,-4.02137,4.92929,4.533,3.11895,9.50583,0.125,1.08511,0.258815
ppo,0,10,48,8.81564,9.92173,-4.17444,4.93819,4.52502,3.10037,9.85302,0.125,0.682294,0.258815
ppo,0,10,49,9.0888,10.1716,-4.33189,4.94456,4.51746,3.0834,10.2045,0.125,0.868886,0.258815
ppo,0,10,50,9.36777,10.4032,-4.50435,4.95302,4.51183,3.06693,10.5604,0.125,1.50054,0.258815
ppo,0,10,51,9.63742,10.6273,-4.69665,4.95736,4.50814,3.04983,10.925,0.125,0.220257,0.258815
ppo,0,10,52,9.88817,10.8573,-4.90554,4.9611,4.50408,3.03135,11.2975,0.125,0.598597,0.258815
ppo,0,10,53,10.1247,11.1045,-5.11954,4.96902,4.5012,3.01189,11.675,0.125,1.12146,0.258815
ppo,0,10,54,10.3591,11.372,-5.32446,4.97615,4.4972,2.99319,12.0591,0.125,1.05643,0.258815
ppo,0,10,55,10.602,11.6501,-5.51162,4.98214,4.4944,2.97377,12.4414,0.125,0.715162,0.258815
ppo,0,10,56,10.8636,11.9239,-5.68693,4.986,4.48924,2.9558,12.8264,0.125,0.987296,0.258815
ppo,0,10,57,11.1326,12.1886,-5.86129,4.99089,4.48313,2.94101,13.2127,0.125,0.982155,0.258815
ppo,0,10,58,11.4084,12.4412,-6.04695,4.99771,4.47731,2.92547,13.6024,0.125,1.92269,0.258815
ppo,0,10,59,11.6819,12.6878,-6.2514,5.00381,4.46836,2.90632,14.0007,0.125,1.8064,0.258815
ppo,0,10,60,11.9487,12.9337,-6.47246,5.00652,4.45879,2.88918,14.4103,0.125,1.1106,0.258815
ppo,0,10,61,12.2103,13.1922,-6.70569,5.00547,4.45039,2.87263,14.8349,0.125,2.46264,0.258815
ppo,0,10,62,12.4688,13.472,-6.93434,5.00481,4.44336,2.85715,15.2676,0.125,0.679459,0.258815
ppo,0,10,63,12.7346,13.7729,-7.15135,5.0075,4.43715,2.84183,15.7076,0.125,2.40257,0.258815
ppo,0,10,64,13.0169,14.078,-7.35923,5.01142,4.43105,2.82964,16.1544,0.125,1.26245,0.258815
ppo,0,10,65,13.3209,14.3728,-7.56455,5.01274,4.42632,2.82026,16.6073,0.125,1.79204,0.258815
ppo,0,10,66,13.6368,14.6513,-7.7817,5.01375,4.42111,2.81044,17.0648,0.125,2.38409,0.258815
ppo,0,10,67,13.9515,14.9262,-8.02138,5.01603,4.41714,2.79953,17.5321,0.125,2.02042,0.258815
ppo,0,10,68,14.2472,15.2121,-8.27839,5.01684,4.41428,2.79172,18.0095,0.125,0.827306,0.258815
ppo,0,10,69,14.5369,15.5188,-8.53348,5.01501,4.40892,2.7859,18.4993,0.125,2.53713,0.258815
ppo,0,10,70,14.8357,15.8383,-8.77514,5.01325,4.40531,2.77877,18.9918,0.125,1.3478,0.258815
ppo,0,10,71,15.1527,16.1522,-9.00327,5.00866,4.39907,2.77178,19.4856,0.125,3.02646,0.258815
ppo,0,10,72,15.4852,16.4478,-9.2347,5.00668,4.39303,2.76463,19.9775,0.125,0.905373,0.258815
ppo,0,10,73,15.8224,16.7284,-9.4773,5.00721,4.39147,2.75749,20.466,0.125,1.56803,0.258815
ppo,0,10,74,16.1565,17.007,-9.74365,5.00761,4.3914,2.74895,20.9646,0.125,2.49289,0.258815
ppo,0,10,75,16.479,17.3007,-10.0228,5.00905,4.39102,2.73923,21.473,0.125,3.42631,0.258815
ppo,0,10,76,16.7984,17.6138,-10.2992,5.01394,4.39081,2.73279,21.9898,0.125,1.09081,0.258815
ppo,0,10,77,17.1353,17.9357,-10.5616,5.01976,4.39272,2.72767,22.5123,0.125,3.84564,0.258815
ppo,0,10,78,17.4918,18.2483,-10.8175,5.02259,4.39506,2.72322,23.0378,0.125,1.19443,0.258815
ppo,0,10,79,17.8599,18.544,-11.0837,5.02504,4.39425,2.72035,23.5691,0.125,1.88221,0.258815
ppo,0,10,80,18.2197,18.8331,-11.3723,5.02943,4.39481,2.71684,24.103,0.125,3.51845,0.258815
ppo,0,10,81,18.5695,19.1388,-11.6689,5.03097,4.39597,2.71354,24.6474,0.125,2.39081,0.258815
ppo,0,10,82,18.9245,19.464,-11.9595,5.03349,4.39984,2.71067,25.2013,0.125,4.69351,0.258815
ppo,0,10,83,19.2929,19.7921,-12.2354,5.03578,4.40402,2.70207,25.7524,0.125,4.4038,0.258815
ppo,0,10,84,19.6785,20.1057,-12.5107,5.03844,4.40852,2.69367,26.3041,0.125,2.57511,0.258815
ppo,0,10,85,20.0684,20.4021,-12.8063,5.04106,4.4116,2.68519,26.8608,0.125,5.83495,0.258815
ppo,0,10,86,20.452,20.7071,-13.1214,5.04506,4.41063,2.67954,27.4339,0.125,4.77546,0.258815
ppo,0,10,87,20.8363,21.0327,-13.4389,5.05032,4.40912,2.67443,28.021,0.125,3.51157,0.258815
ppo,0,10,88,21.2307,21.3741,-13.7436,5.05246,4.40526,2.6699,28.6196,0.125,3.55246,0.258815
ppo,0,10,89,21.6488,21.7101,-14.0404,5.05426,4.40226,2.66262,29.222,0.125,3.35213,0.258815
ppo,0,10,90,22.0755,22.0299,-14.3502,5.05626,4.39934,2.65547,29.8276,0.125,1.63656,0.258815
ppo,0,10,91,22.4957,22.3512,-14.6824,5.05441,4.39296,2.64627,30.4463,0.125,4.09557,0.258815
ppo,0,10,92,22.9054,22.6906,-15.016,5.05375,4.38952,2.63826,31.069,0.125,5.78175,0.258815
ppo,0,10,93,23.3276,23.0464,-15.3366,5.05058,4.38476,2.63149,31.7042,0.125,3.78897,0.258815
ppo,0,10,94,23.7672,23.3965,-15.6553,5.04767,4.37831,2.62838,32.3482,0.125,4.28455,0.258815
ppo,0,10,95,24.2135,23.7345,-15.9902,5.04432,4.37347,2.62022,32.9948,0.125,4.51297,0.258815
ppo,0,10,96,24.6532,24.0803,-16.3442,5.03909,4.36533,2.61082,33.6554,0.125,3.78035,0.258815
ppo,0,10,97,25.0888,24.4533,-16.7022,5.03463,4.35773,2.60353,34.3324,0.125,9.33273,0.258815
ppo,0,10,98,25.5409,24.8337,-17.0478,5.03043,4.34732,2.59585,35.0177,0.125,9.60552,0.258815
ppo,0,10,99,26.0116,25.2031,-17.3941,5.02616,4.3407,2.58713,35.7054,0.125,2.89223,0.258815
ppo,0,10,100,26.4826,25.5654,-17.7609,5.02191,4.33802,2.58138,36.4002,0.125,5.32679,0.258815
ppo,0,10,101,26.9437,25.9423,-18.1389,5.01331,4.3363,2.57773,37.1071,0.125,2.97949,0.258815
ppo,0,10,102,27.4102,26.3394,-18.5003,5.0041,4.33502,2.57451,37.8203,0.125,4.83225,0.258815
ppo,0,10,103,27.8966,26.731,-18.8535,4.99565,4.33488,2.57346,38.5377,0.125,1.60398,0.258815
ppo,0,10,104,28.3922,27.1123,-19.2203,4.9899,4.33274,2.57226,39.2618,0.125,6.53243,0.258815
ppo,0,10,105,28.887,27.5,-19.6034,4.98636,4.32883,2.57008,39.9976,0.125,10.3948,0.258815
ppo,0,10,106,29.381,27.9077,-19.9828,4.98419,4.3242,2.57033,40.7435,0.125,4.22422,0.258815
ppo,0,10,107,29.8928,28.3192,-20.3548,4.98027,4.3152,2.57183,41.5024,0.125,7.61983,0.258815
ppo,0,10,108,30.4191,28.7156,-20.733,4.97335,4.30829,2.57098,42.2644,0.125,6.11883,0.258815
ppo,0,10,109,30.9392,29.1143,-21.132,4.96773,4.30212,2.56957,43.0339,0.125,11.345,0.258815
ppo,0,10,110,31.4572,29.5336,-21.5331,4.96267,4.29747,2.56611,43.8132,0.125,12.7755,0.258815
ppo,0,10,111,31.9927,29.9596,-21.9219,4.96234,4.2949,2.56228,44.5959,0.125,12.3612,0.258815
ppo,0,10,112,32.5431,30.3724,-22.3221,4.96316,4.29231,2.55999,45.3866,0.125,14.4733,0.258815
ppo,0,10,113,33.085,30.7856,-22.7432,4.9632,4.28962,2.55688,46.1841,0.125,5.21662,0.258815
ppo,0,10,114,33.6278,31.2221,-23.1668,4.96339,4.28785,2.55567,46.9973,0.125,15.2074,0.258815
ppo,0,10,115,34.1916,31.6616,-23.5804,4.96473,4.28857,2.55746,47.8192,0.125,3.24611,0.258815
ppo,0,10,116,34.7698,32.0867,-24.0032,4.96919,4.2887,2.55725,48.6442,0.125,8.51869,0.258815
ppo,0,10,117,35.3394,32.5182,-24.4463,4.97587,4.29024,2.55938,49.478,0.125,10.8525,0.258815
ppo,0,10,118,35.9148,32.9676,-24.8809,4.9818,4.29461,2.5636,50.3209,0.125,4.6887,0.258815
ppo,0,10,119,36.5114,33.4116,-25.3043,4.98751,4.30032,2.56549,51.1659,0.125,4.45467,0.258815
ppo,0,10,120,37.1083,33.8453,-25.7469,4.9972,4.30738,2.56474,52.0112,0.125,9.36831,0.258815
ppo,0,10,121,37.6914,34.2932,-26.2014,5.00797,4.31284,2.56529,52.8635,0.125,12.2665,0.258815
ppo,0,10,122,38.2924,34.7528,-26.6477,5.01416,4.32054,2.56104,53.7281,0.125,6.77711,0.258815
ppo,0,10,123,38.9124,35.1988,-27.0991,5.01856,4.32536,2.55695,54.6025,0.125,2.48846,0.258815
ppo,0,10,124,39.5236,35.645,-27.5701,5.02511,4.32648,2.55536,55.4846,0.125,14.7329,0.258815
ppo,0,10,125,40.1366,36.1139,-28.0355,5.03436,4.32951,2.5571,56.3766,0.125,21.1788,0.258815
ppo,0,10,126,40.7707,36.5823,-28.4926,5.04359,4.33227,2.55696,57.2763,0.125,13.4716,0.258815
ppo,0,10,127,41.4095,37.035,-28.969,5.05608,4.33197,2.5624,58.1833,0.125,22.8588,0.258815
ppo,0,10,128,42.0411,37.5066,-29.4543,5.06643,4.33092,2.57114,59.1048,0.125,2.4902,0.258815
ppo,0,10,129,42.6874,37.9889,-29.93,5.07616,4.3266,2.57938,60.0385,0.125,7.14385,0.258815
ppo,0,10,130,43.3487,38.4582,-30.4125,5.08343,4.31929,2.58507,60.9798,0.125,21.3149,0.258815
ppo,0,10,131,44.0004,38.9328,-30.916,5.09046,4.30924,2.58898,61.9303,0.125,7.83892,0.258815
ppo,0,10,132,44.6611,39.4232,-31.4115,5.09716,4.29621,2.58894,62.8907,0.125,17.7952,0.258815
ppo,0,10,133,45.3388,39.8997,-31.9067,5.10334,4.28474,2.5903,63.8542,0.125,25.3995,0.258815
ppo,0,10,134,46.0141,40.3769,-32.4241,5.11008,4.27262,2.5898,64.8277,0.125,16.3844,0.258815
ppo,0,10,135,46.6903,40.8786,-32.9388,5.11402,4.26083,2.59057,65.8163,0.125,25.0255,0.258815
ppo,0,10,136,47.3855,41.3716,-33.4482,5.11685,4.2536,2.59159,66.8076,0.125,21.1141,0.258815
ppo,0,10,137,48.0799,41.8572,-33.9759,5.12054,4.24526,2.59302,67.8045,0.125,25.6171,0.258815
ppo,0,10,138,48.7721,42.3625,-34.5013,5.12634,4.2402,2.59616,68.8076,0.125,7.36506,0.258815
ppo,0,10,139,49.4854,42.8635,-35.0149,5.13095,4.23471,2.59682,69.8151,0.125,24.8636,0.258815
ppo,0,10,140,50.1963,43.3512,-35.5521,5.13331,4.23047,2.59867,70.8279,0.125,21.6854,0.258815
ppo,0,10,141,50.8995,43.8596,-36.0937,5.13239,4.22682,2.59957,71.8509,0.125,14.6775,0.258815
ppo,0,10,142,51.6243,44.3656,-36.6215,5.13196,4.22671,2.59903,72.876,0.125,12.9244,0.258815
ppo,0,10,143,52.349,44.8589,-37.1682,5.13091,4.22598,2.59795,73.9049,0.125,8.06851,0.258815
ppo,0,10,144,53.073,45.3739,-37.7163,5.13153,4.22128,2.5968,74.9471,0.125,31.3859,0.258815
ppo,0,10,145,53.8153,45.8845,-38.2491,5.13206,4.21589,2.59721,75.9918,0.125,13.3392,0.258815
ppo,0,10,146,54.5555,46.3861,-38.8016,5.13266,4.21328,2.59802,77.0396,0.125,23.7914,0.258815
ppo,0,10,147,55.2895,46.9096,-39.3482,5.13184,4.21016,2.59856,78.0933,0.125,30.2741,0.258815
ppo,0,10,148,56.0441,47.4255,-39.8818,5.1337,4.20817,2.59941,79.1471,0.125,42.2169,0.258815
ppo,0,10,149,56.7934,47.9355,-40.4398,5.13493,4.20723,2.59909,80.2066,0.125,28.1649,0.258815
ppo,0,10,150,57.5415,48.4642,-40.988,5.13756,4.20394,2.5975,81.2701,0.125,11.916,0.258815
ppo,0,10,151,58.3096,48.9724,-41.5332,5.14201,4.20381,2.59565,82.3309,0.125,19.2282,0.258815
ppo,0,10,152,59.0662,49.4893,-42.0976,5.14525,4.20266,2.59297,83.4002,0.125,26.7706,0.258815
ppo,0,10,153,59.8369,50.0182,-42.6492,5.14907,4.19959,2.59292,84.4805,0.125,33.3144,0.258815
ppo,0,10,154,60.6224,50.5266,-43.2078,5.15591,4.19624,2.59353,85.5616,0.125,43.4345,0.258815
ppo,0,10,155,61.3949,51.0472,-43.782,5.16283,4.19392,2.59755,86.6507,0.125,22.9328,0.258815
ppo,0,10,156,62.1848,51.5734,-44.3346,5.17075,4.19229,2.60205,87.7418,0.125,10.6863,0.258815
ppo,0,10,157,62.976,52.0891,-44.9056,5.17559,4.18801,2.60671,88.8416,0.125,24.7599,0.258815
ppo,0,10,158,63.7612,52.6277,-45.4777,5.18184,4.18316,2.61047,89.9494,0.125,79.6068,0.258815
ppo,0,10,159,64.5686,53.155,-46.0476,5.18819,4.17691,2.61548,91.0658,0.125,23.6017,0.258815
ppo,0,10,160,65.3659,53.6805,-46.641,5.19555,4.17216,2.62349,92.1874,0.125,31.0974,0.258815
ppo,0,10,161,66.1687,54.2258,-47.2153,5.20289,4.16646,2.62825,93.3121,0.125,43.4536,0.258815
ppo,0,10,162,66.98,54.7512,-47.804,5.21007,4.16239,2.63165,94.4379,0.125,37.4493,0.258815
ppo,0,10,163,67.7761,55.2971,-48.4003,5.21746,4.15827,2.63839,95.5704,0.125,56.2882,0.258815
ppo,0,10,164,68.5931,55.8408,-48.9815,5.2265,4.15387,2.64305,96.7056,0.125,53.1177,0.258815
ppo,0,10,165,69.4054,56.3813,-49.581,5.23596,4.14954,2.64524,97.844,0.125,12.1996,0.258815
ppo,0,10,166,70.2226,56.9447,-50.1681,5.2461,4.14744,2.6522,98.9924,0.125,60.8331,0.258815
ppo,0,10,167,71.0532,57.4913,-50.7615,5.25638,4.14721,2.65792,100.142,0.125,10.5969,0.258815
ppo,0,10,168,71.8697,58.0571,-51.367,5.26622,4.14409,2.66151,101.3,0.125,23.6084,0.258815
ppo,0,10,169,72.702,58.6208,-51.9597,5.27649,4.14182,2.66659,102.461,0.125,27.0243,0.258815
ppo,0,10,170,73.5292,59.1786,-52.5725,5.28449,4.1392,2.67366,103.628,0.125,26.167,0.258815
ppo,0,10,171,74.3631,59.7561,-53.1682,5.29267,4.13754,2.68139,104.801,0.125,16.4161,0.258815
ppo,0,10,172,75.2089,60.3106,-53.7726,5.29844,4.13947,2.69103,105.975,0.125,36.9895,0.258815
ppo,0,10,173,76.0459,60.8842,-54.3806,5.30092,4.14209,2.70155,107.158,0.125,20.9466,0.258815
ppo,0,10,174,76.9062,61.4472,-54.979,5.30304,4.14594,2.71244,108.346,0.125,35.5616,0.258815
ppo,0,10,175,77.7539,62.0133,-55.6012,5.30595,4.14855,2.71925,109.537,0.125,76.0053,0.258815
ppo,0,10,176,78.6173,62.5845,-56.2066,5.30662,4.14935,2.72542,110.734,0.125,29.0782,0.258815
ppo,0,10,177,79.4835,63.1411,-56.8305,5.30578,4.14884,2.73287,111.938,0.125,56.3228,0.258815
ppo,0,10,178,80.3477,63.7175,-57.4425,5.30473,4.1489,2.73882,113.144,0.125,32.6892,0.258815
ppo,0,10,179,81.2257,64.2723,-58.0569,5.30524,4.14887,2.74559,114.349,0.125,74.3799,0.258815
ppo,0,10,180,82.0922,64.847,-58.6819,5.30824,4.14906,2.75101,115.56,0.125,58.6129,0.258815
ppo,0,10,181,82.9754,65.4107,-59.298,5.31122,4.14774,2.75482,116.771,0.125,40.5504,0.258815
ppo,0,10,182,83.8431,65.9765,-59.9346,5.31117,4.14485,2.75978,117.987,0.125,69.6209,0.258815
ppo,0,10,183,84.7261,66.5474,-60.5518,5.31012,4.13968,2.76551,119.209,0.125,38.5024,0.258815
ppo,0,10,184,85.6028,67.1082,-61.189,5.3118,4.13543,2.77062,120.429,0.125,49.3443,0.258815
ppo,0,10,185,86.4832,67.6898,-61.8077,5.31407,4.13125,2.77379,121.651,0.125,41.5336,0.258815
ppo,0,10,186,87.3651,68.2513,-62.442,5.31852,4.12814,2.77811,122.87,0.125,77.7799,0.258815
ppo,0,10,187,88.241,68.836,-63.076,5.32011,4.12999,2.78316,124.097,0.125,59.8064,0.258815
ppo,0,10,188,89.1304,69.4016,-63.7102,5.31865,4.13162,2.78588,125.325,0.125,81.6958,0.258815
ppo,0,10,189,90.0047,69.9845,-64.3526,5.31702,4.13524,2.78925,126.555,0.125,21.8897,0.258815
ppo,0,10,190,90.8939,70.5514,-64.9863,5.31624,4.14035,2.79444,127.782,0.125,26.082,0.258815
ppo,0,10,191,91.7647,71.135,-65.6313,5.31347,4.14363,2.80278,129.015,0.125,60.92,0.258815
ppo,0,10,192,92.652,71.7148,-66.2586,5.30988,4.14648,2.80875,130.248,0.125,64.7007,0.258815
ppo,0,10,193,93.5307,72.3003,-66.9038,5.30497,4.14847,2.81433,131.488,0.125,87.6571,0.258815
ppo,0,10,194,94.4254,72.886,-67.5344,5.29737,4.15223,2.82067,132.733,0.125,55.7402,0.258815
ppo,0,10,195,95.3041,73.4718,-68.185,5.28787,4.15683,2.8229,133.976,0.125,114.28,0.258815
ppo,0,10,196,96.2001,74.0642,-68.8177,5.28038,4.16109,2.8263,135.225,0.125,74.4106,0.258815
ppo,0,10,197,97.0865,74.649,-69.4709,5.27005,4.16807,2.83342,136.476,0.125,19.871,0.258815
ppo,0,10,198,97.9797,75.2476,-70.1035,5.25837,4.17442,2.8413,137.73,0.125,45.2874,0.258815
ppo,0,10,199,98.8685,75.8327,-70.7599,5.24788,4.18477,2.84949,138.984,0.125,24.6602,0.258815
ppo,0,10,200,99.7666,76.4366,-71.3976,5.23704,4.19613,2.85479,140.242,0.125,43.4933,0.258815
ppo,0,10,201,100.664,77.0244,-72.0534,5.23005,4.20657,2.85804,141.498,0.125,125.803,0.258815
ppo,0,10,202,101.567,77.6259,-72.6936,5.22011,4.21618,2.86308,142.761,0.125,21.0848,0.258815
ppo,0,10,203,102.466,78.2098,-73.3515,5.21442,4.22374,2.86701,144.018,0.125,65.514,0.258815
ppo,0,10,204,103.368,78.8119,-73.9924,5.2075,4.23448,2.87047,145.276,0.125,100.351,0.258815
ppo,0,10,205,104.269,79.4004,-74.6472,5.20388,4.24537,2.87969,146.535,0.125,176.194,0.258815
ppo,0,10,206,105.18,80.0086,-75.2963,5.20212,4.25488,2.89047,147.808,0.125,83.9289,0.258815
ppo,0,10,207,106.083,80.599,-75.9678,5.2003,4.26239,2.90319,149.081,0.125,56.8122,0.258815
ppo,0,10,208,106.993,81.2043,-76.6229,5.19855,4.26954,2.91386,150.357,0.125,144.664,0.258815
ppo,0,10,209,107.904,81.7995,-77.2979,5.19843,4.27926,2.92859,151.638,0.125,77.9283,0.258815
ppo,0,10,210,108.822,82.4089,-77.9498,5.19927,4.28976,2.94154,152.917,0.125,47.02,0.258815
ppo,0,10,211,109.73,83.007,-78.6287,5.2016,4.30013,2.95302,154.196,0.125,18.6211,0.258815
ppo,0,10,212,110.651,83.6122,-79.2865,5.20149,4.31105,2.96715,155.479,0.125,26.0975,0.258815
ppo,0,10,213,111.559,84.2096,-79.9656,5.19953,4.32299,2.98097,156.762,0.125,37.1367,0.258815
ppo,0,10,214,112.484,84.8074,-80.6237,5.19491,4.33281,2.99407,158.047,0.125,27.7575,0.258815
ppo,0,10,215,113.392,85.4041,-81.3059,5.18894,4.34547,3.01104,159.335,0.125,55.4647,0.258815
ppo,0,10,216,114.314,85.9962,-81.9694,5.1859,4.35758,3.02681,160.618,0.125,100.882,0.258815
ppo,0,10,217,115.217,86.5967,-82.6498,5.18179,4.36871,3.04387,161.903,0.125,58.0375,0.258815
ppo,0,10,218,116.134,87.1843,-83.3158,5.18112,4.3801,3.06358,163.182,0.125,127.917,0.258815
ppo,0,10,219,117.035,87.7871,-83.9896,5.18038,4.39035,3.08224,164.462,0.125,90.2457,0.258815
ppo,0,10,220,117.95,88.3668,-84.6611,5.17868,4.39973,3.10373,165.742,0.125,105.495,0.258815
ppo,0,10,221,118.854,88.9703,-85.3244,5.17892,4.40781,3.127,167.022,0.125,83.623,0.258815
ppo,0,10,222,119.762,89.5523,-85.9981,5.17699,4.41617,3.1539,168.303,0.125,65.8521,0.258815
ppo,0,10,223,120.67,90.1568,-86.6596,5.17432,4.42369,3.18246,169.59,0.125,42.4422,0.258815
ppo,0,10,224,121.57,90.7422,-87.3387,5.17098,4.42991,3.21291,170.875,0.125,144.658,0.258815
ppo,0,10,225,122.483,91.337,-87.9991,5.16795,4.43805,3.24324,172.161,0.125,159.146,0.258815
ppo,0,10,226,123.38,91.9297,-88.6806,5.16427,4.44382,3.27489,173.449,0.125,98.9527,0.258815
ppo,0,10,227,124.301,92.5286,-89.3444,5.16008,4.44918,3.30487,174.747,0.125,74.352,0.258815
ppo,0,10,228,125.205,93.1416,-90.0257,5.15558,4.45173,3.33818,176.052,0.125,86.1158,0.258815
ppo,0,10,229,126.124,93.7312,-90.7069,5.15133,4.45511,3.36984,177.356,0.125,157.205,0.258815
ppo,0,10,230,127.039,94.3421,-91.4023,5.14836,4.45872,3.40057,178.673,0.125,80.5579,0.258815
ppo,0,10,231,127.955,94.9277,-92.108,5.14223,4.46454,3.43283,179.985,0.125,47.0393,0.258815
ppo,0,10,232,128.874,95.5289,-92.7919,5.13752,4.47211,3.46638,181.295,0.125,99.207,0.258815
ppo,0,10,233,129.777,96.1251,-93.4976,5.12754,4.47757,3.49904,182.607,0.125,102.514,0.258815
ppo,0,10,234,130.699,96.716,-94.1874,5.11864,4.48192,3.53357,183.921,0.125,168.935,0.258815
ppo,0,10,235,131.608,97.3266,-94.8825,5.11122,4.4805,3.56719,185.241,0.125,111.328,0.258815
ppo,0,10,236,132.528,97.9108,-95.5775,5.10383,4.48264,3.59854,186.552,0.125,224.928,0.258815
ppo,0,10,237,133.45,98.5125,-96.2616,5.09631,4.48605,3.62912,187.867,0.125,225.853,0.258815
ppo,0,10,238,134.364,99.1052,-96.9678,5.08446,4.48904,3.66003,189.186,0.125,157.705,0.258815
ppo,0,10,239,135.294,99.7009,-97.6498,5.0725,4.48839,3.69253,190.508,0.125,137.146,0.258815
ppo,0,10,240,136.202,100.308,-98.3468,5.06093,4.48673,3.72493,191.829,0.125,124.482,0.258815
ppo,0,10,241,137.138,100.907,-99.0404,5.04848,4.48445,3.7548,193.163,0.125,107.017,0.258815
ppo,0,10,242,138.064,101.533,-99.7229,5.03544,4.48108,3.78608,194.499,0.125,87.7062,0.258815
ppo,0,10,243,138.987,102.147,-100.427,5.02237,4.47563,3.8164,195.838,0.125,170.079,0.258815
ppo,0,10,244,139.922,102.761,-101.112,5.01102,4.46931,3.84383,197.175,0.125,198.704,0.258815
ppo,0,10,245,140.841,103.388,-101.808,4.99828,4.46175,3.86874,198.512,0.125,150.095,0.258815
ppo,0,10,246,141.771,103.997,-102.508,4.98801,4.45427,3.89193,199.848,0.125,203.361,0.258815
ppo,0,10,247,142.7,104.633,-103.204,4.97519,4.44873,3.9142,201.195,0.125,108.699,0.258815
ppo,0,10,248,143.614,105.261,-103.919,4.95983,4.44143,3.93197,202.538,0.125,139.46,0.258815
ppo,0,10,249,144.545,105.88,-104.615,4.94554,4.43322,3.95009,203.877,0.125,115.602,0.258815
ppo,0,10,250,145.463,106.518,-105.315,4.92755,4.42517,3.96751,205.221,0.125,153.938,0.258815
ppo,0,10,251,146.386,107.139,-106.03,4.91025,4.41681,3.98358,206.568,0.125,70.5723,0.258815
ppo,0,10,252,147.32,107.768,-106.722,4.89023,4.40732,4.00153,207.917,0.125,166.671,0.258815
ppo,0,10,253,148.246,108.407,-107.429,4.86838,4.39804,4.01734,209.273,0.125,192.619,0.258815
ppo,0,10,254,149.196,109.031,-108.135,4.84866,4.39108,4.03244,210.635,0.125,137.505,0.258815
ppo,0,10,255,150.151,109.674,-108.824,4.83212,4.38532,4.04721,211.998,0.125,184.517,0.258815
ppo,0,10,256,151.089,110.319,-109.533,4.8186,4.37843,4.06106,213.359,0.125,264.632,0.258815
ppo,0,10,257,152.041,110.945,-110.243,4.80275,4.36967,4.07556,214.723,0.125,84.8931,0.258815
ppo,0,10,258,152.982,111.595,-110.946,4.78565,4.35944,4.09018,216.09,0.125,243.138,0.258815
ppo,0,10,259,153.912,112.235,-111.67,4.7706,4.34861,4.10562,217.455,0.125,139.019,0.258815
ppo,0,10,260,154.862,112.87,-112.38,4.75394,4.33699,4.11942,218.824,0.125,108.123,0.258815
ppo,0,10,261,155.796,113.525,-113.096,4.73756,4.3255,4.13221,220.194,0.125,257.79,0.258815
ppo,0,10,262,156.717,114.17,-113.829,4.71756,4.30981,4.14509,221.565,0.125,153.87,0.258815
ppo,0,10,263,157.656,114.833,-114.547,4.69768,4.29504,4.1556,222.946,0.125,130.822,0.258815
ppo,0,10,264,158.586,115.515,-115.266,4.68147,4.27882,4.16106,224.327,0.125,154.017,0.258815
ppo,0,10,265,159.531,116.179,-115.998,4.66794,4.26299,4.16535,225.714,0.125,218.604,0.258815
ppo,0,10,266,160.49,116.844,-116.712,4.65599,4.24785,4.16781,227.099,0.125,321.055,0.258815
ppo,0,10,267,161.444,117.529,-117.417,4.64519,4.23569,4.16891,228.483,0.125,88.6284,0.258815
ppo,0,10,268,162.403,118.199,-118.138,4.63685,4.22412,4.17049,229.869,0.125,256.925,0.258815
ppo,0,10,269,163.379,118.859,-118.841,4.63261,4.21358,4.17632,231.251,0.125,172.689,0.258815
ppo,0,10,270,164.339,119.541,-119.546,4.6285,4.20791,4.18262,232.632,0.125,70.2116,0.258815
ppo,0,10,271,165.297,120.201,-120.265,4.62393,4.20279,4.18641,234.007,0.125,190.247,0.258815
ppo,0,10,272,166.27,120.853,-120.969,4.62092,4.19858,4.18952,235.379,0.125,72.7349,0.258815
ppo,0,10,273,167.23,121.527,-121.663,4.61942,4.19633,4.1918,236.744,0.125,80.1334,0.258815
ppo,0,10,274,168.175,122.189,-122.378,4.618,4.19371,4.19269,238.105,0.125,74.3263,0.258815
ppo,0,10,275,169.139,122.838,-123.082,4.61513,4.19089,4.19439,239.467,0.125,321.671,0.258815
ppo,0,10,276,170.105,123.508,-123.766,4.61541,4.18835,4.1957,240.828,0.125,112.067,0.258815
ppo,0,10,277,171.057,124.181,-124.47,4.61536,4.18395,4.19398,242.191,0.125,110.195,0.258815
ppo,0,10,278,172.029,124.834,-125.168,4.61839,4.17818,4.19373,243.554,0.125,237.538,0.258815
ppo,0,10,279,173.009,125.498,-125.847,4.6186,4.17412,4.19651,244.921,0.125,140.272,0.258815
ppo,0,10,280,173.975,126.176,-126.539,4.61819,4.16875,4.20003,246.293,0.125,245.864,0.258815
ppo,0,10,281,174.938,126.836,-127.249,4.61893,4.16654,4.2069,247.663,0.125,303.376,0.258815
ppo,0,10,282,175.92,127.487,-127.942,4.62051,4.16234,4.21444,249.034,0.125,83.3419,0.258815
ppo,0,10,283,176.889,128.159,-128.631,4.62153,4.1589,4.2221,250.404,0.125,321.546,0.258815
ppo,0,10,284,177.858,128.82,-129.341,4.62057,4.15695,4.23195,251.781,0.125,257.147,0.258815
ppo,0,10,285,178.858,129.481,-130.044,4.61828,4.15388,4.23987,253.176,0.125,174.984,0.258815
ppo,0,10,286,179.865,130.155,-130.726,4.61365,4.15089,4.24564,254.573,0.125,193.846,0.258815
ppo,0,10,287,180.866,130.834,-131.439,4.61093,4.14347,4.25081,255.984,0.125,280.939,0.258815
ppo,0,10,288,181.861,131.491,-132.169,4.60779,4.13708,4.25358,257.389,0.125,355.884,0.258815
ppo,0,10,289,182.876,132.165,-132.889,4.60302,4.13007,4.25494,258.81,0.125,424.444,0.258815
ppo,0,10,290,183.898,132.854,-133.605,4.59698,4.12347,4.25873,260.244,0.125,370.631,0.258815
ppo,0,10,291,184.905,133.544,-134.337,4.59179,4.11572,4.26326,261.677,0.125,61.2562,0.258815
ppo,0,10,292,185.921,134.208,-135.076,4.58473,4.11025,4.27067,263.108,0.125,296.999,0.258815
ppo,0,10,293,186.953,134.868,-135.8,4.57743,4.10396,4.27963,264.542,0.125,232.585,0.258815
ppo,0,10,294,187.973,135.553,-136.517,4.57058,4.09364,4.28817,265.977,0.125,239.232,0.258815
ppo,0,10,295,188.97,136.234,-137.257,4.56322,4.08463,4.29599,267.407,0.125,269.422,0.258815
ppo,0,10,296,189.987,136.899,-137.997,4.55474,4.07627,4.30121,268.841,0.125,195.759,0.258815
ppo,0,10,297,191.017,137.587,-138.725,4.5455,4.06601,4.30654,270.292,0.125,235.783,0.258815
ppo,0,10,298,192.043,138.297,-139.444,4.53861,4.05922,4.30967,271.741,0.125,339.031,0.258815
ppo,0,10,299,193.082,138.996,-140.187,4.53314,4.05291,4.31493,273.205,0.125,133.014,0.258815
ppo,0,11,0,0,0,0,-4.33428,-2.9617,8.49431,9.98553,0.125,0.669467,0.395923
ppo,0,11,1,-0.0154687,-0.00742518,0.0112623,-4.35183,-2.94337,8.51861,9.98993,0.125,1.43556,0.395923
ppo,0,11,2,-0.043336,-0.0133973,0.0330661,-4.37191,-2.92241,8.54215,9.98015,0.125,0.389667,0.395923
ppo,0,11,3,-0.0857505,-0.0159535,0.0659819,-4.39067,-2.90561,8.56522,9.95588,0.125,1.30995,0.395923
ppo,0,11,4,-0.137558,-0.00703856,0.104174,-4.41072,-2.8884,8.58959,9.92796,0.125,0.508416,0.395923
ppo,0,11,5,-0.196559,0.0123062,0.146402,-4.43189,-2.86868,8.61261,9.89519,0.125,1.27051,0.395923
ppo,0,11,6,-0.260444,0.0473197,0.192528,-4.45049,-2.84946,8.64056,9.86495,0.125,1.31127,0.395923
ppo,0,11,7,-0.322163,0.0942948,0.24063,-4.46554,-2.8314,8.66835,9.83635,0.125,0.920756,0.395923
ppo,0,11,8,-0.3817,0.156247,0.289042,-4.48217,-2.8114,8.69771,9.81461,0.125,1.11423,0.395923
ppo,0,11,9,-0.436545,0.233217,0.331795,-4.49722,-2.79321,8.72705,9.80452,0.125,0.955759,0.395923
ppo,0,11,10,-0.481698,0.325081,0.371288,-4.51291,-2.77691,8.75724,9.80802,0.125,1.7623,0.395923
ppo,0,11,11,-0.51601,0.436067,0.401925,-4.529,-2.76336,8.78846,9.83231,0.125,0.818092,0.395923
ppo,0,11,12,-0.542817,0.556183,0.429512,-4.54575,-2.75333,8.81894,9.86706,0.125,0.941661,0.395923
ppo,0,11,13,-0.561056,0.689242,0.450044,-4.563,-2.74332,8.8499,9.91744,0.125,0.192634,0.395923
ppo,0,11,14,-0.567357,0.834636,0.471116,-4.5795,-2.73399,8.88079,9.97772,0.125,0.477681,0.395923
ppo,0,11,15,-0.55709,0.990126,0.490008,-4.59226,-2.72819,8.91381,10.0533,0.125,0.998085,0.395923
ppo,0,11,16,-0.534383,1.16142,0.503625,-4.60308,-2.72372,8.94382,10.1433,0.125,0.709139,0.395923
ppo,0,11,17,-0.497371,1.3367,0.520728,-4.61359,-2.72581,8.97602,10.244,0.125,1.5578,0.395923
ppo,0,11,18,-0.443319,1.51481,0.537116,-4.62338,-2.72906,9.00694,10.3548,0.125,1.46038,0.395923
ppo,0,11,19,-0.368482,1.69276,0.552347,-4.63251,-2.73512,9.03803,10.4783,0.125,1.30589,0.395923
ppo,0,11,20,-0.275316,1.8599,0.565702,-4.64138,-2.74073,9.06773,10.6072,0.125,1.13709,0.395923
ppo,0,11,21,-0.169288,2.01349,0.571712,-4.6462,-2.74447,9.09659,10.7403,0.125,1.17912,0.395923
ppo,0,11,22,-0.0562158,2.14923,0.564933,-4.65067,-2.74759,9.13078,10.884,0.125,0.794455,0.395923
ppo,0,11,23,0.0529234,2.26582,0.540248,-4.65441,-2.75026,9.16261,11.0302,0.125,1.37343,0.395923
ppo,0,11,24,0.153215,2.37184,0.495311,-4.65959,-2.75383,9.19147,11.183,0.125,1.19415,0.395923
ppo,0,11,25,0.237667,2.47105,0.434167,-4.66019,-2.75985,9.2246,11.3412,0.125,1.7165,0.395923
ppo,0,11,26,0.301002,2.574,0.358197,-4.66237,-2.7683,9.25651,11.5046,0.125,1.56284,0.395923
ppo,0,11,27,0.344507,2.68739,0.274,-4.66254,-2.77678,9.28503,11.6673,0.125,1.39359,0.395923
ppo,0,11,28,0.367633,2.81972,0.192917,-4.66394,-2.78691,9.31726,11.8324,0.125,1.21871,0.395923
ppo,0,11,29,0.379965,2.97414,0.124744,-4.66679,-2.79706,9.3477,11.9933,0.125,0.855826,0.395923
ppo,0,11,30,0.388027,3.1439,0.0718608,-4.66767,-2.80633,9.37662,12.1468,0.125,1.54955,0.395923
ppo,0,11,31,0.407087,3.32487,0.0355009,-4.66658,-2.81562,9.4069,12.2992,0.125,1.02241,0.395923
ppo,0,11,32,0.44012,3.51029,0.0130424,-4.66848,-2.82397,9.43518,12.4498,0.125,0.801209,0.395923
ppo,0,11,33,0.488228,3.68959,-0.00474584,-4.66842,-2.83001,9.46154,12.5979,0.125,1.38515,0.395923
ppo,0,11,34,0.554841,3.85793,-0.0292292,-4.66678,-2.83648,9.48426,12.751,0.125,0.782846,0.395923
ppo,0,11,35,0.631645,4.01513,-0.0676294,-4.66439,-2.84183,9.50619,12.9122,0.125,1.38169,0.395923
ppo,0,11,36,0.711903,4.16254,-0.127145,-4.66385,-2.84845,9.52646,13.0861,0.125,0.933979,0.395923
ppo,0,11,37,0.789167,4.31243,-0.204298,-4.66238,-2.85646,9.54781,13.2746,0.125,1.03559,0.395923
ppo,0,11,38,0.860325,4.47065,-0.298768,-4.66038,-2.86312,9.57114,13.4788,0.125,1.55358,0.395923
ppo,0,11,39,0.928562,4.64907,-0.404142,-4.65853,-2.87004,9.59043,13.6983,0.125,1.7181,0.395923
ppo,0,11,40,0.994847,4.84436,-0.517075,-4.65806,-2.87684,9.60847,13.9319,0.125,1.31559,0.395923
ppo,0,11,41,1.06584,5.05721,-0.636748,-4.66379,-2.88523,9.62576,14.1856,0.125,1.82471,0.395923
ppo,0,11,42,1.14632,5.28388,-0.758603,-4.67109,-2.89261,9.64449,14.4541,0.125,1.00727,0.395923
ppo,0,11,43,1.23923,5.52527,-0.875656,-4.67583,-2.89897,9.66467,14.7328,0.125,0.937781,0.395923
ppo,0,11,44,1.34734,5.77419,-0.985427,-4.67977,-2.9062,9.68403,15.0171,0.125,1.87211,0.395923
ppo,0,11,45,1.47698,6.02346,-1.08962,-4.6856,-2.9125,9.70413,15.308,0.125,1.63578,0.395923
ppo,0,11,46,1.62525,6.26421,-1.20054,-4.69377,-2.92269,9.7222,15.6088,0.125,2.6678,0.395923
ppo,0,11,47,1.77901,6.49003,-1.32771,-4.69982,-2.93273,9.73779,15.9125,0.125,2.10729,0.395923
ppo,0,11,48,1.92441,6.71046,-1.47419,-4.70064,-2.94473,9.74963,16.22,0.125,1.40476,0.395923
ppo,0,11,49,2.05558,6.93717,-1.63769,-4.70251,-2.9564,9.75953,16.5364,0.125,0.364094,0.395923
ppo,0,11,50,2.16673,7.18494,-1.80458,-4.70107,-2.96627,9.7703,16.858,0.125,1.1638,0.395923
ppo,0,11,51,2.27209,7.45171,-1.96191,-4.70125,-2.9772,9.77926,17.1827,0.125,2.29095,0.395923
ppo,0,11,52,2.38755,7.7289,-2.09604,-4.70576,-2.98901,9.78849,17.5052,0.125,2.07652,0.395923
ppo,0,11,53,2.52403,8.00397,-2.22126,-4.71198,-2.99793,9.79736,17.8283,0.125,1.34828,0.395923
ppo,0,11,54,2.68008,8.2681,-2.35275,-4.72028,-3.00443,9.80655,18.1572,0.125,1.46975,0.395923
ppo,0,11,55,2.8458,8.52671,-2.4965,-4.72848,-3.00834,9.81361,18.4923,0.125,2.64086,0.395923
ppo,0,11,56,3.00867,8.78756,-2.65395,-4.7365,-3.01243,9.82,18.8369,0.125,1.58071,0.395923
ppo,0,11,57,3.16394,9.05978,-2.82328,-4.7467,-3.0152,9.82488,19.1927,0.125,2.78561,0.395923
ppo,0,11,58,3.31407,9.34906,-3.00272,-4.75696,-3.01965,9.83049,19.5657,0.125,2.2029,0.395923
ppo,0,11,59,3.46707,9.65711,-3.17867,-4.76481,-3.02397,9.83481,19.948,0.125,2.99033,0.395923
ppo,0,11,60,3.63306,9.97826,-3.34685,-4.77511,-3.03094,9.83683,20.3408,0.125,1.44912,0.395923
ppo,0,11,61,3.81817,10.2977,-3.50825,-4.78331,-3.03755,9.83722,20.7344,0.125,1.37016,0.395923
ppo,0,11,62,4.01792,10.6036,-3.68034,-4.78914,-3.04456,9.83472,21.1304,0.125,4.32276,0.395923
ppo,0,11,63,4.21902,10.899,-3.86873,-4.79519,-3.05455,9.83123,21.5325,0.125,3.14468,0.395923
ppo,0,11,64,4.40518,11.2036,-4.0716,-4.79996,-3.06217,9.82891,21.9425,0.125,1.31543,0.395923
ppo,0,11,65,4.57995,11.5308,-4.27177,-4.80472,-3.07297,9.82511,22.3621,0.125,5.63267,0.395923
ppo,0,11,66,4.75777,11.8733,-4.4572,-4.8057,-3.08808,9.82018,22.7848,0.125,3.05987,0.395923
ppo,0,11,67,4.95452,12.2158,-4.62947,-4.80376,-3.10675,9.81633,23.2096,0.125,3.06318,0.395923
ppo,0,11,68,5.16672,12.5455,-4.80556,-4.79947,-3.12603,9.81506,23.6365,0.125,2.63052,0.395923
ppo,0,11,69,5.38116,12.8657,-4.99663,-4.79259,-3.14856,9.81178,24.0676,0.125,3.20475,0.395923
ppo,0,11,70,5.58888,13.1892,-5.20604,-4.78437,-3.16987,9.8075,24.5077,0.125,3.99474,0.395923
ppo,0,11,71,5.79138,13.5352,-5.42424,-4.77638,-3.19113,9.8041,24.967,0.125,5.65525,0.395923
ppo,0,11,72,5.99848,13.9021,-5.6335,-4.76593,-3.21108,9.80101,25.4353,0.125,3.22163,0.395923
ppo,0,11,73,6.22356,14.2749,-5.83089,-4.75307,-3.23364,9.80083,25.9111,0.125,2.79475,0.395923
ppo,0,11,74,6.46738,14.6369,-6.03359,-4.74159,-3.2535,9.80256,26.3911,0.125,3.87192,0.395923
ppo,0,11,75,6.71156,14.9865,-6.25613,-4.72899,-3.27523,9.80551,26.8766,0.125,3.56376,0.395923
ppo,0,11,76,6.94219,15.3461,-6.48872,-4.71539,-3.29802,9.80979,27.3705,0.125,4.06685,0.395923
ppo,0,11,77,7.16801,15.7262,-6.71655,-4.69879,-3.31894,9.81078,27.8692,0.125,3.41277,0.395923
ppo,0,11,78,7.40971,16.1202,-6.93576,-4.68533,-3.33828,9.81073,28.379,0.125,3.68723,0.395923
ppo,0,11,79,7.67304,16.5053,-7.15345,-4.67111,-3.35807,9.80764,28.8896,0.125,5.11384,0.395923
ppo,0,11,80,7.94096,16.8823,-7.38818,-4.65455,-3.379,9.80582,29.4075,0.125,4.91362,0.395923
ppo,0,11,81,8.19818,17.2644,-7.64016,-4.63641,-3.39541,9.8057,29.9318,0.125,2.39793,0.395923
ppo,0,11,82,8.45049,17.6678,-7.89505,-4.62083,-3.41187,9.80381,30.4707,0.125,2.67681,0.395923
ppo,0,11,83,8.71855,18.0842,-8.13921,-4.60331,-3.42623,9.80629,31.0196,0.125,2.78596,0.395923
ppo,0,11,84,9.00637,18.501,-8.38318,-4.58118,-3.44188,9.81135,31.5777,0.125,2.22445,0.395923
ppo,0,11,85,9.3041,18.9061,-8.64558,-4.56077,-3.45284,9.81751,32.1409,0.125,6.8687,0.395923
ppo,0,11,86,9.59289,19.3189,-8.92379,-4.54166,-3.46289,9.8236,32.7148,0.125,3.89949,0.395923
ppo,0,11,87,9.87977,19.7512,-9.19712,-4.52351,-3.46905,9.83007,33.2967,0.125,2.97861,0.395923
ppo,0,11,88,10.1829,20.1947,-9.46524,-4.50686,-3.47306,9.84023,33.8918,0.125,4.33273,0.395923
ppo,0,11,89,10.5063,20.6293,-9.73947,-4.49409,-3.47471,9.84841,34.492,0.125,1.8148,0.395923
ppo,0,11,90,10.8282,21.0616,-10.0317,-4.48056,-3.48016,9.85796,35.1035,0.125,2.75418,0.395923
ppo,0,11,91,11.1396,21.5086,-10.3361,-4.4676,-3.48604,9.86546,35.7271,0.125,5.52594,0.395923
ppo,0,11,92,11.4556,21.9753,-10.6321,-4.45541,-3.49542,9.86792,36.3616,0.125,3.98226,0.395923
ppo,0,11,93,11.7926,22.4396,-10.9256,-4.44379,-3.50377,9.86732,37.0003,0.125,5.6068,0.395923
ppo,0,11,94,12.1363,22.8952,-11.2367,-4.43458,-3.51263,9.86904,37.6486,0.125,7.04497,0.395923
ppo,0,11,95,12.4669,23.3579,-11.5608,-4.42626,-3.52431,9.87096,38.306,0.125,10.2168,0.395923
ppo,0,11,96,12.7954,23.8433,-11.8759,-4.41693,-3.5385,9.87519,38.9761,0.125,5.51119,0.395923
ppo,0,11,97,13.1463,24.3333,-12.184,-4.40413,-3.55157,9.88066,39.6539,0.125,3.12163,0.395923
ppo,0,11,98,13.5071,24.8139,-12.5114,-4.38845,-3.56603,9.88691,40.3404,0.125,8.53857,0.395923
ppo,0,11,99,13.8572,25.2964,-12.8629,-4.37038,-3.58048,9.89367,41.0363,0.125,6.22802,0.395923
ppo,0,11,100,14.21,25.7997,-13.2102,-4.35021,-3.59685,9.89848,41.745,0.125,1.24783,0.395923
ppo,0,11,101,14.5837,26.31,-13.5535,-4.3288,-3.61237,9.90456,42.4654,0.125,2.29202,0.395923
ppo,0,11,102,14.97,26.8058,-13.9095,-4.30674,-3.63174,9.91145,43.1912,0.125,7.01439,0.395923
ppo,0,11,103,15.3456,27.3073,-14.2864,-4.2853,-3.65073,9.91556,43.9261,0.125,5.56613,0.395923
ppo,0,11,104,15.7201,27.8288,-14.6561,-4.26245,-3.6653,9.9208,44.6677,0.125,8.23434,0.395923
ppo,0,11,105,16.1105,28.3484,-15.0215,-4.24087,-3.67825,9.92836,45.4134,0.125,9.57896,0.395923
ppo,0,11,106,16.5082,28.8611,-15.4055,-4.21958,-3.69119,9.93777,46.169,0.125,6.67377,0.395923
ppo,0,11,107,16.8972,29.3862,-15.8005,-4.20334,-3.70116,9.9464,46.9352,0.125,7.17307,0.395923
ppo,0,11,108,17.2887,29.9269,-16.1916,-4.1854,-3.71303,9.95275,47.7107,0.125,6.38029,0.395923
ppo,0,11,109,17.7042,30.466,-16.5847,-4.16879,-3.72207,9.96097,48.4966,0.125,11.8762,0.395923
ppo,0,11,110,18.1144,31.0004,-16.9958,-4.15419,-3.73249,9.96593,49.2869,0.125,4.24494,0.395923
ppo,0,11,111,18.5129,31.555,-17.4132,-4.13757,-3.74273,9.97322,50.0898,0.125,9.41473,0.395923
ppo,0,11,112,18.9255,32.1208,-17.8209,-4.12152,-3.754,9.98156,50.9033,0.125,8.00465,0.395923
ppo,0,11,113,19.3554,32.6744,-18.2433,-4.10807,-3.76273,9.98648,51.7216,0.125,8.9063,0.395923
ppo,0,11,114,19.7764,33.2337,-18.6813,-4.09545,-3.76979,9.98908,52.5463,0.125,7.20637,0.395923
ppo,0,11,115,20.1987,33.8125,-19.1133,-4.08417,-3.77475,9.99024,53.3804,0.125,3.32579,0.395923
ppo,0,11,116,20.6404,34.3915,-19.5457,-4.07557,-3.77421,9.99318,54.2222,0.125,5.61474,0.395923
ppo,0,11,117,21.0814,34.9639,-20,-4.0722,-3.77478,10.0008,55.0767,0.125,26.5281,0.395923
ppo,0,11,118,21.5173,35.5565,-20.4527,-4.06886,-3.77866,10.0066,55.9435,0.125,16.5746,0.395923
ppo,0,11,119,21.9692,36.1521,-20.8952,-4.06509,-3.78276,10.0134,56.8148,0.125,16.4332,0.395923
ppo,0,11,120,22.4312,36.7345,-21.3527,-4.05881,-3.78751,10.0194,57.6886,0.125,18.0346,0.395923
ppo,0,11,121,22.8818,37.3297,-21.8223,-4.05376,-3.79408,10.0245,58.574,0.125,11.8907,0.395923
ppo,0,11,122,23.3449,37.9361,-22.2841,-4.04717,-3.80028,10.0256,59.4657,0.125,4.10822,0.395923
ppo,0,11,123,23.8234,38.5355,-22.7548,-4.04116,-3.80669,10.0287,60.366,0.125,16.8658,0.395923
ppo,0,11,124,24.2929,39.1475,-23.2418,-4.03117,-3.81159,10.032,61.2771,0.125,7.97314,0.395923
ppo,0,11,125,24.7714,39.7741,-23.72,-4.01595,-3.81346,10.0318,62.1914,0.125,14.8567,0.395923
ppo,0,11,126,25.2649,40.3906,-24.203,-4.00472,-3.81151,10.0333,63.1083,0.125,22.3477,0.395923
ppo,0,11,127,25.749,41.0105,-24.7054,-3.9925,-3.80983,10.0366,64.0345,0.125,12.3623,0.395923
ppo,0,11,128,26.238,41.6489,-25.2005,-3.98386,-3.81012,10.0391,64.9747,0.125,14.4695,0.395923
ppo,0,11,129,26.7452,42.2765,-25.6986,-3.97413,-3.81164,10.0392,65.9165,0.125,8.7153,0.395923
ppo,0,11,130,27.2434,42.9043,-26.2184,-3.96371,-3.8132,10.0405,66.8664,0.125,16.826,0.395923
ppo,0,11,131,27.7443,43.5536,-26.7337,-3.95166,-3.81502,10.0419,67.8297,0.125,24.8837,0.395923
ppo,0,11,132,28.2623,44.1947,-27.2498,-3.94211,-3.81518,10.047,68.7976,0.125,26.4839,0.395923
ppo,0,11,133,28.7719,44.835,-27.7854,-3.93308,-3.81572,10.0531,69.773,0.125,8.24776,0.395923
ppo,0,11,134,29.2838,45.4939,-28.3132,-3.92471,-3.81674,10.0583,70.7581,0.125,28.148,0.395923
ppo,0,11,135,29.8136,46.1426,-28.843,-3.91688,-3.81703,10.0658,71.7468,0.125,20.2798,0.395923
ppo,0,11,136,30.3326,46.7953,-29.3889,-3.91016,-3.81584,10.0737,72.7417,0.125,24.8944,0.395923
ppo,0,11,137,30.8619,47.4625,-29.9192,-3.90101,-3.81409,10.0772,73.7391,0.125,4.08001,0.395923
ppo,0,11,138,31.4046,48.1188,-30.4588,-3.89129,-3.81316,10.0754,74.7379,0.125,19.5061,0.395923
ppo,0,11,139,31.9311,48.7882,-31.0131,-3.88137,-3.80872,10.0713,75.7423,0.125,27.7929,0.395923
ppo,0,11,140,32.4728,49.4747,-31.553,-3.86999,-3.80595,10.0682,76.759,0.125,28.9805,0.395923
ppo,0,11,141,33.0223,50.1516,-32.1061,-3.85827,-3.80425,10.0638,77.7799,0.125,22.7582,0.395923
ppo,0,11,142,33.5627,50.8446,-32.6663,-3.84535,-3.80052,10.06,78.8099,0.125,46.1255,0.395923
ppo,0,11,143,34.1226,51.5347,-33.2187,-3.83105,-3.79638,10.0572,79.8424,0.125,12.7743,0.395923
ppo,0,11,144,34.6815,52.2166,-33.7918,-3.81807,-3.79132,10.0512,80.8784,0.125,9.91993,0.395923
ppo,0,11,145,35.2349,52.9219,-34.3661,-3.80883,-3.78867,10.0434,81.9311,0.125,4.15179,0.395923
ppo,0,11,146,35.807,53.6192,-34.9405,-3.79948,-3.78554,10.036,82.9871,0.125,38.4291,0.395923
ppo,0,11,147,36.3698,54.3176,-35.534,-3.78687,-3.78398,10.027,84.0484,0.125,39.1469,0.395923
ppo,0,11,148,36.9399,55.0329,-36.1148,-3.77118,-3.7781,10.0206,85.1152,0.125,8.68197,0.395923
ppo,0,11,149,37.5177,55.7329,-36.7095,-3.75624,-3.77008,10.0154,86.1821,0.125,21.5022,0.395923
ppo,0,11,150,38.0841,56.4498,-37.3083,-3.74036,-3.76257,10.0114,87.2581,0.125,26.0128,0.395923
ppo,0,11,151,38.67,57.1649,-37.8968,-3.72566,-3.75245,10.0078,88.3355,0.125,10.1656,0.395923
ppo,0,11,152,39.2479,57.877,-38.5046,-3.71078,-3.73918,10.0036,89.415,0.125,28.9178,0.395923
ppo,0,11,153,39.8282,58.605,-39.1015,-3.69637,-3.72595,10.0026,90.5027,0.125,16.2742,0.395923
ppo,0,11,154,40.4234,59.3158,-39.7105,-3.67985,-3.71326,9.99646,91.589,0.125,20.6534,0.395923
ppo,0,11,155,41.0049,60.0418,-40.3287,-3.66727,-3.70259,9.98811,92.6862,0.125,26.6391,0.395923
ppo,0,11,156,41.6071,60.771,-40.9355,-3.65896,-3.68905,9.97796,93.7886,0.125,38.269,0.395923
ppo,0,11,157,42.2053,61.4916,-41.5619,-3.64924,-3.67685,9.96717,94.8937,0.125,7.20847,0.395923
ppo,0,11,158,42.8102,62.2304,-42.1803,-3.64234,-3.66511,9.95678,96.0121,0.125,13.6758,0.395923
ppo,0,11,159,43.4284,62.9569,-42.8071,-3.63404,-3.65694,9.94575,97.1346,0.125,62.9673,0.395923
ppo,0,11,160,44.039,63.7036,-43.4392,-3.62486,-3.64882,9.93505,98.2701,0.125,42.0709,0.395923
ppo,0,11,161,44.6707,64.4537,-44.067,-3.61585,-3.64172,9.92154,99.415,0.125,31.8337,0.395923
ppo,0,11,162,45.2911,65.2044,-44.7108,-3.60405,-3.63363,9.91023,100.563,0.125,16.5381,0.395923
ppo,0,11,163,45.9199,65.9723,-45.3437,-3.5924,-3.6294,9.8991,101.723,0.125,28.2263,0.395923
ppo,0,11,164,46.5548,66.7277,-45.9925,-3.57988,-3.62303,9.88892,102.886,0.125,22.224,0.395923
ppo,0,11,165,47.1797,67.5046,-46.6397,-3.56681,-3.61626,9.87782,104.056,0.125,75.6421,0.395923
ppo,0,11,166,47.8224,68.2673,-47.2897,-3.5521,-3.60698,9.8683,105.225,0.125,75.1344,0.395923
ppo,0,11,167,48.4458,69.0394,-47.9527,-3.54091,-3.59729,9.85872,106.4,0.125,47.7245,0.395923
ppo,0,11,168,49.0884,69.8105,-48.6036,-3.53256,-3.58644,9.85081,107.578,0.125,70.5449,0.395923
ppo,0,11,169,49.7217,70.5799,-49.2698,-3.52003,-3.57358,9.84509,108.757,0.125,28.244,0.395923
ppo,0,11,170,50.364,71.3629,-49.9267,-3.50841,-3.55875,9.83996,109.943,0.125,41.6382,0.395923
ppo,0,11,171,51.0049,72.1293,-50.6047,-3.49513,-3.54213,9.83709,111.129,0.125,16.2019,0.395923
ppo,0,11,172,51.6432,72.9162,-51.2756,-3.48347,-3.52807,9.83201,112.325,0.125,69.4543,0.395923
ppo,0,11,173,52.2956,73.6816,-51.9526,-3.46894,-3.51596,9.82705,113.516,0.125,15.0677,0.395923
ppo,0,11,174,52.9356,74.4661,-52.633,-3.45324,-3.50453,9.82053,114.715,0.125,38.5968,0.395923
ppo,0,11,175,53.5944,75.2417,-53.3123,-3.43723,-3.49018,9.81244,115.914,0.125,73.1099,0.395923
ppo,0,11,176,54.2352,76.0286,-54.0024,-3.42504,-3.47638,9.80552,117.12,0.125,54.6354,0.395923
ppo,0,11,177,54.8999,76.8128,-54.6828,-3.41273,-3.46209,9.79878,118.331,0.125,16.0308,0.395923
ppo,0,11,178,55.5484,77.5995,-55.3785,-3.40082,-3.44658,9.79368,119.545,0.125,32.5945,0.395923
ppo,0,11,179,56.2162,78.3941,-56.0568,-3.38851,-3.43243,9.79195,120.766,0.125,54.0815,0.395923
ppo,0,11,180,56.8729,79.1733,-56.757,-3.38182,-3.41651,9.79272,121.986,0.125,65.7794,0.395923
ppo,0,11,181,57.5429,79.9627,-57.4416,-3.37775,-3.40024,9.78959,123.21,0.125,38.4831,0.395923
ppo,0,11,182,58.2097,80.7389,-58.146,-3.37381,-3.38161,9.78421,124.432,0.125,35.6483,0.395923
ppo,0,11,183,58.8827,81.5332,-58.8369,-3.37261,-3.36136,9.77653,125.661,0.125,10.2237,0.395923
ppo,0,11,184,59.5559,82.3137,-59.5437,-3.37218,-3.34204,9.76921,126.89,0.125,56.4334,0.395923
ppo,0,11,185,60.2264,83.1171,-60.234,-3.37266,-3.32707,9.76397,128.129,0.125,60.98,0.395923
ppo,0,11,186,60.8988,83.9036,-60.9406,-3.37457,-3.31283,9.76008,129.369,0.125,84.4677,0.395923
ppo,0,11,187,61.5668,84.7108,-61.6372,-3.37516,-3.29993,9.75358,130.614,0.125,107.48,0.395923
ppo,0,11,188,62.2393,85.5033,-62.3495,-3.37486,-3.28495,9.75051,131.86,0.125,19.7296,0.395923
ppo,0,11,189,62.9066,86.3169,-63.0554,-3.37748,-3.27127,9.74835,133.117,0.125,87.2123,0.395923
ppo,0,11,190,63.5824,87.1188,-63.7711,-3.38152,-3.25841,9.74815,134.377,0.125,107.972,0.395923
ppo,0,11,191,64.2539,87.9417,-64.481,-3.38648,-3.24596,9.75037,135.649,0.125,32.438,0.395923
ppo,0,11,192,64.9344,88.7455,-65.2022,-3.38864,-3.23576,9.75352,136.919,0.125,95.4655,0.395923
ppo,0,11,193,65.6099,89.5671,-65.9176,-3.38736,-3.22497,9.75684,138.194,0.125,18.8475,0.395923
ppo,0,11,194,66.298,90.372,-66.6431,-3.38637,-3.21471,9.75955,139.47,0.125,88.6927,0.395923
ppo,0,11,195,66.9758,91.1981,-67.3592,-3.38617,-3.20482,9.76552,140.751,0.125,52.6663,0.395923
ppo,0,11,196,67.6619,92.0027,-68.088,-3.38603,-3.19584,9.77199,142.031,0.125,95.4572,0.395923
ppo,0,11,197,68.3391,92.828,-68.8097,-3.38418,-3.18381,9.77833,143.313,0.125,74.365,0.395923
ppo,0,11,198,69.0217,93.6332,-69.5426,-3.38375,-3.17223,9.78494,144.592,0.125,69.0386,0.395923
ppo,0,11,199,69.704,94.4588,-70.2637,-3.38287,-3.16447,9.79199,145.88,0.125,73.5766,0.395923
ppo,0,11,200,70.3898,95.2699,-71.004,-3.38305,-3.15546,9.79918,147.17,0.125,109.176,0.395923
ppo,0,11,201,71.0833,96.0954,-71.7285,-3.38347,-3.14416,9.80644,148.465,0.125,36.0936,0.395923
ppo,0,11,202,71.7714,96.9041,-72.4724,-3.38602,-3.13176,9.81503,149.757,0.125,67.3539,0.395923
ppo,0,11,203,72.4677,97.7326,-73.2033,-3.38957,-3.11884,9.82567,151.06,0.125,51.7621,0.395923
ppo,0,11,204,73.1519,98.5558,-73.9506,-3.39501,-3.10655,9.8384,152.366,0.125,52.6478,0.395923
ppo,0,11,205,73.8493,99.385,-74.6799,-3.4019,-3.09176,9.85275,153.672,0.125,121.567,0.395923
ppo,0,11,206,74.5333,100.212,-75.4291,-3.41204,-3.07721,9.86511,154.981,0.125,31.2193,0.395923
ppo,0,11,207,75.2393,101.037,-76.1619,-3.42178,-3.0656,9.87721,156.293,0.125,71.4085,0.395923
ppo,0,11,208,75.928,101.873,-76.9043,-3.43067,-3.05383,9.88737,157.608,0.125,68.6123,0.395923
ppo,0,11,209,76.6342,102.695,-77.6469,-3.44093,-3.04364,9.89504,158.922,0.125,92.5605,0.395923
ppo,0,11,210,77.3313,103.532,-78.3915,-3.45266,-3.03398,9.90682,160.247,0.125,17.4562,0.395923
ppo,0,11,211,78.0417,104.351,-79.1409,-3.4608,-3.02262,9.91817,161.565,0.125,175.035,0.395923
ppo,0,11,212,78.7478,105.194,-79.8905,-3.46896,-3.01374,9.93123,162.9,0.125,58.4698,0.395923
ppo,0,11,213,79.4568,106.016,-80.6571,-3.47678,-3.0037,9.94585,164.232,0.125,51.2752,0.395923
ppo,0,11,214,80.1754,106.852,-81.4068,-3.48582,-2.99568,9.96288,165.572,0.125,57.9098,0.395923
ppo,0,11,215,80.8793,107.686,-82.1753,-3.49325,-2.98801,9.98182,166.914,0.125,23.0146,0.395923
ppo,0,11,216,81.6068,108.518,-82.9275,-3.49976,-2.98047,10.0002,168.258,0.125,41.6058,0.395923
ppo,0,11,217,82.3179,109.359,-83.6924,-3.50694,-2.97084,10.0154,169.603,0.125,118.855,0.395923
ppo,0,11,218,83.0475,110.187,-84.4573,-3.51239,-2.96004,10.028,170.946,0.125,76.6321,0.395923
ppo,0,11,219,83.7658,111.033,-85.2162,-3.51561,-2.94826,10.0407,172.289,0.125,109.607,0.395923
ppo,0,11,220,84.4869,111.859,-85.9902,-3.51859,-2.93587,10.0546,173.63,0.125,30.4858,0.395923
ppo,0,11,221,85.2186,112.704,-86.7463,-3.52075,-2.92185,10.0666,174.976,0.125,182.61,0.395923
ppo,0,11,222,85.9542,113.539,-87.5302,-3.5273,-2.90726,10.0775,176.335,0.125,146.678,0.395923
ppo,0,11,223,86.7109,114.373,-88.3049,-3.5337,-2.89155,10.0882,177.697,0.125,59.5273,0.395923
ppo,0,11,224,87.4481,115.225,-89.0846,-3.53967,-2.87486,10.0972,179.063,0.125,65.7619,0.395923
ppo,0,11,225,88.1959,116.06,-89.8704,-3.54619,-2.86009,10.1054,180.426,0.125,126.7,0.395923
ppo,0,11,226,88.9352,116.915,-90.6427,-3.55323,-2.84638,10.1157,181.794,0.125,42.9602,0.395923
ppo,0,11,227,89.6644,117.755,-91.4382,-3.56162,-2.83016,10.1265,183.159,0.125,109.241,0.395923
ppo,0,11,228,90.4115,118.598,-92.2178,-3.57111,-2.81256,10.1364,184.525,0.125,155.449,0.395923
ppo,0,11,229,91.137,119.456,-93.0058,-3.58269,-2.79532,10.1483,185.898,0.125,196.441,0.395923
ppo,0,11,230,91.8691,120.296,-93.8075,-3.59577,-2.77856,10.1636,187.272,0.125,105.897,0.395923
ppo,0,11,231,92.604,121.153,-94.5985,-3.61239,-2.76279,10.1759,188.654,0.125,64.5707,0.395923
ppo,0,11,232,93.3306,121.994,-95.4062,-3.62777,-2.74935,10.1858,190.031,0.125,95.2119,0.395923
ppo,0,11,233,94.0812,122.834,-96.1996,-3.64298,-2.73607,10.1952,191.41,0.125,137.385,0.395923
ppo,0,11,234,94.8096,123.688,-96.9984,-3.6573,-2.72293,10.207,192.791,0.125,42.4124,0.395923
ppo,0,11,235,95.5463,124.519,-97.7999,-3.67381,-2.71117,10.2179,194.165,0.125,191.77,0.395923
ppo,0,11,236,96.2891,125.364,-98.5871,-3.68936,-2.70125,10.2272,195.543,0.125,174.62,0.395923
ppo,0,11,237,97.0121,126.208,-99.3932,-3.7044,-2.69257,10.2344,196.919,0.125,65.4845,0.395923
ppo,0,11,238,97.7564,127.04,-100.194,-3.71782,-2.68654,10.2436,198.299,0.125,202.853,0.395923
ppo,0,11,239,98.4836,127.895,-101.002,-3.73177,-2.68193,10.2513,199.689,0.125,101.893,0.395923
ppo,0,11,240,99.205,128.735,-101.829,-3.74845,-2.68015,10.2595,201.08,0.125,148.377,0.395923
ppo,0,11,241,99.9445,129.577,-102.643,-3.76111,-2.68155,10.2698,202.476,0.125,99.4534,0.395923
ppo,0,11,242,100.666,130.435,-103.463,-3.77308,-2.68494,10.2768,203.875,0.125,220.282,0.395923
ppo,0,11,243,101.417,131.286,-104.29,-3.78371,-2.68912,10.2828,205.289,0.125,227.709,0.395923
ppo,0,11,244,102.187,132.138,-105.106,-3.79534,-2.69145,10.2877,206.705,0.125,167.511,0.395923
ppo,0,11,245,102.942,133.007,-105.929,-3.80732,-2.69374,10.2933,208.129,0.125,73.2392,0.395923
ppo,0,11,246,103.706,133.856,-106.752,-3.82107,-2.69638,10.296,209.545,0.125,124.706,0.395923
ppo,0,11,247,104.473,134.719,-107.555,-3.83432,-2.69474,10.298,210.956,0.125,162.961,0.395923
ppo,0,11,248,105.22,135.588,-108.373,-3.84356,-2.69696,10.3014,212.37,0.125,40.1963,0.395923
ppo,0,11,249,105.984,136.442,-109.191,-3.85144,-2.6997,10.3021,213.782,0.125,101.57,0.395923
ppo,0,11,250,106.748,137.317,-109.996,-3.86128,-2.70339,10.3008,215.201,0.125,277.357,0.395923
ppo,0,11,251,107.515,138.183,-110.828,-3.86815,-2.70721,10.2982,216.628,0.125,201.656,0.395923
ppo,0,11,252,108.298,139.029,-111.665,-3.87619,-2.70891,10.2936,218.052,0.125,187.977,0.395923
ppo,0,11,253,109.075,139.898,-112.501,-3.88457,-2.71265,10.285,219.487,0.125,114.572,0.395923
ppo,0,11,254,109.839,140.756,-113.358,-3.89068,-2.71469,10.2773,220.916,0.125,46.2366,0.395923
ppo,0,11,255,110.626,141.602,-114.213,-3.89717,-2.71881,10.2691,222.35,0.125,105.451,0.395923
ppo,0,11,256,111.412,142.469,-115.048,-3.90163,-2.72054,10.2597,223.784,0.125,143.609,0.395923
ppo,0,11,257,112.183,143.332,-115.902,-3.90535,-2.72084,10.2489,225.215,0.125,81.2523,0.395923
ppo,0,11,258,112.97,144.174,-116.754,-3.90611,-2.72136,10.2407,226.64,0.125,131.507,0.395923
ppo,0,11,259,113.759,145.035,-117.588,-3.91049,-2.72067,10.2327,228.07,0.125,117.022,0.395923
ppo,0,11,260,114.53,145.899,-118.438,-3.91641,-2.71995,10.2224,229.501,0.125,265.06,0.395923
ppo,0,11,261,115.325,146.754,-119.291,-3.91887,-2.72029,10.2126,230.939,0.125,277.155,0.395923
ppo,0,11,262,116.122,147.637,-120.141,-3.92345,-2.71946,10.2036,232.395,0.125,67.9782,0.395923
ppo,0,11,263,116.893,148.531,-120.998,-3.93008,-2.72018,10.1964,233.853,0.125,139.057,0.395923
ppo,0,11,264,117.675,149.405,-121.867,-3.9341,-2.71769,10.1898,235.306,0.125,441.318,0.395923
ppo,0,11,265,118.468,150.298,-122.724,-3.93701,-2.7128,10.1881,236.772,0.125,330.062,0.395923
ppo,0,11,266,119.25,151.207,-123.601,-3.9425,-2.70686,10.1856,238.254,0.125,153.85,0.395923
ppo,0,11,267,120.035,152.099,-124.5,-3.95318,-2.69793,10.1847,239.74,0.125,179.651,0.395923
ppo,0,11,268,120.839,152.978,-125.391,-3.96446,-2.6936,10.1855,241.227,0.125,199.29,0.395923
ppo,0,11,269,121.634,153.878,-126.278,-3.97754,-2.69065,10.1858,242.723,0.125,200.92,0.395923
ppo,0,11,270,122.407,154.775,-127.183,-3.98558,-2.69104,10.1868,244.216,0.125,221.099,0.395923
ppo,0,11,271,123.192,155.647,-128.099,-3.99175,-2.69151,10.185,245.702,0.125,128.56,0.395923
ppo,0,11,272,123.986,156.527,-128.992,-3.99635,-2.69264,10.1865,247.186,0.125,253.284,0.395923
ppo,0,11,273,124.765,157.427,-129.878,-4.00074,-2.69518,10.188,248.673,0.125,450.548,0.395923
ppo,0,11,274,125.558,158.315,-130.783,-4.00471,-2.69992,10.1865,250.169,0.125,228.647,0.395923
ppo,0,11,275,126.365,159.19,-131.687,-4.00782,-2.70407,10.1843,251.663,0.125,210.267,0.395923
ppo,0,11,276,127.175,160.083,-132.574,-4.00915,-2.71007,10.1786,253.158,0.125,143.323,0.395923
ppo,0,11,277,127.956,160.981,-133.468,-4.01081,-2.71626,10.1701,254.645,0.125,262.509,0.395923
ppo,0,11,278,128.76,161.86,-134.372,-4.01014,-2.72114,10.1606,256.134,0.125,153.078,0.395923
ppo,0,11,279,129.58,162.735,-135.262,-4.00865,-2.72567,10.1509,257.62,0.125,325.956,0.395923
ppo,0,11,280,130.395,163.632,-136.135,-4.00577,-2.73206,10.1395,259.108,0.125,99.8834,0.395923
ppo,0,11,281,131.193,164.532,-137.022,-4.00357,-2.74074,10.1283,260.598,0.125,170.206,0.395923
ppo,0,11,282,132,165.411,-137.915,-4.00172,-2.74951,10.119,262.085,0.125,57.8334,0.395923
ppo,0,11,283,132.819,166.292,-138.79,-3.99926,-2.75582,10.11,263.567,0.125,167.356,0.395923
ppo,0,11,284,133.628,167.195,-139.655,-3.99286,-2.76265,10.0989,265.05,0.125,419.059,0.395923
ppo,0,11,285,134.427,168.097,-140.532,-3.98553,-2.77084,10.0867,266.534,0.125,346.756,0.395923
ppo,0,11,286,135.234,168.975,-141.421,-3.97962,-2.77803,10.0766,268.013,0.125,71.2765,0.395923
ppo,0,11,287,136.058,169.856,-142.293,-3.97608,-2.78737,10.0684,269.498,0.125,195.815,0.395923
ppo,0,11,288,136.891,170.751,-143.152,-3.97161,-2.79507,10.0595,270.987,0.125,146.59,0.395923
ppo,0,11,289,137.704,171.643,-144.029,-3.96565,-2.803,10.0539,272.477,0.125,246.274,0.395923
ppo,0,11,290,138.526,172.512,-144.92,-3.95725,-2.80879,10.0481,273.96,0.125,46.5369,0.395923
ppo,0,11,291,139.368,173.375,-145.798,-3.94874,-2.81128,10.0414,275.44,0.125,184.13,0.395923
ppo,0,11,292,140.206,174.26,-146.666,-3.93918,-2.81263,10.0333,276.925,0.125,275.966,0.395923
ppo,0,11,293,141.03,175.162,-147.535,-3.92999,-2.81571,10.0256,278.415,0.125,214.08,0.395923
ppo,0,11,294,141.844,176.048,-148.417,-3.92058,-2.8197,10.0154,279.896,0.125,320.596,0.395923
ppo,0,11,295,142.669,176.915,-149.309,-3.9113,-2.82264,10.0028,281.374,0.125,239.412,0.395923
ppo,0,11,296,143.504,177.787,-150.178,-3.89956,-2.82619,9.9901,282.848,0.125,219.182,0.395923
ppo,0,11,297,144.322,178.678,-151.058,-3.88674,-2.82818,9.97805,284.329,0.125,107.779,0.395923
ppo,0,11,298,145.116,179.565,-151.955,-3.87571,-2.82794,9.97236,285.808,0.125,167.822,0.395923
ppo,0,11,299,145.911,180.427,-152.863,-3.86491,-2.82864,9.96669,287.279,0.125,302.826,0.395923
ppo,0,12,0,0,0,0,-7.70838,-4.88893,-4.84557,10.3344,0.125,0.842721,0.323094
ppo,0,12,1,-0.0040699,-0.00995372,-0.019889,-7.646,-4.87634,-4.86171,10.2725,0.125,1.19563,0.323094
ppo,0,12,2,-0.0170951,-0.0266318,-0.0576437,-7.5846,-4.86196,-4.87836,10.1925,0.125,0.40887,0.323094
ppo,0,12,3,-0.0425439,-0.0447534,-0.114324,-7.5256,-4.84759,-4.8997,10.0977,0.125,0.850169,0.323094
ppo,0,12,4,-0.0760312,-0.0694647,-0.191651,-7.46854,-4.83534,-4.9238,9.98779,0.125,0.79744,0.323094
ppo,0,12,5,-0.11418,-0.0865657,-0.288115,-7.41345,-4.82256,-4.95153,9.872,0.125,1.20244,0.323094
ppo,0,12,6,-0.155844,-0.0948943,-0.399125,-7.36172,-4.81098,-4.98085,9.75491,0.125,0.671224,0.323094
ppo,0,12,7,-0.205682,-0.0908726,-0.522943,-7.31089,-4.79843,-5.00973,9.63205,0.125,0.364095,0.323094
ppo,0,12,8,-0.263026,-0.0778196,-0.666652,-7.26374,-4.78571,-5.04004,9.50267,0.125,0.50225,0.323094
ppo,0,12,9,-0.323844,-0.0512653,-0.821052,-7.22093,-4.77323,-5.07017,9.37666,0.125,0.911288,0.323094
ppo,0,12,10,-0.387637,-0.00453342,-0.988667,-7.17962,-4.75751,-5.10007,9.2534,0.125,0.414527,0.323094
ppo,0,12,11,-0.452268,0.0546541,-1.16423,-7.13717,-4.73458,-5.12813,9.12892,0.125,0.216753,0.323094
ppo,0,12,12,-0.515178,0.131799,-1.34959,-7.09591,-4.71055,-5.15379,9.01257,0.125,0.835424,0.323094
ppo,0,12,13,-0.576927,0.221297,-1.54368,-7.05684,-4.68438,-5.18176,8.90453,0.125,0.521829,0.323094
ppo,0,12,14,-0.633882,0.32878,-1.74515,-7.02222,-4.65971,-5.20964,8.81468,0.125,0.516853,0.323094
ppo,0,12,15,-0.684977,0.45562,-1.9504,-6.98962,-4.63598,-5.24069,8.74637,0.125,0.869232,0.323094
ppo,0,12,16,-0.730807,0.599857,-2.16553,-6.95689,-4.60898,-5.26819,8.69037,0.125,0.721002,0.323094
ppo,0,12,17,-0.76462,0.759461,-2.38347,-6.92692,-4.58343,-5.295,8.66011,0.125,0.776376,0.323094
ppo,0,12,18,-0.778096,0.926307,-2.60632,-6.89703,-4.55917,-5.32265,8.65507,0.125,0.418161,0.323094
ppo,0,12,19,-0.776489,1.09819,-2.83271,-6.86769,-4.5328,-5.35081,8.669,0.125,0.561328,0.323094
ppo,0,12,20,-0.762299,1.2665,-3.06938,-6.84057,-4.50624,-5.37745,8.69466,0.125,0.678318,0.323094
ppo,0,12,21,-0.735533,1.42855,-3.31634,-6.81498,-4.48025,-5.40275,8.73079,0.125,1.32993,0.323094
ppo,0,12,22,-0.70553,1.5764,-3.5756,-6.78805,-4.45616,-5.42583,8.76425,0.125,0.556663,0.323094
ppo,0,12,23,-0.676984,1.71616,-3.8519,-6.76065,-4.43106,-5.4482,8.79474,0.125,0.621272,0.323094
ppo,0,12,24,-0.660764,1.84615,-4.1514,-6.73206,-4.40187,-5.47186,8.81147,0.125,0.73234,0.323094
ppo,0,12,25,-0.663011,1.97357,-4.46979,-6.70585,-4.3735,-5.49655,8.82357,0.125,0.496013,0.323094
ppo,0,12,26,-0.684024,2.10803,-4.79745,-6.67866,-4.34385,-5.52297,8.83678,0.125,1.63784,0.323094
ppo,0,12,27,-0.725788,2.25665,-5.12715,-6.65396,-4.313,-5.54895,8.85898,0.125,0.337504,0.323094
ppo,0,12,28,-0.782668,2.42673,-5.44691,-6.63055,-4.27912,-5.57336,8.89843,0.125,0.707843,0.323094
ppo,0,12,29,-0.84713,2.61652,-5.7505,-6.61129,-4.24785,-5.59763,8.96484,0.125,0.888981,0.323094
ppo,0,12,30,-0.910555,2.82047,-6.03737,-6.59367,-4.215,-5.62356,9.05356,0.125,0.825176,0.323094
ppo,0,12,31,-0.964708,3.02675,-6.30395,-6.57689,-4.18263,-5.64715,9.15987,0.125,0.525545,0.323094
ppo,0,12,32,-1.00351,3.23357,-6.55757,-6.56474,-4.1471,-5.67236,9.2836,0.125,1.34563,0.323094
ppo,0,12,33,-1.02717,3.43049,-6.80787,-6.55277,-4.11153,-5.69895,9.41509,0.125,1.04633,0.323094
ppo,0,12,34,-1.03776,3.61391,-7.06508,-6.54128,-4.07997,-5.72593,9.55394,0.125,0.444642,0.323094
ppo,0,12,35,-1.04541,3.78693,-7.34088,-6.52702,-4.04687,-5.75201,9.69232,0.125,2.32455,0.323094
ppo,0,12,36,-1.05668,3.95373,-7.63488,-6.5158,-4.01293,-5.77661,9.83478,0.125,1.71557,0.323094
ppo,0,12,37,-1.07376,4.12281,-7.94946,-6.503,-3.98052,-5.79862,9.98833,0.125,0.513637,0.323094
ppo,0,12,38,-1.09814,4.30024,-8.27247,-6.49026,-3.94917,-5.82245,10.1553,0.125,0.625223,0.323094
ppo,0,12,39,-1.12883,4.49433,-8.59789,-6.4759,-3.91701,-5.8455,10.3401,0.125,0.736406,0.323094
ppo,0,12,40,-1.16349,4.70834,-8.92393,-6.46152,-3.88529,-5.86817,10.5479,0.125,1.01301,0.323094
ppo,0,12,41,-1.19741,4.9401,-9.24746,-6.44964,-3.85906,-5.89339,10.7824,0.125,0.946008,0.323094
ppo,0,12,42,-1.21929,5.18802,-9.56656,-6.4362,-3.82935,-5.91859,11.038,0.125,0.989877,0.323094
ppo,0,12,43,-1.22629,5.44444,-9.88217,-6.42267,-3.79865,-5.94087,11.3124,0.125,1.19711,0.323094
ppo,0,12,44,-1.21155,5.7096,-10.1921,-6.4128,-3.76715,-5.96202,11.6084,0.125,1.97588,0.323094
ppo,0,12,45,-1.17857,5.97087,-10.5083,-6.40145,-3.73958,-5.9807,11.9193,0.125,1.08916,0.323094
ppo,0,12,46,-1.13023,6.21745,-10.8365,-6.39108,-3.71075,-5.99749,12.2336,0.125,0.89644,0.323094
ppo,0,12,47,-1.08109,6.44941,-11.1844,-6.38161,-3.67962,-6.01281,12.5474,0.125,1.88918,0.323094
ppo,0,12,48,-1.04218,6.67978,-11.5548,-6.37099,-3.64772,-6.02836,12.8684,0.125,0.91301,0.323094
ppo,0,12,49,-1.02503,6.91646,-11.938,-6.36092,-3.61805,-6.04376,13.1981,0.125,1.3226,0.323094
ppo,0,12,50,-1.02464,7.17394,-12.325,-6.35172,-3.58582,-6.05655,13.5441,0.125,0.635518,0.323094
ppo,0,12,51,-1.02848,7.45084,-12.6971,-6.34532,-3.55151,-6.0681,13.9019,0.125,1.60292,0.323094
ppo,0,12,52,-1.01352,7.73693,-13.0534,-6.34084,-3.51641,-6.07615,14.2723,0.125,1.57496,0.323094
ppo,0,12,53,-0.977228,8.01622,-13.4029,-6.34097,-3.48123,-6.08097,14.6483,0.125,1.55209,0.323094
ppo,0,12,54,-0.927925,8.27879,-13.7601,-6.34354,-3.44762,-6.08338,15.0256,0.125,1.71036,0.323094
ppo,0,12,55,-0.873909,8.53189,-14.1345,-6.34611,-3.41391,-6.08762,15.4078,0.125,1.45392,0.323094
ppo,0,12,56,-0.826979,8.78253,-14.5269,-6.34653,-3.37814,-6.09186,15.7955,0.125,1.90561,0.323094
ppo,0,12,57,-0.791039,9.04715,-14.9317,-6.34858,-3.34431,-6.09496,16.2025,0.125,1.07625,0.323094
ppo,0,12,58,-0.765984,9.32542,-15.3387,-6.35064,-3.30917,-6.09826,16.6195,0.125,1.79092,0.323094
ppo,0,12,59,-0.737524,9.62115,-15.738,-6.35549,-3.27835,-6.10083,17.0539,0.125,1.33124,0.323094
ppo,0,12,60,-0.693953,9.92755,-16.1266,-6.36167,-3.24913,-6.10078,17.5004,0.125,1.44898,0.323094
ppo,0,12,61,-0.631633,10.2322,-16.5133,-6.36697,-3.21985,-6.10093,17.9518,0.125,2.39702,0.323094
ppo,0,12,62,-0.551984,10.5271,-16.9074,-6.37488,-3.18858,-6.10015,18.4071,0.125,2.79362,0.323094
ppo,0,12,63,-0.470403,10.811,-17.3224,-6.3857,-3.15904,-6.0999,18.8705,0.125,2.78633,0.323094
ppo,0,12,64,-0.405966,11.1027,-17.7532,-6.39625,-3.12991,-6.10343,19.3434,0.125,1.61234,0.323094
ppo,0,12,65,-0.357178,11.4104,-18.1845,-6.4091,-3.10368,-6.10772,19.8276,0.125,1.39013,0.323094
ppo,0,12,66,-0.305821,11.736,-18.5998,-6.41951,-3.07735,-6.11558,20.3142,0.125,1.9713,0.323094
ppo,0,12,67,-0.242999,12.0647,-19.0008,-6.42716,-3.04979,-6.12358,20.797,0.125,2.83851,0.323094
ppo,0,12,68,-0.159181,12.384,-19.402,-6.43491,-3.02295,-6.13108,21.2809,0.125,4.36757,0.323094
ppo,0,12,69,-0.0718441,12.6905,-19.817,-6.44284,-2.9963,-6.13674,21.7673,0.125,3.07203,0.323094
ppo,0,12,70,0.00471915,13.0049,-20.2516,-6.45211,-2.97132,-6.13949,22.2729,0.125,3.59831,0.323094
ppo,0,12,71,0.0707694,13.3334,-20.6929,-6.46175,-2.94922,-6.14123,22.7936,0.125,1.91627,0.323094
ppo,0,12,72,0.137967,13.6817,-21.1261,-6.47079,-2.92875,-6.14373,23.325,0.125,3.20487,0.323094
ppo,0,12,73,0.218969,14.0397,-21.5502,-6.48105,-2.90711,-6.14303,23.8634,0.125,2.25208,0.323094
ppo,0,12,74,0.321718,14.3926,-21.9741,-6.49191,-2.88565,-6.13837,24.4076,0.125,6.33104,0.323094
ppo,0,12,75,0.428519,14.7331,-22.4162,-6.50323,-2.8659,-6.13295,24.9583,0.125,5.27258,0.323094
ppo,0,12,76,0.522377,15.076,-22.8813,-6.51236,-2.84492,-6.12688,25.5217,0.125,5.4632,0.323094
ppo,0,12,77,0.604956,15.4381,-23.3452,-6.52066,-2.82391,-6.11916,26.0962,0.125,2.68071,0.323094
ppo,0,12,78,0.694781,15.8162,-23.7951,-6.52689,-2.80494,-6.10731,26.6787,0.125,5.68294,0.323094
ppo,0,12,79,0.8065,16.1874,-24.238,-6.53407,-2.78874,-6.09709,27.2593,0.125,4.49705,0.323094
ppo,0,12,80,0.928001,16.5406,-24.6927,-6.54066,-2.7709,-6.08981,27.8349,0.125,1.64923,0.323094
ppo,0,12,81,1.04657,16.894,-25.1656,-6.54386,-2.75454,-6.08084,28.4237,0.125,3.20362,0.323094
ppo,0,12,82,1.15344,17.2642,-25.6445,-6.54377,-2.73654,-6.0702,29.0246,0.125,1.95241,0.323094
ppo,0,12,83,1.26287,17.6528,-26.1163,-6.5423,-2.71769,-6.05758,29.6349,0.125,2.61898,0.323094
ppo,0,12,84,1.3912,18.0434,-26.5856,-6.54097,-2.69728,-6.04638,30.2482,0.125,5.95143,0.323094
ppo,0,12,85,1.53193,18.4223,-27.065,-6.53904,-2.67724,-6.03545,30.8638,0.125,6.02511,0.323094
ppo,0,12,86,1.66768,18.8003,-27.5619,-6.53612,-2.65738,-6.02295,31.4907,0.125,3.48317,0.323094
ppo,0,12,87,1.7897,19.1987,-28.0647,-6.53562,-2.64015,-6.00797,32.1364,0.125,4.0849,0.323094
ppo,0,12,88,1.92305,19.6104,-28.5532,-6.53428,-2.62192,-5.99332,32.7834,0.125,5.02246,0.323094
ppo,0,12,89,2.07139,20.0203,-29.0364,-6.53236,-2.60406,-5.9799,33.4288,0.125,2.69877,0.323094
ppo,0,12,90,2.22342,20.42,-29.5367,-6.53247,-2.58677,-5.96556,34.0819,0.125,5.75695,0.323094
ppo,0,12,91,2.36715,20.8269,-30.0549,-6.53313,-2.57192,-5.95007,34.7529,0.125,8.01206,0.323094
ppo,0,12,92,2.50904,21.2537,-30.5738,-6.53503,-2.5554,-5.93362,35.4374,0.125,3.43171,0.323094
ppo,0,12,93,2.66875,21.6895,-31.0837,-6.53698,-2.53589,-5.91475,36.126,0.125,6.12954,0.323094
ppo,0,12,94,2.84956,22.1152,-31.6004,-6.54099,-2.51745,-5.89792,36.8181,0.125,5.1709,0.323094
ppo,0,12,95,3.0265,22.5352,-32.1368,-6.5446,-2.50068,-5.88135,37.52,0.125,10.8187,0.323094
ppo,0,12,96,3.19198,22.9735,-32.6764,-6.54816,-2.48831,-5.86605,38.2357,0.125,10.2173,0.323094
ppo,0,12,97,3.36832,23.4252,-33.2019,-6.5537,-2.47332,-5.85168,38.9515,0.125,6.58744,0.323094
ppo,0,12,98,3.56514,23.8705,-33.7294,-6.55933,-2.46179,-5.83823,39.6712,0.125,2.94154,0.323094
ppo,0,12,99,3.76405,24.3103,-34.2746,-6.5635,-2.45125,-5.82463,40.401,0.125,12.1429,0.323094
ppo,0,12,100,3.95148,24.7632,-34.827,-6.56737,-2.44228,-5.80971,41.1435,0.125,6.37063,0.323094
ppo,0,12,101,4.14394,25.2335,-35.3707,-6.57183,-2.43625,-5.79371,41.8956,0.125,8.95522,0.323094
ppo,0,12,102,4.35399,25.7021,-35.9156,-6.57925,-2.43318,-5.77825,42.6543,0.125,7.42647,0.323094
ppo,0,12,103,4.56411,26.1604,-36.4835,-6.58131,-2.42713,-5.76408,43.4183,0.125,4.21913,0.323094
ppo,0,12,104,4.76093,26.631,-37.0605,-6.58383,-2.42399,-5.74628,44.1982,0.125,5.68042,0.323094
ppo,0,12,105,4.96579,27.119,-37.625,-6.58755,-2.42435,-5.72869,44.9852,0.125,11.215,0.323094
ppo,0,12,106,5.18485,27.5991,-38.1961,-6.59174,-2.4234,-5.71288,45.7733,0.125,8.20658,0.323094
ppo,0,12,107,5.40151,28.0754,-38.7837,-6.59432,-2.42086,-5.70149,46.5656,0.125,5.0282,0.323094
ppo,0,12,108,5.60602,28.5665,-39.3806,-6.59639,-2.419,-5.68953,47.3718,0.125,12.0839,0.323094
ppo,0,12,109,5.82536,29.0686,-39.9681,-6.60133,-2.42,-5.68015,48.1832,0.125,5.9484,0.323094
ppo,0,12,110,6.06146,29.5639,-40.5641,-6.60535,-2.42012,-5.67233,48.9986,0.125,8.72247,0.323094
ppo,0,12,111,6.28901,30.0636,-41.1828,-6.60787,-2.42009,-5.66392,49.8308,0.125,9.97497,0.323094
ppo,0,12,112,6.51146,30.584,-41.7975,-6.6108,-2.4186,-5.65528,50.6717,0.125,7.0616,0.323094
ppo,0,12,113,6.75573,31.1042,-42.4065,-6.61403,-2.41784,-5.64518,51.5158,0.125,12.9174,0.323094
ppo,0,12,114,7.00477,31.6109,-43.0351,-6.61629,-2.42157,-5.63563,52.3685,0.125,8.37449,0.323094
ppo,0,12,115,7.24257,32.1286,-43.6749,-6.61982,-2.42239,-5.62611,53.232,0.125,7.98038,0.323094
ppo,0,12,116,7.49058,32.6647,-44.3042,-6.62039,-2.42357,-5.61894,54.1004,0.125,11.477,0.323094
ppo,0,12,117,7.75507,33.1948,-44.9406,-6.62307,-2.42725,-5.61076,54.9772,0.125,13.7262,0.323094
ppo,0,12,118,8.01166,33.7252,-45.5956,-6.62701,-2.43144,-5.60282,55.866,0.125,10.6793,0.323094
ppo,0,12,119,8.26605,34.2782,-46.2433,-6.63174,-2.43438,-5.59381,56.7639,0.125,17.3143,0.323094
ppo,0,12,120,8.54097,34.8279,-46.8876,-6.63238,-2.43619,-5.5825,57.6624,0.125,7.14381,0.323094
ppo,0,12,121,8.81665,35.3736,-47.5513,-6.62778,-2.43852,-5.57118,58.5715,0.125,15.4529,0.323094
ppo,0,12,122,9.08669,35.9354,-48.2219,-6.62163,-2.44063,-5.55931,59.4942,0.125,29.2794,0.323094
ppo,0,12,123,9.37164,36.5095,-48.8852,-6.61588,-2.44481,-5.5475,60.4251,0.125,2.87751,0.323094
ppo,0,12,124,9.66702,37.0719,-49.562,-6.60849,-2.44774,-5.53794,61.358,0.125,10.8675,0.323094
ppo,0,12,125,9.95163,37.6478,-50.2506,-6.60108,-2.4519,-5.52971,62.3052,0.125,20.5735,0.323094
ppo,0,12,126,10.2424,38.2355,-50.9275,-6.59496,-2.45433,-5.52459,63.2502,0.125,15.2342,0.323094
ppo,0,12,127,10.5494,38.8134,-51.613,-6.5878,-2.45909,-5.52418,64.1972,0.125,7.1708,0.323094
ppo,0,12,128,10.8456,39.4003,-52.3141,-6.58314,-2.46662,-5.52463,65.1602,0.125,17.3981,0.323094
ppo,0,12,129,11.1492,40.0023,-53.0078,-6.58157,-2.47451,-5.52718,66.1292,0.125,8.76352,0.323094
ppo,0,12,130,11.4729,40.5954,-53.7067,-6.57885,-2.48292,-5.52792,67.103,0.125,37.7137,0.323094
ppo,0,12,131,11.7853,41.1943,-54.423,-6.57429,-2.49029,-5.53059,68.0873,0.125,7.99588,0.323094
ppo,0,12,132,12.102,41.8095,-55.1298,-6.57017,-2.49805,-5.53594,69.075,0.125,10.6989,0.323094
ppo,0,12,133,12.4362,42.4127,-55.8442,-6.56621,-2.50487,-5.5411,70.0648,0.125,16.532,0.323094
ppo,0,12,134,12.7576,43.0186,-56.5725,-6.56254,-2.50995,-5.54386,71.0637,0.125,21.24,0.323094
ppo,0,12,135,13.0844,43.6412,-57.293,-6.55459,-2.51727,-5.54733,72.0688,0.125,8.80487,0.323094
ppo,0,12,136,13.4278,44.252,-58.0189,-6.54805,-2.52511,-5.55174,73.0749,0.125,16.9993,0.323094
ppo,0,12,137,13.7582,44.8689,-58.7594,-6.54177,-2.53478,-5.55561,74.0934,0.125,7.55557,0.323094
ppo,0,12,138,14.0965,45.5024,-59.4851,-6.53581,-2.54546,-5.55873,75.1155,0.125,16.2533,0.323094
ppo,0,12,139,14.4476,46.1254,-60.2197,-6.53083,-2.55642,-5.5633,76.1403,0.125,18.1163,0.323094
ppo,0,12,140,14.7873,46.7578,-60.9667,-6.52777,-2.56979,-5.57058,77.1769,0.125,34.1308,0.323094
ppo,0,12,141,15.1412,47.4021,-61.7053,-6.52188,-2.58349,-5.57898,78.2177,0.125,40.8283,0.323094
ppo,0,12,142,15.5073,48.0321,-62.457,-6.51368,-2.59935,-5.58838,79.2622,0.125,41.6966,0.323094
ppo,0,12,143,15.8614,48.6812,-63.2184,-6.50454,-2.61316,-5.59632,80.3222,0.125,16.7478,0.323094
ppo,0,12,144,16.233,49.3346,-63.9699,-6.49687,-2.62651,-5.60966,81.3789,0.125,14.6681,0.323094
ppo,0,12,145,16.6042,49.9769,-64.7398,-6.48964,-2.64226,-5.62259,82.4436,0.125,14.6552,0.323094
ppo,0,12,146,16.9648,50.6449,-65.5073,-6.48271,-2.65601,-5.63951,83.5161,0.125,22.1691,0.323094
ppo,0,12,147,17.3497,51.313,-66.2726,-6.47468,-2.66879,-5.65625,84.593,0.125,38.7943,0.323094
ppo,0,12,148,17.7223,51.9837,-67.0584,-6.46714,-2.68179,-5.67171,85.6841,0.125,29.5215,0.323094
ppo,0,12,149,18.1024,52.6738,-67.8315,-6.46056,-2.69357,-5.68233,86.7836,0.125,11.1689,0.323094
ppo,0,12,150,18.4936,53.3466,-68.6164,-6.45353,-2.70184,-5.695,87.88,0.125,30.5074,0.323094
ppo,0,12,151,18.8695,54.0356,-69.4048,-6.44814,-2.71153,-5.70928,88.985,0.125,18.3959,0.323094
ppo,0,12,152,19.261,54.7288,-70.1822,-6.44251,-2.71896,-5.72437,90.0873,0.125,21.8078,0.323094
ppo,0,12,153,19.6509,55.4134,-70.979,-6.43768,-2.72171,-5.73789,91.196,0.125,38.1891,0.323094
ppo,0,12,154,20.0359,56.1186,-71.7701,-6.43474,-2.72221,-5.75437,92.3094,0.125,7.78758,0.323094
ppo,0,12,155,20.4371,56.811,-72.5681,-6.43056,-2.71801,-5.77046,93.4211,0.125,35.7349,0.323094
ppo,0,12,156,20.8263,57.511,-73.3836,-6.42394,-2.71755,-5.78908,94.5466,0.125,11.747,0.323094
ppo,0,12,157,21.2318,58.2189,-74.1849,-6.41568,-2.71668,-5.8094,95.6699,0.125,9.09104,0.323094
ppo,0,12,158,21.638,58.9173,-75.0041,-6.40627,-2.71337,-5.82765,96.7998,0.125,25.7496,0.323094
ppo,0,12,159,22.0351,59.6383,-75.8155,-6.39931,-2.71019,-5.84621,97.9365,0.125,28.3093,0.323094
ppo,0,12,160,22.4512,60.3441,-76.6292,-6.39403,-2.70513,-5.86446,99.0702,0.125,48.3956,0.323094
ppo,0,12,161,22.8554,61.061,-77.4538,-6.38651,-2.70019,-5.88457,100.213,0.125,52.1309,0.323094
ppo,0,12,162,23.2792,61.7864,-78.2685,-6.37966,-2.69513,-5.9021,101.363,0.125,47.2585,0.323094
ppo,0,12,163,23.7018,62.5028,-79.1031,-6.37044,-2.6901,-5.91861,102.52,0.125,74.1705,0.323094
ppo,0,12,164,24.122,63.2416,-79.9314,-6.36108,-2.68304,-5.93848,103.683,0.125,9.08099,0.323094
ppo,0,12,165,24.5548,63.9645,-80.7704,-6.34913,-2.67252,-5.95662,104.846,0.125,12.7951,0.323094
ppo,0,12,166,24.9741,64.7041,-81.6135,-6.33827,-2.65994,-5.97512,106.017,0.125,62.7549,0.323094
ppo,0,12,167,25.414,65.4431,-82.4491,-6.33015,-2.64835,-5.99607,107.188,0.125,42.7338,0.323094
ppo,0,12,168,25.8409,66.1781,-83.303,-6.32724,-2.63806,-6.0171,108.368,0.125,63.1334,0.323094
ppo,0,12,169,26.2845,66.9207,-84.1458,-6.32627,-2.62446,-6.03793,109.548,0.125,21.7979,0.323094
ppo,0,12,170,26.7251,67.6507,-85.0076,-6.32493,-2.60973,-6.05912,110.732,0.125,62.0283,0.323094
ppo,0,12,171,27.1625,68.3976,-85.857,-6.32508,-2.5945,-6.08229,111.916,0.125,46.3316,0.323094
ppo,0,12,172,27.6157,69.1291,-86.7157,-6.32086,-2.57958,-6.10514,113.101,0.125,31.0671,0.323094
ppo,0,12,173,28.0561,69.877,-87.5759,-6.31744,-2.56372,-6.12964,114.292,0.125,19.614,0.323094
ppo,0,12,174,28.5189,70.6169,-88.4355,-6.31798,-2.54733,-6.15758,115.483,0.125,11.0841,0.323094
ppo,0,12,175,28.9635,71.3665,-89.3065,-6.32034,-2.5347,-6.18526,116.685,0.125,60.0766,0.323094
ppo,0,12,176,29.4261,72.1175,-90.1648,-6.32131,-2.52274,-6.21206,117.886,0.125,112.92,0.323094
ppo,0,12,177,29.8803,72.8677,-91.0415,-6.32327,-2.51123,-6.23893,119.097,0.125,27.5961,0.323094
ppo,0,12,178,30.3442,73.627,-91.9049,-6.32749,-2.50222,-6.26409,120.311,0.125,22.0291,0.323094
ppo,0,12,179,30.8087,74.373,-92.7861,-6.33383,-2.49337,-6.28638,121.533,0.125,49.3369,0.323094
ppo,0,12,180,31.2735,75.1387,-93.6511,-6.33908,-2.48231,-6.30779,122.754,0.125,79.8575,0.323094
ppo,0,12,181,31.7451,75.8968,-94.532,-6.34123,-2.46918,-6.33167,123.98,0.125,53.4362,0.323094
ppo,0,12,182,32.2109,76.6781,-95.4036,-6.34839,-2.4539,-6.35535,125.213,0.125,29.0611,0.323094
ppo,0,12,183,32.6895,77.445,-96.2834,-6.35598,-2.44037,-6.3775,126.449,0.125,34.0861,0.323094
ppo,0,12,184,33.1528,78.23,-97.1621,-6.36769,-2.42893,-6.39567,127.696,0.125,96.1953,0.323094
ppo,0,12,185,33.6312,79.0058,-98.0494,-6.37806,-2.41765,-6.41446,128.948,0.125,24.2866,0.323094
ppo,0,12,186,34.0937,79.7961,-98.942,-6.38687,-2.40834,-6.43579,130.206,0.125,61.0026,0.323094
ppo,0,12,187,34.573,80.5809,-99.8342,-6.39297,-2.4017,-6.45558,131.468,0.125,59.5645,0.323094
ppo,0,12,188,35.0334,81.3773,-100.734,-6.40104,-2.396,-6.4744,132.739,0.125,108.184,0.323094
ppo,0,12,189,35.5156,82.1712,-101.625,-6.4119,-2.3917,-6.49074,134.012,0.125,56.771,0.323094
ppo,0,12,190,35.9799,82.9755,-102.528,-6.42482,-2.38668,-6.50577,135.297,0.125,56.7099,0.323094
ppo,0,12,191,36.4636,83.7799,-103.426,-6.43343,-2.38199,-6.51657,136.585,0.125,115.819,0.323094
ppo,0,12,192,36.9349,84.5883,-104.336,-6.44076,-2.37555,-6.52653,137.88,0.125,90.2979,0.323094
ppo,0,12,193,37.4272,85.3997,-105.237,-6.44939,-2.36979,-6.53732,139.177,0.125,37.0496,0.323094
ppo,0,12,194,37.9024,86.2147,-106.153,-6.45808,-2.36561,-6.54569,140.485,0.125,31.2929,0.323094
ppo,0,12,195,38.3969,87.0302,-107.055,-6.46524,-2.36153,-6.55718,141.786,0.125,36.4832,0.323094
ppo,0,12,196,38.8729,87.8493,-107.974,-6.47304,-2.35731,-6.56906,143.096,0.125,98.3432,0.323094
ppo,0,12,197,39.3661,88.6689,-108.888,-6.47946,-2.35358,-6.58283,144.406,0.125,83.5642,0.323094
ppo,0,12,198,39.8409,89.4929,-109.82,-6.48651,-2.34953,-6.5954,145.728,0.125,93.3674,0.323094
ppo,0,12,199,40.3375,90.3148,-110.741,-6.4947,-2.34386,-6.60359,147.049,0.125,85.0481,0.323094
ppo,0,12,200,40.8174,91.1463,-111.674,-6.50467,-2.34031,-6.61217,148.381,0.125,105.562,0.323094
ppo,0,12,201,41.3184,91.9732,-112.6,-6.51192,-2.33596,-6.62128,149.711,0.125,15.4184,0.323094
ppo,0,12,202,41.8025,92.8137,-113.531,-6.52075,-2.32926,-6.63274,151.045,0.125,24.5158,0.323094
ppo,0,12,203,42.3021,93.6423,-114.454,-6.52638,-2.32403,-6.64365,152.37,0.125,88.1797,0.323094
ppo,0,12,204,42.789,94.4888,-115.378,-6.53288,-2.31902,-6.65212,153.707,0.125,123.443,0.323094
ppo,0,12,205,43.295,95.323,-116.304,-6.54457,-2.31687,-6.65988,155.046,0.125,79.2298,0.323094
ppo,0,12,206,43.7879,96.177,-117.231,-6.55683,-2.31911,-6.6644,156.401,0.125,91.2853,0.323094
ppo,0,12,207,44.2979,97.012,-118.165,-6.56734,-2.31887,-6.66765,157.752,0.125,107.305,0.323094
ppo,0,12,208,44.8004,97.8653,-119.089,-6.57763,-2.31638,-6.67177,159.103,0.125,36.7487,0.323094
ppo,0,12,209,45.3074,98.7021,-120.026,-6.58582,-2.31503,-6.68009,160.452,0.125,83.1815,0.323094
ppo,0,12,210,45.8115,99.5566,-120.943,-6.59164,-2.31411,-6.68801,161.796,0.125,128.269,0.323094
ppo,0,12,211,46.3118,100.395,-121.878,-6.60134,-2.31083,-6.69432,163.143,0.125,29.7349,0.323094
ppo,0,12,212,46.8234,101.242,-122.796,-6.60883,-2.30625,-6.70399,164.483,0.125,46.6514,0.323094
ppo,0,12,213,47.3195,102.086,-123.731,-6.61471,-2.30025,-6.71301,165.827,0.125,176.298,0.323094
ppo,0,12,214,47.8339,102.928,-124.659,-6.62121,-2.29272,-6.72552,167.168,0.125,22.276,0.323094
ppo,0,12,215,48.3266,103.781,-125.597,-6.62803,-2.28509,-6.73582,168.517,0.125,81.5529,0.323094
ppo,0,12,216,48.8405,104.623,-126.531,-6.63819,-2.27964,-6.74871,169.864,0.125,31.3154,0.323094
ppo,0,12,217,49.3388,105.484,-127.463,-6.6462,-2.27466,-6.76064,171.217,0.125,102.432,0.323094
ppo,0,12,218,49.8468,106.326,-128.41,-6.65652,-2.26917,-6.77141,172.573,0.125,85.6164,0.323094
ppo,0,12,219,50.3517,107.19,-129.34,-6.66654,-2.2669,-6.77936,173.934,0.125,153.153,0.323094
ppo,0,12,220,50.8578,108.037,-130.293,-6.67508,-2.26287,-6.78929,175.298,0.125,128.005,0.323094
ppo,0,12,221,51.3862,108.889,-131.232,-6.68692,-2.26358,-6.7973,176.667,0.125,181.706,0.323094
ppo,0,12,222,51.8998,109.74,-132.189,-6.70022,-2.26519,-6.80309,178.047,0.125,92.8713,0.323094
ppo,0,12,223,52.4351,110.58,-133.139,-6.71546,-2.26909,-6.80899,179.424,0.125,47.2778,0.323094
ppo,0,12,224,52.9569,111.438,-134.083,-6.72994,-2.27232,-6.81181,180.805,0.125,163.807,0.323094
ppo,0,12,225,53.4931,112.279,-135.039,-6.73816,-2.27465,-6.81609,182.185,0.125,110.24,0.323094
ppo,0,12,226,54.03,113.139,-135.984,-6.74916,-2.27595,-6.81931,183.571,0.125,12.87,0.323094
ppo,0,12,227,54.5535,113.993,-136.947,-6.76306,-2.27624,-6.82273,184.961,0.125,170.004,0.323094
ppo,0,12,228,55.0977,114.848,-137.895,-6.77441,-2.2787,-6.82539,186.349,0.125,192.108,0.323094
ppo,0,12,229,55.6255,115.719,-138.845,-6.78207,-2.28448,-6.82781,187.745,0.125,219.342,0.323094
ppo,0,12,230,56.158,116.577,-139.806,-6.79018,-2.29166,-6.83225,189.141,0.125,152.781,0.323094
ppo,0,12,231,56.6892,117.455,-140.752,-6.79865,-2.29682,-6.8335,190.539,0.125,57.8277,0.323094
ppo,0,12,232,57.2122,118.319,-141.722,-6.80648,-2.30182,-6.83717,191.942,0.125,138.198,0.323094
ppo,0,12,233,57.7482,119.188,-142.674,-6.81235,-2.30606,-6.83921,193.339,0.125,38.2286,0.323094
ppo,0,12,234,58.263,120.07,-143.634,-6.81557,-2.31317,-6.84203,194.743,0.125,67.8091,0.323094
ppo,0,12,235,58.7881,120.935,-144.602,-6.81985,-2.31963,-6.84342,196.147,0.125,194.649,0.323094
ppo,0,12,236,59.322,121.815,-145.553,-6.82451,-2.32389,-6.84468,197.55,0.125,46.2883,0.323094
ppo,0,12,237,59.8457,122.687,-146.524,-6.82721,-2.32732,-6.84657,198.957,0.125,100.146,0.323094
ppo,0,12,238,60.3935,123.552,-147.482,-6.8328,-2.33346,-6.85046,200.359,0.125,120.97,0.323094
ppo,0,12,239,60.9192,124.432,-148.436,-6.83983,-2.34071,-6.85312,201.763,0.125,93.4021,0.323094
ppo,0,12,240,61.4522,125.295,-149.405,-6.84505,-2.34672,-6.85679,203.167,0.125,69.9691,0.323094
ppo,0,12,241,61.9952,126.169,-150.352,-6.84974,-2.35051,-6.85952,204.566,0.125,82.9038,0.323094
ppo,0,12,242,62.526,127.056,-151.311,-6.85799,-2.3584,-6.85931,205.982,0.125,67.7114,0.323094
ppo,0,12,243,63.0778,127.924,-152.273,-6.86546,-2.3656,-6.85733,207.396,0.125,114.355,0.323094
ppo,0,12,244,63.6216,128.811,-153.222,-6.87684,-2.37069,-6.85677,208.81,0.125,74.5193,0.323094
ppo,0,12,245,64.1534,129.695,-154.189,-6.88705,-2.37969,-6.85677,210.232,0.125,138.709,0.323094
ppo,0,12,246,64.7058,130.563,-155.157,-6.89986,-2.39093,-6.85785,211.653,0.125,217.679,0.323094
ppo,0,12,247,65.2481,131.451,-156.114,-6.91505,-2.40339,-6.86053,213.075,0.125,76.284,0.323094
ppo,0,12,248,65.7842,132.329,-157.092,-6.9309,-2.41373,-6.86604,214.501,0.125,271.68,0.323094
ppo,0,12,249,66.3391,133.202,-158.059,-6.94731,-2.42099,-6.8691,215.923,0.125,83.5668,0.323094
ppo,0,12,250,66.8755,134.091,-159.032,-6.96221,-2.42933,-6.87066,217.354,0.125,89.0692,0.323094
ppo,0,12,251,67.4167,134.955,-160.02,-6.97832,-2.43444,-6.87064,218.781,0.125,92.0701,0.323094
ppo,0,12,252,67.9729,135.825,-160.993,-6.99622,-2.43757,-6.87234,220.205,0.125,84.5518,0.323094
ppo,0,12,253,68.5106,136.705,-161.969,-7.01089,-2.44041,-6.87414,221.629,0.125,152.905,0.323094
ppo,0,12,254,69.049,137.564,-162.96,-7.02503,-2.44199,-6.87528,223.051,0.125,119.02,0.323094
ppo,0,12,255,69.6076,138.427,-163.938,-7.03886,-2.44373,-6.87415,224.473,0.125,181.976,0.323094
ppo,0,12,256,70.14,139.298,-164.924,-7.05207,-2.44539,-6.86825,225.902,0.125,171.781,0.323094
ppo,0,12,257,70.6831,140.151,-165.923,-7.06788,-2.44804,-6.8622,227.332,0.125,106.505,0.323094
ppo,0,12,258,71.2398,141.017,-166.903,-7.08139,-2.45042,-6.85922,228.76,0.125,69.0823,0.323094
ppo,0,12,259,71.7773,141.896,-167.892,-7.09453,-2.44662,-6.85391,230.193,0.125,215.508,0.323094
ppo,0,12,260,72.3132,142.762,-168.9,-7.10545,-2.44136,-6.84718,231.63,0.125,272.446,0.323094
ppo,0,12,261,72.8677,143.635,-169.893,-7.11656,-2.43575,-6.83931,233.068,0.125,121.626,0.323094
ppo,0,12,262,73.4098,144.525,-170.884,-7.1278,-2.43,-6.8312,234.511,0.125,178.782,0.323094
ppo,0,12,263,73.9505,145.395,-171.892,-7.14037,-2.42545,-6.82239,235.955,0.125,294.841,0.323094
ppo,0,12,264,74.5082,146.267,-172.881,-7.15071,-2.41974,-6.81213,237.392,0.125,158.544,0.323094
ppo,0,12,265,75.0454,147.159,-173.865,-7.15951,-2.41249,-6.80238,238.829,0.125,199.268,0.323094
ppo,0,12,266,75.5786,148.035,-174.87,-7.1665,-2.40531,-6.79401,240.268,0.125,74.2569,0.323094
ppo,0,12,267,76.1348,148.903,-175.862,-7.1738,-2.39902,-6.7837,241.702,0.125,63.0512,0.323094
ppo,0,12,268,76.6795,149.791,-176.837,-7.17911,-2.39137,-6.77315,243.133,0.125,146.676,0.323094
ppo,0,12,269,77.2066,150.67,-177.834,-7.18336,-2.38461,-6.76555,244.564,0.125,173.246,0.323094
ppo,0,12,270,77.7509,151.526,-178.829,-7.18715,-2.37485,-6.75933,245.984,0.125,68.7234,0.323094
ppo,0,12,271,78.3012,152.398,-179.802,-7.19182,-2.36347,-6.75103,247.4,0.125,110.701,0.323094
ppo,0,12,272,78.8349,153.289,-180.777,-7.19665,-2.35122,-6.74044,248.825,0.125,136.809,0.323094
ppo,0,12,273,79.3612,154.165,-181.774,-7.20038,-2.34009,-6.73012,250.254,0.125,201.307,0.323094
ppo,0,12,274,79.9087,155.047,-182.751,-7.20484,-2.33126,-6.71949,251.682,0.125,148.315,0.323094
ppo,0,12,275,80.4497,155.949,-183.716,-7.20885,-2.32487,-6.71109,253.112,0.125,70.2472,0.323094
ppo,0,12,276,80.9776,156.846,-184.701,-7.21357,-2.32193,-6.69946,254.551,0.125,350.136,0.323094
ppo,0,12,277,81.5156,157.717,-185.694,-7.22215,-2.31658,-6.69103,255.983,0.125,353.804,0.323094
ppo,0,12,278,82.0699,158.594,-186.675,-7.23095,-2.31309,-6.68145,257.417,0.125,165.182,0.323094
ppo,0,12,279,82.6107,159.492,-187.651,-7.23844,-2.30785,-6.67371,258.853,0.125,303.171,0.323094
ppo,0,12,280,83.1595,160.392,-188.644,-7.24402,-2.30348,-6.66312,260.307,0.125,92.7812,0.323094
ppo,0,12,281,83.7253,161.279,-189.638,-7.24742,-2.30105,-6.65165,261.76,0.125,110.012,0.323094
ppo,0,12,282,84.2898,162.184,-190.612,-7.2498,-2.29909,-6.64148,263.209,0.125,197.917,0.323094
ppo,0,12,283,84.8312,163.097,-191.593,-7.24894,-2.29788,-6.63302,264.659,0.125,393.359,0.323094
ppo,0,12,284,85.3907,164.009,-192.589,-7.24655,-2.29489,-6.62662,266.121,0.125,315.057,0.323094
ppo,0,12,285,85.9694,164.925,-193.573,-7.24201,-2.29247,-6.61901,267.585,0.125,100.247,0.323094
ppo,0,12,286,86.5404,165.861,-194.541,-7.23817,-2.28853,-6.6124,269.046,0.125,221.78,0.323094
ppo,0,12,287,87.09,166.804,-195.523,-7.23695,-2.2821,-6.60678,270.513,0.125,52.1742,0.323094
ppo,0,12,288,87.6438,167.728,-196.516,-7.23336,-2.27549,-6.59888,271.977,0.125,82.515,0.323094
ppo,0,12,289,88.2189,168.649,-197.498,-7.22823,-2.26968,-6.59094,273.439,0.125,65.7647,0.323094
ppo,0,12,290,88.7927,169.586,-198.464,-7.22304,-2.26423,-6.58365,274.899,0.125,220.008,0.323094
ppo,0,12,291,89.3485,170.54,-199.437,-7.21843,-2.25966,-6.57596,276.37,0.125,91.1432,0.323094
ppo,0,12,292,89.9075,171.475,-200.425,-7.21536,-2.25204,-6.56755,277.839,0.125,71.275,0.323094
ppo,0,12,293,90.4861,172.399,-201.398,-7.21763,-2.24611,-6.56209,279.299,0.125,160.672,0.323094
ppo,0,12,294,91.0772,173.335,-202.349,-7.21556,-2.23831,-6.55922,280.751,0.125,245.255,0.323094
ppo,0,12,295,91.6478,174.281,-203.309,-7.21182,-2.23256,-6.55599,282.209,0.125,327.896,0.323094
ppo,0,12,296,92.2334,175.22,-204.288,-7.20443,-2.22627,-6.55039,283.682,0.125,457.479,0.323094
ppo,0,12,297,92.8462,176.169,-205.269,-7.19724,-2.21667,-6.54539,285.168,0.125,211.3,0.323094
ppo,0,12,298,93.4739,177.12,-206.223,-7.19101,-2.20512,-6.54064,286.643,0.125,161.18,0.323094
ppo,0,12,299,94.0833,178.09,-207.169,-7.18538,-2.19478,-6.53868,288.115,0.125,380.382,0.323094
ppo,0,13,0,0,0,0,11.3662,-1.78443,2.43229,11.7597,0.125,3.0849,0.371196
ppo,0,13,1,0.0115358,0.0149524,-0.00125764,11.3432,-1.84561,2.4749,11.7474,0.125,1.16987,0.371196
ppo,0,13,2,0.0390653,0.0470118,0.000587036,11.3161,-1.90487,2.51722,11.7181,0.125,1.9154,0.371196
ppo,0,13,3,0.0850057,0.0954454,0.0107195,11.2877,-1.96554,2.55838,11.6721,0.125,1.86033,0.371196
ppo,0,13,4,0.145076,0.159465,0.0223082,11.2592,-2.02698,2.59976,11.6167,0.125,1.66068,0.371196
ppo,0,13,5,0.225086,0.244088,0.0320418,11.2268,-2.08717,2.64289,11.5451,0.125,1.64643,0.371196
ppo,0,13,6,0.321132,0.342115,0.044775,11.195,-2.14667,2.68733,11.4638,0.125,0.574949,0.371196
ppo,0,13,7,0.439348,0.451975,0.0538135,11.1576,-2.20482,2.72895,11.362,0.125,1.36965,0.371196
ppo,0,13,8,0.578108,0.573002,0.0616735,11.1171,-2.26099,2.7684,11.2441,0.125,0.76551,0.371196
ppo,0,13,9,0.734998,0.708577,0.0617002,11.076,-2.31517,2.80561,11.1179,0.125,1.19463,0.371196
ppo,0,13,10,0.909572,0.850598,0.0534091,11.0349,-2.36635,2.84629,10.985,0.125,1.37018,0.371196
ppo,0,13,11,1.10132,1.0028,0.0439673,10.995,-2.41627,2.88965,10.8477,0.125,0.692288,0.371196
ppo,0,13,12,1.31061,1.16528,0.0245179,10.9523,-2.46246,2.9333,10.7044,0.125,1.88397,0.371196
ppo,0,13,13,1.53243,1.33722,-0.00261195,10.9052,-2.50364,2.97364,10.5574,0.125,1.39772,0.371196
ppo,0,13,14,1.76998,1.51278,-0.0408771,10.8525,-2.54294,3.01368,10.4053,0.125,1.22086,0.371196
ppo,0,13,15,2.02553,1.69287,-0.0853917,10.7961,-2.57882,3.0552,10.2486,0.125,1.24468,0.371196
ppo,0,13,16,2.30092,1.87892,-0.138817,10.7402,-2.61506,3.101,10.0953,0.125,0.828775,0.371196
ppo,0,13,17,2.591,2.06857,-0.198451,10.6826,-2.65165,3.14601,9.94689,0.125,0.736149,0.371196
ppo,0,13,18,2.8957,2.25301,-0.262661,10.6216,-2.68678,3.19052,9.79878,0.125,0.908007,0.371196
ppo,0,13,19,3.21413,2.42999,-0.334754,10.5569,-2.72125,3.23406,9.65342,0.125,1.1097,0.371196
ppo,0,13,20,3.54164,2.59272,-0.410908,10.4911,-2.75036,3.27539,9.50958,0.125,0.602999,0.371196
ppo,0,13,21,3.87737,2.74085,-0.498326,10.4207,-2.78009,3.31436,9.37189,0.125,1.06075,0.371196
ppo,0,13,22,4.20694,2.87292,-0.600331,10.3488,-2.8098,3.35295,9.25443,0.125,0.993558,0.371196
ppo,0,13,23,4.5254,2.99336,-0.717254,10.2777,-2.83895,3.38883,9.16325,0.125,1.09771,0.371196
ppo,0,13,24,4.83125,3.10988,-0.847518,10.2072,-2.86482,3.42727,9.1034,0.125,1.36074,0.371196
ppo,0,13,25,5.11789,3.22825,-0.993604,10.1346,-2.888,3.46363,9.07979,0.125,1.67183,0.371196
ppo,0,13,26,5.38446,3.35194,-1.14558,10.0583,-2.90804,3.49805,9.08822,0.125,1.3957,0.371196
ppo,0,13,27,5.63033,3.49035,-1.29911,9.98228,-2.92693,3.52962,9.13442,0.125,0.941423,0.371196
ppo,0,13,28,5.85827,3.64747,-1.44912,9.90383,-2.94131,3.56079,9.21292,0.125,0.957883,0.371196
ppo,0,13,29,6.0777,3.82378,-1.58705,9.8221,-2.95373,3.59005,9.31437,0.125,1.16173,0.371196
ppo,0,13,30,6.2986,4.01209,-1.70846,9.73838,-2.961,3.61572,9.42353,0.125,1.55224,0.371196
ppo,0,13,31,6.52923,4.20649,-1.80956,9.65522,-2.96427,3.63974,9.53344,0.125,0.566626,0.371196
ppo,0,13,32,6.77058,4.39166,-1.89413,9.57488,-2.96255,3.66326,9.63498,0.125,0.84308,0.371196
ppo,0,13,33,7.02711,4.56626,-1.97166,9.4936,-2.9606,3.68398,9.7326,0.125,0.820145,0.371196
ppo,0,13,34,7.29088,4.72826,-2.05008,9.41182,-2.95499,3.70525,9.83131,0.125,1.09476,0.371196
ppo,0,13,35,7.55828,4.87599,-2.13847,9.32931,-2.95071,3.72274,9.93718,0.125,1.47896,0.371196
ppo,0,13,36,7.82278,5.01611,-2.23717,9.24486,-2.94721,3.73788,10.0567,0.125,1.14349,0.371196
ppo,0,13,37,8.08394,5.15288,-2.35465,9.16228,-2.94376,3.74916,10.1968,0.125,0.937945,0.371196
ppo,0,13,38,8.33865,5.29426,-2.48756,9.08101,-2.93621,3.75709,10.358,0.125,0.70418,0.371196
ppo,0,13,39,8.59117,5.45114,-2.63311,8.99897,-2.9248,3.76467,10.5477,0.125,1.00649,0.371196
ppo,0,13,40,8.84897,5.62287,-2.78664,8.91613,-2.90916,3.7744,10.7632,0.125,0.625838,0.371196
ppo,0,13,41,9.11147,5.80869,-2.94784,8.83335,-2.89214,3.78364,11.0043,0.125,2.31056,0.371196
ppo,0,13,42,9.38043,6.00593,-3.10829,8.75119,-2.87187,3.78828,11.2594,0.125,1.60367,0.371196
ppo,0,13,43,9.66461,6.21706,-3.27083,8.66868,-2.84347,3.79242,11.5315,0.125,0.989582,0.371196
ppo,0,13,44,9.96171,6.44012,-3.43086,8.58759,-2.80902,3.79338,11.8163,0.125,0.715366,0.371196
ppo,0,13,45,10.2809,6.66367,-3.58629,8.5094,-2.77249,3.79635,12.1113,0.125,1.96004,0.371196
ppo,0,13,46,10.6196,6.87303,-3.7389,8.43519,-2.73508,3.79918,12.406,0.125,0.809381,0.371196
ppo,0,13,47,10.9734,7.06497,-3.90212,8.36054,-2.6928,3.80007,12.7029,0.125,1.0197,0.371196
ppo,0,13,48,11.322,7.23985,-4.08081,8.2852,-2.65054,3.80117,13.0064,0.125,1.19696,0.371196
ppo,0,13,49,11.6599,7.40884,-4.27972,8.21331,-2.60684,3.80264,13.3236,0.125,1.92625,0.371196
ppo,0,13,50,11.9794,7.58794,-4.48624,8.14189,-2.5639,3.80268,13.6562,0.125,1.80395,0.371196
ppo,0,13,51,12.2887,7.78861,-4.689,8.07527,-2.52063,3.79874,14.0027,0.125,0.865517,0.371196
ppo,0,13,52,12.6044,8.00466,-4.87587,8.00675,-2.47372,3.79106,14.3545,0.125,0.896297,0.371196
ppo,0,13,53,12.934,8.22532,-5.04618,7.94403,-2.426,3.77863,14.7047,0.125,2.25637,0.371196
ppo,0,13,54,13.28,8.43747,-5.2086,7.88775,-2.38022,3.76196,15.0522,0.125,1.30347,0.371196
ppo,0,13,55,13.6354,8.63435,-5.37283,7.83423,-2.33411,3.74675,15.3989,0.125,1.21699,0.371196
ppo,0,13,56,13.9976,8.81891,-5.54974,7.78142,-2.28539,3.72979,15.7498,0.125,3.96939,0.371196
ppo,0,13,57,14.3562,9.00355,-5.74354,7.73242,-2.23514,3.71042,16.1109,0.125,3.7589,0.371196
ppo,0,13,58,14.7073,9.19331,-5.95829,7.68654,-2.18501,3.68515,16.4849,0.125,2.09096,0.371196
ppo,0,13,59,15.0488,9.40088,-6.17924,7.64155,-2.13186,3.66088,16.873,0.125,1.33597,0.371196
ppo,0,13,60,15.391,9.62726,-6.39787,7.59966,-2.0778,3.63749,17.2749,0.125,1.76796,0.371196
ppo,0,13,61,15.7462,9.86643,-6.60823,7.55782,-2.0184,3.61309,17.6854,0.125,2.45454,0.371196
ppo,0,13,62,16.1204,10.1027,-6.81055,7.51905,-1.96219,3.58668,18.101,0.125,2.59263,0.371196
ppo,0,13,63,16.5065,10.3215,-7.02159,7.48451,-1.90766,3.55909,18.5175,0.125,1.56824,0.371196
ppo,0,13,64,16.8899,10.5271,-7.24889,7.45137,-1.85294,3.53222,18.9363,0.125,4.00129,0.371196
ppo,0,13,65,17.2607,10.7397,-7.49639,7.41934,-1.79648,3.50335,19.365,0.125,2.22183,0.371196
ppo,0,13,66,17.6216,10.968,-7.74744,7.38851,-1.73746,3.47486,19.8011,0.125,2.21221,0.371196
ppo,0,13,67,17.9873,11.2144,-7.98781,7.3591,-1.67971,3.44752,20.248,0.125,1.87879,0.371196
ppo,0,13,68,18.3712,11.46,-8.21667,7.33195,-1.62218,3.4197,20.6982,0.125,3.72642,0.371196
ppo,0,13,69,18.7756,11.6929,-8.44283,7.30443,-1.56657,3.38758,21.1509,0.125,3.16359,0.371196
ppo,0,13,70,19.1838,11.9087,-8.68211,7.27892,-1.50985,3.35151,21.6007,0.125,3.63239,0.371196
ppo,0,13,71,19.5905,12.1239,-8.93886,7.25529,-1.45176,3.31466,22.0591,0.125,2.28106,0.371196
ppo,0,13,72,19.9848,12.3504,-9.20748,7.23393,-1.39387,3.27381,22.5227,0.125,3.40431,0.371196
ppo,0,13,73,20.3811,12.5964,-9.46664,7.21584,-1.33856,3.23,22.9937,0.125,4.24033,0.371196
ppo,0,13,74,20.7913,12.8505,-9.71149,7.19838,-1.28441,3.18659,23.4718,0.125,4.4622,0.371196
ppo,0,13,75,21.2235,13.0933,-9.95497,7.1833,-1.23066,3.14738,23.9578,0.125,2.88501,0.371196
ppo,0,13,76,21.6596,13.3215,-10.2124,7.17106,-1.17915,3.10804,24.4463,0.125,7.06414,0.371196
ppo,0,13,77,22.0831,13.5511,-10.4921,7.15606,-1.13033,3.06869,24.9451,0.125,5.30137,0.371196
ppo,0,13,78,22.4954,13.8021,-10.7757,7.14077,-1.08225,3.02785,25.4528,0.125,3.42353,0.371196
ppo,0,13,79,22.915,14.0708,-11.0479,7.12815,-1.03533,2.9869,25.9691,0.125,5.82413,0.371196
ppo,0,13,80,23.3577,14.3335,-11.3106,7.12004,-0.991438,2.94419,26.4899,0.125,6.3161,0.371196
ppo,0,13,81,23.8134,14.5827,-11.5851,7.11277,-0.949181,2.90473,27.0204,0.125,3.9894,0.371196
ppo,0,13,82,24.2659,14.8254,-11.8824,7.10802,-0.910157,2.86517,27.5588,0.125,4.68544,0.371196
ppo,0,13,83,24.711,15.0848,-12.194,7.10258,-0.872717,2.8258,28.1121,0.125,3.91263,0.371196
ppo,0,13,84,25.1591,15.363,-12.498,7.09942,-0.834944,2.78755,28.6736,0.125,5.07998,0.371196
ppo,0,13,85,25.6273,15.6437,-12.792,7.0951,-0.79712,2.7516,29.2463,0.125,4.44313,0.371196
ppo,0,13,86,26.1124,15.9079,-13.0942,7.08957,-0.760384,2.714,29.8261,0.125,6.13736,0.371196
ppo,0,13,87,26.5874,16.1661,-13.415,7.08429,-0.727048,2.676,30.4084,0.125,2.7813,0.371196
ppo,0,13,88,27.0519,16.4456,-13.7464,7.0803,-0.692275,2.6392,31.0009,0.125,3.50274,0.371196
ppo,0,13,89,27.5273,16.741,-14.0683,7.07501,-0.659591,2.59919,31.6051,0.125,5.58792,0.371196
ppo,0,13,90,28.021,17.0283,-14.3816,7.074,-0.628132,2.55669,32.2092,0.125,4.1062,0.371196
ppo,0,13,91,28.5207,17.2988,-14.7125,7.0739,-0.59875,2.51038,32.8164,0.125,8.17886,0.371196
ppo,0,13,92,29.0136,17.5692,-15.0644,7.07537,-0.571011,2.4653,33.4311,0.125,5.9701,0.371196
ppo,0,13,93,29.505,17.8585,-15.4176,7.07709,-0.542683,2.41793,34.0546,0.125,5.90159,0.371196
ppo,0,13,94,30.0136,18.1564,-15.7649,7.08095,-0.514702,2.37022,34.69,0.125,7.08419,0.371196
ppo,0,13,95,30.5393,18.445,-16.1133,7.08498,-0.484317,2.32377,35.332,0.125,5.61974,0.371196
ppo,0,13,96,31.0612,18.726,-16.4854,7.08805,-0.454458,2.27786,35.9814,0.125,11.4121,0.371196
ppo,0,13,97,31.5755,19.0253,-16.8662,7.09598,-0.426011,2.22852,36.6361,0.125,8.20226,0.371196
ppo,0,13,98,32.1012,19.3401,-17.2382,7.1053,-0.3977,2.17684,37.3004,0.125,6.21955,0.371196
ppo,0,13,99,32.6465,19.642,-17.6061,7.11672,-0.36839,2.13031,37.9698,0.125,7.05093,0.371196
ppo,0,13,100,33.1918,19.9337,-17.994,7.12784,-0.340907,2.08663,38.6474,0.125,18.4555,0.371196
ppo,0,13,101,33.7253,20.242,-18.3963,7.13844,-0.314012,2.04378,39.3346,0.125,4.10557,0.371196
ppo,0,13,102,34.2646,20.572,-18.793,7.1502,-0.288653,2.00287,40.0353,0.125,7.1385,0.371196
ppo,0,13,103,34.8233,20.8926,-19.1889,7.16255,-0.261171,1.96604,40.7447,0.125,15.7074,0.371196
ppo,0,13,104,35.3845,21.1996,-19.6044,7.17563,-0.231727,1.9278,41.4569,0.125,6.26444,0.371196
ppo,0,13,105,35.9353,21.5213,-20.0306,7.19105,-0.20427,1.88576,42.173,0.125,18.4925,0.371196
ppo,0,13,106,36.4956,21.8594,-20.4467,7.20718,-0.178783,1.84481,42.8999,0.125,12.8916,0.371196
ppo,0,13,107,37.0769,22.1851,-20.8567,7.22484,-0.153279,1.80441,43.6311,0.125,11.7499,0.371196
ppo,0,13,108,37.6594,22.5009,-21.2849,7.24582,-0.126614,1.7645,44.3651,0.125,8.24514,0.371196
ppo,0,13,109,38.239,22.8324,-21.7232,7.26665,-0.102484,1.72645,45.113,0.125,7.02793,0.371196
ppo,0,13,110,38.8348,23.1728,-22.1508,7.28727,-0.0808824,1.69348,45.8752,0.125,7.89489,0.371196
ppo,0,13,111,39.4479,23.4976,-22.5885,7.31019,-0.060381,1.66196,46.6465,0.125,5.94626,0.371196
ppo,0,13,112,40.052,23.8218,-23.0482,7.33358,-0.0421899,1.63047,47.4238,0.125,5.49467,0.371196
ppo,0,13,113,40.654,24.1695,-23.5084,7.3573,-0.024938,1.59626,48.2108,0.125,12.9073,0.371196
ppo,0,13,114,41.2761,24.517,-23.9558,7.37961,-0.0125558,1.56069,49.0077,0.125,9.99476,0.371196
ppo,0,13,115,41.904,24.8486,-24.4229,7.40535,-0.00208288,1.52506,49.8097,0.125,10.615,0.371196
ppo,0,13,116,42.5197,25.1945,-24.9016,7.43018,0.00908174,1.49027,50.6173,0.125,9.01821,0.371196
ppo,0,13,117,43.1424,25.5585,-25.373,7.45864,0.0230517,1.45261,51.4296,0.125,12.0275,0.371196
ppo,0,13,118,43.78,25.9101,-25.8452,7.49149,0.0370599,1.41591,52.2441,0.125,8.0806,0.371196
ppo,0,13,119,44.4101,26.2607,-26.3382,7.52223,0.0484867,1.38009,53.0669,0.125,18.0356,0.371196
ppo,0,13,120,45.0404,26.6303,-26.8303,7.55426,0.0582698,1.34477,53.8991,0.125,11.2416,0.371196
ppo,0,13,121,45.6897,26.9962,-27.3134,7.5859,0.0644552,1.31104,54.741,0.125,11.5999,0.371196
ppo,0,13,122,46.3381,27.3506,-27.8139,7.6179,0.0687272,1.27789,55.5868,0.125,26.2526,0.371196
ppo,0,13,123,46.9778,27.7227,-28.3242,7.65067,0.0737807,1.24469,56.4394,0.125,5.97579,0.371196
ppo,0,13,124,47.6332,28.1006,-28.8165,7.6863,0.0763102,1.2152,57.2977,0.125,12.4058,0.371196
ppo,0,13,125,48.2981,28.4622,-29.3218,7.72205,0.0761425,1.18694,58.1633,0.125,9.2185,0.371196
ppo,0,13,126,48.9475,28.8341,-29.8391,7.75857,0.0715935,1.15915,59.0313,0.125,15.0795,0.371196
ppo,0,13,127,49.6116,29.2187,-30.3432,7.79477,0.0624378,1.13397,59.9128,0.125,11.8918,0.371196
ppo,0,13,128,50.2922,29.5861,-30.8554,7.83262,0.053374,1.11131,60.8018,0.125,10.7686,0.371196
ppo,0,13,129,50.9539,29.9606,-31.3883,7.86944,0.0409325,1.09053,61.6955,0.125,8.77205,0.371196
ppo,0,13,130,51.623,30.355,-31.9097,7.90675,0.0255326,1.07044,62.5993,0.125,13.3721,0.371196
ppo,0,13,131,52.3065,30.737,-32.4375,7.94155,0.0080715,1.04947,63.5129,0.125,25.5457,0.371196
ppo,0,13,132,52.9775,31.1215,-32.9845,7.97378,-0.0111805,1.02573,64.4304,0.125,8.84805,0.371196
ppo,0,13,133,53.6571,31.5261,-33.5186,8.0056,-0.033897,1.00239,65.3589,0.125,15.6666,0.371196
ppo,0,13,134,54.3516,31.9161,-34.0582,8.03765,-0.0571634,0.978298,66.2934,0.125,7.38418,0.371196
ppo,0,13,135,55.0305,32.3074,-34.614,8.07135,-0.0793619,0.956172,67.2257,0.125,8.99274,0.371196
ppo,0,13,136,55.7174,32.7162,-35.1605,8.1077,-0.10188,0.935013,68.1659,0.125,5.32253,0.371196
ppo,0,13,137,56.4167,33.1068,-35.7155,8.1444,-0.125898,0.919618,69.1141,0.125,22.1349,0.371196
ppo,0,13,138,57.1074,33.5038,-36.2893,8.18019,-0.148757,0.904787,70.0697,0.125,28.3232,0.371196
ppo,0,13,139,57.8074,33.92,-36.8467,8.21706,-0.172241,0.893613,71.0339,0.125,43.6103,0.371196
ppo,0,13,140,58.5229,34.3159,-37.4123,8.24986,-0.199589,0.885742,72.01,0.125,36.6335,0.371196
ppo,0,13,141,59.2236,34.7222,-37.9953,8.28333,-0.225867,0.878248,72.9892,0.125,44.3926,0.371196
ppo,0,13,142,59.9432,35.1402,-38.5637,8.31331,-0.250612,0.87292,73.9825,0.125,16.1751,0.371196
ppo,0,13,143,60.6646,35.5413,-39.1487,8.34328,-0.278534,0.867483,74.9792,0.125,12.7957,0.371196
ppo,0,13,144,61.3762,35.9614,-39.74,8.37323,-0.309053,0.865423,75.9846,0.125,27.6068,0.371196
ppo,0,13,145,62.11,36.3791,-40.3164,8.40182,-0.33955,0.861006,76.9962,0.125,16.941,0.371196
ppo,0,13,146,62.8401,36.7805,-40.9145,8.42695,-0.370209,0.855127,78.0107,0.125,21.1684,0.371196
ppo,0,13,147,63.5701,37.2043,-41.5102,8.45008,-0.401132,0.849883,79.0364,0.125,55.1072,0.371196
ppo,0,13,148,64.3201,37.6165,-42.1038,8.47272,-0.432289,0.844985,80.0702,0.125,17.6513,0.371196
ppo,0,13,149,65.0553,38.0301,-42.7191,8.49434,-0.463646,0.842337,81.108,0.125,36.4886,0.371196
ppo,0,13,150,65.8038,38.4571,-43.3203,8.51443,-0.494546,0.837328,82.1535,0.125,25.2166,0.371196
ppo,0,13,151,66.5609,38.8631,-43.9301,8.53569,-0.529597,0.831491,83.2004,0.125,14.0244,0.371196
ppo,0,13,152,67.3022,39.2839,-44.5529,8.55392,-0.564844,0.825769,84.2526,0.125,24.9601,0.371196
ppo,0,13,153,68.0648,39.7061,-45.1626,8.5737,-0.598846,0.822839,85.3132,0.125,71.6063,0.371196
ppo,0,13,154,68.827,40.1177,-45.7976,8.59302,-0.634898,0.818753,86.3828,0.125,26.8183,0.371196
ppo,0,13,155,69.5851,40.5501,-46.4228,8.61045,-0.666726,0.813961,87.4531,0.125,10.7284,0.371196
ppo,0,13,156,70.3576,40.9604,-47.0477,8.62638,-0.69695,0.810285,88.5239,0.125,6.86511,0.371196
ppo,0,13,157,71.1121,41.3863,-47.6833,8.64581,-0.727075,0.80631,89.5925,0.125,12.3105,0.371196
ppo,0,13,158,71.8842,41.8158,-48.3077,8.66382,-0.757594,0.801948,90.6701,0.125,42.1778,0.371196
ppo,0,13,159,72.651,42.2381,-48.9509,8.68045,-0.78712,0.798812,91.752,0.125,28.8094,0.371196
ppo,0,13,160,73.4173,42.681,-49.5854,8.69661,-0.818151,0.797381,92.8406,0.125,31.4658,0.371196
ppo,0,13,161,74.1978,43.1048,-50.2201,8.70837,-0.851204,0.794891,93.9336,0.125,27.693,0.371196
ppo,0,13,162,74.9619,43.5388,-50.8697,8.72014,-0.884642,0.795768,95.0302,0.125,33.4316,0.371196
ppo,0,13,163,75.7493,43.9739,-51.5049,8.73034,-0.919491,0.795497,96.1368,0.125,47.4607,0.371196
ppo,0,13,164,76.5279,44.4039,-52.1591,8.7387,-0.952334,0.79545,97.2458,0.125,8.34583,0.371196
ppo,0,13,165,77.3072,44.8569,-52.8,8.74769,-0.986773,0.79711,98.3601,0.125,59.3859,0.371196
ppo,0,13,166,78.095,45.2907,-53.4487,8.75404,-1.01978,0.79852,99.4766,0.125,29.5336,0.371196
ppo,0,13,167,78.8678,45.7448,-54.1026,8.75804,-1.05211,0.802324,100.598,0.125,34.1174,0.371196
ppo,0,13,168,79.655,46.188,-54.7442,8.76472,-1.08293,0.808247,101.716,0.125,27.4484,0.371196
ppo,0,13,169,80.4241,46.6327,-55.4047,8.76917,-1.1143,0.814648,102.834,0.125,87.2471,0.371196
ppo,0,13,170,81.2032,47.1011,-56.0568,8.77168,-1.14625,0.82408,103.969,0.125,24.8828,0.371196
ppo,0,13,171,81.977,47.5529,-56.7243,8.76928,-1.17979,0.832839,105.105,0.125,29.3345,0.371196
ppo,0,13,172,82.7483,48.0257,-57.3768,8.76491,-1.21037,0.840422,106.24,0.125,81.8759,0.371196
ppo,0,13,173,83.5252,48.4776,-58.041,8.75799,-1.23661,0.848198,107.376,0.125,34.8365,0.371196
ppo,0,13,174,84.2925,48.9496,-58.7076,8.74832,-1.26243,0.857019,108.518,0.125,49.9576,0.371196
ppo,0,13,175,85.0825,49.4086,-59.3659,8.73874,-1.29005,0.864367,109.665,0.125,89.7599,0.371196
ppo,0,13,176,85.8631,49.8679,-60.0467,8.72993,-1.31411,0.8722,110.816,0.125,65.2113,0.371196
ppo,0,13,177,86.6624,50.3299,-60.7117,8.71918,-1.33801,0.880315,111.975,0.125,67.396,0.371196
ppo,0,13,178,87.4464,50.7913,-61.3965,8.71006,-1.35876,0.886641,113.129,0.125,80.9136,0.371196
ppo,0,13,179,88.2409,51.2707,-62.0645,8.70265,-1.38006,0.896316,114.291,0.125,30.6962,0.371196
ppo,0,13,180,89.0293,51.7356,-62.7509,8.69342,-1.40139,0.905474,115.454,0.125,52.9701,0.371196
ppo,0,13,181,89.8231,52.2214,-63.4224,8.68488,-1.42244,0.91466,116.62,0.125,66.4759,0.371196
ppo,0,13,182,90.6217,52.684,-64.1055,8.67448,-1.43784,0.926619,117.787,0.125,73.9322,0.371196
ppo,0,13,183,91.4148,53.171,-64.7808,8.65946,-1.44956,0.935716,118.956,0.125,25.2189,0.371196
ppo,0,13,184,92.2158,53.6354,-65.4595,8.64312,-1.46239,0.944804,120.124,0.125,83.5531,0.371196
ppo,0,13,185,93.0064,54.1229,-66.1389,8.62894,-1.47414,0.953661,121.293,0.125,114.936,0.371196
ppo,0,13,186,93.8136,54.5912,-66.8203,8.61418,-1.48574,0.963223,122.467,0.125,62.687,0.371196
ppo,0,13,187,94.6055,55.081,-67.5025,8.59904,-1.49429,0.972403,123.639,0.125,70.1415,0.371196
ppo,0,13,188,95.4143,55.5558,-68.1843,8.58309,-1.50503,0.983568,124.819,0.125,53.3031,0.371196
ppo,0,13,189,96.2078,56.0448,-68.878,8.56808,-1.5145,0.994864,126,0.125,92.5879,0.371196
ppo,0,13,190,97.0205,56.5251,-69.5606,8.55291,-1.5242,1.00673,127.185,0.125,36.9993,0.371196
ppo,0,13,191,97.8152,57.0141,-70.2587,8.53558,-1.53415,1.01851,128.371,0.125,44.3944,0.371196
ppo,0,13,192,98.6307,57.4961,-70.9481,8.51445,-1.54094,1.02779,129.564,0.125,42.3157,0.371196
ppo,0,13,193,99.4292,57.9839,-71.6536,8.49084,-1.54957,1.03615,130.759,0.125,50.8938,0.371196
ppo,0,13,194,100.247,58.4629,-72.3457,8.4678,-1.55456,1.03936,131.95,0.125,36.2965,0.371196
ppo,0,13,195,101.044,58.9475,-73.0523,8.44255,-1.55763,1.04165,133.138,0.125,145.477,0.371196
ppo,0,13,196,101.86,59.4307,-73.752,8.41772,-1.56139,1.03966,134.333,0.125,62.2351,0.371196
ppo,0,13,197,102.658,59.9217,-74.4617,8.39447,-1.56259,1.03702,135.521,0.125,65.2305,0.371196
ppo,0,13,198,103.474,60.4072,-75.1622,8.37341,-1.56531,1.03514,136.714,0.125,44.3319,0.371196
ppo,0,13,199,104.268,60.8994,-75.8723,8.35317,-1.56548,1.03622,137.9,0.125,41.8126,0.371196
ppo,0,13,200,105.078,61.3811,-76.5683,8.33282,-1.56009,1.03882,139.083,0.125,59.8553,0.371196
ppo,0,13,201,105.866,61.8721,-77.2747,8.31547,-1.55197,1.03982,140.256,0.125,96.5608,0.371196
ppo,0,13,202,106.67,62.351,-77.9722,8.29917,-1.54225,1.03927,141.429,0.125,63.4084,0.371196
ppo,0,13,203,107.454,62.8449,-78.6776,8.28476,-1.53089,1.03784,142.595,0.125,86.7455,0.371196
ppo,0,13,204,108.26,63.3219,-79.3767,8.27253,-1.51758,1.0362,143.763,0.125,131.22,0.371196
ppo,0,13,205,109.055,63.8105,-80.1011,8.26203,-1.50207,1.03263,144.94,0.125,58.6872,0.371196
ppo,0,13,206,109.863,64.2802,-80.823,8.25241,-1.48815,1.0279,146.115,0.125,108.393,0.371196
ppo,0,13,207,110.662,64.7737,-81.5451,8.2449,-1.47213,1.01846,147.29,0.125,140.035,0.371196
ppo,0,13,208,111.468,65.2496,-82.2804,8.23483,-1.45663,1.01128,148.473,0.125,108.421,0.371196
ppo,0,13,209,112.27,65.7481,-83.0042,8.22462,-1.4406,1.00414,149.657,0.125,182.151,0.371196
ppo,0,13,210,113.091,66.2316,-83.7406,8.21312,-1.42295,0.997789,150.855,0.125,104.338,0.371196
ppo,0,13,211,113.92,66.7311,-84.4572,8.20181,-1.40645,0.991381,152.054,0.125,114.349,0.371196
ppo,0,13,212,114.738,67.2202,-85.1915,8.19226,-1.38871,0.984448,153.25,0.125,122.273,0.371196
ppo,0,13,213,115.57,67.7276,-85.9142,8.18427,-1.37104,0.976233,154.455,0.125,77.9412,0.371196
ppo,0,13,214,116.385,68.2362,-86.6563,8.17779,-1.35412,0.965443,155.657,0.125,53.6461,0.371196
ppo,0,13,215,117.215,68.7365,-87.3803,8.17112,-1.33613,0.954154,156.856,0.125,52.5574,0.371196
ppo,0,13,216,118.025,69.2508,-88.1136,8.1651,-1.31528,0.943912,158.051,0.125,112.228,0.371196
ppo,0,13,217,118.852,69.7466,-88.8434,8.16322,-1.29413,0.930216,159.242,0.125,30.4364,0.371196
ppo,0,13,218,119.664,70.2666,-89.5722,8.16182,-1.27838,0.917707,160.436,0.125,83.3861,0.371196
ppo,0,13,219,120.48,70.7679,-90.3113,8.16117,-1.25938,0.905113,161.629,0.125,112.785,0.371196
ppo,0,13,220,121.294,71.2874,-91.0398,8.15928,-1.24001,0.89039,162.822,0.125,65.7885,0.371196
ppo,0,13,221,122.1,71.7925,-91.7864,8.15958,-1.22248,0.877969,164.013,0.125,163.593,0.371196
ppo,0,13,222,122.925,72.301,-92.5162,8.16147,-1.2071,0.868061,165.211,0.125,148.208,0.371196
ppo,0,13,223,123.743,72.8071,-93.2741,8.16286,-1.18953,0.860473,166.42,0.125,92.556,0.371196
ppo,0,13,224,124.582,73.2964,-94.0236,8.16054,-1.17577,0.852823,167.635,0.125,49.893,0.371196
ppo,0,13,225,125.403,73.8052,-94.772,8.15897,-1.16221,0.844917,168.846,0.125,143.285,0.371196
ppo,0,13,226,126.226,74.289,-95.5333,8.15916,-1.15195,0.839036,170.055,0.125,87.6771,0.371196
ppo,0,13,227,127.057,74.7935,-96.2805,8.16029,-1.14549,0.834849,171.273,0.125,90.0446,0.371196
ppo,0,13,228,127.878,75.2886,-97.0506,8.16084,-1.14009,0.828647,172.493,0.125,72.5679,0.371196
ppo,0,13,229,128.716,75.7787,-97.8034,8.1612,-1.13555,0.822409,173.713,0.125,148.249,0.371196
ppo,0,13,230,129.538,76.2832,-98.5583,8.16304,-1.13288,0.814033,174.928,0.125,131.816,0.371196
ppo,0,13,231,130.383,76.7746,-99.3091,8.16007,-1.13065,0.803183,176.153,0.125,127.861,0.371196
ppo,0,13,232,131.222,77.2955,-100.062,8.16016,-1.12683,0.792726,177.386,0.125,156.158,0.371196
ppo,0,13,233,132.061,77.7983,-100.835,8.16161,-1.12019,0.783479,178.621,0.125,184.583,0.371196
ppo,0,13,234,132.912,78.2925,-101.598,8.16488,-1.11147,0.771276,179.851,0.125,156.69,0.371196
ppo,0,13,235,133.747,78.8027,-102.372,8.17246,-1.10203,0.758531,181.079,0.125,165.618,0.371196
ppo,0,13,236,134.596,79.2935,-103.145,8.18184,-1.09239,0.746491,182.307,0.125,153.351,0.371196
ppo,0,13,237,135.448,79.8074,-103.905,8.18968,-1.08579,0.738968,183.545,0.125,158.701,0.371196
ppo,0,13,238,136.286,80.3133,-104.688,8.19588,-1.07576,0.731556,184.782,0.125,60.7389,0.371196
ppo,0,13,239,137.143,80.8109,-105.453,8.20075,-1.06519,0.720594,186.018,0.125,131.289,0.371196
ppo,0,13,240,137.987,81.3273,-106.23,8.20637,-1.05306,0.712838,187.26,0.125,46.3951,0.371196
ppo,0,13,241,138.833,81.8186,-107.012,8.21145,-1.04246,0.707475,188.498,0.125,129.997,0.371196
ppo,0,13,242,139.696,82.3207,-107.778,8.21808,-1.02727,0.702142,189.74,0.125,260.572,0.371196
ppo,0,13,243,140.553,82.8211,-108.57,8.22338,-1.01106,0.692844,190.99,0.125,160.657,0.371196
ppo,0,13,244,141.423,83.302,-109.363,8.23044,-0.998514,0.680604,192.241,0.125,166.257,0.371196
ppo,0,13,245,142.298,83.8013,-110.141,8.23778,-0.99038,0.668539,193.496,0.125,126.062,0.371196
ppo,0,13,246,143.175,84.2835,-110.942,8.2427,-0.983124,0.655314,194.759,0.125,60.2585,0.371196
ppo,0,13,247,144.072,84.7527,-111.728,8.24668,-0.970222,0.644575,196.022,0.125,171.365,0.371196
ppo,0,13,248,144.962,85.2445,-112.514,8.25252,-0.958078,0.631717,197.287,0.125,72.2018,0.371196
ppo,0,13,249,145.85,85.7162,-113.314,8.26373,-0.946645,0.61926,198.548,0.125,87.6583,0.371196
ppo,0,13,250,146.757,86.1945,-114.099,8.27594,-0.936434,0.605695,199.815,0.125,144.824,0.371196
ppo,0,13,251,147.646,86.6904,-114.889,8.28625,-0.926231,0.591555,201.08,0.125,120.352,0.371196
ppo,0,13,252,148.533,87.1686,-115.696,8.29643,-0.917829,0.577975,202.349,0.125,198.665,0.371196
ppo,0,13,253,149.434,87.6734,-116.498,8.3066,-0.909213,0.56732,203.637,0.125,87.0001,0.371196
ppo,0,13,254,150.316,88.1925,-117.308,8.31901,-0.903826,0.554813,204.922,0.125,192.729,0.371196
ppo,0,13,255,151.196,88.6886,-118.132,8.33214,-0.901773,0.54061,206.203,0.125,203.001,0.371196
ppo,0,13,256,152.096,89.1872,-118.944,8.34777,-0.899025,0.524637,207.489,0.125,189.793,0.371196
ppo,0,13,257,152.981,89.691,-119.773,8.36342,-0.89658,0.51007,208.778,0.125,116.668,0.371196
ppo,0,13,258,153.871,90.1717,-120.609,8.37766,-0.895917,0.497714,210.068,0.125,44.3189,0.371196
ppo,0,13,259,154.773,90.6611,-121.424,8.39231,-0.894114,0.482879,211.355,0.125,58.0569,0.371196
ppo,0,13,260,155.656,91.1605,-122.256,8.40897,-0.893793,0.466836,212.641,0.125,118.863,0.371196
ppo,0,13,261,156.537,91.638,-123.096,8.42577,-0.893033,0.452265,213.923,0.125,104.196,0.371196
ppo,0,13,262,157.433,92.1328,-123.921,8.43986,-0.891621,0.437248,215.215,0.125,72.5011,0.371196
ppo,0,13,263,158.31,92.6455,-124.754,8.45186,-0.890759,0.426665,216.511,0.125,297.884,0.371196
ppo,0,13,264,159.192,93.1487,-125.606,8.46584,-0.889113,0.412771,217.812,0.125,179.865,0.371196
ppo,0,13,265,160.087,93.6526,-126.441,8.48182,-0.888049,0.399802,219.113,0.125,407.247,0.371196
ppo,0,13,266,160.971,94.1815,-127.277,8.49368,-0.887261,0.389755,220.423,0.125,181.572,0.371196
ppo,0,13,267,161.869,94.6895,-128.127,8.5073,-0.884484,0.378983,221.739,0.125,121.538,0.371196
ppo,0,13,268,162.79,95.1956,-128.963,8.52136,-0.881826,0.367979,223.061,0.125,54.3067,0.371196
ppo,0,13,269,163.702,95.7292,-129.787,8.53539,-0.877824,0.360145,224.383,0.125,125.153,0.371196
ppo,0,13,270,164.599,96.2609,-130.629,8.55174,-0.873504,0.35314,225.703,0.125,227.449,0.371196
ppo,0,13,271,165.505,96.7737,-131.474,8.56922,-0.868904,0.344758,227.022,0.125,163.008,0.371196
ppo,0,13,272,166.419,97.2996,-132.303,8.5894,-0.864763,0.338959,228.343,0.125,196.079,0.371196
ppo,0,13,273,167.329,97.8259,-133.163,8.61044,-0.862755,0.333399,229.679,0.125,309.822,0.371196
ppo,0,13,274,168.239,98.3316,-134.031,8.63297,-0.857998,0.325077,231.007,0.125,323.052,0.371196
ppo,0,13,275,169.167,98.8584,-134.886,8.65606,-0.853243,0.318221,232.35,0.125,209.038,0.371196
ppo,0,13,276,170.091,99.4047,-135.732,8.67774,-0.848473,0.314535,233.696,0.125,340.195,0.371196
ppo,0,13,277,171.008,99.9534,-136.598,8.69937,-0.846335,0.309237,235.049,0.125,37.5532,0.371196
ppo,0,13,278,171.94,100.478,-137.456,8.72307,-0.843127,0.304107,236.397,0.125,92.9994,0.371196
ppo,0,13,279,172.88,101.027,-138.302,8.7473,-0.84262,0.299901,237.755,0.125,204.582,0.371196
ppo,0,13,280,173.796,101.589,-139.153,8.77105,-0.842338,0.296059,239.106,0.125,205.361,0.371196
ppo,0,13,281,174.71,102.133,-140.021,8.79646,-0.841543,0.29347,240.457,0.125,238.562,0.371196
ppo,0,13,282,175.648,102.693,-140.877,8.82148,-0.843534,0.292793,241.826,0.125,154.411,0.371196
ppo,0,13,283,176.584,103.278,-141.721,8.84718,-0.849974,0.290147,243.198,0.125,67.7384,0.371196
ppo,0,13,284,177.499,103.867,-142.582,8.87166,-0.859068,0.291432,244.572,0.125,228.799,0.371196
ppo,0,13,285,178.415,104.434,-143.455,8.89248,-0.868816,0.294786,245.949,0.125,133.063,0.371196
ppo,0,13,286,179.346,104.996,-144.311,8.91409,-0.881451,0.297808,247.324,0.125,214.731,0.371196
ppo,0,13,287,180.274,105.58,-145.155,8.93489,-0.8913,0.300552,248.697,0.125,108.835,0.371196
ppo,0,13,288,181.189,106.156,-146.022,8.95674,-0.900957,0.304769,250.073,0.125,235.547,0.371196
ppo,0,13,289,182.107,106.706,-146.898,8.98139,-0.913348,0.310424,251.446,0.125,167.968,0.371196
ppo,0,13,290,183.042,107.257,-147.753,9.00489,-0.927496,0.316825,252.819,0.125,39.9632,0.371196
ppo,0,13,291,183.969,107.836,-148.601,9.03181,-0.940833,0.321901,254.192,0.125,160.903,0.371196
ppo,0,13,292,184.873,108.42,-149.47,9.05696,-0.953141,0.329286,255.565,0.125,240.23,0.371196
ppo,0,13,293,185.785,108.979,-150.345,9.08437,-0.969004,0.338029,256.938,0.125,87.432,0.371196
ppo,0,13,294,186.714,109.532,-151.201,9.11029,-0.983357,0.346858,258.309,0.125,136.976,0.371196
ppo,0,13,295,187.636,110.105,-152.042,9.1399,-0.996897,0.356755,259.673,0.125,263.051,0.371196
ppo,0,13,296,188.539,110.695,-152.888,9.16979,-1.0114,0.367544,261.034,0.125,284.046,0.371196
ppo,0,13,297,189.432,111.274,-153.751,9.1982,-1.02906,0.377626,262.396,0.125,431.577,0.371196
ppo,0,13,298,190.34,111.832,-154.606,9.22443,-1.0459,0.388605,263.757,0.125,185.263,0.371196
ppo,0,13,299,191.256,112.408,-155.442,9.24811,-1.05966,0.400535,265.12,0.125,350.298,0.371196
ppo,0,14,0,0,0,0,-1.05076,-3.22143,10.6297,11.1567,0.125,1.10093,0.275579
ppo,0,14,1,-0.0060514,0.00346402,0.0105194,-1.00502,-3.1876,10.6408,11.1438,0.125,0.820928,0.275579
ppo,0,14,2,-0.0192634,0.0137714,0.0338036,-0.958035,-3.15295,10.6491,11.1173,0.125,0.369189,0.275579
ppo,0,14,3,-0.0382547,0.034323,0.0693643,-0.91237,-3.11936,10.6577,11.0825,0.125,1.15991,0.275579
ppo,0,14,4,-0.0561959,0.06994,0.112139,-0.869052,-3.08373,10.6633,11.0423,0.125,0.851379,0.275579
ppo,0,14,5,-0.0728793,0.116432,0.167331,-0.823789,-3.05029,10.6654,10.991,0.125,0.83542,0.275579
ppo,0,14,6,-0.086472,0.181257,0.22877,-0.779498,-3.01757,10.666,10.9384,0.125,0.478768,0.275579
ppo,0,14,7,-0.093308,0.258579,0.295549,-0.734383,-2.98422,10.6621,10.8808,0.125,0.671075,0.275579
ppo,0,14,8,-0.0875269,0.348473,0.369454,-0.689346,-2.9482,10.6555,10.8182,0.125,0.868105,0.275579
ppo,0,14,9,-0.071101,0.447784,0.448139,-0.643286,-2.91463,10.6487,10.7557,0.125,1.63914,0.275579
ppo,0,14,10,-0.0464059,0.564654,0.523417,-0.596611,-2.88191,10.6398,10.7016,0.125,0.524468,0.275579
ppo,0,14,11,-0.00942852,0.696965,0.594893,-0.550273,-2.84861,10.6288,10.6557,0.125,0.11574,0.275579
ppo,0,14,12,0.0393561,0.836404,0.666711,-0.508673,-2.81634,10.6147,10.6116,0.125,0.710137,0.275579
ppo,0,14,13,0.10045,0.988201,0.734288,-0.463025,-2.78585,10.6007,10.5787,0.125,0.789989,0.275579
ppo,0,14,14,0.176798,1.15077,0.796662,-0.419361,-2.75584,10.5822,10.5534,0.125,0.469351,0.275579
ppo,0,14,15,0.26773,1.32454,0.858802,-0.373871,-2.72799,10.5655,10.5383,0.125,1.3145,0.275579
ppo,0,14,16,0.375335,1.5082,0.920654,-0.326895,-2.70151,10.5488,10.5317,0.125,0.910001,0.275579
ppo,0,14,17,0.502751,1.70052,0.983968,-0.282283,-2.67299,10.5291,10.5287,0.125,0.398346,0.275579
ppo,0,14,18,0.649172,1.88883,1.0493,-0.237243,-2.64708,10.5093,10.5286,0.125,1.3078,0.275579
ppo,0,14,19,0.813423,2.07485,1.11671,-0.195023,-2.62219,10.4884,10.5312,0.125,0.334226,0.275579
ppo,0,14,20,0.994942,2.25215,1.17911,-0.154479,-2.60151,10.4641,10.5399,0.125,0.702589,0.275579
ppo,0,14,21,1.18865,2.41329,1.23391,-0.115827,-2.57872,10.4407,10.554,0.125,1.39174,0.275579
ppo,0,14,22,1.38994,2.56023,1.27423,-0.080598,-2.55629,10.4173,10.58,0.125,0.612541,0.275579
ppo,0,14,23,1.58683,2.68812,1.29441,-0.0521462,-2.53428,10.394,10.6189,0.125,0.411591,0.275579
ppo,0,14,24,1.7707,2.80514,1.29667,-0.0271353,-2.51613,10.3726,10.6733,0.125,1.03528,0.275579
ppo,0,14,25,1.93986,2.91611,1.27997,-0.00626492,-2.49726,10.3489,10.7395,0.125,0.486367,0.275579
ppo,0,14,26,2.08955,3.03314,1.24402,0.0164502,-2.48205,10.3248,10.8248,0.125,1.24009,0.275579
ppo,0,14,27,2.21808,3.16327,1.20124,0.0390191,-2.46707,10.3008,10.9202,0.125,0.649641,0.275579
ppo,0,14,28,2.32922,3.31276,1.161,0.0593591,-2.45414,10.2743,11.021,0.125,0.786972,0.275579
ppo,0,14,29,2.42951,3.48023,1.13489,0.0780457,-2.4435,10.2514,11.1234,0.125,0.510152,0.275579
ppo,0,14,30,2.52734,3.66553,1.12846,0.0967777,-2.43276,10.2275,11.22,0.125,0.435843,0.275579
ppo,0,14,31,2.63368,3.85814,1.13834,0.113121,-2.4239,10.2039,11.3138,0.125,0.703162,0.275579
ppo,0,14,32,2.75645,4.05184,1.16259,0.128406,-2.41235,10.1809,11.4027,0.125,0.826315,0.275579
ppo,0,14,33,2.89573,4.2402,1.18699,0.141029,-2.40436,10.1599,11.5,0.125,0.924519,0.275579
ppo,0,14,34,3.04893,4.42157,1.20354,0.15369,-2.3919,10.1363,11.6017,0.125,0.466832,0.275579
ppo,0,14,35,3.21037,4.59218,1.20594,0.168171,-2.37895,10.1128,11.7125,0.125,0.991661,0.275579
ppo,0,14,36,3.37279,4.76319,1.19259,0.182045,-2.36446,10.0893,11.8379,0.125,0.689717,0.275579
ppo,0,14,37,3.53518,4.93532,1.15717,0.195942,-2.35201,10.0659,11.9842,0.125,0.455406,0.275579
ppo,0,14,38,3.69577,5.1167,1.10906,0.206119,-2.34151,10.0416,12.1488,0.125,0.90002,0.275579
ppo,0,14,39,3.85575,5.31183,1.04725,0.21736,-2.33174,10.0182,12.3345,0.125,0.743554,0.275579
ppo,0,14,40,4.02443,5.52237,0.974996,0.227756,-2.32228,9.99619,12.5433,0.125,1.02384,0.275579
ppo,0,14,41,4.20532,5.74877,0.889081,0.236511,-2.31263,9.97296,12.7771,0.125,1.27249,0.275579
ppo,0,14,42,4.39797,5.99191,0.795871,0.240151,-2.30427,9.9486,13.0341,0.125,1.43345,0.275579
ppo,0,14,43,4.60389,6.24895,0.696373,0.241752,-2.29843,9.92302,13.3123,0.125,1.1291,0.275579
ppo,0,14,44,4.82986,6.51397,0.599632,0.243089,-2.29394,9.89578,13.6028,0.125,1.16411,0.275579
ppo,0,14,45,5.08122,6.77857,0.50605,0.243155,-2.29331,9.86927,13.906,0.125,0.60874,0.275579
ppo,0,14,46,5.34974,7.03529,0.407518,0.240911,-2.29411,9.84448,14.2195,0.125,0.985813,0.275579
ppo,0,14,47,5.62325,7.28022,0.287166,0.237353,-2.29664,9.8245,14.5494,0.125,0.751997,0.275579
ppo,0,14,48,5.89265,7.51815,0.147016,0.233246,-2.30308,9.80262,14.8901,0.125,1.60578,0.275579
ppo,0,14,49,6.14858,7.76319,-0.0106583,0.22816,-2.30951,9.78419,15.2463,0.125,1.20333,0.275579
ppo,0,14,50,6.39084,8.02846,-0.170481,0.221291,-2.31845,9.76579,15.6157,0.125,1.53539,0.275579
ppo,0,14,51,6.63185,8.30955,-0.317586,0.212542,-2.32612,9.74615,15.9876,0.125,1.3997,0.275579
ppo,0,14,52,6.88734,8.59954,-0.449646,0.204227,-2.33548,9.72771,16.3651,0.125,1.00402,0.275579
ppo,0,14,53,7.1639,8.88275,-0.570999,0.194178,-2.34808,9.7103,16.7456,0.125,1.9266,0.275579
ppo,0,14,54,7.45478,9.15225,-0.694917,0.185257,-2.35917,9.69194,17.1244,0.125,2.83395,0.275579
ppo,0,14,55,7.74758,9.41229,-0.833537,0.177591,-2.36996,9.67807,17.5106,0.125,1.07884,0.275579
ppo,0,14,56,8.03504,9.67169,-0.990492,0.168959,-2.38379,9.66573,17.9099,0.125,1.65879,0.275579
ppo,0,14,57,8.31681,9.94103,-1.16195,0.16182,-2.39648,9.65587,18.3233,0.125,2.06595,0.275579
ppo,0,14,58,8.59176,10.2311,-1.3403,0.152529,-2.41132,9.64571,18.7548,0.125,2.98434,0.275579
ppo,0,14,59,8.86837,10.543,-1.5156,0.14743,-2.42634,9.63181,19.197,0.125,2.67236,0.275579
ppo,0,14,60,9.15675,10.8678,-1.68376,0.138131,-2.44025,9.61702,19.6506,0.125,2.5603,0.275579
ppo,0,14,61,9.46649,11.1873,-1.84777,0.127447,-2.45155,9.60315,20.1087,0.125,1.99943,0.275579
ppo,0,14,62,9.78825,11.4929,-2.01932,0.115017,-2.46093,9.59304,20.5701,0.125,0.225319,0.275579
ppo,0,14,63,10.1088,11.7884,-2.21183,0.0990485,-2.47187,9.58525,21.041,0.125,5.69163,0.275579
ppo,0,14,64,10.4131,12.0876,-2.41907,0.0803669,-2.48736,9.58041,21.5217,0.125,1.12909,0.275579
ppo,0,14,65,10.7081,12.4071,-2.62562,0.0611324,-2.50487,9.57847,22.0151,0.125,3.02037,0.275579
ppo,0,14,66,11.0091,12.7424,-2.819,0.0423786,-2.52248,9.57704,22.5155,0.125,1.19362,0.275579
ppo,0,14,67,11.3283,13.0756,-3.00038,0.0250593,-2.54085,9.57653,23.0177,0.125,5.12946,0.275579
ppo,0,14,68,11.6651,13.3967,-3.18842,0.0105328,-2.55753,9.57706,23.5229,0.125,4.4415,0.275579
ppo,0,14,69,12.0013,13.7135,-3.39573,-0.00350948,-2.57242,9.57848,24.0349,0.125,1.59254,0.275579
ppo,0,14,70,12.3314,14.0393,-3.61724,-0.0187694,-2.58633,9.58236,24.5595,0.125,2.19257,0.275579
ppo,0,14,71,12.6565,14.3856,-3.84186,-0.0337892,-2.59875,9.58779,25.0972,0.125,3.84921,0.275579
ppo,0,14,72,12.9928,14.7518,-4.05815,-0.0471995,-2.61406,9.59258,25.6507,0.125,4.88385,0.275579
ppo,0,14,73,13.3505,15.1179,-4.2677,-0.0581157,-2.63065,9.59719,26.2114,0.125,4.87868,0.275579
ppo,0,14,74,13.7205,15.4714,-4.48724,-0.0723811,-2.64945,9.60148,26.7788,0.125,1.68646,0.275579
ppo,0,14,75,14.0839,15.8141,-4.72649,-0.0865825,-2.66524,9.60768,27.3451,0.125,7.49507,0.275579
ppo,0,14,76,14.434,16.1692,-4.97705,-0.101019,-2.68063,9.61546,27.9199,0.125,3.34788,0.275579
ppo,0,14,77,14.7836,16.545,-5.22073,-0.113985,-2.69528,9.62467,28.5046,0.125,7.43627,0.275579
ppo,0,14,78,15.153,16.9287,-5.4517,-0.126659,-2.71012,9.63292,29.098,0.125,2.26187,0.275579
ppo,0,14,79,15.5404,17.2999,-5.68638,-0.142662,-2.72195,9.64147,29.6947,0.125,1.96108,0.275579
ppo,0,14,80,15.9257,17.6641,-5.9399,-0.157032,-2.73331,9.65149,30.2952,0.125,0.820134,0.275579
ppo,0,14,81,16.3005,18.0376,-6.21062,-0.165255,-2.74385,9.6628,30.9023,0.125,10.6196,0.275579
ppo,0,14,82,16.6743,18.4328,-6.48232,-0.1709,-2.7514,9.67533,31.5214,0.125,8.00243,0.275579
ppo,0,14,83,17.0652,18.8401,-6.74754,-0.178206,-2.76137,9.68827,32.1573,0.125,4.12714,0.275579
ppo,0,14,84,17.4769,19.236,-7.01928,-0.187723,-2.7735,9.69925,32.802,0.125,5.51026,0.275579
ppo,0,14,85,17.888,19.6228,-7.30888,-0.197662,-2.7858,9.70904,33.4492,0.125,7.24078,0.275579
ppo,0,14,86,18.2846,20.0215,-7.6079,-0.209317,-2.79632,9.72213,34.1029,0.125,6.85002,0.275579
ppo,0,14,87,18.6834,20.4384,-7.90096,-0.21886,-2.80579,9.72864,34.7619,0.125,5.36929,0.275579
ppo,0,14,88,19.1021,20.8535,-8.18452,-0.228513,-2.81264,9.73595,35.4246,0.125,0.640549,0.275579
ppo,0,14,89,19.5286,21.2569,-8.48073,-0.236142,-2.82188,9.73849,36.0884,0.125,4.65249,0.275579
ppo,0,14,90,19.9499,21.6651,-8.79715,-0.243118,-2.8312,9.73845,36.7614,0.125,8.07291,0.275579
ppo,0,14,91,20.3658,22.0925,-9.12293,-0.251541,-2.83857,9.73926,37.4488,0.125,3.95873,0.275579
ppo,0,14,92,20.8001,22.53,-9.43673,-0.261225,-2.84862,9.74146,38.1505,0.125,11.8106,0.275579
ppo,0,14,93,21.2528,22.9603,-9.75367,-0.26932,-2.86011,9.74196,38.8584,0.125,8.55561,0.275579
ppo,0,14,94,21.7025,23.3828,-10.091,-0.277132,-2.87322,9.74577,39.5725,0.125,10.7814,0.275579
ppo,0,14,95,22.1438,23.8218,-10.4394,-0.285981,-2.88413,9.74898,40.2973,0.125,11.2326,0.275579
ppo,0,14,96,22.5918,24.2798,-10.7748,-0.292525,-2.89491,9.75472,41.032,0.125,9.40752,0.275579
ppo,0,14,97,23.0554,24.7321,-11.1115,-0.295391,-2.90624,9.76059,41.7705,0.125,11.7629,0.275579
ppo,0,14,98,23.5203,25.1759,-11.4675,-0.303124,-2.91851,9.76714,42.5177,0.125,8.21647,0.275579
ppo,0,14,99,23.9753,25.6338,-11.8367,-0.311729,-2.93357,9.77248,43.2772,0.125,7.52482,0.275579
ppo,0,14,100,24.4385,26.1128,-12.1997,-0.320126,-2.94935,9.78457,44.0557,0.125,5.47349,0.275579
ppo,0,14,101,24.9189,26.5865,-12.5684,-0.325978,-2.96291,9.79142,44.8378,0.125,18.4694,0.275579
ppo,0,14,102,25.3992,27.0503,-12.9547,-0.331146,-2.97479,9.7977,45.6205,0.125,8.52187,0.275579
ppo,0,14,103,25.8709,27.5302,-13.3487,-0.336152,-2.98742,9.80358,46.413,0.125,13.358,0.275579
ppo,0,14,104,26.3532,28.0201,-13.732,-0.340037,-2.99752,9.81129,47.2113,0.125,12.5052,0.275579
ppo,0,14,105,26.852,28.5007,-14.1196,-0.344185,-3.00679,9.81412,48.0123,0.125,6.72281,0.275579
ppo,0,14,106,27.3482,28.9804,-14.5301,-0.349496,-3.01736,9.81844,48.8249,0.125,9.38385,0.275579
ppo,0,14,107,27.8373,29.476,-14.9448,-0.355756,-3.02537,9.82329,49.6452,0.125,12.4099,0.275579
ppo,0,14,108,28.3459,29.9838,-15.3491,-0.362264,-3.03289,9.82868,50.4795,0.125,6.66749,0.275579
ppo,0,14,109,28.8679,30.4791,-15.7642,-0.368624,-3.03825,9.83617,51.3183,0.125,14.8414,0.275579
ppo,0,14,110,29.38,30.9756,-16.2006,-0.376533,-3.04854,9.84836,52.1694,0.125,13.6374,0.275579
ppo,0,14,111,29.8931,31.4967,-16.6348,-0.382787,-3.05376,9.85988,53.0314,0.125,22.5297,0.275579
ppo,0,14,112,30.4234,32.0122,-17.0633,-0.392919,-3.06235,9.87491,53.903,0.125,26.6046,0.275579
ppo,0,14,113,30.954,32.5219,-17.5136,-0.403238,-3.06702,9.89454,54.7818,0.125,12.1468,0.275579
ppo,0,14,114,31.473,33.0514,-17.9669,-0.413388,-3.06881,9.91517,55.6671,0.125,3.5194,0.275579
ppo,0,14,115,32.003,33.5929,-18.4105,-0.421582,-3.06972,9.93594,56.5599,0.125,27.7133,0.275579
ppo,0,14,116,32.5465,34.1208,-18.8688,-0.428397,-3.06739,9.95622,57.4559,0.125,19.0269,0.275579
ppo,0,14,117,33.0826,34.6567,-19.3443,-0.436433,-3.06597,9.97657,58.363,0.125,3.80323,0.275579
ppo,0,14,118,33.6236,35.2094,-19.8086,-0.446092,-3.06271,9.99824,59.2785,0.125,2.07414,0.275579
ppo,0,14,119,34.1824,35.751,-20.2722,-0.45487,-3.05926,10.023,60.1978,0.125,3.77482,0.275579
ppo,0,14,120,34.7369,36.2866,-20.7554,-0.464488,-3.05638,10.0471,61.1212,0.125,29.5572,0.275579
ppo,0,14,121,35.2903,36.8453,-21.2355,-0.470463,-3.05239,10.0723,62.0551,0.125,13.0104,0.275579
ppo,0,14,122,35.8607,37.3989,-21.7102,-0.47437,-3.0491,10.1,62.9934,0.125,3.47359,0.275579
ppo,0,14,123,36.4309,37.9426,-22.208,-0.481071,-3.04554,10.1269,63.938,0.125,26.0694,0.275579
ppo,0,14,124,36.9932,38.5048,-22.7082,-0.488431,-3.04678,10.1546,64.8951,0.125,38.5379,0.275579
ppo,0,14,125,37.574,39.0729,-23.1952,-0.492918,-3.05028,10.1835,65.8604,0.125,7.0756,0.275579
ppo,0,14,126,38.1566,39.6279,-23.6962,-0.494541,-3.05731,10.2139,66.827,0.125,17.8467,0.275579
ppo,0,14,127,38.7271,40.1998,-24.2056,-0.493362,-3.06384,10.245,67.8,0.125,23.8074,0.275579
ppo,0,14,128,39.315,40.7788,-24.7016,-0.492552,-3.06454,10.2755,68.7769,0.125,12.8038,0.275579
ppo,0,14,129,39.9096,41.3426,-25.2135,-0.492124,-3.06121,10.3044,69.7533,0.125,11.586,0.275579
ppo,0,14,130,40.4951,41.9214,-25.7349,-0.491872,-3.05712,10.3347,70.739,0.125,17.9028,0.275579
ppo,0,14,131,41.0975,42.5062,-26.2445,-0.493276,-3.04895,10.3658,71.7313,0.125,15.3718,0.275579
ppo,0,14,132,41.708,43.0722,-26.7717,-0.497039,-3.04067,10.3977,72.7271,0.125,28.631,0.275579
ppo,0,14,133,42.3056,43.6522,-27.3082,-0.500394,-3.03266,10.4303,73.7294,0.125,13.7277,0.275579
ppo,0,14,134,42.9243,44.2383,-27.8324,-0.499772,-3.02466,10.4633,74.7396,0.125,14.1683,0.275579
ppo,0,14,135,43.547,44.8134,-28.3728,-0.495276,-3.0204,10.4932,75.752,0.125,23.4718,0.275579
ppo,0,14,136,44.1601,45.4069,-28.9213,-0.492079,-3.01318,10.5222,76.7731,0.125,31.8491,0.275579
ppo,0,14,137,44.7957,46.0077,-29.4641,-0.49039,-3.00697,10.5485,77.8092,0.125,30.8249,0.275579
ppo,0,14,138,45.4333,46.5935,-30.0289,-0.489098,-2.9999,10.5713,78.8464,0.125,15.6901,0.275579
ppo,0,14,139,46.0609,47.2008,-30.5914,-0.487059,-2.99252,10.591,79.8879,0.125,33.6893,0.275579
ppo,0,14,140,46.7092,47.8042,-31.1473,-0.48227,-2.98763,10.6139,80.9373,0.125,15.925,0.275579
ppo,0,14,141,47.3511,48.4034,-31.7264,-0.475882,-2.98589,10.6357,81.9928,0.125,23.285,0.275579
ppo,0,14,142,47.9958,49.0208,-32.296,-0.465507,-2.98495,10.6563,83.0542,0.125,23.3621,0.275579
ppo,0,14,143,48.657,49.6233,-32.8683,-0.453035,-2.97962,10.6775,84.1136,0.125,36.0024,0.275579
ppo,0,14,144,49.3032,50.2354,-33.4588,-0.437724,-2.97244,10.6973,85.1762,0.125,19.8469,0.275579
ppo,0,14,145,49.9635,50.8618,-34.0355,-0.423053,-2.96624,10.7192,86.2511,0.125,28.0758,0.275579
ppo,0,14,146,50.6325,51.4691,-34.6224,-0.407624,-2.96151,10.7422,87.3255,0.125,26.9252,0.275579
ppo,0,14,147,51.2892,52.0975,-35.2156,-0.392934,-2.95751,10.7643,88.4095,0.125,46.7058,0.275579
ppo,0,14,148,51.9659,52.7253,-35.7917,-0.37799,-2.95763,10.7848,89.4978,0.125,51.1592,0.275579
ppo,0,14,149,52.6411,53.3476,-36.3917,-0.361318,-2.95474,10.8063,90.5917,0.125,35.7476,0.275579
ppo,0,14,150,53.3144,53.9948,-36.9798,-0.342738,-2.95185,10.825,91.6914,0.125,5.35921,0.275579
ppo,0,14,151,54.005,54.629,-37.5751,-0.326108,-2.94945,10.8463,92.7997,0.125,49.6777,0.275579
ppo,0,14,152,54.6735,55.2729,-38.1813,-0.310068,-2.94639,10.8673,93.9066,0.125,25.1477,0.275579
ppo,0,14,153,55.3601,55.9212,-38.7711,-0.291721,-2.9431,10.8869,95.0161,0.125,27.7153,0.275579
ppo,0,14,154,56.0464,56.5552,-39.3761,-0.273289,-2.94019,10.9042,96.1235,0.125,45.7371,0.275579
ppo,0,14,155,56.7317,57.2094,-39.9745,-0.254155,-2.93685,10.9211,97.2384,0.125,6.88508,0.275579
ppo,0,14,156,57.4334,57.853,-40.5746,-0.234309,-2.93314,10.9348,98.3551,0.125,35.4922,0.275579
ppo,0,14,157,58.117,58.5075,-41.184,-0.21552,-2.92617,10.9506,99.4726,0.125,54.3982,0.275579
ppo,0,14,158,58.8189,59.1612,-41.7765,-0.192175,-2.92118,10.9646,100.589,0.125,62.4517,0.275579
ppo,0,14,159,59.5196,59.802,-42.3897,-0.167303,-2.92201,10.9785,101.71,0.125,54.5054,0.275579
ppo,0,14,160,60.2147,60.4649,-42.9931,-0.143514,-2.91875,10.9922,102.835,0.125,30.1992,0.275579
ppo,0,14,161,60.9188,61.1139,-43.6043,-0.125236,-2.91353,11.0053,103.962,0.125,31.1459,0.275579
ppo,0,14,162,61.6054,61.7776,-44.2189,-0.103424,-2.90661,11.0167,105.086,0.125,37.699,0.275579
ppo,0,14,163,62.3097,62.4357,-44.8331,-0.0808457,-2.89963,11.0262,106.215,0.125,37.3756,0.275579
ppo,0,14,164,62.9976,63.0941,-45.4647,-0.0594647,-2.89287,11.0366,107.345,0.125,23.3198,0.275579
ppo,0,14,165,63.6967,63.7633,-46.0779,-0.0364073,-2.88366,11.044,108.474,0.125,53.052,0.275579
ppo,0,14,166,64.3919,64.4191,-46.7101,-0.0140244,-2.87267,11.0494,109.601,0.125,53.478,0.275579
ppo,0,14,167,65.0831,65.094,-47.3304,0.00888862,-2.86181,11.0535,110.731,0.125,53.3182,0.275579
ppo,0,14,168,65.7827,65.7507,-47.9574,0.0327255,-2.85134,11.0587,111.858,0.125,76.8577,0.275579
ppo,0,14,169,66.4664,66.4227,-48.5893,0.0579143,-2.83895,11.0631,112.985,0.125,88.7994,0.275579
ppo,0,14,170,67.1738,67.0918,-49.2136,0.0833906,-2.82725,11.0623,114.118,0.125,64.3278,0.275579
ppo,0,14,171,67.8654,67.766,-49.8532,0.10868,-2.82028,11.0609,115.256,0.125,66.1317,0.275579
ppo,0,14,172,68.5711,68.4456,-50.4822,0.136261,-2.81866,11.0654,116.405,0.125,34.1753,0.275579
ppo,0,14,173,69.2638,69.1197,-51.1331,0.165585,-2.81546,11.0709,117.552,0.125,89.9174,0.275579
ppo,0,14,174,69.9631,69.807,-51.7741,0.192449,-2.8113,11.0773,118.708,0.125,70.2721,0.275579
ppo,0,14,175,70.668,70.4811,-52.4306,0.218759,-2.80568,11.0876,119.869,0.125,30.5321,0.275579
ppo,0,14,176,71.3731,71.1776,-53.078,0.243656,-2.79901,11.0988,121.04,0.125,16.399,0.275579
ppo,0,14,177,72.0883,71.8554,-53.7393,0.266506,-2.79424,11.1102,122.215,0.125,69.1717,0.275579
ppo,0,14,178,72.7871,72.5519,-54.4018,0.290871,-2.78563,11.1216,123.389,0.125,36.6228,0.275579
ppo,0,14,179,73.5033,73.2337,-55.0612,0.312461,-2.77527,11.1324,124.563,0.125,81.9244,0.275579
ppo,0,14,180,74.1993,73.9261,-55.7308,0.336212,-2.76515,11.1421,125.735,0.125,97.345,0.275579
ppo,0,14,181,74.9129,74.6071,-56.3953,0.360546,-2.75664,11.152,126.909,0.125,83.8795,0.275579
ppo,0,14,182,75.6074,75.2975,-57.07,0.384816,-2.74294,11.1605,128.079,0.125,102.411,0.275579
ppo,0,14,183,76.3231,75.9882,-57.7407,0.409187,-2.72833,11.1675,129.258,0.125,92.6219,0.275579
ppo,0,14,184,77.0226,76.687,-58.4253,0.432198,-2.71124,11.1719,130.438,0.125,69.5758,0.275579
ppo,0,14,185,77.741,77.3848,-59.094,0.455353,-2.69339,11.1775,131.619,0.125,39.1472,0.275579
ppo,0,14,186,78.4422,78.0785,-59.7813,0.477082,-2.67789,11.186,132.803,0.125,7.09997,0.275579
ppo,0,14,187,79.1584,78.7756,-60.452,0.497543,-2.6642,11.1929,133.989,0.125,66.8431,0.275579
ppo,0,14,188,79.8579,79.4719,-61.1456,0.522025,-2.64943,11.1996,135.174,0.125,58.2671,0.275579
ppo,0,14,189,80.5746,80.174,-61.8182,0.546772,-2.63289,11.2051,136.359,0.125,106.904,0.275579
ppo,0,14,190,81.2877,80.8702,-62.5137,0.573444,-2.61734,11.2107,137.551,0.125,94.8816,0.275579
ppo,0,14,191,82.0127,81.5826,-63.1917,0.594615,-2.602,11.2157,138.753,0.125,59.3676,0.275579
ppo,0,14,192,82.7249,82.2876,-63.8887,0.613482,-2.58437,11.2204,139.953,0.125,36.9918,0.275579
ppo,0,14,193,83.4507,82.9987,-64.5665,0.633201,-2.56537,11.2234,141.153,0.125,100.775,0.275579
ppo,0,14,194,84.1707,83.7085,-65.2638,0.655401,-2.54697,11.2284,142.358,0.125,108.584,0.275579
ppo,0,14,195,84.9039,84.4294,-65.945,0.675447,-2.5251,11.2304,143.567,0.125,65.5521,0.275579
ppo,0,14,196,85.6218,85.1501,-66.6509,0.697821,-2.5053,11.2295,144.779,0.125,24.9591,0.275579
ppo,0,14,197,86.3568,85.872,-67.3412,0.720217,-2.48682,11.2279,145.993,0.125,66.663,0.275579
ppo,0,14,198,87.0752,86.5973,-68.0489,0.745404,-2.46954,11.2261,147.208,0.125,74.196,0.275579
ppo,0,14,199,87.815,87.3197,-68.7426,0.768085,-2.45094,11.2225,148.426,0.125,138.411,0.275579
ppo,0,14,200,88.5396,88.0461,-69.4507,0.792957,-2.4346,11.2204,149.646,0.125,69.1801,0.275579
ppo,0,14,201,89.2837,88.768,-70.1488,0.818249,-2.41622,11.2188,150.869,0.125,42.0606,0.275579
ppo,0,14,202,90.0055,89.5013,-70.8546,0.843709,-2.39804,11.22,152.091,0.125,62.9876,0.275579
ppo,0,14,203,90.7466,90.2206,-71.5544,0.870487,-2.38053,11.2203,153.311,0.125,75.638,0.275579
ppo,0,14,204,91.4695,90.9587,-72.258,0.89834,-2.36181,11.2201,154.533,0.125,95.1917,0.275579
ppo,0,14,205,92.2082,91.6819,-72.967,0.9263,-2.34238,11.2173,155.756,0.125,93.6575,0.275579
ppo,0,14,206,92.9435,92.4251,-73.6708,0.952587,-2.3209,11.2186,156.988,0.125,26.5778,0.275579
ppo,0,14,207,93.6886,93.1443,-74.3883,0.976661,-2.29465,11.2199,158.218,0.125,83.5128,0.275579
ppo,0,14,208,94.4311,93.8838,-75.0923,1.00182,-2.26495,11.2179,159.446,0.125,7.25041,0.275579
ppo,0,14,209,95.172,94.6051,-75.8167,1.02663,-2.23786,11.2136,160.674,0.125,101.605,0.275579
ppo,0,14,210,95.9246,95.3372,-76.5232,1.04995,-2.20825,11.2086,161.905,0.125,44.0047,0.275579
ppo,0,14,211,96.661,96.0601,-77.2482,1.07524,-2.17954,11.2013,163.129,0.125,106.439,0.275579
ppo,0,14,212,97.4186,96.7786,-77.9625,1.09669,-2.14924,11.1919,164.357,0.125,57.9526,0.275579
ppo,0,14,213,98.1543,97.5,-78.6882,1.11448,-2.12201,11.1822,165.584,0.125,114.783,0.275579
ppo,0,14,214,98.9085,98.2066,-79.4119,1.12924,-2.09364,11.1713,166.812,0.125,132.388,0.275579
ppo,0,14,215,99.6508,98.9314,-80.1322,1.14461,-2.0672,11.1606,168.043,0.125,215.856,0.275579
ppo,0,14,216,100.395,99.638,-80.8665,1.1625,-2.04151,11.1499,169.272,0.125,165.499,0.275579
ppo,0,14,217,101.141,100.369,-81.5997,1.18,-2.01295,11.1388,170.513,0.125,70.837,0.275579
ppo,0,14,218,101.881,101.085,-82.3513,1.19634,-1.98436,11.1227,171.75,0.125,121.107,0.275579
ppo,0,14,219,102.634,101.814,-83.0841,1.21309,-1.95879,11.1069,172.994,0.125,20.6884,0.275579
ppo,0,14,220,103.365,102.544,-83.8317,1.23104,-1.93135,11.0932,174.233,0.125,118.612,0.275579
ppo,0,14,221,104.116,103.264,-84.5714,1.25022,-1.90269,11.0782,175.472,0.125,30.6232,0.275579
ppo,0,14,222,104.85,104.004,-85.3088,1.26811,-1.87532,11.0611,176.711,0.125,84.9637,0.275579
ppo,0,14,223,105.594,104.725,-86.057,1.28239,-1.85027,11.046,177.956,0.125,120.857,0.275579
ppo,0,14,224,106.342,105.465,-86.7903,1.29974,-1.82372,11.0318,179.204,0.125,116.347,0.275579
ppo,0,14,225,107.081,106.194,-87.5454,1.31674,-1.79837,11.0139,180.451,0.125,129.087,0.275579
ppo,0,14,226,107.842,106.917,-88.2879,1.33305,-1.77435,10.995,181.701,0.125,113.365,0.275579
ppo,0,14,227,108.586,107.651,-89.0349,1.35294,-1.7524,10.9762,182.949,0.125,10.0181,0.275579
ppo,0,14,228,109.339,108.359,-89.7889,1.37534,-1.73101,10.9551,184.188,0.125,164.837,0.275579
ppo,0,14,229,110.094,109.087,-90.5292,1.39542,-1.70782,10.9351,185.434,0.125,124.484,0.275579
ppo,0,14,230,110.847,109.802,-91.2881,1.41607,-1.68442,10.9149,186.681,0.125,27.7364,0.275579
ppo,0,14,231,111.617,110.513,-92.0299,1.43811,-1.66548,10.8944,187.928,0.125,46.8815,0.275579
ppo,0,14,232,112.372,111.237,-92.7716,1.45783,-1.64846,10.8725,189.175,0.125,221.277,0.275579
ppo,0,14,233,113.138,111.945,-93.5199,1.47488,-1.63369,10.8494,190.425,0.125,85.2016,0.275579
ppo,0,14,234,113.909,112.669,-94.2515,1.49426,-1.6167,10.8277,191.677,0.125,25.3991,0.275579
ppo,0,14,235,114.659,113.39,-94.9998,1.51315,-1.59807,10.8057,192.922,0.125,90.2654,0.275579
ppo,0,14,236,115.433,114.096,-95.741,1.53347,-1.57867,10.7831,194.168,0.125,159.122,0.275579
ppo,0,14,237,116.205,114.821,-96.4725,1.55711,-1.5569,10.7585,195.414,0.125,173.145,0.275579
ppo,0,14,238,116.973,115.528,-97.2188,1.5804,-1.53778,10.7319,196.655,0.125,171.025,0.275579
ppo,0,14,239,117.757,116.241,-97.9475,1.60402,-1.521,10.704,197.9,0.125,104.234,0.275579
ppo,0,14,240,118.52,116.967,-98.6848,1.6293,-1.50615,10.6775,199.147,0.125,106.241,0.275579
ppo,0,14,241,119.29,117.674,-99.4317,1.6545,-1.48828,10.6539,200.391,0.125,105.659,0.275579
ppo,0,14,242,120.068,118.396,-100.162,1.6763,-1.47314,10.6277,201.643,0.125,250.884,0.275579
ppo,0,14,243,120.847,119.113,-100.92,1.69436,-1.45872,10.6022,202.909,0.125,192.578,0.275579
ppo,0,14,244,121.639,119.813,-101.684,1.71108,-1.45011,10.5756,204.181,0.125,156.321,0.275579
ppo,0,14,245,122.427,120.533,-102.434,1.72822,-1.44065,10.5465,205.451,0.125,133.576,0.275579
ppo,0,14,246,123.203,121.244,-103.198,1.74697,-1.43118,10.5128,206.715,0.125,146.14,0.275579
ppo,0,14,247,124.003,121.962,-103.95,1.76606,-1.42114,10.4802,207.989,0.125,102.193,0.275579
ppo,0,14,248,124.794,122.702,-104.696,1.78219,-1.40981,10.4479,209.269,0.125,177.412,0.275579
ppo,0,14,249,125.576,123.432,-105.461,1.7988,-1.40108,10.4192,210.553,0.125,170.163,0.275579
ppo,0,14,250,126.378,124.158,-106.214,1.81399,-1.39277,10.3897,211.839,0.125,88.2675,0.275579
ppo,0,14,251,127.163,124.906,-106.959,1.82646,-1.38179,10.3615,213.124,0.125,58.1,0.275579
ppo,0,14,252,127.942,125.635,-107.722,1.83629,-1.36619,10.3306,214.402,0.125,160.618,0.275579
ppo,0,14,253,128.741,126.364,-108.471,1.84704,-1.3517,10.2996,215.685,0.125,68.3467,0.275579
ppo,0,14,254,129.525,127.11,-109.216,1.85735,-1.33884,10.2673,216.966,0.125,260.621,0.275579
ppo,0,14,255,130.311,127.856,-109.98,1.866,-1.32482,10.2348,218.26,0.125,183.314,0.275579
ppo,0,14,256,131.119,128.59,-110.733,1.87602,-1.31233,10.2034,219.554,0.125,185.767,0.275579
ppo,0,14,257,131.924,129.343,-111.474,1.88485,-1.30372,10.1721,220.854,0.125,268.872,0.275579
ppo,0,14,258,132.739,130.081,-112.235,1.89555,-1.29759,10.1395,222.162,0.125,32.8722,0.275579
ppo,0,14,259,133.576,130.808,-112.985,1.91096,-1.29466,10.1048,223.468,0.125,247.365,0.275579
ppo,0,14,260,134.415,131.551,-113.721,1.92621,-1.29121,10.0714,224.778,0.125,51.5982,0.275579
ppo,0,14,261,135.235,132.289,-114.473,1.93995,-1.29142,10.039,226.085,0.125,223.015,0.275579
ppo,0,14,262,136.087,133.031,-115.217,1.95235,-1.29437,10.0072,227.412,0.125,289.877,0.275579
ppo,0,14,263,136.955,133.788,-115.951,1.96413,-1.29615,9.97375,228.751,0.125,76.1155,0.275579
ppo,0,14,264,137.796,134.549,-116.695,1.9771,-1.30018,9.93678,230.081,0.125,208.165,0.275579
ppo,0,14,265,138.655,135.294,-117.445,1.98915,-1.3014,9.89922,231.414,0.125,84.8416,0.275579
ppo,0,14,266,139.528,136.042,-118.175,1.99932,-1.30141,9.86612,232.749,0.125,137.497,0.275579
ppo,0,14,267,140.384,136.806,-118.906,2.0071,-1.3018,9.83219,234.084,0.125,103.255,0.275579
ppo,0,14,268,141.234,137.55,-119.655,2.01352,-1.30392,9.80024,235.418,0.125,160.952,0.275579
ppo,0,14,269,142.106,138.283,-120.393,2.01643,-1.30271,9.7669,236.75,0.125,235.142,0.275579
ppo,0,14,270,142.975,139.033,-121.116,2.02005,-1.30315,9.73592,238.085,0.125,99.1349,0.275579
ppo,0,14,271,143.825,139.778,-121.855,2.02552,-1.30459,9.70366,239.414,0.125,303.958,0.275579
ppo,0,14,272,144.679,140.503,-122.606,2.03152,-1.30331,9.67402,240.739,0.125,81.3928,0.275579
ppo,0,14,273,145.546,141.234,-123.338,2.03745,-1.30109,9.64521,242.065,0.125,309.431,0.275579
ppo,0,14,274,146.397,141.987,-124.063,2.04152,-1.29869,9.61594,243.391,0.125,162.352,0.275579
ppo,0,14,275,147.242,142.723,-124.804,2.0438,-1.29197,9.58518,244.711,0.125,192.74,0.275579
ppo,0,14,276,148.104,143.443,-125.541,2.04575,-1.28495,9.55619,246.029,0.125,251.021,0.275579
ppo,0,14,277,148.976,144.174,-126.257,2.04358,-1.28169,9.52766,247.354,0.125,80.1336,0.275579
ppo,0,14,278,149.825,144.915,-126.977,2.0422,-1.2786,9.50102,248.674,0.125,114.08,0.275579
ppo,0,14,279,150.67,145.64,-127.714,2.03827,-1.28095,9.47206,249.994,0.125,284.167,0.275579
ppo,0,14,280,151.535,146.352,-128.44,2.03149,-1.28474,9.44473,251.317,0.125,97.8457,0.275579
ppo,0,14,281,152.396,147.081,-129.148,2.02063,-1.28993,9.41796,252.641,0.125,172.464,0.275579
ppo,0,14,282,153.235,147.819,-129.865,2.0089,-1.29415,9.38943,253.96,0.125,231.198,0.275579
ppo,0,14,283,154.077,148.54,-130.599,1.996,-1.29655,9.35755,255.279,0.125,122.648,0.275579
ppo,0,14,284,154.939,149.249,-131.316,1.98426,-1.29982,9.3279,256.595,0.125,215.282,0.275579
ppo,0,14,285,155.795,149.985,-132.026,1.97109,-1.30511,9.30207,257.923,0.125,111.529,0.275579
ppo,0,14,286,156.627,150.728,-132.748,1.95746,-1.31128,9.27995,259.25,0.125,279.84,0.275579
ppo,0,14,287,157.48,151.452,-133.483,1.94532,-1.32347,9.25848,260.589,0.125,301.048,0.275579
ppo,0,14,288,158.361,152.191,-134.213,1.93246,-1.33686,9.23736,261.952,0.125,230.44,0.275579
ppo,0,14,289,159.254,152.94,-134.926,1.92041,-1.34928,9.21836,263.318,0.125,156.392,0.275579
ppo,0,14,290,160.134,153.707,-135.642,1.90964,-1.35992,9.19956,264.688,0.125,129.749,0.275579
ppo,0,14,291,161.011,154.455,-136.381,1.89804,-1.37073,9.17787,266.057,0.125,299.361,0.275579
ppo,0,14,292,161.918,155.202,-137.115,1.88555,-1.38427,9.15574,267.441,0.125,174.484,0.275579
ppo,0,14,293,162.842,155.947,-137.832,1.87144,-1.39769,9.1357,268.828,0.125,316.377,0.275579
ppo,0,14,294,163.764,156.711,-138.541,1.86386,-1.40866,9.11369,270.214,0.125,159.034,0.275579
ppo,0,14,295,164.67,157.472,-139.274,1.85311,-1.42031,9.09227,271.604,0.125,295.256,0.275579
ppo,0,14,296,165.599,158.22,-140.014,1.83807,-1.43604,9.07052,273.01,0.125,125.665,0.275579
ppo,0,14,297,166.547,158.968,-140.744,1.82501,-1.45235,9.04923,274.419,0.125,273.927,0.275579
ppo,0,14,298,167.489,159.746,-141.468,1.81148,-1.46941,9.02861,275.842,0.125,13.5591,0.275579
ppo,0,14,299,168.41,160.539,-142.192,1.79743,-1.48596,9.00983,277.261,0.125,15.0909,0.275579
ppo,0,15,0,0,0,0,-1.71074,-2.13477,9.01567,9.42158,0.125,1.07991,0.294796
ppo,0,15,1,-0.015945,-0.00835919,0.0118906,-1.73355,-2.15396,9.02386,9.42175,0.125,0.763534,0.294796
ppo,0,15,2,-0.0393629,-0.0141997,0.0359113,-1.75403,-2.17284,9.03293,9.4099,0.125,0.726081,0.294796
ppo,0,15,3,-0.072679,-0.0145653,0.0754896,-1.77822,-2.19279,9.03954,9.38124,0.125,0.750555,0.294796
ppo,0,15,4,-0.112207,-0.00420172,0.125854,-1.80129,-2.21204,9.0447,9.34202,0.125,0.780055,0.294796
ppo,0,15,5,-0.153221,0.014566,0.187783,-1.825,-2.23297,9.05115,9.29546,0.125,1.36991,0.294796
ppo,0,15,6,-0.19491,0.0434129,0.260988,-1.84967,-2.25396,9.05418,9.23777,0.125,0.875934,0.294796
ppo,0,15,7,-0.228223,0.0846201,0.33672,-1.87243,-2.2772,9.05763,9.18346,0.125,0.794608,0.294796
ppo,0,15,8,-0.256099,0.141077,0.420361,-1.89427,-2.29868,9.06166,9.12733,0.125,0.860153,0.294796
ppo,0,15,9,-0.27457,0.208943,0.502261,-1.91642,-2.31656,9.06553,9.07764,0.125,0.531932,0.294796
ppo,0,15,10,-0.280655,0.285014,0.578994,-1.93699,-2.33841,9.06646,9.03675,0.125,0.77102,0.294796
ppo,0,15,11,-0.271358,0.374269,0.648854,-1.9577,-2.35856,9.06547,9.00841,0.125,0.708622,0.294796
ppo,0,15,12,-0.247617,0.476151,0.713338,-1.97392,-2.37915,9.06282,8.99148,0.125,0.89204,0.294796
ppo,0,15,13,-0.210671,0.589908,0.773265,-1.99183,-2.40287,9.06134,8.99008,0.125,0.540505,0.294796
ppo,0,15,14,-0.160549,0.718431,0.824217,-2.00826,-2.42774,9.05783,9.00582,0.125,0.202982,0.294796
ppo,0,15,15,-0.0978242,0.856224,0.868548,-2.02532,-2.4537,9.05486,9.03806,0.125,0.56145,0.294796
ppo,0,15,16,-0.020703,1.00676,0.911295,-2.04096,-2.48139,9.04744,9.07995,0.125,0.262147,0.294796
ppo,0,15,17,0.0718942,1.16501,0.954436,-2.05709,-2.50905,9.03736,9.13044,0.125,0.854973,0.294796
ppo,0,15,18,0.181248,1.31911,1.00154,-2.06913,-2.53511,9.02716,9.18313,0.125,0.441783,0.294796
ppo,0,15,19,0.305918,1.46761,1.05044,-2.07852,-2.56283,9.01288,9.23745,0.125,0.91634,0.294796
ppo,0,15,20,0.445095,1.60346,1.09882,-2.08852,-2.59325,9.00083,9.29911,0.125,0.289645,0.294796
ppo,0,15,21,0.599076,1.72063,1.13717,-2.0995,-2.62094,8.99029,9.37033,0.125,1.46949,0.294796
ppo,0,15,22,0.761609,1.81793,1.15952,-2.1097,-2.6504,8.97907,9.45281,0.125,0.790622,0.294796
ppo,0,15,23,0.923175,1.89395,1.16713,-2.12056,-2.6799,8.96976,9.54282,0.125,0.633761,0.294796
ppo,0,15,24,1.07124,1.95489,1.15815,-2.13174,-2.7072,8.96103,9.63738,0.125,1.36287,0.294796
ppo,0,15,25,1.20237,2.01204,1.12718,-2.14226,-2.73606,8.95514,9.7472,0.125,1.40731,0.294796
ppo,0,15,26,1.31088,2.0769,1.07808,-2.15013,-2.76507,8.94994,9.86862,0.125,1.47282,0.294796
ppo,0,15,27,1.40052,2.15329,1.01948,-2.15569,-2.79615,8.94798,10.0002,0.125,1.28997,0.294796
ppo,0,15,28,1.47158,2.2465,0.959951,-2.15799,-2.82907,8.94433,10.1334,0.125,1.05011,0.294796
ppo,0,15,29,1.5288,2.36187,0.908882,-2.15615,-2.86192,8.94369,10.2677,0.125,1.09828,0.294796
ppo,0,15,30,1.58395,2.49908,0.872867,-2.15369,-2.8917,8.94498,10.4014,0.125,0.96363,0.294796
ppo,0,15,31,1.64358,2.64651,0.857566,-2.15014,-2.9212,8.94635,10.5271,0.125,0.946241,0.294796
ppo,0,15,32,1.71749,2.79561,0.858529,-2.14383,-2.94793,8.95271,10.6496,0.125,0.378456,0.294796
ppo,0,15,33,1.80755,2.93744,0.865751,-2.13663,-2.97674,8.95955,10.7724,0.125,1.64449,0.294796
ppo,0,15,34,1.91067,3.06519,0.874974,-2.12746,-3.00683,8.9702,10.8953,0.125,0.938547,0.294796
ppo,0,15,35,2.0204,3.18549,0.870544,-2.11754,-3.03667,8.97997,11.0273,0.125,0.739821,0.294796
ppo,0,15,36,2.13414,3.29876,0.847071,-2.10533,-3.06548,8.98581,11.1676,0.125,0.973176,0.294796
ppo,0,15,37,2.24943,3.41241,0.804571,-2.09284,-3.09558,8.99381,11.3258,0.125,1.14421,0.294796
ppo,0,15,38,2.36113,3.53392,0.743184,-2.07845,-3.12257,9.0006,11.498,0.125,1.01034,0.294796
ppo,0,15,39,2.47153,3.66709,0.668333,-2.06607,-3.14914,9.00428,11.685,0.125,1.56886,0.294796
ppo,0,15,40,2.58056,3.81874,0.585998,-2.05573,-3.17332,9.01119,11.8898,0.125,1.83533,0.294796
ppo,0,15,41,2.69456,3.98797,0.491327,-2.04758,-3.19548,9.01579,12.1143,0.125,2.25368,0.294796
ppo,0,15,42,2.81734,4.17839,0.39055,-2.03911,-3.22,9.01683,12.3586,0.125,1.96112,0.294796
ppo,0,15,43,2.94868,4.38187,0.289325,-2.02848,-3.24408,9.01553,12.6124,0.125,1.1557,0.294796
ppo,0,15,44,3.09599,4.59415,0.191352,-2.01865,-3.2652,9.01293,12.8744,0.125,2.21245,0.294796
ppo,0,15,45,3.26113,4.80237,0.100346,-2.00517,-3.28552,9.00851,13.134,0.125,0.551982,0.294796
ppo,0,15,46,3.44668,5.00222,0.00911598,-1.99408,-3.30682,9.00506,13.4003,0.125,2.38979,0.294796
ppo,0,15,47,3.63918,5.18177,-0.0939409,-1.98369,-3.32739,9.00254,13.6663,0.125,0.586504,0.294796
ppo,0,15,48,3.82959,5.34754,-0.214656,-1.97101,-3.3497,9.00245,13.9371,0.125,1.46724,0.294796
ppo,0,15,49,4.00673,5.51411,-0.352414,-1.95518,-3.37462,9.00324,14.2156,0.125,2.18521,0.294796
ppo,0,15,50,4.1648,5.69079,-0.498226,-1.93955,-3.40052,9.00322,14.498,0.125,1.19808,0.294796
ppo,0,15,51,4.31465,5.89376,-0.63636,-1.92431,-3.42547,9.0036,14.7886,0.125,0.916337,0.294796
ppo,0,15,52,4.4706,6.11,-0.762021,-1.90876,-3.45245,9.00343,15.0831,0.125,1.71868,0.294796
ppo,0,15,53,4.64324,6.32885,-0.878121,-1.89379,-3.47962,8.99965,15.3789,0.125,1.87767,0.294796
ppo,0,15,54,4.83123,6.5424,-0.988553,-1.87791,-3.50643,8.99604,15.6743,0.125,3.02934,0.294796
ppo,0,15,55,5.03562,6.74231,-1.1058,-1.86046,-3.53225,8.99651,15.9743,0.125,1.43299,0.294796
ppo,0,15,56,5.23906,6.93392,-1.24374,-1.84136,-3.55742,8.99752,16.2814,0.125,3.39266,0.294796
ppo,0,15,57,5.43584,7.12818,-1.3994,-1.82162,-3.57606,8.99807,16.5939,0.125,1.55757,0.294796
ppo,0,15,58,5.62448,7.33792,-1.57175,-1.80097,-3.59195,9.00147,16.9231,0.125,2.4383,0.294796
ppo,0,15,59,5.81259,7.56266,-1.74818,-1.78041,-3.60952,9.00681,17.2668,0.125,1.00444,0.294796
ppo,0,15,60,6.0094,7.80228,-1.91834,-1.75906,-3.62671,9.00992,17.6181,0.125,0.803486,0.294796
ppo,0,15,61,6.22594,8.04896,-2.07637,-1.74169,-3.63674,9.01041,17.971,0.125,1.95495,0.294796
ppo,0,15,62,6.46147,8.28702,-2.23471,-1.72579,-3.64696,9.01064,18.3278,0.125,1.96387,0.294796
ppo,0,15,63,6.70814,8.51186,-2.40828,-1.70878,-3.65577,9.01356,18.691,0.125,2.48396,0.294796
ppo,0,15,64,6.9457,8.72838,-2.60098,-1.69094,-3.66136,9.02018,19.0565,0.125,1.93781,0.294796
ppo,0,15,65,7.16544,8.95555,-2.80684,-1.67272,-3.66759,9.02626,19.4288,0.125,4.83542,0.294796
ppo,0,15,66,7.37854,9.20564,-3.0132,-1.65696,-3.67614,9.02757,19.8132,0.125,1.78219,0.294796
ppo,0,15,67,7.59846,9.47048,-3.20425,-1.63831,-3.68469,9.0307,20.2007,0.125,1.34417,0.294796
ppo,0,15,68,7.83881,9.73027,-3.38538,-1.61591,-3.69119,9.03461,20.586,0.125,2.58583,0.294796
ppo,0,15,69,8.09084,9.97322,-3.57476,-1.59638,-3.69644,9.04063,20.9726,0.125,3.20302,0.294796
ppo,0,15,70,8.33828,10.2045,-3.78702,-1.57363,-3.70212,9.04679,21.3623,0.125,3.84991,0.294796
ppo,0,15,71,8.57354,10.4444,-4.0193,-1.55205,-3.70736,9.05592,21.7661,0.125,5.26478,0.294796
ppo,0,15,72,8.80501,10.707,-4.2574,-1.53053,-3.7128,9.06617,22.1872,0.125,7.1246,0.294796
ppo,0,15,73,9.04316,10.99,-4.49141,-1.50964,-3.72073,9.07586,22.6238,0.125,3.26526,0.294796
ppo,0,15,74,9.30306,11.2748,-4.71722,-1.48751,-3.73191,9.08731,23.0695,0.125,1.08597,0.294796
ppo,0,15,75,9.57752,11.5465,-4.94829,-1.46467,-3.74424,9.09775,23.5166,0.125,3.17202,0.294796
ppo,0,15,76,9.85107,11.8079,-5.19717,-1.44483,-3.75702,9.10593,23.9675,0.125,3.28586,0.294796
ppo,0,15,77,10.1097,12.0847,-5.45985,-1.42581,-3.76688,9.11079,24.4263,0.125,3.27425,0.294796
ppo,0,15,78,10.3651,12.3825,-5.71531,-1.40672,-3.77697,9.11417,24.8921,0.125,3.07017,0.294796
ppo,0,15,79,10.6418,12.6841,-5.95689,-1.3853,-3.78831,9.11716,25.3617,0.125,4.00097,0.294796
ppo,0,15,80,10.9345,12.9737,-6.20101,-1.3647,-3.79892,9.11956,25.8324,0.125,2.70458,0.294796
ppo,0,15,81,11.2298,13.2519,-6.46447,-1.34294,-3.81163,9.12212,26.3093,0.125,4.77356,0.294796
ppo,0,15,82,11.5172,13.5358,-6.74621,-1.31921,-3.82019,9.12504,26.7937,0.125,5.42539,0.294796
ppo,0,15,83,11.8034,13.8379,-7.03087,-1.29324,-3.82986,9.12824,27.2908,0.125,2.10655,0.294796
ppo,0,15,84,12.1031,14.1542,-7.31337,-1.26539,-3.83685,9.13258,27.8004,0.125,4.62182,0.294796
ppo,0,15,85,12.4229,14.4629,-7.59673,-1.23525,-3.84565,9.13558,28.3146,0.125,3.94041,0.294796
ppo,0,15,86,12.7484,14.7574,-7.89714,-1.20365,-3.85238,9.13605,28.829,0.125,4.10462,0.294796
ppo,0,15,87,13.0628,15.0622,-8.21086,-1.17442,-3.85963,9.1375,29.3547,0.125,3.96702,0.294796
ppo,0,15,88,13.3769,15.3879,-8.51981,-1.14623,-3.86749,9.13976,29.8924,0.125,3.86771,0.294796
ppo,0,15,89,13.7104,15.7192,-8.8166,-1.11582,-3.87156,9.1445,30.4338,0.125,4.31111,0.294796
ppo,0,15,90,14.059,16.039,-9.12193,-1.08527,-3.87564,9.14827,30.9797,0.125,9.59031,0.294796
ppo,0,15,91,14.4042,16.3521,-9.44885,-1.05249,-3.87876,9.15304,31.5314,0.125,5.03224,0.294796
ppo,0,15,92,14.7439,16.684,-9.78642,-1.0202,-3.88426,9.16342,32.1038,0.125,5.57007,0.294796
ppo,0,15,93,15.0917,17.0338,-10.1203,-0.9915,-3.88709,9.17296,32.6891,0.125,2.33424,0.294796
ppo,0,15,94,15.4591,17.3836,-10.455,-0.962619,-3.88725,9.18278,33.2831,0.125,7.0842,0.294796
ppo,0,15,95,15.8294,17.7201,-10.8054,-0.932501,-3.88968,9.1923,33.88,0.125,3.97824,0.294796
ppo,0,15,96,16.1865,18.0645,-11.176,-0.901572,-3.8927,9.20319,34.4881,0.125,3.26325,0.294796
ppo,0,15,97,16.5475,18.4317,-11.5421,-0.871892,-3.89557,9.21622,35.1119,0.125,6.38861,0.294796
ppo,0,15,98,16.9284,18.8004,-11.9011,-0.842137,-3.89905,9.22938,35.7429,0.125,3.32584,0.294796
ppo,0,15,99,17.323,19.1562,-12.2729,-0.816626,-3.90305,9.24277,36.3827,0.125,3.47953,0.294796
ppo,0,15,100,17.7131,19.5161,-12.6631,-0.793416,-3.91019,9.25668,37.0373,0.125,12.8437,0.294796
ppo,0,15,101,18.1018,19.8974,-13.056,-0.772886,-3.91626,9.27073,37.7071,0.125,6.08639,0.294796
ppo,0,15,102,18.5082,20.2845,-13.44,-0.753034,-3.92039,9.2861,38.3842,0.125,6.52229,0.294796
ppo,0,15,103,18.9231,20.6583,-13.8351,-0.734679,-3.92369,9.30057,39.0636,0.125,12.709,0.294796
ppo,0,15,104,19.3281,21.0344,-14.2516,-0.717973,-3.92879,9.31822,39.756,0.125,7.64018,0.294796
ppo,0,15,105,19.7323,21.4339,-14.6677,-0.701651,-3.93206,9.33402,40.4606,0.125,8.5652,0.294796
ppo,0,15,106,20.1538,21.8397,-15.0768,-0.686008,-3.93589,9.34813,41.1735,0.125,9.06677,0.294796
ppo,0,15,107,20.585,22.2292,-15.4988,-0.669241,-3.93735,9.36575,41.8889,0.125,7.85286,0.294796
ppo,0,15,108,21.0067,22.6275,-15.9365,-0.649282,-3.94182,9.38549,42.6159,0.125,8.42081,0.294796
ppo,0,15,109,21.4317,23.0461,-16.37,-0.630651,-3.94483,9.40557,43.3548,0.125,10.1075,0.294796
ppo,0,15,110,21.8751,23.4639,-16.7964,-0.61435,-3.94708,9.42247,44.0973,0.125,9.05041,0.294796
ppo,0,15,111,22.3243,23.8681,-17.2426,-0.600206,-3.94832,9.43719,44.8453,0.125,10.7175,0.294796
ppo,0,15,112,22.7628,24.2863,-17.6935,-0.587939,-3.94992,9.44899,45.5988,0.125,12.7384,0.294796
ppo,0,15,113,23.2139,24.7208,-18.1353,-0.573938,-3.9496,9.46355,46.3632,0.125,11.9055,0.294796
ppo,0,15,114,23.6804,25.1403,-18.5819,-0.56197,-3.95045,9.47681,47.1302,0.125,5.5194,0.294796
ppo,0,15,115,24.1377,25.5601,-19.0453,-0.553168,-3.95444,9.48861,47.9054,0.125,29.2726,0.294796
ppo,0,15,116,24.5953,26.0001,-19.5074,-0.544638,-3.96084,9.50487,48.6969,0.125,13.1318,0.294796
ppo,0,15,117,25.0765,26.4425,-19.962,-0.530358,-3.97036,9.52307,49.4977,0.125,18.4455,0.294796
ppo,0,15,118,25.5638,26.8711,-20.4325,-0.514094,-3.98577,9.54189,50.3057,0.125,12.9926,0.294796
ppo,0,15,119,26.0449,27.3154,-20.9119,-0.498823,-3.99928,9.56328,51.1264,0.125,11.2631,0.294796
ppo,0,15,120,26.5394,27.7716,-21.3832,-0.483725,-4.01365,9.58274,51.9562,0.125,25.1293,0.294796
ppo,0,15,121,27.0525,28.2129,-21.8613,-0.466358,-4.02603,9.60236,52.7883,0.125,30.6885,0.294796
ppo,0,15,122,27.5544,28.6596,-22.3592,-0.450532,-4.03235,9.62047,53.626,0.125,4.67113,0.294796
ppo,0,15,123,28.0614,29.1245,-22.8491,-0.435458,-4.03952,9.63868,54.4736,0.125,10.7432,0.294796
ppo,0,15,124,28.5872,29.5833,-23.3386,-0.420486,-4.04543,9.6579,55.3273,0.125,15.5782,0.294796
ppo,0,15,125,29.108,30.0404,-23.8491,-0.408207,-4.05151,9.67888,56.1924,0.125,9.01408,0.294796
ppo,0,15,126,29.6265,30.5183,-24.3606,-0.396271,-4.05538,9.70041,57.0689,0.125,14.9561,0.294796
ppo,0,15,127,30.1649,30.9972,-24.8656,-0.386554,-4.05807,9.72314,57.9538,0.125,7.22348,0.294796
ppo,0,15,128,30.7024,31.4627,-25.394,-0.380209,-4.06048,9.74688,58.8464,0.125,26.0551,0.294796
ppo,0,15,129,31.2345,31.9481,-25.9221,-0.376496,-4.0666,9.76991,59.7514,0.125,22.7907,0.294796
ppo,0,15,130,31.7868,32.4375,-26.4436,-0.374926,-4.07296,9.79178,60.6662,0.125,10.3077,0.294796
ppo,0,15,131,32.3418,32.914,-26.9804,-0.369284,-4.07744,9.81343,61.5806,0.125,9.94454,0.294796
ppo,0,15,132,32.8875,33.4078,-27.5255,-0.363248,-4.08149,9.8365,62.5059,0.125,22.2278,0.294796
ppo,0,15,133,33.453,33.9054,-28.0604,-0.357007,-4.08461,9.85627,63.4353,0.125,25.9654,0.294796
ppo,0,15,134,34.0228,34.3912,-28.6121,-0.351619,-4.08937,9.87646,64.3717,0.125,16.2883,0.294796
ppo,0,15,135,34.5843,34.8936,-29.1734,-0.341886,-4.09615,9.89338,65.3166,0.125,27.4866,0.294796
ppo,0,15,136,35.1677,35.4021,-29.7273,-0.332964,-4.10431,9.9114,66.2743,0.125,16.7148,0.294796
ppo,0,15,137,35.7507,35.8975,-30.3016,-0.324519,-4.10939,9.92797,67.2339,0.125,7.82225,0.294796
ppo,0,15,138,36.3217,36.4148,-30.879,-0.316853,-4.11489,9.9448,68.2028,0.125,24.6295,0.294796
ppo,0,15,139,36.9127,36.9264,-31.4484,-0.304997,-4.11892,9.96425,69.1728,0.125,47.4064,0.294796
ppo,0,15,140,37.4942,37.4274,-32.0344,-0.293336,-4.12074,9.9845,70.1408,0.125,15.3322,0.294796
ppo,0,15,141,38.0721,37.9487,-32.6223,-0.28257,-4.1251,10.0007,71.1197,0.125,37.7209,0.294796
ppo,0,15,142,38.6706,38.4629,-33.2062,-0.27159,-4.13145,10.0207,72.1064,0.125,14.0374,0.294796
ppo,0,15,143,39.2621,38.9734,-33.8127,-0.260478,-4.13947,10.0427,73.103,0.125,9.68441,0.294796
ppo,0,15,144,39.8565,39.5049,-34.4113,-0.249414,-4.14763,10.0639,74.1085,0.125,9.56174,0.294796
ppo,0,15,145,40.4669,40.021,-35.0146,-0.238177,-4.15631,10.0876,75.1182,0.125,19.1566,0.294796
ppo,0,15,146,41.0634,40.5446,-35.6317,-0.224943,-4.16392,10.113,76.1325,0.125,15.021,0.294796
ppo,0,15,147,41.6724,41.0811,-36.2374,-0.21543,-4.17776,10.1416,77.1619,0.125,15.6294,0.294796
ppo,0,15,148,42.2915,41.603,-36.8537,-0.205022,-4.19575,10.1706,78.197,0.125,15.3049,0.294796
ppo,0,15,149,42.895,42.1415,-37.4736,-0.195124,-4.20931,10.1992,79.2329,0.125,26.6118,0.294796
ppo,0,15,150,43.5157,42.6803,-38.0833,-0.184925,-4.22376,10.2233,80.2699,0.125,11.4681,0.294796
ppo,0,15,151,44.1291,43.2092,-38.7131,-0.17498,-4.24026,10.2459,81.3098,0.125,13.0458,0.294796
ppo,0,15,152,44.7462,43.7588,-39.3359,-0.169401,-4.25552,10.2667,82.3602,0.125,33.8278,0.294796
ppo,0,15,153,45.381,44.2936,-39.958,-0.164822,-4.27265,10.2874,83.4128,0.125,50.6535,0.294796
ppo,0,15,154,46.0049,44.8368,-40.5998,-0.161002,-4.2911,10.3065,84.4766,0.125,19.7663,0.294796
ppo,0,15,155,46.6435,45.39,-41.225,-0.155535,-4.31028,10.3253,85.5436,0.125,13.4097,0.294796
ppo,0,15,156,47.2796,45.9316,-41.8726,-0.151077,-4.33092,10.3453,86.6181,0.125,12.351,0.294796
ppo,0,15,157,47.917,46.4942,-42.5211,-0.143874,-4.352,10.3636,87.7039,0.125,36.1794,0.294796
ppo,0,15,158,48.5691,47.0476,-43.1689,-0.13428,-4.37338,10.3818,88.7909,0.125,39.3436,0.294796
ppo,0,15,159,49.2076,47.6071,-43.8344,-0.125011,-4.39292,10.3984,89.8827,0.125,34.1051,0.294796
ppo,0,15,160,49.8623,48.1733,-44.4872,-0.118252,-4.40888,10.4137,90.9783,0.125,48.5783,0.294796
ppo,0,15,161,50.5156,48.7215,-45.1546,-0.113308,-4.42215,10.427,92.0698,0.125,55.2211,0.294796
ppo,0,15,162,51.1641,49.2928,-45.8164,-0.110296,-4.434,10.4435,93.1708,0.125,35.5617,0.294796
ppo,0,15,163,51.8315,49.8503,-46.4818,-0.105368,-4.44664,10.4577,94.2746,0.125,18.439,0.294796
ppo,0,15,164,52.4826,50.4198,-47.1582,-0.100956,-4.46046,10.47,95.3828,0.125,10.0226,0.294796
ppo,0,15,165,53.1563,50.991,-47.8214,-0.0994503,-4.47312,10.4793,96.4956,0.125,27.0191,0.294796
ppo,0,15,166,53.8232,51.5521,-48.5068,-0.100514,-4.47802,10.4887,97.6094,0.125,32.5102,0.294796
ppo,0,15,167,54.4941,52.1303,-49.1826,-0.10086,-4.48467,10.497,98.7295,0.125,61.9317,0.294796
ppo,0,15,168,55.1746,52.6907,-49.8675,-0.101985,-4.48971,10.5092,99.8521,0.125,89.0107,0.294796
ppo,0,15,169,55.8415,53.2687,-50.5608,-0.102417,-4.4964,10.5186,100.981,0.125,20.8857,0.294796
ppo,0,15,170,56.5239,53.8333,-51.249,-0.100345,-4.50493,10.5244,102.106,0.125,32.0986,0.294796
ppo,0,15,171,57.1869,54.4037,-51.9555,-0.0954931,-4.51316,10.5268,103.23,0.125,58.3424,0.294796
ppo,0,15,172,57.8665,54.977,-52.649,-0.0914277,-4.52018,10.5307,104.359,0.125,39.8325,0.294796
ppo,0,15,173,58.5318,55.5445,-53.3606,-0.0885908,-4.52537,10.5368,105.487,0.125,46.666,0.294796
ppo,0,15,174,59.2081,56.1261,-54.0595,-0.0819297,-4.52987,10.539,106.618,0.125,37.2496,0.294796
ppo,0,15,175,59.886,56.6895,-54.774,-0.071927,-4.53728,10.5384,107.747,0.125,57.8402,0.294796
ppo,0,15,176,60.5582,57.2739,-55.4816,-0.061732,-4.54287,10.5366,108.878,0.125,43.1077,0.294796
ppo,0,15,177,61.2413,57.8412,-56.196,-0.0506223,-4.54803,10.538,110.012,0.125,17.6823,0.294796
ppo,0,15,178,61.9101,58.4257,-56.9142,-0.0392604,-4.55053,10.5449,111.151,0.125,52.3459,0.294796
ppo,0,15,179,62.5983,58.9942,-57.6234,-0.0292997,-4.55368,10.5545,112.289,0.125,22.1547,0.294796
ppo,0,15,180,63.2677,59.5732,-58.3441,-0.0141477,-4.55213,10.5653,113.425,0.125,40.363,0.294796
ppo,0,15,181,63.9569,60.1461,-59.05,0.000645792,-4.55138,10.5737,114.558,0.125,33.5054,0.294796
ppo,0,15,182,64.6304,60.7198,-59.772,0.013443,-4.55003,10.582,115.694,0.125,48.4145,0.294796
ppo,0,15,183,65.3213,61.302,-60.4781,0.0234857,-4.54662,10.5908,116.836,0.125,49.7658,0.294796
ppo,0,15,184,65.998,61.8785,-61.2032,0.0300106,-4.54304,10.5987,117.979,0.125,65.1568,0.294796
ppo,0,15,185,66.6864,62.4689,-61.9114,0.0343701,-4.5409,10.6059,119.128,0.125,47.7686,0.294796
ppo,0,15,186,67.3721,63.0453,-62.635,0.0401048,-4.53629,10.6125,120.275,0.125,87.3794,0.294796
ppo,0,15,187,68.0683,63.6422,-63.3421,0.0483564,-4.53058,10.6222,121.429,0.125,65.0753,0.294796
ppo,0,15,188,68.7605,64.2194,-64.0646,0.0569848,-4.52667,10.6312,122.579,0.125,17.4931,0.294796
ppo,0,15,189,69.4534,64.8204,-64.7759,0.0646381,-4.52487,10.6398,123.738,0.125,54.3573,0.294796
ppo,0,15,190,70.1488,65.4017,-65.5034,0.0734041,-4.52067,10.6494,124.896,0.125,45.454,0.294796
ppo,0,15,191,70.8416,66.0029,-66.2192,0.0863655,-4.5159,10.6612,126.055,0.125,44.1398,0.294796
ppo,0,15,192,71.5378,66.5852,-66.9487,0.0964695,-4.51207,10.6739,127.216,0.125,65.0392,0.294796
ppo,0,15,193,72.2351,67.1874,-67.6684,0.104908,-4.50614,10.6863,128.383,0.125,78.9197,0.294796
ppo,0,15,194,72.9316,67.7698,-68.3998,0.115518,-4.49815,10.6994,129.544,0.125,55.0583,0.294796
ppo,0,15,195,73.6245,68.3742,-69.1243,0.128044,-4.49095,10.7135,130.71,0.125,75.9607,0.294796
ppo,0,15,196,74.3176,68.955,-69.8604,0.142713,-4.48149,10.7266,131.868,0.125,94.8021,0.294796
ppo,0,15,197,75.0031,69.561,-70.59,0.157191,-4.46999,10.7402,133.03,0.125,17.0563,0.294796
ppo,0,15,198,75.6944,70.1468,-71.3305,0.173718,-4.45679,10.7563,134.191,0.125,41.1338,0.294796
ppo,0,15,199,76.3835,70.752,-72.0619,0.190442,-4.44289,10.7705,135.355,0.125,12.3179,0.294796
ppo,0,15,200,77.076,71.3381,-72.8045,0.208502,-4.42994,10.7857,136.516,0.125,33.7475,0.294796
ppo,0,15,201,77.7674,71.9452,-73.5316,0.229687,-4.41801,10.804,137.681,0.125,57.54,0.294796
ppo,0,15,202,78.4579,72.5345,-74.2764,0.25231,-4.40638,10.823,138.845,0.125,63.8099,0.294796
ppo,0,15,203,79.1549,73.1398,-75.005,0.272937,-4.3925,10.84,140.011,0.125,149.788,0.294796
ppo,0,15,204,79.8442,73.7369,-75.7544,0.288553,-4.3769,10.8579,141.183,0.125,26.6814,0.294796
ppo,0,15,205,80.5447,74.3494,-76.4865,0.301863,-4.36178,10.8726,142.359,0.125,98.373,0.294796
ppo,0,15,206,81.2386,74.947,-77.2404,0.315677,-4.34469,10.8861,143.534,0.125,116.368,0.294796
ppo,0,15,207,81.9481,75.5493,-77.9793,0.327411,-4.32679,10.9017,144.713,0.125,110.957,0.294796
ppo,0,15,208,82.6422,76.1545,-78.7384,0.338057,-4.3101,10.9167,145.899,0.125,36.078,0.294796
ppo,0,15,209,83.356,76.7564,-79.4875,0.347208,-4.29371,10.9326,147.09,0.125,35.1242,0.294796
ppo,0,15,210,84.0495,77.3669,-80.2514,0.355561,-4.27727,10.9461,148.282,0.125,86.118,0.294796
ppo,0,15,211,84.7652,77.9638,-81.0098,0.365216,-4.26273,10.9574,149.474,0.125,62.1789,0.294796
ppo,0,15,212,85.4664,78.5797,-81.7699,0.375476,-4.24874,10.9697,150.671,0.125,47.298,0.294796
ppo,0,15,213,86.182,79.1718,-82.5336,0.383307,-4.23324,10.9814,151.865,0.125,188.205,0.294796
ppo,0,15,214,86.8888,79.7885,-83.3116,0.390172,-4.21884,10.9914,153.076,0.125,86.2508,0.294796
ppo,0,15,215,87.5969,80.3905,-84.1017,0.395938,-4.20505,11.0024,154.289,0.125,54.2321,0.294796
ppo,0,15,216,88.3083,81.0075,-84.8769,0.401133,-4.19097,11.0153,155.505,0.125,61.5988,0.294796
ppo,0,15,217,89.0109,81.6095,-85.6709,0.404809,-4.17633,11.0294,156.72,0.125,87.1133,0.294796
ppo,0,15,218,89.7323,82.2171,-86.4436,0.406722,-4.16203,11.0412,157.936,0.125,32.7698,0.294796
ppo,0,15,219,90.4285,82.8276,-87.2287,0.408136,-4.14805,11.0504,159.145,0.125,105.282,0.294796
ppo,0,15,220,91.1486,83.4278,-88.0026,0.411255,-4.13315,11.0572,160.353,0.125,37.3929,0.294796
ppo,0,15,221,91.8493,84.0479,-88.776,0.413477,-4.11813,11.0589,161.557,0.125,161.615,0.294796
ppo,0,15,222,92.5758,84.6551,-89.5555,0.41655,-4.10467,11.0621,162.774,0.125,54.5092,0.294796
ppo,0,15,223,93.3038,85.2827,-90.3215,0.419768,-4.09366,11.0663,163.997,0.125,70.2156,0.294796
ppo,0,15,224,94.0172,85.8978,-91.1063,0.42415,-4.08366,11.0699,165.216,0.125,44.7521,0.294796
ppo,0,15,225,94.7487,86.5171,-91.8709,0.429336,-4.07501,11.0701,166.433,0.125,116.541,0.294796
ppo,0,15,226,95.464,87.1465,-92.6467,0.436607,-4.06827,11.0752,167.656,0.125,143.937,0.294796
ppo,0,15,227,96.197,87.7575,-93.4211,0.441584,-4.06308,11.0772,168.879,0.125,91.6793,0.294796
ppo,0,15,228,96.9264,88.3921,-94.1848,0.442099,-4.05936,11.0763,170.107,0.125,88.6188,0.294796
ppo,0,15,229,97.6544,89.0033,-94.9656,0.442702,-4.05377,11.0781,171.333,0.125,80.346,0.294796
ppo,0,15,230,98.3933,89.6275,-95.727,0.441506,-4.04915,11.0801,172.562,0.125,139.67,0.294796
ppo,0,15,231,99.1195,90.2457,-96.5108,0.439795,-4.04512,11.0857,173.797,0.125,161.083,0.294796
ppo,0,15,232,99.8656,90.8534,-97.2902,0.438518,-4.03895,11.0926,175.035,0.125,76.1701,0.294796
ppo,0,15,233,100.6,91.4805,-98.0691,0.435095,-4.03216,11.0994,176.277,0.125,116.361,0.294796
ppo,0,15,234,101.333,92.0869,-98.8633,0.43353,-4.02665,11.1038,177.514,0.125,29.9673,0.294796
ppo,0,15,235,102.079,92.7068,-99.6362,0.434788,-4.02062,11.109,178.752,0.125,75.626,0.294796
ppo,0,15,236,102.809,93.3297,-100.424,0.436812,-4.01215,11.1138,179.989,0.125,112.226,0.294796
ppo,0,15,237,103.554,93.9346,-101.207,0.436402,-4.00337,11.1185,181.223,0.125,132.941,0.294796
ppo,0,15,238,104.291,94.5613,-101.981,0.435256,-3.99446,11.1255,182.462,0.125,94.8944,0.294796
ppo,0,15,239,105.019,95.1768,-102.774,0.432123,-3.98605,11.132,183.701,0.125,92.9708,0.294796
ppo,0,15,240,105.766,95.798,-103.549,0.432105,-3.97855,11.1393,184.943,0.125,111.081,0.294796
ppo,0,15,241,106.499,96.4354,-104.326,0.437265,-3.97111,11.1458,186.184,0.125,58.4856,0.294796
ppo,0,15,242,107.241,97.0455,-105.113,0.442466,-3.96575,11.1478,187.419,0.125,45.3125,0.294796
ppo,0,15,243,107.994,97.673,-105.88,0.441915,-3.95783,11.1526,188.661,0.125,155.333,0.294796
ppo,0,15,244,108.735,98.2951,-106.675,0.440123,-3.9484,11.1574,189.91,0.125,52.3178,0.294796
ppo,0,15,245,109.496,98.9001,-107.461,0.440755,-3.93942,11.1655,191.158,0.125,99.2501,0.294796
ppo,0,15,246,110.256,99.5274,-108.238,0.442714,-3.92942,11.1733,192.409,0.125,96.5354,0.294796
ppo,0,15,247,111.003,100.142,-109.034,0.445577,-3.91988,11.1835,193.66,0.125,221.769,0.294796
ppo,0,15,248,111.773,100.769,-109.823,0.44724,-3.91289,11.1929,194.927,0.125,160.68,0.294796
ppo,0,15,249,112.533,101.416,-110.609,0.45317,-3.90633,11.2005,196.194,0.125,165.914,0.294796
ppo,0,15,250,113.285,102.046,-111.416,0.455619,-3.89912,11.2079,197.462,0.125,67.5579,0.294796
ppo,0,15,251,114.054,102.679,-112.208,0.459579,-3.89343,11.2145,198.732,0.125,63.0981,0.294796
ppo,0,15,252,114.806,103.33,-113.001,0.465319,-3.88595,11.2192,199.999,0.125,17.2349,0.294796
ppo,0,15,253,115.559,103.959,-113.807,0.46909,-3.87908,11.2212,201.263,0.125,102.435,0.294796
ppo,0,15,254,116.329,104.593,-114.595,0.469625,-3.86821,11.2252,202.529,0.125,131.208,0.294796
ppo,0,15,255,117.081,105.242,-115.388,0.467615,-3.85541,11.2275,203.795,0.125,212.709,0.294796
ppo,0,15,256,117.857,105.877,-116.193,0.46314,-3.84325,11.2266,205.075,0.125,197.849,0.294796
ppo,0,15,257,118.651,106.513,-116.982,0.454395,-3.8313,11.2251,206.357,0.125,175.897,0.294796
ppo,0,15,258,119.435,107.171,-117.771,0.447854,-3.8189,11.2262,207.646,0.125,46.9627,0.294796
ppo,0,15,259,120.222,107.806,-118.574,0.443157,-3.80918,11.2281,208.934,0.125,354.274,0.294796
ppo,0,15,260,121.028,108.446,-119.381,0.438014,-3.8004,11.2315,210.24,0.125,144.862,0.294796
ppo,0,15,261,121.814,109.102,-120.195,0.43044,-3.78817,11.2346,211.547,0.125,258.444,0.294796
ppo,0,15,262,122.612,109.744,-121.025,0.422755,-3.77761,11.2339,212.861,0.125,174.373,0.294796
ppo,0,15,263,123.43,110.383,-121.841,0.412845,-3.76603,11.2348,214.179,0.125,92.9258,0.294796
ppo,0,15,264,124.24,111.042,-122.656,0.404622,-3.75358,11.2365,215.5,0.125,156.264,0.294796
ppo,0,15,265,125.037,111.683,-123.488,0.394509,-3.74262,11.2388,216.818,0.125,303.665,0.294796
ppo,0,15,266,125.861,112.34,-124.314,0.386263,-3.73499,11.2395,218.156,0.125,205.763,0.294796
ppo,0,15,267,126.678,113.019,-125.129,0.377524,-3.7272,11.2415,219.496,0.125,111.92,0.294796
ppo,0,15,268,127.477,113.698,-125.962,0.369066,-3.71808,11.2459,220.837,0.125,124.552,0.294796
ppo,0,15,269,128.291,114.357,-126.794,0.359264,-3.70908,11.2514,222.178,0.125,95.1774,0.294796
ppo,0,15,270,129.111,115.03,-127.61,0.346903,-3.70205,11.2599,223.522,0.125,91.058,0.294796
ppo,0,15,271,129.911,115.706,-128.436,0.335239,-3.69588,11.2715,224.867,0.125,143.55,0.294796
ppo,0,15,272,130.713,116.36,-129.274,0.322274,-3.68924,11.2814,226.207,0.125,110.594,0.294796
ppo,0,15,273,131.534,117.021,-130.097,0.305896,-3.68353,11.2884,227.553,0.125,264.616,0.294796
ppo,0,15,274,132.343,117.702,-130.912,0.289912,-3.67655,11.2976,228.898,0.125,279.039,0.294796
ppo,0,15,275,133.136,118.376,-131.746,0.276324,-3.67031,11.3073,230.241,0.125,105.68,0.294796
ppo,0,15,276,133.949,119.033,-132.574,0.26112,-3.66569,11.3184,231.587,0.125,237.879,0.294796
ppo,0,15,277,134.769,119.71,-133.385,0.245851,-3.66199,11.3275,232.935,0.125,235.944,0.294796
ppo,0,15,278,135.565,120.397,-134.21,0.235474,-3.66336,11.3391,234.285,0.125,168.166,0.294796
ppo,0,15,279,136.364,121.064,-135.049,0.224027,-3.6626,11.3518,235.635,0.125,99.8782,0.294796
ppo,0,15,280,137.186,121.727,-135.872,0.212456,-3.66332,11.3668,236.989,0.125,95.5296,0.294796
ppo,0,15,281,138.001,122.412,-136.685,0.204198,-3.6615,11.3812,238.341,0.125,214.525,0.294796
ppo,0,15,282,138.798,123.105,-137.509,0.197875,-3.66054,11.3942,239.691,0.125,191.211,0.294796
ppo,0,15,283,139.604,123.774,-138.336,0.186765,-3.66081,11.4069,241.038,0.125,129.21,0.294796
ppo,0,15,284,140.426,124.452,-139.144,0.176087,-3.66089,11.4164,242.387,0.125,210.837,0.294796
ppo,0,15,285,141.23,125.148,-139.946,0.166376,-3.66266,11.4241,243.729,0.125,167.422,0.294796
ppo,0,15,286,142.015,125.844,-140.762,0.154709,-3.66609,11.4291,245.071,0.125,114.96,0.294796
ppo,0,15,287,142.817,126.516,-141.579,0.143369,-3.66809,11.4325,246.407,0.125,285.273,0.294796
ppo,0,15,288,143.63,127.216,-142.396,0.132148,-3.67198,11.4351,247.765,0.125,229.416,0.294796
ppo,0,15,289,144.439,127.938,-143.203,0.120614,-3.67533,11.4381,249.126,0.125,341.049,0.294796
ppo,0,15,290,145.235,128.659,-144.025,0.108512,-3.67734,11.44,250.488,0.125,439.853,0.294796
ppo,0,15,291,146.041,129.371,-144.864,0.0959068,-3.67771,11.4407,251.859,0.125,404.694,0.294796
ppo,0,15,292,146.862,130.104,-145.7,0.0795063,-3.67774,11.4412,253.251,0.125,198.998,0.294796
ppo,0,15,293,147.671,130.863,-146.527,0.0647253,-3.67907,11.4424,254.644,0.125,213.432,0.294796
ppo,0,15,294,148.458,131.62,-147.372,0.0464251,-3.68108,11.441,256.035,0.125,442.567,0.294796
ppo,0,15,295,149.241,132.36,-148.234,0.0298861,-3.68345,11.4387,257.424,0.125,215.65,0.294796
ppo,0,15,296,150.045,133.11,-149.085,0.0152077,-3.68534,11.435,258.821,0.125,455.248,0.294796
ppo,0,15,297,150.857,133.875,-149.95,0.00332184,-3.68459,11.4334,260.238,0.125,207.339,0.294796
ppo,0,15,298,151.642,134.649,-150.828,-0.0091704,-3.68248,11.4308,261.651,0.125,217.082,0.294796
ppo,0,15,299,152.416,135.407,-151.722,-0.0217239,-3.67796,11.4286,263.059,0.125,187.072,0.294796
ppo,0,16,0,0,0,0,1.83414,-2.5088,-10.102,10.5692,0.125,1.43955,0.293641
ppo,0,16,1,0.018881,0.0173872,-0.0227808,1.86739,-2.47805,-10.0897,10.535,0.125,0.188817,0.293641
ppo,0,16,2,0.0504743,0.0490678,-0.066725,1.90055,-2.44493,-10.073,10.4771,0.125,1.52491,0.293641
ppo,0,16,3,0.0921516,0.0958788,-0.130352,1.93233,-2.4141,-10.0587,10.4048,0.125,0.869955,0.293641
ppo,0,16,4,0.149288,0.153947,-0.214591,1.96292,-2.38567,-10.0409,10.31,0.125,0.255219,0.293641
ppo,0,16,5,0.220737,0.222291,-0.316519,1.99583,-2.35835,-10.0229,10.1993,0.125,0.697628,0.293641
ppo,0,16,6,0.303553,0.3049,-0.438454,2.0312,-2.33144,-10.0034,10.0709,0.125,1.73896,0.293641
ppo,0,16,7,0.396128,0.403054,-0.577422,2.06694,-2.30885,-9.9799,9.92737,0.125,0.460694,0.293641
ppo,0,16,8,0.500309,0.511257,-0.738019,2.10126,-2.28905,-9.95578,9.76585,0.125,1.0794,0.293641
ppo,0,16,9,0.615763,0.627852,-0.918743,2.13071,-2.26886,-9.93555,9.59108,0.125,0.577639,0.293641
ppo,0,16,10,0.742437,0.755598,-1.11627,2.16068,-2.24915,-9.91463,9.40484,0.125,0.167992,0.293641
ppo,0,16,11,0.875912,0.896344,-1.33159,2.18856,-2.23304,-9.88969,9.20636,0.125,0.757547,0.293641
ppo,0,16,12,1.01638,1.05018,-1.56786,2.21813,-2.22132,-9.86302,8.99759,0.125,0.414358,0.293641
ppo,0,16,13,1.16305,1.22071,-1.82371,2.24716,-2.21211,-9.83583,8.78372,0.125,0.573918,0.293641
ppo,0,16,14,1.31521,1.40768,-2.09491,2.27833,-2.2048,-9.80647,8.57005,0.125,0.783995,0.293641
ppo,0,16,15,1.47524,1.6109,-2.38207,2.30925,-2.19541,-9.78012,8.3615,0.125,0.51835,0.293641
ppo,0,16,16,1.64265,1.83264,-2.6797,2.33945,-2.18912,-9.75698,8.16995,0.125,0.602303,0.293641
ppo,0,16,17,1.82031,2.06946,-2.98843,2.3691,-2.18049,-9.73447,7.99203,0.125,0.630041,0.293641
ppo,0,16,18,2.01173,2.31683,-3.29928,2.40177,-2.16976,-9.71233,7.83637,0.125,0.868999,0.293641
ppo,0,16,19,2.21363,2.56881,-3.6146,2.43678,-2.15763,-9.69046,7.70098,0.125,0.505617,0.293641
ppo,0,16,20,2.42283,2.81767,-3.93445,2.47094,-2.14428,-9.66687,7.58181,0.125,0.332597,0.293641
ppo,0,16,21,2.63663,3.05706,-4.26339,2.50478,-2.13436,-9.64872,7.48131,0.125,0.885833,0.293641
ppo,0,16,22,2.84789,3.28275,-4.60666,2.53747,-2.12397,-9.62729,7.38482,0.125,0.680454,0.293641
ppo,0,16,23,3.05048,3.49896,-4.96355,2.56577,-2.11384,-9.60915,7.30206,0.125,0.113143,0.293641
ppo,0,16,24,3.2397,3.71,-5.33455,2.59377,-2.10454,-9.58698,7.23251,0.125,0.784695,0.293641
ppo,0,16,25,3.40809,3.92548,-5.71845,2.62219,-2.09899,-9.56432,7.19045,0.125,0.330925,0.293641
ppo,0,16,26,3.55433,4.14739,-6.10664,2.65102,-2.0971,-9.54253,7.18435,0.125,0.773472,0.293641
ppo,0,16,27,3.67864,4.38435,-6.4976,2.68061,-2.09457,-9.52099,7.21896,0.125,0.353438,0.293641
ppo,0,16,28,3.78564,4.63626,-6.87626,2.71148,-2.09247,-9.49537,7.29996,0.125,0.869244,0.293641
ppo,0,16,29,3.88542,4.90192,-7.239,2.73954,-2.092,-9.4718,7.43057,0.125,0.39782,0.293641
ppo,0,16,30,3.98588,5.17334,-7.58829,2.7669,-2.0919,-9.44768,7.59783,0.125,0.403067,0.293641
ppo,0,16,31,4.09775,5.4424,-7.92048,2.79386,-2.09194,-9.42305,7.79257,0.125,1.13009,0.293641
ppo,0,16,32,4.22148,5.70745,-8.24391,2.82256,-2.08915,-9.39777,8.00471,0.125,0.452793,0.293641
ppo,0,16,33,4.35287,5.95571,-8.56835,2.85263,-2.09064,-9.37226,8.22439,0.125,0.444583,0.293641
ppo,0,16,34,4.49274,6.18686,-8.89755,2.87995,-2.09418,-9.34778,8.44863,0.125,1.21684,0.293641
ppo,0,16,35,4.6331,6.40494,-9.23741,2.90699,-2.09586,-9.32144,8.67469,0.125,1.40384,0.293641
ppo,0,16,36,4.7657,6.61199,-9.58711,2.93597,-2.09565,-9.29607,8.90257,0.125,0.773109,0.293641
ppo,0,16,37,4.8876,6.81635,-9.9515,2.96302,-2.09966,-9.27344,9.14653,0.125,0.329885,0.293641
ppo,0,16,38,4.99878,7.02518,-10.3274,2.98268,-2.10321,-9.25398,9.40981,0.125,1.00403,0.293641
ppo,0,16,39,5.10077,7.24783,-10.7082,2.99949,-2.10637,-9.23803,9.69938,0.125,1.22755,0.293641
ppo,0,16,40,5.1948,7.48525,-11.0891,3.01641,-2.11058,-9.22102,10.0157,0.125,0.740698,0.293641
ppo,0,16,41,5.28986,7.73682,-11.4691,3.0355,-2.11631,-9.20696,10.3578,0.125,1.47517,0.293641
ppo,0,16,42,5.39404,8.00402,-11.8422,3.05196,-2.12202,-9.19241,10.7258,0.125,0.631654,0.293641
ppo,0,16,43,5.51069,8.28146,-12.2079,3.06727,-2.13046,-9.18059,11.115,0.125,0.361807,0.293641
ppo,0,16,44,5.64087,8.56307,-12.5669,3.08027,-2.13879,-9.16704,11.5172,0.125,1.61501,0.293641
ppo,0,16,45,5.78739,8.84101,-12.9251,3.0927,-2.14627,-9.15463,11.9247,0.125,1.70404,0.293641
ppo,0,16,46,5.94711,9.10431,-13.2883,3.10699,-2.15363,-9.14011,12.3294,0.125,0.953971,0.293641
ppo,0,16,47,6.10859,9.35207,-13.6685,3.12067,-2.16357,-9.12672,12.7344,0.125,2.48911,0.293641
ppo,0,16,48,6.26308,9.59335,-14.0689,3.13152,-2.17576,-9.11397,13.148,0.125,0.827649,0.293641
ppo,0,16,49,6.39638,9.83969,-14.4819,3.14395,-2.18707,-9.10387,13.57,0.125,0.814451,0.293641
ppo,0,16,50,6.51125,10.1057,-14.8965,3.15399,-2.19863,-9.09558,14.0114,0.125,1.46205,0.293641
ppo,0,16,51,6.61635,10.391,-15.2992,3.16277,-2.21125,-9.08622,14.4687,0.125,1.83581,0.293641
ppo,0,16,52,6.72962,10.6892,-15.6827,3.17209,-2.22636,-9.07503,14.9375,0.125,2.71961,0.293641
ppo,0,16,53,6.85995,10.9881,-16.0497,3.17929,-2.24108,-9.06206,15.4073,0.125,3.33642,0.293641
ppo,0,16,54,7.01193,11.2749,-16.417,3.18603,-2.25958,-9.04973,15.8775,0.125,1.69142,0.293641
ppo,0,16,55,7.17464,11.547,-16.796,3.1942,-2.27607,-9.03775,16.3436,0.125,0.760703,0.293641
ppo,0,16,56,7.33513,11.8115,-17.1926,3.20069,-2.29596,-9.027,16.8164,0.125,1.9511,0.293641
ppo,0,16,57,7.48232,12.082,-17.6051,3.20389,-2.31582,-9.01684,17.3021,0.125,1.68883,0.293641
ppo,0,16,58,7.6152,12.3673,-18.0231,3.21016,-2.33552,-9.00632,17.8011,0.125,2.48435,0.293641
ppo,0,16,59,7.74104,12.6707,-18.4377,3.21715,-2.35533,-8.99709,18.3132,0.125,1.18181,0.293641
ppo,0,16,60,7.87593,12.9907,-18.8411,3.2186,-2.37257,-8.98608,18.8373,0.125,1.64106,0.293641
ppo,0,16,61,8.02905,13.3081,-19.2363,3.21973,-2.38397,-8.97591,19.3557,0.125,3.55255,0.293641
ppo,0,16,62,8.20238,13.6134,-19.6327,3.21999,-2.39416,-8.96544,19.871,0.125,2.62745,0.293641
ppo,0,16,63,8.38263,13.9017,-20.0444,3.22378,-2.40205,-8.95731,20.3801,0.125,1.7195,0.293641
ppo,0,16,64,8.55388,14.1866,-20.4761,3.22929,-2.40885,-8.94909,20.8957,0.125,2.26295,0.293641
ppo,0,16,65,8.7081,14.4831,-20.913,3.23196,-2.41856,-8.93895,21.425,0.125,3.89699,0.293641
ppo,0,16,66,8.85617,14.7989,-21.337,3.23032,-2.42886,-8.92856,21.964,0.125,2.61519,0.293641
ppo,0,16,67,9.01768,15.1266,-21.7409,3.22996,-2.43783,-8.91791,22.5041,0.125,3.62029,0.293641
ppo,0,16,68,9.19937,15.447,-22.1385,3.22668,-2.44604,-8.90741,23.0411,0.125,2.85272,0.293641
ppo,0,16,69,9.39605,15.7487,-22.5489,3.22648,-2.45564,-8.89492,23.5774,0.125,3.50665,0.293641
ppo,0,16,70,9.58995,16.0427,-22.9799,3.22542,-2.46541,-8.88332,24.1199,0.125,3.08314,0.293641
ppo,0,16,71,9.77017,16.3465,-23.4258,3.22088,-2.47632,-8.87216,24.6779,0.125,1.82436,0.293641
ppo,0,16,72,9.94706,16.6693,-23.8696,3.21694,-2.48932,-8.86216,25.2501,0.125,2.14543,0.293641
ppo,0,16,73,10.1365,17.0094,-24.3051,3.21437,-2.49882,-8.85177,25.832,0.125,5.7636,0.293641
ppo,0,16,74,10.3456,17.3479,-24.7324,3.2105,-2.50703,-8.84009,26.4139,0.125,4.7828,0.293641
ppo,0,16,75,10.5699,17.674,-25.1669,3.20905,-2.51778,-8.83212,26.9947,0.125,6.09898,0.293641
ppo,0,16,76,10.7902,17.9863,-25.6205,3.20833,-2.52984,-8.82646,27.576,0.125,3.74069,0.293641
ppo,0,16,77,10.9971,18.3087,-26.0857,3.20562,-2.54152,-8.82164,28.1689,0.125,6.25979,0.293641
ppo,0,16,78,11.1999,18.6532,-26.543,3.20065,-2.55245,-8.81919,28.7716,0.125,3.33304,0.293641
ppo,0,16,79,11.4219,19.0044,-26.9896,3.19401,-2.56902,-8.81665,29.3832,0.125,3.61954,0.293641
ppo,0,16,80,11.6592,19.3469,-27.439,3.18634,-2.58794,-8.81531,29.9961,0.125,7.99645,0.293641
ppo,0,16,81,11.9046,19.6774,-27.9037,3.17821,-2.60568,-8.81763,30.6099,0.125,1.83371,0.293641
ppo,0,16,82,12.1426,20.0178,-28.3845,3.16916,-2.62215,-8.81854,31.2397,0.125,3.48637,0.293641
ppo,0,16,83,12.3772,20.3804,-28.8706,3.1607,-2.6352,-8.81584,31.8882,0.125,3.7288,0.293641
ppo,0,16,84,12.624,20.7547,-29.3475,3.15114,-2.64963,-8.81121,32.5459,0.125,1.82901,0.293641
ppo,0,16,85,12.8899,21.1208,-29.825,3.14399,-2.66649,-8.80865,33.204,0.125,4.52546,0.293641
ppo,0,16,86,13.1605,21.4751,-30.3187,3.13807,-2.68486,-8.80867,33.8649,0.125,4.20019,0.293641
ppo,0,16,87,13.4216,21.836,-30.8289,3.12931,-2.70154,-8.80778,34.5391,0.125,3.28769,0.293641
ppo,0,16,88,13.6767,22.2217,-31.3344,3.12046,-2.71969,-8.80879,35.2265,0.125,2.20901,0.293641
ppo,0,16,89,13.9495,22.6174,-31.8297,3.11229,-2.73979,-8.8085,35.9223,0.125,6.767,0.293641
ppo,0,16,90,14.2424,22.9986,-32.3269,3.10516,-2.75759,-8.80708,36.6142,0.125,11.712,0.293641
ppo,0,16,91,14.5347,23.375,-32.8413,3.09758,-2.77607,-8.80897,37.3127,0.125,3.67348,0.293641
ppo,0,16,92,14.8153,23.7641,-33.3681,3.08985,-2.79548,-8.81268,38.0245,0.125,6.18992,0.293641
ppo,0,16,93,15.101,24.1698,-33.8867,3.08137,-2.81692,-8.81357,38.7481,0.125,4.59979,0.293641
ppo,0,16,94,15.4066,24.5768,-34.3998,3.07224,-2.84196,-8.81449,39.4783,0.125,1.63096,0.293641
ppo,0,16,95,15.7227,24.9717,-34.9301,3.06218,-2.86722,-8.81601,40.2149,0.125,5.86163,0.293641
ppo,0,16,96,16.0259,25.3659,-35.4776,3.05428,-2.89182,-8.81649,40.9582,0.125,8.82491,0.293641
ppo,0,16,97,16.326,25.7802,-36.0232,3.04594,-2.91625,-8.81509,41.7148,0.125,5.31353,0.293641
ppo,0,16,98,16.6467,26.2011,-36.5573,3.036,-2.93763,-8.81195,42.4749,0.125,4.03393,0.293641
ppo,0,16,99,16.9813,26.6144,-37.0969,3.0261,-2.95487,-8.80745,43.2364,0.125,10.6103,0.293641
ppo,0,16,100,17.312,27.0273,-37.6586,3.01853,-2.97082,-8.80465,44.0084,0.125,9.31851,0.293641
ppo,0,16,101,17.6396,27.4594,-38.224,3.01181,-2.98864,-8.80313,44.7956,0.125,5.86524,0.293641
ppo,0,16,102,17.9786,27.9023,-38.7829,3.00603,-3.01015,-8.80541,45.5896,0.125,1.81582,0.293641
ppo,0,16,103,18.3358,28.3374,-39.3479,3.00085,-3.03254,-8.80941,46.3879,0.125,11.4611,0.293641
ppo,0,16,104,18.6844,28.7708,-39.9346,2.99757,-3.05296,-8.81188,47.1958,0.125,6.46631,0.293641
ppo,0,16,105,19.024,29.225,-40.5205,2.99275,-3.07295,-8.81359,48.0155,0.125,11.3036,0.293641
ppo,0,16,106,19.3814,29.6866,-41.0958,2.99044,-3.08779,-8.81714,48.8338,0.125,8.89231,0.293641
ppo,0,16,107,19.7546,30.1355,-41.6814,2.98683,-3.10134,-8.82328,49.6538,0.125,8.99257,0.293641
ppo,0,16,108,20.1181,30.5846,-42.286,2.98206,-3.11323,-8.83126,50.4817,0.125,13.4205,0.293641
ppo,0,16,109,20.4762,31.0521,-42.8883,2.97266,-3.12881,-8.83754,51.3241,0.125,11.5291,0.293641
ppo,0,16,110,20.8498,31.5237,-43.4829,2.96397,-3.14056,-8.8446,52.1664,0.125,10.5759,0.293641
ppo,0,16,111,21.2337,31.9861,-44.0911,2.95275,-3.15058,-8.85388,53.0136,0.125,10.5569,0.293641
ppo,0,16,112,21.6042,32.4552,-44.7184,2.93919,-3.16125,-8.86609,53.873,0.125,13.0431,0.293641
ppo,0,16,113,21.9806,32.9391,-45.3315,2.92622,-3.17198,-8.88078,54.7333,0.125,21.5376,0.293641
ppo,0,16,114,22.3795,33.4138,-45.9448,2.9139,-3.18377,-8.89255,55.5982,0.125,28.052,0.293641
ppo,0,16,115,22.7775,33.8827,-46.5796,2.90308,-3.19633,-8.90626,56.4724,0.125,10.248,0.293641
ppo,0,16,116,23.1683,34.3706,-47.2151,2.88812,-3.20791,-8.91908,57.3587,0.125,6.47958,0.293641
ppo,0,16,117,23.575,34.8674,-47.8373,2.87099,-3.22209,-8.93217,58.2501,0.125,1.48288,0.293641
ppo,0,16,118,23.9929,35.3533,-48.4713,2.85568,-3.23746,-8.9442,59.1475,0.125,15.5441,0.293641
ppo,0,16,119,24.3916,35.8505,-49.1196,2.83976,-3.25315,-8.95793,60.0545,0.125,18.3832,0.293641
ppo,0,16,120,24.7959,36.3677,-49.7572,2.82457,-3.26798,-8.97169,60.9687,0.125,22.5418,0.293641
ppo,0,16,121,25.2181,36.8716,-50.3926,2.80847,-3.28082,-8.98898,61.8762,0.125,15.7644,0.293641
ppo,0,16,122,25.6318,37.3721,-51.0488,2.79581,-3.29178,-9.00615,62.7902,0.125,8.07329,0.293641
ppo,0,16,123,26.0399,37.8955,-51.7028,2.78371,-3.30006,-9.02286,63.7142,0.125,22.0758,0.293641
ppo,0,16,124,26.4649,38.4217,-52.3507,2.77131,-3.30638,-9.03921,64.6413,0.125,17.3114,0.293641
ppo,0,16,125,26.8895,38.9392,-53.0164,2.7588,-3.31552,-9.0578,65.5752,0.125,19.2603,0.293641
ppo,0,16,126,27.3022,39.4763,-53.6859,2.74875,-3.32424,-9.07526,66.5197,0.125,9.92959,0.293641
ppo,0,16,127,27.7308,40.0175,-54.3479,2.73555,-3.33292,-9.09246,67.469,0.125,22.4403,0.293641
ppo,0,16,128,28.167,40.5415,-55.0272,2.72552,-3.34114,-9.11108,68.4196,0.125,17.9179,0.293641
ppo,0,16,129,28.5896,41.0795,-55.7129,2.71765,-3.34725,-9.12818,69.3775,0.125,20.8056,0.293641
ppo,0,16,130,29.0251,41.6291,-56.3858,2.70964,-3.34844,-9.14371,70.3371,0.125,12.4897,0.293641
ppo,0,16,131,29.4728,42.1617,-57.0731,2.69842,-3.3503,-9.15763,71.3029,0.125,14.1944,0.293641
ppo,0,16,132,29.9073,42.7095,-57.7725,2.68885,-3.3523,-9.17136,72.2815,0.125,31.2498,0.293641
ppo,0,16,133,30.354,43.2734,-58.4565,2.67697,-3.35361,-9.18801,73.2631,0.125,35.296,0.293641
ppo,0,16,134,30.8092,43.8214,-59.1534,2.65972,-3.35573,-9.2045,74.2493,0.125,11.9652,0.293641
ppo,0,16,135,31.2523,44.3781,-59.8647,2.64544,-3.35568,-9.2216,75.2435,0.125,24.7087,0.293641
ppo,0,16,136,31.7054,44.9476,-60.5653,2.63267,-3.35644,-9.23704,76.2436,0.125,24.6515,0.293641
ppo,0,16,137,32.1716,45.5029,-61.2797,2.621,-3.35509,-9.25417,77.2463,0.125,28.4139,0.293641
ppo,0,16,138,32.6193,46.0682,-62.0061,2.60806,-3.35305,-9.27618,78.2533,0.125,17.8537,0.293641
ppo,0,16,139,33.0813,46.6431,-62.7148,2.59577,-3.35219,-9.29831,79.2604,0.125,24.1194,0.293641
ppo,0,16,140,33.55,47.2053,-63.4363,2.58335,-3.35134,-9.32402,80.2685,0.125,25.289,0.293641
ppo,0,16,141,34.0065,47.7883,-64.1636,2.57502,-3.34821,-9.34925,81.2865,0.125,25.3542,0.293641
ppo,0,16,142,34.4834,48.3737,-64.8775,2.56889,-3.34625,-9.37335,82.3055,0.125,27.4209,0.293641
ppo,0,16,143,34.9591,48.9473,-65.6113,2.56327,-3.33879,-9.39632,83.3273,0.125,49.3656,0.293641
ppo,0,16,144,35.4252,49.5376,-66.3446,2.55537,-3.32721,-9.42046,84.3533,0.125,42.7573,0.293641
ppo,0,16,145,35.9116,50.1218,-67.0719,2.54516,-3.31566,-9.44519,85.3798,0.125,28.8633,0.293641
ppo,0,16,146,36.3884,50.7028,-67.8188,2.53448,-3.30171,-9.46608,86.4153,0.125,20.386,0.293641
ppo,0,16,147,36.866,51.3018,-68.5547,2.52191,-3.28804,-9.4844,87.4578,0.125,14.5627,0.293641
ppo,0,16,148,37.3607,51.8859,-69.295,2.51102,-3.27355,-9.50183,88.5003,0.125,22.2628,0.293641
ppo,0,16,149,37.8373,52.4738,-70.0479,2.50306,-3.2598,-9.51848,89.5464,0.125,23.6198,0.293641
ppo,0,16,150,38.3253,53.0715,-70.7842,2.49352,-3.2442,-9.53375,90.5924,0.125,32.0265,0.293641
ppo,0,16,151,38.8224,53.6533,-71.5345,2.48028,-3.23157,-9.54735,91.6463,0.125,25.8384,0.293641
ppo,0,16,152,39.3071,54.2514,-72.2813,2.46572,-3.21912,-9.55786,92.7059,0.125,28.2524,0.293641
ppo,0,16,153,39.8166,54.8434,-73.0156,2.4544,-3.20575,-9.5672,93.7621,0.125,22.2146,0.293641
ppo,0,16,154,40.3171,55.4312,-73.7697,2.44414,-3.19408,-9.57246,94.8292,0.125,43.7887,0.293641
ppo,0,16,155,40.8181,56.0399,-74.5098,2.43507,-3.18072,-9.57955,95.8972,0.125,30.4768,0.293641
ppo,0,16,156,41.3277,56.6262,-75.2634,2.42328,-3.16978,-9.58288,96.9693,0.125,43.1611,0.293641
ppo,0,16,157,41.8189,57.23,-76.0219,2.41489,-3.15764,-9.58584,98.0464,0.125,34.1819,0.293641
ppo,0,16,158,42.3291,57.8345,-76.7644,2.40829,-3.14653,-9.5858,99.1228,0.125,8.81956,0.293641
ppo,0,16,159,42.8326,58.4291,-77.5269,2.40526,-3.13368,-9.58797,100.2,0.125,38.4063,0.293641
ppo,0,16,160,43.3368,59.0424,-78.2774,2.40432,-3.1258,-9.59372,101.281,0.125,23.3232,0.293641
ppo,0,16,161,43.8579,59.6409,-79.0336,2.40596,-3.11581,-9.60123,102.36,0.125,19.0226,0.293641
ppo,0,16,162,44.3636,60.2526,-79.7971,2.40876,-3.10851,-9.60373,103.45,0.125,44.6221,0.293641
ppo,0,16,163,44.8891,60.8627,-80.5539,2.41028,-3.10561,-9.60685,104.546,0.125,63.6754,0.293641
ppo,0,16,164,45.4086,61.4656,-81.3296,2.41188,-3.10471,-9.61402,105.646,0.125,10.702,0.293641
ppo,0,16,165,45.9326,62.0843,-82.0904,2.4128,-3.10406,-9.6232,106.747,0.125,68.9716,0.293641
ppo,0,16,166,46.4658,62.6834,-82.864,2.41194,-3.1082,-9.63043,107.854,0.125,14.3052,0.293641
ppo,0,16,167,46.9869,63.2989,-83.6314,2.41042,-3.11346,-9.63887,108.961,0.125,65.2122,0.293641
ppo,0,16,168,47.5294,63.9024,-84.3977,2.40818,-3.11759,-9.64579,110.07,0.125,30.4695,0.293641
ppo,0,16,169,48.0525,64.5171,-85.1823,2.40817,-3.11827,-9.65368,111.187,0.125,29.655,0.293641
ppo,0,16,170,48.5892,65.1404,-85.9532,2.40875,-3.1176,-9.6628,112.303,0.125,20.3772,0.293641
ppo,0,16,171,49.119,65.7555,-86.7426,2.41201,-3.11924,-9.67334,113.424,0.125,58.8292,0.293641
ppo,0,16,172,49.6541,66.3906,-87.5186,2.41289,-3.12112,-9.68334,114.551,0.125,27.483,0.293641
ppo,0,16,173,50.1985,67.0041,-88.3092,2.41429,-3.12139,-9.69579,115.676,0.125,45.4032,0.293641
ppo,0,16,174,50.7264,67.6373,-89.0935,2.41484,-3.12019,-9.70289,116.805,0.125,47.928,0.293641
ppo,0,16,175,51.2714,68.2593,-89.876,2.4137,-3.12174,-9.71189,117.935,0.125,89.7614,0.293641
ppo,0,16,176,51.8029,68.899,-90.6666,2.41115,-3.11964,-9.7228,119.072,0.125,79.9147,0.293641
ppo,0,16,177,52.3556,69.5384,-91.4471,2.40558,-3.11744,-9.73221,120.213,0.125,36.3061,0.293641
ppo,0,16,178,52.8924,70.1762,-92.2444,2.39671,-3.11335,-9.74309,121.357,0.125,60.9709,0.293641
ppo,0,16,179,53.4432,70.8185,-93.0269,2.38726,-3.11069,-9.75313,122.502,0.125,78.9572,0.293641
ppo,0,16,180,53.9906,71.4518,-93.8265,2.376,-3.10487,-9.76299,123.65,0.125,37.8952,0.293641
ppo,0,16,181,54.5395,72.1069,-94.6042,2.36455,-3.09818,-9.77156,124.798,0.125,27.3079,0.293641
ppo,0,16,182,55.0909,72.7475,-95.3986,2.35545,-3.09127,-9.78173,125.948,0.125,127.823,0.293641
ppo,0,16,183,55.6416,73.4083,-96.1821,2.3462,-3.08353,-9.78975,127.102,0.125,39.6484,0.293641
ppo,0,16,184,56.2051,74.0499,-96.9757,2.33658,-3.07323,-9.79952,128.256,0.125,68.0082,0.293641
ppo,0,16,185,56.7568,74.7125,-97.7656,2.3262,-3.06292,-9.80739,129.415,0.125,33.06,0.293641
ppo,0,16,186,57.3249,75.3568,-98.5535,2.313,-3.05039,-9.81648,130.569,0.125,31.8658,0.293641
ppo,0,16,187,57.8787,76.0181,-99.3424,2.29886,-3.04095,-9.82389,131.731,0.125,27.9902,0.293641
ppo,0,16,188,58.4528,76.6648,-100.13,2.29161,-3.03212,-9.83355,132.888,0.125,101.216,0.293641
ppo,0,16,189,59.0096,77.3267,-100.927,2.28315,-3.02271,-9.84163,134.054,0.125,44.0785,0.293641
ppo,0,16,190,59.5864,77.9837,-101.717,2.2735,-3.01209,-9.8514,135.22,0.125,67.5281,0.293641
ppo,0,16,191,60.1422,78.6525,-102.517,2.2637,-3.00183,-9.85865,136.393,0.125,21.5388,0.293641
ppo,0,16,192,60.7148,79.3173,-103.305,2.25307,-2.98966,-9.86503,137.562,0.125,36.5468,0.293641
ppo,0,16,193,61.265,79.9839,-104.109,2.23961,-2.9804,-9.87066,138.737,0.125,139.66,0.293641
ppo,0,16,194,61.8345,80.648,-104.906,2.22717,-2.97125,-9.87623,139.914,0.125,86.8766,0.293641
ppo,0,16,195,62.3842,81.3177,-105.718,2.21535,-2.96187,-9.88083,141.096,0.125,8.54305,0.293641
ppo,0,16,196,62.9529,81.9834,-106.522,2.20738,-2.95487,-9.88768,142.277,0.125,91.5868,0.293641
ppo,0,16,197,63.5052,82.6564,-107.336,2.19884,-2.94971,-9.89607,143.462,0.125,48.2971,0.293641
ppo,0,16,198,64.0778,83.3253,-108.141,2.19039,-2.94736,-9.90341,144.65,0.125,80.7001,0.293641
ppo,0,16,199,64.6319,84.002,-108.957,2.18299,-2.94619,-9.91221,145.841,0.125,36.7451,0.293641
ppo,0,16,200,65.2069,84.6756,-109.766,2.17373,-2.94554,-9.92081,147.037,0.125,127.142,0.293641
ppo,0,16,201,65.766,85.3542,-110.592,2.1664,-2.94324,-9.92893,148.238,0.125,142.278,0.293641
ppo,0,16,202,66.3478,86.0291,-111.412,2.15701,-2.93737,-9.93813,149.44,0.125,36.3486,0.293641
ppo,0,16,203,66.9062,86.715,-112.24,2.14933,-2.93109,-9.94589,150.645,0.125,69.8924,0.293641
ppo,0,16,204,67.4868,87.3899,-113.061,2.14388,-2.92751,-9.95159,151.85,0.125,18.3677,0.293641
ppo,0,16,205,68.051,88.082,-113.883,2.13782,-2.92445,-9.95705,153.06,0.125,25.3154,0.293641
ppo,0,16,206,68.6343,88.7584,-114.706,2.13033,-2.91806,-9.96407,154.267,0.125,35.2759,0.293641
ppo,0,16,207,69.2078,89.4546,-115.528,2.12552,-2.91304,-9.9701,155.481,0.125,180.019,0.293641
ppo,0,16,208,69.8038,90.1435,-116.352,2.11853,-2.90555,-9.97978,156.699,0.125,60.5866,0.293641
ppo,0,16,209,70.3906,90.8554,-117.168,2.11059,-2.89813,-9.98948,157.921,0.125,108.291,0.293641
ppo,0,16,210,70.9756,91.553,-117.997,2.10277,-2.89221,-9.99846,159.145,0.125,65.7598,0.293641
ppo,0,16,211,71.5578,92.2697,-118.808,2.09576,-2.88823,-10.0077,160.367,0.125,104.281,0.293641
ppo,0,16,212,72.1369,92.9758,-119.636,2.08542,-2.88235,-10.0144,161.595,0.125,97.2249,0.293641
ppo,0,16,213,72.7324,93.6921,-120.444,2.07675,-2.87745,-10.019,162.824,0.125,43.6545,0.293641
ppo,0,16,214,73.3122,94.4055,-121.269,2.06797,-2.87482,-10.0243,164.057,0.125,148.508,0.293641
ppo,0,16,215,73.909,95.123,-122.078,2.05763,-2.87223,-10.0343,165.286,0.125,24.0859,0.293641
ppo,0,16,216,74.4883,95.8496,-122.9,2.04823,-2.87067,-10.0447,166.522,0.125,71.2015,0.293641
ppo,0,16,217,75.0842,96.5659,-123.719,2.04062,-2.86952,-10.0583,167.755,0.125,101.555,0.293641
ppo,0,16,218,75.6698,97.304,-124.535,2.03571,-2.87003,-10.0718,168.993,0.125,126.365,0.293641
ppo,0,16,219,76.2646,98.0247,-125.363,2.03315,-2.87077,-10.0871,170.231,0.125,153.144,0.293641
ppo,0,16,220,76.8514,98.7692,-126.184,2.02885,-2.87078,-10.1029,171.476,0.125,109.072,0.293641
ppo,0,16,221,77.4369,99.5001,-127.025,2.02581,-2.87259,-10.117,172.727,0.125,117.349,0.293641
ppo,0,16,222,78.0411,100.232,-127.855,2.02371,-2.87607,-10.1284,173.982,0.125,109.716,0.293641
ppo,0,16,223,78.6323,100.965,-128.702,2.01972,-2.88066,-10.1402,175.243,0.125,122.675,0.293641
ppo,0,16,224,79.2464,101.69,-129.535,2.01571,-2.88648,-10.1545,176.501,0.125,110.281,0.293641
ppo,0,16,225,79.8423,102.43,-130.374,2.00923,-2.89242,-10.1691,177.764,0.125,141.716,0.293641
ppo,0,16,226,80.4491,103.154,-131.222,2.00351,-2.89497,-10.1836,179.026,0.125,142.14,0.293641
ppo,0,16,227,81.0642,103.896,-132.053,2.00318,-2.89556,-10.1996,180.287,0.125,225.309,0.293641
ppo,0,16,228,81.6726,104.632,-132.907,2.00454,-2.89451,-10.2157,181.554,0.125,29.1232,0.293641
ppo,0,16,229,82.2994,105.368,-133.747,2.00436,-2.89264,-10.2328,182.821,0.125,99.7658,0.293641
ppo,0,16,230,82.9104,106.118,-134.596,2.00462,-2.89038,-10.2465,184.097,0.125,171.666,0.293641
ppo,0,16,231,83.547,106.867,-135.439,2.00297,-2.88757,-10.2604,185.378,0.125,167.824,0.293641
ppo,0,16,232,84.1809,107.636,-136.267,2.00142,-2.88502,-10.2721,186.663,0.125,103.727,0.293641
ppo,0,16,233,84.8117,108.39,-137.116,1.99798,-2.88125,-10.285,187.951,0.125,139.636,0.293641
ppo,0,16,234,85.4623,109.14,-137.953,1.99869,-2.87796,-10.2937,189.238,0.125,263.722,0.293641
ppo,0,16,235,86.0964,109.905,-138.795,1.99617,-2.87482,-10.3049,190.53,0.125,211.517,0.293641
ppo,0,16,236,86.7482,110.66,-139.637,1.99412,-2.87209,-10.3178,191.823,0.125,128.19,0.293641
ppo,0,16,237,87.3935,111.436,-140.468,1.98661,-2.86836,-10.3284,193.122,0.125,39.5218,0.293641
ppo,0,16,238,88.0287,112.197,-141.317,1.98099,-2.86223,-10.34,194.417,0.125,163.182,0.293641
ppo,0,16,239,88.6861,112.966,-142.152,1.97609,-2.85778,-10.353,195.716,0.125,100.678,0.293641
ppo,0,16,240,89.325,113.75,-142.989,1.97513,-2.85184,-10.3634,197.017,0.125,182.296,0.293641
ppo,0,16,241,89.9852,114.524,-143.83,1.97286,-2.84369,-10.3752,198.321,0.125,86.5239,0.293641
ppo,0,16,242,90.6483,115.315,-144.649,1.96929,-2.83644,-10.3844,199.627,0.125,99.5095,0.293641
ppo,0,16,243,91.3002,116.115,-145.482,1.96295,-2.83178,-10.394,200.943,0.125,332.424,0.293641
ppo,0,16,244,91.9704,116.922,-146.317,1.9617,-2.82545,-10.4045,202.27,0.125,109.69,0.293641
ppo,0,16,245,92.6258,117.748,-147.142,1.95944,-2.81819,-10.4152,203.595,0.125,93.9498,0.293641
ppo,0,16,246,93.2718,118.558,-147.989,1.95772,-2.81001,-10.4275,204.918,0.125,238.234,0.293641
ppo,0,16,247,93.9397,119.359,-148.824,1.9558,-2.80387,-10.442,206.239,0.125,273.782,0.293641
ppo,0,16,248,94.5978,120.173,-149.682,1.95528,-2.79552,-10.4557,207.576,0.125,104.364,0.293641
ppo,0,16,249,95.2623,120.964,-150.551,1.95481,-2.7875,-10.4699,208.911,0.125,337.569,0.293641
ppo,0,16,250,95.933,121.777,-151.422,1.95734,-2.7762,-10.4849,210.257,0.125,132.172,0.293641
ppo,0,16,251,96.5806,122.602,-152.297,1.95731,-2.76479,-10.504,211.603,0.125,73.5756,0.293641
ppo,0,16,252,97.2415,123.403,-153.183,1.95756,-2.75289,-10.5205,212.948,0.125,109.596,0.293641
ppo,0,16,253,97.9086,124.227,-154.047,1.95642,-2.74139,-10.5389,214.295,0.125,178.319,0.293641
ppo,0,16,254,98.5574,125.05,-154.929,1.95463,-2.72946,-10.5566,215.645,0.125,213.931,0.293641
ppo,0,16,255,99.2222,125.854,-155.809,1.94866,-2.71977,-10.5753,216.994,0.125,143.404,0.293641
ppo,0,16,256,99.8906,126.674,-156.669,1.94279,-2.71119,-10.5936,218.34,0.125,41.4142,0.293641
ppo,0,16,257,100.534,127.497,-157.542,1.94163,-2.70303,-10.6111,219.684,0.125,196.039,0.293641
ppo,0,16,258,101.197,128.297,-158.415,1.93802,-2.69379,-10.6292,221.024,0.125,239.184,0.293641
ppo,0,16,259,101.868,129.108,-159.269,1.93221,-2.68521,-10.6455,222.364,0.125,254.717,0.293641
ppo,0,16,260,102.531,129.92,-160.144,1.92629,-2.68012,-10.6606,223.717,0.125,147.207,0.293641
ppo,0,16,261,103.199,130.713,-161.034,1.92154,-2.67341,-10.6744,225.072,0.125,72.2158,0.293641
ppo,0,16,262,103.869,131.527,-161.902,1.91784,-2.66571,-10.6904,226.421,0.125,236.16,0.293641
ppo,0,16,263,104.526,132.339,-162.789,1.91446,-2.6582,-10.7069,227.777,0.125,103.015,0.293641
ppo,0,16,264,105.196,133.129,-163.68,1.91043,-2.64924,-10.7216,229.128,0.125,214.93,0.293641
ppo,0,16,265,105.883,133.922,-164.556,1.90807,-2.63955,-10.7362,230.479,0.125,357.294,0.293641
ppo,0,16,266,106.563,134.723,-165.457,1.90462,-2.63372,-10.749,231.851,0.125,114.759,0.293641
ppo,0,16,267,107.248,135.507,-166.372,1.90218,-2.63088,-10.759,233.228,0.125,67.0912,0.293641
ppo,0,16,268,107.95,136.291,-167.261,1.90014,-2.63063,-10.7705,234.596,0.125,338.441,0.293641
ppo,0,16,269,108.649,137.099,-168.153,1.89725,-2.62833,-10.7842,235.975,0.125,121.899,0.293641
ppo,0,16,270,109.339,137.892,-169.067,1.89356,-2.6236,-10.7941,237.359,0.125,269.701,0.293641
ppo,0,16,271,110.046,138.673,-169.984,1.88909,-2.62123,-10.8033,238.748,0.125,180.887,0.293641
ppo,0,16,272,110.759,139.469,-170.886,1.88815,-2.61909,-10.8124,240.137,0.125,54.9224,0.293641
ppo,0,16,273,111.453,140.263,-171.807,1.88477,-2.61624,-10.8192,241.53,0.125,106.41,0.293641
ppo,0,16,274,112.165,141.034,-172.726,1.88423,-2.61318,-10.8268,242.915,0.125,127.937,0.293641
ppo,0,16,275,112.888,141.814,-173.62,1.88287,-2.60919,-10.834,244.294,0.125,150.738,0.293641
ppo,0,16,276,113.594,142.611,-174.515,1.88394,-2.60793,-10.8411,245.676,0.125,165.125,0.293641
ppo,0,16,277,114.295,143.39,-175.427,1.88315,-2.60726,-10.85,247.058,0.125,121.01,0.293641
ppo,0,16,278,115.022,144.164,-176.322,1.8831,-2.60372,-10.8545,248.436,0.125,318.909,0.293641
ppo,0,16,279,115.751,144.96,-177.205,1.88497,-2.59945,-10.8567,249.822,0.125,353.919,0.293641
ppo,0,16,280,116.467,145.753,-178.108,1.88582,-2.59504,-10.8579,251.214,0.125,241.825,0.293641
ppo,0,16,281,117.193,146.522,-179.023,1.88434,-2.58857,-10.8586,252.605,0.125,62.0708,0.293641
ppo,0,16,282,117.935,147.297,-179.921,1.88374,-2.58214,-10.856,253.997,0.125,99.2439,0.293641
ppo,0,16,283,118.662,148.093,-180.812,1.88601,-2.57326,-10.8524,255.388,0.125,108.096,0.293641
ppo,0,16,284,119.376,148.876,-181.723,1.885,-2.56778,-10.8511,256.781,0.125,126.42,0.293641
ppo,0,16,285,120.101,149.642,-182.643,1.88619,-2.55984,-10.8514,258.172,0.125,16.8729,0.293641
ppo,0,16,286,120.838,150.419,-183.539,1.88895,-2.55426,-10.852,259.558,0.125,204.518,0.293641
ppo,0,16,287,121.554,151.214,-184.432,1.89185,-2.54624,-10.8502,260.944,0.125,469.225,0.293641
ppo,0,16,288,122.267,152.012,-185.346,1.8942,-2.54142,-10.8478,262.346,0.125,302.744,0.293641
ppo,0,16,289,122.995,152.791,-186.259,1.89766,-2.53873,-10.8473,263.744,0.125,125.192,0.293641
ppo,0,16,290,123.73,153.583,-187.15,1.9053,-2.53543,-10.845,265.137,0.125,232.939,0.293641
ppo,0,16,291,124.449,154.393,-188.036,1.9141,-2.53443,-10.8481,266.527,0.125,262.057,0.293641
ppo,0,16,292,125.156,155.193,-188.941,1.92176,-2.53259,-10.8532,267.916,0.125,177.495,0.293641
ppo,0,16,293,125.871,155.974,-189.848,1.93147,-2.52927,-10.8575,269.299,0.125,190.915,0.293641
ppo,0,16,294,126.598,156.767,-190.735,1.93906,-2.52616,-10.864,270.68,0.125,213.259,0.293641
ppo,0,16,295,127.312,157.58,-191.609,1.94456,-2.5199,-10.8706,272.058,0.125,410.769,0.293641
ppo,0,16,296,128.032,158.386,-192.509,1.9525,-2.51259,-10.877,273.45,0.125,225.561,0.293641
ppo,0,16,297,128.756,159.173,-193.426,1.95665,-2.50547,-10.8855,274.844,0.125,315.53,0.293641
ppo,0,16,298,129.504,159.947,-194.329,1.95984,-2.49709,-10.8953,276.231,0.125,270.912,0.293641
ppo,0,16,299,130.242,160.739,-195.213,1.96513,-2.48309,-10.9053,277.607,0.125,244.661,0.293641
ppo,0,17,0,0,0,0,-5.4857,-6.87361,-3.16823,9.34757,0.125,1.00103,0.329452
ppo,0,17,1,-0.00145768,-0.011467,-0.0159039,-5.46841,-6.83799,-3.14646,9.2892,0.125,1.03703,0.329452
ppo,0,17,2,-0.00465361,-0.032001,-0.0495758,-5.45164,-6.80174,-3.12429,9.21699,0.125,0.99084,0.329452
ppo,0,17,3,-0.00664366,-0.0611184,-0.101481,-5.43873,-6.7639,-3.10562,9.13562,0.125,1.45637,0.329452
ppo,0,17,4,-0.00898266,-0.0914029,-0.172253,-5.42594,-6.72999,-3.08665,9.0503,0.125,1.43677,0.329452
ppo,0,17,5,-0.0152548,-0.119926,-0.264685,-5.41335,-6.69568,-3.07045,8.95837,0.125,2.03656,0.329452
ppo,0,17,6,-0.0202793,-0.142339,-0.377581,-5.40124,-6.66207,-3.05074,8.86608,0.125,1.08956,0.329452
ppo,0,17,7,-0.0286512,-0.160177,-0.504036,-5.38873,-6.6296,-3.02766,8.77226,0.125,1.5379,0.329452
ppo,0,17,8,-0.0403784,-0.168816,-0.645826,-5.37654,-6.59566,-3.00501,8.68013,0.125,1.4125,0.329452
ppo,0,17,9,-0.0505491,-0.166819,-0.804474,-5.36447,-6.56473,-2.98248,8.59737,0.125,1.18611,0.329452
ppo,0,17,10,-0.0586777,-0.150598,-0.975691,-5.34777,-6.53423,-2.95857,8.52391,0.125,1.48114,0.329452
ppo,0,17,11,-0.0635895,-0.118486,-1.16064,-5.3351,-6.5028,-2.93418,8.46722,0.125,1.31328,0.329452
ppo,0,17,12,-0.0688568,-0.0717373,-1.351,-5.32322,-6.47179,-2.90666,8.4255,0.125,0.79897,0.329452
ppo,0,17,13,-0.071747,-0.00518227,-1.54921,-5.31456,-6.43937,-2.88,8.40577,0.125,0.964074,0.329452
ppo,0,17,14,-0.0696403,0.0808238,-1.7513,-5.3094,-6.40595,-2.85248,8.41106,0.125,1.25766,0.329452
ppo,0,17,15,-0.0560344,0.186849,-1.95344,-5.30793,-6.37563,-2.82259,8.45009,0.125,1.19941,0.329452
ppo,0,17,16,-0.0294554,0.304561,-2.15483,-5.3068,-6.34419,-2.78813,8.51219,0.125,1.32296,0.329452
ppo,0,17,17,0.0135727,0.434152,-2.35705,-5.30715,-6.31332,-2.75791,8.60227,0.125,1.24893,0.329452
ppo,0,17,18,0.0758753,0.567597,-2.55933,-5.30962,-6.28499,-2.72731,8.71721,0.125,1.33935,0.329452
ppo,0,17,19,0.15787,0.698854,-2.76096,-5.31165,-6.25914,-2.70055,8.85059,0.125,0.968398,0.329452
ppo,0,17,20,0.253489,0.81887,-2.96778,-5.31447,-6.23672,-2.6725,8.99281,0.125,1.59,0.329452
ppo,0,17,21,0.366007,0.924803,-3.18378,-5.31929,-6.21555,-2.64324,9.14327,0.125,1.25804,0.329452
ppo,0,17,22,0.482266,1.01703,-3.41702,-5.32439,-6.19322,-2.61643,9.29226,0.125,1.58099,0.329452
ppo,0,17,23,0.596964,1.09729,-3.66831,-5.33191,-6.17318,-2.5898,9.44321,0.125,0.888377,0.329452
ppo,0,17,24,0.701092,1.16529,-3.93611,-5.33962,-6.15233,-2.56068,9.58799,0.125,0.562065,0.329452
ppo,0,17,25,0.789046,1.23182,-4.22224,-5.34925,-6.13694,-2.53513,9.73775,0.125,1.81872,0.329452
ppo,0,17,26,0.854986,1.30451,-4.52378,-5.35691,-6.12223,-2.51052,9.88925,0.125,0.550745,0.329452
ppo,0,17,27,0.897985,1.38944,-4.83067,-5.36689,-6.10685,-2.48571,10.047,0.125,1.74547,0.329452
ppo,0,17,28,0.925309,1.4917,-5.13679,-5.37908,-6.09456,-2.46129,10.2203,0.125,1.05689,0.329452
ppo,0,17,29,0.942431,1.6139,-5.43286,-5.38878,-6.0847,-2.44106,10.4069,0.125,1.04095,0.329452
ppo,0,17,30,0.958414,1.75476,-5.7144,-5.39954,-6.07577,-2.42268,10.6102,0.125,1.49191,0.329452
ppo,0,17,31,0.984153,1.90546,-5.97362,-5.41313,-6.06917,-2.40405,10.8287,0.125,0.901885,0.329452
ppo,0,17,32,1.0206,2.05675,-6.21471,-5.42727,-6.06121,-2.38257,11.0527,0.125,1.19252,0.329452
ppo,0,17,33,1.07468,2.19821,-6.44597,-5.44191,-6.05661,-2.36044,11.2827,0.125,0.949231,0.329452
ppo,0,17,34,1.14358,2.32788,-6.67631,-5.45647,-6.0522,-2.33521,11.5166,0.125,1.46993,0.329452
ppo,0,17,35,1.22129,2.44565,-6.91772,-5.47224,-6.04714,-2.30959,11.7544,0.125,0.90676,0.329452
ppo,0,17,36,1.30078,2.5521,-7.16889,-5.48734,-6.03997,-2.28506,11.9897,0.125,1.72847,0.329452
ppo,0,17,37,1.38115,2.65618,-7.43808,-5.50112,-6.03348,-2.26037,12.2346,0.125,2.09085,0.329452
ppo,0,17,38,1.45959,2.76027,-7.72424,-5.5161,-6.02811,-2.23795,12.4898,0.125,2.11144,0.329452
ppo,0,17,39,1.53371,2.87209,-8.02343,-5.52974,-6.02419,-2.21346,12.759,0.125,1.70925,0.329452
ppo,0,17,40,1.60065,2.99333,-8.33135,-5.54376,-6.02061,-2.19012,13.0387,0.125,2.35133,0.329452
ppo,0,17,41,1.66234,3.13462,-8.64242,-5.55494,-6.0176,-2.16692,13.3336,0.125,1.34654,0.329452
ppo,0,17,42,1.72197,3.29521,-8.95324,-5.56629,-6.01474,-2.14284,13.6446,0.125,1.23133,0.329452
ppo,0,17,43,1.79114,3.47066,-9.25804,-5.58088,-6.01344,-2.11896,13.9736,0.125,0.944724,0.329452
ppo,0,17,44,1.87506,3.65352,-9.55268,-5.59986,-6.01448,-2.09653,14.3157,0.125,2.0274,0.329452
ppo,0,17,45,1.9859,3.83569,-9.84067,-5.62044,-6.01575,-2.0719,14.6718,0.125,3.28176,0.329452
ppo,0,17,46,2.11626,4.01085,-10.1296,-5.64308,-6.01826,-2.04641,15.0375,0.125,3.20063,0.329452
ppo,0,17,47,2.25675,4.16988,-10.4301,-5.66367,-6.01933,-2.0224,15.4027,0.125,1.70542,0.329452
ppo,0,17,48,2.39388,4.31742,-10.7469,-5.68263,-6.02054,-2.00058,15.7671,0.125,1.40219,0.329452
ppo,0,17,49,2.51725,4.4654,-11.0815,-5.70235,-6.02023,-1.97808,16.1364,0.125,1.42998,0.329452
ppo,0,17,50,2.62455,4.62943,-11.4242,-5.72511,-6.01884,-1.95328,16.5167,0.125,1.60532,0.329452
ppo,0,17,51,2.71922,4.81619,-11.7621,-5.74592,-6.01924,-1.92561,16.9063,0.125,2.98315,0.329452
ppo,0,17,52,2.81712,5.02369,-12.0845,-5.76469,-6.02287,-1.89841,17.304,0.125,2.04549,0.329452
ppo,0,17,53,2.93507,5.23391,-12.3923,-5.78393,-6.02862,-1.87177,17.7073,0.125,2.97826,0.329452
ppo,0,17,54,3.07453,5.43454,-12.693,-5.7995,-6.03568,-1.8471,18.1093,0.125,2.37756,0.329452
ppo,0,17,55,3.22902,5.62165,-13.0053,-5.81421,-6.04235,-1.82279,18.517,0.125,2.50953,0.329452
ppo,0,17,56,3.38324,5.79971,-13.3331,-5.82939,-6.04953,-1.79975,18.9287,0.125,3.00377,0.329452
ppo,0,17,57,3.52732,5.97557,-13.6841,-5.84349,-6.05449,-1.77943,19.3457,0.125,2.01244,0.329452
ppo,0,17,58,3.66078,6.16411,-14.0472,-5.86028,-6.06218,-1.75913,19.777,0.125,2.00782,0.329452
ppo,0,17,59,3.78761,6.37162,-14.414,-5.8787,-6.06825,-1.73781,20.2207,0.125,2.00411,0.329452
ppo,0,17,60,3.92093,6.59849,-14.773,-5.89767,-6.07378,-1.71517,20.676,0.125,3.00272,0.329452
ppo,0,17,61,4.07015,6.83125,-15.1243,-5.91437,-6.08009,-1.69309,21.1374,0.125,2.11739,0.329452
ppo,0,17,62,4.23834,7.05245,-15.4739,-5.93199,-6.08847,-1.67433,21.5997,0.125,3.98921,0.329452
ppo,0,17,63,4.41479,7.25847,-15.8386,-5.95035,-6.09432,-1.65484,22.0661,0.125,2.44869,0.329452
ppo,0,17,64,4.58211,7.46172,-16.2208,-5.97127,-6.1021,-1.63364,22.5418,0.125,3.66283,0.329452
ppo,0,17,65,4.73666,7.67713,-16.6143,-5.99221,-6.11158,-1.61314,23.0277,0.125,4.24379,0.329452
ppo,0,17,66,4.88379,7.91352,-17.0014,-6.01195,-6.11867,-1.59205,23.5174,0.125,5.63694,0.329452
ppo,0,17,67,5.04314,8.16127,-17.3703,-6.03425,-6.1233,-1.57421,24.0057,0.125,1.24149,0.329452
ppo,0,17,68,5.22097,8.40469,-17.7326,-6.05457,-6.12929,-1.55722,24.4953,0.125,4.88556,0.329452
ppo,0,17,69,5.40898,8.63513,-18.1019,-6.07132,-6.13455,-1.53694,24.9868,0.125,4.79668,0.329452
ppo,0,17,70,5.59662,8.85897,-18.4904,-6.08805,-6.14139,-1.52008,25.486,0.125,5.39443,0.329452
ppo,0,17,71,5.77577,9.09302,-18.8962,-6.10749,-6.14809,-1.50267,26.0008,0.125,2.78662,0.329452
ppo,0,17,72,5.95232,9.34907,-19.3049,-6.12914,-6.15626,-1.48501,26.5316,0.125,4.55249,0.329452
ppo,0,17,73,6.14032,9.62223,-19.705,-6.15314,-6.16357,-1.46721,27.0728,0.125,4.0418,0.329452
ppo,0,17,74,6.34891,9.89235,-20.1025,-6.17896,-6.17275,-1.44916,27.6221,0.125,4.06876,0.329452
ppo,0,17,75,6.57272,10.1521,-20.5105,-6.20556,-6.18447,-1.43275,28.1803,0.125,3.70966,0.329452
ppo,0,17,76,6.79383,10.4056,-20.9366,-6.2292,-6.19982,-1.41808,28.7456,0.125,3.74487,0.329452
ppo,0,17,77,7.00066,10.6756,-21.3727,-6.25363,-6.21561,-1.40238,29.3224,0.125,5.16286,0.329452
ppo,0,17,78,7.21185,10.9666,-21.8044,-6.27455,-6.23617,-1.38471,29.9129,0.125,3.91509,0.329452
ppo,0,17,79,7.43723,11.2606,-22.2267,-6.29424,-6.25531,-1.36521,30.5051,0.125,3.66257,0.329452
ppo,0,17,80,7.67989,11.5421,-22.6544,-6.31248,-6.27628,-1.34339,31.1037,0.125,2.23922,0.329452
ppo,0,17,81,7.92095,11.8151,-23.1035,-6.32823,-6.29676,-1.32006,31.7111,0.125,3.70175,0.329452
ppo,0,17,82,8.1535,12.0971,-23.567,-6.34373,-6.31988,-1.2981,32.3305,0.125,1.72035,0.329452
ppo,0,17,83,8.38547,12.3969,-24.0298,-6.3561,-6.34383,-1.27841,32.9568,0.125,7.03982,0.329452
ppo,0,17,84,8.63317,12.708,-24.4817,-6.36706,-6.37076,-1.25831,33.5906,0.125,2.64523,0.329452
ppo,0,17,85,8.89764,13.0101,-24.9384,-6.37942,-6.39392,-1.23904,34.2282,0.125,9.35152,0.329452
ppo,0,17,86,9.1614,13.3026,-25.415,-6.39092,-6.41783,-1.21713,34.8756,0.125,6.00901,0.329452
ppo,0,17,87,9.41327,13.6039,-25.9015,-6.40135,-6.439,-1.19587,35.5273,0.125,4.049,0.329452
ppo,0,17,88,9.66472,13.9239,-26.3817,-6.41296,-6.46038,-1.17347,36.1865,0.125,5.41817,0.329452
ppo,0,17,89,9.93503,14.2464,-26.8548,-6.42444,-6.48278,-1.15066,36.8515,0.125,7.27263,0.329452
ppo,0,17,90,10.2151,14.5562,-27.3393,-6.43483,-6.50449,-1.12305,37.5242,0.125,5.60442,0.329452
ppo,0,17,91,10.4911,14.8705,-27.8427,-6.44559,-6.52482,-1.09401,38.2113,0.125,10.4429,0.329452
ppo,0,17,92,10.7611,15.2033,-28.35,-6.45493,-6.54384,-1.06376,38.9084,0.125,5.57138,0.329452
ppo,0,17,93,11.0443,15.5488,-28.8487,-6.46358,-6.55912,-1.03412,39.6098,0.125,11.4074,0.329452
ppo,0,17,94,11.3477,15.8861,-29.3498,-6.46906,-6.57437,-1.00477,40.3156,0.125,5.99452,0.329452
ppo,0,17,95,11.6531,16.2175,-29.8721,-6.47841,-6.58839,-0.978175,41.0331,0.125,9.06268,0.329452
ppo,0,17,96,11.9456,16.566,-30.4091,-6.48601,-6.60301,-0.947668,41.7672,0.125,8.18015,0.329452
ppo,0,17,97,12.2455,16.9315,-30.9339,-6.49466,-6.61759,-0.914475,42.5078,0.125,2.97481,0.329452
ppo,0,17,98,12.5652,17.2935,-31.4558,-6.50438,-6.63428,-0.883787,43.2532,0.125,7.38046,0.329452
ppo,0,17,99,12.8905,17.6459,-31.9933,-6.51509,-6.65111,-0.854048,44.0066,0.125,7.41132,0.329452
ppo,0,17,100,13.2048,18.0147,-32.5481,-6.522,-6.67089,-0.825961,44.7752,0.125,8.56851,0.329452
ppo,0,17,101,13.5232,18.4014,-33.0997,-6.52527,-6.69247,-0.795375,45.5545,0.125,4.25248,0.329452
ppo,0,17,102,13.8642,18.7885,-33.6477,-6.52673,-6.71691,-0.771003,46.3378,0.125,11.6836,0.329452
ppo,0,17,103,14.2119,19.1651,-34.2123,-6.52893,-6.74384,-0.744901,47.133,0.125,6.78686,0.329452
ppo,0,17,104,14.5499,19.5534,-34.7926,-6.53035,-6.7715,-0.72307,47.9386,0.125,6.68603,0.329452
ppo,0,17,105,14.894,19.9601,-35.3643,-6.53525,-6.79923,-0.702752,48.7514,0.125,14.0232,0.329452
ppo,0,17,106,15.2566,20.3606,-35.9345,-6.54094,-6.8279,-0.685662,49.5664,0.125,10.1138,0.329452
ppo,0,17,107,15.6195,20.7499,-36.5225,-6.54734,-6.85652,-0.66697,50.3895,0.125,20.7987,0.329452
ppo,0,17,108,15.9694,21.1567,-37.1207,-6.55217,-6.88748,-0.648029,51.2246,0.125,4.98437,0.329452
ppo,0,17,109,16.3363,21.5796,-37.7098,-6.5599,-6.91904,-0.632073,52.0689,0.125,14.4887,0.329452
ppo,0,17,110,16.7198,21.9951,-38.3047,-6.56432,-6.95411,-0.617815,52.9199,0.125,11.0773,0.329452
ppo,0,17,111,17.0976,22.4087,-38.9208,-6.57058,-6.99076,-0.606119,53.7822,0.125,9.26701,0.329452
ppo,0,17,112,17.4696,22.8405,-39.5331,-6.57545,-7.02678,-0.593246,54.6492,0.125,19.0135,0.329452
ppo,0,17,113,17.8599,23.2764,-40.1392,-6.58216,-7.06275,-0.580793,55.5225,0.125,6.23832,0.329452
ppo,0,17,114,18.2589,23.6985,-40.7564,-6.58828,-7.10091,-0.572142,56.3982,0.125,10.2026,0.329452
ppo,0,17,115,18.6465,24.1302,-41.3909,-6.59298,-7.14249,-0.567529,57.2849,0.125,16.2229,0.329452
ppo,0,17,116,19.0455,24.5786,-42.0158,-6.59004,-7.18352,-0.56534,58.1735,0.125,10.4542,0.329452
ppo,0,17,117,19.4612,25.019,-42.6457,-6.58662,-7.22483,-0.564578,59.0675,0.125,10.4618,0.329452
ppo,0,17,118,19.8704,25.4597,-43.295,-6.58168,-7.2694,-0.565589,59.9725,0.125,8.52126,0.329452
ppo,0,17,119,20.2755,25.9199,-43.9463,-6.57612,-7.31412,-0.564196,60.8893,0.125,19.4616,0.329452
ppo,0,17,120,20.7018,26.374,-44.5882,-6.56869,-7.3553,-0.558935,61.8055,0.125,9.5885,0.329452
ppo,0,17,121,21.1335,26.8205,-45.2469,-6.56428,-7.39287,-0.555188,62.7301,0.125,13.3426,0.329452
ppo,0,17,122,21.5535,27.2839,-45.9142,-6.55614,-7.43228,-0.551414,63.6643,0.125,28.1392,0.329452
ppo,0,17,123,21.9905,27.7607,-46.5751,-6.54445,-7.47234,-0.547467,64.6077,0.125,14.4333,0.329452
ppo,0,17,124,22.4377,28.2219,-47.2477,-6.53026,-7.51209,-0.545616,65.5527,0.125,28.5898,0.329452
ppo,0,17,125,22.8736,28.6895,-47.9312,-6.51277,-7.54994,-0.547414,66.4987,0.125,11.7877,0.329452
ppo,0,17,126,23.3179,29.1732,-48.6036,-6.49405,-7.58921,-0.547127,67.4511,0.125,7.58575,0.329452
ppo,0,17,127,23.7784,29.6407,-49.2809,-6.4742,-7.62571,-0.550916,68.4004,0.125,12.3767,0.329452
ppo,0,17,128,24.2271,30.1118,-49.9705,-6.45216,-7.6615,-0.554815,69.3538,0.125,7.87596,0.329452
ppo,0,17,129,24.6844,30.5977,-50.6524,-6.42945,-7.69679,-0.556818,70.3143,0.125,16.1123,0.329452
ppo,0,17,130,25.1584,31.0693,-51.3411,-6.40992,-7.73108,-0.556902,71.2816,0.125,25.4676,0.329452
ppo,0,17,131,25.6178,31.5485,-52.0431,-6.39023,-7.76403,-0.557401,72.2549,0.125,13.7437,0.329452
ppo,0,17,132,26.0811,32.0455,-52.7364,-6.37227,-7.79397,-0.56043,73.2307,0.125,24.9045,0.329452
ppo,0,17,133,26.5592,32.5312,-53.4346,-6.35399,-7.82232,-0.566044,74.2076,0.125,8.21492,0.329452
ppo,0,17,134,27.026,33.0173,-54.151,-6.33289,-7.84975,-0.570852,75.1915,0.125,34.8015,0.329452
ppo,0,17,135,27.499,33.5227,-54.8592,-6.31026,-7.87639,-0.572441,76.184,0.125,13.9154,0.329452
ppo,0,17,136,27.9868,34.0122,-55.579,-6.28801,-7.89825,-0.573309,77.1808,0.125,15.68,0.329452
ppo,0,17,137,28.4661,34.5067,-56.3156,-6.26609,-7.92242,-0.573868,78.1901,0.125,26.2891,0.329452
ppo,0,17,138,28.9549,35.0176,-57.0376,-6.23883,-7.94611,-0.576999,79.1977,0.125,11.7281,0.329452
ppo,0,17,139,29.4573,35.5126,-57.7706,-6.21155,-7.96879,-0.579179,80.2107,0.125,14.2909,0.329452
ppo,0,17,140,29.948,36.0203,-58.5141,-6.18388,-7.99,-0.582182,81.2313,0.125,21.5023,0.329452
ppo,0,17,141,30.4517,36.5414,-59.2455,-6.15734,-8.00985,-0.58402,82.257,0.125,15.7328,0.329452
ppo,0,17,142,30.9601,37.052,-59.9909,-6.12913,-8.03059,-0.585863,83.2887,0.125,13.9967,0.329452
ppo,0,17,143,31.453,37.582,-60.7391,-6.10309,-8.05445,-0.591211,84.3262,0.125,6.03017,0.329452
ppo,0,17,144,31.9636,38.1131,-61.4806,-6.07622,-8.07956,-0.59528,85.3687,0.125,14.5246,0.329452
ppo,0,17,145,32.4694,38.6328,-62.2401,-6.0523,-8.10339,-0.60038,86.4155,0.125,44.475,0.329452
ppo,0,17,146,32.9683,39.1721,-62.9986,-6.03023,-8.12204,-0.603854,87.4685,0.125,14.0798,0.329452
ppo,0,17,147,33.487,39.7026,-63.7597,-6.0074,-8.13916,-0.607859,88.5257,0.125,25.9796,0.329452
ppo,0,17,148,33.9942,40.235,-64.5379,-5.98256,-8.15422,-0.61485,89.5869,0.125,16.0126,0.329452
ppo,0,17,149,34.5052,40.7871,-65.3076,-5.96149,-8.17265,-0.623282,90.6569,0.125,25.4583,0.329452
ppo,0,17,150,35.028,41.321,-66.0848,-5.93968,-8.1896,-0.633494,91.7253,0.125,20.7244,0.329452
ppo,0,17,151,35.5378,41.8707,-66.8691,-5.91626,-8.20723,-0.644707,92.8003,0.125,30.1564,0.329452
ppo,0,17,152,36.0632,42.4201,-67.6444,-5.89238,-8.22584,-0.658508,93.8744,0.125,41.0464,0.329452
ppo,0,17,153,36.5835,42.9647,-68.4402,-5.8671,-8.2393,-0.673518,94.9538,0.125,15.7547,0.329452
ppo,0,17,154,37.1065,43.5282,-69.228,-5.84022,-8.25383,-0.687101,96.0399,0.125,30.7528,0.329452
ppo,0,17,155,37.6481,44.0767,-70.0245,-5.81032,-8.26647,-0.699574,97.1308,0.125,50.025,0.329452
ppo,0,17,156,38.1798,44.6391,-70.8354,-5.77993,-8.2794,-0.711158,98.2356,0.125,17.9208,0.329452
ppo,0,17,157,38.7285,45.2095,-71.633,-5.7503,-8.29386,-0.721756,99.3448,0.125,61.7859,0.329452
ppo,0,17,158,39.2747,45.7702,-72.4486,-5.72011,-8.30412,-0.73051,100.459,0.125,38.1562,0.329452
ppo,0,17,159,39.8181,46.3477,-73.2595,-5.69207,-8.31688,-0.739715,101.58,0.125,41.777,0.329452
ppo,0,17,160,40.3771,46.9075,-74.0768,-5.6617,-8.33146,-0.751921,102.701,0.125,30.4599,0.329452
ppo,0,17,161,40.9225,47.4784,-74.9031,-5.63014,-8.34504,-0.769307,103.823,0.125,47.0756,0.329452
ppo,0,17,162,41.4866,48.056,-75.715,-5.59597,-8.35759,-0.785608,104.946,0.125,30.1842,0.329452
ppo,0,17,163,42.0405,48.6247,-76.5432,-5.55881,-8.36906,-0.804446,106.068,0.125,31.4885,0.329452
ppo,0,17,164,42.5985,49.2095,-77.3603,-5.52232,-8.38277,-0.823823,107.193,0.125,44.5544,0.329452
ppo,0,17,165,43.1662,49.7731,-78.1854,-5.48789,-8.39425,-0.844318,108.316,0.125,23.684,0.329452
ppo,0,17,166,43.7209,50.3553,-79.014,-5.45816,-8.40576,-0.864476,109.448,0.125,14.2684,0.329452
ppo,0,17,167,44.2944,50.9303,-79.8382,-5.4263,-8.4175,-0.885667,110.579,0.125,82.8662,0.329452
ppo,0,17,168,44.8536,51.5057,-80.6788,-5.39345,-8.42999,-0.909135,111.715,0.125,15.4533,0.329452
ppo,0,17,169,45.4319,52.0878,-81.5086,-5.36063,-8.43919,-0.931088,112.854,0.125,28.756,0.329452
ppo,0,17,170,46.0052,52.66,-82.3572,-5.33058,-8.44294,-0.951019,114,0.125,79.2235,0.329452
ppo,0,17,171,46.581,53.2514,-83.1946,-5.30189,-8.44566,-0.972489,115.147,0.125,20.8454,0.329452
ppo,0,17,172,47.1646,53.8272,-84.045,-5.27359,-8.44522,-0.989199,116.301,0.125,12.6793,0.329452
ppo,0,17,173,47.739,54.4253,-84.8916,-5.24569,-8.44654,-1.00405,117.462,0.125,15.2429,0.329452
ppo,0,17,174,48.3316,55.0064,-85.7365,-5.21943,-8.44691,-1.02,118.621,0.125,25.45,0.329452
ppo,0,17,175,48.9073,55.6036,-86.5884,-5.19127,-8.44607,-1.03304,119.786,0.125,73.5847,0.329452
ppo,0,17,176,49.5017,56.1968,-87.4351,-5.1616,-8.4501,-1.04521,120.957,0.125,79.092,0.329452
ppo,0,17,177,50.083,56.7869,-88.3027,-5.13404,-8.45211,-1.05809,122.134,0.125,31.6806,0.329452
ppo,0,17,178,50.6808,57.3855,-89.1562,-5.10642,-8.45179,-1.0706,123.312,0.125,54.0938,0.329452
ppo,0,17,179,51.2682,57.9755,-90.0293,-5.08045,-8.44933,-1.08521,124.493,0.125,72.6061,0.329452
ppo,0,17,180,51.8647,58.5809,-90.89,-5.05673,-8.44643,-1.09886,125.679,0.125,47.5186,0.329452
ppo,0,17,181,52.4641,59.169,-91.7682,-5.03325,-8.44138,-1.11312,126.868,0.125,89.6212,0.329452
ppo,0,17,182,53.0657,59.7757,-92.6381,-5.00964,-8.44013,-1.12438,128.066,0.125,7.53235,0.329452
ppo,0,17,183,53.6749,60.3664,-93.5191,-4.98653,-8.4362,-1.1356,129.266,0.125,37.9433,0.329452
ppo,0,17,184,54.2785,60.9755,-94.3983,-4.96188,-8.4339,-1.14727,130.472,0.125,40.1666,0.329452
ppo,0,17,185,54.896,61.5647,-95.2853,-4.93724,-8.43116,-1.15806,131.679,0.125,102.08,0.329452
ppo,0,17,186,55.5063,62.172,-96.175,-4.91535,-8.42607,-1.16645,132.897,0.125,63.7465,0.329452
ppo,0,17,187,56.1333,62.7642,-97.0721,-4.89286,-8.41917,-1.17886,134.115,0.125,72.2509,0.329452
ppo,0,17,188,56.7434,63.3733,-97.9792,-4.86954,-8.40969,-1.19287,135.339,0.125,36.6115,0.329452
ppo,0,17,189,57.3693,63.969,-98.8857,-4.84486,-8.39912,-1.20789,136.56,0.125,39.1124,0.329452
ppo,0,17,190,57.9763,64.5794,-99.7971,-4.81973,-8.39188,-1.22689,137.783,0.125,115.207,0.329452
ppo,0,17,191,58.6024,65.1859,-100.703,-4.79373,-8.38332,-1.24125,139.011,0.125,91.1627,0.329452
ppo,0,17,192,59.2066,65.8053,-101.622,-4.76917,-8.37374,-1.25224,140.248,0.125,52.8762,0.329452
ppo,0,17,193,59.8282,66.4143,-102.532,-4.74477,-8.36298,-1.25978,141.483,0.125,78.6092,0.329452
ppo,0,17,194,60.4297,67.0365,-103.453,-4.72261,-8.35039,-1.26567,142.724,0.125,55.2146,0.329452
ppo,0,17,195,61.0501,67.6487,-104.362,-4.70092,-8.33603,-1.27069,143.961,0.125,33.207,0.329452
ppo,0,17,196,61.6529,68.2699,-105.282,-4.68193,-8.32112,-1.27854,145.2,0.125,46.2108,0.329452
ppo,0,17,197,62.2782,68.8795,-106.193,-4.66253,-8.30937,-1.28646,146.44,0.125,40.0963,0.329452
ppo,0,17,198,62.8834,69.4975,-107.113,-4.64369,-8.29618,-1.29351,147.681,0.125,115.821,0.329452
ppo,0,17,199,63.5075,70.1052,-108.03,-4.62582,-8.28672,-1.29927,148.925,0.125,47.0153,0.329452
ppo,0,17,200,64.1132,70.7298,-108.952,-4.6083,-8.28074,-1.30541,150.177,0.125,91.531,0.329452
ppo,0,17,201,64.7374,71.3436,-109.871,-4.59107,-8.27568,-1.30803,151.432,0.125,48.2458,0.329452
ppo,0,17,202,65.3431,71.977,-110.792,-4.57298,-8.26738,-1.31323,152.686,0.125,95.1167,0.329452
ppo,0,17,203,65.9696,72.5926,-111.71,-4.55557,-8.26237,-1.31946,153.94,0.125,53.9047,0.329452
ppo,0,17,204,66.5796,73.2303,-112.626,-4.53642,-8.2572,-1.32623,155.195,0.125,66.8656,0.329452
ppo,0,17,205,67.2022,73.848,-113.549,-4.51711,-8.25334,-1.33354,156.45,0.125,24.1324,0.329452
ppo,0,17,206,67.821,74.4872,-114.463,-4.4963,-8.24971,-1.34278,157.707,0.125,104.048,0.329452
ppo,0,17,207,68.4447,75.1089,-115.39,-4.47818,-8.24528,-1.35128,158.967,0.125,74.6715,0.329452
ppo,0,17,208,69.0681,75.7508,-116.299,-4.46066,-8.24083,-1.36347,160.222,0.125,124.993,0.329452
ppo,0,17,209,69.6906,76.3787,-117.224,-4.44459,-8.23274,-1.37108,161.484,0.125,76.8059,0.329452
ppo,0,17,210,70.324,77.0172,-118.132,-4.43227,-8.22608,-1.37961,162.745,0.125,44.9635,0.329452
ppo,0,17,211,70.9458,77.6462,-119.056,-4.42199,-8.21993,-1.38767,164.01,0.125,137.437,0.329452
ppo,0,17,212,71.5899,78.281,-119.964,-4.41074,-8.2123,-1.39539,165.275,0.125,100.443,0.329452
ppo,0,17,213,72.2215,78.9161,-120.89,-4.39914,-8.20391,-1.39807,166.55,0.125,67.9828,0.329452
ppo,0,17,214,72.8766,79.5411,-121.803,-4.39084,-8.19791,-1.39922,167.826,0.125,68.7757,0.329452
ppo,0,17,215,73.5187,80.1836,-122.715,-4.3817,-8.19042,-1.40383,169.1,0.125,79.4322,0.329452
ppo,0,17,216,74.1749,80.8049,-123.633,-4.37423,-8.18525,-1.40825,170.377,0.125,132.753,0.329452
ppo,0,17,217,74.8254,81.4462,-124.541,-4.36986,-8.18221,-1.41135,171.657,0.125,41.8865,0.329452
ppo,0,17,218,75.4764,82.0658,-125.461,-4.3626,-8.17919,-1.41208,172.935,0.125,125.317,0.329452
ppo,0,17,219,76.1346,82.6994,-126.367,-4.35871,-8.18206,-1.41517,174.217,0.125,138.572,0.329452
ppo,0,17,220,76.7797,83.3281,-127.293,-4.35359,-8.18517,-1.42001,175.503,0.125,157.517,0.329452
ppo,0,17,221,77.4422,83.9476,-128.213,-4.34866,-8.18962,-1.4212,176.792,0.125,40.2508,0.329452
ppo,0,17,222,78.085,84.5809,-129.146,-4.34597,-8.18982,-1.41965,178.088,0.125,30.1659,0.329452
ppo,0,17,223,78.7451,85.1957,-130.079,-4.34215,-8.18843,-1.41859,179.381,0.125,91.8838,0.329452
ppo,0,17,224,79.399,85.8344,-131.004,-4.3412,-8.18888,-1.41624,180.682,0.125,161.224,0.329452
ppo,0,17,225,80.0545,86.4587,-131.944,-4.3388,-8.19369,-1.41267,181.988,0.125,99.8148,0.329452
ppo,0,17,226,80.7211,87.0963,-132.859,-4.33471,-8.19898,-1.41153,183.287,0.125,125.918,0.329452
ppo,0,17,227,81.3691,87.7327,-133.791,-4.33196,-8.2053,-1.40756,184.592,0.125,113.321,0.329452
ppo,0,17,228,82.0382,88.3551,-134.715,-4.33063,-8.207,-1.40434,185.891,0.125,101.367,0.329452
ppo,0,17,229,82.689,88.998,-135.635,-4.33125,-8.20723,-1.40315,187.188,0.125,163.181,0.329452
ppo,0,17,230,83.3525,89.6211,-136.568,-4.33711,-8.20966,-1.40121,188.495,0.125,218.688,0.329452
ppo,0,17,231,84.0157,90.2695,-137.497,-4.34329,-8.21605,-1.40169,189.812,0.125,57.4097,0.329452
ppo,0,17,232,84.6576,90.9136,-138.444,-4.34766,-8.22188,-1.40355,191.128,0.125,67.1239,0.329452
ppo,0,17,233,85.3203,91.5476,-139.38,-4.35282,-8.22853,-1.40722,192.44,0.125,134.652,0.329452
ppo,0,17,234,85.9713,92.2041,-140.316,-4.3549,-8.23552,-1.41296,193.755,0.125,103.298,0.329452
ppo,0,17,235,86.6294,92.8393,-141.261,-4.35455,-8.24298,-1.41905,195.068,0.125,66.3322,0.329452
ppo,0,17,236,87.3001,93.4856,-142.188,-4.35178,-8.25236,-1.42545,196.379,0.125,36.2907,0.329452
ppo,0,17,237,87.9518,94.1392,-143.133,-4.3464,-8.26315,-1.43072,197.698,0.125,253.856,0.329452
ppo,0,17,238,88.6265,94.7953,-144.08,-4.34105,-8.27143,-1.43893,199.028,0.125,137.292,0.329452
ppo,0,17,239,89.2986,95.4724,-145.019,-4.33372,-8.2765,-1.4457,200.36,0.125,257.245,0.329452
ppo,0,17,240,89.9703,96.1455,-145.977,-4.32443,-8.2826,-1.44918,201.705,0.125,109.076,0.329452
ppo,0,17,241,90.6612,96.8167,-146.922,-4.31415,-8.28771,-1.45235,203.048,0.125,68.4839,0.329452
ppo,0,17,242,91.3361,97.5061,-147.869,-4.30437,-8.29598,-1.45386,204.398,0.125,72.8232,0.329452
ppo,0,17,243,92.0157,98.1776,-148.831,-4.29331,-8.30293,-1.45907,205.747,0.125,39.3522,0.329452
ppo,0,17,244,92.7088,98.8588,-149.772,-4.28217,-8.30935,-1.4662,207.091,0.125,104.779,0.329452
ppo,0,17,245,93.388,99.5478,-150.73,-4.27354,-8.31808,-1.47665,208.445,0.125,81.3718,0.329452
ppo,0,17,246,94.0819,100.218,-151.689,-4.26655,-8.32522,-1.48355,209.799,0.125,200.808,0.329452
ppo,0,17,247,94.7716,100.91,-152.637,-4.26101,-8.33555,-1.48933,211.158,0.125,243.07,0.329452
ppo,0,17,248,95.4431,101.602,-153.602,-4.24976,-8.34708,-1.4981,212.516,0.125,166.202,0.329452
ppo,0,17,249,96.1357,102.278,-154.559,-4.23915,-8.35977,-1.5074,213.871,0.125,155.071,0.329452
ppo,0,17,250,96.8249,102.975,-155.506,-4.22882,-8.37433,-1.51616,215.228,0.125,156.405,0.329452
ppo,0,17,251,97.5028,103.663,-156.472,-4.21378,-8.38885,-1.52422,216.589,0.125,233.57,0.329452
ppo,0,17,252,98.202,104.352,-157.431,-4.19901,-8.40554,-1.52893,217.958,0.125,37.0913,0.329452
ppo,0,17,253,98.8911,105.063,-158.379,-4.18131,-8.42057,-1.53484,219.323,0.125,271.4,0.329452
ppo,0,17,254,99.5671,105.769,-159.345,-4.16279,-8.43527,-1.54476,220.689,0.125,122.612,0.329452
ppo,0,17,255,100.264,106.468,-160.299,-4.14494,-8.44357,-1.55625,222.048,0.125,248.263,0.329452
ppo,0,17,256,100.952,107.188,-161.259,-4.12903,-8.44844,-1.56619,223.418,0.125,160.94,0.329452
ppo,0,17,257,101.632,107.894,-162.235,-4.11243,-8.45515,-1.57404,224.791,0.125,186.275,0.329452
ppo,0,17,258,102.334,108.606,-163.199,-4.09547,-8.45573,-1.58282,226.165,0.125,281.654,0.329452
ppo,0,17,259,103.033,109.338,-164.157,-4.08146,-8.45871,-1.58994,227.547,0.125,209.098,0.329452
ppo,0,17,260,103.716,110.059,-165.138,-4.07074,-8.46224,-1.59672,228.935,0.125,250.588,0.329452
ppo,0,17,261,104.418,110.765,-166.113,-4.06163,-8.4632,-1.60053,230.32,0.125,20.2005,0.329452
ppo,0,17,262,105.112,111.49,-167.073,-4.05303,-8.46174,-1.60321,231.701,0.125,165.921,0.329452
ppo,0,17,263,105.791,112.211,-168.05,-4.0419,-8.4619,-1.60399,233.087,0.125,179.395,0.329452
ppo,0,17,264,106.483,112.912,-169.033,-4.03317,-8.46225,-1.60713,234.471,0.125,55.9596,0.329452
ppo,0,17,265,107.184,113.63,-170.001,-4.02349,-8.46436,-1.61444,235.857,0.125,159.649,0.329452
ppo,0,17,266,107.868,114.356,-170.979,-4.01361,-8.46426,-1.62034,237.244,0.125,147.418,0.329452
ppo,0,17,267,108.565,115.062,-171.968,-4.00484,-8.46493,-1.62881,238.634,0.125,76.1398,0.329452
ppo,0,17,268,109.278,115.772,-172.939,-3.99533,-8.46329,-1.63469,240.022,0.125,385.274,0.329452
ppo,0,17,269,109.983,116.493,-173.937,-3.98763,-8.45974,-1.63891,241.431,0.125,72.6546,0.329452
ppo,0,17,270,110.683,117.19,-174.952,-3.9776,-8.45326,-1.64376,242.835,0.125,177.472,0.329452
ppo,0,17,271,111.401,117.88,-175.956,-3.96642,-8.44631,-1.64648,244.237,0.125,152.88,0.329452
ppo,0,17,272,112.11,118.591,-176.946,-3.95632,-8.44065,-1.64897,245.637,0.125,184.884,0.329452
ppo,0,17,273,112.801,119.306,-177.951,-3.9459,-8.43794,-1.65456,247.04,0.125,142.737,0.329452
ppo,0,17,274,113.505,120.002,-178.961,-3.93673,-8.43727,-1.65494,248.448,0.125,121.241,0.329452
ppo,0,17,275,114.217,120.708,-179.949,-3.92927,-8.43969,-1.65765,249.851,0.125,308.978,0.329452
ppo,0,17,276,114.913,121.434,-180.942,-3.91688,-8.4436,-1.65701,251.26,0.125,269.12,0.329452
ppo,0,17,277,115.599,122.146,-181.957,-3.90373,-8.44713,-1.65882,252.671,0.125,55.7416,0.329452
ppo,0,17,278,116.303,122.848,-182.963,-3.89067,-8.44729,-1.65978,254.078,0.125,260.926,0.329452
ppo,0,17,279,117.008,123.57,-183.953,-3.87668,-8.44525,-1.6602,255.483,0.125,182.545,0.329452
ppo,0,17,280,117.694,124.305,-184.956,-3.86205,-8.44193,-1.66228,256.893,0.125,170.9,0.329452
ppo,0,17,281,118.383,125.017,-185.975,-3.84607,-8.43742,-1.66442,258.303,0.125,121.996,0.329452
ppo,0,17,282,119.092,125.719,-186.988,-3.82698,-8.42915,-1.6661,259.709,0.125,240.589,0.329452
ppo,0,17,283,119.795,126.443,-187.987,-3.81012,-8.4231,-1.6698,261.115,0.125,186.075,0.329452
ppo,0,17,284,120.481,127.173,-189,-3.79209,-8.41855,-1.67765,262.523,0.125,304.075,0.329452
ppo,0,17,285,121.167,127.881,-190.03,-3.77533,-8.41386,-1.68204,263.936,0.125,273.227,0.329452
ppo,0,17,286,121.875,128.578,-191.053,-3.75712,-8.40709,-1.6871,265.344,0.125,153.364,0.329452
ppo,0,17,287,122.583,129.29,-192.061,-3.73902,-8.40322,-1.68936,266.755,0.125,187.369,0.329452
ppo,0,17,288,123.266,130.007,-193.084,-3.71689,-8.39944,-1.6914,268.164,0.125,234.851,0.329452
ppo,0,17,289,123.957,130.704,-194.117,-3.69599,-8.39493,-1.69158,269.576,0.125,354.237,0.329452
ppo,0,17,290,124.669,131.42,-195.143,-3.67935,-8.38802,-1.69222,271.004,0.125,184.916,0.329452
ppo,0,17,291,125.384,132.152,-196.156,-3.66325,-8.37834,-1.69187,272.43,0.125,389.919,0.329452
ppo,0,17,292,126.076,132.888,-197.181,-3.65,-8.36851,-1.69233,273.858,0.125,400.573,0.329452
ppo,0,17,293,126.766,133.602,-198.223,-3.6367,-8.35966,-1.69176,275.287,0.125,159.975,0.329452
ppo,0,17,294,127.474,134.301,-199.254,-3.62273,-8.34845,-1.69015,276.707,0.125,424.801,0.329452
ppo,0,17,295,128.182,135.027,-200.284,-3.60835,-8.33815,-1.68774,278.142,0.125,199.825,0.329452
ppo,0,17,296,128.872,135.774,-201.312,-3.59652,-8.32729,-1.68453,279.578,0.125,258.589,0.329452
ppo,0,17,297,129.564,136.503,-202.363,-3.58647,-8.3174,-1.68083,281.025,0.125,165.159,0.329452
ppo,0,17,298,130.273,137.21,-203.416,-3.57544,-8.30764,-1.67258,282.474,0.125,245.784,0.329452
ppo,0,17,299,131.002,137.92,-204.456,-3.56332,-8.29496,-1.66536,283.92,0.125,56.9806,0.329452
ppo,0,18,0,0,0,0,-5.05501,2.4514,6.27888,8.42537,0.125,1.05554,0.573344
ppo,0,18,1,-0.0191982,0.00346138,0.0132633,-5.05818,2.47828,6.21197,8.36302,0.125,0.535394,0.573344
ppo,0,18,2,-0.0516785,0.0174867,0.0321088,-5.05745,2.50444,6.1435,8.28201,0.125,0.371202,0.573344
ppo,0,18,3,-0.103547,0.0436249,0.0531391,-5.05865,2.53664,6.07815,8.18956,0.125,0.529108,0.573344
ppo,0,18,4,-0.172013,0.0880214,0.0820735,-5.05796,2.57186,6.01534,8.07747,0.125,0.475443,0.573344
ppo,0,18,5,-0.247444,0.152146,0.113561,-5.0554,2.61015,5.95501,7.95492,0.125,0.325186,0.573344
ppo,0,18,6,-0.33049,0.232665,0.147827,-5.05017,2.64517,5.89549,7.81865,0.125,0.439153,0.573344
ppo,0,18,7,-0.417724,0.331254,0.183384,-5.0454,2.68144,5.8439,7.67985,0.125,0.202732,0.573344
ppo,0,18,8,-0.504871,0.448573,0.215471,-5.03731,2.71977,5.79006,7.53507,0.125,0.434652,0.573344
ppo,0,18,9,-0.587936,0.587951,0.246462,-5.03067,2.75915,5.73417,7.38695,0.125,0.721658,0.573344
ppo,0,18,10,-0.660669,0.745359,0.269933,-5.0248,2.80056,5.67511,7.24468,0.125,0.631338,0.573344
ppo,0,18,11,-0.722849,0.919419,0.279744,-5.01916,2.84196,5.61725,7.11642,0.125,0.574392,0.573344
ppo,0,18,12,-0.77717,1.10771,0.286651,-5.01405,2.88432,5.56187,6.99539,0.125,0.51001,0.573344
ppo,0,18,13,-0.814719,1.31115,0.284824,-5.00751,2.92836,5.51162,6.89306,0.125,0.479927,0.573344
ppo,0,18,14,-0.83918,1.53082,0.27749,-4.99754,2.97312,5.46776,6.80523,0.125,0.229965,0.573344
ppo,0,18,15,-0.851291,1.76456,0.262446,-4.99068,3.01934,5.42328,6.73374,0.125,0.911059,0.573344
ppo,0,18,16,-0.84549,2.00985,0.238553,-4.98462,3.0672,5.37934,6.68416,0.125,0.277866,0.573344
ppo,0,18,17,-0.821006,2.26562,0.207682,-4.97826,3.11182,5.33624,6.6559,0.125,0.556546,0.573344
ppo,0,18,18,-0.779683,2.52247,0.170276,-4.9716,3.15562,5.29376,6.65005,0.125,0.34444,0.573344
ppo,0,18,19,-0.723602,2.7737,0.126982,-4.965,3.1987,5.25033,6.66474,0.125,0.399044,0.573344
ppo,0,18,20,-0.654832,3.01084,0.0744023,-4.95841,3.24002,5.20537,6.70076,0.125,0.544642,0.573344
ppo,0,18,21,-0.57437,3.23551,0.00603601,-4.95505,3.285,5.15831,6.76304,0.125,0.105903,0.573344
ppo,0,18,22,-0.494266,3.44054,-0.077333,-4.95342,3.32696,5.11721,6.84691,0.125,0.577519,0.573344
ppo,0,18,23,-0.421408,3.63143,-0.175731,-4.95105,3.37112,5.0798,6.94305,0.125,0.445644,0.573344
ppo,0,18,24,-0.362439,3.80862,-0.295249,-4.94725,3.41424,5.04491,7.04935,0.125,0.0733867,0.573344
ppo,0,18,25,-0.324508,3.98225,-0.430173,-4.9421,3.45777,5.01345,7.15754,0.125,0.721068,0.573344
ppo,0,18,26,-0.312092,4.15769,-0.574484,-4.93897,3.50273,4.98692,7.26404,0.125,0.303172,0.573344
ppo,0,18,27,-0.318577,4.34613,-0.725135,-4.93448,3.55034,4.96029,7.3664,0.125,0.313458,0.573344
ppo,0,18,28,-0.340149,4.5525,-0.869854,-4.92871,3.59986,4.93896,7.46356,0.125,0.982612,0.573344
ppo,0,18,29,-0.368511,4.77973,-1.00416,-4.92096,3.64943,4.91735,7.55425,0.125,0.480908,0.573344
ppo,0,18,30,-0.389485,5.02241,-1.11915,-4.91324,3.69991,4.90158,7.64608,0.125,0.426693,0.573344
ppo,0,18,31,-0.39635,5.27078,-1.2211,-4.90767,3.74827,4.88664,7.74432,0.125,0.0860755,0.573344
ppo,0,18,32,-0.383897,5.51126,-1.31364,-4.90037,3.79618,4.87283,7.84936,0.125,0.733328,0.573344
ppo,0,18,33,-0.357361,5.73794,-1.40632,-4.89355,3.84184,4.864,7.968,0.125,0.824253,0.573344
ppo,0,18,34,-0.322236,5.95093,-1.50791,-4.88883,3.88637,4.85612,8.10044,0.125,0.607151,0.573344
ppo,0,18,35,-0.286357,6.14505,-1.62532,-4.88201,3.93063,4.84946,8.24296,0.125,0.369718,0.573344
ppo,0,18,36,-0.252641,6.3319,-1.75851,-4.87412,3.97646,4.84888,8.40022,0.125,1.00249,0.573344
ppo,0,18,37,-0.22439,6.52155,-1.9093,-4.86984,4.02215,4.84864,8.57303,0.125,0.436723,0.573344
ppo,0,18,38,-0.205846,6.72402,-2.07211,-4.86734,4.06372,4.85281,8.76136,0.125,0.632513,0.573344
ppo,0,18,39,-0.194678,6.94076,-2.24844,-4.86548,4.10327,4.85913,8.96578,0.125,0.317261,0.573344
ppo,0,18,40,-0.181607,7.17625,-2.42985,-4.86437,4.14176,4.86726,9.18608,0.125,0.766819,0.573344
ppo,0,18,41,-0.158617,7.42929,-2.60992,-4.8676,4.17841,4.87644,9.42275,0.125,0.139914,0.573344
ppo,0,18,42,-0.118138,7.69875,-2.79614,-4.87168,4.21697,4.88371,9.67982,0.125,0.738951,0.573344
ppo,0,18,43,-0.063234,7.97875,-2.98209,-4.87536,4.25358,4.89229,9.95185,0.125,0.326203,0.573344
ppo,0,18,44,0.0118674,8.2652,-3.16623,-4.87735,4.29055,4.89972,10.2353,0.125,0.755472,0.573344
ppo,0,18,45,0.10459,8.54422,-3.34668,-4.88156,4.32328,4.90879,10.5276,0.125,0.785375,0.573344
ppo,0,18,46,0.212079,8.80753,-3.53405,-4.8869,4.35644,4.91979,10.8295,0.125,0.882595,0.573344
ppo,0,18,47,0.323937,9.05003,-3.7345,-4.89414,4.39023,4.93287,11.1385,0.125,0.873024,0.573344
ppo,0,18,48,0.429051,9.28073,-3.95256,-4.90063,4.42305,4.94765,11.455,0.125,0.567606,0.573344
ppo,0,18,49,0.514975,9.51415,-4.18756,-4.91004,4.4564,4.96084,11.7773,0.125,0.736239,0.573344
ppo,0,18,50,0.585868,9.76199,-4.42559,-4.91955,4.48559,4.97532,12.1048,0.125,0.336814,0.573344
ppo,0,18,51,0.647565,10.0379,-4.65645,-4.93152,4.51504,4.99031,12.4374,0.125,0.710881,0.573344
ppo,0,18,52,0.71911,10.3291,-4.86901,-4.94677,4.54679,5.00192,12.7661,0.125,0.470178,0.573344
ppo,0,18,53,0.811321,10.617,-5.06597,-4.96229,4.57953,5.01247,13.0905,0.125,1.17738,0.573344
ppo,0,18,54,0.924275,10.8914,-5.26454,-4.97692,4.61294,5.02501,13.4208,0.125,1.29072,0.573344
ppo,0,18,55,1.04596,11.1524,-5.47396,-4.99148,4.64549,5.03945,13.7595,0.125,1.63323,0.573344
ppo,0,18,56,1.16489,11.4075,-5.70612,-5.00567,4.67589,5.05615,14.1144,0.125,0.450328,0.573344
ppo,0,18,57,1.27631,11.6692,-5.95685,-5.01945,4.70146,5.07324,14.4862,0.125,0.523165,0.573344
ppo,0,18,58,1.38389,11.9496,-6.21655,-5.03116,4.7261,5.08796,14.8703,0.125,2.99415,0.573344
ppo,0,18,59,1.49066,12.2484,-6.48265,-5.04429,4.74911,5.09956,15.2673,0.125,1.04667,0.573344
ppo,0,18,60,1.60603,12.5632,-6.7399,-5.05738,4.77261,5.10849,15.6678,0.125,1.80662,0.573344
ppo,0,18,61,1.74161,12.8807,-6.98646,-5.06785,4.79615,5.11949,16.0712,0.125,1.29015,0.573344
ppo,0,18,62,1.89498,13.1899,-7.23412,-5.08018,4.81865,5.12984,16.4802,0.125,1.44902,0.573344
ppo,0,18,63,2.05764,13.4801,-7.49258,-5.09346,4.84144,5.14087,16.8929,0.125,2.2678,0.573344
ppo,0,18,64,2.21037,13.7615,-7.77001,-5.10716,4.86491,5.15604,17.3141,0.125,0.46866,0.573344
ppo,0,18,65,2.34441,14.0565,-8.0581,-5.12308,4.88851,5.17071,17.7431,0.125,1.50745,0.573344
ppo,0,18,66,2.4684,14.371,-8.33916,-5.14083,4.91051,5.18149,18.1717,0.125,3.20686,0.573344
ppo,0,18,67,2.60005,14.6981,-8.60481,-5.16142,4.93249,5.1901,18.5986,0.125,2.36013,0.573344
ppo,0,18,68,2.75619,15.0216,-8.85944,-5.18528,4.94998,5.19714,19.0287,0.125,1.04402,0.573344
ppo,0,18,69,2.92497,15.3311,-9.12119,-5.2119,4.9646,5.20303,19.4642,0.125,1.72592,0.573344
ppo,0,18,70,3.09503,15.6356,-9.40009,-5.24115,4.97947,5.20957,19.912,0.125,2.30529,0.573344
ppo,0,18,71,3.25342,15.9462,-9.69855,-5.26904,4.99336,5.21607,20.3726,0.125,0.955727,0.573344
ppo,0,18,72,3.40619,16.274,-10.0051,-5.29295,5.00577,5.22477,20.847,0.125,2.88667,0.573344
ppo,0,18,73,3.56516,16.6209,-10.3049,-5.31292,5.01713,5.23552,21.3301,0.125,0.839527,0.573344
ppo,0,18,74,3.74272,16.9763,-10.5968,-5.33383,5.02854,5.247,21.8211,0.125,0.616685,0.573344
ppo,0,18,75,3.93883,17.3225,-10.8891,-5.36017,5.04053,5.25865,22.3174,0.125,1.62259,0.573344
ppo,0,18,76,4.13471,17.6514,-11.1968,-5.38982,5.04863,5.26982,22.8187,0.125,4.39426,0.573344
ppo,0,18,77,4.3145,17.9853,-11.5228,-5.41789,5.05488,5.27696,23.3269,0.125,2.54688,0.573344
ppo,0,18,78,4.48235,18.3416,-11.8443,-5.44507,5.06098,5.2858,23.8405,0.125,4.74566,0.573344
ppo,0,18,79,4.66538,18.7105,-12.1485,-5.46911,5.06546,5.29396,24.3544,0.125,3.54036,0.573344
ppo,0,18,80,4.87391,19.0707,-12.4456,-5.49343,5.06957,5.29763,24.8664,0.125,5.03092,0.573344
ppo,0,18,81,5.09205,19.4145,-12.7543,-5.51799,5.07173,5.29772,25.3804,0.125,2.99339,0.573344
ppo,0,18,82,5.3034,19.7578,-13.0808,-5.54291,5.07443,5.29737,25.9036,0.125,6.18628,0.573344
ppo,0,18,83,5.50781,20.1169,-13.4153,-5.56943,5.08001,5.29565,26.437,0.125,7.42204,0.573344
ppo,0,18,84,5.7195,20.4925,-13.7466,-5.59652,5.08321,5.29508,26.9831,0.125,5.39199,0.573344
ppo,0,18,85,5.95243,20.8695,-14.069,-5.62131,5.08353,5.29427,27.5334,0.125,1.25835,0.573344
ppo,0,18,86,6.20126,21.2314,-14.3999,-5.64843,5.0879,5.29129,28.0851,0.125,6.31664,0.573344
ppo,0,18,87,6.43961,21.5842,-14.7484,-5.67943,5.09036,5.28569,28.6406,0.125,1.25604,0.573344
ppo,0,18,88,6.66435,21.9542,-15.1049,-5.71338,5.08902,5.27754,29.2076,0.125,1.00781,0.573344
ppo,0,18,89,6.89185,22.34,-15.4511,-5.74696,5.08966,5.26533,29.7739,0.125,2.72585,0.573344
ppo,0,18,90,7.14064,22.7193,-15.7931,-5.77643,5.08692,5.25223,30.3423,0.125,7.28025,0.573344
ppo,0,18,91,7.39788,23.0852,-16.1459,-5.80264,5.08154,5.23813,30.9138,0.125,3.25929,0.573344
ppo,0,18,92,7.65031,23.454,-16.5155,-5.82981,5.07577,5.22534,31.4982,0.125,5.53068,0.573344
ppo,0,18,93,7.89799,23.8435,-16.8878,-5.85109,5.06926,5.21164,32.0919,0.125,4.31944,0.573344
ppo,0,18,94,8.16014,24.248,-17.2518,-5.87141,5.06361,5.20012,32.6958,0.125,1.90514,0.573344
ppo,0,18,95,8.44149,24.644,-17.6199,-5.89276,5.05607,5.18835,33.3073,0.125,2.19551,0.573344
ppo,0,18,96,8.7223,25.028,-18.01,-5.91332,5.05102,5.17555,33.9242,0.125,7.52483,0.573344
ppo,0,18,97,8.99129,25.4266,-18.4093,-5.93106,5.04763,5.16108,34.5477,0.125,4.05732,0.573344
ppo,0,18,98,9.26709,25.8433,-18.7991,-5.9457,5.04337,5.14588,35.1771,0.125,6.07875,0.573344
ppo,0,18,99,9.56505,26.2533,-19.1896,-5.95696,5.03939,5.13173,35.8119,0.125,5.86468,0.573344
ppo,0,18,100,9.86685,26.6518,-19.5977,-5.96778,5.03603,5.12037,36.4549,0.125,5.08339,0.573344
ppo,0,18,101,10.1608,27.0581,-20.025,-5.97649,5.03249,5.10953,37.1117,0.125,2.54232,0.573344
ppo,0,18,102,10.4559,27.4837,-20.4516,-5.98747,5.02787,5.10095,37.7833,0.125,5.42764,0.573344
ppo,0,18,103,10.7688,27.9127,-20.8755,-5.99791,5.02516,5.08964,38.4597,0.125,12.1378,0.573344
ppo,0,18,104,11.0923,28.3314,-21.3138,-6.00742,5.02394,5.07539,39.1411,0.125,2.05762,0.573344
ppo,0,18,105,11.4047,28.7584,-21.7668,-6.01646,5.02122,5.0596,39.8323,0.125,3.25833,0.573344
ppo,0,18,106,11.7187,29.2076,-22.2176,-6.02413,5.01982,5.0425,40.5336,0.125,5.91699,0.573344
ppo,0,18,107,12.0554,29.6543,-22.6627,-6.0325,5.01986,5.02496,41.2388,0.125,10.8554,0.573344
ppo,0,18,108,12.3981,30.0914,-23.1266,-6.03858,5.0204,5.00511,41.9507,0.125,7.55565,0.573344
ppo,0,18,109,12.7304,30.5378,-23.6053,-6.04405,5.02133,4.99188,42.6775,0.125,10.6402,0.573344
ppo,0,18,110,13.0663,31.0011,-24.0791,-6.05346,5.02363,4.98198,43.4159,0.125,8.56251,0.573344
ppo,0,18,111,13.4228,31.4585,-24.557,-6.05763,5.02584,4.96973,44.1588,0.125,3.96668,0.573344
ppo,0,18,112,13.7797,31.9039,-25.0526,-6.06076,5.03028,4.95786,44.905,0.125,2.65568,0.573344
ppo,0,18,113,14.1261,32.3623,-25.5566,-6.06316,5.03563,4.94555,45.6589,0.125,13.5901,0.573344
ppo,0,18,114,14.4881,32.8355,-26.0507,-6.0639,5.03648,4.93629,46.4259,0.125,7.81253,0.573344
ppo,0,18,115,14.8654,33.298,-26.5558,-6.06276,5.0374,4.9281,47.2005,0.125,4.0946,0.573344
ppo,0,18,116,15.2391,33.7565,-27.0768,-6.0581,5.03727,4.92052,47.9812,0.125,1.4874,0.573344
ppo,0,18,117,15.6165,34.2338,-27.5953,-6.04812,5.03688,4.91203,48.7703,0.125,6.11601,0.573344
ppo,0,18,118,16.0117,34.715,-28.1082,-6.03637,5.03441,4.90259,49.5658,0.125,6.42471,0.573344
ppo,0,18,119,16.4129,35.1881,-28.639,-6.02201,5.03584,4.89275,50.3672,0.125,3.15921,0.573344
ppo,0,18,120,16.8042,35.6755,-29.1805,-6.00699,5.03744,4.88113,51.1785,0.125,8.48289,0.573344
ppo,0,18,121,17.2102,36.1748,-29.7126,-5.99342,5.03981,4.87166,51.9987,0.125,6.61138,0.573344
ppo,0,18,122,17.633,36.6617,-30.252,-5.98123,5.04593,4.86281,52.8227,0.125,4.02568,0.573344
ppo,0,18,123,18.0496,37.1528,-30.8128,-5.972,5.05384,4.85202,53.6597,0.125,13.327,0.573344
ppo,0,18,124,18.4718,37.6664,-31.3677,-5.96341,5.06459,4.8401,54.5065,0.125,9.13602,0.573344
ppo,0,18,125,18.9185,38.1748,-31.9211,-5.95309,5.07164,4.82693,55.3609,0.125,14.9735,0.573344
ppo,0,18,126,19.3617,38.6804,-32.4937,-5.94186,5.07944,4.81333,56.2237,0.125,4.44636,0.573344
ppo,0,18,127,19.8042,39.2065,-33.0659,-5.92971,5.08695,4.80196,57.0995,0.125,2.16087,0.573344
ppo,0,18,128,20.268,39.7349,-33.6276,-5.91951,5.09568,4.79105,57.9798,0.125,19.5089,0.573344
ppo,0,18,129,20.7319,40.2516,-34.2108,-5.90819,5.10348,4.78214,58.8688,0.125,9.61843,0.573344
ppo,0,18,130,21.1875,40.7881,-34.8004,-5.89859,5.10742,4.77629,59.7753,0.125,16.307,0.573344
ppo,0,18,131,21.6607,41.3331,-35.3844,-5.88876,5.10905,4.77071,60.6925,0.125,15.0225,0.573344
ppo,0,18,132,22.1376,41.8667,-35.9841,-5.87617,5.11443,4.76504,61.6117,0.125,23.2573,0.573344
ppo,0,18,133,22.6021,42.4176,-36.5907,-5.86706,5.11568,4.76099,62.5451,0.125,29.773,0.573344
ppo,0,18,134,23.085,42.9774,-37.1839,-5.85694,5.11767,4.75553,63.4816,0.125,6.38783,0.573344
ppo,0,18,135,23.5737,43.5272,-37.7897,-5.84947,5.12009,4.75194,64.4253,0.125,3.88444,0.573344
ppo,0,18,136,24.0495,44.0913,-38.4039,-5.84181,5.12115,4.74738,65.3773,0.125,15.5255,0.573344
ppo,0,18,137,24.5406,44.6638,-39.011,-5.83658,5.12574,4.7437,66.3363,0.125,10.5183,0.573344
ppo,0,18,138,25.0408,45.2232,-39.6331,-5.83256,5.13474,4.73778,67.298,0.125,28.8654,0.573344
ppo,0,18,139,25.5294,45.7969,-40.261,-5.8277,5.1459,4.73331,68.2661,0.125,13.5551,0.573344
ppo,0,18,140,26.0346,46.3703,-40.883,-5.82357,5.15704,4.72916,69.2383,0.125,11.7069,0.573344
ppo,0,18,141,26.5374,46.9312,-41.5197,-5.81987,5.16849,4.72511,70.2118,0.125,28.5608,0.573344
ppo,0,18,142,27.0304,47.5137,-42.1583,-5.81855,5.18001,4.72045,71.1956,0.125,13.3759,0.573344
ppo,0,18,143,27.5459,48.0987,-42.7943,-5.8181,5.1951,4.72214,72.192,0.125,33.124,0.573344
ppo,0,18,144,28.0572,48.6798,-43.4466,-5.81752,5.21162,4.72598,73.1955,0.125,25.3632,0.573344
ppo,0,18,145,28.5696,49.2831,-44.0942,-5.81542,5.22586,4.73209,74.2117,0.125,7.82808,0.573344
ppo,0,18,146,29.1022,49.8777,-44.744,-5.81254,5.23877,4.73901,75.2346,0.125,28.4466,0.573344
ppo,0,18,147,29.6264,50.4697,-45.4123,-5.8118,5.25227,4.74546,76.2646,0.125,18.6284,0.573344
ppo,0,18,148,30.159,51.0816,-46.0692,-5.80905,5.26669,4.75468,77.3031,0.125,23.9846,0.573344
ppo,0,18,149,30.7083,51.6817,-46.7381,-5.80568,5.27997,4.76441,78.3511,0.125,33.1134,0.573344
ppo,0,18,150,31.2432,52.2968,-47.4166,-5.80364,5.29241,4.77391,79.4086,0.125,17.319,0.573344
ppo,0,18,151,31.7944,52.9182,-48.0859,-5.8007,5.3058,4.78198,80.4696,0.125,38.9825,0.573344
ppo,0,18,152,32.3447,53.531,-48.7742,-5.79789,5.31841,4.78886,81.5372,0.125,18.1484,0.573344
ppo,0,18,153,32.8872,54.1641,-49.4639,-5.796,5.33037,4.79471,82.6143,0.125,26.8061,0.573344
ppo,0,18,154,33.4489,54.7872,-50.1496,-5.79389,5.34111,4.80253,83.6938,0.125,21.6481,0.573344
ppo,0,18,155,33.9964,55.4084,-50.8557,-5.79211,5.3503,4.81303,84.7817,0.125,40.9899,0.573344
ppo,0,18,156,34.5486,56.0467,-51.544,-5.78817,5.35922,4.82311,85.8692,0.125,19.2737,0.573344
ppo,0,18,157,35.1095,56.6708,-52.2494,-5.78847,5.37,4.83414,86.9652,0.125,31.1966,0.573344
ppo,0,18,158,35.6583,57.3107,-52.9559,-5.78781,5.38367,4.84443,88.0629,0.125,28.4826,0.573344
ppo,0,18,159,36.2275,57.9436,-53.6559,-5.79304,5.39758,4.85351,89.1637,0.125,41.4526,0.573344
ppo,0,18,160,36.7843,58.5734,-54.3754,-5.79998,5.40982,4.86082,90.2702,0.125,35.5708,0.573344
ppo,0,18,161,37.3452,59.221,-55.0798,-5.80843,5.41966,4.86742,91.381,0.125,19.7183,0.573344
ppo,0,18,162,37.9139,59.8501,-55.7962,-5.81349,5.42876,4.87035,92.4889,0.125,38.161,0.573344
ppo,0,18,163,38.4705,60.4985,-56.5163,-5.82007,5.43781,4.87413,93.6063,0.125,55.4109,0.573344
ppo,0,18,164,39.0493,61.1384,-57.2259,-5.82777,5.45001,4.87733,94.7204,0.125,11.7112,0.573344
ppo,0,18,165,39.6123,61.7822,-57.9549,-5.83639,5.46301,4.88069,95.8423,0.125,35.447,0.573344
ppo,0,18,166,40.1908,62.4395,-58.6694,-5.84478,5.47737,4.88354,96.9687,0.125,35.5262,0.573344
ppo,0,18,167,40.7682,63.081,-59.4024,-5.85533,5.49303,4.88635,98.0978,0.125,16.1547,0.573344
ppo,0,18,168,41.3413,63.7431,-60.1319,-5.86808,5.50805,4.8894,99.2362,0.125,26.7159,0.573344
ppo,0,18,169,41.9317,64.3957,-60.8626,-5.87851,5.52182,4.89258,100.378,0.125,46.1295,0.573344
ppo,0,18,170,42.5098,65.0595,-61.6063,-5.88906,5.53481,4.89989,101.532,0.125,16.748,0.573344
ppo,0,18,171,43.1088,65.7246,-62.3409,-5.90129,5.54715,4.90582,102.691,0.125,40.7597,0.573344
ppo,0,18,172,43.6907,66.3845,-63.0933,-5.91359,5.55662,4.91001,103.851,0.125,24.9147,0.573344
ppo,0,18,173,44.2817,67.0609,-63.8347,-5.92952,5.5652,4.9137,105.02,0.125,36.5467,0.573344
ppo,0,18,174,44.8757,67.7236,-64.5941,-5.94602,5.57226,4.91869,106.196,0.125,13.8055,0.573344
ppo,0,18,175,45.4671,68.4114,-65.3478,-5.9637,5.58,4.92134,107.381,0.125,56.8119,0.573344
ppo,0,18,176,46.0739,69.0808,-66.1049,-5.97622,5.58702,4.92698,108.564,0.125,27.6792,0.573344
ppo,0,18,177,46.6662,69.7686,-66.8726,-5.99137,5.58813,4.92998,109.761,0.125,51.7378,0.573344
ppo,0,18,178,47.2788,70.4483,-67.6381,-6.01012,5.59033,4.93159,110.962,0.125,48.3825,0.573344
ppo,0,18,179,47.8728,71.1317,-68.4174,-6.03336,5.59432,4.93139,112.165,0.125,48.0485,0.573344
ppo,0,18,180,48.4849,71.8212,-69.1831,-6.05479,5.59815,4.92869,113.369,0.125,75.914,0.573344
ppo,0,18,181,49.083,72.5073,-69.9671,-6.07838,5.60368,4.92534,114.576,0.125,21.3545,0.573344
ppo,0,18,182,49.6942,73.2051,-70.737,-6.1065,5.61047,4.92109,115.788,0.125,55.1798,0.573344
ppo,0,18,183,50.2989,73.8909,-71.5217,-6.13236,5.62068,4.91502,116.995,0.125,31.4468,0.573344
ppo,0,18,184,50.902,74.5994,-72.2917,-6.15634,5.63266,4.90801,118.203,0.125,28.234,0.573344
ppo,0,18,185,51.51,75.2902,-73.0746,-6.17734,5.64555,4.90007,119.408,0.125,22.2543,0.573344
ppo,0,18,186,52.1128,76.0002,-73.8525,-6.19913,5.65967,4.89079,120.618,0.125,88.7309,0.573344
ppo,0,18,187,52.7294,76.6898,-74.639,-6.21796,5.67617,4.88071,121.824,0.125,35.291,0.573344
ppo,0,18,188,53.3338,77.4027,-75.4248,-6.23533,5.69414,4.87049,123.036,0.125,86.6393,0.573344
ppo,0,18,189,53.9596,78.104,-76.2065,-6.2541,5.71223,4.86248,124.251,0.125,19.418,0.573344
ppo,0,18,190,54.5696,78.8247,-76.9949,-6.27158,5.72934,4.85369,125.474,0.125,52.8738,0.573344
ppo,0,18,191,55.2008,79.5307,-77.7812,-6.2911,5.74378,4.84339,126.699,0.125,90.3045,0.573344
ppo,0,18,192,55.8151,80.2482,-78.5795,-6.31201,5.76142,4.83273,127.928,0.125,77.3545,0.573344
ppo,0,18,193,56.453,80.9531,-79.372,-6.3309,5.77823,4.81917,129.156,0.125,53.2666,0.573344
ppo,0,18,194,57.0727,81.6705,-80.1737,-6.35025,5.79475,4.80938,130.391,0.125,33.1665,0.573344
ppo,0,18,195,57.7153,82.3797,-80.9686,-6.37245,5.81102,4.79937,131.629,0.125,65.5851,0.573344
ppo,0,18,196,58.3403,83.0996,-81.7748,-6.39128,5.83016,4.79071,132.87,0.125,18.7017,0.573344
ppo,0,18,197,58.9845,83.8088,-82.572,-6.4114,5.84612,4.78104,134.109,0.125,48.4666,0.573344
ppo,0,18,198,59.6137,84.5286,-83.3794,-6.43377,5.86294,4.77494,135.358,0.125,67.9228,0.573344
ppo,0,18,199,60.2635,85.2358,-84.1816,-6.45353,5.8763,4.76793,136.606,0.125,93.8393,0.573344
ppo,0,18,200,60.9018,85.951,-84.9935,-6.4716,5.89171,4.75961,137.856,0.125,11.3536,0.573344
ppo,0,18,201,61.5617,86.6534,-85.8004,-6.48807,5.90439,4.75412,139.109,0.125,55.3222,0.573344
ppo,0,18,202,62.1995,87.3679,-86.618,-6.50702,5.91909,4.74963,140.366,0.125,20.8169,0.573344
ppo,0,18,203,62.8575,88.066,-87.4316,-6.52439,5.9329,4.74481,141.62,0.125,67.3119,0.573344
ppo,0,18,204,63.5013,88.7778,-88.2492,-6.54063,5.94756,4.73875,142.876,0.125,48.4682,0.573344
ppo,0,18,205,64.1635,89.4727,-89.0673,-6.55585,5.96366,4.73077,144.129,0.125,33.1188,0.573344
ppo,0,18,206,64.8092,90.1884,-89.8869,-6.57093,5.98005,4.72406,145.387,0.125,31.7884,0.573344
ppo,0,18,207,65.4688,90.8854,-90.714,-6.58649,6.00254,4.71596,146.642,0.125,19.3747,0.573344
ppo,0,18,208,66.1216,91.6054,-91.5369,-6.60492,6.02734,4.70985,147.906,0.125,62.0739,0.573344
ppo,0,18,209,66.7833,92.2991,-92.3708,-6.62492,6.0506,4.70566,149.169,0.125,56.1929,0.573344
ppo,0,18,210,67.4447,93.0107,-93.1954,-6.64203,6.07021,4.7017,150.437,0.125,85.0457,0.573344
ppo,0,18,211,68.105,93.7044,-94.0379,-6.65684,6.08544,4.6995,151.709,0.125,33.9222,0.573344
ppo,0,18,212,68.7769,94.4183,-94.8644,-6.67451,6.09818,4.69657,152.989,0.125,32.5749,0.573344
ppo,0,18,213,69.4355,95.1209,-95.7097,-6.68975,6.11047,4.69079,154.267,0.125,102.544,0.573344
ppo,0,18,214,70.1116,95.827,-96.5394,-6.70131,6.12694,4.68558,155.54,0.125,82.7705,0.573344
ppo,0,18,215,70.7715,96.5307,-97.3876,-6.71304,6.14246,4.68394,156.82,0.125,51.8401,0.573344
ppo,0,18,216,71.4479,97.2267,-98.228,-6.72664,6.15932,4.68147,158.098,0.125,92.7143,0.573344
ppo,0,18,217,72.1126,97.9364,-99.0762,-6.74368,6.17376,4.68164,159.388,0.125,33.0908,0.573344
ppo,0,18,218,72.7915,98.6267,-99.9246,-6.76328,6.18983,4.68071,160.673,0.125,56.6816,0.573344
ppo,0,18,219,73.4633,99.3359,-100.765,-6.78407,6.20558,4.68083,161.962,0.125,97.6336,0.573344
ppo,0,18,220,74.1388,100.025,-101.621,-6.80498,6.21834,4.68137,163.253,0.125,147.972,0.573344
ppo,0,18,221,74.8204,100.727,-102.466,-6.82699,6.22837,4.67967,164.549,0.125,108.219,0.573344
ppo,0,18,222,75.4874,101.417,-103.328,-6.84659,6.23822,4.67303,165.837,0.125,138.457,0.573344
ppo,0,18,223,76.1668,102.119,-104.177,-6.86354,6.24618,4.6677,167.131,0.125,137.541,0.573344
ppo,0,18,224,76.8307,102.826,-105.04,-6.88224,6.25654,4.66498,168.43,0.125,56.148,0.573344
ppo,0,18,225,77.5177,103.514,-105.905,-6.89797,6.26871,4.66148,169.728,0.125,89.811,0.573344
ppo,0,18,226,78.1975,104.224,-106.765,-6.91109,6.2827,4.65805,171.03,0.125,251.931,0.573344
ppo,0,18,227,78.8847,104.93,-107.644,-6.93047,6.29566,4.65191,172.347,0.125,90.8126,0.573344
ppo,0,18,228,79.5777,105.655,-108.503,-6.95013,6.30293,4.6456,173.668,0.125,183.795,0.573344
ppo,0,18,229,80.2709,106.371,-109.384,-6.97096,6.31262,4.64046,174.998,0.125,80.7738,0.573344
ppo,0,18,230,80.982,107.082,-110.248,-6.99389,6.32121,4.63144,176.323,0.125,128.176,0.573344
ppo,0,18,231,81.6738,107.811,-111.118,-7.01386,6.32925,4.62352,177.652,0.125,12.9015,0.573344
ppo,0,18,232,82.3762,108.52,-111.996,-7.03009,6.33858,4.6144,178.976,0.125,136.424,0.573344
ppo,0,18,233,83.0813,109.25,-112.859,-7.05017,6.34633,4.60456,180.307,0.125,242.35,0.573344
ppo,0,18,234,83.7737,109.975,-113.743,-7.07167,6.352,4.59302,181.643,0.125,172.103,0.573344
ppo,0,18,235,84.4839,110.715,-114.613,-7.09585,6.35653,4.58192,182.989,0.125,92.4526,0.573344
ppo,0,18,236,85.1779,111.469,-115.492,-7.11519,6.36046,4.57118,184.339,0.125,64.7978,0.573344
ppo,0,18,237,85.8788,112.202,-116.379,-7.13133,6.3612,4.55923,185.686,0.125,108.737,0.573344
ppo,0,18,238,86.5861,112.951,-117.254,-7.14751,6.35951,4.54664,187.038,0.125,56.983,0.573344
ppo,0,18,239,87.2783,113.692,-118.149,-7.16276,6.35817,4.53481,188.391,0.125,91.5115,0.573344
ppo,0,18,240,87.9921,114.428,-119.032,-7.17929,6.35451,4.52677,189.748,0.125,132.849,0.573344
ppo,0,18,241,88.6884,115.185,-119.912,-7.19536,6.34894,4.5195,191.108,0.125,137.249,0.573344
ppo,0,18,242,89.3863,115.922,-120.804,-7.21196,6.34314,4.51469,192.467,0.125,70.5357,0.573344
ppo,0,18,243,90.0974,116.67,-121.681,-7.22896,6.33761,4.50877,193.829,0.125,35.1454,0.573344
ppo,0,18,244,90.785,117.426,-122.573,-7.25033,6.33432,4.50357,195.194,0.125,281.803,0.573344
ppo,0,18,245,91.5021,118.177,-123.47,-7.26947,6.3268,4.49401,196.574,0.125,158.297,0.573344
ppo,0,18,246,92.2286,118.941,-124.353,-7.28836,6.31879,4.48333,197.955,0.125,214.691,0.573344
ppo,0,18,247,92.9525,119.693,-125.26,-7.3082,6.31067,4.47224,199.344,0.125,241.221,0.573344
ppo,0,18,248,93.7028,120.455,-126.162,-7.32236,6.30247,4.46345,200.749,0.125,230.062,0.573344
ppo,0,18,249,94.4469,121.24,-127.058,-7.33315,6.29283,4.45305,202.156,0.125,218.701,0.573344
ppo,0,18,250,95.2003,122.013,-127.975,-7.34312,6.28245,4.44056,203.575,0.125,171.563,0.573344
ppo,0,18,251,95.9733,122.781,-128.878,-7.34924,6.27125,4.43005,204.99,0.125,138.821,0.573344
ppo,0,18,252,96.7331,123.566,-129.783,-7.35464,6.25715,4.419,206.412,0.125,196.322,0.573344
ppo,0,18,253,97.4879,124.334,-130.707,-7.35802,6.24194,4.40672,207.832,0.125,152.863,0.573344
ppo,0,18,254,98.2588,125.096,-131.622,-7.35827,6.22593,4.39265,209.249,0.125,141.748,0.573344
ppo,0,18,255,99.0118,125.875,-132.545,-7.3591,6.20956,4.37929,210.672,0.125,93.0326,0.573344
ppo,0,18,256,99.7661,126.633,-133.481,-7.36292,6.19475,4.36582,212.094,0.125,227.077,0.573344
ppo,0,18,257,100.54,127.391,-134.405,-7.36659,6.17969,4.3473,213.514,0.125,96.5854,0.573344
ppo,0,18,258,101.295,128.162,-135.335,-7.36717,6.16451,4.32892,214.935,0.125,209.349,0.573344
ppo,0,18,259,102.047,128.914,-136.278,-7.36631,6.15226,4.30934,216.348,0.125,131.223,0.573344
ppo,0,18,260,102.811,129.683,-137.206,-7.36603,6.13835,4.28731,217.767,0.125,207.734,0.573344
ppo,0,18,261,103.56,130.469,-138.133,-7.36403,6.12606,4.26281,219.185,0.125,260.841,0.573344
ppo,0,18,262,104.317,131.247,-139.077,-7.36015,6.11756,4.24065,220.611,0.125,128.813,0.573344
ppo,0,18,263,105.095,132.033,-139.999,-7.35613,6.11242,4.21877,222.036,0.125,157.374,0.573344
ppo,0,18,264,105.858,132.837,-140.921,-7.35157,6.1045,4.19557,223.464,0.125,88.1727,0.573344
ppo,0,18,265,106.618,133.617,-141.86,-7.34817,6.10061,4.17418,224.888,0.125,186.623,0.573344
ppo,0,18,266,107.398,134.391,-142.783,-7.34426,6.09842,4.15474,226.309,0.125,181.159,0.573344
ppo,0,18,267,108.165,135.187,-143.714,-7.34119,6.09616,4.13755,227.742,0.125,78.6996,0.573344
ppo,0,18,268,108.92,135.971,-144.662,-7.33904,6.0913,4.11975,229.174,0.125,93.3855,0.573344
ppo,0,18,269,109.695,136.743,-145.601,-7.33367,6.09002,4.10286,230.602,0.125,73.2046,0.573344
ppo,0,18,270,110.463,137.539,-146.525,-7.33084,6.09235,4.08513,232.028,0.125,176.668,0.573344
ppo,0,18,271,111.212,138.342,-147.461,-7.32892,6.0962,4.07038,233.458,0.125,219.102,0.573344
ppo,0,18,272,111.981,139.133,-148.399,-7.32581,6.09854,4.05688,234.894,0.125,172.446,0.573344
ppo,0,18,273,112.76,139.94,-149.322,-7.32214,6.09801,4.04346,236.336,0.125,169.213,0.573344
ppo,0,18,274,113.518,140.766,-150.247,-7.31698,6.09925,4.02602,237.774,0.125,408.076,0.573344
ppo,0,18,275,114.297,141.584,-151.191,-7.31066,6.09971,4.00803,239.23,0.125,87.2269,0.573344
ppo,0,18,276,115.096,142.398,-152.122,-7.30086,6.10182,3.99052,240.684,0.125,126.85,0.573344
ppo,0,18,277,115.884,143.234,-153.042,-7.28933,6.10591,3.97636,242.138,0.125,18.5439,0.573344
ppo,0,18,278,116.649,144.065,-153.976,-7.27519,6.11483,3.96463,243.583,0.125,267.7,0.573344
ppo,0,18,279,117.426,144.873,-154.912,-7.26006,6.12638,3.95445,245.022,0.125,218.889,0.573344
ppo,0,18,280,118.217,145.691,-155.83,-7.24482,6.13862,3.94595,246.463,0.125,190.363,0.573344
ppo,0,18,281,118.985,146.521,-156.756,-7.23075,6.15311,3.93575,247.902,0.125,171.875,0.573344
ppo,0,18,282,119.746,147.336,-157.704,-7.21914,6.16437,3.92825,249.348,0.125,109.343,0.573344
ppo,0,18,283,120.524,148.137,-158.65,-7.20762,6.17661,3.92467,250.796,0.125,186.498,0.573344
ppo,0,18,284,121.311,148.955,-159.581,-7.19632,6.19048,3.92454,252.249,0.125,238.362,0.573344
ppo,0,18,285,122.081,149.79,-160.515,-7.1878,6.20422,3.9261,253.709,0.125,173.466,0.573344
ppo,0,18,286,122.85,150.602,-161.463,-7.17861,6.21265,3.92734,255.166,0.125,102.089,0.573344
ppo,0,18,287,123.639,151.401,-162.4,-7.17141,6.22444,3.92651,256.617,0.125,170.465,0.573344
ppo,0,18,288,124.43,152.216,-163.323,-7.16541,6.23717,3.92549,258.068,0.125,356.202,0.573344
ppo,0,18,289,125.2,153.045,-164.252,-7.16088,6.24956,3.92218,259.52,0.125,332.87,0.573344
ppo,0,18,290,125.985,153.855,-165.193,-7.15829,6.26012,3.9219,260.982,0.125,215.999,0.573344
ppo,0,18,291,126.792,154.663,-166.122,-7.15683,6.26915,3.92085,262.445,0.125,160.158,0.573344
ppo,0,18,292,127.612,155.486,-167.035,-7.15446,6.27638,3.92237,263.917,0.125,249.15,0.573344
ppo,0,18,293,128.416,156.327,-167.947,-7.15183,6.28499,3.92641,265.39,0.125,405.533,0.573344
ppo,0,18,294,129.207,157.152,-168.881,-7.14932,6.29362,3.92791,266.86,0.125,315.86,0.573344
ppo,0,18,295,130.027,157.986,-169.805,-7.14485,6.30301,3.93193,268.343,0.125,209.326,0.573344
ppo,0,18,296,130.864,158.827,-170.714,-7.14044,6.31313,3.93137,269.827,0.125,354.455,0.573344
ppo,0,18,297,131.692,159.674,-171.65,-7.13781,6.32244,3.93116,271.329,0.125,443.263,0.573344
ppo,0,18,298,132.526,160.52,-172.606,-7.13302,6.33063,3.92983,272.844,0.125,349.021,0.573344
ppo,0,18,299,133.391,161.369,-173.559,-7.12348,6.3404,3.92895,274.373,0.125,222.945,0.573344
ppo,0,19,0,0,0,0,3.73029,7.14411,-3.26245,8.69465,0.125,1.19963,0.384226
ppo,0,19,1,0.00549814,0.0157038,-0.016043,3.7443,7.10759,-3.25371,8.64615,0.125,1.34883,0.384226
ppo,0,19,2,0.0245933,0.0504712,-0.0477964,3.75655,7.0677,-3.24311,8.56616,0.125,1.60332,0.384226
ppo,0,19,3,0.052928,0.106587,-0.0973607,3.76734,7.03093,-3.23201,8.45987,0.125,0.700765,0.384226
ppo,0,19,4,0.0870483,0.182793,-0.160481,3.77502,6.99614,-3.2184,8.32909,0.125,1.48583,0.384226
ppo,0,19,5,0.13292,0.279564,-0.241846,3.78121,6.96032,-3.19931,8.16634,0.125,1.50856,0.384226
ppo,0,19,6,0.192348,0.396486,-0.334469,3.78402,6.92537,-3.17945,7.97624,0.125,1.63474,0.384226
ppo,0,19,7,0.263368,0.53166,-0.44168,3.78493,6.8917,-3.15952,7.76132,0.125,1.08461,0.384226
ppo,0,19,8,0.347582,0.687263,-0.564611,3.78447,6.85755,-3.13661,7.51664,0.125,0.842139,0.384226
ppo,0,19,9,0.442816,0.85883,-0.702516,3.7837,6.82247,-3.11673,7.24948,0.125,1.02212,0.384226
ppo,0,19,10,0.549552,1.0459,-0.85181,3.77845,6.78892,-3.09789,6.96082,0.125,1.11374,0.384226
ppo,0,19,11,0.669222,1.25011,-1.01293,3.77478,6.75769,-3.07718,6.65124,0.125,0.600356,0.384226
ppo,0,19,12,0.804561,1.47084,-1.18706,3.76704,6.72465,-3.05515,6.31416,0.125,0.744257,0.384226
ppo,0,19,13,0.951971,1.70851,-1.37054,3.7576,6.69061,-3.03465,5.95501,0.125,0.567571,0.384226
ppo,0,19,14,1.11238,1.9601,-1.56818,3.74903,6.65352,-3.01676,5.57481,0.125,0.670244,0.384226
ppo,0,19,15,1.28729,2.22606,-1.77314,3.74279,6.61527,-3.00092,5.17707,0.125,0.572009,0.384226
ppo,0,19,16,1.47483,2.50299,-1.9843,3.73633,6.57678,-2.98164,4.76496,0.125,0.762953,0.384226
ppo,0,19,17,1.67601,2.7897,-2.20277,3.72955,6.53736,-2.96099,4.34015,0.125,0.773846,0.384226
ppo,0,19,18,1.89222,3.08043,-2.42952,3.72226,6.49716,-2.93693,3.90904,0.125,0.606444,0.384226
ppo,0,19,19,2.12385,3.37442,-2.66643,3.71467,6.45878,-2.91475,3.47932,0.125,0.734351,0.384226
ppo,0,19,20,2.36981,3.66492,-2.90847,3.70461,6.42015,-2.89114,3.06158,0.125,0.717956,0.384226
ppo,0,19,21,2.62104,3.94594,-3.15935,3.69408,6.3827,-2.86796,2.67845,0.125,0.679329,0.384226
ppo,0,19,22,2.88062,4.21463,-3.42262,3.68051,6.34421,-2.84542,2.34693,0.125,0.829576,0.384226
ppo,0,19,23,3.13809,4.46914,-3.69862,3.66404,6.30635,-2.82135,2.10275,0.125,0.409745,0.384226
ppo,0,19,24,3.3854,4.71317,-3.98815,3.64584,6.27033,-2.79062,1.98157,0.125,0.304506,0.384226
ppo,0,19,25,3.62118,4.95108,-4.28894,3.6262,6.23504,-2.7605,1.99618,0.125,0.778506,0.384226
ppo,0,19,26,3.83748,5.18919,-4.60188,3.60554,6.19981,-2.72784,2.14178,0.125,0.416346,0.384226
ppo,0,19,27,4.03131,5.43325,-4.92211,3.58344,6.16619,-2.69862,2.38363,0.125,0.253812,0.384226
ppo,0,19,28,4.20779,5.69241,-5.24212,3.5613,6.13235,-2.66709,2.69115,0.125,0.19226,0.384226
ppo,0,19,29,4.36832,5.96625,-5.55259,3.5389,6.10307,-2.63383,3.03741,0.125,0.272245,0.384226
ppo,0,19,30,4.52252,6.25402,-5.84477,3.51793,6.07571,-2.59933,3.40205,0.125,0.574879,0.384226
ppo,0,19,31,4.67386,6.55201,-6.11802,3.49519,6.04834,-2.56569,3.7765,0.125,0.340604,0.384226
ppo,0,19,32,4.83231,6.84763,-6.3757,3.47396,6.01807,-2.532,4.16021,0.125,0.862028,0.384226
ppo,0,19,33,4.99459,7.13245,-6.62139,3.45391,5.98977,-2.49612,4.54942,0.125,0.771626,0.384226
ppo,0,19,34,5.16174,7.3977,-6.85941,3.43555,5.96439,-2.46031,4.93824,0.125,0.662823,0.384226
ppo,0,19,35,5.33049,7.64696,-7.09742,3.41584,5.94411,-2.42709,5.32706,0.125,0.850684,0.384226
ppo,0,19,36,5.49119,7.88165,-7.34382,3.39476,5.92556,-2.39309,5.7211,0.125,0.851746,0.384226
ppo,0,19,37,5.64422,8.10644,-7.60042,3.37402,5.90746,-2.35584,6.12331,0.125,1.12589,0.384226
ppo,0,19,38,5.78613,8.32939,-7.86214,3.3528,5.89227,-2.31648,6.52801,0.125,0.78375,0.384226
ppo,0,19,39,5.91719,8.55911,-8.13241,3.33207,5.87759,-2.27843,6.93847,0.125,1.00758,0.384226
ppo,0,19,40,6.03575,8.79922,-8.40473,3.30711,5.86461,-2.24107,7.35174,0.125,0.977499,0.384226
ppo,0,19,41,6.14783,9.05737,-8.68225,3.28209,5.85453,-2.20193,7.77594,0.125,0.458843,0.384226
ppo,0,19,42,6.25947,9.33057,-8.95841,3.25713,5.84579,-2.16169,8.20689,0.125,1.0708,0.384226
ppo,0,19,43,6.37317,9.61855,-9.22393,3.23338,5.84054,-2.12558,8.6324,0.125,1.21486,0.384226
ppo,0,19,44,6.50291,9.91475,-9.48519,3.20848,5.84171,-2.0909,9.06193,0.125,0.798782,0.384226
ppo,0,19,45,6.64836,10.2146,-9.73695,3.18089,5.84682,-2.05706,9.49113,0.125,1.07564,0.384226
ppo,0,19,46,6.81409,10.5062,-9.98832,3.15377,5.85531,-2.02064,9.92537,0.125,1.71233,0.384226
ppo,0,19,47,6.99741,10.7842,-10.2405,3.12592,5.8663,-1.98432,10.3605,0.125,1.81171,0.384226
ppo,0,19,48,7.18991,11.0444,-10.5056,3.10079,5.87981,-1.94635,10.8007,0.125,1.45742,0.384226
ppo,0,19,49,7.37885,11.2915,-10.7887,3.07302,5.89883,-1.9129,11.2428,0.125,1.31915,0.384226
ppo,0,19,50,7.55083,11.5389,-11.0926,3.04515,5.92031,-1.88211,11.6921,0.125,1.01461,0.384226
ppo,0,19,51,7.7014,11.7964,-11.407,3.02007,5.94261,-1.85646,12.1406,0.125,0.624826,0.384226
ppo,0,19,52,7.84042,12.0754,-11.7156,2.99605,5.96462,-1.83142,12.59,0.125,1.6939,0.384226
ppo,0,19,53,7.98312,12.377,-12.0097,2.97421,5.9876,-1.80744,13.0384,0.125,1.52888,0.384226
ppo,0,19,54,8.14305,12.6798,-12.286,2.95223,6.01375,-1.78349,13.479,0.125,1.2124,0.384226
ppo,0,19,55,8.31656,12.9697,-12.5577,2.92885,6.04242,-1.75931,13.9148,0.125,1.89012,0.384226
ppo,0,19,56,8.50117,13.2433,-12.8365,2.90874,6.07305,-1.73536,14.35,0.125,2.92587,0.384226
ppo,0,19,57,8.68781,13.505,-13.1324,2.88581,6.10356,-1.71416,14.7926,0.125,1.42533,0.384226
ppo,0,19,58,8.86534,13.766,-13.4474,2.86272,6.13321,-1.69492,15.245,0.125,1.35019,0.384226
ppo,0,19,59,9.03278,14.0377,-13.7735,2.84197,6.16718,-1.67611,15.7041,0.125,1.72953,0.384226
ppo,0,19,60,9.19478,14.3313,-14.1016,2.82187,6.20164,-1.65816,16.1723,0.125,1.8026,0.384226
ppo,0,19,61,9.36278,14.6485,-14.4229,2.80047,6.23529,-1.64412,16.6476,0.125,1.08434,0.384226
ppo,0,19,62,9.54403,14.9766,-14.7293,2.77749,6.26806,-1.63329,17.121,0.125,0.348854,0.384226
ppo,0,19,63,9.74641,15.2959,-15.033,2.75844,6.30305,-1.62506,17.5919,0.125,2.00549,0.384226
ppo,0,19,64,9.96267,15.5994,-15.3428,2.74121,6.33613,-1.615,18.0668,0.125,2.72956,0.384226
ppo,0,19,65,10.1792,15.8928,-15.6707,2.72631,6.36947,-1.60698,18.548,0.125,2.36375,0.384226
ppo,0,19,66,10.3829,16.192,-16.0166,2.71288,6.40357,-1.60076,19.0384,0.125,2.31102,0.384226
ppo,0,19,67,10.5734,16.5089,-16.3666,2.69839,6.43612,-1.59517,19.5364,0.125,1.90232,0.384226
ppo,0,19,68,10.7649,16.8459,-16.7015,2.68723,6.46827,-1.59201,20.031,0.125,3.90608,0.384226
ppo,0,19,69,10.9722,17.1872,-17.0192,2.67392,6.50155,-1.59084,20.5202,0.125,3.2787,0.384226
ppo,0,19,70,11.1986,17.5153,-17.3352,2.66197,6.53476,-1.59403,21.0055,0.125,1.69746,0.384226
ppo,0,19,71,11.4334,17.8314,-17.6642,2.65057,6.57063,-1.59855,21.4953,0.125,2.39382,0.384226
ppo,0,19,72,11.6633,18.1487,-18.0147,2.64112,6.60466,-1.60269,22.0004,0.125,2.03303,0.384226
ppo,0,19,73,11.8821,18.483,-18.3768,2.63338,6.63959,-1.60776,22.5168,0.125,1.42321,0.384226
ppo,0,19,74,12.0985,18.8383,-18.7377,2.62423,6.67801,-1.61425,23.0401,0.125,2.29697,0.384226
ppo,0,19,75,12.3283,19.2074,-19.0857,2.61817,6.71844,-1.61883,23.5659,0.125,4.95286,0.384226
ppo,0,19,76,12.5757,19.5726,-19.4275,2.61529,6.7612,-1.62267,24.0905,0.125,4.86371,0.384226
ppo,0,19,77,12.8331,19.9242,-19.7849,2.61371,6.80058,-1.62498,24.6262,0.125,4.22903,0.384226
ppo,0,19,78,13.0846,20.2711,-20.1634,2.61585,6.84125,-1.62917,25.1689,0.125,2.71064,0.384226
ppo,0,19,79,13.3216,20.63,-20.5508,2.61874,6.88351,-1.63589,25.7156,0.125,1.24668,0.384226
ppo,0,19,80,13.5568,21.013,-20.9259,2.61977,6.9273,-1.64376,26.2646,0.125,3.32125,0.384226
ppo,0,19,81,13.8088,21.3982,-21.2869,2.62209,6.96734,-1.65381,26.8114,0.125,2.46192,0.384226
ppo,0,19,82,14.0794,21.7724,-21.6456,2.62702,7.00713,-1.66612,27.356,0.125,2.31769,0.384226
ppo,0,19,83,14.3503,22.1355,-22.0235,2.63331,7.04809,-1.67893,27.9074,0.125,4.3026,0.384226
ppo,0,19,84,14.6135,22.5029,-22.4199,2.64016,7.08705,-1.68894,28.4742,0.125,7.40765,0.384226
ppo,0,19,85,14.8773,22.8929,-22.8206,2.64442,7.1247,-1.69964,29.0582,0.125,5.69246,0.384226
ppo,0,19,86,15.1521,23.2955,-23.2064,2.64989,7.16481,-1.7139,29.6383,0.125,3.7883,0.384226
ppo,0,19,87,15.4445,23.6928,-23.5909,2.65791,7.20207,-1.73126,30.2206,0.125,4.26269,0.384226
ppo,0,19,88,15.745,24.0781,-23.9931,2.66602,7.2401,-1.74923,30.8118,0.125,4.95891,0.384226
ppo,0,19,89,16.0339,24.4685,-24.4122,2.67634,7.27724,-1.76658,31.4132,0.125,3.23635,0.384226
ppo,0,19,90,16.3168,24.8796,-24.8296,2.68875,7.31298,-1.78578,32.0207,0.125,4.3396,0.384226
ppo,0,19,91,16.6143,25.2989,-25.2379,2.70535,7.34717,-1.80677,32.6303,0.125,3.95507,0.384226
ppo,0,19,92,16.9331,25.709,-25.6449,2.72599,7.37798,-1.82761,33.2435,0.125,7.74821,0.384226
ppo,0,19,93,17.2552,26.1113,-26.072,2.74928,7.40576,-1.84886,33.8686,0.125,2.998,0.384226
ppo,0,19,94,17.5679,26.5259,-26.5142,2.77305,7.43205,-1.87111,34.5072,0.125,5.8971,0.384226
ppo,0,19,95,17.884,26.9617,-26.9515,2.79972,7.45759,-1.89247,35.1554,0.125,5.08362,0.384226
ppo,0,19,96,18.2172,27.4052,-27.3807,2.82758,7.48244,-1.91016,35.8121,0.125,2.84635,0.384226
ppo,0,19,97,18.5643,27.8382,-27.8181,2.85844,7.50591,-1.93015,36.4727,0.125,3.18007,0.384226
ppo,0,19,98,18.9082,28.2663,-28.2761,2.88908,7.52422,-1.95003,37.1471,0.125,9.32735,0.384226
ppo,0,19,99,19.2438,28.7116,-28.7371,2.92121,7.54001,-1.96915,37.831,0.125,4.04416,0.384226
ppo,0,19,100,19.5937,29.1699,-29.1895,2.9524,7.5512,-1.98869,38.5251,0.125,9.85415,0.384226
ppo,0,19,101,19.9628,29.618,-29.6444,2.98621,7.56271,-2.00783,39.2227,0.125,9.57314,0.384226
ppo,0,19,102,20.3338,30.0597,-30.117,3.02402,7.57455,-2.02615,39.9287,0.125,4.62898,0.384226
ppo,0,19,103,20.6986,30.5168,-30.6023,3.0643,7.58436,-2.04444,40.6499,0.125,7.39532,0.384226
ppo,0,19,104,21.0757,30.9909,-31.0804,3.103,7.59608,-2.06166,41.3814,0.125,5.1479,0.384226
ppo,0,19,105,21.4731,31.4612,-31.5557,3.14569,7.60872,-2.07796,42.1161,0.125,6.26125,0.384226
ppo,0,19,106,21.8754,31.9207,-32.0495,3.18996,7.61917,-2.09337,42.8612,0.125,10.1812,0.384226
ppo,0,19,107,22.2692,32.3883,-32.5559,3.23653,7.6264,-2.10987,43.616,0.125,4.89673,0.384226
ppo,0,19,108,22.6692,32.8718,-33.0543,3.2832,7.6337,-2.12393,44.3787,0.125,6.25704,0.384226
ppo,0,19,109,23.0895,33.3507,-33.5543,3.33313,7.63932,-2.13846,45.148,0.125,12.9076,0.384226
ppo,0,19,110,23.5167,33.821,-34.0732,3.38238,7.64933,-2.15182,45.9274,0.125,9.05377,0.384226
ppo,0,19,111,23.9368,34.308,-34.6032,3.43154,7.65972,-2.16368,46.7217,0.125,14.3357,0.384226
ppo,0,19,112,24.3707,34.8153,-35.1284,3.48056,7.66644,-2.17465,47.5333,0.125,9.76186,0.384226
ppo,0,19,113,24.8285,35.3158,-35.6588,3.52975,7.67191,-2.18652,48.355,0.125,8.41259,0.384226
ppo,0,19,114,25.2849,35.8115,-36.2112,3.578,7.67363,-2.19548,49.1935,0.125,4.97136,0.384226
ppo,0,19,115,25.7327,36.3241,-36.7654,3.62504,7.67682,-2.20849,50.0359,0.125,8.83536,0.384226
ppo,0,19,116,26.1996,36.8422,-37.311,3.66996,7.67811,-2.22132,50.8863,0.125,3.33452,0.384226
ppo,0,19,117,26.6818,37.3476,-37.8675,3.71938,7.67995,-2.23481,51.741,0.125,14.0814,0.384226
ppo,0,19,118,27.1587,37.8593,-38.442,3.77176,7.67964,-2.24617,52.6108,0.125,14.4834,0.384226
ppo,0,19,119,27.639,38.3913,-39.0143,3.82659,7.67671,-2.25985,53.4912,0.125,19.1245,0.384226
ppo,0,19,120,28.1427,38.9162,-39.5808,3.88083,7.66825,-2.27054,54.3795,0.125,9.89578,0.384226
ppo,0,19,121,28.6507,39.4328,-40.1678,3.93551,7.66168,-2.28069,55.2782,0.125,20.6236,0.384226
ppo,0,19,122,29.151,39.9715,-40.7629,3.98978,7.65294,-2.28932,56.1943,0.125,9.16251,0.384226
ppo,0,19,123,29.665,40.519,-41.3453,4.04479,7.64363,-2.29552,57.1146,0.125,11.674,0.384226
ppo,0,19,124,30.1895,41.0509,-41.9405,4.10073,7.62928,-2.29818,58.0443,0.125,12.1273,0.384226
ppo,0,19,125,30.7049,41.5912,-42.5472,4.15503,7.61114,-2.29957,58.9866,0.125,27.1066,0.384226
ppo,0,19,126,31.2267,42.1513,-43.1484,4.20832,7.59221,-2.29679,59.9431,0.125,15.3756,0.384226
ppo,0,19,127,31.7689,42.7026,-43.7516,4.26451,7.57281,-2.29413,60.9042,0.125,11.7871,0.384226
ppo,0,19,128,32.3026,43.2524,-44.3762,4.31638,7.55058,-2.28771,61.8812,0.125,22.7124,0.384226
ppo,0,19,129,32.8365,43.8203,-44.9972,4.36649,7.52746,-2.28151,62.8677,0.125,11.9915,0.384226
ppo,0,19,130,33.3937,44.3844,-45.6103,4.41662,7.50272,-2.27298,63.8596,0.125,19.7962,0.384226
ppo,0,19,131,33.9501,44.9455,-46.2432,4.46616,7.47672,-2.26394,64.8644,0.125,21.5025,0.384226
ppo,0,19,132,34.4998,45.5266,-46.8811,4.51479,7.45111,-2.254,65.8819,0.125,7.98811,0.384226
ppo,0,19,133,35.0702,46.1119,-47.5113,4.56166,7.42447,-2.24669,66.9057,0.125,7.64472,0.384226
ppo,0,19,134,35.6407,46.6851,-48.1583,4.60485,7.39332,-2.24122,67.9371,0.125,13.7268,0.384226
ppo,0,19,135,36.2041,47.2777,-48.812,4.64661,7.36369,-2.23687,68.98,0.125,27.7999,0.384226
ppo,0,19,136,36.7878,47.8755,-49.4534,4.68919,7.33349,-2.23113,70.028,0.125,20.2419,0.384226
ppo,0,19,137,37.3784,48.4651,-50.1115,4.72984,7.30064,-2.22445,71.0887,0.125,15.8266,0.384226
ppo,0,19,138,37.966,49.0697,-50.776,4.76513,7.26569,-2.21576,72.1663,0.125,11.1981,0.384226
ppo,0,19,139,38.5727,49.6772,-51.4298,4.8021,7.22886,-2.20624,73.248,0.125,31.0078,0.384226
ppo,0,19,140,39.1797,50.2724,-52.0984,4.83719,7.19094,-2.19351,74.3366,0.125,6.66264,0.384226
ppo,0,19,141,39.7781,50.885,-52.7733,4.8718,7.15024,-2.18113,75.4371,0.125,19.8118,0.384226
ppo,0,19,142,40.3922,51.4948,-53.4352,4.90491,7.11005,-2.16412,76.5381,0.125,20.8907,0.384226
ppo,0,19,143,41.0048,52.0946,-54.1176,4.93509,7.07023,-2.14571,77.6486,0.125,11.3536,0.384226
ppo,0,19,144,41.6139,52.7157,-54.8011,4.96545,7.03101,-2.12029,78.7748,0.125,29.0851,0.384226
ppo,0,19,145,42.2403,53.3349,-55.4793,4.99362,6.99377,-2.09394,79.905,0.125,39.3224,0.384226
ppo,0,19,146,42.8597,53.9448,-56.181,5.02316,6.95573,-2.06605,81.0432,0.125,21.0764,0.384226
ppo,0,19,147,43.4772,54.5744,-56.8785,5.05425,6.91868,-2.03986,82.1868,0.125,9.68361,0.384226
ppo,0,19,148,44.1111,55.1916,-57.575,5.08616,6.88159,-2.01488,83.329,0.125,11.4865,0.384226
ppo,0,19,149,44.7333,55.8069,-58.2896,5.11842,6.84616,-1.98708,84.4776,0.125,35.2784,0.384226
ppo,0,19,150,45.3646,56.4391,-58.9915,5.15186,6.81138,-1.95745,85.632,0.125,11.3685,0.384226
ppo,0,19,151,46.0093,57.0581,-59.702,5.18419,6.77318,-1.92599,86.7948,0.125,11.7109,0.384226
ppo,0,19,152,46.6404,57.6921,-60.4254,5.21426,6.73632,-1.89239,87.9701,0.125,29.1522,0.384226
ppo,0,19,153,47.2922,58.331,-61.1366,5.24033,6.6997,-1.85718,89.1527,0.125,54.2987,0.384226
ppo,0,19,154,47.9428,58.9593,-61.8679,5.26628,6.66484,-1.82129,90.3415,0.125,10.8472,0.384226
ppo,0,19,155,48.5856,59.611,-62.5924,5.28957,6.63072,-1.78442,91.5372,0.125,10.8605,0.384226
ppo,0,19,156,49.2504,60.2504,-63.3117,5.31559,6.59655,-1.74934,92.7304,0.125,59.1923,0.384226
ppo,0,19,157,49.9001,60.8898,-64.0504,5.33681,6.56533,-1.7149,93.9294,0.125,20.5354,0.384226
ppo,0,19,158,50.5585,61.5452,-64.7781,5.3546,6.52962,-1.68191,95.138,0.125,54.5979,0.384226
ppo,0,19,159,51.2234,62.1806,-65.5176,5.37416,6.49922,-1.6483,96.3424,0.125,31.5559,0.384226
ppo,0,19,160,51.8769,62.8371,-66.2635,5.39422,6.46899,-1.61622,97.5565,0.125,17.4265,0.384226
ppo,0,19,161,52.5519,63.485,-67,5.41275,6.43917,-1.582,98.7716,0.125,30.778,0.384226
ppo,0,19,162,53.2161,64.1347,-67.7544,5.4317,6.4114,-1.54764,99.9933,0.125,12.6162,0.384226
ppo,0,19,163,53.8873,64.8007,-68.4957,5.44718,6.3848,-1.51337,101.22,0.125,52.1519,0.384226
ppo,0,19,164,54.5676,65.4518,-69.2518,5.45986,6.35936,-1.47704,102.454,0.125,22.8135,0.384226
ppo,0,19,165,55.2346,66.1231,-70.011,5.47095,6.33594,-1.43643,103.699,0.125,39.238,0.384226
ppo,0,19,166,55.9227,66.7845,-70.7621,5.48031,6.31242,-1.39272,104.945,0.125,28.3052,0.384226
ppo,0,19,167,56.5952,67.4503,-71.5279,5.48848,6.2883,-1.34999,106.196,0.125,48.2677,0.384226
ppo,0,19,168,57.28,68.1318,-72.2757,5.49811,6.26551,-1.30634,107.45,0.125,35.8055,0.384226
ppo,0,19,169,57.9679,68.801,-73.0394,5.50579,6.24256,-1.26221,108.71,0.125,5.10737,0.384226
ppo,0,19,170,58.6513,69.4907,-73.7969,5.50959,6.2193,-1.21628,109.978,0.125,40.8967,0.384226
ppo,0,19,171,59.3541,70.166,-74.5541,5.51449,6.19652,-1.17007,111.248,0.125,42.5129,0.384226
ppo,0,19,172,60.0416,70.8528,-75.3221,5.51858,6.1774,-1.12643,112.52,0.125,48.6124,0.384226
ppo,0,19,173,60.749,71.5419,-76.0733,5.52049,6.16173,-1.08426,113.79,0.125,94.9138,0.384226
ppo,0,19,174,61.4523,72.2289,-76.8446,5.51903,6.14904,-1.04219,115.07,0.125,53.8862,0.384226
ppo,0,19,175,62.1596,72.9384,-77.599,5.51665,6.13956,-0.999204,116.353,0.125,27.4784,0.384226
ppo,0,19,176,62.8719,73.6346,-78.3693,5.51329,6.13242,-0.954973,117.642,0.125,21.2942,0.384226
ppo,0,19,177,63.5807,74.3511,-79.1335,5.51121,6.13201,-0.910075,118.932,0.125,58.312,0.384226
ppo,0,19,178,64.3036,75.0536,-79.9035,5.50758,6.13493,-0.864528,120.224,0.125,13.1897,0.384226
ppo,0,19,179,65.0148,75.7708,-80.6777,5.50271,6.13913,-0.821343,121.521,0.125,12.5402,0.384226
ppo,0,19,180,65.7447,76.4812,-81.4478,5.4984,6.14397,-0.780806,122.817,0.125,35.4779,0.384226
ppo,0,19,181,66.4595,77.2001,-82.2332,5.49601,6.1501,-0.738279,124.121,0.125,21.1179,0.384226
ppo,0,19,182,67.1903,77.9221,-82.9977,5.49492,6.15282,-0.695202,125.423,0.125,48.4746,0.384226
ppo,0,19,183,67.9124,78.6382,-83.7802,5.49297,6.15474,-0.654299,126.728,0.125,49.2555,0.384226
ppo,0,19,184,68.6437,79.3675,-84.5484,5.49229,6.1586,-0.612593,128.035,0.125,57.839,0.384226
ppo,0,19,185,69.3732,80.0861,-85.3334,5.49365,6.16435,-0.571269,129.343,0.125,73.1132,0.384226
ppo,0,19,186,70.0989,80.8288,-86.1071,5.49482,6.16762,-0.529372,130.658,0.125,107.724,0.384226
ppo,0,19,187,70.8299,81.5561,-86.8947,5.49176,6.17145,-0.48425,131.98,0.125,41.9026,0.384226
ppo,0,19,188,71.5523,82.3072,-87.6766,5.49083,6.17745,-0.440402,133.304,0.125,39.7152,0.384226
ppo,0,19,189,72.2868,83.037,-88.465,5.49339,6.18441,-0.399128,134.623,0.125,20.1937,0.384226
ppo,0,19,190,73.0074,83.7898,-89.2494,5.4993,6.19276,-0.358357,135.942,0.125,99.3487,0.384226
ppo,0,19,191,73.7488,84.528,-90.0324,5.50565,6.19917,-0.311895,137.267,0.125,67.0844,0.384226
ppo,0,19,192,74.4789,85.2871,-90.8247,5.51435,6.20416,-0.265165,138.605,0.125,48.5942,0.384226
ppo,0,19,193,75.2321,86.0305,-91.6081,5.5232,6.21237,-0.22067,139.935,0.125,101.057,0.384226
ppo,0,19,194,75.9719,86.789,-92.4029,5.5332,6.22121,-0.177102,141.274,0.125,70.7476,0.384226
ppo,0,19,195,76.73,87.5356,-93.1896,5.54357,6.23287,-0.134332,142.608,0.125,71.7589,0.384226
ppo,0,19,196,77.4709,88.2946,-93.9871,5.55207,6.2484,-0.092637,143.945,0.125,27.1784,0.384226
ppo,0,19,197,78.2308,89.0424,-94.7771,5.55951,6.2634,-0.0532982,145.279,0.125,40.3958,0.384226
ppo,0,19,198,78.9697,89.7996,-95.5792,5.56909,6.28136,-0.0137682,146.614,0.125,98.8699,0.384226
ppo,0,19,199,79.7276,90.5501,-96.3717,5.57797,6.30084,0.0272337,147.949,0.125,105.772,0.384226
ppo,0,19,200,80.4725,91.3143,-97.1797,5.58466,6.32053,0.0665729,149.295,0.125,76.8161,0.384226
ppo,0,19,201,81.2401,92.0676,-97.9701,5.59025,6.33885,0.106871,150.637,0.125,95.4814,0.384226
ppo,0,19,202,81.9872,92.8287,-98.7708,5.5945,6.35934,0.149713,151.98,0.125,95.7143,0.384226
ppo,0,19,203,82.7538,93.5809,-99.5599,5.59439,6.38227,0.192777,153.322,0.125,127.516,0.384226
ppo,0,19,204,83.5047,94.3435,-100.37,5.59165,6.40899,0.234489,154.675,0.125,87.1206,0.384226
ppo,0,19,205,84.2753,95.0918,-101.168,5.58752,6.43702,0.274373,156.019,0.125,43.9416,0.384226
ppo,0,19,206,85.0323,95.8566,-101.969,5.5819,6.4604,0.311841,157.37,0.125,48.7948,0.384226
ppo,0,19,207,85.8068,96.6058,-102.761,5.58095,6.48235,0.349429,158.714,0.125,100.462,0.384226
ppo,0,19,208,86.5659,97.3768,-103.554,5.57965,6.50438,0.386345,160.063,0.125,39.6241,0.384226
ppo,0,19,209,87.3382,98.1297,-104.351,5.58028,6.52636,0.425684,161.411,0.125,38.9599,0.384226
ppo,0,19,210,88.101,98.9067,-105.141,5.58364,6.5492,0.46468,162.762,0.125,152.45,0.384226
ppo,0,19,211,88.8701,99.6665,-105.941,5.58918,6.57095,0.503314,164.112,0.125,23.4085,0.384226
ppo,0,19,212,89.6323,100.446,-106.725,5.59604,6.5944,0.539848,165.457,0.125,57.5572,0.384226
ppo,0,19,213,90.3974,101.21,-107.528,5.60257,6.61707,0.577187,166.808,0.125,237.347,0.384226
ppo,0,19,214,91.1704,101.993,-108.323,5.60527,6.64199,0.613261,168.167,0.125,119.408,0.384226
ppo,0,19,215,91.9344,102.772,-109.134,5.60542,6.66749,0.648268,169.531,0.125,123.878,0.384226
ppo,0,19,216,92.7105,103.566,-109.931,5.60606,6.69494,0.681454,170.899,0.125,105.859,0.384226
ppo,0,19,217,93.4719,104.356,-110.752,5.60577,6.71814,0.715652,172.275,0.125,34.9448,0.384226
ppo,0,19,218,94.254,105.141,-111.559,5.60518,6.74535,0.750143,173.648,0.125,35.1717,0.384226
ppo,0,19,219,95.0166,105.936,-112.375,5.60178,6.76999,0.7848,175.026,0.125,139.566,0.384226
ppo,0,19,220,95.7966,106.716,-113.191,5.59932,6.79662,0.819548,176.403,0.125,44.9251,0.384226
ppo,0,19,221,96.5623,107.514,-114.001,5.59589,6.82757,0.854037,177.776,0.125,145.72,0.384226
ppo,0,19,222,97.3377,108.289,-114.82,5.59371,6.8603,0.887394,179.145,0.125,149.925,0.384226
ppo,0,19,223,98.1115,109.09,-115.629,5.59224,6.8945,0.920697,180.52,0.125,131.59,0.384226
ppo,0,19,224,98.8758,109.882,-116.458,5.59021,6.92874,0.957959,181.901,0.125,163.501,0.384226
ppo,0,19,225,99.6592,110.681,-117.267,5.59014,6.96287,0.992148,183.28,0.125,125.727,0.384226
ppo,0,19,226,100.424,111.483,-118.094,5.59079,6.99715,1.02588,184.662,0.125,139.604,0.384226
ppo,0,19,227,101.205,112.271,-118.916,5.59045,7.03165,1.05954,186.042,0.125,96.2979,0.384226
ppo,0,19,228,101.973,113.08,-119.739,5.59346,7.06885,1.09625,187.426,0.125,190.52,0.384226
ppo,0,19,229,102.765,113.881,-120.566,5.5939,7.10936,1.13111,188.818,0.125,175.748,0.384226
ppo,0,19,230,103.555,114.7,-121.377,5.59387,7.15251,1.16463,190.208,0.125,100.123,0.384226
ppo,0,19,231,104.337,115.514,-122.207,5.59143,7.19245,1.19526,191.605,0.125,123.524,0.384226
ppo,0,19,232,105.136,116.324,-123.024,5.59125,7.23375,1.22392,192.996,0.125,164.622,0.384226
ppo,0,19,233,105.92,117.146,-123.851,5.5946,7.27444,1.25378,194.392,0.125,132.195,0.384226
ppo,0,19,234,106.718,117.951,-124.682,5.59531,7.31514,1.28074,195.788,0.125,69.5476,0.384226
ppo,0,19,235,107.512,118.778,-125.497,5.59641,7.35567,1.30898,197.184,0.125,20.8341,0.384226
ppo,0,19,236,108.297,119.588,-126.329,5.5931,7.39655,1.33714,198.579,0.125,162.752,0.384226
ppo,0,19,237,109.103,120.4,-127.148,5.58776,7.43665,1.36341,199.978,0.125,112.597,0.384226
ppo,0,19,238,109.886,121.226,-127.976,5.5793,7.47233,1.39016,201.384,0.125,127.144,0.384226
ppo,0,19,239,110.681,122.031,-128.808,5.56943,7.50679,1.41765,202.788,0.125,76.4178,0.384226
ppo,0,19,240,111.472,122.86,-129.624,5.56156,7.54243,1.43922,204.187,0.125,137.147,0.384226
ppo,0,19,241,112.25,123.677,-130.457,5.55215,7.57905,1.45774,205.584,0.125,123.591,0.384226
ppo,0,19,242,113.051,124.487,-131.277,5.54269,7.61656,1.47737,206.979,0.125,138.194,0.384226
ppo,0,19,243,113.832,125.315,-132.101,5.53683,7.65289,1.50108,208.379,0.125,100.73,0.384226
ppo,0,19,244,114.616,126.124,-132.939,5.53234,7.69066,1.52291,209.775,0.125,94.8928,0.384226
ppo,0,19,245,115.41,126.941,-133.76,5.53455,7.72651,1.54297,211.167,0.125,239.922,0.384226
ppo,0,19,246,116.188,127.772,-134.59,5.53611,7.76271,1.56287,212.564,0.125,97.1946,0.384226
ppo,0,19,247,116.982,128.585,-135.418,5.54037,7.80157,1.58338,213.956,0.125,82.2753,0.384226
ppo,0,19,248,117.777,129.421,-136.236,5.54722,7.84059,1.60413,215.354,0.125,134.7,0.384226
ppo,0,19,249,118.561,130.246,-137.076,5.55247,7.87978,1.62307,216.753,0.125,105.785,0.384226
ppo,0,19,250,119.368,131.062,-137.905,5.56126,7.91936,1.64385,218.152,0.125,104.948,0.384226
ppo,0,19,251,120.162,131.899,-138.733,5.56933,7.9618,1.66424,219.552,0.125,208.719,0.384226
ppo,0,19,252,120.945,132.719,-139.574,5.57873,8.00619,1.6841,220.945,0.125,364.134,0.384226
ppo,0,19,253,121.747,133.548,-140.416,5.59065,8.04799,1.70252,222.352,0.125,155.187,0.384226
ppo,0,19,254,122.532,134.393,-141.265,5.60169,8.09315,1.72044,223.761,0.125,110.87,0.384226
ppo,0,19,255,123.322,135.223,-142.129,5.61064,8.1378,1.73481,225.174,0.125,164.388,0.384226
ppo,0,19,256,124.126,136.059,-142.977,5.62187,8.18315,1.74502,226.583,0.125,30.6975,0.384226
ppo,0,19,257,124.906,136.907,-143.836,5.63386,8.23182,1.75593,227.992,0.125,243.058,0.384226
ppo,0,19,258,125.688,137.732,-144.71,5.65021,8.2792,1.7666,229.396,0.125,233.674,0.384226
ppo,0,19,259,126.48,138.567,-145.566,5.66686,8.32948,1.77841,230.799,0.125,202.568,0.384226
ppo,0,19,260,127.248,139.418,-146.427,5.6843,8.37809,1.78728,232.2,0.125,156.161,0.384226
ppo,0,19,261,128.022,140.253,-147.306,5.70309,8.42722,1.79527,233.605,0.125,146.414,0.384226
ppo,0,19,262,128.809,141.1,-148.165,5.72354,8.4749,1.80293,235.01,0.125,147.966,0.384226
ppo,0,19,263,129.577,141.958,-149.036,5.74466,8.52188,1.80984,236.419,0.125,336.265,0.384226
ppo,0,19,264,130.373,142.81,-149.912,5.7681,8.57313,1.81665,237.839,0.125,133.826,0.384226
ppo,0,19,265,131.19,143.667,-150.773,5.7916,8.6222,1.82083,239.263,0.125,233.755,0.384226
ppo,0,19,266,131.992,144.532,-151.656,5.81499,8.67187,1.82211,240.695,0.125,114.114,0.384226
ppo,0,19,267,132.796,145.377,-152.556,5.83782,8.72238,1.81873,242.125,0.125,253.93,0.384226
ppo,0,19,268,133.618,146.219,-153.435,5.85879,8.77049,1.81389,243.55,0.125,158.426,0.384226
ppo,0,19,269,134.42,147.08,-154.314,5.88076,8.8171,1.80701,244.976,0.125,238.915,0.384226
ppo,0,19,270,135.21,147.933,-155.212,5.90495,8.86197,1.80073,246.401,0.125,98.5145,0.384226
ppo,0,19,271,136.021,148.776,-156.09,5.9254,8.90737,1.79223,247.82,0.125,138.499,0.384226
ppo,0,19,272,136.821,149.643,-156.96,5.94518,8.95522,1.78081,249.239,0.125,120.671,0.384226
ppo,0,19,273,137.612,150.498,-157.849,5.96404,9.00128,1.76825,250.66,0.125,36.9902,0.384226
ppo,0,19,274,138.421,151.333,-158.735,5.98161,9.04545,1.75409,252.077,0.125,398.566,0.384226
ppo,0,19,275,139.243,152.179,-159.608,5.998,9.08527,1.73575,253.499,0.125,251.863,0.384226
ppo,0,19,276,140.057,153.031,-160.503,6.02033,9.12511,1.72133,254.934,0.125,193.929,0.384226
ppo,0,19,277,140.879,153.866,-161.405,6.0422,9.16403,1.7068,256.369,0.125,286.535,0.384226
ppo,0,19,278,141.713,154.721,-162.298,6.06779,9.20138,1.69188,257.814,0.125,239.117,0.384226
ppo,0,19,279,142.53,155.599,-163.187,6.09587,9.23647,1.67765,259.261,0.125,170.834,0.384226
ppo,0,19,280,143.33,156.469,-164.093,6.12168,9.26969,1.66084,260.707,0.125,283.35,0.384226
ppo,0,19,281,144.144,157.319,-164.997,6.14558,9.29922,1.64556,262.151,0.125,197.083,0.384226
ppo,0,19,282,144.962,158.182,-165.881,6.16751,9.32664,1.62525,263.591,0.125,248.777,0.384226
ppo,0,19,283,145.758,159.054,-166.773,6.19173,9.3508,1.60805,265.032,0.125,270.325,0.384226
ppo,0,19,284,146.547,159.914,-167.684,6.21768,9.37411,1.59318,266.475,0.125,317.04,0.384226
ppo,0,19,285,147.358,160.786,-168.58,6.24736,9.3973,1.57596,267.925,0.125,204.066,0.384226
ppo,0,19,286,148.172,161.677,-169.461,6.27729,9.42006,1.55497,269.375,0.125,117.16,0.384226
ppo,0,19,287,148.969,162.574,-170.355,6.30872,9.44298,1.53374,270.826,0.125,384.339,0.384226
ppo,0,19,288,149.766,163.451,-171.26,6.33803,9.46202,1.51015,272.274,0.125,51.9586,0.384226
ppo,0,19,289,150.579,164.332,-172.146,6.37005,9.48245,1.48916,273.722,0.125,235.636,0.384226
ppo,0,19,290,151.383,165.237,-173.032,6.40421,9.50047,1.46683,275.177,0.125,193.309,0.384226
ppo,0,19,291,152.183,166.135,-173.945,6.43723,9.51665,1.44421,276.645,0.125,102.948,0.384226
ppo,0,19,292,152.992,167.009,-174.866,6.47178,9.53322,1.42337,278.109,0.125,378.427,0.384226
ppo,0,19,293,153.815,167.907,-175.782,6.50691,9.54915,1.40669,279.594,0.125,102.871,0.384226
ppo,0,19,294,154.627,168.829,-176.688,6.54347,9.57079,1.39223,281.077,0.125,188.022,0.384226
ppo,0,19,295,155.422,169.757,-177.606,6.57931,9.59368,1.37662,282.562,0.125,149.235,0.384226
ppo,0,19,296,156.222,170.669,-178.536,6.61371,9.61748,1.36156,284.049,0.125,242.182,0.384226
ppo,0,19,297,157.042,171.596,-179.453,6.65116,9.63983,1.3453,285.543,0.125,260.647,0.384226
ppo,0,19,298,157.86,172.544,-180.355,6.68987,9.66183,1.33228,287.043,0.125,144.377,0.384226
ppo,0,19,299,158.662,173.51,-181.265,6.72852,9.68013,1.3175,288.548,0.125,195.268,0.384226
