method,seed,mission,cls,om_norm,cd,b,s,total_cost,terminal,cost_per_stage,final_dist,min_dist,err_xp_T,err_xa_T,err_xv_T,err_zp_T,err_zv_T,err_f_T,err_g_T,class_ok_T,post_true_T,t_first_correct,stop_t,stopped,dist_stop,err_zp_stop,err_f_stop,err_g_stop,class_ok_stop,cost_to_stop,eps0_0,eps0_1,eps0_2,eps0_3,eps0_4,stop_s0.25_T4,stop_s0.25_T8,stop_s0.25_T16,stop_s0.5_T4,stop_s0.5_T8,stop_s0.5_T16,stop_s1_T4,stop_s1_T8,stop_s1_T16,stop_s2_T4,stop_s2_T8,stop_s2_T16,stop_s4_T4,stop_s4_T8,stop_s4_T16,lambda
dual_l0,0,0,1,0.279827,0.0487279,0.472181,1.00261,1219.26,0.473567,4.06264,0.226412,0.0257015,0.0194908,0.00751336,0.0385018,0.260571,0.0609716,0.216091,0.382281,0,6.77175e-19,1,300,0,0.226412,0.260571,0.216091,0.382281,0,1218.79,0.00280244,0.173139,0.782334,0.471081,0.05,300,300,300,300,300,300,300,300,300,69,73,81,48,64,72,0
dual_l0,0,1,6,0.28879,0.184994,0.159157,0.975081,1501.76,0.0526361,5.00568,0.0555152,0.0127582,0.0193804,0.00262762,0.0277755,0.33618,0.0769558,0.243026,0.0782935,1,1,22,89,1,0.186614,0.342056,0.287168,0.101333,1,1489.36,0.00280244,0.173139,0.782334,0.471081,0.05,300,300,300,300,300,300,85,89,300,49,87,95,42,46,54,0
dual_l0,0,2,0,0.534844,0.0252424,-0.336027,1.09652,1940.09,2.90426,6.45728,0.568105,0.475059,0.0123408,0.00461977,0.0385684,0.245248,0.4218,0.560419,0.124622,1,1,9,300,0,0.568105,0.245248,0.560419,0.124622,1,1937.18,0.00280244,0.173139,0.782334,0.471081,0.05,300,300,300,300,300,300,101,300,300,66,70,127,53,57,65,0
dual_l0,0,3,0,0.491569,0.147145,-0.36411,0.923106,1014.81,1.41708,3.37798,0.395931,0.189132,0.025099,0.00513419,0.0588143,0.207154,0.314535,0.525687,0.494556,1,1,0,71,1,0.561765,0.315979,0.448381,0.458352,1,942.127,0.00280244,0.173139,0.782334,0.471081,0.05,300,300,300,300,300,300,56,71,79,53,57,65,43,47,55,0
dual_l0,0,4,1,0.397638,0.151632,-0.477462,1.00252,959.913,4.05556,3.18619,0.64621,0.328453,0.0349661,0.0202053,0.0389583,0.64957,0.0908009,0.571624,0.541564,0,2.33766e-32,1,62,1,0.700056,0.502098,0.506658,0.454109,1,862.825,0.00280244,0.173139,0.782334,0.471081,0.05,300,300,300,300,300,300,58,62,300,41,45,53,30,34,42,0
dual_l0,0,5,2,0.537644,0.0606169,-0.170356,1.0072,1337.04,0.547289,4.45499,0.228782,0.125451,0.0200145,0.014923,0.0407913,0.403306,0.148823,0.617491,0.348076,1,1,16,152,1,0.570637,0.54242,0.470697,0.114891,1,1312.85,0.00280244,0.173139,0.782334,0.471081,0.05,300,300,300,300,300,300,82,152,300,57,61,87,39,43,51,0
dual_l0,0,6,2,0.151965,0.11882,0.212238,1.0437,972.925,0.254008,3.24224,0.158641,0.0487887,0.0182845,0.00977943,0.0307311,0.425323,0.158804,0.136004,0.0511964,1,1,0,58,1,0.293938,0.299329,0.230855,0.328451,1,955.715,0.00280244,0.173139,0.782334,0.471081,0.05,300,300,300,300,300,300,54,58,300,48,52,60,37,41,49,0
dual_l0,0,7,4,0.485615,0.0261543,-0.267942,1.07856,1725.96,6.07177,5.73295,0.77602,0.492536,0.0235284,0.00767107,0.0441546,0.449256,0.502264,0.523532,0.557182,1,1,19,300,0,0.77602,0.449256,0.523532,0.557182,1,1719.89,0.00280244,0.173139,0.782334,0.471081,0.05,300,300,300,300,300,300,120,300,300,71,85,117,47,51,59,0
dual_l0,0,8,6,0.513023,0.0244018,-0.0664132,0.953785,943.795,1.60105,3.14065,0.388994,0.271248,0.0297759,0.00706214,0.0547942,0.20233,0.352175,0.537084,0.067717,1,1,1,288,1,0.518601,0.405385,0.588791,0.158812,1,939.815,0.00280244,0.173139,0.782334,0.471081,0.05,300,300,300,300,300,300,92,288,300,46,66,93,37,41,49,0
dual_l0,0,9,0,0.464981,0.181175,-0.387874,0.925179,1405.42,3.14784,4.67422,0.551935,0.335584,0.00626554,0.00770078,0.0381781,0.229049,0.0546413,0.40983,0.556914,1,1,0,61,1,0.735508,0.623008,0.638639,0.333475,1,1311.87,0.00280244,0.173139,0.782334,0.471081,0.05,300,300,300,300,300,300,57,61,255,45,49,57,39,43,51,0
dual_l0,0,10,2,0.180502,0.185484,-0.430808,1.01025,883.97,2.30342,2.93889,0.477869,0.221886,0.0118935,0.00557837,0.0315084,0.573915,0.0232799,0.290301,0.685441,1,1,1,86,1,0.36268,0.613855,0.181687,0.529521,1,828.146,0.00280244,0.173139,0.782334,0.471081,0.05,300,300,300,300,300,300,70,86,105,52,56,79,30,45,53,0
dual_l0,0,11,0,0.342812,0.198078,-0.494593,0.991055,1631.22,3.48265,5.4258,0.59578,0.433542,0.0261414,0.0174423,0.0239535,0.444542,0.094838,0.443728,0.626383,1,1,20,79,1,0.560757,0.474486,0.399369,0.652306,1,1549.59,0.00280244,0.173139,0.782334,0.471081,0.05,300,300,300,300,300,300,62,79,87,54,58,66,42,46,54,0
dual_l0,0,12,5,0.296182,0.129097,0.472198,0.931834,1417.31,0.0451156,4.72421,0.0415455,0.0202778,0.0559246,0.0134829,0.0471657,0.518324,0.129573,0.28613,0.287306,1,1,8,300,0,0.0415455,0.518324,0.28613,0.287306,1,1417.26,0.00280244,0.173139,0.782334,0.471081,0.05,300,300,300,300,300,300,117,300,300,67,71,118,40,44,52,0
dual_l0,0,13,1,0.367914,0.0492574,-0.209387,1.09875,2366.59,2.63967,7.87983,0.499102,0.147387,0.00841346,0.0104107,0.0409242,0.319716,0.223305,0.415282,0.354757,0,2.04447e-31,18,206,1,0.173242,0.152033,0.413323,0.348271,0,2352.71,0.00280244,0.173139,0.782334,0.471081,0.05,300,300,300,300,300,300,137,206,300,73,86,94,46,56,76,0
dual_l0,0,14,5,0.272608,0.0403544,-0.35404,0.99968,2133.66,2.93576,7.10241,0.554045,0.253165,0.0131962,0.0136182,0.0551649,0.569365,0.107492,0.477152,0.299816,1,1,0,159,1,0.508466,0.41793,0.179507,0.463308,1,2079.37,0.00280244,0.173139,0.782334,0.471081,0.05,300,300,300,300,300,300,86,159,197,61,65,73,42,53,61,0
dual_l0,0,15,3,0.282185,0.0852996,-0.360217,1.09349,1459.48,1.34621,4.86044,0.37179,0.282777,0.0273834,0.0247737,0.0401682,0.399332,0.179602,0.493674,0.521634,1,1,30,83,1,0.600152,0.417307,0.310936,0.484473,1,1407.84,0.00280244,0.173139,0.782334,0.471081,0.05,300,300,300,300,300,300,58,83,201,49,53,61,41,45,53,0
dual_l0,0,16,6,0.252405,0.150056,0.0638746,1.01106,1722.57,0.0899533,5.7416,0.0987411,0.0432621,0.0315958,0.0118316,0.0202644,0.331982,0.106951,0.273035,0.0636243,1,1,13,129,1,0.102104,0.408261,0.278837,0.0649811,1,1716.54,0.00280244,0.173139,0.782334,0.471081,0.05,300,300,300,300,300,300,99,129,300,51,55,76,38,42,50,0
dual_l0,0,17,6,0.283468,0.167883,-0.361346,0.93855,1181.97,3.25107,3.92905,0.56189,0.135219,0.0129601,0.00501562,0.0431662,0.395778,0.180472,0.296999,0.457686,1,1,0,78,1,0.488032,0.713678,0.310917,0.409908,1,1115.57,0.00280244,0.173139,0.782334,0.471081,0.05,300,300,300,300,300,300,54,78,300,41,45,53,29,33,41,0
dual_l0,0,18,1,0.549907,0.16225,0.00706267,1.00663,876.882,0.494667,2.92129,0.219059,0.0149359,0.0187412,0.0132639,0.0379912,0.30341,0.127158,0.575897,0.153401,0,1.1583e-21,1,103,1,0.366261,0.326975,0.540282,0.021972,0,865.943,0.00280244,0.173139,0.782334,0.471081,0.05,300,300,300,300,300,300,91,103,300,70,74,82,30,34,42,0
dual_l0,0,19,7,0.38157,0.0451,-0.442798,0.946116,1100.65,7.16373,3.64494,0.862043,0.210735,0.0291135,0.0162086,0.0347732,0.403058,0.24592,0.358696,0.662948,1,1,10,300,0,0.862043,0.403058,0.358696,0.662948,1,1093.48,0.00280244,0.173139,0.782334,0.471081,0.05,300,300,300,300,300,300,73,300,300,41,45,53,39,43,51,0
dual_l0,0,20,4,0.450671,0.0127798,-0.431394,1.03862,2204.69,2.34165,7.34116,0.483756,0.3773,0.043291,0.0141549,0.0411133,0.333945,0.349101,0.451522,0.576058,1,1,25,183,1,0.637756,0.458919,0.411756,0.786177,1,2167.62,0.00280244,0.173139,0.782334,0.471081,0.05,300,300,300,300,300,300,131,183,191,56,60,84,49,53,61,0
dual_l0,0,21,2,0.178613,0.18813,0.284692,0.987755,1151.46,0.213095,3.83747,0.14085,0.0191042,0.0307238,0.00703614,0.0304733,0.484935,0.186205,0.207219,0.203078,1,1,0,77,1,0.13749,0.540213,0.124766,0.128962,1,1132.26,0.00280244,0.173139,0.782334,0.471081,0.05,300,300,300,300,300,300,66,77,300,53,64,72,31,35,43,0
dual_l0,0,22,7,0.441138,0.136396,-0.162835,0.921308,841.957,0.495399,2.80487,0.216141,0.0928505,0.0188648,0.0203458,0.00788467,0.181062,0.143832,0.442804,0.344651,1,1,1,59,1,0.209273,0.255031,0.451338,0.354433,1,813.175,0.00280244,0.173139,0.782334,0.471081,0.05,300,300,300,300,300,300,50,59,154,45,49,57,38,42,50,0
dual_l0,0,23,0,0.517023,0.0865294,-0.0181903,1.09426,1770.32,1.07901,5.89747,0.338668,0.0453436,0.0218742,0.00435578,0.0216089,0.234198,0.152618,0.405296,0.256241,1,1,1,78,1,0.168175,0.199808,0.416517,0.244336,1,1743.97,0.00280244,0.173139,0.782334,0.471081,0.05,300,300,300,300,300,300,74,78,86,57,66,74,40,52,60,0
dual_l0,0,24,1,0.370858,0.0725851,0.0384449,0.913326,1589.45,0.535508,5.2964,0.232749,0.0657321,0.018601,0.0212893,0.0194924,0.130156,0.219175,0.66957,0.0494389,0,8.16687e-40,14,124,1,0.430621,0.28443,0.348981,0.13097,0,1569.41,0.00280244,0.173139,0.782334,0.471081,0.05,300,300,300,300,300,300,120,124,300,49,53,61,42,46,54,0
dual_l0,0,25,4,0.325293,0.0889061,-0.441881,0.95775,1578.39,3.11432,5.25093,0.554292,0.301805,0.0205079,0.0161708,0.0466557,0.512641,0.0909603,0.394757,0.551141,1,1,14,93,1,0.639862,0.452242,0.375082,0.630317,1,1507.95,0.00280244,0.173139,0.782334,0.471081,0.05,300,300,300,300,300,300,83,93,148,44,48,56,36,40,48,0
dual_l0,0,26,3,0.13768,0.132364,-0.0814456,0.970856,848.866,0.842654,2.82675,0.293179,0.0723551,0.0340441,0.0119618,0.0462051,0.229558,0.0999175,0.206224,0.220307,1,1,1,91,1,0.21384,0.096171,0.204874,0.262627,1,832.295,0.00280244,0.173139,0.782334,0.471081,0.05,300,300,300,300,300,300,87,91,99,39,61,87,29,33,41,0
dual_l0,0,27,5,0.569564,0.0416277,-0.091663,1.07322,1428.77,0.766502,4.76,0.27443,0.261599,0.0365562,0.00879936,0.0125794,0.154139,0.240896,0.719432,0.118888,1,1,23,300,0,0.27443,0.154139,0.719432,0.118888,1,1428,0.00280244,0.173139,0.782334,0.471081,0.05,300,300,300,300,300,300,193,300,300,72,183,191,39,54,62,0
dual_l0,0,28,1,0.462683,0.056316,-0.00562799,1.09459,1627.88,0.387686,5.42497,0.187258,0.113567,0.0107759,0.014984,0.0413479,0.17224,0.0889369,0.642104,0.137403,0,1.07528e-10,0,173,1,0.282188,0.330401,0.51726,0.262977,1,1616.79,0.00280244,0.173139,0.782334,0.471081,0.05,300,300,300,300,300,300,127,173,181,65,69,91,43,47,55,0
dual_l0,0,29,7,0.190195,0.0386555,0.311663,0.918512,1324.28,0.12494,4.41386,0.104798,0.019135,0.0168788,0.00655662,0.0174872,0.233489,0.159443,0.331833,0.201691,1,1,19,97,1,0.0558832,0.359645,0.353719,0.147022,1,1308.57,0.00280244,0.173139,0.782334,0.471081,0.05,300,300,300,300,300,300,86,97,300,59,63,88,43,47,55,0
dual_l0,0,30,2,0.43551,0.00663354,0.00178993,1.07443,1432.56,0.41835,4.77379,0.202202,0.0393584,0.0136934,0.00322748,0.0324702,0.144147,0.178465,0.316698,0.203951,1,1,14,123,1,0.195609,0.220693,0.394662,0.185154,1,1417.6,0.00280244,0.173139,0.782334,0.471081,0.05,300,300,300,300,300,300,100,123,131,69,87,95,54,58,78,0
dual_l0,0,31,5,0.176478,0.0719513,0.258418,0.964038,1260.86,0.160574,4.20232,0.123527,0.0307459,0.0138275,0.0179303,0.0320075,0.327074,0.0948769,0.155487,0.159516,1,1,1,143,1,0.190159,0.412045,0.241515,0.128528,1,1247.35,0.00280244,0.173139,0.782334,0.471081,0.05,300,300,300,300,300,300,74,143,300,55,59,67,45,49,57,0
dual_l0,0,32,0,0.347419,0.0348692,0.415206,0.984876,2102.07,1.00245,7.00355,0.277597,0.0207186,0.0229334,0.00606663,0.0205986,0.390607,0.138865,0.504054,0.130097,1,1,0,119,1,0.0670841,0.569754,0.549372,0.304109,1,2081.26,0.00280244,0.173139,0.782334,0.471081,0.05,300,300,300,300,300,300,115,119,300,56,76,101,50,54,62,0
dual_l0,0,33,5,0.437556,0.0176016,-0.00755084,1.02577,1571.91,2.56858,5.23113,0.508313,0.152042,0.0212126,0.00391453,0.0547666,0.372819,0.373976,0.398665,0.0726316,1,1,0,300,0,0.508313,0.372819,0.398665,0.0726316,1,1569.34,0.00280244,0.173139,0.782334,0.471081,0.05,300,300,300,300,300,300,98,300,300,64,68,92,35,39,70,0
dual_l0,0,34,5,0.432865,0.194518,0.111496,1.03544,1374.39,0.0171819,4.58123,0.0519801,0.0156919,0.0231,0.0161836,0.0334896,0.260001,0.102873,0.352842,0.0808944,1,1,20,126,1,0.0558409,0.331813,0.41332,0.164812,1,1369.13,0.00280244,0.173139,0.782334,0.471081,0.05,300,300,300,300,300,300,106,126,279,54,58,75,44,48,56,0
dual_l0,0,35,3,0.473569,0.118791,-0.229729,1.06867,1150.33,1.20139,3.83043,0.358628,0.296665,0.02769,0.0125779,0.0233694,0.220928,0.167661,0.535722,0.407674,1,1,0,127,1,0.332133,0.0804377,0.580143,0.314499,1,1120.27,0.00280244,0.173139,0.782334,0.471081,0.05,300,300,300,300,300,300,105,127,199,40,44,52,33,43,51,0
dual_l0,0,36,5,0.281906,0.171136,0.478324,0.94106,2056.6,0.182588,6.85472,0.146834,0.0096345,0.0388933,0.00797786,0.0372572,0.532331,0.119963,0.312251,0.307753,1,1,0,300,0,0.146834,0.532331,0.312251,0.307753,1,2056.42,0.00280244,0.173139,0.782334,0.471081,0.05,300,300,300,300,300,300,86,300,300,55,59,67,36,57,65,0
dual_l0,0,37,7,0.381812,0.00248337,-0.222815,1.05262,2754.13,9.28072,9.14949,0.95952,0.347483,0.00471923,0.0150724,0.0468641,0.340804,0.506103,0.223344,0.540761,1,1,23,300,0,0.95952,0.340804,0.223344,0.540761,1,2744.85,0.00280244,0.173139,0.782334,0.471081,0.05,300,300,300,300,300,300,143,300,300,54,58,66,45,49,57,0
dual_l0,0,38,4,0.413721,0.161927,-0.466792,0.973748,2142.58,6.91469,7.11888,0.837551,0.248995,0.0128265,0.0199961,0.0275317,0.723163,0.143652,0.46737,0.527396,1,1,45,78,1,0.291622,0.357873,0.578996,0.82223,1,2057.59,0.00280244,0.173139,0.782334,0.471081,0.05,300,300,300,300,300,300,67,78,142,52,56,64,46,50,58,0
dual_l0,0,39,4,0.46674,0.190987,-0.0224375,0.938482,1271.49,0.475369,4.23673,0.191328,0.0192679,0.0285316,0.011171,0.0190543,0.345586,0.200394,0.396943,0.114226,1,1,17,66,1,0.16907,0.285422,0.457587,0.248913,1,1255.27,0.00280244,0.173139,0.782334,0.471081,0.05,300,300,300,300,300,300,51,66,102,50,54,62,38,42,50,0
dual_l0,0,40,6,0.239845,0.0928903,0.432543,1.08044,1752.9,0.28894,5.84205,0.191082,0.0143585,0.0100432,0.00408162,0.0322449,0.588675,0.11517,0.212668,0.378201,1,1,16,149,1,0.158902,0.581028,0.21205,0.381709,1,1734.4,0.00280244,0.173139,0.782334,0.471081,0.05,300,300,300,300,300,300,145,149,300,68,72,120,46,60,68,0
dual_l0,0,41,4,0.449348,0.198535,-0.497526,1.04495,1204.05,2.12286,4.00643,0.497297,0.313523,0.0321509,0.0118261,0.0109312,0.356227,0.115719,0.586473,0.692418,1,1,17,64,1,0.607814,0.545779,0.56749,0.761293,1,1133.98,0.00280244,0.173139,0.782334,0.471081,0.05,300,300,300,300,300,300,60,64,83,46,50,58,44,48,56,0
dual_l0,0,42,6,0.449732,0.176956,0.149094,1.02534,1564.38,0.28115,5.21366,0.179294,0.0205228,0.0312681,0.00876328,0.0208236,0.222362,0.0927465,0.499156,0.0276465,1,1,11,146,1,0.136086,0.249465,0.383669,0.0599089,1,1556.27,0.00280244,0.173139,0.782334,0.471081,0.05,300,300,300,300,300,300,65,146,300,60,64,72,50,54,62,0
dual_l0,0,43,1,0.204377,0.115408,0.280744,0.955826,2577.91,0.204917,8.59235,0.126918,0.0242339,0.016804,0.00875344,0.0493878,0.334266,0.124036,0.237374,0.143041,0,3.05373e-13,29,179,1,0.111221,0.0681247,0.366577,0.146716,1,2569.8,0.00280244,0.173139,0.782334,0.471081,0.05,300,300,300,300,300,300,147,179,187,67,71,95,46,50,58,0
dual_l0,0,44,6,0.230452,0.140099,0.0823957,0.978308,1030.33,0.278942,3.43351,0.171834,0.0502972,0.0149798,0.0124623,0.00901025,0.321254,0.112134,0.292626,0.102511,1,1,1,81,1,0.073161,0.149487,0.371065,0.0761315,1,1020.12,0.00280244,0.173139,0.782334,0.471081,0.05,300,300,300,300,300,300,77,81,300,50,54,87,40,44,52,0
dual_l0,0,45,4,0.300927,0.16992,-0.0889343,1.07991,1985.62,0.337436,6.61762,0.196879,0.0109976,0.0248665,0.00794735,0.0517369,0.0840804,0.0380939,0.442756,0.296251,1,1,22,84,1,0.387358,0.442407,0.404345,0.220984,1,1972.86,0.00280244,0.173139,0.782334,0.471081,0.05,300,300,300,300,300,300,63,84,131,59,63,71,49,53,61,0
dual_l0,0,46,6,0.373309,0.179031,-0.477296,0.930114,1787.72,5.4891,5.94078,0.752171,0.389725,0.01564,0.00886572,0.0248703,0.755864,0.29239,0.506114,0.560972,1,1,13,72,1,0.625087,0.669668,0.490295,0.697508,1,1694.8,0.00280244,0.173139,0.782334,0.471081,0.05,300,300,300,300,300,300,61,72,300,53,57,65,42,46,54,0
dual_l0,0,47,6,0.483705,0.0687121,-0.149179,0.943409,1348.03,0.602945,4.49141,0.247829,0.182424,0.0410769,0.0109172,0.0244911,0.234132,0.128657,0.600002,0.301008,1,1,14,95,1,0.384358,0.217954,0.614876,0.225818,1,1313.57,0.00280244,0.173139,0.782334,0.471081,0.05,300,300,300,300,300,300,91,95,300,51,55,63,42,46,54,0
dual_l0,0,48,5,0.355156,0.122152,0.165691,1.0424,999.46,0.162181,3.33099,0.142791,0.0219293,0.0298189,0.0180686,0.024071,0.199021,0.0830101,0.503937,0.0713545,1,1,1,138,1,0.121254,0.118019,0.522835,0.125359,1,990.234,0.00280244,0.173139,0.782334,0.471081,0.05,300,300,300,300,300,300,75,138,300,45,49,57,40,44,52,0
dual_l0,0,49,5,0.496347,0.167367,-0.0810145,0.94888,1796.99,0.647143,5.98782,0.266233,0.0323484,0.0399237,0.0102411,0.0463564,0.268692,0.100531,0.606854,0.285995,1,1,0,80,1,0.311117,0.254419,0.609041,0.25724,1,1782.58,0.00280244,0.173139,0.782334,0.471081,0.05,300,300,300,300,300,300,69,80,224,55,59,67,45,49,57,0
dual_l0,0,50,7,0.491695,0.182699,0.147338,0.917362,1899.39,0.193561,6.33064,0.156991,0.0284122,0.0404453,0.00758867,0.0121427,0.191428,0.125051,0.532395,0.0939749,1,1,20,70,1,0.192146,0.0868928,0.603294,0.107103,1,1888.05,0.00280244,0.173139,0.782334,0.471081,0.05,300,300,300,300,300,300,66,70,300,56,60,68,46,50,58,0
dual_l0,0,51,7,0.482865,0.19379,-0.111416,1.01669,1582.71,0.347139,5.27454,0.185537,0.0872775,0.034199,0.0207772,0.0353143,0.208765,0.186288,0.413242,0.289472,1,1,23,71,1,0.249886,0.200692,0.4479,0.314544,1,1563.97,0.00280244,0.173139,0.782334,0.471081,0.05,300,300,300,300,300,300,67,71,257,51,55,63,37,41,49,0
dual_l0,0,52,6,0.408942,0.155562,-0.240589,1.02755,970.808,0.937129,3.2329,0.299298,0.22754,0.0493231,0.0198205,0.0282403,0.382174,0.137384,0.455086,0.446937,1,1,0,87,1,0.392585,0.154574,0.393812,0.555068,1,937.834,0.00280244,0.173139,0.782334,0.471081,0.05,300,300,300,300,300,300,83,87,142,50,54,62,35,39,47,0
dual_l0,0,53,1,0.502556,0.0746694,0.282294,1.00661,1772.15,0.0622955,5.90697,0.102751,0.0137201,0.0225283,0.00848764,0.0234181,0.279856,0.0739104,0.56553,0.0796533,0,6.19447e-24,12,100,1,0.140774,0.211018,0.594005,0.0760341,1,1758.25,0.00280244,0.173139,0.782334,0.471081,0.05,300,300,300,300,300,300,96,100,300,45,59,67,42,46,54,0
dual_l0,0,54,7,0.347073,0.141489,-0.493211,1.09375,1754.78,1.52618,5.84417,0.387026,0.248888,0.015011,0.0120158,0.0283715,0.31583,0.0704685,0.427016,0.688333,1,1,5,145,1,0.476565,0.406257,0.435949,0.687371,1,1713.92,0.00280244,0.173139,0.782334,0.471081,0.05,300,300,300,300,300,300,70,145,300,54,58,66,46,50,58,0
dual_l0,0,55,6,0.39037,0.153162,0.322263,0.912677,1516.19,0.14668,5.05349,0.109492,0.0246273,0.0281581,0.0114307,0.0395214,0.359089,0.093471,0.346997,0.224026,1,1,19,89,1,0.209871,0.374642,0.426925,0.229995,1,1501.99,0.00280244,0.173139,0.782334,0.471081,0.05,300,300,300,300,300,300,85,89,300,65,69,77,34,38,71,0
dual_l0,0,56,5,0.479214,0.0784673,0.210173,1.09239,1109.64,0.189677,3.69816,0.113267,0.0125245,0.0288228,0.013551,0.0213395,0.348587,0.102536,0.308875,0.258203,1,1,18,147,1,0.0961906,0.141078,0.416382,0.107282,1,1099.75,0.00280244,0.173139,0.782334,0.471081,0.05,300,300,300,300,300,300,106,147,300,59,63,71,34,38,46,0
dual_l0,0,57,1,0.115277,0.123797,-0.260152,0.916013,832.139,1.25388,2.76962,0.358656,0.183871,0.0319978,0.00833651,0.00781153,0.208723,0.15545,0.249836,0.371992,0,1.4013e-45,0,105,1,0.419814,0.151634,0.179017,0.505786,0,792.339,0.00280244,0.173139,0.782334,0.471081,0.05,300,300,300,300,300,300,51,105,141,38,42,50,26,38,46,0
dual_l0,0,58,5,0.460491,0.183327,-0.43489,1.07897,1434.06,1.73299,4.77443,0.423952,0.196315,0.0291835,0.00627594,0.0248937,0.571651,0.186055,0.438163,0.578984,1,1,10,96,1,0.515088,0.407419,0.441248,0.697516,1,1381.28,0.00280244,0.173139,0.782334,0.471081,0.05,300,300,300,300,300,300,70,96,134,52,65,73,40,44,52,0
dual_l0,0,59,3,0.28269,0.0199479,-0.214944,1.07343,1142.67,2.45107,3.80072,0.484307,0.0682644,0.0356557,0.00686094,0.0262869,0.313063,0.0783,0.32001,0.399637,1,1,16,92,1,0.234294,0.228603,0.382876,0.345209,1,1106.91,0.00280244,0.173139,0.782334,0.471081,0.05,300,300,300,300,300,300,61,92,198,47,51,59,38,42,50,0
dual_l0,0,60,0,0.404507,0.181345,-0.462475,0.970915,1124.54,2.11681,3.74142,0.452541,0.341822,0.0208627,0.0100687,0.0784947,0.392568,0.180828,0.367123,0.588935,1,1,0,75,1,0.450805,0.485459,0.335805,0.588588,1,1059.72,0.00280244,0.173139,0.782334,0.471081,0.05,300,300,300,300,300,300,64,75,83,47,51,59,37,41,49,0
dual_l0,0,61,5,0.293084,0.1655,0.198789,0.913959,1950.27,0.343124,6.49975,0.168258,0.01826,0.00149453,0.0175201,0.0363454,0.116987,0.0777581,0.44335,0.101984,1,1,0,164,1,0.102397,0.423953,0.39173,0.153798,1,1942.92,0.00280244,0.173139,0.782334,0.471081,0.05,300,300,300,300,300,300,92,164,300,56,70,78,45,49,57,0
dual_l0,0,62,1,0.487211,0.167735,0.100788,1.05422,1724.59,0.675978,5.74638,0.256419,0.0280577,0.0283414,0.00449426,0.0407464,0.257211,0.213486,0.317354,0.036908,0,3.54756e-10,6,147,1,0.0616838,0.156323,0.313878,0.114459,0,1715.59,0.00280244,0.173139,0.782334,0.471081,0.05,300,300,300,300,300,300,143,147,300,71,75,151,47,51,59,0
dual_l0,0,63,3,0.258255,0.0710104,0.0145037,0.977974,2107.2,0.8432,7.02119,0.286231,0.0764914,0.0327589,0.0129244,0.0503747,0.223112,0.282557,0.360283,0.135121,1,1,13,144,1,0.1898,0.11653,0.338977,0.0817538,1,2095.68,0.00280244,0.173139,0.782334,0.471081,0.05,300,300,300,300,300,300,93,144,174,59,63,71,48,52,60,0
dual_l0,0,64,4,0.306573,0.155347,-0.181309,1.06503,1171.92,0.192783,3.90576,0.139291,0.0403413,0.0186788,0.013849,0.0478638,0.2538,0.185384,0.375487,0.357011,1,1,15,96,1,0.105111,0.22912,0.351189,0.444245,1,1154.78,0.00280244,0.173139,0.782334,0.471081,0.05,300,300,300,300,300,300,92,96,104,60,64,99,36,51,59,0
dual_l0,0,65,4,0.433489,0.00318217,-0.45113,1.05977,1713.09,1.22225,5.70622,0.348917,0.220208,0.0376536,0.0218593,0.0110887,0.240462,0.127803,0.439492,0.638783,1,1,21,56,1,0.603262,0.17548,0.261668,0.432094,0,1648.82,0.00280244,0.173139,0.782334,0.471081,0.05,300,300,300,300,300,300,52,56,300,39,43,51,34,38,46,0
dual_l0,0,66,0,0.471737,0.105678,-0.0505208,0.959978,1165.9,0.571668,3.88442,0.238377,0.0231494,0.0258113,0.00531293,0.0335734,0.32658,0.0722749,0.515958,0.1946,1,1,17,88,1,0.290538,0.162183,0.547233,0.1499,1,1146.91,0.00280244,0.173139,0.782334,0.471081,0.05,300,300,300,300,300,300,84,88,300,45,49,57,41,45,53,0
dual_l0,0,67,7,0.362885,0.12742,0.399333,1.05352,1228.93,0.0400075,4.09631,0.0531422,0.0223437,0.0275832,0.010078,0.0341265,0.749247,0.214111,0.462108,0.0594046,1,1,0,300,0,0.0531422,0.749247,0.462108,0.0594046,1,1228.89,0.00280244,0.173139,0.782334,0.471081,0.05,300,300,300,300,300,300,150,300,300,77,119,155,38,51,75,0
dual_l0,0,68,1,0.34651,0.0428209,0.0853858,0.963042,2140.16,0.537056,7.13207,0.250104,0.0517707,0.0352987,0.0172376,0.0491368,0.403894,0.0899077,0.457264,0.0672296,0,7.59914e-07,18,262,1,0.388304,0.0985888,0.317431,0.139623,0,2133.97,0.00280244,0.173139,0.782334,0.471081,0.05,300,300,300,300,300,300,243,262,300,49,53,103,46,50,58,0
dual_l0,0,69,0,0.298852,0.142803,0.306924,1.00311,1212.82,0.348382,4.04156,0.191686,0.0108753,0.0403138,0.00825153,0.0216608,0.340075,0.0588262,0.369638,0.0857375,1,1,17,108,1,0.226984,0.0597812,0.409337,0.0699714,1,1197.95,0.00280244,0.173139,0.782334,0.471081,0.05,300,300,300,300,300,300,84,108,300,55,59,67,42,46,54,0
dual_l0,0,70,6,0.419506,0.0173453,-0.485484,0.906796,1974.26,8.13355,6.55377,0.899389,0.494373,0.0126387,0.017934,0.0437962,0.828231,0.282775,0.454234,0.790597,1,1,9,71,1,0.752275,0.53991,0.452305,0.438907,1,1759.29,0.00280244,0.173139,0.782334,0.471081,0.05,300,300,300,300,300,300,61,71,183,55,59,67,49,53,61,0
dual_l0,0,71,5,0.494104,0.0746148,0.312638,1.09186,1564,0.335404,5.21221,0.164052,0.0247691,0.0147366,0.0118054,0.0465365,0.361091,0.238298,0.623459,0.196643,1,1,0,225,1,0.062222,0.208654,0.508095,0.115032,1,1557.98,0.00280244,0.173139,0.782334,0.471081,0.05,300,300,300,300,300,300,88,225,300,62,80,88,44,48,56,0
dual_l0,0,72,1,0.479733,0.1762,-0.201506,0.965405,1085.05,0.824024,3.61409,0.27675,0.207813,0.0416208,0.00464896,0.0192715,0.2638,0.15858,0.477141,0.27667,0,9.88399e-16,0,133,1,0.360771,0.482256,0.583913,0.402145,1,1055.17,0.00280244,0.173139,0.782334,0.471081,0.05,300,300,300,300,300,300,129,133,300,44,48,56,35,39,47,0
dual_l0,0,73,6,0.312145,0.0753175,0.139123,1.0542,1688.89,0.0855093,5.62935,0.0766678,0.0157716,0.0297034,0.0120979,0.0462804,0.264788,0.0761058,0.224159,0.0642279,1,1,23,231,1,0.118613,0.163785,0.222034,0.0891918,1,1685.64,0.00280244,0.173139,0.782334,0.471081,0.05,300,300,300,300,300,300,164,231,300,70,74,82,44,48,66,0
dual_l0,0,74,4,0.531365,0.19379,-0.217745,1.00776,1145.52,0.52077,3.81665,0.20739,0.165097,0.0224096,0.0158296,0.0534064,0.503012,0.0981427,0.53179,0.37414,1,1,46,148,1,0.377897,0.334406,0.734733,0.296621,1,1127.12,0.00280244,0.173139,0.782334,0.471081,0.05,300,300,300,300,300,300,85,148,290,49,61,69,42,46,54,0
dual_l0,0,75,6,0.350999,0.0588444,0.179428,1.09152,2653.99,0.105747,8.84628,0.125292,0.0171119,0.0414422,0.0110934,0.0472092,0.23657,0.158774,0.438336,0.0992096,1,1,28,194,1,0.0588905,0.169099,0.509523,0.0821024,1,2649.44,0.00280244,0.173139,0.782334,0.471081,0.05,300,300,300,300,300,300,157,194,300,72,76,84,50,54,75,0
dual_l0,0,76,6,0.475728,0.0797803,-0.285196,0.921035,1117.95,2.33278,3.71871,0.478004,0.281843,0.0216726,0.00830894,0.0566819,0.447707,0.446293,0.428994,0.342218,1,1,0,87,1,0.573858,0.501341,0.423777,0.457588,1,1051.56,0.00280244,0.173139,0.782334,0.471081,0.05,300,300,300,300,300,300,83,87,300,47,51,59,38,47,55,0
dual_l0,0,77,7,0.394629,0.0273094,0.181595,0.980123,1870.16,0.26935,6.23296,0.183978,0.0245459,0.0255958,0.014122,0.0324622,0.246586,0.0997773,0.478048,0.0268833,1,1,10,71,1,0.174722,0.246248,0.377505,0.158851,1,1857.29,0.00280244,0.173139,0.782334,0.471081,0.05,300,300,300,300,300,300,67,71,300,62,66,74,41,58,66,0
dual_l0,0,78,5,0.500095,0.144042,-0.271307,1.05626,1353.6,0.365638,4.51077,0.171086,0.0913408,0.01033,0.0209522,0.0201455,0.438686,0.346197,0.612522,0.444056,1,1,2,187,1,0.266356,0.521738,0.657161,0.474516,1,1331.84,0.00280244,0.173139,0.782334,0.471081,0.05,300,300,300,300,300,300,71,187,300,56,60,68,48,52,60,0
dual_l0,0,79,5,0.181629,0.134577,-0.337693,1.08336,1117.06,1.04685,3.72004,0.328624,0.218303,0.0240976,0.0138869,0.0284095,0.414131,0.138419,0.481205,0.292108,1,1,0,112,1,0.319942,0.277733,0.273337,0.558138,1,1068.17,0.00280244,0.173139,0.782334,0.471081,0.05,300,300,300,300,300,300,68,112,300,47,51,59,37,41,49,0
dual_l0,0,80,0,0.305267,0.0536277,-0.216461,0.900734,1415.26,3.35875,4.70634,0.590389,0.213884,0.0256235,0.00937614,0.0369319,0.327312,0.0794619,0.400887,0.276846,1,1,0,292,1,0.589398,0.567511,0.460714,0.335811,1,1409.2,0.00280244,0.173139,0.782334,0.471081,0.05,300,300,300,300,300,300,136,292,300,43,47,83,37,41,49,0
dual_l0,0,81,1,0.25199,0.0911183,0.0151876,1.06231,1011.6,0.0137457,3.37194,0.0340692,0.0321592,0.0264532,0.0207492,0.029248,0.277767,0.101244,0.422306,0.262226,0,0,1,95,1,0.100117,0.235206,0.25185,0.121995,0,1003.12,0.00280244,0.173139,0.782334,0.471081,0.05,300,300,300,300,300,300,73,95,300,45,68,76,37,41,49,0
dual_l0,0,82,1,0.447172,0.036951,-0.399754,0.916545,1113.35,7.83078,3.68507,0.889718,0.455529,0.026991,0.00910051,0.0325597,0.697736,0.217126,0.29814,0.235657,0,0,6,72,1,0.703845,0.534714,0.342366,0.522982,0,930.517,0.00280244,0.173139,0.782334,0.471081,0.05,300,300,300,300,300,300,68,72,300,53,57,80,33,37,63,0
dual_l0,0,83,4,0.536134,0.16885,0.308121,0.950575,1620.01,0.913324,5.39697,0.309595,0.0201434,0.0162812,0.0102396,0.0378921,0.248653,0.179611,0.527234,0.167375,1,1,36,121,1,0.109263,0.525846,0.641079,0.0658284,1,1601.29,0.00280244,0.173139,0.782334,0.471081,0.05,300,300,300,300,300,300,86,121,300,42,65,73,40,44,52,0
dual_l0,0,84,6,0.416504,0.07556,0.0698498,0.947326,1938.81,1.71772,6.45697,0.424351,0.0150981,0.0319251,0.016595,0.0198328,0.0803695,0.347165,0.508013,0.0784232,1,1,20,91,1,0.378864,0.196453,0.472611,0.159605,1,1896.87,0.00280244,0.173139,0.782334,0.471081,0.05,300,300,300,300,300,300,87,91,300,54,76,109,43,47,55,0
dual_l0,0,85,0,0.442897,0.139475,-0.0697981,1.00951,1837.83,0.268188,6.12521,0.169023,0.0280522,0.0479071,0.0193133,0.0120879,0.231489,0.108026,0.554465,0.293513,1,1,20,88,1,0.306704,0.160218,0.582628,0.343725,1,1828.83,0.00280244,0.173139,0.782334,0.471081,0.05,300,300,300,300,300,300,84,88,146,53,57,65,37,41,49,0
dual_l0,0,86,4,0.383459,0.0360704,0.0806735,1.01335,855.889,0.390063,2.85166,0.189994,0.030295,0.021497,0.0096536,0.0193084,0.179029,0.147565,0.417666,0.140606,1,1,10,117,1,0.155963,0.1488,0.364507,0.0670896,1,845.675,0.00280244,0.173139,0.782334,0.471081,0.05,300,300,300,300,300,300,113,117,149,47,51,76,34,38,46,0
dual_l0,0,87,7,0.432045,0.161286,-0.025977,0.983215,2158.37,0.920576,7.1915,0.287149,0.0720318,0.0330413,0.0163459,0.0183161,0.435593,0.218242,0.344156,0.0619112,1,1,26,106,1,0.138001,0.429713,0.58872,0.170113,1,2140.15,0.00280244,0.173139,0.782334,0.471081,0.05,300,300,300,300,300,300,83,106,241,59,63,71,49,53,61,0
dual_l0,0,88,1,0.510933,0.178163,0.10097,1.02629,1715.8,0.192722,5.71867,0.129694,0.027086,0.0210146,0.00618048,0.0476273,0.338572,0.263003,0.664521,0.116003,0,2.71529e-36,0,216,1,0.103649,0.282861,0.670346,0.0746246,0,1712.43,0.00280244,0.173139,0.782334,0.471081,0.05,300,300,300,300,300,300,105,216,300,61,65,73,48,52,60,0
dual_l0,0,89,2,0.35837,0.110804,-0.126733,0.98471,971.096,0.372203,3.23575,0.190144,0.0972277,0.0246968,0.0154187,0.0367441,0.361621,0.0580848,0.247893,0.181934,1,1,1,121,1,0.235372,0.276835,0.506408,0.278256,1,954.339,0.00280244,0.173139,0.782334,0.471081,0.05,300,300,300,300,300,300,66,121,129,47,51,70,42,46,54,0
dual_l0,0,90,2,0.362174,0.0225001,0.0676554,1.00716,1967.31,1.32294,6.55328,0.343885,0.123024,0.0214062,0.011305,0.0265982,0.416186,0.350313,0.358674,0.0576072,1,1,21,85,1,0.334307,0.230323,0.447379,0.148109,1,1939.39,0.00280244,0.173139,0.782334,0.471081,0.05,300,300,300,300,300,300,81,85,240,54,73,81,47,51,59,0
dual_l0,0,91,3,0.419491,0.0700563,0.448763,1.00647,1078.76,0.0640352,3.59567,0.0823213,0.0116043,0.030782,0.0176012,0.0496056,0.539986,0.0970655,0.326881,0.168438,1,1,0,300,0,0.0823213,0.539986,0.326881,0.168438,1,1078.7,0.00280244,0.173139,0.782334,0.471081,0.05,300,300,300,300,300,300,94,300,300,74,78,86,40,44,52,0
dual_l0,0,92,5,0.38077,0.167009,0.436292,1.03081,1841.36,0.561493,6.13599,0.238849,0.0279737,0.0190952,0.0147188,0.0899054,0.403573,0.103913,0.36465,0.34534,1,1,0,217,1,0.146235,0.411451,0.311754,0.188761,1,1832.66,0.00280244,0.173139,0.782334,0.471081,0.05,300,300,300,300,300,300,69,217,300,67,71,79,45,49,57,0
dual_l0,0,93,4,0.246562,0.0728679,-0.309784,1.07934,1143.45,3.01206,3.80144,0.548925,0.0457061,0.0479595,0.00554222,0.0313498,0.255559,0.285369,0.371904,0.522199,1,1,13,149,1,0.0786071,0.190482,0.174112,0.443341,1,1109.32,0.00280244,0.173139,0.782334,0.471081,0.05,300,300,300,300,300,300,64,149,236,54,58,66,42,46,54,0
dual_l0,0,94,4,0.198938,0.137967,0.354441,0.917787,1156.44,0.201643,3.85412,0.15901,0.0117389,0.0280997,0.00544642,0.0201742,0.280275,0.128018,0.215581,0.156825,1,1,14,73,1,0.0894936,0.369264,0.164744,0.184661,1,1135.19,0.00280244,0.173139,0.782334,0.471081,0.05,300,300,300,300,300,300,69,73,300,51,55,63,45,49,57,0
dual_l0,0,95,7,0.0603676,0.185174,0.0854224,0.929905,2157.41,0.324308,7.19029,0.192325,0.0347933,0.0101141,0.0180927,0.0512952,0.142292,0.0835634,0.331357,0.0972416,1,1,0,116,1,0.108629,0.197687,0.178983,0.114472,1,2150.63,0.00280244,0.173139,0.782334,0.471081,0.05,300,300,300,300,300,300,72,116,202,51,55,63,50,54,62,0
dual_l0,0,96,4,0.398263,0.19875,0.494497,1.04494,1262.6,0.471639,4.2071,0.226627,0.0423782,0.0388738,0.0126142,0.0532702,0.345163,0.050975,0.427626,0.218198,1,1,16,300,0,0.226627,0.345163,0.427626,0.218198,1,1262.13,0.00280244,0.173139,0.782334,0.471081,0.05,300,300,300,300,300,300,139,300,300,55,67,89,41,45,53,0
dual_l0,0,97,5,0.432392,0.166741,0.0690376,0.917142,1228.74,0.0847832,4.09553,0.109904,0.0106363,0.0224607,0.0084767,0.0289251,0.210154,0.119294,0.435241,0.115277,1,1,2,111,1,0.119458,0.355041,0.39229,0.155252,1,1219.83,0.00280244,0.173139,0.782334,0.471081,0.05,300,300,300,300,300,300,71,111,272,53,57,65,41,45,53,0
dual_l0,0,98,5,0.454787,0.063934,-0.0420609,1.0181,1781.77,0.106917,5.93887,0.114438,0.0386773,0.0185794,0.0132952,0.0446558,0.230225,0.045499,0.52507,0.201771,1,1,0,177,1,0.283876,0.411129,0.590286,0.415489,1,1772.62,0.00280244,0.173139,0.782334,0.471081,0.05,300,300,300,300,300,300,173,177,300,65,76,84,36,67,75,0
dual_l0,0,99,6,0.600935,0.0962008,0.233901,0.936715,1382.42,0.0447306,4.60791,0.0637175,0.00899525,0.0260474,0.00880833,0.0240683,0.224386,0.0986364,0.611715,0.167267,1,1,2,300,0,0.0637175,0.224386,0.611715,0.167267,1,1382.37,0.00280244,0.173139,0.782334,0.471081,0.05,300,300,300,300,300,300,102,300,300,50,66,74,36,47,55,0
dual_l0,0,100,4,0.530394,0.0903143,0.0514029,0.967287,2089.72,0.238967,6.96492,0.158207,0.101535,0.00775928,0.0142094,0.010399,0.326749,0.208375,0.461491,0.0694877,1,1,30,188,1,0.126198,0.104651,0.387183,0.0946295,1,2084.34,0.00280244,0.173139,0.782334,0.471081,0.05,300,300,300,300,300,300,184,188,300,49,53,61,44,48,56,0
dual_l0,0,101,2,0.320529,0.164775,0.234506,1.03279,2162.91,0.149242,7.2092,0.130483,0.0280792,0.0218805,0.0148237,0.0547599,0.470405,0.0650192,0.43543,0.143729,0,2.03089e-07,0,120,1,0.201588,0.31444,0.447314,0.0258765,1,2150.86,0.00280244,0.173139,0.782334,0.471081,0.05,300,300,300,300,300,300,87,120,300,47,65,92,43,47,55,0
dual_l0,0,102,6,0.540161,0.155586,-0.120244,1.06337,1164.22,1.25201,3.87656,0.357302,0.0742547,0.0258114,0.00298468,0.0295867,0.106797,0.0956047,0.586945,0.329867,1,1,13,136,1,0.248613,0.22054,0.386388,0.301468,1,1148.35,0.00280244,0.173139,0.782334,0.471081,0.05,300,300,300,300,300,300,85,136,160,50,83,91,39,43,51,0
dual_l0,0,103,2,0.457232,0.175764,0.263747,1.09026,1757.49,0.381303,5.85703,0.189185,0.029682,0.020318,0.0120831,0.0210266,0.517168,0.124883,0.418127,0.143566,1,1,18,259,1,0.0924348,0.249817,0.42164,0.179185,1,1754.75,0.00280244,0.173139,0.782334,0.471081,0.05,300,300,300,300,300,300,81,259,300,70,74,82,52,69,77,0
dual_l0,0,104,7,0.313448,0.115665,0.328273,0.950521,1887.61,0.133333,6.29158,0.154604,0.0240482,0.0288796,0.00680621,0.0245475,0.359907,0.132625,0.238002,0.136845,1,1,21,195,1,0.115712,0.283345,0.184144,0.226087,1,1877.32,0.00280244,0.173139,0.782334,0.471081,0.05,300,300,300,300,300,300,186,195,300,59,63,87,47,51,59,0
dual_l0,0,105,0,0.544314,0.133144,-0.130149,0.987984,1362.63,1.2163,4.53805,0.34333,0.0865491,0.0391753,0.00818302,0.038408,0.10484,0.132835,0.437613,0.299309,1,1,1,141,1,0.255621,0.410277,0.582087,0.202165,1,1346.28,0.00280244,0.173139,0.782334,0.471081,0.05,300,300,300,300,300,300,93,141,235,51,55,80,39,43,51,0
dual_l0,0,106,6,0.429342,0.0960314,-0.340866,0.98806,2165.64,3.07846,7.20855,0.564255,0.304925,0.0369197,0.00919163,0.0547335,0.365877,0.191999,0.594294,0.522775,1,1,18,207,1,0.484783,0.35799,0.608655,0.34706,1,2138.37,0.00280244,0.173139,0.782334,0.471081,0.05,300,300,300,300,300,300,92,207,285,53,57,81,42,46,54,0
dual_l0,0,107,1,0.450231,0.0595768,0.321664,0.903738,1826.37,0.00138284,6.0879,0.0160412,0.0111,0.0371256,0.0113922,0.0419862,0.283209,0.0814532,0.415602,0.224515,0,1.20755e-40,25,137,1,0.0771314,0.322292,0.389383,0.0935674,0,1811.31,0.00280244,0.173139,0.782334,0.471081,0.05,300,300,300,300,300,300,101,137,300,52,56,64,37,41,49,0
dual_l0,0,108,0,0.443478,0.00231678,-0.29981,0.908354,1192.64,0.871954,3.97256,0.294313,0.00478609,0.0190903,0.019774,0.0508071,0.380869,0.0829328,0.519092,0.488704,1,1,7,215,1,0.434653,0.368606,0.427951,0.22792,1,1170.75,0.00280244,0.173139,0.782334,0.471081,0.05,300,300,300,300,300,300,140,215,223,52,82,134,39,43,51,0
dual_l0,0,109,1,0.380998,0.19132,-0.35866,1.09357,1251.93,0.783975,4.17049,0.26959,0.188057,0.0433738,0.00538372,0.0323213,0.541077,0.202699,0.371926,0.525899,0,0,0,64,1,0.195828,0.431016,0.392285,0.363228,0,1203.65,0.00280244,0.173139,0.782334,0.471081,0.05,300,300,300,300,300,300,60,64,300,52,56,64,45,49,57,0
dual_l0,0,110,2,0.435811,0.047146,0.0274593,1.07568,976.787,0.711774,3.25358,0.250662,0.13154,0.0405808,0.00544161,0.0169143,0.217708,0.167031,0.395856,0.265273,1,1,4,300,0,0.250662,0.217708,0.395856,0.265273,1,976.075,0.00280244,0.173139,0.782334,0.471081,0.05,300,300,300,300,300,300,151,300,300,62,66,148,41,45,53,0
dual_l0,0,111,4,0.430108,0.189412,0.335902,0.94796,959.901,0.118685,3.19928,0.0909847,0.0127096,0.056585,0.0113085,0.0449965,0.43755,0.143183,0.540891,0.126026,1,1,13,120,1,0.183146,0.197996,0.525797,0.0600345,1,944.289,0.00280244,0.173139,0.782334,0.471081,0.05,300,300,300,300,300,300,82,120,300,64,68,76,29,33,41,0
dual_l0,0,112,6,0.452412,0.100499,-0.445893,1.06477,2182.74,3.18136,7.2652,0.571772,0.332219,0.0200976,0.0095515,0.0277478,0.169445,0.260585,0.472675,0.768366,1,1,17,89,1,0.552589,0.360948,0.3765,0.617918,1,2111.8,0.00280244,0.173139,0.782334,0.471081,0.05,300,300,300,300,300,300,70,89,198,56,60,68,52,56,64,0
dual_l0,0,113,3,0.465147,0.0102467,0.0802397,1.03582,1140.91,0.897182,3.80004,0.289072,0.0914916,0.0175802,0.00793899,0.00752159,0.410134,0.240119,0.302876,0.152185,1,1,4,249,1,0.265664,0.12033,0.540629,0.0130915,1,1134.97,0.00280244,0.173139,0.782334,0.471081,0.05,300,300,300,300,300,300,220,249,257,48,59,88,35,46,54,0
dual_l0,0,114,2,0.261734,0.02644,0.311237,1.06736,2080.31,0.637904,6.93225,0.263639,0.0338212,0.0358832,0.0118662,0.0394178,0.415976,0.296828,0.213126,0.302711,1,1,20,117,1,0.131291,0.331456,0.243373,0.195812,1,2066.36,0.00280244,0.173139,0.782334,0.471081,0.05,300,300,300,300,300,300,94,117,180,57,78,96,38,54,62,0
dual_l0,0,115,2,0.362424,0.156139,0.113804,1.09538,899.677,0.0646877,2.99871,0.078522,0.0284109,0.0311705,0.0184222,0.0453301,0.190494,0.11286,0.624926,0.193039,1,0.990246,21,113,1,0.191038,0.223144,0.291736,0.113975,1,889.603,0.00280244,0.173139,0.782334,0.471081,0.05,300,300,300,300,300,300,64,113,300,47,65,100,28,37,45,0
dual_l0,0,116,5,0.280444,0.199126,-0.0593765,1.03058,1888.87,0.160977,6.29568,0.117424,0.0301657,0.0101895,0.0142444,0.0232166,0.0805352,0.0488105,0.293555,0.211631,1,1,0,89,1,0.212303,0.141812,0.392339,0.199981,1,1876.89,0.00280244,0.173139,0.782334,0.471081,0.05,300,300,300,300,300,300,85,89,300,69,73,81,50,64,72,0
dual_l0,0,117,2,0.545044,0.10804,0.18683,1.06443,1649.02,0.472018,5.49515,0.202779,0.0247256,0.0250731,0.00853525,0.0414413,0.273202,0.231085,0.495535,0.184571,1,1,19,77,1,0.361062,0.101362,0.476923,0.0761764,1,1633.62,0.00280244,0.173139,0.782334,0.471081,0.05,300,300,300,300,300,300,73,77,85,63,67,75,51,55,63,0
dual_l0,0,118,5,0.57331,0.115862,0.346437,0.956545,998.558,0.105943,3.32817,0.0866637,0.0144006,0.0130004,0.0111925,0.032062,0.456482,0.216488,0.611962,0.187898,1,1,0,282,1,0.0802728,0.204237,0.795483,0.203091,1,997.453,0.00280244,0.173139,0.782334,0.471081,0.05,300,300,300,300,300,300,99,282,300,62,73,81,36,48,66,0
dual_l0,0,119,7,0.550234,0.103428,0.0171392,1.05096,1949.74,0.444122,6.49765,0.209776,0.0240632,0.016043,0.0152608,0.0199602,0.14904,0.177013,0.584716,0.131403,1,1,10,210,1,0.143926,0.21971,0.702843,0.160598,1,1945.32,0.00280244,0.173139,0.782334,0.471081,0.05,300,300,300,300,300,300,75,210,300,61,65,73,42,46,54,0
dual_l0,0,120,1,0.491051,0.103772,0.326167,1.08083,1492.03,0.313836,4.97239,0.172593,0.0150317,0.0227528,0.00898517,0.0169749,0.376928,0.192402,0.581299,0.279847,1,1,0,300,0,0.172593,0.376928,0.581299,0.279847,1,1491.72,0.00280244,0.173139,0.782334,0.471081,0.05,300,300,300,300,300,300,89,300,300,47,51,59,41,45,53,0
dual_l0,0,121,3,0.155,0.0864594,0.447545,1.01489,946.47,1.33119,3.15046,0.344631,0.0333456,0.0306018,0.00361305,0.0214074,0.392244,0.294056,0.324514,0.18366,1,1,17,300,0,0.344631,0.392244,0.324514,0.18366,1,945.139,0.00280244,0.173139,0.782334,0.471081,0.05,300,300,300,300,300,300,126,300,300,45,71,79,40,44,52,0
dual_l0,0,122,1,0.258256,0.159277,-0.0531408,0.923701,1838.16,0.342395,6.12606,0.208882,0.0293036,0.0290572,0.013086,0.022826,0.227422,0.202324,0.516723,0.0846826,0,3.18253e-32,30,103,1,0.225922,0.1352,0.291517,0.14127,0,1820.32,0.00280244,0.173139,0.782334,0.471081,0.05,300,300,300,300,300,300,99,103,138,66,70,78,36,59,67,0
dual_l0,0,123,4,0.358232,0.113332,0.303441,0.979209,1868.29,0.0325505,6.22752,0.046829,0.0117878,0.0420486,0.00795,0.0354752,0.350673,0.110246,0.556704,0.33411,1,1,21,288,1,0.162465,0.127907,0.417725,0.223204,1,1867.67,0.00280244,0.173139,0.782334,0.471081,0.05,300,300,300,300,300,300,130,288,300,61,65,73,42,46,54,0
dual_l0,0,124,4,0.333948,0.131044,0.368322,0.93624,1458.13,0.615374,4.85838,0.252992,0.0189496,0.0149005,0.00249779,0.0376034,0.218402,0.16214,0.591203,0.265603,1,1,17,137,1,0.275706,0.636864,0.354407,0.0491213,1,1440.41,0.00280244,0.173139,0.782334,0.471081,0.05,300,300,300,300,300,300,133,137,300,48,90,98,45,49,57,0
dual_l0,0,125,4,0.476448,0.0674466,-0.0184329,0.911413,1594.02,2.10788,5.30636,0.439355,0.036619,0.0403527,0.01527,0.0349582,0.0781801,0.232217,0.382807,0.282672,1,1,39,135,1,0.235527,0.268419,0.444634,0.311354,1,1579.58,0.00280244,0.173139,0.782334,0.471081,0.05,300,300,300,300,300,300,121,135,300,47,51,83,36,49,57,0
dual_l0,0,126,5,0.544885,0.0538348,-0.453117,0.900705,1591.45,5.02367,5.28808,0.705045,0.308216,0.0306044,0.00526191,0.0445067,0.664281,0.266761,0.617496,0.619053,1,1,11,70,1,0.561465,0.413595,0.643654,0.595673,1,1478.03,0.00280244,0.173139,0.782334,0.471081,0.05,300,300,300,300,300,300,50,70,264,42,46,54,34,43,51,0
dual_l0,0,127,4,0.130716,0.0832669,0.266412,0.990079,1821.15,0.13816,6.07003,0.102201,0.0255997,0.0352825,0.0116791,0.0453204,0.38267,0.165793,0.269398,0.0647662,1,1,14,162,1,0.0330364,0.163902,0.18207,0.177306,1,1811.7,0.00280244,0.173139,0.782334,0.471081,0.05,300,300,300,300,300,300,144,162,300,56,60,68,41,45,53,0
dual_l0,0,128,0,0.196907,0.00989924,0.0694762,1.09213,1710.19,0.484416,5.69902,0.211591,0.131676,0.0266134,0.0255163,0.0191368,0.563505,0.403256,0.185023,0.215009,1,1,19,300,0,0.211591,0.563505,0.185023,0.215009,1,1709.7,0.00280244,0.173139,0.782334,0.471081,0.05,300,300,300,300,300,300,126,300,300,56,92,132,51,55,63,0
dual_l0,0,129,3,0.352,0.0659599,-0.0928208,0.960242,2153.69,0.683093,7.17668,0.268514,0.0591376,0.0221828,0.00423043,0.0450234,0.320994,0.306114,0.407212,0.237691,1,1,17,68,1,0.0833905,0.270675,0.367502,0.228757,1,2129.23,0.00280244,0.173139,0.782334,0.471081,0.05,300,300,300,300,300,300,64,68,214,53,57,65,49,53,61,0
dual_l0,0,130,4,0.428024,0.0968585,0.199551,0.982909,1159.51,0.0175798,3.86497,0.0497567,0.016416,0.0369977,0.0071555,0.0227993,0.169895,0.0935971,0.467682,0.0832024,1,1,13,80,1,0.148322,0.243463,0.391692,0.0846927,1,1147.78,0.00280244,0.173139,0.782334,0.471081,0.05,300,300,300,300,300,300,76,80,300,49,53,82,44,48,56,0
dual_l0,0,131,3,0.0862009,0.0750974,-0.227658,0.916202,1566.65,1.99543,5.2155,0.429632,0.284278,0.0502043,0.0100873,0.0254821,0.274956,0.116067,0.163022,0.386409,1,1,11,208,1,0.513275,0.385932,0.171971,0.45738,1,1534.66,0.00280244,0.173139,0.782334,0.471081,0.05,300,300,300,300,300,300,128,208,216,39,68,76,33,37,45,0
dual_l0,0,132,6,0.293609,0.109226,0.29207,0.905336,935.623,0.0795353,3.11848,0.0943146,0.0251733,0.0147178,0.0155799,0.0380571,0.303141,0.128792,0.310195,0.128655,1,1,0,300,0,0.0943146,0.303141,0.310195,0.128655,1,935.543,0.00280244,0.173139,0.782334,0.471081,0.05,300,300,300,300,300,300,93,300,300,52,56,64,32,46,54,0
dual_l0,0,133,0,0.267546,0.182568,-0.198971,0.956263,1535.39,1.2322,5.11385,0.3361,0.0780519,0.0119532,0.0114867,0.0177943,0.28874,0.233342,0.319793,0.368213,1,1,3,123,1,0.194743,0.157052,0.299263,0.348413,1,1514.65,0.00280244,0.173139,0.782334,0.471081,0.05,300,300,300,300,300,300,60,123,154,47,51,59,35,39,47,0
dual_l0,0,134,3,0.281339,0.0660532,0.301246,1.00076,966.013,0.0794682,3.21978,0.0945956,0.00593645,0.0201152,0.00921076,0.0175433,0.486529,0.0489306,0.333382,0.032184,1,1,0,300,0,0.0945956,0.486529,0.333382,0.032184,1,965.933,0.00280244,0.173139,0.782334,0.471081,0.05,300,300,300,300,300,300,195,300,300,73,77,97,35,47,55,0
dual_l0,0,135,0,0.419097,0.119557,-0.374751,1.06635,1481.09,2.35876,4.9291,0.482926,0.214958,0.0380654,0.00724764,0.0350816,0.147967,0.253165,0.326877,0.513862,1,1,0,54,1,0.461906,0.201164,0.629672,0.186456,1,1430.93,0.00280244,0.173139,0.782334,0.471081,0.05,300,300,300,300,300,300,50,54,266,48,52,76,40,44,52,0
dual_l0,0,136,1,0.524284,0.0252642,-0.0594884,0.945971,1242.63,4.53241,4.12699,0.677097,0.123268,0.0169064,0.00782889,0.00717779,0.504486,0.3984,0.542256,0.382767,0,6.2788e-41,10,300,0,0.677097,0.504486,0.542256,0.382767,0,1238.1,0.00280244,0.173139,0.782334,0.471081,0.05,300,300,300,300,300,300,143,300,300,124,128,149,43,47,70,0
dual_l0,0,137,4,0.389664,0.144146,-0.152223,0.989811,1199.37,0.392675,3.9966,0.203884,0.0631972,0.016897,0.0141694,0.02519,0.282846,0.183886,0.463808,0.316669,1,1,30,66,1,0.447619,0.35266,0.419483,0.322942,1,1172.29,0.00280244,0.173139,0.782334,0.471081,0.05,300,300,300,300,300,300,62,66,74,48,52,74,40,44,52,0
dual_l0,0,138,5,0.427948,0.161493,-0.180874,1.04292,1057.34,0.838294,3.52166,0.306309,0.11475,0.0330459,0.015407,0.0161131,0.135317,0.123754,0.511084,0.320609,1,1,0,71,1,0.339899,0.340173,0.66619,0.200351,1,1037.03,0.00280244,0.173139,0.782334,0.471081,0.05,300,300,300,300,300,300,67,71,300,46,55,63,33,37,45,0
dual_l0,0,139,3,0.213317,0.115767,-0.49004,1.09406,1202.78,5.55963,3.99075,0.737628,0.411379,0.0296887,0.021734,0.018975,0.494291,0.13424,0.281168,0.647835,1,1,0,167,1,0.582061,0.619699,0.199836,0.640916,1,1159.82,0.00280244,0.173139,0.782334,0.471081,0.05,300,300,300,300,300,300,87,167,230,50,54,62,37,41,49,0
dual_l0,0,140,4,0.551431,0.184689,0.463273,1.08564,871.874,0.13962,2.90578,0.105707,0.0462207,0.0218666,0.0160255,0.024562,0.456802,0.0489489,0.655803,0.189587,1,1,11,300,0,0.105707,0.456802,0.655803,0.189587,1,871.734,0.00280244,0.173139,0.782334,0.471081,0.05,300,300,300,300,300,300,91,300,300,67,71,95,45,49,69,0
dual_l0,0,141,4,0.390135,0.0293785,-0.445178,0.910315,998.761,14.7506,3.28004,1.20474,0.361786,0.0166013,0.0101328,0.00410502,0.638014,0.459138,0.281713,0.601333,1,1,1,70,1,0.597064,0.678325,0.370972,0.575662,1,870.963,0.00280244,0.173139,0.782334,0.471081,0.05,300,300,300,300,300,300,66,70,134,41,45,53,32,43,51,0
dual_l0,0,142,2,0.555856,0.146848,-0.133017,1.09243,1308.74,0.592081,4.36051,0.258751,0.0501628,0.0122528,0.00584883,0.00134294,0.17554,0.104764,0.631612,0.349638,1,1,0,76,1,0.37106,0.157375,0.536664,0.401198,1,1291.67,0.00280244,0.173139,0.782334,0.471081,0.05,300,300,300,300,300,300,72,76,300,50,54,62,47,51,59,0
dual_l0,0,143,6,0.278675,0.149938,0.451662,1.06935,965.769,0.0607215,3.21903,0.0881139,0.0539882,0.0291335,0.00863765,0.00769309,0.491329,0.184706,0.32478,0.301199,1,1,0,300,0,0.0881139,0.491329,0.32478,0.301199,1,965.708,0.00280244,0.173139,0.782334,0.471081,0.05,300,300,300,300,300,300,116,300,300,66,70,78,38,42,50,0
dual_l0,0,144,0,0.475572,0.177201,-0.407409,0.99081,1786.93,2.1401,5.94931,0.470332,0.300893,0.0262218,0.0167149,0.0269854,0.390511,0.0993412,0.511213,0.616607,1,1,16,79,1,0.544267,0.34896,0.420068,0.579154,1,1716.98,0.00280244,0.173139,0.782334,0.471081,0.05,300,300,300,300,300,300,67,79,286,49,53,75,34,38,46,0
dual_l0,0,145,6,0.566664,0.0721196,-0.416387,0.958551,1466.58,1.51066,4.88357,0.411926,0.229118,0.047685,0.0213557,0.00827844,0.141704,0.296828,0.570797,0.587211,1,1,15,56,1,0.495943,0.203516,0.591954,0.559364,1,1397.17,0.00280244,0.173139,0.782334,0.471081,0.05,300,300,300,300,300,300,52,56,79,48,52,60,41,45,53,0
dual_l0,0,146,0,0.298974,0.166503,0.0602027,1.03703,1341.18,0.253207,4.46975,0.132739,0.0320068,0.0322141,0.00630531,0.0332707,0.323087,0.1626,0.43496,0.0849454,1,1,0,84,1,0.242443,0.249872,0.485926,0.201876,1,1330.81,0.00280244,0.173139,0.782334,0.471081,0.05,300,300,300,300,300,300,72,84,192,57,73,81,39,48,56,0
dual_l0,0,147,4,0.25293,0.0235697,0.44374,1.00884,1330.05,0.276651,4.43259,0.18819,0.0107893,0.0199599,0.00706703,0.0215531,0.324329,0.217561,0.258923,0.171184,1,1,23,300,0,0.18819,0.324329,0.258923,0.171184,1,1329.78,0.00280244,0.173139,0.782334,0.471081,0.05,300,300,300,300,300,300,230,300,300,54,58,152,37,52,60,0
dual_l0,0,148,5,0.219042,0.075115,-0.487367,0.976007,2141.38,2.02049,7.13119,0.464655,0.464655,0.0240493,0.0125507,0.0142543,0.287435,0.232358,0.20706,0.563173,1,1,0,208,1,0.617082,0.550707,0.109733,0.69305,1,2102.79,0.00280244,0.173139,0.782334,0.471081,0.05,300,300,300,300,300,300,56,208,300,52,56,64,46,50,58,0
dual_l0,0,149,7,0.49087,0.187988,-0.432723,0.907305,1636.81,2.06609,5.44913,0.476889,0.132538,0.0371698,0.0140291,0.0314875,0.371293,0.332492,0.669901,0.525294,1,1,0,77,1,0.717612,0.671265,0.514836,0.634362,1,1564.7,0.00280244,0.173139,0.782334,0.471081,0.05,300,300,300,300,300,300,61,77,264,56,60,68,44,48,65,0
dual_l0,0,150,4,0.23773,0.0205528,0.0989499,1.0157,1481.72,0.069649,4.93883,0.0819476,0.0600422,0.0135643,0.0155349,0.0215525,0.352417,0.202487,0.274928,0.195737,1,1,39,143,1,0.148539,0.0818798,0.380224,0.160538,1,1473.55,0.00280244,0.173139,0.782334,0.471081,0.05,300,300,300,300,300,300,98,143,300,54,58,66,49,53,61,0
dual_l0,0,151,3,0.267625,0.116291,0.48739,1.09607,1630.95,0.149438,5.43599,0.132842,0.0349029,0.0281311,0.011268,0.0384741,0.578796,0.0446721,0.148122,0.33511,1,1,19,133,1,0.208794,0.369085,0.406517,0.28002,1,1611.72,0.00280244,0.173139,0.782334,0.471081,0.05,300,300,300,300,300,300,114,133,300,66,70,103,44,48,68,0
dual_l0,0,152,2,0.267748,0.129448,-0.363067,1.09948,2354.17,1.66537,7.84167,0.396677,0.223604,0.0308705,0.00774438,0.019827,0.378049,0.296376,0.292643,0.445584,1,1,1,110,1,0.347786,0.407814,0.456549,0.303842,1,2302.11,0.00280244,0.173139,0.782334,0.471081,0.05,300,300,300,300,300,300,101,110,274,62,71,79,45,49,57,0
dual_l0,0,153,6,0.472283,0.0514235,-0.0310422,0.93934,2236.11,0.604967,7.4517,0.227076,0.165962,0.0222835,0.00887257,0.023677,0.259325,0.234333,0.518708,0.159855,1,1,21,72,1,0.393253,0.324926,0.518526,0.246419,1,2192.88,0.00280244,0.173139,0.782334,0.471081,0.05,300,300,300,300,300,300,68,72,300,48,65,73,46,50,58,0
dual_l0,0,154,3,0.46777,0.0119983,0.0146108,0.929361,1732.8,7.42909,5.75125,0.865137,0.197811,0.0395452,0.0137458,0.0212535,0.560714,0.52923,0.704206,0.135452,1,1,13,300,0,0.865137,0.560714,0.704206,0.135452,1,1725.38,0.00280244,0.173139,0.782334,0.471081,0.05,300,300,300,300,300,300,300,300,300,44,130,300,38,42,50,0
dual_l0,0,155,3,0.474659,0.0668752,-0.351708,1.09197,1352.67,0.754101,4.5064,0.28425,0.108743,0.0367862,0.0108653,0.0393399,0.520992,0.0863369,0.406426,0.510757,1,1,0,72,1,0.57527,0.523851,0.509669,0.560635,1,1304.99,0.00280244,0.173139,0.782334,0.471081,0.05,300,300,300,300,300,300,62,72,300,45,49,57,40,44,52,0
dual_l0,0,156,5,0.439006,0.147897,-0.477624,1.00564,2140.39,4.22769,7.12054,0.66483,0.339567,0.0195115,0.0234075,0.0154069,0.408833,0.186011,0.499284,0.655392,1,1,0,60,1,0.54411,0.411452,0.447429,0.723897,1,2041.72,0.00280244,0.173139,0.782334,0.471081,0.05,300,300,300,300,300,300,56,60,143,50,54,62,35,39,47,0
dual_l0,0,157,6,0.328317,0.183572,0.331077,1.04589,1255.99,0.638392,4.18452,0.254307,0.0245927,0.0190378,0.012811,0.0180819,0.248773,0.155308,0.3141,0.0544514,1,1,3,143,1,0.17564,0.425169,0.350138,0.156024,1,1239.98,0.00280244,0.173139,0.782334,0.471081,0.05,300,300,300,300,300,300,81,143,300,52,64,72,41,54,62,0
dual_l0,0,158,7,0.397925,0.0863057,0.0679777,1.06345,2111.4,0.177176,7.03741,0.141803,0.0275995,0.030808,0.0079061,0.0222035,0.170307,0.108764,0.212553,0.128431,1,1,22,93,1,0.145579,0.126246,0.576787,0.126452,1,2101.31,0.00280244,0.173139,0.782334,0.471081,0.05,300,300,300,300,300,300,80,93,101,54,75,83,48,52,60,0
dual_l0,0,159,0,0.274494,0.160454,-0.424854,1.04687,1189.14,1.84749,3.95765,0.433999,0.241327,0.0158716,0.00720316,0.0312657,0.591593,0.156381,0.426368,0.609728,1,1,0,93,1,0.542956,0.537152,0.438202,0.679069,1,1116.08,0.00280244,0.173139,0.782334,0.471081,0.05,300,300,300,300,300,300,89,93,300,44,48,56,38,42,50,0
dual_l0,0,160,2,0.457623,0.137054,0.359151,1.02534,983.974,0.234604,3.27913,0.158166,0.0181618,0.0400848,0.00689257,0.034598,0.322072,0.0737665,0.160476,0.301949,1,0.502278,1,300,0,0.158166,0.322072,0.160476,0.301949,1,983.74,0.00280244,0.173139,0.782334,0.471081,0.05,300,300,300,300,300,300,83,300,300,52,64,72,47,51,59,0
dual_l0,0,161,3,0.247617,0.0170831,0.243411,1.01299,840.666,0.169841,2.80165,0.136049,0.0302143,0.0159457,0.0126885,0.0176749,0.33448,0.0947693,0.3133,0.0727187,0,6.93906e-27,1,70,1,0.110727,0.413478,0.412404,0.0307012,0,821.191,0.00280244,0.173139,0.782334,0.471081,0.05,300,300,300,300,300,300,66,70,300,49,53,61,42,46,54,0
dual_l0,0,162,3,0.481259,0.136032,-0.437384,0.953037,2140.45,5.94921,7.115,0.743745,0.335875,0.0251655,0.0155139,0.0370452,0.757119,0.514467,0.730016,0.527225,0,2.40661e-05,15,87,1,0.549642,0.449985,0.564573,0.626192,0,2061.7,0.00280244,0.173139,0.782334,0.471081,0.05,300,300,300,300,300,300,61,87,300,52,56,64,40,44,52,0
dual_l0,0,163,6,0.391819,0.0506855,-0.227726,0.959679,1499.89,1.24364,4.9955,0.335432,0.168863,0.0237101,0.00873583,0.0277583,0.337206,0.213018,0.550748,0.336602,1,1,7,111,1,0.18206,0.236847,0.435081,0.408263,1,1460.63,0.00280244,0.173139,0.782334,0.471081,0.05,300,300,300,300,300,300,79,111,243,54,58,91,42,46,54,0
dual_l0,0,164,6,0.555059,0.176269,0.0321871,1.04234,1754.76,0.225906,5.84844,0.167839,0.0206878,0.0206703,0.0256039,0.028745,0.347232,0.117378,0.685687,0.23805,1,1,15,79,1,0.230728,0.245626,0.663418,0.135305,1,1744.64,0.00280244,0.173139,0.782334,0.471081,0.05,300,300,300,300,300,300,58,79,97,57,61,69,46,50,58,0
dual_l0,0,165,2,0.476956,0.132888,0.224128,1.09079,1256.27,0.0296787,4.18747,0.0392275,0.0201442,0.0354385,0.0124113,0.0284483,0.288559,0.138516,0.338555,0.137933,0,2.29012e-34,15,300,0,0.0392275,0.288559,0.338555,0.137933,0,1256.24,0.00280244,0.173139,0.782334,0.471081,0.05,300,300,300,300,300,300,178,300,300,52,56,92,43,47,55,0
dual_l0,0,166,4,0.545898,0.167662,-0.0972729,0.940786,1605.43,0.532498,5.34967,0.235989,0.0781444,0.0391703,0.0066298,0.0312003,0.182205,0.065099,0.598325,0.315199,1,1,19,65,1,0.261479,0.496373,0.604869,0.136436,1,1583.71,0.00280244,0.173139,0.782334,0.471081,0.05,300,300,300,300,300,300,61,65,183,52,62,70,46,50,58,0
dual_l0,0,167,3,0.332857,0.124713,-0.221157,1.04191,1096.9,1.81989,3.65028,0.41661,0.0833776,0.015357,0.0151787,0.0173557,0.476946,0.0316203,0.442739,0.350492,1,0.999545,1,176,1,0.294872,0.294414,0.45499,0.342429,1,1072.63,0.00280244,0.173139,0.782334,0.471081,0.05,300,300,300,300,300,300,70,176,184,57,67,75,44,48,56,0
dual_l0,0,168,6,0.399709,0.109512,0.408055,1.02651,1758.17,0.0786703,5.86032,0.0837471,0.01253,0.0202108,0.00508076,0.0490108,0.303959,0.0987376,0.404781,0.354092,1,1,23,279,1,0.09943,0.186508,0.300873,0.388733,1,1756.46,0.00280244,0.173139,0.782334,0.471081,0.05,300,300,300,300,300,300,120,279,300,66,82,120,45,49,57,0
dual_l0,0,169,7,0.47415,0.142493,-0.3301,0.930501,1803.36,1.16171,6.00733,0.346715,0.170252,0.0281035,0.0158201,0.0385609,0.306826,0.173484,0.487453,0.519054,1,1,7,80,1,0.310368,0.295698,0.522474,0.518822,1,1763.5,0.00280244,0.173139,0.782334,0.471081,0.05,300,300,300,300,300,300,76,80,123,54,58,80,41,45,53,0
dual_l0,0,170,4,0.342889,0.0111725,-0.0323786,1.04115,1149.98,1.6765,3.82767,0.429365,0.0385443,0.0383479,0.013507,0.0361887,0.262717,0.245961,0.307462,0.356766,1,1,12,90,1,0.208965,0.278331,0.294863,0.0607258,1,1122.2,0.00280244,0.173139,0.782334,0.471081,0.05,300,300,300,300,300,300,74,90,300,48,52,60,41,45,53,0
dual_l0,0,171,1,0.498061,0.104874,0.282135,0.903824,1245.81,0.0889766,4.1524,0.0772382,0.0284383,0.0263592,0.00948622,0.0267859,0.269814,0.0684917,0.485544,0.0986192,0,4.57878e-25,2,113,1,0.0761029,0.0752772,0.494582,0.218104,1,1231.19,0.00280244,0.173139,0.782334,0.471081,0.05,300,300,300,300,300,300,100,113,300,44,69,77,39,43,51,0
dual_l0,0,172,6,0.199344,0.154415,0.0828927,0.939536,1193.39,0.351389,3.97679,0.19118,0.0137213,0.033885,0.00840259,0.0262443,0.159664,0.161264,0.139661,0.0587551,1,1,22,105,1,0.146753,0.320922,0.206889,0.0674847,1,1185.24,0.00280244,0.173139,0.782334,0.471081,0.05,300,300,300,300,300,300,101,105,278,49,61,69,34,38,46,0
dual_l0,0,173,0,0.313304,0.107235,0.0522085,0.974509,2142.21,0.455027,7.13918,0.215165,0.0187494,0.0333154,0.0152916,0.0140244,0.334608,0.130406,0.315818,0.120069,1,1,0,94,1,0.209461,0.198321,0.361349,0.170168,1,2131.73,0.00280244,0.173139,0.782334,0.471081,0.05,300,300,300,300,300,300,69,94,300,56,60,68,35,39,47,0
dual_l0,0,174,4,0.422075,0.0449494,0.419293,1.09679,1481.6,0.641506,4.93652,0.239232,0.0180974,0.0323877,0.0147288,0.0159757,0.314976,0.172328,0.496391,0.476158,1,1,42,300,0,0.239232,0.314976,0.496391,0.476158,1,1480.96,0.00280244,0.173139,0.782334,0.471081,0.05,300,300,300,300,300,300,300,300,300,71,75,83,36,66,74,0
dual_l0,0,175,1,0.375296,0.00847425,-0.104552,0.927229,1298,6.20726,4.30596,0.804196,0.360345,0.0244187,0.0103693,0.0513843,0.381153,0.3853,0.373382,0.376319,0,0,0,300,0,0.804196,0.381153,0.373382,0.376319,0,1291.79,0.00280244,0.173139,0.782334,0.471081,0.05,300,300,300,300,300,300,300,300,300,43,47,252,36,40,48,0
dual_l0,0,176,7,0.456261,0.0255399,-0.0558864,1.037,1251.31,2.28964,4.16341,0.498329,0.172727,0.0319224,0.0136105,0.0343575,0.19835,0.206109,0.489562,0.0801492,1,1,1,91,1,0.361044,0.16079,0.790938,0.0655535,1,1208.06,0.00280244,0.173139,0.782334,0.471081,0.05,300,300,300,300,300,300,80,91,300,56,60,68,46,50,58,0
dual_l0,0,177,3,0.35681,0.192959,-0.447543,1.05992,1047.11,4.58671,3.47509,0.689467,0.160593,0.0148518,0.00907464,0.0316235,0.300675,0.132421,0.3553,0.730053,1,1,0,82,1,0.409971,0.190411,0.283287,0.758528,1,974.711,0.00280244,0.173139,0.782334,0.471081,0.05,300,300,300,300,300,300,78,82,187,44,48,56,30,34,42,0
dual_l0,0,178,2,0.432332,0.139265,-0.201458,0.979951,1890.79,1.42562,6.29789,0.376143,0.156802,0.0205506,0.00748329,0.0449351,0.308836,0.297103,0.533967,0.321895,1,1,19,100,1,0.293675,0.466252,0.575691,0.356315,1,1864.97,0.00280244,0.173139,0.782334,0.471081,0.05,300,300,300,300,300,300,73,100,264,51,55,63,44,48,56,0
dual_l0,0,179,2,0.546058,0.138167,-0.304414,1.08492,1732.44,2.94473,5.76499,0.537189,0.148979,0.0158136,0.00928854,0.0323176,0.368354,0.0886928,0.679964,0.479073,1,1,22,69,1,0.49023,0.59967,0.705211,0.36183,1,1683.1,0.00280244,0.173139,0.782334,0.471081,0.05,300,300,300,300,300,300,65,69,300,51,55,74,43,47,55,0
dual_l0,0,180,5,0.402943,0.104072,-0.239525,1.03102,1337.54,1.8061,4.45244,0.426497,0.22614,0.033375,0.00998144,0.0381158,0.229237,0.193649,0.482112,0.387787,1,1,2,130,1,0.404199,0.553428,0.35092,0.372758,1,1304.52,0.00280244,0.173139,0.782334,0.471081,0.05,300,300,300,300,300,300,62,130,300,57,61,69,29,33,41,0
dual_l0,0,181,4,0.324557,0.156846,0.496078,1.06368,2592.57,0.223211,8.64114,0.182445,0.0258956,0.0181453,0.00856858,0.0336231,0.547576,0.0820441,0.23293,0.167574,1,1,61,300,0,0.182445,0.547576,0.23293,0.167574,1,2592.34,0.00280244,0.173139,0.782334,0.471081,0.05,300,300,300,300,300,300,189,300,300,74,78,86,57,68,76,0
dual_l0,0,182,1,0.41049,0.0981926,0.190545,1.03335,1289.37,0.768899,4.29534,0.29558,0.00981037,0.0159767,0.0153597,0.0203618,0.407859,0.162748,0.602934,0.0351833,1,0.978525,0,132,1,0.10763,0.299439,0.473498,0.0346267,1,1276.69,0.00280244,0.173139,0.782334,0.471081,0.05,300,300,300,300,300,300,112,132,210,52,56,92,34,38,59,0
dual_l0,0,183,0,0.47234,0.0608584,-0.339391,0.927808,1092.01,1.66969,3.63446,0.409305,0.343405,0.0214702,0.0145321,0.0191276,0.463989,0.250076,0.351775,0.389279,1,1,15,65,1,0.481703,0.594704,0.485807,0.390512,1,1013.8,0.00280244,0.173139,0.782334,0.471081,0.05,300,300,300,300,300,300,55,65,300,49,53,61,37,41,49,0
dual_l0,0,184,0,0.399959,0.119254,-0.479024,1.06614,1733.82,4.40347,5.76473,0.660001,0.253697,0.0162114,0.0115951,0.0279861,0.631942,0.171446,0.445967,0.617331,1,1,21,127,1,0.722245,0.405276,0.162288,0.610681,1,1657.66,0.00280244,0.173139,0.782334,0.471081,0.05,300,300,300,300,300,300,105,127,163,53,64,101,45,49,57,0
dual_l0,0,185,6,0.431881,0.00468786,-0.116189,0.993016,1389.85,5.5289,4.61442,0.72871,0.197625,0.0105712,0.00476695,0.037856,0.419295,0.421391,0.413715,0.0816485,1,1,7,300,0,0.72871,0.419295,0.413715,0.0816485,1,1384.33,0.00280244,0.173139,0.782334,0.471081,0.05,300,300,300,300,300,300,145,300,300,67,129,137,44,48,56,0
dual_l0,0,186,6,0.395978,0.00931933,-0.43667,1.04902,1432.96,5.02481,4.7598,0.669155,0.397919,0.028949,0.019323,0.0291795,0.596342,0.444443,0.279409,0.719352,1,1,12,141,1,0.488348,0.633995,0.319434,0.620925,1,1367.3,0.00280244,0.173139,0.782334,0.471081,0.05,300,300,300,300,300,300,137,141,149,54,58,86,32,36,57,0
dual_l0,0,187,2,0.374301,0.0721863,0.430648,0.915931,1772.71,0.687129,5.90674,0.272304,0.0261118,0.0242577,0.0128442,0.0255582,0.32065,0.120279,0.338902,0.313742,1,1,18,300,0,0.272304,0.32065,0.338902,0.313742,1,1772.02,0.00280244,0.173139,0.782334,0.471081,0.05,300,300,300,300,300,300,95,300,300,51,77,85,42,46,54,0
dual_l0,0,188,3,0.444106,0.0633949,0.127713,1.02036,1458.89,0.0381407,4.86284,0.0499431,0.0277806,0.0233317,0.0137524,0.0372607,0.228001,0.165058,0.577942,0.0423965,1,1,0,153,1,0.135046,0.342641,0.566158,0.018662,1,1448.69,0.00280244,0.173139,0.782334,0.471081,0.05,300,300,300,300,300,300,66,153,300,59,63,86,41,53,61,0
dual_l0,0,189,2,0.237483,0.18687,-0.0599778,1.03705,877.362,0.469796,2.92297,0.227017,0.0100317,0.0312796,0.0216152,0.0276107,0.140228,0.0516966,0.275581,0.208212,1,1,2,69,1,0.158521,0.266718,0.336517,0.171349,1,864.128,0.00280244,0.173139,0.782334,0.471081,0.05,300,300,300,300,300,300,49,69,222,38,47,55,26,40,48,0
dual_l0,0,190,1,0.501897,0.192414,-0.22021,1.04001,1084.2,0.327882,3.6129,0.197096,0.0317449,0.0136259,0.00441436,0.0341811,0.430896,0.263322,0.442512,0.404087,1,1,2,117,1,0.443062,0.254667,0.504786,0.293457,1,1060.39,0.00280244,0.173139,0.782334,0.471081,0.05,300,300,300,300,300,300,81,117,300,47,51,59,39,43,51,0
dual_l0,0,191,0,0.382468,0.148138,-0.43464,1.03866,1679.66,1.86969,5.59263,0.426016,0.21787,0.016048,0.00996322,0.02219,0.155325,0.235994,0.368719,0.6744,1,1,18,76,1,0.21787,0.354262,0.292927,0.512695,1,1615.07,0.00280244,0.173139,0.782334,0.471081,0.05,300,300,300,300,300,300,72,76,211,52,56,64,41,45,53,0
dual_l0,0,192,0,0.271329,0.16163,0.462692,1.06243,1339.98,0.418463,4.46521,0.216502,0.0237697,0.0302946,0.00597919,0.0178551,0.278006,0.0709863,0.241947,0.304453,1,1,20,288,1,0.109373,0.434392,0.487434,0.251228,1,1338.55,0.00280244,0.173139,0.782334,0.471081,0.05,300,300,300,300,300,300,216,288,300,62,114,144,45,54,62,0
dual_l0,0,193,5,0.266134,0.00703707,-0.176509,1.03016,1934.74,7.27807,6.42487,0.82412,0.236977,0.0109576,0.0165322,0.010923,0.439043,0.409304,0.15742,0.30269,1,1,16,103,1,0.317007,0.364492,0.255093,0.0934402,1,1861.9,0.00280244,0.173139,0.782334,0.471081,0.05,300,300,300,300,300,300,92,103,300,65,69,77,39,43,51,0
dual_l0,0,194,7,0.458854,0.125824,0.397058,0.970621,2072.24,0.05435,6.90727,0.059479,0.0149073,0.0431371,0.018818,0.0271548,0.571181,0.0540524,0.331025,0.14024,1,1,21,172,1,0.196804,0.206414,0.4306,0.238067,1,2062.7,0.00280244,0.173139,0.782334,0.471081,0.05,300,300,300,300,300,300,168,172,300,75,85,93,70,74,82,0
dual_l0,0,195,6,0.439348,0.128212,-0.00982952,1.08778,1398.05,0.176117,4.65958,0.137158,0.0306004,0.0200708,0.0087341,0.0264132,0.171562,0.130707,0.27315,0.163538,1,1,29,73,1,0.223716,0.220958,0.682172,0.173476,1,1388.52,0.00280244,0.173139,0.782334,0.471081,0.05,300,300,300,300,300,300,69,73,248,52,56,64,44,48,56,0
dual_l0,0,196,0,0.458946,0.188885,-0.19503,0.9212,1413.16,0.320871,4.70948,0.175534,0.162976,0.036654,0.0126913,0.0424257,0.208822,0.29736,0.612798,0.406863,1,1,0,73,1,0.414074,0.405592,0.428254,0.416466,1,1382.59,0.00280244,0.173139,0.782334,0.471081,0.05,300,300,300,300,300,300,60,73,168,52,56,64,46,50,58,0
dual_l0,0,197,2,0.366704,0.19453,-0.239064,0.92771,1859.9,0.172521,6.19911,0.118845,0.106995,0.0236087,0.0206502,0.0754016,0.26639,0.221552,0.603201,0.344093,1,1,20,60,1,0.526312,0.474011,0.524869,0.401656,1,1829.37,0.00280244,0.173139,0.782334,0.471081,0.05,300,300,300,300,300,300,56,60,300,44,48,56,35,39,47,0
dual_l0,0,198,6,0.330939,0.01679,-0.0436857,0.943147,2205.86,0.88192,7.34993,0.301326,0.082751,0.043549,0.0111569,0.0110625,0.145149,0.19042,0.403141,0.0728386,1,1,16,95,1,0.322133,0.3321,0.540199,0.127895,1,2184.8,0.00280244,0.173139,0.782334,0.471081,0.05,300,300,300,300,300,300,74,95,300,58,62,70,38,42,50,0
dual_l0,0,199,3,0.288421,0.0742722,-0.370942,0.992868,1497.09,2.09352,4.98333,0.461624,0.314305,0.0307534,0.00950663,0.0244963,0.412589,0.340142,0.545209,0.352138,1,1,16,129,1,0.44197,0.343697,0.257994,0.503644,1,1427.7,0.00280244,0.173139,0.782334,0.471081,0.05,300,300,300,300,300,300,98,129,300,49,53,61,34,38,46,0
dual_l0,0,200,4,0.39333,0.0385997,0.149961,1.03973,1572.13,0.618881,5.23838,0.247356,0.0313809,0.0221647,0.00526134,0.0290711,0.383553,0.240358,0.238956,0.098279,1,1,29,75,1,0.255572,0.212126,0.42891,0.0653173,1,1553.55,0.00280244,0.173139,0.782334,0.471081,0.05,300,300,300,300,300,300,71,75,300,58,62,70,43,47,55,0
dual_l0,0,201,7,0.34508,0.0820432,0.0260674,0.911615,1534.09,0.162671,5.11308,0.10712,0.0368662,0.0152038,0.00907836,0.0284549,0.237872,0.207012,0.469308,0.165782,1,1,22,96,1,0.106203,0.102599,0.488443,0.216504,1,1521.73,0.00280244,0.173139,0.782334,0.471081,0.05,300,300,300,300,300,300,79,96,300,54,66,74,44,48,56,0
dual_l0,0,202,1,0.282835,0.0132288,-0.0493332,1.00673,2572.82,13.5511,8.5309,1.16221,0.504721,0.0296144,0.0104822,0.034045,0.547234,0.859142,0.411268,0.27771,0,6.58428e-25,25,300,0,1.16221,0.547234,0.411268,0.27771,0,2559.27,0.00280244,0.173139,0.782334,0.471081,0.05,300,300,300,300,300,300,300,300,300,81,85,300,59,73,81,0
dual_l0,0,203,0,0.262982,0.147575,0.272366,1.05615,1690.4,0.0282279,5.63458,0.0288369,0.0120462,0.0106402,0.0225217,0.0226598,0.484149,0.0777402,0.243718,0.103943,1,1,23,273,1,0.0927044,0.278812,0.325946,0.0465139,1,1689.11,0.00280244,0.173139,0.782334,0.471081,0.05,300,300,300,300,300,300,222,273,300,53,68,76,38,42,61,0
dual_l0,0,204,2,0.251264,0.12673,0.367648,1.02011,1192.93,0.200644,3.97577,0.102187,0.0148848,0.0301237,0.00665641,0.0225545,0.356903,0.126954,0.181236,0.310729,0,1.68593e-07,-1,126,1,0.143486,0.222852,0.16076,0.220679,0,1175.9,0.00280244,0.173139,0.782334,0.471081,0.05,300,300,300,300,300,300,71,126,300,51,55,63,36,40,48,0
dual_l0,0,205,7,0.414293,0.115268,-0.132117,0.974594,1120.04,0.901634,3.73045,0.304759,0.0535581,0.0304324,0.019545,0.0300037,0.185797,0.164765,0.516357,0.333303,1,1,19,119,1,0.355608,0.408007,0.579713,0.250622,1,1101.58,0.00280244,0.173139,0.782334,0.471081,0.05,300,300,300,300,300,300,104,119,300,45,49,57,31,44,52,0
dual_l0,0,206,5,0.52824,0.0765712,0.331698,0.92456,914.585,0.276582,3.04769,0.183192,0.00557103,0.016114,0.0113294,0.029891,0.452086,0.0438501,0.600359,0.168925,1,1,17,90,1,0.184789,0.146938,0.503011,0.209671,1,894.845,0.00280244,0.173139,0.782334,0.471081,0.05,300,300,300,300,300,300,86,90,300,48,52,60,34,38,46,0
dual_l0,0,207,1,0.380008,0.0651765,0.204053,1.04782,1480.9,0.0614288,4.93612,0.0631776,0.0150127,0.0445832,0.00665237,0.0464407,0.14566,0.276558,0.262088,0.315805,0,1.28387e-25,16,300,0,0.0631776,0.14566,0.262088,0.315805,0,1480.84,0.00280244,0.173139,0.782334,0.471081,0.05,300,300,300,300,300,300,61,300,300,56,60,68,48,52,60,0
dual_l0,0,208,2,0.249788,0.0586839,0.25172,1.03246,802.792,0.132912,2.67553,0.116065,0.00614697,0.0190916,0.0114071,0.0430165,0.208935,0.0403945,0.187787,0.0997178,1,1,7,113,1,0.15356,0.288417,0.181295,0.0532576,1,791.885,0.00280244,0.173139,0.782334,0.471081,0.05,300,300,300,300,300,300,87,113,300,55,59,84,30,34,42,0
dual_l0,0,209,3,0.21243,0.0980783,0.13412,1.05215,1742.78,0.120378,5.80886,0.112603,0.0122095,0.0250233,0.0155151,0.0334636,0.0792847,0.0551062,0.189994,0.0606715,1,1,20,300,0,0.112603,0.0792847,0.189994,0.0606715,1,1742.66,0.00280244,0.173139,0.782334,0.471081,0.05,300,300,300,300,300,300,95,300,300,54,66,95,44,48,56,0
dual_l0,0,210,1,0.54445,0.144207,0.181289,1.08703,2122.5,0.154677,7.07449,0.126523,0.0204736,0.0147629,0.00784469,0.0283274,0.213403,0.06579,0.590798,0.105923,0,6.24178e-12,0,142,1,0.178042,0.424199,0.52689,0.0993412,1,2115.74,0.00280244,0.173139,0.782334,0.471081,0.05,300,300,300,300,300,300,116,142,233,93,97,105,58,73,81,0
dual_l0,0,211,6,0.485506,0.129978,-0.260955,0.995808,1062.6,1.08202,3.53838,0.322123,0.174883,0.0175602,0.00647207,0.0181193,0.325566,0.0892889,0.441205,0.31983,1,1,0,53,1,0.308987,0.410365,0.526437,0.371727,1,1026.2,0.00280244,0.173139,0.782334,0.471081,0.05,300,300,300,300,300,300,49,53,61,45,49,57,34,38,46,0
dual_l0,0,212,4,0.471623,0.195128,0.364158,0.904296,2300.77,0.272358,7.66832,0.135194,0.00699439,0.0301376,0.00501098,0.056501,0.518968,0.15945,0.319537,0.207302,1,1,40,175,1,0.204568,0.328209,0.453928,0.22117,1,2286,0.00280244,0.173139,0.782334,0.471081,0.05,300,300,300,300,300,300,130,175,300,57,61,69,50,54,62,0
dual_l0,0,213,2,0.594101,0.0220807,0.437778,1.02954,1285.87,0.125061,4.28583,0.129281,0.0266437,0.00754577,0.0114274,0.033767,0.567433,0.185357,0.39826,0.0701707,1,1,11,300,0,0.129281,0.567433,0.39826,0.0701707,1,1285.75,0.00280244,0.173139,0.782334,0.471081,0.05,300,300,300,300,300,300,300,300,300,63,83,102,39,43,64,0
dual_l0,0,214,1,0.517049,0.037505,0.379434,0.90455,2022.31,0.15408,6.74053,0.106966,0.0369423,0.030492,0.00839245,0.0115593,0.214763,0.259858,0.576056,0.612749,0,0,-1,300,0,0.106966,0.214763,0.576056,0.612749,0,2022.16,0.00280244,0.173139,0.782334,0.471081,0.05,300,300,300,300,300,300,157,300,300,74,98,106,38,51,59,0
dual_l0,0,215,5,0.292733,0.147024,0.198044,0.966564,1247.08,0.110435,4.15655,0.11017,0.0230269,0.0180161,0.0145096,0.0146039,0.173797,0.0518826,0.392363,0.108285,1,1,0,166,1,0.186428,0.24562,0.343021,0.125759,1,1240.39,0.00280244,0.173139,0.782334,0.471081,0.05,300,300,300,300,300,300,134,166,300,64,68,76,37,49,69,0
dual_l0,0,216,6,0.307077,0.140961,-0.170052,0.951822,1411.58,1.29286,4.70095,0.365017,0.0739284,0.00997734,0.00384046,0.0278119,0.157621,0.142822,0.394188,0.334384,1,1,19,89,1,0.375999,0.38741,0.269613,0.206792,1,1389.74,0.00280244,0.173139,0.782334,0.471081,0.05,300,300,300,300,300,300,71,89,291,60,64,72,39,43,51,0
dual_l0,0,217,4,0.491211,0.175249,-0.169126,0.977942,1585.63,0.843367,5.28262,0.307225,0.0678556,0.0120651,0.0237038,0.031891,0.141372,0.0795485,0.580255,0.445551,1,1,22,86,1,0.202935,0.388306,0.591444,0.364329,1,1563.78,0.00280244,0.173139,0.782334,0.471081,0.05,300,300,300,300,300,300,62,86,94,48,52,60,43,47,55,0
dual_l0,0,218,7,0.370513,0.0526136,0.228466,0.975062,2615.35,0.0304691,8.71774,0.0542752,0.0108994,0.0201027,0.0171342,0.0355235,0.355009,0.214887,0.57391,0.0252107,1,1,24,120,1,0.100944,0.250333,0.548953,0.0859931,1,2607.53,0.00280244,0.173139,0.782334,0.471081,0.05,300,300,300,300,300,300,116,120,300,82,86,94,52,56,64,0
dual_l0,0,219,4,0.20455,0.0919931,0.0046041,1.09293,1626.06,0.00463727,5.42018,0.0336836,0.0336836,0.011198,0.00655597,0.046207,0.332031,0.0681174,0.251318,0.19663,1,1,23,120,1,0.222343,0.465088,0.141873,0.218657,1,1614.76,0.00280244,0.173139,0.782334,0.471081,0.05,300,300,300,300,300,300,66,120,283,51,55,63,40,44,52,0
dual_l0,0,220,3,0.349874,0.181567,-0.0551224,1.09482,1147.7,0.167188,3.8251,0.134907,0.0351058,0.0546708,0.0124624,0.033952,0.236707,0.0487036,0.474168,0.130827,1,1,1,78,1,0.436116,0.345248,0.398224,0.287549,1,1136.72,0.00280244,0.173139,0.782334,0.471081,0.05,300,300,300,300,300,300,74,78,112,61,65,73,45,49,73,0
dual_l0,0,221,3,0.435133,0.12463,-0.396711,1.03218,1554.72,3.16923,5.17182,0.562834,0.322221,0.0413656,0.0108665,0.0272337,0.618161,0.202839,0.400291,0.541999,1,1,0,136,1,0.793785,0.431937,0.458383,0.730282,1,1508.56,0.00280244,0.173139,0.782334,0.471081,0.05,300,300,300,300,300,300,101,136,300,53,57,65,44,55,63,0
dual_l0,0,222,3,0.36023,0.185861,-0.0169778,1.03292,1756.29,0.103553,5.85396,0.119191,0.0160847,0.0408013,0.00501322,0.0207551,0.205404,0.107921,0.326091,0.162813,1,1,12,74,1,0.287273,0.300021,0.37615,0.183334,1,1742.6,0.00280244,0.173139,0.782334,0.471081,0.05,300,300,300,300,300,300,70,74,300,61,65,73,45,54,62,0
dual_l0,0,223,5,0.358293,0.0337697,-0.439343,1.03823,1138.92,6.51533,3.77467,0.796574,0.440881,0.0289336,0.0129143,0.0177593,0.698013,0.341922,0.557598,0.686345,1,1,0,112,1,0.718237,0.596552,0.319748,0.546292,1,1044.91,0.00280244,0.173139,0.782334,0.471081,0.05,300,300,300,300,300,300,100,112,252,50,54,62,34,38,46,0
dual_l0,0,224,3,0.591023,0.162948,0.0421222,1.0548,1272.63,0.0378968,4.24197,0.0375479,0.0132766,0.0424546,0.00664318,0.0328803,0.307849,0.177503,0.659933,0.0428672,1,1,7,76,1,0.0591069,0.451681,0.680727,0.214704,1,1262.01,0.00280244,0.173139,0.782334,0.471081,0.05,300,300,300,300,300,300,72,76,238,49,59,82,41,45,53,0
dual_l0,0,225,2,0.489381,0.137919,-0.205132,1.03397,917.436,0.287689,3.05716,0.182212,0.145328,0.0178432,0.0159568,0.0205206,0.366492,0.0713005,0.599557,0.348126,1,1,0,60,1,0.775457,0.549966,0.59388,0.372219,1,874.024,0.00280244,0.173139,0.782334,0.471081,0.05,300,300,300,300,300,300,56,60,165,45,49,57,37,41,49,0
dual_l0,0,226,4,0.346785,0.130861,-0.0311253,0.961309,1228.52,0.293851,4.09408,0.17389,0.0367444,0.00624506,0.00953422,0.033611,0.188899,0.155209,0.381278,0.184397,1,1,32,83,1,0.225868,0.162215,0.274132,0.10806,1,1215.66,0.00280244,0.173139,0.782334,0.471081,0.05,300,300,300,300,300,300,79,83,91,51,55,63,43,47,55,0
dual_l0,0,227,5,0.175682,0.0286288,-0.0802586,0.940568,1104.1,1.44312,3.67551,0.383427,0.0825132,0.0206058,0.020115,0.0221463,0.140274,0.148773,0.136001,0.28448,1,1,0,145,1,0.272395,0.213268,0.305647,0.133062,1,1092.43,0.00280244,0.173139,0.782334,0.471081,0.05,300,300,300,300,300,300,110,145,179,61,65,106,39,43,51,0
dual_l0,0,228,4,0.372139,0.199057,0.00622857,0.964079,1544.12,0.451466,5.14556,0.21561,0.0434321,0.0210725,0.00778441,0.0455234,0.311002,0.208414,0.330614,0.159994,1,1,18,67,1,0.322182,0.325342,0.49996,0.187833,1,1525.96,0.00280244,0.173139,0.782334,0.471081,0.05,300,300,300,300,300,300,63,67,300,52,56,64,32,36,44,0
dual_l0,0,229,7,0.403615,0.0548317,-0.460014,1.00093,1509.32,5.3081,5.01336,0.714603,0.257185,0.00903413,0.0119041,0.0462411,0.532569,0.383043,0.525705,0.597918,1,1,3,244,1,0.572423,0.36831,0.5631,0.72203,1,1493.79,0.00280244,0.173139,0.782334,0.471081,0.05,300,300,300,300,300,300,58,244,300,53,62,70,50,54,62,0
dual_l0,0,230,0,0.181151,0.195115,-0.366314,0.948752,1755.76,3.55069,5.8407,0.606208,0.320311,0.0156871,0.00556555,0.0384279,0.638582,0.119713,0.219001,0.408632,1,1,19,117,1,0.470746,0.563645,0.191984,0.552268,1,1710.05,0.00280244,0.173139,0.782334,0.471081,0.05,300,300,300,300,300,300,61,117,300,52,56,64,39,52,60,0
dual_l0,0,231,7,0.530775,0.147854,-0.239435,1.09642,1737.66,0.343764,5.79107,0.165025,0.0330234,0.017268,0.00762872,0.0241437,0.41017,0.179147,0.624889,0.420648,1,1,2,113,1,0.413823,0.256073,0.65477,0.420059,1,1720.02,0.00280244,0.173139,0.782334,0.471081,0.05,300,300,300,300,300,300,76,113,300,47,68,76,37,48,56,0
dual_l0,0,232,5,0.395404,0.147821,-0.099721,0.984856,1398.73,0.340765,4.66131,0.203469,0.0650663,0.0120552,0.00750486,0.033436,0.177463,0.162983,0.381885,0.243969,1,1,9,79,1,0.308869,0.103825,0.425994,0.344606,1,1373.34,0.00280244,0.173139,0.782334,0.471081,0.05,300,300,300,300,300,300,61,79,290,49,53,61,33,43,51,0
dual_l0,0,233,6,0.334208,0.0532892,0.0517539,0.963033,2381.02,0.215315,7.93602,0.14476,0.100067,0.0394974,0.0118551,0.0454679,0.25618,0.148333,0.331428,0.0722272,1,1,21,154,1,0.20514,0.111302,0.374606,0.181133,1,2371.41,0.00280244,0.173139,0.782334,0.471081,0.05,300,300,300,300,300,300,103,154,197,59,73,81,43,47,67,0
dual_l0,0,234,7,0.532847,0.0165956,0.15255,0.926007,1845.96,1.51509,6.14814,0.401294,0.113415,0.0121198,0.014689,0.0251118,0.139682,0.123618,0.635741,0.123273,1,1,1,300,0,0.401294,0.139682,0.635741,0.123273,1,1844.44,0.00280244,0.173139,0.782334,0.471081,0.05,300,300,300,300,300,300,300,300,300,58,76,100,44,59,67,0
dual_l0,0,235,2,0.335429,0.158757,0.294397,0.927181,2047.79,0.186086,6.82534,0.142606,0.0337441,0.0146196,0.00781483,0.0474821,0.304019,0.111383,0.39456,0.160989,1,1,25,300,0,0.142606,0.304019,0.39456,0.160989,1,2047.6,0.00280244,0.173139,0.782334,0.471081,0.05,300,300,300,300,300,300,71,300,300,61,65,73,38,50,71,0
dual_l0,0,236,0,0.330068,0.111171,-0.127836,1.00265,889.884,0.752597,2.96377,0.248577,0.0353871,0.0115951,0.0118594,0.0225046,0.279743,0.245494,0.419338,0.20676,1,1,14,192,1,0.227468,0.206364,0.263983,0.150257,1,882.071,0.00280244,0.173139,0.782334,0.471081,0.05,300,300,300,300,300,300,80,192,200,45,57,65,32,45,53,0
dual_l0,0,237,1,0.321865,0.0178815,-0.0820857,1.05529,1656.68,0.140561,5.52181,0.130236,0.0529991,0.010535,0.0221627,0.0388024,0.237784,0.0755448,0.317628,0.236845,0,1.63763e-20,0,106,1,0.32154,0.0386061,0.456682,0.280788,1,1637.57,0.00280244,0.173139,0.782334,0.471081,0.05,300,300,300,300,300,300,102,106,114,48,52,89,46,50,58,0
dual_l0,0,238,3,0.450822,0.00175622,0.179298,1.07767,1166.66,1.1169,3.88516,0.353394,0.0393892,0.0272933,0.00624277,0.0387427,0.344713,0.187107,0.35357,0.0813722,1,1,1,300,0,0.353394,0.344713,0.35357,0.0813722,1,1165.55,0.00280244,0.173139,0.782334,0.471081,0.05,300,300,300,300,300,300,300,300,300,94,98,106,42,54,77,0
dual_l0,0,239,3,0.389855,0.160543,0.274721,1.07469,1176.59,0.319152,3.92092,0.20553,0.0152631,0.0214879,0.0043428,0.0326073,0.499782,0.115884,0.372283,0.0683753,1,1,16,149,1,0.0636826,0.320248,0.463203,0.140383,1,1163.29,0.00280244,0.173139,0.782334,0.471081,0.05,300,300,300,300,300,300,88,149,300,49,75,96,42,46,54,0
dual_l0,0,240,4,0.266968,0.0897546,0.466402,0.903516,1050.64,0.102587,3.50179,0.123655,0.0229853,0.00865285,0.00797515,0.0491929,0.264517,0.110158,0.115395,0.257353,1,1,44,159,1,0.105359,0.264612,0.271418,0.280409,1,1034.2,0.00280244,0.173139,0.782334,0.471081,0.05,300,300,300,300,300,300,65,159,300,52,64,72,28,47,55,0
dual_l0,0,241,0,0.248837,0.0628426,0.0981762,1.0273,1300.72,0.362108,4.33451,0.188227,0.0198322,0.0324749,0.0193216,0.035872,0.149289,0.251463,0.237591,0.19161,1,1,18,125,1,0.221265,0.188235,0.190566,0.0629135,1,1292.61,0.00280244,0.173139,0.782334,0.471081,0.05,300,300,300,300,300,300,67,125,300,61,65,73,45,49,57,0
dual_l0,0,242,5,0.304573,0.0848261,-0.164202,1.02574,1705.94,0.750992,5.68396,0.280934,0.0651494,0.0532108,0.00797412,0.0457287,0.202732,0.0377656,0.40433,0.267852,1,1,0,76,1,0.303711,0.420784,0.384413,0.303873,1,1678.2,0.00280244,0.173139,0.782334,0.471081,0.05,300,300,300,300,300,300,67,76,84,51,66,74,34,38,46,0
dual_l0,0,243,4,0.452787,0.117344,0.014937,1.03906,1525.21,0.584373,5.08207,0.237216,0.0362385,0.0433455,0.0168476,0.0338572,0.241471,0.181384,0.422118,0.221402,1,1,18,99,1,0.267958,0.243899,0.317521,0.1291,1,1513.2,0.00280244,0.173139,0.782334,0.471081,0.05,300,300,300,300,300,300,56,99,107,54,73,81,37,41,59,0
dual_l0,0,244,4,0.314879,0.0996038,0.138993,1.06363,1687.36,0.175737,5.62395,0.119786,0.0130598,0.0461807,0.0170116,0.00908901,0.149622,0.165037,0.249401,0.0995395,1,1,18,189,1,0.114488,0.112307,0.215609,0.0443869,1,1682,0.00280244,0.173139,0.782334,0.471081,0.05,300,300,300,300,300,300,83,189,300,71,75,83,46,50,75,0
dual_l0,0,245,0,0.263911,0.108766,-0.281517,1.00611,1080.81,2.8018,3.59335,0.528095,0.255479,0.0228622,0.0163978,0.0286099,0.318804,0.501632,0.44035,0.427889,1,1,16,76,1,0.371125,0.204705,0.163319,0.454416,1,1021.31,0.00280244,0.173139,0.782334,0.471081,0.05,300,300,300,300,300,300,57,76,190,46,50,58,40,44,52,0
dual_l0,0,246,6,0.496762,0.0136613,0.373571,0.939121,1768.51,2.99322,5.88506,0.544384,0.109193,0.00882997,0.0154451,0.0153102,0.137737,0.458555,0.322033,0.67489,1,1,11,300,0,0.544384,0.137737,0.322033,0.67489,1,1765.52,0.00280244,0.173139,0.782334,0.471081,0.05,300,300,300,300,300,300,300,300,300,78,123,146,49,53,61,0
dual_l0,0,247,4,0.229843,0.0132997,0.194075,1.05208,1412.93,0.0650572,4.70956,0.102505,0.0165342,0.0151409,0.0177206,0.0152117,0.317189,0.0687132,0.468424,0.548453,1,1,14,95,1,0.262741,0.202505,0.133424,0.0577668,1,1393.27,0.00280244,0.173139,0.782334,0.471081,0.05,300,300,300,300,300,300,91,95,103,75,85,93,39,49,57,0
dual_l0,0,248,5,0.35938,0.046694,-0.461951,0.936598,1689.52,6.97839,5.60848,0.829405,0.546993,0.0196688,0.00567932,0.0147311,0.816864,0.136667,0.465702,0.557868,1,1,10,61,1,0.605813,0.603517,0.54788,0.501744,1,1488.08,0.00280244,0.173139,0.782334,0.471081,0.05,300,300,300,300,300,300,57,61,69,48,52,60,38,42,50,0
dual_l0,0,249,3,0.432344,0.0111603,0.365506,0.967456,1409.54,0.505373,4.69678,0.228248,0.0180182,0.0370296,0.0128952,0.0183911,0.510262,0.138498,0.552801,0.212502,1,1,10,146,1,0.306829,0.206262,0.414722,0.150324,1,1387.82,0.00280244,0.173139,0.782334,0.471081,0.05,300,300,300,300,300,300,123,146,300,78,82,90,37,63,71,0
dual_l0,0,250,6,0.519729,0.0134245,-0.456609,1.09444,2142.47,4.03562,7.12811,0.61688,0.409027,0.0293745,0.0135793,0.0377865,0.325843,0.369216,0.441712,0.5759,1,1,18,81,1,0.77832,0.513786,0.362164,0.563625,1,2009.55,0.00280244,0.173139,0.782334,0.471081,0.05,300,300,300,300,300,300,77,81,125,54,58,66,45,49,57,0
dual_l0,0,251,1,0.445883,0.116138,-0.104717,1.01473,2310.89,0.444023,7.70149,0.20946,0.0848949,0.0431287,0.0214301,0.0442602,0.26036,0.0761917,0.472011,0.0938108,1,1,10,112,1,0.115508,0.168502,0.548127,0.12486,1,2296.32,0.00280244,0.173139,0.782334,0.471081,0.05,300,300,300,300,300,300,66,112,185,55,59,67,49,53,61,0
dual_l0,0,252,5,0.455766,0.128923,0.459528,0.986454,1242.99,0.0703994,4.14308,0.0591061,0.0196717,0.0317522,0.00887235,0.0477781,0.154318,0.055482,0.483825,0.3389,1,1,0,300,0,0.0591061,0.154318,0.483825,0.3389,1,1242.92,0.00280244,0.173139,0.782334,0.471081,0.05,300,300,300,300,300,300,91,300,300,48,52,99,39,43,51,0
dual_l0,0,253,0,0.531159,0.0152635,-0.320426,0.955938,1501.07,12.7187,4.96116,1.13678,0.583167,0.0293183,0.0126068,0.0157282,0.363867,0.445601,0.303989,0.140407,1,1,1,300,0,1.13678,0.363867,0.303989,0.140407,1,1488.35,0.00280244,0.173139,0.782334,0.471081,0.05,300,300,300,300,300,300,291,300,300,50,54,84,31,35,43,0
dual_l0,0,254,2,0.395605,0.0678764,0.30129,0.949866,2559.4,0.0511575,8.53117,0.0573866,0.017229,0.0163785,0.0107227,0.0151104,0.266482,0.131949,0.450042,0.231393,0,3.06884e-43,15,300,0,0.0573866,0.266482,0.450042,0.231393,0,2559.35,0.00280244,0.173139,0.782334,0.471081,0.05,300,300,300,300,300,300,103,300,300,62,66,108,49,53,61,0
dual_l0,0,255,0,0.195428,0.0053344,-0.4513,1.06173,2101.29,7.23609,6.98017,0.856143,0.502201,0.0182209,0.0202332,0.0436139,0.202733,0.294118,0.313938,0.60648,1,1,20,300,0,0.856143,0.202733,0.313938,0.60648,1,2094.05,0.00280244,0.173139,0.782334,0.471081,0.05,300,300,300,300,300,300,156,300,300,53,112,120,52,56,64,0
dual_l0,0,256,2,0.362116,0.0635214,-0.414993,0.936322,1745.37,2.93105,5.80813,0.531407,0.347887,0.00966942,0.0124028,0.0340783,0.226461,0.235417,0.465886,0.717315,1,1,20,144,1,0.706197,0.748363,0.42479,0.569823,1,1674.95,0.00280244,0.173139,0.782334,0.471081,0.05,300,300,300,300,300,300,135,144,262,63,78,86,47,51,59,0
dual_l0,0,257,1,0.401548,0.106963,-0.0628724,0.959917,2032.19,0.421582,6.77256,0.207812,0.0867396,0.0269214,0.0185334,0.0376078,0.166306,0.144111,0.43431,0.0797785,0,7.16064e-35,12,83,1,0.228564,0.181254,0.616352,0.191311,1,2012.42,0.00280244,0.173139,0.782334,0.471081,0.05,300,300,300,300,300,300,79,83,300,46,50,58,40,44,52,0
dual_l0,0,258,5,0.479024,0.147195,0.0457387,1.04002,1866.14,0.161785,6.21994,0.135426,0.0265599,0.0269835,0.0112165,0.0197886,0.142443,0.171388,0.423104,0.0976809,1,1,0,99,1,0.30361,0.188434,0.34169,0.112521,1,1850.25,0.00280244,0.173139,0.782334,0.471081,0.05,300,300,300,300,300,300,95,99,300,59,69,77,44,48,56,0
dual_l0,0,259,0,0.304544,0.0423106,0.242233,1.06864,1410.78,0.131745,4.70218,0.120848,0.00610444,0.0235591,0.0215455,0.0402311,0.562038,0.03966,0.315108,0.0657945,1,1,20,300,0,0.120848,0.562038,0.315108,0.0657945,1,1410.65,0.00280244,0.173139,0.782334,0.471081,0.05,300,300,300,300,300,300,122,300,300,53,57,65,45,49,57,0
dual_l0,0,260,6,0.437928,0.196073,0.275792,0.937034,2031.03,0.146871,6.76961,0.116881,0.0168299,0.0165379,0.0168302,0.0138703,0.373122,0.107438,0.519801,0.207499,1,1,16,166,1,0.110272,0.314132,0.556111,0.101666,1,2022.28,0.00280244,0.173139,0.782334,0.471081,0.05,300,300,300,300,300,300,100,166,174,60,76,84,44,48,56,0
dual_l0,0,261,3,0.378486,0.0852083,-0.0255313,1.01488,1748.59,0.258258,5.82779,0.176041,0.0514661,0.0368738,0.0149797,0.0147375,0.343727,0.12591,0.513291,0.00980585,1,1,1,82,1,0.232146,0.133605,0.620184,0.0495497,1,1737.44,0.00280244,0.173139,0.782334,0.471081,0.05,300,300,300,300,300,300,78,82,103,56,60,68,38,53,61,0
dual_l0,0,262,2,0.462172,0.173058,0.423891,0.907924,1612.04,0.29371,5.37248,0.183976,0.0271887,0.0157809,0.0101584,0.0333399,0.383149,0.151682,0.589378,0.198385,1,0.982555,19,300,0,0.183976,0.383149,0.589378,0.198385,1,1611.75,0.00280244,0.173139,0.782334,0.471081,0.05,300,300,300,300,300,300,83,300,300,52,68,76,37,41,49,0
dual_l0,0,263,3,0.476636,0.162298,-0.354084,1.0525,1154.5,1.72058,3.84259,0.40821,0.24691,0.00845538,0.00525825,0.0114874,0.416569,0.066997,0.457169,0.522385,1,1,6,114,1,0.458047,0.579848,0.451536,0.507541,1,1115.89,0.00280244,0.173139,0.782334,0.471081,0.05,300,300,300,300,300,300,49,114,278,42,46,54,34,38,46,0
dual_l0,0,264,3,0.211521,0.166337,-0.203399,0.951073,2217.02,3.32334,7.37901,0.570951,0.212075,0.0250256,0.0164474,0.0198491,0.239999,0.0576561,0.360465,0.330554,1,1,17,103,1,0.324067,0.28584,0.211076,0.585102,1,2178.31,0.00280244,0.173139,0.782334,0.471081,0.05,300,300,300,300,300,300,69,103,300,52,63,71,40,44,52,0
dual_l0,0,265,6,0.202513,0.0638959,0.416599,0.933243,892.555,0.206094,2.9745,0.129116,0.0237636,0.0298462,0.0127482,0.0292461,0.436546,0.0447412,0.302736,0.163918,1,1,20,300,0,0.129116,0.436546,0.302736,0.163918,1,892.349,0.00280244,0.173139,0.782334,0.471081,0.05,300,300,300,300,300,300,86,300,300,59,63,84,39,43,51,0
dual_l0,0,266,3,0.411799,0.192276,0.216276,1.0921,1526.23,0.0365487,5.08732,0.0690537,0.0243145,0.026121,0.0101951,0.0380851,0.276523,0.07462,0.497278,0.118435,1,0.996023,3,73,1,0.192301,0.0992749,0.466184,0.20598,0,1512.27,0.00280244,0.173139,0.782334,0.471081,0.05,300,300,300,300,300,300,69,73,300,52,73,100,44,48,56,0
dual_l0,0,267,4,0.399913,0.187732,-0.330349,0.929547,1851.65,2.6657,6.16329,0.506783,0.257419,0.019896,0.00886518,0.0468819,0.364556,0.0751351,0.39581,0.50324,1,1,24,115,1,0.466804,0.209468,0.406611,0.573469,1,1810.37,0.00280244,0.173139,0.782334,0.471081,0.05,300,300,300,300,300,300,65,115,202,49,53,76,34,38,58,0
dual_l0,0,268,6,0.550999,0.195421,0.283359,0.918454,987.366,0.151098,3.29072,0.143753,0.0224459,0.0226491,0.0182197,0.0525045,0.578583,0.173103,0.642631,0.217794,1,1,1,107,1,0.166061,0.316175,0.596401,0.0871073,1,971.143,0.00280244,0.173139,0.782334,0.471081,0.05,300,300,300,300,300,300,94,107,300,49,53,61,34,38,46,0
dual_l0,0,269,5,0.492692,0.159294,-0.133424,1.0333,860.571,0.739204,2.86611,0.248438,0.0542155,0.0303282,0.018228,0.0234181,0.37527,0.360436,0.477292,0.278204,1,1,9,64,1,0.304986,0.143135,0.614577,0.166779,1,831.494,0.00280244,0.173139,0.782334,0.471081,0.05,300,300,300,300,300,300,60,64,300,45,49,57,40,44,52,0
dual_l0,0,270,4,0.354387,0.11877,0.45736,0.963042,931.929,0.219053,3.1057,0.151308,0.0236476,0.0225528,0.0104729,0.0347385,0.407361,0.192204,0.369128,0.190599,1,1,17,300,0,0.151308,0.407361,0.369128,0.190599,1,931.71,0.00280244,0.173139,0.782334,0.471081,0.05,300,300,300,300,300,300,141,300,300,68,72,96,39,51,59,0
dual_l0,0,271,3,0.0534262,0.085277,-0.186108,1.08413,1471.38,1.58076,4.89932,0.384646,0.0462254,0.0298561,0.0112208,0.0420491,0.313892,0.287006,0.165342,0.279871,1,1,13,103,1,0.376634,0.249329,0.0882649,0.446561,1,1447.19,0.00280244,0.173139,0.782334,0.471081,0.05,300,300,300,300,300,300,83,103,197,59,63,71,38,42,50,0
dual_l0,0,272,3,0.435916,0.0145644,0.357593,1.01026,1970.01,0.388724,6.56542,0.176591,0.0334015,0.0140179,0.0182201,0.0364399,0.415776,0.395348,0.365434,0.405071,0,9.10145e-32,13,300,0,0.176591,0.415776,0.365434,0.405071,0,1969.63,0.00280244,0.173139,0.782334,0.471081,0.05,300,300,300,300,300,300,158,300,300,60,104,163,36,40,66,0
dual_l0,0,273,7,0.438393,0.0388724,0.262398,1.01123,1678.17,0.29809,5.59292,0.17607,0.0200034,0.0226333,0.00990235,0.0372436,0.405868,0.0745549,0.507311,0.128499,1,1,1,158,1,0.081837,0.182269,0.526966,0.212243,1,1668.4,0.00280244,0.173139,0.782334,0.471081,0.05,300,300,300,300,300,300,101,158,300,69,82,90,58,62,70,0
dual_l0,0,274,5,0.500207,0.175546,-0.255935,0.973981,1239.48,1.79259,4.12562,0.429471,0.203805,0.0203637,0.0129933,0.0231986,0.386407,0.372316,0.48859,0.314407,1,1,1,72,1,0.429127,0.411649,0.608701,0.440045,1,1201.86,0.00280244,0.173139,0.782334,0.471081,0.05,300,300,300,300,300,300,68,72,80,49,58,66,40,49,57,0
dual_l0,0,275,0,0.436104,0.125243,0.13076,0.996454,2275.45,0.0447326,7.58469,0.0688296,0.0202673,0.0242097,0.00680173,0.028869,0.13463,0.109619,0.335873,0.0385862,1,1,1,147,1,0.0702412,0.449648,0.495075,0.0827224,1,2268.6,0.00280244,0.173139,0.782334,0.471081,0.05,300,300,300,300,300,300,93,147,300,80,84,92,50,66,74,0
dual_l0,0,276,1,0.355877,0.081511,0.283838,1.07678,2036.63,0.159001,6.78824,0.116854,0.00754765,0.029053,0.0120831,0.0267468,0.199327,0.157492,0.29508,0.138444,0,7.3376e-23,0,116,1,0.0269711,0.248492,0.221615,0.23353,1,2020.32,0.00280244,0.173139,0.782334,0.471081,0.05,300,300,300,300,300,300,112,116,277,67,71,79,56,60,68,0
dual_l0,0,277,7,0.349926,0.0967251,-0.182095,1.03274,1870.53,0.999948,6.23178,0.314819,0.190189,0.0180753,0.00923951,0.0559415,0.526277,0.199728,0.381222,0.255438,1,1,12,112,1,0.37018,0.229756,0.456975,0.367269,1,1834.55,0.00280244,0.173139,0.782334,0.471081,0.05,300,300,300,300,300,300,108,112,134,62,83,104,49,53,61,0
dual_l0,0,278,1,0.53308,0.151457,-0.0105664,1.03216,2364.53,0.0816784,7.8815,0.10196,0.0255926,0.0315069,0.0163838,0.0298526,0.155786,0.132553,0.407535,0.169807,0,1.6892e-22,13,90,1,0.299344,0.268394,0.405319,0.0585856,0,2357.44,0.00280244,0.173139,0.782334,0.471081,0.05,300,300,300,300,300,300,86,90,300,53,67,75,49,53,61,0
dual_l0,0,279,6,0.426132,0.148291,0.235948,1.01288,983.783,0.411029,3.27791,0.216618,0.0347139,0.0111885,0.00585491,0.029446,0.235288,0.144475,0.520113,0.179733,1,1,0,91,1,0.13384,0.280783,0.452169,0.0485118,1,969.448,0.00280244,0.173139,0.782334,0.471081,0.05,300,300,300,300,300,300,57,91,300,43,47,55,35,39,47,0
dual_l0,0,280,7,0.299946,0.152675,0.483055,1.01154,1042.29,0.217552,3.47357,0.112218,0.0188333,0.0331652,0.0150411,0.0234792,0.837017,0.15142,0.370565,0.176741,1,1,0,300,0,0.112218,0.837017,0.370565,0.176741,1,1042.07,0.00280244,0.173139,0.782334,0.471081,0.05,300,300,300,300,300,300,267,300,300,60,64,106,45,49,57,0
dual_l0,0,281,1,0.572325,0.0437863,-0.127511,1.08677,1649.82,1.00628,5.49604,0.290943,0.0851336,0.0117319,0.0108126,0.0206566,0.228768,0.203778,0.671649,0.232899,1,1,1,80,1,0.601539,0.359045,0.62856,0.186681,1,1560.89,0.00280244,0.173139,0.782334,0.471081,0.05,300,300,300,300,300,300,76,80,88,64,68,76,51,62,70,0
dual_l0,0,282,7,0.268432,0.0194303,-0.448892,0.987931,1026.65,6.63722,3.40005,0.804604,0.240989,0.0254375,0.00549412,0.0235861,0.517394,0.109397,0.432992,0.704697,1,1,9,61,1,0.828175,0.679114,0.402241,0.583867,1,911.397,0.00280244,0.173139,0.782334,0.471081,0.05,300,300,300,300,300,300,57,61,188,46,50,58,37,41,49,0
dual_l0,0,283,5,0.184489,0.164452,0.102561,1.00371,1270.79,0.382843,4.2347,0.191555,0.0102008,0.036249,0.00956093,0.01659,0.158781,0.112144,0.17204,0.0849644,1,1,2,83,1,0.1515,0.372847,0.247363,0.01919,1,1261.63,0.00280244,0.173139,0.782334,0.471081,0.05,300,300,300,300,300,300,79,83,300,53,57,65,41,54,62,0
dual_l0,0,284,1,0.487219,0.038913,0.347239,0.941858,2032.04,0.496266,6.77181,0.221978,0.0130408,0.0215147,0.00825951,0.0407896,0.395879,0.131492,0.487195,0.212137,0,6.13551e-34,1,300,0,0.221978,0.395879,0.487195,0.212137,0,2031.54,0.00280244,0.173139,0.782334,0.471081,0.05,300,300,300,300,300,300,74,300,300,62,66,74,34,38,62,0
dual_l0,0,285,2,0.477227,0.138295,0.199091,0.946541,2057.8,0.118371,6.85895,0.135357,0.0187231,0.0147752,0.0140076,0.0269189,0.453922,0.060234,0.525073,0.0798609,1,0.909238,1,114,1,0.182504,0.294704,0.560118,0.158743,1,2045.2,0.00280244,0.173139,0.782334,0.471081,0.05,300,300,300,300,300,300,68,114,300,64,68,76,51,55,63,0
dual_l0,0,286,7,0.227774,0.0373785,-0.406291,0.907295,1624.17,3.69409,5.40157,0.615199,0.499143,0.0373201,0.0108285,0.00879102,0.490639,0.172561,0.358486,0.602018,1,1,23,234,1,0.649169,0.609827,0.472905,0.453421,1,1592.44,0.00280244,0.173139,0.782334,0.471081,0.05,300,300,300,300,300,300,83,234,300,56,60,68,40,50,58,0
dual_l0,0,287,1,0.401076,0.166059,0.425251,0.956758,1837.81,0.378737,6.12476,0.211351,0.0430788,0.0193336,0.0164865,0.0280064,0.371233,0.145695,0.616909,0.33728,0,4.02793e-31,24,300,0,0.211351,0.371233,0.616909,0.33728,0,1837.43,0.00280244,0.173139,0.782334,0.471081,0.05,300,300,300,300,300,300,186,300,300,63,79,87,39,43,51,0
dual_l0,0,288,5,0.46492,0.174336,-0.426207,0.95184,2011.69,3.00962,6.69561,0.55505,0.0811957,0.0476082,0.00904469,0.0339381,0.528164,0.226272,0.451027,0.588585,1,1,0,74,1,0.439229,0.321704,0.455398,0.49253,1,1947.86,0.00280244,0.173139,0.782334,0.471081,0.05,300,300,300,300,300,300,57,74,300,53,57,65,47,51,59,0
dual_l0,0,289,6,0.123095,0.160581,0.468955,1.02931,1492.94,0.17294,4.97589,0.111003,0.0257649,0.0241072,0.0205155,0.0189058,0.700886,0.112017,0.183391,0.297854,1,1,12,281,1,0.162555,0.275959,0.167401,0.365851,1,1490.05,0.00280244,0.173139,0.782334,0.471081,0.05,300,300,300,300,300,300,142,281,300,50,54,78,31,35,52,0
dual_l0,0,290,1,0.181357,0.120345,-0.238569,0.916802,1242.75,0.787665,4.13989,0.27987,0.121514,0.0125638,0.0117117,0.0241139,0.072618,0.0863769,0.15476,0.343933,1,0.999993,0,64,1,0.21616,0.371321,0.0886106,0.388698,1,1205.91,0.00280244,0.173139,0.782334,0.471081,0.05,300,300,300,300,300,300,55,64,93,49,53,61,29,44,61,0
dual_l0,0,291,2,0.455643,0.164817,0.0511178,0.93873,2090.74,0.203482,6.96845,0.139014,0.0183447,0.0291611,0.0115723,0.0287045,0.11676,0.0508694,0.340932,0.12433,1,0.807979,0,129,1,0.0937023,0.381281,0.4393,0.179082,1,2082.28,0.00280244,0.173139,0.782334,0.471081,0.05,300,300,300,300,300,300,54,129,300,50,54,62,35,46,54,0
dual_l0,0,292,1,0.147897,0.0721167,-0.0114566,1.0772,918.465,0.191667,3.06091,0.121014,0.0366625,0.0181178,0.0133277,0.0366437,0.269405,0.151688,0.211709,0.117105,0,5.47535e-30,0,233,1,0.052402,0.168763,0.281468,0.156841,0,915.789,0.00280244,0.173139,0.782334,0.471081,0.05,300,300,300,300,300,300,57,233,300,55,59,67,41,57,65,0
dual_l0,0,293,7,0.343813,0.00211082,0.304754,1.07182,2268.63,0.220385,7.56137,0.146629,0.00560612,0.0189117,0.0179566,0.0328643,0.147203,0.215276,0.174677,0.429393,1,1,22,113,1,0.246966,0.270925,0.258668,0.107533,1,2249.25,0.00280244,0.173139,0.782334,0.471081,0.05,300,300,300,300,300,300,109,113,300,67,71,89,55,59,67,0
dual_l0,0,294,1,0.436257,0.196681,0.158521,1.0084,2113.64,0.0221755,7.0454,0.0679516,0.0195607,0.0181029,0.0263376,0.0381988,0.479954,0.0894669,0.332714,0.116398,0,2.78299e-21,22,102,1,0.202444,0.418001,0.401585,0.074987,0,2102.3,0.00280244,0.173139,0.782334,0.471081,0.05,300,300,300,300,300,300,98,102,300,45,49,91,40,44,52,0
dual_l0,0,295,6,0.502346,0.0633524,-0.317046,1.0635,1771.08,1.79283,5.89762,0.443068,0.283475,0.0293224,0.0115331,0.0257928,0.256876,0.087083,0.618985,0.415493,1,1,14,88,1,0.613485,0.516771,0.565684,0.45263,1,1705.89,0.00280244,0.173139,0.782334,0.471081,0.05,300,300,300,300,300,300,84,88,170,50,54,78,42,46,54,0
dual_l0,0,296,3,0.101578,0.101005,0.122489,0.948285,1788.15,0.0265198,5.9604,0.0387991,0.0265925,0.0216378,0.015238,0.035422,0.124387,0.211475,0.159089,0.0906776,1,0.999997,18,118,1,0.0634305,0.232305,0.200817,0.0869945,1,1780.3,0.00280244,0.173139,0.782334,0.471081,0.05,300,300,300,300,300,300,114,118,300,50,60,83,39,51,59,0
dual_l0,0,297,5,0.246398,0.0419824,-0.265265,1.06381,1123.18,4.1824,3.73001,0.644893,0.328595,0.0217775,0.0104976,0.0219377,0.450075,0.313387,0.287057,0.205886,1,1,17,69,1,0.457171,0.432514,0.115548,0.446289,1,1064.22,0.00280244,0.173139,0.782334,0.471081,0.05,300,300,300,300,300,300,65,69,256,58,62,70,43,47,55,0
dual_l0,0,298,2,0.415613,0.128932,-0.25884,0.915773,1496.44,4.78354,4.97219,0.706197,0.231309,0.0384501,0.0226643,0.0308519,0.425423,0.245194,0.472097,0.464218,1,1,1,69,1,0.351842,0.123375,0.517218,0.376126,1,1447.99,0.00280244,0.173139,0.782334,0.471081,0.05,300,300,300,300,300,300,65,69,148,51,55,72,43,47,55,0
dual_l0,0,299,3,0.395114,0.0887869,-0.356972,0.935671,1751.91,3.27051,5.82879,0.560892,0.294638,0.0298888,0.00676749,0.0202817,0.419912,0.241326,0.546517,0.401609,1,1,18,70,1,0.548565,0.643809,0.518965,0.488671,1,1666.65,0.00280244,0.173139,0.782334,0.471081,0.05,300,300,300,300,300,300,66,70,206,53,57,65,47,51,59,0
dual_l0,0,300,7,0.545583,0.0509667,-0.0769143,1.03829,2673.23,2.94159,8.90096,0.550709,0.208099,0.0238016,0.0118682,0.0364774,0.180984,0.191582,0.670591,0.163343,1,1,19,300,0,0.550709,0.180984,0.670591,0.163343,1,2670.29,0.00280244,0.173139,0.782334,0.471081,0.05,300,300,300,300,300,300,125,300,300,64,78,86,53,57,65,0
dual_l0,0,301,7,0.326847,0.162787,0.415959,1.00955,929.382,0.193854,3.09729,0.135609,0.0270287,0.0190834,0.01462,0.0317161,0.213606,0.100537,0.497684,0.303992,1,1,11,93,1,0.160992,0.344422,0.250329,0.25938,1,902.052,0.00280244,0.173139,0.782334,0.471081,0.05,300,300,300,300,300,300,89,93,300,70,74,82,44,48,56,0
dual_l0,0,302,3,0.21052,0.100972,0.0916461,0.961658,1732.46,0.160173,5.77435,0.128453,0.020865,0.0526125,0.0072622,0.00915651,0.16595,0.108869,0.302688,0.190143,1,1,19,99,1,0.263749,0.168038,0.2947,0.0270297,1,1722.53,0.00280244,0.173139,0.782334,0.471081,0.05,300,300,300,300,300,300,90,99,166,50,54,81,39,43,51,0
dual_l0,0,303,7,0.182626,0.141414,-0.181697,0.971317,1177.02,1.21867,3.91933,0.352772,0.136683,0.0309519,0.00836553,0.0254591,0.0911824,0.177191,0.169398,0.376547,1,1,0,86,1,0.334389,0.396225,0.110029,0.197963,1,1148.48,0.00280244,0.173139,0.782334,0.471081,0.05,300,300,300,300,300,300,77,86,270,48,52,60,44,48,56,0
dual_l0,0,304,2,0.237945,0.0479714,0.411457,0.95497,1542.72,0.278049,5.14148,0.14344,0.0184881,0.0200022,0.00953816,0.0356618,0.296382,0.066847,0.217069,0.332905,0,1.38029e-13,1,85,1,0.155427,0.7205,0.199676,0.331885,1,1515.97,0.00280244,0.173139,0.782334,0.471081,0.05,300,300,300,300,300,300,81,85,300,60,64,89,47,51,59,0
dual_l0,0,305,2,0.252399,0.0172296,0.313441,0.906717,1247.26,0.461036,4.15601,0.200846,0.0112457,0.0261845,0.00562662,0.0371034,0.565,0.14935,0.238347,0.156701,1,1,0,300,0,0.200846,0.565,0.238347,0.156701,1,1246.8,0.00280244,0.173139,0.782334,0.471081,0.05,300,300,300,300,300,300,280,300,300,68,72,139,36,59,67,0
dual_l0,0,306,6,0.467569,0.107255,-0.481354,1.06718,2229.11,3.11388,7.42,0.569358,0.269062,0.0260433,0.0139679,0.0187072,0.358365,0.414456,0.508483,0.611118,1,1,19,124,1,0.580104,0.716037,0.444099,0.64186,1,2160.56,0.00280244,0.173139,0.782334,0.471081,0.05,300,300,300,300,300,300,78,124,180,54,58,66,44,48,56,0
dual_l0,0,307,3,0.398972,0.0520685,0.411439,0.927532,1038.43,0.488171,3.45979,0.23769,0.0414456,0.0307574,0.00730534,0.0388798,0.685202,0.184921,0.569166,0.399812,1,1,0,300,0,0.23769,0.685202,0.569166,0.399812,1,1037.94,0.00280244,0.173139,0.782334,0.471081,0.05,300,300,300,300,300,300,97,300,300,49,69,77,39,43,51,0
dual_l0,0,308,0,0.374931,0.183499,-0.297567,1.00433,1558.35,1.0022,5.19115,0.322443,0.177336,0.0132674,0.0105931,0.0181386,0.257081,0.178769,0.421614,0.406509,1,1,16,76,1,0.308256,0.186094,0.491934,0.380314,1,1515.5,0.00280244,0.173139,0.782334,0.471081,0.05,300,300,300,300,300,300,72,76,300,43,57,65,42,46,54,0
dual_l0,0,309,6,0.259577,0.0483614,0.391565,0.96537,1708.35,0.0632006,5.6943,0.0763959,0.0142484,0.0302362,0.00706513,0.0131156,0.260754,0.119489,0.587579,0.349697,1,1,19,300,0,0.0763959,0.260754,0.587579,0.349697,1,1708.29,0.00280244,0.173139,0.782334,0.471081,0.05,300,300,300,300,300,300,300,300,300,63,103,111,36,45,67,0
dual_l0,0,310,6,0.34319,0.188561,0.392175,0.955526,2006.36,0.0908616,6.68756,0.136025,0.0572959,0.0164503,0.00277213,0.0436002,0.755713,0.178919,0.311703,0.0717686,1,1,18,254,1,0.172676,0.262699,0.329837,0.075678,1,2001.23,0.00280244,0.173139,0.782334,0.471081,0.05,300,300,300,300,300,300,134,254,300,71,84,105,50,54,71,0
dual_l0,0,311,2,0.387914,0.115589,-0.290375,1.06352,1916.99,1.46869,6.38506,0.376943,0.0796897,0.0279914,0.0165834,0.019529,0.232262,0.285385,0.309185,0.352206,1,1,16,70,1,0.138107,0.385658,0.492431,0.464196,1,1877.93,0.00280244,0.173139,0.782334,0.471081,0.05,300,300,300,300,300,300,66,70,300,60,64,72,40,44,52,0
dual_l0,0,312,7,0.559899,0.192461,0.444658,0.935214,940.281,0.0827703,3.134,0.100272,0.00921789,0.0290175,0.00975009,0.022503,0.345899,0.0479462,0.546879,0.239546,1,1,1,153,1,0.105795,0.203764,0.605055,0.205482,1,922.287,0.00280244,0.173139,0.782334,0.471081,0.05,300,300,300,300,300,300,149,153,300,52,56,64,37,50,58,0
dual_l0,0,313,6,0.179252,0.0296194,0.126633,1.00058,1888.62,0.772941,6.29283,0.269088,0.0875969,0.00983012,0.0156246,0.0110307,0.177176,0.334788,0.295797,0.0546895,1,1,15,300,0,0.269088,0.177176,0.295797,0.0546895,1,1887.85,0.00280244,0.173139,0.782334,0.471081,0.05,300,300,300,300,300,300,300,300,300,88,92,100,41,56,77,0
dual_l0,0,314,1,0.540821,0.156638,0.228906,1.05045,1182.7,0.0225237,3.94227,0.0506589,0.0102815,0.0207996,0.00379135,0.0271867,0.311355,0.0393088,0.555121,0.075149,0,5.64756e-24,4,80,1,0.205034,0.274678,0.726817,0.0837938,1,1169.68,0.00280244,0.173139,0.782334,0.471081,0.05,300,300,300,300,300,300,76,80,300,47,78,86,39,43,51,0
dual_l0,0,315,2,0.546518,0.0208903,0.1868,0.999325,926.037,0.408906,3.08543,0.180824,0.015402,0.00404504,0.0106057,0.0527046,0.40661,0.144288,0.491064,0.0591638,1,1,1,226,1,0.0569826,0.306635,0.602476,0.211851,1,921.96,0.00280244,0.173139,0.782334,0.471081,0.05,300,300,300,300,300,300,222,226,300,50,54,89,34,38,59,0
dual_l0,0,316,6,0.379898,0.0990158,0.136911,0.946002,1537.05,0.299901,5.12249,0.177373,0.0181549,0.0427405,0.00538684,0.0241558,0.285449,0.153274,0.282449,0.21023,1,1,8,79,1,0.126847,0.133666,0.383665,0.137646,1,1524.54,0.00280244,0.173139,0.782334,0.471081,0.05,300,300,300,300,300,300,75,79,300,56,60,68,35,39,47,0
dual_l0,0,317,0,0.476567,0.0097481,-0.144267,1.06707,2278.76,6.09444,7.57556,0.783826,0.577492,0.015937,0.0106585,0.0252821,0.351639,0.429179,0.579417,0.111363,1,1,25,300,0,0.783826,0.351639,0.579417,0.111363,1,2272.67,0.00280244,0.173139,0.782334,0.471081,0.05,300,300,300,300,300,300,300,300,300,66,169,300,55,59,67,0
dual_l0,0,318,0,0.30634,0.060388,-0.0259303,1.00354,1966.63,0.40198,6.55409,0.18604,0.0308806,0.0278034,0.0114514,0.0413955,0.169333,0.181456,0.439752,0.187477,1,1,0,110,1,0.304294,0.261677,0.386292,0.0551999,1,1955.22,0.00280244,0.173139,0.782334,0.471081,0.05,300,300,300,300,300,300,95,110,300,63,67,75,47,51,68,0
dual_l0,0,319,6,0.279795,0.108873,0.45566,0.939115,1318.32,0.164368,4.39385,0.08583,0.0303725,0.0267184,0.0139819,0.028713,0.615866,0.117516,0.345713,0.240814,1,1,8,282,1,0.0737351,0.5051,0.143033,0.421388,1,1316.81,0.00280244,0.173139,0.782334,0.471081,0.05,300,300,300,300,300,300,83,282,300,50,54,90,44,48,56,0
dual_l0,0,320,6,0.345015,0.0714431,-0.328829,0.932712,1219.75,3.00355,4.05581,0.551823,0.255731,0.015429,0.0092638,0.0283095,0.396717,0.257083,0.207546,0.450537,1,1,22,136,1,0.454938,0.216009,0.445324,0.497753,1,1177.64,0.00280244,0.173139,0.782334,0.471081,0.05,300,300,300,300,300,300,73,136,289,47,51,59,40,44,52,0
dual_l0,0,321,6,0.406561,0.0892274,0.165769,1.0385,1168.59,0.0246916,3.89521,0.0628127,0.0146813,0.0203166,0.0141869,0.0369804,0.43253,0.0656634,0.256975,0.0669067,1,1,2,202,1,0.0955727,0.210729,0.499482,0.0694139,1,1164.56,0.00280244,0.173139,0.782334,0.471081,0.05,300,300,300,300,300,300,89,202,300,54,58,66,36,40,48,0
dual_l0,0,322,1,0.523314,0.159051,-0.204874,1.00311,1429.36,1.58631,4.75924,0.388126,0.131039,0.0267578,0.00432647,0.0250265,0.523763,0.188071,0.678693,0.374869,0,3.86943e-15,2,103,1,0.336666,0.190425,0.661878,0.259845,1,1404.67,0.00280244,0.173139,0.782334,0.471081,0.05,300,300,300,300,300,300,83,103,291,50,54,76,37,41,49,0
dual_l0,0,323,1,0.465792,0.151202,-0.385597,1.01357,1221.93,1.5627,4.0679,0.418798,0.212376,0.0483362,0.00541039,0.0633403,0.453127,0.312924,0.543412,0.520791,0,2.86147e-34,1,135,1,0.419982,0.505053,0.454095,0.501586,0,1174.72,0.00280244,0.173139,0.782334,0.471081,0.05,300,300,300,300,300,300,84,135,300,73,87,95,43,54,62,0
dual_l0,0,324,2,0.528964,0.137695,0.214005,0.956281,1374.53,0.00623333,4.58175,0.0239758,0.0146414,0.0287939,0.00270724,0.0283778,0.373828,0.121335,0.500004,0.065609,1,1,12,136,1,0.198051,0.35671,0.516796,0.147641,1,1366.19,0.00280244,0.173139,0.782334,0.471081,0.05,300,300,300,300,300,300,72,136,300,60,64,72,44,48,56,0
dual_l0,0,325,2,0.417285,0.0148537,0.184198,1.09749,1598.71,0.539216,5.32722,0.212491,0.126028,0.0328784,0.0127023,0.0155229,0.497189,0.322864,0.536325,0.282501,1,1,28,300,0,0.212491,0.497189,0.536325,0.282501,1,1598.17,0.00280244,0.173139,0.782334,0.471081,0.05,300,300,300,300,300,300,259,300,300,55,59,67,51,55,63,0
dual_l0,0,326,5,0.470452,0.0572531,-0.406424,0.986988,1375.14,3.02589,4.57372,0.563345,0.242879,0.0227813,0.0176129,0.0313673,0.62042,0.18722,0.33889,0.522343,1,1,24,69,1,0.490216,0.50755,0.370385,0.444883,1,1294.69,0.00280244,0.173139,0.782334,0.471081,0.05,300,300,300,300,300,300,65,69,244,47,51,59,32,36,44,0
dual_l0,0,327,7,0.397174,0.166856,0.00229061,0.953952,1054.98,0.0676241,3.51637,0.0853205,0.0147862,0.0160796,0.0104331,0.0363342,0.241494,0.0932909,0.478657,0.225523,1,1,2,65,1,0.3412,0.218991,0.487469,0.152656,1,1043.22,0.00280244,0.173139,0.782334,0.471081,0.05,300,300,300,300,300,300,61,65,121,47,63,71,36,40,48,0
dual_l0,0,328,3,0.0878533,0.175238,0.45217,1.06525,1263.02,0.245524,4.20926,0.128862,0.0128469,0.00958063,0.011529,0.035673,0.434536,0.055887,0.221349,0.26956,1,1,6,88,1,0.0347855,0.19872,0.196359,0.305026,1,1236.36,0.00280244,0.173139,0.782334,0.471081,0.05,300,300,300,300,300,300,84,88,300,51,67,75,43,47,55,0
dual_l0,0,329,4,0.32522,0.149409,0.106123,0.936815,1318.94,0.00780901,4.39643,0.0352041,0.0193508,0.0315574,0.0159733,0.023487,0.116243,0.124558,0.561514,0.0889888,1,1,17,129,1,0.254769,0.242597,0.464161,0.0912414,1,1310.79,0.00280244,0.173139,0.782334,0.471081,0.05,300,300,300,300,300,300,125,129,300,49,64,93,46,50,58,0
dual_l0,0,330,5,0.408386,0.16493,-0.272894,0.941168,1055.11,2.9232,3.50729,0.532691,0.139353,0.0258096,0.00983464,0.0076051,0.337572,0.129038,0.403961,0.431572,1,1,1,80,1,0.633264,0.660827,0.325414,0.221473,1,1005.77,0.00280244,0.173139,0.782334,0.471081,0.05,300,300,300,300,300,300,76,80,300,43,47,78,28,32,52,0
dual_l0,0,331,1,0.41659,0.0486585,-0.452635,0.94547,1870.34,4.22209,6.22041,0.644831,0.484532,0.0291249,0.00949631,0.0247638,0.759631,0.0934174,0.486182,0.552567,0,0,17,130,1,0.777022,0.698153,0.574831,0.518613,0,1784.22,0.00280244,0.173139,0.782334,0.471081,0.05,300,300,300,300,300,300,77,130,300,48,52,88,33,37,45,0
dual_l0,0,332,5,0.435915,0.177869,0.0302012,1.03725,2107.63,0.849831,7.02259,0.284544,0.0450352,0.0243428,0.0186969,0.0332529,0.186347,0.205416,0.555882,0.0356735,1,1,0,73,1,0.259331,0.126854,0.570444,0.0734366,1,2094.64,0.00280244,0.173139,0.782334,0.471081,0.05,300,300,300,300,300,300,69,73,300,66,70,78,36,40,48,0
dual_l0,0,333,2,0.334935,0.119872,0.0673442,0.943026,1124.03,0.0961734,3.74643,0.0958938,0.0231695,0.028132,0.0149978,0.0285384,0.188092,0.047618,0.454794,0.0531305,0,4.92187e-08,20,66,1,0.194546,0.200075,0.444746,0.108854,1,1109.61,0.00280244,0.173139,0.782334,0.471081,0.05,300,300,300,300,300,300,62,66,300,58,62,70,52,56,64,0
dual_l0,0,334,7,0.122317,0.0985006,0.299119,0.977415,2115.01,0.398723,7.04869,0.200704,0.0078679,0.0365721,0.011742,0.0133411,0.253585,0.174626,0.145154,0.0173004,1,1,13,214,1,0.0863131,0.535637,0.080323,0.119677,1,2109.38,0.00280244,0.173139,0.782334,0.471081,0.05,300,300,300,300,300,300,134,214,239,61,74,82,42,54,62,0
dual_l0,0,335,5,0.347953,0.0910938,-0.0972562,0.982774,2188.03,0.397318,7.29211,0.186331,0.0234554,0.00369269,0.0117586,0.0482856,0.138774,0.150193,0.409638,0.288123,1,1,9,120,1,0.311363,0.219844,0.269355,0.248754,1,2171.27,0.00280244,0.173139,0.782334,0.471081,0.05,300,300,300,300,300,300,62,120,300,44,55,63,39,43,51,0
dual_l0,0,336,7,0.417058,0.0389487,-0.362801,0.979404,1286.45,6.09834,4.26784,0.794383,0.312142,0.0182165,0.0101593,0.0472184,0.678006,0.320768,0.286949,0.507501,1,1,16,205,1,0.491409,0.436565,0.642782,0.353084,1,1240.59,0.00280244,0.173139,0.782334,0.471081,0.05,300,300,300,300,300,300,118,205,213,45,66,74,41,45,53,0
dual_l0,0,337,2,0.287771,0.153303,-0.477498,0.963653,2545.97,2.59654,8.4779,0.522983,0.449659,0.0129296,0.00692563,0.0389194,0.400358,0.119912,0.36339,0.570284,1,1,0,95,1,0.610299,0.308229,0.420187,0.735583,1,2468.58,0.00280244,0.173139,0.782334,0.471081,0.05,300,300,300,300,300,300,91,95,244,59,63,93,42,46,54,0
dual_l0,0,338,6,0.366033,0.0777399,-0.407425,1.04473,1219.87,3.79217,4.0536,0.63163,0.402103,0.0439636,0.00999174,0.0332357,0.247973,0.279605,0.350206,0.417644,1,1,0,156,1,0.466544,0.443365,0.393107,0.612006,1,1160.49,0.00280244,0.173139,0.782334,0.471081,0.05,300,300,300,300,300,300,132,156,240,51,55,77,46,50,58,0
dual_l0,0,339,2,0.43166,0.190676,0.300864,1.08394,1518.36,0.670914,5.05896,0.25866,0.00503367,0.0231429,0.0125191,0.0335842,0.268359,0.17999,0.353718,0.167653,0,2.41782e-16,16,225,1,0.109035,0.532723,0.410965,0.0822664,0,1512.19,0.00280244,0.173139,0.782334,0.471081,0.05,300,300,300,300,300,300,221,225,300,55,59,104,44,48,56,0
dual_l0,0,340,0,0.235435,0.181938,-0.0720006,1.06296,1597.46,0.311855,5.32382,0.175386,0.0256641,0.0255807,0.00628259,0.0401488,0.280024,0.199279,0.149573,0.192208,1,1,18,64,1,0.18953,0.22507,0.438145,0.0846901,1,1587.77,0.00280244,0.173139,0.782334,0.471081,0.05,300,300,300,300,300,300,60,64,207,52,56,64,37,41,49,0
dual_l0,0,341,1,0.346044,0.085523,-0.0117341,1.01089,1199.62,0.55418,3.99689,0.215234,0.025849,0.0198308,0.0102217,0.0329263,0.363357,0.212236,0.353833,0.120437,1,0.997637,0,86,1,0.216252,0.360728,0.336675,0.153013,1,1185.85,0.00280244,0.173139,0.782334,0.471081,0.05,300,300,300,300,300,300,77,86,94,51,55,87,34,38,46,0
dual_l0,0,342,7,0.295602,0.141024,-0.22315,0.914352,933.449,0.814456,3.10878,0.269905,0.184222,0.0348303,0.00978297,0.0380593,0.469607,0.188143,0.331915,0.358367,1,1,0,60,1,0.472242,0.460767,0.307395,0.434251,1,888.884,0.00280244,0.173139,0.782334,0.471081,0.05,300,300,300,300,300,300,56,60,68,52,56,64,38,42,50,0
dual_l0,0,343,4,0.27064,0.169972,0.0572248,0.926536,905.457,0.526922,3.01643,0.235111,0.0396868,0.020325,0.0174013,0.0315717,0.135786,0.162981,0.271072,0.17025,1,1,26,77,1,0.105243,0.186316,0.252018,0.110237,1,893.64,0.00280244,0.173139,0.782334,0.471081,0.05,300,300,300,300,300,300,73,77,300,40,73,81,28,32,40,0
dual_l0,0,344,7,0.550105,0.0538472,0.465589,1.04671,1104.72,0.114981,3.68202,0.121449,0.038812,0.0542283,0.0123626,0.0297364,0.545738,0.109832,0.560041,0.352702,1,1,18,216,1,0.088087,0.354805,0.506924,0.281011,1,1094.84,0.00280244,0.173139,0.782334,0.471081,0.05,300,300,300,300,300,300,124,216,300,96,100,128,41,62,70,0
dual_l0,0,345,0,0.404454,0.048566,0.257587,0.986202,948.105,0.108472,3.15999,0.105978,0.0104532,0.00980194,0.0194192,0.0354311,0.380351,0.285861,0.495778,0.132555,1,1,14,217,1,0.122819,0.5062,0.190084,0.225046,1,943.951,0.00280244,0.173139,0.782334,0.471081,0.05,300,300,300,300,300,300,133,217,300,48,52,112,39,43,51,0
dual_l0,0,346,5,0.506885,0.0104643,-0.0350229,1.07304,2001.97,2.04502,6.66642,0.455849,0.178306,0.0322372,0.0114723,0.0369652,0.283192,0.355382,0.625099,0.0535224,1,1,1,158,1,0.380191,0.249418,0.492145,0.179785,1,1967.67,0.00280244,0.173139,0.782334,0.471081,0.05,300,300,300,300,300,300,154,158,300,65,69,77,58,62,70,0
dual_l0,0,347,7,0.35006,0.0843223,0.120123,0.918154,959.545,0.0153923,3.19843,0.0439733,0.0164167,0.0167952,0.0230101,0.0119148,0.347167,0.0926974,0.218588,0.0904988,1,1,14,197,1,0.184465,0.307194,0.226296,0.115763,1,954.428,0.00280244,0.173139,0.782334,0.471081,0.05,300,300,300,300,300,300,71,197,299,52,56,64,46,50,58,0
dual_l0,0,348,2,0.547418,0.13012,0.00534737,1.00731,2508.99,0.580288,8.36136,0.243411,0.0418734,0.0123153,0.0155656,0.0239539,0.290617,0.181607,0.37108,0.0751342,0,5.39768e-08,-1,111,1,0.412045,0.246032,0.379316,0.0973881,0,2497.02,0.00280244,0.173139,0.782334,0.471081,0.05,300,300,300,300,300,300,81,111,291,59,63,71,45,49,57,0
dual_l0,0,349,0,0.110047,0.0355436,0.0558864,0.977223,939.446,0.354182,3.1303,0.197038,0.026466,0.0122334,0.0175627,0.0404633,0.302411,0.229692,0.17947,0.215769,1,1,14,80,1,0.207312,0.192747,0.146149,0.0805538,1,927.543,0.00280244,0.173139,0.782334,0.471081,0.05,300,300,300,300,300,300,59,80,300,51,55,78,37,48,56,0
dual_l0,0,350,5,0.338617,0.0653882,-0.406621,1.05642,1149.75,4.88601,3.81622,0.699917,0.259373,0.0352054,0.0118865,0.0313607,0.579439,0.122101,0.478956,0.588633,1,1,17,117,1,0.688153,0.451231,0.334524,0.68267,1,1080.58,0.00280244,0.173139,0.782334,0.471081,0.05,300,300,300,300,300,300,113,117,125,43,47,55,39,43,51,0
dual_l0,0,351,5,0.129226,0.199756,0.201507,0.923349,1948.27,0.0198699,6.49417,0.0516156,0.0253862,0.0389701,0.00472281,0.0401501,0.432112,0.0739563,0.179023,0.113536,1,1,0,300,0,0.0516156,0.432112,0.179023,0.113536,1,1948.25,0.00280244,0.173139,0.782334,0.471081,0.05,300,300,300,300,300,300,82,300,300,47,51,59,39,43,51,0
dual_l0,0,352,1,0.1832,0.102368,-0.0627959,1.0269,1212.98,0.395695,4.04194,0.186001,0.0743101,0.0256231,0.00904354,0.0282752,0.233732,0.0684682,0.133709,0.390368,0,8.97615e-25,0,108,1,0.257432,0.303279,0.162467,0.207618,0,1201.11,0.00280244,0.173139,0.782334,0.471081,0.05,300,300,300,300,300,300,82,108,275,50,60,84,39,43,51,0
dual_l0,0,353,4,0.371348,0.164725,0.0792269,0.901413,902.77,0.200118,3.00857,0.132086,0.0199519,0.0342003,0.0076886,0.0351917,0.283657,0.219568,0.353081,0.111641,1,1,14,74,1,0.124566,0.38124,0.303277,0.18076,1,890.333,0.00280244,0.173139,0.782334,0.471081,0.05,300,300,300,300,300,300,70,74,300,47,51,75,31,40,48,0
dual_l0,0,354,5,0.318418,0.192747,-0.223969,0.963992,1588.05,1.09092,5.28986,0.338514,0.111003,0.024516,0.00748322,0.0219713,0.188937,0.175773,0.255042,0.402934,1,1,0,60,1,0.183187,0.391977,0.196848,0.329949,1,1560.68,0.00280244,0.173139,0.782334,0.471081,0.05,300,300,300,300,300,300,56,60,68,49,53,61,40,44,52,0
dual_l0,0,355,6,0.287476,0.143926,-0.188831,1.0234,1199.44,0.467398,3.99657,0.225199,0.054062,0.0161779,0.0102091,0.0146755,0.181914,0.14085,0.412112,0.29325,1,1,0,128,1,0.139496,0.367287,0.375326,0.265528,1,1180.78,0.00280244,0.173139,0.782334,0.471081,0.05,300,300,300,300,300,300,56,128,300,50,54,62,40,44,52,0
dual_l0,0,356,1,0.505179,0.102224,-0.389365,1.07732,1742.89,3.28102,5.7987,0.574056,0.371535,0.0303783,0.00933058,0.0348503,0.473163,0.0666478,0.466079,0.503956,0,1.87192e-18,9,71,1,0.677193,0.412568,0.523139,0.695192,1,1667.25,0.00280244,0.173139,0.782334,0.471081,0.05,300,300,300,300,300,300,67,71,178,48,52,76,36,48,56,0
dual_l0,0,357,4,0.571781,0.140425,0.0417511,1.02408,1690.56,0.323713,5.63411,0.188143,0.0589595,0.0172101,0.0068839,0.0362396,0.173371,0.141267,0.679034,0.0515036,1,1,20,98,1,0.216511,0.127081,0.709958,0.182071,1,1675.44,0.00280244,0.173139,0.782334,0.471081,0.05,300,300,300,300,300,300,89,98,159,61,65,73,39,43,51,0
dual_l0,0,358,2,0.303081,0.0220071,0.279581,1.06682,1053.39,0.11277,3.51091,0.0763564,0.0203654,0.0209859,0.0157922,0.0579936,0.342299,0.152015,0.339777,0.0448606,0,2.44111e-21,10,300,0,0.0763564,0.342299,0.339777,0.0448606,0,1053.27,0.00280244,0.173139,0.782334,0.471081,0.05,300,300,300,300,300,300,226,300,300,45,49,112,44,48,56,0
dual_l0,0,359,1,0.416518,0.0427807,0.182969,1.01204,1330.37,0.045391,4.43442,0.0589139,0.0349152,0.0323822,0.00723771,0.0352949,0.226212,0.109886,0.701775,0.192906,0,9.5076e-12,4,236,1,0.0564831,0.170071,0.288623,0.0240844,0,1328.56,0.00280244,0.173139,0.782334,0.471081,0.05,300,300,300,300,300,300,216,236,300,46,84,92,45,58,66,0
dual_l0,0,360,6,0.244755,0.0767382,-0.204495,1.08207,1462.04,0.653371,4.87128,0.261154,0.159278,0.0246693,0.00626399,0.0347111,0.147708,0.0818597,0.321307,0.522487,1,1,40,180,1,0.348799,0.343112,0.294167,0.390177,1,1441.15,0.00280244,0.173139,0.782334,0.471081,0.05,300,300,300,300,300,300,71,180,300,65,69,77,44,48,70,0
dual_l0,0,361,0,0.401134,0.191335,-0.0548563,1.02419,1551.31,0.502701,5.16937,0.228366,0.00418364,0.0239753,0.00523869,0.027192,0.164247,0.0287714,0.481517,0.189531,1,1,17,80,1,0.273073,0.135917,0.495903,0.144292,1,1539.37,0.00280244,0.173139,0.782334,0.471081,0.05,300,300,300,300,300,300,71,80,88,44,48,66,40,44,52,0
dual_l0,0,362,0,0.54002,0.121682,0.448494,1.09173,1174.88,0.343338,3.91511,0.172909,0.020226,0.0122219,0.00673626,0.0101749,0.488413,0.127843,0.546517,0.320788,1,1,0,229,1,0.109901,0.436418,0.390657,0.334064,1,1167.03,0.00280244,0.173139,0.782334,0.471081,0.05,300,300,300,300,300,300,82,229,300,78,82,90,38,42,50,0
dual_l0,0,363,6,0.394586,0.059517,-0.412949,1.01429,2297.36,2.14017,7.65074,0.471996,0.359295,0.0249677,0.0113065,0.0213075,0.203742,0.126929,0.407422,0.495904,1,1,19,104,1,0.638484,0.533116,0.382995,0.471625,1,2234.78,0.00280244,0.173139,0.782334,0.471081,0.05,300,300,300,300,300,300,100,104,300,82,86,94,45,49,74,0
dual_l0,0,364,2,0.306726,0.0973354,-0.405558,1.04145,1717.66,4.03511,5.71209,0.61811,0.102252,0.0494754,0.0129088,0.0429132,0.481628,0.181657,0.402186,0.5132,1,1,17,61,1,0.805039,0.695953,0.429797,0.545073,1,1643.98,0.00280244,0.173139,0.782334,0.471081,0.05,300,300,300,300,300,300,57,61,202,53,57,65,43,57,65,0
dual_l0,0,365,0,0.502168,0.0784154,-0.076708,1.01259,843.794,0.397899,2.81132,0.201017,0.074895,0.0220658,0.00451569,0.0163026,0.116771,0.210629,0.643535,0.291353,1,1,0,75,1,0.189279,0.232214,0.57528,0.160666,1,826.943,0.00280244,0.173139,0.782334,0.471081,0.05,300,300,300,300,300,300,52,75,116,41,53,61,37,41,49,0
dual_l0,0,366,2,0.505398,0.083742,0.48886,0.972227,2094.77,0.206544,6.98188,0.143632,0.0373623,0.0241774,0.00714701,0.0268759,0.325808,0.146964,0.602419,0.268203,1,1,19,300,0,0.143632,0.325808,0.602419,0.268203,1,2094.56,0.00280244,0.173139,0.782334,0.471081,0.05,300,300,300,300,300,300,75,300,300,57,70,78,47,57,65,0
dual_l0,0,367,1,0.221341,0.108071,0.372375,1.03482,867.621,0.189979,2.89144,0.148941,0.024936,0.0144307,0.0072416,0.0291982,0.450472,0.229208,0.336604,0.270011,1,0.997211,0,159,1,0.0383491,0.313869,0.162781,0.220647,1,852.137,0.00280244,0.173139,0.782334,0.471081,0.05,300,300,300,300,300,300,92,159,300,63,67,95,35,39,47,0
dual_l0,0,368,7,0.519395,0.111006,0.310006,0.988853,1062.47,0.279511,3.54064,0.182087,0.0176269,0.0192067,0.0146207,0.0236605,0.383758,0.117015,0.680062,0.089313,1,1,18,115,1,0.112043,0.381271,0.684487,0.125215,1,1044.77,0.00280244,0.173139,0.782334,0.471081,0.05,300,300,300,300,300,300,84,115,300,59,63,83,44,48,56,0
dual_l0,0,369,0,0.523759,0.12669,-0.35781,1.04453,1528.26,2.03007,5.08742,0.45829,0.259104,0.0207724,0.0139436,0.0236159,0.417556,0.341612,0.683983,0.384866,1,1,19,74,1,0.563369,0.662253,0.497143,0.436183,1,1452.99,0.00280244,0.173139,0.782334,0.471081,0.05,300,300,300,300,300,300,70,74,300,43,58,82,34,38,46,0
dual_l0,0,370,5,0.421928,0.173748,0.0534937,1.08513,2248.4,0.508951,7.49298,0.217281,0.0309373,0.0126598,0.0255072,0.0443052,0.397308,0.239744,0.434486,0.06884,1,1,0,177,1,0.341341,0.158983,0.384117,0.12317,1,2236.73,0.00280244,0.173139,0.782334,0.471081,0.05,300,300,300,300,300,300,76,177,300,73,77,85,52,56,64,0
dual_l0,0,371,0,0.424698,0.0301945,-0.101151,0.979339,1811.34,1.32079,6.0334,0.395085,0.0768555,0.0471646,0.0162537,0.0166104,0.531124,0.367893,0.409339,0.36,1,1,20,87,1,0.273026,0.320694,0.545817,0.273695,1,1768.45,0.00280244,0.173139,0.782334,0.471081,0.05,300,300,300,300,300,300,68,87,300,57,66,74,37,49,57,0
dual_l0,0,372,7,0.414886,0.0438999,0.342851,1.00871,1232.27,0.490725,4.10593,0.247953,0.0235228,0.0173061,0.0137022,0.0270682,0.522686,0.265786,0.51285,0.148772,1,1,20,140,1,0.189423,0.332449,0.417566,0.0453166,1,1217.27,0.00280244,0.173139,0.782334,0.471081,0.05,300,300,300,300,300,300,136,140,300,66,70,78,39,43,51,0
dual_l0,0,373,0,0.566468,0.067077,-0.181517,1.06639,2154.2,4.32166,7.16627,0.655536,0.208383,0.0128421,0.00562699,0.0338805,0.562569,0.307299,0.413782,0.335335,1,1,1,300,0,0.655536,0.562569,0.413782,0.335335,1,2149.88,0.00280244,0.173139,0.782334,0.471081,0.05,300,300,300,300,300,300,221,300,300,53,57,65,44,48,56,0
dual_l0,0,374,5,0.495562,0.186593,-0.230633,0.906701,1796.72,2.17538,5.98181,0.450856,0.143109,0.0357091,0.0109005,0.0415685,0.238118,0.207091,0.384773,0.418776,1,1,0,91,1,0.41279,0.261727,0.381683,0.557161,1,1764.73,0.00280244,0.173139,0.782334,0.471081,0.05,300,300,300,300,300,300,72,91,300,62,66,74,38,49,71,0
dual_l0,0,375,1,0.531094,0.118337,-0.0713642,1.06725,2117.72,0.723556,7.05665,0.286548,0.149972,0.0175948,0.0169204,0.0503924,0.302083,0.0937522,0.625534,0.296645,1,1,3,150,1,0.250818,0.296863,0.521927,0.19131,1,2100.63,0.00280244,0.173139,0.782334,0.471081,0.05,300,300,300,300,300,300,138,150,197,65,69,86,50,54,62,0
dual_l0,0,376,7,0.294541,0.0568933,-0.170065,0.939677,977.049,1.90749,3.25047,0.458018,0.149119,0.0181129,0.0153237,0.0368892,0.278689,0.170269,0.266669,0.416931,1,1,16,62,1,0.241071,0.302686,0.377686,0.222583,1,933.867,0.00280244,0.173139,0.782334,0.471081,0.05,300,300,300,300,300,300,58,62,132,43,47,55,37,41,49,0
dual_l0,0,377,0,0.583715,0.0989951,-0.166943,0.985131,1209.81,1.7311,4.02695,0.396333,0.279491,0.0167583,0.00995285,0.0295895,0.346464,0.409452,0.65665,0.262589,1,1,17,153,1,0.61615,0.246562,0.698943,0.449939,1,1169.67,0.00280244,0.173139,0.782334,0.471081,0.05,300,300,300,300,300,300,100,153,300,61,65,92,42,46,54,0
dual_l0,0,378,1,0.354138,0.036537,0.301697,1.0723,1913.29,0.162338,6.37711,0.104854,0.0128066,0.0378224,0.0128102,0.0415183,0.587091,0.175797,0.342274,0.0788567,0,1.23448e-27,15,300,0,0.104854,0.587091,0.342274,0.0788567,0,1913.13,0.00280244,0.173139,0.782334,0.471081,0.05,300,300,300,300,300,300,159,300,300,73,77,85,48,52,80,0
dual_l0,0,379,4,0.511535,0.118601,-0.302561,0.900403,1467.07,3.03767,4.88012,0.548134,0.154028,0.0123782,0.0149748,0.0242999,0.476019,0.0946868,0.594361,0.450919,1,1,32,86,1,0.582385,0.275256,0.632601,0.583292,1,1395.05,0.00280244,0.173139,0.782334,0.471081,0.05,300,300,300,300,300,300,65,86,300,45,49,57,41,45,53,0
dual_l0,0,380,5,0.278754,0.126127,-0.201996,1.00249,2123.58,0.429256,7.07718,0.202152,0.0638269,0.0189641,0.0120157,0.0268311,0.401106,0.0897523,0.439201,0.508243,1,1,0,91,1,0.53562,0.440022,0.416954,0.363182,1,2090.69,0.00280244,0.173139,0.782334,0.471081,0.05,300,300,300,300,300,300,77,91,99,62,66,74,40,49,57,0
dual_l0,0,381,6,0.529637,0.0741619,0.272854,0.918284,1933.61,0.522321,6.44363,0.221338,0.0180874,0.0265843,0.00199362,0.0453062,0.118418,0.193882,0.866657,0.263879,1,1,28,138,1,0.133099,0.255532,0.450134,0.126517,1,1920.08,0.00280244,0.173139,0.782334,0.471081,0.05,300,300,300,300,300,300,119,138,300,58,62,70,50,54,62,0
dual_l0,0,382,6,0.242279,0.0508121,0.367125,1.06781,1011.67,0.113699,3.37184,0.136407,0.0384823,0.0239832,0.0107039,0.0320302,0.419924,0.0781317,0.31268,0.0989908,1,1,1,300,0,0.136407,0.419924,0.31268,0.0989908,1,1011.55,0.00280244,0.173139,0.782334,0.471081,0.05,300,300,300,300,300,300,116,300,300,48,52,70,37,41,49,0
dual_l0,0,383,7,0.399685,0.0811844,-0.479479,1.06461,1672.51,4.09839,5.56136,0.652693,0.278126,0.0314255,0.0208941,0.0252339,0.289184,0.197227,0.263834,0.628965,1,1,17,139,1,0.400412,0.367273,0.34394,0.585795,1,1612.79,0.00280244,0.173139,0.782334,0.471081,0.05,300,300,300,300,300,300,77,139,182,48,52,60,39,43,51,0
dual_l0,0,384,3,0.315425,0.146611,-0.488791,0.970312,2073.81,5.0979,6.89571,0.722586,0.499149,0.0175304,0.00594003,0.0384008,0.331439,0.210805,0.251845,0.707608,1,1,14,104,1,0.619048,0.50554,0.226335,0.80023,1,1978.94,0.00280244,0.173139,0.782334,0.471081,0.05,300,300,300,300,300,300,89,104,129,49,53,61,42,46,54,0
dual_l0,0,385,1,0.17185,0.0968964,0.0292453,1.09959,1957.43,0.232425,6.524,0.14288,0.113319,0.0188221,0.00472654,0.0404289,0.189624,0.17898,0.256484,0.244559,1,1,3,112,1,0.204318,0.152411,0.293407,0.102152,1,1945.94,0.00280244,0.173139,0.782334,0.471081,0.05,300,300,300,300,300,300,74,112,144,55,68,76,41,55,63,0
dual_l0,0,386,1,0.259546,0.192727,-0.146458,1.07658,1608.87,0.140358,5.36244,0.138406,0.130045,0.0552049,0.00773729,0.0220336,0.106456,0.153145,0.37554,0.367893,0,1.8644e-39,21,106,1,0.322003,0.224599,0.457902,0.3016,0,1590.24,0.00280244,0.173139,0.782334,0.471081,0.05,300,300,300,300,300,300,72,106,300,67,71,79,37,41,74,0
dual_l0,0,387,3,0.260245,0.0567743,-0.462379,0.964794,1463.57,8.75653,4.84936,0.911815,0.437115,0.0184643,0.016202,0.0266842,0.975011,0.227281,0.254577,0.51928,1,0.999998,3,159,1,0.795765,0.3764,0.339525,0.715367,0,1384.14,0.00280244,0.173139,0.782334,0.471081,0.05,300,300,300,300,300,300,155,159,300,77,81,89,46,50,58,0
dual_l0,0,388,4,0.36414,0.153462,0.0118699,1.06225,1798.45,0.20509,5.99416,0.140808,0.0194808,0.0559319,0.0124208,0.0139867,0.331868,0.148018,0.499331,0.173558,1,1,18,102,1,0.0997467,0.318527,0.585567,0.112672,1,1788.48,0.00280244,0.173139,0.782334,0.471081,0.05,300,300,300,300,300,300,55,102,300,46,50,58,35,39,47,0
dual_l0,0,389,4,0.479893,0.0281977,0.10513,1.08199,1976.12,0.858494,6.58421,0.299163,0.223114,0.0383872,0.00704469,0.0205369,0.13869,0.352187,0.493237,0.292663,1,1,27,274,1,0.267713,0.334316,0.481078,0.177858,1,1971.61,0.00280244,0.173139,0.782334,0.471081,0.05,300,300,300,300,300,300,270,274,300,58,62,70,47,51,59,0
dual_l0,0,390,5,0.458855,0.147624,-0.126113,1.01153,1986.04,0.509895,6.61844,0.209512,0.0116262,0.0320734,0.00897452,0.0500475,0.217714,0.1492,0.407261,0.335808,1,1,0,250,1,0.188318,0.216158,0.483157,0.0940652,1,1983.06,0.00280244,0.173139,0.782334,0.471081,0.05,300,300,300,300,300,300,79,250,258,58,62,80,49,59,67,0
dual_l0,0,391,4,0.333444,0.163881,0.400706,1.06615,1017.65,0.0694992,3.39194,0.0799261,0.0269285,0.0268104,0.0157257,0.0158364,0.715743,0.224406,0.413523,0.189986,1,1,21,234,1,0.159269,0.458552,0.298103,0.181993,1,1011.36,0.00280244,0.173139,0.782334,0.471081,0.05,300,300,300,300,300,300,92,234,300,73,87,95,39,43,51,0
dual_l0,0,392,1,0.161042,0.129432,0.13121,1.02321,2131.6,0.141784,7.10487,0.112826,0.0165645,0.0215512,0.0310417,0.0208683,0.212631,0.074359,0.324719,0.0111117,1,1,0,117,1,0.179837,0.151877,0.304894,0.0262289,1,2123.49,0.00280244,0.173139,0.782334,0.471081,0.05,300,300,300,300,300,300,91,117,219,76,80,88,57,61,69,0
dual_l0,0,393,7,0.523187,0.1303,0.420048,0.914593,2089.24,0.216271,6.96342,0.145916,0.0402688,0.0299856,0.0054205,0.0497388,0.336985,0.109624,0.50819,0.395181,1,1,26,261,1,0.167409,0.491648,0.696921,0.396726,1,2085.96,0.00280244,0.173139,0.782334,0.471081,0.05,300,300,300,300,300,300,91,261,300,62,66,74,54,58,66,0
dual_l0,0,394,6,0.613384,0.0349689,0.032353,1.04717,2093.96,1.77359,6.97396,0.474687,0.0524657,0.0197618,0.0106361,0.0529389,0.514459,0.179426,0.549335,0.246303,1,1,19,177,1,0.154612,0.230262,0.382345,0.164674,1,2064.89,0.00280244,0.173139,0.782334,0.471081,0.05,300,300,300,300,300,300,79,177,300,61,77,99,34,45,53,0
dual_l0,0,395,7,0.450271,0.187496,0.119905,1.07711,1340.55,0.06127,4.4683,0.0732302,0.0132471,0.0242899,0.0170177,0.0347612,0.324981,0.127648,0.615599,0.133261,1,1,2,79,1,0.0714642,0.224686,0.569174,0.126836,1,1333.91,0.00280244,0.173139,0.782334,0.471081,0.05,300,300,300,300,300,300,67,79,87,47,51,74,36,40,48,0
dual_l0,0,396,7,0.502121,0.0353992,0.242455,1.02197,1409.06,0.336922,4.69573,0.194554,0.0386667,0.0129833,0.00393928,0.0269795,0.416046,0.110091,0.604274,0.0669797,1,1,19,300,0,0.194554,0.416046,0.604274,0.0669797,1,1408.72,0.00280244,0.173139,0.782334,0.471081,0.05,300,300,300,300,300,300,80,300,300,51,64,72,33,37,60,0
dual_l0,0,397,7,0.295268,0.195294,0.399915,0.925666,1982.79,0.126376,6.60888,0.117829,0.0169069,0.0156718,0.0101144,0.0270406,0.495864,0.0739919,0.307109,0.273575,1,1,21,232,1,0.263149,0.240215,0.263438,0.232982,1,1973.94,0.00280244,0.173139,0.782334,0.471081,0.05,300,300,300,300,300,300,207,232,300,48,52,85,34,38,46,0
dual_l0,0,398,3,0.368696,0.169547,-0.0506253,1.01582,1798.96,0.790375,5.99389,0.286128,0.0911813,0.0178978,0.00554564,0.0397347,0.0969171,0.116944,0.496448,0.0965253,1,0.751604,22,115,1,0.196719,0.25796,0.520389,0.159678,1,1787.21,0.00280244,0.173139,0.782334,0.471081,0.05,300,300,300,300,300,300,111,115,300,54,65,73,42,46,54,0
dual_l0,0,399,6,0.297299,0.0492507,-0.357841,0.917894,1758.16,3.31826,5.84946,0.570084,0.35698,0.0218384,0.00993445,0.0195933,0.441071,0.307891,0.347509,0.482476,1,1,16,115,1,0.575917,0.612217,0.252915,0.520525,1,1689.85,0.00280244,0.173139,0.782334,0.471081,0.05,300,300,300,300,300,300,106,115,300,49,63,71,36,40,48,0
dual_l0,0,400,2,0.264941,0.137543,-0.148108,0.980325,1561.47,1.1527,5.20106,0.351638,0.0848463,0.0367545,0.0102155,0.0207955,0.0631689,0.111242,0.355118,0.413595,0,8.09487e-19,0,76,1,0.216584,0.30896,0.410595,0.157826,1,1529.17,0.00280244,0.173139,0.782334,0.471081,0.05,300,300,300,300,300,300,72,76,84,53,57,65,43,47,55,0
dual_l0,0,401,3,0.296728,0.000404882,-0.425452,0.981845,1301.12,5.17927,4.31979,0.714379,0.312138,0.0343111,0.00992374,0.0460732,0.512631,0.385648,0.355283,0.731182,1,1,16,188,1,0.777198,0.450015,0.433513,0.604924,1,1243.12,0.00280244,0.173139,0.782334,0.471081,0.05,300,300,300,300,300,300,184,188,300,47,60,87,39,43,51,0
dual_l0,0,402,1,0.216416,0.15754,-0.0150013,1.05799,1615.89,0.97416,5.38307,0.298998,0.0930446,0.0274395,0.0155406,0.0120186,0.190292,0.129779,0.244282,0.252303,0,0.0784568,8,143,1,0.193289,0.40009,0.170697,0.0718276,1,1605.01,0.00280244,0.173139,0.782334,0.471081,0.05,300,300,300,300,300,300,86,143,300,53,65,73,39,43,51,0
dual_l0,0,403,2,0.408868,0.0841343,-0.429833,1.03097,2281.5,2.40135,7.59699,0.473778,0.329958,0.0227343,0.0142506,0.0120134,0.561726,0.444804,0.272881,0.555801,1,1,5,147,1,0.362437,0.449709,0.242446,0.596843,1,2236.85,0.00280244,0.173139,0.782334,0.471081,0.05,300,300,300,300,300,300,69,147,248,52,56,64,41,45,53,0
dual_l0,0,404,5,0.310358,0.135223,-0.168952,0.911554,2188.02,1.31752,7.289,0.387097,0.0556108,0.011123,0.0124526,0.0299915,0.1282,0.128918,0.283039,0.396316,1,1,1,73,1,0.233593,0.158063,0.404989,0.292716,1,2160.2,0.00280244,0.173139,0.782334,0.471081,0.05,300,300,300,300,300,300,59,73,300,55,59,67,45,49,57,0
dual_l0,0,405,3,0.321923,0.115944,0.388231,1.08213,1101.25,0.123492,3.67044,0.123904,0.0251996,0.0235876,0.013331,0.0760733,0.559833,0.180972,0.600889,0.286945,1,1,1,178,1,0.120788,0.128967,0.225986,0.203126,1,1088.65,0.00280244,0.173139,0.782334,0.471081,0.05,300,300,300,300,300,300,83,178,300,45,62,70,40,44,68,0
dual_l0,0,406,7,0.394616,0.022301,0.147291,0.993311,1690.24,0.254894,5.63328,0.164447,0.0189164,0.0153184,0.0137331,0.0234383,0.145263,0.0999286,0.309722,0.14254,1,1,19,117,1,0.141424,0.243727,0.2638,0.0808183,1,1683.59,0.00280244,0.173139,0.782334,0.471081,0.05,300,300,300,300,300,300,95,117,125,56,67,75,47,51,59,0
dual_l0,0,407,5,0.365296,0.0857239,-0.378606,1.03194,1503.28,2.27507,5.00336,0.471883,0.339851,0.0265191,0.0118947,0.023448,0.324012,0.202731,0.302398,0.628271,1,1,9,56,1,0.539736,0.643029,0.329981,0.61199,1,1423.88,0.00280244,0.173139,0.782334,0.471081,0.05,300,300,300,300,300,300,52,56,126,47,51,59,38,42,50,0
dual_l0,0,408,4,0.428481,0.0425136,0.171559,0.967983,1690.62,0.0591579,5.63522,0.0650184,0.0184655,0.0224018,0.00843428,0.0375144,0.149701,0.0992284,0.365298,0.0321478,1,1,28,89,1,0.170314,0.391251,0.283623,0.154413,1,1675.9,0.00280244,0.173139,0.782334,0.471081,0.05,300,300,300,300,300,300,85,89,300,52,56,80,43,47,55,0
dual_l0,0,409,4,0.447702,0.111254,0.378374,1.03541,1041.12,0.0437815,3.47025,0.0915831,0.0330774,0.00995504,0.0153297,0.0373267,0.373583,0.0983682,0.203414,0.164654,1,1,13,163,1,0.210515,0.132627,0.478036,0.155508,1,1028.61,0.00280244,0.173139,0.782334,0.471081,0.05,300,300,300,300,300,300,136,163,300,46,50,91,34,38,46,0
dual_l0,0,410,6,0.492714,0.0368814,0.364446,1.04698,2354.62,0.137954,7.84828,0.093839,0.00732935,0.0273539,0.0128568,0.0135952,0.130524,0.156904,0.658855,0.134823,1,1,21,179,1,0.180864,0.307167,0.62821,0.154853,1,2338.29,0.00280244,0.173139,0.782334,0.471081,0.05,300,300,300,300,300,300,155,179,300,74,78,86,51,55,63,0
dual_l0,0,411,3,0.553426,0.15929,-0.0689763,1.00341,1667.75,0.868268,5.55627,0.297015,0.0623984,0.0165673,0.00589988,0.0143174,0.139782,0.112742,0.558802,0.253765,1,0.999997,16,141,1,0.205504,0.261911,0.52297,0.170519,1,1650.57,0.00280244,0.173139,0.782334,0.471081,0.05,300,300,300,300,300,300,98,141,300,61,97,105,40,44,52,0
dual_l0,0,412,6,0.28927,0.106114,0.442084,0.983668,1769.54,0.501565,5.89679,0.240966,0.0186468,0.00747308,0.00644164,0.00661314,0.435864,0.142367,0.279772,0.240513,1,1,14,300,0,0.240966,0.435864,0.279772,0.240513,1,1769.04,0.00280244,0.173139,0.782334,0.471081,0.05,300,300,300,300,300,300,154,300,300,61,71,79,39,43,51,0
dual_l0,0,413,1,0.32742,0.146603,0.427108,1.07896,1369.31,0.456372,4.56284,0.235578,0.0199422,0.0425783,0.0118481,0.0536656,0.456071,0.0653167,0.326362,0.40599,0,1.6232e-36,2,300,0,0.235578,0.456071,0.326362,0.40599,0,1368.85,0.00280244,0.173139,0.782334,0.471081,0.05,300,300,300,300,300,300,150,300,300,58,62,70,45,54,62,0
dual_l0,0,414,0,0.395379,0.129531,-0.438522,1.06021,2387.62,3.19101,7.9481,0.568026,0.194403,0.0570292,0.0158499,0.0245409,0.535926,0.0928685,0.396094,0.506059,1,1,0,90,1,0.442571,0.476754,0.289854,0.594968,1,2336.69,0.00280244,0.173139,0.782334,0.471081,0.05,300,300,300,300,300,300,75,90,168,53,69,77,49,53,61,0
dual_l0,0,415,2,0.35295,0.183632,-0.00594509,0.927575,1745.97,0.118784,5.81949,0.113543,0.0760358,0.0438567,0.0110076,0.056709,0.203001,0.0539037,0.423667,0.194393,0,3.66849e-13,1,60,1,0.317852,0.27202,0.450578,0.12921,1,1731.96,0.00280244,0.173139,0.782334,0.471081,0.05,300,300,300,300,300,300,56,60,290,49,53,61,40,44,52,0
dual_l0,0,416,3,0.365941,0.0882431,0.080357,0.928292,1893.17,0.512922,6.30886,0.216839,0.0471233,0.019172,0.00660922,0.0269845,0.143188,0.155492,0.35392,0.141077,1,1,13,69,1,0.195259,0.267644,0.249668,0.276273,1,1880.95,0.00280244,0.173139,0.782334,0.471081,0.05,300,300,300,300,300,300,55,69,300,46,50,58,38,42,50,0
dual_l0,0,417,6,0.537745,0.012348,-0.273664,1.00206,2477.59,3.74788,8.24615,0.601423,0.150529,0.0102483,0.0103035,0.018207,0.260412,0.359889,0.541848,0.527573,1,1,21,300,0,0.601423,0.260412,0.541848,0.527573,1,2473.85,0.00280244,0.173139,0.782334,0.471081,0.05,300,300,300,300,300,300,62,300,300,58,62,70,47,51,59,0
dual_l0,0,418,3,0.55676,0.0340366,0.067512,1.09034,2328.51,0.0263389,7.76161,0.0673207,0.0102442,0.0243492,0.00612335,0.0132678,0.543151,0.151641,0.474229,0.122324,1,1,0,103,1,0.0990987,0.278028,0.630224,0.0995259,1,2317.75,0.00280244,0.173139,0.782334,0.471081,0.05,300,300,300,300,300,300,99,103,152,66,89,97,46,68,76,0
dual_l0,0,419,2,0.144543,0.0559639,0.139894,0.91052,1071.26,0.30794,3.56984,0.191656,0.0400598,0.0315818,0.0103943,0.0290791,0.370134,0.150077,0.226846,0.118785,1,1,15,171,1,0.146042,0.122599,0.134791,0.103414,1,1061.95,0.00280244,0.173139,0.782334,0.471081,0.05,300,300,300,300,300,300,111,171,300,54,58,66,47,51,59,0
dual_l0,0,420,5,0.265549,0.105357,0.330775,0.960781,1410.91,0.0140475,4.70297,0.0474905,0.0457934,0.0201028,0.00430769,0.0233401,0.684747,0.175897,0.213038,0.312543,1,1,7,300,0,0.0474905,0.684747,0.213038,0.312543,1,1410.89,0.00280244,0.173139,0.782334,0.471081,0.05,300,300,300,300,300,300,96,300,300,68,72,107,36,40,68,0
dual_l0,0,421,0,0.428219,0.0696114,-0.405383,1.04565,1003.64,1.9409,3.33901,0.446833,0.312749,0.00983641,0.0116938,0.0216879,0.29657,0.12478,0.588372,0.483738,1,1,15,158,1,0.354343,0.497113,0.584926,0.568123,1,970.944,0.00280244,0.173139,0.782334,0.471081,0.05,300,300,300,300,300,300,154,158,300,45,49,57,35,39,47,0
dual_l0,0,422,1,0.411124,0.0701053,-0.326067,0.929587,2366.56,2.79351,7.87922,0.529991,0.274668,0.0482891,0.0120544,0.0514275,0.312787,0.116264,0.402986,0.43848,1,1,0,69,1,0.362577,0.336998,0.456919,0.44868,1,2318.88,0.00280244,0.173139,0.782334,0.471081,0.05,300,300,300,300,300,300,65,69,200,56,60,68,46,50,58,0
dual_l0,0,423,6,0.457993,0.0638256,-0.424822,1.02017,2079.87,2.42031,6.92482,0.5101,0.267449,0.0198985,0.00170627,0.0275812,0.135205,0.206195,0.378733,0.680533,1,1,24,73,1,0.706614,0.291247,0.418999,0.662537,1,2011.24,0.00280244,0.173139,0.782334,0.471081,0.05,300,300,300,300,300,300,69,73,270,54,58,66,43,47,65,0
dual_l0,0,424,5,0.34708,0.0224078,-0.375969,0.988983,1576.97,2.30182,5.24889,0.475032,0.131487,0.0232139,0.0102819,0.0314449,0.35216,0.43829,0.396705,0.563974,1,1,0,74,1,0.48655,0.563786,0.490496,0.305209,1,1510.77,0.00280244,0.173139,0.782334,0.471081,0.05,300,300,300,300,300,300,65,74,300,47,51,59,39,43,51,0
dual_l0,0,425,1,0.324701,0.0942949,-0.218148,1.06411,2027.51,1.84237,6.75223,0.440721,0.120325,0.042546,0.00963378,0.0305168,0.163443,0.33182,0.359314,0.407397,0,6.34568e-31,-1,167,1,0.383898,0.302551,0.424914,0.431029,0,1998.2,0.00280244,0.173139,0.782334,0.471081,0.05,300,300,300,300,300,300,58,167,292,47,51,59,43,47,55,0
dual_l0,0,426,5,0.440634,0.0271729,0.390888,1.06034,1141.85,0.372643,3.80491,0.178418,0.00749366,0.0183671,0.00330652,0.018147,0.559841,0.196065,0.587769,0.114208,1,1,13,300,0,0.178418,0.559841,0.587769,0.114208,1,1141.47,0.00280244,0.173139,0.782334,0.471081,0.05,300,300,300,300,300,300,65,300,300,64,68,76,47,51,59,0
dual_l0,0,427,0,0.517961,0.0897886,0.329381,1.05817,2279.48,0.0704644,7.59803,0.0576414,0.0147254,0.0310661,0.00360013,0.0226822,0.273268,0.0654937,0.615868,0.198245,1,1,20,169,1,0.0202381,0.250087,0.529345,0.16537,1,2269.99,0.00280244,0.173139,0.782334,0.471081,0.05,300,300,300,300,300,300,136,169,300,64,68,76,47,51,59,0
dual_l0,0,428,4,0.322814,0.101083,-0.24798,1.03373,1287.93,1.59553,4.28777,0.405301,0.14953,0.0193995,0.0137303,0.0199468,0.302029,0.234812,0.308298,0.42448,1,1,19,90,1,0.35469,0.293459,0.397194,0.343465,1,1262.37,0.00280244,0.173139,0.782334,0.471081,0.05,300,300,300,300,300,300,86,90,168,55,59,81,44,56,64,0
dual_l0,0,429,6,0.215683,0.167167,-0.0866183,1.00295,1259.03,0.166509,4.1962,0.145164,0.0558353,0.0128381,0.00849201,0.0214429,0.288279,0.150511,0.384867,0.202822,1,1,0,86,1,0.28838,0.248046,0.315687,0.133371,1,1241.03,0.00280244,0.173139,0.782334,0.471081,0.05,300,300,300,300,300,300,65,86,94,50,54,62,40,44,52,0
dual_l0,0,430,2,0.334756,0.131251,0.498293,0.963076,2168.16,0.446295,7.2257,0.172336,0.00934632,0.0270838,0.00459283,0.0307919,0.553686,0.157032,0.41549,0.329772,1,1,16,300,0,0.172336,0.553686,0.41549,0.329772,1,2167.71,0.00280244,0.173139,0.782334,0.471081,0.05,300,300,300,300,300,300,162,300,300,53,57,90,43,47,55,0
dual_l0,0,431,6,0.500557,0.0927651,-0.218089,1.08217,1080.08,1.24392,3.59611,0.350698,0.0865241,0.0123383,0.0177812,0.0305254,0.524657,0.181968,0.404645,0.328094,1,1,2,78,1,0.234049,0.250693,0.439431,0.443203,1,1057.69,0.00280244,0.173139,0.782334,0.471081,0.05,300,300,300,300,300,300,57,78,300,47,51,59,43,47,55,0
dual_l0,0,432,0,0.461135,0.057457,0.165038,1.0056,1533.37,0.558467,5.10938,0.240969,0.0147625,0.0216563,0.00199997,0.0263666,0.175928,0.153022,0.796507,0.107355,1,1,21,188,1,0.179153,0.304613,0.476179,0.246485,1,1525.4,0.00280244,0.173139,0.782334,0.471081,0.05,300,300,300,300,300,300,80,188,219,65,69,77,52,56,64,0
dual_l0,0,433,0,0.541763,0.195732,-0.434967,0.984955,1813.47,3.74453,6.03242,0.613372,0.254875,0.0175281,0.0129761,0.0390743,0.308547,0.229823,0.663553,0.636326,1,1,1,79,1,0.606059,0.387168,0.732856,0.619417,1,1751.43,0.00280244,0.173139,0.782334,0.471081,0.05,300,300,300,300,300,300,63,79,300,48,52,60,40,44,52,0
dual_l0,0,434,5,0.548349,0.0717992,0.311115,1.09587,1769.81,0.233711,5.8986,0.162583,0.0156439,0.0165028,0.00835095,0.0182451,0.345334,0.182495,0.415967,0.161342,1,1,0,275,1,0.0883122,0.26473,0.47127,0.243723,1,1768.27,0.00280244,0.173139,0.782334,0.471081,0.05,300,300,300,300,300,300,111,275,300,87,91,99,48,52,84,0
dual_l0,0,435,5,0.299991,0.0789739,-0.137008,0.990671,1269.28,3.15623,4.22041,0.569377,0.0307994,0.017896,0.0195836,0.0295493,0.661956,0.10605,0.313027,0.143198,1,1,30,64,1,0.372059,0.289309,0.349625,0.366941,1,1235.96,0.00280244,0.173139,0.782334,0.471081,0.05,300,300,300,300,300,300,60,64,72,53,57,65,38,42,50,0
dual_l0,0,436,7,0.432851,0.128038,-0.498842,0.957659,1940.72,4.18393,6.45512,0.622921,0.27953,0.0157271,0.0141724,0.0687137,0.693851,0.10546,0.546574,0.686071,1,1,24,94,1,0.70988,0.587095,0.566262,0.450062,1,1862.39,0.00280244,0.173139,0.782334,0.471081,0.05,300,300,300,300,300,300,82,94,270,55,65,73,46,50,58,0
dual_l0,0,437,1,0.250843,0.191707,-0.0399078,0.969299,1609.1,0.106009,5.3633,0.1181,0.0114786,0.0422149,0.0127751,0.0131521,0.307287,0.163401,0.3801,0.247943,1,1,5,85,1,0.230201,0.120866,0.310011,0.153025,1,1598.85,0.00280244,0.173139,0.782334,0.471081,0.05,300,300,300,300,300,300,69,85,300,50,54,81,40,44,52,0
dual_l0,0,438,0,0.61681,0.0569022,0.198443,0.960827,1479.35,0.204025,4.93049,0.138504,0.020957,0.0403712,0.00887096,0.0369391,0.320157,0.111069,0.609435,0.0607249,1,1,19,114,1,0.167607,0.288767,0.606991,0.0738811,1,1467.78,0.00280244,0.173139,0.782334,0.471081,0.05,300,300,300,300,300,300,98,114,122,67,71,93,42,55,63,0
dual_l0,0,439,5,0.350672,0.137132,-0.163497,0.930247,1792.46,1.09772,5.97122,0.332951,0.182894,0.0273834,0.0244943,0.0384841,0.188477,0.111814,0.33229,0.26532,1,1,0,66,1,0.260272,0.131656,0.487883,0.412613,1,1766.45,0.00280244,0.173139,0.782334,0.471081,0.05,300,300,300,300,300,300,62,66,300,46,50,58,44,48,56,0
dual_l0,0,440,5,0.191467,0.137158,0.240443,0.978949,991.755,0.0806299,3.30558,0.0950134,0.0281212,0.0213968,0.00881215,0.0161826,0.194535,0.0364223,0.252566,0.0894685,1,1,17,157,1,0.0676,0.121322,0.203558,0.0443966,1,983.268,0.00280244,0.173139,0.782334,0.471081,0.05,300,300,300,300,300,300,93,157,300,55,87,105,33,45,53,0
dual_l0,0,441,6,0.431981,0.0406939,-0.106476,0.943809,1150.05,0.860344,3.83065,0.290194,0.200029,0.0251354,0.0169334,0.0567148,0.204316,0.354694,0.594331,0.143279,1,1,2,252,1,0.477883,0.334767,0.421075,0.362506,1,1136.21,0.00280244,0.173139,0.782334,0.471081,0.05,300,300,300,300,300,300,242,252,260,45,49,91,39,43,51,0
dual_l0,0,442,2,0.348076,0.147054,0.0525206,0.90791,1060.66,0.116606,3.53516,0.0858581,0.0153859,0.0205274,0.0175399,0.0327388,0.399166,0.215511,0.482129,0.231144,0,0,-1,86,1,0.12111,0.233959,0.367929,0.129204,0,1050.27,0.00280244,0.173139,0.782334,0.471081,0.05,300,300,300,300,300,300,66,86,300,49,61,69,41,45,53,0
dual_l0,0,443,7,0.347576,0.0808054,-0.44612,0.978828,1288.73,2.96555,4.28587,0.521567,0.396176,0.0144931,0.0123897,0.0535327,0.338731,0.346901,0.261324,0.724425,1,1,0,63,1,0.790095,0.586958,0.316365,0.683157,1,1199.56,0.00280244,0.173139,0.782334,0.471081,0.05,300,300,300,300,300,300,53,63,251,49,53,61,45,49,57,0
dual_l0,0,444,7,0.40249,0.190098,0.488615,0.951032,1505.54,0.153827,5.01796,0.102466,0.0075156,0.0168657,0.00593212,0.0343275,0.430012,0.098028,0.522368,0.169346,1,1,6,300,0,0.102466,0.430012,0.522368,0.169346,1,1505.39,0.00280244,0.173139,0.782334,0.471081,0.05,300,300,300,300,300,300,90,300,300,64,68,111,46,50,58,0
dual_l0,0,445,2,0.438036,0.178741,-0.0318912,1.04289,1116.95,0.154502,3.72267,0.104455,0.069342,0.0456752,0.0181186,0.013459,0.337014,0.252227,0.294948,0.157197,1,1,8,118,1,0.0990714,0.216855,0.366835,0.151178,1,1102.91,0.00280244,0.173139,0.782334,0.471081,0.05,300,300,300,300,300,300,60,118,149,50,54,62,40,44,52,0
dual_l0,0,446,1,0.377625,0.173819,0.101203,0.978009,1014.81,0.294448,3.38173,0.18027,0.0169452,0.0209483,0.0159776,0.0326185,0.153868,0.183844,0.32846,0.185585,0,4.50359e-22,1,89,1,0.1694,0.354141,0.235783,0.0414614,1,1003.02,0.00280244,0.173139,0.782334,0.471081,0.05,300,300,300,300,300,300,63,89,227,46,50,58,42,46,54,0
dual_l0,0,447,3,0.324621,0.194452,0.0432259,1.03188,1096.91,0.191092,3.65572,0.115165,0.000430059,0.0252337,0.00467348,0.0286522,0.375686,0.232067,0.291618,0.117382,1,1,1,86,1,0.248426,0.155028,0.470661,0.0689071,1,1087.42,0.00280244,0.173139,0.782334,0.471081,0.05,300,300,300,300,300,300,63,86,119,53,57,65,46,50,58,0
dual_l0,0,448,1,0.358427,0.182054,0.419181,0.925247,1210.34,0.29797,4.03349,0.177321,0.0338638,0.0334143,0.00875126,0.0171826,0.384314,0.144659,0.224976,0.266117,0,7.31394e-08,0,238,1,0.141795,0.440044,0.318924,0.209966,1,1204.47,0.00280244,0.173139,0.782334,0.471081,0.05,300,300,300,300,300,300,75,238,300,52,76,84,42,46,54,0
dual_l0,0,449,1,0.429024,0.0666413,0.0655501,0.983961,1254.16,0.283809,4.1796,0.176236,0.0460908,0.0319349,0.0178963,0.0377164,0.245894,0.157931,0.560263,0.137503,0,8.19689e-18,0,155,1,0.0973938,0.131253,0.585354,0.231132,1,1247.29,0.00280244,0.173139,0.782334,0.471081,0.05,300,300,300,300,300,300,98,155,163,49,53,61,34,38,58,0
dual_l0,0,450,3,0.555368,0.106034,-0.455238,1.00663,2172.13,3.76318,7.22789,0.642271,0.272185,0.0267321,0.0109716,0.0373124,0.428918,0.157259,0.439038,0.75737,1,1,18,73,1,0.381605,0.356602,0.448444,0.744199,1,2072.99,0.00280244,0.173139,0.782334,0.471081,0.05,300,300,300,300,300,300,61,73,176,48,52,60,44,48,56,0
dual_l0,0,451,2,0.411304,0.103607,-0.46853,0.999782,2077.18,5.19524,6.90661,0.728395,0.210902,0.0273743,0.0158813,0.0250311,0.316192,0.239346,0.36421,0.675236,1,1,6,239,1,0.650688,0.747712,0.297353,0.623485,1,2046.22,0.00280244,0.173139,0.782334,0.471081,0.05,300,300,300,300,300,300,125,239,300,72,76,84,50,54,62,0
dual_l0,0,452,4,0.258893,0.1599,0.119028,1.02562,1631.67,0.0899237,5.4386,0.107787,0.00710717,0.0379954,0.0106003,0.0282036,0.253772,0.188954,0.360317,0.0732846,1,1,28,101,1,0.100877,0.253524,0.219451,0.0508413,1,1624.05,0.00280244,0.173139,0.782334,0.471081,0.05,300,300,300,300,300,300,73,101,300,52,67,75,42,46,54,0
dual_l0,0,453,4,0.42652,0.0399436,-0.157306,0.982348,1195.89,0.515007,3.98458,0.221209,0.134611,0.00712676,0.00968676,0.032523,0.434016,0.0855522,0.370891,0.238134,1,1,21,137,1,0.419626,0.132826,0.366787,0.292018,1,1169.36,0.00280244,0.173139,0.782334,0.471081,0.05,300,300,300,300,300,300,63,137,300,46,50,58,42,46,54,0
dual_l0,0,454,6,0.278418,0.133468,-0.47287,1.05719,1534.13,3.50941,5.10208,0.597833,0.31285,0.0142722,0.00753895,0.0239135,0.445277,0.193502,0.253787,0.575587,1,1,4,171,1,0.435982,0.294922,0.226072,0.651322,1,1495.43,0.00280244,0.173139,0.782334,0.471081,0.05,300,300,300,300,300,300,68,171,300,57,61,69,47,51,59,0
dual_l0,0,455,3,0.50963,0.0562642,-0.398456,1.00898,1218.46,2.6427,4.05274,0.524545,0.391804,0.0277867,0.00352894,0.00985019,0.523198,0.206107,0.45468,0.693828,0,0,0,221,1,0.46998,0.426376,0.489585,0.664279,0,1185.59,0.00280244,0.173139,0.782334,0.471081,0.05,300,300,300,300,300,300,63,221,300,50,54,62,25,44,52,0
dual_l0,0,456,7,0.413833,0.166409,0.204756,0.964832,997.473,0.185552,3.32429,0.103085,0.0135718,0.026795,0.0127539,0.0402942,0.477468,0.144085,0.561742,0.110368,1,1,1,145,1,0.0911081,0.222531,0.581292,0.0422789,1,988.302,0.00280244,0.173139,0.782334,0.471081,0.05,300,300,300,300,300,300,84,145,300,58,71,79,35,48,56,0
dual_l0,0,457,2,0.461115,0.0485716,0.428233,1.0941,1587.48,0.0628067,5.29138,0.116787,0.0160348,0.0303443,0.0289111,0.0411239,0.692711,0.132606,0.543241,0.353407,1,1,18,300,0,0.116787,0.692711,0.543241,0.353407,1,1587.41,0.00280244,0.173139,0.782334,0.471081,0.05,300,300,300,300,300,300,106,300,300,88,92,100,38,50,73,0
dual_l0,0,458,1,0.242729,0.0563502,-0.30704,1.06957,2483.95,2.63876,8.27103,0.498485,0.171438,0.0194099,0.0105235,0.0331034,0.259257,0.190346,0.137845,0.468269,0,1.0123e-34,27,174,1,0.522434,0.347022,0.299009,0.638106,0,2443.87,0.00280244,0.173139,0.782334,0.471081,0.05,300,300,300,300,300,300,79,174,300,78,82,90,48,80,88,0
dual_l0,0,459,3,0.297844,0.0694949,0.249078,1.09423,1767.11,0.39351,5.88907,0.188116,0.0106896,0.0261686,0.00968098,0.0291443,0.227447,0.1059,0.368704,0.152663,1,1,13,138,1,0.114123,0.167155,0.314128,0.123264,1,1755.46,0.00280244,0.173139,0.782334,0.471081,0.05,300,300,300,300,300,300,93,138,300,50,82,90,35,44,61,0
dual_l0,0,460,5,0.407471,0.0341546,0.424305,1.0081,1981.26,0.972308,6.60095,0.282691,0.0336496,0.0346382,0.0068198,0.02009,0.328164,0.208994,0.430873,0.370733,1,0.999998,0,300,0,0.282691,0.328164,0.430873,0.370733,1,1980.29,0.00280244,0.173139,0.782334,0.471081,0.05,300,300,300,300,300,300,300,300,300,100,104,112,56,60,81,0
dual_l0,0,461,3,0.440203,0.125276,0.26757,0.986294,1030.49,0.0951995,3.43465,0.10833,0.0160764,0.0256254,0.0118672,0.0452529,0.406102,0.129875,0.632982,0.29158,1,1,0,88,1,0.172074,0.256213,0.433327,0.0888324,1,1014.62,0.00280244,0.173139,0.782334,0.471081,0.05,300,300,300,300,300,300,84,88,300,60,64,91,31,42,69,0
dual_l0,0,462,5,0.50675,0.139035,-0.368051,0.996747,1250.39,2.07844,4.16104,0.451372,0.28981,0.0218304,0.0271265,0.0187979,0.214978,0.276697,0.43424,0.507529,1,1,15,240,1,0.409934,0.435351,0.63744,0.466177,1,1237.62,0.00280244,0.173139,0.782334,0.471081,0.05,300,300,300,300,300,300,157,240,300,43,54,62,30,34,42,0
dual_l0,0,463,3,0.397051,0.112208,0.12146,1.07073,1349.84,0.134414,4.499,0.118406,0.015797,0.0154523,0.0065993,0.0222928,0.0866262,0.0675005,0.261375,0.0907814,1,0.999977,1,175,1,0.0688628,0.123962,0.197007,0.115762,1,1344.76,0.00280244,0.173139,0.782334,0.471081,0.05,300,300,300,300,300,300,171,175,183,82,86,118,44,48,56,0
dual_l0,0,464,4,0.402662,0.126588,-0.0139401,1.02584,1490.97,0.0617429,4.96971,0.0932775,0.0478272,0.00289663,0.0108749,0.0255595,0.13648,0.15022,0.378625,0.180214,1,1,23,277,1,0.168475,0.435847,0.52136,0.161816,1,1489.67,0.00280244,0.173139,0.782334,0.471081,0.05,300,300,300,300,300,300,65,277,300,50,54,62,37,41,49,0
dual_l0,0,465,5,0.377278,0.126066,0.0644071,1.04962,1560.88,0.00646402,5.20291,0.0165047,0.0076911,0.0380982,0.00959209,0.0280791,0.238949,0.111145,0.226555,0.0782613,1,1,0,289,1,0.0859241,0.208673,0.237417,0.136968,1,1560.73,0.00280244,0.173139,0.782334,0.471081,0.05,300,300,300,300,300,300,79,289,297,61,65,73,40,44,66,0
dual_l0,0,466,2,0.238247,0.121432,-0.115405,1.06517,1524.52,1.24398,5.0776,0.352175,0.0556857,0.0200092,0.0107759,0.0251625,0.217327,0.282305,0.151954,0.290126,1,1,0,300,0,0.352175,0.217327,0.151954,0.290126,1,1523.28,0.00280244,0.173139,0.782334,0.471081,0.05,300,300,300,300,300,300,92,300,300,54,58,82,46,50,58,0
dual_l0,0,467,4,0.5356,0.112623,-0.155183,0.985595,957.998,0.817662,3.1906,0.279935,0.170133,0.0334314,0.0104937,0.0172069,0.119768,0.198957,0.337626,0.247561,1,1,10,96,1,0.401353,0.284458,0.410822,0.319483,1,924.558,0.00280244,0.173139,0.782334,0.471081,0.05,300,300,300,300,300,300,92,96,272,42,46,54,32,44,52,0
dual_l0,0,468,0,0.472828,0.156543,0.448941,1.06975,1235.62,0.282095,4.11779,0.170151,0.0123754,0.0275901,0.00789688,0.0379407,0.585707,0.127503,0.476793,0.272009,1,1,0,218,1,0.106678,0.252127,0.303688,0.372156,1,1225.94,0.00280244,0.173139,0.782334,0.471081,0.05,300,300,300,300,300,300,214,218,300,63,77,85,44,53,61,0
dual_l0,0,469,2,0.39573,0.13393,-0.248748,1.0463,2318.9,1.84338,7.72352,0.436463,0.179366,0.0221984,0.00715979,0.0436793,0.355279,0.191802,0.356614,0.363452,1,1,0,179,1,0.393322,0.236953,0.296484,0.452649,1,2298.65,0.00280244,0.173139,0.782334,0.471081,0.05,300,300,300,300,300,300,75,179,300,67,71,79,38,42,50,0
dual_l0,0,470,3,0.479956,0.125036,0.373833,0.996836,1397.73,0.0112417,4.65906,0.0731017,0.00842355,0.0154381,0.0213747,0.0332369,0.318223,0.116768,0.470991,0.304435,0,8.2273e-26,-1,116,1,0.0879445,0.27881,0.39012,0.178597,0,1378.9,0.00280244,0.173139,0.782334,0.471081,0.05,300,300,300,300,300,300,112,116,300,55,59,67,44,48,56,0
dual_l0,0,471,5,0.418159,0.156058,-0.346005,1.00608,2138.62,0.710298,7.12637,0.270074,0.270074,0.042325,0.0181064,0.043267,0.365502,0.294358,0.475432,0.438652,1,1,0,66,1,0.687575,0.779269,0.393392,0.56533,1,2064.05,0.00280244,0.173139,0.782334,0.471081,0.05,300,300,300,300,300,300,55,66,90,50,54,74,43,47,55,0
dual_l0,0,472,1,0.372703,0.0950726,-0.337771,0.944728,1639.61,2.16777,5.45814,0.456832,0.177563,0.031353,0.0137127,0.0270337,0.213386,0.0805982,0.357899,0.480339,0,3.29698e-32,0,84,1,0.638259,0.541625,0.396943,0.453784,0,1573.86,0.00280244,0.173139,0.782334,0.471081,0.05,300,300,300,300,300,300,80,84,92,51,55,91,38,42,50,0
dual_l0,0,473,4,0.459696,0.0339353,0.0706676,0.938284,1122.69,1.94445,3.73582,0.411988,0.0873619,0.0270769,0.013722,0.0088027,0.704529,0.453557,0.322463,0.345035,1,1,10,300,0,0.411988,0.704529,0.322463,0.345035,1,1120.74,0.00280244,0.173139,0.782334,0.471081,0.05,300,300,300,300,300,300,111,300,300,48,57,65,38,42,50,0
dual_l0,0,474,4,0.636273,0.190522,-0.167285,0.916199,1461.47,0.457255,4.87004,0.198396,0.0639438,0.0169632,0.00491791,0.0441914,0.424573,0.101336,0.760096,0.265313,1,1,21,66,1,0.29568,0.228135,0.708112,0.385336,1,1431.17,0.00280244,0.173139,0.782334,0.471081,0.05,300,300,300,300,300,300,62,66,149,49,53,61,46,50,58,0
dual_l0,0,475,2,0.403726,0.149377,-0.187488,1.0218,1716.84,1.05295,5.7193,0.305344,0.104615,0.0281772,0.0113638,0.0537556,0.505873,0.437662,0.564555,0.387311,1,1,0,68,1,0.402191,0.318329,0.428235,0.481723,1,1690.12,0.00280244,0.173139,0.782334,0.471081,0.05,300,300,300,300,300,300,64,68,76,53,57,74,46,50,58,0
dual_l0,0,476,4,0.418129,0.148865,-0.199024,1.01199,1997.68,0.902732,6.65594,0.331524,0.00843689,0.0247543,0.00609275,0.0325241,0.144523,0.158848,0.506687,0.335957,1,1,34,65,1,0.364805,0.121674,0.430878,0.567532,1,1968.94,0.00280244,0.173139,0.782334,0.471081,0.05,300,300,300,300,300,300,61,65,217,48,52,60,41,45,53,0
dual_l0,0,477,7,0.44296,0.0383635,-0.440097,0.924868,1238.8,5.14798,4.11216,0.711296,0.626451,0.0118042,0.0108642,0.0302525,0.606304,0.174069,0.443726,0.563983,1,1,21,228,1,0.99193,0.696731,0.321156,0.320206,1,1176.16,0.00280244,0.173139,0.782334,0.471081,0.05,300,300,300,300,300,300,136,228,300,39,43,51,29,39,47,0
dual_l0,0,478,7,0.55141,0.0817994,-0.460467,1.01919,1352.33,3.18849,4.49713,0.554003,0.329133,0.0321556,0.0123753,0.021078,0.60615,0.214366,0.449789,0.672984,1,1,0,94,1,0.591794,0.628096,0.442486,0.639759,1,1275.62,0.00280244,0.173139,0.782334,0.471081,0.05,300,300,300,300,300,300,84,94,213,44,48,56,38,42,50,0
dual_l0,0,479,6,0.228984,0.0614707,0.394412,1.08288,1728.2,0.0717269,5.76043,0.051942,0.0171753,0.0155741,0.014018,0.00606019,0.303855,0.0902714,0.238831,0.325691,1,1,16,300,0,0.051942,0.303855,0.238831,0.325691,1,1728.13,0.00280244,0.173139,0.782334,0.471081,0.05,300,300,300,300,300,300,300,300,300,71,75,126,47,51,59,0
dual_l0,0,480,6,0.383564,0.0255862,0.306609,1.0571,1488.88,0.0234849,4.96285,0.0373037,0.00820303,0.0209508,0.00512661,0.0260721,0.243198,0.102108,0.603233,0.269737,1,1,19,94,1,0.171501,0.297186,0.327789,0.0993063,1,1475.19,0.00280244,0.173139,0.782334,0.471081,0.05,300,300,300,300,300,300,90,94,300,60,64,72,40,44,52,0
dual_l0,0,481,2,0.334553,0.0514017,0.494442,1.01978,1263.78,0.267033,4.2117,0.129624,0.0331099,0.0376001,0.00406017,0.0222311,0.766499,0.112831,0.269976,0.488531,1,1,0,300,0,0.129624,0.766499,0.269976,0.488531,1,1263.51,0.00280244,0.173139,0.782334,0.471081,0.05,300,300,300,300,300,300,224,300,300,47,71,79,33,48,56,0
dual_l0,0,482,3,0.397983,0.134297,0.160942,1.06182,1076.34,0.098675,3.58746,0.0898413,0.0227138,0.0187471,0.0118368,0.0199616,0.151691,0.197955,0.574191,0.0912721,1,1,9,85,1,0.333676,0.125062,0.421811,0.115851,1,1065.13,0.00280244,0.173139,0.782334,0.471081,0.05,300,300,300,300,300,300,74,85,300,46,62,70,42,46,68,0
dual_l0,0,483,2,0.429478,0.0474413,0.35541,0.927325,1905.04,0.126785,6.34971,0.0947904,0.0323225,0.0281828,0.012504,0.022139,0.505301,0.0990995,0.398452,0.188274,1,1,17,270,1,0.140095,0.378016,0.570754,0.250058,1,1903.2,0.00280244,0.173139,0.782334,0.471081,0.05,300,300,300,300,300,300,80,270,300,50,75,83,46,50,58,0
dual_l0,0,484,5,0.453357,0.0652423,0.109339,0.918084,1542.51,0.0560487,5.14153,0.0823346,0.0530331,0.0215332,0.00707021,0.0343982,0.348358,0.0528567,0.579914,0.101896,1,1,24,252,1,0.156227,0.240872,0.525284,0.0799319,1,1540.69,0.00280244,0.173139,0.782334,0.471081,0.05,300,300,300,300,300,300,162,252,300,77,123,131,45,49,57,0
dual_l0,0,485,2,0.441863,0.0197531,-0.469756,0.945099,1537.36,3.43156,5.1131,0.590292,0.43628,0.0193462,0.0256822,0.0276805,0.577346,0.141249,0.436964,0.610684,1,1,1,137,1,0.893809,0.732812,0.39154,0.652977,1,1464.09,0.00280244,0.173139,0.782334,0.471081,0.05,300,300,300,300,300,300,133,137,300,46,50,75,41,45,53,0
dual_l0,0,486,6,0.550695,0.0263101,-0.0564724,1.00854,1714.16,1.2117,5.70982,0.339907,0.159812,0.018965,0.00911365,0.0147907,0.467157,0.244758,0.598053,0.296557,1,1,13,189,1,0.162093,0.152293,0.544031,0.385056,1,1697.36,0.00280244,0.173139,0.782334,0.471081,0.05,300,300,300,300,300,300,185,189,300,56,60,111,44,48,56,0
dual_l0,0,487,7,0.408471,0.0416259,0.39141,0.914249,910.31,0.166829,3.03381,0.13187,0.0172935,0.0137316,0.00706619,0.0168286,0.17141,0.144838,0.411525,0.234099,1,1,1,300,0,0.13187,0.17141,0.411525,0.234099,1,910.143,0.00280244,0.173139,0.782334,0.471081,0.05,300,300,300,300,300,300,91,300,300,45,49,72,28,32,40,0
dual_l0,0,488,2,0.347024,0.137106,-0.145214,1.07053,809.21,1.42519,2.69262,0.378559,0.100354,0.0237822,0.00989047,0.0198314,0.254171,0.166754,0.47459,0.363955,0,2.6367e-18,20,120,1,0.136339,0.193905,0.319823,0.347222,1,790.263,0.00280244,0.173139,0.782334,0.471081,0.05,300,300,300,300,300,300,69,120,145,37,41,49,35,39,47,0
dual_l0,0,489,3,0.497726,0.182094,-0.416592,0.934776,1377.27,2.53393,4.58244,0.498587,0.298406,0.0292716,0.00578732,0.0189025,0.348614,0.0927878,0.646896,0.557127,1,1,0,71,1,0.528796,0.608738,0.665043,0.581133,1,1305.73,0.00280244,0.173139,0.782334,0.471081,0.05,300,300,300,300,300,300,67,71,133,47,51,59,46,50,58,0
dual_l0,0,490,0,0.393144,0.105983,-0.175849,1.00952,2055.07,1.40551,6.84556,0.360295,0.200202,0.0398595,0.0154078,0.0626692,0.368068,0.25443,0.448314,0.303212,1,1,25,105,1,0.251695,0.45019,0.43196,0.399548,1,2030.52,0.00280244,0.173139,0.782334,0.471081,0.05,300,300,300,300,300,300,59,105,300,50,54,62,47,51,59,0
dual_l0,0,491,4,0.21771,0.0237546,0.478379,1.03329,1035.11,0.744687,3.44787,0.271836,0.0250024,0.029116,0.00465121,0.0173838,0.580487,0.105431,0.148477,0.369751,1,1,20,300,0,0.271836,0.580487,0.148477,0.369751,1,1034.36,0.00280244,0.173139,0.782334,0.471081,0.05,300,300,300,300,300,300,300,300,300,49,69,77,39,43,51,0
dual_l0,0,492,6,0.522602,0.0743117,-0.229644,1.09626,3026.7,0.811446,10.0863,0.277958,0.0848947,0.0174942,0.0157236,0.0409102,0.247608,0.182103,0.514402,0.388737,1,1,23,105,1,0.346897,0.14973,0.425704,0.372724,1,2997.03,0.00280244,0.173139,0.782334,0.471081,0.05,300,300,300,300,300,300,101,105,113,75,79,87,63,67,75,0
dual_l0,0,493,5,0.316607,0.166552,-0.416726,1.05198,1397.26,1.44313,4.65272,0.394173,0.292109,0.0281923,0.00714975,0.0456121,0.50056,0.139193,0.373391,0.487983,1,1,8,91,1,0.329891,0.425303,0.137971,0.537525,1,1334.23,0.00280244,0.173139,0.782334,0.471081,0.05,300,300,300,300,300,300,74,91,300,57,61,69,40,44,52,0
dual_l0,0,494,0,0.409982,0.110744,0.493543,1.05676,1196,0.430387,3.98524,0.212416,0.0281919,0.0373761,0.0170152,0.0438389,0.312811,0.0223886,0.596883,0.315454,1,1,15,298,1,0.203671,0.208148,0.591364,0.259729,1,1195.4,0.00280244,0.173139,0.782334,0.471081,0.05,300,300,300,300,300,300,151,298,300,65,69,90,35,39,61,0
dual_l0,0,495,1,0.445478,0.095374,-0.379102,0.967988,2189.72,2.30906,7.29137,0.487805,0.16468,0.0374233,0.0143106,0.018372,0.339605,0.23661,0.565437,0.578112,0,5.88084e-35,23,83,1,0.16468,0.419506,0.583797,0.495918,0,2124.76,0.00280244,0.173139,0.782334,0.471081,0.05,300,300,300,300,300,300,66,83,300,64,68,76,62,66,74,0
dual_l0,0,496,5,0.492409,0.113593,0.0556823,0.960757,1512,0.405041,5.03864,0.211976,0.0458385,0.0173489,0.00986025,0.0118292,0.185783,0.151722,0.476747,0.1919,1,1,0,107,1,0.264839,0.175452,0.5265,0.0974714,1,1501.13,0.00280244,0.173139,0.782334,0.471081,0.05,300,300,300,300,300,300,103,107,300,50,54,62,44,48,56,0
dual_l0,0,497,0,0.106906,0.167564,-0.187333,1.08959,1187.92,1.04067,3.95626,0.324441,0.0645605,0.0165178,0.0083531,0.0450468,0.399021,0.0309567,0.298321,0.268901,1,1,15,119,1,0.374359,0.224857,0.237467,0.409419,1,1172.54,0.00280244,0.173139,0.782334,0.471081,0.05,300,300,300,300,300,300,80,119,127,52,56,64,39,43,51,0
dual_l0,0,498,3,0.301389,0.15996,0.455465,0.910531,891.131,0.464383,2.96889,0.233577,0.0431813,0.0107896,0.0103834,0.00264895,0.265442,0.131257,0.320388,0.270432,1,1,0,300,0,0.233577,0.265442,0.320388,0.270432,1,890.667,0.00280244,0.173139,0.782334,0.471081,0.05,300,300,300,300,300,300,243,300,300,49,53,61,36,40,61,0
dual_l0,0,499,7,0.123917,0.0254545,-0.447705,1.09872,1882.54,3.26624,6.26426,0.566195,0.230848,0.0394525,0.0203195,0.0417098,0.490729,0.0948823,0.165332,0.532328,1,1,21,148,1,0.637713,0.506964,0.179885,0.74157,1,1839.27,0.00280244,0.173139,0.782334,0.471081,0.05,300,300,300,300,300,300,144,148,300,58,62,70,41,45,53,0
dual_l0,0,500,6,0.354641,0.154867,-0.16169,1.08565,1326.79,0.201978,4.42197,0.14894,0.14479,0.00126118,0.0138596,0.0228558,0.200088,0.167873,0.429397,0.238013,1,1,8,72,1,0.280431,0.357441,0.301019,0.492051,1,1304.49,0.00280244,0.173139,0.782334,0.471081,0.05,300,300,300,300,300,300,68,72,122,51,65,73,33,43,51,0
dual_l0,0,501,7,0.490786,0.00707998,0.146975,1.05369,1408.38,1.33215,4.69015,0.363947,0.140477,0.0166347,0.0144839,0.0234547,0.216093,0.193678,0.377255,0.0613034,1,1,18,300,0,0.363947,0.216093,0.377255,0.0613034,1,1407.04,0.00280244,0.173139,0.782334,0.471081,0.05,300,300,300,300,300,300,300,300,300,104,108,158,48,52,60,0
dual_l0,0,502,7,0.221018,0.0126241,-0.205462,1.02656,1547.09,4.49488,5.14198,0.668066,0.314234,0.0249361,0.0164452,0.0269199,0.271305,0.367681,0.297798,0.531811,1,1,0,83,1,0.448685,0.153947,0.213174,0.486495,1,1469.96,0.00280244,0.173139,0.782334,0.471081,0.05,300,300,300,300,300,300,79,83,259,52,56,64,46,50,58,0
dual_l0,0,503,0,0.234979,0.138729,-0.19659,1.09421,1064.64,0.226486,3.54805,0.136925,0.126016,0.0304561,0.013127,0.0257323,0.194504,0.154354,0.374863,0.339458,1,1,15,142,1,0.208605,0.41965,0.354028,0.38227,1,1051.52,0.00280244,0.173139,0.782334,0.471081,0.05,300,300,300,300,300,300,105,142,150,51,55,84,43,47,55,0
dual_l0,0,504,3,0.317703,0.0283871,0.322861,1.09019,1624.23,0.0569911,5.41392,0.0826039,0.0180965,0.0418975,0.00950003,0.0356014,0.422997,0.116801,0.273823,0.202095,1,1,14,300,0,0.0826039,0.422997,0.273823,0.202095,1,1624.17,0.00280244,0.173139,0.782334,0.471081,0.05,300,300,300,300,300,300,125,300,300,82,86,94,40,49,57,0
dual_l0,0,505,2,0.237733,0.076863,-0.201512,0.967268,2031.25,1.30821,6.76647,0.348885,0.189071,0.0346971,0.00665017,0.0158668,0.307232,0.0940682,0.128886,0.302925,1,1,0,69,1,0.404275,0.499317,0.438425,0.363418,1,1989.89,0.00280244,0.173139,0.782334,0.471081,0.05,300,300,300,300,300,300,65,69,300,52,56,64,46,50,58,0
dual_l0,0,506,0,0.37796,0.0339066,-0.370647,1.08134,1613.48,5.33677,5.36046,0.735472,0.505031,0.0253043,0.0164166,0.026976,0.376295,0.356178,0.452474,0.537386,1,1,17,174,1,0.762086,0.589479,0.479065,0.426327,1,1539.24,0.00280244,0.173139,0.782334,0.471081,0.05,300,300,300,300,300,300,164,174,300,58,62,70,44,56,64,0
dual_l0,0,507,0,0.230741,0.098255,-0.31439,0.961045,1108.22,2.10437,3.68706,0.473575,0.340867,0.0325261,0.00317175,0.0140143,0.239357,0.254549,0.300741,0.527847,1,1,16,106,1,0.523935,0.488365,0.463368,0.521534,1,1058.95,0.00280244,0.173139,0.782334,0.471081,0.05,300,300,300,300,300,300,97,106,114,48,52,83,43,47,55,0
dual_l0,0,508,4,0.429814,0.175416,-0.10102,1.07504,965.093,0.125606,3.21656,0.112182,0.0399346,0.00769743,0.0104458,0.0254882,0.248298,0.139044,0.562497,0.260828,1,1,16,54,1,0.324793,0.231284,0.588681,0.191706,1,949.704,0.00280244,0.173139,0.782334,0.471081,0.05,300,300,300,300,300,300,50,54,148,47,51,59,43,47,55,0
dual_l0,0,509,2,0.341952,0.0895129,-0.447715,0.939048,1807.34,10.8967,5.98813,1.0325,0.334689,0.0233964,0.00925794,0.0376344,0.728335,0.364092,0.305647,0.311047,1,1,1,86,1,0.768959,0.343374,0.245842,0.712253,1,1677.44,0.00280244,0.173139,0.782334,0.471081,0.05,300,300,300,300,300,300,58,86,300,43,47,55,40,44,52,0
dual_l0,0,510,5,0.483487,0.165769,0.215658,1.02699,1531.25,0.246897,5.10335,0.163289,0.0131408,0.0266354,0.014113,0.0436717,0.200341,0.0675955,0.580871,0.0919951,1,1,10,90,1,0.138224,0.384803,0.686714,0.133134,1,1519.7,0.00280244,0.173139,0.782334,0.471081,0.05,300,300,300,300,300,300,70,90,300,50,62,70,46,50,58,0
dual_l0,0,511,1,0.362468,0.0619768,-0.0999804,0.9851,1694.07,0.581458,5.64495,0.261131,0.016533,0.0248306,0.00902275,0.0335875,0.289507,0.0683281,0.344312,0.403866,0,1.78183e-06,0,66,1,0.0724565,0.115487,0.236674,0.166403,1,1663.79,0.00280244,0.173139,0.782334,0.471081,0.05,300,300,300,300,300,300,62,66,74,53,57,65,41,45,53,0
dual_l0,0,512,1,0.206235,0.122275,-0.18272,1.06936,1440.66,0.497049,4.80053,0.216463,0.0619135,0.0287481,0.00919966,0.0312229,0.329254,0.0917917,0.290738,0.29066,0,3.74778e-06,0,78,1,0.415337,0.404563,0.383255,0.282905,1,1419.24,0.00280244,0.173139,0.782334,0.471081,0.05,300,300,300,300,300,300,56,78,86,49,53,61,47,51,59,0
dual_l0,0,513,7,0.525916,0.0972803,0.0676863,0.92288,1069.46,0.141111,3.5644,0.130917,0.0267667,0.0322177,0.0123544,0.0378355,0.310682,0.157937,0.550077,0.141482,1,1,22,98,1,0.1399,0.336628,0.339315,0.0875507,1,1058.79,0.00280244,0.173139,0.782334,0.471081,0.05,300,300,300,300,300,300,76,98,226,59,70,78,45,49,57,0
dual_l0,0,514,5,0.439274,0.102123,0.379662,1.02341,2244.22,0.373709,7.47948,0.177079,0.0120224,0.0101513,0.00666732,0.0180786,0.499828,0.0994487,0.484011,0.0560733,1,1,14,169,1,0.0717706,0.321984,0.646791,0.219819,1,2228.36,0.00280244,0.173139,0.782334,0.471081,0.05,300,300,300,300,300,300,130,169,300,83,87,95,41,45,91,0
dual_l0,0,515,3,0.546055,0.181601,0.00537848,0.976786,1208.98,0.78066,4.02734,0.277725,0.0178383,0.0253373,0.0193757,0.0338257,0.166956,0.267906,0.632165,0.108964,1,1,2,81,1,0.358819,0.168078,0.675375,0.209391,1,1197.13,0.00280244,0.173139,0.782334,0.471081,0.05,300,300,300,300,300,300,58,81,209,47,51,59,43,47,55,0
dual_l0,0,516,5,0.16536,0.0137682,0.202375,1.03127,1787.62,0.252961,5.95791,0.142834,0.0229974,0.035987,0.0202486,0.0265565,0.300006,0.0171287,0.202112,0.0674192,1,1,0,159,1,0.232978,0.339557,0.398374,0.216269,1,1775.17,0.00280244,0.173139,0.782334,0.471081,0.05,300,300,300,300,300,300,155,159,300,47,71,79,46,60,68,0
dual_l0,0,517,2,0.214078,0.172089,-0.100361,0.929303,939.687,0.844132,3.12948,0.269001,0.0712065,0.0419785,0.00857701,0.0112658,0.293998,0.147437,0.439049,0.177377,1,0.999999,6,118,1,0.0727709,0.14238,0.232621,0.133691,1,924.824,0.00280244,0.173139,0.782334,0.471081,0.05,300,300,300,300,300,300,57,118,161,44,48,56,41,45,53,0
dual_l0,0,518,5,0.396247,0.011541,-0.315174,1.07786,1338.39,6.28563,4.44036,0.795337,0.303097,0.0355806,0.00766224,0.0112262,0.402928,0.434759,0.189191,0.466099,1,1,15,87,1,0.489433,0.47946,0.38179,0.519355,1,1257.34,0.00280244,0.173139,0.782334,0.471081,0.05,300,300,300,300,300,300,83,87,95,46,50,58,33,44,52,0
dual_l0,0,519,2,0.388844,0.191078,0.137457,1.07355,1055.6,0.366052,3.51746,0.187584,0.017424,0.0469137,0.00911667,0.0426829,0.23455,0.111747,0.555096,0.0682479,0,1.98336e-20,0,100,1,0.14444,0.310872,0.428473,0.174726,1,1045.12,0.00280244,0.173139,0.782334,0.471081,0.05,300,300,300,300,300,300,96,100,300,52,56,101,33,37,45,0
dual_l0,0,520,5,0.361866,0.160955,0.351019,1.07772,1120.84,0.089027,3.73583,0.0898717,0.018629,0.0165927,0.0100529,0.0481803,0.0622166,0.0316642,0.611098,0.345361,1,1,0,88,1,0.187454,0.444933,0.27467,0.229831,1,1098.77,0.00280244,0.173139,0.782334,0.471081,0.05,300,300,300,300,300,300,84,88,300,50,54,62,46,50,58,0
dual_l0,0,521,6,0.40757,0.00834267,-0.374793,0.999151,2494.16,4.18528,8.29993,0.633959,0.364162,0.0179627,0.013173,0.0178129,0.507619,0.248673,0.357231,0.512803,1,1,38,300,0,0.633959,0.507619,0.357231,0.512803,1,2489.98,0.00280244,0.173139,0.782334,0.471081,0.05,300,300,300,300,300,300,300,300,300,55,59,67,49,53,61,0
dual_l0,0,522,7,0.247911,0.0991394,0.255766,0.915289,1079.93,0.0924729,3.59947,0.0981346,0.0110761,0.0137477,0.012973,0.0460265,0.393135,0.210702,0.385621,0.144244,1,1,0,199,1,0.155147,0.411405,0.141482,0.178907,1,1074.03,0.00280244,0.173139,0.782334,0.471081,0.05,300,300,300,300,300,300,92,199,300,49,53,76,41,45,53,0
dual_l0,0,523,0,0.276105,0.0343476,0.167504,0.976414,1547.81,0.0695841,5.15915,0.0928747,0.00749946,0.0273187,0.0120917,0.049596,0.357544,0.0838221,0.494044,0.151941,1,1,20,68,1,0.0842936,0.293776,0.393124,0.0273647,1,1530.02,0.00280244,0.173139,0.782334,0.471081,0.05,300,300,300,300,300,300,64,68,300,48,52,60,38,42,50,0
dual_l0,0,524,3,0.38269,0.00242224,0.313705,1.09382,1329.13,0.382994,4.42915,0.222037,0.0230154,0.0351609,0.0105574,0.0115082,0.647636,0.0633305,0.386598,0.530654,1,1,0,300,0,0.222037,0.647636,0.386598,0.530654,1,1328.74,0.00280244,0.173139,0.782334,0.471081,0.05,300,300,300,300,300,300,123,300,300,61,65,135,47,60,68,0
dual_l0,0,525,7,0.5411,0.161489,-0.239372,1.08264,2327.07,1.77264,7.75098,0.442887,0.125285,0.0173467,0.0131838,0.0302979,0.200048,0.232571,0.598465,0.335271,1,1,19,78,1,0.443647,0.204155,0.44192,0.543641,1,2289.71,0.00280244,0.173139,0.782334,0.471081,0.05,300,300,300,300,300,300,74,78,300,66,70,78,45,55,63,0
dual_l0,0,526,5,0.26801,0.0454513,-0.118376,1.01934,1724.83,0.485352,5.74782,0.239148,0.0640282,0.0164332,0.00780809,0.0288411,0.301594,0.155883,0.36175,0.239754,1,1,1,109,1,0.505562,0.137682,0.3297,0.174909,1,1703.58,0.00280244,0.173139,0.782334,0.471081,0.05,300,300,300,300,300,300,84,109,300,55,59,67,43,47,55,0
dual_l0,0,527,6,0.494283,0.0458,-0.404744,1.02507,1009.66,5.56863,3.34698,0.75608,0.380515,0.0212218,0.0129275,0.0187177,0.45219,0.313102,0.262305,0.431684,1,1,20,141,1,0.798549,0.595165,0.539147,0.588356,1,914.327,0.00280244,0.173139,0.782334,0.471081,0.05,300,300,300,300,300,300,119,141,300,42,46,54,40,44,52,0
dual_l0,0,528,4,0.33221,0.11251,-0.130537,0.9337,2248.06,0.673777,7.49128,0.275101,0.13716,0.0335763,0.00591516,0.0230334,0.122118,0.133745,0.47761,0.147817,1,1,28,135,1,0.381718,0.0615965,0.392217,0.485069,1,2228.15,0.00280244,0.173139,0.782334,0.471081,0.05,300,300,300,300,300,300,71,135,143,58,73,81,40,52,60,0
dual_l0,0,529,2,0.281445,0.0930793,0.15771,1.05666,1016.54,0.071454,3.38822,0.0525729,0.0336737,0.0221689,0.00761902,0.0328128,0.253473,0.128098,0.129709,0.149864,1,1,0,200,1,0.23777,0.251499,0.125582,0.0304902,1,1012.46,0.00280244,0.173139,0.782334,0.471081,0.05,300,300,300,300,300,300,76,200,300,62,72,80,37,41,49,0
dual_l0,0,530,6,0.476137,0.131683,0.311727,0.970679,1202.49,0.483177,4.00669,0.230139,0.0352438,0.0269607,0.00860349,0.0293971,0.484524,0.121206,0.560003,0.16142,1,1,0,245,1,0.189246,0.209726,0.58638,0.187535,1,1197.25,0.00280244,0.173139,0.782334,0.471081,0.05,300,300,300,300,300,300,102,245,300,50,75,83,39,43,51,0
dual_l0,0,531,7,0.431919,0.126395,0.423946,0.988971,2370.85,0.286321,7.90189,0.186586,0.0305818,0.0202126,0.00748169,0.0164051,0.190643,0.114704,0.509615,0.202918,1,1,30,300,0,0.186586,0.190643,0.509615,0.202918,1,2370.57,0.00280244,0.173139,0.782334,0.471081,0.05,300,300,300,300,300,300,107,300,300,62,66,101,48,52,60,0
dual_l0,0,532,4,0.312136,0.138812,-0.281556,0.955776,1281.66,3.53213,4.26042,0.580213,0.258261,0.0146666,0.00781714,0.0267697,0.382124,0.307166,0.433656,0.444718,1,1,28,82,1,0.570838,0.537679,0.412568,0.503039,1,1226.19,0.00280244,0.173139,0.782334,0.471081,0.05,300,300,300,300,300,300,78,82,107,48,73,81,43,47,55,0
dual_l0,0,533,6,0.162419,0.000310373,-0.100106,1.03456,965.488,6.29734,3.1973,0.798068,0.168141,0.0312529,0.0113575,0.0377655,0.212359,0.343535,0.226877,0.178153,1,1,4,101,1,0.253374,0.445617,0.288831,0.234447,1,893.706,0.00280244,0.173139,0.782334,0.471081,0.05,300,300,300,300,300,300,91,101,128,46,59,67,28,32,40,0
dual_l0,0,534,7,0.155162,0.171975,0.303833,1.0108,2200.41,0.248925,7.33386,0.164526,0.00761433,0.00649675,0.00812581,0.015575,0.259565,0.0905033,0.0884435,0.125296,1,1,20,296,1,0.166125,0.2175,0.0526462,0.032146,1,2199.93,0.00280244,0.173139,0.782334,0.471081,0.05,300,300,300,300,300,300,95,296,300,76,80,104,47,61,69,0
dual_l0,0,535,7,0.355718,0.0149557,0.110457,0.981602,2141.61,0.963375,7.1355,0.300406,0.102578,0.0287508,0.0106989,0.0248606,0.446434,0.332544,0.350924,0.154778,1,1,14,300,0,0.300406,0.446434,0.350924,0.154778,1,2140.65,0.00280244,0.173139,0.782334,0.471081,0.05,300,300,300,300,300,300,300,300,300,67,71,79,52,56,64,0
dual_l0,0,536,3,0.452551,0.129251,-0.113793,1.02323,1977.61,0.196788,6.59139,0.153208,0.035202,0.0187368,0.00743396,0.0295496,0.179622,0.110473,0.353239,0.221042,1,1,12,80,1,0.202386,0.171332,0.289499,0.231535,1,1955.59,0.00280244,0.173139,0.782334,0.471081,0.05,300,300,300,300,300,300,66,80,101,51,55,63,42,51,59,0
dual_l0,0,537,1,0.439787,0.0775326,0.358241,1.04028,1321.36,0.0802109,4.40427,0.0810057,0.01917,0.0183007,0.0128722,0.0252592,0.621568,0.15044,0.286968,0.448937,0,6.43958e-18,0,300,0,0.0810057,0.621568,0.286968,0.448937,0,1321.28,0.00280244,0.173139,0.782334,0.471081,0.05,300,300,300,300,300,300,256,300,300,76,92,149,47,77,85,0
dual_l0,0,538,0,0.336362,0.0506603,0.0546293,1.06786,1258.77,0.181382,4.19528,0.134651,0.0264416,0.0081155,0.0126384,0.0292111,0.197922,0.0648483,0.430332,0.0684543,1,1,18,90,1,0.208932,0.320516,0.596496,0.0724634,1,1246.78,0.00280244,0.173139,0.782334,0.471081,0.05,300,300,300,300,300,300,86,90,300,57,83,91,37,41,65,0
dual_l0,0,539,5,0.456022,0.101226,-0.023486,0.947259,1253.78,0.042246,4.17912,0.0519394,0.0243542,0.0142439,0.0167973,0.019992,0.203482,0.126258,0.396631,0.133386,1,1,24,64,1,0.124134,0.307377,0.370308,0.171344,1,1233.56,0.00280244,0.173139,0.782334,0.471081,0.05,300,300,300,300,300,300,60,64,72,51,55,63,48,52,60,0
dual_l0,0,540,6,0.155772,0.0183277,-0.149749,1.08567,1070.42,5.1313,3.55097,0.716857,0.413411,0.0303848,0.0140867,0.0271599,0.39725,0.302499,0.226743,0.139596,1,1,0,300,0,0.716857,0.39725,0.226743,0.139596,1,1065.29,0.00280244,0.173139,0.782334,0.471081,0.05,300,300,300,300,300,300,300,300,300,63,82,105,34,61,69,0
dual_l0,0,541,1,0.464428,0.0689845,0.493637,0.994662,2342.78,1.07071,7.80571,0.356087,0.0266386,0.0252494,0.00566787,0.0267533,0.671294,0.203937,0.339331,0.336657,0,4.16445e-13,15,300,0,0.356087,0.671294,0.339331,0.336657,0,2341.71,0.00280244,0.173139,0.782334,0.471081,0.05,300,300,300,300,300,300,184,300,300,64,87,137,54,58,66,0
dual_l0,0,542,1,0.394241,0.0865596,0.395892,1.06467,903.558,0.157801,3.01133,0.165732,0.0103998,0.0203969,0.00980105,0.0317131,0.3495,0.139801,0.403092,0.236414,0,2.77457e-43,0,300,0,0.165732,0.3495,0.403092,0.236414,0,903.4,0.00280244,0.173139,0.782334,0.471081,0.05,300,300,300,300,300,300,95,300,300,47,64,72,38,42,50,0
dual_l0,0,543,2,0.326135,0.138203,-0.33348,1.05759,1761.99,1.29253,5.869,0.369962,0.220874,0.0112263,0.0139868,0.0206464,0.488202,0.123405,0.515236,0.42537,1,1,47,102,1,0.398985,0.406565,0.432106,0.497407,1,1718.79,0.00280244,0.173139,0.782334,0.471081,0.05,300,300,300,300,300,300,89,102,300,56,60,68,34,38,66,0
dual_l0,0,544,7,0.407737,0.159141,-0.0485957,1.00339,2056.08,0.613301,6.85155,0.227987,0.0541664,0.00886942,0.0104984,0.0271398,0.356535,0.199247,0.525938,0.244965,1,1,0,86,1,0.321749,0.442723,0.530878,0.226506,1,2042.75,0.00280244,0.173139,0.782334,0.471081,0.05,300,300,300,300,300,300,74,86,160,58,62,70,54,58,66,0
dual_l0,0,545,1,0.264767,0.182894,0.123994,0.949697,1881.3,0.106275,6.27064,0.0991617,0.0171659,0.0272283,0.00878248,0.042159,0.216593,0.106939,0.339549,0.0755065,0,1.53709e-09,3,82,1,0.205552,0.229492,0.295525,0.0811652,1,1870.11,0.00280244,0.173139,0.782334,0.471081,0.05,300,300,300,300,300,300,71,82,300,53,57,79,39,43,62,0
dual_l0,0,546,2,0.30384,0.112339,0.455919,0.905273,1264.67,0.0497536,4.2154,0.06059,0.0171188,0.0126306,0.0109033,0.0262224,0.493488,0.110511,0.222854,0.344788,1,0.999987,1,300,0,0.06059,0.493488,0.222854,0.344788,1,1264.62,0.00280244,0.173139,0.782334,0.471081,0.05,300,300,300,300,300,300,139,300,300,67,71,79,43,47,55,0
dual_l0,0,547,7,0.407594,0.152265,-0.414407,1.07077,1126.6,1.07535,3.75174,0.33923,0.225745,0.0304247,0.0125706,0.0195198,0.45835,0.122391,0.476576,0.537732,1,1,2,169,1,0.568396,0.453714,0.450913,0.527999,1,1105.53,0.00280244,0.173139,0.782334,0.471081,0.05,300,300,300,300,300,300,65,169,217,60,64,72,42,46,54,0
dual_l0,0,548,1,0.374846,0.178827,0.260196,0.984123,1168.28,0.18536,3.89366,0.150486,0.0259343,0.0183276,0.0133567,0.0536195,0.224115,0.141927,0.498084,0.140418,0,4.27337e-08,0,101,1,0.0552067,0.299678,0.343378,0.00238628,1,1155.12,0.00280244,0.173139,0.782334,0.471081,0.05,300,300,300,300,300,300,97,101,300,59,71,95,37,49,57,0
dual_l0,0,549,5,0.194071,0.194465,0.0647888,0.980159,1690.3,0.0553852,5.63416,0.0900194,0.0188227,0.0221529,0.0104164,0.0106695,0.265519,0.0977261,0.309141,0.155075,1,1,0,73,1,0.282291,0.19179,0.319844,0.118534,1,1679.71,0.00280244,0.173139,0.782334,0.471081,0.05,300,300,300,300,300,300,52,73,81,47,51,59,39,43,51,0
dual_l0,0,550,6,0.422369,0.0479483,0.279703,0.90135,1244.2,0.0608433,4.14715,0.0613858,0.0151473,0.0195744,0.0136298,0.0157411,0.433912,0.205846,0.541406,0.119865,1,1,15,168,1,0.100563,0.361101,0.481315,0.161511,1,1231.9,0.00280244,0.173139,0.782334,0.471081,0.05,300,300,300,300,300,300,83,168,300,78,82,90,55,59,67,0
dual_l0,0,551,1,0.217025,0.0604166,0.120186,0.988938,1526.5,0.467338,5.08676,0.213392,0.0601821,0.0435309,0.0173033,0.0407038,0.200844,0.189807,0.319821,0.134504,0,1.56155e-25,14,300,0,0.213392,0.200844,0.319821,0.134504,0,1526.03,0.00280244,0.173139,0.782334,0.471081,0.05,300,300,300,300,300,300,58,300,300,55,59,67,32,49,57,0
dual_l0,0,552,6,0.437239,0.0337717,0.25382,1.05633,1135.92,0.0499687,3.78624,0.0876791,0.0222973,0.0426485,0.0177971,0.0442267,0.389191,0.146241,0.384428,0.0693734,1,1,9,128,1,0.179502,0.204398,0.350328,0.190841,1,1125.26,0.00280244,0.173139,0.782334,0.471081,0.05,300,300,300,300,300,300,124,128,300,71,75,106,41,60,80,0
dual_l0,0,553,7,0.424367,0.0213927,0.13377,1.00578,952.181,0.0260168,3.17385,0.0105348,0.0105348,0.0229416,0.0109397,0.0262448,0.240345,0.18946,0.5761,0.228253,1,1,5,177,1,0.501964,0.384973,0.574336,0.172941,1,933.156,0.00280244,0.173139,0.782334,0.471081,0.05,300,300,300,300,300,300,173,177,300,44,48,179,29,33,41,0
dual_l0,0,554,4,0.410676,0.0842211,0.0774307,1.04081,2372.25,0.309849,7.90646,0.169069,0.00821492,0.026387,0.00984159,0.0390214,0.126481,0.109779,0.681491,0.226193,1,1,47,206,1,0.089247,0.362629,0.600459,0.0699949,1,2368.75,0.00280244,0.173139,0.782334,0.471081,0.05,300,300,300,300,300,300,90,206,300,57,69,77,50,54,62,0
dual_l0,0,555,7,0.286576,0.0468149,0.213709,1.02671,1724.92,0.494035,5.74809,0.228034,0.0214925,0.0177955,0.0207925,0.0244602,0.299653,0.129912,0.447664,0.149741,1,1,16,300,0,0.228034,0.299653,0.447664,0.149741,1,1724.43,0.00280244,0.173139,0.782334,0.471081,0.05,300,300,300,300,300,300,105,300,300,67,71,79,44,48,56,0
dual_l0,0,556,1,0.369078,0.0350605,0.110628,0.918215,2340.45,0.733278,7.79906,0.284766,0.178964,0.0166935,0.0121712,0.0300142,0.394252,0.180093,0.392764,0.15548,0,1.73177e-25,22,253,1,0.345777,0.293632,0.407614,0.227053,0,2331.45,0.00280244,0.173139,0.782334,0.471081,0.05,300,300,300,300,300,300,249,253,270,53,57,118,41,51,59,0
dual_l0,0,557,1,0.378094,0.00442121,0.329353,0.933644,2165.4,0.285228,7.21706,0.174357,0.00592303,0.0193442,0.0217369,0.00707177,0.458347,0.189717,0.136813,0.271367,1,1,2,186,1,0.0757041,0.242458,0.361891,0.204008,1,2153.5,0.00280244,0.173139,0.782334,0.471081,0.05,300,300,300,300,300,300,84,186,300,60,69,77,42,54,62,0
dual_l0,0,558,3,0.410521,0.138694,-0.182417,1.06944,1091.35,0.359625,3.63664,0.197046,0.10751,0.0469282,0.0207466,0.0452405,0.202648,0.0744758,0.361252,0.332081,1,1,5,134,1,0.39046,0.0797287,0.355217,0.516066,1,1075.89,0.00280244,0.173139,0.782334,0.471081,0.05,300,300,300,300,300,300,70,134,142,47,51,59,32,36,44,0
dual_l0,0,559,1,0.314533,0.0389441,-0.430149,0.941288,1941.55,5.48693,6.45355,0.75069,0.339207,0.0350462,0.0177338,0.0165028,0.65042,0.125397,0.262485,0.485469,1,1,0,73,1,0.410915,0.384402,0.244065,0.444505,1,1835.08,0.00280244,0.173139,0.782334,0.471081,0.05,300,300,300,300,300,300,69,73,300,47,51,59,46,50,58,0
dual_l0,0,560,0,0.259637,0.138081,-0.424386,0.968619,2081.54,3.70835,6.92611,0.602483,0.349054,0.0236873,0.0136202,0.0423357,0.44925,0.154395,0.362161,0.555825,1,1,2,189,1,0.60883,0.423178,0.415887,0.596763,1,2038.26,0.00280244,0.173139,0.782334,0.471081,0.05,300,300,300,300,300,300,70,189,300,49,53,61,45,49,57,0
dual_l0,0,561,5,0.350119,0.0888826,-0.27119,0.975719,1741.23,0.881595,5.80117,0.30978,0.215633,0.0257844,0.00720193,0.0438421,0.329924,0.10554,0.502772,0.393945,1,1,8,66,1,0.518158,0.431304,0.371686,0.466607,1,1695.77,0.00280244,0.173139,0.782334,0.471081,0.05,300,300,300,300,300,300,62,66,74,56,60,68,38,42,50,0
dual_l0,0,562,3,0.312738,0.198659,-0.0755731,0.937555,1905.47,0.46062,6.35002,0.202438,0.0910905,0.0236695,0.00818154,0.0169094,0.282373,0.199791,0.304041,0.31325,1,1,18,73,1,0.199056,0.205611,0.139737,0.3685,1,1894.12,0.00280244,0.173139,0.782334,0.471081,0.05,300,300,300,300,300,300,69,73,299,50,54,62,32,36,56,0
dual_l0,0,563,6,0.499061,0.110476,-0.28834,0.90892,1251.64,2.52129,4.16374,0.498839,0.268991,0.00251564,0.00814383,0.00814969,0.493224,0.228777,0.564428,0.422248,1,1,5,119,1,0.486994,0.343569,0.424222,0.476939,1,1196.27,0.00280244,0.173139,0.782334,0.471081,0.05,300,300,300,300,300,300,115,119,300,47,51,79,39,43,51,0
dual_l0,0,564,1,0.325202,0.0988712,0.172639,0.96695,1015.14,0.252246,3.38296,0.187924,0.0268277,0.0283991,0.00972092,0.017419,0.23117,0.0261902,0.336562,0.0661126,0,6.64989e-30,2,83,1,0.249562,0.326854,0.553695,0.30975,1,998.895,0.00280244,0.173139,0.782334,0.471081,0.05,300,300,300,300,300,300,79,83,300,47,51,83,39,43,51,0
dual_l0,0,565,3,0.483641,0.09639,-0.0790354,1.07355,1967.24,0.433752,6.55603,0.203644,0.172615,0.037489,0.0131701,0.0270199,0.445618,0.335395,0.443157,0.361841,1,1,5,235,1,0.300279,0.0970495,0.57364,0.231395,1,1957.02,0.00280244,0.173139,0.782334,0.471081,0.05,300,300,300,300,300,300,121,235,300,59,84,115,45,55,63,0
dual_l0,0,566,6,0.364406,0.134291,-0.34477,1.03565,2174.02,3.59285,7.23476,0.581639,0.230359,0.0388423,0.0129976,0.0386431,0.589523,0.251128,0.443223,0.447397,1,1,20,82,1,0.463746,0.451099,0.315596,0.470762,1,2125.34,0.00280244,0.173139,0.782334,0.471081,0.05,300,300,300,300,300,300,64,82,300,51,61,69,43,47,55,0
dual_l0,0,567,5,0.395735,0.072148,0.425581,1.01075,1207.17,0.13134,4.02348,0.128187,0.0225726,0.0290142,0.00576912,0.0256412,0.496596,0.151064,0.521839,0.315966,1,1,0,155,1,0.116144,0.337096,0.350567,0.345715,1,1191.16,0.00280244,0.173139,0.782334,0.471081,0.05,300,300,300,300,300,300,134,155,300,49,53,74,45,49,57,0
dual_l0,0,568,2,0.328201,0.160522,0.443951,1.08199,1129.73,0.64163,3.76363,0.260718,0.0264651,0.0465084,0.0188775,0.0143278,0.596927,0.0973241,0.390255,0.372245,0,1.90733e-11,0,141,1,0.0984006,0.179367,0.206158,0.542515,1,1109.8,0.00280244,0.173139,0.782334,0.471081,0.05,300,300,300,300,300,300,91,141,300,55,59,95,41,45,53,0
dual_l0,0,569,1,0.333412,0.161142,-0.0559472,1.02698,1636,0.76388,5.4508,0.280265,0.0690622,0.0348291,0.0162793,0.0153944,0.122621,0.136728,0.324251,0.13774,0,7.89111e-27,0,181,1,0.209436,0.343338,0.155715,0.075339,0,1627.33,0.00280244,0.173139,0.782334,0.471081,0.05,300,300,300,300,300,300,78,181,300,54,58,66,36,40,59,0
dual_l0,0,570,5,0.318504,0.188776,0.204994,0.957661,1278,0.105527,4.25965,0.136055,0.0159815,0.0147364,0.00214418,0.0356304,0.139965,0.199666,0.172229,0.136088,1,1,22,128,1,0.202441,0.383319,0.302674,0.0596696,1,1268.38,0.00280244,0.173139,0.782334,0.471081,0.05,300,300,300,300,300,300,98,128,152,67,78,98,45,49,57,0
dual_l0,0,571,2,0.384757,0.135001,-0.402162,0.937353,1813.49,2.93528,6.03518,0.538052,0.283995,0.0288329,0.0142777,0.0377582,0.603098,0.086574,0.48848,0.674662,1,1,2,76,1,0.703193,0.700801,0.654623,0.463512,1,1749.17,0.00280244,0.173139,0.782334,0.471081,0.05,300,300,300,300,300,300,66,76,300,49,53,61,43,47,55,0
dual_l0,0,572,4,0.422544,0.024223,-0.139129,0.949296,2057.7,1.53675,6.85387,0.389283,0.248297,0.0277888,0.00851961,0.0359406,0.335031,0.180899,0.424648,0.420417,1,1,44,59,1,0.31884,0.298106,0.298409,0.268483,1,2007.12,0.00280244,0.173139,0.782334,0.471081,0.05,300,300,300,300,300,300,55,59,67,49,59,67,44,48,56,0
dual_l0,0,573,7,0.435056,0.0242135,-0.215283,1.06043,1781.92,3.09436,5.92941,0.562949,0.181873,0.0138385,0.0120961,0.0421871,0.276531,0.164362,0.542441,0.558681,1,1,12,300,0,0.562949,0.276531,0.542441,0.558681,1,1778.82,0.00280244,0.173139,0.782334,0.471081,0.05,300,300,300,300,300,300,151,300,300,70,74,108,44,65,73,0
dual_l0,0,574,5,0.159894,0.166691,0.405741,1.04438,1704.88,0.042628,5.6828,0.069522,0.0243618,0.00813849,0.0150338,0.0351098,0.651003,0.0536462,0.117912,0.202533,1,1,0,300,0,0.069522,0.651003,0.117912,0.202533,1,1704.84,0.00280244,0.173139,0.782334,0.471081,0.05,300,300,300,300,300,300,119,300,300,51,55,63,49,53,61,0
dual_l0,0,575,4,0.519521,0.0529543,-0.297337,1.05611,1385.74,5.4287,4.60104,0.721127,0.25378,0.0203556,0.00704457,0.0263361,0.502327,0.487234,0.414406,0.179044,1,1,26,120,1,0.415032,0.482901,0.413602,0.404602,1,1314.71,0.00280244,0.173139,0.782334,0.471081,0.05,300,300,300,300,300,300,78,120,300,51,79,87,41,45,53,0
dual_l0,0,576,7,0.544907,0.143163,-0.00714266,1.09842,1785.95,1.12654,5.9494,0.325269,0.0667401,0.0307415,0.016821,0.0358457,0.288194,0.235159,0.5115,0.229779,1,1,7,98,1,0.280705,0.222055,0.541149,0.173439,1,1768.26,0.00280244,0.173139,0.782334,0.471081,0.05,300,300,300,300,300,300,56,98,300,50,54,62,45,49,57,0
dual_l0,0,577,1,0.489248,0.0905505,-0.00639546,0.974612,1799.69,0.607912,5.99695,0.221279,0.0434551,0.0271099,0.00473231,0.0428047,0.198431,0.269935,0.641087,0.142656,0,8.16048e-09,17,243,1,0.164795,0.200795,0.613907,0.273013,0,1794.59,0.00280244,0.173139,0.782334,0.471081,0.05,300,300,300,300,300,300,90,243,251,42,53,95,29,38,61,0
dual_l0,0,578,1,0.592375,0.149617,0.48531,0.93111,2091.63,0.173254,6.97152,0.153751,0.0263284,0.023418,0.00914837,0.0347335,0.509421,0.11083,0.695245,0.25255,0,1.68156e-44,25,300,0,0.153751,0.509421,0.695245,0.25255,0,2091.46,0.00280244,0.173139,0.782334,0.471081,0.05,300,300,300,300,300,300,110,300,300,58,62,70,47,51,59,0
dual_l0,0,579,0,0.429335,0.105952,-0.458105,0.996483,1353.38,3.11056,4.5009,0.55036,0.287078,0.039843,0.00994332,0.00179852,0.442549,0.157127,0.496707,0.598674,1,1,17,79,1,0.623698,0.410312,0.535555,0.683662,1,1289.24,0.00280244,0.173139,0.782334,0.471081,0.05,300,300,300,300,300,300,53,79,111,50,54,72,34,38,46,0
dual_l0,0,580,2,0.419978,0.0975649,0.272416,0.924887,2460.86,0.243138,8.20205,0.183315,0.0197075,0.0293579,0.00758909,0.0434707,0.501854,0.080428,0.514971,0.185361,1,1,18,171,1,0.0569066,0.12936,0.596007,0.0669275,1,2454.82,0.00280244,0.173139,0.782334,0.471081,0.05,300,300,300,300,300,300,100,171,300,57,61,69,52,56,64,0
dual_l0,0,581,3,0.333415,0.00316126,0.0337983,0.974163,983.824,2.55697,3.27089,0.492379,0.385083,0.0240694,0.0082744,0.00564925,0.11032,0.209943,0.382492,0.194519,1,1,15,300,0,0.492379,0.11032,0.382492,0.194519,1,981.267,0.00280244,0.173139,0.782334,0.471081,0.05,300,300,300,300,300,300,300,300,300,70,74,268,37,41,49,0
dual_l0,0,582,4,0.348768,0.101697,-0.388309,0.92909,1598.59,1.33907,5.32418,0.352509,0.111563,0.0364418,0.0117329,0.041852,0.47441,0.335172,0.521918,0.57771,1,1,14,169,1,0.598039,0.574181,0.313994,0.526493,1,1556.6,0.00280244,0.173139,0.782334,0.471081,0.05,300,300,300,300,300,300,74,169,300,43,47,55,37,41,49,0
dual_l0,0,583,2,0.312457,0.132993,-0.290467,1.09382,1970.57,0.697335,6.56626,0.263584,0.187563,0.0445379,0.0132101,0.0252065,0.33129,0.0997842,0.176692,0.456855,1,1,0,107,1,0.403429,0.554567,0.477011,0.362042,1,1942.42,0.00280244,0.173139,0.782334,0.471081,0.05,300,300,300,300,300,300,82,107,300,70,74,82,48,52,60,0
dual_l0,0,584,0,0.265366,0.192702,-0.180619,0.919902,1848.11,1.09076,6.15675,0.325582,0.115412,0.018147,0.0170803,0.0268875,0.310862,0.218172,0.320072,0.400232,1,1,0,67,1,0.292047,0.0929715,0.402995,0.430303,1,1815.73,0.00280244,0.173139,0.782334,0.471081,0.05,300,300,300,300,300,300,63,67,75,46,50,58,43,47,55,0
dual_l0,0,585,2,0.0982737,0.176931,0.168968,1.05564,958.017,0.0633683,3.19318,0.0828435,0.00808807,0.0158115,0.0111589,0.0127768,0.247464,0.01885,0.143695,0.12195,0,4.29152e-25,15,185,1,0.119111,0.271251,0.296957,0.0823227,0,952.935,0.00280244,0.173139,0.782334,0.471081,0.05,300,300,300,300,300,300,165,185,292,47,51,59,36,40,48,0
dual_l0,0,586,3,0.643643,0.0616856,0.423902,1.04285,1077.59,0.376168,3.59072,0.202087,0.0298323,0.0162065,0.013917,0.0449843,0.405603,0.173611,0.554506,0.250682,1,1,1,300,0,0.202087,0.405603,0.554506,0.250682,1,1077.22,0.00280244,0.173139,0.782334,0.471081,0.05,300,300,300,300,300,300,293,300,300,41,45,53,36,40,48,0
dual_l0,0,587,6,0.222874,0.101715,-0.0357014,0.968995,1758.08,0.253543,5.85941,0.137116,0.0253138,0.0278713,0.00944682,0.0291014,0.108627,0.245634,0.173488,0.146638,1,1,15,61,1,0.207055,0.180538,0.182438,0.336426,1,1742.47,0.00280244,0.173139,0.782334,0.471081,0.05,300,300,300,300,300,300,57,61,69,52,56,64,41,45,53,0
dual_l0,0,588,5,0.381977,0.157651,0.41638,1.04897,1107.52,0.10282,3.69141,0.133912,0.0329642,0.0310716,0.013631,0.0304015,0.906945,0.154039,0.514504,0.38036,1,1,18,300,0,0.133912,0.906945,0.514504,0.38036,1,1107.42,0.00280244,0.173139,0.782334,0.471081,0.05,300,300,300,300,300,300,200,300,300,68,72,80,42,56,73,0
dual_l0,0,589,6,0.437738,0.0434603,-0.315759,1.07074,1638.14,4.36047,5.44593,0.658604,0.244625,0.0428299,0.00903009,0.0269578,0.680134,0.24258,0.390995,0.577598,1,1,25,109,1,0.377213,0.303968,0.302341,0.47709,1,1574.7,0.00280244,0.173139,0.782334,0.471081,0.05,300,300,300,300,300,300,68,109,300,60,64,72,53,57,65,0
dual_l0,0,590,1,0.408937,0.158849,0.384256,1.09526,1692.99,0.388384,5.64202,0.195322,0.0183331,0.0161948,0.00898143,0.0142402,0.186719,0.108648,0.319476,0.195558,0,1.12562e-26,17,300,0,0.195322,0.186719,0.319476,0.195558,0,1692.61,0.00280244,0.173139,0.782334,0.471081,0.05,300,300,300,300,300,300,76,300,300,64,78,86,37,52,71,0
dual_l0,0,591,3,0.465211,0.13267,0.110386,0.985223,1250.72,0.0868583,4.16876,0.119355,0.0146673,0.0407037,0.0121676,0.0654591,0.237662,0.105275,0.528934,0.0171283,1,1,13,83,1,0.142047,0.160181,0.606246,0.0729746,1,1243.33,0.00280244,0.173139,0.782334,0.471081,0.05,300,300,300,300,300,300,79,83,300,52,56,64,40,44,63,0
dual_l0,0,592,6,0.646811,0.15239,-0.406551,0.989567,1546.62,4.85122,5.13921,0.7045,0.253899,0.0348433,0.0161452,0.0316389,0.486431,0.162274,0.574753,0.675895,1,1,7,96,1,0.519729,0.323205,0.534309,0.560866,1,1494.49,0.00280244,0.173139,0.782334,0.471081,0.05,300,300,300,300,300,300,72,96,104,50,54,75,36,52,60,0
dual_l0,0,593,0,0.581155,0.176812,0.0407912,1.07692,1158.8,0.0773964,3.86241,0.0838057,0.0256367,0.00687166,0.0120808,0.0429496,0.228565,0.0461411,0.625808,0.135539,1,1,13,69,1,0.281274,0.271318,0.737867,0.257757,1,1148.38,0.00280244,0.173139,0.782334,0.471081,0.05,300,300,300,300,300,300,57,69,113,51,55,63,46,50,58,0
dual_l0,0,594,5,0.454296,0.195294,-0.0715504,0.985017,1473.87,1.17676,4.90896,0.342402,0.0347625,0.0255508,0.00812423,0.0546327,0.353219,0.143543,0.740384,0.184994,1,1,0,92,1,0.18968,0.300638,0.572716,0.403903,1,1455.05,0.00280244,0.173139,0.782334,0.471081,0.05,300,300,300,300,300,300,69,92,189,49,53,61,44,48,56,0
dual_l0,0,595,4,0.36738,0.00480042,-0.413533,0.966898,2097.93,6.49361,6.97146,0.784094,0.378171,0.0100898,0.0188168,0.0353832,0.461297,0.500449,0.265158,0.275979,1,1,35,79,1,0.825076,0.699984,0.466803,0.580048,1,1921.83,0.00280244,0.173139,0.782334,0.471081,0.05,300,300,300,300,300,300,69,79,110,53,57,81,44,48,56,0
dual_l0,0,596,1,0.38462,0.0356206,0.0912712,1.09067,1421.61,0.36791,4.73748,0.190318,0.0486765,0.032262,0.0118276,0.0243782,0.367814,0.290896,0.32301,0.0935206,1,1,0,129,1,0.167946,0.413054,0.428699,0.0874539,1,1409.47,0.00280244,0.173139,0.782334,0.471081,0.05,300,300,300,300,300,300,105,129,217,55,59,98,41,57,65,0
dual_l0,0,597,5,0.306515,0.0108906,0.495097,1.03744,1607.87,0.335677,5.35845,0.148104,0.00845019,0.0233311,0.0181206,0.0380009,0.356754,0.149413,0.340747,0.308968,1,1,1,300,0,0.148104,0.356754,0.340747,0.308968,1,1607.54,0.00280244,0.173139,0.782334,0.471081,0.05,300,300,300,300,300,300,104,300,300,63,67,75,45,49,72,0
dual_l0,0,598,0,0.258896,0.00694849,-0.498993,1.07009,2402.91,5.3875,7.99173,0.738584,0.481653,0.0169201,0.00807471,0.0304937,0.475103,0.412615,0.464285,0.405324,1,1,0,245,1,0.606313,0.490661,0.387234,0.744988,1,2370.16,0.00280244,0.173139,0.782334,0.471081,0.05,300,300,300,300,300,300,97,245,300,58,62,70,43,47,55,0
dual_l0,0,599,4,0.454339,0.105327,-0.365408,1.07964,2227.31,2.75607,7.41518,0.525437,0.0959095,0.0193885,0.0212797,0.0282864,0.323853,0.0954918,0.49052,0.582409,1,1,22,102,1,0.530414,0.31308,0.281111,0.326907,1,2184.49,0.00280244,0.173139,0.782334,0.471081,0.05,300,300,300,300,300,300,77,102,259,50,54,62,48,52,60,0
dual_l0,0,600,6,0.228197,0.014291,0.252511,0.978167,1979.5,0.0475399,6.59817,0.0826981,0.0247235,0.0285357,0.0132302,0.0203861,0.348646,0.0712127,0.347782,0.344424,1,1,12,300,0,0.0826981,0.348646,0.347782,0.344424,1,1979.45,0.00280244,0.173139,0.782334,0.471081,0.05,300,300,300,300,300,300,272,300,300,57,114,122,42,46,54,0
dual_l0,0,601,7,0.533871,0.170279,0.478835,1.07902,1171.39,0.324402,3.90355,0.201159,0.0186534,0.0102635,0.0124298,0.0155737,0.420072,0.152495,0.51645,0.230915,1,1,0,300,0,0.201159,0.420072,0.51645,0.230915,1,1171.07,0.00280244,0.173139,0.782334,0.471081,0.05,300,300,300,300,300,300,281,300,300,52,108,116,45,49,57,0
dual_l0,0,602,2,0.268502,0.185172,0.201855,0.920834,1597.02,0.00644124,5.32337,0.0242208,0.0242208,0.016763,0.00737402,0.0533134,0.383403,0.131705,0.348852,0.139734,1,0.99791,18,253,1,0.140732,0.315512,0.187318,0.158401,1,1595.13,0.00280244,0.173139,0.782334,0.471081,0.05,300,300,300,300,300,300,174,253,300,49,80,177,40,44,52,0
dual_l0,0,603,4,0.487031,0.137528,0.312953,1.02519,2425.57,0.220556,8.08451,0.136978,0.0187317,0.00677506,0.0113622,0.0167167,0.319374,0.0839579,0.474911,0.170217,1,1,37,228,1,0.141092,0.344248,0.554851,0.285859,1,2420.53,0.00280244,0.173139,0.782334,0.471081,0.05,300,300,300,300,300,300,89,228,300,72,76,84,49,53,61,0
dual_l0,0,604,6,0.294278,0.195226,-0.0246736,1.07038,1708.25,0.0452466,5.69403,0.0761123,0.0486416,0.0477277,0.00804391,0.0293559,0.211736,0.100354,0.23578,0.16301,1,1,18,76,1,0.228471,0.33453,0.255611,0.19888,1,1696.15,0.00280244,0.173139,0.782334,0.471081,0.05,300,300,300,300,300,300,72,76,104,53,72,80,51,55,63,0
dual_l0,0,605,6,0.409752,0.174352,0.0521256,1.03061,1510.01,0.566892,5.03148,0.228134,0.0478967,0.0142155,0.0110582,0.0417999,0.171341,0.197464,0.510058,0.194553,1,1,11,77,1,0.103031,0.211521,0.519231,0.143935,1,1499.8,0.00280244,0.173139,0.782334,0.471081,0.05,300,300,300,300,300,300,73,77,96,46,77,85,41,45,53,0
dual_l0,0,606,3,0.153075,0.146172,-0.499011,1.00155,1932.85,2.73972,6.43371,0.543059,0.323466,0.0248331,0.015264,0.0706455,0.602712,0.199451,0.267486,0.632506,0,1.29162e-37,14,116,1,0.517648,0.683165,0.0835125,0.674823,0,1872.18,0.00280244,0.173139,0.782334,0.471081,0.05,300,300,300,300,300,300,70,116,168,58,62,70,49,53,61,0
dual_l0,0,607,2,0.440661,0.0255853,-0.0722042,0.937929,1331.88,0.562162,4.43772,0.240077,0.240077,0.0207368,0.0200702,0.0555145,0.207978,0.23889,0.52785,0.217884,0,3.50813e-10,1,227,1,0.36177,0.173151,0.350265,0.214163,0,1318.56,0.00280244,0.173139,0.782334,0.471081,0.05,300,300,300,300,300,300,170,227,300,42,53,61,33,42,50,0
dual_l0,0,608,2,0.56081,0.174981,0.194964,1.03889,2040.86,0.103402,6.80251,0.116076,0.0257721,0.011402,0.0128167,0.0152413,0.41806,0.173003,0.569401,0.0573167,1,1,17,110,1,0.267265,0.25015,0.403444,0.0654584,1,2029.73,0.00280244,0.173139,0.782334,0.471081,0.05,300,300,300,300,300,300,62,110,300,51,60,68,51,55,63,0
dual_l0,0,609,4,0.585245,0.161374,-0.245242,1.07628,1977.43,1.14666,6.58761,0.330366,0.130261,0.0236118,0.0157363,0.0476491,0.445003,0.187117,0.547979,0.347004,1,1,48,85,1,0.491253,0.488393,0.53874,0.327231,1,1949.39,0.00280244,0.173139,0.782334,0.471081,0.05,300,300,300,300,300,300,74,85,93,55,59,67,46,50,58,0
dual_l0,0,610,3,0.37607,0.0905037,-0.366805,0.959527,1293.66,2.83933,4.30274,0.543201,0.24349,0.0210228,0.0121022,0.0376967,0.209362,0.314013,0.339037,0.697391,1,1,0,109,1,0.546254,0.332514,0.208579,0.528882,1,1235.05,0.00280244,0.173139,0.782334,0.471081,0.05,300,300,300,300,300,300,91,109,141,47,51,59,36,49,57,0
dual_l0,0,611,1,0.370225,0.192199,-0.456259,1.09395,1836.63,0.99275,6.11878,0.315891,0.315891,0.0286138,0.0132614,0.0424288,0.292118,0.179493,0.501517,0.611567,0,5.61762e-10,0,92,1,0.556147,0.380872,0.561283,0.508997,1,1783.64,0.00280244,0.173139,0.782334,0.471081,0.05,300,300,300,300,300,300,82,92,300,56,60,68,42,46,54,0
dual_l0,0,612,0,0.414197,0.0413591,0.193499,1.07427,1021.27,0.0160517,3.40416,0.0507867,0.0105398,0.0283426,0.0172107,0.0550382,0.242858,0.181276,0.514816,0.0652898,1,1,1,94,1,0.238061,0.153456,0.468047,0.096333,1,1009.25,0.00280244,0.173139,0.782334,0.471081,0.05,300,300,300,300,300,300,69,94,300,63,67,75,44,48,56,0
dual_l0,0,613,0,0.284876,0.169111,0.288743,1.07329,1511.67,0.0393154,5.03877,0.0588559,0.0399855,0.00775548,0.0103496,0.0305832,0.46055,0.195491,0.312269,0.121221,1,1,21,300,0,0.0588559,0.46055,0.312269,0.121221,1,1511.63,0.00280244,0.173139,0.782334,0.471081,0.05,300,300,300,300,300,300,233,300,300,54,58,77,36,49,57,0
dual_l0,0,614,4,0.391954,0.198224,0.422437,0.972186,1396.7,0.058101,4.65546,0.100917,0.0313668,0.0269894,0.0127246,0.0465322,0.461446,0.116805,0.457464,0.314157,1,1,27,98,1,0.0898699,0.321658,0.442923,0.251527,1,1374.72,0.00280244,0.173139,0.782334,0.471081,0.05,300,300,300,300,300,300,75,98,300,55,59,67,35,39,59,0
dual_l0,0,615,2,0.30756,0.153783,0.412459,1.06569,1084.6,0.510126,3.61365,0.204521,0.0177818,0.0155891,0.00748404,0.0341377,0.485854,0.111871,0.309042,0.116294,0,0.000102953,21,300,0,0.204521,0.485854,0.309042,0.116294,0,1084.09,0.00280244,0.173139,0.782334,0.471081,0.05,300,300,300,300,300,300,114,300,300,44,66,74,41,45,53,0
dual_l0,0,616,1,0.514192,0.0191162,0.317078,1.02101,1738.62,0.040467,5.79526,0.0364074,0.0245476,0.0170029,0.00727028,0.0207044,0.247732,0.289513,0.608036,0.0196191,0,5.84631e-17,20,105,1,0.103818,0.289883,0.560688,0.161549,1,1718.85,0.00280244,0.173139,0.782334,0.471081,0.05,300,300,300,300,300,300,92,105,113,54,58,81,49,53,61,0
dual_l0,0,617,5,0.403696,0.0460918,0.381104,0.930215,2189.27,0.282646,7.29661,0.168535,0.0325367,0.0114852,0.0143607,0.0150879,0.305533,0.146036,0.431569,0.281485,1,1,0,173,1,0.169102,0.388177,0.324912,0.246676,1,2173.49,0.00280244,0.173139,0.782334,0.471081,0.05,300,300,300,300,300,300,169,173,300,66,89,97,50,54,62,0
dual_l0,0,618,2,0.219442,0.130435,-0.398807,0.911902,2068.54,2.17167,6.8879,0.466553,0.252217,0.0432348,0.00780949,0.0447368,0.400091,0.431163,0.405359,0.481803,0,2.35965e-10,34,63,1,0.725654,0.55574,0.298968,0.581651,0,1981.01,0.00280244,0.173139,0.782334,0.471081,0.05,300,300,300,300,300,300,59,63,115,55,59,67,51,55,63,0
dual_l0,0,619,4,0.418614,0.0718075,-0.280436,0.998535,1664.89,2.70979,5.54059,0.511703,0.309365,0.0368368,0.00896303,0.0192114,0.396964,0.0981495,0.292802,0.570396,1,1,19,166,1,0.396497,0.177774,0.279488,0.581536,1,1634.62,0.00280244,0.173139,0.782334,0.471081,0.05,300,300,300,300,300,300,162,166,203,53,57,105,35,39,47,0
dual_l0,0,620,4,0.177286,0.00935001,-0.436536,0.909641,1883.96,7.74184,6.25405,0.889331,0.886193,0.0281509,0.0157451,0.0480985,0.420976,0.262347,0.307448,0.45272,1,1,25,109,1,0.973106,0.854691,0.204999,0.680605,1,1659.38,0.00280244,0.173139,0.782334,0.471081,0.05,300,300,300,300,300,300,70,109,158,48,64,72,45,49,57,0
dual_l0,0,621,3,0.438649,0.0748778,0.0505346,0.978742,1288.91,0.85556,4.29351,0.319314,0.0117267,0.0158651,0.0113602,0.0268914,0.290345,0.180604,0.534715,0.270196,0,1.14486e-42,0,239,1,0.222236,0.172635,0.608786,0.0620636,0,1282.19,0.00280244,0.173139,0.782334,0.471081,0.05,300,300,300,300,300,300,129,239,300,54,58,66,46,50,58,0
dual_l0,0,622,4,0.515341,0.024046,0.299068,0.9912,1642.26,0.0158473,5.47414,0.057426,0.0129983,0.0222354,0.00467931,0.0459601,0.569556,0.030253,0.522842,0.0903584,1,1,19,286,1,0.137748,0.422202,0.521235,0.0882349,1,1640.54,0.00280244,0.173139,0.782334,0.471081,0.05,300,300,300,300,300,300,148,286,300,88,108,116,42,46,54,0
dual_l0,0,623,3,0.339239,0.150286,0.149925,0.989152,1959.66,0.178223,6.53161,0.137085,0.0206803,0.0381476,0.00632767,0.0373779,0.395921,0.0905083,0.425551,0.227538,1,1,1,104,1,0.174933,0.177173,0.449825,0.00505884,1,1949.41,0.00280244,0.173139,0.782334,0.471081,0.05,300,300,300,300,300,300,77,104,180,63,75,83,39,60,68,0
dual_l0,0,624,0,0.446114,0.0648959,-0.136039,0.921746,1721.13,2.82102,5.72768,0.528301,0.0874039,0.053427,0.0154765,0.0174174,0.368325,0.298195,0.401594,0.121206,1,1,23,82,1,0.169028,0.221048,0.427717,0.283844,1,1675.33,0.00280244,0.173139,0.782334,0.471081,0.05,300,300,300,300,300,300,68,82,300,54,58,66,49,53,61,0
dual_l0,0,625,6,0.43079,0.159153,0.286615,1.00333,951.935,0.0371945,3.17299,0.0871012,0.0245426,0.0111423,0.0068176,0.0365723,0.205919,0.0700174,0.390303,0.109152,1,1,0,147,1,0.165551,0.344077,0.443635,0.139328,1,942.475,0.00280244,0.173139,0.782334,0.471081,0.05,300,300,300,300,300,300,92,147,246,43,58,66,37,41,49,0
dual_l0,0,626,1,0.214992,0.130062,0.350068,0.920724,1339.49,0.0769888,4.46471,0.0640855,0.0122485,0.0398069,0.0143888,0.0281133,0.196167,0.15669,0.327758,0.210072,0,2.40577e-08,0,300,0,0.0640855,0.196167,0.327758,0.210072,0,1339.41,0.00280244,0.173139,0.782334,0.471081,0.05,300,300,300,300,300,300,68,300,300,47,67,75,43,47,55,0
dual_l0,0,627,5,0.184735,0.0661894,0.0319254,1.05093,1348.49,0.6083,4.49294,0.251581,0.0279145,0.0367225,0.00573951,0.0245566,0.211408,0.0940974,0.359049,0.127452,1,1,0,108,1,0.192029,0.302663,0.292357,0.177604,1,1338.99,0.00280244,0.173139,0.782334,0.471081,0.05,300,300,300,300,300,300,84,108,300,56,68,76,35,48,56,0
dual_l0,0,628,4,0.32169,0.0898685,-0.327102,1.00718,1135.47,2.01567,3.7782,0.450071,0.343695,0.0176748,0.00314655,0.0442227,0.35098,0.0810901,0.191303,0.453005,1,1,9,82,1,0.42473,0.320003,0.211891,0.541306,1,1059.69,0.00280244,0.173139,0.782334,0.471081,0.05,300,300,300,300,300,300,59,82,241,49,53,61,34,38,46,0
dual_l0,0,629,6,0.321819,0.0785967,0.145669,1.00259,1196.03,0.0648904,3.98654,0.102418,0.0131461,0.0204348,0.0121803,0.0344865,0.542997,0.0788357,0.519362,0.0710014,1,1,23,193,1,0.114094,0.243228,0.51059,0.0127343,1,1189.91,0.00280244,0.173139,0.782334,0.471081,0.05,300,300,300,300,300,300,114,193,201,52,62,70,36,61,69,0
dual_l0,0,630,0,0.309441,0.10928,-0.468482,0.958768,2216.13,1.6388,7.38163,0.410866,0.410866,0.0219336,0.0105798,0.0271855,0.34458,0.113099,0.195924,0.727806,1,1,18,119,1,0.593102,0.43532,0.179347,0.592799,1,2151.18,0.00280244,0.173139,0.782334,0.471081,0.05,300,300,300,300,300,300,85,119,300,54,66,125,42,46,54,0
dual_l0,0,631,1,0.39532,0.186222,-0.401563,1.00103,1239.38,2.201,4.12392,0.465801,0.294327,0.0413165,0.00389322,0.0168043,0.229839,0.245636,0.523909,0.557707,0,8.92867e-20,0,69,1,0.298943,0.69523,0.567242,0.563251,1,1184.1,0.00280244,0.173139,0.782334,0.471081,0.05,300,300,300,300,300,300,65,69,77,56,60,68,44,48,56,0
dual_l0,0,632,7,0.465202,0.071927,0.355831,1.05072,1515.47,1.27041,5.04732,0.360156,0.0204981,0.0245358,0.0051552,0.0158266,0.347008,0.206258,0.315494,0.199117,1,1,7,300,0,0.360156,0.347008,0.315494,0.199117,1,1514.2,0.00280244,0.173139,0.782334,0.471081,0.05,300,300,300,300,300,300,72,300,300,52,56,79,42,46,54,0
dual_l0,0,633,2,0.493552,0.131559,-0.420882,0.972814,1948.67,2.21474,6.48818,0.466982,0.229871,0.0263275,0.00850067,0.0242514,0.353304,0.0376743,0.626271,0.497524,1,1,126,61,1,0.59912,0.343128,0.618798,0.562675,0,1878.56,0.00280244,0.173139,0.782334,0.471081,0.05,300,300,300,300,300,300,57,61,300,51,60,68,47,51,59,0
dual_l0,0,634,2,0.3272,0.167255,-0.384775,0.909985,1829.55,2.77097,6.08927,0.529743,0.274995,0.0135998,0.00836271,0.0114554,0.506272,0.0424174,0.27449,0.478652,1,1,4,97,1,0.572787,0.489715,0.231424,0.630506,1,1758.94,0.00280244,0.173139,0.782334,0.471081,0.05,300,300,300,300,300,300,93,97,214,45,55,63,38,42,50,0
dual_l0,0,635,6,0.31378,0.107328,-0.356719,1.00103,1835.07,0.864164,6.11401,0.30446,0.161767,0.0600587,0.0100504,0.031061,0.203677,0.109434,0.33374,0.52096,1,1,14,67,1,0.417501,0.377291,0.427266,0.521394,1,1780.51,0.00280244,0.173139,0.782334,0.471081,0.05,300,300,300,300,300,300,63,67,75,45,49,57,42,46,54,0
dual_l0,0,636,2,0.468857,0.0675951,-0.147458,1.00371,1385.75,1.68488,4.61354,0.435725,0.125882,0.0199414,0.00428256,0.0429275,0.0554929,0.208335,0.50454,0.406233,1,0.999988,23,64,1,0.451129,0.382681,0.42906,0.295338,1,1345.83,0.00280244,0.173139,0.782334,0.471081,0.05,300,300,300,300,300,300,60,64,300,47,51,59,34,48,56,0
dual_l0,0,637,5,0.322773,0.0702883,-0.42148,1.02447,2515.16,1.46963,8.37898,0.377914,0.330193,0.0161944,0.00768428,0.0301571,0.476004,0.106914,0.316592,0.613099,1,1,0,91,1,0.50802,0.52252,0.378059,0.471634,1,2454.51,0.00280244,0.173139,0.782334,0.471081,0.05,300,300,300,300,300,300,87,91,247,65,69,77,50,54,62,0
dual_l0,0,638,5,0.334575,0.0252331,0.164776,1.04634,1931.04,0.196387,6.43615,0.123734,0.0297236,0.0148584,0.0187649,0.0271634,0.20577,0.127731,0.34837,0.127077,1,1,0,129,1,0.140203,0.179715,0.308353,0.0912486,1,1922.39,0.00280244,0.173139,0.782334,0.471081,0.05,300,300,300,300,300,300,103,129,300,58,62,70,47,51,59,0
dual_l0,0,639,6,0.538921,0.156625,0.0901265,0.98438,1125.66,0.0622379,3.75199,0.0843641,0.0322924,0.0261132,0.00669404,0.0189845,0.275548,0.162422,0.612175,0.133376,1,1,7,124,1,0.176864,0.341573,0.625495,0.0356008,1,1115.14,0.00280244,0.173139,0.782334,0.471081,0.05,300,300,300,300,300,300,60,124,300,52,56,64,43,47,55,0
dual_l0,0,640,7,0.265851,0.0717723,0.388058,1.09687,820.111,0.0467343,2.73355,0.112463,0.0347168,0.0149547,0.00875456,0.0385478,0.507109,0.0548614,0.225603,0.279959,1,1,5,300,0,0.112463,0.507109,0.225603,0.279959,1,820.064,0.00280244,0.173139,0.782334,0.471081,0.05,300,300,300,300,300,300,208,300,300,57,84,105,32,36,44,0
dual_l0,0,641,7,0.309374,0.0116538,0.0838805,1.01307,2052.12,0.0878571,6.84011,0.107953,0.107953,0.0240413,0.0113894,0.0155775,0.125188,0.136267,0.575239,0.171825,1,1,12,291,1,0.187333,0.2145,0.561035,0.211246,1,2051.79,0.00280244,0.173139,0.782334,0.471081,0.05,300,300,300,300,300,300,68,291,300,59,63,71,48,52,60,0
dual_l0,0,642,6,0.468767,0.0715674,0.241418,0.98776,1334.84,0.0952441,4.44915,0.104013,0.0133363,0.0199073,0.0175973,0.0427917,0.100428,0.137604,0.53144,0.110321,1,1,5,121,1,0.136605,0.178861,0.507072,0.131931,1,1324.91,0.00280244,0.173139,0.782334,0.471081,0.05,300,300,300,300,300,300,117,121,300,52,56,99,43,47,55,0
dual_l0,0,643,3,0.490726,0.155025,-0.105786,0.946685,868.532,0.866838,2.89222,0.290348,0.0506107,0.0375389,0.00891067,0.0187181,0.399615,0.309617,0.562559,0.324912,1,1,1,52,1,0.308617,0.373747,0.64667,0.350693,1,840.248,0.00280244,0.173139,0.782334,0.471081,0.05,300,300,300,300,300,300,48,52,71,43,47,55,33,43,51,0
dual_l0,0,644,2,0.412426,0.045649,0.42081,1.02937,1894.04,0.0431417,6.31334,0.0643213,0.0251724,0.0245725,0.0132942,0.0370827,0.530752,0.152574,0.504128,0.378214,0,5.17464e-11,6,277,1,0.138148,0.326695,0.536431,0.149954,0,1892.23,0.00280244,0.173139,0.782334,0.471081,0.05,300,300,300,300,300,300,162,277,300,49,85,107,42,51,59,0
dual_l0,0,645,5,0.492474,0.102355,-0.0541527,0.991549,1530.72,1.47502,5.0975,0.392916,0.0323966,0.00706588,0.00689903,0.0125688,0.118845,0.0450558,0.390617,0.204283,1,1,1,82,1,0.187547,0.255363,0.455428,0.234635,1,1516.49,0.00280244,0.173139,0.782334,0.471081,0.05,300,300,300,300,300,300,73,82,291,51,55,63,37,41,49,0
dual_l0,0,646,0,0.258347,0.163247,-0.366801,0.978988,2347.2,1.87582,7.81776,0.422718,0.247883,0.0365313,0.0156318,0.0321212,0.194828,0.201853,0.380536,0.59798,1,1,0,120,1,0.514288,0.412813,0.232534,0.542813,1,2304.49,0.00280244,0.173139,0.782334,0.471081,0.05,300,300,300,300,300,300,100,120,128,62,66,74,44,55,63,0
dual_l0,0,647,2,0.323813,0.0211067,-0.183142,1.0303,1399.15,0.491149,4.66218,0.215435,0.0872632,0.0348865,0.00965107,0.04292,0.138932,0.20863,0.291825,0.348158,1,1,1,261,1,0.137182,0.383667,0.400286,0.452325,1,1394.46,0.00280244,0.173139,0.782334,0.471081,0.05,300,300,300,300,300,300,99,261,269,55,59,83,40,44,52,0
dual_l0,0,648,0,0.255019,0.188869,-0.278694,0.925512,1563.08,0.327136,5.20918,0.176548,0.116689,0.0231139,0.0151081,0.0304351,0.419616,0.153013,0.37959,0.468501,1,1,0,136,1,0.425911,0.320431,0.384862,0.425497,1,1527.82,0.00280244,0.173139,0.782334,0.471081,0.05,300,300,300,300,300,300,77,136,300,50,54,62,40,44,52,0
dual_l0,0,649,7,0.290555,0.0553897,-0.344649,1.00476,1786.89,2.6453,5.94748,0.520059,0.254206,0.03664,0.00965079,0.00831952,0.298454,0.0713401,0.367351,0.564564,1,1,22,105,1,0.523003,0.480811,0.341166,0.428339,1,1735.04,0.00280244,0.173139,0.782334,0.471081,0.05,300,300,300,300,300,300,56,105,206,50,54,62,41,45,53,0
dual_l0,0,650,1,0.561396,0.187733,0.0702707,1.09985,1443.55,0.124602,4.81143,0.101482,0.00447964,0.0156154,0.00641396,0.0163761,0.388934,0.249968,0.681936,0.109306,1,1,1,151,1,0.177164,0.355607,0.647597,0.0788183,1,1438.31,0.00280244,0.173139,0.782334,0.471081,0.05,300,300,300,300,300,300,101,151,199,76,80,88,42,66,74,0
dual_l0,0,651,4,0.151876,0.108453,0.31998,0.934086,1665.52,0.316678,5.55068,0.191357,0.0436961,0.0202246,0.0126117,0.0286224,0.371314,0.139801,0.195466,0.272799,1,1,32,138,1,0.154767,0.283281,0.157233,0.0827568,1,1650.05,0.00280244,0.173139,0.782334,0.471081,0.05,300,300,300,300,300,300,81,138,300,48,76,84,45,49,57,0
dual_l0,0,652,7,0.278968,0.0527604,-0.259171,1.08648,1849.96,0.295291,6.16555,0.177801,0.122068,0.0463431,0.0112562,0.0210356,0.218698,0.153552,0.148363,0.52312,1,1,23,65,1,0.338296,0.385521,0.167376,0.348713,1,1813.52,0.00280244,0.173139,0.782334,0.471081,0.05,300,300,300,300,300,300,61,65,203,52,56,64,45,49,57,0
dual_l0,0,653,5,0.367685,0.192098,0.0533941,0.973466,1040.87,0.150634,3.46905,0.108043,0.0340655,0.0246817,0.0147694,0.0265582,0.274582,0.0949103,0.483222,0.0782986,1,1,0,79,1,0.264757,0.16147,0.314285,0.137393,1,1031.26,0.00280244,0.173139,0.782334,0.471081,0.05,300,300,300,300,300,300,69,79,87,58,62,70,36,48,56,0
dual_l0,0,654,4,0.431122,0.0609321,0.0643049,1.04496,1726.85,0.250915,5.75533,0.156294,0.0210555,0.0601175,0.0120401,0.0280472,0.371097,0.0712497,0.438551,0.143436,1,1,41,218,1,0.0966141,0.319177,0.324602,0.0794175,1,1723.6,0.00280244,0.173139,0.782334,0.471081,0.05,300,300,300,300,300,300,63,218,300,54,66,74,40,44,52,0
dual_l0,0,655,2,0.357191,0.139159,-0.267474,0.944633,2246.38,2.71473,7.47889,0.513682,0.292092,0.0398712,0.0201849,0.0576624,0.225939,0.20222,0.464167,0.565258,1,1,18,107,1,0.359328,0.447433,0.381223,0.333144,1,2195.33,0.00280244,0.173139,0.782334,0.471081,0.05,300,300,300,300,300,300,103,107,115,45,65,73,39,43,51,0
dual_l0,0,656,0,0.437784,0.167609,-0.108866,1.05158,948.685,0.349743,3.16112,0.186556,0.0832448,0.0481586,0.00580346,0.0320486,0.159685,0.294828,0.56671,0.233686,1,1,16,116,1,0.115727,0.376407,0.716117,0.219953,1,936.161,0.00280244,0.173139,0.782334,0.471081,0.05,300,300,300,300,300,300,97,116,228,48,52,60,37,41,58,0
dual_l0,0,657,4,0.336416,0.0092762,-0.120474,0.979508,1676.62,0.569944,5.58683,0.239864,0.141941,0.032295,0.00959754,0.0352411,0.415882,0.184626,0.372072,0.158355,1,1,18,267,1,0.20506,0.208249,0.563444,0.200457,1,1673.85,0.00280244,0.173139,0.782334,0.471081,0.05,300,300,300,300,300,300,95,267,300,66,70,78,48,52,60,0
dual_l0,0,658,2,0.386563,0.0555927,-0.331034,0.961739,1575.79,3.09634,5.24233,0.566281,0.247582,0.0127687,0.00705286,0.0299389,0.444623,0.0644093,0.390249,0.525222,1,1,0,109,1,0.710798,0.640991,0.566848,0.426396,1,1496.33,0.00280244,0.173139,0.782334,0.471081,0.05,300,300,300,300,300,300,97,109,300,47,51,59,44,48,56,0
dual_l0,0,659,7,0.31192,0.151382,0.19194,0.992999,945.451,0.175073,3.15092,0.141831,0.0342472,0.0175089,0.0126132,0.0310569,0.355604,0.0879449,0.510581,0.0857465,1,1,0,145,1,0.13818,0.277842,0.368623,0.138783,1,936.997,0.00280244,0.173139,0.782334,0.471081,0.05,300,300,300,300,300,300,76,145,184,48,61,69,32,49,57,0
dual_l0,0,660,1,0.576416,0.17379,0.0106257,0.957404,2000.73,0.29419,6.66811,0.171791,0.0193703,0.0237086,0.00935036,0.035865,0.170585,0.146685,0.612028,0.166505,0,7.25996e-27,24,216,1,0.322404,0.277294,0.694111,0.109748,0,1990.23,0.00280244,0.173139,0.782334,0.471081,0.05,300,300,300,300,300,300,72,216,300,48,52,60,46,50,58,0
dual_l0,0,661,0,0.368023,0.042462,0.0690925,1.01045,912.691,0.591286,3.04033,0.26651,0.242216,0.0470814,0.0107366,0.028798,0.162361,0.138458,0.387965,0.0458599,1,1,14,289,1,0.349967,0.180281,0.524114,0.0952618,1,910.747,0.00280244,0.173139,0.782334,0.471081,0.05,300,300,300,300,300,300,94,289,300,44,89,97,38,42,50,0
dual_l0,0,662,1,0.548802,0.0936502,0.026579,1.03985,1326.98,0.194471,4.42261,0.137343,0.0282684,0.0143703,0.00744435,0.0506866,0.294049,0.0654016,0.66101,0.0328054,0,1.77438e-09,1,99,1,0.398582,0.511788,0.638081,0.119018,1,1313,0.00280244,0.173139,0.782334,0.471081,0.05,300,300,300,300,300,300,71,99,184,46,50,58,44,48,56,0
dual_l0,0,663,6,0.471321,0.0353855,-0.41516,1.0871,2150.26,6.25304,7.14669,0.765654,0.463734,0.0273717,0.0140719,0.0412349,0.589575,0.415516,0.331405,0.560671,1,1,25,300,0,0.765654,0.589575,0.331405,0.560671,1,2144.01,0.00280244,0.173139,0.782334,0.471081,0.05,300,300,300,300,300,300,71,300,300,53,57,65,41,45,53,0
dual_l0,0,664,4,0.421386,0.0209951,0.183995,1.08987,1436.06,0.504572,4.78517,0.216744,0.0258958,0.0339249,0.00767562,0.0457343,0.275985,0.156838,0.500255,0.096673,1,1,16,157,1,0.160402,0.160189,0.500462,0.101098,1,1426.83,0.00280244,0.173139,0.782334,0.471081,0.05,300,300,300,300,300,300,89,157,300,40,75,83,34,38,46,0
dual_l0,0,665,2,0.132824,0.0542712,0.0893129,1.06995,1989.98,0.238378,6.63247,0.15589,0.0475713,0.0260288,0.0160329,0.0433712,0.104799,0.0661204,0.250564,0.163,0,2.25048e-21,13,300,0,0.15589,0.104799,0.250564,0.163,0,1989.74,0.00280244,0.173139,0.782334,0.471081,0.05,300,300,300,300,300,300,300,300,300,63,72,112,49,60,68,0
dual_l0,0,666,0,0.403697,0.062549,0.26257,0.997999,1125.03,0.275805,3.74916,0.177992,0.0399099,0.0245098,0.00998593,0.0401831,0.284708,0.091256,0.217371,0.0706077,1,1,12,258,1,0.145663,0.116069,0.297437,0.0259946,1,1121.82,0.00280244,0.173139,0.782334,0.471081,0.05,300,300,300,300,300,300,131,258,300,56,110,127,49,53,61,0
dual_l0,0,667,5,0.396809,0.164193,0.0664632,0.94906,831.064,0.254585,2.76937,0.150969,0.0297897,0.0344311,0.0161332,0.0437197,0.133795,0.235072,0.3027,0.201027,1,1,8,82,1,0.155294,0.218627,0.342874,0.146613,1,822.33,0.00280244,0.173139,0.782334,0.471081,0.05,300,300,300,300,300,300,78,82,189,43,70,90,37,41,49,0
dual_l0,0,668,2,0.279455,0.0600403,-0.384916,0.989355,2470.09,1.32455,8.22921,0.363524,0.255798,0.0276827,0.00934844,0.0303994,0.409128,0.0669608,0.246036,0.575198,1,1,21,144,1,0.847433,0.285336,0.267769,0.621784,1,2423.79,0.00280244,0.173139,0.782334,0.471081,0.05,300,300,300,300,300,300,91,144,300,74,78,86,45,49,57,0
dual_l0,0,669,1,0.406001,0.0346883,0.0840929,1.00596,2315.24,0.105192,7.71713,0.103948,0.0359012,0.0145986,0.00960253,0.0523864,0.243987,0.121294,0.310774,0.0544315,1,1,0,101,1,0.173581,0.332147,0.366194,0.0430749,1,2300.58,0.00280244,0.173139,0.782334,0.471081,0.05,300,300,300,300,300,300,97,101,153,74,84,92,49,53,75,0
dual_l0,0,670,2,0.321894,0.0884443,0.00659823,1.03877,1058.28,0.279964,3.52667,0.158655,0.0288379,0.00989237,0.016495,0.0543673,0.270804,0.205357,0.35088,0.160092,0,4.04581e-23,24,111,1,0.123664,0.162036,0.332933,0.161786,1,1048.94,0.00280244,0.173139,0.782334,0.471081,0.05,300,300,300,300,300,300,93,111,300,54,58,79,48,52,60,0
dual_l0,0,671,6,0.54255,0.182389,-0.211003,0.995822,1838.88,0.151051,6.1291,0.143096,0.110782,0.0211836,0.0154447,0.0264383,0.149601,0.32759,0.507179,0.387785,1,1,21,109,1,0.174764,0.279718,0.431291,0.314256,1,1819.21,0.00280244,0.173139,0.782334,0.471081,0.05,300,300,300,300,300,300,74,109,136,50,54,62,41,45,53,0
dual_l0,0,672,0,0.343561,0.151528,0.292079,1.06617,1842.44,0.179039,6.14088,0.132691,0.0213505,0.0216332,0.0129339,0.0225432,0.338355,0.244468,0.365618,0.338402,1,1,20,132,1,0.153363,0.285406,0.353774,0.0559121,1,1829.17,0.00280244,0.173139,0.782334,0.471081,0.05,300,300,300,300,300,300,71,132,300,63,67,75,57,61,69,0
dual_l0,0,673,0,0.144667,0.0716484,-0.104374,0.9727,1032.64,0.0439786,3.44199,0.061335,0.0569372,0.0301765,0.0232447,0.0172498,0.174423,0.163284,0.310663,0.304025,1,1,13,82,1,0.37245,0.371352,0.212192,0.23754,1,1004.05,0.00280244,0.173139,0.782334,0.471081,0.05,300,300,300,300,300,300,70,82,90,59,70,78,43,47,55,0
dual_l0,0,674,1,0.563212,0.0721342,-0.383248,0.924531,1485.64,6.27371,4.93122,0.794221,0.315271,0.0327581,0.0159446,0.024073,0.556021,0.504966,0.682297,0.614097,0,2.08177e-41,0,100,1,0.746585,0.606225,0.536856,0.514412,0,1406.81,0.00280244,0.173139,0.782334,0.471081,0.05,300,300,300,300,300,300,96,100,300,52,56,64,35,47,55,0
dual_l0,0,675,1,0.452657,0.0909662,-0.487481,1.07153,1480.82,2.28734,4.92845,0.516196,0.244883,0.0185096,0.0141443,0.0305285,0.204445,0.359374,0.54337,0.724221,0,0,1,84,1,0.643821,0.439571,0.738958,0.395965,0,1393.34,0.00280244,0.173139,0.782334,0.471081,0.05,300,300,300,300,300,300,80,84,149,56,60,68,41,45,67,0
dual_l0,0,676,7,0.48999,0.125463,-0.293947,1.0965,1465.89,1.25774,4.88212,0.343764,0.0906893,0.024094,0.0100825,0.0343788,0.17032,0.34239,0.554878,0.468128,1,1,0,85,1,0.189807,0.505187,0.588181,0.54745,1,1438.32,0.00280244,0.173139,0.782334,0.471081,0.05,300,300,300,300,300,300,76,85,154,61,65,73,42,58,66,0
dual_l0,0,677,6,0.474215,0.0986194,-0.350253,1.07539,1731.02,2.96331,5.76018,0.5467,0.29246,0.0299638,0.0131675,0.0250281,0.246804,0.271617,0.303488,0.397179,1,1,22,170,1,0.565127,0.371841,0.517538,0.480103,1,1699.24,0.00280244,0.173139,0.782334,0.471081,0.05,300,300,300,300,300,300,118,170,300,41,45,53,32,36,44,0
dual_l0,0,678,3,0.529828,0.0232035,0.48727,0.959077,1599.27,0.414644,5.32953,0.179695,0.0534808,0.0403661,0.00880511,0.0267132,0.567631,0.173228,0.603311,0.454979,1,1,10,300,0,0.179695,0.567631,0.603311,0.454979,1,1598.86,0.00280244,0.173139,0.782334,0.471081,0.05,300,300,300,300,300,300,300,300,300,72,76,84,41,45,66,0
dual_l0,0,679,2,0.301474,0.0230457,-0.401824,0.93903,2352.44,4.55662,7.82628,0.678393,0.407781,0.0131866,0.0123288,0.0362732,0.404737,0.119258,0.193861,0.5895,1,1,12,64,1,1.10877,0.571894,0.224995,0.600513,1,2214.53,0.00280244,0.173139,0.782334,0.471081,0.05,300,300,300,300,300,300,60,64,300,52,56,64,49,53,61,0
dual_l0,0,680,3,0.522951,0.084517,0.190272,1.02141,1854.65,0.539413,6.18037,0.225288,0.00533025,0.00704449,0.012643,0.0316781,0.157505,0.146159,0.629577,0.0470746,1,1,19,92,1,0.185,0.0650409,0.609694,0.0665793,1,1841.35,0.00280244,0.173139,0.782334,0.471081,0.05,300,300,300,300,300,300,62,92,171,52,56,64,43,47,55,0
dual_l0,0,681,7,0.366507,0.00380955,-0.320379,0.919648,2348.06,3.06211,7.81666,0.547066,0.369423,0.0240717,0.0164071,0.0217723,0.647396,0.166199,0.378208,0.304807,1,1,20,300,0,0.547066,0.647396,0.378208,0.304807,1,2345,0.00280244,0.173139,0.782334,0.471081,0.05,300,300,300,300,300,300,130,300,300,63,67,75,50,54,62,0
dual_l0,0,682,1,0.350709,0.0196479,0.0504986,1.08567,2318.26,3.18062,7.71694,0.5528,0.0808869,0.0226358,0.0163089,0.0403462,0.337446,0.403764,0.379673,0.322404,0,2.14263e-38,19,206,1,0.499503,0.134183,0.361864,0.174358,0,2298.99,0.00280244,0.173139,0.782334,0.471081,0.05,300,300,300,300,300,300,195,206,300,71,109,117,54,64,72,0
dual_l0,0,683,5,0.339714,0.00233967,-0.00360084,1.02373,1091.35,3.78488,3.62521,0.619702,0.213657,0.0170502,0.0129807,0.0270519,0.0873469,0.261898,0.348814,0.177975,1,1,0,300,0,0.619702,0.0873469,0.348814,0.177975,1,1087.56,0.00280244,0.173139,0.782334,0.471081,0.05,300,300,300,300,300,300,300,300,300,100,104,152,44,48,56,0
dual_l0,0,684,7,0.367117,0.129289,-0.268444,1.03729,1791.97,3.24808,5.96242,0.565937,0.165439,0.0263564,0.00754433,0.0334011,0.146655,0.201326,0.298158,0.381572,1,1,23,126,1,0.406268,0.417912,0.391707,0.361138,1,1763.72,0.00280244,0.173139,0.782334,0.471081,0.05,300,300,300,300,300,300,62,126,244,59,63,71,39,53,61,0
dual_l0,0,685,7,0.356657,0.147585,0.239623,0.982078,2503.72,0.636114,8.34363,0.262125,0.0269759,0.0249005,0.0213817,0.0216444,0.385765,0.202629,0.496127,0.119503,1,1,29,185,1,0.076369,0.174466,0.47957,0.0474788,1,2492.88,0.00280244,0.173139,0.782334,0.471081,0.05,300,300,300,300,300,300,90,185,300,56,60,77,53,57,65,0
dual_l0,0,686,0,0.381853,0.125426,0.0135471,1.0137,2101.94,0.512259,7.00477,0.232352,0.0283122,0.0277072,0.0130104,0.0169115,0.177471,0.120695,0.363489,0.125216,1,1,1,78,1,0.419537,0.257749,0.599106,0.146998,1,2086.35,0.00280244,0.173139,0.782334,0.471081,0.05,300,300,300,300,300,300,74,78,86,55,72,80,44,57,65,0
dual_l0,0,687,6,0.362661,0.196502,0.425625,1.08233,2001.01,0.259794,6.66916,0.157352,0.0365946,0.0320165,0.0117677,0.0324422,0.324092,0.066692,0.285721,0.270254,1,1,32,300,0,0.157352,0.324092,0.285721,0.270254,1,2000.75,0.00280244,0.173139,0.782334,0.471081,0.05,300,300,300,300,300,300,201,300,300,50,88,96,44,48,56,0
dual_l0,0,688,3,0.38801,0.0831128,0.239587,1.09405,856.602,0.115856,2.85495,0.119619,0.0185516,0.0290878,0.0101908,0.00640044,0.378627,0.119088,0.42118,0.154515,1,0.999929,272,169,1,0.230361,0.249399,0.550313,0.252777,0,842.947,0.00280244,0.173139,0.782334,0.471081,0.05,300,300,300,300,300,300,104,169,300,45,49,66,40,44,52,0
dual_l0,0,689,2,0.443063,0.0998546,0.422056,1.05129,1391.45,0.688489,4.63588,0.25912,0.017759,0.0196715,0.0103382,0.0339722,0.590351,0.233676,0.564571,0.162829,0,5.09703e-09,0,203,1,0.15995,0.307599,0.456936,0.232726,1,1379.17,0.00280244,0.173139,0.782334,0.471081,0.05,300,300,300,300,300,300,199,203,300,75,79,87,42,46,68,0
dual_l0,0,690,2,0.324673,0.120219,-0.0294055,1.04662,1191.96,0.215538,3.97249,0.137937,0.0120544,0.0202665,0.0113268,0.0235001,0.28523,0.161947,0.235896,0.133767,0,4.75673e-12,1,99,1,0.176365,0.263653,0.32774,0.0926774,1,1179.86,0.00280244,0.173139,0.782334,0.471081,0.05,300,300,300,300,300,300,51,99,300,48,52,60,41,45,53,0
dual_l0,0,691,2,0.499498,0.0839441,-0.0495217,0.902507,1075.55,0.580854,3.58324,0.27218,0.0794358,0.0353171,0.0219365,0.0447755,0.287035,0.278719,0.578132,0.276034,1,1,0,253,1,0.0849164,0.252158,0.700857,0.296881,1,1069.67,0.00280244,0.173139,0.782334,0.471081,0.05,300,300,300,300,300,300,192,253,261,52,56,89,38,47,55,0
dual_l0,0,692,4,0.383748,0.161559,-0.394632,0.968948,1281.04,2.62139,4.2614,0.51382,0.351973,0.0177546,0.00919677,0.0153261,0.623392,0.146095,0.333963,0.489243,1,1,19,109,1,0.455688,0.594505,0.348152,0.577463,1,1216.03,0.00280244,0.173139,0.782334,0.471081,0.05,300,300,300,300,300,300,81,109,300,65,69,77,31,35,43,0
dual_l0,0,693,2,0.428468,0.08856,-0.166994,0.923346,1306.14,2.56518,4.34525,0.517411,0.0921974,0.0214789,0.0227119,0.0330416,0.207801,0.28225,0.373591,0.311403,0,0,-1,85,1,0.732233,0.275619,0.537761,0.382448,0,1267.84,0.00280244,0.173139,0.782334,0.471081,0.05,300,300,300,300,300,300,81,85,106,77,81,89,37,41,49,0
dual_l0,0,694,3,0.492475,0.143456,-0.384138,0.922587,1871.9,3.13519,6.22923,0.564817,0.131881,0.0470117,0.00252334,0.0317797,0.246115,0.3403,0.718208,0.322073,1,1,16,138,1,0.271671,0.167352,0.680527,0.562816,1,1811.15,0.00280244,0.173139,0.782334,0.471081,0.05,300,300,300,300,300,300,69,138,146,50,54,62,39,43,51,0
dual_l0,0,695,6,0.376927,0.167262,0.0182943,1.01959,1019.15,0.247363,3.39636,0.160143,0.0323644,0.0205738,0.0167266,0.0131411,0.10892,0.102322,0.428671,0.116175,1,1,0,89,1,0.316,0.16409,0.368168,0.218875,1,1005.33,0.00280244,0.173139,0.782334,0.471081,0.05,300,300,300,300,300,300,69,89,153,43,47,66,35,46,54,0
dual_l0,0,696,7,0.337849,0.177491,0.0990855,1.05837,1884.46,0.0844555,6.28125,0.0945539,0.0129152,0.0409532,0.00539946,0.0370879,0.142087,0.173506,0.467299,0.0415854,1,1,21,198,1,0.116967,0.157005,0.293893,0.139023,1,1880.89,0.00280244,0.173139,0.782334,0.471081,0.05,300,300,300,300,300,300,108,198,300,54,58,83,45,49,57,0
dual_l0,0,697,3,0.34452,0.0123419,0.336366,0.951764,1110.83,0.202942,3.7021,0.185472,0.0172468,0.0121315,0.0126852,0.0475186,0.58635,0.185859,0.387402,0.459758,1,0.809515,8,300,0,0.185472,0.58635,0.387402,0.459758,1,1110.63,0.00280244,0.173139,0.782334,0.471081,0.05,300,300,300,300,300,300,300,300,300,45,49,57,43,47,55,0
dual_l0,0,698,1,0.353034,0.141775,-0.176096,1.09845,2163.28,0.978681,7.20769,0.324518,0.132341,0.0334443,0.0187683,0.0350471,0.220697,0.0977258,0.364297,0.123388,0,4.82064e-30,26,85,1,0.412171,0.211544,0.377089,0.250605,0,2126.51,0.00280244,0.173139,0.782334,0.471081,0.05,300,300,300,300,300,300,73,85,300,57,61,69,47,51,59,0
dual_l0,0,699,4,0.479168,0.174152,-0.318981,0.990794,1953.42,1.68836,6.50577,0.407475,0.237364,0.0172015,0.00742944,0.0249719,0.30796,0.185893,0.412919,0.515888,1,1,42,246,1,0.27719,0.497399,0.505938,0.343316,1,1942.26,0.00280244,0.173139,0.782334,0.471081,0.05,300,300,300,300,300,300,178,246,254,57,61,103,44,48,56,0
dual_l0,0,700,4,0.473719,0.0623472,-0.134453,0.938906,1812.31,1.61281,6.03566,0.451469,0.208893,0.0197697,0.012369,0.0493669,0.258128,0.24383,0.442395,0.22695,1,1,39,213,1,0.282619,0.0582792,0.431205,0.341546,1,1783.26,0.00280244,0.173139,0.782334,0.471081,0.05,300,300,300,300,300,300,209,213,300,51,55,78,37,46,54,0
dual_l0,0,701,1,0.356715,0.0889703,0.089087,1.07016,1207.33,0.169115,4.02386,0.133589,0.0420492,0.022729,0.00915247,0.0382098,0.171485,0.121638,0.36267,0.0749671,1,1,1,248,1,0.140109,0.164756,0.50786,0.120143,1,1205.27,0.00280244,0.173139,0.782334,0.471081,0.05,300,300,300,300,300,300,104,248,256,52,56,104,47,51,59,0
dual_l0,0,702,0,0.545077,0.0260589,0.193308,0.960655,2043.95,0.122554,6.81276,0.0878091,0.00634613,0.0193023,0.0049875,0.0179575,0.279663,0.247111,0.637595,0.155153,1,1,21,300,0,0.0878091,0.279663,0.637595,0.155153,1,2043.83,0.00280244,0.173139,0.782334,0.471081,0.05,300,300,300,300,300,300,124,300,300,52,71,79,40,44,52,0
dual_l0,0,703,6,0.317138,0.146917,-0.298107,0.95164,1536.32,3.384,5.1098,0.562119,0.179323,0.0245308,0.0118289,0.024291,0.718447,0.300569,0.446324,0.446324,1,1,13,84,1,0.557706,0.444612,0.479926,0.479146,1,1482.8,0.00280244,0.173139,0.782334,0.471081,0.05,300,300,300,300,300,300,75,84,92,50,54,62,31,35,43,0
dual_l0,0,704,1,0.321578,0.096759,-0.305944,0.913108,1722,2.87022,5.73042,0.547877,0.249672,0.0257566,0.0155774,0.06344,0.228968,0.188832,0.395147,0.517575,0,1.37648e-18,0,111,1,0.285539,0.120026,0.494909,0.445576,1,1677.4,0.00280244,0.173139,0.782334,0.471081,0.05,300,300,300,300,300,300,53,111,300,49,53,61,46,50,58,0
dual_l0,0,705,4,0.366036,0.140393,-0.0952622,0.999699,2007.45,0.565085,6.68962,0.221583,0.105671,0.0378896,0.0126214,0.034325,0.311022,0.336291,0.272923,0.287749,1,1,21,110,1,0.369006,0.140267,0.429598,0.251267,1,1989.17,0.00280244,0.173139,0.782334,0.471081,0.05,300,300,300,300,300,300,106,110,143,66,75,83,46,50,58,0
dual_l0,0,706,6,0.5452,0.0996298,0.22546,0.928364,2441.25,0.173123,8.13693,0.135386,0.0145029,0.0321884,0.00370567,0.0297636,0.301544,0.0854212,0.74889,0.143851,1,1,29,185,1,0.164424,0.299423,0.683795,0.113963,1,2434.91,0.00280244,0.173139,0.782334,0.471081,0.05,300,300,300,300,300,300,147,185,251,66,70,78,52,56,64,0
dual_l0,0,707,3,0.498048,0.0861556,-0.297585,0.900749,1243.44,1.04799,4.14131,0.334724,0.282551,0.0240233,0.0206659,0.0358644,0.327165,0.305954,0.59102,0.44443,0,8.86069e-39,11,59,1,0.626816,0.544228,0.497845,0.446195,0,1183.16,0.00280244,0.173139,0.782334,0.471081,0.05,300,300,300,300,300,300,55,59,102,43,47,55,29,33,50,0
dual_l0,0,708,5,0.26284,0.0284513,-0.0932747,0.996187,1906.88,3.19226,6.34562,0.577757,0.242148,0.0156173,0.00533639,0.0348451,0.209417,0.091577,0.172776,0.017013,1,1,0,75,1,0.745005,0.55057,0.404884,0.238446,1,1806.1,0.00280244,0.173139,0.782334,0.471081,0.05,300,300,300,300,300,300,71,75,300,55,59,67,42,46,54,0
dual_l0,0,709,1,0.445876,0.199552,-0.121183,1.06341,1224.21,1.84472,4.07454,0.433124,0.0959189,0.0201809,0.0128627,0.0319828,0.144749,0.223097,0.488693,0.267884,0,9.22187e-06,0,118,1,0.153435,0.206453,0.500564,0.234251,1,1206.2,0.00280244,0.173139,0.782334,0.471081,0.05,300,300,300,300,300,300,79,118,271,48,52,60,38,42,50,0
dual_l0,0,710,4,0.304674,0.146405,0.100844,0.961356,1872.98,0.0205944,6.2432,0.0397857,0.0192788,0.0240183,0.0167369,0.0157209,0.225009,0.135959,0.11216,0.0892366,1,1,20,267,1,0.0813487,0.267122,0.176134,0.115169,1,1872.24,0.00280244,0.173139,0.782334,0.471081,0.05,300,300,300,300,300,300,54,267,300,47,51,59,33,37,45,0
dual_l0,0,711,3,0.23962,0.102064,-0.134822,0.905847,1120.37,0.278972,3.73365,0.15593,0.083093,0.023268,0.0102994,0.0236127,0.383691,0.163356,0.105539,0.275347,1,1,5,133,1,0.113368,0.0791201,0.156661,0.343146,1,1106.59,0.00280244,0.173139,0.782334,0.471081,0.05,300,300,300,300,300,300,93,133,141,53,57,90,44,48,65,0
dual_l0,0,712,3,0.300499,0.134949,-0.4475,1.08956,964.17,1.76572,3.20801,0.418041,0.263655,0.0169908,0.00882771,0.0236931,0.440154,0.132427,0.312472,0.573355,0,0,0,74,1,0.43969,0.587485,0.402169,0.524838,0,889.878,0.00280244,0.173139,0.782334,0.471081,0.05,300,300,300,300,300,300,62,74,137,47,60,79,39,43,51,0
dual_l0,0,713,2,0.211592,0.0335855,-0.0671462,1.01646,1987.27,2.00497,6.61754,0.439139,0.113861,0.016805,0.00454786,0.0596858,0.603218,0.227499,0.253213,0.427917,1,1,2,300,0,0.439139,0.603218,0.253213,0.427917,1,1985.26,0.00280244,0.173139,0.782334,0.471081,0.05,300,300,300,300,300,300,203,300,300,82,86,118,42,46,75,0
dual_l0,0,714,1,0.450416,0.107787,0.213084,1.09839,2284.61,0.102815,7.61503,0.13108,0.0120319,0.0136094,0.0185863,0.015266,0.295177,0.113654,0.559447,0.136872,0,5.09156e-27,20,285,1,0.0719984,0.59649,0.422664,0.143593,0,2283.31,0.00280244,0.173139,0.782334,0.471081,0.05,300,300,300,300,300,300,113,285,300,73,77,85,49,61,83,0
dual_l0,0,715,0,0.344836,0.131278,-0.05335,0.909843,973.206,0.238447,3.24323,0.157017,0.0756263,0.0425967,0.00639674,0.0334844,0.203581,0.266304,0.257999,0.188037,1,1,14,300,0,0.157017,0.203581,0.257999,0.188037,1,972.968,0.00280244,0.173139,0.782334,0.471081,0.05,300,300,300,300,300,300,107,300,300,46,56,64,29,45,53,0
dual_l0,0,716,5,0.293717,0.198574,-0.171555,0.933289,866.523,1.52745,2.88332,0.399091,0.0747122,0.0250753,0.0066775,0.00796966,0.189796,0.326438,0.235198,0.310309,1,1,0,125,1,0.347126,0.429356,0.336108,0.304388,1,840.996,0.00280244,0.173139,0.782334,0.471081,0.05,300,300,300,300,300,300,61,125,300,45,49,57,40,44,52,0
dual_l0,0,717,1,0.410313,0.0571686,0.105979,0.954744,1097.2,0.166361,3.65678,0.0935419,0.0133774,0.0144328,0.00559316,0.018197,0.635456,0.181368,0.316918,0.282482,1,0.999998,0,126,1,0.0392371,0.298667,0.271183,0.0561681,1,1083.19,0.00280244,0.173139,0.782334,0.471081,0.05,300,300,300,300,300,300,72,126,300,51,55,63,39,43,51,0
dual_l0,0,718,5,0.37775,0.00693107,-0.311058,1.04049,2587.87,8.5857,8.59761,0.924383,0.41582,0.014102,0.00475682,0.0236107,0.559348,0.490991,0.271876,0.702509,0,0,0,300,0,0.924383,0.559348,0.271876,0.702509,0,2579.28,0.00280244,0.173139,0.782334,0.471081,0.05,300,300,300,300,300,300,180,300,300,55,59,67,44,48,56,0
dual_l0,0,719,5,0.157588,0.0718401,0.0391523,1.09769,1679.29,0.0775227,5.59738,0.0995812,0.00462429,0.0266052,0.0162711,0.0351538,0.177798,0.0728837,0.259564,0.117964,1,1,12,239,1,0.043379,0.138127,0.256032,0.188245,1,1677.69,0.00280244,0.173139,0.782334,0.471081,0.05,300,300,300,300,300,300,235,239,300,66,70,78,42,46,54,0
dual_l0,0,720,4,0.279568,0.102941,0.0986828,0.988414,1047.93,0.520274,3.49137,0.240768,0.006762,0.0177459,0.0102668,0.0129814,0.212994,0.152982,0.165331,0.0546096,1,1,15,92,1,0.190069,0.34497,0.340087,0.0989728,1,1040.34,0.00280244,0.173139,0.782334,0.471081,0.05,300,300,300,300,300,300,73,92,286,48,52,60,40,44,52,0
dual_l0,0,721,2,0.25536,0.0632013,0.226254,0.900337,1905.81,0.0856868,6.35242,0.116995,0.0190405,0.0147398,0.0138214,0.033074,0.460312,0.120407,0.298652,0.182194,1,1,11,169,1,0.105528,0.109111,0.40084,0.112167,1,1900.53,0.00280244,0.173139,0.782334,0.471081,0.05,300,300,300,300,300,300,165,169,186,55,59,67,44,48,56,0
dual_l0,0,722,0,0.526699,0.0503685,-0.269538,0.974908,2185.78,2.22009,7.27854,0.507088,0.226396,0.0413402,0.0179739,0.0290862,0.257334,0.292993,0.587924,0.458917,1,1,22,266,1,0.328957,0.428746,0.551469,0.53978,1,2172.76,0.00280244,0.173139,0.782334,0.471081,0.05,300,300,300,300,300,300,161,266,300,67,71,106,48,52,60,0
dual_l0,0,723,7,0.406937,0.0135129,0.00518382,1.06716,1864.83,0.725803,6.21367,0.269125,0.0807015,0.00903745,0.0197386,0.0115683,0.220703,0.239041,0.41183,0.14841,1,1,7,230,1,0.0946012,0.30729,0.440446,0.0648982,1,1860.64,0.00280244,0.173139,0.782334,0.471081,0.05,300,300,300,300,300,300,79,230,296,71,75,97,48,52,60,0
dual_l0,0,724,5,0.299477,0.014057,-0.31091,1.00162,1242.49,2.43815,4.13352,0.497506,0.367475,0.022825,0.00646589,0.0256461,0.309553,0.0819469,0.268085,0.534001,0,2.40848e-08,25,166,1,0.556215,0.106892,0.600422,0.255184,0,1205.37,0.00280244,0.173139,0.782334,0.471081,0.05,300,300,300,300,300,300,162,166,196,78,82,167,51,55,75,0
dual_l0,0,725,2,0.602741,0.00139787,-0.25337,0.956637,2195.62,8.3336,7.29097,0.907768,0.355807,0.0281842,0.0166428,0.0201754,0.717223,0.383259,0.494318,0.278277,1,1,17,300,0,0.907768,0.717223,0.494318,0.278277,1,2187.29,0.00280244,0.173139,0.782334,0.471081,0.05,300,300,300,300,300,300,118,300,300,64,101,120,48,52,60,0
dual_l0,0,726,7,0.375656,0.0585561,0.451629,1.0704,1897.14,0.241019,6.32301,0.179948,0.0213692,0.0263164,0.004088,0.0328727,0.572995,0.104142,0.275861,0.124422,1,1,22,300,0,0.179948,0.572995,0.275861,0.124422,1,1896.9,0.00280244,0.173139,0.782334,0.471081,0.05,300,300,300,300,300,300,115,300,300,56,74,82,33,51,59,0
dual_l0,0,727,7,0.404224,0.173771,0.136738,0.924289,1168.03,0.398958,3.89209,0.190614,0.0209155,0.0127237,0.0115783,0.0246089,0.193462,0.0855365,0.31544,0.0757855,1,1,6,133,1,0.129688,0.155557,0.306495,0.13036,1,1156.43,0.00280244,0.173139,0.782334,0.471081,0.05,300,300,300,300,300,300,84,133,141,47,58,66,43,47,55,0
dual_l0,0,728,4,0.37066,0.0909994,0.467556,1.07998,1849.88,0.253424,6.16543,0.158457,0.0205724,0.0255197,0.0125328,0.0243711,0.186813,0.0450619,0.553096,0.206006,1,1,28,300,0,0.158457,0.186813,0.553096,0.206006,1,1849.63,0.00280244,0.173139,0.782334,0.471081,0.05,300,300,300,300,300,300,117,300,300,64,68,76,36,46,54,0
dual_l0,0,729,0,0.396734,0.1008,-0.236238,1.01351,2159.93,2.32561,7.19202,0.519361,0.22618,0.0524931,0.0102562,0.0166574,0.120009,0.132382,0.347682,0.459538,1,1,21,84,1,0.289492,0.418869,0.271155,0.422749,1,2120.74,0.00280244,0.173139,0.782334,0.471081,0.05,300,300,300,300,300,300,56,84,142,49,53,61,38,42,50,0
dual_l0,0,730,4,0.53889,0.135791,-0.0526677,1.02321,942.188,1.06428,3.13708,0.321197,0.0182317,0.0132081,0.0131275,0.00959729,0.0960544,0.273755,0.415077,0.177514,1,1,17,63,1,0.256693,0.195055,0.518963,0.181132,1,929.843,0.00280244,0.173139,0.782334,0.471081,0.05,300,300,300,300,300,300,59,63,187,41,52,60,38,42,50,0
dual_l0,0,731,0,0.301695,0.0512075,0.352219,0.900438,1138.34,0.408414,3.7931,0.169497,0.0176077,0.037199,0.0145747,0.0378268,0.219325,0.149444,0.527656,0.420426,1,1,0,240,1,0.309606,0.514476,0.361962,0.232544,1,1129.11,0.00280244,0.173139,0.782334,0.471081,0.05,300,300,300,300,300,300,86,240,300,49,53,116,35,39,47,0
dual_l0,0,732,2,0.422728,0.180893,0.401215,1.05402,1484.19,0.18394,4.9467,0.127606,0.0227524,0.0167833,0.0148728,0.0425908,0.371194,0.0671104,0.334873,0.135611,1,1,0,90,1,0.161728,0.182892,0.400208,0.289251,1,1459.14,0.00280244,0.173139,0.782334,0.471081,0.05,300,300,300,300,300,300,86,90,300,70,87,95,40,61,69,0
dual_l0,0,733,3,0.390046,0.0227648,-0.209783,0.904187,1394.49,4.79219,4.63234,0.713905,0.287131,0.0268253,0.00928849,0.0435123,0.156732,0.239415,0.494837,0.404053,1,1,10,67,1,0.318625,0.272847,0.486741,0.134999,1,1248.18,0.00280244,0.173139,0.782334,0.471081,0.05,300,300,300,300,300,300,63,67,300,49,53,61,35,39,47,0
dual_l0,0,734,3,0.429704,0.0967878,0.258809,0.917072,1604.37,0.104345,5.34756,0.115911,0.022812,0.0210158,0.00102141,0.0107526,0.220484,0.0552114,0.313282,0.135921,0,9.99714e-30,-1,272,1,0.16057,0.291137,0.366254,0.178189,0,1602.67,0.00280244,0.173139,0.782334,0.471081,0.05,300,300,300,300,300,300,108,272,300,66,79,87,45,49,57,0
dual_l0,0,735,2,0.548185,0.0669807,-0.0191746,1.08953,1672.08,0.146031,5.57311,0.0988714,0.0287371,0.0193731,0.0123523,0.0198091,0.298227,0.271697,0.52023,0.251638,0,2.37264e-29,1,268,1,0.191874,0.357718,0.584444,0.193864,0,1670.25,0.00280244,0.173139,0.782334,0.471081,0.05,300,300,300,300,300,300,232,268,300,48,52,103,43,47,55,0
dual_l0,0,736,3,0.353588,0.032842,-0.425244,0.969101,2133.47,5.09598,7.09458,0.709882,0.645925,0.0310377,0.0217599,0.0233666,0.788428,0.152791,0.634609,0.238109,1,1,17,300,0,0.709882,0.788428,0.634609,0.238109,1,2128.37,0.00280244,0.173139,0.782334,0.471081,0.05,300,300,300,300,300,300,300,300,300,81,137,163,44,48,89,0
dual_l0,0,737,1,0.403733,0.0877216,-0.326605,0.92343,1355.93,4.92355,4.50335,0.71851,0.25005,0.0291769,0.0240639,0.0252695,0.217857,0.293577,0.681686,0.0795904,1,1,10,92,1,0.709276,0.717314,0.61907,0.449721,1,1282.71,0.00280244,0.173139,0.782334,0.471081,0.05,300,300,300,300,300,300,82,92,172,53,71,79,40,44,52,0
dual_l0,0,738,5,0.437537,0.0270939,-0.16418,0.970106,2054.95,3.31381,6.83878,0.567653,0.199681,0.0249996,0.00328302,0.027576,0.329224,0.413133,0.413728,0.187125,1,1,0,83,1,0.585847,0.476803,0.392813,0.204834,1,2005.49,0.00280244,0.173139,0.782334,0.471081,0.05,300,300,300,300,300,300,79,83,300,55,59,67,47,51,59,0
dual_l0,0,739,0,0.499162,0.12157,0.429373,0.937751,1277.88,0.168566,4.25903,0.116275,0.0275443,0.0314328,0.00492669,0.0349228,0.493844,0.0979676,0.591513,0.0819906,1,1,12,300,0,0.116275,0.493844,0.591513,0.0819906,1,1277.71,0.00280244,0.173139,0.782334,0.471081,0.05,300,300,300,300,300,300,104,300,300,50,66,74,41,45,53,0
dual_l0,0,740,4,0.232929,0.18128,-0.0694331,1.0907,1100.23,0.365471,3.66623,0.198831,0.0399521,0.0256356,0.0113218,0.0368705,0.196145,0.184457,0.245071,0.203593,1,1,14,180,1,0.295371,0.305558,0.280011,0.200636,1,1090.74,0.00280244,0.173139,0.782334,0.471081,0.05,300,300,300,300,300,300,59,180,300,57,61,69,41,45,53,0
dual_l0,0,741,0,0.472585,0.0674545,0.292088,0.934479,1605.81,0.126633,5.35227,0.0964674,0.0133864,0.0497245,0.00881261,0.0455733,0.396104,0.10254,0.49331,0.100051,1,1,20,257,1,0.0858372,0.282028,0.553268,0.0510783,1,1603.3,0.00280244,0.173139,0.782334,0.471081,0.05,300,300,300,300,300,300,105,257,300,74,78,86,52,56,75,0
dual_l0,0,742,7,0.376766,0.0757947,0.0504601,0.90155,1784.92,0.14496,5.94926,0.101482,0.0339052,0.0283467,0.017865,0.0439619,0.538783,0.204889,0.316455,0.124033,1,1,21,125,1,0.0659545,0.241642,0.301508,0.104666,1,1774.09,0.00280244,0.173139,0.782334,0.471081,0.05,300,300,300,300,300,300,59,125,133,49,53,61,42,51,59,0
dual_l0,0,743,5,0.41904,0.178721,-0.128014,1.04547,1439.57,0.504374,4.79688,0.241376,0.0816904,0.0181742,0.0129694,0.0308786,0.271167,0.139236,0.620286,0.262683,1,1,0,104,1,0.293011,0.287821,0.405497,0.162364,1,1423.17,0.00280244,0.173139,0.782334,0.471081,0.05,300,300,300,300,300,300,100,104,144,53,57,77,45,49,57,0
dual_l0,0,744,3,0.303077,0.156138,0.397887,1.05071,1459.11,0.430045,4.86225,0.202766,0.0166672,0.016959,0.0130834,0.0576789,0.343471,0.113775,0.307131,0.132647,1,1,3,196,1,0.198584,0.334037,0.379255,0.250132,1,1447.52,0.00280244,0.173139,0.782334,0.471081,0.05,300,300,300,300,300,300,161,196,300,66,70,87,37,56,64,0
dual_l0,0,745,1,0.535009,0.00442023,0.207418,0.996227,2619.37,0.633771,8.72912,0.228406,0.157299,0.0226352,0.0108815,0.0332001,0.533637,0.531078,0.436763,0.0909306,0,1.47432e-27,1,300,0,0.228406,0.533637,0.436763,0.0909306,0,2618.74,0.00280244,0.173139,0.782334,0.471081,0.05,300,300,300,300,300,300,300,300,300,86,97,105,72,86,94,0
dual_l0,0,746,6,0.280339,0.128993,0.156511,0.915451,2028.07,0.192046,6.7596,0.155931,0.00801881,0.0194821,0.015568,0.0341961,0.33121,0.0910422,0.470066,0.13783,1,1,16,81,1,0.23908,0.127997,0.190057,0.249112,1,2015.6,0.00280244,0.173139,0.782334,0.471081,0.05,300,300,300,300,300,300,77,81,300,50,66,74,44,48,56,0
dual_l0,0,747,7,0.324355,0.0443512,-0.214155,0.971429,2139.87,0.740393,7.13042,0.282294,0.0426215,0.0112287,0.00880801,0.0609649,0.142867,0.221323,0.418234,0.00908366,1,1,11,109,1,0.454786,0.238307,0.416409,0.326669,1,2095.71,0.00280244,0.173139,0.782334,0.471081,0.05,300,300,300,300,300,300,79,109,300,55,59,67,48,52,60,0
dual_l0,0,748,5,0.4184,0.0419795,0.292158,0.968308,2090.59,0.214285,6.96793,0.138939,0.0134674,0.0339542,0.0143766,0.00473561,0.231415,0.134908,0.318841,0.198207,1,1,0,102,1,0.12379,0.576491,0.347389,0.126338,1,2075.42,0.00280244,0.173139,0.782334,0.471081,0.05,300,300,300,300,300,300,85,102,300,50,54,62,45,49,57,0
dual_l0,0,749,4,0.38916,0.151122,0.431199,0.906947,1202.57,0.0974848,4.00824,0.0555639,0.0322826,0.0426269,0.00818994,0.0405502,0.617931,0.113397,0.398871,0.269488,1,1,1,300,0,0.0555639,0.617931,0.398871,0.269488,1,1202.47,0.00280244,0.173139,0.782334,0.471081,0.05,300,300,300,300,300,300,102,300,300,50,54,107,41,45,53,0
dual_l0,0,750,1,0.223214,0.165008,0.14448,1.06792,1091.23,0.21785,3.63671,0.13103,0.0252753,0.0221636,0.0144428,0.0532059,0.212675,0.214346,0.279996,0.0780333,0,0,1,109,1,0.106147,0.288129,0.250625,0.07931,0,1080.26,0.00280244,0.173139,0.782334,0.471081,0.05,300,300,300,300,300,300,90,109,117,71,75,83,47,51,59,0
dual_l0,0,751,7,0.605005,0.0907194,-0.498976,0.901526,1353.85,6.89505,4.48983,0.81565,0.34942,0.0276652,0.0166681,0.0352887,0.729292,0.200279,0.556987,0.742589,1,1,19,67,1,0.904154,0.683096,0.432212,0.649531,1,1209.71,0.00280244,0.173139,0.782334,0.471081,0.05,300,300,300,300,300,300,63,67,300,48,52,60,30,34,56,0
dual_l0,0,752,7,0.287386,0.146118,-0.438777,1.03065,1559.61,4.36395,5.18417,0.650134,0.32199,0.0391134,0.00462989,0.0176437,0.411662,0.12816,0.196568,0.653119,1,1,0,92,1,0.501587,0.375252,0.149149,0.542993,1,1483.82,0.00280244,0.173139,0.782334,0.471081,0.05,300,300,300,300,300,300,60,92,300,45,49,71,43,47,55,0
dual_l0,0,753,3,0.421507,0.122888,-0.414423,0.903916,1739.85,1.68539,5.79389,0.417616,0.280633,0.0335734,0.00739941,0.0309729,0.620376,0.198279,0.533067,0.563632,1,1,0,138,1,0.373139,0.667601,0.44886,0.52436,1,1700.02,0.00280244,0.173139,0.782334,0.471081,0.05,300,300,300,300,300,300,91,138,160,58,62,70,45,49,57,0
dual_l0,0,754,2,0.494863,0.0304682,0.284559,0.983999,1834.66,0.0248225,6.11546,0.0415575,0.0140748,0.0427892,0.0104351,0.0282069,0.413544,0.185756,0.364892,0.152807,0,3.02385e-08,1,300,0,0.0415575,0.413544,0.364892,0.152807,0,1834.64,0.00280244,0.173139,0.782334,0.471081,0.05,300,300,300,300,300,300,140,300,300,49,53,85,43,47,55,0
dual_l0,0,755,6,0.4766,0.13546,-0.21526,0.938332,1534.21,0.925953,5.11093,0.281802,0.150412,0.0265981,0.00483479,0.0320979,0.20428,0.28396,0.410222,0.278135,1,1,6,73,1,0.561321,0.338175,0.306116,0.483175,1,1499.13,0.00280244,0.173139,0.782334,0.471081,0.05,300,300,300,300,300,300,59,73,300,48,52,60,42,46,54,0
dual_l0,0,756,3,0.402085,0.0756696,0.364883,1.03854,1335.59,0.188596,4.45134,0.151675,0.0201393,0.0220212,0.00959949,0.033075,0.16503,0.137433,0.488969,0.193197,1,1,4,300,0,0.151675,0.16503,0.488969,0.193197,1,1335.4,0.00280244,0.173139,0.782334,0.471081,0.05,300,300,300,300,300,300,161,300,300,69,80,124,54,64,72,0
dual_l0,0,757,3,0.545929,0.0599086,-0.297607,0.971603,1319.81,1.43684,4.39459,0.398899,0.178316,0.0226328,0.0168038,0.0665586,0.106317,0.270794,0.56347,0.456902,1,0.998964,1,95,1,0.486064,0.440579,0.439924,0.439692,1,1269.12,0.00280244,0.173139,0.782334,0.471081,0.05,300,300,300,300,300,300,91,95,127,60,64,72,52,63,71,0
dual_l0,0,758,4,0.429495,0.11999,0.313666,0.937093,1290.63,0.0900317,4.3018,0.0803366,0.0150528,0.0319011,0.0165598,0.0266178,0.432135,0.0505079,0.456584,0.0768648,1,1,12,156,1,0.227444,0.331228,0.550185,0.15075,1,1278.54,0.00280244,0.173139,0.782334,0.471081,0.05,300,300,300,300,300,300,68,156,300,42,46,54,36,40,48,0
dual_l0,0,759,0,0.41546,0.162353,-0.0814518,1.02531,1057.99,0.24377,3.52582,0.112581,0.0349929,0.030526,0.0191098,0.0368881,0.267403,0.359709,0.56042,0.385843,1,1,1,106,1,0.0572894,0.197594,0.5934,0.158683,1,1047.98,0.00280244,0.173139,0.782334,0.471081,0.05,300,300,300,300,300,300,94,106,187,41,45,53,35,39,47,0
dual_l0,0,760,2,0.45803,0.0293601,-0.178644,1.05958,1029.96,0.885925,3.43026,0.300717,0.261271,0.0373519,0.00943653,0.0286555,0.369179,0.162865,0.442035,0.445461,1,1,9,300,0,0.300717,0.369179,0.442035,0.445461,1,1029.08,0.00280244,0.173139,0.782334,0.471081,0.05,300,300,300,300,300,300,129,300,300,69,73,81,45,49,57,0
dual_l0,0,761,3,0.414236,0.0136668,0.137344,0.980317,1700.91,0.548892,5.66788,0.212997,0.0195531,0.0294536,0.017846,0.0247319,0.241153,0.303315,0.559368,0.0808142,1,1,21,136,1,0.140948,0.126924,0.452406,0.00806596,1,1693.86,0.00280244,0.173139,0.782334,0.471081,0.05,300,300,300,300,300,300,132,136,223,48,52,60,41,45,53,0
dual_l0,0,762,4,0.301925,0.128295,0.0963579,0.955188,1950.56,0.0839333,6.5016,0.0867673,0.0226475,0.0184882,0.00512647,0.034758,0.132704,0.0613186,0.377912,0.0826657,1,1,20,67,1,0.354257,0.33179,0.300644,0.0402456,1,1936.41,0.00280244,0.173139,0.782334,0.471081,0.05,300,300,300,300,300,300,63,67,300,61,65,73,43,47,66,0
dual_l0,0,763,6,0.584862,0.0733929,-0.361847,1.03042,2381.05,7.36165,7.9123,0.8337,0.410817,0.0133237,0.0090434,0.0297261,0.681355,0.501312,0.521141,0.472703,1,1,28,120,1,0.500126,0.460123,0.434364,0.544478,1,2268.52,0.00280244,0.173139,0.782334,0.471081,0.05,300,300,300,300,300,300,59,120,300,52,56,64,42,46,54,0
dual_l0,0,764,1,0.370644,0.186045,0.103426,0.906455,1283.34,0.0499533,4.27763,0.0641657,0.00333682,0.0193588,0.0104821,0.0148306,0.411289,0.151642,0.293709,0.112877,0,0.10877,1,121,1,0.10243,0.264964,0.374104,0.108451,1,1277.17,0.00280244,0.173139,0.782334,0.471081,0.05,300,300,300,300,300,300,82,121,182,42,55,63,29,40,48,0
dual_l0,0,765,2,0.470319,0.0849708,-0.450678,0.943973,1494.5,3.35797,4.97046,0.577038,0.47556,0.0238825,0.00967263,0.0137476,0.33602,0.0607236,0.619222,0.584562,1,1,1,223,1,0.806478,0.734306,0.622259,0.543035,1,1462.99,0.00280244,0.173139,0.782334,0.471081,0.05,300,300,300,300,300,300,145,223,300,67,82,90,42,46,71,0
dual_l0,0,766,1,0.45151,0.148233,0.485786,1.07198,1521.88,0.467716,5.07136,0.208359,0.0240366,0.039132,0.00985295,0.0296012,0.112452,0.06369,0.520491,0.229569,0,1.62693e-31,2,212,1,0.112445,0.104659,0.749454,0.341582,0,1511.03,0.00280244,0.173139,0.782334,0.471081,0.05,300,300,300,300,300,300,126,212,300,47,51,91,45,49,57,0
dual_l0,0,767,1,0.478015,0.037235,-0.0954301,1.01851,1429.64,1.29824,4.76114,0.363432,0.150161,0.0292398,0.0106354,0.0212432,0.285279,0.229055,0.549752,0.0846274,0,3.68046e-20,0,84,1,0.231154,0.235089,0.615402,0.24277,1,1394.48,0.00280244,0.173139,0.782334,0.471081,0.05,300,300,300,300,300,300,69,84,92,51,55,63,42,46,54,0
dual_l0,0,768,0,0.4589,0.189277,-0.466105,1.06996,1825.72,3.40215,6.0744,0.567428,0.311242,0.0267106,0.00763894,0.0343533,0.615202,0.183929,0.388264,0.559584,1,1,21,58,1,0.758808,0.345547,0.297768,0.68084,1,1737.78,0.00280244,0.173139,0.782334,0.471081,0.05,300,300,300,300,300,300,54,58,300,49,53,61,38,52,60,0
dual_l0,0,769,5,0.307265,0.0619027,0.331347,1.05149,1369.66,0.315696,4.56447,0.168826,0.0148373,0.0380845,0.00833108,0.0346095,0.471642,0.125994,0.401177,0.206206,1,1,19,300,0,0.168826,0.471642,0.401177,0.206206,1,1369.34,0.00280244,0.173139,0.782334,0.471081,0.05,300,300,300,300,300,300,288,300,300,61,85,107,45,49,70,0
dual_l0,0,770,1,0.184025,0.0932549,-0.21226,1.04094,1482.05,3.05564,4.92997,0.571003,0.0916195,0.0394685,0.00880243,0.0243891,0.0898027,0.145313,0.289373,0.380525,0,2.27662e-09,12,55,1,0.499239,0.263673,0.228698,0.350446,1,1439.9,0.00280244,0.173139,0.782334,0.471081,0.05,300,300,300,300,300,300,51,55,144,47,51,59,41,45,53,0
dual_l0,0,771,4,0.16831,0.0596394,0.353257,1.08436,1397.12,0.377241,4.65582,0.177427,0.0134518,0.023963,0.0135337,0.0274565,0.246761,0.305456,0.261191,0.272306,1,1,24,177,1,0.0450782,0.325819,0.232607,0.179768,1,1384.26,0.00280244,0.173139,0.782334,0.471081,0.05,300,300,300,300,300,300,119,177,300,75,79,87,39,43,51,0
dual_l0,0,772,7,0.592838,0.123661,-0.172543,0.953026,970.463,1.31009,3.23051,0.334843,0.154453,0.0148162,0.0167286,0.0180685,0.352128,0.341569,0.716308,0.308016,1,1,1,165,1,0.618857,0.402165,0.627862,0.297105,1,953.38,0.00280244,0.173139,0.782334,0.471081,0.05,300,300,300,300,300,300,56,165,280,47,51,59,36,49,57,0
dual_l0,0,773,1,0.574605,0.00258312,-0.0439847,0.962295,1104.65,4.71759,3.66644,0.719325,0.25738,0.0240703,0.0123579,0.0546422,0.248472,0.25824,0.632869,0.235877,0,1.52988e-18,3,300,0,0.719325,0.248472,0.632869,0.235877,0,1099.93,0.00280244,0.173139,0.782334,0.471081,0.05,300,300,300,300,300,300,67,300,300,58,62,70,42,46,65,0
dual_l0,0,774,7,0.31802,0.177991,-0.284582,0.933756,2005.94,1.75124,6.68062,0.438595,0.193923,0.019342,0.00994268,0.0188351,0.487691,0.175982,0.433953,0.256794,1,1,24,102,1,0.492553,0.347447,0.425689,0.433299,1,1964.03,0.00280244,0.173139,0.782334,0.471081,0.05,300,300,300,300,300,300,98,102,300,52,56,87,45,49,57,0
dual_l0,0,775,7,0.321266,0.11522,-0.0157868,1.02757,1025.38,0.0790907,3.41768,0.106387,0.0590414,0.0213424,0.0119325,0.0448539,0.157191,0.0800413,0.340901,0.134075,1,1,0,98,1,0.159337,0.164938,0.425441,0.04228,1,1018.2,0.00280244,0.173139,0.782334,0.471081,0.05,300,300,300,300,300,300,94,98,225,43,83,91,38,42,50,0
dual_l0,0,776,1,0.385651,0.0505782,0.326743,0.917891,2318.62,0.0355306,7.72863,0.0716489,0.011604,0.00769077,0.00645468,0.00990839,0.489926,0.16399,0.481703,0.265255,1,1,10,300,0,0.0716489,0.489926,0.481703,0.265255,1,2318.59,0.00280244,0.173139,0.782334,0.471081,0.05,300,300,300,300,300,300,68,300,300,56,60,68,51,55,63,0
dual_l0,0,777,6,0.480563,0.109762,0.106934,0.97854,1928.57,0.0740347,6.42832,0.100189,0.0511983,0.0248604,0.00602298,0.0303176,0.176651,0.119982,0.624373,0.0518466,1,1,16,84,1,0.0813088,0.234419,0.593134,0.0420198,1,1916.09,0.00280244,0.173139,0.782334,0.471081,0.05,300,300,300,300,300,300,70,84,300,51,55,63,43,47,55,0
dual_l0,0,778,7,0.502036,0.0806142,0.35561,0.944901,1759.71,0.206374,5.86501,0.1181,0.0236344,0.0119436,0.00236291,0.0387436,0.509693,0.0345205,0.566041,0.124467,1,1,8,300,0,0.1181,0.509693,0.566041,0.124467,1,1759.5,0.00280244,0.173139,0.782334,0.471081,0.05,300,300,300,300,300,300,124,300,300,54,58,66,39,51,59,0
dual_l0,0,779,4,0.554097,0.0898517,0.0186676,0.941369,1785.17,0.0674724,5.95036,0.095819,0.0760556,0.0204754,0.00732491,0.0412732,0.116005,0.110965,0.459038,0.28204,1,1,23,77,1,0.227101,0.304656,0.399286,0.0906616,1,1770.47,0.00280244,0.173139,0.782334,0.471081,0.05,300,300,300,300,300,300,73,77,125,55,68,76,41,45,64,0
dual_l0,0,780,1,0.282146,0.0881602,-0.417395,1.01681,1441.08,2.51745,4.7952,0.515173,0.211315,0.0256952,0.0068415,0.00969287,0.491836,0.340001,0.18622,0.588216,0,2.66247e-44,0,84,1,0.404856,0.430994,0.32824,0.761081,0,1368.79,0.00280244,0.173139,0.782334,0.471081,0.05,300,300,300,300,300,300,80,84,300,53,57,65,48,52,60,0
dual_l0,0,781,0,0.594036,0.137241,-0.0613194,1.0823,1561.27,0.515487,5.20253,0.229869,0.104636,0.0306425,0.0187624,0.0302336,0.276054,0.183119,0.758062,0.117161,1,1,2,127,1,0.146525,0.132769,0.725298,0.306383,1,1543.77,0.00280244,0.173139,0.782334,0.471081,0.05,300,300,300,300,300,300,75,127,300,57,77,85,51,55,63,0
dual_l0,0,782,4,0.481116,0.035482,-0.0490198,1.02586,1373.93,0.358703,4.57857,0.186044,0.0903443,0.0332861,0.00984583,0.042983,0.210395,0.141718,0.636426,0.175301,1,1,15,251,1,0.184808,0.178796,0.647215,0.0843874,1,1371.54,0.00280244,0.173139,0.782334,0.471081,0.05,300,300,300,300,300,300,114,251,300,57,61,117,43,54,62,0
dual_l0,0,783,6,0.332853,0.108478,0.127315,0.912295,1811.11,0.208121,6.03633,0.149275,0.0166126,0.024784,0.0154182,0.024896,0.211929,0.122114,0.374929,0.152908,1,1,37,98,1,0.259419,0.260146,0.307508,0.143848,1,1800.04,0.00280244,0.173139,0.782334,0.471081,0.05,300,300,300,300,300,300,94,98,300,46,50,90,41,45,53,0
dual_l0,0,784,6,0.457925,0.0185753,0.0222889,0.908552,993.178,0.512752,3.30888,0.213627,0.0440333,0.0102198,0.0103809,0.0206618,0.112923,0.121586,0.437963,0.160484,1,1,1,300,0,0.213627,0.112923,0.437963,0.160484,1,992.665,0.00280244,0.173139,0.782334,0.471081,0.05,300,300,300,300,300,300,132,300,300,68,72,80,29,41,68,0
dual_l0,0,785,5,0.539105,0.136746,0.0140226,1.00414,1018.86,0.159951,3.39568,0.116998,0.0245254,0.0221385,0.0152206,0.0083434,0.378085,0.24785,0.565107,0.226643,1,1,18,93,1,0.285435,0.28847,0.507006,0.063775,1,1004.81,0.00280244,0.173139,0.782334,0.471081,0.05,300,300,300,300,300,300,89,93,300,43,47,96,31,35,43,0
dual_l0,0,786,5,0.234275,0.143013,0.422122,1.06631,1166.11,0.0842813,3.88674,0.0605767,0.0194446,0.0146989,0.0112529,0.0366877,0.617862,0.190576,0.412553,0.387513,1,1,14,240,1,0.133504,0.396285,0.283944,0.244998,1,1159.9,0.00280244,0.173139,0.782334,0.471081,0.05,300,300,300,300,300,300,115,240,300,57,101,109,36,58,66,0
dual_l0,0,787,5,0.564432,0.185998,0.319766,0.94917,1516.59,0.125306,5.05489,0.0916079,0.0225308,0.0288382,0.00782968,0.0165008,0.329336,0.0912726,0.553326,0.207292,1,1,0,92,1,0.055961,0.413998,0.4671,0.0797794,1,1501.4,0.00280244,0.173139,0.782334,0.471081,0.05,300,300,300,300,300,300,88,92,300,44,48,56,36,40,48,0
dual_l0,0,788,7,0.441652,0.031714,0.449743,1.09776,1765.06,0.429477,5.88209,0.172874,0.0337407,0.0392309,0.0115433,0.0378595,0.334961,0.368639,0.312747,0.492832,1,1,22,300,0,0.172874,0.334961,0.312747,0.492832,1,1764.63,0.00280244,0.173139,0.782334,0.471081,0.05,300,300,300,300,300,300,300,300,300,68,93,110,41,52,60,0
dual_l0,0,789,7,0.427787,0.0545595,0.140801,0.940318,2018.68,0.00207403,6.72892,0.0322822,0.027537,0.018407,0.00858077,0.0393695,0.463076,0.291699,0.573978,0.115843,1,1,20,198,1,0.0599806,0.286836,0.514974,0.123497,1,2014.79,0.00280244,0.173139,0.782334,0.471081,0.05,300,300,300,300,300,300,77,198,300,63,73,81,43,47,55,0
dual_l0,0,790,5,0.507888,0.0808562,-0.389342,1.07838,1602.46,4.91147,5.32517,0.699998,0.20596,0.0275433,0.0140241,0.0369249,0.26046,0.26212,0.463673,0.58291,1,1,14,82,1,0.58773,0.0767349,0.550507,0.601314,1,1516.81,0.00280244,0.173139,0.782334,0.471081,0.05,300,300,300,300,300,300,78,82,300,46,50,58,39,43,51,0
dual_l0,0,791,4,0.339549,0.0170452,0.269017,0.992122,1663.85,0.249596,5.54534,0.132535,0.0168173,0.0210953,0.0102609,0.0386238,0.284043,0.113519,0.248628,0.0408289,1,1,17,126,1,0.223334,0.21376,0.345274,0.0355152,1,1648.3,0.00280244,0.173139,0.782334,0.471081,0.05,300,300,300,300,300,300,122,126,300,66,70,78,36,40,70,0
dual_l0,0,792,6,0.275144,0.119613,-0.358645,0.97554,1827.66,3.75678,6.07968,0.62196,0.334439,0.0406309,0.00995906,0.0347996,0.613798,0.239857,0.417156,0.629222,1,1,14,94,1,0.34339,0.545125,0.366782,0.525721,1,1756.01,0.00280244,0.173139,0.782334,0.471081,0.05,300,300,300,300,300,300,80,94,212,47,51,73,45,49,57,0
dual_l0,0,793,0,0.363748,0.195937,-0.12583,0.916138,1924.47,1.08953,6.41128,0.330516,0.0898658,0.0263788,0.00950081,0.0491695,0.436479,0.212612,0.528597,0.238516,1,1,21,85,1,0.358769,0.505114,0.343779,0.312139,1,1898.68,0.00280244,0.173139,0.782334,0.471081,0.05,300,300,300,300,300,300,76,85,300,54,68,76,51,55,63,0
dual_l0,0,794,0,0.178817,0.169785,0.0640453,0.965817,2124.95,0.0160459,7.08313,0.0340028,0.0133323,0.0386317,0.0142456,0.0408611,0.230021,0.0755036,0.156605,0.195446,1,1,0,87,1,0.136176,0.144146,0.374988,0.0680514,1,2112.04,0.00280244,0.173139,0.782334,0.471081,0.05,300,300,300,300,300,300,57,87,271,48,52,60,40,44,52,0
dual_l0,0,795,4,0.367104,0.0442837,0.0383512,1.02802,1997.48,1.25727,6.65408,0.351625,0.0557339,0.0381798,0.0147004,0.0469184,0.27726,0.281917,0.501024,0.0450849,1,1,21,167,1,0.246615,0.264645,0.487162,0.0445383,1,1984.52,0.00280244,0.173139,0.782334,0.471081,0.05,300,300,300,300,300,300,136,167,300,78,90,114,45,49,71,0
dual_l0,0,796,2,0.289785,0.112125,-0.378956,0.954633,1387.51,2.0388,4.61823,0.465244,0.377732,0.0102392,0.0109548,0.029821,0.49765,0.0661884,0.535863,0.532979,1,1,3,153,1,0.58693,0.727502,0.419829,0.529939,1,1340.08,0.00280244,0.173139,0.782334,0.471081,0.05,300,300,300,300,300,300,77,153,300,61,79,87,37,41,49,0
dual_l0,0,797,7,0.332249,0.113615,-0.0783075,1.07783,961.383,0.0961974,3.20429,0.0929218,0.00843819,0.0250254,0.0144538,0.0286147,0.18296,0.0760447,0.278651,0.26304,1,1,14,148,1,0.254692,0.114753,0.272359,0.295536,1,954.241,0.00280244,0.173139,0.782334,0.471081,0.05,300,300,300,300,300,300,58,148,185,50,54,62,35,39,47,0
dual_l0,0,798,2,0.429027,0.0803526,-0.143165,0.947879,1120.41,0.906108,3.73169,0.287054,0.0968503,0.0170541,0.00382354,0.031279,0.386051,0.249604,0.487242,0.300595,0,1.80594e-22,-1,70,1,0.270281,0.354753,0.458943,0.225802,0,1097.45,0.00280244,0.173139,0.782334,0.471081,0.05,300,300,300,300,300,300,51,70,300,40,44,52,32,36,44,0
dual_l0,0,799,3,0.374744,0.155657,0.402251,1.02499,1580.86,0.14835,5.26903,0.108994,0.0316391,0.0141816,0.00533943,0.029072,0.171018,0.134348,0.43577,0.101481,1,1,12,121,1,0.190291,0.188258,0.448918,0.111227,1,1561.41,0.00280244,0.173139,0.782334,0.471081,0.05,300,300,300,300,300,300,76,121,300,59,63,71,50,54,62,0
dual_l0,0,800,5,0.287599,0.033379,-0.11338,0.902094,1394.66,1.7214,4.64311,0.408231,0.350736,0.0142308,0.0147843,0.0341461,0.206255,0.170271,0.502755,0.256235,1,1,0,300,0,0.408231,0.206255,0.502755,0.256235,1,1392.93,0.00280244,0.173139,0.782334,0.471081,0.05,300,300,300,300,300,300,153,300,300,105,109,117,44,48,56,0
dual_l0,0,801,1,0.426069,0.0816525,-0.339767,1.06347,1871.17,1.5693,6.232,0.380197,0.160085,0.0105349,0.0128645,0.024571,0.4871,0.202654,0.572684,0.484171,0,9.12284e-29,26,109,1,0.575033,0.0802591,0.517361,0.474049,0,1836.87,0.00280244,0.173139,0.782334,0.471081,0.05,300,300,300,300,300,300,105,109,189,69,73,81,52,56,78,0
dual_l0,0,802,1,0.225176,0.0957092,-0.0805279,1.06032,985.262,0.469249,3.28264,0.221106,0.0286665,0.0287881,0.00309098,0.0185014,0.180637,0.275912,0.150885,0.084806,0,3.90172e-29,7,81,1,0.335166,0.203424,0.127209,0.15181,1,959.195,0.00280244,0.173139,0.782334,0.471081,0.05,300,300,300,300,300,300,77,81,213,49,53,61,38,42,50,0
dual_l0,0,803,4,0.53047,0.0923683,0.469871,0.917422,2083.9,0.1708,6.94575,0.116852,0.0212329,0.0222334,0.00436505,0.035619,0.399855,0.117271,0.544357,0.289876,1,1,24,300,0,0.116852,0.399855,0.544357,0.289876,1,2083.73,0.00280244,0.173139,0.782334,0.471081,0.05,300,300,300,300,300,300,154,300,300,59,89,107,42,55,63,0
dual_l0,0,804,0,0.395945,0.0536392,-0.35326,1.04961,1160.26,1.15759,3.86369,0.336559,0.237115,0.0386863,0.0160448,0.043517,0.418371,0.068021,0.393118,0.456775,1,1,17,65,1,0.520704,0.542957,0.335105,0.574259,1,1122.5,0.00280244,0.173139,0.782334,0.471081,0.05,300,300,300,300,300,300,55,65,241,43,47,55,40,44,52,0
dual_l0,0,805,1,0.404716,0.193633,0.0449814,1.07003,1261.81,0.273469,4.20512,0.179896,0.029915,0.0507677,0.0128144,0.034025,0.208003,0.0939046,0.358442,0.206941,0,4.51451e-26,0,130,1,0.077811,0.290459,0.336857,0.10981,0,1255.35,0.00280244,0.173139,0.782334,0.471081,0.05,300,300,300,300,300,300,82,130,164,49,53,61,44,48,56,0
dual_l0,0,806,1,0.305245,0.0384176,-0.00797141,0.952894,1485.61,0.637482,4.94991,0.248077,0.0758009,0.0164491,0.0128302,0.0131356,0.234439,0.197931,0.255244,0.111223,0,1.10769e-10,0,300,0,0.248077,0.234439,0.255244,0.111223,0,1484.97,0.00280244,0.173139,0.782334,0.471081,0.05,300,300,300,300,300,300,130,300,300,50,54,98,37,52,60,0
dual_l0,0,807,1,0.485084,0.180565,-0.295958,1.04378,1922.87,0.860071,6.40669,0.292625,0.149162,0.0131005,0.0130778,0.0298539,0.422567,0.160482,0.504137,0.486039,0,1.07054e-28,20,60,1,0.369017,0.391858,0.406189,0.471342,1,1887.17,0.00280244,0.173139,0.782334,0.471081,0.05,300,300,300,300,300,300,56,60,90,43,47,55,40,44,52,0
dual_l0,0,808,1,0.439711,0.0666559,0.215005,0.942294,1313.98,1.01614,4.37653,0.318141,0.0153103,0.0209735,0.0123824,0.0120872,0.196191,0.117728,0.449996,0.163014,1,1,1,124,1,0.138986,0.359899,0.367477,0.175748,1,1300.82,0.00280244,0.173139,0.782334,0.471081,0.05,300,300,300,300,300,300,50,124,132,48,52,60,45,49,57,0
dual_l0,0,809,6,0.389046,0.0824239,-0.482632,1.0217,1507.06,2.34433,5.01572,0.505645,0.34566,0.0140955,0.0173298,0.0306712,0.364932,0.383252,0.420569,0.673985,1,1,24,70,1,0.564011,0.362036,0.381588,0.580609,0,1432.96,0.00280244,0.173139,0.782334,0.471081,0.05,300,300,300,300,300,300,66,70,78,48,58,66,42,46,66,0
dual_l0,0,810,1,0.456479,0.128911,-0.433576,0.967376,1036.99,1.87476,3.4504,0.417754,0.310879,0.037898,0.00707844,0.0330261,0.524817,0.26089,0.575386,0.534471,0,6.4273e-29,0,115,1,0.491043,0.728608,0.587248,0.50838,0,985.57,0.00280244,0.173139,0.782334,0.471081,0.05,300,300,300,300,300,300,72,115,194,48,52,60,34,38,46,0
dual_l0,0,811,0,0.572395,0.15985,-0.330248,1.0155,1807.05,1.35069,6.019,0.351989,0.150846,0.0505577,0.01589,0.0460325,0.237019,0.272929,0.642429,0.565199,1,1,20,188,1,0.314728,0.21199,0.810455,0.468831,1,1784.21,0.00280244,0.173139,0.782334,0.471081,0.05,300,300,300,300,300,300,75,188,196,49,53,61,46,50,58,0
dual_l0,0,812,5,0.524129,0.124792,-0.204363,0.990091,1269.32,1.86485,4.22485,0.425201,0.031925,0.0221447,0.00724956,0.0191096,0.131423,0.198302,0.500282,0.352968,1,1,18,146,1,0.417837,0.380515,0.546756,0.285334,1,1247.76,0.00280244,0.173139,0.782334,0.471081,0.05,300,300,300,300,300,300,99,146,300,41,45,53,37,41,49,0
dual_l0,0,813,4,0.519853,0.169155,-0.00595498,0.946285,2316.38,0.167549,7.72071,0.130462,0.0194404,0.0319143,0.00396194,0.0446387,0.196353,0.068755,0.49735,0.198284,1,1,32,81,1,0.259941,0.389294,0.530314,0.247689,1,2304.02,0.00280244,0.173139,0.782334,0.471081,0.05,300,300,300,300,300,300,77,81,300,58,76,84,46,50,58,0
dual_l0,0,814,7,0.359865,0.121006,0.444119,1.03749,1327.05,0.2519,4.42267,0.145287,0.0158766,0.0391178,0.0170596,0.0216588,0.455169,0.196378,0.362315,0.294344,1,1,0,200,1,0.177911,0.425776,0.149431,0.318553,1,1318.17,0.00280244,0.173139,0.782334,0.471081,0.05,300,300,300,300,300,300,196,200,300,69,73,149,40,44,64,0
dual_l0,0,815,2,0.25776,0.156671,-0.13721,1.06521,1026.66,0.603721,3.42017,0.253749,0.0318352,0.0130083,0.0145467,0.0326513,0.295189,0.203121,0.303819,0.257065,1,1,0,55,1,0.365354,0.279281,0.150591,0.150751,1,998.006,0.00280244,0.173139,0.782334,0.471081,0.05,300,300,300,300,300,300,51,55,63,40,44,52,33,37,45,0
dual_l0,0,816,0,0.249901,0.101635,0.144713,1.06987,1207.28,0.0677401,4.02404,0.06462,0.0191341,0.03047,0.00284872,0.0235792,0.159242,0.0592584,0.378494,0.0493618,1,1,19,217,1,0.0727834,0.400689,0.352977,0.0397175,1,1204.67,0.00280244,0.173139,0.782334,0.471081,0.05,300,300,300,300,300,300,84,217,225,57,61,69,39,43,65,0
dual_l0,0,817,6,0.353388,0.0222226,-0.186253,0.902278,2413.4,10.2423,8.01054,1.04449,0.572994,0.0181911,0.0217339,0.0318268,0.208672,0.368281,0.469801,0.231288,1,1,28,300,0,1.04449,0.208672,0.469801,0.231288,1,2403.16,0.00280244,0.173139,0.782334,0.471081,0.05,300,300,300,300,300,300,300,300,300,50,54,62,37,41,49,0
dual_l0,0,818,1,0.48432,0.117112,-0.0454739,1.00946,1789.45,0.169591,5.96427,0.126406,0.0138875,0.0196118,0.0165715,0.0148526,0.194603,0.194129,0.513949,0.195975,0,3.4767e-12,17,72,1,0.317944,0.394706,0.440694,0.136422,1,1775.6,0.00280244,0.173139,0.782334,0.471081,0.05,300,300,300,300,300,300,60,72,300,55,59,67,45,49,57,0
dual_l0,0,819,5,0.419893,0.137835,0.0563012,0.961882,1548.97,0.154173,5.16273,0.122679,0.0267068,0.0208935,0.00510505,0.0178748,0.216173,0.141503,0.326267,0.0113875,1,1,14,78,1,0.187159,0.423201,0.315033,0.0941079,1,1537.71,0.00280244,0.173139,0.782334,0.471081,0.05,300,300,300,300,300,300,74,78,300,48,52,60,45,49,57,0
dual_l0,0,820,3,0.394152,0.0566592,0.103067,0.965742,1408.1,0.547568,4.69183,0.202462,0.0236933,0.0280425,0.00552269,0.026578,0.399554,0.322538,0.315702,0.0559285,1,1,1,123,1,0.159944,0.158282,0.500977,0.0606479,1,1399.34,0.00280244,0.173139,0.782334,0.471081,0.05,300,300,300,300,300,300,119,123,257,50,54,62,48,52,60,0
dual_l0,0,821,0,0.167401,0.141043,-0.0374883,0.932262,963.046,0.62871,3.20806,0.260739,0.0451342,0.0306553,0.0152699,0.0259017,0.344247,0.152525,0.283401,0.124285,1,1,0,85,1,0.206108,0.401133,0.203302,0.146666,1,947.841,0.00280244,0.173139,0.782334,0.471081,0.05,300,300,300,300,300,300,81,85,207,47,51,59,40,44,52,0
dual_l0,0,822,5,0.387438,0.184524,0.480969,0.987695,1419.72,0.765276,4.72984,0.271849,0.017455,0.0245677,0.00911525,0.0411864,0.623497,0.0981161,0.346383,0.207931,1,1,9,300,0,0.271849,0.623497,0.346383,0.207931,1,1418.95,0.00280244,0.173139,0.782334,0.471081,0.05,300,300,300,300,300,300,159,300,300,71,75,83,43,47,55,0
dual_l0,0,823,6,0.472602,0.126764,0.202872,1.09261,1235.44,0.158642,4.11762,0.140698,0.0165023,0.0182392,0.0135051,0.0175718,0.229522,0.115131,0.407207,0.147059,1,1,9,252,1,0.108012,0.499225,0.386609,0.0743088,1,1232.19,0.00280244,0.173139,0.782334,0.471081,0.05,300,300,300,300,300,300,77,252,300,66,70,78,43,47,73,0
dual_l0,0,824,2,0.458536,0.152934,0.0986208,0.949484,1328.69,0.133782,4.42853,0.107796,0.0119716,0.0295574,0.0149005,0.0462366,0.245654,0.137,0.44695,0.0671885,1,1,4,107,1,0.141224,0.32843,0.661116,0.0812773,1,1320.85,0.00280244,0.173139,0.782334,0.471081,0.05,300,300,300,300,300,300,50,107,146,46,50,58,40,44,52,0
dual_l0,0,825,4,0.0794371,0.162089,-0.278794,0.992865,2407.89,1.74489,8.02049,0.413004,0.250544,0.0290801,0.0128683,0.0356052,0.520024,0.137186,0.263826,0.413577,1,1,38,146,1,0.545538,0.515963,0.266143,0.467137,1,2367.29,0.00280244,0.173139,0.782334,0.471081,0.05,300,300,300,300,300,300,63,146,154,53,57,65,51,55,63,0
dual_l0,0,826,1,0.35718,0.127833,-0.0811559,1.07967,1464.18,0.104801,4.88025,0.112337,0.112337,0.0129129,0.00830994,0.0288522,0.143868,0.137004,0.395543,0.295801,0,5.01923e-31,8,115,1,0.170751,0.358931,0.432902,0.11575,0,1450.49,0.00280244,0.173139,0.782334,0.471081,0.05,300,300,300,300,300,300,111,115,300,63,67,75,49,53,61,0
dual_l0,0,827,6,0.610618,0.164015,0.138438,1.07993,1903.14,0.289669,6.34284,0.189533,0.0225499,0.0292264,0.017979,0.0591037,0.373278,0.211855,0.751887,0.173247,1,1,14,114,1,0.113564,0.234565,0.756727,0.0850391,1,1894.2,0.00280244,0.173139,0.782334,0.471081,0.05,300,300,300,300,300,300,110,114,154,55,59,67,47,51,59,0
dual_l0,0,828,0,0.313677,0.0845992,0.462677,1.05644,1084.55,0.555153,3.6133,0.2249,0.0294941,0.0227293,0.00453527,0.0508711,0.405894,0.10268,0.261385,0.243232,1,1,12,300,0,0.2249,0.405894,0.261385,0.243232,1,1083.99,0.00280244,0.173139,0.782334,0.471081,0.05,300,300,300,300,300,300,225,300,300,62,66,74,40,44,52,0
dual_l0,0,829,7,0.326929,0.0336802,0.0416632,0.955716,1964.97,0.117793,6.5495,0.0799179,0.0327264,0.015263,0.0133599,0.0442129,0.416174,0.195199,0.344622,0.0906684,1,1,10,142,1,0.189751,0.222156,0.438737,0.0923794,1,1958.88,0.00280244,0.173139,0.782334,0.471081,0.05,300,300,300,300,300,300,130,142,300,53,57,91,39,43,51,0
dual_l0,0,830,0,0.377661,0.152353,-0.346986,1.00137,1845.23,3.22747,6.14001,0.579815,0.149298,0.0163626,0.0111193,0.0390369,0.545749,0.0744242,0.390315,0.404885,1,1,3,57,1,0.553447,0.390279,0.42992,0.391102,1,1787.83,0.00280244,0.173139,0.782334,0.471081,0.05,300,300,300,300,300,300,53,57,242,40,53,61,37,41,49,0
dual_l0,0,831,0,0.39611,0.121569,-0.16665,1.06354,1462.08,1.82915,4.86752,0.436436,0.141154,0.0172033,0.0139652,0.030388,0.414441,0.134916,0.599995,0.21289,1,1,19,256,1,0.322509,0.176869,0.402244,0.365378,1,1454.11,0.00280244,0.173139,0.782334,0.471081,0.05,300,300,300,300,300,300,76,256,264,47,51,59,43,47,55,0
dual_l0,0,832,1,0.38693,0.184564,0.20988,1.03718,1291.99,0.0348727,4.30653,0.0387368,0.0144029,0.0192699,0.0119031,0.0555823,0.182148,0.180619,0.418523,0.0566534,0,2.31071e-24,0,225,1,0.049164,0.476857,0.472986,0.159077,0,1287.2,0.00280244,0.173139,0.782334,0.471081,0.05,300,300,300,300,300,300,122,225,300,47,51,70,38,49,57,0
dual_l0,0,833,6,0.391267,0.0105634,0.469422,1.09272,2298.12,0.0895113,7.66009,0.106623,0.030425,0.0131988,0.0131773,0.0144923,0.506404,0.394428,0.525612,0.462514,1,1,18,300,0,0.106623,0.506404,0.525612,0.462514,1,2298.03,0.00280244,0.173139,0.782334,0.471081,0.05,300,300,300,300,300,300,103,300,300,86,96,104,43,47,55,0
dual_l0,0,834,2,0.426106,0.0201026,0.289329,1.03014,1316.75,0.295413,4.38819,0.176129,0.0115419,0.0236532,0.0111078,0.0470695,0.30028,0.072613,0.349683,0.101737,0,4.86618e-05,21,300,0,0.176129,0.30028,0.349683,0.101737,0,1316.46,0.00280244,0.173139,0.782334,0.471081,0.05,300,300,300,300,300,300,300,300,300,76,101,109,32,36,44,0
dual_l0,0,835,3,0.287761,0.0292863,0.468119,1.09875,981.047,0.474931,3.26857,0.213604,0.0182056,0.0279729,0.0225628,0.0350186,0.160326,0.101838,0.524686,0.333354,1,0.998565,1,300,0,0.213604,0.160326,0.524686,0.333354,1,980.571,0.00280244,0.173139,0.782334,0.471081,0.05,300,300,300,300,300,300,289,300,300,52,84,113,48,52,60,0
dual_l0,0,836,2,0.388704,0.170389,-0.173174,1.05335,1057.18,1.4886,3.51898,0.392586,0.190675,0.0158451,0.0181924,0.039851,0.123939,0.0301244,0.314815,0.353874,1,1,5,134,1,0.21878,0.0784491,0.474023,0.379512,1,1037.25,0.00280244,0.173139,0.782334,0.471081,0.05,300,300,300,300,300,300,102,134,300,44,48,56,35,39,47,0
dual_l0,0,837,0,0.403324,0.0567684,0.133347,1.01466,1078.39,1.56637,3.58943,0.413093,0.0515519,0.0243012,0.00976923,0.019176,0.102794,0.27612,0.281194,0.377403,1,1,6,108,1,0.270835,0.275502,0.485762,0.0364215,1,1043.44,0.00280244,0.173139,0.782334,0.471081,0.05,300,300,300,300,300,300,87,108,300,51,55,63,35,39,47,0
dual_l0,0,838,6,0.602354,0.151865,0.417661,0.908631,945.474,0.517784,3.14985,0.239243,0.00697674,0.0435514,0.0108985,0.0341112,0.488777,0.104786,0.741024,0.203776,1,1,2,116,1,0.105476,0.379023,0.69547,0.242212,1,928.427,0.00280244,0.173139,0.782334,0.471081,0.05,300,300,300,300,300,300,112,116,300,63,74,82,35,39,58,0
dual_l0,0,839,2,0.48079,0.142984,-0.408274,1.07362,1241.1,0.806658,4.13433,0.287521,0.287521,0.0202995,0.00931828,0.0474103,0.170053,0.281402,0.69662,0.469138,1,1,3,53,1,0.817115,0.928405,0.825643,0.345915,1,1157.37,0.00280244,0.173139,0.782334,0.471081,0.05,300,300,300,300,300,300,49,53,190,43,47,55,38,42,50,0
dual_l0,0,840,5,0.279498,0.175616,0.220345,0.95872,1204.1,0.0124819,4.01363,0.0404901,0.0176278,0.0258561,0.00885926,0.0137362,0.120655,0.212845,0.286256,0.263756,1,1,0,97,1,0.104095,0.294428,0.264882,0.0563874,1,1191.79,0.00280244,0.173139,0.782334,0.471081,0.05,300,300,300,300,300,300,67,97,226,49,53,61,29,33,57,0
dual_l0,0,841,0,0.151167,0.0360862,-0.246412,0.957651,954.373,2.7817,3.17197,0.545782,0.159516,0.026603,0.00934644,0.0313342,0.0778205,0.223379,0.174609,0.397922,1,1,13,85,1,0.416102,0.572663,0.236283,0.325053,1,907.894,0.00280244,0.173139,0.782334,0.471081,0.05,300,300,300,300,300,300,52,85,250,45,49,57,38,42,50,0
dual_l0,0,842,1,0.445061,0.0370951,0.424494,1.07657,1358.72,0.294998,4.52809,0.179995,0.0611015,0.0270498,0.0138721,0.0366724,0.622365,0.0351045,0.329598,0.380674,1,1,10,300,0,0.179995,0.622365,0.329598,0.380674,1,1358.43,0.00280244,0.173139,0.782334,0.471081,0.05,300,300,300,300,300,300,127,300,300,67,108,273,48,70,78,0
dual_l0,0,843,7,0.33839,0.14585,0.112182,0.943033,1486.88,0.092559,4.95596,0.0827729,0.0148385,0.0136211,0.00848564,0.0256119,0.254946,0.142303,0.352647,0.0919512,1,1,0,160,1,0.179445,0.153087,0.494749,0.0695509,1,1479.41,0.00280244,0.173139,0.782334,0.471081,0.05,300,300,300,300,300,300,71,160,168,51,55,74,44,48,56,0
dual_l0,0,844,2,0.159237,0.0476511,0.0134481,1.09862,1177.69,0.436005,3.92419,0.204307,0.0473758,0.0366742,0.0116626,0.0289205,0.317958,0.0829164,0.3319,0.284752,1,1,0,171,1,0.191095,0.240059,0.339012,0.084474,1,1168.74,0.00280244,0.173139,0.782334,0.471081,0.05,300,300,300,300,300,300,110,171,265,51,55,63,48,52,60,0
dual_l0,0,845,5,0.536783,0.00946951,0.48795,0.945302,1734.99,1.34023,5.77882,0.381001,0.250443,0.0298549,0.00723419,0.0353688,0.436885,0.220321,0.748028,0.366382,1,1,0,300,0,0.381001,0.436885,0.748028,0.366382,1,1733.64,0.00280244,0.173139,0.782334,0.471081,0.05,300,300,300,300,300,300,300,300,300,226,249,300,51,67,90,0
dual_l0,0,846,2,0.434186,0.186254,-0.139164,0.921685,939.397,0.816123,3.1286,0.303569,0.110448,0.0131205,0.00713373,0.0415866,0.197341,0.158268,0.475401,0.177065,1,1,0,73,1,0.330986,0.20933,0.49959,0.303576,1,922.692,0.00280244,0.173139,0.782334,0.471081,0.05,300,300,300,300,300,300,61,73,235,49,53,61,44,48,56,0
dual_l0,0,847,1,0.472957,0.0346583,-0.100987,1.07466,1817.95,1.23083,6.05574,0.362032,0.359977,0.0197408,0.0136462,0.0371261,0.215923,0.186351,0.362585,0.484243,0,0,0,300,0,0.362032,0.215923,0.362585,0.484243,0,1816.72,0.00280244,0.173139,0.782334,0.471081,0.05,300,300,300,300,300,300,300,300,300,159,181,206,44,61,69,0
dual_l0,0,848,5,0.320592,0.136682,-0.22648,1.01501,1615.38,1.53654,5.37948,0.40064,0.145561,0.0509566,0.00957009,0.0453388,0.202041,0.134696,0.512106,0.472806,1,1,0,158,1,0.455661,0.107943,0.385885,0.387492,1,1587.93,0.00280244,0.173139,0.782334,0.471081,0.05,300,300,300,300,300,300,154,158,300,69,73,81,46,50,58,0
dual_l0,0,849,5,0.378854,0.198973,0.166071,0.952538,1283.21,0.146497,4.27689,0.153786,0.0274117,0.0193992,0.00844626,0.0354992,0.481081,0.147145,0.297321,0.130535,1,1,9,138,1,0.0835703,0.314101,0.447685,0.0616208,1,1276.24,0.00280244,0.173139,0.782334,0.471081,0.05,300,300,300,300,300,300,72,138,146,56,60,68,40,49,57,0
dual_l0,0,850,6,0.381463,0.0276594,0.0957774,1.08391,924.507,0.484149,3.08008,0.222421,0.0676525,0.0232323,0.00735787,0.0120867,0.275261,0.162128,0.372361,0.152798,1,1,0,91,1,0.250638,0.216301,0.405363,0.0563414,1,911.118,0.00280244,0.173139,0.782334,0.471081,0.05,300,300,300,300,300,300,87,91,300,45,55,79,43,47,55,0
dual_l0,0,851,7,0.334837,0.0274425,-0.0647744,0.948919,2159.84,2.95051,7.18964,0.548824,0.279547,0.0268643,0.0144104,0.0619123,0.189789,0.156825,0.421788,0.411059,1,1,21,300,0,0.548824,0.189789,0.421788,0.411059,1,2156.89,0.00280244,0.173139,0.782334,0.471081,0.05,300,300,300,300,300,300,300,300,300,60,64,72,48,52,60,0
dual_l0,0,852,6,0.421517,0.120578,-0.0931647,1.08977,1386.22,0.873495,4.61783,0.277421,0.0328499,0.0243253,0.0228479,0.0315683,0.218372,0.301457,0.294682,0.218291,1,1,1,191,1,0.319171,0.343789,0.424734,0.214966,1,1372.73,0.00280244,0.173139,0.782334,0.471081,0.05,300,300,300,300,300,300,76,191,300,44,48,82,41,45,53,0
dual_l0,0,853,1,0.311523,0.0617809,-0.455853,1.01902,1745.86,6.02687,5.79946,0.763772,0.434345,0.0270271,0.0126826,0.0504438,0.551193,0.106474,0.497283,0.43774,0,3.4044e-11,0,54,1,0.616665,0.691032,0.281533,0.536978,1,1655.22,0.00280244,0.173139,0.782334,0.471081,0.05,300,300,300,300,300,300,50,54,84,48,52,60,37,47,55,0
dual_l0,0,854,6,0.29537,0.0480102,-0.0521529,0.991185,1525.17,0.393949,5.0826,0.18849,0.0418807,0.0302155,0.00878186,0.031175,0.282251,0.073433,0.312245,0.20044,1,1,4,149,1,0.348086,0.404074,0.431848,0.123326,1,1502.21,0.00280244,0.173139,0.782334,0.471081,0.05,300,300,300,300,300,300,87,149,300,58,62,70,41,55,63,0
dual_l0,0,855,7,0.429874,0.0706744,0.363202,1.09067,1251.56,0.311616,4.17082,0.178013,0.0214273,0.0411278,0.0198154,0.0471769,0.343542,0.0943732,0.481372,0.246278,1,1,10,287,1,0.110942,0.279747,0.582292,0.1765,1,1250.31,0.00280244,0.173139,0.782334,0.471081,0.05,300,300,300,300,300,300,82,287,300,53,57,91,37,41,49,0
dual_l0,0,856,2,0.457109,0.146808,0.463226,0.902473,1012.01,0.189513,3.37275,0.144271,0.0529564,0.0359722,0.00487365,0.0333721,0.209186,0.13216,0.584506,0.47244,1,1,0,300,0,0.144271,0.209186,0.584506,0.47244,1,1011.82,0.00280244,0.173139,0.782334,0.471081,0.05,300,300,300,300,300,300,130,300,300,48,66,74,41,45,53,0
dual_l0,0,857,7,0.354037,0.0225439,-0.0368642,1.08402,1801.99,0.161013,6.0061,0.124509,0.0507499,0.025083,0.00977157,0.0446804,0.161102,0.10211,0.434705,0.155451,1,1,24,161,1,0.0894774,0.265674,0.354682,0.0879108,1,1795.09,0.00280244,0.173139,0.782334,0.471081,0.05,300,300,300,300,300,300,74,161,300,58,62,70,46,50,58,0
dual_l0,0,858,2,0.421919,0.14691,0.255608,1.06389,1498.58,0.156037,4.99476,0.126828,0.0190335,0.0210014,0.00690521,0.0156848,0.367878,0.13474,0.406121,0.0997272,0,0.000101764,17,144,1,0.0236359,0.352847,0.392663,0.216802,1,1488.34,0.00280244,0.173139,0.782334,0.471081,0.05,300,300,300,300,300,300,93,144,300,46,59,67,45,49,57,0
dual_l0,0,859,6,0.504864,0.0365977,-0.109758,0.940608,1862.87,2.18022,6.20231,0.490086,0.296198,0.0115413,0.0169164,0.0353881,0.165339,0.233543,0.623713,0.2493,1,1,14,300,0,0.490086,0.165339,0.623713,0.2493,1,1860.69,0.00280244,0.173139,0.782334,0.471081,0.05,300,300,300,300,300,300,63,300,300,57,61,69,46,59,67,0
dual_l0,0,860,0,0.437348,0.153479,0.211605,1.09097,1432.68,0.140001,4.77515,0.121806,0.0104384,0.0267782,0.00618872,0.0310946,0.218154,0.0869611,0.343749,0.0848079,1,1,20,84,1,0.115886,0.314231,0.358082,0.134206,1,1418.92,0.00280244,0.173139,0.782334,0.471081,0.05,300,300,300,300,300,300,71,84,300,56,60,79,41,45,53,0
dual_l0,0,861,2,0.27856,0.138386,-0.390223,1.0953,1936.79,1.58776,6.45066,0.424908,0.183557,0.0193273,0.0140841,0.035702,0.274196,0.228962,0.257986,0.668687,1,0.993298,26,73,1,0.398651,0.253786,0.341845,0.513655,1,1880.26,0.00280244,0.173139,0.782334,0.471081,0.05,300,300,300,300,300,300,69,73,300,55,59,77,49,53,61,0
dual_l0,0,862,1,0.3085,0.109558,0.408378,0.918265,1191.57,0.300666,3.9709,0.185058,0.0328046,0.0325397,0.013308,0.0480566,0.433998,0.0459712,0.276375,0.273416,0,0.118613,1,300,0,0.185058,0.433998,0.276375,0.273416,0,1191.27,0.00280244,0.173139,0.782334,0.471081,0.05,300,300,300,300,300,300,101,300,300,45,49,88,40,44,52,0
dual_l0,0,863,2,0.389533,0.0564667,-0.12818,0.996092,2058.62,1.37624,6.8575,0.374822,0.0684964,0.0180058,0.00975698,0.0215084,0.343274,0.142931,0.350962,0.156214,0,0.414809,19,117,1,0.380008,0.263301,0.349032,0.198942,1,2040.8,0.00280244,0.173139,0.782334,0.471081,0.05,300,300,300,300,300,300,70,117,125,59,68,76,43,47,55,0
dual_l0,0,864,4,0.40524,0.0580518,0.168918,0.980461,1735.61,0.0929276,5.78506,0.10122,0.0270344,0.00735242,0.00765724,0.0296422,0.321182,0.222938,0.220346,0.0978544,1,1,26,168,1,0.177503,0.172241,0.611029,0.196458,1,1727.4,0.00280244,0.173139,0.782334,0.471081,0.05,300,300,300,300,300,300,136,168,300,60,64,143,45,49,57,0
dual_l0,0,865,2,0.375681,0.0461892,0.238564,1.01942,2336.16,0.248699,7.78638,0.156007,0.0162707,0.0264189,0.0120758,0.0306111,0.32806,0.155836,0.543104,0.13715,1,1,26,300,0,0.156007,0.32806,0.543104,0.13715,1,2335.91,0.00280244,0.173139,0.782334,0.471081,0.05,300,300,300,300,300,300,122,300,300,70,74,111,52,56,77,0
dual_l0,0,866,4,0.552643,0.00757306,-0.18683,0.948606,1403.74,2.88723,4.66949,0.52975,0.179726,0.0298923,0.0179962,0.035898,0.455841,0.52574,0.488974,0.00618246,1,1,19,198,1,0.67239,0.381312,0.646986,0.419818,1,1361.89,0.00280244,0.173139,0.782334,0.471081,0.05,300,300,300,300,300,300,62,198,300,51,55,63,42,46,54,0
dual_l0,0,867,5,0.348736,0.120268,0.00212038,1.06217,1234.71,0.539372,4.11389,0.198985,0.0520228,0.03987,0.00893811,0.0420386,0.566342,0.171949,0.397608,0.09193,1,1,16,119,1,0.252917,0.190079,0.495812,0.0973098,1,1220.07,0.00280244,0.173139,0.782334,0.471081,0.05,300,300,300,300,300,300,76,119,300,63,67,75,44,48,56,0
dual_l0,0,868,5,0.509643,0.054392,-0.224315,1.033,2102.43,1.65037,7.0026,0.411893,0.0915708,0.00802866,0.00944098,0.0405685,0.473947,0.270486,0.497118,0.295065,1,1,0,62,1,0.333553,0.337264,0.414863,0.387994,1,2073.48,0.00280244,0.173139,0.782334,0.471081,0.05,300,300,300,300,300,300,58,62,300,48,52,60,45,49,57,0
dual_l0,0,869,2,0.217777,0.082038,0.45201,1.0822,1132.58,0.314359,3.77422,0.150466,0.0137819,0.0221714,0.0207529,0.0490997,0.256391,0.160631,0.201251,0.352632,1,1,1,185,1,0.190131,0.641111,0.204624,0.205407,1,1115.93,0.00280244,0.173139,0.782334,0.471081,0.05,300,300,300,300,300,300,155,185,300,56,85,93,43,47,55,0
dual_l0,0,870,1,0.429883,0.0598224,-0.172056,1.03022,2252.54,2.39867,7.50047,0.506648,0.181538,0.0149781,0.00710772,0.0453934,0.208025,0.137601,0.24405,0.475253,1,0.999998,0,91,1,0.566338,0.44654,0.367839,0.167559,1,2208.85,0.00280244,0.173139,0.782334,0.471081,0.05,300,300,300,300,300,300,79,91,273,48,65,86,42,46,54,0
dual_l0,0,871,5,0.560839,0.126937,0.215858,1.01619,2012.08,0.0216721,6.70686,0.0417931,0.0417931,0.0224532,0.0189597,0.046122,0.543261,0.227325,0.573911,0.047613,1,1,0,261,1,0.0971857,0.340633,0.560871,0.0211053,1,2009.66,0.00280244,0.173139,0.782334,0.471081,0.05,300,300,300,300,300,300,112,261,300,46,55,63,45,49,57,0
dual_l0,0,872,4,0.482018,0.0503292,-0.0580057,1.05323,2176.49,0.381702,7.25371,0.196558,0.0678887,0.041244,0.017221,0.03633,0.182265,0.0975345,0.531383,0.246443,1,1,39,123,1,0.279826,0.304731,0.544761,0.17844,1,2158.87,0.00280244,0.173139,0.782334,0.471081,0.05,300,300,300,300,300,300,72,123,131,52,66,89,47,51,59,0
dual_l0,0,873,3,0.431019,0.0743655,-0.0898094,1.0067,2080.79,0.574944,6.93404,0.228527,0.127962,0.030883,0.0181374,0.0432087,0.272048,0.193383,0.537848,0.168647,1,1,18,149,1,0.224829,0.158411,0.443101,0.246495,1,2054.1,0.00280244,0.173139,0.782334,0.471081,0.05,300,300,300,300,300,300,100,149,157,51,55,86,39,43,51,0
dual_l0,0,874,6,0.268922,0.106348,0.288603,0.957088,1503.45,0.245492,5.0107,0.143642,0.0145825,0.0301429,0.00389596,0.0316415,0.374152,0.151082,0.457905,0.0784156,1,1,7,300,0,0.143642,0.374152,0.457905,0.0784156,1,1503.21,0.00280244,0.173139,0.782334,0.471081,0.05,300,300,300,300,300,300,132,300,300,55,75,110,47,51,59,0
dual_l0,0,875,0,0.471954,0.101091,-0.452273,1.06645,2168.7,2.93873,7.21922,0.526396,0.290368,0.0252476,0.0133693,0.0146565,0.644005,0.201192,0.523561,0.640939,1,1,0,97,1,0.543847,0.527778,0.525115,0.563361,1,2112.8,0.00280244,0.173139,0.782334,0.471081,0.05,300,300,300,300,300,300,61,97,138,52,56,64,45,49,57,0
dual_l0,0,876,2,0.3649,0.198233,-0.134526,1.01432,1475.06,1.72382,4.91112,0.420206,0.126212,0.0314761,0.0133633,0.0383994,0.511657,0.109509,0.292426,0.20571,1,0.999919,0,79,1,0.216442,0.235481,0.162784,0.320428,1,1444.93,0.00280244,0.173139,0.782334,0.471081,0.05,300,300,300,300,300,300,58,79,300,53,57,65,46,50,58,0
dual_l0,0,877,3,0.37954,0.0145798,0.283342,0.948964,1535.31,0.377797,5.11643,0.19771,0.0159712,0.0253277,0.0109018,0.035356,0.435182,0.183875,0.509325,0.138815,0,1.09598e-35,20,234,1,0.0928113,0.412859,0.39909,0.0488054,0,1528.78,0.00280244,0.173139,0.782334,0.471081,0.05,300,300,300,300,300,300,52,234,300,50,54,62,46,50,58,0
dual_l0,0,878,5,0.475118,0.115818,-0.0245857,1.09613,2100.38,0.663197,6.99905,0.269043,0.0430922,0.043337,0.0148098,0.0337619,0.198466,0.173573,0.507555,0.308058,1,1,0,176,1,0.107729,0.246775,0.419688,0.156493,1,2089.47,0.00280244,0.173139,0.782334,0.471081,0.05,300,300,300,300,300,300,90,176,300,56,60,68,43,47,55,0
dual_l0,0,879,3,0.504651,0.158588,-0.314461,0.959018,2099.8,1.9508,6.99282,0.448572,0.21714,0.0404458,0.00662169,0.023702,0.188944,0.271947,0.716198,0.271608,0,0.019432,18,81,1,0.252158,0.389875,0.564635,0.618411,1,2051.15,0.00280244,0.173139,0.782334,0.471081,0.05,300,300,300,300,300,300,68,81,131,48,52,60,38,42,50,0
dual_l0,0,880,4,0.436731,0.0298207,-0.294953,1.01962,940.26,4.59801,3.11887,0.671969,0.257977,0.0180074,0.0148531,0.0200614,0.558224,0.298575,0.416512,0.37187,1,1,15,128,1,0.565799,0.391942,0.413774,0.42341,1,885.711,0.00280244,0.173139,0.782334,0.471081,0.05,300,300,300,300,300,300,124,128,136,61,65,73,27,31,57,0
dual_l0,0,881,0,0.512689,0.127421,0.0788076,0.910898,2151.79,0.136042,7.17218,0.105643,0.0132406,0.0213677,0.012146,0.0143437,0.291716,0.177158,0.547251,0.108254,1,1,0,77,1,0.162075,0.319218,0.616885,0.107449,1,2141.76,0.00280244,0.173139,0.782334,0.471081,0.05,300,300,300,300,300,300,73,77,262,52,56,76,42,46,54,0
dual_l0,0,882,7,0.237535,0.186124,0.414372,0.939362,1577.09,0.298791,5.25597,0.202386,0.0368815,0.0495228,0.00930627,0.0145788,0.48018,0.0370425,0.298682,0.197399,1,1,6,230,1,0.181228,0.204364,0.43677,0.350695,1,1567.58,0.00280244,0.173139,0.782334,0.471081,0.05,300,300,300,300,300,300,144,230,300,69,73,81,42,46,54,0
dual_l0,0,883,6,0.429178,0.0894109,0.428806,0.911696,1022.63,0.0555633,3.40858,0.0517401,0.0246479,0.0157954,0.0114565,0.0266039,0.384676,0.123246,0.575005,0.196903,1,1,0,267,1,0.206811,0.189998,0.441921,0.130876,1,1018.48,0.00280244,0.173139,0.782334,0.471081,0.05,300,300,300,300,300,300,82,267,300,69,73,81,30,48,56,0
dual_l0,0,884,3,0.435311,0.154857,-0.131559,1.05061,2439.29,0.216858,8.13024,0.150194,0.0889005,0.0376029,0.00762638,0.0225461,0.166763,0.067332,0.44581,0.271756,1,1,21,110,1,0.48358,0.21691,0.432844,0.398196,1,2415.18,0.00280244,0.173139,0.782334,0.471081,0.05,300,300,300,300,300,300,106,110,300,55,59,67,53,57,65,0
dual_l0,0,885,0,0.472594,0.110806,0.38847,0.980243,1170.56,0.276087,3.90095,0.186769,0.0232863,0.0274376,0.0119879,0.0154948,0.440441,0.106186,0.632523,0.129859,1,1,18,300,0,0.186769,0.440441,0.632523,0.129859,1,1170.28,0.00280244,0.173139,0.782334,0.471081,0.05,300,300,300,300,300,300,137,300,300,72,76,84,32,50,58,0
dual_l0,0,886,7,0.395142,0.174312,0.062084,0.969971,2033.53,0.29692,6.77743,0.197874,0.0286659,0.0124661,0.00911671,0.0254392,0.307338,0.174443,0.431119,0.146672,1,1,23,71,1,0.107678,0.115106,0.526903,0.135533,1,2017.47,0.00280244,0.173139,0.782334,0.471081,0.05,300,300,300,300,300,300,59,71,300,50,59,67,43,47,55,0
dual_l0,0,887,5,0.1779,0.118275,-0.397964,1.01332,1210.58,1.84953,4.02912,0.444919,0.218179,0.0304528,0.0157331,0.0127217,0.37594,0.245951,0.297023,0.555117,1,1,23,78,1,0.432592,0.421989,0.315069,0.546424,1,1151.89,0.00280244,0.173139,0.782334,0.471081,0.05,300,300,300,300,300,300,62,78,300,48,52,60,41,45,53,0
dual_l0,0,888,5,0.393746,0.174351,-0.375597,1.05824,992.665,1.43781,3.30409,0.372289,0.16885,0.0134659,0.00864803,0.0156453,0.349063,0.180441,0.394985,0.571613,1,1,15,80,1,0.41535,0.149972,0.414216,0.41968,1,936.636,0.00280244,0.173139,0.782334,0.471081,0.05,300,300,300,300,300,300,55,80,88,49,53,61,43,47,55,0
dual_l0,0,889,6,0.458996,0.19599,-0.438294,0.905268,1635.79,4.06537,5.43908,0.627029,0.352417,0.0334,0.0171729,0.0360581,0.715604,0.228853,0.591828,0.562998,1,1,9,80,1,0.477485,0.585273,0.228669,0.46849,1,1548.73,0.00280244,0.173139,0.782334,0.471081,0.05,300,300,300,300,300,300,67,80,291,46,50,69,37,41,49,0
dual_l0,0,890,1,0.330218,0.146939,0.324878,0.966639,1894.88,0.0382726,6.31615,0.0658951,0.0279275,0.0127398,0.0117539,0.0340766,0.571862,0.0851844,0.301123,0.09293,0,1.36863e-23,16,150,1,0.103805,0.470836,0.505845,0.224749,1,1884,0.00280244,0.173139,0.782334,0.471081,0.05,300,300,300,300,300,300,88,150,300,67,71,79,44,48,56,0
dual_l0,0,891,0,0.286179,0.102223,0.288146,1.04632,1528.27,0.0103556,5.09419,0.0469731,0.0296962,0.0400215,0.00601433,0.0233447,0.358255,0.132353,0.216027,0.254703,1,1,17,118,1,0.118282,0.197344,0.435576,0.221092,1,1516,0.00280244,0.173139,0.782334,0.471081,0.05,300,300,300,300,300,300,99,118,126,54,63,71,41,45,53,0
dual_l0,0,892,2,0.387395,0.0163875,-0.116647,1.07003,2197.9,2.0119,7.31962,0.449192,0.174247,0.0111814,0.0125186,0.0220788,0.196136,0.255199,0.155546,0.246409,1,1,0,67,1,0.26195,0.24142,0.252797,0.107299,1,2155.83,0.00280244,0.173139,0.782334,0.471081,0.05,300,300,300,300,300,300,63,67,84,55,59,67,49,53,61,0
dual_l0,0,893,0,0.342241,0.0828557,-0.150676,1.05757,1440.21,1.10339,4.79703,0.352313,0.142351,0.0174226,0.016549,0.0346385,0.293265,0.142159,0.35613,0.183037,1,1,21,200,1,0.435684,0.148334,0.183459,0.27346,1,1426.1,0.00280244,0.173139,0.782334,0.471081,0.05,300,300,300,300,300,300,129,200,300,49,53,86,41,45,53,0
dual_l0,0,894,2,0.298734,0.115594,-0.0317477,1.09786,993.711,0.640888,3.31023,0.267297,0.0347966,0.0146644,0.0103008,0.048331,0.138094,0.0696156,0.346719,0.130733,0,1.4013e-45,0,97,1,0.0988351,0.30784,0.211948,0.115661,0,978.82,0.00280244,0.173139,0.782334,0.471081,0.05,300,300,300,300,300,300,72,97,295,48,52,60,36,50,58,0
dual_l0,0,895,3,0.260466,0.164719,-0.0892708,0.924657,1988.29,0.933681,6.62453,0.316657,0.0421456,0.0148424,0.0120278,0.0115329,0.287881,0.144354,0.423467,0.272521,0,1.78132e-08,18,123,1,0.288103,0.103648,0.322631,0.301905,0,1975.84,0.00280244,0.173139,0.782334,0.471081,0.05,300,300,300,300,300,300,82,123,300,77,81,89,38,42,50,0
dual_l0,0,896,2,0.473934,0.138293,0.149011,0.952225,1330.98,0.28212,4.43565,0.143077,0.0126255,0.0405773,0.0186655,0.0187728,0.224726,0.122476,0.556991,0.120304,0,0,-1,145,1,0.0962148,0.305504,0.505529,0.136547,0,1325.05,0.00280244,0.173139,0.782334,0.471081,0.05,300,300,300,300,300,300,112,145,300,57,70,108,47,51,59,0
dual_l0,0,897,2,0.488462,0.0780461,-0.47111,1.08535,1295.91,2.98039,4.30976,0.541143,0.309839,0.0332828,0.00570823,0.0282815,0.616488,0.328044,0.634365,0.604259,1,1,0,148,1,0.388587,0.536194,0.518986,0.523942,1,1206.09,0.00280244,0.173139,0.782334,0.471081,0.05,300,300,300,300,300,300,144,148,156,44,48,56,32,36,44,0
dual_l0,0,898,3,0.550929,0.0522845,0.105232,1.07207,1952.72,0.216521,6.50834,0.150651,0.035368,0.0240893,0.0121293,0.036403,0.317997,0.157468,0.651347,0.127899,1,1,16,212,1,0.0602095,0.238565,0.61899,0.0851144,1,1949.57,0.00280244,0.173139,0.782334,0.471081,0.05,300,300,300,300,300,300,149,212,300,69,73,81,38,42,67,0
dual_l0,0,899,2,0.526486,0.118628,-0.182159,1.07185,1451.98,1.83003,4.83384,0.436808,0.12549,0.0262572,0.00979164,0.041205,0.282653,0.0538375,0.423937,0.332004,1,1,1,59,1,0.176086,0.263169,0.379436,0.234673,1,1404.54,0.00280244,0.173139,0.782334,0.471081,0.05,300,300,300,300,300,300,55,59,141,47,51,59,32,36,44,0
dual_l0,0,900,1,0.42967,0.131506,0.221629,0.939852,1391,0.0121172,4.63664,0.0127347,0.0127347,0.0386217,0.00989297,0.0327487,0.358405,0.125075,0.453251,0.0492033,0,2.02958e-12,0,144,1,0.240882,0.226053,0.34502,0.182395,1,1384.23,0.00280244,0.173139,0.782334,0.471081,0.05,300,300,300,300,300,300,67,144,152,52,56,64,41,45,53,0
dual_l0,0,901,0,0.389156,0.0632309,0.0228539,0.931275,1532.19,1.31576,5.10291,0.365091,0.0262195,0.00754374,0.0124112,0.0191386,0.255835,0.156604,0.578447,0.0944546,1,1,19,300,0,0.365091,0.255835,0.578447,0.0944546,1,1530.87,0.00280244,0.173139,0.782334,0.471081,0.05,300,300,300,300,300,300,103,300,300,42,58,66,36,40,48,0
dual_l0,0,902,6,0.486119,0.0346932,-0.133332,0.921062,1841.19,0.140551,6.13683,0.118087,0.118087,0.0273483,0.015003,0.0545635,0.34429,0.243217,0.533634,0.317883,1,1,28,83,1,0.352495,0.321742,0.612547,0.288078,1,1821.12,0.00280244,0.173139,0.782334,0.471081,0.05,300,300,300,300,300,300,79,83,91,53,57,65,32,36,58,0
dual_l0,0,903,4,0.437337,0.160741,0.142908,0.996273,1781.56,0.237684,5.93774,0.150964,0.0154068,0.021907,0.0043807,0.0395478,0.224622,0.155759,0.45156,0.0290666,1,1,21,240,1,0.161587,0.130824,0.50908,0.0672098,1,1778.7,0.00280244,0.173139,0.782334,0.471081,0.05,300,300,300,300,300,300,102,240,300,51,55,63,44,48,56,0
dual_l0,0,904,2,0.305774,0.0786361,-0.00372148,0.975224,1231.4,0.399294,4.10334,0.187244,0.0353395,0.023476,0.0111807,0.0461968,0.217034,0.148535,0.190646,0.121381,0,7.46993e-08,0,103,1,0.121965,0.237014,0.263686,0.07258,1,1216.7,0.00280244,0.173139,0.782334,0.471081,0.05,300,300,300,300,300,300,94,103,111,51,55,63,47,51,59,0
dual_l0,0,905,2,0.252817,0.136456,-0.46799,0.946518,1300.77,2.94304,4.3261,0.566851,0.398021,0.0321592,0.0109008,0.028807,0.49316,0.240511,0.376891,0.677222,1,1,3,61,1,0.723883,0.759015,0.377935,0.553192,1,1214.72,0.00280244,0.173139,0.782334,0.471081,0.05,300,300,300,300,300,300,57,61,205,52,56,64,36,40,48,0
dual_l0,0,906,3,0.47757,0.0387091,-0.331918,0.926939,1982.9,6.18522,6.58904,0.810234,0.500652,0.0228501,0.00605701,0.0276395,0.21615,0.413892,0.583333,0.0243203,1,1,23,114,1,0.521033,0.708659,0.490123,0.522595,1,1869.63,0.00280244,0.173139,0.782334,0.471081,0.05,300,300,300,300,300,300,110,114,300,59,83,91,51,55,63,0
dual_l0,0,907,6,0.293667,0.117927,-0.197348,1.05935,1981.24,1.78292,6.59819,0.436062,0.115487,0.0298194,0.0128907,0.0288258,0.108989,0.179638,0.178995,0.383548,1,1,24,77,1,0.34167,0.315383,0.340107,0.291166,1,1956.47,0.00280244,0.173139,0.782334,0.471081,0.05,300,300,300,300,300,300,73,77,300,53,57,65,47,51,59,0
dual_l0,0,908,5,0.409037,0.137753,0.0741175,1.01078,1243.37,0.757015,4.14205,0.247184,0.0504015,0.0131131,0.0128396,0.0309223,0.226444,0.387335,0.440073,0.113304,1,1,6,72,1,0.355513,0.265964,0.440609,0.0598485,1,1229.85,0.00280244,0.173139,0.782334,0.471081,0.05,300,300,300,300,300,300,68,72,300,49,58,66,44,48,56,0
dual_l0,0,909,5,0.4611,0.140984,0.167767,1.06019,1428.52,0.353867,4.76056,0.16482,0.0238321,0.0299452,0.0164409,0.0592616,0.232555,0.137342,0.329794,0.0589025,1,1,20,97,1,0.135617,0.380592,0.36925,0.0738415,1,1415.83,0.00280244,0.173139,0.782334,0.471081,0.05,300,300,300,300,300,300,80,97,300,46,74,82,44,48,56,0
dual_l0,0,910,7,0.2839,0.0810667,0.19753,0.991306,1258.46,0.42553,4.19343,0.205939,0.0200376,0.0253309,0.00899068,0.0340741,0.363108,0.182926,0.2908,0.0536143,1,1,1,107,1,0.213156,0.201741,0.132278,0.205365,1,1248.02,0.00280244,0.173139,0.782334,0.471081,0.05,300,300,300,300,300,300,95,107,300,54,58,94,43,47,55,0
dual_l0,0,911,3,0.538422,0.190137,-0.361791,0.905917,1077.78,2.55479,3.58407,0.507446,0.240329,0.0209193,0.0127038,0.0468845,0.735559,0.21627,0.613877,0.420085,1,1,2,88,1,0.391804,0.645044,0.433839,0.447919,1,1021.22,0.00280244,0.173139,0.782334,0.471081,0.05,300,300,300,300,300,300,57,88,180,49,53,61,37,41,49,0
dual_l0,0,912,5,0.411015,0.0812117,0.057021,1.07936,1797.91,0.493519,5.99139,0.233352,0.00925266,0.026656,0.0163884,0.0199241,0.330766,0.114997,0.207977,0.208701,1,1,14,209,1,0.133772,0.184773,0.482166,0.131222,1,1794.06,0.00280244,0.173139,0.782334,0.471081,0.05,300,300,300,300,300,300,152,209,300,43,77,85,39,43,51,0
dual_l0,0,913,5,0.325155,0.0634736,-0.446953,0.940237,1310.07,4.25452,4.3527,0.641752,0.212053,0.018358,0.00383012,0.0289322,0.334353,0.371476,0.35016,0.565068,1,1,0,225,1,0.685634,0.664234,0.357649,0.538406,1,1267.67,0.00280244,0.173139,0.782334,0.471081,0.05,300,300,300,300,300,300,79,225,300,53,57,65,35,39,47,0
dual_l0,0,914,0,0.495188,0.06848,-0.253764,0.927425,2037.43,0.950427,6.78827,0.315395,0.190194,0.025315,0.0154197,0.068151,0.336048,0.0625947,0.378636,0.31096,1,1,4,100,1,0.485437,0.192137,0.445648,0.45498,1,1976.43,0.00280244,0.173139,0.782334,0.471081,0.05,300,300,300,300,300,300,86,100,108,50,54,62,42,46,54,0
dual_l0,0,915,0,0.326854,0.0301247,-0.206124,1.01499,1130.77,0.785922,3.76663,0.276109,0.264044,0.0463065,0.0174524,0.0436229,0.290973,0.323567,0.364519,0.453934,1,1,8,153,1,0.439285,0.408369,0.477167,0.390301,1,1101.68,0.00280244,0.173139,0.782334,0.471081,0.05,300,300,300,300,300,300,72,153,161,44,56,64,41,45,53,0
dual_l0,0,916,1,0.27154,0.160873,-0.141915,1.03499,1156.94,0.681879,3.8542,0.256054,0.0661888,0.0145754,0.0211426,0.0407854,0.219468,0.0652461,0.200601,0.255534,1,0.999565,1,86,1,0.451629,0.485985,0.3002,0.275881,1,1136.8,0.00280244,0.173139,0.782334,0.471081,0.05,300,300,300,300,300,300,67,86,216,52,56,75,41,45,53,0
dual_l0,0,917,2,0.189071,0.0471068,0.184111,1.07168,1169.28,0.306067,3.89657,0.165032,0.0229659,0.0248264,0.0202582,0.0504007,0.113242,0.215795,0.240081,0.355257,1,1,0,113,1,0.129071,0.228446,0.362812,0.254322,1,1155.62,0.00280244,0.173139,0.782334,0.471081,0.05,300,300,300,300,300,300,109,113,300,75,79,87,49,58,66,0
dual_l0,0,918,1,0.528056,0.18989,-0.295462,1.01004,1126.29,2.1034,3.74728,0.446594,0.114259,0.0340506,0.0141532,0.0433837,0.638115,0.223111,0.460992,0.497392,0,1.87087e-33,0,64,1,0.304296,0.27622,0.638318,0.48952,1,1068.09,0.00280244,0.173139,0.782334,0.471081,0.05,300,300,300,300,300,300,60,64,72,46,50,58,34,38,46,0
dual_l0,0,919,2,0.45879,0.145475,-0.272206,1.06906,1013.03,1.34358,3.37228,0.386313,0.163756,0.05415,0.0149369,0.0300259,0.0942659,0.219366,0.510178,0.535848,1,1,0,54,1,0.246818,0.317287,0.560165,0.364448,1,977.656,0.00280244,0.173139,0.782334,0.471081,0.05,300,300,300,300,300,300,50,54,300,45,49,57,36,40,48,0
dual_l0,0,920,1,0.449261,0.186702,0.252651,1.00048,1245.14,0.537147,4.14869,0.233373,0.0295696,0.00575314,0.00993498,0.0459402,0.238058,0.120095,0.357318,0.107944,0,1.849e-18,1,164,1,0.264293,0.3383,0.35975,0.128811,1,1231.54,0.00280244,0.173139,0.782334,0.471081,0.05,300,300,300,300,300,300,92,164,300,50,54,62,37,41,49,0
dual_l0,0,921,4,0.33062,0.132488,-0.451858,1.09745,1145.95,2.5905,3.81118,0.506982,0.295644,0.0164809,0.00303338,0.0334269,0.290846,0.0783442,0.46061,0.637456,1,1,30,67,1,0.315698,0.386111,0.433027,0.550388,1,1084.92,0.00280244,0.173139,0.782334,0.471081,0.05,300,300,300,300,300,300,56,67,115,52,56,64,40,53,61,0
dual_l0,0,922,5,0.298029,0.00652192,0.419166,0.952579,1596.29,1.88258,5.31469,0.419525,0.0156299,0.0385746,0.0129421,0.0574287,0.213398,0.397296,0.454257,0.530204,1,1,0,114,1,0.112004,0.5886,0.462714,0.733544,1,1567.66,0.00280244,0.173139,0.782334,0.471081,0.05,300,300,300,300,300,300,110,114,300,51,55,115,36,47,55,0
dual_l0,0,923,3,0.329494,0.180931,-0.29246,1.06889,987.728,1.32723,3.288,0.350211,0.22007,0.00821721,0.0122116,0.0293749,0.164525,0.117398,0.342272,0.436835,1,1,16,83,1,0.423886,0.317461,0.451539,0.458782,1,960.14,0.00280244,0.173139,0.782334,0.471081,0.05,300,300,300,300,300,300,79,83,188,49,53,85,41,45,53,0
dual_l0,0,924,5,0.417699,0.103737,0.318025,1.02685,1766.31,0.0650883,5.88747,0.056432,0.0132755,0.031666,0.00819689,0.0137451,0.395555,0.136322,0.398919,0.233234,1,1,0,141,1,0.142394,0.340504,0.411969,0.174149,1,1752.53,0.00280244,0.173139,0.782334,0.471081,0.05,300,300,300,300,300,300,137,141,300,77,81,89,41,45,74,0
dual_l0,0,925,2,0.355451,0.179328,0.332039,1.04378,1715.63,0.128834,5.71834,0.144863,0.0191126,0.0219684,0.00360576,0.0324455,0.36948,0.116398,0.566406,0.0513351,1,1,0,72,1,0.0850072,0.682224,0.568979,0.18991,1,1693.93,0.00280244,0.173139,0.782334,0.471081,0.05,300,300,300,300,300,300,68,72,300,54,70,78,49,53,61,0
dual_l0,0,926,6,0.401045,0.00520217,0.149834,1.03029,1898.88,0.420555,6.32819,0.204754,0.0547661,0.0229602,0.010845,0.0168566,0.222477,0.0797404,0.540465,0.138397,1,1,27,300,0,0.204754,0.222477,0.540465,0.138397,1,1898.46,0.00280244,0.173139,0.782334,0.471081,0.05,300,300,300,300,300,300,297,300,300,79,153,203,48,52,60,0
dual_l0,0,927,6,0.428397,0.00519428,-0.0162345,0.98532,1073.31,0.825055,3.57495,0.294874,0.14438,0.021044,0.00862617,0.0202789,0.073043,0.171948,0.347848,0.200124,1,1,1,300,0,0.294874,0.073043,0.347848,0.200124,1,1072.48,0.00280244,0.173139,0.782334,0.471081,0.05,300,300,300,300,300,300,71,300,300,50,54,62,34,47,55,0
dual_l0,0,928,0,0.453995,0.0784616,-0.34526,0.9196,938.726,2.17403,3.12184,0.45201,0.347857,0.0261274,0.0226071,0.0256705,0.458953,0.351322,0.372416,0.39073,1,1,7,156,1,0.606357,0.459024,0.386977,0.482876,1,889.255,0.00280244,0.173139,0.782334,0.471081,0.05,300,300,300,300,300,300,66,156,300,39,43,51,25,37,45,0
dual_l0,0,929,5,0.230124,0.191045,-0.398077,1.05144,1726.26,3.13577,5.74375,0.580251,0.193614,0.0203718,0.00958924,0.023823,0.415722,0.268118,0.290272,0.443989,1,1,0,158,1,0.240152,0.309489,0.246799,0.537372,1,1692.93,0.00280244,0.173139,0.782334,0.471081,0.05,300,300,300,300,300,300,66,158,300,52,61,69,38,49,57,0
dual_l0,0,930,6,0.546965,0.051863,-0.137372,0.950976,1325.56,2.0269,4.41178,0.44925,0.364638,0.0282589,0.0173421,0.0478046,0.138607,0.249712,0.426777,0.186482,1,1,15,283,1,0.433057,0.42076,0.658791,0.344514,1,1320.27,0.00280244,0.173139,0.782334,0.471081,0.05,300,300,300,300,300,300,119,283,300,52,56,74,41,45,53,0
dual_l0,0,931,7,0.246107,0.188229,0.128471,1.06649,981.712,0.029169,3.27228,0.0488074,0.0147056,0.0208811,0.00836577,0.0394065,0.185223,0.108055,0.423482,0.0795326,1,1,13,152,1,0.115546,0.396016,0.204212,0.0909574,1,972.891,0.00280244,0.173139,0.782334,0.471081,0.05,300,300,300,300,300,300,87,152,300,43,60,68,41,45,53,0
dual_l0,0,932,3,0.555658,0.0599346,-0.471951,0.995301,2743.93,2.85399,9.13691,0.533514,0.533514,0.0091437,0.00735623,0.0125483,0.262845,0.498806,0.70843,0.675902,0,0,23,286,1,0.737498,0.3863,0.617469,0.702832,0,2736.24,0.00280244,0.173139,0.782334,0.471081,0.05,300,300,300,300,300,300,239,286,300,72,128,136,45,49,57,0
dual_l0,0,933,3,0.30798,0.192181,0.299282,1.0898,917.314,0.34325,3.05657,0.183881,0.00947239,0.0260763,0.0137483,0.0243567,0.368943,0.078692,0.211249,0.199503,1,1,1,125,1,0.164083,0.317033,0.27347,0.114592,1,904.965,0.00280244,0.173139,0.782334,0.471081,0.05,300,300,300,300,300,300,66,125,300,44,61,69,40,44,52,0
dual_l0,0,934,3,0.430499,0.0561079,-0.0435387,0.927366,1474.56,1.0401,4.91173,0.307619,0.141902,0.00845921,0.00498641,0.0290997,0.34932,0.251931,0.388665,0.273019,1,1,12,95,1,0.160301,0.306821,0.359893,0.281181,1,1435.62,0.00280244,0.173139,0.782334,0.471081,0.05,300,300,300,300,300,300,91,95,103,45,49,57,30,44,52,0
dual_l0,0,935,4,0.220285,0.0622084,0.0673459,1.03052,1133,0.118329,3.77628,0.120874,0.0279223,0.0245987,0.00799913,0.0245698,0.34155,0.193384,0.304108,0.327173,1,1,35,165,1,0.192747,0.296906,0.37956,0.171749,1,1124.82,0.00280244,0.173139,0.782334,0.471081,0.05,300,300,300,300,300,300,150,165,279,71,75,83,46,50,58,0
dual_l0,0,936,0,0.548455,0.112768,0.112967,1.01674,1381.3,0.552252,4.60249,0.244785,0.0355665,0.0294298,0.0090186,0.03326,0.303252,0.236924,0.660136,0.199261,1,1,18,210,1,0.0836825,0.148121,0.569356,0.0183817,1,1376.02,0.00280244,0.173139,0.782334,0.471081,0.05,300,300,300,300,300,300,206,210,218,86,107,115,50,54,62,0
dual_l0,0,937,6,0.365565,0.167524,0.270203,1.09288,1251.53,0.118525,4.17136,0.131581,0.0317253,0.00376199,0.017218,0.0486666,0.289926,0.101432,0.235798,0.140339,1,1,0,227,1,0.123372,0.196622,0.333797,0.108847,1,1247.16,0.00280244,0.173139,0.782334,0.471081,0.05,300,300,300,300,300,300,73,227,300,65,69,77,38,50,58,0
dual_l0,0,938,1,0.393693,0.0605625,-0.399496,0.946352,2010.35,1.63124,6.69573,0.396973,0.231541,0.0337048,0.010419,0.0468978,0.282436,0.111142,0.556691,0.522211,0,1.37912e-26,0,53,1,0.628158,0.61684,0.478089,0.744155,1,1921.96,0.00280244,0.173139,0.782334,0.471081,0.05,300,300,300,300,300,300,49,53,105,47,51,59,42,46,54,0
dual_l0,0,939,5,0.417145,0.151703,0.13317,0.984453,2208.5,0.0144298,7.36163,0.0518746,0.0458228,0.0212473,0.00586318,0.0260046,0.268511,0.131178,0.491509,0.0326968,1,1,0,163,1,0.188471,0.218574,0.526942,0.0223548,1,2200.85,0.00280244,0.173139,0.782334,0.471081,0.05,300,300,300,300,300,300,73,163,202,70,74,82,44,48,56,0
dual_l0,0,940,2,0.398015,0.0722346,0.190798,0.9687,929.897,0.116073,3.09927,0.122822,0.0218754,0.0204021,0.0124244,0.0255463,0.411262,0.0799816,0.393661,0.0475244,1,1,1,74,1,0.160882,0.177916,0.457837,0.180248,1,915.588,0.00280244,0.173139,0.782334,0.471081,0.05,300,300,300,300,300,300,70,74,205,48,60,92,33,37,45,0
dual_l0,0,941,7,0.306126,0.13957,0.335013,0.945311,2097.34,0.0714238,6.99091,0.118786,0.00975336,0.0263065,0.0091769,0.0331499,0.228994,0.122051,0.434203,0.14154,1,1,16,138,1,0.124711,0.129495,0.360693,0.105833,1,2085.28,0.00280244,0.173139,0.782334,0.471081,0.05,300,300,300,300,300,300,111,138,300,58,70,78,41,45,53,0
dual_l0,0,942,5,0.201637,0.0945869,-0.239707,1.06051,1472.97,1.48992,4.90493,0.386561,0.310062,0.00673931,0.0102369,0.013075,0.474172,0.263997,0.344023,0.466011,1,1,0,94,1,0.6042,0.207875,0.278076,0.476639,1,1421.32,0.00280244,0.173139,0.782334,0.471081,0.05,300,300,300,300,300,300,76,94,300,52,56,80,36,40,48,0
dual_l0,0,943,3,0.137778,0.125431,-0.488397,0.925543,1419.41,3.0585,4.72119,0.557544,0.462911,0.0335991,0.00707732,0.0198646,0.525013,0.138367,0.22171,0.645484,1,1,1,59,1,0.79461,0.706355,0.248701,0.804223,1,1297.15,0.00280244,0.173139,0.782334,0.471081,0.05,300,300,300,300,300,300,55,59,148,53,57,65,31,35,56,0
dual_l0,0,944,5,0.238608,0.148201,0.142881,1.05262,1449.9,0.712677,4.83064,0.261476,0.0116784,0.0151017,0.00518843,0.0475296,0.188069,0.18084,0.201656,0.117097,1,1,0,119,1,0.202762,0.265148,0.208263,0.0774397,1,1439.69,0.00280244,0.173139,0.782334,0.471081,0.05,300,300,300,300,300,300,55,119,300,53,57,82,49,53,61,0
dual_l0,0,945,3,0.200342,0.0995643,-0.461269,0.990573,1292.08,3.34968,4.29577,0.582684,0.31744,0.0320897,0.00486869,0.0491383,0.34967,0.127302,0.24964,0.65749,1,1,3,54,1,0.613451,0.626921,0.227794,0.648255,1,1212.23,0.00280244,0.173139,0.782334,0.471081,0.05,300,300,300,300,300,300,50,54,300,46,50,58,35,39,47,0
dual_l0,0,946,4,0.550811,0.173459,-0.469357,0.965972,2266.47,4.62423,7.53949,0.69108,0.401998,0.0300725,0.0195097,0.0340162,0.373857,0.311929,0.740394,0.731647,1,1,24,94,1,0.442915,0.356371,0.637814,0.64153,1,2188.43,0.00280244,0.173139,0.782334,0.471081,0.05,300,300,300,300,300,300,78,94,113,48,67,75,38,42,50,0
dual_l0,0,947,2,0.388293,0.0309027,0.419297,1.0083,2060.18,0.23441,6.86648,0.176864,0.02576,0.0168074,0.017948,0.0319114,0.40587,0.0951411,0.410163,0.152809,1,1,0,300,0,0.176864,0.40587,0.410163,0.152809,1,2059.94,0.00280244,0.173139,0.782334,0.471081,0.05,300,300,300,300,300,300,297,300,300,58,62,115,49,53,61,0
dual_l0,0,948,0,0.339606,0.149452,-0.100043,0.908322,1265.75,0.231748,4.21839,0.151419,0.11699,0.0132374,0.00656848,0.0318129,0.238068,0.145338,0.365518,0.207076,1,1,17,89,1,0.259182,0.033208,0.434945,0.394969,1,1251.76,0.00280244,0.173139,0.782334,0.471081,0.05,300,300,300,300,300,300,85,89,117,56,78,86,35,39,47,0
dual_l0,0,949,1,0.513064,0.161201,-0.154874,1.06008,1848.03,0.57236,6.15819,0.244459,0.0826083,0.0383482,0.00369754,0.0641851,0.307528,0.183741,0.447518,0.304698,0,0,17,144,1,0.45688,0.0834123,0.418468,0.308359,0,1828.89,0.00280244,0.173139,0.782334,0.471081,0.05,300,300,300,300,300,300,95,144,300,54,75,83,43,47,55,0
dual_l0,0,950,4,0.299281,0.0818911,0.0889254,1.06549,2292.12,0.344856,7.63924,0.181141,0.0423801,0.0152506,0.0144941,0.0383547,0.378259,0.142442,0.201252,0.115612,1,1,16,151,1,0.200091,0.253468,0.346007,0.0782341,1,2282.41,0.00280244,0.173139,0.782334,0.471081,0.05,300,300,300,300,300,300,102,151,280,59,63,109,42,51,59,0
dual_l0,0,951,5,0.415286,0.0317661,-0.320893,0.916474,2191.69,4.99098,7.28899,0.698855,0.281276,0.0283872,0.00876183,0.048809,0.408818,0.399799,0.175099,0.369876,1,1,0,66,1,0.474378,0.217337,0.319291,0.521173,1,2064.96,0.00280244,0.173139,0.782334,0.471081,0.05,300,300,300,300,300,300,62,66,300,55,59,67,45,49,57,0
dual_l0,0,952,1,0.391942,0.191888,-0.432777,0.978356,1727.48,2.22071,5.75087,0.4665,0.220735,0.0189563,0.00697996,0.0289015,0.40147,0.284415,0.600048,0.538711,0,1.09802e-16,3,73,1,0.57525,0.690592,0.393679,0.515733,1,1659.44,0.00280244,0.173139,0.782334,0.471081,0.05,300,300,300,300,300,300,56,73,300,51,55,63,48,52,60,0
dual_l0,0,953,4,0.446551,0.105148,0.352434,1.01376,1195.96,0.152511,3.98604,0.14277,0.00659009,0.0232046,0.0173088,0.0127504,0.459403,0.0737574,0.578643,0.158153,1,1,16,134,1,0.173168,0.183522,0.472614,0.187527,1,1177.46,0.00280244,0.173139,0.782334,0.471081,0.05,300,300,300,300,300,300,115,134,300,55,59,113,45,49,57,0
dual_l0,0,954,6,0.406562,0.174972,-0.0359274,1.01001,1825.23,0.0203363,6.08403,0.0574426,0.025535,0.0160167,0.00823166,0.0434442,0.136733,0.0897056,0.302796,0.260588,1,1,14,73,1,0.334695,0.279166,0.379055,0.233826,1,1813.9,0.00280244,0.173139,0.782334,0.471081,0.05,300,300,300,300,300,300,69,73,288,57,61,69,47,51,59,0
dual_l0,0,955,0,0.133317,0.00792012,0.381309,1.03681,1728.75,0.0576772,5.76232,0.0841988,0.0199708,0.0373008,0.0117799,0.0163124,0.36252,0.131965,0.339025,0.227801,1,1,1,256,1,0.161685,0.544613,0.279845,0.263339,1,1722.81,0.00280244,0.173139,0.782334,0.471081,0.05,300,300,300,300,300,300,196,256,300,50,62,70,40,44,52,0
dual_l0,0,956,2,0.477366,0.024158,-0.177784,1.06041,1408.95,2.19183,4.68919,0.471032,0.264181,0.0274472,0.0137157,0.0343449,0.220193,0.186073,0.404848,0.145388,1,1,0,300,0,0.471032,0.220193,0.404848,0.145388,1,1406.76,0.00280244,0.173139,0.782334,0.471081,0.05,300,300,300,300,300,300,242,300,300,79,94,122,49,53,74,0
dual_l0,0,957,3,0.422204,0.0699305,-0.48639,1.02005,1201.75,1.78886,3.99986,0.410647,0.29773,0.058484,0.0158685,0.015499,0.497405,0.293187,0.436213,0.608833,1,1,12,51,1,0.446338,0.60647,0.631198,0.469775,1,1112.75,0.00280244,0.173139,0.782334,0.471081,0.05,300,300,300,300,300,300,47,51,74,43,47,55,30,34,42,0
dual_l0,0,958,2,0.581061,0.174613,-0.0980175,0.920401,1179.89,0.707003,3.93061,0.25892,0.0737634,0.0473001,0.00333752,0.0259354,0.301517,0.413273,0.724277,0.151908,1,1,8,74,1,0.240359,0.237,0.73952,0.239785,1,1164.13,0.00280244,0.173139,0.782334,0.471081,0.05,300,300,300,300,300,300,70,74,82,55,59,67,42,46,54,0
dual_l0,0,959,3,0.549818,0.074159,-0.0872557,0.980076,1093.11,0.540503,3.64189,0.227195,0.0451315,0.0235197,0.0179371,0.0190469,0.156002,0.175297,0.535891,0.238238,1,0.999992,0,78,1,0.15754,0.197891,0.556246,0.312725,1,1074.37,0.00280244,0.173139,0.782334,0.471081,0.05,300,300,300,300,300,300,74,78,294,47,59,81,41,45,53,0
dual_l0,0,960,7,0.568123,0.162784,-0.122495,0.936296,864.506,1.03183,2.87825,0.323552,0.0759719,0.0206053,0.00870147,0.0305468,0.440778,0.344003,0.563161,0.348131,1,1,14,97,1,0.107931,0.0976103,0.715837,0.27483,1,839.686,0.00280244,0.173139,0.782334,0.471081,0.05,300,300,300,300,300,300,85,97,105,45,49,57,38,42,50,0
dual_l0,0,961,7,0.289106,0.0955166,-0.417758,1.00301,958.026,1.74712,3.1876,0.412922,0.266474,0.0212254,0.00868914,0.0370199,0.399324,0.128,0.190352,0.525981,1,1,0,75,1,0.772408,0.725132,0.530359,0.336954,1,900.403,0.00280244,0.173139,0.782334,0.471081,0.05,300,300,300,300,300,300,53,75,187,48,52,60,28,42,50,0
dual_l0,0,962,5,0.285514,0.0764678,-0.0852245,1.05344,1740.39,0.299166,5.8003,0.155302,0.102629,0.027776,0.0144116,0.0370299,0.302831,0.0517062,0.109848,0.230685,1,1,0,300,0,0.155302,0.302831,0.109848,0.230685,1,1740.09,0.00280244,0.173139,0.782334,0.471081,0.05,300,300,300,300,300,300,114,300,300,48,67,75,44,48,56,0
dual_l0,0,963,5,0.372462,0.075279,0.462042,0.9806,1587.16,0.411311,5.28918,0.202213,0.0254661,0.0219398,0.00914428,0.0285093,0.525927,0.135162,0.416795,0.1845,1,1,0,300,0,0.202213,0.525927,0.416795,0.1845,1,1586.75,0.00280244,0.173139,0.782334,0.471081,0.05,300,300,300,300,300,300,85,300,300,57,68,76,37,49,57,0
dual_l0,0,964,0,0.448297,0.111899,0.397298,0.991562,2256.25,0.261951,7.51995,0.130841,0.017304,0.0400354,0.0101753,0.0218925,0.324092,0.0888301,0.665803,0.261111,1,1,22,300,0,0.130841,0.324092,0.665803,0.261111,1,2255.99,0.00280244,0.173139,0.782334,0.471081,0.05,300,300,300,300,300,300,121,300,300,84,88,96,51,55,79,0
dual_l0,0,965,6,0.535248,0.183842,0.418241,1.0722,1828.52,0.304319,6.09405,0.153785,0.0265555,0.0180124,0.0140591,0.0433879,0.2384,0.103841,0.565622,0.232958,1,1,13,173,1,0.0695698,0.660819,0.712913,0.399188,1,1812,0.00280244,0.173139,0.782334,0.471081,0.05,300,300,300,300,300,300,169,173,300,73,77,85,39,43,51,0
dual_l0,0,966,5,0.483548,0.164497,-0.159077,1.00197,1322.54,0.919011,4.40542,0.297637,0.0831596,0.0204718,0.0081942,0.0436784,0.289755,0.311651,0.490977,0.514361,1,1,0,110,1,0.39514,0.407881,0.60362,0.309465,1,1299.94,0.00280244,0.173139,0.782334,0.471081,0.05,300,300,300,300,300,300,82,110,128,57,69,77,31,35,43,0
dual_l0,0,967,7,0.353211,0.0347767,0.494881,0.951616,1708.18,0.143937,5.69345,0.0647533,0.021546,0.0109674,0.015418,0.0181742,0.632212,0.276619,0.232746,0.421605,1,1,19,300,0,0.0647533,0.632212,0.232746,0.421605,1,1708.03,0.00280244,0.173139,0.782334,0.471081,0.05,300,300,300,300,300,300,87,300,300,64,75,83,31,42,50,0
dual_l0,0,968,3,0.316631,0.182166,-0.245785,1.0274,1643.5,0.490235,5.47669,0.208592,0.14769,0.0115257,0.0177051,0.0383256,0.163881,0.126943,0.389039,0.437846,1,1,0,75,1,0.350804,0.421303,0.379658,0.470568,1,1608.59,0.00280244,0.173139,0.782334,0.471081,0.05,300,300,300,300,300,300,71,75,104,57,61,69,45,49,57,0
dual_l0,0,969,7,0.46117,0.151572,-0.202227,1.00376,1428.07,0.896847,4.75725,0.324764,0.0529548,0.0350322,0.0160692,0.0535207,0.218629,0.369993,0.588884,0.0376109,1,1,21,81,1,0.25072,0.147076,0.358069,0.390517,1,1392.34,0.00280244,0.173139,0.782334,0.471081,0.05,300,300,300,300,300,300,77,81,154,57,61,69,40,44,67,0
dual_l0,0,970,4,0.453843,0.14295,-0.375989,0.944002,1120.12,1.32333,3.72932,0.382763,0.270095,0.0242789,0.00976083,0.0356405,0.289262,0.164,0.41111,0.492761,1,1,23,160,1,0.53651,0.570878,0.405284,0.450996,1,1081.7,0.00280244,0.173139,0.782334,0.471081,0.05,300,300,300,300,300,300,84,160,300,46,50,58,29,33,41,0
dual_l0,0,971,0,0.443824,0.144831,0.0243486,0.941473,1063.23,0.51398,3.54237,0.215826,0.0276993,0.0318049,0.0140855,0.0474928,0.10347,0.163996,0.389049,0.15109,1,1,16,96,1,0.404689,0.212678,0.436668,0.219855,1,1047.57,0.00280244,0.173139,0.782334,0.471081,0.05,300,300,300,300,300,300,70,96,134,46,60,68,32,36,44,0
dual_l0,0,972,5,0.262692,0.128604,-0.00146651,0.994444,2178.44,0.101748,7.26113,0.0878236,0.0323926,0.00965671,0.00567447,0.0217239,0.275117,0.173198,0.301032,0.157325,1,1,6,70,1,0.323288,0.13958,0.260053,0.0358139,1,2163.36,0.00280244,0.173139,0.782334,0.471081,0.05,300,300,300,300,300,300,66,70,300,62,66,74,57,61,69,0
dual_l0,0,973,2,0.503366,0.00959079,0.368346,0.976695,1734.61,0.062967,5.78181,0.115914,0.0415673,0.038007,0.0126655,0.0446427,0.560544,0.0782503,0.441966,0.234821,0,1.60666e-05,14,300,0,0.115914,0.560544,0.441966,0.234821,0,1734.54,0.00280244,0.173139,0.782334,0.471081,0.05,300,300,300,300,300,300,155,300,300,56,60,68,48,52,60,0
dual_l0,0,974,6,0.52357,0.197567,-0.00184667,0.932164,990.946,0.62748,3.30106,0.252099,0.039784,0.0112988,0.00981647,0.0399829,0.163532,0.216779,0.472367,0.196229,1,1,18,175,1,0.151173,0.243189,0.50299,0.182087,1,983.603,0.00280244,0.173139,0.782334,0.471081,0.05,300,300,300,300,300,300,58,175,300,49,53,61,29,33,41,0
dual_l0,0,975,3,0.209308,0.143475,0.246815,0.951865,1713.04,0.0923565,5.70982,0.103162,0.0213549,0.0302643,0.00840225,0.0219566,0.228938,0.146523,0.363556,0.07571,1,1,23,81,1,0.130849,0.365694,0.307724,0.0710404,1,1699.6,0.00280244,0.173139,0.782334,0.471081,0.05,300,300,300,300,300,300,77,81,300,63,67,75,47,51,59,0
dual_l0,0,976,2,0.127116,0.0464004,0.306747,0.953122,1023.79,0.104636,3.4123,0.115676,0.0238631,0.0171284,0.00912269,0.036962,0.460153,0.126239,0.249931,0.230743,1,1,15,68,1,0.181193,0.140201,0.127486,0.114422,1,1006.27,0.00280244,0.173139,0.782334,0.471081,0.05,300,300,300,300,300,300,64,68,300,51,65,93,41,45,53,0
dual_l0,0,977,6,0.599302,0.149824,0.0141919,0.917161,1543.73,0.155554,5.14526,0.132633,0.00678994,0.031817,0.00582121,0.0348843,0.248464,0.203969,0.701656,0.241202,1,1,11,108,1,0.251084,0.249642,0.728759,0.165447,1,1527.67,0.00280244,0.173139,0.782334,0.471081,0.05,300,300,300,300,300,300,91,108,300,52,56,64,40,44,52,0
dual_l0,0,978,5,0.352184,0.0939494,0.308688,0.937007,1586.37,0.399506,5.28655,0.200689,0.0202912,0.0156297,0.00793206,0.0466104,0.228695,0.147279,0.57517,0.154486,1,1,0,225,1,0.0408247,0.446002,0.438949,0.245358,1,1578.41,0.00280244,0.173139,0.782334,0.471081,0.05,300,300,300,300,300,300,111,225,300,65,69,77,41,45,53,0
dual_l0,0,979,6,0.204539,0.0597924,0.427939,1.03424,1813.35,0.608511,6.04248,0.22825,0.0165126,0.0381018,0.00393865,0.0375013,0.511815,0.0509408,0.320518,0.111817,1,1,13,300,0,0.22825,0.511815,0.320518,0.111817,1,1812.74,0.00280244,0.173139,0.782334,0.471081,0.05,300,300,300,300,300,300,188,300,300,57,146,179,38,49,57,0
dual_l0,0,980,2,0.600607,0.000802541,0.438534,1.04851,2151.02,1.1496,7.16622,0.313707,0.0254299,0.0228877,0.0120119,0.0401745,0.598437,0.30505,0.657727,0.164154,0,0,19,300,0,0.313707,0.598437,0.657727,0.164154,0,2149.87,0.00280244,0.173139,0.782334,0.471081,0.05,300,300,300,300,300,300,300,300,300,78,89,97,42,51,59,0
dual_l0,0,981,7,0.56176,0.116733,-0.425109,0.935759,1426.78,1.2351,4.7518,0.35456,0.35456,0.0278992,0.0112431,0.034307,0.502773,0.20313,0.497325,0.598537,1,1,18,90,1,0.656811,0.492176,0.471928,0.534878,1,1331.6,0.00280244,0.173139,0.782334,0.471081,0.05,300,300,300,300,300,300,59,90,224,55,59,79,33,37,45,0
dual_l0,0,982,6,0.334543,0.0443057,-0.215398,1.01237,885.538,0.902656,2.94878,0.290236,0.209966,0.0356713,0.00335941,0.0523122,0.15757,0.319093,0.432316,0.357837,1,1,1,65,1,0.45448,0.227539,0.461578,0.0577196,1,819.947,0.00280244,0.173139,0.782334,0.471081,0.05,300,300,300,300,300,300,48,65,300,45,49,57,39,43,51,0
dual_l0,0,983,6,0.212645,0.129725,0.245309,1.03162,1240.9,0.216109,4.1356,0.152907,0.018445,0.0313229,0.00577745,0.0536132,0.437821,0.100556,0.223874,0.0966884,1,1,30,77,1,0.0699232,0.466855,0.230291,0.117071,1,1226.26,0.00280244,0.173139,0.782334,0.471081,0.05,300,300,300,300,300,300,60,77,300,47,51,59,39,43,51,0
dual_l0,0,984,2,0.422563,0.00544984,-0.369719,0.970098,2671.49,15.8884,8.85202,1.25597,0.793842,0.0302296,0.0105575,0.00941649,0.798008,0.625033,0.315724,0.253552,1,1,21,300,0,1.25597,0.798008,0.315724,0.253552,1,2655.61,0.00280244,0.173139,0.782334,0.471081,0.05,300,300,300,300,300,300,300,300,300,62,72,202,47,51,59,0
dual_l0,0,985,3,0.390661,0.136952,-0.322372,0.977765,1372.1,2.42602,4.56557,0.484675,0.229214,0.023802,0.00445037,0.0479874,0.323895,0.295499,0.365632,0.473089,1,1,26,63,1,0.550988,0.356128,0.476836,0.44751,1,1312.76,0.00280244,0.173139,0.782334,0.471081,0.05,300,300,300,300,300,300,59,63,236,48,52,60,39,43,51,0
dual_l0,0,986,4,0.485397,0.162228,-0.0110452,1.0792,1103.13,0.549273,3.67528,0.248183,0.0645979,0.00944901,0.0128081,0.0494593,0.168895,0.165761,0.412681,0.150948,1,1,37,79,1,0.311861,0.221684,0.64847,0.264886,1,1089.75,0.00280244,0.173139,0.782334,0.471081,0.05,300,300,300,300,300,300,75,79,300,54,58,66,44,48,56,0
dual_l0,0,987,6,0.426941,0.0766582,-0.0489142,1.01319,989.261,0.26869,3.29664,0.170908,0.0373872,0.0239537,0.0108855,0.0132142,0.11893,0.0373338,0.596073,0.19534,1,1,3,96,1,0.160648,0.217205,0.459923,0.349514,1,973.006,0.00280244,0.173139,0.782334,0.471081,0.05,300,300,300,300,300,300,92,96,300,41,78,102,37,41,62,0
dual_l0,0,988,5,0.31403,0.128727,0.0334423,0.943447,1482.87,0.187903,4.94227,0.146029,0.0246234,0.0309432,0.0175821,0.0593923,0.243567,0.101901,0.4176,0.105956,1,1,0,68,1,0.163507,0.267802,0.291912,0.0708073,1,1474.47,0.00280244,0.173139,0.782334,0.471081,0.05,300,300,300,300,300,300,58,68,76,53,57,65,50,54,62,0
dual_l0,0,989,6,0.400742,0.185433,-0.088329,0.923103,1414.37,1.47406,4.70964,0.399592,0.0703208,0.035834,0.00488296,0.0145587,0.311511,0.204422,0.358882,0.344541,1,1,27,86,1,0.256966,0.330736,0.428727,0.175409,1,1383.31,0.00280244,0.173139,0.782334,0.471081,0.05,300,300,300,300,300,300,69,86,126,43,47,55,34,38,46,0
dual_l0,0,990,5,0.463551,0.105224,-0.261477,1.06311,1816.87,1.27717,6.05199,0.364293,0.181883,0.0129036,0.00624047,0.0289438,0.272605,0.109337,0.539777,0.627451,1,1,0,78,1,0.484952,0.232988,0.625744,0.312377,1,1778.38,0.00280244,0.173139,0.782334,0.471081,0.05,300,300,300,300,300,300,74,78,100,50,54,72,47,51,59,0
dual_l0,0,991,6,0.481754,0.0144837,0.0337472,1.07586,1926.23,0.846506,6.41795,0.278094,0.0642584,0.0373808,0.00467143,0.0401454,0.431362,0.329633,0.239672,0.109397,1,1,33,109,1,0.132399,0.243203,0.439679,0.133514,1,1907.84,0.00280244,0.173139,0.782334,0.471081,0.05,300,300,300,300,300,300,105,109,300,59,99,107,48,52,60,0
dual_l0,0,992,6,0.343289,0.0309797,-0.433642,0.954841,849.354,1.29868,2.82685,0.355428,0.205739,0.0362628,0.00547794,0.0247009,0.37105,0.160076,0.388528,0.613083,1,1,3,79,1,0.532088,0.692815,0.291241,0.62855,1,755.826,0.00280244,0.173139,0.782334,0.471081,0.05,300,300,300,300,300,300,43,79,286,40,44,52,26,39,47,0
dual_l0,0,993,4,0.487103,0.0158294,-0.498228,0.925396,2158.21,13.0631,7.1505,1.16243,0.567704,0.0159416,0.00826147,0.0490569,0.553634,0.539413,0.236795,0.821786,1,1,23,227,1,0.828018,0.455037,0.668241,0.483347,1,2075.05,0.00280244,0.173139,0.782334,0.471081,0.05,300,300,300,300,300,300,118,227,300,52,56,78,47,51,59,0
dual_l0,0,994,5,0.532832,0.0719651,0.339762,0.925144,1522.11,0.155462,5.07317,0.155343,0.0434768,0.0301038,0.016713,0.0309503,0.27042,0.081429,0.592545,0.221122,1,1,0,167,1,0.0914825,0.217195,0.437327,0.163462,1,1509.98,0.00280244,0.173139,0.782334,0.471081,0.05,300,300,300,300,300,300,75,167,300,56,60,68,34,38,46,0
dual_l0,0,995,4,0.480019,0.158719,-0.455018,1.09583,1851.91,1.93406,6.16658,0.433605,0.186875,0.0167439,0.0179606,0.048057,0.32132,0.323632,0.460124,0.598302,1,1,31,82,1,0.191028,0.516659,0.448162,0.652662,1,1791.33,0.00280244,0.173139,0.782334,0.471081,0.05,300,300,300,300,300,300,70,82,300,48,58,66,44,48,56,0
dual_l0,0,996,1,0.384558,0.00998847,0.175108,0.962453,2122.4,0.569799,7.07276,0.231892,0.0356336,0.0080089,0.0142844,0.0292156,0.449447,0.269551,0.246031,0.15434,1,1,16,189,1,0.141614,0.165733,0.286235,0.210595,1,2114.25,0.00280244,0.173139,0.782334,0.471081,0.05,300,300,300,300,300,300,97,189,268,53,57,84,50,54,62,0
dual_l0,0,997,2,0.263259,0.161025,0.477407,1.03414,1388.6,0.295521,4.6277,0.183933,0.0308261,0.0640822,0.00669363,0.0690364,0.488558,0.196043,0.430485,0.308435,0,2.36219e-05,18,300,0,0.183933,0.488558,0.430485,0.308435,0,1388.31,0.00280244,0.173139,0.782334,0.471081,0.05,300,300,300,300,300,300,107,300,300,72,76,84,48,59,67,0
dual_l0,0,998,5,0.291316,0.0684351,0.267041,0.908013,1730.33,0.270897,5.76687,0.1867,0.00631377,0.0246447,0.00987743,0.0337391,0.306934,0.0681156,0.155223,0.241467,1,1,0,208,1,0.1109,0.235811,0.257932,0.260286,1,1723.64,0.00280244,0.173139,0.782334,0.471081,0.05,300,300,300,300,300,300,198,208,300,61,76,84,41,45,53,0
dual_l0,0,999,4,0.449086,0.0248524,0.271366,0.912295,1160.03,0.783663,3.86416,0.275433,0.0226684,0.0228982,0.00636873,0.0326413,0.173576,0.258016,0.311016,0.0956916,1,1,17,300,0,0.275433,0.173576,0.311016,0.0956916,1,1159.25,0.00280244,0.173139,0.782334,0.471081,0.05,300,300,300,300,300,300,125,300,300,60,95,132,41,45,53,0
dual_l1,0,0,1,0.279827,0.0487279,0.472181,1.00261,1297.89,1.30351,4.32197,0.347471,0.0281037,0.0190684,0.00997981,0.0487442,0.291465,0.0988879,0.336972,0.343518,0,1.71855e-25,1,272,1,0.340906,0.191847,0.21538,0.149181,0,1291.44,0.00345614,0.207013,0.894447,0.541923,0.05,300,300,300,300,300,300,131,272,300,71,105,129,40,50,70,1
dual_l1,0,1,6,0.28879,0.184994,0.159157,0.975081,1511.15,0.0135778,5.03713,0.0444346,0.0264973,0.0199901,0.00346375,0.0278117,0.230031,0.160879,0.296429,0.0578322,1,1,22,89,1,0.0818627,0.294504,0.314226,0.182447,1,1498.62,0.00345614,0.207013,0.894447,0.541923,0.05,300,300,300,300,300,300,85,89,97,48,68,76,32,36,44,1
dual_l1,0,2,0,0.534844,0.0252424,-0.336027,1.09652,1963.43,2.26075,6.53723,0.499902,0.44561,0.0127575,0.00426661,0.0386057,0.268777,0.410229,0.554457,0.123768,1,1,9,300,0,0.499902,0.268777,0.554457,0.123768,1,1961.17,0.00345614,0.207013,0.894447,0.541923,0.05,300,300,300,300,300,300,101,300,300,61,65,73,57,61,69,1
dual_l1,0,3,0,0.491569,0.147145,-0.36411,0.923106,1032.84,1.38712,3.43817,0.381262,0.272338,0.025385,0.0050154,0.0581948,0.26067,0.280633,0.554178,0.542235,1,1,0,67,1,0.479768,0.446207,0.509043,0.542561,1,951.778,0.00345614,0.207013,0.894447,0.541923,0.05,300,300,300,300,300,300,56,67,75,49,53,61,29,33,41,1
dual_l1,0,4,1,0.397638,0.151632,-0.477462,1.00252,971.258,3.95529,3.22434,0.643539,0.27585,0.0357924,0.0191662,0.0416658,0.657494,0.156532,0.608301,0.537323,0,5.07492e-29,1,59,1,0.580491,0.455809,0.529155,0.531616,1,861.306,0.00345614,0.207013,0.894447,0.541923,0.05,300,300,300,300,300,300,43,59,174,40,44,52,30,34,42,1
dual_l1,0,5,2,0.537644,0.0606169,-0.170356,1.0072,1366.97,1.17382,4.55265,0.34026,0.184518,0.0201246,0.0156539,0.0400135,0.397058,0.0896884,0.655059,0.339664,1,1,16,94,1,0.409248,0.322758,0.642456,0.31892,1,1320.47,0.00345614,0.207013,0.894447,0.541923,0.05,300,300,300,300,300,300,61,94,300,39,53,61,39,43,51,1
dual_l1,0,6,2,0.151965,0.11882,0.212238,1.0437,982.999,0.0212775,3.27659,0.0334983,0.0135317,0.0181893,0.009946,0.030726,0.272674,0.114062,0.0863081,0.0587685,1,1,0,120,1,0.0555434,0.271628,0.125603,0.0306877,1,968.747,0.00345614,0.207013,0.894447,0.541923,0.05,300,300,300,300,300,300,98,120,300,49,53,61,40,44,52,1
dual_l1,0,7,4,0.485615,0.0261543,-0.267942,1.07856,1722.89,5.44819,5.72482,0.720967,0.432427,0.0229935,0.00682771,0.0459388,0.546503,0.538114,0.554294,0.593203,1,1,19,300,0,0.720967,0.546503,0.554294,0.593203,1,1717.45,0.00345614,0.207013,0.894447,0.541923,0.05,300,300,300,300,300,300,118,300,300,71,84,92,40,44,52,1
dual_l1,0,8,6,0.513023,0.0244018,-0.0664132,0.953785,957.094,1.48024,3.18538,0.390223,0.221974,0.0290518,0.00773979,0.0607016,0.313556,0.289085,0.580314,0.130784,1,1,1,162,1,0.599855,0.459087,0.545288,0.344598,1,902.335,0.00345614,0.207013,0.894447,0.541923,0.05,300,300,300,300,300,300,158,162,300,46,57,65,41,45,53,1
dual_l1,0,9,0,0.464981,0.181175,-0.387874,0.925179,1436.75,2.79503,4.77986,0.546312,0.261733,0.00630263,0.00733863,0.0398625,0.281441,0.0773935,0.520487,0.561881,1,1,0,60,1,0.630546,0.533276,0.783989,0.278118,1,1335.12,0.00345614,0.207013,0.894447,0.541923,0.05,300,300,300,300,300,300,56,60,128,46,50,58,37,41,49,1
dual_l1,0,10,2,0.180502,0.185484,-0.430808,1.01025,901.366,3.00589,2.99453,0.549774,0.236717,0.0125211,0.00476882,0.0335339,0.500448,0.053553,0.226544,0.670437,1,1,1,81,1,0.312439,0.600183,0.293365,0.521215,1,833.604,0.00345614,0.207013,0.894447,0.541923,0.05,300,300,300,300,300,300,70,81,300,43,55,79,30,34,42,1
dual_l1,0,11,0,0.342812,0.198078,-0.494593,0.991055,1666.52,4.31273,5.5407,0.677407,0.33841,0.0259965,0.017373,0.0253313,0.364845,0.0724591,0.275634,0.644346,1,1,20,65,1,0.393098,0.392551,0.393681,0.753126,1,1581.62,0.00345614,0.207013,0.894447,0.541923,0.05,300,300,300,300,300,300,61,65,73,52,56,64,41,45,53,1
dual_l1,0,12,5,0.296182,0.129097,0.472198,0.931834,1443.66,0.462921,4.81067,0.206321,0.038708,0.0562164,0.0174513,0.0449773,0.645731,0.180969,0.283086,0.147902,1,1,8,300,0,0.206321,0.645731,0.283086,0.147902,1,1443.2,0.00345614,0.207013,0.894447,0.541923,0.05,300,300,300,300,300,300,206,300,300,68,72,92,42,46,54,1
dual_l1,0,13,1,0.367914,0.0492574,-0.209387,1.09875,2400.35,2.3815,7.99323,0.473093,0.20439,0.00911506,0.0102828,0.0376948,0.310504,0.228012,0.443089,0.387373,0,2.26383e-16,17,207,1,0.255703,0.199974,0.348714,0.347183,0,2387.27,0.00345614,0.207013,0.894447,0.541923,0.05,300,300,300,300,300,300,189,207,241,70,80,88,52,56,64,1
dual_l1,0,14,5,0.272608,0.0403544,-0.35404,0.99968,2177.52,2.57283,7.24983,0.51686,0.378197,0.0128809,0.0150059,0.0537068,0.500361,0.111898,0.498614,0.288288,1,1,0,109,1,0.613211,0.467757,0.482728,0.424802,1,2109.47,0.00345614,0.207013,0.894447,0.541923,0.05,300,300,300,300,300,300,86,109,117,65,69,77,39,43,61,1
dual_l1,0,15,3,0.282185,0.0852996,-0.360217,1.09349,1465.47,1.55016,4.87973,0.394896,0.184825,0.0266104,0.0253279,0.0391635,0.34052,0.109904,0.428871,0.626093,1,1,30,83,1,0.639264,0.468462,0.275949,0.658285,1,1414.7,0.00345614,0.207013,0.894447,0.541923,0.05,300,300,300,300,300,300,54,83,202,47,51,59,39,43,51,1
dual_l1,0,16,6,0.252405,0.150056,0.0638746,1.01106,1754.06,0.17198,5.84629,0.134439,0.0236513,0.0318878,0.0118624,0.0209631,0.312175,0.14588,0.237858,0.110805,1,1,13,83,1,0.413573,0.316882,0.260674,0.190695,1,1740.75,0.00345614,0.207013,0.894447,0.541923,0.05,300,300,300,300,300,300,79,83,300,51,55,63,33,42,50,1
dual_l1,0,17,6,0.283468,0.167883,-0.361346,0.93855,1201.03,1.68237,3.99782,0.408618,0.18171,0.0135863,0.00639253,0.041954,0.370257,0.126496,0.315439,0.54054,1,1,0,59,1,0.626549,0.3701,0.432689,0.592924,1,1135.21,0.00345614,0.207013,0.894447,0.541923,0.05,300,300,300,300,300,300,55,59,97,46,50,58,24,36,44,1
dual_l1,0,18,1,0.549907,0.16225,0.00706267,1.00663,902.243,0.665647,3.00526,0.247708,0.0124867,0.0192239,0.0127894,0.0385138,0.420807,0.160145,0.510858,0.183627,0,3.24892e-15,1,93,1,0.300648,0.0762246,0.680238,0.0871466,1,866.859,0.00345614,0.207013,0.894447,0.541923,0.05,300,300,300,300,300,300,72,93,286,40,60,96,28,32,40,1
dual_l1,0,19,7,0.38157,0.0451,-0.442798,0.946116,1118.64,6.88031,3.70588,0.854816,0.241296,0.0291601,0.0161421,0.0381525,0.408798,0.23674,0.270299,0.655019,1,1,10,300,0,0.854816,0.408798,0.270299,0.655019,1,1111.76,0.00345614,0.207013,0.894447,0.541923,0.05,300,300,300,300,300,300,76,300,300,42,46,54,26,44,52,1
dual_l1,0,20,4,0.450671,0.0127798,-0.431394,1.03862,2223.02,3.07131,7.39983,0.541723,0.309621,0.0436612,0.013936,0.0432893,0.452621,0.408797,0.565525,0.646993,1,1,25,183,1,0.780936,0.468167,0.48675,0.83999,1,2184.02,0.00345614,0.207013,0.894447,0.541923,0.05,300,300,300,300,300,300,179,183,191,60,64,84,51,55,63,1
dual_l1,0,21,2,0.178613,0.18813,0.284692,0.987755,1169.04,0.0836061,3.89653,0.0996059,0.0294367,0.0302484,0.00743274,0.0331219,0.380402,0.0562215,0.0965569,0.0287162,1,1,0,155,1,0.229581,0.465255,0.158403,0.0824178,1,1156.86,0.00345614,0.207013,0.894447,0.541923,0.05,300,300,300,300,300,300,73,155,300,38,53,61,30,34,42,1
dual_l1,0,22,7,0.441138,0.136396,-0.162835,0.921308,854.73,1.41655,2.84438,0.3766,0.107417,0.0190704,0.0202556,0.00554863,0.202028,0.14314,0.485837,0.336603,1,1,1,59,1,0.166485,0.108055,0.559015,0.401192,1,821.436,0.00345614,0.207013,0.894447,0.541923,0.05,300,300,300,300,300,300,55,59,154,45,49,57,26,42,50,1
dual_l1,0,23,0,0.517023,0.0865294,-0.0181903,1.09426,1823.7,0.665257,6.07678,0.276981,0.0535633,0.0214923,0.00497433,0.0226214,0.258007,0.130518,0.503788,0.237587,1,1,1,131,1,0.277351,0.290353,0.551478,0.212845,1,1802.93,0.00345614,0.207013,0.894447,0.541923,0.05,300,300,300,300,300,300,97,131,300,54,66,74,40,53,61,1
dual_l1,0,24,1,0.370858,0.0725851,0.0384449,0.913326,1634.19,0.442311,5.44584,0.215376,0.135514,0.0180288,0.0216155,0.020274,0.0156576,0.219339,0.663764,0.113332,0,1.4013e-45,14,143,1,0.321858,0.420382,0.292171,0.253383,0,1610.44,0.00345614,0.207013,0.894447,0.541923,0.05,300,300,300,300,300,300,121,143,300,59,63,71,29,46,54,1
dual_l1,0,25,4,0.325293,0.0889061,-0.441881,0.95775,1591.5,3.58646,5.29303,0.59551,0.355823,0.0198265,0.0155813,0.0472244,0.625032,0.0438223,0.367796,0.657459,1,1,14,56,1,0.703341,0.574515,0.423734,0.601102,1,1516.37,0.00345614,0.207013,0.894447,0.541923,0.05,300,300,300,300,300,300,52,56,81,41,45,53,26,30,38,1
dual_l1,0,26,3,0.13768,0.132364,-0.0814456,0.970856,862.329,0.907104,2.87141,0.310281,0.0311601,0.0330639,0.0116267,0.0470688,0.211804,0.191965,0.342513,0.176276,1,1,1,93,1,0.272997,0.211791,0.257925,0.351354,1,839.437,0.00345614,0.207013,0.894447,0.541923,0.05,300,300,300,300,300,300,89,93,245,41,57,65,25,29,37,1
dual_l1,0,27,5,0.569564,0.0416277,-0.091663,1.07322,1472.76,1.17586,4.90528,0.332094,0.314847,0.0360773,0.0096148,0.0153605,0.24441,0.29798,0.880501,0.209859,1,1,24,300,0,0.332094,0.24441,0.880501,0.209859,1,1471.58,0.00345614,0.207013,0.894447,0.541923,0.05,300,300,300,300,300,300,191,300,300,98,184,192,33,55,63,1
dual_l1,0,28,1,0.462683,0.056316,-0.00562799,1.09459,1637.56,0.50421,5.45686,0.221064,0.0844338,0.00975737,0.0154775,0.0401325,0.0749565,0.055968,0.621776,0.178488,0,8.85022e-16,0,128,1,0.440914,0.367321,0.354411,0.234407,1,1612.97,0.00345614,0.207013,0.894447,0.541923,0.05,300,300,300,300,300,300,96,128,300,56,83,91,31,47,55,1
dual_l1,0,29,7,0.190195,0.0386555,0.311663,0.918512,1357.81,0.334389,4.52493,0.181989,0.0296616,0.0181281,0.00756355,0.0230852,0.533133,0.250688,0.29299,0.0561367,1,1,19,120,1,0.148874,0.247513,0.272047,0.0767439,1,1340.66,0.00345614,0.207013,0.894447,0.541923,0.05,300,300,300,300,300,300,86,120,300,64,79,87,43,47,55,1
dual_l1,0,30,2,0.43551,0.00663354,0.00178993,1.07443,1441.03,0.129207,4.80299,0.114046,0.0888574,0.013407,0.00346037,0.0323304,0.152462,0.221136,0.337329,0.277914,1,1,14,124,1,0.214046,0.140868,0.419571,0.257785,1,1424.37,0.00345614,0.207013,0.894447,0.541923,0.05,300,300,300,300,300,300,100,124,300,76,80,88,53,57,65,1
dual_l1,0,31,5,0.176478,0.0719513,0.258418,0.964038,1277.97,0.0655875,4.25967,0.0863407,0.0264751,0.0136488,0.0184385,0.0345134,0.178704,0.165988,0.152765,0.146585,1,1,1,61,1,0.181113,0.140295,0.206044,0.0852122,1,1247.73,0.00345614,0.207013,0.894447,0.541923,0.05,300,300,300,300,300,300,57,61,300,52,56,64,35,39,47,1
dual_l1,0,32,0,0.347419,0.0348692,0.415206,0.984876,2140.47,0.793791,7.13227,0.263786,0.0162154,0.0228277,0.00653564,0.0212612,0.220664,0.170257,0.507226,0.129477,1,1,0,300,0,0.263786,0.220664,0.507226,0.129477,1,2139.68,0.00345614,0.207013,0.894447,0.541923,0.05,300,300,300,300,300,300,111,300,300,68,72,80,41,45,66,1
dual_l1,0,33,5,0.437556,0.0176016,-0.00755084,1.02577,1585.6,2.76508,5.27613,0.524631,0.10827,0.0214008,0.00464279,0.0536964,0.387206,0.306883,0.527852,0.118521,1,1,0,152,1,0.28176,0.284705,0.431457,0.0860471,1,1543.6,0.00345614,0.207013,0.894447,0.541923,0.05,300,300,300,300,300,300,84,152,300,58,82,90,35,39,68,1
dual_l1,0,34,5,0.432865,0.194518,0.111496,1.03544,1406.71,0.0959775,4.6887,0.106211,0.0168737,0.0230694,0.0154415,0.0342217,0.217119,0.112059,0.366765,0.1544,1,1,20,106,1,0.104421,0.181714,0.49377,0.110499,1,1398.19,0.00345614,0.207013,0.894447,0.541923,0.05,300,300,300,300,300,300,88,106,209,63,67,85,45,49,57,1
dual_l1,0,35,3,0.473569,0.118791,-0.229729,1.06867,1177.97,1.1445,3.92275,0.354122,0.25864,0.0282944,0.0120083,0.021391,0.223004,0.184095,0.475887,0.566907,1,1,0,112,1,0.452104,0.22872,0.620851,0.175162,1,1139.22,0.00345614,0.207013,0.894447,0.541923,0.05,300,300,300,300,300,300,108,112,229,41,45,53,39,43,51,1
dual_l1,0,36,5,0.281906,0.171136,0.478324,0.94106,2104.32,0.0674523,7.01417,0.0739797,0.0639986,0.0390961,0.00922044,0.0328342,0.559346,0.0893736,0.316106,0.0917577,1,1,0,300,0,0.0739797,0.559346,0.316106,0.0917577,1,2104.25,0.00345614,0.207013,0.894447,0.541923,0.05,300,300,300,300,300,300,198,300,300,60,64,72,34,46,65,1
dual_l1,0,37,7,0.381812,0.00248337,-0.222815,1.05262,2847.5,6.7232,9.46925,0.823284,0.242386,0.00393344,0.0134056,0.0426843,0.250444,0.498016,0.280671,0.463256,1,1,24,300,0,0.823284,0.250444,0.280671,0.463256,1,2840.77,0.00345614,0.207013,0.894447,0.541923,0.05,300,300,300,300,300,300,79,300,300,52,56,64,43,47,55,1
dual_l1,0,38,4,0.413721,0.161927,-0.466792,0.973748,2159.79,5.00198,7.18262,0.719769,0.294171,0.0114573,0.0184358,0.0259113,0.539143,0.120863,0.513808,0.547709,1,1,45,93,1,0.423234,0.605427,0.489645,0.654563,1,2082.51,0.00345614,0.207013,0.894447,0.541923,0.05,300,300,300,300,300,300,89,93,123,50,54,62,45,49,57,1
dual_l1,0,39,4,0.46674,0.190987,-0.0224375,0.938482,1296.21,0.680691,4.31845,0.232066,0.0483887,0.0280591,0.0113832,0.0215251,0.360845,0.214315,0.46383,0.150764,1,1,17,184,1,0.0939971,0.13052,0.386707,0.230205,1,1284.16,0.00345614,0.207013,0.894447,0.541923,0.05,300,300,300,300,300,300,107,184,300,47,51,72,34,38,46,1
dual_l1,0,40,6,0.239845,0.0928903,0.432543,1.08044,1808.76,0.30891,6.02818,0.154344,0.0305124,0.00993933,0.00294423,0.0273937,0.410923,0.0859708,0.412686,0.247024,1,1,14,155,1,0.253876,0.256691,0.407776,0.419484,1,1782.5,0.00345614,0.207013,0.894447,0.541923,0.05,300,300,300,300,300,300,151,155,300,67,81,89,47,51,59,1
dual_l1,0,41,4,0.449348,0.198535,-0.497526,1.04495,1240.61,1.78637,4.12942,0.463363,0.366784,0.0315016,0.0125333,0.0115787,0.308889,0.148467,0.492375,0.758677,1,1,15,71,1,0.538554,0.334292,0.683778,0.518892,1,1164.91,0.00345614,0.207013,0.894447,0.541923,0.05,300,300,300,300,300,300,67,71,188,48,65,73,44,48,56,1
dual_l1,0,42,6,0.449732,0.176956,0.149094,1.02534,1588.42,0.0659838,5.2945,0.0856967,0.0245499,0.0305203,0.00970474,0.0219022,0.177281,0.0654576,0.490658,0.0616513,1,1,11,79,1,0.135485,0.175081,0.573509,0.0605678,1,1573.78,0.00345614,0.207013,0.894447,0.541923,0.05,300,300,300,300,300,300,75,79,300,57,61,69,44,48,56,1
dual_l1,0,43,1,0.204377,0.115408,0.280744,0.955826,2689.57,0.202624,8.96457,0.160923,0.0173326,0.016436,0.0100511,0.0499817,0.363487,0.137728,0.275082,0.197625,0,4.11715e-21,31,140,1,0.0707434,0.280578,0.339062,0.121536,0,2668.95,0.00345614,0.207013,0.894447,0.541923,0.05,300,300,300,300,300,300,136,140,300,96,100,108,46,56,64,1
dual_l1,0,44,6,0.230452,0.140099,0.0823957,0.978308,1033.04,0.190941,3.44284,0.141676,0.0200721,0.0148421,0.012471,0.0102197,0.275414,0.0948868,0.172841,0.166226,1,1,1,79,1,0.135222,0.121465,0.512991,0.0604127,1,1020.84,0.00345614,0.207013,0.894447,0.541923,0.05,300,300,300,300,300,300,54,79,300,45,54,62,33,37,54,1
dual_l1,0,45,4,0.300927,0.16992,-0.0889343,1.07991,2021.33,0.14694,6.73727,0.133182,0.0689006,0.0246687,0.00804965,0.0507379,0.158146,0.161399,0.38555,0.389691,1,1,22,85,1,0.253354,0.255985,0.43038,0.24016,1,2006.37,0.00345614,0.207013,0.894447,0.541923,0.05,300,300,300,300,300,300,63,85,131,50,54,62,48,52,60,1
dual_l1,0,46,6,0.373309,0.179031,-0.477296,0.930114,1833.79,6.48415,6.09103,0.816536,0.401087,0.0157509,0.00878825,0.0234646,0.840659,0.324586,0.487996,0.619716,1,1,13,69,1,0.785203,0.763189,0.403242,0.685986,1,1729.1,0.00345614,0.207013,0.894447,0.541923,0.05,300,300,300,300,300,300,65,69,121,46,50,58,40,44,52,1
dual_l1,0,47,6,0.483705,0.0687121,-0.149179,0.943409,1384.72,0.371268,4.6145,0.202597,0.179269,0.0414874,0.0120684,0.0244892,0.203636,0.190412,0.531585,0.363446,1,1,15,95,1,0.339954,0.368823,0.579615,0.242401,1,1343.6,0.00345614,0.207013,0.894447,0.541923,0.05,300,300,300,300,300,300,91,95,300,45,49,57,40,44,52,1
dual_l1,0,48,5,0.355156,0.122152,0.165691,1.0424,1022.45,0.828457,3.4054,0.308746,0.00995705,0.0304375,0.018173,0.0235156,0.196735,0.117352,0.522962,0.0379808,1,1,1,85,1,0.0414375,0.257984,0.484176,0.16514,1,1005.96,0.00345614,0.207013,0.894447,0.541923,0.05,300,300,300,300,300,300,69,85,207,45,49,72,40,44,52,1
dual_l1,0,49,5,0.496347,0.167367,-0.0810145,0.94888,1817.08,0.445618,6.05545,0.21901,0.0956502,0.0390311,0.0103599,0.0481923,0.273998,0.104123,0.58807,0.310887,1,1,0,80,1,0.321862,0.259215,0.598121,0.324519,1,1797.94,0.00345614,0.207013,0.894447,0.541923,0.05,300,300,300,300,300,300,69,80,300,44,56,64,37,41,49,1
dual_l1,0,50,7,0.491695,0.182699,0.147338,0.917362,1910.18,0.681584,6.365,0.268414,0.0404154,0.0401678,0.00767434,0.014233,0.195942,0.155072,0.482493,0.110426,1,1,20,64,1,0.301064,0.264036,0.607976,0.105102,1,1895.21,0.00345614,0.207013,0.894447,0.541923,0.05,300,300,300,300,300,300,60,64,300,55,59,67,47,51,59,1
dual_l1,0,51,7,0.482865,0.19379,-0.111416,1.01669,1620.65,0.274718,5.40125,0.163677,0.0502062,0.0333993,0.0212454,0.0364843,0.160224,0.165373,0.47028,0.334166,1,1,22,72,1,0.187794,0.192338,0.445478,0.335666,1,1599.34,0.00345614,0.207013,0.894447,0.541923,0.05,300,300,300,300,300,300,68,72,80,50,54,62,42,46,54,1
dual_l1,0,52,6,0.408942,0.155562,-0.240589,1.02755,991.102,0.691788,3.30137,0.242912,0.154186,0.0495606,0.0207475,0.0266672,0.46969,0.151876,0.467513,0.489216,1,1,0,134,1,0.255529,0.234063,0.353415,0.437079,1,963.058,0.00345614,0.207013,0.894447,0.541923,0.05,300,300,300,300,300,300,80,134,142,59,75,83,34,38,56,1
dual_l1,0,53,1,0.502556,0.0746694,0.282294,1.00661,1852.49,0.236704,6.17418,0.18231,0.0287546,0.0236878,0.00868118,0.027896,0.308134,0.143865,0.497404,0.0558275,0,1.8946e-24,12,300,0,0.18231,0.308134,0.497404,0.0558275,0,1852.25,0.00345614,0.207013,0.894447,0.541923,0.05,300,300,300,300,300,300,69,300,300,52,56,115,38,42,50,1
dual_l1,0,54,7,0.347073,0.141489,-0.493211,1.09375,1775.72,1.99827,5.91241,0.437813,0.134936,0.014814,0.0123879,0.0295877,0.485845,0.0497441,0.403518,0.705911,1,1,5,81,1,0.584291,0.441503,0.411021,0.688112,1,1716.29,0.00345614,0.207013,0.894447,0.541923,0.05,300,300,300,300,300,300,60,81,204,52,56,64,46,50,58,1
dual_l1,0,55,6,0.39037,0.153162,0.322263,0.912677,1541.49,0.207683,5.13762,0.152311,0.0156438,0.0275883,0.0129811,0.0349503,0.575827,0.105332,0.301204,0.230575,1,1,18,287,1,0.0447203,0.258792,0.218719,0.279159,1,1539.82,0.00345614,0.207013,0.894447,0.541923,0.05,300,300,300,300,300,300,89,287,300,60,71,79,34,38,58,1
dual_l1,0,56,5,0.479214,0.0784673,0.210173,1.09239,1128.64,0.466487,3.76058,0.231964,0.0362848,0.0300905,0.0161508,0.0290943,0.312052,0.125327,0.280067,0.173474,1,1,18,144,1,0.167824,0.205276,0.301391,0.0615624,1,1114.68,0.00345614,0.207013,0.894447,0.541923,0.05,300,300,300,300,300,300,65,144,152,51,63,71,33,37,45,1
dual_l1,0,57,1,0.115277,0.123797,-0.260152,0.916013,860.536,2.60833,2.85976,0.518547,0.262949,0.0324985,0.00735745,0.00661023,0.310294,0.147518,0.191399,0.432338,0,3.60694e-42,0,117,1,0.270564,0.319055,0.171238,0.471537,0,810.961,0.00345614,0.207013,0.894447,0.541923,0.05,300,300,300,300,300,300,46,117,163,44,48,56,38,42,50,1
dual_l1,0,58,5,0.460491,0.183327,-0.43489,1.07897,1472,2.79894,4.89735,0.532463,0.333922,0.0293708,0.00701871,0.0260872,0.550337,0.228327,0.416171,0.645979,1,1,10,96,1,0.516084,0.475035,0.522868,0.596779,1,1408.54,0.00345614,0.207013,0.894447,0.541923,0.05,300,300,300,300,300,300,92,96,134,73,77,85,40,44,52,1
dual_l1,0,59,3,0.28269,0.0199479,-0.214944,1.07343,1160.26,1.11865,3.86379,0.325065,0.11877,0.0345922,0.00701711,0.0292214,0.274436,0.123253,0.224885,0.390717,1,1,7,105,1,0.564882,0.284559,0.264279,0.424461,1,1130.43,0.00345614,0.207013,0.894447,0.541923,0.05,300,300,300,300,300,300,61,105,300,47,51,59,38,48,56,1
dual_l1,0,60,0,0.404507,0.181345,-0.462475,0.970915,1153.14,2.60928,3.8351,0.506481,0.352501,0.0206761,0.0103071,0.0804046,0.443578,0.164712,0.421776,0.627082,1,1,0,63,1,0.39141,0.459643,0.399487,0.658266,1,1065.76,0.00345614,0.207013,0.894447,0.541923,0.05,300,300,300,300,300,300,59,63,71,43,57,65,37,41,49,1
dual_l1,0,61,5,0.293084,0.1655,0.198789,0.913959,1957.93,0.380852,6.52516,0.188558,0.0240439,0.00251482,0.0189645,0.0392453,0.217314,0.105686,0.371156,0.138994,1,1,0,248,1,0.149086,0.446163,0.447351,0.141925,1,1952.41,0.00345614,0.207013,0.894447,0.541923,0.05,300,300,300,300,300,300,134,248,300,53,57,74,45,49,57,1
dual_l1,0,62,1,0.487211,0.167735,0.100788,1.05422,1771.71,0.736573,5.90323,0.272661,0.0147892,0.0281769,0.00620195,0.0397653,0.167658,0.180644,0.44934,0.105997,0,2.31022e-05,6,92,1,0.0796707,0.182401,0.393258,0.167538,1,1734.26,0.00345614,0.207013,0.894447,0.541923,0.05,300,300,300,300,300,300,76,92,300,57,61,98,40,44,52,1
dual_l1,0,63,3,0.258255,0.0710104,0.0145037,0.977974,2137.61,1.62068,7.11998,0.405046,0.0576534,0.0321867,0.0115245,0.0517448,0.168632,0.258525,0.370092,0.20978,1,1,13,165,1,0.142341,0.147711,0.390881,0.235467,1,2123.6,0.00345614,0.207013,0.894447,0.541923,0.05,300,300,300,300,300,300,81,165,173,62,81,89,52,56,64,1
dual_l1,0,64,4,0.306573,0.155347,-0.181309,1.06503,1190.41,0.740675,3.96557,0.27117,0.093099,0.01731,0.0138058,0.0515263,0.282883,0.240631,0.506903,0.376244,1,1,15,100,1,0.260962,0.358533,0.28477,0.483021,1,1168.99,0.00345614,0.207013,0.894447,0.541923,0.05,300,300,300,300,300,300,64,100,108,49,53,72,31,35,43,1
dual_l1,0,65,4,0.433489,0.00318217,-0.45113,1.05977,1744.47,1.80384,5.80887,0.390531,0.193716,0.0372903,0.0212197,0.0143326,0.829904,0.277317,0.450432,0.668327,1,1,26,69,1,0.688307,0.671851,0.37939,0.626535,1,1690.5,0.00345614,0.207013,0.894447,0.541923,0.05,300,300,300,300,300,300,49,69,300,46,50,58,30,34,42,1
dual_l1,0,66,0,0.471737,0.105678,-0.0505208,0.959978,1201.76,0.932163,4.00277,0.306874,0.0722489,0.0252875,0.00505334,0.0344416,0.396736,0.11606,0.518138,0.277731,1,1,17,105,1,0.0789914,0.226976,0.559635,0.205289,1,1179.17,0.00345614,0.207013,0.894447,0.541923,0.05,300,300,300,300,300,300,86,105,300,45,49,57,32,36,44,1
dual_l1,0,67,7,0.362885,0.12742,0.399333,1.05352,1323.59,0.561927,4.4101,0.218703,0.0318414,0.028321,0.00965881,0.0402294,0.597766,0.217822,0.470274,0.0882808,1,1,0,300,0,0.218703,0.597766,0.470274,0.0882808,1,1323.03,0.00345614,0.207013,0.894447,0.541923,0.05,300,300,300,300,300,300,145,300,300,69,88,96,36,40,76,1
dual_l1,0,68,1,0.34651,0.0428209,0.0853858,0.963042,2191.21,0.603542,7.30204,0.256709,0.0578244,0.0353393,0.017139,0.0448186,0.313626,0.0733011,0.344225,0.189408,0,1.69384e-25,18,300,0,0.256709,0.313626,0.344225,0.189408,0,2190.61,0.00345614,0.207013,0.894447,0.541923,0.05,300,300,300,300,300,300,225,300,300,71,87,95,46,50,58,1
dual_l1,0,69,0,0.298852,0.142803,0.306924,1.00311,1243.46,1.15318,4.14103,0.321997,0.0320066,0.039584,0.00725478,0.0184759,0.45447,0.146921,0.328717,0.169654,1,1,17,138,1,0.124182,0.255394,0.378855,0.0970272,1,1219.47,0.00345614,0.207013,0.894447,0.541923,0.05,300,300,300,300,300,300,106,138,146,45,56,75,33,37,45,1
dual_l1,0,70,6,0.419506,0.0173453,-0.485484,0.906796,2003.76,9.00374,6.64918,0.937812,0.452031,0.0126866,0.0176239,0.0425946,0.939483,0.228648,0.426241,0.747138,1,1,9,70,1,0.633184,0.44408,0.47735,0.487006,1,1794.67,0.00345614,0.207013,0.894447,0.541923,0.05,300,300,300,300,300,300,58,70,300,54,58,66,28,32,58,1
dual_l1,0,71,5,0.494104,0.0746148,0.312638,1.09186,1610.87,0.0839795,5.3693,0.0601282,0.0105163,0.0124121,0.0132598,0.0455776,0.334698,0.154463,0.674601,0.222657,1,1,0,203,1,0.283727,0.135898,0.507406,0.120982,1,1602.91,0.00345614,0.207013,0.894447,0.541923,0.05,300,300,300,300,300,300,88,203,300,58,74,94,45,57,65,1
dual_l1,0,72,1,0.479733,0.1762,-0.201506,0.965405,1104.3,1.46087,3.67612,0.381496,0.1778,0.040997,0.00461213,0.0249461,0.290371,0.131725,0.458648,0.383942,0,3.75023e-25,0,121,1,0.473615,0.353522,0.614757,0.368521,0,1071.4,0.00345614,0.207013,0.894447,0.541923,0.05,300,300,300,300,300,300,117,121,300,41,45,53,33,37,45,1
dual_l1,0,73,6,0.312145,0.0753175,0.139123,1.0542,1747.97,0.120821,5.82616,0.0973298,0.0190909,0.0294344,0.0112423,0.0492915,0.250689,0.0920124,0.171603,0.0304303,1,1,23,268,1,0.075804,0.16477,0.202198,0.103994,1,1746.45,0.00345614,0.207013,0.894447,0.541923,0.05,300,300,300,300,300,300,123,268,286,65,69,102,44,48,56,1
dual_l1,0,74,4,0.531365,0.19379,-0.217745,1.00776,1156.48,0.971787,3.85168,0.30319,0.162706,0.0215852,0.0163385,0.0566472,0.358409,0.101893,0.507437,0.374818,1,1,47,96,1,0.425605,0.562936,0.480268,0.163818,1,1130.27,0.00345614,0.207013,0.894447,0.541923,0.05,300,300,300,300,300,300,58,96,104,47,51,69,43,47,55,1
dual_l1,0,75,6,0.350999,0.0588444,0.179428,1.09152,2699.24,0.0920329,8.99717,0.0708146,0.0298594,0.0399978,0.0114355,0.0418887,0.280345,0.157455,0.45318,0.128501,1,1,28,199,1,0.119709,0.271063,0.464493,0.195444,1,2693.11,0.00345614,0.207013,0.894447,0.541923,0.05,300,300,300,300,300,300,92,199,207,69,73,81,46,50,58,1
dual_l1,0,76,6,0.475728,0.0797803,-0.285196,0.921035,1137.52,3.77246,3.77917,0.601392,0.180705,0.0219429,0.00927384,0.0573274,0.569964,0.437419,0.415524,0.458403,1,1,0,62,1,0.522286,0.343713,0.471097,0.602101,1,1067.27,0.00345614,0.207013,0.894447,0.541923,0.05,300,300,300,300,300,300,58,62,70,44,48,56,37,41,49,1
dual_l1,0,77,7,0.394629,0.0273094,0.181595,0.980123,1905.11,0.251753,6.34953,0.159895,0.0178727,0.0253016,0.0129735,0.036201,0.198803,0.0700047,0.510481,0.0241581,1,1,10,148,1,0.144875,0.162685,0.462824,0.0555499,1,1897.21,0.00345614,0.207013,0.894447,0.541923,0.05,300,300,300,300,300,300,73,148,156,62,66,74,49,53,61,1
dual_l1,0,78,5,0.500095,0.144042,-0.271307,1.05626,1390.51,1.27329,4.63079,0.336159,0.139631,0.0105938,0.021924,0.0226329,0.513337,0.334677,0.54184,0.512781,1,1,19,73,1,0.375614,0.546618,0.532503,0.431294,1,1346.13,0.00345614,0.207013,0.894447,0.541923,0.05,300,300,300,300,300,300,69,73,300,54,66,74,42,46,54,1
dual_l1,0,79,5,0.181629,0.134577,-0.337693,1.08336,1126.19,1.09373,3.75033,0.340288,0.236403,0.0240265,0.0136519,0.0316698,0.43845,0.224397,0.527408,0.259688,1,1,0,59,1,0.297986,0.362526,0.416575,0.354767,1,1066.96,0.00345614,0.207013,0.894447,0.541923,0.05,300,300,300,300,300,300,55,59,67,51,55,63,36,40,48,1
dual_l1,0,80,0,0.305267,0.0536277,-0.216461,0.900734,1425.06,3.22654,4.73943,0.577337,0.26017,0.025872,0.00882411,0.038751,0.368904,0.060552,0.41611,0.269995,1,1,0,300,0,0.577337,0.368904,0.41611,0.269995,1,1421.83,0.00345614,0.207013,0.894447,0.541923,0.05,300,300,300,300,300,300,127,300,300,41,45,53,28,32,40,1
dual_l1,0,81,1,0.25199,0.0911183,0.0151876,1.06231,1040.48,0.0589461,3.46808,0.0786064,0.0786064,0.0267561,0.0206383,0.0287398,0.226339,0.143572,0.494912,0.213987,0,0,1,84,1,0.245471,0.182878,0.428735,0.169422,1,1023.17,0.00345614,0.207013,0.894447,0.541923,0.05,300,300,300,300,300,300,73,84,135,45,56,77,37,46,54,1
dual_l1,0,82,1,0.447172,0.036951,-0.399754,0.916545,1128.17,7.89648,3.73425,0.898174,0.415872,0.0270296,0.00946311,0.0350845,0.6132,0.310968,0.252539,0.1428,0,0,6,101,1,0.866799,0.486885,0.312658,0.630667,0,973.375,0.00345614,0.207013,0.894447,0.541923,0.05,300,300,300,300,300,300,58,101,300,37,51,59,31,35,43,1
dual_l1,0,83,4,0.536134,0.16885,0.308121,0.950575,1656.86,0.552685,5.52102,0.248136,0.0306734,0.0156895,0.0103929,0.0370133,0.238371,0.169815,0.518351,0.131501,1,1,35,153,1,0.366081,0.282512,0.419587,0.176968,1,1635.32,0.00345614,0.207013,0.894447,0.541923,0.05,300,300,300,300,300,300,84,153,300,46,65,89,34,38,46,1
dual_l1,0,84,6,0.416504,0.07556,0.0698498,0.947326,1937.89,1.98842,6.45299,0.454882,0.0430782,0.0322723,0.0163473,0.0238306,0.172064,0.360864,0.506021,0.0838935,1,1,21,90,1,0.49029,0.321611,0.466508,0.101581,1,1902.04,0.00345614,0.207013,0.894447,0.541923,0.05,300,300,300,300,300,300,86,90,120,52,56,78,39,43,51,1
dual_l1,0,85,0,0.442897,0.139475,-0.0697981,1.00951,1866.69,0.04519,6.22215,0.0708317,0.0505973,0.0483638,0.0188069,0.0128333,0.193071,0.0934187,0.528556,0.28434,1,1,22,86,1,0.275179,0.31099,0.574653,0.317303,1,1856.54,0.00345614,0.207013,0.894447,0.541923,0.05,300,300,300,300,300,300,82,86,146,52,62,70,37,41,49,1
dual_l1,0,86,4,0.383459,0.0360704,0.0806735,1.01335,867.54,0.44388,2.89032,0.204293,0.023079,0.0215499,0.00934784,0.0169673,0.162904,0.148072,0.444128,0.207966,1,1,10,116,1,0.11324,0.109952,0.434517,0.0919069,1,857.876,0.00345614,0.207013,0.894447,0.541923,0.05,300,300,300,300,300,300,69,116,124,45,49,74,40,44,52,1
dual_l1,0,87,7,0.432045,0.161286,-0.025977,0.983215,2217.36,1.91402,7.38481,0.420094,0.0653033,0.0332211,0.0169239,0.0168911,0.548105,0.186184,0.325577,0.125435,1,1,27,108,1,0.0993477,0.21223,0.645281,0.111544,1,2194.5,0.00345614,0.207013,0.894447,0.541923,0.05,300,300,300,300,300,300,72,108,241,62,66,74,41,53,61,1
dual_l1,0,88,1,0.510933,0.178163,0.10097,1.02629,1772.71,0.0514902,5.90885,0.1081,0.0257259,0.0208648,0.0070865,0.0488744,0.47208,0.191578,0.596202,0.206838,1,1,0,110,1,0.19139,0.302675,0.511581,0.199856,1,1757.57,0.00345614,0.207013,0.894447,0.541923,0.05,300,300,300,300,300,300,106,110,300,48,52,80,31,47,55,1
dual_l1,0,89,2,0.35837,0.110804,-0.126733,0.98471,990.354,0.894836,3.2982,0.310346,0.0971924,0.023839,0.0158035,0.0405148,0.246382,0.0913093,0.150037,0.248289,1,1,1,123,1,0.188226,0.217585,0.520189,0.270237,1,968.484,0.00345614,0.207013,0.894447,0.541923,0.05,300,300,300,300,300,300,64,123,300,46,64,72,42,46,54,1
dual_l1,0,90,2,0.362174,0.0225001,0.0676554,1.00716,1985.52,0.685639,6.6161,0.255854,0.170234,0.0221975,0.0114614,0.0248801,0.166054,0.316024,0.398893,0.120173,1,1,20,86,1,0.270929,0.182418,0.509653,0.0721831,1,1953.06,0.00345614,0.207013,0.894447,0.541923,0.05,300,300,300,300,300,300,82,86,300,50,54,75,43,47,55,1
dual_l1,0,91,3,0.419491,0.0700563,0.448763,1.00647,1098.76,0.43218,3.6611,0.204773,0.074555,0.027059,0.0140757,0.0460117,0.433731,0.156641,0.552303,0.0143459,1,1,0,300,0,0.204773,0.433731,0.552303,0.0143459,1,1098.33,0.00345614,0.207013,0.894447,0.541923,0.05,300,300,300,300,300,300,74,300,300,68,72,80,39,43,66,1
dual_l1,0,92,5,0.38077,0.167009,0.436292,1.03081,1874.54,0.4463,6.24697,0.241903,0.0352077,0.0173541,0.0198786,0.0837657,0.192666,0.102834,0.728339,0.378894,1,1,0,300,0,0.241903,0.192666,0.728339,0.378894,1,1874.09,0.00345614,0.207013,0.894447,0.541923,0.05,300,300,300,300,300,300,203,300,300,54,58,66,35,39,47,1
dual_l1,0,93,4,0.246562,0.0728679,-0.309784,1.07934,1177.27,3.41706,3.91283,0.581785,0.257852,0.0486504,0.00616721,0.0333524,0.323143,0.227947,0.423019,0.568449,1,1,1,113,1,0.365517,0.189656,0.292681,0.513046,1,1131.6,0.00345614,0.207013,0.894447,0.541923,0.05,300,300,300,300,300,300,64,113,121,55,59,67,41,45,53,1
dual_l1,0,94,4,0.198938,0.137967,0.354441,0.917787,1175.85,0.0793228,3.91923,0.0812252,0.0248279,0.0281116,0.00321325,0.0191242,0.407105,0.0994348,0.300969,0.10408,1,1,13,249,1,0.207361,0.262386,0.13967,0.237183,1,1170.01,0.00345614,0.207013,0.894447,0.541923,0.05,300,300,300,300,300,300,181,249,300,44,48,72,32,47,55,1
dual_l1,0,95,7,0.0603676,0.185174,0.0854224,0.929905,2180.12,0.390032,7.26578,0.219347,0.0175239,0.00993181,0.0195697,0.0523912,0.089019,0.119465,0.414943,0.0670322,1,1,0,95,1,0.205082,0.142401,0.16907,0.108397,1,2168.14,0.00345614,0.207013,0.894447,0.541923,0.05,300,300,300,300,300,300,72,95,114,48,68,76,39,49,57,1
dual_l1,0,96,4,0.398263,0.19875,0.494497,1.04494,1317.02,0.128723,4.38965,0.107057,0.0646168,0.0375866,0.0153448,0.0511552,0.422167,0.125728,0.394326,0.31073,1,1,16,300,0,0.107057,0.422167,0.394326,0.31073,1,1316.89,0.00345614,0.207013,0.894447,0.541923,0.05,300,300,300,300,300,300,242,300,300,72,76,102,40,44,67,1
dual_l1,0,97,5,0.432392,0.166741,0.0690376,0.917142,1248.09,0.0458527,4.16014,0.0796323,0.013387,0.0227764,0.00923275,0.0338083,0.107492,0.0702569,0.510715,0.158839,1,1,2,86,1,0.419105,0.227982,0.342761,0.230377,1,1234.59,0.00345614,0.207013,0.894447,0.541923,0.05,300,300,300,300,300,300,61,86,270,53,57,65,35,39,47,1
dual_l1,0,98,5,0.454787,0.063934,-0.0420609,1.0181,1797.13,0.128023,5.98999,0.114616,0.0489147,0.0172278,0.0141309,0.0457713,0.200429,0.166127,0.490463,0.18739,1,1,0,176,1,0.355316,0.428661,0.603255,0.367469,1,1786.17,0.00345614,0.207013,0.894447,0.541923,0.05,300,300,300,300,300,300,91,176,300,65,77,85,31,35,43,1
dual_l1,0,99,6,0.600935,0.0962008,0.233901,0.936715,1408.32,0.0865696,4.69412,0.107751,0.00796129,0.026901,0.00949882,0.022714,0.243701,0.0870786,0.519223,0.0932379,1,1,2,217,1,0.130341,0.340553,0.592669,0.167268,1,1403.87,0.00345614,0.207013,0.894447,0.541923,0.05,300,300,300,300,300,300,102,217,300,50,66,74,31,47,55,1
dual_l1,0,100,4,0.530394,0.0903143,0.0514029,0.967287,2114.31,0.430169,7.04628,0.211388,0.0240826,0.00797206,0.0142074,0.00984941,0.224479,0.270296,0.483199,0.158293,1,1,31,191,1,0.15318,0.227095,0.483144,0.139039,1,2107.47,0.00345614,0.207013,0.894447,0.541923,0.05,300,300,300,300,300,300,68,191,300,52,64,72,40,44,52,1
dual_l1,0,101,2,0.320529,0.164775,0.234506,1.03279,2261.76,0.321398,7.53811,0.183518,0.0176139,0.0224911,0.0149639,0.0544251,0.356559,0.0834828,0.508987,0.135956,1,1,0,222,1,0.0176139,0.361352,0.300232,0.286915,1,2253.91,0.00345614,0.207013,0.894447,0.541923,0.05,300,300,300,300,300,300,107,222,240,69,89,97,42,46,54,1
dual_l1,0,102,6,0.540161,0.155586,-0.120244,1.06337,1173.65,1.02968,3.90872,0.329842,0.0646629,0.0259742,0.00305522,0.0283653,0.0982884,0.0618137,0.538081,0.352037,1,1,13,84,1,0.282405,0.394988,0.623931,0.409809,1,1148.53,0.00345614,0.207013,0.894447,0.541923,0.05,300,300,300,300,300,300,80,84,270,44,48,67,31,35,43,1
dual_l1,0,103,2,0.457232,0.175764,0.263747,1.09026,1776.67,0.320313,5.92115,0.156527,0.0570682,0.0199186,0.0115183,0.0229676,0.213385,0.0617661,0.287706,0.196605,1,1,19,106,1,0.260286,0.437473,0.790443,0.440539,1,1750.66,0.00345614,0.207013,0.894447,0.541923,0.05,300,300,300,300,300,300,102,106,300,71,75,97,51,55,79,1
dual_l1,0,104,7,0.313448,0.115665,0.328273,0.950521,1923.68,0.0797338,6.41201,0.0695912,0.0289745,0.0284486,0.00562584,0.0279129,0.279805,0.132304,0.174443,0.125131,1,1,21,300,0,0.0695912,0.279805,0.174443,0.125131,1,1923.6,0.00345614,0.207013,0.894447,0.541923,0.05,300,300,300,300,300,300,173,300,300,56,60,86,36,40,48,1
dual_l1,0,105,0,0.544314,0.133144,-0.130149,0.987984,1389.83,1.81082,4.62674,0.414324,0.0395412,0.0395193,0.0090969,0.0367876,0.237003,0.20441,0.485811,0.309554,1,1,1,97,1,0.445018,0.270554,0.321979,0.233556,1,1365.66,0.00345614,0.207013,0.894447,0.541923,0.05,300,300,300,300,300,300,83,97,203,53,57,65,24,37,45,1
dual_l1,0,106,6,0.429342,0.0960314,-0.340866,0.98806,2195.99,3.09868,7.30963,0.583248,0.275451,0.0367225,0.00825161,0.0572305,0.287927,0.220432,0.586555,0.587078,1,1,18,169,1,0.61479,0.777551,0.413415,0.468125,1,2151.28,0.00345614,0.207013,0.894447,0.541923,0.05,300,300,300,300,300,300,106,169,207,52,56,64,42,46,54,1
dual_l1,0,107,1,0.450231,0.0595768,0.321664,0.903738,1875.88,0.405145,6.25159,0.168916,0.0177664,0.0366897,0.0124316,0.0432956,0.493232,0.138705,0.505303,0.165427,0,1.6887e-41,25,138,1,0.0894081,0.440646,0.406887,0.09105,0,1856.02,0.00345614,0.207013,0.894447,0.541923,0.05,300,300,300,300,300,300,62,138,300,48,52,60,37,49,57,1
dual_l1,0,108,0,0.443478,0.00231678,-0.29981,0.908354,1203.58,1.43513,4.00715,0.3774,0.103296,0.018644,0.0202241,0.0517098,0.354974,0.0693708,0.501494,0.50213,1,1,7,213,1,0.327671,0.348649,0.510172,0.271383,1,1181.87,0.00345614,0.207013,0.894447,0.541923,0.05,300,300,300,300,300,300,139,213,221,44,65,87,31,43,51,1
dual_l1,0,109,1,0.380998,0.19132,-0.35866,1.09357,1278.43,1.00776,4.25809,0.310571,0.234132,0.043241,0.00403738,0.0323994,0.436468,0.198756,0.44593,0.542693,0,0,0,82,1,0.49549,0.462221,0.430569,0.561885,0,1232.11,0.00345614,0.207013,0.894447,0.541923,0.05,300,300,300,300,300,300,57,82,300,47,51,59,35,48,56,1
dual_l1,0,110,2,0.435811,0.047146,0.0274593,1.07568,1019.32,1.44622,3.39291,0.381749,0.118585,0.0402394,0.0053947,0.0154514,0.151791,0.127292,0.386223,0.253817,0,0.00215441,4,154,1,0.467667,0.250424,0.358858,0.170827,1,964.063,0.00345614,0.207013,0.894447,0.541923,0.05,300,300,300,300,300,300,150,154,300,62,76,84,41,45,53,1
dual_l1,0,111,4,0.430108,0.189412,0.335902,0.94796,981.913,0.071251,3.27281,0.0706414,0.0190347,0.0546814,0.01054,0.0486557,0.364014,0.131019,0.612072,0.166888,1,1,13,129,1,0.119053,0.327285,0.384972,0.162568,1,961.94,0.00345614,0.207013,0.894447,0.541923,0.05,300,300,300,300,300,300,81,129,300,69,73,81,27,31,39,1
dual_l1,0,112,6,0.452412,0.100499,-0.445893,1.06477,2211.81,3.08142,7.36243,0.566996,0.281721,0.0199201,0.00978088,0.028793,0.203092,0.231266,0.479302,0.776782,1,1,17,87,1,0.499336,0.447499,0.521635,0.586135,1,2146.95,0.00345614,0.207013,0.894447,0.541923,0.05,300,300,300,300,300,300,70,87,124,57,61,69,41,56,64,1
dual_l1,0,113,3,0.465147,0.0102467,0.0802397,1.03582,1178.26,0.591001,3.92557,0.232248,0.0481982,0.0183607,0.00728782,0.0108851,0.437817,0.255814,0.379333,0.232229,1,1,4,300,0,0.232248,0.437817,0.379333,0.232229,1,1177.67,0.00345614,0.207013,0.894447,0.541923,0.05,300,300,300,300,300,300,204,300,300,73,77,85,35,45,66,1
dual_l1,0,114,2,0.261734,0.02644,0.311237,1.06736,2105.26,0.2106,7.01683,0.139626,0.0253351,0.0365196,0.0114788,0.044443,0.383536,0.29679,0.321201,0.268711,1,1,20,118,1,0.160971,0.147853,0.229482,0.152276,1,2088.23,0.00345614,0.207013,0.894447,0.541923,0.05,300,300,300,300,300,300,87,118,300,54,58,96,36,40,61,1
dual_l1,0,115,2,0.362424,0.156139,0.113804,1.09538,916.733,0.0424768,3.05564,0.0666763,0.0232238,0.0304096,0.0190679,0.0457402,0.240664,0.150339,0.579668,0.178111,1,0.998285,21,108,1,0.231432,0.345351,0.490269,0.132791,1,902.693,0.00345614,0.207013,0.894447,0.541923,0.05,300,300,300,300,300,300,73,108,300,45,64,108,27,31,39,1
dual_l1,0,116,5,0.280444,0.199126,-0.0593765,1.03058,1940.93,0.0924626,6.46944,0.0966907,0.0237387,0.0103433,0.0143195,0.0218793,0.135457,0.0397177,0.271891,0.24621,1,1,0,150,1,0.350417,0.342395,0.41062,0.273852,1,1933.17,0.00345614,0.207013,0.894447,0.541923,0.05,300,300,300,300,300,300,85,150,300,75,79,87,44,48,56,1
dual_l1,0,117,2,0.545044,0.10804,0.18683,1.06443,1665.65,0.611046,5.55013,0.244131,0.0155348,0.0255385,0.00763776,0.0442662,0.226543,0.19251,0.419713,0.239032,1,1,19,174,1,0.1701,0.12681,0.450603,0.153114,1,1656.91,0.00345614,0.207013,0.894447,0.541923,0.05,300,300,300,300,300,300,72,174,300,61,65,73,46,50,58,1
dual_l1,0,118,5,0.57331,0.115862,0.346437,0.956545,1026.89,0.244224,3.42215,0.121014,0.0381444,0.0118758,0.0114663,0.0342858,0.525107,0.267967,0.602657,0.189255,1,1,0,300,0,0.121014,0.525107,0.602657,0.189255,1,1026.64,0.00345614,0.207013,0.894447,0.541923,0.05,300,300,300,300,300,300,144,300,300,45,85,93,32,36,66,1
dual_l1,0,119,7,0.550234,0.103428,0.0171392,1.05096,1965.99,0.439255,6.55182,0.212345,0.0295693,0.016493,0.0158033,0.0197995,0.135575,0.161755,0.54783,0.146594,1,1,11,193,1,0.187466,0.19195,0.596061,0.195897,1,1958.29,0.00345614,0.207013,0.894447,0.541923,0.05,300,300,300,300,300,300,189,193,201,68,72,80,39,43,51,1
dual_l1,0,120,1,0.491051,0.103772,0.326167,1.08083,1504.85,0.276098,5.01524,0.137896,0.0323224,0.0224858,0.0100791,0.0137361,0.603429,0.260948,0.588432,0.149329,1,1,0,78,1,0.264101,0.251633,0.660016,0.290105,1,1477.68,0.00345614,0.207013,0.894447,0.541923,0.05,300,300,300,300,300,300,62,78,300,49,53,72,33,51,59,1
dual_l1,0,121,3,0.155,0.0864594,0.447545,1.01489,974.147,1.10949,3.24346,0.35144,0.0603694,0.0317836,0.00436715,0.0240977,0.469399,0.077907,0.134973,0.443564,1,1,17,300,0,0.35144,0.469399,0.134973,0.443564,1,973.038,0.00345614,0.207013,0.894447,0.541923,0.05,300,300,300,300,300,300,116,300,300,47,69,77,35,39,47,1
dual_l1,0,122,1,0.258256,0.159277,-0.0531408,0.923701,1901.16,0.286296,6.33625,0.189442,0.0299252,0.0290349,0.0135024,0.023952,0.210739,0.248738,0.554967,0.0972222,0,5.32014e-34,28,92,1,0.316549,0.404053,0.333688,0.335543,0,1852.32,0.00345614,0.207013,0.894447,0.541923,0.05,300,300,300,300,300,300,83,92,300,76,80,88,36,40,48,1
dual_l1,0,123,4,0.358232,0.113332,0.303441,0.979209,1909.1,0.0354437,6.36355,0.0678556,0.0444326,0.0417593,0.00711711,0.0362041,0.218641,0.131095,0.6667,0.158806,1,1,22,183,1,0.183353,0.34664,0.352473,0.0377279,1,1894.43,0.00345614,0.207013,0.894447,0.541923,0.05,300,300,300,300,300,300,179,183,300,57,68,76,38,42,50,1
dual_l1,0,124,4,0.333948,0.131044,0.368322,0.93624,1488.44,0.543394,4.95965,0.222114,0.024658,0.0158035,0.00214513,0.034753,0.23677,0.15064,0.297929,0.19014,1,1,17,137,1,0.275779,0.587224,0.293416,0.0891924,1,1464.66,0.00345614,0.207013,0.894447,0.541923,0.05,300,300,300,300,300,300,92,137,300,48,80,98,32,50,58,1
dual_l1,0,125,4,0.476448,0.0674466,-0.0184329,0.911413,1623.08,1.60675,5.4049,0.397253,0.0317431,0.0403374,0.0149013,0.0359341,0.171787,0.133333,0.435769,0.362887,1,1,41,122,1,0.127283,0.168323,0.550783,0.253473,1,1606.87,0.00345614,0.207013,0.894447,0.541923,0.05,300,300,300,300,300,300,104,122,300,47,75,83,45,49,57,1
dual_l1,0,126,5,0.544885,0.0538348,-0.453117,0.900705,1598.39,4.16482,5.31409,0.636966,0.358592,0.0300408,0.00569822,0.0450939,0.725075,0.28823,0.579158,0.661049,1,1,11,66,1,0.628273,0.680633,0.453109,0.636097,1,1494.39,0.00345614,0.207013,0.894447,0.541923,0.05,300,300,300,300,300,300,62,66,296,46,50,58,31,43,51,1
dual_l1,0,127,4,0.130716,0.0832669,0.266412,0.990079,1848.05,0.195703,6.15953,0.136659,0.0182352,0.0337082,0.0124515,0.0476871,0.459264,0.127092,0.233276,0.0179698,1,1,14,253,1,0.142105,0.331978,0.146465,0.0689772,1,1843.65,0.00345614,0.207013,0.894447,0.541923,0.05,300,300,300,300,300,300,158,253,261,56,60,68,38,42,50,1
dual_l1,0,128,0,0.196907,0.00989924,0.0694762,1.09213,1772.01,0.693126,5.9044,0.251577,0.161123,0.0268512,0.0246898,0.0184756,0.488186,0.390989,0.218026,0.231365,1,1,19,300,0,0.251577,0.488186,0.218026,0.231365,1,1771.32,0.00345614,0.207013,0.894447,0.541923,0.05,300,300,300,300,300,300,125,300,300,55,59,99,51,55,63,1
dual_l1,0,129,3,0.352,0.0659599,-0.0928208,0.960242,2189.36,0.361264,7.29666,0.195176,0.0330363,0.0214637,0.00562986,0.0434013,0.24682,0.3304,0.475745,0.270655,0,9.47631e-37,17,68,1,0.221423,0.224737,0.48276,0.276815,0,2165.55,0.00345614,0.207013,0.894447,0.541923,0.05,300,300,300,300,300,300,59,68,76,53,57,65,48,52,60,1
dual_l1,0,130,4,0.428024,0.0968585,0.199551,0.982909,1196.22,0.213858,3.9867,0.143448,0.0223933,0.0365411,0.00692782,0.0274468,0.15577,0.119286,0.451176,0.029623,1,1,13,112,1,0.205618,0.181151,0.491627,0.0242475,1,1182.92,0.00345614,0.207013,0.894447,0.541923,0.05,300,300,300,300,300,300,76,112,300,45,56,64,43,47,55,1
dual_l1,0,131,3,0.0862009,0.0750974,-0.227658,0.916202,1576.99,1.79495,5.25066,0.41034,0.205188,0.0504666,0.00998876,0.0258331,0.316972,0.137341,0.184716,0.430613,1,1,12,210,1,0.462476,0.568397,0.16239,0.465537,1,1549.67,0.00345614,0.207013,0.894447,0.541923,0.05,300,300,300,300,300,300,120,210,218,38,70,78,30,34,42,1
dual_l1,0,132,6,0.293609,0.109226,0.29207,0.905336,955.267,0.149135,3.18373,0.092348,0.0312425,0.0156846,0.016243,0.0354561,0.32099,0.107731,0.395193,0.0958467,1,1,0,291,1,0.161295,0.285269,0.374896,0.170098,1,954.652,0.00345614,0.207013,0.894447,0.541923,0.05,300,300,300,300,300,300,65,291,300,54,67,75,36,40,48,1
dual_l1,0,133,0,0.267546,0.182568,-0.198971,0.956263,1552.66,1.66332,5.16999,0.4051,0.108101,0.0120191,0.0113626,0.0174876,0.404679,0.164938,0.240793,0.386471,1,1,3,79,1,0.401485,0.110793,0.305724,0.35422,1,1525.08,0.00345614,0.207013,0.894447,0.541923,0.05,300,300,300,300,300,300,60,79,156,46,50,58,33,37,45,1
dual_l1,0,134,3,0.281339,0.0660532,0.301246,1.00076,974.81,0.0481399,3.2492,0.0672265,0.0239539,0.0198699,0.0095247,0.016352,0.403475,0.067695,0.345708,0.0743394,1,1,0,282,1,0.0947889,0.174887,0.419393,0.215062,1,973.551,0.00345614,0.207013,0.894447,0.541923,0.05,300,300,300,300,300,300,244,282,300,62,71,79,33,58,66,1
dual_l1,0,135,0,0.419097,0.119557,-0.374751,1.06635,1495.3,2.01649,4.97761,0.443676,0.139957,0.0378285,0.0080747,0.0340724,0.458085,0.328658,0.44257,0.609097,1,1,0,68,1,0.359921,0.554952,0.531176,0.405481,1,1442.79,0.00345614,0.207013,0.894447,0.541923,0.05,300,300,300,300,300,300,55,68,105,48,52,76,40,44,52,1
dual_l1,0,136,1,0.524284,0.0252642,-0.0594884,0.945971,1279,4.81147,4.2473,0.697506,0.112125,0.0175479,0.0078925,0.00895609,0.633308,0.386992,0.657622,0.340305,0,0,10,300,0,0.697506,0.633308,0.657622,0.340305,0,1274.19,0.00345614,0.207013,0.894447,0.541923,0.05,300,300,300,300,300,300,143,300,300,64,68,76,58,62,70,1
dual_l1,0,137,4,0.389664,0.144146,-0.152223,0.989811,1220.75,0.489633,4.06755,0.223588,0.048696,0.0168339,0.015197,0.0251516,0.363764,0.135954,0.424921,0.410155,1,1,32,53,1,0.496593,0.698214,0.431409,0.472398,1,1191.06,0.00345614,0.207013,0.894447,0.541923,0.05,300,300,300,75,300,300,49,53,61,47,51,59,27,39,47,1
dual_l1,0,138,5,0.427948,0.161493,-0.180874,1.04292,1066.64,0.296883,3.55447,0.18573,0.141911,0.0322758,0.015647,0.0156324,0.125967,0.140398,0.521998,0.357326,1,1,0,84,1,0.288092,0.10916,0.412887,0.403169,1,1046.83,0.00345614,0.207013,0.894447,0.541923,0.05,300,300,300,300,300,300,80,84,300,45,49,57,32,36,44,1
dual_l1,0,139,3,0.213317,0.115767,-0.49004,1.09406,1245.65,4.48813,4.13719,0.665289,0.4325,0.0290757,0.0224048,0.0197006,0.460003,0.0869344,0.293764,0.689196,0,5.0024e-05,0,167,1,0.614977,0.691496,0.206275,0.745529,0,1171.39,0.00345614,0.207013,0.894447,0.541923,0.05,300,300,300,300,300,300,56,167,221,45,49,57,38,42,50,1
dual_l1,0,140,4,0.551431,0.184689,0.463273,1.08564,897.021,0.350352,2.9889,0.181693,0.0540762,0.0246495,0.0160756,0.0261436,0.645469,0.0798122,0.559708,0.290878,1,1,11,300,0,0.181693,0.645469,0.559708,0.290878,1,896.671,0.00345614,0.207013,0.894447,0.541923,0.05,300,300,300,300,300,300,300,300,300,57,61,69,35,49,68,1
dual_l1,0,141,4,0.390135,0.0293785,-0.445178,0.910315,1016.53,10.2733,3.35419,1.00996,0.407693,0.0161361,0.010717,0.00821493,0.551502,0.381658,0.334126,0.601754,1,1,1,66,1,0.650214,0.679524,0.375732,0.648,1,892.875,0.00345614,0.207013,0.894447,0.541923,0.05,300,300,300,300,300,300,62,66,300,44,48,56,33,37,45,1
dual_l1,0,142,2,0.555856,0.146848,-0.133017,1.09243,1335,0.75542,4.4475,0.280745,0.0460604,0.012972,0.00527511,0.00438647,0.274534,0.12812,0.649119,0.421885,1,1,0,77,1,0.349645,0.186517,0.485403,0.375966,1,1314.95,0.00345614,0.207013,0.894447,0.541923,0.05,300,300,300,300,300,300,73,77,85,51,55,63,48,52,60,1
dual_l1,0,143,6,0.278675,0.149938,0.451662,1.06935,1009.43,0.374038,3.36354,0.16286,0.0615946,0.0287117,0.00851375,0.0114499,0.317901,0.18749,0.293569,0.245281,1,1,0,300,0,0.16286,0.317901,0.293569,0.245281,1,1009.06,0.00345614,0.207013,0.894447,0.541923,0.05,300,300,300,300,300,300,149,300,300,61,65,123,38,42,50,1
dual_l1,0,144,0,0.475572,0.177201,-0.407409,0.99081,1816.68,1.93366,6.04917,0.440184,0.263637,0.0253858,0.0168369,0.027068,0.489118,0.100732,0.48443,0.595635,1,1,16,79,1,0.526651,0.323935,0.406301,0.62604,1,1746.93,0.00345614,0.207013,0.894447,0.541923,0.05,300,300,300,300,300,300,67,79,150,35,53,75,31,35,43,1
dual_l1,0,145,6,0.566664,0.0721196,-0.416387,0.958551,1499,2.51814,4.98827,0.530624,0.264956,0.0475067,0.0210234,0.0107064,0.184592,0.245075,0.463364,0.542246,1,1,16,71,1,0.270344,0.521048,0.417124,0.756729,1,1428.43,0.00345614,0.207013,0.894447,0.541923,0.05,300,300,300,300,300,300,67,71,79,47,51,59,40,44,52,1
dual_l1,0,146,0,0.298974,0.166503,0.0602027,1.03703,1337.64,0.170722,4.45823,0.111943,0.0346386,0.0329916,0.00601039,0.0329976,0.220293,0.116386,0.37043,0.117832,1,1,0,84,1,0.296512,0.241602,0.522428,0.185395,1,1324.96,0.00345614,0.207013,0.894447,0.541923,0.05,300,300,300,300,300,300,72,84,189,46,50,68,36,40,48,1
dual_l1,0,147,4,0.25293,0.0235697,0.44374,1.00884,1382.06,1.03918,4.60342,0.306427,0.0442307,0.0192057,0.00871517,0.0231236,0.218056,0.172167,0.456946,0.119356,1,1,28,300,0,0.306427,0.218056,0.456946,0.119356,1,1381.03,0.00345614,0.207013,0.894447,0.541923,0.05,300,300,300,300,300,300,300,300,300,56,124,201,36,40,62,1
dual_l1,0,148,5,0.219042,0.075115,-0.487367,0.976007,2135.45,1.38826,7.11355,0.400745,0.400745,0.0238865,0.0138099,0.0152197,0.375549,0.260538,0.282589,0.683296,1,1,0,77,1,0.704968,0.594731,0.161526,0.766921,1,2037.3,0.00345614,0.207013,0.894447,0.541923,0.05,300,300,300,300,300,300,54,77,300,50,54,62,38,42,50,1
dual_l1,0,149,7,0.49087,0.187988,-0.432723,0.907305,1658.67,4.8166,5.51286,0.679303,0.18864,0.0369335,0.0141436,0.03278,0.661155,0.223903,0.627527,0.579729,1,1,0,63,1,0.233249,0.303836,0.395773,0.549622,1,1579.5,0.00345614,0.207013,0.894447,0.541923,0.05,300,300,300,300,300,300,59,63,85,57,61,69,27,50,58,1
dual_l1,0,150,4,0.23773,0.0205528,0.0989499,1.0157,1521.66,0.095732,5.07189,0.0991488,0.0725462,0.0142275,0.0161659,0.0247317,0.316274,0.11891,0.233291,0.141792,1,1,42,178,1,0.182006,0.232993,0.406234,0.119766,1,1513.04,0.00345614,0.207013,0.894447,0.541923,0.05,300,300,300,300,300,300,62,178,186,57,61,69,49,53,61,1
dual_l1,0,151,3,0.267625,0.116291,0.48739,1.09607,1689.59,0.486987,5.63034,0.193806,0.0650715,0.0281348,0.0136972,0.0368793,0.47093,0.119339,0.301664,0.252871,1,1,19,300,0,0.193806,0.47093,0.301664,0.252871,1,1689.1,0.00345614,0.207013,0.894447,0.541923,0.05,300,300,300,300,300,300,262,300,300,46,84,92,41,45,69,1
dual_l1,0,152,2,0.267748,0.129448,-0.363067,1.09948,2377.5,2.24048,7.91752,0.458278,0.301536,0.0307005,0.00856093,0.0218952,0.395432,0.313089,0.404839,0.469178,1,1,1,110,1,0.322601,0.300417,0.454457,0.387945,1,2327.36,0.00345614,0.207013,0.894447,0.541923,0.05,300,300,300,300,300,300,106,110,274,50,60,92,42,52,60,1
dual_l1,0,153,6,0.472283,0.0514235,-0.0310422,0.93934,2264.2,0.276712,7.54641,0.14752,0.0337524,0.0222069,0.00898089,0.0249116,0.193044,0.187819,0.422245,0.20841,1,1,21,69,1,0.4285,0.42944,0.52127,0.306002,1,2220.33,0.00345614,0.207013,0.894447,0.541923,0.05,300,300,300,300,300,300,65,69,77,51,55,63,44,48,56,1
dual_l1,0,154,3,0.46777,0.0119983,0.0146108,0.929361,1789.56,7.71202,5.9395,0.874318,0.303649,0.0387351,0.0132531,0.0219322,0.617221,0.54344,0.772701,0.21202,1,1,13,300,0,0.874318,0.617221,0.772701,0.21202,1,1781.85,0.00345614,0.207013,0.894447,0.541923,0.05,300,300,300,300,300,300,300,300,300,36,71,191,32,36,44,1
dual_l1,0,155,3,0.474659,0.0668752,-0.351708,1.09197,1394.1,0.473936,4.64541,0.212682,0.21123,0.0362894,0.0105853,0.0376555,0.558644,0.14363,0.372667,0.607404,1,1,0,60,1,0.547555,0.576979,0.776302,0.375154,1,1325.28,0.00345614,0.207013,0.894447,0.541923,0.05,300,300,300,300,300,300,56,60,300,44,48,56,35,39,47,1
dual_l1,0,156,5,0.439006,0.147897,-0.477624,1.00564,2165.78,2.5518,7.21077,0.511604,0.325309,0.0185945,0.0232659,0.0170141,0.423824,0.17021,0.414862,0.709135,0,2.12327e-11,0,132,1,0.625235,0.47408,0.282288,0.744137,0,2099.03,0.00345614,0.207013,0.894447,0.541923,0.05,300,300,300,300,300,300,85,132,140,48,52,60,39,43,51,1
dual_l1,0,157,6,0.328317,0.183572,0.331077,1.04589,1289.79,0.675572,4.29706,0.237851,0.0207236,0.020166,0.0126692,0.0231788,0.248014,0.173694,0.274292,0.098867,1,1,6,300,0,0.237851,0.248014,0.274292,0.098867,1,1289.12,0.00345614,0.207013,0.894447,0.541923,0.05,300,300,300,300,300,300,69,300,300,53,64,72,40,44,52,1
dual_l1,0,158,7,0.397925,0.0863057,0.0679777,1.06345,2232.58,0.285211,7.44098,0.156698,0.0252002,0.0305564,0.00744523,0.0223953,0.174661,0.243321,0.282831,0.172675,1,1,24,93,1,0.153942,0.116563,0.451916,0.215307,1,2222.22,0.00345614,0.207013,0.894447,0.541923,0.05,300,300,300,300,300,300,89,93,115,87,91,99,46,50,58,1
dual_l1,0,159,0,0.274494,0.160454,-0.424854,1.04687,1212.59,1.75955,4.03611,0.42722,0.205982,0.016076,0.0074088,0.0324801,0.558854,0.169661,0.391444,0.630712,1,1,0,94,1,0.563895,0.561187,0.450422,0.723206,1,1130.26,0.00345614,0.207013,0.894447,0.541923,0.05,300,300,300,300,300,300,80,94,299,44,48,56,39,43,51,1
dual_l1,0,160,2,0.457623,0.137054,0.359151,1.02534,1029.78,0.184659,3.43199,0.144394,0.0145949,0.0413001,0.00734087,0.034863,0.429242,0.104995,0.267206,0.0587829,0,6.75892e-06,1,300,0,0.144394,0.429242,0.267206,0.0587829,0,1029.6,0.00345614,0.207013,0.894447,0.541923,0.05,300,300,300,300,300,300,65,300,300,52,56,64,39,43,51,1
dual_l1,0,161,3,0.247617,0.0170831,0.243411,1.01299,861.838,0.22108,2.87206,0.181349,0.0311402,0.0149731,0.013645,0.0168628,0.261932,0.121728,0.387236,0.0879844,0,1.52222e-25,1,78,1,0.261902,0.253174,0.384252,0.056225,0,831.154,0.00345614,0.207013,0.894447,0.541923,0.05,300,300,300,300,300,300,74,78,300,43,57,65,25,40,48,1
dual_l1,0,162,3,0.481259,0.136032,-0.437384,0.953037,2195.72,8.06439,7.29217,0.878364,0.235194,0.0247782,0.0163049,0.0352347,0.706766,0.477406,0.760503,0.550532,1,1,15,64,1,0.579747,0.812253,0.585682,0.476181,1,2096.4,0.00345614,0.207013,0.894447,0.541923,0.05,300,300,300,300,300,300,60,64,300,55,59,67,43,47,55,1
dual_l1,0,163,6,0.391819,0.0506855,-0.227726,0.959679,1544.98,1.64734,5.14444,0.394549,0.165786,0.023663,0.0105681,0.0266197,0.26471,0.192169,0.559014,0.36722,1,1,7,111,1,0.23299,0.208378,0.391444,0.416838,1,1505.76,0.00345614,0.207013,0.894447,0.541923,0.05,300,300,300,300,300,300,79,111,238,54,58,91,42,46,54,1
dual_l1,0,164,6,0.555059,0.176269,0.0321871,1.04234,1814.58,0.364126,6.04739,0.215861,0.0195656,0.0201211,0.0259056,0.0266936,0.332,0.12079,0.639815,0.277204,1,1,18,89,1,0.199845,0.163348,0.615395,0.174898,1,1801.25,0.00345614,0.207013,0.894447,0.541923,0.05,300,300,300,300,300,300,66,89,97,50,61,69,44,48,56,1
dual_l1,0,165,2,0.476956,0.132888,0.224128,1.09079,1280.84,0.134625,4.26902,0.154987,0.0110926,0.0362111,0.0128144,0.0275152,0.218521,0.15188,0.305734,0.184195,0,2.52044e-28,15,110,1,0.0644259,0.6117,0.539543,0.0376483,0,1264.61,0.00345614,0.207013,0.894447,0.541923,0.05,300,300,300,300,300,300,106,110,205,53,63,71,36,40,48,1
dual_l1,0,166,4,0.545898,0.167662,-0.0972729,0.940786,1633.98,0.86372,5.44371,0.299105,0.00876737,0.0395587,0.00647625,0.0312024,0.300186,0.104274,0.553595,0.347192,1,1,19,75,1,0.299872,0.337072,0.662054,0.375163,1,1609.24,0.00345614,0.207013,0.894447,0.541923,0.05,300,300,300,300,300,300,65,75,184,46,50,58,39,49,57,1
dual_l1,0,167,3,0.332857,0.124713,-0.221157,1.04191,1132.09,2.31479,3.76592,0.472077,0.230261,0.0160745,0.0153362,0.0209697,0.498215,0.0570912,0.380079,0.329293,1,0.620123,1,152,1,0.289853,0.252778,0.465176,0.373964,1,1091.78,0.00345614,0.207013,0.894447,0.541923,0.05,300,300,300,300,300,300,56,152,203,50,54,62,41,45,53,1
dual_l1,0,168,6,0.399709,0.109512,0.408055,1.02651,1793.06,0.403445,5.97552,0.202263,0.0307426,0.020505,0.00477991,0.0474342,0.158586,0.0934393,0.361181,0.186378,1,1,23,300,0,0.202263,0.158586,0.361181,0.186378,1,1792.66,0.00345614,0.207013,0.894447,0.541923,0.05,300,300,300,300,300,300,113,300,300,74,78,101,44,48,56,1
dual_l1,0,169,7,0.47415,0.142493,-0.3301,0.930501,1859.69,0.813776,6.19626,0.268344,0.137913,0.0288036,0.0164065,0.0407019,0.317395,0.16088,0.534091,0.537425,1,1,7,80,1,0.632633,0.546403,0.42359,0.453254,1,1814.95,0.00345614,0.207013,0.894447,0.541923,0.05,300,300,300,300,300,300,66,80,123,52,64,72,33,37,45,1
dual_l1,0,170,4,0.342889,0.0111725,-0.0323786,1.04115,1152.36,1.79053,3.83522,0.423468,0.0478411,0.038773,0.0137429,0.0358756,0.261502,0.275582,0.362644,0.32179,1,1,12,62,1,0.38921,0.238432,0.41118,0.240854,1,1126.38,0.00345614,0.207013,0.894447,0.541923,0.05,300,300,300,300,300,300,58,62,300,47,58,66,31,45,53,1
dual_l1,0,171,1,0.498061,0.104874,0.282135,0.903824,1295.44,0.212947,4.31741,0.146105,0.0139667,0.0261366,0.0095631,0.0258341,0.280917,0.0813147,0.446266,0.100378,0,3.48697e-09,2,182,1,0.110715,0.143228,0.502186,0.193253,1,1267.11,0.00345614,0.207013,0.894447,0.541923,0.05,300,300,300,300,300,300,100,182,300,44,75,112,39,43,51,1
dual_l1,0,172,6,0.199344,0.154415,0.0828927,0.939536,1209.61,0.59486,4.03006,0.26409,0.0143466,0.0338508,0.00918986,0.0281068,0.143667,0.154088,0.145313,0.0557895,1,1,22,105,1,0.1676,0.298067,0.175367,0.051521,1,1198.7,0.00345614,0.207013,0.894447,0.541923,0.05,300,300,300,300,300,300,101,105,300,48,69,77,32,36,44,1
dual_l1,0,173,0,0.313304,0.107235,0.0522085,0.974509,2156.29,0.346761,7.18648,0.186465,0.0102005,0.0327139,0.0159376,0.0149866,0.305346,0.138551,0.327417,0.177965,1,1,0,94,1,0.170549,0.132086,0.3998,0.202868,1,2144.42,0.00345614,0.207013,0.894447,0.541923,0.05,300,300,300,300,300,300,66,94,300,54,58,66,34,38,46,1
dual_l1,0,174,4,0.422075,0.0449494,0.419293,1.09679,1519.1,0.0433735,5.06352,0.0822258,0.0462908,0.0346158,0.0134664,0.0219511,0.343745,0.351049,0.550043,0.341295,1,1,38,300,0,0.0822258,0.343745,0.550043,0.341295,1,1519.06,0.00345614,0.207013,0.894447,0.541923,0.05,300,300,300,300,300,300,300,300,300,60,76,111,36,51,70,1
dual_l1,0,175,1,0.375296,0.00847425,-0.104552,0.927229,1301.74,6.77718,4.31654,0.838925,0.333456,0.0243779,0.0105325,0.0527537,0.446633,0.395767,0.335125,0.396514,0,1.47709e-31,0,300,0,0.838925,0.446633,0.335125,0.396514,0,1294.96,0.00345614,0.207013,0.894447,0.541923,0.05,300,300,300,300,300,300,300,300,300,49,89,258,35,39,47,1
dual_l1,0,176,7,0.456261,0.0255399,-0.0558864,1.037,1285.12,2.16005,4.27655,0.486734,0.170423,0.0329857,0.0143832,0.0314319,0.235264,0.260572,0.491668,0.0943565,1,1,1,75,1,0.223178,0.231923,0.803107,0.0970998,1,1232.35,0.00345614,0.207013,0.894447,0.541923,0.05,300,300,300,300,300,300,71,75,123,50,54,62,47,51,59,1
dual_l1,0,177,3,0.35681,0.192959,-0.447543,1.05992,1084.48,3.94304,3.60179,0.636031,0.189746,0.0156968,0.00866789,0.0294313,0.44117,0.160808,0.322878,0.760659,0,1.48419e-21,0,179,1,0.487815,0.430074,0.36072,0.613161,0,1042.24,0.00345614,0.207013,0.894447,0.541923,0.05,300,300,300,300,300,300,116,179,300,41,60,68,30,34,42,1
dual_l1,0,178,2,0.432332,0.139265,-0.201458,0.979951,1904.55,0.810781,6.34579,0.271028,0.0686777,0.0196247,0.00760499,0.0463285,0.260418,0.279756,0.540594,0.370975,1,1,19,104,1,0.282291,0.370024,0.618062,0.393055,1,1880.99,0.00345614,0.207013,0.894447,0.541923,0.05,300,300,300,300,300,300,59,104,112,48,52,60,38,42,50,1
dual_l1,0,179,2,0.546058,0.138167,-0.304414,1.08492,1753.92,3.35202,5.83522,0.568195,0.133831,0.0152025,0.010025,0.0310007,0.405436,0.206775,0.589208,0.526915,1,1,20,70,1,0.484813,0.393791,0.726386,0.349973,1,1705.05,0.00345614,0.207013,0.894447,0.541923,0.05,300,300,300,300,300,300,66,70,300,50,63,71,36,48,56,1
dual_l1,0,180,5,0.402943,0.104072,-0.239525,1.03102,1357.15,1.99901,4.51718,0.444672,0.150597,0.0338509,0.0104808,0.0394705,0.239132,0.157425,0.533795,0.426662,1,1,2,61,1,0.524191,0.202,0.2551,0.151664,1,1315.41,0.00345614,0.207013,0.894447,0.541923,0.05,300,300,300,300,300,300,57,61,300,45,59,67,30,34,42,1
dual_l1,0,181,4,0.324557,0.156846,0.496078,1.06368,2591.89,0.98144,8.63636,0.310116,0.0325668,0.0179807,0.0092021,0.0384646,0.566793,0.150239,0.288869,0.260545,1,1,39,300,0,0.310116,0.566793,0.288869,0.260545,1,2590.91,0.00345614,0.207013,0.894447,0.541923,0.05,300,300,300,300,300,300,95,300,300,53,73,81,48,52,60,1
dual_l1,0,182,1,0.41049,0.0981926,0.190545,1.03335,1315.94,1.68093,4.38086,0.412153,0.0220388,0.0154418,0.0176039,0.023875,0.157289,0.221673,0.493563,0.0922101,0,8.00732e-05,0,178,1,0.108606,0.548475,0.66581,0.126902,1,1295.89,0.00345614,0.207013,0.894447,0.541923,0.05,300,300,300,300,300,300,89,178,300,45,49,57,31,35,43,1
dual_l1,0,183,0,0.47234,0.0608584,-0.339391,0.927808,1113.01,1.90779,3.70367,0.437726,0.310664,0.0211449,0.0144471,0.0203424,0.492141,0.197126,0.406033,0.418749,1,1,15,65,1,0.472413,0.698042,0.529844,0.42199,1,1043.15,0.00345614,0.207013,0.894447,0.541923,0.05,300,300,300,300,300,300,61,65,244,45,49,57,35,39,47,1
dual_l1,0,184,0,0.399959,0.119254,-0.479024,1.06614,1758.06,4.97288,5.84364,0.700973,0.325326,0.0172935,0.0116228,0.026876,0.747868,0.192144,0.358429,0.642835,1,1,21,105,1,0.766886,0.762821,0.434042,0.640128,1,1674.82,0.00345614,0.207013,0.894447,0.541923,0.05,300,300,300,300,300,300,66,105,151,50,54,62,39,43,51,1
dual_l1,0,185,6,0.431881,0.00468786,-0.116189,0.993016,1417.69,6.01197,4.70559,0.753579,0.175674,0.0115748,0.00419872,0.035163,0.490915,0.444513,0.450954,0.174681,1,1,7,149,1,0.697018,0.519308,0.678886,0.228526,1,1372.13,0.00345614,0.207013,0.894447,0.541923,0.05,300,300,300,300,300,300,145,149,300,44,60,68,41,45,53,1
dual_l1,0,186,6,0.395978,0.00931933,-0.43667,1.04902,1460.7,3.54615,4.85718,0.586824,0.400909,0.0289267,0.0190863,0.0309646,0.47376,0.344824,0.268997,0.518969,1,1,13,81,1,0.841762,0.67168,0.230194,0.645696,1,1364.39,0.00345614,0.207013,0.894447,0.541923,0.05,300,300,300,300,300,300,77,81,146,41,70,78,31,35,43,1
dual_l1,0,187,2,0.374301,0.0721863,0.430648,0.915931,1799.6,0.263256,5.99779,0.145737,0.054129,0.0237358,0.013227,0.0182062,0.204186,0.200768,0.473241,0.18772,1,1,17,272,1,0.0772339,0.52424,0.291065,0.207209,1,1795.9,0.00345614,0.207013,0.894447,0.541923,0.05,300,300,300,300,300,300,243,272,300,52,56,81,42,46,54,1
dual_l1,0,188,3,0.444106,0.0633949,0.127713,1.02036,1488.58,0.0363972,4.96183,0.0714995,0.0146535,0.0227135,0.013096,0.0383379,0.238187,0.123133,0.536642,0.0921824,1,1,0,121,1,0.102432,0.0459684,0.476443,0.0228976,1,1477.57,0.00345614,0.207013,0.894447,0.541923,0.05,300,300,300,300,300,300,64,121,170,51,55,63,32,36,62,1
dual_l1,0,189,2,0.237483,0.18687,-0.0599778,1.03705,888.699,0.617365,2.96027,0.269219,0.00433589,0.0313828,0.0231432,0.0292953,0.146379,0.134705,0.284394,0.308706,1,1,2,69,1,0.139439,0.384114,0.386221,0.231158,1,869.846,0.00345614,0.207013,0.894447,0.541923,0.05,300,300,300,300,300,300,55,69,300,42,46,54,23,27,35,1
dual_l1,0,190,1,0.501897,0.192414,-0.22021,1.04001,1113.02,1.06146,3.70651,0.342686,0.140448,0.0140304,0.00266743,0.0333004,0.51896,0.293591,0.450024,0.4297,1,1,2,57,1,0.331199,0.217107,0.59401,0.107647,1,1075.74,0.00345614,0.207013,0.894447,0.541923,0.05,300,300,300,300,300,300,53,57,300,47,51,59,40,44,52,1
dual_l1,0,191,0,0.382468,0.148138,-0.43464,1.03866,1724.59,1.81428,5.74257,0.415922,0.195114,0.0166124,0.00941204,0.0160466,0.274529,0.171019,0.417447,0.662724,1,1,20,99,1,0.195917,0.170164,0.216431,0.556435,1,1652.94,0.00345614,0.207013,0.894447,0.541923,0.05,300,300,300,300,300,300,77,99,107,48,52,60,35,39,47,1
dual_l1,0,192,0,0.271329,0.16163,0.462692,1.06243,1387.46,1.5809,4.61961,0.408214,0.0386662,0.0313545,0.00653958,0.019136,0.287764,0.239835,0.222127,0.232182,1,1,20,300,0,0.408214,0.287764,0.222127,0.232182,1,1385.88,0.00345614,0.207013,0.894447,0.541923,0.05,300,300,300,300,300,300,147,300,300,56,60,144,45,49,57,1
dual_l1,0,193,5,0.266134,0.00703707,-0.176509,1.03016,1952.15,7.94158,6.48069,0.859898,0.0412535,0.0112096,0.0163935,0.0101477,0.519885,0.385613,0.107011,0.374808,1,1,16,61,1,0.412961,0.182686,0.343595,0.290076,1,1869.66,0.00345614,0.207013,0.894447,0.541923,0.05,300,300,300,300,300,300,57,61,300,48,52,60,35,39,47,1
dual_l1,0,194,7,0.458854,0.125824,0.397058,0.970621,2114.13,0.388369,7.04579,0.186843,0.0367275,0.041852,0.0177786,0.0233271,0.465141,0.20848,0.508896,0.215802,1,1,23,100,1,0.0982191,0.492986,0.556599,0.439807,1,2080.76,0.00345614,0.207013,0.894447,0.541923,0.05,300,300,300,300,300,300,96,100,300,76,80,88,50,54,62,1
dual_l1,0,195,6,0.439348,0.128212,-0.00982952,1.08778,1429.57,0.111788,4.76488,0.111217,0.0290773,0.0204616,0.0093409,0.0273807,0.170343,0.140391,0.308372,0.210189,1,1,33,104,1,0.229435,0.279124,0.287067,0.110101,1,1419.52,0.00345614,0.207013,0.894447,0.541923,0.05,300,300,300,300,300,300,69,104,292,46,58,66,36,48,56,1
dual_l1,0,196,0,0.458946,0.188885,-0.19503,0.9212,1446.69,0.671478,4.82006,0.251008,0.166295,0.0366915,0.0127928,0.0432514,0.204048,0.296334,0.636557,0.418438,1,1,0,73,1,0.312423,0.230827,0.464071,0.438681,1,1412.85,0.00345614,0.207013,0.894447,0.541923,0.05,300,300,300,162,300,300,53,73,168,52,56,64,38,49,57,1
dual_l1,0,197,2,0.366704,0.19453,-0.239064,0.92771,1904,0.13285,6.34622,0.121799,0.121799,0.0228776,0.0204577,0.0770701,0.205329,0.160732,0.545331,0.371678,1,1,19,60,1,0.462559,0.492898,0.619109,0.223069,1,1866.15,0.00345614,0.207013,0.894447,0.541923,0.05,300,300,300,300,300,300,47,60,300,35,39,47,29,39,47,1
dual_l1,0,198,6,0.330939,0.01679,-0.0436857,0.943147,2240.8,0.680091,7.46707,0.256759,0.111119,0.0429072,0.0107203,0.0127813,0.118518,0.209826,0.377733,0.121754,1,1,16,63,1,0.242386,0.201078,0.478053,0.231036,1,2212.13,0.00345614,0.207013,0.894447,0.541923,0.05,300,300,300,300,300,300,59,63,71,58,62,70,38,42,61,1
dual_l1,0,199,3,0.288421,0.0742722,-0.370942,0.992868,1512.43,2.49233,5.03314,0.499666,0.266605,0.0307459,0.0101812,0.0246735,0.360796,0.35517,0.600654,0.377976,1,1,16,131,1,0.445773,0.242135,0.332775,0.621208,1,1444.4,0.00345614,0.207013,0.894447,0.541923,0.05,300,300,300,300,300,300,98,131,300,60,64,72,34,38,46,1
dual_l1,0,200,4,0.39333,0.0385997,0.149961,1.03973,1586.21,0.331894,5.28626,0.169985,0.0186782,0.0219661,0.0037159,0.0347355,0.421252,0.280874,0.297512,0.14394,1,1,30,75,1,0.197545,0.270769,0.487218,0.0502034,1,1564.46,0.00345614,0.207013,0.894447,0.541923,0.05,300,300,300,300,300,300,71,75,300,49,62,70,43,47,55,1
dual_l1,0,201,7,0.34508,0.0820432,0.0260674,0.911615,1560.36,0.143064,5.20073,0.103091,0.0184037,0.0143981,0.00918734,0.0321221,0.226031,0.161888,0.499525,0.164712,1,1,22,89,1,0.140223,0.138796,0.393081,0.318034,1,1545.95,0.00345614,0.207013,0.894447,0.541923,0.05,300,300,300,300,300,300,85,89,282,50,54,62,36,47,55,1
dual_l1,0,202,1,0.282835,0.0132288,-0.0493332,1.00673,2570.93,10.7324,8.53399,1.03011,0.495635,0.0294164,0.00743699,0.0250556,0.388403,0.849565,0.434504,0.184647,1,1,25,300,0,1.03011,0.388403,0.434504,0.184647,1,2560.2,0.00345614,0.207013,0.894447,0.541923,0.05,300,300,300,300,300,300,300,300,300,74,86,94,42,58,76,1
dual_l1,0,203,0,0.262982,0.147575,0.272366,1.05615,1719.06,0.544735,5.7284,0.250381,0.0388596,0.0103224,0.0236702,0.022749,0.311813,0.0653764,0.214459,0.0588253,1,1,23,251,1,0.101373,0.227016,0.319883,0.063343,1,1713.12,0.00345614,0.207013,0.894447,0.541923,0.05,300,300,300,300,300,300,84,251,300,52,56,74,37,53,61,1
dual_l1,0,204,2,0.251264,0.12673,0.367648,1.02011,1235.77,0.571246,4.11733,0.220806,0.0445285,0.0314852,0.00592805,0.0272119,0.246994,0.182443,0.227488,0.0219962,0,4.22157e-05,183,300,0,0.220806,0.246994,0.227488,0.0219962,0,1235.2,0.00345614,0.207013,0.894447,0.541923,0.05,300,300,300,300,300,300,72,300,300,46,50,67,34,38,46,1
dual_l1,0,205,7,0.414293,0.115268,-0.132117,0.974594,1133.87,0.645936,3.77743,0.256908,0.0928228,0.0311653,0.0194188,0.027382,0.213994,0.207384,0.462707,0.311159,1,1,19,107,1,0.293644,0.485998,0.486247,0.254447,1,1110.22,0.00345614,0.207013,0.894447,0.541923,0.05,300,300,300,300,300,300,96,107,276,43,47,68,31,44,52,1
dual_l1,0,206,5,0.52824,0.0765712,0.331698,0.92456,932.242,0.593546,3.1055,0.234953,0.0224414,0.0170663,0.0107943,0.0204454,0.202691,0.143191,0.648374,0.111998,1,1,17,90,1,0.220166,0.301474,0.492132,0.13949,1,906.321,0.00345614,0.207013,0.894447,0.541923,0.05,300,300,300,300,300,300,58,90,300,48,52,60,34,38,46,1
dual_l1,0,207,1,0.380008,0.0651765,0.204053,1.04782,1514.15,0.0494476,5.04701,0.0775154,0.0179654,0.0441921,0.00730095,0.046717,0.163463,0.320484,0.346953,0.35811,0,5.71422e-22,16,300,0,0.0775154,0.163463,0.346953,0.35811,0,1514.1,0.00345614,0.207013,0.894447,0.541923,0.05,300,300,300,300,300,300,95,300,300,51,55,91,35,50,58,1
dual_l1,0,208,2,0.249788,0.0586839,0.25172,1.03246,832.32,0.0211658,2.77433,0.0630288,0.0103364,0.0169588,0.0151214,0.0460337,0.333517,0.142782,0.23125,0.21646,0,4.68573e-07,7,93,1,0.243895,0.277006,0.15896,0.0540744,1,798.365,0.00345614,0.207013,0.894447,0.541923,0.05,300,300,300,300,300,300,89,93,300,55,59,67,30,34,42,1
dual_l1,0,209,3,0.21243,0.0980783,0.13412,1.05215,1758.4,0.021037,5.86128,0.0446858,0.0125678,0.0241288,0.0164066,0.0321203,0.105808,0.116044,0.327503,0.142205,1,1,21,93,1,0.237884,0.328746,0.23836,0.0523691,1,1747.44,0.00345614,0.207013,0.894447,0.541923,0.05,300,300,300,300,300,300,89,93,300,62,66,90,40,44,52,1
dual_l1,0,210,1,0.54445,0.144207,0.181289,1.08703,2137.42,0.499699,7.12305,0.219009,0.0325438,0.0153474,0.00796481,0.028381,0.215677,0.14064,0.646153,0.140782,1,0.999975,0,142,1,0.18212,0.169923,0.68593,0.134488,1,2128,0.00345614,0.207013,0.894447,0.541923,0.05,300,300,300,300,300,300,121,142,233,71,75,98,43,54,81,1
dual_l1,0,211,6,0.485506,0.129978,-0.260955,0.995808,1088.84,0.966085,3.62626,0.301338,0.12036,0.0179482,0.00582141,0.0187302,0.307952,0.125543,0.422689,0.393859,1,1,0,58,1,0.379503,0.315265,0.41232,0.558544,1,1052.06,0.00345614,0.207013,0.894447,0.541923,0.05,300,300,300,300,300,300,54,58,66,47,51,59,34,45,53,1
dual_l1,0,212,4,0.471623,0.195128,0.364158,0.904296,2339.03,0.328362,7.79569,0.184819,0.0263901,0.0286195,0.00534903,0.0549236,0.181006,0.100723,0.317735,0.336121,1,1,40,300,0,0.184819,0.181006,0.317735,0.336121,1,2338.71,0.00345614,0.207013,0.894447,0.541923,0.05,300,300,300,300,300,300,144,300,300,55,59,67,45,49,57,1
dual_l1,0,213,2,0.594101,0.0220807,0.437778,1.02954,1296.98,0.134754,4.32283,0.149596,0.040675,0.00718814,0.0123258,0.0292199,0.532245,0.206101,0.381475,0.0487387,1,1,11,300,0,0.149596,0.532245,0.381475,0.0487387,1,1296.85,0.00345614,0.207013,0.894447,0.541923,0.05,300,300,300,300,300,300,300,300,300,78,82,90,38,42,50,1
dual_l1,0,214,1,0.517049,0.037505,0.379434,0.90455,2063.62,0.274921,6.87782,0.170901,0.0540367,0.0295668,0.00869024,0.0127438,0.25193,0.343532,0.709853,0.509725,0,1.4013e-45,-1,300,0,0.170901,0.25193,0.709853,0.509725,0,2063.34,0.00345614,0.207013,0.894447,0.541923,0.05,300,300,300,300,300,300,194,300,300,54,86,128,39,43,51,1
dual_l1,0,215,5,0.292733,0.147024,0.198044,0.966564,1277.2,0.545112,4.25552,0.22837,0.0459247,0.0189854,0.0145462,0.0153742,0.231199,0.26724,0.390856,0.136889,1,1,0,147,1,0.28946,0.517728,0.3863,0.0802283,1,1262.39,0.00345614,0.207013,0.894447,0.541923,0.05,300,300,300,300,300,300,134,147,300,61,65,73,35,48,56,1
dual_l1,0,216,6,0.307077,0.140961,-0.170052,0.951822,1432.92,2.04744,4.76959,0.457338,0.0375388,0.00962084,0.00316233,0.0281418,0.194295,0.158521,0.335016,0.364686,1,1,19,109,1,0.19816,0.0738193,0.366589,0.567306,1,1410.91,0.00345614,0.207013,0.894447,0.541923,0.05,300,300,300,300,300,300,79,109,145,60,64,72,35,39,47,1
dual_l1,0,217,4,0.491211,0.175249,-0.169126,0.977942,1598.39,1.16392,5.32408,0.352917,0.14184,0.0108565,0.0232145,0.0294048,0.17409,0.0809476,0.532986,0.434867,1,1,22,64,1,0.444204,0.41663,0.546562,0.377146,1,1568.62,0.00345614,0.207013,0.894447,0.541923,0.05,300,300,300,300,300,300,60,64,220,49,53,61,37,48,56,1
dual_l1,0,218,7,0.370513,0.0526136,0.228466,0.975062,2675.43,0.128428,8.91767,0.102816,0.0419956,0.0206249,0.0170476,0.0392113,0.332115,0.194195,0.57505,0.0130792,1,1,25,120,1,0.0664784,0.289306,0.445663,0.0634016,1,2665.14,0.00345614,0.207013,0.894447,0.541923,0.05,300,300,300,300,300,300,116,120,300,57,75,98,44,54,62,1
dual_l1,0,219,4,0.20455,0.0919931,0.0046041,1.09293,1666.63,0.0714718,5.5552,0.0782197,0.065699,0.0113553,0.00589034,0.0471375,0.358494,0.0839648,0.32651,0.222815,1,1,19,130,1,0.406486,0.338519,0.095351,0.221315,1,1654.92,0.00345614,0.207013,0.894447,0.541923,0.05,300,300,300,300,300,300,78,130,283,48,71,79,40,44,52,1
dual_l1,0,220,3,0.349874,0.181567,-0.0551224,1.09482,1175.68,0.483654,3.91732,0.23573,0.0775621,0.0549708,0.0114461,0.034447,0.259631,0.0620625,0.370317,0.143817,1,1,1,72,1,0.295587,0.247874,0.432838,0.148673,1,1158.52,0.00345614,0.207013,0.894447,0.541923,0.05,300,300,300,300,300,300,68,72,80,61,65,73,34,47,55,1
dual_l1,0,221,3,0.435133,0.12463,-0.396711,1.03218,1600.31,5.40141,5.31635,0.710192,0.286285,0.0399199,0.0119013,0.0223294,0.746054,0.348481,0.386781,0.571959,1,1,0,136,1,0.819592,0.440642,0.5045,0.740259,1,1545.57,0.00345614,0.207013,0.894447,0.541923,0.05,300,300,300,300,300,300,95,136,300,55,59,67,42,46,54,1
dual_l1,0,222,3,0.36023,0.185861,-0.0169778,1.03292,1813.58,0.768543,6.04271,0.30044,0.0409835,0.0397083,0.00560044,0.0191211,0.148361,0.130481,0.238992,0.170906,1,1,12,76,1,0.243294,0.225901,0.44361,0.295231,1,1796.24,0.00345614,0.207013,0.894447,0.541923,0.05,300,300,300,300,300,300,72,76,300,50,54,62,45,54,62,1
dual_l1,0,223,5,0.358293,0.0337697,-0.439343,1.03823,1155.37,6.59341,3.82924,0.805831,0.356861,0.028685,0.0129215,0.0161154,0.685852,0.298219,0.452717,0.695123,1,1,0,66,1,0.859945,0.767584,0.400721,0.684282,1,1022.47,0.00345614,0.207013,0.894447,0.541923,0.05,300,300,300,300,300,300,62,66,112,44,54,62,33,37,45,1
dual_l1,0,224,3,0.591023,0.162948,0.0421222,1.0548,1300.84,0.335261,4.33502,0.176214,0.0290347,0.0425362,0.00657923,0.0319508,0.247564,0.183708,0.56208,0.118965,1,1,7,141,1,0.202903,0.120306,0.643439,0.154588,1,1290.44,0.00345614,0.207013,0.894447,0.541923,0.05,300,300,300,300,300,300,95,141,238,49,53,61,44,48,56,1
dual_l1,0,225,2,0.489381,0.137919,-0.205132,1.03397,949.471,0.452556,3.16339,0.224619,0.172782,0.0165624,0.0171677,0.0204506,0.370078,0.0872264,0.624819,0.351133,1,1,0,179,1,0.475157,0.240889,0.538364,0.383703,1,931.752,0.00345614,0.207013,0.894447,0.541923,0.05,300,300,300,300,300,300,57,179,300,45,49,57,23,32,40,1
dual_l1,0,226,4,0.346785,0.130861,-0.0311253,0.961309,1253.81,0.45014,4.17788,0.209763,0.0419933,0.00648536,0.0096298,0.0319332,0.22646,0.181247,0.393733,0.211757,1,1,32,105,1,0.211392,0.153876,0.327458,0.266502,1,1241.75,0.00345614,0.207013,0.894447,0.541923,0.05,300,300,300,300,300,300,80,105,113,49,53,61,42,46,54,1
dual_l1,0,227,5,0.175682,0.0286288,-0.0802586,0.940568,1117.56,1.02628,3.72177,0.332744,0.0491064,0.0203003,0.0202501,0.0214966,0.130483,0.210947,0.173621,0.353454,1,1,0,143,1,0.299165,0.208805,0.327413,0.16462,1,1103.74,0.00345614,0.207013,0.894447,0.541923,0.05,300,300,300,300,300,300,108,143,300,59,63,106,39,43,51,1
dual_l1,0,228,4,0.372139,0.199057,0.00622857,0.964079,1565.96,0.468689,5.21831,0.229593,0.0420677,0.021166,0.00883607,0.049125,0.250216,0.124519,0.241415,0.111233,1,1,18,103,1,0.15689,0.161121,0.236964,0.111236,1,1551.34,0.00345614,0.207013,0.894447,0.541923,0.05,300,300,300,300,300,300,55,103,269,47,51,59,31,35,43,1
dual_l1,0,229,7,0.403615,0.0548317,-0.460014,1.00093,1527.47,3.71362,5.07919,0.575365,0.221459,0.00893138,0.0119827,0.0481264,0.793776,0.341359,0.485735,0.698626,1,1,3,244,1,0.562747,0.494673,0.479577,0.767802,1,1511.54,0.00345614,0.207013,0.894447,0.541923,0.05,300,300,300,300,300,300,58,244,300,53,62,70,40,44,52,1
dual_l1,0,230,0,0.181151,0.195115,-0.366314,0.948752,1795.66,3.41324,5.97416,0.586465,0.321549,0.0161102,0.00511394,0.0430064,0.652422,0.118348,0.156549,0.447866,1,1,19,117,1,0.425962,0.479807,0.22877,0.578879,1,1741.4,0.00345614,0.207013,0.894447,0.541923,0.05,300,300,300,300,300,300,59,117,125,53,57,82,49,53,61,1
dual_l1,0,231,7,0.530775,0.147854,-0.239435,1.09642,1764.15,0.0416909,5.88037,0.0562778,0.0562778,0.017343,0.00801693,0.025543,0.307905,0.27352,0.662489,0.476327,1,1,2,135,1,0.231365,0.271518,0.482163,0.490529,1,1745.54,0.00345614,0.207013,0.894447,0.541923,0.05,300,300,300,300,300,300,65,135,166,45,65,73,37,48,56,1
dual_l1,0,232,5,0.395404,0.147821,-0.099721,0.984856,1421.44,0.489225,4.73649,0.234995,0.116928,0.0115756,0.00791557,0.0347958,0.203492,0.140886,0.32961,0.311032,1,1,8,170,1,0.445423,0.268633,0.360676,0.273436,1,1402.43,0.00345614,0.207013,0.894447,0.541923,0.05,300,300,300,300,300,300,79,170,290,43,47,55,31,35,43,1
dual_l1,0,233,6,0.334208,0.0532892,0.0517539,0.963033,2421.12,0.482747,8.0688,0.210804,0.0392152,0.0391769,0.0128948,0.0457232,0.288942,0.141396,0.410308,0.0595895,1,1,21,84,1,0.344625,0.142016,0.516257,0.0797918,1,2401.52,0.00345614,0.207013,0.894447,0.541923,0.05,300,300,300,300,300,300,80,84,217,60,69,77,42,46,54,1
dual_l1,0,234,7,0.532847,0.0165956,0.15255,0.926007,1877.78,1.32008,6.25485,0.374196,0.0524633,0.0125858,0.0160454,0.0270526,0.145372,0.0971356,0.619148,0.119369,1,1,1,300,0,0.374196,0.145372,0.619148,0.119369,1,1876.45,0.00345614,0.207013,0.894447,0.541923,0.05,300,300,300,300,300,300,300,300,300,57,70,78,54,58,66,1
dual_l1,0,235,2,0.335429,0.158757,0.294397,0.927181,2079.84,0.643757,6.93064,0.270706,0.0504412,0.0145193,0.00871998,0.040883,0.322169,0.128279,0.339703,0.137471,1,1,25,300,0,0.270706,0.322169,0.339703,0.137471,1,2079.19,0.00345614,0.207013,0.894447,0.541923,0.05,300,300,300,300,300,300,79,300,300,58,62,70,37,41,49,1
dual_l1,0,236,0,0.330068,0.111171,-0.127836,1.00265,905.71,0.838927,3.01624,0.26431,0.116218,0.0111151,0.0116711,0.0217256,0.279763,0.197252,0.460258,0.254258,1,1,14,130,1,0.19793,0.178938,0.24534,0.285613,1,888.518,0.00345614,0.207013,0.894447,0.541923,0.05,300,300,300,300,300,300,80,130,200,41,45,64,28,32,52,1
dual_l1,0,237,1,0.321865,0.0178815,-0.0820857,1.05529,1712.76,0.548134,5.70738,0.239946,0.0665154,0.01018,0.0219001,0.0406125,0.386539,0.0729762,0.34419,0.17218,1,1,0,113,1,0.535577,0.339668,0.380161,0.361188,1,1694.65,0.00345614,0.207013,0.894447,0.541923,0.05,300,300,300,300,300,300,87,113,213,54,58,66,46,50,58,1
dual_l1,0,238,3,0.450822,0.00175622,0.179298,1.07767,1194.48,0.26587,3.98072,0.175479,0.0197484,0.0269965,0.00485269,0.0314468,0.434687,0.210313,0.334261,0.109376,1,1,1,300,0,0.175479,0.434687,0.334261,0.109376,1,1194.22,0.00345614,0.207013,0.894447,0.541923,0.05,300,300,300,300,300,300,300,300,300,83,87,95,34,38,55,1
dual_l1,0,239,3,0.389855,0.160543,0.274721,1.07469,1206.59,0.956529,4.01876,0.313735,0.0358462,0.0219325,0.00443165,0.0299002,0.365973,0.196139,0.316443,0.157194,1,1,16,300,0,0.313735,0.365973,0.316443,0.157194,1,1205.63,0.00345614,0.207013,0.894447,0.541923,0.05,300,300,300,300,300,300,91,300,300,48,65,73,37,41,49,1
dual_l1,0,240,4,0.266968,0.0897546,0.466402,0.903516,1081.32,0.479,3.60279,0.244699,0.0286209,0.00879147,0.00885165,0.0495488,0.344285,0.126812,0.156876,0.265281,1,1,45,77,1,0.369428,0.282974,0.396038,0.310531,1,1042.34,0.00345614,0.207013,0.894447,0.541923,0.05,300,300,300,300,300,300,73,77,300,64,68,76,28,55,63,1
dual_l1,0,241,0,0.248837,0.0628426,0.0981762,1.0273,1339.04,0.360056,4.46228,0.188189,0.0219217,0.0325853,0.0184779,0.0359942,0.161206,0.294532,0.212494,0.182008,1,1,18,123,1,0.163254,0.0892831,0.216867,0.0623321,1,1328.42,0.00345614,0.207013,0.894447,0.541923,0.05,300,300,300,300,300,300,69,123,244,49,70,78,41,45,69,1
dual_l1,0,242,5,0.304573,0.0848261,-0.164202,1.02574,1720.26,0.27767,5.73328,0.177614,0.0390024,0.0526459,0.00953935,0.0462605,0.270574,0.0365164,0.437262,0.319228,1,1,0,76,1,0.40138,0.446902,0.330495,0.45196,1,1694.18,0.00345614,0.207013,0.894447,0.541923,0.05,300,300,300,300,300,300,60,76,93,48,52,60,34,38,46,1
dual_l1,0,243,4,0.452787,0.117344,0.014937,1.03906,1551.73,0.247244,5.17162,0.144058,0.0472349,0.0435069,0.0172016,0.0342266,0.245639,0.228159,0.391697,0.285498,1,1,18,84,1,0.0736078,0.243615,0.500927,0.199445,1,1534.24,0.00345614,0.207013,0.894447,0.541923,0.05,300,300,300,300,300,300,69,84,107,38,63,81,37,41,49,1
dual_l1,0,244,4,0.314879,0.0996038,0.138993,1.06363,1740.44,0.233949,5.8007,0.138903,0.0285153,0.0457476,0.0178295,0.00890579,0.266369,0.118922,0.295928,0.0719545,1,1,17,111,1,0.0891598,0.250252,0.281166,0.0922251,1,1726.25,0.00345614,0.207013,0.894447,0.541923,0.05,300,300,300,300,300,300,107,111,128,72,76,84,43,47,74,1
dual_l1,0,245,0,0.263911,0.108766,-0.281517,1.00611,1106.29,1.39225,3.683,0.379379,0.208614,0.0227935,0.0170831,0.0275849,0.403335,0.449232,0.401921,0.487554,1,1,16,61,1,0.254928,0.302627,0.2524,0.545714,1,1048.83,0.00345614,0.207013,0.894447,0.541923,0.05,300,300,300,300,300,300,57,61,185,43,56,64,38,42,50,1
dual_l1,0,246,6,0.496762,0.0136613,0.373571,0.939121,1756.51,2.57784,5.84646,0.499279,0.0773196,0.00874841,0.0157252,0.0175516,0.197869,0.486918,0.314084,0.715155,1,1,11,300,0,0.499279,0.197869,0.314084,0.715155,1,1753.94,0.00345614,0.207013,0.894447,0.541923,0.05,300,300,300,300,300,300,121,300,300,77,123,131,40,52,74,1
dual_l1,0,247,4,0.229843,0.0132997,0.194075,1.05208,1455.86,0.0226967,4.85278,0.0607099,0.0175696,0.0159051,0.017055,0.0177328,0.182672,0.101301,0.522015,0.43978,1,1,14,112,1,0.149264,0.250714,0.138003,0.126894,1,1437.2,0.00345614,0.207013,0.894447,0.541923,0.05,300,300,300,300,300,300,94,112,300,63,67,95,41,45,53,1
dual_l1,0,248,5,0.35938,0.046694,-0.461951,0.936598,1698.41,8.04879,5.63454,0.896566,0.454456,0.0192536,0.0049863,0.0145583,0.800514,0.140414,0.510894,0.645346,0,2.2749e-13,10,63,1,0.971811,0.57544,0.452648,0.770472,1,1508.81,0.00345614,0.207013,0.894447,0.541923,0.05,300,300,300,300,300,300,48,63,104,45,49,57,37,41,49,1
dual_l1,0,249,3,0.432344,0.0111603,0.365506,0.967456,1438.69,0.261964,4.79475,0.168159,0.0509475,0.0361211,0.0121754,0.0194213,0.436879,0.205832,0.453357,0.0495527,1,1,10,139,1,0.100896,0.415339,0.246531,0.0152762,1,1414.37,0.00345614,0.207013,0.894447,0.541923,0.05,300,300,300,300,300,300,113,139,147,64,73,81,36,40,48,1
dual_l1,0,250,6,0.519729,0.0134245,-0.456609,1.09444,2153.07,3.71515,7.16452,0.588817,0.359084,0.0292659,0.0146084,0.038839,0.344492,0.395975,0.429463,0.626092,1,1,20,116,1,0.604617,0.494822,0.593394,0.443718,1,2043.95,0.00345614,0.207013,0.894447,0.541923,0.05,300,300,300,300,300,300,81,116,124,54,58,66,40,50,58,1
dual_l1,0,251,1,0.445883,0.116138,-0.104717,1.01473,2352.87,0.19426,7.84227,0.142884,0.0323165,0.0440359,0.0208643,0.0412935,0.356659,0.0539354,0.570137,0.152623,1,1,10,112,1,0.08603,0.295671,0.589798,0.262788,1,2335.65,0.00345614,0.207013,0.894447,0.541923,0.05,300,300,300,300,300,300,66,112,300,50,64,72,48,52,60,1
dual_l1,0,252,5,0.455766,0.128923,0.459528,0.986454,1277.09,0.157888,4.25644,0.128602,0.012177,0.0311857,0.00966718,0.0483303,0.550548,0.158931,0.349002,0.100459,1,1,0,300,0,0.128602,0.550548,0.349002,0.100459,1,1276.93,0.00345614,0.207013,0.894447,0.541923,0.05,300,300,300,300,300,300,235,300,300,51,55,97,37,41,49,1
dual_l1,0,253,0,0.531159,0.0152635,-0.320426,0.955938,1502.1,11.1224,4.96991,1.0563,0.514092,0.0295835,0.0125164,0.0155398,0.443732,0.468919,0.25971,0.241962,1,1,1,294,1,1.01152,0.42589,0.264571,0.127681,1,1485.31,0.00345614,0.207013,0.894447,0.541923,0.05,300,300,300,300,300,300,51,294,300,43,47,55,29,33,41,1
dual_l1,0,254,2,0.395605,0.0678764,0.30129,0.949866,2611.71,0.0471079,8.70553,0.0701503,0.0190833,0.0171603,0.0110092,0.0159992,0.375957,0.0378669,0.578039,0.24515,0,7.93555e-42,16,162,1,0.164154,0.345339,0.643158,0.27268,0,2598.35,0.00345614,0.207013,0.894447,0.541923,0.05,300,300,300,300,300,300,137,162,300,51,55,63,48,52,60,1
dual_l1,0,255,0,0.195428,0.0053344,-0.4513,1.06173,2144.05,6.51015,7.12513,0.809903,0.424554,0.0174303,0.0196315,0.04351,0.206764,0.352851,0.273518,0.644599,1,1,20,160,1,0.935129,0.834835,0.212785,0.535089,1,2045.98,0.00345614,0.207013,0.894447,0.541923,0.05,300,300,300,300,300,300,156,160,300,53,95,119,41,50,58,1
dual_l1,0,256,2,0.362116,0.0635214,-0.414993,0.936322,1808.7,3.37782,6.01773,0.580278,0.381495,0.0078531,0.0137079,0.0393576,0.230421,0.247887,0.422751,0.681284,1,1,26,221,1,0.826387,0.459503,0.383511,0.678914,1,1763.33,0.00345614,0.207013,0.894447,0.541923,0.05,300,300,300,300,300,300,75,221,300,64,68,76,47,51,59,1
dual_l1,0,257,1,0.401548,0.106963,-0.0628724,0.959917,2062.78,0.583372,6.87399,0.248023,0.117064,0.0277452,0.0184275,0.0370359,0.165091,0.19523,0.499901,0.0987967,0,1.09065e-32,12,67,1,0.287117,0.449987,0.606909,0.143599,1,2031.15,0.00345614,0.207013,0.894447,0.541923,0.05,300,300,300,300,300,300,63,67,300,43,47,55,36,40,48,1
dual_l1,0,258,5,0.479024,0.147195,0.0457387,1.04002,1898.43,0.55142,6.32627,0.225288,0.0474341,0.0263996,0.0108534,0.021704,0.118048,0.249274,0.426505,0.187232,0,8.39221e-15,0,85,1,0.0880349,0.321719,0.364179,0.164378,0,1878.41,0.00345614,0.207013,0.894447,0.541923,0.05,300,300,300,300,300,300,76,85,246,48,52,84,38,42,50,1
dual_l1,0,259,0,0.304544,0.0423106,0.242233,1.06864,1434.72,0.021577,4.78232,0.0393695,0.0149185,0.0231558,0.0207704,0.0418192,0.516437,0.0503303,0.247767,0.0883387,1,1,20,211,1,0.395415,0.193511,0.307898,0.102875,1,1428.3,0.00345614,0.207013,0.894447,0.541923,0.05,300,300,300,300,300,300,72,211,300,50,54,62,41,45,53,1
dual_l1,0,260,6,0.437928,0.196073,0.275792,0.937034,2075.32,0.144491,6.91725,0.129012,0.0244476,0.0158714,0.0171569,0.0130301,0.168708,0.162029,0.409417,0.240975,1,1,16,102,1,0.147247,0.111969,0.466437,0.0878601,1,2057.92,0.00345614,0.207013,0.894447,0.541923,0.05,300,300,300,300,300,300,98,102,175,62,66,74,46,50,58,1
dual_l1,0,261,3,0.378486,0.0852083,-0.0255313,1.01488,1785.28,0.742959,5.94845,0.279785,0.036246,0.0365833,0.014206,0.0157573,0.343692,0.175477,0.610239,0.075401,1,1,1,76,1,0.205049,0.197398,0.703739,0.238238,1,1769.07,0.00345614,0.207013,0.894447,0.541923,0.05,300,300,300,300,300,300,72,76,84,55,59,67,37,41,49,1
dual_l1,0,262,2,0.462172,0.173058,0.423891,0.907924,1655.26,0.439551,5.51605,0.186982,0.0351664,0.0148415,0.0121298,0.0331965,0.457361,0.111919,0.577516,0.192702,1,1,19,300,0,0.186982,0.457361,0.577516,0.192702,1,1654.82,0.00345614,0.207013,0.894447,0.541923,0.05,300,300,300,300,300,300,83,300,300,50,54,77,35,39,47,1
dual_l1,0,263,3,0.476636,0.162298,-0.354084,1.0525,1163.41,1.90375,3.87169,0.449123,0.240508,0.0090535,0.00507931,0.0085711,0.218834,0.171574,0.525784,0.738359,1,1,6,114,1,0.469914,0.552402,0.468518,0.552318,1,1121.27,0.00345614,0.207013,0.894447,0.541923,0.05,300,300,300,300,300,300,49,114,300,46,50,58,27,38,46,1
dual_l1,0,264,3,0.211521,0.166337,-0.203399,0.951073,2228.27,2.53213,7.41912,0.49938,0.207396,0.0247369,0.0175921,0.0203964,0.229305,0.0831267,0.407848,0.311988,0,3.99869e-29,17,61,1,0.39118,0.378863,0.560633,0.0730386,0,2190.64,0.00345614,0.207013,0.894447,0.541923,0.05,300,300,300,300,300,300,57,61,96,48,52,60,36,40,48,1
dual_l1,0,265,6,0.202513,0.0638959,0.416599,0.933243,920.725,0.449265,3.06759,0.230565,0.0346471,0.0307277,0.0109767,0.0311855,0.364852,0.0771274,0.466652,0.276148,1,1,20,300,0,0.230565,0.364852,0.466652,0.276148,1,920.276,0.00345614,0.207013,0.894447,0.541923,0.05,300,300,300,300,300,300,95,300,300,53,64,72,45,49,57,1
dual_l1,0,266,3,0.411799,0.192276,0.216276,1.0921,1576.49,0.180421,5.25437,0.15396,0.0194055,0.0252467,0.0113862,0.035873,0.315861,0.0896175,0.363845,0.117151,1,1,3,259,1,0.287439,0.182743,0.409512,0.0952496,1,1572.78,0.00345614,0.207013,0.894447,0.541923,0.05,300,300,300,300,300,300,151,259,300,61,73,81,44,48,56,1
dual_l1,0,267,4,0.399913,0.187732,-0.330349,0.929547,1868.22,1.3785,6.2228,0.366223,0.23793,0.0200283,0.00814878,0.0472088,0.449147,0.0783486,0.410829,0.529057,1,1,23,155,1,0.550808,0.418474,0.374146,0.576101,1,1835.3,0.00345614,0.207013,0.894447,0.541923,0.05,300,300,300,300,300,300,66,155,198,49,53,72,34,38,46,1
dual_l1,0,268,6,0.550999,0.195421,0.283359,0.918454,1015.54,0.700617,3.38279,0.290068,0.016176,0.0215576,0.0171185,0.0533522,0.354489,0.171879,0.689346,0.174738,1,1,1,300,0,0.290068,0.354489,0.689346,0.174738,1,1014.84,0.00345614,0.207013,0.894447,0.541923,0.05,300,300,300,300,300,300,132,300,300,40,44,97,32,36,44,1
dual_l1,0,269,5,0.492692,0.159294,-0.133424,1.0333,884.74,1.30871,2.94477,0.339901,0.149305,0.0310379,0.0181808,0.0247824,0.377283,0.364514,0.453306,0.352193,1,1,9,252,1,0.323178,0.15662,0.584374,0.176451,1,878.44,0.00345614,0.207013,0.894447,0.541923,0.05,300,300,300,300,300,300,171,252,300,45,49,57,31,35,43,1
dual_l1,0,270,4,0.354387,0.11877,0.45736,0.963042,952.607,0.506962,3.17367,0.219428,0.0477571,0.0234785,0.0121016,0.0393872,0.590374,0.141078,0.265712,0.03116,1,1,18,300,0,0.219428,0.590374,0.265712,0.03116,1,952.1,0.00345614,0.207013,0.894447,0.541923,0.05,300,300,300,300,300,300,191,300,300,72,94,102,45,49,57,1
dual_l1,0,271,3,0.0534262,0.085277,-0.186108,1.08413,1514.1,1.79454,5.04103,0.428218,0.0829466,0.0314971,0.0109131,0.0471654,0.259039,0.287491,0.161799,0.422406,1,1,13,85,1,0.347864,0.289814,0.070696,0.483858,1,1482.19,0.00345614,0.207013,0.894447,0.541923,0.05,300,300,300,300,300,300,73,85,197,55,59,67,37,41,66,1
dual_l1,0,272,3,0.435916,0.0145644,0.357593,1.01026,1993.29,0.455605,6.6428,0.182591,0.010766,0.0153445,0.0182387,0.0339324,0.351734,0.329355,0.263702,0.379816,1,1,13,300,0,0.182591,0.351734,0.263702,0.379816,1,1992.84,0.00345614,0.207013,0.894447,0.541923,0.05,300,300,300,300,300,300,157,300,300,97,131,139,37,41,67,1
dual_l1,0,273,7,0.438393,0.0388724,0.262398,1.01123,1705.09,0.845821,5.68081,0.330693,0.0258427,0.0226095,0.00907657,0.0411082,0.476408,0.153121,0.57816,0.147958,1,1,1,157,1,0.134869,0.345594,0.558891,0.273737,1,1684.51,0.00345614,0.207013,0.894447,0.541923,0.05,300,300,300,300,300,300,101,157,300,64,75,83,47,64,72,1
dual_l1,0,274,5,0.500207,0.175546,-0.255935,0.973981,1265.41,1.3284,4.21361,0.382516,0.140174,0.0202338,0.0133547,0.0229591,0.328743,0.35695,0.523381,0.323898,1,1,1,72,1,0.335916,0.573307,0.51784,0.501486,1,1224.3,0.00345614,0.207013,0.894447,0.541923,0.05,300,300,300,300,300,300,68,72,80,50,54,62,36,40,48,1
dual_l1,0,275,0,0.436104,0.125243,0.13076,0.996454,2343.61,0.370198,7.81082,0.206434,0.0475399,0.0244917,0.00739747,0.0304271,0.107574,0.0894438,0.39131,0.04552,1,1,1,147,1,0.17488,0.297197,0.402174,0.117167,1,2332.44,0.00345614,0.207013,0.894447,0.541923,0.05,300,300,300,300,300,300,133,147,262,75,84,92,55,59,67,1
dual_l1,0,276,1,0.355877,0.081511,0.283838,1.07678,2062.83,0.886949,6.87314,0.277571,0.0358575,0.0289042,0.0121881,0.0249645,0.297753,0.184538,0.415268,0.104837,1,0.99999,0,237,1,0.138246,0.328799,0.552776,0.332874,1,2053.84,0.00345614,0.207013,0.894447,0.541923,0.05,300,300,300,300,300,300,102,237,300,67,71,79,37,41,60,1
dual_l1,0,277,7,0.349926,0.0967251,-0.182095,1.03274,1884.14,1.63446,6.27501,0.398931,0.131701,0.0178837,0.0107071,0.056373,0.551861,0.201484,0.450386,0.24527,1,1,12,112,1,0.282481,0.206988,0.434527,0.355389,1,1850.43,0.00345614,0.207013,0.894447,0.541923,0.05,300,300,300,300,300,300,108,112,300,62,83,91,45,49,57,1
dual_l1,0,278,1,0.53308,0.151457,-0.0105664,1.03216,2463.26,0.109586,8.21049,0.119961,0.0374177,0.0315127,0.0189367,0.0333079,0.157243,0.162406,0.450715,0.25501,0,1.38203e-24,13,124,1,0.11813,0.126485,0.629352,0.135969,0,2452.93,0.00345614,0.207013,0.894447,0.541923,0.05,300,300,300,300,300,300,86,124,300,71,88,96,43,52,60,1
dual_l1,0,279,6,0.426132,0.148291,0.235948,1.01288,1001.17,0.176118,3.33664,0.145228,0.0146574,0.0124184,0.00685394,0.0288781,0.186658,0.139136,0.334025,0.0702755,1,1,0,53,1,0.266967,0.153353,0.437428,0.0247079,1,978.782,0.00345614,0.207013,0.894447,0.541923,0.05,300,300,300,300,300,300,49,53,99,43,47,55,28,38,46,1
dual_l1,0,280,7,0.299946,0.152675,0.483055,1.01154,1072.94,0.720341,3.57406,0.230843,0.0792059,0.0320409,0.0172515,0.027712,0.767281,0.239249,0.300434,0.213181,1,1,0,300,0,0.230843,0.767281,0.300434,0.213181,1,1072.22,0.00345614,0.207013,0.894447,0.541923,0.05,300,300,300,300,300,300,300,300,300,61,65,189,29,41,49,1
dual_l1,0,281,1,0.572325,0.0437863,-0.127511,1.08677,1644.08,1.10802,5.47658,0.310006,0.173553,0.0122066,0.0108947,0.0249377,0.322471,0.241826,0.669481,0.26299,1,1,1,294,1,0.222652,0.157219,0.601735,0.21368,1,1642.41,0.00345614,0.207013,0.894447,0.541923,0.05,300,300,300,300,300,300,79,294,300,53,57,65,41,45,53,1
dual_l1,0,282,7,0.268432,0.0194303,-0.448892,0.987931,1058.71,6.93418,3.50591,0.818179,0.290851,0.0252308,0.00581703,0.0238627,0.55753,0.152418,0.387031,0.720721,1,1,9,60,1,0.803643,0.829834,0.343181,0.643316,1,931.695,0.00345614,0.207013,0.894447,0.541923,0.05,300,300,300,300,300,300,56,60,89,46,50,58,37,41,49,1
dual_l1,0,283,5,0.184489,0.164452,0.102561,1.00371,1282.17,0.0871469,4.27361,0.116469,0.0108351,0.0359782,0.00863096,0.0110972,0.243842,0.0965342,0.256694,0.0776826,1,1,2,73,1,0.349345,0.200946,0.140063,0.0470964,1,1268.77,0.00345614,0.207013,0.894447,0.541923,0.05,300,300,300,300,300,300,62,73,300,51,55,63,35,39,62,1
dual_l1,0,284,1,0.487219,0.038913,0.347239,0.941858,2079.14,0.534736,6.92868,0.228763,0.0355857,0.0214045,0.00820083,0.0375968,0.382932,0.0698715,0.47259,0.183346,0,9.76084e-21,1,300,0,0.228763,0.382932,0.47259,0.183346,0,2078.6,0.00345614,0.207013,0.894447,0.541923,0.05,300,300,300,300,300,300,270,300,300,51,55,63,36,40,48,1
dual_l1,0,285,2,0.477227,0.138295,0.199091,0.946541,2073.39,0.372273,6.91005,0.185896,0.0370145,0.0114964,0.0137839,0.0252399,0.199998,0.134584,0.448753,0.0628057,0,2.48975e-06,1,73,1,0.205553,0.140254,0.489349,0.160279,1,2040.97,0.00345614,0.207013,0.894447,0.541923,0.05,300,300,300,300,300,300,59,73,300,52,56,64,48,52,60,1
dual_l1,0,286,7,0.227774,0.0373785,-0.406291,0.907295,1669.18,5.09101,5.54696,0.716095,0.470089,0.0377133,0.0111643,0.0119758,0.614429,0.173154,0.336331,0.566536,1,1,23,222,1,0.504373,0.64393,0.434383,0.534013,1,1634.42,0.00345614,0.207013,0.894447,0.541923,0.05,300,300,300,300,300,300,77,222,246,56,65,73,39,43,51,1
dual_l1,0,287,1,0.401076,0.166059,0.425251,0.956758,1899.2,0.454473,6.32917,0.216628,0.0433869,0.019078,0.017597,0.026914,0.431178,0.257304,0.616275,0.365395,0,1.07959e-29,21,300,0,0.216628,0.431178,0.616275,0.365395,0,1898.75,0.00345614,0.207013,0.894447,0.541923,0.05,300,300,300,300,300,300,126,300,300,62,73,81,36,40,48,1
dual_l1,0,288,5,0.46492,0.174336,-0.426207,0.95184,2062.54,4.38461,6.8605,0.672669,0.263542,0.0478242,0.00925197,0.0339122,0.617683,0.225142,0.440687,0.639606,1,1,0,100,1,0.585034,0.570692,0.501729,0.675624,1,1977.58,0.00345614,0.207013,0.894447,0.541923,0.05,300,300,300,300,300,300,91,100,108,56,60,68,49,53,61,1
dual_l1,0,289,6,0.123095,0.160581,0.468955,1.02931,1520.29,0.0801278,5.06738,0.109763,0.0362743,0.0231913,0.0176863,0.0299754,0.47519,0.178882,0.33506,0.215696,1,1,12,300,0,0.109763,0.47519,0.33506,0.215696,1,1520.21,0.00345614,0.207013,0.894447,0.541923,0.05,300,300,300,300,300,300,75,300,300,59,63,108,31,35,61,1
dual_l1,0,290,1,0.181357,0.120345,-0.238569,0.916802,1270.03,2.47108,4.22518,0.476083,0.110128,0.0136832,0.0121331,0.0281886,0.48415,0.190421,0.266013,0.320736,1,1,0,83,1,0.442265,0.594836,0.130958,0.344241,1,1223.23,0.00345614,0.207013,0.894447,0.541923,0.05,300,300,300,300,300,300,60,83,91,49,53,61,29,44,52,1
dual_l1,0,291,2,0.455643,0.164817,0.0511178,0.93873,2116.47,0.405708,7.05353,0.185345,0.0257517,0.0291285,0.0113336,0.0285342,0.113056,0.0970599,0.397118,0.195529,1,1,0,202,1,0.150148,0.250586,0.412238,0.162587,1,2110.99,0.00345614,0.207013,0.894447,0.541923,0.05,300,300,300,300,300,300,65,202,233,50,59,67,32,36,44,1
dual_l1,0,292,1,0.147897,0.0721167,-0.0114566,1.0772,942.162,0.129666,3.14011,0.0917636,0.00949976,0.0175214,0.0140092,0.0373652,0.249383,0.145265,0.233802,0.156715,0,2.73005e-26,0,54,1,0.194973,0.187648,0.300762,0.113688,0,914.459,0.00345614,0.207013,0.894447,0.541923,0.05,300,300,300,300,300,300,50,54,300,43,47,55,33,37,45,1
dual_l1,0,293,7,0.343813,0.00211082,0.304754,1.07182,2308.54,0.70856,7.69276,0.269449,0.00924384,0.018546,0.0175275,0.0332739,0.209121,0.203586,0.152054,0.397572,1,1,20,108,1,0.0386812,0.266592,0.198952,0.182915,1,2285.81,0.00345614,0.207013,0.894447,0.541923,0.05,300,300,300,300,300,300,94,108,116,68,77,85,42,58,66,1
dual_l1,0,294,1,0.436257,0.196681,0.158521,1.0084,2157.63,0.165129,7.19154,0.146214,0.027299,0.01767,0.0259441,0.040808,0.303157,0.0840114,0.312447,0.0663455,0,4.72486e-29,22,168,1,0.134555,0.135961,0.248979,0.0793153,0,2146.47,0.00345614,0.207013,0.894447,0.541923,0.05,300,300,300,300,300,300,98,168,300,45,49,84,42,46,54,1
dual_l1,0,295,6,0.502346,0.0633524,-0.317046,1.0635,1807.69,2.21612,6.01824,0.504672,0.298156,0.0288275,0.012368,0.0227621,0.204343,0.0335071,0.584846,0.448148,1,1,14,79,1,0.687866,0.561626,0.549662,0.478526,1,1728.83,0.00345614,0.207013,0.894447,0.541923,0.05,300,300,300,300,300,300,67,79,160,49,53,61,42,46,54,1
dual_l1,0,296,3,0.101578,0.101005,0.122489,0.948285,1814.83,0.0457949,6.04929,0.0475293,0.0340929,0.0216395,0.0175131,0.0373548,0.113109,0.243462,0.117778,0.0882641,1,1,17,103,1,0.153471,0.28718,0.212983,0.174066,1,1805.41,0.00345614,0.207013,0.894447,0.541923,0.05,300,300,300,300,300,300,99,103,125,47,58,80,39,51,59,1
dual_l1,0,297,5,0.246398,0.0419824,-0.265265,1.06381,1153.49,4.6344,3.82951,0.673541,0.295908,0.0217284,0.00995649,0.0212615,0.46997,0.303705,0.278169,0.200626,1,1,17,171,1,0.393956,0.531439,0.384032,0.473709,1,1113.04,0.00345614,0.207013,0.894447,0.541923,0.05,300,300,300,300,300,300,64,171,249,53,57,65,27,37,45,1
dual_l1,0,298,2,0.415613,0.128932,-0.25884,0.915773,1555.23,5.67844,5.16516,0.766397,0.117121,0.0387206,0.0242044,0.0292851,0.502766,0.242076,0.484701,0.459144,1,1,1,119,1,0.42209,0.548354,0.50819,0.471688,1,1510.92,0.00345614,0.207013,0.894447,0.541923,0.05,300,300,300,300,300,300,70,119,148,49,62,70,35,39,47,1
dual_l1,0,299,3,0.395114,0.0887869,-0.356972,0.935671,1823.56,4.42108,6.0638,0.655138,0.416811,0.030198,0.00772382,0.0228741,0.578053,0.230416,0.548064,0.504977,1,1,18,60,1,0.422887,0.523186,0.416638,0.577336,1,1729.01,0.00345614,0.207013,0.894447,0.541923,0.05,300,300,300,300,300,300,56,60,68,50,54,62,41,45,53,1
dual_l1,0,300,7,0.545583,0.0509667,-0.0769143,1.03829,2735.03,3.6434,9.10464,0.615667,0.26075,0.0234029,0.0125883,0.0373442,0.101941,0.26511,0.68131,0.156489,1,1,19,125,1,0.477408,0.410968,0.717616,0.186346,1,2668.83,0.00345614,0.207013,0.894447,0.541923,0.05,300,300,300,300,300,300,114,125,300,61,65,73,53,57,65,1
dual_l1,0,301,7,0.326847,0.162787,0.415959,1.00955,946.992,0.760115,3.15411,0.266795,0.0136748,0.0189857,0.0128648,0.0340055,0.211316,0.0201514,0.404559,0.239915,1,1,11,300,0,0.266795,0.211316,0.404559,0.239915,1,946.231,0.00345614,0.207013,0.894447,0.541923,0.05,300,300,300,300,300,300,92,300,300,44,48,56,39,43,51,1
dual_l1,0,302,3,0.21052,0.100972,0.0916461,0.961658,1768.66,0.118906,5.89513,0.110978,0.0345835,0.0527289,0.0077434,0.00898726,0.11606,0.0592616,0.234262,0.223652,1,1,19,136,1,0.29611,0.13911,0.24709,0.0322473,1,1757.42,0.00345614,0.207013,0.894447,0.541923,0.05,300,300,300,300,300,300,90,136,166,55,65,73,40,49,73,1
dual_l1,0,303,7,0.182626,0.141414,-0.181697,0.971317,1213.51,1.40041,4.04036,0.384646,0.157953,0.0312266,0.0088035,0.0267027,0.149796,0.198241,0.177493,0.335268,1,1,0,98,1,0.428637,0.258992,0.130386,0.351728,1,1182.01,0.00345614,0.207013,0.894447,0.541923,0.05,300,300,300,300,300,300,85,98,149,46,59,78,32,47,55,1
dual_l1,0,304,2,0.237945,0.0479714,0.411457,0.95497,1595.03,0.0591674,5.31657,0.104459,0.00662931,0.0209491,0.00729005,0.0409167,0.541672,0.123498,0.184075,0.13021,0,7.46945e-12,1,300,0,0.104459,0.541672,0.184075,0.13021,0,1594.97,0.00345614,0.207013,0.894447,0.541923,0.05,300,300,300,300,300,300,84,300,300,60,64,72,43,47,55,1
dual_l1,0,305,2,0.252399,0.0172296,0.313441,0.906717,1265.31,0.241669,4.2169,0.155524,0.0590608,0.0249005,0.00730251,0.0385321,0.417115,0.0811486,0.323245,0.114612,1,0.999997,0,300,0,0.155524,0.417115,0.323245,0.114612,1,1265.07,0.00345614,0.207013,0.894447,0.541923,0.05,300,300,300,300,300,300,300,300,300,67,71,106,55,59,67,1
dual_l1,0,306,6,0.467569,0.107255,-0.481354,1.06718,2256.88,2.57395,7.51436,0.515588,0.29091,0.0253771,0.01401,0.017867,0.462783,0.39086,0.520499,0.682638,1,1,19,64,1,0.438082,0.663207,0.529279,0.758567,1,2149.48,0.00345614,0.207013,0.894447,0.541923,0.05,300,300,300,300,300,300,60,64,72,52,56,64,45,49,57,1
dual_l1,0,307,3,0.398972,0.0520685,0.411439,0.927532,1070.03,0.315911,3.5657,0.181228,0.0189227,0.029938,0.0102439,0.0449212,0.542468,0.270464,0.418458,0.180076,1,1,0,300,0,0.181228,0.542468,0.418458,0.180076,1,1069.71,0.00345614,0.207013,0.894447,0.541923,0.05,300,300,300,300,300,300,62,300,300,57,61,82,35,39,47,1
dual_l1,0,308,0,0.374931,0.183499,-0.297567,1.00433,1578.84,1.44685,5.25797,0.394087,0.259426,0.0130586,0.0110577,0.0204318,0.285003,0.236832,0.390816,0.428405,1,1,16,100,1,0.34334,0.464795,0.481769,0.460003,1,1532.37,0.00345614,0.207013,0.894447,0.541923,0.05,300,300,300,300,300,300,64,100,243,52,61,69,43,47,55,1
dual_l1,0,309,6,0.259577,0.0483614,0.391565,0.96537,1746.47,0.628206,5.81949,0.259846,0.028445,0.0307742,0.00764108,0.0123163,0.358702,0.171442,0.37791,0.249821,1,1,19,300,0,0.259846,0.358702,0.37791,0.249821,1,1745.85,0.00345614,0.207013,0.894447,0.541923,0.05,300,300,300,300,300,300,74,300,300,59,63,71,36,59,67,1
dual_l1,0,310,6,0.34319,0.188561,0.392175,0.955526,2028.33,0.353272,6.75992,0.230356,0.0264646,0.0146658,0.00294897,0.0411914,0.663096,0.160474,0.359251,0.0414196,1,1,18,252,1,0.149032,0.203486,0.409072,0.0886511,1,2021.03,0.00345614,0.207013,0.894447,0.541923,0.05,300,300,300,300,300,300,174,252,300,66,70,78,42,51,71,1
dual_l1,0,311,2,0.387914,0.115589,-0.290375,1.06352,1941.92,1.63421,6.46763,0.392609,0.189288,0.0272149,0.016249,0.0213678,0.292322,0.276432,0.392115,0.483203,1,1,16,136,1,0.455219,0.52503,0.578818,0.457563,1,1914.31,0.00345614,0.207013,0.894447,0.541923,0.05,300,300,300,300,300,300,91,136,300,57,61,69,39,43,51,1
dual_l1,0,312,7,0.559899,0.192461,0.444658,0.935214,959.842,0.342573,3.19833,0.193928,0.014038,0.0294285,0.0105412,0.018105,0.306291,0.04269,0.639913,0.1985,1,1,1,300,0,0.193928,0.306291,0.639913,0.1985,1,959.5,0.00345614,0.207013,0.894447,0.541923,0.05,300,300,300,300,300,300,57,300,300,50,54,62,29,33,59,1
dual_l1,0,313,6,0.179252,0.0296194,0.126633,1.00058,1908.52,0.412798,6.36037,0.199669,0.0707825,0.010154,0.0145911,0.0114123,0.202399,0.333443,0.293139,0.0875356,1,1,15,300,0,0.199669,0.202399,0.293139,0.0875356,1,1908.11,0.00345614,0.207013,0.894447,0.541923,0.05,300,300,300,300,300,300,125,300,300,72,76,100,36,40,63,1
dual_l1,0,314,1,0.540821,0.156638,0.228906,1.05045,1218.01,0.288582,4.05906,0.169803,0.0226961,0.0206229,0.00428484,0.0257085,0.32144,0.162783,0.593017,0.111338,0,5.91583e-27,4,77,1,0.254046,0.117954,0.725946,0.103558,1,1186.22,0.00345614,0.207013,0.894447,0.541923,0.05,300,300,300,300,300,300,73,77,300,47,51,83,35,39,47,1
dual_l1,0,315,2,0.546518,0.0208903,0.1868,0.999325,947.22,0.155235,3.15688,0.100897,0.0100722,0.00440164,0.0102683,0.0541012,0.259763,0.0544855,0.535185,0.0286633,1,1,1,216,1,0.111265,0.15601,0.502748,0.113625,1,942.924,0.00345614,0.207013,0.894447,0.541923,0.05,300,300,300,300,300,300,97,216,300,47,51,76,33,37,45,1
dual_l1,0,316,6,0.379898,0.0990158,0.136911,0.946002,1568.41,0.23682,5.22724,0.135488,0.0346555,0.0420162,0.00537212,0.0245049,0.278685,0.177108,0.296956,0.218802,1,1,8,79,1,0.0854014,0.424802,0.325457,0.101768,1,1554.09,0.00345614,0.207013,0.894447,0.541923,0.05,300,300,300,300,300,300,75,79,300,56,67,75,31,35,43,1
dual_l1,0,317,0,0.476567,0.0097481,-0.144267,1.06707,2320.51,5.9647,7.71515,0.784042,0.587292,0.0161391,0.0108861,0.0252666,0.354023,0.38071,0.642776,0.114853,1,1,25,300,0,0.784042,0.354023,0.642776,0.114853,1,2314.55,0.00345614,0.207013,0.894447,0.541923,0.05,300,300,300,300,300,300,300,300,300,66,91,194,50,54,62,1
dual_l1,0,318,0,0.30634,0.060388,-0.0259303,1.00354,2007.72,0.50846,6.69069,0.209559,0.0368192,0.0275991,0.0114162,0.0411753,0.104567,0.179977,0.451186,0.212823,1,1,0,94,1,0.375154,0.20168,0.422762,0.152191,1,1990.77,0.00345614,0.207013,0.894447,0.541923,0.05,300,300,300,300,300,300,90,94,140,57,61,69,41,45,68,1
dual_l1,0,319,6,0.279795,0.108873,0.45566,0.939115,1347.38,0.0633915,4.49104,0.0512526,0.0364287,0.0266388,0.0163667,0.0270664,0.398798,0.124564,0.447842,0.297209,1,1,8,300,0,0.0512526,0.398798,0.447842,0.297209,1,1347.31,0.00345614,0.207013,0.894447,0.541923,0.05,300,300,300,300,300,300,174,300,300,47,78,86,44,48,56,1
dual_l1,0,320,6,0.345015,0.0714431,-0.328829,0.932712,1228.38,1.69385,4.08894,0.414596,0.184768,0.0153026,0.00860417,0.0317979,0.383627,0.221857,0.236037,0.496194,1,1,22,131,1,0.3249,0.169633,0.494836,0.537148,1,1185.98,0.00345614,0.207013,0.894447,0.541923,0.05,300,300,300,300,300,300,73,131,139,50,54,76,39,43,51,1
dual_l1,0,321,6,0.406561,0.0892274,0.165769,1.0385,1187.99,0.0486154,3.95979,0.0487496,0.00883504,0.0199973,0.0149517,0.0335752,0.213988,0.170083,0.293143,0.0312107,1,1,2,113,1,0.425486,0.438311,0.480195,0.101921,1,1175.17,0.00345614,0.207013,0.894447,0.541923,0.05,300,300,300,300,300,300,80,113,228,43,68,76,37,41,49,1
dual_l1,0,322,1,0.523314,0.159051,-0.204874,1.00311,1489.83,2.76748,4.95687,0.521461,0.162082,0.026433,0.00391757,0.0272964,0.398197,0.188289,0.634552,0.366004,0,7.28284e-20,2,116,1,0.259112,0.0802411,0.63286,0.122535,1,1441.51,0.00345614,0.207013,0.894447,0.541923,0.05,300,300,300,300,300,300,91,116,124,47,51,73,39,43,51,1
dual_l1,0,323,1,0.465792,0.151202,-0.385597,1.01357,1279.19,3.37603,4.2527,0.597336,0.346466,0.047875,0.00502823,0.062894,0.472854,0.332006,0.514655,0.645923,0,0,1,135,1,0.400922,0.562854,0.295153,0.525193,0,1218.05,0.00345614,0.207013,0.894447,0.541923,0.05,300,300,300,300,300,300,83,135,300,62,75,83,44,48,72,1
dual_l1,0,324,2,0.528964,0.137695,0.214005,0.956281,1388.22,0.0594104,4.62719,0.0843996,0.0350967,0.0298309,0.00248589,0.0306151,0.396248,0.0776445,0.500565,0.0890232,1,1,12,136,1,0.174008,0.270396,0.511989,0.110037,1,1375.39,0.00345614,0.207013,0.894447,0.541923,0.05,300,300,300,300,300,300,71,136,300,44,48,56,43,47,55,1
dual_l1,0,325,2,0.417285,0.0148537,0.184198,1.09749,1639.29,0.374627,5.46306,0.169254,0.132654,0.0330337,0.0141064,0.0197134,0.401317,0.349708,0.563289,0.158863,1,1,24,300,0,0.169254,0.401317,0.563289,0.158863,1,1638.92,0.00345614,0.207013,0.894447,0.541923,0.05,300,300,300,300,300,300,259,300,300,56,68,101,45,56,64,1
dual_l1,0,326,5,0.470452,0.0572531,-0.406424,0.986988,1406.47,5.06222,4.67136,0.720919,0.184382,0.0229608,0.0190835,0.0284796,0.531302,0.150834,0.354423,0.591865,1,1,23,113,1,0.422489,0.52492,0.329249,0.541304,1,1330.25,0.00345614,0.207013,0.894447,0.541923,0.05,300,300,300,300,300,300,51,113,203,46,50,58,34,38,46,1
dual_l1,0,327,7,0.397174,0.166856,0.00229061,0.953952,1072.57,0.0938238,3.57491,0.108224,0.0377217,0.0156924,0.010355,0.0358259,0.226432,0.119187,0.441758,0.265231,1,1,2,65,1,0.326719,0.265846,0.537998,0.205504,1,1055.64,0.00345614,0.207013,0.894447,0.541923,0.05,300,300,300,300,300,300,61,65,300,47,56,64,30,34,42,1
dual_l1,0,328,3,0.0878533,0.175238,0.45217,1.06525,1307.57,0.331261,4.35746,0.170215,0.0218415,0.00887067,0.0110289,0.0405338,0.558232,0.162232,0.372968,0.388423,1,1,6,300,0,0.170215,0.558232,0.372968,0.388423,1,1307.24,0.00345614,0.207013,0.894447,0.541923,0.05,300,300,300,300,300,300,76,300,300,51,55,63,41,45,53,1
dual_l1,0,329,4,0.32522,0.149409,0.106123,0.936815,1326.75,0.0608363,4.4223,0.0763531,0.0212092,0.0301453,0.0173753,0.0215534,0.27576,0.119102,0.493223,0.0757188,1,1,17,129,1,0.258834,0.25977,0.496306,0.175536,1,1317.21,0.00345614,0.207013,0.894447,0.541923,0.05,300,300,300,300,300,300,125,129,293,45,49,57,42,46,54,1
dual_l1,0,330,5,0.408386,0.16493,-0.272894,0.941168,1057.99,2.52713,3.5182,0.509559,0.0591523,0.0256166,0.0101051,0.00920328,0.390929,0.161855,0.310594,0.428563,1,1,1,87,1,0.602122,0.494526,0.370085,0.333009,1,1020.61,0.00345614,0.207013,0.894447,0.541923,0.05,300,300,300,300,300,300,77,87,300,32,46,54,24,28,52,1
dual_l1,0,331,1,0.41659,0.0486585,-0.452635,0.94547,1912.04,5.63014,6.35471,0.746145,0.553228,0.0288753,0.00921483,0.0251358,0.800493,0.148887,0.581377,0.541164,0,0,17,130,1,0.741462,0.667923,0.640876,0.476291,0,1818.37,0.00345614,0.207013,0.894447,0.541923,0.05,300,300,300,300,300,300,126,130,300,35,52,60,29,33,56,1
dual_l1,0,332,5,0.435915,0.177869,0.0302012,1.03725,2146.22,1.14457,7.15026,0.33023,0.0253384,0.023955,0.0186664,0.0352158,0.188804,0.21147,0.535085,0.160619,1,1,0,146,1,0.127379,0.394836,0.570547,0.116061,1,2134.11,0.00345614,0.207013,0.894447,0.541923,0.05,300,300,300,300,300,300,100,146,300,67,71,79,36,40,48,1
dual_l1,0,333,2,0.334935,0.119872,0.0673442,0.943026,1172.41,0.313764,3.907,0.169863,0.0443721,0.0278822,0.0150221,0.0293675,0.179953,0.0654848,0.427398,0.126472,0,4.39439e-09,22,242,1,0.239479,0.262574,0.416085,0.189733,0,1168.76,0.00345614,0.207013,0.894447,0.541923,0.05,300,300,300,300,300,300,69,242,300,65,69,89,51,62,70,1
dual_l1,0,334,7,0.122317,0.0985006,0.299119,0.977415,2148.72,0.126787,7.16198,0.120737,0.0205012,0.036543,0.0118722,0.0162415,0.413898,0.058076,0.0503729,0.0550616,1,1,13,300,0,0.120737,0.413898,0.0503729,0.0550616,1,2148.6,0.00345614,0.207013,0.894447,0.541923,0.05,300,300,300,300,300,300,207,300,300,72,76,84,45,49,71,1
dual_l1,0,335,5,0.347953,0.0910938,-0.0972562,0.982774,2217.33,0.260328,7.39022,0.143731,0.0522958,0.00411491,0.0105894,0.0485386,0.134194,0.175654,0.456571,0.330257,1,1,9,81,1,0.221633,0.207204,0.20104,0.299897,1,2201.7,0.00345614,0.207013,0.894447,0.541923,0.05,300,300,300,300,300,300,62,81,300,44,55,63,37,41,49,1
dual_l1,0,336,7,0.417058,0.0389487,-0.362801,0.979404,1301.1,6.97825,4.31375,0.83757,0.271892,0.0175728,0.00987511,0.0456527,0.747142,0.37503,0.307755,0.479788,1,1,16,176,1,0.542649,0.715244,0.504461,0.609758,1,1239.93,0.00345614,0.207013,0.894447,0.541923,0.05,300,300,300,300,300,300,76,176,214,47,51,84,30,34,42,1
dual_l1,0,337,2,0.287771,0.153303,-0.477498,0.963653,2559.74,1.98686,8.52585,0.462624,0.392971,0.0119621,0.0066047,0.0400649,0.474189,0.177585,0.475665,0.44859,1,1,0,107,1,0.563016,0.609089,0.348062,0.69335,1,2479.97,0.00345614,0.207013,0.894447,0.541923,0.05,300,300,300,300,300,300,91,107,289,58,62,97,39,43,51,1
dual_l1,0,338,6,0.366033,0.0777399,-0.407425,1.04473,1212.99,3.80763,4.03059,0.633181,0.394447,0.0433925,0.0101856,0.0317585,0.150489,0.287299,0.325421,0.449716,1,1,0,160,1,0.545817,0.316279,0.391915,0.686344,1,1160.16,0.00345614,0.207013,0.894447,0.541923,0.05,300,300,300,300,300,300,156,160,168,50,54,62,32,45,53,1
dual_l1,0,339,2,0.43166,0.190676,0.300864,1.08394,1548.54,0.612741,5.15976,0.239778,0.0259167,0.0238574,0.0146625,0.0338439,0.260917,0.245965,0.366089,0.190468,1,1,17,300,0,0.239778,0.260917,0.366089,0.190468,1,1547.93,0.00345614,0.207013,0.894447,0.541923,0.05,300,300,300,300,300,300,220,300,300,54,58,77,35,47,55,1
dual_l1,0,340,0,0.235435,0.181938,-0.0720006,1.06296,1628.81,0.290519,5.42841,0.160112,0.0792776,0.0252262,0.00607631,0.0434673,0.27731,0.216186,0.128504,0.241476,1,1,18,75,1,0.265454,0.213026,0.342511,0.395388,1,1617.3,0.00345614,0.207013,0.894447,0.541923,0.05,300,300,300,300,300,300,71,75,105,58,62,70,37,41,49,1
dual_l1,0,341,1,0.346044,0.085523,-0.0117341,1.01089,1228.55,0.835998,4.09237,0.257615,0.01407,0.019634,0.0101618,0.0316891,0.437999,0.311941,0.375556,0.107603,1,0.999993,0,242,1,0.338085,0.269733,0.318555,0.114961,1,1224.25,0.00345614,0.207013,0.894447,0.541923,0.05,300,300,300,300,300,300,70,242,250,42,59,79,24,38,46,1
dual_l1,0,342,7,0.295602,0.141024,-0.22315,0.914352,948.38,1.13577,3.15748,0.320994,0.237916,0.034252,0.0102216,0.0395067,0.451775,0.144628,0.31369,0.382388,1,1,0,70,1,0.576891,0.572031,0.157171,0.461906,1,896.402,0.00345614,0.207013,0.894447,0.541923,0.05,300,300,300,300,300,300,58,70,161,45,49,57,37,41,49,1
dual_l1,0,343,4,0.27064,0.169972,0.0572248,0.926536,916.521,0.657714,3.05288,0.256341,0.0519083,0.0189291,0.0167209,0.0339095,0.13049,0.165043,0.265455,0.274743,1,1,27,75,1,0.146934,0.150899,0.217163,0.132573,1,902.582,0.00345614,0.207013,0.894447,0.541923,0.05,300,300,300,300,300,300,71,75,300,39,54,62,26,30,38,1
dual_l1,0,344,7,0.550105,0.0538472,0.465589,1.04671,1139.2,0.0599007,3.79712,0.0761419,0.0564326,0.0548262,0.0122266,0.0304762,0.252236,0.112443,0.76144,0.478254,1,1,18,131,1,0.357624,0.533614,0.805344,0.350392,1,1104.91,0.00345614,0.207013,0.894447,0.541923,0.05,300,300,300,300,300,300,127,131,300,61,98,125,39,43,51,1
dual_l1,0,345,0,0.404454,0.048566,0.257587,0.986202,963.304,0.423306,3.2096,0.212624,0.0314899,0.0101525,0.0198175,0.0331275,0.355531,0.365311,0.541331,0.129662,1,1,14,300,0,0.212624,0.355531,0.541331,0.129662,1,962.881,0.00345614,0.207013,0.894447,0.541923,0.05,300,300,300,300,300,300,149,300,300,48,52,132,38,42,50,1
dual_l1,0,346,5,0.506885,0.0104643,-0.0350229,1.07304,2054.25,1.3712,6.84293,0.371985,0.186906,0.03174,0.0123778,0.0392665,0.202354,0.379497,0.632564,0.0614307,1,1,1,156,1,0.38932,0.287533,0.538075,0.2032,1,2019.95,0.00345614,0.207013,0.894447,0.541923,0.05,300,300,300,300,300,300,141,156,300,66,81,105,50,54,62,1
dual_l1,0,347,7,0.35006,0.0843223,0.120123,0.918154,967.091,0.336703,3.22251,0.201978,0.0184452,0.0165117,0.0239745,0.0126735,0.260913,0.0646165,0.240612,0.0930287,1,1,15,104,1,0.109606,0.214079,0.439491,0.112428,1,955.055,0.00345614,0.207013,0.894447,0.541923,0.05,300,300,300,300,300,300,59,104,297,46,50,58,43,47,55,1
dual_l1,0,348,2,0.547418,0.13012,0.00534737,1.00731,2553.61,0.987614,8.50874,0.324979,0.0245496,0.0122834,0.0151698,0.0222751,0.289432,0.2132,0.265919,0.0785445,1,1,164,202,1,0.0788879,0.277921,0.507726,0.177204,1,2544.19,0.00345614,0.207013,0.894447,0.541923,0.05,300,300,300,300,300,300,82,202,293,52,63,71,40,44,52,1
dual_l1,0,349,0,0.110047,0.0355436,0.0558864,0.977223,957.397,0.260709,3.19046,0.174169,0.0327012,0.0122853,0.0184196,0.0410789,0.307997,0.221003,0.229368,0.309537,1,1,14,70,1,0.256316,0.191173,0.191405,0.114292,1,941.869,0.00345614,0.207013,0.894447,0.541923,0.05,300,300,300,300,300,300,66,70,158,45,49,57,33,47,55,1
dual_l1,0,350,5,0.338617,0.0653882,-0.406621,1.05642,1155.9,4.36574,3.83846,0.660285,0.29935,0.0355799,0.0118528,0.0310268,0.585636,0.154465,0.510892,0.61937,1,1,18,115,1,0.698968,0.471259,0.355735,0.743701,1,1090.02,0.00345614,0.207013,0.894447,0.541923,0.05,300,300,300,300,300,300,59,115,123,43,47,55,30,34,42,1
dual_l1,0,351,5,0.129226,0.199756,0.201507,0.923349,1970.54,0.00911161,6.56842,0.0135278,0.0135278,0.0391737,0.00493035,0.037476,0.399911,0.0711768,0.15515,0.092451,1,1,0,76,1,0.08268,0.274401,0.187129,0.0786512,1,1954.53,0.00345614,0.207013,0.894447,0.541923,0.05,300,300,300,300,300,300,66,76,300,48,52,60,34,45,53,1
dual_l1,0,352,1,0.1832,0.102368,-0.0627959,1.0269,1235.84,0.578704,4.11754,0.230287,0.0949753,0.0261413,0.010186,0.0247207,0.176017,0.0756239,0.225268,0.403744,0,1.96671e-33,0,106,1,0.237498,0.165223,0.139874,0.187424,0,1218.48,0.00345614,0.207013,0.894447,0.541923,0.05,300,300,300,300,300,300,56,106,275,47,51,59,40,44,52,1
dual_l1,0,353,4,0.371348,0.164725,0.0792269,0.901413,906.099,0.183952,3.01972,0.113153,0.0100047,0.0342733,0.00790793,0.0330575,0.164974,0.303642,0.379628,0.0996475,1,1,14,74,1,0.0647107,0.395188,0.365294,0.112533,1,891.176,0.00345614,0.207013,0.894447,0.541923,0.05,300,300,300,300,300,300,63,74,82,46,50,74,28,32,40,1
dual_l1,0,354,5,0.318418,0.192747,-0.223969,0.963992,1610.79,2.21585,5.36191,0.487549,0.130825,0.0247584,0.00598834,0.0252895,0.222798,0.161412,0.253539,0.434352,1,1,0,62,1,0.263113,0.430345,0.249903,0.41891,1,1577.48,0.00345614,0.207013,0.894447,0.541923,0.05,300,300,300,300,300,300,58,62,70,50,54,62,37,41,49,1
dual_l1,0,355,6,0.287476,0.143926,-0.188831,1.0234,1219.6,1.08753,4.06172,0.328309,0.0885241,0.0164852,0.0101911,0.0124255,0.286433,0.120964,0.392537,0.354827,1,1,0,61,1,0.13433,0.501526,0.166299,0.317833,1,1193.63,0.00345614,0.207013,0.894447,0.541923,0.05,300,300,300,300,300,300,57,61,279,50,54,62,38,42,50,1
dual_l1,0,356,1,0.505179,0.102224,-0.389365,1.07732,1767.21,3.4289,5.87928,0.586379,0.351638,0.0301968,0.0101566,0.0370297,0.484248,0.116279,0.431509,0.507128,0,2.43006e-35,9,72,1,0.610774,0.515029,0.480872,0.507245,1,1677.21,0.00345614,0.207013,0.894447,0.541923,0.05,300,300,300,300,300,300,68,72,80,47,51,59,44,48,56,1
dual_l1,0,357,4,0.571781,0.140425,0.0417511,1.02408,1710.9,0.162539,5.70247,0.132165,0.087268,0.0176408,0.00672826,0.0376401,0.231595,0.263036,0.651623,0.0508734,1,1,20,101,1,0.17268,0.084648,0.635091,0.209705,1,1692.72,0.00345614,0.207013,0.894447,0.541923,0.05,300,300,300,300,300,300,85,101,109,46,50,84,38,42,50,1
dual_l1,0,358,2,0.303081,0.0220071,0.279581,1.06682,1078.07,0.0729044,3.59332,0.0953493,0.0158405,0.0214958,0.0149211,0.0526756,0.130424,0.0800987,0.289179,0.145211,0,1.76214e-26,10,201,1,0.0881749,0.158151,0.366513,0.193735,0,1069.63,0.00345614,0.207013,0.894447,0.541923,0.05,300,300,300,300,300,300,197,201,300,48,79,117,29,41,49,1
dual_l1,0,359,1,0.416518,0.0427807,0.182969,1.01204,1368.48,0.0498157,4.56142,0.0563773,0.032062,0.0322081,0.00727785,0.0341555,0.248615,0.0689428,0.716904,0.209777,0,1.99809e-17,4,226,1,0.281571,0.319895,0.396628,0.235616,0,1364.19,0.00345614,0.207013,0.894447,0.541923,0.05,300,300,300,300,300,300,154,226,300,87,91,99,45,49,57,1
dual_l1,0,360,6,0.244755,0.0767382,-0.204495,1.08207,1486.83,0.426273,4.95468,0.225171,0.103337,0.0246673,0.0053382,0.0356131,0.120545,0.175009,0.324137,0.569404,1,1,42,141,1,0.32101,0.281792,0.259082,0.546959,1,1455.78,0.00345614,0.207013,0.894447,0.541923,0.05,300,300,300,300,300,300,77,141,300,60,64,72,45,49,57,1
dual_l1,0,361,0,0.401134,0.191335,-0.0548563,1.02419,1574.41,0.327215,5.24695,0.194294,0.00599507,0.0242327,0.00498876,0.0292849,0.134126,0.0918428,0.461334,0.235143,1,1,17,80,1,0.150869,0.109673,0.488488,0.259771,1,1557.45,0.00345614,0.207013,0.894447,0.541923,0.05,300,300,300,300,300,300,52,80,88,42,46,54,37,41,49,1
dual_l1,0,362,0,0.54002,0.121682,0.448494,1.09173,1239.83,0.364252,4.13155,0.185387,0.0408303,0.0141448,0.00972921,0.0136475,0.458741,0.0581165,0.762645,0.322841,1,1,0,300,0,0.185387,0.458741,0.762645,0.322841,1,1239.46,0.00345614,0.207013,0.894447,0.541923,0.05,300,300,300,300,300,300,253,300,300,41,82,90,29,42,83,1
dual_l1,0,363,6,0.394586,0.059517,-0.412949,1.01429,2330.27,1.71114,7.76186,0.428438,0.353819,0.0251913,0.0118452,0.0248772,0.17946,0.12441,0.447759,0.547989,1,1,19,121,1,0.39434,0.409075,0.465889,0.561146,1,2273.81,0.00345614,0.207013,0.894447,0.541923,0.05,300,300,300,300,300,300,103,121,300,62,83,91,40,53,61,1
dual_l1,0,364,2,0.306726,0.0973354,-0.405558,1.04145,1768.52,3.66599,5.88285,0.589465,0.238003,0.0499277,0.0119583,0.0397358,0.528242,0.125172,0.459011,0.524352,1,1,17,80,1,0.65812,0.570506,0.288974,0.423675,1,1695.43,0.00345614,0.207013,0.894447,0.541923,0.05,300,300,300,300,300,300,76,80,112,53,57,65,42,46,54,1
dual_l1,0,365,0,0.502168,0.0784154,-0.076708,1.01259,860.8,1.0784,2.86574,0.325004,0.0522714,0.022318,0.00458045,0.0176653,0.175942,0.205287,0.573799,0.287762,1,1,0,61,1,0.244711,0.12358,0.653192,0.0738821,1,837.867,0.00345614,0.207013,0.894447,0.541923,0.05,300,300,300,300,300,300,52,61,69,41,52,60,27,31,39,1
dual_l1,0,366,2,0.505398,0.083742,0.48886,0.972227,2132.69,0.353016,7.1078,0.207213,0.0385177,0.0234532,0.00681617,0.0264798,0.467922,0.0942712,0.657703,0.292053,1,1,18,300,0,0.207213,0.467922,0.657703,0.292053,1,2132.34,0.00345614,0.207013,0.894447,0.541923,0.05,300,300,300,300,300,300,72,300,300,54,63,71,42,46,54,1
dual_l1,0,367,1,0.221341,0.108071,0.372375,1.03482,884.549,0.0846336,2.94821,0.0926189,0.0185423,0.0150469,0.00740336,0.0309846,0.528869,0.242091,0.300814,0.201553,1,1,0,85,1,0.0544142,0.38634,0.264739,0.300477,1,858.406,0.00345614,0.207013,0.894447,0.541923,0.05,300,300,300,300,300,300,81,85,93,65,69,86,34,44,52,1
dual_l1,0,368,7,0.519395,0.111006,0.310006,0.988853,1090.42,0.311286,3.63371,0.180204,0.0259879,0.0190389,0.0145471,0.0224522,0.470881,0.117341,0.596307,0.0599163,1,1,18,115,1,0.192566,0.254007,0.517823,0.10673,1,1070.14,0.00345614,0.207013,0.894447,0.541923,0.05,300,300,300,300,300,300,111,115,300,59,82,90,36,40,48,1
dual_l1,0,369,0,0.523759,0.12669,-0.35781,1.04453,1567.33,2.56311,5.21589,0.526696,0.190489,0.0207946,0.0139699,0.0245499,0.436645,0.320366,0.651337,0.422119,1,1,20,74,1,0.628837,0.601439,0.527876,0.391883,1,1496.13,0.00345614,0.207013,0.894447,0.541923,0.05,300,300,300,300,300,300,59,74,132,43,60,82,33,37,45,1
dual_l1,0,370,5,0.421928,0.173748,0.0534937,1.08513,2275.89,1.21832,7.58223,0.329409,0.0553238,0.0132718,0.0268976,0.042185,0.414709,0.308122,0.518403,0.110287,1,1,0,245,1,0.209114,0.259538,0.331717,0.348419,1,2266.87,0.00345614,0.207013,0.894447,0.541923,0.05,300,300,300,300,300,300,102,245,300,59,63,71,49,53,61,1
dual_l1,0,371,0,0.424698,0.0301945,-0.101151,0.979339,1829.91,0.59504,6.09773,0.273263,0.0662928,0.046901,0.0161027,0.0179017,0.530276,0.374006,0.423175,0.419745,1,1,20,73,1,0.531007,0.163496,0.542976,0.375015,1,1789.58,0.00345614,0.207013,0.894447,0.541923,0.05,300,300,300,300,300,300,69,73,300,55,68,76,33,37,45,1
dual_l1,0,372,7,0.414886,0.0438999,0.342851,1.00871,1268.05,0.707245,4.22446,0.277815,0.0190335,0.0173509,0.0145845,0.0269712,0.394794,0.316394,0.504067,0.0433401,1,1,20,237,1,0.364586,0.42158,0.467202,0.167711,1,1259.69,0.00345614,0.207013,0.894447,0.541923,0.05,300,300,300,300,300,300,144,237,300,44,74,82,37,41,49,1
dual_l1,0,373,0,0.566468,0.067077,-0.181517,1.06639,2164.51,5.48169,7.19677,0.741733,0.186596,0.0127238,0.00580734,0.0346339,0.640306,0.239635,0.470695,0.422482,1,1,1,300,0,0.741733,0.640306,0.470695,0.422482,1,2159.03,0.00345614,0.207013,0.894447,0.541923,0.05,300,300,300,300,300,300,70,300,300,52,56,64,36,40,48,1
dual_l1,0,374,5,0.495562,0.186593,-0.230633,0.906701,1815.64,0.794417,6.0495,0.27341,0.17209,0.0356986,0.0112614,0.0433815,0.155137,0.23767,0.339802,0.403518,1,1,0,91,1,0.355212,0.304547,0.301173,0.553688,1,1785.82,0.00345614,0.207013,0.894447,0.541923,0.05,300,300,300,300,300,300,72,91,99,62,66,74,39,43,51,1
dual_l1,0,375,1,0.531094,0.118337,-0.0713642,1.06725,2139.25,0.6157,7.12877,0.265594,0.132371,0.0161977,0.0214454,0.0521468,0.503011,0.0897776,0.658004,0.388576,1,1,3,128,1,0.421328,0.194722,0.670826,0.186544,1,2121.8,0.00345614,0.207013,0.894447,0.541923,0.05,300,300,300,300,300,300,124,128,167,63,67,92,45,54,62,1
dual_l1,0,376,7,0.294541,0.0568933,-0.170065,0.939677,1001.83,1.96774,3.33286,0.475499,0.205497,0.0180573,0.0157316,0.0396168,0.284101,0.177688,0.256876,0.422758,1,1,17,62,1,0.309529,0.30325,0.38127,0.271995,1,953.63,0.00345614,0.207013,0.894447,0.541923,0.05,300,300,300,300,300,300,58,62,80,36,45,53,23,27,45,1
dual_l1,0,377,0,0.583715,0.0989951,-0.166943,0.985131,1235.48,1.85772,4.11206,0.406985,0.205183,0.0165161,0.0105782,0.0295034,0.397225,0.427595,0.617119,0.331279,1,1,17,153,1,0.645936,0.266154,0.670256,0.556554,1,1187.43,0.00345614,0.207013,0.894447,0.541923,0.05,300,300,300,300,300,300,100,153,300,57,61,69,26,45,53,1
dual_l1,0,378,1,0.354138,0.036537,0.301697,1.0723,1963.19,0.653096,6.5418,0.25427,0.0179975,0.039391,0.0112215,0.0417483,0.211265,0.138157,0.32664,0.110172,0,3.35182e-28,15,223,1,0.0852566,0.431551,0.363353,0.156708,0,1943.48,0.00345614,0.207013,0.894447,0.541923,0.05,300,300,300,300,300,300,168,223,300,75,79,87,46,50,80,1
dual_l1,0,379,4,0.511535,0.118601,-0.302561,0.900403,1495.87,4.34613,4.97174,0.652606,0.140549,0.0120708,0.014623,0.0257836,0.532705,0.0432758,0.540884,0.470472,1,1,48,75,1,0.405266,0.365036,0.588744,0.493878,1,1421.25,0.00345614,0.207013,0.894447,0.541923,0.05,300,300,300,300,300,300,58,75,83,45,49,57,31,42,50,1
dual_l1,0,380,5,0.278754,0.126127,-0.201996,1.00249,2149.49,0.646479,7.1628,0.250698,0.153933,0.0190211,0.0120018,0.0258038,0.306409,0.0826941,0.456825,0.535677,1,1,0,72,1,0.320646,0.517984,0.407525,0.538624,1,2108.61,0.00345614,0.207013,0.894447,0.541923,0.05,300,300,300,300,300,300,68,72,99,51,55,74,37,49,57,1
dual_l1,0,381,6,0.529637,0.0741619,0.272854,0.918284,1958.85,0.168756,6.52894,0.129933,0.0146671,0.0276503,0.00325825,0.0453757,0.271637,0.0837579,0.800236,0.277568,1,1,19,201,1,0.246872,0.250982,0.455115,0.207498,1,1951.07,0.00345614,0.207013,0.894447,0.541923,0.05,300,300,300,300,300,300,114,201,300,50,54,62,40,44,52,1
dual_l1,0,382,6,0.242279,0.0508121,0.367125,1.06781,1033.68,0.296908,3.44461,0.146716,0.055159,0.023352,0.0104738,0.0241879,0.456879,0.102625,0.354267,0.190079,1,1,1,300,0,0.146716,0.456879,0.354267,0.190079,1,1033.38,0.00345614,0.207013,0.894447,0.541923,0.05,300,300,300,300,300,300,67,300,300,48,62,70,29,40,48,1
dual_l1,0,383,7,0.399685,0.0811844,-0.479479,1.06461,1682.43,2.05927,5.60122,0.458284,0.230092,0.0295233,0.0222514,0.0306459,0.327574,0.183083,0.356012,0.705191,1,1,17,80,1,0.759312,0.816751,0.528954,0.565327,1,1600.82,0.00345614,0.207013,0.894447,0.541923,0.05,300,300,300,300,300,300,48,80,88,43,47,55,40,44,52,1
dual_l1,0,384,3,0.315425,0.146611,-0.488791,0.970312,2126.04,4.98837,7.07018,0.711847,0.484131,0.0176538,0.00667894,0.0406382,0.371468,0.204852,0.244909,0.739248,1,1,15,121,1,0.694018,0.6276,0.222299,0.665093,1,2020.26,0.00345614,0.207013,0.894447,0.541923,0.05,300,300,300,300,300,300,117,121,129,64,68,125,32,36,66,1
dual_l1,0,385,1,0.17185,0.0968964,0.0292453,1.09959,1981.51,0.476425,6.60346,0.209745,0.0893388,0.0193484,0.00449505,0.0392325,0.183995,0.199805,0.273544,0.124107,1,1,3,170,1,0.246518,0.215764,0.292823,0.125517,1,1973.32,0.00345614,0.207013,0.894447,0.541923,0.05,300,300,300,300,300,300,85,170,232,41,56,64,35,39,47,1
dual_l1,0,386,1,0.259546,0.192727,-0.146458,1.07658,1689.35,0.230872,5.6304,0.17036,0.160902,0.0547059,0.00782967,0.0237185,0.0443634,0.177743,0.301509,0.432115,0,2.0046e-28,21,257,1,0.226428,0.0704839,0.470732,0.326306,0,1684.94,0.00345614,0.207013,0.894447,0.541923,0.05,300,300,300,300,300,300,140,257,265,41,45,53,36,40,48,1
dual_l1,0,387,3,0.260245,0.0567743,-0.462379,0.964794,1480.21,8.9927,4.90405,0.929049,0.448657,0.0186101,0.0174233,0.0256218,0.916412,0.254474,0.155591,0.658391,1,1,3,294,1,0.768334,0.887915,0.161786,0.658895,1,1467.29,0.00345614,0.207013,0.894447,0.541923,0.05,300,300,300,300,300,300,155,294,300,56,60,86,45,49,57,1
dual_l1,0,388,4,0.36414,0.153462,0.0118699,1.06225,1829.27,0.127747,6.09713,0.118175,0.0438563,0.0558925,0.0134767,0.0141099,0.322338,0.0684592,0.490509,0.132607,1,1,18,156,1,0.0579655,0.32441,0.41232,0.194305,1,1821.9,0.00345614,0.207013,0.894447,0.541923,0.05,300,300,300,300,300,300,50,156,262,46,50,58,33,37,45,1
dual_l1,0,389,4,0.479893,0.0281977,0.10513,1.08199,2016.62,1.1594,6.71819,0.349708,0.122352,0.0389427,0.00774583,0.0183153,0.149234,0.364802,0.5358,0.300169,1,1,27,270,1,0.261216,0.175197,0.553042,0.152623,1,2009.86,0.00345614,0.207013,0.894447,0.541923,0.05,300,300,300,300,300,300,59,270,278,50,54,62,44,48,56,1
dual_l1,0,390,5,0.458855,0.147624,-0.126113,1.01153,2028.76,0.153518,6.76202,0.104734,0.0305455,0.0319902,0.0102141,0.0516663,0.260115,0.135354,0.36995,0.346931,1,1,0,157,1,0.326595,0.586536,0.544199,0.419159,1,2010.67,0.00345614,0.207013,0.894447,0.541923,0.05,300,300,300,81,300,300,72,157,300,56,60,80,45,49,57,1
dual_l1,0,391,4,0.333444,0.163881,0.400706,1.06615,1048.64,0.254815,3.4946,0.127274,0.0360278,0.0259017,0.0167491,0.0202545,0.467731,0.0962293,0.579423,0.220259,1,1,21,300,0,0.127274,0.467731,0.579423,0.220259,1,1048.38,0.00345614,0.207013,0.894447,0.541923,0.05,300,300,300,300,300,300,90,300,300,59,63,92,32,44,52,1
dual_l1,0,392,1,0.161042,0.129432,0.13121,1.02321,2163.03,0.475478,7.20852,0.200182,0.0173246,0.021364,0.0301371,0.0229451,0.184889,0.171172,0.342595,0.0341017,1,1,0,135,1,0.158698,0.451373,0.346713,0.0300567,1,2154.5,0.00345614,0.207013,0.894447,0.541923,0.05,300,300,300,300,300,300,103,135,300,58,79,87,45,61,69,1
dual_l1,0,393,7,0.523187,0.1303,0.420048,0.914593,2137.77,0.359328,7.12471,0.187948,0.0460407,0.0315362,0.00574311,0.0478808,0.411321,0.174437,0.453191,0.247926,1,1,26,300,0,0.187948,0.411321,0.453191,0.247926,1,2137.41,0.00345614,0.207013,0.894447,0.541923,0.05,300,300,300,300,300,300,93,300,300,61,65,125,46,50,58,1
dual_l1,0,394,6,0.613384,0.0349689,0.032353,1.04717,2115.53,1.46018,7.04691,0.447848,0.0333039,0.0201988,0.0104445,0.0530562,0.521026,0.135877,0.617066,0.23924,1,1,19,105,1,0.164023,0.275326,0.788909,0.0651142,1,2084,0.00345614,0.207013,0.894447,0.541923,0.05,300,300,300,300,300,300,101,105,181,56,60,68,35,45,53,1
dual_l1,0,395,7,0.450271,0.187496,0.119905,1.07711,1365.88,0.443077,4.55146,0.208713,0.0372422,0.0231829,0.0165273,0.0357543,0.309271,0.154165,0.572742,0.171427,1,1,2,83,1,0.145989,0.225819,0.657299,0.108249,1,1352.08,0.00345614,0.207013,0.894447,0.541923,0.05,300,300,300,300,300,300,63,83,91,37,60,68,32,36,44,1
dual_l1,0,396,7,0.502121,0.0353992,0.242455,1.02197,1441.77,0.0735112,4.80567,0.106206,0.0113586,0.0127886,0.00505495,0.0292016,0.383114,0.0870732,0.52481,0.0296234,1,1,19,300,0,0.106206,0.383114,0.52481,0.0296234,1,1441.7,0.00345614,0.207013,0.894447,0.541923,0.05,300,300,300,300,300,300,73,300,300,60,64,72,32,36,60,1
dual_l1,0,397,7,0.295268,0.195294,0.399915,0.925666,2005.82,0.891935,6.6831,0.308577,0.0502937,0.0151999,0.0106707,0.0328099,0.376106,0.0993949,0.350803,0.196184,1,1,21,237,1,0.270043,0.400577,0.319313,0.330957,1,1993.91,0.00345614,0.207013,0.894447,0.541923,0.05,300,300,300,300,300,300,207,237,300,49,53,61,32,36,44,1
dual_l1,0,398,3,0.368696,0.169547,-0.0506253,1.01582,1876.66,1.13909,6.25174,0.338674,0.0114355,0.0169039,0.00506277,0.0407918,0.148826,0.122732,0.450851,0.214464,1,1,24,115,1,0.190685,0.283345,0.416481,0.210414,1,1862.77,0.00345614,0.207013,0.894447,0.541923,0.05,300,300,300,300,300,300,111,115,300,64,68,76,37,41,62,1
dual_l1,0,399,6,0.297299,0.0492507,-0.357841,0.917894,1770.51,2.44323,5.89356,0.503016,0.263523,0.0220444,0.00984874,0.0188851,0.495349,0.216375,0.354815,0.574331,1,1,32,115,1,0.636567,0.560704,0.288912,0.510629,1,1704.01,0.00345614,0.207013,0.894447,0.541923,0.05,300,300,300,300,300,300,66,115,300,49,59,67,34,38,46,1
dual_l1,0,400,2,0.264941,0.137543,-0.148108,0.980325,1591.63,0.9358,5.3023,0.320764,0.13073,0.0373721,0.0101838,0.0212015,0.0691865,0.131361,0.339248,0.419716,0,2.44152e-08,0,77,1,0.288706,0.288844,0.547481,0.0491336,1,1543.55,0.00345614,0.207013,0.894447,0.541923,0.05,300,300,300,300,300,300,73,77,85,54,58,66,41,45,53,1
dual_l1,0,401,3,0.296728,0.000404882,-0.425452,0.981845,1310.33,4.82174,4.35169,0.681489,0.387426,0.0326049,0.0107146,0.0496851,0.58159,0.414183,0.387691,0.69421,1,1,16,284,1,0.60875,0.474504,0.410274,0.55388,1,1299.56,0.00345614,0.207013,0.894447,0.541923,0.05,300,300,300,300,300,300,264,284,300,47,51,87,37,41,49,1
dual_l1,0,402,1,0.216416,0.15754,-0.0150013,1.05799,1640.28,0.378813,5.46635,0.183468,0.0582546,0.0278312,0.0157853,0.0118008,0.191189,0.0682819,0.310411,0.285628,0,5.649e-17,8,69,1,0.230863,0.21293,0.320205,0.151741,1,1619.09,0.00345614,0.207013,0.894447,0.541923,0.05,300,300,300,300,300,300,54,69,77,48,52,73,33,42,50,1
dual_l1,0,403,2,0.408868,0.0841343,-0.429833,1.03097,2311.83,2.62339,7.69736,0.490723,0.154496,0.0225799,0.0148428,0.0111585,0.621304,0.439503,0.242663,0.541675,1,1,5,300,0,0.490723,0.621304,0.242663,0.541675,1,2309.21,0.00345614,0.207013,0.894447,0.541923,0.05,300,300,300,300,300,300,87,300,300,51,55,79,41,45,53,1
dual_l1,0,404,5,0.310358,0.135223,-0.168952,0.911554,2221.05,0.949931,7.40032,0.332495,0.0862311,0.0113235,0.0128094,0.0307978,0.11068,0.147576,0.313242,0.449112,1,1,1,60,1,0.418252,0.492591,0.272644,0.347672,1,2186.54,0.00345614,0.207013,0.894447,0.541923,0.05,300,300,300,300,300,300,56,60,81,53,57,65,47,51,59,1
dual_l1,0,405,3,0.321923,0.115944,0.388231,1.08213,1144.15,0.149579,3.81333,0.1121,0.0261931,0.0233585,0.0122244,0.0721088,0.247769,0.138951,0.490383,0.0907349,1,1,1,300,0,0.1121,0.247769,0.490383,0.0907349,1,1144,0.00345614,0.207013,0.894447,0.541923,0.05,300,300,300,300,300,300,95,300,300,59,63,71,30,51,59,1
dual_l1,0,406,7,0.394616,0.022301,0.147291,0.993311,1723.14,0.869542,5.7409,0.286029,0.0276362,0.0144729,0.0140035,0.0210248,0.101123,0.0352148,0.464271,0.117694,1,1,23,117,1,0.143258,0.138383,0.313477,0.0758239,1,1710.13,0.00345614,0.207013,0.894447,0.541923,0.05,300,300,300,300,300,300,72,117,125,56,60,68,37,41,49,1
dual_l1,0,407,5,0.365296,0.0857239,-0.378606,1.03194,1527.54,1.71924,5.08608,0.406133,0.321705,0.0272771,0.0114889,0.0247918,0.382824,0.255735,0.326249,0.727294,1,1,9,54,1,0.56299,0.43041,0.384597,0.605311,1,1444.52,0.00345614,0.207013,0.894447,0.541923,0.05,300,300,300,300,300,300,50,54,126,46,50,58,34,46,54,1
dual_l1,0,408,4,0.428481,0.0425136,0.171559,0.967983,1709.19,0.0400908,5.69716,0.0649695,0.00817334,0.0212813,0.00760065,0.0402694,0.209531,0.093457,0.427675,0.0380931,1,1,26,115,1,0.0953194,0.273679,0.377069,0.13242,1,1694.63,0.00345614,0.207013,0.894447,0.541923,0.05,300,300,300,300,300,300,111,115,300,41,82,90,39,43,51,1
dual_l1,0,409,4,0.447702,0.111254,0.378374,1.03541,1067.61,0.589085,3.55674,0.257981,0.0331137,0.00871517,0.0150037,0.0387643,0.381943,0.129981,0.359279,0.166024,1,1,13,201,1,0.114313,0.0356278,0.40997,0.150565,1,1056.33,0.00345614,0.207013,0.894447,0.541923,0.05,300,300,300,300,300,300,107,201,300,42,46,91,36,40,48,1
dual_l1,0,410,6,0.492714,0.0368814,0.364446,1.04698,2462.18,0.09903,8.20694,0.109086,0.0106895,0.0277734,0.0129267,0.00980375,0.43377,0.111822,0.781827,0.569842,1,1,20,159,1,0.154865,0.363779,0.638992,0.102864,1,2442.69,0.00345614,0.207013,0.894447,0.541923,0.05,300,300,300,300,300,300,94,159,193,82,91,99,55,66,86,1
dual_l1,0,411,3,0.553426,0.15929,-0.0689763,1.00341,1752.3,0.392963,5.83969,0.208848,0.123633,0.0157371,0.00543114,0.014786,0.14674,0.101989,0.426456,0.348368,1,0.878719,16,300,0,0.208848,0.14674,0.426456,0.348368,1,1751.91,0.00345614,0.207013,0.894447,0.541923,0.05,300,300,300,300,300,300,121,300,300,58,62,70,40,49,57,1
dual_l1,0,412,6,0.28927,0.106114,0.442084,0.983668,1815.81,0.0679121,6.05248,0.10505,0.0327806,0.00914742,0.00531544,0.0111257,0.407609,0.111467,0.28281,0.234897,1,1,15,300,0,0.10505,0.407609,0.28281,0.234897,1,1815.74,0.00345614,0.207013,0.894447,0.541923,0.05,300,300,300,300,300,300,91,300,300,48,74,94,33,37,59,1
dual_l1,0,413,1,0.32742,0.146603,0.427108,1.07896,1437.89,0.198684,4.79229,0.124003,0.0597744,0.0427062,0.0124671,0.0450878,0.297358,0.201457,0.434229,0.117997,0,2.10195e-44,2,300,0,0.124003,0.297358,0.434229,0.117997,0,1437.69,0.00345614,0.207013,0.894447,0.541923,0.05,300,300,300,300,300,300,97,300,300,96,100,126,38,76,106,1
dual_l1,0,414,0,0.395379,0.129531,-0.438522,1.06021,2447.61,3.28179,8.14775,0.573068,0.172223,0.0571355,0.0154279,0.0246244,0.527957,0.117288,0.405591,0.553409,1,1,0,79,1,0.513164,0.410031,0.426534,0.570184,1,2381.42,0.00345614,0.207013,0.894447,0.541923,0.05,300,300,300,300,300,300,75,79,166,54,58,77,46,50,58,1
dual_l1,0,415,2,0.35295,0.183632,-0.00594509,0.927575,1803.37,0.220139,6.01051,0.131956,0.061458,0.0438103,0.0111652,0.0570011,0.273274,0.164818,0.440203,0.257844,0,9.47855e-06,1,60,1,0.412522,0.369844,0.519888,0.168359,1,1776.55,0.00345614,0.207013,0.894447,0.541923,0.05,300,300,300,300,300,300,56,60,300,46,50,58,35,39,47,1
dual_l1,0,416,3,0.365941,0.0882431,0.080357,0.928292,1914.19,0.767224,6.37806,0.276394,0.04251,0.0196916,0.00576307,0.0269873,0.112365,0.222764,0.373377,0.245437,1,1,13,94,1,0.157678,0.218755,0.385366,0.137317,1,1899.76,0.00345614,0.207013,0.894447,0.541923,0.05,300,300,300,300,300,300,72,94,300,42,67,75,33,37,45,1
dual_l1,0,417,6,0.537745,0.012348,-0.273664,1.00206,2487.77,2.96816,8.28267,0.531467,0.272524,0.0100289,0.0113561,0.0158747,0.265826,0.403802,0.510534,0.534406,1,1,21,62,1,0.672906,0.644384,0.248594,0.41355,1,2369.48,0.00345614,0.207013,0.894447,0.541923,0.05,300,300,300,300,300,300,58,62,70,49,53,70,40,44,52,1
dual_l1,0,418,3,0.55676,0.0340366,0.067512,1.09034,2382.28,0.0853672,7.94064,0.096687,0.0196733,0.0247386,0.00688181,0.0133365,0.522008,0.139187,0.488797,0.145082,1,1,0,99,1,0.0535515,0.150509,0.627757,0.170798,1,2367.85,0.00345614,0.207013,0.894447,0.541923,0.05,300,300,300,300,300,300,95,99,194,64,84,92,47,51,59,1
dual_l1,0,419,2,0.144543,0.0559639,0.139894,0.91052,1096.36,0.137759,3.65407,0.13252,0.0260436,0.0317054,0.0100418,0.0260659,0.278205,0.0824816,0.197341,0.105098,1,1,16,171,1,0.135016,0.151914,0.174407,0.11137,1,1089.09,0.00345614,0.207013,0.894447,0.541923,0.05,300,300,300,300,300,300,73,171,300,57,61,83,45,49,57,1
dual_l1,0,420,5,0.265549,0.105357,0.330775,0.960781,1426.31,0.163699,4.75381,0.155418,0.0848866,0.0204562,0.00280893,0.0238691,0.493747,0.116578,0.15537,0.0303116,1,1,7,300,0,0.155418,0.493747,0.15537,0.0303116,1,1426.14,0.00345614,0.207013,0.894447,0.541923,0.05,300,300,300,300,300,300,112,300,300,56,67,75,36,40,48,1
dual_l1,0,421,0,0.428219,0.0696114,-0.405383,1.04565,1029.14,1.93698,3.42402,0.448924,0.335193,0.00955656,0.0111985,0.0224315,0.302406,0.137171,0.608285,0.533956,1,1,15,158,1,0.355856,0.467317,0.560763,0.65946,1,989.664,0.00345614,0.207013,0.894447,0.541923,0.05,300,300,300,300,300,300,154,158,251,45,49,57,33,37,45,1
dual_l1,0,422,1,0.411124,0.0701053,-0.326067,0.929587,2403.2,1.91713,8.00428,0.448541,0.201079,0.0477509,0.0128234,0.0510544,0.527117,0.229716,0.483798,0.464681,1,1,0,68,1,0.463426,0.382211,0.45958,0.342372,1,2343.8,0.00345614,0.207013,0.894447,0.541923,0.05,300,300,300,300,300,300,64,68,300,55,59,67,39,49,57,1
dual_l1,0,423,6,0.457993,0.0638256,-0.424822,1.02017,2109.73,2.33824,7.02463,0.501404,0.219251,0.0193403,0.00255915,0.0283034,0.0888907,0.210848,0.39579,0.705323,1,1,24,61,1,0.419599,0.447086,0.341729,0.618567,1,2053.33,0.00345614,0.207013,0.894447,0.541923,0.05,300,300,300,300,300,300,57,61,270,49,59,67,36,46,54,1
dual_l1,0,424,5,0.34708,0.0224078,-0.375969,0.988983,1599.81,2.69632,5.32373,0.521043,0.274025,0.0225272,0.00978232,0.0315183,0.4502,0.396609,0.431429,0.580664,0,4.26195e-34,0,57,1,0.572645,0.741338,0.463054,0.434492,0,1526.36,0.00345614,0.207013,0.894447,0.541923,0.05,300,300,300,300,300,300,53,57,65,45,49,57,28,43,51,1
dual_l1,0,425,1,0.324701,0.0942949,-0.218148,1.06411,2075.2,2.98336,6.9074,0.556411,0.0712541,0.043275,0.00989072,0.025126,0.296586,0.168154,0.33698,0.44097,0,2.00421e-28,26,118,1,0.243439,0.159924,0.183771,0.545561,0,2021.5,0.00345614,0.207013,0.894447,0.541923,0.05,300,300,300,300,300,300,95,118,300,50,59,67,33,49,57,1
dual_l1,0,426,5,0.440634,0.0271729,0.390888,1.06034,1186.71,0.401745,3.95436,0.217858,0.0930594,0.0176242,0.0068014,0.0191289,0.531136,0.22908,0.702786,0.303874,1,1,13,286,1,0.327073,0.42181,0.49704,0.146461,1,1183.47,0.00345614,0.207013,0.894447,0.541923,0.05,300,300,300,300,300,300,282,286,300,49,69,77,32,48,56,1
dual_l1,0,427,0,0.517961,0.0897886,0.329381,1.05817,2322.19,0.0759666,7.74039,0.0881024,0.0167419,0.0311837,0.0030777,0.0225424,0.227614,0.117418,0.664729,0.399066,1,1,20,228,1,0.186616,0.304011,0.579869,0.209791,1,2316.41,0.00345614,0.207013,0.894447,0.541923,0.05,300,300,300,300,300,300,90,228,236,64,68,76,45,57,65,1
dual_l1,0,428,4,0.322814,0.101083,-0.24798,1.03373,1305.12,1.51252,4.34538,0.393273,0.17196,0.0196309,0.0133296,0.021383,0.271107,0.184581,0.217876,0.418516,1,1,20,90,1,0.479871,0.330014,0.377383,0.430328,1,1278.45,0.00345614,0.207013,0.894447,0.541923,0.05,300,300,300,300,300,300,86,90,168,50,54,62,36,46,54,1
dual_l1,0,429,6,0.215683,0.167167,-0.0866183,1.00295,1269.96,0.0559166,4.233,0.0903954,0.047824,0.0119211,0.00754357,0.0216991,0.148886,0.102384,0.382319,0.270164,1,1,0,65,1,0.225664,0.157848,0.366696,0.304833,1,1249.44,0.00345614,0.207013,0.894447,0.541923,0.05,300,300,300,300,300,300,55,65,94,54,58,66,35,39,65,1
dual_l1,0,430,2,0.334756,0.131251,0.498293,0.963076,2227.41,0.399924,7.42336,0.196378,0.0395596,0.027017,0.00647905,0.0322253,0.680942,0.0733901,0.151631,0.39727,1,1,16,300,0,0.196378,0.680942,0.151631,0.39727,1,2227.01,0.00345614,0.207013,0.894447,0.541923,0.05,300,300,300,300,300,300,300,300,300,46,50,90,41,45,53,1
dual_l1,0,431,6,0.500557,0.0927651,-0.218089,1.08217,1111.39,1.02705,3.7012,0.316465,0.198091,0.0129251,0.0181392,0.0286528,0.477358,0.176323,0.430333,0.390394,1,1,2,55,1,0.500236,0.339493,0.527676,0.394323,1,1077.86,0.00345614,0.207013,0.894447,0.541923,0.05,300,300,300,300,300,300,51,55,99,46,50,58,33,45,53,1
dual_l1,0,432,0,0.461135,0.057457,0.165038,1.0056,1589.87,0.704914,5.29722,0.267762,0.0181768,0.0216939,0.0010774,0.030492,0.286087,0.134467,0.845792,0.152668,1,1,21,80,1,0.320675,0.0854538,0.44346,0.124531,1,1569.5,0.00345614,0.207013,0.894447,0.541923,0.05,300,300,300,300,300,300,76,80,300,67,71,79,53,57,65,1
dual_l1,0,433,0,0.541763,0.195732,-0.434967,0.984955,1839.81,5.95925,6.11285,0.78198,0.114435,0.0170017,0.0122762,0.0418438,0.407448,0.267843,0.608924,0.691301,1,1,1,62,1,0.719367,0.628623,0.675759,0.689299,1,1753.01,0.00345614,0.207013,0.894447,0.541923,0.05,300,300,300,300,300,300,50,62,171,48,52,60,39,43,51,1
dual_l1,0,434,5,0.548349,0.0717992,0.311115,1.09587,1805.62,0.36437,6.01752,0.198095,0.0320771,0.0161921,0.0076865,0.0147661,0.24442,0.275593,0.47681,0.141891,1,1,0,251,1,0.184398,0.341349,0.480989,0.0458548,1,1799.43,0.00345614,0.207013,0.894447,0.541923,0.05,300,300,300,300,300,300,108,251,300,87,108,116,45,49,57,1
dual_l1,0,435,5,0.299991,0.0789739,-0.137008,0.990671,1315.4,3.24616,4.37386,0.580058,0.0727704,0.0186576,0.0190049,0.0297215,0.640168,0.161463,0.276377,0.0915779,1,1,35,68,1,0.457529,0.405067,0.343762,0.287322,1,1280.35,0.00345614,0.207013,0.894447,0.541923,0.05,300,300,300,300,300,300,64,68,85,58,62,70,33,42,50,1
dual_l1,0,436,7,0.432851,0.128038,-0.498842,0.957659,1984.02,3.30041,6.60241,0.578755,0.452165,0.0148858,0.0161995,0.0615164,0.588784,0.0678923,0.505048,0.722511,1,1,25,78,1,0.875816,0.728777,0.433099,0.554333,1,1889.08,0.00345614,0.207013,0.894447,0.541923,0.05,300,300,300,300,300,300,74,78,86,62,66,74,47,51,73,1
dual_l1,0,437,1,0.250843,0.191707,-0.0399078,0.969299,1655.95,0.393839,5.51852,0.209523,0.0162313,0.041958,0.0130511,0.0155453,0.248246,0.185869,0.469566,0.271008,1,1,5,110,1,0.291995,0.138039,0.342649,0.206446,1,1642.47,0.00345614,0.207013,0.894447,0.541923,0.05,300,300,300,300,300,300,96,110,170,49,53,81,36,40,48,1
dual_l1,0,438,0,0.61681,0.0569022,0.198443,0.960827,1492.55,0.134709,4.97472,0.127316,0.0111073,0.0398818,0.00870852,0.0369592,0.231041,0.0723125,0.551413,0.0448394,1,1,19,122,1,0.140994,0.257405,0.643474,0.0665639,1,1478.21,0.00345614,0.207013,0.894447,0.541923,0.05,300,300,300,300,300,300,112,122,269,66,70,101,40,44,68,1
dual_l1,0,439,5,0.350672,0.137132,-0.163497,0.930247,1830.38,1.53695,6.09615,0.393087,0.154152,0.0271314,0.0278465,0.0363515,0.250254,0.12936,0.317696,0.358706,1,1,0,64,1,0.18973,0.1732,0.497329,0.341479,1,1795.43,0.00345614,0.207013,0.894447,0.541923,0.05,300,300,300,300,300,300,60,64,298,47,51,59,34,48,56,1
dual_l1,0,440,5,0.191467,0.137158,0.240443,0.978949,1004.74,0.154588,3.34862,0.141369,0.0192718,0.0232347,0.00902428,0.0221241,0.356158,0.0531572,0.369343,0.123352,1,1,17,145,1,0.112106,0.184557,0.263877,0.0535289,1,990.393,0.00345614,0.207013,0.894447,0.541923,0.05,300,300,300,300,300,300,96,145,153,49,85,105,41,45,53,1
dual_l1,0,441,6,0.431981,0.0406939,-0.106476,0.943809,1156.08,0.370152,3.85235,0.202573,0.135907,0.0249975,0.017743,0.0539573,0.324394,0.225018,0.564971,0.225054,1,1,2,126,1,0.793527,0.46152,0.543098,0.184473,1,1105.95,0.00345614,0.207013,0.894447,0.541923,0.05,300,300,300,300,300,300,50,126,253,47,51,123,38,42,50,1
dual_l1,0,442,2,0.348076,0.147054,0.0525206,0.90791,1068.09,0.234763,3.55952,0.142519,0.00276505,0.0204641,0.0176547,0.0330886,0.36013,0.213858,0.357129,0.244058,0,6.67438e-42,-1,86,1,0.17391,0.261537,0.295416,0.199528,0,1052.01,0.00345614,0.207013,0.894447,0.541923,0.05,300,300,300,300,300,300,66,86,256,48,52,60,36,40,48,1
dual_l1,0,443,7,0.347576,0.0808054,-0.44612,0.978828,1322.35,2.94897,4.39799,0.523579,0.404573,0.0145475,0.0124876,0.0551962,0.387622,0.246365,0.251509,0.691625,1,1,0,87,1,0.474779,0.505694,0.230047,0.57785,1,1229.59,0.00345614,0.207013,0.894447,0.541923,0.05,300,300,300,300,300,300,70,87,95,47,51,59,46,50,58,1
dual_l1,0,444,7,0.40249,0.190098,0.488615,0.951032,1568.98,0.625916,5.22785,0.276303,0.0296558,0.0186103,0.0057297,0.034414,0.400361,0.078388,0.501217,0.281583,1,1,6,122,1,0.203511,0.158283,0.339814,0.285545,1,1533.49,0.00345614,0.207013,0.894447,0.541923,0.05,300,300,300,300,300,300,118,122,300,57,61,69,44,48,56,1
dual_l1,0,445,2,0.438036,0.178741,-0.0318912,1.04289,1133.37,0.0839609,3.77762,0.0745182,0.0646691,0.0465589,0.0192698,0.0127674,0.23992,0.214307,0.315796,0.184097,1,1,8,61,1,0.310677,0.243331,0.253759,0.0907547,1,1114.19,0.00345614,0.207013,0.894447,0.541923,0.05,300,300,300,300,300,300,57,61,300,51,55,63,40,44,52,1
dual_l1,0,446,1,0.377625,0.173819,0.101203,0.978009,1040.77,0.464982,3.46768,0.217927,0.0221027,0.0209726,0.0158682,0.0349727,0.244235,0.145037,0.294632,0.139457,0,2.34802e-29,1,189,1,0.236247,0.345275,0.32179,0.0775691,0,1032.58,0.00345614,0.207013,0.894447,0.541923,0.05,300,300,300,300,300,300,63,189,226,45,49,75,41,45,53,1
dual_l1,0,447,3,0.324621,0.194452,0.0432259,1.03188,1129.52,0.947374,3.7619,0.277104,0.0507167,0.0256851,0.00451035,0.0320546,0.361705,0.319921,0.422253,0.163385,1,1,20,110,1,0.224457,0.142777,0.221064,0.149965,1,1116.97,0.00345614,0.207013,0.894447,0.541923,0.05,300,300,300,300,300,300,83,110,207,49,53,82,33,37,56,1
dual_l1,0,448,1,0.358427,0.182054,0.419181,0.925247,1233.97,0.367622,4.11199,0.161794,0.01667,0.0312626,0.00860198,0.0178349,0.327532,0.156641,0.356521,0.557223,1,1,0,300,0,0.161794,0.327532,0.356521,0.557223,1,1233.6,0.00345614,0.207013,0.894447,0.541923,0.05,300,300,300,300,300,300,243,300,300,46,74,82,32,44,52,1
dual_l1,0,449,1,0.429024,0.0666413,0.0655501,0.983961,1306.6,0.124854,4.35492,0.119379,0.0218603,0.0328542,0.0178374,0.0387022,0.155493,0.116518,0.504324,0.241067,0,2.61369e-18,0,66,1,0.399351,0.417201,0.528933,0.0424495,1,1256.4,0.00345614,0.207013,0.894447,0.541923,0.05,300,300,300,300,300,300,62,66,168,40,62,70,24,37,45,1
dual_l1,0,450,3,0.555368,0.106034,-0.455238,1.00663,2218.4,4.60856,7.3793,0.706674,0.249755,0.026474,0.0109987,0.0379877,0.420782,0.139232,0.53066,0.818112,1,1,18,61,1,0.427517,0.479336,0.516478,0.789525,1,2094.47,0.00345614,0.207013,0.894447,0.541923,0.05,300,300,300,300,300,300,57,61,182,47,51,59,36,40,48,1
dual_l1,0,451,2,0.411304,0.103607,-0.46853,0.999782,2129.37,4.64542,7.0824,0.687766,0.284307,0.0252849,0.0163036,0.0262535,0.362262,0.170599,0.332162,0.693644,1,1,6,102,1,0.616096,0.434111,0.314067,0.840887,1,2036.7,0.00345614,0.207013,0.894447,0.541923,0.05,300,300,300,300,300,300,92,102,300,52,80,88,46,50,58,1
dual_l1,0,452,4,0.258893,0.1599,0.119028,1.02562,1678.17,0.23546,5.59311,0.163875,0.0352987,0.0377523,0.00979987,0.0333504,0.246194,0.202222,0.305129,0.108094,1,1,27,114,1,0.13507,0.240224,0.279877,0.0374213,1,1661.95,0.00345614,0.207013,0.894447,0.541923,0.05,300,300,300,300,300,300,83,114,300,47,63,71,37,41,49,1
dual_l1,0,453,4,0.42652,0.0399436,-0.157306,0.982348,1224.5,0.660723,4.07945,0.250602,0.15211,0.00654992,0.0102727,0.0324875,0.46793,0.128971,0.453558,0.325247,1,1,20,137,1,0.262677,0.165214,0.422857,0.355448,1,1199.45,0.00345614,0.207013,0.894447,0.541923,0.05,300,300,300,300,300,300,69,137,300,47,60,68,30,34,42,1
dual_l1,0,454,6,0.278418,0.133468,-0.47287,1.05719,1558.3,2.13312,5.18723,0.486943,0.30695,0.0146826,0.00704937,0.0259832,0.321969,0.0932069,0.317469,0.602012,1,1,4,183,1,0.523864,0.43797,0.208199,0.647784,1,1526.44,0.00345614,0.207013,0.894447,0.541923,0.05,300,300,300,300,300,300,68,183,300,49,53,61,33,49,57,1
dual_l1,0,455,3,0.50963,0.0562642,-0.398456,1.00898,1261.82,3.09843,4.19574,0.562955,0.397016,0.0270446,0.00352068,0.0121692,0.574099,0.252337,0.518953,0.753618,0,0,0,223,1,0.4192,0.594759,0.470642,0.665319,0,1230.14,0.00345614,0.207013,0.894447,0.541923,0.05,300,300,300,300,300,300,219,223,300,47,58,66,40,44,52,1
dual_l1,0,456,7,0.413833,0.166409,0.204756,0.964832,1009.81,0.0826124,3.36575,0.0859644,0.0154127,0.026072,0.0124082,0.0385469,0.314667,0.0999239,0.402418,0.180586,1,1,1,83,1,0.150274,0.187038,0.462309,0.0238148,1,992.723,0.00345614,0.207013,0.894447,0.541923,0.05,300,300,300,300,300,300,79,83,300,50,60,68,27,31,39,1
dual_l1,0,457,2,0.461115,0.0485716,0.428233,1.0941,1595.25,0.248835,5.31667,0.15824,0.029751,0.0306665,0.0277412,0.0363264,0.387359,0.139173,0.365212,0.447966,1,1,18,231,1,0.0433869,0.35127,0.456932,0.258189,1,1584.67,0.00345614,0.207013,0.894447,0.541923,0.05,300,300,300,300,300,300,111,231,300,88,92,100,39,43,51,1
dual_l1,0,458,1,0.242729,0.0563502,-0.30704,1.06957,2517.36,1.81609,8.38515,0.411838,0.220319,0.0197276,0.00987823,0.0333346,0.204758,0.218519,0.160795,0.556869,0,1.74467e-33,25,225,1,0.657589,0.476495,0.287936,0.621894,0,2490.68,0.00345614,0.207013,0.894447,0.541923,0.05,300,300,300,300,300,300,79,225,300,57,69,77,49,53,61,1
dual_l1,0,459,3,0.297844,0.0694949,0.249078,1.09423,1796.88,0.139143,5.98913,0.0960977,0.0307795,0.0261497,0.00762845,0.0322331,0.179576,0.0282473,0.444188,0.0915613,1,0.999893,13,105,1,0.180984,0.280888,0.363531,0.0856273,1,1775.97,0.00345614,0.207013,0.894447,0.541923,0.05,300,300,300,300,300,300,85,105,300,50,82,90,35,39,61,1
dual_l1,0,460,5,0.407471,0.0341546,0.424305,1.0081,2007.6,1.0396,6.68853,0.281433,0.0508509,0.0350932,0.00826811,0.023326,0.239168,0.272608,0.457335,0.397671,1,1,0,300,0,0.281433,0.239168,0.457335,0.397671,1,2006.56,0.00345614,0.207013,0.894447,0.541923,0.05,300,300,300,300,300,300,300,300,300,56,60,105,42,46,64,1
dual_l1,0,461,3,0.440203,0.125276,0.26757,0.986294,1031.42,0.0867446,3.43779,0.0593134,0.0438054,0.0252093,0.0118201,0.0395313,0.401029,0.177378,0.666791,0.161606,1,1,0,88,1,0.106773,0.393754,0.320013,0.063298,1,1007.84,0.00345614,0.207013,0.894447,0.541923,0.05,300,300,300,300,300,300,78,88,300,69,78,86,24,34,42,1
dual_l1,0,462,5,0.50675,0.139035,-0.368051,0.996747,1272.13,1.6317,4.23498,0.384989,0.160179,0.0214616,0.027077,0.0174536,0.331743,0.209053,0.564887,0.559049,1,1,15,101,1,0.366888,0.312414,0.271637,0.457524,1,1218.69,0.00345614,0.207013,0.894447,0.541923,0.05,300,300,300,300,300,300,84,101,109,34,38,56,30,34,42,1
dual_l1,0,463,3,0.397051,0.112208,0.12146,1.07073,1368.55,0.13235,4.56138,0.111287,0.0155301,0.0159614,0.00716691,0.0265583,0.150269,0.20296,0.115818,0.112335,1,1,1,175,1,0.072597,0.206343,0.314021,0.136612,1,1360.83,0.00345614,0.207013,0.894447,0.541923,0.05,300,300,300,300,300,300,115,175,183,56,60,68,43,47,55,1
dual_l1,0,464,4,0.402662,0.126588,-0.0139401,1.02584,1506.08,0.150836,5.01977,0.123021,0.0237149,0.00359361,0.0106338,0.0258631,0.21862,0.0687329,0.408591,0.175894,1,1,23,253,1,0.322591,0.215312,0.448895,0.163268,1,1502.95,0.00345614,0.207013,0.894447,0.541923,0.05,300,300,300,300,300,300,59,253,300,50,54,62,24,40,48,1
dual_l1,0,465,5,0.377278,0.126066,0.0644071,1.04962,1579.48,0.0490696,5.26476,0.0815338,0.0162406,0.0366792,0.0104643,0.0271662,0.164669,0.168359,0.243261,0.145409,1,1,0,97,1,0.159257,0.374578,0.346069,0.102553,1,1569.24,0.00345614,0.207013,0.894447,0.541923,0.05,300,300,300,300,300,300,71,97,291,54,63,71,37,41,49,1
dual_l1,0,466,2,0.238247,0.121432,-0.115405,1.06517,1546.29,0.874744,5.15139,0.297373,0.0531294,0.0200291,0.0108022,0.0272173,0.141328,0.312521,0.214984,0.354315,1,0.999947,0,146,1,0.211716,0.389046,0.411096,0.233238,1,1530.77,0.00345614,0.207013,0.894447,0.541923,0.05,300,300,300,300,300,300,81,146,154,51,55,63,32,52,60,1
dual_l1,0,467,4,0.5356,0.112623,-0.155183,0.985595,982.421,1.85556,3.26855,0.426063,0.0691504,0.0337037,0.0107728,0.0189616,0.163665,0.196466,0.436295,0.267068,1,1,10,152,1,0.315475,0.317337,0.524864,0.425128,1,959.097,0.00345614,0.207013,0.894447,0.541923,0.05,300,300,300,300,300,300,71,152,272,43,47,55,30,46,54,1
dual_l1,0,468,0,0.472828,0.156543,0.448941,1.06975,1256.36,0.68986,4.18557,0.26466,0.0459079,0.0256797,0.00921688,0.0366361,0.432454,0.12181,0.232116,0.203433,1,1,0,300,0,0.26466,0.432454,0.232116,0.203433,1,1255.67,0.00345614,0.207013,0.894447,0.541923,0.05,300,300,300,300,300,300,137,300,300,73,77,85,44,48,56,1
dual_l1,0,469,2,0.39573,0.13393,-0.248748,1.0463,2358.38,1.89974,7.85494,0.428602,0.177059,0.0218582,0.00883323,0.0451323,0.333973,0.11133,0.478962,0.430409,1,1,0,78,1,0.479947,0.411827,0.296744,0.422924,1,2316.36,0.00345614,0.207013,0.894447,0.541923,0.05,300,300,300,300,300,300,74,78,300,67,71,79,45,49,57,1
dual_l1,0,470,3,0.479956,0.125036,0.373833,0.996836,1426.87,0.18592,4.75562,0.132211,0.0487072,0.0142082,0.0219275,0.0284076,0.364895,0.176114,0.417282,0.148769,0,5.59974e-31,-1,300,0,0.132211,0.364895,0.417282,0.148769,0,1426.69,0.00345614,0.207013,0.894447,0.541923,0.05,300,300,300,300,300,300,70,300,300,53,57,65,35,39,47,1
dual_l1,0,471,5,0.418159,0.156058,-0.346005,1.00608,2170.94,0.856074,7.23362,0.295388,0.295388,0.0423668,0.017389,0.043021,0.266052,0.248311,0.571582,0.525082,1,1,0,66,1,0.674888,0.739743,0.221534,0.386472,1,2088.49,0.00345614,0.207013,0.894447,0.541923,0.05,300,300,300,300,300,300,54,66,90,50,54,74,34,38,57,1
dual_l1,0,472,1,0.372703,0.0950726,-0.337771,0.944728,1646.58,1.89342,5.48228,0.428363,0.168758,0.0309456,0.0142973,0.0294096,0.269636,0.0848709,0.367802,0.475727,0,0,0,53,1,0.457467,0.513047,0.465148,0.265412,0,1574.21,0.00345614,0.207013,0.894447,0.541923,0.05,300,300,300,300,300,300,49,53,81,47,51,59,33,37,45,1
dual_l1,0,473,4,0.459696,0.0339353,0.0706676,0.938284,1154.27,2.23267,3.84011,0.433556,0.0793925,0.027683,0.0146653,0.0109504,0.722697,0.402474,0.357641,0.373904,1,1,10,300,0,0.433556,0.722697,0.357641,0.373904,1,1152.03,0.00345614,0.207013,0.894447,0.541923,0.05,300,300,300,300,300,300,156,300,300,48,58,66,36,40,48,1
dual_l1,0,474,4,0.636273,0.190522,-0.167285,0.916199,1480.88,1.28927,4.93198,0.343166,0.0708896,0.0174491,0.00527451,0.0429626,0.493942,0.0858273,0.862674,0.29463,1,1,21,64,1,0.331089,0.202767,0.672233,0.450013,1,1445.05,0.00345614,0.207013,0.894447,0.541923,0.05,300,300,300,300,300,300,55,64,300,47,51,59,36,48,56,1
dual_l1,0,475,2,0.403726,0.149377,-0.187488,1.0218,1751.83,1.42325,5.83469,0.375734,0.178311,0.0279013,0.0112486,0.0539667,0.343879,0.268904,0.683324,0.161681,1,1,0,71,1,0.315246,0.347033,0.407883,0.45539,1,1719.8,0.00345614,0.207013,0.894447,0.541923,0.05,300,300,300,300,300,300,67,71,106,55,66,74,48,52,60,1
dual_l1,0,476,4,0.418129,0.148865,-0.199024,1.01199,2008.86,0.437288,6.69476,0.230154,0.078881,0.0251487,0.00552693,0.0349061,0.0799093,0.218376,0.537911,0.445102,1,1,33,98,1,0.283743,0.248065,0.574626,0.466254,1,1982.19,0.00345614,0.207013,0.894447,0.541923,0.05,300,300,300,300,300,300,63,98,106,51,55,63,40,44,52,1
dual_l1,0,477,7,0.44296,0.0383635,-0.440097,0.924868,1268.66,6.87307,4.20597,0.827105,0.611122,0.0116551,0.0112226,0.0315332,0.637528,0.124929,0.482158,0.624138,1,1,21,209,1,0.761693,0.54608,0.202142,0.703378,1,1187.63,0.00345614,0.207013,0.894447,0.541923,0.05,300,300,300,300,300,300,77,209,230,35,39,47,29,39,47,1
dual_l1,0,478,7,0.55141,0.0817994,-0.460467,1.01919,1399.7,3.65397,4.65347,0.596896,0.413931,0.0320289,0.0120245,0.022936,0.559846,0.241585,0.423716,0.719331,1,1,0,94,1,0.682706,0.688866,0.440401,0.445797,1,1311.71,0.00345614,0.207013,0.894447,0.541923,0.05,300,300,300,300,300,300,63,94,213,44,48,56,31,40,48,1
dual_l1,0,479,6,0.228984,0.0614707,0.394412,1.08288,1786.77,0.538437,5.95409,0.269301,0.0148059,0.0179787,0.0142493,0.00944423,0.302379,0.054427,0.145338,0.133657,1,1,16,300,0,0.269301,0.302379,0.145338,0.133657,1,1786.23,0.00345614,0.207013,0.894447,0.541923,0.05,300,300,300,300,300,300,300,300,300,87,91,99,39,53,84,1
dual_l1,0,480,6,0.383564,0.0255862,0.306609,1.0571,1525.79,1.58046,5.08071,0.403607,0.0360913,0.0218112,0.00711148,0.0299287,0.689745,0.218561,0.283728,0.0520945,1,1,19,118,1,0.0947702,0.430034,0.331468,0.0950428,1,1497.63,0.00345614,0.207013,0.894447,0.541923,0.05,300,300,300,300,300,300,73,118,300,61,65,73,43,47,55,1
dual_l1,0,481,2,0.334553,0.0514017,0.494442,1.01978,1280.85,0.260933,4.26862,0.105028,0.0252603,0.0351673,0.00100789,0.0342845,0.604594,0.168799,0.402533,0.0696255,1,1,0,300,0,0.105028,0.604594,0.402533,0.0696255,1,1280.59,0.00345614,0.207013,0.894447,0.541923,0.05,300,300,300,300,300,300,300,300,300,46,61,79,30,46,54,1
dual_l1,0,482,3,0.397983,0.134297,0.160942,1.06182,1098.83,0.247817,3.66194,0.171981,0.0358488,0.019047,0.0126703,0.022426,0.260434,0.191909,0.453361,0.0679111,1,1,9,189,1,0.054617,0.230997,0.471099,0.277948,1,1091.3,0.00345614,0.207013,0.894447,0.541923,0.05,300,300,300,300,300,300,74,189,300,62,66,74,39,43,68,1
dual_l1,0,483,2,0.429478,0.0474413,0.35541,0.927325,1966.98,0.339734,6.55548,0.154318,0.0187701,0.0283652,0.00979378,0.0196848,0.333395,0.187255,0.467063,0.175384,1,1,17,237,1,0.240716,0.552853,0.50274,0.176173,1,1960,0.00345614,0.207013,0.894447,0.541923,0.05,300,300,300,300,300,300,227,237,300,50,66,85,45,49,57,1
dual_l1,0,484,5,0.453357,0.0652423,0.109339,0.918084,1595.07,0.0253659,5.31682,0.0542096,0.0286818,0.0208897,0.00824976,0.034667,0.253395,0.0373278,0.542523,0.136423,1,1,23,132,1,0.508352,0.241379,0.451627,0.13685,1,1579.16,0.00345614,0.207013,0.894447,0.541923,0.05,300,300,300,300,300,300,128,132,300,78,123,131,43,54,83,1
dual_l1,0,485,2,0.441863,0.0197531,-0.469756,0.945099,1563.58,4.16132,5.19808,0.648338,0.331577,0.0194924,0.0242785,0.0288379,0.569131,0.140395,0.475578,0.575988,1,1,1,137,1,0.864211,0.765535,0.431379,0.636027,1,1492.77,0.00345614,0.207013,0.894447,0.541923,0.05,300,300,300,300,300,300,133,137,145,46,50,132,31,44,52,1
dual_l1,0,486,6,0.550695,0.0263101,-0.0564724,1.00854,1741.31,1.56479,5.79916,0.381643,0.0724238,0.0189836,0.0087759,0.0154597,0.466155,0.278854,0.64672,0.2629,1,1,13,189,1,0.224966,0.0712008,0.575465,0.315779,1,1726.09,0.00345614,0.207013,0.894447,0.541923,0.05,300,300,300,300,300,300,104,189,300,53,57,65,39,43,51,1
dual_l1,0,487,7,0.408471,0.0416259,0.39141,0.914249,930.045,0.293722,3.09917,0.167327,0.0244164,0.0129124,0.00457645,0.0131652,0.426353,0.159943,0.386521,0.257154,1,1,1,257,1,0.235198,0.618368,0.402085,0.162751,1,922.029,0.00345614,0.207013,0.894447,0.541923,0.05,300,300,300,300,300,300,182,257,300,45,49,82,22,32,40,1
dual_l1,0,488,2,0.347024,0.137106,-0.145214,1.07053,831.152,1.5356,2.76539,0.388972,0.120477,0.0243705,0.00935923,0.0212635,0.24264,0.165425,0.510211,0.424885,0,2.37497e-24,17,136,1,0.383267,0.234393,0.341786,0.299282,1,804.84,0.00345614,0.207013,0.894447,0.541923,0.05,300,300,300,300,300,300,48,136,144,40,44,66,22,35,43,1
dual_l1,0,489,3,0.497726,0.182094,-0.416592,0.934776,1406.12,4.36154,4.67254,0.654601,0.339729,0.0297492,0.00704689,0.0171855,0.474749,0.075391,0.547181,0.628469,1,1,0,101,1,0.608739,0.551207,0.520534,0.604329,1,1337.64,0.00345614,0.207013,0.894447,0.541923,0.05,300,300,300,300,300,300,68,101,300,46,50,68,31,47,55,1
dual_l1,0,490,0,0.393144,0.105983,-0.175849,1.00952,2057.2,1.73747,6.85155,0.39822,0.191149,0.0400731,0.0153833,0.0633235,0.447738,0.279105,0.456719,0.339938,1,1,24,77,1,0.290231,0.227017,0.537657,0.398987,1,2028.88,0.00345614,0.207013,0.894447,0.541923,0.05,300,300,300,300,300,300,73,77,255,52,56,64,38,42,59,1
dual_l1,0,491,4,0.21771,0.0237546,0.478379,1.03329,1066.12,0.321614,3.55268,0.173927,0.0333917,0.026472,0.000950202,0.0374242,0.228106,0.156559,0.108011,0.362342,1,1,21,300,0,0.173927,0.228106,0.108011,0.362342,1,1065.8,0.00345614,0.207013,0.894447,0.541923,0.05,300,300,300,300,300,300,300,300,300,50,70,78,28,39,47,1
dual_l1,0,492,6,0.522602,0.0743117,-0.229644,1.09626,3109.83,0.417763,10.3647,0.206351,0.157602,0.0177337,0.0162882,0.04276,0.259718,0.122729,0.530411,0.422693,1,1,23,90,1,0.397588,0.363158,0.527427,0.589637,1,3074.57,0.00345614,0.207013,0.894447,0.541923,0.05,300,300,300,300,300,300,86,90,300,73,77,85,45,66,74,1
dual_l1,0,493,5,0.316607,0.166552,-0.416726,1.05198,1410.88,1.95087,4.69643,0.452392,0.321878,0.0280425,0.00700469,0.0471896,0.477189,0.116652,0.465836,0.564275,1,1,8,83,1,0.472124,0.457654,0.207911,0.34874,1,1340.59,0.00345614,0.207013,0.894447,0.541923,0.05,300,300,300,300,300,300,71,83,91,45,59,67,40,44,52,1
dual_l1,0,494,0,0.409982,0.110744,0.493543,1.05676,1240.19,1.29187,4.12964,0.345686,0.0548605,0.0368532,0.0179703,0.0451556,0.513071,0.2287,0.527733,0.398873,1,1,15,300,0,0.345686,0.513071,0.527733,0.398873,1,1238.89,0.00345614,0.207013,0.894447,0.541923,0.05,300,300,300,300,300,300,90,300,300,39,79,87,33,37,61,1
dual_l1,0,495,1,0.445478,0.095374,-0.379102,0.967988,2240.73,2.38345,7.46114,0.484238,0.33221,0.0365229,0.0141532,0.018999,0.481666,0.274122,0.456651,0.639988,0,2.26182e-32,22,77,1,0.500211,0.402728,0.687516,0.342656,1,2155.24,0.00345614,0.207013,0.894447,0.541923,0.05,300,300,300,300,300,300,65,77,151,52,56,64,38,42,50,1
dual_l1,0,496,5,0.492409,0.113593,0.0556823,0.960757,1571.2,0.292902,5.23637,0.177708,0.025656,0.0179129,0.0101233,0.0116798,0.116215,0.176981,0.47274,0.226875,1,1,0,107,1,0.366872,0.0889833,0.60706,0.0754076,1,1558.7,0.00345614,0.207013,0.894447,0.541923,0.05,300,300,300,300,300,300,85,107,300,45,49,70,42,46,54,1
dual_l1,0,497,0,0.106906,0.167564,-0.187333,1.08959,1212.02,1.22223,4.036,0.342654,0.0671623,0.0165085,0.00863969,0.0440112,0.380477,0.0702491,0.265363,0.292731,1,1,15,118,1,0.356925,0.221628,0.315533,0.383835,1,1192.17,0.00345614,0.207013,0.894447,0.541923,0.05,300,300,300,300,300,300,75,118,126,54,58,66,36,40,48,1
dual_l1,0,498,3,0.301389,0.15996,0.455465,0.910531,908.487,0.328815,3.02719,0.185154,0.0257157,0.0125259,0.0125978,0.00997111,0.316157,0.10251,0.252433,0.0858487,1,1,0,300,0,0.185154,0.316157,0.252433,0.0858487,1,908.158,0.00345614,0.207013,0.894447,0.541923,0.05,300,300,300,300,300,300,132,300,300,48,52,74,37,41,49,1
dual_l1,0,499,7,0.123917,0.0254545,-0.447705,1.09872,1901.83,2.95463,6.32957,0.538711,0.381036,0.0398808,0.0210046,0.0422548,0.492391,0.0982959,0.121192,0.625568,1,1,20,220,1,0.609236,0.492473,0.187794,0.576657,1,1875.91,0.00345614,0.207013,0.894447,0.541923,0.05,300,300,300,300,300,300,96,220,228,58,62,70,38,42,50,1
dual_l1,0,500,6,0.354641,0.154867,-0.16169,1.08565,1346.97,0.32098,4.48883,0.188426,0.0730866,0.00208378,0.0138194,0.0203605,0.257474,0.194802,0.453907,0.295227,1,1,8,82,1,0.268155,0.481963,0.270855,0.359631,1,1325.41,0.00345614,0.207013,0.894447,0.541923,0.05,300,300,300,300,300,300,68,82,103,34,38,68,33,37,45,1
dual_l1,0,501,7,0.490786,0.00707998,0.146975,1.05369,1440.3,1.77017,4.79509,0.422382,0.0389113,0.0163311,0.0144314,0.0240586,0.17187,0.166063,0.391201,0.129579,1,1,18,300,0,0.422382,0.17187,0.391201,0.129579,1,1438.53,0.00345614,0.207013,0.894447,0.541923,0.05,300,300,300,300,300,300,165,300,300,106,142,150,34,38,64,1
dual_l1,0,502,7,0.221018,0.0126241,-0.205462,1.02656,1596.98,5.5041,5.30493,0.744004,0.36859,0.024419,0.0171401,0.0269238,0.278287,0.348465,0.208839,0.553069,1,1,0,84,1,0.417662,0.239265,0.338235,0.411385,1,1505.65,0.00345614,0.207013,0.894447,0.541923,0.05,300,300,300,300,300,300,80,84,253,47,51,59,41,45,53,1
dual_l1,0,503,0,0.234979,0.138729,-0.19659,1.09421,1091.64,0.315326,3.63776,0.187711,0.0960943,0.029686,0.0142888,0.0277193,0.350961,0.174171,0.307999,0.413104,1,1,17,146,1,0.274508,0.339472,0.340825,0.387674,1,1074.55,0.00345614,0.207013,0.894447,0.541923,0.05,300,300,300,300,300,300,132,146,154,49,53,84,33,46,54,1
dual_l1,0,504,3,0.317703,0.0283871,0.322861,1.09019,1675.18,0.157826,5.58341,0.135653,0.0287476,0.0418845,0.00790591,0.0362797,0.421239,0.120038,0.341007,0.0976022,1,1,14,284,1,0.140464,0.112038,0.383823,0.273055,1,1672.84,0.00345614,0.207013,0.894447,0.541923,0.05,300,300,300,300,300,300,195,284,300,82,86,94,36,40,48,1
dual_l1,0,505,2,0.237733,0.076863,-0.201512,0.967268,2071.21,1.61811,6.89864,0.387898,0.141966,0.0352093,0.00606004,0.0160588,0.37706,0.129955,0.194775,0.402577,1,1,0,67,1,0.435358,0.50798,0.381408,0.356055,1,2035.54,0.00345614,0.207013,0.894447,0.541923,0.05,300,300,300,300,300,300,63,67,300,54,58,66,36,40,48,1
dual_l1,0,506,0,0.37796,0.0339066,-0.370647,1.08134,1622.54,5.20427,5.39112,0.722835,0.48319,0.0255823,0.0171788,0.025657,0.432431,0.332881,0.505568,0.644573,1,1,17,174,1,0.808388,0.566276,0.530746,0.381978,1,1548.99,0.00345614,0.207013,0.894447,0.541923,0.05,300,300,300,300,300,300,61,174,300,49,53,61,39,43,51,1
dual_l1,0,507,0,0.230741,0.098255,-0.31439,0.961045,1108.96,1.63358,3.69108,0.40959,0.337166,0.0328237,0.00271204,0.0177463,0.401478,0.261249,0.391905,0.549955,1,1,16,106,1,0.556208,0.468411,0.485657,0.585641,1,1063.81,0.00345614,0.207013,0.894447,0.541923,0.05,300,300,300,300,300,300,97,106,114,47,51,59,31,35,43,1
dual_l1,0,508,4,0.429814,0.175416,-0.10102,1.07504,977.4,0.153682,3.25749,0.128551,0.0430425,0.00790888,0.0105972,0.0257017,0.160364,0.00637702,0.50946,0.331618,1,1,16,61,1,0.3183,0.434348,0.401088,0.180872,1,960.373,0.00345614,0.207013,0.894447,0.541923,0.05,300,300,300,300,300,300,57,61,228,44,48,56,42,46,54,1
dual_l1,0,509,2,0.341952,0.0895129,-0.447715,0.939048,1861.18,8.20545,6.17658,0.889003,0.206785,0.0229819,0.0104453,0.0353572,0.680541,0.373789,0.193797,0.342421,1,1,1,132,1,0.564753,0.735737,0.247168,0.648092,1,1741.25,0.00345614,0.207013,0.894447,0.541923,0.05,300,300,300,300,300,300,67,132,300,41,45,53,33,37,45,1
dual_l1,0,510,5,0.483487,0.165769,0.215658,1.02699,1578.44,0.191478,5.26081,0.128238,0.0180747,0.0274577,0.0149272,0.0426964,0.15946,0.223159,0.643052,0.130126,1,1,10,89,1,0.175332,0.284894,0.730032,0.177552,1,1556.14,0.00345614,0.207013,0.894447,0.541923,0.05,300,300,300,300,300,300,85,89,300,50,62,70,45,49,57,1
dual_l1,0,511,1,0.362468,0.0619768,-0.0999804,0.9851,1714.7,1.14896,5.71182,0.355867,0.0326663,0.0242069,0.00988319,0.0366605,0.265457,0.0463247,0.393262,0.451926,0,4.39343e-32,0,66,1,0.0736949,0.213902,0.330101,0.184275,0,1675.01,0.00345614,0.207013,0.894447,0.541923,0.05,300,300,300,300,300,300,62,66,157,52,56,64,40,44,52,1
dual_l1,0,512,1,0.206235,0.122275,-0.18272,1.06936,1479.66,1.06169,4.92865,0.313128,0.0840339,0.0290705,0.0101285,0.0330374,0.464647,0.0828291,0.303091,0.321423,1,1,0,78,1,0.426056,0.474086,0.430772,0.219375,1,1448.77,0.00345614,0.207013,0.894447,0.541923,0.05,300,300,300,300,300,300,58,78,86,50,54,62,43,47,55,1
dual_l1,0,513,7,0.525916,0.0972803,0.0676863,0.92288,1088.56,0.0306377,3.62844,0.0562224,0.0178207,0.0324601,0.0124078,0.0387004,0.277524,0.152992,0.513668,0.126871,1,1,22,131,1,0.154948,0.222818,0.499284,0.207746,1,1075.72,0.00345614,0.207013,0.894447,0.541923,0.05,300,300,300,300,300,300,94,131,226,61,70,78,44,48,67,1
dual_l1,0,514,5,0.439274,0.102123,0.379662,1.02341,2263.05,0.096292,7.5432,0.0941402,0.0120217,0.00958034,0.00628225,0.0146311,0.40163,0.17449,0.689912,0.102825,1,1,15,169,1,0.307804,0.19279,0.817444,0.403316,1,2247.97,0.00345614,0.207013,0.894447,0.541923,0.05,300,300,300,300,300,300,129,169,300,56,66,74,42,51,59,1
dual_l1,0,515,3,0.546055,0.181601,0.00537848,0.976786,1237.53,0.716526,4.12271,0.269266,0.0100224,0.0256035,0.0187577,0.0338077,0.140768,0.228251,0.635845,0.190337,1,1,2,144,1,0.0214165,0.264681,0.627051,0.261298,1,1227.75,0.00345614,0.207013,0.894447,0.541923,0.05,300,300,300,300,300,300,106,144,247,47,64,72,44,48,56,1
dual_l1,0,516,5,0.16536,0.0137682,0.202375,1.03127,1818.78,0.210475,6.06189,0.131693,0.0220672,0.0359356,0.0203625,0.0324187,0.241875,0.0450144,0.140476,0.0392422,1,1,0,157,1,0.109865,0.310814,0.451992,0.468058,1,1804.62,0.00345614,0.207013,0.894447,0.541923,0.05,300,300,300,300,300,300,87,157,300,57,61,88,42,46,54,1
dual_l1,0,517,2,0.214078,0.172089,-0.100361,0.929303,948.024,1.68901,3.15445,0.38286,0.0391463,0.0410146,0.0081791,0.0162029,0.443196,0.237373,0.414045,0.234878,1,1,6,102,1,0.326726,0.295753,0.32145,0.237763,1,932.231,0.00345614,0.207013,0.894447,0.541923,0.05,300,300,300,300,300,300,98,102,126,41,45,53,23,44,52,1
dual_l1,0,518,5,0.396247,0.011541,-0.315174,1.07786,1361.15,6.09177,4.51687,0.784759,0.273711,0.0353602,0.00816011,0.0112433,0.391821,0.451177,0.196154,0.513658,1,1,15,87,1,0.521742,0.393198,0.23492,0.515654,1,1276.71,0.00345614,0.207013,0.894447,0.541923,0.05,300,300,300,300,300,300,52,87,300,48,52,60,30,34,42,1
dual_l1,0,519,2,0.388844,0.191078,0.137457,1.07355,1096.16,0.785345,3.65124,0.268727,0.035725,0.0469567,0.0102884,0.0442769,0.0679946,0.117987,0.540154,0.0976525,0,1.34998e-09,0,168,1,0.0755214,0.211626,0.478692,0.0702857,1,1077.65,0.00345614,0.207013,0.894447,0.541923,0.05,300,300,300,300,300,300,96,168,176,54,58,66,31,35,43,1
dual_l1,0,520,5,0.361866,0.160955,0.351019,1.07772,1140.28,0.31033,3.79991,0.198502,0.00874418,0.0174477,0.00933336,0.0491999,0.291499,0.039463,0.553588,0.186413,1,1,0,143,1,0.0897001,0.29341,0.483571,0.109212,1,1117.92,0.00345614,0.207013,0.894447,0.541923,0.05,300,300,300,300,300,300,91,143,300,51,55,63,38,42,50,1
dual_l1,0,521,6,0.40757,0.00834267,-0.374793,0.999151,2528.83,5.26562,8.41189,0.709574,0.540264,0.0187818,0.0128644,0.0153003,0.579665,0.250899,0.381281,0.514088,1,1,36,300,0,0.709574,0.579665,0.381281,0.514088,1,2523.57,0.00345614,0.207013,0.894447,0.541923,0.05,300,300,300,300,300,300,299,300,300,60,77,152,51,55,63,1
dual_l1,0,522,7,0.247911,0.0991394,0.255766,0.915289,1097.79,0.0124143,3.65927,0.0474322,0.0369043,0.0152277,0.0132403,0.0473718,0.541979,0.139063,0.409052,0.0891029,1,1,0,187,1,0.188455,0.421228,0.126349,0.153212,1,1087.34,0.00345614,0.207013,0.894447,0.541923,0.05,300,300,300,300,300,300,113,187,300,44,48,56,31,46,54,1
dual_l1,0,523,0,0.276105,0.0343476,0.167504,0.976414,1577.79,0.0165482,5.25924,0.04636,0.012479,0.0272102,0.0135671,0.0515917,0.19139,0.159518,0.479649,0.0660408,1,1,20,66,1,0.191842,0.158862,0.352866,0.091449,1,1555.65,0.00345614,0.207013,0.894447,0.541923,0.05,300,300,300,300,300,300,62,66,300,54,58,66,36,40,48,1
dual_l1,0,524,3,0.38269,0.00242224,0.313705,1.09382,1358.47,0.382455,4.52696,0.190359,0.0288466,0.0349441,0.013456,0.00873227,0.105411,0.265115,0.462794,0.361905,1,1,0,300,0,0.190359,0.105411,0.462794,0.361905,1,1358.09,0.00345614,0.207013,0.894447,0.541923,0.05,300,300,300,300,300,300,135,300,300,58,62,70,45,49,57,1
dual_l1,0,525,7,0.5411,0.161489,-0.239372,1.08264,2349.4,1.22553,7.82724,0.364209,0.186459,0.0166164,0.0128518,0.0302809,0.12555,0.148802,0.578746,0.451114,1,1,19,78,1,0.452239,0.141223,0.47487,0.536141,1,2306.91,0.00345614,0.207013,0.894447,0.541923,0.05,300,300,300,300,300,300,69,78,300,53,57,65,40,44,52,1
dual_l1,0,526,5,0.26801,0.0454513,-0.118376,1.01934,1765.31,0.573389,5.88245,0.26375,0.0604379,0.0171727,0.00705805,0.029445,0.305788,0.182291,0.362005,0.35084,1,1,1,109,1,0.502286,0.179199,0.292926,0.243666,1,1744.6,0.00345614,0.207013,0.894447,0.541923,0.05,300,300,300,300,300,300,60,109,300,53,57,65,45,49,57,1
dual_l1,0,527,6,0.494283,0.0458,-0.404744,1.02507,1024.98,6.19923,3.39595,0.790602,0.450501,0.0209498,0.0129672,0.0193336,0.474901,0.296272,0.236441,0.447859,1,1,20,140,1,0.80299,0.719927,0.515076,0.591806,1,928.533,0.00345614,0.207013,0.894447,0.541923,0.05,300,300,300,300,300,300,120,140,300,40,44,52,32,36,44,1
dual_l1,0,528,4,0.33221,0.11251,-0.130537,0.9337,2278.74,0.7457,7.5933,0.294556,0.117564,0.0335588,0.00526074,0.0255761,0.15217,0.135721,0.501752,0.20108,1,1,28,87,1,0.134305,0.519254,0.480373,0.106926,1,2250.51,0.00345614,0.207013,0.894447,0.541923,0.05,300,300,300,300,300,300,77,87,140,47,51,82,37,41,49,1
dual_l1,0,529,2,0.281445,0.0930793,0.15771,1.05666,1056.65,0.0530308,3.522,0.0617622,0.012914,0.0223531,0.00758248,0.0317421,0.190464,0.156461,0.151451,0.189243,1,1,0,200,1,0.21549,0.305561,0.190562,0.0339108,1,1050.43,0.00345614,0.207013,0.894447,0.541923,0.05,300,300,300,300,300,300,76,200,300,67,71,79,34,38,56,1
dual_l1,0,530,6,0.476137,0.131683,0.311727,0.970679,1224.7,0.334283,4.08123,0.164409,0.0555478,0.0277616,0.00838314,0.0271963,0.277134,0.172143,0.520649,0.0739274,1,1,0,289,1,0.135673,0.351482,0.523627,0.138246,1,1223.76,0.00345614,0.207013,0.894447,0.541923,0.05,300,300,300,300,300,300,126,289,300,46,50,73,36,40,48,1
dual_l1,0,531,7,0.431919,0.126395,0.423946,0.988971,2414.53,0.570289,8.04654,0.264639,0.0217741,0.0199111,0.00962321,0.0114552,0.425538,0.115073,0.289625,0.343067,1,1,30,108,1,0.161188,0.487368,0.370998,0.152828,1,2382.49,0.00345614,0.207013,0.894447,0.541923,0.05,300,300,300,300,300,300,95,108,300,69,90,98,44,48,56,1
dual_l1,0,532,4,0.312136,0.138812,-0.281556,0.955776,1290.24,3.84466,4.28799,0.60307,0.245096,0.0145259,0.00794792,0.02569,0.440875,0.298328,0.422824,0.448315,1,1,28,82,1,0.63301,0.478866,0.417406,0.461715,1,1233.02,0.00345614,0.207013,0.894447,0.541923,0.05,300,300,300,300,300,300,78,82,107,48,71,79,44,48,56,1
dual_l1,0,533,6,0.162419,0.000310373,-0.100106,1.03456,993.46,5.8394,3.29207,0.772111,0.17402,0.031299,0.0117149,0.0396301,0.31894,0.352025,0.234563,0.169704,1,1,4,101,1,0.299633,0.39476,0.252653,0.259864,1,912.59,0.00345614,0.207013,0.894447,0.541923,0.05,300,300,300,300,300,300,73,101,197,38,50,58,22,26,34,1
dual_l1,0,534,7,0.155162,0.171975,0.303833,1.0108,2222.96,0.386404,7.40858,0.201994,0.0603822,0.0067664,0.00850432,0.0149279,0.486065,0.106447,0.138444,0.0783894,1,1,20,240,1,0.278339,0.428737,0.173447,0.0615893,1,2214.45,0.00345614,0.207013,0.894447,0.541923,0.05,300,300,300,300,300,300,94,240,300,53,57,104,44,48,56,1
dual_l1,0,535,7,0.355718,0.0149557,0.110457,0.981602,2170.87,0.577008,7.23431,0.230611,0.0915886,0.0285906,0.0117785,0.0253206,0.457118,0.274639,0.461598,0.1855,1,1,14,300,0,0.230611,0.457118,0.461598,0.1855,1,2170.29,0.00345614,0.207013,0.894447,0.541923,0.05,300,300,300,300,300,300,237,300,300,69,73,81,52,56,74,1
dual_l1,0,536,3,0.452551,0.129251,-0.113793,1.02323,2010.48,0.123244,6.7012,0.105699,0.0830003,0.0181633,0.007993,0.030748,0.242654,0.118838,0.399114,0.275826,1,1,12,93,1,0.217636,0.213314,0.397317,0.305019,1,1983.74,0.00345614,0.207013,0.894447,0.541923,0.05,300,300,300,300,300,300,59,93,198,48,52,60,43,47,55,1
dual_l1,0,537,1,0.439787,0.0775326,0.358241,1.04028,1342.55,0.26622,4.47427,0.190453,0.0310523,0.0200003,0.0113641,0.0296426,0.788769,0.188705,0.402905,0.146717,1,0.999472,0,300,0,0.190453,0.788769,0.402905,0.146717,1,1342.28,0.00345614,0.207013,0.894447,0.541923,0.05,300,300,300,300,300,300,244,300,300,77,92,100,46,69,77,1
dual_l1,0,538,0,0.336362,0.0506603,0.0546293,1.06786,1267.71,0.20695,4.22502,0.140845,0.0144646,0.00874136,0.0132281,0.0264638,0.24333,0.0816335,0.457796,0.118756,1,1,18,83,1,0.129692,0.106349,0.621184,0.1045,1,1256.11,0.00345614,0.207013,0.894447,0.541923,0.05,300,300,300,300,300,300,69,83,91,54,58,66,37,41,49,1
dual_l1,0,539,5,0.456022,0.101226,-0.023486,0.947259,1281.98,0.639265,4.27114,0.244231,0.0452365,0.0142102,0.0181374,0.020065,0.304552,0.178173,0.529195,0.146392,1,1,24,68,1,0.29468,0.248498,0.31977,0.251044,1,1258.38,0.00345614,0.207013,0.894447,0.541923,0.05,300,300,300,300,300,300,64,68,76,50,59,67,48,52,60,1
dual_l1,0,540,6,0.155772,0.0183277,-0.149749,1.08567,1093.22,6.65021,3.6219,0.818992,0.504238,0.0307759,0.01428,0.0257561,0.364889,0.31603,0.241201,0.123892,1,1,0,300,0,0.818992,0.364889,0.241201,0.123892,1,1086.57,0.00345614,0.207013,0.894447,0.541923,0.05,300,300,300,300,300,300,300,300,300,63,79,117,33,37,45,1
dual_l1,0,541,1,0.464428,0.0689845,0.493637,0.994662,2381.48,0.743848,7.9358,0.249732,0.0305961,0.0243745,0.00776853,0.0270945,0.393934,0.194874,0.365618,0.153659,0,1.78079e-09,14,300,0,0.249732,0.393934,0.365618,0.153659,0,2380.74,0.00345614,0.207013,0.894447,0.541923,0.05,300,300,300,300,300,300,90,300,300,58,74,82,54,58,66,1
dual_l1,0,542,1,0.394241,0.0865596,0.395892,1.06467,931.835,0.982426,3.10284,0.297657,0.0583244,0.0201221,0.00851896,0.0366483,0.281964,0.243082,0.407442,0.126303,0,6.80569e-29,0,300,0,0.297657,0.281964,0.407442,0.126303,0,930.853,0.00345614,0.207013,0.894447,0.541923,0.05,300,300,300,300,300,300,92,300,300,47,51,59,36,40,48,1
dual_l1,0,543,2,0.326135,0.138203,-0.33348,1.05759,1788.58,2.10636,5.9549,0.460113,0.303492,0.0119305,0.0135263,0.0243387,0.498717,0.133837,0.475175,0.500539,1,1,112,84,1,0.508885,0.545198,0.479044,0.439262,0,1721.26,0.00345614,0.207013,0.894447,0.541923,0.05,300,300,300,300,300,300,74,84,300,46,50,58,34,38,46,1
dual_l1,0,544,7,0.407737,0.159141,-0.0485957,1.00339,2076.01,0.876126,6.9171,0.274688,0.0592149,0.00909765,0.0107407,0.0269469,0.300237,0.159955,0.501665,0.29487,1,1,0,62,1,0.366325,0.399524,0.490988,0.295755,1,2058.41,0.00345614,0.207013,0.894447,0.541923,0.05,300,300,300,300,300,300,58,62,270,56,60,68,48,52,60,1
dual_l1,0,545,1,0.264767,0.182894,0.123994,0.949697,1922.09,0.114202,6.40658,0.115469,0.0558526,0.0271052,0.00775127,0.0451065,0.0720672,0.19159,0.406323,0.123284,0,2.39332e-16,3,201,1,0.290559,0.104712,0.372041,0.0618859,0,1911.84,0.00345614,0.207013,0.894447,0.541923,0.05,300,300,300,300,300,300,83,201,300,75,79,87,37,41,49,1
dual_l1,0,546,2,0.30384,0.112339,0.455919,0.905273,1306.52,0.292308,4.35409,0.159644,0.025056,0.01381,0.0105889,0.0297523,0.217459,0.0549732,0.230229,0.372494,0,0,1,300,0,0.159644,0.217459,0.230229,0.372494,0,1306.23,0.00345614,0.207013,0.894447,0.541923,0.05,300,300,300,300,300,300,72,300,300,47,72,96,38,50,58,1
dual_l1,0,547,7,0.407594,0.152265,-0.414407,1.07077,1150.1,2.12683,3.82657,0.457025,0.273282,0.0301399,0.0130174,0.0193052,0.42273,0.215434,0.383536,0.61409,1,1,2,107,1,0.480868,0.563384,0.346348,0.583017,1,1102.7,0.00345614,0.207013,0.894447,0.541923,0.05,300,300,300,300,300,300,82,107,115,48,57,65,42,46,54,1
dual_l1,0,548,1,0.374846,0.178827,0.260196,0.984123,1190.09,0.0921974,3.96665,0.0934494,0.0515271,0.0179687,0.0141859,0.0516644,0.0568239,0.115377,0.445061,0.146898,1,0.7169,0,98,1,0.122686,0.145048,0.320039,0.0780307,1,1158.77,0.00345614,0.207013,0.894447,0.541923,0.05,300,300,300,300,300,300,94,98,106,59,63,96,32,36,44,1
dual_l1,0,549,5,0.194071,0.194465,0.0647888,0.980159,1721.32,0.03523,5.73763,0.0480395,0.041113,0.0217893,0.010464,0.00880229,0.220695,0.101992,0.242016,0.181859,1,1,0,81,1,0.268978,0.125358,0.279162,0.152605,1,1707.34,0.00345614,0.207013,0.894447,0.541923,0.05,300,300,300,300,300,300,68,81,113,48,52,60,36,40,59,1
dual_l1,0,550,6,0.422369,0.0479483,0.279703,0.90135,1277.37,0.177027,4.2573,0.146043,0.0419937,0.0196407,0.0137151,0.014624,0.329098,0.207655,0.59002,0.103968,1,1,15,158,1,0.277635,0.393422,0.484857,0.195457,1,1258.13,0.00345614,0.207013,0.894447,0.541923,0.05,300,300,300,300,300,300,84,158,300,60,64,90,35,54,62,1
dual_l1,0,551,1,0.217025,0.0604166,0.120186,0.988938,1538.43,0.786933,5.12548,0.283985,0.0329914,0.0436445,0.0175018,0.0381754,0.177376,0.141489,0.333954,0.111294,0,1.66029e-32,14,60,1,0.090922,0.284535,0.312589,0.0502276,1,1509.99,0.00345614,0.207013,0.894447,0.541923,0.05,300,300,300,300,300,300,56,60,300,51,55,63,31,51,59,1
dual_l1,0,552,6,0.437239,0.0337717,0.25382,1.05633,1155.32,0.0237103,3.851,0.0733587,0.0178439,0.0424852,0.0182625,0.0443643,0.392499,0.138035,0.403291,0.0534587,1,1,9,131,1,0.209788,0.303111,0.393444,0.1924,1,1141.64,0.00345614,0.207013,0.894447,0.541923,0.05,300,300,300,300,300,300,127,131,300,57,70,104,41,45,53,1
dual_l1,0,553,7,0.424367,0.0213927,0.13377,1.00578,965.832,0.0715154,3.2192,0.0479769,0.0318361,0.023098,0.0104858,0.0263265,0.191248,0.214973,0.629927,0.225393,1,1,5,300,0,0.0479769,0.191248,0.629927,0.225393,1,965.76,0.00345614,0.207013,0.894447,0.541923,0.05,300,300,300,300,300,300,300,300,300,45,49,70,28,32,40,1
dual_l1,0,554,4,0.410676,0.0842211,0.0774307,1.04081,2399.74,0.257299,7.99827,0.148293,0.010531,0.0260825,0.0100279,0.0391579,0.0730643,0.148656,0.637898,0.169028,1,1,41,133,1,0.0451262,0.39097,0.484896,0.181019,1,2389.54,0.00345614,0.207013,0.894447,0.541923,0.05,300,300,300,300,300,300,89,133,300,70,74,113,48,52,60,1
dual_l1,0,555,7,0.286576,0.0468149,0.213709,1.02671,1742.94,0.624552,5.80771,0.253709,0.0378042,0.0178134,0.0203719,0.0273786,0.332116,0.144754,0.422659,0.139309,1,1,15,109,1,0.270364,0.124117,0.231985,0.0253336,1,1724.39,0.00345614,0.207013,0.894447,0.541923,0.05,300,300,300,300,300,300,68,109,300,62,66,74,45,49,57,1
dual_l1,0,556,1,0.369078,0.0350605,0.110628,0.918215,2395.65,1.27925,7.98124,0.369854,0.107293,0.0172456,0.011403,0.0234857,0.449736,0.231804,0.423146,0.117436,0,3.60029e-35,23,262,1,0.452287,0.305562,0.42831,0.149772,0,2380.13,0.00345614,0.207013,0.894447,0.541923,0.05,300,300,300,300,300,300,96,262,270,58,62,70,41,60,68,1
dual_l1,0,557,1,0.378094,0.00442121,0.329353,0.933644,2200.31,0.630295,7.33225,0.24111,0.0110845,0.0189714,0.0219067,0.00659457,0.204546,0.269626,0.2578,0.157289,1,1,2,230,1,0.0796721,0.193426,0.555776,0.399665,1,2191.88,0.00345614,0.207013,0.894447,0.541923,0.05,300,300,300,300,300,300,84,230,238,66,70,78,41,45,53,1
dual_l1,0,558,3,0.410521,0.138694,-0.182417,1.06944,1101.03,0.45742,3.66858,0.230745,0.0809376,0.0472116,0.0211598,0.0446017,0.105059,0.0585061,0.432376,0.359283,1,1,5,110,1,0.424005,0.247584,0.4235,0.38268,1,1082.21,0.00345614,0.207013,0.894447,0.541923,0.05,300,300,300,300,300,300,68,110,142,46,50,58,32,36,44,1
dual_l1,0,559,1,0.314533,0.0389441,-0.430149,0.941288,1978.93,6.9565,6.57324,0.84596,0.40785,0.0339945,0.0180874,0.017617,0.697986,0.213545,0.209866,0.583913,1,1,0,64,1,0.662115,0.677568,0.162062,0.568162,1,1859.93,0.00345614,0.207013,0.894447,0.541923,0.05,300,300,300,300,300,300,60,64,300,48,52,60,34,38,59,1
dual_l1,0,560,0,0.259637,0.138081,-0.424386,0.968619,2120.58,3.47863,7.057,0.600965,0.358638,0.0237553,0.013015,0.040602,0.469989,0.102783,0.269976,0.608326,1,1,2,71,1,0.664967,0.868047,0.383106,0.506194,1,2014.22,0.00345614,0.207013,0.894447,0.541923,0.05,300,300,300,300,300,300,62,71,190,50,64,72,42,46,54,1
dual_l1,0,561,5,0.350119,0.0888826,-0.27119,0.975719,1801.39,3.02123,5.99455,0.540911,0.134558,0.0267313,0.00828809,0.0467229,0.501481,0.305988,0.401986,0.415981,1,0.977355,8,65,1,0.524455,0.624853,0.324461,0.496281,0,1728.92,0.00345614,0.207013,0.894447,0.541923,0.05,300,300,300,300,300,300,61,65,73,47,59,67,32,36,44,1
dual_l1,0,562,3,0.312738,0.198659,-0.0755731,0.937555,1932.6,0.564344,6.4401,0.224981,0.0740216,0.0242168,0.00855304,0.0177468,0.339174,0.153438,0.347463,0.416081,1,1,18,73,1,0.253887,0.190164,0.272187,0.332222,1,1912.27,0.00345614,0.207013,0.894447,0.541923,0.05,300,300,300,300,300,300,53,73,300,51,55,63,33,37,45,1
dual_l1,0,563,6,0.499061,0.110476,-0.28834,0.90892,1272.88,2.4551,4.23474,0.497616,0.281716,0.00272579,0.00887579,0.0103439,0.4376,0.186635,0.606128,0.516692,1,1,5,134,1,0.400954,0.280555,0.333833,0.543681,1,1217.95,0.00345614,0.207013,0.894447,0.541923,0.05,300,300,300,300,300,300,118,134,300,48,52,120,34,47,55,1
dual_l1,0,564,1,0.325202,0.0988712,0.172639,0.96695,1058.77,0.276088,3.52832,0.184405,0.0179129,0.028544,0.00837133,0.0150001,0.254797,0.0818099,0.341702,0.0286541,0,4.88057e-31,2,84,1,0.393474,0.311649,0.552156,0.149679,0,1025.53,0.00345614,0.207013,0.894447,0.541923,0.05,300,300,300,300,300,300,80,84,300,48,70,78,33,37,45,1
dual_l1,0,565,3,0.483641,0.09639,-0.0790354,1.07355,2021.57,0.771716,6.73599,0.237715,0.0842509,0.0366313,0.0122292,0.0292713,0.509797,0.397688,0.403056,0.451749,1,1,5,235,1,0.371062,0.185512,0.61797,0.168236,1,2011.52,0.00345614,0.207013,0.894447,0.541923,0.05,300,300,300,300,300,300,115,235,300,66,70,115,45,63,71,1
dual_l1,0,566,6,0.364406,0.134291,-0.34477,1.03565,2189.63,3.42535,7.28735,0.587289,0.310222,0.0385757,0.0141082,0.0378696,0.520303,0.216701,0.378007,0.574362,1,1,20,82,1,0.48131,0.454779,0.396229,0.528426,1,2138.78,0.00345614,0.207013,0.894447,0.541923,0.05,300,300,300,300,300,300,59,82,90,51,61,69,47,51,59,1
dual_l1,0,567,5,0.395735,0.072148,0.425581,1.01075,1240.08,0.449988,4.13209,0.177677,0.0284478,0.0289785,0.00564133,0.0288571,0.441821,0.153336,0.351026,0.0580282,1,1,0,155,1,0.253919,0.342809,0.343932,0.297216,1,1218.24,0.00345614,0.207013,0.894447,0.541923,0.05,300,300,300,300,300,300,151,155,300,47,51,59,39,43,51,1
dual_l1,0,568,2,0.328201,0.160522,0.443951,1.08199,1183.72,1.14521,3.9419,0.3329,0.0286319,0.0458122,0.0182358,0.0164622,0.385051,0.122285,0.366988,0.179085,1,1,0,300,0,0.3329,0.385051,0.366988,0.179085,1,1182.57,0.00345614,0.207013,0.894447,0.541923,0.05,300,300,300,300,300,300,118,300,300,54,58,66,36,45,53,1
dual_l1,0,569,1,0.333412,0.161142,-0.0559472,1.02698,1664.06,0.80131,5.54421,0.284968,0.0505706,0.0354858,0.0169179,0.0182204,0.193719,0.148456,0.459856,0.246262,0,4.01906e-31,0,183,1,0.1798,0.202631,0.275011,0.0875192,0,1644.3,0.00345614,0.207013,0.894447,0.541923,0.05,300,300,300,300,300,300,79,183,280,39,60,68,36,40,48,1
dual_l1,0,570,5,0.318504,0.188776,0.204994,0.957661,1295.15,0.0351827,4.31703,0.0618316,0.0255242,0.0150507,0.00149978,0.0385911,0.101852,0.0986322,0.268747,0.0705895,1,1,22,125,1,0.265209,0.363202,0.381643,0.0347517,1,1277.86,0.00345614,0.207013,0.894447,0.541923,0.05,300,300,300,300,300,300,80,125,300,64,73,81,44,56,64,1
dual_l1,0,571,2,0.384757,0.135001,-0.402162,0.937353,1861.72,3.55947,6.19388,0.591763,0.329929,0.029031,0.0136432,0.0370764,0.636361,0.0609749,0.504328,0.618089,1,1,2,107,1,0.647635,0.692878,0.420168,0.645302,1,1792.97,0.00345614,0.207013,0.894447,0.541923,0.05,300,300,300,300,300,300,66,107,300,49,53,61,38,51,59,1
dual_l1,0,572,4,0.422544,0.024223,-0.139129,0.949296,2100.33,1.74614,6.99527,0.415719,0.163664,0.0281758,0.00924647,0.0375048,0.337384,0.18097,0.436259,0.39697,1,1,44,67,1,0.436912,0.438475,0.454653,0.0324169,1,2053.18,0.00345614,0.207013,0.894447,0.541923,0.05,300,300,300,300,300,300,63,67,75,55,59,67,43,47,55,1
dual_l1,0,573,7,0.435056,0.0242135,-0.215283,1.06043,1824.39,4.25473,6.06712,0.669698,0.270332,0.0130651,0.0139185,0.0444635,0.383804,0.13228,0.412623,0.555826,1,1,12,300,0,0.669698,0.383804,0.412623,0.555826,1,1820.14,0.00345614,0.207013,0.894447,0.541923,0.05,300,300,300,300,300,300,151,300,300,63,77,85,37,46,72,1
dual_l1,0,574,5,0.159894,0.166691,0.405741,1.04438,1742.84,0.664343,5.80726,0.246186,0.0347192,0.0083987,0.0154497,0.0374273,0.536117,0.216928,0.151152,0.246436,1,1,0,300,0,0.246186,0.536117,0.151152,0.246436,1,1742.18,0.00345614,0.207013,0.894447,0.541923,0.05,300,300,300,300,300,300,109,300,300,50,54,72,48,52,60,1
dual_l1,0,575,4,0.519521,0.0529543,-0.297337,1.05611,1409.48,5.07743,4.68133,0.703866,0.216083,0.0200406,0.00714587,0.0272738,0.518782,0.45821,0.535331,0.153331,1,1,25,80,1,0.750366,0.7879,0.636453,0.315165,1,1323.7,0.00345614,0.207013,0.894447,0.541923,0.05,300,300,300,300,300,300,76,80,300,70,74,82,35,39,47,1
dual_l1,0,576,7,0.544907,0.143163,-0.00714266,1.09842,1796.52,1.1692,5.98451,0.327512,0.0263477,0.0309387,0.0169322,0.0344941,0.281645,0.217811,0.507744,0.250145,1,1,7,142,1,0.318017,0.0901937,0.745973,0.212591,1,1778.72,0.00345614,0.207013,0.894447,0.541923,0.05,300,300,300,300,300,300,101,142,300,45,49,57,37,41,49,1
dual_l1,0,577,1,0.489248,0.0905505,-0.00639546,0.974612,1858.8,1.12045,6.19225,0.30712,0.046823,0.0271401,0.00438364,0.0422091,0.155941,0.309049,0.5759,0.162985,0,2.98291e-05,17,90,1,0.513036,0.321261,0.569886,0.139896,1,1803.37,0.00345614,0.207013,0.894447,0.541923,0.05,300,300,300,300,300,300,86,90,118,49,53,61,29,33,41,1
dual_l1,0,578,1,0.592375,0.149617,0.48531,0.93111,2139.99,0.356613,7.1321,0.203563,0.0385131,0.0235471,0.00672404,0.0387297,0.418028,0.104774,0.673573,0.208398,0,0,25,300,0,0.203563,0.418028,0.673573,0.208398,0,2139.63,0.00345614,0.207013,0.894447,0.541923,0.05,300,300,300,300,300,300,300,300,300,63,67,91,35,48,56,1
dual_l1,0,579,0,0.429335,0.105952,-0.458105,0.996483,1382.94,3.24668,4.59898,0.564015,0.291747,0.0390958,0.0106581,0.00123379,0.49575,0.1117,0.49456,0.692879,1,1,17,79,1,0.63304,0.435869,0.468714,0.844082,1,1307.84,0.00345614,0.207013,0.894447,0.541923,0.05,300,300,300,300,300,300,62,79,108,50,54,72,33,37,45,1
dual_l1,0,580,2,0.419978,0.0975649,0.272416,0.924887,2472.72,0.0278687,8.2423,0.0751991,0.0176166,0.0297928,0.00750328,0.0397366,0.152052,0.152833,0.501706,0.0697103,1,1,18,300,0,0.0751991,0.152052,0.501706,0.0697103,1,2472.69,0.00345614,0.207013,0.894447,0.541923,0.05,300,300,300,300,300,300,73,300,300,60,64,72,44,56,64,1
dual_l1,0,581,3,0.333415,0.00316126,0.0337983,0.974163,955.676,2.99792,3.17559,0.527758,0.248673,0.0232911,0.00808354,0.00850523,0.279898,0.28264,0.290805,0.170682,1,1,15,300,0,0.527758,0.279898,0.290805,0.170682,1,952.678,0.00345614,0.207013,0.894447,0.541923,0.05,300,300,300,300,300,300,300,300,300,41,55,300,20,30,38,1
dual_l1,0,582,4,0.348768,0.101697,-0.388309,0.92909,1600.05,2.43338,5.32538,0.491843,0.0686866,0.037252,0.0115554,0.0415432,0.489936,0.259047,0.435245,0.632307,1,1,14,169,1,0.575254,0.604844,0.308312,0.54252,1,1567.22,0.00345614,0.207013,0.894447,0.541923,0.05,300,300,300,300,300,300,52,169,300,44,54,62,31,41,49,1
dual_l1,0,583,2,0.312457,0.132993,-0.290467,1.09382,1986.97,0.623241,6.62115,0.252348,0.24196,0.044273,0.01439,0.0241907,0.221612,0.130479,0.288383,0.540321,1,1,0,108,1,0.450596,0.547368,0.432636,0.404874,1,1952.33,0.00345614,0.207013,0.894447,0.541923,0.05,300,300,300,300,300,300,77,108,300,70,74,82,48,52,60,1
dual_l1,0,584,0,0.265366,0.192702,-0.180619,0.919902,1883.32,0.820805,6.27499,0.278981,0.00379351,0.0180624,0.018318,0.0280826,0.306223,0.182519,0.236469,0.462034,1,1,0,53,1,0.0512067,0.351439,0.290903,0.369487,1,1850.07,0.00345614,0.207013,0.894447,0.541923,0.05,300,300,300,300,300,300,49,53,71,45,49,57,29,33,54,1
dual_l1,0,585,2,0.0982737,0.176931,0.168968,1.05564,983.461,0.131536,3.27777,0.127777,0.0168096,0.0159293,0.0112013,0.0132298,0.280114,0.0426593,0.111842,0.171408,0,1.23326e-19,15,223,1,0.114283,0.2135,0.194374,0.0938805,0,979.873,0.00345614,0.207013,0.894447,0.541923,0.05,300,300,300,300,300,300,81,223,293,46,50,58,36,40,48,1
dual_l1,0,586,3,0.643643,0.0616856,0.423902,1.04285,1109.36,0.593547,3.69589,0.238313,0.0235669,0.0173954,0.0170046,0.0409179,0.286266,0.0659454,0.715044,0.189514,1,1,1,159,1,0.0630296,0.366318,0.616203,0.167112,1,1079.85,0.00345614,0.207013,0.894447,0.541923,0.05,300,300,300,300,300,300,155,159,300,43,47,111,30,34,42,1
dual_l1,0,587,6,0.222874,0.101715,-0.0357014,0.968995,1776.5,0.532999,5.91991,0.208229,0.0398807,0.0279377,0.00941806,0.0292151,0.167484,0.256739,0.185212,0.195644,1,1,15,83,1,0.0398807,0.149853,0.145246,0.196589,1,1758.41,0.00345614,0.207013,0.894447,0.541923,0.05,300,300,300,300,300,300,54,83,91,51,55,63,32,36,53,1
dual_l1,0,588,5,0.381977,0.157651,0.41638,1.04897,1141.9,0.172305,3.80575,0.137721,0.0523579,0.0324588,0.0140997,0.0301512,0.574757,0.121451,0.525152,0.270312,1,1,18,300,0,0.137721,0.574757,0.525152,0.270312,1,1141.72,0.00345614,0.207013,0.894447,0.541923,0.05,300,300,300,300,300,300,273,300,300,63,77,148,41,45,53,1
dual_l1,0,589,6,0.437738,0.0434603,-0.315759,1.07074,1656.91,4.70836,5.50734,0.690377,0.239179,0.0430502,0.00810762,0.0277521,0.785641,0.250362,0.377497,0.633871,1,1,15,71,1,0.678277,0.407067,0.590104,0.471506,1,1576.08,0.00345614,0.207013,0.894447,0.541923,0.05,300,300,300,300,300,300,67,71,300,53,57,65,47,51,59,1
dual_l1,0,590,1,0.408937,0.158849,0.384256,1.09526,1744.43,0.184116,5.81416,0.133142,0.00817886,0.0165624,0.00937278,0.0126413,0.446781,0.104476,0.280388,0.142833,0,4.35645e-30,17,80,1,0.267103,0.413542,0.413962,0.335476,1,1702.77,0.00345614,0.207013,0.894447,0.541923,0.05,300,300,300,300,300,300,76,80,300,66,70,78,37,52,71,1
dual_l1,0,591,3,0.465211,0.13267,0.110386,0.985223,1262.75,0.278758,4.20823,0.198204,0.0260857,0.0408261,0.0123391,0.065918,0.272889,0.105864,0.557398,0.0640784,1,1,13,111,1,0.204981,0.174841,0.598481,0.0458217,1,1252.38,0.00345614,0.207013,0.894447,0.541923,0.05,300,300,300,300,300,300,99,111,288,48,52,75,32,42,50,1
dual_l1,0,592,6,0.646811,0.15239,-0.406551,0.989567,1556.62,3.45393,5.17722,0.60941,0.269914,0.0353859,0.0171043,0.0334707,0.380243,0.174789,0.764496,0.633436,1,1,7,95,1,0.544211,0.441829,0.576598,0.54681,1,1495.7,0.00345614,0.207013,0.894447,0.541923,0.05,300,300,300,300,300,300,83,95,103,47,51,59,43,47,55,1
dual_l1,0,593,0,0.581155,0.176812,0.0407912,1.07692,1192.3,0.0441711,3.97418,0.0577779,0.0160278,0.00702616,0.0124749,0.0410705,0.160676,0.172967,0.638637,0.240517,1,1,13,81,1,0.230035,0.103272,0.571163,0.155024,1,1179.85,0.00345614,0.207013,0.894447,0.541923,0.05,300,300,300,300,300,300,77,81,113,46,50,58,44,48,56,1
dual_l1,0,594,5,0.454296,0.195294,-0.0715504,0.985017,1537.91,1.33548,5.12192,0.361563,0.0567244,0.025836,0.0101319,0.0552134,0.387445,0.158695,0.750364,0.245629,1,1,0,123,1,0.229542,0.106379,0.634536,0.156805,1,1512.8,0.00345614,0.207013,0.894447,0.541923,0.05,300,300,300,300,300,300,70,123,193,46,50,74,40,44,52,1
dual_l1,0,595,4,0.36738,0.00480042,-0.413533,0.966898,2152.55,6.21488,7.15447,0.769911,0.304512,0.00985431,0.0190026,0.0353164,0.443373,0.509833,0.283478,0.233675,1,1,37,79,1,0.780473,0.727199,0.444525,0.670725,1,1968.2,0.00345614,0.207013,0.894447,0.541923,0.05,300,300,300,300,300,300,75,79,87,52,56,79,45,49,57,1
dual_l1,0,596,1,0.38462,0.0356206,0.0912712,1.09067,1433.3,0.325358,4.77657,0.182409,0.0482932,0.0316399,0.0115472,0.0225015,0.365954,0.273259,0.349488,0.106065,1,1,0,95,1,0.275777,0.184617,0.281922,0.132818,1,1413.01,0.00345614,0.207013,0.894447,0.541923,0.05,300,300,300,300,300,300,91,95,217,53,57,95,33,50,58,1
dual_l1,0,597,5,0.306515,0.0108906,0.495097,1.03744,1640.47,0.403844,5.46689,0.197137,0.027982,0.0239244,0.0189887,0.0325792,0.143901,0.0719773,0.405136,0.195046,1,1,1,300,0,0.197137,0.143901,0.405136,0.195046,1,1640.07,0.00345614,0.207013,0.894447,0.541923,0.05,300,300,300,300,300,300,273,300,300,53,66,85,45,49,57,1
dual_l1,0,598,0,0.258896,0.00694849,-0.498993,1.07009,2430.82,6.14394,8.08226,0.789884,0.503573,0.0172061,0.00783865,0.028901,0.529937,0.405644,0.463656,0.511947,1,1,0,100,1,0.571861,0.643405,0.40155,0.671264,1,2300.62,0.00345614,0.207013,0.894447,0.541923,0.05,300,300,300,300,300,300,64,100,300,60,64,72,44,48,56,1
dual_l1,0,599,4,0.454339,0.105327,-0.365408,1.07964,2288.29,3.40899,7.61628,0.585389,0.0239087,0.02019,0.0226602,0.0315352,0.434965,0.137012,0.451804,0.609708,1,1,48,66,1,0.658134,0.343609,0.52166,0.520598,1,2227.75,0.00345614,0.207013,0.894447,0.541923,0.05,300,300,300,300,300,300,62,66,87,49,53,61,47,51,59,1
dual_l1,0,600,6,0.228197,0.014291,0.252511,0.978167,2002.32,0.116493,6.67403,0.127777,0.0281786,0.0284363,0.0129521,0.0178139,0.249891,0.0761232,0.290291,0.238459,1,1,11,300,0,0.127777,0.249891,0.290291,0.238459,1,2002.21,0.00345614,0.207013,0.894447,0.541923,0.05,300,300,300,300,300,300,153,300,300,54,58,115,42,46,54,1
dual_l1,0,601,7,0.533871,0.170279,0.478835,1.07902,1217.58,0.540722,4.05679,0.231962,0.0548294,0.00925334,0.0114185,0.0196146,0.163589,0.117999,0.747954,0.319021,1,1,0,300,0,0.231962,0.163589,0.747954,0.319021,1,1217.04,0.00345614,0.207013,0.894447,0.541923,0.05,300,300,300,300,300,300,297,300,300,83,94,118,44,55,63,1
dual_l1,0,602,2,0.268502,0.185172,0.201855,0.920834,1614.24,0.0615704,5.3806,0.113353,0.0238995,0.0170041,0.00763788,0.0529915,0.375909,0.141639,0.376983,0.143923,0,1.68528e-09,18,130,1,0.0997311,0.255794,0.470197,0.0824549,0,1597.34,0.00345614,0.207013,0.894447,0.541923,0.05,300,300,300,300,300,300,80,130,300,50,54,62,37,41,49,1
dual_l1,0,603,4,0.487031,0.137528,0.312953,1.02519,2489.3,0.518916,8.29595,0.23546,0.0235754,0.00655613,0.0118392,0.0198254,0.399731,0.0506121,0.633067,0.0497154,1,1,22,231,1,0.267616,0.541893,0.701489,0.132758,1,2481.62,0.00345614,0.207013,0.894447,0.541923,0.05,300,300,300,300,300,300,111,231,300,65,76,84,49,53,61,1
dual_l1,0,604,6,0.294278,0.195226,-0.0246736,1.07038,1732,0.069727,5.77308,0.0931632,0.0637003,0.0473183,0.00891067,0.0302381,0.219111,0.111821,0.298051,0.114518,1,1,18,70,1,0.217554,0.312801,0.371309,0.260235,1,1718.41,0.00345614,0.207013,0.894447,0.541923,0.05,300,300,300,300,300,300,66,70,300,53,57,75,45,49,57,1
dual_l1,0,605,6,0.409752,0.174352,0.0521256,1.03061,1550.21,0.588191,5.16541,0.23317,0.0571515,0.0135299,0.0109663,0.0435373,0.151451,0.248185,0.503167,0.199396,1,1,11,88,1,0.117255,0.300996,0.577625,0.237143,1,1534.96,0.00345614,0.207013,0.894447,0.541923,0.05,300,300,300,300,300,300,84,88,199,44,55,85,41,45,53,1
dual_l1,0,606,3,0.153075,0.146172,-0.499011,1.00155,1972.68,2.669,6.5667,0.526519,0.387773,0.0247189,0.0161883,0.0692004,0.516439,0.234862,0.341422,0.748061,0,4.63989e-09,14,90,1,0.583839,0.491849,0.191341,0.697228,0,1889.98,0.00345614,0.207013,0.894447,0.541923,0.05,300,300,300,300,300,300,57,90,168,55,59,67,48,52,60,1
dual_l1,0,607,2,0.440661,0.0255853,-0.0722042,0.937929,1429.6,0.862959,4.76246,0.30122,0.30122,0.0210614,0.0208115,0.0597539,0.145927,0.259384,0.580688,0.233174,0,1.65975e-10,1,195,1,0.346249,0.286104,0.469447,0.333474,0,1402.15,0.00345614,0.207013,0.894447,0.541923,0.05,300,300,300,300,300,300,191,195,300,43,77,85,33,42,82,1
dual_l1,0,608,2,0.56081,0.174981,0.194964,1.03889,2068.61,0.407595,6.894,0.212179,0.03882,0.0109613,0.0137944,0.0131446,0.247085,0.140935,0.456074,0.0123498,1,1,17,108,1,0.248294,0.311556,0.504399,0.0965293,1,2051.55,0.00345614,0.207013,0.894447,0.541923,0.05,300,300,300,300,300,300,68,108,300,60,64,72,39,56,64,1
dual_l1,0,609,4,0.585245,0.161374,-0.245242,1.07628,2007.41,1.19737,6.68738,0.341653,0.122744,0.0228674,0.0144172,0.0499275,0.462143,0.154559,0.573647,0.32723,1,1,30,95,1,0.273956,0.442393,0.649431,0.286838,1,1977.56,0.00345614,0.207013,0.894447,0.541923,0.05,300,300,300,300,300,300,91,95,103,56,60,68,42,52,60,1
dual_l1,0,610,3,0.37607,0.0905037,-0.366805,0.959527,1298.28,3.13893,4.31714,0.58009,0.212046,0.0214092,0.0136486,0.0395342,0.176658,0.259146,0.246125,0.685222,1,1,0,109,1,0.30842,0.422745,0.233136,0.620175,1,1248.3,0.00345614,0.207013,0.894447,0.541923,0.05,300,300,300,300,300,300,86,109,300,48,52,74,36,40,48,1
dual_l1,0,611,1,0.370225,0.192199,-0.456259,1.09395,1897.87,2.07431,6.31933,0.436196,0.375389,0.0280493,0.0127799,0.0435596,0.617254,0.212984,0.600837,0.576979,1,1,0,92,1,0.602086,0.537,0.702042,0.210194,1,1826.67,0.00345614,0.207013,0.894447,0.541923,0.05,300,300,300,300,300,300,75,92,300,59,63,71,37,41,49,1
dual_l1,0,612,0,0.414197,0.0413591,0.193499,1.07427,1039.62,0.0490638,3.46525,0.067356,0.0388157,0.0285491,0.0181084,0.0584484,0.20291,0.142759,0.402255,0.14863,1,1,1,86,1,0.232853,0.318122,0.404674,0.129331,1,1022.24,0.00345614,0.207013,0.894447,0.541923,0.05,300,300,300,300,300,300,82,86,300,68,72,80,31,45,53,1
dual_l1,0,613,0,0.284876,0.169111,0.288743,1.07329,1535.41,0.0681597,5.11781,0.0632702,0.0355996,0.00757588,0.0108081,0.0320311,0.309202,0.127878,0.300242,0.165859,1,1,20,300,0,0.0632702,0.309202,0.300242,0.165859,1,1535.34,0.00345614,0.207013,0.894447,0.541923,0.05,300,300,300,300,300,300,112,300,300,48,52,60,33,46,54,1
dual_l1,0,614,4,0.391954,0.198224,0.422437,0.972186,1442.44,0.260112,4.80728,0.180909,0.0627825,0.025818,0.0164369,0.0426863,0.605519,0.122623,0.34494,0.127448,1,1,28,300,0,0.180909,0.605519,0.34494,0.127448,1,1442.18,0.00345614,0.207013,0.894447,0.541923,0.05,300,300,300,300,300,300,97,300,300,55,68,76,35,39,47,1
dual_l1,0,615,2,0.30756,0.153783,0.412459,1.06569,1111.58,1.06111,3.70173,0.321387,0.0759634,0.0132965,0.00848586,0.0400866,0.529709,0.194102,0.352485,0.0941425,1,0.999785,20,300,0,0.321387,0.529709,0.352485,0.0941425,1,1110.52,0.00345614,0.207013,0.894447,0.541923,0.05,300,300,300,300,300,300,137,300,300,43,47,93,39,43,51,1
dual_l1,0,616,1,0.514192,0.0191162,0.317078,1.02101,1779.24,0.217843,5.93008,0.137042,0.0187349,0.0181216,0.0055353,0.0187059,0.490452,0.243489,0.568306,0.0655094,0,2.69494e-19,20,102,1,0.0664245,0.160287,0.584572,0.206043,1,1746.62,0.00345614,0.207013,0.894447,0.541923,0.05,300,300,300,300,300,300,82,102,300,54,58,83,43,53,61,1
dual_l1,0,617,5,0.403696,0.0460918,0.381104,0.930215,2292.49,0.0864922,7.64136,0.0960497,0.0212126,0.0117455,0.013264,0.0113256,0.290601,0.164201,0.428512,0.254766,1,1,0,300,0,0.0960497,0.290601,0.428512,0.254766,1,2292.41,0.00345614,0.207013,0.894447,0.541923,0.05,300,300,300,300,300,300,100,300,300,83,87,95,48,52,60,1
dual_l1,0,618,2,0.219442,0.130435,-0.398807,0.911902,2054.12,2.54122,6.83859,0.498159,0.234095,0.0436504,0.00791403,0.047558,0.410377,0.375216,0.413429,0.592169,0,3.12313e-05,-1,58,1,0.770805,0.461171,0.307852,0.609699,0,1972.79,0.00345614,0.207013,0.894447,0.541923,0.05,300,300,300,300,300,300,54,58,217,52,56,64,34,49,57,1
dual_l1,0,619,4,0.418614,0.0718075,-0.280436,0.998535,1675.21,3.46035,5.57251,0.579123,0.342748,0.0369351,0.00934236,0.0193948,0.319538,0.149447,0.372825,0.569278,1,1,19,175,1,0.436885,0.166217,0.33505,0.553778,1,1642.38,0.00345614,0.207013,0.894447,0.541923,0.05,300,300,300,300,300,300,145,175,203,44,57,79,34,38,46,1
dual_l1,0,620,4,0.177286,0.00935001,-0.436536,0.909641,1891.58,8.28102,6.27765,0.916719,0.822731,0.0276289,0.0157848,0.045396,0.530453,0.345701,0.365379,0.579199,1,1,25,68,1,1.15871,0.669301,0.419761,0.578305,1,1628.61,0.00345614,0.207013,0.894447,0.541923,0.05,300,300,300,300,300,300,64,68,160,45,49,72,31,35,43,1
dual_l1,0,621,3,0.438649,0.0748778,0.0505346,0.978742,1317.97,0.42397,4.39182,0.228261,0.0124217,0.015991,0.0125433,0.0283626,0.323562,0.211524,0.438938,0.256444,0,4.2137e-09,0,239,1,0.259081,0.185949,0.502603,0.0885173,0,1312.04,0.00345614,0.207013,0.894447,0.541923,0.05,300,300,300,300,300,300,120,239,300,52,56,76,45,49,57,1
dual_l1,0,622,4,0.515341,0.024046,0.299068,0.9912,1674.64,0.243078,5.58133,0.185277,0.0496879,0.0215939,0.00529213,0.0458512,0.566674,0.139989,0.477489,0.110659,1,1,20,137,1,0.156147,0.397888,0.446099,0.0112993,1,1650.61,0.00345614,0.207013,0.894447,0.541923,0.05,300,300,300,300,300,300,127,137,300,84,88,121,42,46,70,1
dual_l1,0,623,3,0.339239,0.150286,0.149925,0.989152,1979.07,0.0969623,6.59658,0.110371,0.0191722,0.0384474,0.00683055,0.0382808,0.353938,0.0994189,0.341255,0.303288,1,1,1,119,1,0.16232,0.18937,0.311124,0.158518,1,1964.84,0.00345614,0.207013,0.894447,0.541923,0.05,300,300,300,300,300,300,77,119,188,56,72,80,37,41,68,1
dual_l1,0,624,0,0.446114,0.0648959,-0.136039,0.921746,1760.19,4.27946,5.85302,0.657673,0.0711747,0.0528224,0.0152905,0.0167479,0.396027,0.289291,0.369353,0.1209,1,1,24,69,1,0.0902,0.142877,0.379068,0.377077,1,1708.98,0.00345614,0.207013,0.894447,0.541923,0.05,300,300,300,300,300,300,65,69,77,52,56,64,36,40,63,1
dual_l1,0,625,6,0.43079,0.159153,0.286615,1.00333,960.975,1.68898,3.19762,0.419406,0.0237267,0.0105362,0.0075609,0.0419948,0.306585,0.318975,0.615868,0.0365,1,1,0,60,1,0.354744,0.226893,0.382224,0.0314012,1,932.628,0.00345614,0.207013,0.894447,0.541923,0.05,300,300,300,300,300,300,56,60,300,39,56,64,25,29,37,1
dual_l1,0,626,1,0.214992,0.130062,0.350068,0.920724,1376.02,0.113084,4.58634,0.140915,0.0214342,0.0394298,0.0154476,0.0289386,0.400164,0.0854367,0.429961,0.173943,0,0.000689347,0,300,0,0.140915,0.400164,0.429961,0.173943,0,1375.9,0.00345614,0.207013,0.894447,0.541923,0.05,300,300,300,300,300,300,64,300,300,53,57,65,39,43,51,1
dual_l1,0,627,5,0.184735,0.0661894,0.0319254,1.05093,1373.47,0.271994,4.57732,0.164188,0.046809,0.0372493,0.00601186,0.0273012,0.222193,0.108057,0.254558,0.202486,1,1,0,108,1,0.304655,0.323344,0.352592,0.111998,1,1360.77,0.00345614,0.207013,0.894447,0.541923,0.05,300,300,300,300,300,300,85,108,300,60,64,72,32,36,54,1
dual_l1,0,628,4,0.32169,0.0898685,-0.327102,1.00718,1155.63,2.8117,3.84272,0.526924,0.316004,0.0181463,0.0034073,0.0450498,0.494644,0.142908,0.254822,0.481241,1,1,17,55,1,0.534254,0.448256,0.454492,0.296914,1,1076.89,0.00345614,0.207013,0.894447,0.541923,0.05,300,300,300,300,300,300,51,55,187,46,50,58,31,35,43,1
dual_l1,0,629,6,0.321819,0.0785967,0.145669,1.00259,1219.31,0.394405,4.06304,0.216027,0.0229794,0.0187153,0.0123908,0.0344496,0.385127,0.0625591,0.511394,0.081747,1,1,23,116,1,0.176772,0.1126,0.30491,0.110505,1,1203.4,0.00345614,0.207013,0.894447,0.541923,0.05,300,300,300,300,300,300,105,116,300,51,55,74,35,51,59,1
dual_l1,0,630,0,0.309441,0.10928,-0.468482,0.958768,2248.26,2.27435,7.48661,0.474126,0.395022,0.0219488,0.011033,0.0279386,0.337276,0.0571313,0.24362,0.662947,1,1,18,119,1,0.631881,0.493978,0.297198,0.635185,1,2182.82,0.00345614,0.207013,0.894447,0.541923,0.05,300,300,300,300,300,300,56,119,206,54,66,125,41,45,53,1
dual_l1,0,631,1,0.39532,0.186222,-0.401563,1.00103,1276.81,4.62353,4.24064,0.678477,0.246328,0.0411306,0.00484269,0.0169007,0.358356,0.178293,0.484522,0.579104,0,4.29842e-25,0,67,1,0.570735,0.677549,0.59326,0.514309,1,1200.15,0.00345614,0.207013,0.894447,0.541923,0.05,300,300,300,300,300,300,63,67,84,52,56,64,46,50,58,1
dual_l1,0,632,7,0.465202,0.071927,0.355831,1.05072,1558.43,0.869803,5.19186,0.334667,0.0101571,0.0238778,0.00513838,0.017282,0.65972,0.191331,0.34878,0.0591309,1,1,7,74,1,0.134923,0.429959,0.565434,0.0525521,1,1523.54,0.00345614,0.207013,0.894447,0.541923,0.05,300,300,300,300,300,300,70,74,300,45,63,71,37,41,49,1
dual_l1,0,633,2,0.493552,0.131559,-0.420882,0.972814,2003.05,2.15316,6.66966,0.47201,0.320234,0.0256142,0.00885255,0.023768,0.382706,0.138287,0.569064,0.658389,1,1,163,71,1,0.487313,0.674674,0.71527,0.483488,0,1890.73,0.00345614,0.207013,0.894447,0.541923,0.05,300,300,300,300,300,300,67,71,300,51,60,68,41,45,53,1
dual_l1,0,634,2,0.3272,0.167255,-0.384775,0.909985,1858.32,3.65506,6.18223,0.606946,0.332527,0.0129606,0.00798448,0.011825,0.596316,0.0599207,0.247956,0.588431,1,1,4,97,1,0.547842,0.469164,0.343005,0.60559,1,1783.92,0.00345614,0.207013,0.894447,0.541923,0.05,300,300,300,300,300,300,79,97,300,51,55,63,37,41,49,1
dual_l1,0,635,6,0.31378,0.107328,-0.356719,1.00103,1857.45,1.25601,6.18731,0.361662,0.291365,0.0592328,0.00957061,0.0332091,0.190219,0.122494,0.325098,0.570108,1,1,14,58,1,0.361128,0.35954,0.464275,0.438841,1,1799.36,0.00345614,0.207013,0.894447,0.541923,0.05,300,300,300,300,300,300,54,58,66,38,51,59,33,37,45,1
dual_l1,0,636,2,0.468857,0.0675951,-0.147458,1.00371,1398.68,2.00308,4.65559,0.469564,0.057434,0.020008,0.00451533,0.04561,0.124351,0.191401,0.522225,0.444455,1,0.999727,22,164,1,0.423933,0.225866,0.375032,0.258148,1,1372.16,0.00345614,0.207013,0.894447,0.541923,0.05,300,300,300,300,300,300,74,164,300,48,52,60,35,45,53,1
dual_l1,0,637,5,0.322773,0.0702883,-0.42148,1.02447,2541.87,1.92364,8.46647,0.43801,0.277753,0.0157104,0.00750529,0.0292344,0.497681,0.149376,0.275445,0.651916,1,1,0,109,1,0.537192,0.499759,0.289716,0.611888,1,2478.08,0.00345614,0.207013,0.894447,0.541923,0.05,300,300,300,300,300,300,99,109,290,54,65,73,46,50,58,1
dual_l1,0,638,5,0.334575,0.0252331,0.164776,1.04634,1958.43,0.151622,6.5276,0.121451,0.0308004,0.0153509,0.0185945,0.0251632,0.260341,0.126775,0.345794,0.197681,1,1,0,93,1,0.0649315,0.267669,0.340857,0.131253,1,1946.71,0.00345614,0.207013,0.894447,0.541923,0.05,300,300,300,300,300,300,89,93,300,58,62,70,46,50,58,1
dual_l1,0,639,6,0.538921,0.156625,0.0901265,0.98438,1165.92,0.200802,3.88574,0.146933,0.0283692,0.0261139,0.00708433,0.0179508,0.210803,0.165372,0.618049,0.171616,1,1,7,212,1,0.235996,0.14489,0.497507,0.191506,1,1158.23,0.00345614,0.207013,0.894447,0.541923,0.05,300,300,300,300,300,300,72,212,300,52,56,64,44,48,56,1
dual_l1,0,640,7,0.265851,0.0717723,0.388058,1.09687,866.769,0.315848,2.88818,0.217927,0.037976,0.01511,0.00808457,0.0414071,0.365444,0.0981922,0.291351,0.367286,1,1,5,300,0,0.217927,0.365444,0.291351,0.367286,1,866.453,0.00345614,0.207013,0.894447,0.541923,0.05,300,300,300,300,300,300,192,300,300,56,70,110,29,33,41,1
dual_l1,0,641,7,0.309374,0.0116538,0.0838805,1.01307,2089.75,0.0964812,6.96551,0.116569,0.116569,0.0241456,0.0116864,0.0142076,0.175386,0.163726,0.580076,0.176015,1,1,14,106,1,0.450397,0.173972,0.447198,0.177293,1,2063.51,0.00345614,0.207013,0.894447,0.541923,0.05,300,300,300,300,300,300,102,106,114,52,56,95,47,51,59,1
dual_l1,0,642,6,0.468767,0.0715674,0.241418,0.98776,1356.19,0.167816,4.52008,0.124508,0.0153986,0.019234,0.0186116,0.0412466,0.154916,0.0933229,0.578797,0.130681,1,1,5,104,1,0.164334,0.249189,0.512553,0.0517179,1,1338.51,0.00345614,0.207013,0.894447,0.541923,0.05,300,300,300,300,300,300,69,104,133,56,68,76,38,50,58,1
dual_l1,0,643,3,0.490726,0.155025,-0.105786,0.946685,886.876,0.612822,2.95421,0.232574,0.107885,0.036839,0.00892591,0.0149234,0.387787,0.310743,0.558995,0.419832,1,1,1,52,1,0.39215,0.314607,0.503795,0.276201,1,853.434,0.00345614,0.207013,0.894447,0.541923,0.05,300,300,300,300,300,300,48,52,269,43,47,55,25,29,46,1
dual_l1,0,644,2,0.412426,0.045649,0.42081,1.02937,1941.85,0.327169,6.47174,0.20179,0.0192538,0.0248483,0.014803,0.0376128,0.303101,0.0860078,0.450063,0.351489,0,1.3349e-20,6,300,0,0.20179,0.303101,0.450063,0.351489,0,1941.52,0.00345614,0.207013,0.894447,0.541923,0.05,300,300,300,300,300,300,83,300,300,41,60,91,37,41,49,1
dual_l1,0,645,5,0.492474,0.102355,-0.0541527,0.991549,1551.97,1.04798,5.16973,0.338513,0.0634974,0.00699639,0.00758595,0.0168571,0.0996697,0.0618466,0.498663,0.26212,1,1,1,118,1,0.144,0.158563,0.516114,0.330667,1,1538.23,0.00345614,0.207013,0.894447,0.541923,0.05,300,300,300,300,300,300,67,118,290,47,51,59,37,41,58,1
dual_l1,0,646,0,0.258347,0.163247,-0.366801,0.978988,2354.69,2.39929,7.84096,0.475562,0.257249,0.0364336,0.0160444,0.0314597,0.34731,0.244105,0.345667,0.665491,1,1,0,104,1,0.44317,0.377042,0.236313,0.556497,1,2301.01,0.00345614,0.207013,0.894447,0.541923,0.05,300,300,300,300,300,300,100,104,126,57,74,82,42,54,62,1
dual_l1,0,647,2,0.323813,0.0211067,-0.183142,1.0303,1418.6,0.152721,4.72816,0.117062,0.078802,0.0350614,0.00986902,0.043567,0.0860427,0.197021,0.340047,0.386959,1,1,1,267,1,0.354995,0.499644,0.399653,0.351748,1,1415.32,0.00345614,0.207013,0.894447,0.541923,0.05,300,300,300,300,300,300,90,267,300,50,59,67,36,40,48,1
dual_l1,0,648,0,0.255019,0.188869,-0.278694,0.925512,1607.42,0.962051,5.35486,0.314472,0.256683,0.0225669,0.0161042,0.0304215,0.401222,0.204889,0.329583,0.484718,1,1,0,81,1,0.56194,0.456117,0.380467,0.384014,1,1545.71,0.00345614,0.207013,0.894447,0.541923,0.05,300,300,300,300,300,300,57,81,89,42,52,60,40,44,52,1
dual_l1,0,649,7,0.290555,0.0553897,-0.344649,1.00476,1798.65,2.04137,5.98871,0.461637,0.236925,0.0367987,0.00864564,0.00818104,0.250415,0.0852886,0.353744,0.58734,1,1,22,105,1,0.626857,0.54758,0.316416,0.469242,1,1741.16,0.00345614,0.207013,0.894447,0.541923,0.05,300,300,300,300,300,300,96,105,180,50,54,62,43,47,55,1
dual_l1,0,650,1,0.561396,0.187733,0.0702707,1.09985,1440.34,0.220859,4.8004,0.120085,0.0109637,0.0162267,0.00700965,0.0189126,0.33388,0.280937,0.814546,0.0928958,1,0.999293,1,171,1,0.249801,0.138702,0.906005,0.119368,1,1434.34,0.00345614,0.207013,0.894447,0.541923,0.05,300,300,300,300,300,300,88,171,300,68,72,80,42,46,54,1
dual_l1,0,651,4,0.151876,0.108453,0.31998,0.934086,1697.7,0.220887,5.65827,0.127019,0.019936,0.020526,0.0131243,0.0286696,0.374354,0.0374211,0.288894,0.11044,1,1,38,138,1,0.127051,0.324849,0.0987568,0.059238,1,1681.22,0.00345614,0.207013,0.894447,0.541923,0.05,300,300,300,300,300,300,81,138,300,46,50,84,45,49,57,1
dual_l1,0,652,7,0.278968,0.0527604,-0.259171,1.08648,1876.48,0.366419,6.25372,0.202656,0.0953029,0.0461682,0.0121329,0.0227906,0.156063,0.106806,0.130288,0.559973,1,1,24,75,1,0.403113,0.485273,0.215732,0.323393,1,1834.8,0.00345614,0.207013,0.894447,0.541923,0.05,300,300,300,300,300,300,64,75,83,55,65,73,44,48,56,1
dual_l1,0,653,5,0.367685,0.192098,0.0533941,0.973466,1063.78,0.131471,3.5455,0.103712,0.0243416,0.0242482,0.0144449,0.0263206,0.154611,0.0837465,0.503917,0.144455,1,1,0,68,1,0.0653475,0.273321,0.356563,0.125586,1,1052.67,0.00345614,0.207013,0.894447,0.541923,0.05,300,300,300,300,300,300,64,68,87,58,62,70,26,30,56,1
dual_l1,0,654,4,0.431122,0.0609321,0.0643049,1.04496,1747.93,0.286046,5.82548,0.173034,0.0185003,0.0602906,0.0119016,0.0306364,0.404264,0.0594966,0.427522,0.117496,1,1,43,117,1,0.245205,0.112112,0.482585,0.0989576,1,1737.09,0.00345614,0.207013,0.894447,0.541923,0.05,300,300,300,300,300,300,113,117,300,62,66,74,41,45,53,1
dual_l1,0,655,2,0.357191,0.139159,-0.267474,0.944633,2272.59,2.23014,7.56788,0.481677,0.227402,0.0404258,0.0203526,0.0587907,0.158524,0.173963,0.38981,0.600388,1,1,18,97,1,0.578957,0.546709,0.416686,0.308441,1,2215.06,0.00345614,0.207013,0.894447,0.541923,0.05,300,300,300,300,300,300,93,97,105,63,67,75,39,43,51,1
dual_l1,0,656,0,0.437784,0.167609,-0.108866,1.05158,979.775,1.57393,3.26067,0.393012,0.0443575,0.0474213,0.00479174,0.0334256,0.252298,0.321874,0.670511,0.257624,1,1,16,109,1,0.0753819,0.13638,0.564307,0.255872,1,960.977,0.00345614,0.207013,0.894447,0.541923,0.05,300,300,300,300,300,300,67,109,117,50,54,62,29,39,47,1
dual_l1,0,657,4,0.336416,0.0092762,-0.120474,0.979508,1710.49,0.64914,5.69948,0.26179,0.0983137,0.0321258,0.0109142,0.0350791,0.43459,0.180092,0.36346,0.229716,1,1,18,102,1,0.373671,0.384123,0.489325,0.331006,1,1675.07,0.00345614,0.207013,0.894447,0.541923,0.05,300,300,300,300,300,300,68,102,110,62,66,74,39,43,51,1
dual_l1,0,658,2,0.386563,0.0555927,-0.331034,0.961739,1607.97,2.40599,5.35188,0.499855,0.370336,0.0120012,0.00691976,0.0289541,0.383196,0.0846188,0.454751,0.450931,1,1,0,98,1,0.641303,0.49235,0.5456,0.455015,1,1523.64,0.00345614,0.207013,0.894447,0.541923,0.05,300,300,300,300,300,300,94,98,106,48,52,60,44,48,56,1
dual_l1,0,659,7,0.31192,0.151382,0.19194,0.992999,973.309,0.252648,3.24352,0.179153,0.033817,0.0178931,0.013191,0.033681,0.33438,0.145863,0.392778,0.0286573,1,1,0,75,1,0.0367879,0.445477,0.399859,0.0820504,1,953.716,0.00345614,0.207013,0.894447,0.541923,0.05,300,300,300,300,300,300,71,75,300,48,63,71,30,34,58,1
dual_l1,0,660,1,0.576416,0.17379,0.0106257,0.957404,2049.51,0.372956,6.83046,0.199057,0.0213253,0.0240491,0.00963637,0.0373954,0.155011,0.191785,0.632787,0.226783,0,0,24,123,1,0.0250058,0.294522,0.590425,0.125332,0,2021.19,0.00345614,0.207013,0.894447,0.541923,0.05,300,300,300,300,300,300,77,123,300,55,59,67,42,46,54,1
dual_l1,0,661,0,0.368023,0.042462,0.0690925,1.01045,929.289,0.70923,3.09527,0.277539,0.238698,0.0472651,0.010407,0.0299652,0.154255,0.142486,0.369392,0.0881911,1,1,14,289,1,0.326056,0.120988,0.456843,0.108192,1,927.317,0.00345614,0.207013,0.894447,0.541923,0.05,300,300,300,300,300,300,96,289,300,41,45,96,30,42,50,1
dual_l1,0,662,1,0.548802,0.0936502,0.026579,1.03985,1347.92,0.106328,4.4927,0.109924,0.0521644,0.013677,0.00807441,0.0516328,0.190905,0.0897853,0.700331,0.0808936,1,1,1,81,1,0.263056,0.216444,0.737367,0.289511,1,1332.3,0.00345614,0.207013,0.894447,0.541923,0.05,300,300,300,300,300,300,63,81,300,44,48,56,39,43,51,1
dual_l1,0,663,6,0.471321,0.0353855,-0.41516,1.0871,2176.47,7.67711,7.22929,0.856146,0.430545,0.027834,0.0132635,0.0432541,0.566152,0.320549,0.422615,0.600398,1,1,25,209,1,0.714869,0.513677,0.416441,0.601648,1,2124.8,0.00345614,0.207013,0.894447,0.541923,0.05,300,300,300,300,300,300,68,209,249,54,58,66,38,50,58,1
dual_l1,0,664,4,0.421386,0.0209951,0.183995,1.08987,1458.6,0.415584,4.8606,0.198923,0.0228743,0.0330867,0.00620505,0.046418,0.256433,0.160974,0.532726,0.0906487,1,1,16,158,1,0.267707,0.0602888,0.450524,0.157302,1,1447.9,0.00345614,0.207013,0.894447,0.541923,0.05,300,300,300,300,300,300,89,158,300,52,56,64,32,36,44,1
dual_l1,0,665,2,0.132824,0.0542712,0.0893129,1.06995,2033.73,0.481935,6.7775,0.223427,0.0271974,0.0265577,0.0155467,0.0434365,0.160533,0.0478571,0.318528,0.159602,0,2.88837e-23,13,300,0,0.223427,0.160533,0.318528,0.159602,0,2033.25,0.00345614,0.207013,0.894447,0.541923,0.05,300,300,300,300,300,300,300,300,300,70,104,200,50,72,80,1
dual_l1,0,666,0,0.403697,0.062549,0.26257,0.997999,1149.62,0.611377,3.83002,0.246344,0.0195373,0.0244006,0.011434,0.0410012,0.456185,0.192563,0.227682,0.0961636,1,1,12,117,1,0.153572,0.249703,0.424818,0.0340758,1,1129.93,0.00345614,0.207013,0.894447,0.541923,0.05,300,300,300,300,300,300,113,117,300,104,108,116,41,45,53,1
dual_l1,0,667,5,0.396809,0.164193,0.0664632,0.94906,847.27,0.160697,2.8237,0.124191,0.0140566,0.032855,0.0186738,0.0411247,0.0305854,0.225312,0.278257,0.209052,1,1,8,82,1,0.133062,0.227438,0.335407,0.142966,1,835.464,0.00345614,0.207013,0.894447,0.541923,0.05,300,300,300,300,300,300,78,82,300,42,60,68,36,40,48,1
dual_l1,0,668,2,0.279455,0.0600403,-0.384916,0.989355,2478.69,1.4925,8.25733,0.383519,0.2651,0.0270033,0.010191,0.0291885,0.43706,0.07667,0.170525,0.625223,1,1,21,231,1,0.297711,0.319825,0.471974,0.485567,1,2461.17,0.00345614,0.207013,0.894447,0.541923,0.05,300,300,300,300,300,300,74,231,300,59,63,71,37,41,65,1
dual_l1,0,669,1,0.406001,0.0346883,0.0840929,1.00596,2394.05,0.145604,7.97969,0.131819,0.0193934,0.0147033,0.00889168,0.0528684,0.343887,0.202187,0.219142,0.12358,1,1,0,99,1,0.171923,0.358898,0.313787,0.0534808,1,2369.92,0.00345614,0.207013,0.894447,0.541923,0.05,300,300,300,300,300,300,95,99,276,80,84,92,42,46,54,1
dual_l1,0,670,2,0.321894,0.0884443,0.00659823,1.03877,1086.19,0.539434,3.61883,0.22606,0.0291116,0.0106719,0.0157143,0.0547188,0.247392,0.201393,0.381759,0.180874,0,2.45644e-24,23,95,1,0.232163,0.238265,0.505251,0.145866,1,1065.32,0.00345614,0.207013,0.894447,0.541923,0.05,300,300,300,300,300,300,91,95,300,55,59,96,30,34,56,1
dual_l1,0,671,6,0.54255,0.182389,-0.211003,0.995822,1870.38,0.333245,6.2335,0.185808,0.0815917,0.0215137,0.0161928,0.028824,0.24651,0.403929,0.404529,0.454749,1,1,20,84,1,0.539196,0.326099,0.516248,0.385894,1,1841.73,0.00345614,0.207013,0.894447,0.541923,0.05,300,300,300,300,300,300,73,84,178,49,53,61,41,45,53,1
dual_l1,0,672,0,0.343561,0.151528,0.292079,1.06617,1881.66,0.189002,6.27159,0.146277,0.028134,0.0210737,0.0127,0.0220406,0.159027,0.17124,0.311035,0.239221,1,1,20,128,1,0.303386,0.247973,0.607731,0.19418,1,1858.09,0.00345614,0.207013,0.894447,0.541923,0.05,300,300,300,300,300,300,117,128,300,62,66,74,48,52,60,1
dual_l1,0,673,0,0.144667,0.0716484,-0.104374,0.9727,1053.13,0.474319,3.50886,0.227453,0.0742471,0.0300844,0.0230251,0.0161571,0.294605,0.288386,0.376474,0.291907,1,1,13,70,1,0.285657,0.333096,0.220528,0.268802,1,1015.73,0.00345614,0.207013,0.894447,0.541923,0.05,300,300,300,300,300,300,66,70,155,50,54,62,31,35,54,1
dual_l1,0,674,1,0.563212,0.0721342,-0.383248,0.924531,1509.39,6.05125,5.01111,0.780922,0.347525,0.0329297,0.0157515,0.0230661,0.530861,0.43119,0.630208,0.630522,0,1.9408e-42,0,187,1,0.431929,0.511966,0.666975,0.511997,0,1462.66,0.00345614,0.207013,0.894447,0.541923,0.05,300,300,300,300,300,300,56,187,300,51,55,63,31,35,43,1
dual_l1,0,675,1,0.452657,0.0909662,-0.487481,1.07153,1503.49,3.46836,5.00006,0.621001,0.259283,0.0187967,0.0123155,0.029581,0.455555,0.384557,0.497657,0.806517,0,0,1,83,1,0.668559,0.521329,0.75533,0.506059,0,1418.29,0.00345614,0.207013,0.894447,0.541923,0.05,300,300,300,300,300,300,79,83,300,39,60,68,34,38,62,1
dual_l1,0,676,7,0.48999,0.125463,-0.293947,1.0965,1494.59,1.94078,4.9755,0.434275,0.0473237,0.024189,0.00987635,0.0317349,0.176329,0.295582,0.680884,0.38489,1,1,0,75,1,0.443272,0.37336,0.626103,0.424573,1,1459.29,0.00345614,0.207013,0.894447,0.541923,0.05,300,300,300,300,300,300,71,75,115,58,62,70,38,42,65,1
dual_l1,0,677,6,0.474215,0.0986194,-0.350253,1.07539,1749.06,2.70044,5.82119,0.514421,0.257361,0.0295812,0.0137387,0.0259473,0.328277,0.290361,0.235139,0.473644,1,1,22,128,1,0.52578,0.716141,0.590614,0.36469,1,1706.85,0.00345614,0.207013,0.894447,0.541923,0.05,300,300,300,300,300,300,95,128,171,48,52,60,33,37,45,1
dual_l1,0,678,3,0.529828,0.0232035,0.48727,0.959077,1641.49,1.25843,5.46743,0.337543,0.0463162,0.0395235,0.00899093,0.024917,0.461582,0.172409,0.555692,0.442984,0,0,10,300,0,0.337543,0.461582,0.555692,0.442984,0,1640.23,0.00345614,0.207013,0.894447,0.541923,0.05,300,300,300,300,300,300,295,300,300,59,83,91,44,48,56,1
dual_l1,0,679,2,0.301474,0.0230457,-0.401824,0.93903,2368.27,5.49851,7.87589,0.755131,0.336811,0.0124926,0.0131908,0.0379902,0.531863,0.206745,0.167634,0.57856,1,1,12,63,1,0.622682,0.720072,0.308049,0.627138,1,2235.63,0.00345614,0.207013,0.894447,0.541923,0.05,300,300,300,300,300,300,59,63,300,55,59,67,48,52,60,1
dual_l1,0,680,3,0.522951,0.084517,0.190272,1.02141,1883.16,0.460973,6.27565,0.204209,0.0128515,0.00781762,0.0135684,0.034734,0.0872916,0.139737,0.727455,0.0434418,1,1,19,69,1,0.170385,0.220512,0.635693,0.0757132,1,1866.49,0.00345614,0.207013,0.894447,0.541923,0.05,300,300,300,300,300,300,65,69,300,48,52,60,44,48,56,1
dual_l1,0,681,7,0.366507,0.00380955,-0.320379,0.919648,2379.7,4.33301,7.9179,0.646863,0.440684,0.0236119,0.0172546,0.0247851,0.729024,0.147927,0.467191,0.324664,1,1,20,190,1,0.634252,0.515873,0.187207,0.0872332,1,2316.84,0.00345614,0.207013,0.894447,0.541923,0.05,300,300,300,300,300,300,127,190,300,60,64,72,48,52,60,1
dual_l1,0,682,1,0.350709,0.0196479,0.0504986,1.08567,2448.57,3.32643,8.15083,0.561289,0.183891,0.0236344,0.0165181,0.0412828,0.415866,0.370309,0.257132,0.299102,0,3.76596e-18,19,300,0,0.561289,0.415866,0.257132,0.299102,0,2445.25,0.00345614,0.207013,0.894447,0.541923,0.05,300,300,300,300,300,300,144,300,300,78,82,141,54,58,66,1
dual_l1,0,683,5,0.339714,0.00233967,-0.00360084,1.02373,1090.07,1.98449,3.62696,0.456212,0.127855,0.0170941,0.0136452,0.0238387,0.234475,0.233965,0.396872,0.155016,1,1,0,300,0,0.456212,0.234475,0.396872,0.155016,1,1088.09,0.00345614,0.207013,0.894447,0.541923,0.05,300,300,300,300,300,300,300,300,300,67,71,79,32,36,57,1
dual_l1,0,684,7,0.367117,0.129289,-0.268444,1.03729,1812.34,2.8374,6.03168,0.531317,0.142739,0.0263621,0.00650234,0.0321511,0.153159,0.197419,0.274618,0.419965,1,1,23,126,1,0.477862,0.341242,0.339629,0.411836,1,1783.62,0.00345614,0.207013,0.894447,0.541923,0.05,300,300,300,300,300,300,71,126,134,52,56,64,33,53,61,1
dual_l1,0,685,7,0.356657,0.147585,0.239623,0.982078,2579.62,0.393096,8.59743,0.195492,0.0312797,0.0244582,0.0211941,0.0235569,0.413063,0.240451,0.479239,0.0619027,1,1,29,256,1,0.132347,0.394565,0.469714,0.103063,1,2573.84,0.00345614,0.207013,0.894447,0.541923,0.05,300,300,300,300,300,300,96,256,300,53,66,74,48,52,60,1
dual_l1,0,686,0,0.381853,0.125426,0.0135471,1.0137,2127.41,0.738072,7.08891,0.271434,0.0219833,0.0277265,0.0129592,0.0193481,0.186048,0.156716,0.437363,0.171659,1,1,1,77,1,0.37245,0.141589,0.621215,0.124403,1,2109.17,0.00345614,0.207013,0.894447,0.541923,0.05,300,300,300,300,300,300,73,77,85,55,68,76,37,41,65,1
dual_l1,0,687,6,0.362661,0.196502,0.425625,1.08233,2032.07,0.348683,6.77239,0.216159,0.0569932,0.0344983,0.010375,0.0346956,0.428875,0.0691458,0.267042,0.20883,1,1,26,300,0,0.216159,0.428875,0.267042,0.20883,1,2031.72,0.00345614,0.207013,0.894447,0.541923,0.05,300,300,300,300,300,300,245,300,300,50,77,96,37,48,56,1
dual_l1,0,688,3,0.38801,0.0831128,0.239587,1.09405,871.127,0.171225,2.90318,0.124227,0.0311085,0.029556,0.0102562,0.00726631,0.280006,0.131158,0.493147,0.127993,1,1,33,110,1,0.226221,0.417965,0.681463,0.291584,1,848.973,0.00345614,0.207013,0.894447,0.541923,0.05,300,300,300,300,300,300,67,110,179,46,50,58,32,41,49,1
dual_l1,0,689,2,0.443063,0.0998546,0.422056,1.05129,1435.9,1.24948,4.78217,0.340294,0.0421472,0.0193635,0.00771661,0.0379766,0.501375,0.267181,0.548786,0.189208,0,0.00121751,0,300,0,0.340294,0.501375,0.548786,0.189208,0,1434.65,0.00345614,0.207013,0.894447,0.541923,0.05,300,300,300,300,300,300,111,300,300,79,83,104,36,40,48,1
dual_l1,0,690,2,0.324673,0.120219,-0.0294055,1.04662,1220.52,0.15289,4.06788,0.116724,0.025737,0.0194858,0.0105669,0.0269443,0.191314,0.141955,0.28059,0.281326,0,2.20854e-12,1,52,1,0.365718,0.25348,0.267188,0.307755,1,1192.58,0.00345614,0.207013,0.894447,0.541923,0.05,300,300,300,300,300,300,48,52,60,45,49,57,37,41,49,1
dual_l1,0,691,2,0.499498,0.0839441,-0.0495217,0.902507,1085.86,0.326395,3.61844,0.202273,0.0565955,0.0350591,0.0208792,0.0476496,0.282535,0.271851,0.597285,0.293894,1,1,0,279,1,0.285043,0.162384,0.603887,0.217402,1,1082.78,0.00345614,0.207013,0.894447,0.541923,0.05,300,300,300,300,300,300,192,279,300,52,81,99,28,50,58,1
dual_l1,0,692,4,0.383748,0.161559,-0.394632,0.968948,1291.41,2.95316,4.29486,0.54441,0.270016,0.0175257,0.00783397,0.0161189,0.679705,0.143655,0.320404,0.554389,1,1,19,87,1,0.307258,0.613433,0.384728,0.545314,1,1221.5,0.00345614,0.207013,0.894447,0.541923,0.05,300,300,300,300,300,300,75,87,129,42,58,79,26,30,38,1
dual_l1,0,693,2,0.428468,0.08856,-0.166994,0.923346,1304.49,3.20359,4.33762,0.57643,0.0974272,0.0213033,0.0230576,0.0331208,0.177697,0.282318,0.417493,0.43501,0,0,-1,85,1,0.711472,0.322668,0.624086,0.446777,0,1263.76,0.00345614,0.207013,0.894447,0.541923,0.05,300,300,300,300,300,300,81,85,105,44,53,86,38,42,50,1
dual_l1,0,694,3,0.492475,0.143456,-0.384138,0.922587,1907.29,3.52585,6.34587,0.594217,0.21073,0.0465867,0.0023659,0.0319634,0.273866,0.297524,0.738111,0.366655,1,1,16,73,1,0.751228,0.422808,0.611985,0.696568,1,1816.78,0.00345614,0.207013,0.894447,0.541923,0.05,300,300,300,300,300,300,58,73,140,36,53,61,34,38,46,1
dual_l1,0,695,6,0.376927,0.167262,0.0182943,1.01959,1025.87,0.344165,3.41843,0.187835,0.0670384,0.0202891,0.0169391,0.0132346,0.0579192,0.0930685,0.401407,0.114906,1,1,0,89,1,0.204752,0.171181,0.400694,0.219688,1,1010.54,0.00345614,0.207013,0.894447,0.541923,0.05,300,300,300,300,300,300,59,89,153,46,50,58,35,39,47,1
dual_l1,0,696,7,0.337849,0.177491,0.0990855,1.05837,1952.01,0.151079,6.5062,0.101309,0.0176555,0.0409321,0.00545664,0.0358251,0.32578,0.221173,0.521384,0.0725835,1,1,21,182,1,0.223282,0.122551,0.443785,0.22759,1,1946.16,0.00345614,0.207013,0.894447,0.541923,0.05,300,300,300,300,300,300,88,182,300,62,66,86,45,49,57,1
dual_l1,0,697,3,0.34452,0.0123419,0.336366,0.951764,1137.76,0.406856,3.79117,0.248906,0.0179498,0.0115297,0.0129292,0.0454264,0.614264,0.0979728,0.320912,0.412356,0,9.31315e-10,8,300,0,0.248906,0.614264,0.320912,0.412356,0,1137.35,0.00345614,0.207013,0.894447,0.541923,0.05,300,300,300,300,300,300,190,300,300,54,58,66,35,39,47,1
dual_l1,0,698,1,0.353034,0.141775,-0.176096,1.09845,2203.78,0.815351,7.3432,0.286138,0.117222,0.0340162,0.0192001,0.036108,0.339338,0.0630625,0.316743,0.234296,0,8.85202e-28,26,107,1,0.544494,0.481861,0.345641,0.398416,0,2165.44,0.00345614,0.207013,0.894447,0.541923,0.05,300,300,300,300,300,300,86,107,300,58,62,80,41,58,66,1
dual_l1,0,699,4,0.479168,0.174152,-0.318981,0.990794,1986.56,1.27321,6.61761,0.35807,0.216509,0.0168258,0.00728354,0.0258377,0.40937,0.125183,0.460037,0.525469,1,1,42,156,1,0.684909,0.69972,0.500168,0.517797,1,1948.51,0.00345614,0.207013,0.894447,0.541923,0.05,300,300,300,300,300,300,143,156,206,57,61,78,37,48,56,1
dual_l1,0,700,4,0.473719,0.0623472,-0.134453,0.938906,1822.48,1.39218,6.07028,0.426157,0.264638,0.0199972,0.0127394,0.0529849,0.2855,0.261509,0.48459,0.218406,1,1,47,60,1,0.67968,0.333013,0.533095,0.308388,1,1756.56,0.00345614,0.207013,0.894447,0.541923,0.05,300,300,300,300,300,300,56,60,300,50,54,78,37,52,60,1
dual_l1,0,701,1,0.356715,0.0889703,0.089087,1.07016,1220.3,0.433343,4.06621,0.212907,0.0502278,0.0235282,0.00936824,0.0386555,0.259671,0.133097,0.425119,0.0928136,1,1,1,103,1,0.205366,0.20086,0.476174,0.122318,1,1207.65,0.00345614,0.207013,0.894447,0.541923,0.05,300,300,300,300,300,300,99,103,123,66,70,93,33,37,45,1
dual_l1,0,702,0,0.545077,0.0260589,0.193308,0.960655,2078.89,0.305528,6.92863,0.162545,0.0235744,0.0192308,0.00369146,0.0195497,0.159769,0.238708,0.632083,0.127315,1,1,21,300,0,0.162545,0.159769,0.632083,0.127315,1,2078.59,0.00345614,0.207013,0.894447,0.541923,0.05,300,300,300,300,300,300,129,300,300,63,67,75,43,47,55,1
dual_l1,0,703,6,0.317138,0.146917,-0.298107,0.95164,1561.73,3.49202,5.19411,0.579943,0.18578,0.0245445,0.0131255,0.0246508,0.565671,0.224633,0.433777,0.525551,1,1,13,65,1,0.365823,0.533545,0.368643,0.550493,1,1501.19,0.00345614,0.207013,0.894447,0.541923,0.05,300,300,300,300,300,300,54,65,92,48,52,60,30,34,42,1
dual_l1,0,704,1,0.321578,0.096759,-0.305944,0.913108,1782.32,3.03061,5.93097,0.566056,0.19135,0.0260227,0.0157292,0.0650227,0.228261,0.093816,0.338588,0.602781,0,8.43042e-31,0,67,1,0.893377,0.461116,0.375207,0.392032,1,1696.76,0.00345614,0.207013,0.894447,0.541923,0.05,300,300,300,300,300,300,63,67,300,47,51,59,46,50,58,1
dual_l1,0,705,4,0.366036,0.140393,-0.0952622,0.999699,2028.17,0.748241,6.75807,0.267182,0.064682,0.0377008,0.0142743,0.035874,0.179574,0.242057,0.221,0.264803,1,1,21,110,1,0.328965,0.0968371,0.433559,0.34784,1,2009.21,0.00345614,0.207013,0.894447,0.541923,0.05,300,300,300,300,300,300,91,110,143,46,69,77,41,45,53,1
dual_l1,0,706,6,0.5452,0.0996298,0.22546,0.928364,2497.96,0.162812,8.32598,0.127621,0.0116006,0.0320359,0.00313149,0.029955,0.303452,0.110458,0.65998,0.133965,1,1,32,182,1,0.160554,0.238255,0.602466,0.0831086,1,2489,0.00345614,0.207013,0.894447,0.541923,0.05,300,300,300,300,300,300,117,182,300,68,72,96,50,54,62,1
dual_l1,0,707,3,0.498048,0.0861556,-0.297585,0.900749,1295.53,1.77783,4.31252,0.437865,0.27363,0.0243959,0.0209228,0.0336987,0.335965,0.336929,0.614167,0.471889,0,0,11,67,1,0.608124,0.619594,0.421829,0.441915,0,1227.29,0.00345614,0.207013,0.894447,0.541923,0.05,300,300,300,300,300,300,57,67,102,45,49,57,27,31,39,1
dual_l1,0,708,5,0.26284,0.0284513,-0.0932747,0.996187,1953.89,4.74148,6.49715,0.706787,0.282796,0.0156262,0.00549992,0.0314821,0.285608,0.128313,0.137764,0.0510904,1,1,0,68,1,0.831787,0.680514,0.351334,0.245583,0,1824.46,0.00345614,0.207013,0.894447,0.541923,0.05,300,300,300,300,300,300,64,68,300,49,53,61,39,43,51,1
dual_l1,0,709,1,0.445876,0.199552,-0.121183,1.06341,1245.44,1.25652,4.14729,0.356434,0.141004,0.0206307,0.0139898,0.0356672,0.115902,0.19946,0.510661,0.223132,1,0.997867,0,117,1,0.224289,0.277436,0.502271,0.189382,1,1221.02,0.00345614,0.207013,0.894447,0.541923,0.05,300,300,300,300,300,300,54,117,271,45,49,57,37,41,49,1
dual_l1,0,710,4,0.304674,0.146405,0.100844,0.961356,1881.6,0.0594023,6.27179,0.0672305,0.0155608,0.0238024,0.0164045,0.0158651,0.282192,0.0919345,0.0918028,0.126213,1,1,20,55,1,0.212441,0.0476284,0.372232,0.0505042,1,1866.97,0.00345614,0.207013,0.894447,0.541923,0.05,300,300,300,300,300,300,51,55,300,46,50,58,30,34,42,1
dual_l1,0,711,3,0.23962,0.102064,-0.134822,0.905847,1140.87,0.533664,3.80113,0.224039,0.127772,0.0240547,0.0104938,0.0238195,0.306125,0.163011,0.149527,0.292742,1,0.998111,5,130,1,0.127772,0.150149,0.151316,0.4314,1,1096.61,0.00345614,0.207013,0.894447,0.541923,0.05,300,300,300,300,300,300,102,130,138,48,52,86,41,45,69,1
dual_l1,0,712,3,0.300499,0.134949,-0.4475,1.08956,982.737,1.63537,3.27034,0.402239,0.263313,0.0156636,0.00938672,0.0261751,0.498976,0.100739,0.184935,0.62229,0,0,0,61,1,0.529755,0.585617,0.150927,0.682899,1,892.644,0.00345614,0.207013,0.894447,0.541923,0.05,300,300,300,300,300,300,57,61,137,42,46,54,37,41,49,1
dual_l1,0,713,2,0.211592,0.0335855,-0.0671462,1.01646,2017.91,2.29785,6.71872,0.472473,0.361106,0.0168522,0.00435359,0.0617449,0.608625,0.221811,0.182397,0.434623,1,1,2,300,0,0.472473,0.608625,0.182397,0.434623,1,2015.62,0.00345614,0.207013,0.894447,0.541923,0.05,300,300,300,300,300,300,144,300,300,49,53,110,40,44,52,1
dual_l1,0,714,1,0.450416,0.107787,0.213084,1.09839,2318.64,0.13464,7.72836,0.130863,0.0233356,0.0134182,0.0165956,0.0176452,0.378429,0.0702177,0.768851,0.143571,0,1.58955e-24,21,178,1,0.113606,0.259623,0.395841,0.191828,1,2303.07,0.00345614,0.207013,0.894447,0.541923,0.05,300,300,300,300,300,300,143,178,300,56,71,88,45,49,57,1
dual_l1,0,715,0,0.344836,0.131278,-0.05335,0.909843,980.407,0.210767,3.26732,0.160928,0.141013,0.0428821,0.00749309,0.0332441,0.166123,0.28147,0.276339,0.229616,1,1,13,58,1,0.219485,0.381149,0.302795,0.326431,1,946.301,0.00345614,0.207013,0.894447,0.541923,0.05,300,300,300,300,300,300,54,58,300,41,45,53,20,33,41,1
dual_l1,0,716,5,0.293717,0.198574,-0.171555,0.933289,873.859,2.17561,2.90561,0.471775,0.165192,0.0246346,0.00559629,0.0068683,0.291635,0.322577,0.205275,0.331119,1,1,0,124,1,0.33186,0.414976,0.435139,0.237593,1,846.968,0.00345614,0.207013,0.894447,0.541923,0.05,300,300,300,300,300,300,63,124,201,41,45,53,27,43,51,1
dual_l1,0,717,1,0.410313,0.0571686,0.105979,0.954744,1106.65,0.0618423,3.68864,0.0837375,0.0305263,0.0134314,0.00611851,0.017065,0.567549,0.140764,0.429941,0.272683,1,0.886884,0,62,1,0.15993,0.331339,0.540987,0.122527,1,1078.41,0.00345614,0.207013,0.894447,0.541923,0.05,300,300,300,300,300,300,58,62,134,44,48,56,36,40,48,1
dual_l1,0,718,5,0.37775,0.00693107,-0.311058,1.04049,2633.87,11.9337,8.7398,1.09318,0.470882,0.0132798,0.00400457,0.0253465,0.677971,0.504297,0.283951,0.775743,0,0,0,190,1,0.655727,0.410504,0.347591,0.530556,0,2544.12,0.00345614,0.207013,0.894447,0.541923,0.05,300,300,300,300,300,300,180,190,300,55,68,134,43,47,55,1
dual_l1,0,719,5,0.157588,0.0718401,0.0391523,1.09769,1720.75,0.335816,5.7347,0.190573,0.0260179,0.0265461,0.0164178,0.0362983,0.237049,0.109482,0.266755,0.17553,1,1,12,203,1,0.0582485,0.212682,0.238246,0.16143,1,1716.02,0.00345614,0.207013,0.894447,0.541923,0.05,300,300,300,300,300,300,190,203,247,62,72,96,38,42,50,1
dual_l1,0,720,4,0.279568,0.102941,0.0986828,0.988414,1070.91,1.30963,3.56532,0.363033,0.0145801,0.0185848,0.01133,0.016103,0.134099,0.161485,0.272885,0.041719,1,1,15,102,1,0.22073,0.218858,0.249531,0.107707,1,1058.78,0.00345614,0.207013,0.894447,0.541923,0.05,300,300,300,300,300,300,71,102,295,44,48,94,39,43,51,1
dual_l1,0,721,2,0.25536,0.0632013,0.226254,0.900337,1943.26,0.128364,6.47712,0.112926,0.0202878,0.014164,0.0163033,0.0323383,0.158624,0.182287,0.327481,0.222728,1,0.999991,12,166,1,0.098875,0.253272,0.395866,0.0996039,1,1934.01,0.00345614,0.207013,0.894447,0.541923,0.05,300,300,300,300,300,300,141,166,300,53,57,65,40,44,52,1
dual_l1,0,722,0,0.526699,0.0503685,-0.269538,0.974908,2217.56,0.918419,7.38881,0.341038,0.151776,0.0416447,0.0178158,0.0294756,0.225821,0.292555,0.588597,0.499223,1,1,22,162,1,0.443572,0.304741,0.58636,0.353856,1,2184.74,0.00345614,0.207013,0.894447,0.541923,0.05,300,300,300,300,300,300,60,162,274,59,63,71,44,48,56,1
dual_l1,0,723,7,0.406937,0.0135129,0.00518382,1.06716,1910.39,0.499221,6.36629,0.228771,0.0594398,0.0100801,0.0204151,0.0126523,0.195287,0.220858,0.466214,0.214192,1,1,7,253,1,0.0598128,0.287083,0.501053,0.297198,1,1907.3,0.00345614,0.207013,0.894447,0.541923,0.05,300,300,300,300,300,300,102,253,291,61,65,73,41,45,53,1
dual_l1,0,724,5,0.299477,0.014057,-0.31091,1.00162,1238.97,1.55183,4.12472,0.398546,0.362749,0.0242271,0.00773423,0.028776,0.265995,0.0800507,0.28069,0.596548,1,1,24,181,1,0.509835,0.394524,0.441407,0.476652,1,1209.03,0.00345614,0.207013,0.894447,0.541923,0.05,300,300,300,300,300,300,156,181,189,56,79,163,35,50,58,1
dual_l1,0,725,2,0.602741,0.00139787,-0.25337,0.956637,2234.44,11.7512,7.40898,1.07711,0.374441,0.0292923,0.0171398,0.0213349,0.809376,0.338802,0.498252,0.332497,1,1,17,300,0,1.07711,0.809376,0.498252,0.332497,1,2222.69,0.00345614,0.207013,0.894447,0.541923,0.05,300,300,300,300,300,300,233,300,300,64,81,130,47,51,59,1
dual_l1,0,726,7,0.375656,0.0585561,0.451629,1.0704,1935.91,0.386012,6.45175,0.230626,0.0415935,0.0254513,0.00546444,0.02681,0.482925,0.139362,0.169985,0.0866927,1,1,22,119,1,0.132829,0.40026,0.242487,0.247364,1,1900.42,0.00345614,0.207013,0.894447,0.541923,0.05,300,300,300,300,300,300,115,119,127,56,74,82,54,58,66,1
dual_l1,0,727,7,0.404224,0.173771,0.136738,0.924289,1201.44,0.521297,4.00307,0.224518,0.0178751,0.0133404,0.0118115,0.0244377,0.220806,0.059396,0.319856,0.0881259,1,1,6,117,1,0.227931,0.2161,0.329336,0.0876904,1,1184.01,0.00345614,0.207013,0.894447,0.541923,0.05,300,300,300,300,300,300,66,117,264,54,58,66,45,49,57,1
dual_l1,0,728,4,0.37066,0.0909994,0.467556,1.07998,1878.85,0.456055,6.2613,0.210021,0.0467795,0.0274039,0.0132836,0.0246436,0.461067,0.13827,0.559341,0.24476,1,1,29,251,1,0.115909,0.369638,0.411445,0.457782,1,1870.36,0.00345614,0.207013,0.894447,0.541923,0.05,300,300,300,300,300,300,189,251,300,56,70,78,35,39,47,1
dual_l1,0,729,0,0.396734,0.1008,-0.236238,1.01351,2196.48,2.34387,7.31378,0.511701,0.155486,0.0523689,0.0107723,0.0190025,0.0823513,0.179944,0.333011,0.534886,1,1,21,69,1,0.414837,0.286273,0.346455,0.376199,1,2150.21,0.00345614,0.207013,0.894447,0.541923,0.05,300,300,300,300,300,300,65,69,77,44,48,56,34,38,46,1
dual_l1,0,730,4,0.53889,0.135791,-0.0526677,1.02321,960.141,1.02826,3.19704,0.312934,0.010185,0.0137778,0.0130589,0.00628908,0.132018,0.291831,0.456636,0.221418,1,1,16,137,1,0.0559973,0.155802,0.481265,0.251749,1,950.776,0.00345614,0.207013,0.894447,0.541923,0.05,300,300,300,300,300,300,65,137,187,41,45,53,32,36,44,1
dual_l1,0,731,0,0.301695,0.0512075,0.352219,0.900438,1157.1,0.86199,3.85412,0.261544,0.0316336,0.0372666,0.0150887,0.0363805,0.319499,0.196085,0.525044,0.367293,1,1,0,300,0,0.261544,0.319499,0.525044,0.367293,1,1156.23,0.00345614,0.207013,0.894447,0.541923,0.05,300,300,300,300,300,300,85,300,300,46,50,113,32,36,44,1
dual_l1,0,732,2,0.422728,0.180893,0.401215,1.05402,1528.28,1.12455,5.09053,0.323451,0.0559787,0.0159608,0.0184754,0.0551302,0.462302,0.245889,0.295371,0.179808,0,7.64157e-09,0,300,0,0.323451,0.462302,0.295371,0.179808,0,1527.16,0.00345614,0.207013,0.894447,0.541923,0.05,300,300,300,300,300,300,83,300,300,79,83,91,39,43,67,1
dual_l1,0,733,3,0.390046,0.0227648,-0.209783,0.904187,1410.69,3.78138,4.68968,0.635765,0.309557,0.0268538,0.00899014,0.0424866,0.150909,0.20611,0.461122,0.421618,1,1,10,82,1,0.651354,0.370419,0.640949,0.0749861,1,1273.06,0.00345614,0.207013,0.894447,0.541923,0.05,300,300,300,300,300,300,67,82,300,48,59,67,32,36,44,1
dual_l1,0,734,3,0.429704,0.0967878,0.258809,0.917072,1644.17,0.0352779,5.48044,0.066603,0.00984628,0.0205036,0.00129223,0.013162,0.276038,0.193098,0.301903,0.21596,0,1.03462e-12,-1,269,1,0.25881,0.280923,0.347047,0.0747874,0,1641.15,0.00345614,0.207013,0.894447,0.541923,0.05,300,300,300,300,300,300,100,269,300,45,79,87,42,46,54,1
dual_l1,0,735,2,0.548185,0.0669807,-0.0191746,1.08953,1713.7,0.434266,5.71089,0.188974,0.013188,0.0198734,0.0122292,0.0210881,0.262467,0.276803,0.62629,0.302836,0,6.099e-28,1,236,1,0.184148,0.332196,0.579965,0.400715,0,1709.3,0.00345614,0.207013,0.894447,0.541923,0.05,300,300,300,300,300,300,189,236,300,48,52,121,35,46,54,1
dual_l1,0,736,3,0.353588,0.032842,-0.425244,0.969101,2191.63,6.75936,7.28292,0.813312,0.684323,0.0300213,0.0225093,0.0229997,0.826195,0.207225,0.693973,0.498618,1,1,17,300,0,0.813312,0.826195,0.693973,0.498618,1,2184.87,0.00345614,0.207013,0.894447,0.541923,0.05,300,300,300,300,300,300,265,300,300,79,121,129,44,48,89,1
dual_l1,0,737,1,0.403733,0.0877216,-0.326605,0.92343,1412.63,4.84974,4.69262,0.722039,0.129214,0.0281777,0.0239477,0.0261305,0.170789,0.229754,0.75633,0.0578971,0,1.91365e-09,10,92,1,0.626374,0.696096,0.644588,0.395568,1,1318.48,0.00345614,0.207013,0.894447,0.541923,0.05,300,300,300,300,300,300,82,92,160,52,65,73,33,44,52,1
dual_l1,0,738,5,0.437537,0.0270939,-0.16418,0.970106,2086.47,2.22437,6.94749,0.456209,0.123111,0.0247064,0.00167499,0.0262772,0.307593,0.412011,0.415215,0.126122,1,1,0,70,1,0.460061,0.398695,0.485742,0.211897,1,2038.76,0.00345614,0.207013,0.894447,0.541923,0.05,300,300,300,300,300,300,66,70,87,52,56,64,47,51,59,1
dual_l1,0,739,0,0.499162,0.12157,0.429373,0.937751,1299.97,0.429935,4.33181,0.194956,0.0424634,0.031787,0.0082755,0.0369967,0.512913,0.187299,0.495074,0.0971309,1,1,12,300,0,0.194956,0.512913,0.495074,0.0971309,1,1299.54,0.00345614,0.207013,0.894447,0.541923,0.05,300,300,300,300,300,300,147,300,300,54,58,95,36,46,54,1
dual_l1,0,740,4,0.232929,0.18128,-0.0694331,1.0907,1112.55,0.299418,3.70752,0.179813,0.0293438,0.0250787,0.0113786,0.0377162,0.195372,0.210637,0.218582,0.215171,1,1,14,73,1,0.170309,0.551707,0.270088,0.330045,1,1094.52,0.00345614,0.207013,0.894447,0.541923,0.05,300,300,300,300,300,300,69,73,300,50,59,67,40,44,52,1
dual_l1,0,741,0,0.472585,0.0674545,0.292088,0.934479,1644.23,0.212438,5.48005,0.15214,0.0279228,0.0497971,0.00867699,0.0435088,0.277505,0.117188,0.553753,0.0683046,1,1,20,105,1,0.103108,0.24038,0.562433,0.123708,1,1626.03,0.00345614,0.207013,0.894447,0.541923,0.05,300,300,300,300,300,300,75,105,300,58,67,75,50,54,62,1
dual_l1,0,742,7,0.376766,0.0757947,0.0504601,0.90155,1824.11,0.460837,6.07883,0.180288,0.0428851,0.0289383,0.0180537,0.0461512,0.613809,0.288503,0.399744,0.183963,1,1,21,124,1,0.0744882,0.374877,0.198155,0.149673,1,1810.82,0.00345614,0.207013,0.894447,0.541923,0.05,300,300,300,300,300,300,57,124,132,47,51,59,35,39,47,1
dual_l1,0,743,5,0.41904,0.178721,-0.128014,1.04547,1489.26,0.604823,4.96218,0.260099,0.106569,0.0184436,0.0128524,0.0308788,0.306595,0.171105,0.554953,0.350704,1,1,0,102,1,0.31444,0.318703,0.443541,0.184083,1,1470,0.00345614,0.207013,0.894447,0.541923,0.05,300,300,300,300,300,300,98,102,144,57,69,103,42,46,54,1
dual_l1,0,744,3,0.303077,0.156138,0.397887,1.05071,1496.88,0.637995,4.98748,0.233361,0.0851551,0.0171128,0.0153627,0.055417,0.293657,0.12566,0.393534,0.0543229,1,1,3,300,0,0.233361,0.293657,0.393534,0.0543229,1,1496.24,0.00345614,0.207013,0.894447,0.541923,0.05,300,300,300,300,300,300,300,300,300,86,90,194,33,37,45,1
dual_l1,0,745,1,0.535009,0.00442023,0.207418,0.996227,2681.04,0.700702,8.93445,0.219303,0.152388,0.02279,0.00946163,0.0340794,0.452736,0.529378,0.46082,0.037385,0,0,1,300,0,0.219303,0.452736,0.46082,0.037385,0,2680.34,0.00345614,0.207013,0.894447,0.541923,0.05,300,300,300,300,300,300,300,300,300,83,87,95,51,85,93,1
dual_l1,0,746,6,0.280339,0.128993,0.156511,0.915451,2049.93,0.150893,6.83258,0.13667,0.0253215,0.0198214,0.0152723,0.0339422,0.280186,0.0571954,0.46111,0.120051,1,1,16,79,1,0.20619,0.237273,0.203123,0.138453,1,2036.55,0.00345614,0.207013,0.894447,0.541923,0.05,300,300,300,300,300,300,68,79,274,53,57,65,38,42,50,1
dual_l1,0,747,7,0.324355,0.0443512,-0.214155,0.971429,2158.74,0.596836,7.19381,0.251152,0.0517098,0.0103558,0.00883848,0.0606207,0.138896,0.284503,0.443623,0.0109726,1,1,11,93,1,0.159115,0.163766,0.490827,0.353634,1,2108.81,0.00345614,0.207013,0.894447,0.541923,0.05,300,300,300,300,300,300,71,93,300,49,53,61,36,51,59,1
dual_l1,0,748,5,0.4184,0.0419795,0.292158,0.968308,2125.41,0.269293,7.08382,0.215435,0.0504367,0.0339897,0.0146859,0.00713044,0.314032,0.0751552,0.681613,0.18159,1,1,0,138,1,0.188671,0.356539,0.413219,0.149901,1,2106.5,0.00345614,0.207013,0.894447,0.541923,0.05,300,300,300,300,300,300,134,138,300,50,75,123,40,44,52,1
dual_l1,0,749,4,0.38916,0.151122,0.431199,0.906947,1228.93,0.422516,4.09503,0.205118,0.0116873,0.0422023,0.00864175,0.0414962,0.434025,0.0692478,0.473104,0.25208,1,1,1,102,1,0.0980435,0.458099,0.468074,0.21161,1,1195.38,0.00345614,0.207013,0.894447,0.541923,0.05,300,300,300,300,300,300,98,102,300,50,54,107,39,43,51,1
dual_l1,0,750,1,0.223214,0.165008,0.14448,1.06792,1099.3,0.305074,3.66333,0.150059,0.0296952,0.0219944,0.0132622,0.0555013,0.299582,0.278842,0.193505,0.0926478,0,2.8026e-45,1,79,1,0.222536,0.317444,0.284679,0.070719,0,1082.74,0.00345614,0.207013,0.894447,0.541923,0.05,300,300,300,300,300,300,75,79,117,64,68,76,43,47,55,1
dual_l1,0,751,7,0.605005,0.0907194,-0.498976,0.901526,1393.03,6.40416,4.62209,0.780407,0.433275,0.027631,0.0169796,0.034641,0.770826,0.226344,0.578623,0.758149,1,1,19,66,1,0.834812,0.665099,0.465887,0.709168,1,1232.72,0.00345614,0.207013,0.894447,0.541923,0.05,300,300,300,300,300,300,56,66,74,43,47,55,30,34,53,1
dual_l1,0,752,7,0.287386,0.146118,-0.438777,1.03065,1588.52,5.07143,5.27815,0.702253,0.328515,0.0392653,0.00404335,0.0176386,0.410774,0.122281,0.261755,0.62777,1,1,0,92,1,0.43171,0.397313,0.258314,0.596377,1,1505.63,0.00345614,0.207013,0.894447,0.541923,0.05,300,300,300,300,300,300,88,92,200,45,49,71,38,42,50,1
dual_l1,0,753,3,0.421507,0.122888,-0.414423,0.903916,1804.77,2.0831,6.00895,0.470867,0.347291,0.0342428,0.00766734,0.0302791,0.592429,0.221425,0.421926,0.681957,1,1,0,139,1,0.354375,0.795767,0.483582,0.57698,1,1742.33,0.00345614,0.207013,0.894447,0.541923,0.05,300,300,300,300,300,300,76,139,300,48,61,69,42,46,54,1
dual_l1,0,754,2,0.494863,0.0304682,0.284559,0.983999,1868.13,0.516219,6.22537,0.211905,0.0242217,0.0434772,0.010705,0.0302402,0.300134,0.192644,0.367502,0.163665,1,0.999453,1,247,1,0.288011,0.286411,0.529162,0.0256577,1,1860.39,0.00345614,0.207013,0.894447,0.541923,0.05,300,300,300,300,300,300,243,247,300,50,62,70,36,40,48,1
dual_l1,0,755,6,0.4766,0.13546,-0.21526,0.938332,1546.73,0.965767,5.15256,0.277684,0.0649954,0.0273139,0.00458493,0.0319128,0.314738,0.345811,0.479428,0.366105,1,1,6,72,1,0.639268,0.545421,0.466428,0.47829,1,1511.94,0.00345614,0.207013,0.894447,0.541923,0.05,300,300,300,300,300,300,59,72,267,48,52,60,31,35,43,1
dual_l1,0,756,3,0.402085,0.0756696,0.364883,1.03854,1351.82,0.27691,4.50514,0.163133,0.0170622,0.0220305,0.0119495,0.0342556,0.250092,0.138987,0.451648,0.227401,1,1,4,300,0,0.163133,0.250092,0.451648,0.227401,1,1351.54,0.00345614,0.207013,0.894447,0.541923,0.05,300,300,300,300,300,300,244,300,300,69,79,123,37,54,62,1
dual_l1,0,757,3,0.545929,0.0599086,-0.297607,0.971603,1348.48,2.975,4.48501,0.558426,0.177757,0.02296,0.0186156,0.0710104,0.113823,0.296517,0.530034,0.500047,0,8.78924e-19,1,58,1,0.64079,0.565403,0.608223,0.552425,0,1277.52,0.00345614,0.207013,0.894447,0.541923,0.05,300,300,300,300,300,300,54,58,229,45,56,64,38,42,50,1
dual_l1,0,758,4,0.429495,0.11999,0.313666,0.937093,1318.18,0.337851,4.3928,0.184089,0.0569694,0.032617,0.0157662,0.0288493,0.209965,0.134337,0.438146,0.0575791,1,1,11,300,0,0.184089,0.209965,0.438146,0.0575791,1,1317.84,0.00345614,0.207013,0.894447,0.541923,0.05,300,300,300,300,300,300,54,300,300,41,45,53,34,38,46,1
dual_l1,0,759,0,0.41546,0.162353,-0.0814518,1.02531,1063,0.210656,3.54264,0.110799,0.0530437,0.0300433,0.0192756,0.0357853,0.236711,0.357668,0.550266,0.408947,1,1,1,105,1,0.112515,0.0957769,0.595247,0.188188,1,1051.83,0.00345614,0.207013,0.894447,0.541923,0.05,300,300,300,300,300,300,69,105,168,36,50,58,35,39,47,1
dual_l1,0,760,2,0.45803,0.0293601,-0.178644,1.05958,1046.24,2.03907,3.48066,0.448144,0.227063,0.0375161,0.00913516,0.0285086,0.393297,0.185206,0.48177,0.4352,1,1,9,122,1,0.354001,0.189016,0.330627,0.318897,1,1001.36,0.00345614,0.207013,0.894447,0.541923,0.05,300,300,300,300,300,300,118,122,300,46,69,104,42,46,54,1
dual_l1,0,761,3,0.414236,0.0136668,0.137344,0.980317,1716.91,0.411136,5.72168,0.17376,0.0186462,0.029485,0.0187703,0.0267633,0.237787,0.317645,0.589825,0.0262343,1,1,23,162,1,0.129105,0.134507,0.437099,0.120261,1,1710.5,0.00345614,0.207013,0.894447,0.541923,0.05,300,300,300,300,300,300,51,162,223,49,53,117,42,46,54,1
dual_l1,0,762,4,0.301925,0.128295,0.0963579,0.955188,1962.55,0.206771,6.54114,0.146522,0.0451833,0.0179929,0.00457788,0.0312593,0.0655864,0.125974,0.404643,0.103702,1,1,20,67,1,0.270031,0.302639,0.395801,0.121888,1,1946.39,0.00345614,0.207013,0.894447,0.541923,0.05,300,300,300,300,300,300,63,67,75,45,55,63,37,41,49,1
dual_l1,0,763,6,0.584862,0.0733929,-0.361847,1.03042,2444.3,9.14704,8.11718,0.928363,0.313086,0.0134734,0.0087484,0.0299433,0.665801,0.582553,0.681953,0.385371,1,1,29,63,1,0.840456,0.530865,0.89108,0.34996,1,2299.68,0.00345614,0.207013,0.894447,0.541923,0.05,300,300,300,300,300,300,59,63,300,53,57,65,38,42,50,1
dual_l1,0,764,1,0.370644,0.186045,0.103426,0.906455,1301.08,0.0766096,4.33669,0.0886704,0.0267071,0.0191073,0.00923636,0.0107122,0.266027,0.227492,0.196712,0.136948,1,1,1,72,1,0.358775,0.308824,0.282723,0.133108,1,1285.54,0.00345614,0.207013,0.894447,0.541923,0.05,300,300,300,300,300,300,68,72,228,41,45,53,28,32,40,1
dual_l1,0,765,2,0.470319,0.0849708,-0.450678,0.943973,1518.16,2.86008,5.05099,0.530752,0.511479,0.023243,0.0108985,0.0130355,0.334848,0.0980423,0.563851,0.633144,1,1,1,98,1,1.27516,0.830252,0.610074,0.335564,1,1385.74,0.00345614,0.207013,0.894447,0.541923,0.05,300,300,300,300,300,300,89,98,300,63,67,90,26,30,38,1
dual_l1,0,766,1,0.45151,0.148233,0.485786,1.07198,1539.23,0.221007,5.13003,0.160279,0.0357225,0.0385073,0.010602,0.0394861,0.614554,0.112896,0.489127,0.344474,1,1,2,212,1,0.113855,0.311007,0.780654,0.415336,1,1523.42,0.00345614,0.207013,0.894447,0.541923,0.05,300,300,300,300,300,300,91,212,300,49,53,88,37,41,49,1
dual_l1,0,767,1,0.478015,0.037235,-0.0954301,1.01851,1442.78,1.27708,4.805,0.366338,0.0424309,0.0297292,0.0114933,0.0213987,0.243284,0.204361,0.637047,0.115547,0,1.71285e-34,0,84,1,0.30341,0.341701,0.536573,0.30102,0,1404.53,0.00345614,0.207013,0.894447,0.541923,0.05,300,300,300,300,300,300,74,84,300,53,57,65,35,46,54,1
dual_l1,0,768,0,0.4589,0.189277,-0.466105,1.06996,1864.56,3.36915,6.20398,0.572677,0.325677,0.0263153,0.00735336,0.0332376,0.551745,0.232616,0.434345,0.612767,1,1,22,97,1,0.535319,0.386047,0.488288,0.651255,1,1797.85,0.00345614,0.207013,0.894447,0.541923,0.05,300,300,300,300,300,300,93,97,152,50,67,88,37,41,61,1
dual_l1,0,769,5,0.307265,0.0619027,0.331347,1.05149,1396.46,0.520928,4.65312,0.246108,0.0352344,0.0377581,0.00817493,0.0391374,0.457855,0.0904247,0.324121,0.0945946,1,1,19,300,0,0.246108,0.457855,0.324121,0.0945946,1,1395.94,0.00345614,0.207013,0.894447,0.541923,0.05,300,300,300,300,300,300,300,300,300,81,85,93,48,52,60,1
dual_l1,0,770,1,0.184025,0.0932549,-0.21226,1.04094,1514.54,2.77466,5.03923,0.542519,0.102555,0.0406877,0.00862876,0.022235,0.155835,0.137912,0.320318,0.384595,0,1.06692e-06,12,120,1,0.439281,0.208037,0.436301,0.231315,0,1488.96,0.00345614,0.207013,0.894447,0.541923,0.05,300,300,300,300,300,300,54,120,300,48,52,60,37,41,49,1
dual_l1,0,771,4,0.16831,0.0596394,0.353257,1.08436,1458.79,0.64576,4.86047,0.264852,0.0154973,0.0223488,0.0147894,0.0228144,0.389904,0.219107,0.18294,0.223638,1,1,25,129,1,0.30944,0.190089,0.289348,0.239658,1,1435.61,0.00345614,0.207013,0.894447,0.541923,0.05,300,300,300,300,300,300,125,129,300,88,99,107,40,44,70,1
dual_l1,0,772,7,0.592838,0.123661,-0.172543,0.953026,1012.54,2.00444,3.36847,0.430666,0.225595,0.0149941,0.0179723,0.0214956,0.334957,0.330294,0.784074,0.212247,1,1,1,64,1,0.646232,0.631082,0.54972,0.295448,1,959.341,0.00345614,0.207013,0.894447,0.541923,0.05,300,300,300,300,300,300,54,64,173,44,48,56,23,27,54,1
dual_l1,0,773,1,0.574605,0.00258312,-0.0439847,0.962295,1153,3.29266,3.83237,0.609756,0.236925,0.023237,0.0135438,0.0567441,0.224795,0.260759,0.671941,0.304489,0,1.39745e-07,3,185,1,0.518993,0.296006,0.704919,0.230601,1,1091.47,0.00345614,0.207013,0.894447,0.541923,0.05,300,300,300,300,300,300,78,185,300,45,49,57,41,45,53,1
dual_l1,0,774,7,0.31802,0.177991,-0.284582,0.933756,2027.89,2.00418,6.75294,0.464949,0.204165,0.0194373,0.00960436,0.0189162,0.492168,0.188455,0.495922,0.249312,1,1,23,102,1,0.495188,0.419333,0.354215,0.597509,1,1981.69,0.00345614,0.207013,0.894447,0.541923,0.05,300,300,300,300,300,300,98,102,222,52,56,64,33,49,57,1
dual_l1,0,775,7,0.321266,0.11522,-0.0157868,1.02757,1034.76,0.227881,3.44845,0.170597,0.0681273,0.0213539,0.0117516,0.0472776,0.179288,0.0605725,0.334566,0.174939,1,1,0,100,1,0.212688,0.254324,0.310889,0.0443213,1,1024.75,0.00345614,0.207013,0.894447,0.541923,0.05,300,300,300,300,300,300,48,100,205,43,47,89,41,45,53,1
dual_l1,0,776,1,0.385651,0.0505782,0.326743,0.917891,2381.5,0.242471,7.93753,0.192476,0.0131662,0.00942585,0.00612111,0.0148475,0.391536,0.0709847,0.553986,0.242745,1,1,10,300,0,0.192476,0.391536,0.553986,0.242745,1,2381.26,0.00345614,0.207013,0.894447,0.541923,0.05,300,300,300,300,300,300,83,300,300,54,58,66,46,55,63,1
dual_l1,0,777,6,0.480563,0.109762,0.106934,0.97854,1973.43,0.298545,6.5771,0.175835,0.0256331,0.0246422,0.00585602,0.0285216,0.21775,0.110811,0.661337,0.0707924,1,1,16,99,1,0.459326,0.207458,0.516007,0.0855533,1,1957.31,0.00345614,0.207013,0.894447,0.541923,0.05,300,300,300,300,300,300,83,99,287,49,53,61,46,50,58,1
dual_l1,0,778,7,0.502036,0.0806142,0.35561,0.944901,1799.5,0.349949,5.99716,0.212491,0.0194033,0.0109806,0.00373197,0.0428788,0.530974,0.177449,0.555507,0.0294012,1,1,8,166,1,0.171266,0.594676,0.62196,0.156643,1,1773.74,0.00345614,0.207013,0.894447,0.541923,0.05,300,300,300,300,300,300,97,166,300,49,53,107,39,50,58,1
dual_l1,0,779,4,0.554097,0.0898517,0.0186676,0.941369,1810.99,0.150194,6.03614,0.130753,0.0442685,0.0206552,0.00832024,0.0428017,0.170631,0.190507,0.494484,0.25061,1,1,23,77,1,0.0879849,0.343331,0.412521,0.029233,1,1792.78,0.00345614,0.207013,0.894447,0.541923,0.05,300,300,300,300,300,300,73,77,85,52,56,75,40,44,52,1
dual_l1,0,780,1,0.282146,0.0881602,-0.417395,1.01681,1490.29,2.6351,4.95886,0.515152,0.39645,0.0263992,0.00763861,0.00995131,0.627621,0.304967,0.210103,0.632178,0,0,0,86,1,0.572746,0.540827,0.489069,0.634406,0,1421.61,0.00345614,0.207013,0.894447,0.541923,0.05,300,300,300,300,300,300,66,86,109,49,53,61,48,52,60,1
dual_l1,0,781,0,0.594036,0.137241,-0.0613194,1.0823,1594.34,0.685429,5.31217,0.264012,0.11432,0.0308132,0.0187128,0.029321,0.258835,0.246711,0.764445,0.116464,1,1,2,77,1,0.546935,0.498126,0.746853,0.172169,1,1563.34,0.00345614,0.207013,0.894447,0.541923,0.05,300,300,300,300,300,300,73,77,127,51,55,74,46,50,58,1
dual_l1,0,782,4,0.481116,0.035482,-0.0490198,1.02586,1420.59,0.169708,4.73473,0.124159,0.0826621,0.0328015,0.0104001,0.0438497,0.180793,0.176798,0.570323,0.244749,1,1,24,113,1,0.722605,0.325619,0.53338,0.320803,1,1389.14,0.00345614,0.207013,0.894447,0.541923,0.05,300,300,300,300,300,300,109,113,300,57,61,69,44,48,56,1
dual_l1,0,783,6,0.332853,0.108478,0.127315,0.912295,1835.89,0.0105939,6.1196,0.0311067,0.014077,0.0235379,0.0158902,0.0259582,0.230093,0.0533132,0.425579,0.122441,1,1,47,150,1,0.154194,0.116406,0.271324,0.0933179,1,1829.56,0.00345614,0.207013,0.894447,0.541923,0.05,300,300,300,300,300,300,77,150,300,67,71,79,43,47,55,1
dual_l1,0,784,6,0.457925,0.0185753,0.0222889,0.908552,1007.3,0.629772,3.35557,0.236857,0.0776474,0.00971443,0.0109588,0.0247573,0.105891,0.180509,0.355763,0.19384,1,1,1,233,1,0.363439,0.200244,0.465592,0.140697,1,990.778,0.00345614,0.207013,0.894447,0.541923,0.05,300,300,300,300,300,300,113,233,300,61,65,73,27,39,47,1
dual_l1,0,785,5,0.539105,0.136746,0.0140226,1.00414,1026.18,0.382108,3.41934,0.181503,0.0433574,0.0222427,0.0130049,0.0077293,0.312866,0.214216,0.623839,0.264075,1,1,18,93,1,0.327925,0.254973,0.505663,0.0883876,1,1007.38,0.00345614,0.207013,0.894447,0.541923,0.05,300,300,300,300,300,300,89,93,140,47,51,59,28,32,40,1
dual_l1,0,786,5,0.234275,0.143013,0.422122,1.06631,1199.88,0.089536,3.9993,0.0936573,0.0596959,0.0138565,0.00793945,0.0441122,0.782816,0.222445,0.420683,0.293869,1,1,14,300,0,0.0936573,0.782816,0.420683,0.293869,1,1199.79,0.00345614,0.207013,0.894447,0.541923,0.05,300,300,300,300,300,300,134,300,300,58,62,139,33,51,59,1
dual_l1,0,787,5,0.564432,0.185998,0.319766,0.94917,1539.06,0.12588,5.12979,0.130958,0.0179258,0.0305495,0.0132813,0.0120975,0.468536,0.0414757,0.381914,0.264237,1,1,0,272,1,0.137291,0.40779,0.517767,0.11342,1,1536.32,0.00345614,0.207013,0.894447,0.541923,0.05,300,300,300,300,300,300,55,272,280,51,55,63,35,39,47,1
dual_l1,0,788,7,0.441652,0.031714,0.449743,1.09776,1751.38,0.239532,5.83714,0.13526,0.0274227,0.0389797,0.0112466,0.04074,0.289205,0.45717,0.268147,0.603545,1,1,23,138,1,0.316088,0.314855,0.496612,0.483879,1,1721.28,0.00345614,0.207013,0.894447,0.541923,0.05,300,300,300,300,300,300,134,138,300,74,102,110,48,52,60,1
dual_l1,0,789,7,0.427787,0.0545595,0.140801,0.940318,2109.56,0.190189,7.03125,0.130321,0.020075,0.0190598,0.00957347,0.041234,0.351478,0.237798,0.651826,0.173349,1,1,20,180,1,0.0796125,0.327644,0.457013,0.0797345,1,2100.3,0.00345614,0.207013,0.894447,0.541923,0.05,300,300,300,300,300,300,159,180,245,59,73,81,47,51,59,1
dual_l1,0,790,5,0.507888,0.0808562,-0.389342,1.07838,1613.51,6.95136,5.3552,0.828012,0.0649518,0.0275488,0.0135909,0.0351426,0.332486,0.298485,0.572804,0.598635,1,1,14,213,1,0.471698,0.183122,0.327487,0.492173,1,1580.31,0.00345614,0.207013,0.894447,0.541923,0.05,300,300,300,300,300,300,86,213,221,45,49,57,28,32,51,1
dual_l1,0,791,4,0.339549,0.0170452,0.269017,0.992122,1680.31,0.441586,5.59957,0.189124,0.040725,0.0211572,0.0106469,0.0396018,0.201697,0.119361,0.39549,0.118313,1,1,17,300,0,0.189124,0.201697,0.39549,0.118313,1,1679.87,0.00345614,0.207013,0.894447,0.541923,0.05,300,300,300,300,300,300,156,300,300,62,66,74,35,39,47,1
dual_l1,0,792,6,0.275144,0.119613,-0.358645,0.97554,1849.45,2.44345,6.1567,0.500699,0.353557,0.040509,0.0110783,0.0331624,0.583872,0.249472,0.409519,0.669189,1,1,14,88,1,0.460293,0.473877,0.237785,0.611349,1,1776.57,0.00345614,0.207013,0.894447,0.541923,0.05,300,300,300,300,300,300,84,88,96,53,57,79,44,48,56,1
dual_l1,0,793,0,0.363748,0.195937,-0.12583,0.916138,1959.56,1.00552,6.52852,0.319151,0.066564,0.0264565,0.0090784,0.0496266,0.341659,0.171096,0.490398,0.304327,1,1,22,123,1,0.371788,0.243243,0.445188,0.298429,1,1938.7,0.00345614,0.207013,0.894447,0.541923,0.05,300,300,300,300,300,300,68,123,160,54,58,66,51,55,63,1
dual_l1,0,794,0,0.178817,0.169785,0.0640453,0.965817,2159.03,0.00740511,7.19674,0.0161043,0.00850646,0.0385584,0.0150774,0.042634,0.246295,0.10926,0.147379,0.244349,1,1,0,68,1,0.345028,0.258277,0.139419,0.094554,1,2142.46,0.00345614,0.207013,0.894447,0.541923,0.05,300,300,300,300,300,300,64,68,160,55,59,67,40,44,52,1
dual_l1,0,795,4,0.367104,0.0442837,0.0383512,1.02802,2028.64,1.50735,6.75711,0.382532,0.0354914,0.0388799,0.0154266,0.0461293,0.276859,0.276613,0.492437,0.115648,1,1,21,300,0,0.382532,0.276859,0.492437,0.115648,1,2027.13,0.00345614,0.207013,0.894447,0.541923,0.05,300,300,300,300,300,300,136,300,300,80,84,92,45,49,57,1
dual_l1,0,796,2,0.289785,0.112125,-0.378956,0.954633,1389.44,2.9911,4.62148,0.558208,0.295202,0.0103918,0.00997799,0.0278695,0.638378,0.0427139,0.479871,0.587015,1,1,3,153,1,0.621408,0.683485,0.389276,0.559087,1,1340.86,0.00345614,0.207013,0.894447,0.541923,0.05,300,300,300,300,300,300,149,153,200,59,63,87,37,41,49,1
dual_l1,0,797,7,0.332249,0.113615,-0.0783075,1.07783,976.175,0.0688602,3.25369,0.0794735,0.0293988,0.0244282,0.0144587,0.0297699,0.136737,0.106058,0.247435,0.321676,1,1,14,107,1,0.120683,0.0784191,0.34212,0.219316,1,963.012,0.00345614,0.207013,0.894447,0.541923,0.05,300,300,300,300,300,300,58,107,185,46,50,58,30,34,42,1
dual_l1,0,798,2,0.429027,0.0803526,-0.143165,0.947879,1134.16,1.28737,3.77625,0.346772,0.0973157,0.0172801,0.00394156,0.0341832,0.362993,0.241903,0.506486,0.333937,0,1.1449e-22,-1,136,1,0.324766,0.340122,0.529452,0.309092,0,1109.85,0.00345614,0.207013,0.894447,0.541923,0.05,300,300,300,300,300,300,49,136,300,41,45,53,28,42,50,1
dual_l1,0,799,3,0.374744,0.155657,0.402251,1.02499,1616.94,0.398462,5.38848,0.248408,0.0213126,0.014041,0.00508672,0.0251653,0.431781,0.139938,0.423134,0.228612,1,1,12,300,0,0.248408,0.431781,0.423134,0.228612,1,1616.54,0.00345614,0.207013,0.894447,0.541923,0.05,300,300,300,300,300,300,140,300,300,45,65,73,37,41,49,1
dual_l1,0,800,5,0.287599,0.033379,-0.11338,0.902094,1406.17,0.730906,4.68479,0.26022,0.190895,0.013587,0.0142814,0.0349694,0.105711,0.140365,0.558805,0.318323,1,1,0,300,0,0.26022,0.105711,0.558805,0.318323,1,1405.44,0.00345614,0.207013,0.894447,0.541923,0.05,300,300,300,300,300,300,147,300,300,51,55,117,42,53,61,1
dual_l1,0,801,1,0.426069,0.0816525,-0.339767,1.06347,1928.78,2.96563,6.41939,0.530571,0.217708,0.0118531,0.0126088,0.024273,0.416555,0.153753,0.440352,0.520182,0,2.1631e-31,29,111,1,0.513414,0.212383,0.451763,0.534625,0,1869.46,0.00345614,0.207013,0.894447,0.541923,0.05,300,300,300,300,300,300,81,111,300,52,56,64,49,53,61,1
dual_l1,0,802,1,0.225176,0.0957092,-0.0805279,1.06032,1022.6,0.39619,3.40733,0.183934,0.0458966,0.0284718,0.00376494,0.014555,0.271849,0.306185,0.157876,0.166975,0,4.1339e-37,7,90,1,0.285924,0.308749,0.180119,0.312114,1,989.811,0.00345614,0.207013,0.894447,0.541923,0.05,300,300,300,300,300,300,63,90,213,47,51,69,38,42,50,1
dual_l1,0,803,4,0.53047,0.0923683,0.469871,0.917422,2123.05,0.525001,7.07508,0.260918,0.0738545,0.0218287,0.00447928,0.028578,0.620554,0.203167,0.62821,0.0754064,1,1,24,300,0,0.260918,0.620554,0.62821,0.0754064,1,2122.53,0.00345614,0.207013,0.894447,0.541923,0.05,300,300,300,300,300,300,156,300,300,62,66,109,43,56,64,1
dual_l1,0,804,0,0.395945,0.0536392,-0.35326,1.04961,1193.44,1.03906,3.97467,0.306349,0.197744,0.0386167,0.0161366,0.0423874,0.515116,0.079957,0.344609,0.471187,1,1,17,54,1,0.785492,0.349655,0.552942,0.568355,1,1137.22,0.00345614,0.207013,0.894447,0.541923,0.05,300,300,300,300,300,300,50,54,212,42,46,54,38,42,50,1
dual_l1,0,805,1,0.404716,0.193633,0.0449814,1.07003,1278.84,0.29696,4.26182,0.185548,0.044521,0.0503407,0.0137094,0.0363701,0.261188,0.0693658,0.339747,0.213894,0,6.45394e-26,0,130,1,0.140689,0.314244,0.310932,0.138894,0,1269.53,0.00345614,0.207013,0.894447,0.541923,0.05,300,300,300,300,300,300,90,130,300,44,53,61,31,35,43,1
dual_l1,0,806,1,0.305245,0.0384176,-0.00797141,0.952894,1514.12,0.605822,5.04503,0.236595,0.0443085,0.0181198,0.0126017,0.0139801,0.193883,0.265539,0.243549,0.168214,0,2.26693e-24,0,185,1,0.142193,0.249804,0.3743,0.0501479,0,1506.48,0.00345614,0.207013,0.894447,0.541923,0.05,300,300,300,300,300,300,166,185,193,52,71,97,36,40,59,1
dual_l1,0,807,1,0.485084,0.180565,-0.295958,1.04378,1982.59,0.705189,6.6063,0.258103,0.165768,0.0134776,0.0127874,0.0267403,0.365517,0.165833,0.483367,0.557269,0,8.57175e-29,16,82,1,0.434806,0.281884,0.40806,0.323833,1,1914.22,0.00345614,0.207013,0.894447,0.541923,0.05,300,300,300,300,300,300,53,82,281,46,50,58,36,40,48,1
dual_l1,0,808,1,0.439711,0.0666559,0.215005,0.942294,1334.66,1.05543,4.44536,0.321239,0.0180201,0.0209036,0.0135575,0.0152072,0.185719,0.174928,0.288675,0.308773,1,1,1,112,1,0.257723,0.366757,0.178615,0.153778,1,1315.92,0.00345614,0.207013,0.894447,0.541923,0.05,300,300,300,300,300,300,102,112,300,47,51,59,40,44,52,1
dual_l1,0,809,6,0.389046,0.0824239,-0.482632,1.0217,1539.62,3.32243,5.12101,0.586944,0.308577,0.0140259,0.0190663,0.0322545,0.527864,0.477232,0.566677,0.564979,1,1,22,71,1,0.368622,0.601246,0.325192,0.581385,1,1459.28,0.00345614,0.207013,0.894447,0.541923,0.05,300,300,300,300,300,300,67,71,300,47,60,68,42,46,64,1
dual_l1,0,810,1,0.456479,0.128911,-0.433576,0.967376,1057.89,1.2022,3.52229,0.34577,0.34577,0.0378736,0.0091004,0.0301982,0.468085,0.255061,0.585705,0.584611,0,1.7041e-31,0,53,1,0.911052,0.639323,0.454106,0.491331,1,961.448,0.00345614,0.207013,0.894447,0.541923,0.05,300,300,300,300,300,300,49,53,61,42,46,54,31,35,43,1
dual_l1,0,811,0,0.572395,0.15985,-0.330248,1.0155,1842.09,2.19785,6.13296,0.453116,0.262653,0.0498288,0.0166375,0.048933,0.399304,0.359305,0.820528,0.498949,1,1,20,74,1,0.604937,0.469559,0.876766,0.305625,1,1771.27,0.00345614,0.207013,0.894447,0.541923,0.05,300,300,300,300,300,300,70,74,189,55,59,67,35,39,61,1
dual_l1,0,812,5,0.524129,0.124792,-0.204363,0.990091,1284.1,1.71733,4.27461,0.411682,0.0327947,0.0221098,0.00733982,0.0206111,0.1794,0.218139,0.549639,0.406364,1,1,18,90,1,0.0327947,0.235328,0.459327,0.415297,1,1253.67,0.00345614,0.207013,0.894447,0.541923,0.05,300,300,300,300,300,300,86,90,300,40,54,75,34,38,46,1
dual_l1,0,813,4,0.519853,0.169155,-0.00595498,0.946285,2327.55,0.146794,7.75802,0.133567,0.0144756,0.0322496,0.00552616,0.0443132,0.207318,0.131787,0.535076,0.250824,1,1,31,81,1,0.280487,0.358835,0.557844,0.24631,1,2314.83,0.00345614,0.207013,0.894447,0.541923,0.05,300,300,300,300,300,300,69,81,209,46,50,58,46,50,58,1
dual_l1,0,814,7,0.359865,0.121006,0.444119,1.03749,1353.32,0.81056,4.50835,0.264785,0.0470991,0.0404875,0.0169065,0.0277456,0.379131,0.181637,0.516956,0.358393,1,1,0,300,0,0.264785,0.379131,0.516956,0.358393,1,1352.5,0.00345614,0.207013,0.894447,0.541923,0.05,300,300,300,300,300,300,300,300,300,53,57,109,40,44,52,1
dual_l1,0,815,2,0.25776,0.156671,-0.13721,1.06521,1042.27,1.11123,3.47054,0.353497,0.0545352,0.0112539,0.0155184,0.0326005,0.231045,0.235573,0.327137,0.319143,1,1,0,55,1,0.416995,0.162357,0.190024,0.191936,1,1010.64,0.00345614,0.207013,0.894447,0.541923,0.05,300,300,300,300,300,300,44,55,63,38,42,50,24,37,45,1
dual_l1,0,816,0,0.249901,0.101635,0.144713,1.06987,1241.14,0.062381,4.13692,0.0531177,0.042991,0.0309886,0.00289317,0.0231761,0.47048,0.15081,0.287609,0.0460235,1,1,19,84,1,0.385917,0.0817547,0.411819,0.0975861,1,1221.18,0.00345614,0.207013,0.894447,0.541923,0.05,300,300,300,300,300,300,80,84,300,61,65,73,37,41,49,1
dual_l1,0,817,6,0.353388,0.0222226,-0.186253,0.902278,2470.79,7.62463,8.21054,0.907436,0.559273,0.0169742,0.0225541,0.031829,0.273142,0.380196,0.439574,0.306902,1,1,26,300,0,0.907436,0.273142,0.439574,0.306902,1,2463.16,0.00345614,0.207013,0.894447,0.541923,0.05,300,300,300,300,300,300,65,300,300,42,53,98,36,40,48,1
dual_l1,0,818,1,0.48432,0.117112,-0.0454739,1.00946,1838.69,0.0363778,6.12884,0.0590182,0.0197356,0.0194746,0.0172458,0.0140326,0.130666,0.196065,0.465629,0.183889,0,2.86648e-30,16,68,1,0.229293,0.0907343,0.473548,0.19942,0,1813.63,0.00345614,0.207013,0.894447,0.541923,0.05,300,300,300,300,300,300,64,68,300,58,62,70,37,41,67,1
dual_l1,0,819,5,0.419893,0.137835,0.0563012,0.961882,1573.74,0.101026,5.24546,0.0975334,0.0160313,0.0205862,0.00443388,0.0190048,0.178817,0.197542,0.29087,0.00781549,1,1,14,149,1,0.097993,0.15256,0.494827,0.20475,1,1565.38,0.00345614,0.207013,0.894447,0.541923,0.05,300,300,300,300,300,300,68,149,300,48,52,60,46,50,58,1
dual_l1,0,820,3,0.394152,0.0566592,0.103067,0.965742,1443.56,0.249206,4.81103,0.139347,0.0231634,0.028921,0.00476441,0.0282841,0.29082,0.219023,0.315998,0.11878,1,1,1,109,1,0.0639738,0.215231,0.53792,0.103581,1,1432.12,0.00345614,0.207013,0.894447,0.541923,0.05,300,300,300,300,300,300,105,109,300,52,56,93,34,45,53,1
dual_l1,0,821,0,0.167401,0.141043,-0.0374883,0.932262,981.793,0.249193,3.27181,0.165416,0.0229564,0.0311443,0.015296,0.0273076,0.359894,0.123585,0.172358,0.11989,1,1,0,83,1,0.184043,0.256892,0.211565,0.213372,1,963.389,0.00345614,0.207013,0.894447,0.541923,0.05,300,300,300,300,300,300,63,83,91,42,55,63,39,43,51,1
dual_l1,0,822,5,0.387438,0.184524,0.480969,0.987695,1437.46,0.667287,4.78931,0.251985,0.0146256,0.0237581,0.00825994,0.0411899,0.421284,0.158769,0.496147,0.378148,1,1,9,140,1,0.164794,0.339076,0.448701,0.27631,1,1415,0.00345614,0.207013,0.894447,0.541923,0.05,300,300,300,300,300,300,136,140,300,55,59,100,42,46,54,1
dual_l1,0,823,6,0.472602,0.126764,0.202872,1.09261,1267.39,0.304763,4.22363,0.173921,0.0313168,0.0182434,0.0146682,0.0167949,0.24747,0.211868,0.339561,0.12531,1,1,9,280,1,0.214874,0.265318,0.521541,0.14176,1,1265.29,0.00345614,0.207013,0.894447,0.541923,0.05,300,300,300,300,300,300,73,280,300,66,70,78,39,43,69,1
dual_l1,0,824,2,0.458536,0.152934,0.0986208,0.949484,1349.77,0.49263,4.49759,0.202086,0.0301186,0.0294137,0.0142348,0.0463354,0.197967,0.234129,0.388228,0.053122,1,0.999996,4,54,1,0.198648,0.257423,0.704939,0.12615,1,1335.65,0.00345614,0.207013,0.894447,0.541923,0.05,300,300,300,300,300,300,50,54,300,44,48,56,41,45,53,1
dual_l1,0,825,4,0.0794371,0.162089,-0.278794,0.992865,2443.82,1.89635,8.13975,0.431562,0.289899,0.0286696,0.0128951,0.0388701,0.505502,0.13463,0.292604,0.418475,1,1,38,109,1,0.300963,0.414364,0.236964,0.471439,1,2397.8,0.00345614,0.207013,0.894447,0.541923,0.05,300,300,300,300,300,300,64,109,154,51,55,63,48,52,60,1
dual_l1,0,826,1,0.35718,0.127833,-0.0811559,1.07967,1511.35,0.231082,5.03706,0.172435,0.085074,0.0132091,0.00789712,0.0324075,0.0766498,0.0854848,0.398684,0.341344,0,3.87088e-34,10,139,1,0.259818,0.292861,0.376044,0.311495,0,1499.03,0.00345614,0.207013,0.894447,0.541923,0.05,300,300,300,300,300,300,120,139,300,69,73,113,44,48,56,1
dual_l1,0,827,6,0.610618,0.164015,0.138438,1.07993,1976.75,0.0956401,6.58886,0.127225,0.0155318,0.0308159,0.0184884,0.0550267,0.441489,0.193471,0.670032,0.211654,1,1,14,113,1,0.167601,0.183985,0.673193,0.0976352,1,1964.38,0.00345614,0.207013,0.894447,0.541923,0.05,300,300,300,300,300,300,90,113,300,64,68,99,48,62,70,1
dual_l1,0,828,0,0.313677,0.0845992,0.462677,1.05644,1111.28,0.183289,3.70367,0.129608,0.0230409,0.0225983,0.00576063,0.047109,0.175337,0.0246864,0.235871,0.114898,1,1,12,300,0,0.129608,0.175337,0.235871,0.114898,1,1111.1,0.00345614,0.207013,0.894447,0.541923,0.05,300,300,300,300,300,300,229,300,300,69,73,91,40,44,52,1
dual_l1,0,829,7,0.326929,0.0336802,0.0416632,0.955716,1990.98,0.143998,6.63614,0.078599,0.0307644,0.0146263,0.0134659,0.0437937,0.469642,0.181722,0.353653,0.0797944,1,1,10,142,1,0.208633,0.189425,0.371718,0.206515,1,1983.07,0.00345614,0.207013,0.894447,0.541923,0.05,300,300,300,300,300,300,86,142,150,63,67,91,39,43,51,1
dual_l1,0,830,0,0.377661,0.152353,-0.346986,1.00137,1865.27,3.89949,6.20458,0.638903,0.115184,0.0157647,0.0107984,0.0373837,0.583711,0.0877945,0.380653,0.431408,1,1,3,58,1,0.376163,0.396711,0.432349,0.463673,1,1797.73,0.00345614,0.207013,0.894447,0.541923,0.05,300,300,300,300,300,300,54,58,66,49,53,61,38,52,60,1
dual_l1,0,831,0,0.39611,0.121569,-0.16665,1.06354,1514.57,1.97868,5.04196,0.453704,0.205468,0.0173454,0.0142249,0.0306207,0.432969,0.133271,0.678327,0.21434,1,1,21,214,1,0.706575,0.30296,0.446956,0.60187,1,1497.97,0.00345614,0.207013,0.894447,0.541923,0.05,300,300,300,300,300,300,121,214,268,45,49,57,42,46,54,1
dual_l1,0,832,1,0.38693,0.184564,0.20988,1.03718,1334.09,0.162564,4.44642,0.159762,0.0253977,0.0203485,0.0123908,0.0553322,0.208044,0.175127,0.430939,0.0353402,0,2.35111e-21,0,171,1,0.0740609,0.24589,0.199807,0.210745,1,1315.82,0.00345614,0.207013,0.894447,0.541923,0.05,300,300,300,300,300,300,72,171,300,48,62,70,38,42,50,1
dual_l1,0,833,6,0.391267,0.0105634,0.469422,1.09272,2309.03,0.146746,7.69628,0.123847,0.0339609,0.0138781,0.0134718,0.0170784,0.644345,0.276428,0.522376,0.496817,1,1,18,104,1,0.173241,0.291932,0.54636,0.429897,1,2270.49,0.00345614,0.207013,0.894447,0.541923,0.05,300,300,300,300,300,300,100,104,300,73,77,85,38,42,50,1
dual_l1,0,834,2,0.426106,0.0201026,0.289329,1.03014,1392.74,0.227475,4.64172,0.152808,0.0142106,0.0239209,0.0112147,0.0515467,0.258283,0.104738,0.285791,0.0733848,0,7.86171e-06,23,300,0,0.152808,0.258283,0.285791,0.0733848,0,1392.52,0.00345614,0.207013,0.894447,0.541923,0.05,300,300,300,300,300,300,300,300,300,76,103,111,33,37,45,1
dual_l1,0,835,3,0.287761,0.0292863,0.468119,1.09875,1002.87,0.631997,3.34079,0.241733,0.0145456,0.0283133,0.0225287,0.0305296,0.270537,0.051719,0.666492,0.481574,1,1,1,300,0,0.241733,0.270537,0.666492,0.481574,1,1002.24,0.00345614,0.207013,0.894447,0.541923,0.05,300,300,300,300,300,300,159,300,300,62,138,162,38,50,58,1
dual_l1,0,836,2,0.388704,0.170389,-0.173174,1.05335,1087.68,1.85985,3.6194,0.452161,0.116304,0.0156563,0.0184908,0.0402871,0.0700927,0.0548364,0.32356,0.383218,1,1,5,292,1,0.400621,0.288687,0.476028,0.441835,1,1084.22,0.00345614,0.207013,0.894447,0.541923,0.05,300,300,300,300,300,300,53,292,300,48,52,60,32,36,44,1
dual_l1,0,837,0,0.403324,0.0567684,0.133347,1.01466,1091.59,0.929031,3.63554,0.318417,0.0664454,0.0241769,0.00921751,0.0164954,0.0791779,0.305184,0.372799,0.383311,1,1,6,106,1,0.257984,0.420886,0.490581,0.0433076,1,1061.35,0.00345614,0.207013,0.894447,0.541923,0.05,300,300,300,300,300,300,78,106,300,54,67,75,35,39,47,1
dual_l1,0,838,6,0.602354,0.151865,0.417661,0.908631,978.429,0.881453,3.25849,0.284778,0.0397068,0.0420809,0.0128505,0.0305059,0.420274,0.224632,0.738842,0.129633,1,1,2,300,0,0.284778,0.420274,0.738842,0.129633,1,977.547,0.00345614,0.207013,0.894447,0.541923,0.05,300,300,300,300,300,300,93,300,300,55,65,82,34,38,46,1
dual_l1,0,839,2,0.48079,0.142984,-0.408274,1.07362,1249.04,0.973975,4.16022,0.306339,0.213541,0.0210225,0.0097749,0.0470499,0.376149,0.233486,0.687093,0.493982,1,1,3,185,1,0.248719,0.543938,0.350626,0.591371,1,1219.59,0.00345614,0.207013,0.894447,0.541923,0.05,300,300,300,300,300,300,48,185,193,43,47,55,41,45,53,1
dual_l1,0,840,5,0.279498,0.175616,0.220345,0.95872,1241.41,0.138492,4.13758,0.140372,0.0251611,0.0262055,0.00954374,0.0150408,0.294144,0.208495,0.251567,0.140742,0,2.69463e-05,0,88,1,0.113346,0.189954,0.238782,0.112625,0,1217.67,0.00345614,0.207013,0.894447,0.541923,0.05,300,300,300,300,300,300,55,88,300,54,58,79,38,42,50,1
dual_l1,0,841,0,0.151167,0.0360862,-0.246412,0.957651,973.174,2.26547,3.23636,0.490448,0.194407,0.026642,0.00908879,0.0325018,0.0638645,0.190091,0.111841,0.382545,1,1,13,81,1,0.447096,0.558699,0.158719,0.344441,1,929.532,0.00345614,0.207013,0.894447,0.541923,0.05,300,300,300,300,300,300,52,81,130,44,48,56,32,41,49,1
dual_l1,0,842,1,0.445061,0.0370951,0.424494,1.07657,1494.36,0.506198,4.97951,0.220464,0.019869,0.0282451,0.0129499,0.036918,0.503168,0.074754,0.391271,0.258337,1,1,10,300,0,0.220464,0.503168,0.391271,0.258337,1,1493.85,0.00345614,0.207013,0.894447,0.541923,0.05,300,300,300,300,300,300,300,300,300,105,128,136,41,70,78,1
dual_l1,0,843,7,0.33839,0.14585,0.112182,0.943033,1534.08,0.206067,5.1129,0.156286,0.0567224,0.0126453,0.00868914,0.0265074,0.288191,0.132368,0.318118,0.125736,1,1,0,161,1,0.161242,0.250268,0.388149,0.0884972,1,1525.67,0.00345614,0.207013,0.894447,0.541923,0.05,300,300,300,300,300,300,104,161,300,55,72,80,37,47,55,1
dual_l1,0,844,2,0.159237,0.0476511,0.0134481,1.09862,1203.92,0.209217,4.01237,0.146818,0.0308277,0.0360512,0.0120586,0.0287327,0.317975,0.0352119,0.281427,0.235817,1,1,0,182,1,0.168414,0.369714,0.25806,0.163348,1,1193.65,0.00345614,0.207013,0.894447,0.541923,0.05,300,300,300,300,300,300,173,182,300,51,55,63,49,53,61,1
dual_l1,0,845,5,0.536783,0.00946951,0.48795,0.945302,1751.26,2.16209,5.83032,0.478735,0.240554,0.0295684,0.0075041,0.0350734,0.365706,0.251074,0.822426,0.362559,1,1,0,300,0,0.478735,0.365706,0.822426,0.362559,1,1749.1,0.00345614,0.207013,0.894447,0.541923,0.05,300,300,300,300,300,300,300,300,300,76,80,300,49,63,100,1
dual_l1,0,846,2,0.434186,0.186254,-0.139164,0.921685,962.059,0.516206,3.20514,0.25462,0.0838119,0.0135145,0.00719535,0.0395414,0.111333,0.297673,0.546089,0.107009,1,1,0,158,1,0.332703,0.270604,0.520965,0.35035,1,947.477,0.00345614,0.207013,0.894447,0.541923,0.05,300,300,300,300,300,300,72,158,282,47,51,59,42,46,54,1
dual_l1,0,847,1,0.472957,0.0346583,-0.100987,1.07466,1805.83,2.17152,6.01219,0.47238,0.336052,0.0206481,0.0145075,0.0323909,0.223126,0.172768,0.425606,0.380766,0,0,0,300,0,0.47238,0.223126,0.425606,0.380766,0,1803.66,0.00345614,0.207013,0.894447,0.541923,0.05,300,300,300,300,300,300,295,300,300,64,68,198,45,49,69,1
dual_l1,0,848,5,0.320592,0.136682,-0.22648,1.01501,1635.3,1.82647,5.44492,0.436793,0.141236,0.0510607,0.00936122,0.0469791,0.217724,0.157359,0.536165,0.463617,1,1,0,177,1,0.289703,0.327199,0.327768,0.595432,1,1608.75,0.00345614,0.207013,0.894447,0.541923,0.05,300,300,300,300,300,300,104,177,215,50,73,81,35,45,53,1
dual_l1,0,849,5,0.378854,0.198973,0.166071,0.952538,1306.71,0.271545,4.3548,0.190798,0.0075177,0.0197957,0.00792834,0.0387411,0.345684,0.109528,0.298205,0.0992603,1,1,9,125,1,0.138183,0.265471,0.412049,0.0859669,1,1294.18,0.00345614,0.207013,0.894447,0.541923,0.05,300,300,300,300,300,300,121,125,300,50,54,62,35,39,57,1
dual_l1,0,850,6,0.381463,0.0276594,0.0957774,1.08391,934.251,0.627782,3.11208,0.258551,0.0126184,0.0231583,0.00766875,0.0131795,0.195301,0.209139,0.264844,0.217687,1,1,0,78,1,0.238179,0.217573,0.311322,0.121598,1,918.766,0.00345614,0.207013,0.894447,0.541923,0.05,300,300,300,300,300,300,66,78,86,44,48,67,41,45,53,1
dual_l1,0,851,7,0.334837,0.0274425,-0.0647744,0.948919,2206.36,2.46844,7.34631,0.516095,0.225238,0.0256674,0.0149772,0.061246,0.261021,0.213391,0.29338,0.395566,1,1,21,300,0,0.516095,0.261021,0.29338,0.395566,1,2203.89,0.00345614,0.207013,0.894447,0.541923,0.05,300,300,300,300,300,300,300,300,300,58,62,70,47,51,59,1
dual_l1,0,852,6,0.421517,0.120578,-0.0931647,1.08977,1411.83,0.475779,4.7045,0.203558,0.139253,0.0246345,0.0220422,0.0332996,0.12438,0.297068,0.396614,0.234775,1,1,1,181,1,0.227939,0.412331,0.419245,0.20827,1,1395.76,0.00345614,0.207013,0.894447,0.541923,0.05,300,300,300,300,300,300,76,181,189,44,48,80,40,44,52,1
dual_l1,0,853,1,0.311523,0.0617809,-0.455853,1.01902,1766.26,6.39543,5.86621,0.779401,0.357143,0.0263007,0.0131111,0.0515652,0.668018,0.287951,0.419052,0.402779,0,2.44075e-07,0,55,1,0.573945,0.632336,0.300837,0.50401,1,1656.42,0.00345614,0.207013,0.894447,0.541923,0.05,300,300,300,300,300,300,51,55,141,49,53,61,43,47,55,1
dual_l1,0,854,6,0.29537,0.0480102,-0.0521529,0.991185,1552.08,0.152463,5.1731,0.123937,0.107852,0.0303375,0.00883765,0.033635,0.225862,0.123063,0.293137,0.32738,1,1,4,94,1,0.338931,0.141766,0.347188,0.23516,1,1518.95,0.00345614,0.207013,0.894447,0.541923,0.05,300,300,300,300,300,300,90,94,300,55,59,86,37,41,61,1
dual_l1,0,855,7,0.429874,0.0706744,0.363202,1.09067,1284.78,0.350412,4.28142,0.184091,0.0162493,0.0391998,0.0202774,0.0566023,0.147029,0.165921,0.476224,0.319186,1,1,10,222,1,0.0934839,0.342114,0.334877,0.106279,1,1276.05,0.00345614,0.207013,0.894447,0.541923,0.05,300,300,300,300,300,300,150,222,300,79,83,138,32,36,44,1
dual_l1,0,856,2,0.457109,0.146808,0.463226,0.902473,1041.08,0.366686,3.46906,0.190802,0.0302467,0.0344741,0.00395525,0.0292374,0.212892,0.132446,0.689205,0.516489,1,0.99875,0,300,0,0.190802,0.212892,0.689205,0.516489,1,1040.72,0.00345614,0.207013,0.894447,0.541923,0.05,300,300,300,300,300,300,120,300,300,62,66,74,41,45,53,1
dual_l1,0,857,7,0.354037,0.0225439,-0.0368642,1.08402,1831.29,0.635386,6.10218,0.264379,0.0435128,0.0257617,0.00922643,0.0449465,0.0293705,0.0978089,0.383582,0.162327,1,1,24,147,1,0.264589,0.425109,0.384012,0.197176,1,1820.87,0.00345614,0.207013,0.894447,0.541923,0.05,300,300,300,300,300,300,65,147,300,53,57,65,42,46,54,1
dual_l1,0,858,2,0.421919,0.14691,0.255608,1.06389,1555.46,0.235548,5.18408,0.152413,0.061668,0.0230657,0.00727402,0.017271,0.22149,0.104844,0.285085,0.117268,0,0.00196003,17,300,0,0.152413,0.22149,0.285085,0.117268,0,1555.22,0.00345614,0.207013,0.894447,0.541923,0.05,300,300,300,300,300,300,69,300,300,50,54,74,32,41,49,1
dual_l1,0,859,6,0.504864,0.0365977,-0.109758,0.940608,1927.15,2.60531,6.41516,0.52505,0.247708,0.0121896,0.0172514,0.0380085,0.209307,0.296589,0.616551,0.31511,1,1,14,199,1,0.786863,0.517139,0.530579,0.350406,1,1878.5,0.00345614,0.207013,0.894447,0.541923,0.05,300,300,300,300,300,300,61,199,300,48,52,60,45,49,57,1
dual_l1,0,860,0,0.437348,0.153479,0.211605,1.09097,1459.4,0.130158,4.86422,0.0950777,0.0152614,0.0264059,0.007275,0.0342677,0.439449,0.140247,0.436998,0.0457929,1,1,8,70,1,0.242859,0.24982,0.293053,0.0854915,1,1440.66,0.00345614,0.207013,0.894447,0.541923,0.05,300,300,300,300,300,300,66,70,121,57,61,69,41,45,53,1
dual_l1,0,861,2,0.27856,0.138386,-0.390223,1.0953,1971.85,2.54421,6.56435,0.524355,0.259979,0.0195112,0.0135093,0.0365524,0.382014,0.188701,0.278137,0.682186,1,0.999501,28,146,1,0.529378,0.453229,0.308884,0.623126,1,1928.9,0.00345614,0.207013,0.894447,0.541923,0.05,300,300,300,300,300,300,110,146,300,56,60,77,40,52,60,1
dual_l1,0,862,1,0.3085,0.109558,0.408378,0.918265,1210.78,0.203431,4.03524,0.17635,0.0335496,0.0321073,0.0144204,0.0492628,0.567106,0.0456432,0.445655,0.169646,0,5.41875e-08,1,300,0,0.17635,0.567106,0.445655,0.169646,0,1210.57,0.00345614,0.207013,0.894447,0.541923,0.05,300,300,300,300,300,300,48,300,300,44,48,56,30,34,52,1
dual_l1,0,863,2,0.389533,0.0564667,-0.12818,0.996092,2115.79,2.12462,7.04554,0.460176,0.08366,0.0163603,0.00987636,0.0219284,0.387917,0.172844,0.328373,0.26793,0,7.33096e-10,20,90,1,0.342423,0.421114,0.352595,0.179605,1,2078.08,0.00345614,0.207013,0.894447,0.541923,0.05,300,300,300,300,300,300,74,90,300,54,68,76,43,47,55,1
dual_l1,0,864,4,0.40524,0.0580518,0.168918,0.980461,1788.68,0.0965708,5.96194,0.105401,0.0568206,0.00807213,0.00813165,0.0283593,0.336277,0.258871,0.300025,0.0567168,1,1,27,220,1,0.111167,0.285506,0.310075,0.111834,1,1782.42,0.00345614,0.207013,0.894447,0.541923,0.05,300,300,300,300,300,300,136,220,300,51,63,143,44,48,56,1
dual_l1,0,865,2,0.375681,0.0461892,0.238564,1.01942,2350.32,0.614571,7.83234,0.242506,0.0304206,0.0276002,0.0135349,0.0328637,0.179873,0.195889,0.55095,0.0616005,1,0.999373,28,300,0,0.242506,0.179873,0.55095,0.0616005,1,2349.7,0.00345614,0.207013,0.894447,0.541923,0.05,300,300,300,300,300,300,169,300,300,66,70,78,39,63,71,1
dual_l1,0,866,4,0.552643,0.00757306,-0.18683,0.948606,1445.62,3.98842,4.80545,0.632249,0.0432157,0.0301139,0.0180347,0.0406684,0.412645,0.466252,0.573211,0.0862763,1,1,19,64,1,0.671824,0.3237,0.541922,0.231459,1,1355.76,0.00345614,0.207013,0.894447,0.541923,0.05,300,300,300,300,300,300,60,64,201,51,55,63,43,47,55,1
dual_l1,0,867,5,0.348736,0.120268,0.00212038,1.06217,1273.54,0.685991,4.24286,0.232524,0.0314277,0.0395658,0.0095538,0.0430547,0.502525,0.155742,0.43449,0.13856,1,1,16,79,1,0.306216,0.191177,0.555521,0.263105,1,1255.1,0.00345614,0.207013,0.894447,0.541923,0.05,300,300,300,300,300,300,75,79,251,47,65,73,37,41,49,1
dual_l1,0,868,5,0.509643,0.054392,-0.224315,1.033,2131.59,1.56627,7.10008,0.408788,0.0515276,0.00816347,0.00958739,0.0402735,0.39999,0.245314,0.51946,0.350128,1,1,0,62,1,0.414398,0.387898,0.394576,0.314683,1,2096.04,0.00345614,0.207013,0.894447,0.541923,0.05,300,300,300,300,300,300,58,62,300,49,53,61,42,46,54,1
dual_l1,0,869,2,0.217777,0.082038,0.45201,1.0822,1169.16,0.643576,3.89506,0.298846,0.101397,0.0221601,0.021617,0.0537153,0.632953,0.062863,0.0426692,0.0749768,1,1,1,300,0,0.298846,0.632953,0.0426692,0.0749768,1,1168.52,0.00345614,0.207013,0.894447,0.541923,0.05,300,300,300,300,300,300,300,300,300,51,55,93,44,48,56,1
dual_l1,0,870,1,0.429883,0.0598224,-0.172056,1.03022,2271.41,1.42482,7.56661,0.388722,0.0500742,0.0152752,0.00634962,0.0445845,0.371978,0.232225,0.244668,0.446991,1,1,0,72,1,0.484546,0.374011,0.297636,0.39443,1,2223.14,0.00345614,0.207013,0.894447,0.541923,0.05,300,300,300,300,300,300,60,72,195,42,46,54,40,44,52,1
dual_l1,0,871,5,0.560839,0.126937,0.215858,1.01619,2051.79,0.247344,6.83846,0.161424,0.0154161,0.0225613,0.0195615,0.0409964,0.4121,0.0946298,0.596275,0.0667354,1,1,0,300,0,0.161424,0.4121,0.596275,0.0667354,1,2051.54,0.00345614,0.207013,0.894447,0.541923,0.05,300,300,300,300,300,300,112,300,300,55,59,83,35,39,47,1
dual_l1,0,872,4,0.482018,0.0503292,-0.0580057,1.05323,2189.46,0.340029,7.29706,0.180936,0.0229911,0.0407441,0.0162584,0.0354621,0.193507,0.0839403,0.449586,0.30765,1,1,37,123,1,0.237205,0.332784,0.479918,0.221309,1,2172.26,0.00345614,0.207013,0.894447,0.541923,0.05,300,300,300,300,300,300,94,123,131,63,67,89,40,44,52,1
dual_l1,0,873,3,0.431019,0.0743655,-0.0898094,1.0067,2104.04,0.577294,7.01155,0.211796,0.0272395,0.0304378,0.0175962,0.043238,0.237054,0.261819,0.476068,0.210554,1,1,18,300,0,0.211796,0.237054,0.476068,0.210554,1,2103.47,0.00345614,0.207013,0.894447,0.541923,0.05,300,300,300,300,300,300,85,300,300,40,44,78,39,43,51,1
dual_l1,0,874,6,0.268922,0.106348,0.288603,0.957088,1542.13,0.321404,5.13935,0.141952,0.0157197,0.0298631,0.00555138,0.0266746,0.507149,0.256838,0.3115,0.0812494,1,1,7,273,1,0.165447,0.335888,0.45373,0.0931849,1,1539.76,0.00345614,0.207013,0.894447,0.541923,0.05,300,300,300,300,300,300,129,273,300,52,56,74,45,49,57,1
dual_l1,0,875,0,0.471954,0.101091,-0.452273,1.06645,2205.31,3.70372,7.33868,0.605304,0.264131,0.0261158,0.0130198,0.0103745,0.553723,0.197953,0.547943,0.710777,1,1,0,77,1,0.648468,1.01717,0.411003,0.47187,1,2125.03,0.00345614,0.207013,0.894447,0.541923,0.05,300,300,300,300,300,300,73,77,130,56,60,68,42,46,54,1
dual_l1,0,876,2,0.3649,0.198233,-0.134526,1.01432,1507.43,2.27774,5.01719,0.479085,0.121701,0.0324872,0.0137244,0.0385138,0.514254,0.117811,0.239182,0.208448,1,1,0,85,1,0.447822,0.282493,0.196786,0.2398,1,1476.3,0.00345614,0.207013,0.894447,0.541923,0.05,300,300,300,300,300,300,51,85,157,48,52,73,42,46,54,1
dual_l1,0,877,3,0.37954,0.0145798,0.283342,0.948964,1569.83,0.0946742,5.23246,0.0960505,0.0159111,0.0263722,0.00940452,0.0338345,0.319352,0.187208,0.471595,0.120659,0,2.10561e-34,20,216,1,0.137691,0.324729,0.210522,0.158127,0,1562.73,0.00345614,0.207013,0.894447,0.541923,0.05,300,300,300,300,300,300,76,216,300,54,58,66,46,50,58,1
dual_l1,0,878,5,0.475118,0.115818,-0.0245857,1.09613,2127.89,0.589827,7.091,0.241234,0.0129381,0.0425361,0.0147467,0.0304116,0.155289,0.178802,0.561669,0.300724,1,1,0,60,1,0.13748,0.116016,0.573062,0.153772,1,2109.4,0.00345614,0.207013,0.894447,0.541923,0.05,300,300,300,300,300,300,56,60,300,49,53,61,43,47,55,1
dual_l1,0,879,3,0.504651,0.158588,-0.314461,0.959018,2150.24,2.04161,7.16067,0.465137,0.148337,0.0407956,0.00824948,0.021444,0.0931664,0.30665,0.772027,0.212607,1,1,17,81,1,0.38671,0.40672,0.489022,0.569501,1,2094.82,0.00345614,0.207013,0.894447,0.541923,0.05,300,300,300,300,300,300,56,81,300,47,51,68,36,40,48,1
dual_l1,0,880,4,0.436731,0.0298207,-0.294953,1.01962,968.961,4.53237,3.21476,0.679352,0.269525,0.0175757,0.0151201,0.0217101,0.480354,0.261333,0.313703,0.410374,1,1,15,128,1,0.506679,0.354553,0.323526,0.495141,1,910.439,0.00345614,0.207013,0.894447,0.541923,0.05,300,300,300,300,300,300,69,128,257,50,54,62,27,42,50,1
dual_l1,0,881,0,0.512689,0.127421,0.0788076,0.910898,2198.96,0.129719,7.32943,0.111679,0.0208679,0.0214079,0.0118623,0.0161302,0.312861,0.149574,0.567585,0.158977,1,1,0,156,1,0.0747143,0.193645,0.618007,0.119735,1,2192.25,0.00345614,0.207013,0.894447,0.541923,0.05,300,300,300,300,300,300,72,156,178,54,58,66,44,48,56,1
dual_l1,0,882,7,0.237535,0.186124,0.414372,0.939362,1611.26,0.198235,5.37022,0.151573,0.0308287,0.0494473,0.0117426,0.0219919,0.430051,0.0496615,0.384872,0.0917085,1,1,6,278,1,0.304789,0.395108,0.256574,0.224511,1,1606.82,0.00345614,0.207013,0.894447,0.541923,0.05,300,300,300,300,300,300,96,278,300,64,73,81,42,46,54,1
dual_l1,0,883,6,0.429178,0.0894109,0.428806,0.911696,1044.9,0.80862,3.48031,0.296924,0.0448664,0.0157379,0.0111087,0.030744,0.306082,0.117451,0.48264,0.423224,1,1,0,108,1,0.215021,0.369033,0.364987,0.0678661,1,1010.28,0.00345614,0.207013,0.894447,0.541923,0.05,300,300,300,300,300,300,94,108,300,70,74,82,22,26,56,1
dual_l1,0,884,3,0.435311,0.154857,-0.131559,1.05061,2511.7,0.652403,8.37016,0.271869,0.0649068,0.0378126,0.00876391,0.0229672,0.112219,0.0875519,0.500507,0.261561,1,1,21,81,1,0.352175,0.350836,0.518982,0.286714,1,2478.11,0.00345614,0.207013,0.894447,0.541923,0.05,300,300,300,300,300,300,69,81,300,59,71,79,43,57,65,1
dual_l1,0,885,0,0.472594,0.110806,0.38847,0.980243,1191.06,1.27479,3.96596,0.348229,0.011157,0.0285157,0.0118981,0.0111916,0.405556,0.243501,0.586965,0.0964491,1,1,19,99,1,0.105462,0.43952,0.545802,0.0454087,1,1167.64,0.00345614,0.207013,0.894447,0.541923,0.05,300,300,300,300,300,300,95,99,300,46,50,86,32,36,44,1
dual_l1,0,886,7,0.395142,0.174312,0.062084,0.969971,2054.12,0.116574,6.84669,0.127996,0.0372335,0.0121365,0.00815923,0.0258873,0.203227,0.140266,0.427316,0.168724,1,1,24,72,1,0.0815874,0.0912728,0.405881,0.188457,1,2037.65,0.00345614,0.207013,0.894447,0.541923,0.05,300,300,300,300,300,300,68,72,300,59,63,71,43,47,55,1
dual_l1,0,887,5,0.1779,0.118275,-0.397964,1.01332,1245.05,1.57603,4.14492,0.399435,0.283847,0.031398,0.0163528,0.0159417,0.435424,0.258001,0.2673,0.596922,1,1,23,78,1,0.359041,0.471371,0.459173,0.470383,0,1173.97,0.00345614,0.207013,0.894447,0.541923,0.05,300,300,300,300,300,300,74,78,199,48,52,60,39,43,51,1
dual_l1,0,888,5,0.393746,0.174351,-0.375597,1.05824,1010.84,0.938639,3.36635,0.302,0.150742,0.0133146,0.00847206,0.0170427,0.470556,0.110168,0.426719,0.658919,1,1,16,73,1,0.417057,0.138333,0.464668,0.596742,1,950.068,0.00345614,0.207013,0.894447,0.541923,0.05,300,300,300,300,300,300,55,73,81,51,55,63,33,46,54,1
dual_l1,0,889,6,0.458996,0.19599,-0.438294,0.905268,1653.97,2.59075,5.50459,0.505959,0.168961,0.033705,0.0180228,0.0394242,0.608932,0.111982,0.667705,0.607198,1,1,9,78,1,0.193849,0.385296,0.247073,0.60003,1,1576.82,0.00345614,0.207013,0.894447,0.541923,0.05,300,300,300,300,300,300,74,78,111,41,45,65,36,40,48,1
dual_l1,0,890,1,0.330218,0.146939,0.324878,0.966639,1950.91,0.43915,6.50158,0.201422,0.0283143,0.0116691,0.0120718,0.0348449,0.512441,0.137435,0.319712,0.0933087,0,7.12071e-17,16,267,1,0.0779781,0.453476,0.367922,0.102302,0,1947.22,0.00345614,0.207013,0.894447,0.541923,0.05,300,300,300,300,300,300,88,267,300,64,68,76,37,48,56,1
dual_l1,0,891,0,0.286179,0.102223,0.288146,1.04632,1558.97,0.151635,5.19605,0.137768,0.0237363,0.040599,0.00599226,0.0246109,0.151829,0.0510516,0.152961,0.200156,1,1,17,102,1,0.202765,0.17292,0.211042,0.122551,1,1538.76,0.00345614,0.207013,0.894447,0.541923,0.05,300,300,300,300,300,300,79,102,300,53,57,65,37,41,49,1
dual_l1,0,892,2,0.387395,0.0163875,-0.116647,1.07003,2216.42,1.82906,7.38198,0.42351,0.146332,0.0109194,0.0125284,0.0248415,0.267881,0.297885,0.186352,0.219491,1,1,0,77,1,0.218547,0.229336,0.25518,0.461748,1,2177.91,0.00345614,0.207013,0.894447,0.541923,0.05,300,300,300,300,300,300,73,77,85,53,57,65,39,43,61,1
dual_l1,0,893,0,0.342241,0.0828557,-0.150676,1.05757,1473.83,1.47819,4.90782,0.397622,0.0333409,0.017115,0.0176897,0.0361839,0.367893,0.150081,0.343219,0.222644,1,1,22,142,1,0.334294,0.309641,0.284182,0.325024,1,1453.58,0.00345614,0.207013,0.894447,0.541923,0.05,300,300,300,300,300,300,80,142,176,64,78,86,33,37,45,1
dual_l1,0,894,2,0.298734,0.115594,-0.0317477,1.09786,1042.01,0.962985,3.47014,0.324709,0.0139596,0.0149896,0.010713,0.0490418,0.0998956,0.0781428,0.375695,0.171252,0,8.14128e-37,0,71,1,0.0853833,0.183096,0.291805,0.247281,1,990.597,0.00345614,0.207013,0.894447,0.541923,0.05,300,300,300,300,300,300,67,71,300,44,48,56,43,47,55,1
dual_l1,0,895,3,0.260466,0.164719,-0.0892708,0.924657,2023.17,1.37663,6.7393,0.382047,0.0636795,0.0147785,0.011874,0.0131251,0.3324,0.147192,0.402905,0.323114,0,0,18,57,1,0.494552,0.251338,0.321034,0.0665759,0,2000.44,0.00345614,0.207013,0.894447,0.541923,0.05,300,300,300,300,300,300,53,57,79,49,53,61,38,42,50,1
dual_l1,0,896,2,0.473934,0.138293,0.149011,0.952225,1347.97,0.346447,4.49209,0.176158,0.0261382,0.0413834,0.0187408,0.0177246,0.126591,0.0959159,0.519292,0.0580762,0,0,-1,130,1,0.0826324,0.138337,0.533802,0.0390588,0,1338.3,0.00345614,0.207013,0.894447,0.541923,0.05,300,300,300,300,300,300,112,130,300,55,59,98,37,41,49,1
dual_l1,0,897,2,0.488462,0.0780461,-0.47111,1.08535,1317.32,2.69768,4.38207,0.514077,0.259464,0.0332483,0.00622554,0.0297158,0.611765,0.255693,0.633507,0.685545,1,1,0,153,1,0.520775,0.605261,0.521163,0.457692,1,1231.67,0.00345614,0.207013,0.894447,0.541923,0.05,300,300,300,300,300,300,143,153,161,34,38,46,32,36,44,1
dual_l1,0,898,3,0.550929,0.0522845,0.105232,1.07207,1940.83,0.190163,6.4688,0.140751,0.010268,0.0237101,0.0116722,0.0361084,0.321349,0.1232,0.653985,0.166045,1,1,20,209,1,0.0727604,0.218033,0.603023,0.0792529,1,1937.16,0.00345614,0.207013,0.894447,0.541923,0.05,300,300,300,300,300,300,153,209,300,63,67,75,36,40,48,1
dual_l1,0,899,2,0.526486,0.118628,-0.182159,1.07185,1484.2,2.3021,4.93965,0.483613,0.228213,0.0262443,0.0101086,0.0412925,0.406255,0.146698,0.526354,0.200907,1,1,1,133,1,0.391745,0.189435,0.500511,0.358583,1,1440.25,0.00345614,0.207013,0.894447,0.541923,0.05,300,300,300,300,300,300,84,133,300,46,50,58,32,36,44,1
dual_l1,0,900,1,0.42967,0.131506,0.221629,0.939852,1409.69,0.608583,4.69695,0.233962,0.0159704,0.0400851,0.010481,0.0451922,0.444363,0.252808,0.67337,0.116941,0,2.83157e-18,0,118,1,0.0997193,0.441681,0.400649,0.190167,1,1387.88,0.00345614,0.207013,0.894447,0.541923,0.05,300,300,300,300,300,300,114,118,152,42,46,72,37,41,49,1
dual_l1,0,901,0,0.389156,0.0632309,0.0228539,0.931275,1566.08,0.91713,5.21722,0.300808,0.0362297,0.00800584,0.01246,0.0194703,0.176671,0.120188,0.568604,0.120747,1,1,19,137,1,0.41773,0.338604,0.367193,0.146224,1,1539.59,0.00345614,0.207013,0.894447,0.541923,0.05,300,300,300,300,300,300,114,137,300,46,50,58,40,44,52,1
dual_l1,0,902,6,0.486119,0.0346932,-0.133332,0.921062,1858.61,0.1169,6.19497,0.104808,0.104808,0.0262322,0.0188347,0.0625098,0.305168,0.249898,0.429048,0.297872,1,1,31,69,1,0.362319,0.375376,0.575387,0.359946,1,1831.86,0.00345614,0.207013,0.894447,0.541923,0.05,300,300,300,300,300,300,65,69,141,54,58,66,36,40,48,1
dual_l1,0,903,4,0.437337,0.160741,0.142908,0.996273,1813.62,0.121992,6.04501,0.112052,0.0353939,0.0215445,0.00440003,0.0398755,0.258801,0.107096,0.510205,0.0382504,1,1,21,149,1,0.225979,0.114084,0.360698,0.0682397,1,1802.72,0.00345614,0.207013,0.894447,0.541923,0.05,300,300,300,300,300,300,92,149,157,51,55,81,42,46,54,1
dual_l1,0,904,2,0.305774,0.0786361,-0.00372148,0.975224,1279.03,0.503137,4.26176,0.20583,0.012341,0.0237962,0.0100567,0.046456,0.261322,0.186921,0.191504,0.181108,1,1,0,103,1,0.0645198,0.275449,0.229447,0.161949,1,1262.2,0.00345614,0.207013,0.894447,0.541923,0.05,300,300,300,300,300,300,93,103,111,51,55,63,34,48,56,1
dual_l1,0,905,2,0.252817,0.136456,-0.46799,0.946518,1345.75,4.1024,4.47215,0.661659,0.429688,0.0321684,0.0096157,0.0264117,0.550505,0.216694,0.336959,0.736933,1,1,3,121,1,0.563007,0.672368,0.495115,0.569745,1,1276.78,0.00345614,0.207013,0.894447,0.541923,0.05,300,300,300,300,300,300,117,121,213,55,59,67,33,37,45,1
dual_l1,0,906,3,0.47757,0.0387091,-0.331918,0.926939,2024.91,6.18013,6.7291,0.820135,0.483663,0.0235676,0.00618492,0.0262704,0.150507,0.432463,0.693372,0.0147123,1,1,23,117,1,0.593834,0.613452,0.405694,0.549835,1,1914.53,0.00345614,0.207013,0.894447,0.541923,0.05,300,300,300,300,300,300,113,117,300,57,69,77,50,60,68,1
dual_l1,0,907,6,0.293667,0.117927,-0.197348,1.05935,2012.61,1.66877,6.70313,0.418043,0.123122,0.0306026,0.0136502,0.0290345,0.0775581,0.192329,0.248642,0.422842,1,1,24,72,1,0.525016,0.424872,0.318767,0.182172,1,1987.38,0.00345614,0.207013,0.894447,0.541923,0.05,300,300,300,300,300,300,68,72,300,49,53,61,44,48,56,1
dual_l1,0,908,5,0.409037,0.137753,0.0741175,1.01078,1256.53,0.796012,4.18578,0.239281,0.0165469,0.013207,0.012343,0.0319101,0.224021,0.418644,0.45069,0.140136,1,1,6,61,1,0.0929655,0.257821,0.578698,0.214215,1,1240.54,0.00345614,0.207013,0.894447,0.541923,0.05,300,300,300,300,300,300,57,61,69,44,55,63,38,42,50,1
dual_l1,0,909,5,0.4611,0.140984,0.167767,1.06019,1480.18,0.318172,4.93289,0.155889,0.0102958,0.0300985,0.0164335,0.0589836,0.238674,0.158858,0.342235,0.112705,1,1,18,126,1,0.291984,0.302527,0.792991,0.0853206,1,1470.15,0.00345614,0.207013,0.894447,0.541923,0.05,300,300,300,300,300,300,85,126,300,46,50,72,40,44,52,1
dual_l1,0,910,7,0.2839,0.0810667,0.19753,0.991306,1285.32,0.642171,4.28226,0.247426,0.0183419,0.024091,0.00850277,0.0381211,0.39691,0.131971,0.411221,0.0886641,1,1,1,111,1,0.307149,0.293082,0.183608,0.224361,1,1266.43,0.00345614,0.207013,0.894447,0.541923,0.05,300,300,300,300,300,300,107,111,143,55,82,90,37,41,49,1
dual_l1,0,911,3,0.538422,0.190137,-0.361791,0.905917,1099.84,1.85322,3.65994,0.421659,0.224,0.0208755,0.0132197,0.0475354,0.565328,0.160942,0.65921,0.497658,1,1,5,120,1,0.632652,0.569558,0.443107,0.539102,1,1051.74,0.00345614,0.207013,0.894447,0.541923,0.05,300,300,300,300,300,300,52,120,300,49,53,61,33,37,45,1
dual_l1,0,912,5,0.411015,0.0812117,0.057021,1.07936,1832.1,0.227169,6.10624,0.164617,0.0312684,0.0254582,0.0186724,0.0201262,0.276612,0.165857,0.269038,0.233057,1,1,14,154,1,0.279963,0.310765,0.488996,0.166278,1,1825.24,0.00345614,0.207013,0.894447,0.541923,0.05,300,300,300,300,300,300,142,154,300,43,85,141,35,39,47,1
dual_l1,0,913,5,0.325155,0.0634736,-0.446953,0.940237,1335.25,3.39292,4.43951,0.565051,0.237268,0.0183878,0.00360159,0.0294861,0.328767,0.416361,0.399695,0.68237,1,1,0,92,1,0.578633,0.444497,0.222636,0.685704,1,1241.22,0.00345614,0.207013,0.894447,0.541923,0.05,300,300,300,300,300,300,79,92,300,62,66,74,28,32,40,1
dual_l1,0,914,0,0.495188,0.06848,-0.253764,0.927425,2061.3,1.10234,6.86732,0.342621,0.176436,0.0252858,0.014936,0.0669904,0.248234,0.0776601,0.452932,0.390334,1,1,4,63,1,0.176436,0.555022,0.57061,0.316082,1,1985.78,0.00345614,0.207013,0.894447,0.541923,0.05,300,300,300,300,300,300,59,63,125,51,55,63,44,48,56,1
dual_l1,0,915,0,0.326854,0.0301247,-0.206124,1.01499,1154.43,0.641466,3.84596,0.252044,0.220356,0.0461152,0.0173646,0.0420654,0.282779,0.351092,0.291218,0.490155,1,1,9,156,1,0.419508,0.260081,0.412799,0.380721,1,1127.08,0.00345614,0.207013,0.894447,0.541923,0.05,300,300,300,300,300,300,129,156,164,44,48,75,42,46,54,1
dual_l1,0,916,1,0.27154,0.160873,-0.141915,1.03499,1172.84,0.608755,3.90743,0.239627,0.0824408,0.0135042,0.0221324,0.0392854,0.428232,0.107684,0.191243,0.268068,1,1,1,71,1,0.113582,0.340785,0.323866,0.0444271,1,1146.33,0.00345614,0.207013,0.894447,0.541923,0.05,300,300,300,300,300,300,67,71,224,56,60,68,38,49,57,1
dual_l1,0,917,2,0.189071,0.0471068,0.184111,1.07168,1187.29,0.41484,3.95625,0.189344,0.0176522,0.0243932,0.0198623,0.0535623,0.0769789,0.209613,0.34067,0.31563,1,1,0,300,0,0.189344,0.0769789,0.34067,0.31563,1,1186.87,0.00345614,0.207013,0.894447,0.541923,0.05,300,300,300,300,300,300,291,300,300,74,78,86,48,52,83,1
dual_l1,0,918,1,0.528056,0.18989,-0.295462,1.01004,1176.4,2.71028,3.91229,0.505767,0.21672,0.0342774,0.0150584,0.0422374,0.62892,0.282258,0.444511,0.548633,0,1.3113e-32,0,63,1,0.395599,0.304422,0.838488,0.355668,1,1103.78,0.00345614,0.207013,0.894447,0.541923,0.05,300,300,300,300,300,300,59,63,71,40,44,52,32,36,44,1
dual_l1,0,919,2,0.45879,0.145475,-0.272206,1.06906,1027.83,1.27078,3.42188,0.372753,0.113911,0.0529512,0.0147181,0.0295692,0.100647,0.268736,0.52131,0.566114,1,1,0,76,1,0.526012,0.274871,0.513438,0.468763,1,992.011,0.00345614,0.207013,0.894447,0.541923,0.05,300,300,300,300,300,300,51,76,300,43,54,62,35,39,47,1
dual_l1,0,920,1,0.449261,0.186702,0.252651,1.00048,1300.71,0.464925,4.33415,0.217139,0.0325338,0.005468,0.0106103,0.0487419,0.344101,0.137648,0.404345,0.121058,0,4.39479e-13,1,222,1,0.237697,0.315398,0.448609,0.153684,1,1264.31,0.00345614,0.207013,0.894447,0.541923,0.05,300,300,300,300,300,300,105,222,300,52,56,79,36,40,48,1
dual_l1,0,921,4,0.33062,0.132488,-0.451858,1.09745,1165.97,2.14216,3.87944,0.456166,0.293741,0.0168183,0.00458101,0.0337539,0.395291,0.0820052,0.384821,0.672611,1,1,32,58,1,0.444191,0.408089,0.347494,0.683575,1,1100.3,0.00345614,0.207013,0.894447,0.541923,0.05,300,300,300,300,300,300,54,58,66,50,54,62,40,51,59,1
dual_l1,0,922,5,0.298029,0.00652192,0.419166,0.952579,1631.81,1.44862,5.43454,0.362709,0.0150749,0.0380583,0.0136722,0.0610921,0.0688173,0.401394,0.554091,0.439153,1,1,0,300,0,0.362709,0.0688173,0.554091,0.439153,1,1630.36,0.00345614,0.207013,0.894447,0.541923,0.05,300,300,300,300,300,300,110,300,300,52,81,89,36,40,58,1
dual_l1,0,923,3,0.329494,0.180931,-0.29246,1.06889,1006.15,2.63916,3.34503,0.494192,0.223305,0.00786367,0.0121033,0.0281404,0.447501,0.240434,0.306674,0.49262,1,1,16,100,1,0.275745,0.524169,0.424339,0.468718,1,973.295,0.00345614,0.207013,0.894447,0.541923,0.05,300,300,300,300,300,300,96,100,161,41,70,78,32,36,44,1
dual_l1,0,924,5,0.417699,0.103737,0.318025,1.02685,1795.51,0.193449,5.9844,0.111162,0.0190386,0.031555,0.0085963,0.0121449,0.291537,0.126526,0.370359,0.0785919,1,1,0,229,1,0.2182,0.419804,0.297141,0.0926448,1,1786.81,0.00345614,0.207013,0.894447,0.541923,0.05,300,300,300,300,300,300,98,229,300,77,81,89,34,38,46,1
dual_l1,0,925,2,0.355451,0.179328,0.332039,1.04378,1756.87,0.460001,5.85471,0.250282,0.0302087,0.0215809,0.00463411,0.0339294,0.320351,0.141158,0.578002,0.0724699,1,0.991298,0,300,0,0.250282,0.320351,0.578002,0.0724699,1,1756.41,0.00345614,0.207013,0.894447,0.541923,0.05,300,300,300,300,300,300,87,300,300,51,55,90,46,50,58,1
dual_l1,0,926,6,0.401045,0.00520217,0.149834,1.03029,1903.33,0.412071,6.34306,0.195977,0.0157718,0.0229067,0.010867,0.0140774,0.154573,0.0914974,0.550183,0.0707145,1,1,26,300,0,0.195977,0.154573,0.550183,0.0707145,1,1902.92,0.00345614,0.207013,0.894447,0.541923,0.05,300,300,300,300,300,300,198,300,300,47,51,59,46,50,58,1
dual_l1,0,927,6,0.428397,0.00519428,-0.0162345,0.98532,1091.54,0.784726,3.63584,0.293451,0.0555303,0.0209997,0.00879871,0.0183706,0.163196,0.194888,0.356565,0.358097,1,1,1,169,1,0.330716,0.127134,0.592163,0.151275,1,1072.06,0.00345614,0.207013,0.894447,0.541923,0.05,300,300,300,300,300,300,111,169,300,35,74,82,34,38,46,1
dual_l1,0,928,0,0.453995,0.0784616,-0.34526,0.9196,955.189,2.67286,3.17506,0.499951,0.324738,0.0252298,0.0238627,0.0273974,0.543576,0.367651,0.430999,0.446651,1,1,7,138,1,0.366113,0.440768,0.398385,0.565385,1,903.224,0.00345614,0.207013,0.894447,0.541923,0.05,300,300,300,300,300,300,85,138,300,39,43,67,22,26,34,1
dual_l1,0,929,5,0.230124,0.191045,-0.398077,1.05144,1759.54,4.28928,5.85083,0.674431,0.248487,0.0214612,0.010179,0.023589,0.557949,0.130978,0.219591,0.569363,1,1,0,72,1,0.367431,0.596778,0.358168,0.39711,1,1696.53,0.00345614,0.207013,0.894447,0.541923,0.05,300,300,300,300,300,300,60,72,300,57,61,69,36,40,48,1
dual_l1,0,930,6,0.546965,0.051863,-0.137372,0.950976,1375.88,2.04109,4.57946,0.443667,0.346602,0.0285781,0.017525,0.0494214,0.251613,0.307769,0.397643,0.230464,1,1,15,72,1,0.459594,0.111648,0.36198,0.282753,1,1281.6,0.00345614,0.207013,0.894447,0.541923,0.05,300,300,300,300,300,300,68,72,300,43,47,55,39,43,51,1
dual_l1,0,931,7,0.246107,0.188229,0.128471,1.06649,1008.04,0.0439463,3.35999,0.0402076,0.0402076,0.0208237,0.00712996,0.0387156,0.430287,0.321125,0.516332,0.225497,1,1,13,154,1,0.22927,0.343657,0.268453,0.0602763,1,994.127,0.00345614,0.207013,0.894447,0.541923,0.05,300,300,300,300,300,300,62,154,300,42,64,72,32,42,50,1
dual_l1,0,932,3,0.555658,0.0599346,-0.471951,0.995301,2781.91,4.36293,9.2585,0.656293,0.566489,0.00831241,0.00576283,0.0134394,0.394626,0.554443,0.759685,0.68291,0,0,24,137,1,0.806002,0.631567,0.501113,0.777706,0,2665.3,0.00345614,0.207013,0.894447,0.541923,0.05,300,300,300,300,300,300,125,137,300,107,111,119,45,49,57,1
dual_l1,0,933,3,0.30798,0.192181,0.299282,1.0898,944.538,0.580748,3.14653,0.230685,0.0138873,0.0252024,0.0141581,0.0233112,0.302617,0.0888772,0.226573,0.164365,1,1,1,300,0,0.230685,0.302617,0.226573,0.164365,1,943.958,0.00345614,0.207013,0.894447,0.541923,0.05,300,300,300,300,300,300,73,300,300,44,48,56,37,41,49,1
dual_l1,0,934,3,0.430499,0.0561079,-0.0435387,0.927366,1484.66,0.592537,4.94688,0.226945,0.107505,0.00759634,0.00472625,0.0269756,0.371315,0.261276,0.331265,0.288057,1,1,12,95,1,0.300461,0.240734,0.396978,0.381542,1,1447.24,0.00345614,0.207013,0.894447,0.541923,0.05,300,300,300,300,300,300,91,95,103,44,48,56,29,39,47,1
dual_l1,0,935,4,0.220285,0.0622084,0.0673459,1.03052,1157.05,0.101315,3.85649,0.103126,0.0791931,0.0243513,0.00866037,0.0244251,0.307838,0.219992,0.249905,0.359274,1,1,32,176,1,0.224396,0.192738,0.245984,0.22202,1,1148.9,0.00345614,0.207013,0.894447,0.541923,0.05,300,300,300,300,300,300,83,176,300,71,83,107,41,45,63,1
dual_l1,0,936,0,0.548455,0.112768,0.112967,1.01674,1386.41,0.5905,4.6194,0.237355,0.0205501,0.0297222,0.00957193,0.0358197,0.42211,0.390773,0.568969,0.241295,1,1,18,177,1,0.199408,0.267083,0.774455,0.0784714,1,1374.61,0.00345614,0.207013,0.894447,0.541923,0.05,300,300,300,300,300,300,173,177,221,56,60,106,37,50,58,1
dual_l1,0,937,6,0.365565,0.167524,0.270203,1.09288,1275.48,0.269534,4.25071,0.150336,0.042617,0.0058066,0.0172556,0.0456336,0.211169,0.173954,0.416309,0.108746,1,1,0,227,1,0.11709,0.19382,0.222908,0.146825,1,1268.44,0.00345614,0.207013,0.894447,0.541923,0.05,300,300,300,300,300,300,73,227,300,61,65,73,37,48,56,1
dual_l1,0,938,1,0.393693,0.0605625,-0.399496,0.946352,2031.73,1.64571,6.76695,0.407601,0.35561,0.0349056,0.0113967,0.0483432,0.517038,0.149177,0.607209,0.514471,0,1.37988e-34,0,54,1,0.592068,0.752584,0.514284,0.440203,1,1924.49,0.00345614,0.207013,0.894447,0.541923,0.05,300,300,300,300,300,300,50,54,62,39,51,59,33,37,45,1
dual_l1,0,939,5,0.417145,0.151703,0.13317,0.984453,2233.86,0.162727,7.44567,0.131883,0.0136459,0.0220782,0.00588891,0.0268772,0.194799,0.170307,0.545517,0.0341128,1,1,0,151,1,0.135527,0.216955,0.612996,0.0847098,1,2223.25,0.00345614,0.207013,0.894447,0.541923,0.05,300,300,300,300,300,300,86,151,202,50,54,85,44,48,56,1
dual_l1,0,940,2,0.398015,0.0722346,0.190798,0.9687,951.32,0.0532376,3.17089,0.0868671,0.020549,0.0196079,0.0114592,0.0239504,0.39654,0.0194728,0.422199,0.0761004,1,1,1,263,1,0.0784637,0.399367,0.436415,0.0747725,1,949.172,0.00345614,0.207013,0.894447,0.541923,0.05,300,300,300,300,300,300,84,263,300,40,54,62,24,37,45,1
dual_l1,0,941,7,0.306126,0.13957,0.335013,0.945311,2116.1,0.943132,7.05051,0.322394,0.0343463,0.0269835,0.00901597,0.0296303,0.441556,0.251479,0.46534,0.111234,1,1,16,130,1,0.103591,0.397682,0.38435,0.141297,1,2095.99,0.00345614,0.207013,0.894447,0.541923,0.05,300,300,300,300,300,300,126,130,300,49,61,69,39,51,59,1
dual_l1,0,942,5,0.201637,0.0945869,-0.239707,1.06051,1499.83,1.81595,4.99338,0.419341,0.251804,0.00722837,0.00961245,0.0138142,0.420664,0.266027,0.32666,0.468348,1,1,0,93,1,0.648861,0.311199,0.262193,0.432325,1,1454.69,0.00345614,0.207013,0.894447,0.541923,0.05,300,300,300,300,300,300,76,93,135,47,51,59,35,39,47,1
dual_l1,0,943,3,0.137778,0.125431,-0.488397,0.925543,1457.12,5.76049,4.83788,0.771246,0.487153,0.0338534,0.00825386,0.0217526,0.643141,0.24382,0.381346,0.608052,0,2.59693e-35,1,59,1,0.876733,0.97062,0.205821,0.742242,1,1323.13,0.00345614,0.207013,0.894447,0.541923,0.05,300,300,300,300,300,300,55,59,245,52,56,64,30,34,54,1
dual_l1,0,944,5,0.238608,0.148201,0.142881,1.05262,1477.16,0.419006,4.92248,0.197167,0.00528739,0.0153255,0.00483658,0.0496508,0.307821,0.216539,0.236192,0.158207,1,1,0,77,1,0.0808536,0.361838,0.364451,0.0576931,1,1461.76,0.00345614,0.207013,0.894447,0.541923,0.05,300,300,300,300,300,300,73,77,114,50,59,67,38,52,60,1
dual_l1,0,945,3,0.200342,0.0995643,-0.461269,0.990573,1323.97,3.0427,4.4031,0.559667,0.325804,0.0327828,0.00455438,0.0491233,0.317146,0.115306,0.182282,0.720416,1,1,3,60,1,0.325804,0.482841,0.146283,0.71869,1,1238.13,0.00345614,0.207013,0.894447,0.541923,0.05,300,300,300,300,300,300,47,60,168,45,49,57,35,39,47,1
dual_l1,0,946,4,0.550811,0.173459,-0.469357,0.965972,2310.3,4.65539,7.68549,0.692509,0.275707,0.0298546,0.0184007,0.0367365,0.403228,0.286186,0.604675,0.724233,1,1,24,94,1,0.526375,0.516096,0.617906,0.68245,1,2226.07,0.00345614,0.207013,0.894447,0.541923,0.05,300,300,300,300,300,300,70,94,202,62,66,90,39,43,64,1
dual_l1,0,947,2,0.388293,0.0309027,0.419297,1.0083,2096.26,0.152822,6.98704,0.136892,0.0300182,0.0155439,0.0210297,0.0441068,0.321209,0.164684,0.460322,0.0616779,1,1,0,300,0,0.136892,0.321209,0.460322,0.0616779,1,2096.11,0.00345614,0.207013,0.894447,0.541923,0.05,300,300,300,300,300,300,119,300,300,72,76,84,41,52,60,1
dual_l1,0,948,0,0.339606,0.149452,-0.100043,0.908322,1297.41,0.379589,4.32342,0.186744,0.0941675,0.0132234,0.00583701,0.0324334,0.301376,0.164662,0.322576,0.22057,1,1,18,87,1,0.111905,0.153456,0.533018,0.329655,1,1279.96,0.00345614,0.207013,0.894447,0.541923,0.05,300,300,300,300,300,300,83,87,95,54,58,83,33,37,45,1
dual_l1,0,949,1,0.513064,0.161201,-0.154874,1.06008,1870.11,0.677016,6.23143,0.263697,0.139198,0.0387034,0.00388062,0.0619191,0.110546,0.304824,0.42767,0.262097,0,0,17,155,1,0.217206,0.0986125,0.533783,0.215393,0,1844.87,0.00345614,0.207013,0.894447,0.541923,0.05,300,300,300,300,300,300,87,155,300,52,79,87,40,44,52,1
dual_l1,0,950,4,0.299281,0.0818911,0.0889254,1.06549,2313.14,0.152016,7.70995,0.132248,0.0387732,0.0152133,0.0151834,0.0370968,0.250519,0.0238436,0.374254,0.122587,1,1,16,126,1,0.0794486,0.16159,0.409292,0.147779,1,2302.7,0.00345614,0.207013,0.894447,0.541923,0.05,300,300,300,300,300,300,66,126,300,62,66,87,38,42,50,1
dual_l1,0,951,5,0.415286,0.0317661,-0.320893,0.916474,2237.04,4.27252,7.44255,0.647088,0.195386,0.0288739,0.00909097,0.0541754,0.457343,0.421664,0.234104,0.380801,1,1,0,63,1,0.526114,0.434947,0.355233,0.574757,1,2110.55,0.00345614,0.207013,0.894447,0.541923,0.05,300,300,300,300,300,300,59,63,71,55,59,67,52,56,64,1
dual_l1,0,952,1,0.391942,0.191888,-0.432777,0.978356,1773.52,2.2761,5.90415,0.486082,0.330107,0.0189067,0.00852502,0.0286493,0.521037,0.15238,0.394969,0.648261,0,9.13782e-14,3,95,1,0.529005,0.647039,0.418481,0.54426,1,1696.84,0.00345614,0.207013,0.894447,0.541923,0.05,300,300,300,300,300,300,51,95,300,49,53,61,45,49,57,1
dual_l1,0,953,4,0.446551,0.105148,0.352434,1.01376,1228.9,0.34226,4.0952,0.206555,0.0173038,0.022017,0.020871,0.0166421,0.406412,0.103352,0.627172,0.0269081,1,1,16,300,0,0.206555,0.406412,0.627172,0.0269081,1,1228.56,0.00345614,0.207013,0.894447,0.541923,0.05,300,300,300,300,300,300,133,300,300,55,59,106,43,47,55,1
dual_l1,0,954,6,0.406562,0.174972,-0.0359274,1.01001,1880.55,0.0173583,6.26843,0.0427359,0.0347265,0.0168815,0.00823108,0.0424387,0.130935,0.132472,0.37473,0.251101,1,1,14,72,1,0.337778,0.332674,0.340181,0.313556,1,1865.39,0.00345614,0.207013,0.894447,0.541923,0.05,300,300,300,300,300,300,52,72,80,47,51,59,42,46,54,1
dual_l1,0,955,0,0.133317,0.00792012,0.381309,1.03681,1740.98,0.118855,5.80287,0.0970667,0.0218976,0.0377606,0.0121012,0.0160499,0.211421,0.0821476,0.177971,0.137481,1,1,1,300,0,0.0970667,0.211421,0.177971,0.137481,1,1740.86,0.00345614,0.207013,0.894447,0.541923,0.05,300,300,300,300,300,300,120,300,300,49,63,103,32,36,57,1
dual_l1,0,956,2,0.477366,0.024158,-0.177784,1.06041,1424.63,1.75731,4.74292,0.428391,0.267805,0.0276859,0.0123965,0.0346918,0.263046,0.156498,0.442274,0.129701,1,1,0,224,1,0.550774,0.306441,0.514479,0.286789,1,1397.49,0.00345614,0.207013,0.894447,0.541923,0.05,300,300,300,300,300,300,204,224,300,79,83,91,37,46,54,1
dual_l1,0,957,3,0.422204,0.0699305,-0.48639,1.02005,1233.76,2.29078,4.10488,0.475976,0.167204,0.0587929,0.0161594,0.0141351,0.502247,0.293286,0.435516,0.653558,1,1,12,52,1,0.554519,0.58196,0.717477,0.376207,1,1140.76,0.00345614,0.207013,0.894447,0.541923,0.05,300,300,300,300,300,300,48,52,74,44,48,56,28,32,40,1
dual_l1,0,958,2,0.581061,0.174613,-0.0980175,0.920401,1200.7,0.865144,3.99945,0.284544,0.0024428,0.0472359,0.00382434,0.0266704,0.311261,0.454807,0.778315,0.0733613,1,1,8,69,1,0.145848,0.353242,0.658481,0.273667,1,1177.19,0.00345614,0.207013,0.894447,0.541923,0.05,300,300,300,300,300,300,55,69,189,47,51,59,40,44,52,1
dual_l1,0,959,3,0.549818,0.074159,-0.0872557,0.980076,1115.94,0.506017,3.71812,0.210779,0.0296277,0.0246069,0.0175792,0.0209498,0.219101,0.202776,0.544734,0.309791,0,9.64614e-18,0,78,1,0.246881,0.209941,0.646522,0.295532,0,1098,0.00345614,0.207013,0.894447,0.541923,0.05,300,300,300,300,300,300,66,78,141,43,47,55,33,37,55,1
dual_l1,0,960,7,0.568123,0.162784,-0.122495,0.936296,879.495,1.08621,2.92803,0.323155,0.14951,0.0211105,0.00913137,0.0332889,0.462333,0.369202,0.586774,0.383175,1,1,14,84,1,0.18918,0.130325,0.489213,0.324394,1,848.564,0.00345614,0.207013,0.894447,0.541923,0.05,300,300,300,300,300,300,58,84,105,45,49,57,33,37,45,1
dual_l1,0,961,7,0.289106,0.0955166,-0.417758,1.00301,981.605,1.33994,3.26755,0.369332,0.318497,0.0211563,0.00826789,0.0384952,0.508012,0.172409,0.230665,0.666398,1,1,0,67,1,0.679668,0.616871,0.484927,0.381119,1,898.922,0.00345614,0.207013,0.894447,0.541923,0.05,300,300,300,300,300,300,53,67,75,45,49,57,23,27,35,1
dual_l1,0,962,5,0.285514,0.0764678,-0.0852245,1.05344,1768,0.224011,5.8926,0.138665,0.0578321,0.0283726,0.0146255,0.037842,0.316666,0.0594363,0.110958,0.265251,1,1,0,74,1,0.332967,0.571212,0.394412,0.401712,1,1742.96,0.00345614,0.207013,0.894447,0.541923,0.05,300,300,300,300,300,300,70,74,300,51,66,74,39,52,60,1
dual_l1,0,963,5,0.372462,0.075279,0.462042,0.9806,1627.65,0.805343,5.4228,0.258233,0.0078241,0.0221233,0.00960844,0.03244,0.494298,0.235372,0.268267,0.297935,1,1,0,87,1,0.117106,0.386397,0.430913,0.183812,1,1589.65,0.00345614,0.207013,0.894447,0.541923,0.05,300,300,300,300,300,300,83,87,300,48,52,75,37,41,49,1
dual_l1,0,964,0,0.448297,0.111899,0.397298,0.991562,2361.06,0.295046,7.8692,0.136158,0.0441376,0.0397693,0.00969609,0.0197632,0.370662,0.0985817,0.666503,0.336081,1,1,23,300,0,0.136158,0.370662,0.666503,0.336081,1,2360.76,0.00345614,0.207013,0.894447,0.541923,0.05,300,300,300,300,300,300,134,300,300,75,87,95,42,46,54,1
dual_l1,0,965,6,0.535248,0.183842,0.418241,1.0722,1831.02,0.162166,6.10287,0.12465,0.0623177,0.0172764,0.013389,0.0397919,0.248544,0.168693,0.770482,0.157957,1,1,13,225,1,0.186424,0.347236,0.568017,0.15867,1,1820.68,0.00345614,0.207013,0.894447,0.541923,0.05,300,300,300,300,300,300,214,225,300,48,101,109,39,43,51,1
dual_l1,0,966,5,0.483548,0.164497,-0.159077,1.00197,1348.86,1.54155,4.49107,0.391133,0.0346119,0.0208871,0.00803766,0.0442155,0.338167,0.304127,0.448764,0.527201,1,1,0,106,1,0.369233,0.360289,0.564829,0.207486,1,1321.7,0.00345614,0.207013,0.894447,0.541923,0.05,300,300,300,300,300,300,102,106,300,41,82,90,31,35,43,1
dual_l1,0,967,7,0.353211,0.0347767,0.494881,0.951616,1742.68,0.152672,5.80842,0.160948,0.0171713,0.0108124,0.0150282,0.0187129,0.413143,0.218253,0.26576,0.608034,1,1,21,300,0,0.160948,0.413143,0.26576,0.608034,1,1742.53,0.00345614,0.207013,0.894447,0.541923,0.05,300,300,300,300,300,300,300,300,300,49,53,76,31,42,50,1
dual_l1,0,968,3,0.316631,0.182166,-0.245785,1.0274,1684.37,0.249181,5.61372,0.141239,0.100148,0.0113318,0.0169109,0.0405578,0.356242,0.10344,0.356214,0.466076,1,1,0,81,1,0.309471,0.520992,0.406237,0.533385,1,1648.25,0.00345614,0.207013,0.894447,0.541923,0.05,300,300,300,300,300,300,77,81,133,55,59,67,45,49,57,1
dual_l1,0,969,7,0.46117,0.151572,-0.202227,1.00376,1451.79,0.940805,4.83615,0.325986,0.0347586,0.0351384,0.0164102,0.0540218,0.257361,0.387047,0.607169,0.0363922,1,1,21,81,1,0.312728,0.3881,0.367461,0.441819,1,1411.87,0.00345614,0.207013,0.894447,0.541923,0.05,300,300,300,300,300,300,77,81,126,59,71,79,32,36,44,1
dual_l1,0,970,4,0.453843,0.14295,-0.375989,0.944002,1139.99,1.59828,3.79463,0.410601,0.319348,0.0241223,0.00913879,0.0370036,0.358568,0.200932,0.432575,0.504193,1,1,24,54,1,0.684548,0.362894,0.457216,0.543038,1,1068.16,0.00345614,0.207013,0.894447,0.541923,0.05,300,300,300,300,300,300,50,54,165,46,50,58,23,27,44,1
dual_l1,0,971,0,0.443824,0.144831,0.0243486,0.941473,1098.26,0.591012,3.6589,0.239729,0.0178113,0.0324666,0.0149772,0.0488551,0.0865974,0.147679,0.354831,0.222231,1,1,16,96,1,0.340778,0.155297,0.483503,0.213904,1,1081.86,0.00345614,0.207013,0.894447,0.541923,0.05,300,300,300,300,300,300,63,96,131,47,61,69,24,42,50,1
dual_l1,0,972,5,0.262692,0.128604,-0.00146651,0.994444,2208.46,0.265315,7.36064,0.143326,0.0121548,0.0102653,0.00538595,0.0231731,0.192881,0.251897,0.390476,0.198483,1,1,6,109,1,0.23678,0.279568,0.25802,0.255917,1,2196.24,0.00345614,0.207013,0.894447,0.541923,0.05,300,300,300,300,300,300,68,109,300,54,58,66,45,49,57,1
dual_l1,0,973,2,0.503366,0.00959079,0.368346,0.976695,1764.52,0.289586,5.88078,0.183463,0.00103921,0.038421,0.0121968,0.0468589,0.424719,0.067037,0.432924,0.0461119,0,4.46004e-16,14,300,0,0.183463,0.424719,0.432924,0.0461119,0,1764.23,0.00345614,0.207013,0.894447,0.541923,0.05,300,300,300,300,300,300,145,300,300,55,59,67,42,46,54,1
dual_l1,0,974,6,0.52357,0.197567,-0.00184667,0.932164,1001.91,0.443498,3.33821,0.219371,0.0694307,0.0116047,0.0110486,0.0383936,0.137592,0.216511,0.529133,0.256377,1,1,18,175,1,0.159276,0.235814,0.534623,0.214766,1,993.744,0.00345614,0.207013,0.894447,0.541923,0.05,300,300,300,300,300,300,52,175,300,29,50,58,29,33,41,1
dual_l1,0,975,3,0.209308,0.143475,0.246815,0.951865,1751.96,0.751553,5.83738,0.273319,0.0318129,0.0326576,0.00783677,0.0269611,0.111309,0.248554,0.613025,0.122254,1,1,23,300,0,0.273319,0.111309,0.613025,0.122254,1,1751.21,0.00345614,0.207013,0.894447,0.541923,0.05,300,300,300,300,300,300,87,300,300,47,51,74,40,44,52,1
dual_l1,0,976,2,0.127116,0.0464004,0.306747,0.953122,1045.43,0.142801,3.4843,0.0956122,0.0630671,0.018378,0.00910652,0.0360747,0.342486,0.131506,0.338253,0.223595,1,0.819168,14,225,1,0.198852,0.279041,0.183665,0.0904635,1,1035.39,0.00345614,0.207013,0.894447,0.541923,0.05,300,300,300,300,300,300,64,225,300,58,62,70,34,38,46,1
dual_l1,0,977,6,0.599302,0.149824,0.0141919,0.917161,1570.33,0.486836,5.23282,0.239555,0.04778,0.0312832,0.00609328,0.0355339,0.200133,0.193139,0.743554,0.288406,1,1,11,108,1,0.297735,0.221796,0.691434,0.218976,1,1548.56,0.00345614,0.207013,0.894447,0.541923,0.05,300,300,300,300,300,300,91,108,116,47,51,59,37,41,49,1
dual_l1,0,978,5,0.352184,0.0939494,0.308688,0.937007,1599.82,0.51832,5.33099,0.213159,0.00774172,0.0160412,0.00691525,0.0457578,0.379814,0.273188,0.601749,0.217907,1,1,0,115,1,0.0789111,0.275728,0.532904,0.317381,1,1577.56,0.00345614,0.207013,0.894447,0.541923,0.05,300,300,300,300,300,300,84,115,300,48,79,87,38,48,56,1
dual_l1,0,979,6,0.204539,0.0597924,0.427939,1.03424,1848.81,0.43568,6.16124,0.194544,0.0216674,0.0377261,0.00374692,0.0415711,0.369985,0.103364,0.326839,0.0879961,1,1,13,300,0,0.194544,0.369985,0.326839,0.0879961,1,1848.37,0.00345614,0.207013,0.894447,0.541923,0.05,300,300,300,300,300,300,170,300,300,56,86,198,38,49,57,1
dual_l1,0,980,2,0.600607,0.000802541,0.438534,1.04851,2180.89,1.89783,7.26331,0.421791,0.0111282,0.0229151,0.0127221,0.0372317,0.653118,0.345883,0.69326,0.100811,0,5.40136e-20,19,300,0,0.421791,0.653118,0.69326,0.100811,0,2178.99,0.00345614,0.207013,0.894447,0.541923,0.05,300,300,300,300,300,300,300,300,300,56,60,268,37,41,49,1
dual_l1,0,981,7,0.56176,0.116733,-0.425109,0.935759,1461.39,1.69771,4.86565,0.401846,0.401846,0.0271961,0.0125866,0.034162,0.635199,0.226065,0.556863,0.637939,1,1,19,90,1,0.597435,0.537268,0.414994,0.49117,1,1362.55,0.00345614,0.207013,0.894447,0.541923,0.05,300,300,300,300,300,300,55,90,173,51,55,92,37,41,49,1
dual_l1,0,982,6,0.334543,0.0443057,-0.215398,1.01237,890.044,0.71008,2.96445,0.253237,0.174486,0.0364669,0.00307735,0.0541362,0.102704,0.32128,0.413764,0.393692,1,1,1,61,1,0.308783,0.180164,0.360647,0.224835,1,825.111,0.00345614,0.207013,0.894447,0.541923,0.05,300,300,300,300,300,300,57,61,69,43,47,55,34,45,53,1
dual_l1,0,983,6,0.212645,0.129725,0.245309,1.03162,1292.68,0.67873,4.30668,0.246139,0.0377802,0.0315439,0.00552416,0.0552324,0.200048,0.128011,0.393376,0.0684249,1,1,30,120,1,0.262109,0.406737,0.236665,0.121249,1,1264.57,0.00345614,0.207013,0.894447,0.541923,0.05,300,300,300,300,300,300,74,120,300,63,67,75,41,45,53,1
dual_l1,0,984,2,0.422563,0.00544984,-0.369719,0.970098,2670.92,16.8025,8.84705,1.28714,0.652624,0.0301932,0.00962432,0.0140016,0.822181,0.613056,0.305345,0.288973,1,1,20,300,0,1.28714,0.822181,0.305345,0.288973,1,2654.11,0.00345614,0.207013,0.894447,0.541923,0.05,300,300,300,300,300,300,300,300,300,56,65,73,45,49,57,1
dual_l1,0,985,3,0.390661,0.136952,-0.322372,0.977765,1372.05,4.48485,4.55856,0.673901,0.198592,0.0226939,0.0044675,0.0445528,0.375963,0.207616,0.383351,0.456196,1,1,24,237,1,0.267715,0.598741,0.45564,0.575128,1,1352.2,0.00345614,0.207013,0.894447,0.541923,0.05,300,300,300,300,300,300,86,237,300,45,49,57,34,38,46,1
dual_l1,0,986,4,0.485397,0.162228,-0.0110452,1.0792,1143.6,0.707821,3.80965,0.283435,0.0222435,0.010401,0.0125441,0.0510605,0.0831341,0.155478,0.399048,0.199248,1,1,40,90,1,0.293924,0.154553,0.441845,0.35275,1,1127.08,0.00345614,0.207013,0.894447,0.541923,0.05,300,300,300,300,300,300,79,90,250,52,56,64,45,49,57,1
dual_l1,0,987,6,0.426941,0.0766582,-0.0489142,1.01319,1022.93,0.142564,3.40931,0.122551,0.0388533,0.023718,0.0109333,0.0129688,0.13115,0.0927909,0.604581,0.121523,1,1,3,96,1,0.129263,0.103306,0.365006,0.351536,1,1004.54,0.00345614,0.207013,0.894447,0.541923,0.05,300,300,300,300,300,300,92,96,300,38,94,102,32,36,77,1
dual_l1,0,988,5,0.31403,0.128727,0.0334423,0.943447,1517.94,0.813324,5.0571,0.293737,0.00761851,0.0315614,0.018749,0.0605855,0.309421,0.112963,0.462308,0.147175,1,1,0,68,1,0.126262,0.243067,0.197303,0.066571,1,1506.48,0.00345614,0.207013,0.894447,0.541923,0.05,300,300,300,300,300,300,58,68,76,52,56,64,39,43,51,1
dual_l1,0,989,6,0.400742,0.185433,-0.088329,0.923103,1433.9,1.52726,4.77456,0.39455,0.0520789,0.0353874,0.00446236,0.0147094,0.388733,0.23254,0.394551,0.393171,1,1,27,69,1,0.242779,0.133459,0.401343,0.328823,1,1401.74,0.00345614,0.207013,0.894447,0.541923,0.05,300,300,300,300,300,300,65,69,126,49,53,61,34,46,54,1
dual_l1,0,990,5,0.463551,0.105224,-0.261477,1.06311,1838.61,1.15586,6.12484,0.339043,0.15605,0.0132181,0.00587665,0.0325823,0.254673,0.143074,0.472472,0.630266,1,1,0,90,1,0.282051,0.4108,0.6061,0.52113,1,1802.98,0.00345614,0.207013,0.894447,0.541923,0.05,300,300,300,300,300,300,86,90,98,49,53,61,47,51,59,1
dual_l1,0,991,6,0.481754,0.0144837,0.0337472,1.07586,1948.67,0.802359,6.49289,0.264311,0.0563449,0.0373433,0.00443195,0.0452083,0.388809,0.321091,0.226012,0.239475,1,1,34,106,1,0.0660277,0.200035,0.502335,0.0815043,1,1929.34,0.00345614,0.207013,0.894447,0.541923,0.05,300,300,300,300,300,300,102,106,300,53,57,65,48,52,60,1
dual_l1,0,992,6,0.343289,0.0309797,-0.433642,0.954841,866.346,1.72474,2.88207,0.405489,0.269781,0.035491,0.00567231,0.0263278,0.374877,0.215684,0.355538,0.617396,1,1,3,73,1,0.485989,0.461544,0.339271,0.69068,1,768.413,0.00345614,0.207013,0.894447,0.541923,0.05,300,300,300,300,300,300,43,73,81,40,44,52,26,30,38,1
dual_l1,0,993,4,0.487103,0.0158294,-0.498228,0.925396,2184.2,13.2652,7.23644,1.16213,0.465705,0.0157543,0.00877408,0.0518167,0.674488,0.541756,0.281975,0.838347,1,1,26,102,1,1.10876,0.796294,0.54051,0.492148,1,1986.91,0.00345614,0.207013,0.894447,0.541923,0.05,300,300,300,300,300,300,98,102,300,60,70,78,44,48,69,1
dual_l1,0,994,5,0.532832,0.0719651,0.339762,0.925144,1564.47,0.386455,5.21361,0.228574,0.0379349,0.0281466,0.0175208,0.0407088,0.349822,0.075116,0.675844,0.187502,1,1,0,77,1,0.161443,0.315452,0.485476,0.284259,1,1535.34,0.00345614,0.207013,0.894447,0.541923,0.05,300,300,300,300,300,300,73,77,175,54,64,72,33,37,45,1
dual_l1,0,995,4,0.480019,0.158719,-0.455018,1.09583,1885.88,1.06075,6.28273,0.313645,0.153856,0.0161405,0.0184773,0.047323,0.244656,0.285848,0.464816,0.594189,1,1,29,82,1,0.274469,0.493178,0.56941,0.707231,1,1816.09,0.00345614,0.207013,0.894447,0.541923,0.05,300,300,300,300,300,300,69,82,300,54,58,66,43,47,55,1
dual_l1,0,996,1,0.384558,0.00998847,0.175108,0.962453,2152.35,0.694875,7.1722,0.264498,0.01425,0.00773125,0.0140949,0.031117,0.209042,0.241825,0.18223,0.0552426,1,1,17,88,1,0.250972,0.362702,0.32461,0.0667496,1,2134.85,0.00345614,0.207013,0.894447,0.541923,0.05,300,300,300,300,300,300,84,88,300,52,56,64,50,54,62,1
dual_l1,0,997,2,0.263259,0.161025,0.477407,1.03414,1435.83,0.303683,4.7851,0.172598,0.0599673,0.0655047,0.00863536,0.0683958,0.426165,0.147539,0.304583,0.0591727,1,0.997182,18,300,0,0.172598,0.426165,0.304583,0.0591727,1,1435.53,0.00345614,0.207013,0.894447,0.541923,0.05,300,300,300,300,300,300,185,300,300,98,102,110,40,44,52,1
dual_l1,0,998,5,0.291316,0.0684351,0.267041,0.908013,1739.8,0.050155,5.79917,0.0716258,0.0210492,0.0250291,0.00924484,0.0315413,0.235519,0.099039,0.226523,0.27524,1,1,0,208,1,0.174238,0.207082,0.226206,0.185296,1,1732.39,0.00345614,0.207013,0.894447,0.541923,0.05,300,300,300,300,300,300,78,208,300,50,76,84,38,42,50,1
dual_l1,0,999,4,0.449086,0.0248524,0.271366,0.912295,1198.67,1.23531,3.99146,0.34684,0.054035,0.0218637,0.00642524,0.0367339,0.2575,0.293972,0.28667,0.0861759,1,1,17,300,0,0.34684,0.2575,0.28667,0.0861759,1,1197.44,0.00345614,0.207013,0.894447,0.541923,0.05,300,300,300,300,300,300,118,300,300,80,110,118,42,46,54,1
