method,seed,mission,cls,om_norm,cd,b,s,total_cost,terminal,cost_per_stage,final_dist,min_dist,err_xp_T,err_xa_T,err_xv_T,err_zp_T,err_zv_T,err_f_T,err_g_T,class_ok_T,post_true_T,t_first_correct,stop_t,stopped,dist_stop,err_zp_stop,err_f_stop,err_g_stop,class_ok_stop,cost_to_stop,eps0_0,eps0_1,eps0_2,eps0_3,eps0_4,stop_s0.25_T4,stop_s0.25_T8,stop_s0.25_T16,stop_s0.5_T4,stop_s0.5_T8,stop_s0.5_T16,stop_s1_T4,stop_s1_T8,stop_s1_T16,stop_s2_T4,stop_s2_T8,stop_s2_T16,stop_s4_T4,stop_s4_T8,stop_s4_T16,lambda,entropy_sum,entropy_mean,entropy_T
dual_l0_c0,0,0,1,0.279827,0.0487279,0.472181,1.00261,1219.26,0.471787,4.06263,0.226105,0.0257358,0.0195023,0.00749098,0.0386573,0.260585,0.0611876,0.216145,0.382751,0,6.78199e-19,1,300,0,0.226105,0.260585,0.216145,0.382751,0,1218.79,0.00280244,0.172981,0.781956,0.471036,0.05,300,300,300,300,300,300,300,300,300,69,73,81,48,64,72,0,94.1978,0.313993,0.69196
dual_l0_c0,0,1,6,0.28879,0.184994,0.159157,0.975081,1501.77,0.0527241,5.00573,0.0556206,0.0127582,0.0193896,0.00255705,0.0275343,0.335261,0.0774778,0.242462,0.0784196,1,1,22,89,1,0.186614,0.342056,0.287168,0.101333,1,1489.36,0.00280244,0.172981,0.781956,0.471036,0.05,300,300,300,300,300,300,85,89,300,49,87,95,42,46,54,0,6.74554,0.0224851,-0
dual_l0_c0,0,2,0,0.534844,0.0252424,-0.336027,1.09652,1940.14,2.90264,6.45747,0.567904,0.475243,0.0122785,0.00460037,0.0385025,0.246658,0.421789,0.560449,0.124543,1,1,9,300,0,0.567904,0.246658,0.560449,0.124543,1,1937.24,0.00280244,0.172981,0.781956,0.471036,0.05,300,300,300,300,300,300,101,300,300,66,70,127,53,57,65,0,5.47963,0.0182654,-0
dual_l0_c0,0,3,0,0.491569,0.147145,-0.36411,0.923106,1014.82,1.41945,3.37799,0.396179,0.189384,0.0251285,0.00513889,0.0588358,0.208181,0.31487,0.525927,0.494848,1,1,0,71,1,0.561765,0.315979,0.448381,0.458352,1,942.127,0.00280244,0.172981,0.781956,0.471036,0.05,300,300,300,300,300,300,56,71,79,53,57,65,43,47,55,0,1.52881,0.00509604,-0
dual_l0_c0,0,4,1,0.397638,0.151632,-0.477462,1.00252,959.91,4.06032,3.18616,0.646686,0.328308,0.0349746,0.0202173,0.0389032,0.648606,0.0906396,0.571649,0.541817,0,2.37977e-32,1,62,1,0.700056,0.502098,0.506658,0.454109,1,862.825,0.00280244,0.172981,0.781956,0.471036,0.05,300,300,300,300,300,300,58,62,300,41,45,53,30,34,42,0,4.646,0.0154867,3.47543e-24
dual_l0_c0,0,5,2,0.537644,0.0606169,-0.170356,1.0072,1337.05,0.547239,4.45502,0.228751,0.125358,0.0200082,0.014902,0.0406636,0.403934,0.149165,0.617455,0.348737,1,1,16,152,1,0.570839,0.541501,0.470848,0.114816,1,1312.86,0.00280244,0.172981,0.781956,0.471036,0.05,300,300,300,300,300,300,82,152,300,57,61,87,39,43,51,0,15.9653,0.0532176,2.10784e-38
dual_l0_c0,0,6,2,0.151965,0.11882,0.212238,1.0437,972.925,0.254008,3.24224,0.158641,0.0487887,0.0182845,0.00977943,0.0307311,0.425323,0.158804,0.136004,0.0511964,1,1,0,58,1,0.293938,0.299329,0.230855,0.328451,1,955.715,0.00280244,0.172981,0.781956,0.471036,0.05,300,300,300,300,300,300,54,58,300,48,52,60,37,41,49,0,5.52225,0.0184075,2.96661e-19
dual_l0_c0,0,7,4,0.485615,0.0261543,-0.267942,1.07856,1725.96,6.07089,5.73295,0.775967,0.492605,0.0235059,0.00766245,0.0440083,0.449045,0.502158,0.523602,0.557219,1,1,19,300,0,0.775967,0.449045,0.523602,0.557219,1,1719.88,0.00280244,0.172981,0.781956,0.471036,0.05,300,300,300,300,300,300,120,300,300,71,85,117,47,51,59,0,18.6739,0.0622463,-0
dual_l0_c0,0,8,6,0.513023,0.0244018,-0.0664132,0.953785,943.795,1.60105,3.14065,0.388994,0.271248,0.0297759,0.00706214,0.0547942,0.20233,0.352175,0.537084,0.067717,1,1,1,288,1,0.518601,0.405385,0.588791,0.158812,1,939.815,0.00280244,0.172981,0.781956,0.471036,0.05,300,300,300,300,300,300,92,288,300,46,66,93,37,41,49,0,4.22801,0.0140934,-0
dual_l0_c0,0,9,0,0.464981,0.181175,-0.387874,0.925179,1405.4,3.14624,4.67416,0.551717,0.33476,0.00626983,0.00769462,0.0381106,0.230315,0.0550228,0.409735,0.556697,1,1,0,61,1,0.735839,0.622701,0.638974,0.333105,1,1311.87,0.00280244,0.172981,0.781956,0.471036,0.05,300,300,300,300,300,300,57,61,255,45,49,57,39,43,51,0,4.48682,0.0149561,-0
dual_l0_c0,0,10,2,0.180502,0.185484,-0.430808,1.01025,883.984,2.30273,2.93894,0.477825,0.221879,0.0118841,0.00565638,0.0314909,0.573169,0.0232148,0.290418,0.685761,1,1,1,86,1,0.36268,0.613855,0.181687,0.529521,1,828.146,0.00280244,0.172981,0.781956,0.471036,0.05,300,300,300,300,300,300,70,86,105,52,56,79,30,45,53,0,3.7026,0.012342,1.79701e-12
dual_l0_c0,0,11,0,0.342812,0.198078,-0.494593,0.991055,1631.2,3.48161,5.42573,0.595696,0.433495,0.0261343,0.0174774,0.0237401,0.445346,0.0945769,0.443982,0.626167,1,1,20,79,1,0.560757,0.474486,0.399369,0.652306,1,1549.59,0.00280244,0.172981,0.781956,0.471036,0.05,300,300,300,300,300,300,62,79,87,54,58,66,42,46,54,0,16.6981,0.0556602,9.38576e-32
dual_l0_c0,0,12,5,0.296182,0.129097,0.472198,0.931834,1417.3,0.0466378,4.72418,0.0413145,0.0204867,0.0559106,0.0134841,0.0471671,0.517458,0.130523,0.286903,0.285713,1,1,8,300,0,0.0413145,0.517458,0.286903,0.285713,1,1417.25,0.00280244,0.172981,0.781956,0.471036,0.05,300,300,300,300,300,300,117,300,300,67,71,118,40,44,52,0,12.5927,0.0419757,-0
dual_l0_c0,0,13,1,0.367914,0.0492574,-0.209387,1.09875,2366.61,2.63853,7.87989,0.499048,0.147701,0.00843099,0.0105262,0.0408305,0.319072,0.223092,0.415334,0.354809,0,2.36402e-31,18,206,1,0.173438,0.153099,0.413055,0.34774,0,2352.73,0.00280244,0.172981,0.781956,0.471036,0.05,300,300,300,300,300,300,137,206,300,73,86,94,46,56,76,0,22.6843,0.0756143,1.6671e-29
dual_l0_c0,0,14,5,0.272608,0.0403544,-0.35404,0.99968,2133.68,2.94095,7.10245,0.554503,0.253323,0.0132183,0.0136019,0.0550851,0.570038,0.107539,0.47725,0.300264,1,1,0,159,1,0.508639,0.417296,0.179637,0.462992,1,2079.37,0.00280244,0.172981,0.781956,0.471036,0.05,300,300,300,300,300,300,86,159,197,61,65,73,42,53,61,0,5.48224,0.0182741,4.14426e-39
dual_l0_c0,0,15,3,0.282185,0.0852996,-0.360217,1.09349,1459.48,1.34621,4.86044,0.37179,0.282777,0.0273834,0.0247737,0.0401682,0.399332,0.179602,0.493674,0.521634,1,1,30,83,1,0.600152,0.417307,0.310936,0.484473,1,1407.84,0.00280244,0.172981,0.781956,0.471036,0.05,300,300,300,300,300,300,58,83,201,49,53,61,41,45,53,0,1.42376,0.00474586,-0
dual_l0_c0,0,16,6,0.252405,0.150056,0.0638746,1.01106,1722.57,0.0903311,5.74161,0.0989643,0.0432808,0.0315943,0.011862,0.0199585,0.331809,0.10703,0.272978,0.0635758,1,1,13,129,1,0.101849,0.409566,0.278895,0.0646599,1,1716.54,0.00280244,0.172981,0.781956,0.471036,0.05,300,300,300,300,300,300,99,129,300,51,55,76,38,42,50,0,10.6899,0.035633,-0
dual_l0_c0,0,17,6,0.283468,0.167883,-0.361346,0.93855,1181.97,3.25364,3.92904,0.562077,0.135277,0.0129792,0.00497668,0.0432839,0.393754,0.180805,0.296599,0.457568,1,1,0,78,1,0.488031,0.713607,0.310683,0.410434,1,1115.57,0.00280244,0.172981,0.781956,0.471036,0.05,300,300,300,300,300,300,54,78,300,41,45,53,29,33,41,0,6.03989,0.020133,-0
dual_l0_c0,0,18,1,0.549907,0.16225,0.00706267,1.00663,876.879,0.494364,2.92128,0.219003,0.0149359,0.0187568,0.01328,0.038255,0.3025,0.126868,0.576112,0.153191,0,1.15599e-21,1,103,1,0.366261,0.326975,0.540282,0.021972,0,865.943,0.00280244,0.172981,0.781956,0.471036,0.05,300,300,300,300,300,300,91,103,300,70,74,82,30,34,42,0,11.6061,0.038687,5.57296e-20
dual_l0_c0,0,19,7,0.38157,0.0451,-0.442798,0.946116,1100.65,7.16373,3.64494,0.862043,0.210735,0.0291135,0.0162086,0.0347731,0.403058,0.24592,0.358696,0.662948,1,1,10,300,0,0.862043,0.403058,0.358696,0.662948,1,1093.48,0.00280244,0.172981,0.781956,0.471036,0.05,300,300,300,300,300,300,73,300,300,41,45,53,39,43,51,0,9.37667,0.0312556,-0
dual_l0_c0,0,20,4,0.450671,0.0127798,-0.431394,1.03862,2204.7,2.34382,7.34118,0.484026,0.3773,0.0432791,0.0141268,0.0411759,0.333722,0.349398,0.451271,0.576012,1,1,25,183,1,0.637756,0.458919,0.411756,0.786177,1,2167.62,0.00280244,0.172981,0.781956,0.471036,0.05,300,300,300,300,300,300,131,183,191,56,60,84,49,53,61,0,9.82362,0.0327454,-0
dual_l0_c0,0,21,2,0.178613,0.18813,0.284692,0.987755,1151.46,0.212621,3.83749,0.140719,0.0186496,0.030716,0.00711769,0.0306087,0.484443,0.186158,0.207109,0.202915,1,1,0,77,1,0.13749,0.540213,0.124766,0.128962,1,1132.26,0.00280244,0.172981,0.781956,0.471036,0.05,300,300,300,300,300,300,66,77,300,53,64,72,31,35,43,0,1.14782,0.00382607,-0
dual_l0_c0,0,22,7,0.441138,0.136396,-0.162835,0.921308,841.957,0.495399,2.80487,0.216141,0.0928505,0.0188648,0.0203458,0.00788467,0.181062,0.143832,0.442804,0.344651,1,1,1,59,1,0.209273,0.255031,0.451338,0.354433,1,813.175,0.00280244,0.172981,0.781956,0.471036,0.05,300,300,300,300,300,300,50,59,154,45,49,57,38,42,50,0,3.96888,0.0132296,-0
dual_l0_c0,0,23,0,0.517023,0.0865294,-0.0181903,1.09426,1770.33,1.07702,5.8975,0.338366,0.045052,0.0218554,0.00434291,0.0215909,0.233529,0.152434,0.405564,0.255991,1,1,1,78,1,0.168315,0.199571,0.416556,0.244541,1,1743.99,0.00280244,0.172981,0.781956,0.471036,0.05,300,300,300,300,300,300,74,78,86,57,66,74,40,52,60,0,13.808,0.0460267,-0
dual_l0_c0,0,24,1,0.370858,0.0725851,0.0384449,0.913326,1589.43,0.535056,5.29632,0.232589,0.0654456,0.018598,0.0212854,0.019377,0.13048,0.219403,0.669881,0.0492411,0,8.33125e-40,14,124,1,0.430645,0.284338,0.349085,0.130934,0,1569.4,0.00280244,0.172981,0.781956,0.471036,0.05,300,300,300,300,300,300,120,124,300,49,53,61,42,46,54,0,19.9484,0.0664948,0.542922
dual_l0_c0,0,25,4,0.325293,0.0889061,-0.441881,0.95775,1578.39,3.11432,5.25093,0.554292,0.301805,0.0205079,0.0161708,0.0466557,0.512641,0.0909603,0.394757,0.551141,1,1,14,93,1,0.639862,0.452242,0.375082,0.630317,1,1507.95,0.00280244,0.172981,0.781956,0.471036,0.05,300,300,300,300,300,300,83,93,148,44,48,56,36,40,48,0,15.7457,0.0524856,-0
dual_l0_c0,0,26,3,0.13768,0.132364,-0.0814456,0.970856,848.86,0.83728,2.82674,0.292213,0.0722933,0.0340403,0.0119276,0.045995,0.228524,0.10042,0.20718,0.219658,1,1,1,91,1,0.21384,0.096171,0.204874,0.262627,1,832.295,0.00280244,0.172981,0.781956,0.471036,0.05,300,300,300,300,300,300,87,91,99,39,61,87,29,33,41,0,4.29356,0.0143119,-0
dual_l0_c0,0,27,5,0.569564,0.0416277,-0.091663,1.07322,1428.77,0.766502,4.76,0.27443,0.261599,0.0365562,0.00879933,0.0125794,0.154139,0.240896,0.719432,0.118888,1,1,23,300,0,0.27443,0.154139,0.719432,0.118888,1,1428,0.00280244,0.172981,0.781956,0.471036,0.05,300,300,300,300,300,300,193,300,300,72,183,191,40,54,62,0,14.7328,0.0491094,-0
dual_l0_c0,0,28,1,0.462683,0.056316,-0.00562799,1.09459,1627.88,0.387779,5.42497,0.187267,0.114104,0.0107851,0.0149994,0.0414696,0.172789,0.0891921,0.64247,0.137374,0,8.15965e-11,0,173,1,0.282188,0.330401,0.51726,0.262977,1,1616.79,0.00280244,0.172981,0.781956,0.471036,0.05,300,300,300,300,300,300,127,173,181,65,69,91,43,47,55,0,8.85291,0.0295097,1.9606e-09
dual_l0_c0,0,29,7,0.190195,0.0386555,0.311663,0.918512,1324.28,0.12489,4.41385,0.104763,0.019135,0.0168719,0.00657424,0.0174179,0.233079,0.159486,0.331797,0.201754,1,1,19,97,1,0.0558832,0.359645,0.353719,0.147022,1,1308.57,0.00280244,0.172981,0.781956,0.471036,0.05,300,300,300,300,300,300,86,97,300,59,63,88,43,47,55,0,17.7129,0.059043,-0
dual_l0_c0,0,30,2,0.43551,0.00663354,0.00178993,1.07443,1432.56,0.41835,4.77379,0.202202,0.0393584,0.0136934,0.00322747,0.0324702,0.144147,0.178465,0.316698,0.203951,1,1,14,123,1,0.195609,0.220693,0.394662,0.185154,1,1417.6,0.00280244,0.172981,0.781956,0.471036,0.05,300,300,300,300,300,300,100,123,131,69,87,95,54,58,78,0,5.47628,0.0182543,2.7346e-22
dual_l0_c0,0,31,5,0.176478,0.0719513,0.258418,0.964038,1260.85,0.15998,4.2023,0.123427,0.030942,0.0138473,0.0179112,0.0322368,0.325549,0.0949305,0.155818,0.159444,1,1,1,143,1,0.190027,0.411331,0.241553,0.128903,1,1247.35,0.00280244,0.172981,0.781956,0.471036,0.05,300,300,300,300,300,300,74,143,300,55,59,67,45,49,57,0,11.9719,0.0399062,-0
dual_l0_c0,0,32,0,0.347419,0.0348692,0.415206,0.984876,2102.07,1.00245,7.00355,0.277597,0.0207186,0.0229334,0.00606663,0.0205985,0.390607,0.138865,0.504054,0.130097,1,1,0,119,1,0.0670841,0.569754,0.549372,0.304109,1,2081.26,0.00280244,0.172981,0.781956,0.471036,0.05,300,300,300,300,300,300,115,119,300,56,76,101,50,54,62,0,5.61803,0.0187268,-0
dual_l0_c0,0,33,5,0.437556,0.0176016,-0.00755084,1.02577,1571.91,2.56858,5.23113,0.508313,0.152042,0.0212126,0.00391453,0.0547666,0.372819,0.373976,0.398665,0.0726316,1,1,0,300,0,0.508313,0.372819,0.398665,0.0726316,1,1569.34,0.00280244,0.172981,0.781956,0.471036,0.05,300,300,300,300,300,300,98,300,300,64,68,92,35,39,70,0,14.0206,0.0467352,-0
dual_l0_c0,0,34,5,0.432865,0.194518,0.111496,1.03544,1374.39,0.017399,4.58126,0.0523281,0.015486,0.0231098,0.016154,0.0336382,0.260924,0.102771,0.352743,0.0806934,1,1,20,126,1,0.0558402,0.330628,0.413413,0.164442,1,1369.13,0.00280244,0.172981,0.781956,0.471036,0.05,300,300,300,300,300,300,106,126,279,54,58,75,44,48,56,0,7.69598,0.0256533,-0
dual_l0_c0,0,35,3,0.473569,0.118791,-0.229729,1.06867,1150.33,1.20139,3.83043,0.358628,0.296665,0.02769,0.0125779,0.0233694,0.220928,0.167661,0.535722,0.407674,1,1,0,127,1,0.332133,0.0804377,0.580143,0.314499,1,1120.27,0.00280244,0.172981,0.781956,0.471036,0.05,300,300,300,300,300,300,105,127,199,40,44,52,33,43,51,0,15.6774,0.0522579,-0
dual_l0_c0,0,36,5,0.281906,0.171136,0.478324,0.94106,2056.6,0.182303,6.85473,0.146861,0.00975118,0.0389264,0.00794845,0.0373696,0.534433,0.120659,0.312218,0.307135,1,1,0,300,0,0.146861,0.534433,0.312218,0.307135,1,2056.42,0.00280244,0.172981,0.781956,0.471036,0.05,300,300,300,300,300,300,86,300,300,55,59,67,36,57,65,0,9.15545,0.0305182,2.33807e-41
dual_l0_c0,0,37,7,0.381812,0.00248337,-0.222815,1.05262,2754.1,9.2711,9.14944,0.959014,0.347506,0.00468919,0.0150704,0.0467403,0.341063,0.505973,0.223567,0.540807,1,1,23,300,0,0.959014,0.341063,0.223567,0.540807,1,2744.83,0.00280244,0.172981,0.781956,0.471036,0.05,300,300,300,300,300,300,143,300,300,54,58,66,45,49,57,0,8.95766,0.0298589,-0
dual_l0_c0,0,38,4,0.413721,0.161927,-0.466792,0.973748,2142.58,6.91707,7.11888,0.837665,0.248822,0.0128227,0.0200246,0.0277459,0.724048,0.144007,0.467661,0.527113,1,1,45,78,1,0.291451,0.356777,0.579136,0.821962,1,2057.59,0.00280244,0.172981,0.781956,0.471036,0.05,300,300,300,300,300,300,67,78,142,52,56,64,46,50,58,0,14.9536,0.0498454,-0
dual_l0_c0,0,39,4,0.46674,0.190987,-0.0224375,0.938482,1271.49,0.475369,4.23673,0.191328,0.0192679,0.0285316,0.011171,0.0190543,0.345586,0.200394,0.396943,0.114226,1,1,17,66,1,0.16907,0.285422,0.457587,0.248913,1,1255.27,0.00280244,0.172981,0.781956,0.471036,0.05,300,300,300,300,300,300,51,66,102,50,54,62,38,42,50,0,19.6162,0.0653873,-0
dual_l0_c0,0,40,6,0.239845,0.0928903,0.432543,1.08044,1752.91,0.288785,5.84206,0.191008,0.0143585,0.0100418,0.00403853,0.032304,0.589558,0.1154,0.212561,0.378196,1,1,16,149,1,0.158902,0.581028,0.21205,0.381709,1,1734.4,0.00280244,0.172981,0.781956,0.471036,0.05,300,300,300,300,300,300,145,149,300,68,72,120,46,60,68,0,14.3912,0.0479707,-0
dual_l0_c0,0,41,4,0.449348,0.198535,-0.497526,1.04495,1204.05,2.12286,4.00643,0.497297,0.313523,0.0321509,0.0118261,0.0109312,0.356227,0.115719,0.586473,0.692418,1,1,17,64,1,0.607814,0.545779,0.56749,0.761293,1,1133.98,0.00280244,0.172981,0.781956,0.471036,0.05,300,300,300,300,300,300,60,64,83,46,50,58,44,48,56,0,18.32,0.0610668,-0
dual_l0_c0,0,42,6,0.449732,0.176956,0.149094,1.02534,1564.38,0.28115,5.21366,0.179294,0.0205228,0.0312681,0.00876328,0.0208236,0.222362,0.0927465,0.499156,0.0276465,1,1,11,146,1,0.136086,0.249465,0.383669,0.0599089,1,1556.27,0.00280244,0.172981,0.781956,0.471036,0.05,300,300,300,300,300,300,65,146,300,60,64,72,50,54,62,0,15.1808,0.0506027,-0
dual_l0_c0,0,43,1,0.204377,0.115408,0.280744,0.955826,2577.91,0.204917,8.59235,0.126918,0.0242339,0.016804,0.00875344,0.0493878,0.334266,0.124036,0.237374,0.143041,0,3.05373e-13,29,179,1,0.111221,0.0681247,0.366577,0.146716,1,2569.8,0.00280244,0.172981,0.781956,0.471036,0.05,300,300,300,300,300,300,147,179,187,68,72,95,46,50,58,0,25.5865,0.0852883,3.73248e-06
dual_l0_c0,0,44,6,0.230452,0.140099,0.0823957,0.978308,1030.33,0.279208,3.43349,0.171926,0.0506172,0.0149815,0.0125133,0.00896661,0.322181,0.112442,0.292588,0.102846,1,1,1,81,1,0.0733099,0.150702,0.37112,0.0763727,1,1020.12,0.00280244,0.172981,0.781956,0.471036,0.05,300,300,300,300,300,300,77,81,300,50,54,87,40,44,52,0,5.2143,0.017381,-0
dual_l0_c0,0,45,4,0.300927,0.16992,-0.0889343,1.07991,1985.62,0.337436,6.61762,0.196879,0.0109976,0.0248665,0.0079473,0.0517369,0.0840804,0.0380939,0.442756,0.296251,1,1,22,84,1,0.387358,0.442407,0.404345,0.220984,1,1972.86,0.00280244,0.172981,0.781956,0.471036,0.05,300,300,300,300,300,300,63,84,131,59,63,71,49,53,61,0,18.2506,0.0608353,-0
dual_l0_c0,0,46,6,0.373309,0.179031,-0.477296,0.930114,1787.72,5.4891,5.94078,0.752171,0.389725,0.01564,0.00886572,0.0248703,0.755864,0.29239,0.506114,0.560972,1,1,13,72,1,0.625087,0.669668,0.490295,0.697508,1,1694.8,0.00280244,0.172981,0.781956,0.471036,0.05,300,300,300,300,300,300,61,72,300,53,57,65,42,46,54,0,19.4965,0.0649883,-0
dual_l0_c0,0,47,6,0.483705,0.0687121,-0.149179,0.943409,1348.03,0.602945,4.49141,0.247829,0.182424,0.0410769,0.0109172,0.0244911,0.234132,0.128657,0.600002,0.301008,1,1,14,95,1,0.384358,0.217954,0.614876,0.225818,1,1313.57,0.00280244,0.172981,0.781956,0.471036,0.05,300,300,300,300,300,300,91,95,300,51,55,63,42,46,54,0,17.2878,0.057626,-0
dual_l0_c0,0,48,5,0.355156,0.122152,0.165691,1.0424,999.46,0.162199,3.33099,0.142794,0.0219293,0.0298111,0.0180312,0.0240394,0.199065,0.0831129,0.50389,0.071206,1,1,1,138,1,0.121254,0.118019,0.522835,0.125359,1,990.234,0.00280244,0.172981,0.781956,0.471036,0.05,300,300,300,300,300,300,75,138,300,45,49,57,40,44,52,0,13.9898,0.0466328,9.52303e-37
dual_l0_c0,0,49,5,0.496347,0.167367,-0.0810145,0.94888,1797,0.64717,5.98784,0.266212,0.0323484,0.0399256,0.0101375,0.046198,0.269083,0.100189,0.607038,0.285788,1,1,0,80,1,0.311117,0.254419,0.609041,0.25724,1,1782.58,0.00280244,0.172981,0.781956,0.471036,0.05,300,300,300,300,300,300,69,80,224,55,59,67,45,49,57,0,11.8139,0.0393797,1.61888e-34
dual_l0_c0,0,50,7,0.491695,0.182699,0.147338,0.917362,1899.34,0.187512,6.3305,0.154724,0.0282563,0.0404524,0.00766932,0.0120449,0.192232,0.126109,0.532356,0.0933103,1,1,20,70,1,0.192122,0.0863373,0.603382,0.106973,1,1888.04,0.00280244,0.172981,0.781956,0.471036,0.05,300,300,300,300,300,300,66,70,300,56,60,68,46,50,58,0,7.16178,0.0238726,-0
dual_l0_c0,0,51,7,0.482865,0.19379,-0.111416,1.01669,1582.71,0.347139,5.27454,0.185537,0.0872775,0.034199,0.0207772,0.0353143,0.208765,0.186288,0.413242,0.289472,1,1,23,71,1,0.249886,0.200692,0.4479,0.314544,1,1563.97,0.00280244,0.172981,0.781956,0.471036,0.05,300,300,300,300,300,300,67,71,257,51,55,63,37,41,49,0,14.0968,0.0469894,-0
dual_l0_c0,0,52,6,0.408942,0.155562,-0.240589,1.02755,970.807,0.936542,3.2329,0.299212,0.22754,0.0493235,0.0198816,0.028275,0.381725,0.137436,0.455214,0.446896,1,1,0,87,1,0.392585,0.154574,0.393812,0.555068,1,937.834,0.00280244,0.172981,0.781956,0.471036,0.05,300,300,300,300,300,300,83,87,142,50,54,62,35,39,47,0,4.57028,0.0152343,-0
dual_l0_c0,0,53,1,0.502556,0.0746694,0.282294,1.00661,1772.15,0.0622955,5.90697,0.102751,0.0137201,0.0225283,0.00848764,0.0234181,0.279856,0.0739104,0.56553,0.0796533,0,6.19447e-24,12,100,1,0.140774,0.211018,0.594005,0.0760341,1,1758.25,0.00280244,0.172981,0.781956,0.471036,0.05,300,300,300,300,300,300,96,100,300,45,59,67,42,46,54,0,29.5097,0.0983658,1.56988e-17
dual_l0_c0,0,54,7,0.347073,0.141489,-0.493211,1.09375,1754.78,1.52561,5.84417,0.38692,0.248888,0.0150051,0.0120379,0.0282077,0.31562,0.0704534,0.427145,0.688283,1,1,5,145,1,0.476565,0.406257,0.435949,0.687371,1,1713.92,0.00280244,0.172981,0.781956,0.471036,0.05,300,300,300,300,300,300,70,145,300,54,58,66,46,50,58,0,12.2035,0.0406782,-0
dual_l0_c0,0,55,6,0.39037,0.153162,0.322263,0.912677,1516.19,0.14668,5.05349,0.109492,0.0246273,0.0281581,0.0114307,0.0395214,0.359089,0.093471,0.346997,0.224026,1,1,19,89,1,0.209871,0.374642,0.426925,0.229995,1,1501.99,0.00280244,0.172981,0.781956,0.471036,0.05,300,300,300,300,300,300,85,89,300,65,69,77,34,38,71,0,13.9943,0.0466475,-0
dual_l0_c0,0,56,5,0.479214,0.0784673,0.210173,1.09239,1109.64,0.189677,3.69816,0.113267,0.0125245,0.0288228,0.013551,0.0213395,0.348587,0.102536,0.308875,0.258203,1,1,18,147,1,0.0961906,0.141078,0.416382,0.107282,1,1099.75,0.00280244,0.172981,0.781956,0.471036,0.05,300,300,300,300,300,300,106,147,300,59,63,71,34,38,46,0,7.05409,0.0235136,1.46292e-29
dual_l0_c0,0,57,1,0.115277,0.123797,-0.260152,0.916013,832.139,1.25388,2.76962,0.358656,0.183871,0.0319978,0.00833651,0.00781151,0.208723,0.15545,0.249836,0.371992,0,1.4013e-45,0,105,1,0.419814,0.151634,0.179017,0.505786,0,792.339,0.00280244,0.172981,0.781956,0.471036,0.05,300,300,300,300,300,300,51,105,141,38,42,50,26,38,46,0,2.93589,0.0097863,9.65191e-12
dual_l0_c0,0,58,5,0.460491,0.183327,-0.43489,1.07897,1434.06,1.73299,4.77443,0.423952,0.196315,0.0291835,0.00627594,0.0248937,0.571651,0.186055,0.438163,0.578984,1,1,10,96,1,0.515088,0.407419,0.441248,0.697516,1,1381.28,0.00280244,0.172981,0.781956,0.471036,0.05,300,300,300,300,300,300,70,96,134,52,65,73,40,44,52,0,10.5802,0.0352673,4.47631e-37
dual_l0_c0,0,59,3,0.28269,0.0199479,-0.214944,1.07343,1142.68,2.45465,3.80075,0.484714,0.0680326,0.0356734,0.00684516,0.0264403,0.31357,0.0781236,0.320324,0.399408,1,1,16,92,1,0.23423,0.230215,0.38313,0.345329,1,1106.91,0.00280244,0.172981,0.781956,0.471036,0.05,300,300,300,300,300,300,61,92,198,47,51,59,38,42,50,0,18.5152,0.0617173,1.03086e-16
dual_l0_c0,0,60,0,0.404507,0.181345,-0.462475,0.970915,1124.54,2.11574,3.74143,0.452422,0.341822,0.0208448,0.0100344,0.0785344,0.392115,0.180935,0.367081,0.588896,1,1,0,75,1,0.450805,0.485459,0.335805,0.588588,1,1059.72,0.00280244,0.172981,0.781956,0.471036,0.05,300,300,300,300,300,300,64,75,83,47,51,59,37,41,49,0,3.54309,0.0118103,-0
dual_l0_c0,0,61,5,0.293084,0.1655,0.198789,0.913959,1950.26,0.338216,6.49974,0.166955,0.0181004,0.00146087,0.0175138,0.0361008,0.117187,0.0772732,0.443467,0.102074,1,1,0,164,1,0.10169,0.423822,0.392133,0.153714,1,1942.91,0.00280244,0.172981,0.781956,0.471036,0.05,300,300,300,300,300,300,92,164,300,56,70,78,45,49,57,0,10.835,0.0361167,1.36836e-38
dual_l0_c0,0,62,1,0.487211,0.167735,0.100788,1.05422,1724.62,0.678521,5.74647,0.256799,0.0280129,0.0283609,0.00448099,0.0410989,0.256022,0.214246,0.31753,0.0365563,0,2.97707e-10,6,146,1,0.0654938,0.213817,0.304581,0.0928757,0,1715.59,0.00280244,0.172981,0.781956,0.471036,0.05,300,300,300,300,300,300,142,146,300,71,75,151,47,51,59,0,45.167,0.150557,6.53019e-09
dual_l0_c0,0,63,3,0.258255,0.0710104,0.0145037,0.977974,2107.2,0.8432,7.02119,0.286231,0.0764914,0.0327589,0.0129244,0.0503747,0.223112,0.282557,0.360283,0.135121,1,1,13,144,1,0.1898,0.11653,0.338977,0.0817538,1,2095.68,0.00280244,0.172981,0.781956,0.471036,0.05,300,300,300,300,300,300,93,144,174,59,63,71,48,52,60,0,15.1122,0.0503739,-0
dual_l0_c0,0,64,4,0.306573,0.155347,-0.181309,1.06503,1171.92,0.193323,3.90574,0.139542,0.0407821,0.0186998,0.0138201,0.0476056,0.253615,0.185322,0.375129,0.356889,1,1,15,96,1,0.105532,0.2286,0.351534,0.44355,1,1154.77,0.00280244,0.172981,0.781956,0.471036,0.05,300,300,300,300,300,300,92,96,104,60,64,99,36,51,59,0,7.99743,0.0266581,-0
dual_l0_c0,0,65,4,0.433489,0.00318217,-0.45113,1.05977,1713.09,1.22225,5.70622,0.348917,0.220208,0.0376536,0.0218593,0.0110887,0.240462,0.127803,0.439492,0.638783,1,1,21,56,1,0.603262,0.17548,0.261668,0.432094,0,1648.82,0.00280244,0.172981,0.781956,0.471036,0.05,300,300,300,300,300,300,52,56,300,39,43,51,34,38,46,0,14.8001,0.0493336,-0
dual_l0_c0,0,66,0,0.471737,0.105678,-0.0505208,0.959978,1165.9,0.571668,3.88442,0.238377,0.0231494,0.0258113,0.00531293,0.0335734,0.32658,0.0722749,0.515958,0.1946,1,1,17,88,1,0.290538,0.162183,0.547233,0.1499,1,1146.91,0.00280244,0.172981,0.781956,0.471036,0.05,300,300,300,300,300,300,84,88,300,45,49,57,41,45,53,0,19.4407,0.0648023,1.31512e-23
dual_l0_c0,0,67,7,0.362885,0.12742,0.399333,1.05352,1228.93,0.0400075,4.09631,0.0531422,0.0223437,0.0275832,0.010078,0.0341265,0.749247,0.214111,0.462108,0.0594046,1,1,0,300,0,0.0531422,0.749247,0.462108,0.0594046,1,1228.89,0.00280244,0.172981,0.781956,0.471036,0.05,300,300,300,300,300,300,150,300,300,77,119,155,38,51,75,0,6.44793,0.0214931,-0
dual_l0_c0,0,68,1,0.34651,0.0428209,0.0853858,0.963042,2140.16,0.537056,7.13207,0.250104,0.0517707,0.0352987,0.0172376,0.0491368,0.403894,0.0899077,0.457264,0.0672296,0,7.59914e-07,18,262,1,0.388304,0.0985888,0.317431,0.139623,0,2133.97,0.00280244,0.172981,0.781956,0.471036,0.05,300,300,300,300,300,300,243,262,300,49,53,103,46,50,58,0,30.8755,0.102918,0.0163975
dual_l0_c0,0,69,0,0.298852,0.142803,0.306924,1.00311,1212.83,0.353559,4.0416,0.192646,0.0107762,0.0402684,0.00819105,0.0212653,0.342236,0.0606077,0.369303,0.0850006,1,1,17,108,1,0.227101,0.0591014,0.409299,0.0701742,1,1197.95,0.00280244,0.172981,0.781956,0.471036,0.05,300,300,300,300,300,300,84,108,300,55,59,67,42,46,54,0,13.9867,0.0466224,1.59423e-21
dual_l0_c0,0,70,6,0.419506,0.0173453,-0.485484,0.906796,1974.26,8.13355,6.55377,0.899389,0.494373,0.0126387,0.017934,0.0437962,0.828231,0.282775,0.454234,0.790597,1,1,9,71,1,0.752275,0.53991,0.452305,0.438907,1,1759.29,0.00280244,0.172981,0.781956,0.471036,0.05,300,300,300,300,300,300,61,71,183,55,59,67,49,53,61,0,11.0114,0.0367048,-0
dual_l0_c0,0,71,5,0.494104,0.0746148,0.312638,1.09186,1564,0.335404,5.21221,0.164052,0.0247691,0.0147366,0.0118054,0.0465365,0.361091,0.238298,0.623459,0.196643,1,1,0,225,1,0.062222,0.208654,0.508095,0.115032,1,1557.98,0.00280244,0.172981,0.781956,0.471036,0.05,300,300,300,300,300,300,88,225,300,62,80,88,44,48,56,0,17.9362,0.0597875,1.97443e-42
dual_l0_c0,0,72,1,0.479733,0.1762,-0.201506,0.965405,1085.05,0.824024,3.61409,0.27675,0.207813,0.0416208,0.00464896,0.0192715,0.2638,0.15858,0.477141,0.27667,0,9.88399e-16,0,133,1,0.360771,0.482256,0.583913,0.402145,1,1055.17,0.00280244,0.172981,0.781956,0.471036,0.05,300,300,300,300,300,300,129,133,300,44,48,56,35,39,47,0,14.5341,0.0484469,3.41496e-14
dual_l0_c0,0,73,6,0.312145,0.0753175,0.139123,1.0542,1688.89,0.0852553,5.62936,0.0764225,0.0155848,0.029694,0.0119587,0.046099,0.265464,0.0759813,0.223886,0.0644775,1,1,23,231,1,0.118731,0.163764,0.221777,0.0890053,1,1685.65,0.00280244,0.172981,0.781956,0.471036,0.05,300,300,300,300,300,300,164,231,300,70,74,82,44,48,66,0,14.4673,0.0482243,-0
dual_l0_c0,0,74,4,0.531365,0.19379,-0.217745,1.00776,1145.52,0.52077,3.81665,0.20739,0.165097,0.0224096,0.0158296,0.0534064,0.503012,0.0981427,0.53179,0.37414,1,1,46,148,1,0.377897,0.334406,0.734733,0.296621,1,1127.12,0.00280244,0.172981,0.781956,0.471036,0.05,300,300,300,300,300,300,85,148,290,49,61,69,42,46,54,0,7.23108,0.0241036,-0
dual_l0_c0,0,75,6,0.350999,0.0588444,0.179428,1.09152,2653.99,0.105008,8.84627,0.125034,0.0170377,0.0414347,0.0110309,0.0473407,0.237164,0.158545,0.438321,0.0991067,1,1,28,194,1,0.0597794,0.168754,0.509237,0.0821423,1,2649.44,0.00280244,0.172981,0.781956,0.471036,0.05,300,300,300,300,300,300,157,194,300,72,76,84,50,54,75,0,14.544,0.0484799,-0
dual_l0_c0,0,76,6,0.475728,0.0797803,-0.285196,0.921035,1117.95,2.33194,3.71872,0.47787,0.281241,0.0216868,0.00830082,0.0567421,0.447574,0.446496,0.428618,0.342466,1,1,0,87,1,0.573785,0.501055,0.423589,0.457816,1,1051.56,0.00280244,0.172981,0.781956,0.471036,0.05,300,300,300,300,300,300,83,87,300,47,51,59,38,47,55,0,13.1401,0.0438003,-0
dual_l0_c0,0,77,7,0.394629,0.0273094,0.181595,0.980123,1870.14,0.268922,6.2329,0.183716,0.0244192,0.0256004,0.0140833,0.0326333,0.245683,0.099686,0.478325,0.0270637,1,1,10,71,1,0.175038,0.246056,0.377655,0.158916,1,1857.3,0.00280244,0.172981,0.781956,0.471036,0.05,300,300,300,300,300,300,67,71,300,62,66,74,41,58,66,0,18.2117,0.0607055,-0
dual_l0_c0,0,78,5,0.500095,0.144042,-0.271307,1.05626,1353.6,0.365638,4.51077,0.171086,0.0913408,0.01033,0.0209522,0.0201455,0.438686,0.346197,0.612522,0.444056,1,1,2,187,1,0.266356,0.521738,0.657161,0.474516,1,1331.84,0.00280244,0.172981,0.781956,0.471036,0.05,300,300,300,300,300,300,71,187,300,56,60,68,48,52,60,0,11.2755,0.0375851,9.35367e-32
dual_l0_c0,0,79,5,0.181629,0.134577,-0.337693,1.08336,1117.06,1.04755,3.72003,0.328728,0.218303,0.0241183,0.0138935,0.0283175,0.414349,0.138449,0.481265,0.291937,1,1,0,112,1,0.319942,0.277733,0.273337,0.558138,1,1068.17,0.00280244,0.172981,0.781956,0.471036,0.05,300,300,300,300,300,300,68,112,300,47,51,59,37,41,49,0,11.4964,0.0383212,-0
dual_l0_c0,0,80,0,0.305267,0.0536277,-0.216461,0.900734,1415.26,3.35875,4.70634,0.590389,0.213884,0.0256235,0.00937614,0.0369319,0.327312,0.0794619,0.400887,0.276846,1,1,0,292,1,0.589398,0.567511,0.460714,0.335811,1,1409.2,0.00280244,0.172981,0.781956,0.471036,0.05,300,300,300,300,300,300,136,292,300,43,47,83,37,41,49,0,4.18625,0.0139542,-0
dual_l0_c0,0,81,1,0.25199,0.0911183,0.0151876,1.06231,1011.6,0.0137457,3.37194,0.0340692,0.0321592,0.0264532,0.0207492,0.029248,0.277767,0.101244,0.422306,0.262226,0,0,1,95,1,0.100117,0.235206,0.25185,0.121995,0,1003.12,0.00280244,0.172981,0.781956,0.471036,0.05,300,300,300,300,300,300,73,95,300,45,68,76,37,41,49,0,14.3505,0.0478349,-0
dual_l0_c0,0,82,1,0.447172,0.036951,-0.399754,0.916545,1113.35,7.83078,3.68507,0.889718,0.455529,0.026991,0.00910051,0.0325597,0.697736,0.217126,0.29814,0.235657,0,0,6,72,1,0.703845,0.534714,0.342366,0.522982,0,930.517,0.00280244,0.172981,0.781956,0.471036,0.05,300,300,300,300,300,300,68,72,300,53,57,80,33,37,63,0,18.6849,0.0622831,-0
dual_l0_c0,0,83,4,0.536134,0.16885,0.308121,0.950575,1620.01,0.912075,5.39698,0.309483,0.0200679,0.0162907,0.0102136,0.0378991,0.248569,0.179292,0.527108,0.167509,1,1,36,121,1,0.109676,0.526936,0.640956,0.0659205,1,1601.29,0.00280244,0.172981,0.781956,0.471036,0.05,300,300,300,300,300,300,86,121,300,42,65,73,40,44,52,0,21.7977,0.0726589,-0
dual_l0_c0,0,84,6,0.416504,0.07556,0.0698498,0.947326,1938.81,1.71772,6.45697,0.424351,0.0150981,0.0319251,0.016595,0.0198328,0.0803695,0.347165,0.508013,0.0784232,1,1,20,91,1,0.378864,0.196453,0.472611,0.159605,1,1896.87,0.00280244,0.172981,0.781956,0.471036,0.05,300,300,300,300,300,300,87,91,300,54,76,109,43,47,55,0,11.6445,0.0388151,-0
dual_l0_c0,0,85,0,0.442897,0.139475,-0.0697981,1.00951,1837.83,0.268188,6.12521,0.169023,0.0280522,0.0479071,0.0193133,0.0120879,0.231489,0.108026,0.554465,0.293513,1,1,20,88,1,0.306704,0.160218,0.582628,0.343725,1,1828.83,0.00280244,0.172981,0.781956,0.471036,0.05,300,300,300,300,300,300,84,88,146,53,57,65,37,41,49,0,15.9978,0.0533259,1.06751e-41
dual_l0_c0,0,86,4,0.383459,0.0360704,0.0806735,1.01335,855.889,0.390063,2.85166,0.189994,0.030295,0.021497,0.00965355,0.0193084,0.179029,0.147565,0.417666,0.140606,1,1,10,117,1,0.155963,0.1488,0.364507,0.0670896,1,845.675,0.00280244,0.172981,0.781956,0.471036,0.05,300,300,300,300,300,300,113,117,149,47,51,76,34,38,46,0,8.49269,0.028309,-0
dual_l0_c0,0,87,7,0.432045,0.161286,-0.025977,0.983215,2158.38,0.923541,7.19151,0.287662,0.0722152,0.0330428,0.0163426,0.0181482,0.435317,0.218619,0.344198,0.0616449,1,1,26,106,1,0.137888,0.428839,0.588814,0.169972,1,2140.14,0.00280244,0.172981,0.781956,0.471036,0.05,300,300,300,300,300,300,83,106,241,59,63,71,49,53,61,0,20.5189,0.0683962,-0
dual_l0_c0,0,88,1,0.510933,0.178163,0.10097,1.02629,1715.8,0.193448,5.7187,0.129919,0.0268086,0.0210283,0.00615402,0.047517,0.338227,0.263014,0.664754,0.115616,0,2.70423e-36,0,216,1,0.103676,0.283889,0.670298,0.0744912,0,1712.43,0.00280244,0.172981,0.781956,0.471036,0.05,300,300,300,300,300,300,105,216,300,61,65,73,48,52,60,0,19.8745,0.0662482,2.41803e-25
dual_l0_c0,0,89,2,0.35837,0.110804,-0.126733,0.98471,971.096,0.372203,3.23575,0.190144,0.0972277,0.0246968,0.0154187,0.0367441,0.361621,0.0580848,0.247893,0.181934,1,1,1,121,1,0.235372,0.276835,0.506408,0.278256,1,954.339,0.00280244,0.172981,0.781956,0.471036,0.05,300,300,300,300,300,300,66,121,129,47,51,70,42,46,54,0,4.57808,0.0152603,-0
dual_l0_c0,0,90,2,0.362174,0.0225001,0.0676554,1.00716,1967.31,1.32433,6.55329,0.344059,0.123024,0.0214099,0.0112299,0.0265238,0.416713,0.350324,0.358604,0.0576212,1,1,21,85,1,0.334307,0.230323,0.447379,0.148109,1,1939.39,0.00280244,0.172981,0.781956,0.471036,0.05,300,300,300,300,300,300,81,85,240,54,73,81,47,51,59,0,9.18642,0.0306214,3.50605e-42
dual_l0_c0,0,91,3,0.419491,0.0700563,0.448763,1.00647,1078.76,0.0640352,3.59567,0.0823213,0.0116043,0.030782,0.0176012,0.0496056,0.539986,0.0970655,0.326881,0.168438,1,1,0,300,0,0.0823213,0.539986,0.326881,0.168438,1,1078.7,0.00280244,0.172981,0.781956,0.471036,0.05,300,300,300,300,300,300,94,300,300,74,78,86,40,44,52,0,7.51257,0.0250419,-0
dual_l0_c0,0,92,5,0.38077,0.167009,0.436292,1.03081,1841.41,0.564035,6.13615,0.239398,0.0282712,0.0190986,0.0147546,0.0901129,0.401201,0.104298,0.363969,0.343907,1,1,0,217,1,0.1485,0.406515,0.310917,0.189625,1,1832.67,0.00280244,0.172981,0.781956,0.471036,0.05,300,300,300,300,300,300,69,217,300,67,71,79,45,49,57,0,19.5829,0.0652764,1.39266e-22
dual_l0_c0,0,93,4,0.246562,0.0728679,-0.309784,1.07934,1143.42,3.00819,3.80139,0.548664,0.0451987,0.047973,0.00552019,0.0313351,0.254453,0.285128,0.372425,0.522113,1,1,13,149,1,0.0785084,0.187861,0.174137,0.443293,1,1109.32,0.00280244,0.172981,0.781956,0.471036,0.05,300,300,300,300,300,300,64,149,236,54,58,66,42,46,54,0,12.1563,0.040521,-0
dual_l0_c0,0,94,4,0.198938,0.137967,0.354441,0.917787,1156.44,0.201643,3.85412,0.15901,0.0117389,0.0280997,0.00544642,0.0201742,0.280275,0.128018,0.215581,0.156825,1,1,14,73,1,0.0894936,0.369264,0.164744,0.184661,1,1135.19,0.00280244,0.172981,0.781956,0.471036,0.05,300,300,300,300,300,300,69,73,300,51,55,63,45,49,57,0,9.27455,0.0309152,-0
dual_l0_c0,0,95,7,0.0603676,0.185174,0.0854224,0.929905,2157.41,0.323077,7.19027,0.192001,0.0347346,0.0101252,0.0181492,0.0512125,0.142369,0.0834669,0.331253,0.0970358,1,1,0,116,1,0.108629,0.197687,0.178983,0.114472,1,2150.63,0.00280244,0.172981,0.781956,0.471036,0.05,300,300,300,300,300,300,72,116,202,51,55,63,50,54,62,0,11.6996,0.0389985,-0
dual_l0_c0,0,96,4,0.398263,0.19875,0.494497,1.04494,1262.59,0.472392,4.20706,0.226762,0.0427864,0.0388711,0.0126288,0.0531464,0.345398,0.0509214,0.426081,0.217165,1,1,16,300,0,0.226762,0.345398,0.426081,0.217165,1,1262.12,0.00280244,0.172981,0.781956,0.471036,0.05,300,300,300,300,300,300,139,300,300,55,67,89,41,45,53,0,2.81105,0.00937016,-0
dual_l0_c0,0,97,5,0.432392,0.166741,0.0690376,0.917142,1228.75,0.0855155,4.09553,0.110268,0.0106776,0.0224563,0.00847905,0.0290305,0.211176,0.119543,0.435101,0.11519,1,1,2,111,1,0.119627,0.356329,0.392432,0.154857,1,1219.83,0.00280244,0.172981,0.781956,0.471036,0.05,300,300,300,300,300,300,71,111,272,53,57,65,41,45,53,0,7.66058,0.0255353,-0
dual_l0_c0,0,98,5,0.454787,0.063934,-0.0420609,1.0181,1781.77,0.106917,5.93887,0.114438,0.0386773,0.0185794,0.0132952,0.0446558,0.230225,0.045499,0.52507,0.201771,1,1,0,177,1,0.283876,0.411129,0.590286,0.415489,1,1772.62,0.00280244,0.172981,0.781956,0.471036,0.05,300,300,300,300,300,300,173,177,300,65,76,84,36,67,75,0,7.60911,0.0253637,-0
dual_l0_c0,0,99,6,0.600935,0.0962008,0.233901,0.936715,1382.42,0.0448458,4.60791,0.0637971,0.00899525,0.0260493,0.00878062,0.0240252,0.224736,0.098713,0.611739,0.167332,1,1,2,300,0,0.0637971,0.224736,0.611739,0.167332,1,1382.37,0.00280244,0.172981,0.781956,0.471036,0.05,300,300,300,300,300,300,102,300,300,50,66,74,36,47,55,0,11.9104,0.0397013,-0
dual_l0_c0,0,100,4,0.530394,0.0903143,0.0514029,0.967287,2089.71,0.237105,6.96492,0.157561,0.101906,0.007763,0.0142047,0.010137,0.325508,0.208287,0.461526,0.0696113,1,1,30,188,1,0.126198,0.104651,0.387183,0.0946295,1,2084.34,0.00280244,0.172981,0.781956,0.471036,0.05,300,300,300,300,300,300,184,188,300,53,57,65,44,48,56,0,14.0838,0.0469461,-0
dual_l0_c0,0,101,2,0.320529,0.164775,0.234506,1.03279,2162.92,0.149284,7.20922,0.130479,0.0280792,0.0218865,0.0149552,0.0548288,0.470966,0.0648494,0.435255,0.143478,0,2.085e-07,0,120,1,0.201588,0.31444,0.447314,0.0258765,1,2150.86,0.00280244,0.172981,0.781956,0.471036,0.05,300,300,300,300,300,300,87,120,300,47,65,92,43,47,55,0,29.7161,0.0990538,3.44585e-06
dual_l0_c0,0,102,6,0.540161,0.155586,-0.120244,1.06337,1164.21,1.25103,3.87654,0.357169,0.0742547,0.0258219,0.00298286,0.0297203,0.107099,0.0955706,0.586827,0.33025,1,1,13,136,1,0.248749,0.221291,0.386605,0.301326,1,1148.35,0.00280244,0.172981,0.781956,0.471036,0.05,300,300,300,300,300,300,85,136,160,50,83,91,39,43,51,0,11.6154,0.0387179,-0
dual_l0_c0,0,103,2,0.457232,0.175764,0.263747,1.09026,1757.51,0.382821,5.85708,0.189643,0.0296996,0.0203239,0.0120569,0.0209957,0.516302,0.125013,0.418148,0.143374,1,1,18,260,1,0.0916661,0.254744,0.394851,0.14891,1,1754.8,0.00280244,0.172981,0.781956,0.471036,0.05,300,300,300,300,300,300,81,260,300,70,74,82,52,69,77,0,2.34372,0.00781241,-0
dual_l0_c0,0,104,7,0.313448,0.115665,0.328273,0.950521,1887.61,0.134555,6.29158,0.155082,0.0240482,0.0288901,0.00677863,0.0246034,0.360811,0.132639,0.237632,0.136813,1,1,21,195,1,0.115712,0.283345,0.184144,0.226087,1,1877.32,0.00280244,0.172981,0.781956,0.471036,0.05,300,300,300,300,300,300,186,195,300,59,63,87,47,51,59,0,10.6032,0.0353441,-0
dual_l0_c0,0,105,0,0.544314,0.133144,-0.130149,0.987984,1362.63,1.2163,4.53805,0.34333,0.0865491,0.0391753,0.00818302,0.038408,0.10484,0.132835,0.437613,0.299309,1,1,1,141,1,0.255621,0.410277,0.582087,0.202165,1,1346.28,0.00280244,0.172981,0.781956,0.471036,0.05,300,300,300,300,300,300,93,141,235,51,55,80,39,43,51,0,13.4588,0.0448626,-0
dual_l0_c0,0,106,6,0.429342,0.0960314,-0.340866,0.98806,2165.64,3.07846,7.20855,0.564255,0.304925,0.0369197,0.00919162,0.0547335,0.365877,0.191999,0.594294,0.522775,1,1,18,207,1,0.484783,0.35799,0.608655,0.34706,1,2138.37,0.00280244,0.172981,0.781956,0.471036,0.05,300,300,300,300,300,300,92,207,285,53,57,81,42,46,54,0,14.4694,0.0482314,-0
dual_l0_c0,0,107,1,0.450231,0.0595768,0.321664,0.903738,1826.38,0.00155717,6.08792,0.0158837,0.0117938,0.0371329,0.0114012,0.0421345,0.286099,0.0816845,0.416678,0.225085,0,1.22076e-40,25,137,1,0.0771314,0.322292,0.389383,0.0935674,0,1811.31,0.00280244,0.172981,0.781956,0.471036,0.05,300,300,300,300,300,300,101,137,300,52,56,64,37,41,49,0,22.1625,0.0738749,3.05337e-19
dual_l0_c0,0,108,0,0.443478,0.00231678,-0.29981,0.908354,1192.64,0.871954,3.97256,0.294313,0.00478609,0.0190903,0.019774,0.0508071,0.380869,0.0829328,0.519092,0.488704,1,1,7,215,1,0.434653,0.368606,0.427951,0.22792,1,1170.75,0.00280244,0.172981,0.781956,0.471036,0.05,300,300,300,300,300,300,140,215,223,52,82,134,39,43,51,0,19.1145,0.063715,-0
dual_l0_c0,0,109,1,0.380998,0.19132,-0.35866,1.09357,1251.91,0.782477,4.17042,0.269328,0.187712,0.0433663,0.00533922,0.032375,0.540738,0.202276,0.372254,0.52654,0,0,0,64,1,0.19556,0.430961,0.391979,0.363347,0,1203.65,0.00280244,0.172981,0.781956,0.471036,0.05,300,300,300,300,300,300,60,64,300,52,56,64,45,49,57,0,8.56856,0.0285619,7.7041e-30
dual_l0_c0,0,110,2,0.435811,0.047146,0.0274593,1.07568,976.781,0.713073,3.25356,0.250883,0.131568,0.0405868,0.00538483,0.0168589,0.21654,0.167115,0.395672,0.265243,1,1,4,300,0,0.250883,0.21654,0.395672,0.265243,1,976.068,0.00280244,0.172981,0.781956,0.471036,0.05,300,300,300,300,300,300,151,300,300,62,66,148,41,45,53,0,14.0483,0.0468277,3.78126e-09
dual_l0_c0,0,111,4,0.430108,0.189412,0.335902,0.94796,959.902,0.118685,3.19928,0.0909847,0.0127096,0.056585,0.0113085,0.0449965,0.43755,0.143183,0.540891,0.126026,1,1,13,120,1,0.183146,0.197996,0.525797,0.0600345,1,944.289,0.00280244,0.172981,0.781956,0.471036,0.05,300,300,300,300,300,300,82,120,300,64,68,76,29,33,41,0,10.1906,0.0339687,-0
dual_l0_c0,0,112,6,0.452412,0.100499,-0.445893,1.06477,2182.74,3.17544,7.26521,0.571252,0.332154,0.0200908,0.00947681,0.0276774,0.168983,0.260674,0.472682,0.768614,1,1,17,89,1,0.552519,0.361322,0.376414,0.61795,1,2111.79,0.00280244,0.172981,0.781956,0.471036,0.05,300,300,300,300,300,300,70,89,198,56,60,68,52,56,64,0,8.92214,0.0297405,-0
dual_l0_c0,0,113,3,0.465147,0.0102467,0.0802397,1.03582,1140.93,0.900188,3.80009,0.289636,0.091799,0.017586,0.00787583,0.00732057,0.409531,0.240355,0.302428,0.152265,1,1,4,249,1,0.265599,0.120157,0.540617,0.0131661,1,1134.98,0.00280244,0.172981,0.781956,0.471036,0.05,300,300,300,300,300,300,220,249,257,48,59,88,35,46,54,0,7.68689,0.025623,3.16113e-20
dual_l0_c0,0,114,2,0.261734,0.02644,0.311237,1.06736,2080.3,0.633955,6.93222,0.262888,0.0338212,0.0359002,0.0118422,0.0394354,0.416946,0.296606,0.213109,0.303377,1,1,20,117,1,0.131291,0.331456,0.243373,0.195812,1,2066.36,0.00280244,0.172981,0.781956,0.471036,0.05,300,300,300,300,300,300,94,117,180,57,78,96,38,54,62,0,9.66536,0.0322179,2.73022e-29
dual_l0_c0,0,115,2,0.362424,0.156139,0.113804,1.09538,899.666,0.0645432,2.99867,0.0784393,0.0281545,0.0311947,0.0184639,0.0456434,0.190318,0.112684,0.624617,0.19276,1,0.990269,21,113,1,0.191038,0.223144,0.291736,0.113975,1,889.603,0.00280244,0.172981,0.781956,0.471036,0.05,300,300,300,300,300,300,64,113,300,47,65,100,28,37,45,0,13.2828,0.0442759,0.0547618
dual_l0_c0,0,116,5,0.280444,0.199126,-0.0593765,1.03058,1888.87,0.160977,6.29568,0.117424,0.0301657,0.0101895,0.0142444,0.0232166,0.0805352,0.0488105,0.293555,0.211631,1,1,0,89,1,0.212303,0.141812,0.392339,0.199981,1,1876.89,0.00280244,0.172981,0.781956,0.471036,0.05,300,300,300,300,300,300,85,89,300,69,73,81,50,64,72,0,23.1897,0.0772992,2.44635e-25
dual_l0_c0,0,117,2,0.545044,0.10804,0.18683,1.06443,1649.01,0.474704,5.4951,0.203375,0.0251035,0.0250702,0.00852182,0.0414837,0.272477,0.231482,0.495458,0.18409,1,1,19,77,1,0.361349,0.101694,0.476831,0.0760069,1,1633.62,0.00280244,0.172981,0.781956,0.471036,0.05,300,300,300,300,300,300,73,77,85,63,67,75,51,55,63,0,5.94597,0.0198199,7.85762e-07
dual_l0_c0,0,118,5,0.57331,0.115862,0.346437,0.956545,998.583,0.10448,3.32826,0.0891248,0.0186655,0.0129846,0.0111778,0.0318285,0.447375,0.206864,0.605153,0.192453,1,1,0,282,1,0.0862184,0.233266,0.787103,0.208493,1,997.466,0.00280244,0.172981,0.781956,0.471036,0.05,300,300,300,300,300,300,100,282,300,62,73,81,36,48,66,0,14.2472,0.0474906,7.45409e-22
dual_l0_c0,0,119,7,0.550234,0.103428,0.0171392,1.05096,1949.73,0.44239,6.49762,0.20929,0.0240632,0.0160542,0.015246,0.019909,0.148222,0.176501,0.584969,0.131384,1,1,10,210,1,0.143642,0.221025,0.702625,0.160304,1,1945.32,0.00280244,0.172981,0.781956,0.471036,0.05,300,300,300,300,300,300,75,210,300,61,65,73,42,46,54,0,13.7994,0.0459979,-0
dual_l0_c0,0,120,1,0.491051,0.103772,0.326167,1.08083,1492.04,0.313241,4.97241,0.172376,0.0150317,0.0227694,0.00901263,0.0171257,0.377286,0.192408,0.581696,0.279858,1,1,0,300,0,0.172376,0.377286,0.581696,0.279858,1,1491.72,0.00280244,0.172981,0.781956,0.471036,0.05,300,300,300,300,300,300,89,300,300,47,51,59,41,45,53,0,1.70686,0.00568955,4.79052e-27
dual_l0_c0,0,121,3,0.155,0.0864594,0.447545,1.01489,946.458,1.32583,3.15044,0.343956,0.0333456,0.0306317,0.00351803,0.0215869,0.396047,0.294618,0.324484,0.183014,1,1,17,300,0,0.343956,0.396047,0.324484,0.183014,1,945.132,0.00280244,0.172981,0.781956,0.471036,0.05,300,300,300,300,300,300,126,300,300,45,71,79,40,44,52,0,5.33672,0.0177891,1.20388e-23
dual_l0_c0,0,122,1,0.258256,0.159277,-0.0531408,0.923701,1838.17,0.34237,6.1261,0.208903,0.0291594,0.0290035,0.0131189,0.0228666,0.226753,0.202158,0.516871,0.0848134,0,3.17077e-32,30,103,1,0.22622,0.135632,0.291385,0.141245,0,1820.33,0.00280244,0.172981,0.781956,0.471036,0.05,300,300,300,300,300,300,99,103,138,66,70,78,36,59,67,0,44.4368,0.148123,2.04954e-11
dual_l0_c0,0,123,4,0.358232,0.113332,0.303441,0.979209,1868.27,0.031043,6.22746,0.0451626,0.0116588,0.0420495,0.00791395,0.0356024,0.343004,0.107174,0.557709,0.332854,1,1,21,300,0,0.0451626,0.343004,0.557709,0.332854,1,1868.24,0.00280244,0.172981,0.781956,0.471036,0.05,300,300,300,300,300,300,130,300,300,61,65,73,42,46,54,0,7.40811,0.0246937,-0
dual_l0_c0,0,124,4,0.333948,0.131044,0.368322,0.93624,1458.12,0.609815,4.85835,0.252079,0.0194682,0.0149075,0.00264696,0.0377644,0.220604,0.161205,0.589877,0.265355,1,1,17,137,1,0.275776,0.636071,0.354884,0.0494808,1,1440.42,0.00280244,0.172981,0.781956,0.471036,0.05,300,300,300,300,300,300,133,137,300,48,90,98,45,49,57,0,12.5017,0.0416723,-0
dual_l0_c0,0,125,4,0.476448,0.0674466,-0.0184329,0.911413,1594.03,2.10772,5.30639,0.439431,0.0359153,0.0403258,0.0153017,0.0350115,0.0777657,0.231816,0.382783,0.283091,1,1,39,135,1,0.235359,0.268286,0.444572,0.31143,1,1579.59,0.00280244,0.172981,0.781956,0.471036,0.05,300,300,300,300,300,300,121,135,300,47,51,83,36,49,57,0,15.4986,0.0516621,-0
dual_l0_c0,0,126,5,0.544885,0.0538348,-0.453117,0.900705,1591.46,5.02225,5.28813,0.705036,0.308216,0.0306087,0.00526658,0.044488,0.662417,0.266641,0.617567,0.619355,1,1,11,70,1,0.561465,0.413595,0.643654,0.595673,1,1478.03,0.00280244,0.172981,0.781956,0.471036,0.05,300,300,300,300,300,300,50,70,264,42,46,54,34,43,51,0,27.918,0.09306,2.84366e-09
dual_l0_c0,0,127,4,0.130716,0.0832669,0.266412,0.990079,1821.15,0.13816,6.07003,0.102201,0.0255997,0.0352825,0.0116791,0.0453204,0.38267,0.165793,0.269398,0.0647662,1,1,14,162,1,0.0330364,0.163902,0.18207,0.177306,1,1811.7,0.00280244,0.172981,0.781956,0.471036,0.05,300,300,300,300,300,300,144,162,300,56,60,68,41,45,53,0,8.49768,0.0283256,-0
dual_l0_c0,0,128,0,0.196907,0.00989924,0.0694762,1.09213,1710.18,0.485866,5.699,0.21192,0.131755,0.0267195,0.0255198,0.0189648,0.563203,0.403361,0.185066,0.215142,1,1,19,300,0,0.21192,0.563203,0.185066,0.215142,1,1709.7,0.00280244,0.172981,0.781956,0.471036,0.05,300,300,300,300,300,300,126,300,300,56,92,132,51,55,63,0,17.2654,0.0575512,1.558e-31
dual_l0_c0,0,129,3,0.352,0.0659599,-0.0928208,0.960242,2153.69,0.683093,7.17668,0.268514,0.0591376,0.0221828,0.00423045,0.0450234,0.320994,0.306114,0.407212,0.237691,1,1,17,68,1,0.0833905,0.270675,0.367502,0.228757,1,2129.23,0.00280244,0.172981,0.781956,0.471036,0.05,300,300,300,300,300,300,64,68,214,53,57,65,49,53,61,0,16.9637,0.0565458,3.90921e-14
dual_l0_c0,0,130,4,0.428024,0.0968585,0.199551,0.982909,1159.51,0.0177745,3.86496,0.0499017,0.0159265,0.0370157,0.00713183,0.0229656,0.170958,0.0926207,0.467839,0.0835106,1,1,13,80,1,0.148322,0.243463,0.391692,0.0846927,1,1147.78,0.00280244,0.172981,0.781956,0.471036,0.05,300,300,300,300,300,300,76,80,300,49,53,82,44,48,56,0,10.8512,0.0361707,-0
dual_l0_c0,0,131,3,0.0862009,0.0750974,-0.227658,0.916202,1566.67,1.99823,5.21556,0.429926,0.283546,0.0502081,0.0100768,0.0254451,0.274787,0.11576,0.162736,0.386491,1,1,11,208,1,0.512978,0.385621,0.171921,0.457436,1,1534.65,0.00280244,0.172981,0.781956,0.471036,0.05,300,300,300,300,300,300,128,208,216,39,68,76,33,37,45,0,13.5831,0.0452769,-0
dual_l0_c0,0,132,6,0.293609,0.109226,0.29207,0.905336,935.619,0.0793843,3.11847,0.0942167,0.0249952,0.0147063,0.0154908,0.0379583,0.303035,0.128642,0.309998,0.128898,1,1,0,300,0,0.0942167,0.303035,0.309998,0.128898,1,935.54,0.00280244,0.172981,0.781956,0.471036,0.05,300,300,300,300,300,300,93,300,300,52,56,64,32,46,54,0,8.91776,0.0297259,-0
dual_l0_c0,0,133,0,0.267546,0.182568,-0.198971,0.956263,1535.39,1.2322,5.11385,0.3361,0.0780519,0.0119532,0.0114867,0.0177943,0.28874,0.233342,0.319793,0.368213,1,1,3,123,1,0.194743,0.157052,0.299263,0.348413,1,1514.65,0.00280244,0.172981,0.781956,0.471036,0.05,300,300,300,300,300,300,60,123,154,47,51,59,35,46,54,0,8.44305,0.0281435,-0
dual_l0_c0,0,134,3,0.281339,0.0660532,0.301246,1.00076,966.013,0.079165,3.21978,0.0943185,0.00617691,0.0201107,0.0092036,0.0176664,0.48752,0.0486305,0.333372,0.0322979,1,1,0,300,0,0.0943185,0.48752,0.333372,0.0322979,1,965.934,0.00280244,0.172981,0.781956,0.471036,0.05,300,300,300,300,300,300,195,300,300,73,77,97,35,47,55,0,1.52873,0.00509577,-0
dual_l0_c0,0,135,0,0.419097,0.119557,-0.374751,1.06635,1481.11,2.36863,4.92913,0.484068,0.214504,0.0380474,0.0071934,0.0349551,0.148876,0.25252,0.326574,0.514055,1,1,0,54,1,0.4618,0.200098,0.629527,0.186535,1,1430.93,0.00280244,0.172981,0.781956,0.471036,0.05,300,300,300,300,300,300,50,54,266,48,52,76,40,44,52,0,3.95173,0.0131724,-0
dual_l0_c0,0,136,1,0.524284,0.0252642,-0.0594884,0.945971,1242.65,4.5356,4.12705,0.677402,0.123027,0.0168984,0.00780788,0.00763607,0.505209,0.398434,0.541896,0.382592,0,7.09786e-41,10,300,0,0.677402,0.505209,0.541896,0.382592,0,1238.11,0.00280244,0.172981,0.781956,0.471036,0.05,300,300,300,300,300,300,143,300,300,124,128,149,43,47,70,0,20.9618,0.0698725,1.22108e-28
dual_l0_c0,0,137,4,0.389664,0.144146,-0.152223,0.989811,1199.38,0.391642,3.99663,0.203672,0.0630302,0.0168902,0.0142171,0.0250893,0.282964,0.184076,0.46376,0.316993,1,1,30,66,1,0.447685,0.354035,0.419483,0.322967,1,1172.29,0.00280244,0.172981,0.781956,0.471036,0.05,300,300,300,300,300,300,62,66,74,48,52,74,41,45,53,0,15.6851,0.0522836,-0
dual_l0_c0,0,138,5,0.427948,0.161493,-0.180874,1.04292,1057.34,0.838294,3.52166,0.306309,0.11475,0.0330459,0.015407,0.0161131,0.135317,0.123754,0.511084,0.320609,1,1,0,71,1,0.339899,0.340173,0.66619,0.200351,1,1037.03,0.00280244,0.172981,0.781956,0.471036,0.05,300,300,300,300,300,300,67,71,300,46,55,63,33,37,45,0,1.29282,0.00430939,-0
dual_l0_c0,0,139,3,0.213317,0.115767,-0.49004,1.09406,1202.79,5.55806,3.99079,0.73755,0.411559,0.0296922,0.0217066,0.0189595,0.493685,0.134346,0.281304,0.647561,1,1,0,167,1,0.58212,0.618087,0.19978,0.640675,1,1159.84,0.00280244,0.172981,0.781956,0.471036,0.05,300,300,300,300,300,300,87,167,230,50,54,62,37,41,49,0,5.97813,0.0199271,-0
dual_l0_c0,0,140,4,0.551431,0.184689,0.463273,1.08564,871.874,0.13962,2.90578,0.105707,0.0462207,0.0218666,0.0160255,0.024562,0.456802,0.0489489,0.655803,0.189587,1,1,11,300,0,0.105707,0.456802,0.655803,0.189587,1,871.734,0.00280244,0.172981,0.781956,0.471036,0.05,300,300,300,300,300,300,91,300,300,67,71,95,45,49,69,0,8.66783,0.0288928,-0
dual_l0_c0,0,141,4,0.390135,0.0293785,-0.445178,0.910315,998.704,14.7371,3.27989,1.20413,0.361525,0.0165895,0.0101233,0.00410875,0.638307,0.459355,0.281882,0.601702,1,1,1,70,1,0.597046,0.678918,0.371012,0.575727,1,870.963,0.00280244,0.172981,0.781956,0.471036,0.05,300,300,300,300,300,300,66,70,134,41,45,53,32,43,51,0,6.8341,0.0227803,-0
dual_l0_c0,0,142,2,0.555856,0.146848,-0.133017,1.09243,1308.74,0.591392,4.36049,0.258702,0.049844,0.012259,0.00578833,0.00146221,0.174666,0.104556,0.631895,0.3493,1,1,0,76,1,0.371082,0.157739,0.536855,0.401231,1,1291.67,0.00280244,0.172981,0.781956,0.471036,0.05,300,300,300,300,300,300,72,76,300,50,54,62,47,51,59,0,5.19781,0.017326,1.91743e-21
dual_l0_c0,0,143,6,0.278675,0.149938,0.451662,1.06935,965.757,0.0604738,3.21899,0.0878375,0.0539093,0.0290877,0.00860499,0.00778331,0.491203,0.185185,0.324619,0.300535,1,1,0,300,0,0.0878375,0.491203,0.324619,0.300535,1,965.696,0.00280244,0.172981,0.781956,0.471036,0.05,300,300,300,300,300,300,122,300,300,66,70,78,38,42,50,0,3.99934,0.0133311,-0
dual_l0_c0,0,144,0,0.475572,0.177201,-0.407409,0.99081,1786.92,2.13913,5.94926,0.470182,0.300945,0.0262153,0.0167544,0.0268124,0.391566,0.0993658,0.511146,0.616465,1,1,16,79,1,0.544345,0.348908,0.420031,0.57904,1,1716.96,0.00280244,0.172981,0.781956,0.471036,0.05,300,300,300,300,300,300,67,79,286,49,53,75,34,38,46,0,13.5235,0.0450783,-0
dual_l0_c0,0,145,6,0.566664,0.0721196,-0.416387,0.958551,1466.6,1.51335,4.88363,0.412239,0.228709,0.0476935,0.0212794,0.00816628,0.141114,0.296592,0.570716,0.58737,1,1,15,56,1,0.495949,0.204002,0.591898,0.55918,1,1397.17,0.00280244,0.172981,0.781956,0.471036,0.05,300,300,300,300,300,300,52,56,79,48,52,60,41,45,53,0,13.2901,0.0443002,-0
dual_l0_c0,0,146,0,0.298974,0.166503,0.0602027,1.03703,1341.18,0.253207,4.46975,0.132739,0.0320068,0.0322141,0.0063053,0.0332707,0.323087,0.1626,0.43496,0.0849454,1,1,0,84,1,0.242443,0.249872,0.485926,0.201876,1,1330.81,0.00280244,0.172981,0.781956,0.471036,0.05,300,300,300,300,300,300,72,84,192,57,73,81,39,48,56,0,11.2403,0.0374676,-0
dual_l0_c0,0,147,4,0.25293,0.0235697,0.44374,1.00884,1329.97,0.251932,4.43239,0.183545,0.00897384,0.0199724,0.00707629,0.0215837,0.331652,0.212343,0.266066,0.175387,1,1,23,300,0,0.183545,0.331652,0.266066,0.175387,1,1329.72,0.00280244,0.172981,0.781956,0.471036,0.05,300,300,300,300,300,300,230,300,300,54,58,201,37,52,60,0,14.3037,0.0476791,-0
dual_l0_c0,0,148,5,0.219042,0.075115,-0.487367,0.976007,2141.37,2.01801,7.13117,0.464483,0.464483,0.024043,0.0126149,0.0142134,0.286445,0.232719,0.20704,0.563012,1,1,0,208,1,0.61681,0.551463,0.109637,0.693052,1,2102.77,0.00280244,0.172981,0.781956,0.471036,0.05,300,300,300,300,300,300,56,208,300,52,56,64,46,50,58,0,6.54671,0.0218224,-0
dual_l0_c0,0,149,7,0.49087,0.187988,-0.432723,0.907305,1636.81,2.0699,5.44913,0.477289,0.132538,0.0371813,0.0140221,0.031478,0.37158,0.332158,0.670076,0.524937,1,1,0,77,1,0.717612,0.671265,0.514836,0.634362,1,1564.7,0.00280244,0.172981,0.781956,0.471036,0.05,300,300,300,300,300,300,61,77,264,56,60,68,44,48,65,0,5.21471,0.0173824,-0
dual_l0_c0,0,150,4,0.23773,0.0205528,0.0989499,1.0157,1481.71,0.069946,4.93881,0.0819189,0.0601356,0.0135424,0.0155765,0.0214733,0.353096,0.202611,0.275083,0.195912,1,1,39,143,1,0.148244,0.0822619,0.380155,0.160427,1,1473.55,0.00280244,0.172981,0.781956,0.471036,0.05,300,300,300,300,300,300,98,143,300,54,58,66,49,53,61,0,4.58214,0.0152738,-0
dual_l0_c0,0,151,3,0.267625,0.116291,0.48739,1.09607,1630.94,0.14963,5.43598,0.133153,0.034884,0.0281061,0.0114064,0.0385943,0.579277,0.0448271,0.148562,0.333445,1,1,19,133,1,0.208794,0.369085,0.406517,0.28002,1,1611.72,0.00280244,0.172981,0.781956,0.471036,0.05,300,300,300,300,300,300,114,133,300,66,70,103,44,48,68,0,16.2552,0.054184,3.27769e-39
dual_l0_c0,0,152,2,0.267748,0.129448,-0.363067,1.09948,2354.17,1.66537,7.84167,0.396677,0.223604,0.0308705,0.00774438,0.019827,0.378049,0.296376,0.292643,0.445584,1,1,1,110,1,0.347786,0.407814,0.456549,0.303842,1,2302.11,0.00280244,0.172981,0.781956,0.471036,0.05,300,300,300,300,300,300,101,110,274,62,71,79,45,49,57,0,11.3676,0.0378919,-0
dual_l0_c0,0,153,6,0.472283,0.0514235,-0.0310422,0.93934,2236.12,0.604727,7.45171,0.226996,0.165962,0.0223198,0.00885227,0.0236198,0.258995,0.234485,0.518825,0.15999,1,1,21,72,1,0.393253,0.324926,0.518526,0.246419,1,2192.88,0.00280244,0.172981,0.781956,0.471036,0.05,300,300,300,300,300,300,68,72,300,48,65,73,46,50,58,0,15.8082,0.052694,-0
dual_l0_c0,0,154,3,0.46777,0.0119983,0.0146108,0.929361,1732.83,7.42752,5.75134,0.865091,0.197811,0.039536,0.013772,0.0211416,0.558773,0.529318,0.704157,0.135384,1,1,13,300,0,0.865091,0.558773,0.704157,0.135384,1,1725.4,0.00280244,0.172981,0.781956,0.471036,0.05,300,300,300,300,300,300,300,300,300,44,130,300,38,42,50,0,12.3669,0.041223,1.33305e-30
dual_l0_c0,0,155,3,0.474659,0.0668752,-0.351708,1.09197,1352.67,0.754101,4.5064,0.28425,0.108743,0.0367862,0.0108652,0.0393399,0.520992,0.0863369,0.406426,0.510757,1,1,0,72,1,0.57527,0.523851,0.509669,0.560635,1,1304.99,0.00280244,0.172981,0.781956,0.471036,0.05,300,300,300,300,300,300,63,72,300,45,49,57,40,44,52,0,19.8376,0.0661253,6.36189e-11
dual_l0_c0,0,156,5,0.439006,0.147897,-0.477624,1.00564,2140.38,4.23048,7.12051,0.665024,0.339567,0.0195249,0.0233413,0.0152119,0.409866,0.186074,0.499456,0.655602,1,1,0,60,1,0.54411,0.411452,0.447429,0.723897,1,2041.72,0.00280244,0.172981,0.781956,0.471036,0.05,300,300,300,300,300,300,56,60,143,50,54,62,35,39,47,0,14.2002,0.0473339,8.82435e-37
dual_l0_c0,0,157,6,0.328317,0.183572,0.331077,1.04589,1256,0.639814,4.18453,0.254647,0.0246439,0.0190407,0.0128726,0.0181857,0.248642,0.155671,0.314534,0.0545844,1,1,3,144,1,0.198817,0.352522,0.33205,0.126294,1,1240.21,0.00280244,0.172981,0.781956,0.471036,0.05,300,300,300,300,300,300,81,144,300,52,64,72,41,54,62,0,18.1207,0.0604023,-0
dual_l0_c0,0,158,7,0.397925,0.0863057,0.0679777,1.06345,2111.38,0.177506,7.03736,0.141895,0.0273431,0.0307939,0.00787473,0.0222008,0.169304,0.108896,0.212593,0.128532,1,1,22,93,1,0.14532,0.124732,0.57673,0.126535,1,2101.3,0.00280244,0.172981,0.781956,0.471036,0.05,300,300,300,300,300,300,80,93,101,54,75,83,48,52,60,0,4.15467,0.0138489,-0
dual_l0_c0,0,159,0,0.274494,0.160454,-0.424854,1.04687,1189.09,1.84732,3.95748,0.433947,0.241027,0.0158605,0.00720649,0.0315027,0.591255,0.156124,0.426402,0.609738,1,1,0,93,1,0.542922,0.537148,0.438144,0.678991,1,1116.08,0.00280244,0.172981,0.781956,0.471036,0.05,300,300,300,300,300,300,89,93,300,44,48,56,38,42,50,0,9.5145,0.031715,-0
dual_l0_c0,0,160,2,0.457623,0.137054,0.359151,1.02534,983.983,0.234875,3.27916,0.158142,0.018019,0.0400732,0.00692821,0.0346143,0.319601,0.0738831,0.16005,0.302127,0,0.498312,1,300,0,0.158142,0.319601,0.16005,0.302127,0,983.749,0.00280244,0.172981,0.781956,0.471036,0.05,300,300,300,300,300,300,83,300,300,52,64,72,47,51,59,0,13.4525,0.0448418,0.693141
dual_l0_c0,0,161,3,0.247617,0.0170831,0.243411,1.01299,840.666,0.169841,2.80165,0.136049,0.0302143,0.0159457,0.0126885,0.0176749,0.33448,0.0947693,0.3133,0.0727187,0,6.93906e-27,1,70,1,0.110727,0.413478,0.412404,0.0307012,0,821.191,0.00280244,0.172981,0.781956,0.471036,0.05,300,300,300,300,300,300,66,70,300,49,53,61,42,46,54,0,4.69686,0.0156562,4.17958e-25
dual_l0_c0,0,162,3,0.481259,0.136032,-0.437384,0.953037,2140.91,6.25178,7.11552,0.762217,0.335804,0.0252643,0.0155279,0.0368428,0.768605,0.521258,0.734478,0.528075,0,0.00964735,15,87,1,0.549769,0.45175,0.564561,0.625969,0,2061.7,0.00280244,0.172981,0.781956,0.471036,0.05,300,300,300,300,300,300,61,87,300,52,56,64,40,44,52,0,17.6361,0.0587869,0.0543747
dual_l0_c0,0,163,6,0.391819,0.0506855,-0.227726,0.959679,1499.88,1.24408,4.99547,0.33549,0.169074,0.023706,0.00873007,0.0275774,0.337726,0.21307,0.550823,0.336436,1,1,7,111,1,0.182148,0.235596,0.435389,0.40789,1,1460.63,0.00280244,0.172981,0.781956,0.471036,0.05,300,300,300,300,300,300,79,111,243,54,58,91,42,46,54,0,14.2212,0.0474041,-0
dual_l0_c0,0,164,6,0.555059,0.176269,0.0321871,1.04234,1754.75,0.225764,5.84842,0.167721,0.0208186,0.0206563,0.0255879,0.028762,0.346273,0.11752,0.685821,0.237988,1,1,15,79,1,0.230584,0.244976,0.66302,0.135592,1,1744.64,0.00280244,0.172981,0.781956,0.471036,0.05,300,300,300,300,300,300,58,79,97,57,61,69,46,50,58,0,22.3007,0.0743356,-0
dual_l0_c0,0,165,2,0.476956,0.132888,0.224128,1.09079,1256.27,0.0296787,4.18747,0.0392275,0.0201442,0.0354385,0.0124113,0.0284483,0.288559,0.138516,0.338555,0.137933,0,2.2889e-34,15,300,0,0.0392275,0.288559,0.338555,0.137933,0,1256.24,0.00280244,0.172981,0.781956,0.471036,0.05,300,300,300,300,300,300,178,300,300,52,56,92,43,47,55,0,18.6411,0.0621369,1.59212e-29
dual_l0_c0,0,166,4,0.545898,0.167662,-0.0972729,0.940786,1605.43,0.532498,5.34967,0.235989,0.0781444,0.0391703,0.0066298,0.0312003,0.182205,0.065099,0.598325,0.315199,1,1,19,65,1,0.261479,0.496373,0.604869,0.136436,1,1583.71,0.00280244,0.172981,0.781956,0.471036,0.05,300,300,300,300,300,300,61,65,183,52,62,70,46,50,58,0,14.8641,0.0495469,-0
dual_l0_c0,0,167,3,0.332857,0.124713,-0.221157,1.04191,1096.9,1.81955,3.65027,0.416611,0.0833776,0.0153543,0.0152778,0.0173975,0.476556,0.0316687,0.442676,0.350432,1,0.999539,1,176,1,0.294872,0.294414,0.45499,0.342429,1,1072.63,0.00280244,0.172981,0.781956,0.471036,0.05,300,300,300,300,300,300,70,176,184,57,67,75,44,48,56,0,17.0644,0.0568813,0.00400607
dual_l0_c0,0,168,6,0.399709,0.109512,0.408055,1.02651,1757.93,0.0634031,5.85955,0.0728612,0.0122192,0.0206093,0.00542169,0.0485634,0.219892,0.140907,0.382106,0.435379,1,1,23,276,1,0.0529457,0.224079,0.291896,0.432797,1,1756.2,0.00280244,0.172981,0.781956,0.471036,0.05,300,300,300,300,300,300,120,276,300,66,82,120,45,49,57,0,17.6731,0.0589104,-0
dual_l0_c0,0,169,7,0.47415,0.142493,-0.3301,0.930501,1803.27,1.15794,6.00702,0.346171,0.169048,0.02812,0.0159298,0.0388563,0.307041,0.173254,0.487433,0.518908,1,1,7,80,1,0.311504,0.299128,0.523321,0.52133,1,1763.46,0.00280244,0.172981,0.781956,0.471036,0.05,300,300,300,300,300,300,76,80,123,54,58,80,41,45,53,0,10.69,0.0356334,-0
dual_l0_c0,0,170,4,0.342889,0.0111725,-0.0323786,1.04115,1149.98,1.6765,3.82767,0.429365,0.0385443,0.0383479,0.013507,0.0361887,0.262717,0.245961,0.307462,0.356766,1,1,12,90,1,0.208965,0.278331,0.294863,0.0607258,1,1122.2,0.00280244,0.172981,0.781956,0.471036,0.05,300,300,300,300,300,300,74,90,300,48,52,60,41,45,53,0,13.3411,0.0444703,-0
dual_l0_c0,0,171,1,0.498061,0.104874,0.282135,0.903824,1245.81,0.0889766,4.1524,0.0772382,0.0284383,0.0263592,0.00948622,0.0267859,0.269814,0.0684917,0.485544,0.0986192,0,4.57878e-25,2,113,1,0.0761029,0.0752772,0.494582,0.218104,1,1231.19,0.00280244,0.172981,0.781956,0.471036,0.05,300,300,300,300,300,300,100,113,300,44,69,77,39,43,51,0,19.8957,0.066319,9.25766e-06
dual_l0_c0,0,172,6,0.199344,0.154415,0.0828927,0.939536,1193.39,0.351389,3.97679,0.19118,0.0137213,0.033885,0.0084026,0.0262443,0.159664,0.161264,0.139661,0.0587551,1,1,22,105,1,0.146753,0.320922,0.206889,0.0674847,1,1185.24,0.00280244,0.172981,0.781956,0.471036,0.05,300,300,300,300,300,300,101,105,278,49,61,69,34,38,46,0,10.0775,0.0335917,-0
dual_l0_c0,0,173,0,0.313304,0.107235,0.0522085,0.974509,2142.21,0.455027,7.13918,0.215165,0.0187494,0.0333154,0.0152916,0.0140244,0.334608,0.130406,0.315818,0.120069,1,1,0,94,1,0.209461,0.198321,0.361349,0.170168,1,2131.73,0.00280244,0.172981,0.781956,0.471036,0.05,300,300,300,300,300,300,69,94,300,56,60,68,35,39,47,0,4.9168,0.0163893,-0
dual_l0_c0,0,174,4,0.422075,0.0449494,0.419293,1.09679,1481.6,0.641509,4.93652,0.239233,0.0180975,0.0323902,0.0147427,0.0159606,0.314352,0.172344,0.496347,0.476019,1,1,42,300,0,0.239233,0.314352,0.496347,0.476019,1,1480.96,0.00280244,0.172981,0.781956,0.471036,0.05,300,300,300,300,300,300,300,300,300,71,75,83,36,66,74,0,12.1649,0.0405496,-0
dual_l0_c0,0,175,1,0.375296,0.00847425,-0.104552,0.927229,1298.04,6.20639,4.3061,0.804123,0.360523,0.024518,0.0103039,0.051107,0.381947,0.385287,0.373273,0.376325,0,0,0,300,0,0.804123,0.381947,0.373273,0.376325,0,1291.83,0.00280244,0.172981,0.781956,0.471036,0.05,300,300,300,300,300,300,300,300,300,43,47,252,36,40,48,0,12.3751,0.0412503,-0
dual_l0_c0,0,176,7,0.456261,0.0255399,-0.0558864,1.037,1251.32,2.29305,4.16342,0.498596,0.172727,0.0319294,0.013658,0.0344691,0.199004,0.206429,0.489938,0.0804066,1,1,1,91,1,0.361044,0.16079,0.790938,0.0655535,1,1208.06,0.00280244,0.172981,0.781956,0.471036,0.05,300,300,300,300,300,300,80,91,300,56,60,68,46,50,58,0,3.6061,0.0120203,-0
dual_l0_c0,0,177,3,0.35681,0.192959,-0.447543,1.05992,1047.13,4.58886,3.47513,0.689648,0.160594,0.0148582,0.00906592,0.0316802,0.301242,0.132468,0.35538,0.730242,1,1,0,82,1,0.409482,0.19002,0.283348,0.758893,1,974.709,0.00280244,0.172981,0.781956,0.471036,0.05,300,300,300,300,300,300,78,82,187,44,48,56,30,34,42,0,8.16012,0.0272004,2.86876e-28
dual_l0_c0,0,178,2,0.432332,0.139265,-0.201458,0.979951,1890.8,1.42565,6.29793,0.37615,0.156594,0.0205575,0.00746128,0.0451075,0.309922,0.297897,0.53384,0.322352,1,1,19,100,1,0.293675,0.466252,0.575691,0.356315,1,1864.97,0.00280244,0.172981,0.781956,0.471036,0.05,300,300,300,300,300,300,73,100,264,51,55,63,44,48,56,0,1.98345,0.00661151,-0
dual_l0_c0,0,179,2,0.546058,0.138167,-0.304414,1.08492,1732.44,2.94473,5.76499,0.537189,0.148979,0.0158136,0.00928854,0.0323176,0.368354,0.0886928,0.679964,0.479073,1,1,22,69,1,0.49023,0.59967,0.705211,0.36183,1,1683.1,0.00280244,0.172981,0.781956,0.471036,0.05,300,300,300,300,300,300,65,69,300,51,55,74,43,47,55,0,9.23475,0.0307825,-0
dual_l0_c0,0,180,5,0.402943,0.104072,-0.239525,1.03102,1337.53,1.80422,4.45241,0.426257,0.226264,0.0333623,0.0099739,0.0380885,0.22906,0.193497,0.482133,0.387559,1,1,2,130,1,0.404144,0.553493,0.350804,0.372829,1,1304.51,0.00280244,0.172981,0.781956,0.471036,0.05,300,300,300,300,300,300,62,130,300,57,61,69,29,33,41,0,11.1212,0.0370708,-0
dual_l0_c0,0,181,4,0.324557,0.156846,0.496078,1.06368,2593.2,0.255497,8.64316,0.172435,0.0273292,0.0172054,0.0101673,0.0309913,0.527571,0.0887511,0.289778,0.0971899,1,1,61,300,0,0.172435,0.527571,0.289778,0.0971899,1,2592.95,0.00280244,0.172981,0.781956,0.471036,0.05,300,300,300,300,300,300,189,300,300,74,78,86,57,68,76,0,22.3676,0.0745587,-0
dual_l0_c0,0,182,1,0.41049,0.0981926,0.190545,1.03335,1289.38,0.768587,4.29536,0.29554,0.00981037,0.0159697,0.0153672,0.0205502,0.407277,0.162546,0.60297,0.0353864,1,0.978024,0,132,1,0.10763,0.299439,0.473498,0.0346267,1,1276.69,0.00280244,0.172981,0.781956,0.471036,0.05,300,300,300,300,300,300,112,132,210,52,56,92,34,38,59,0,5.61221,0.0187074,0.105632
dual_l0_c0,0,183,0,0.47234,0.0608584,-0.339391,0.927808,1092,1.67209,3.63442,0.409661,0.343592,0.0214638,0.0145116,0.0190479,0.464054,0.249962,0.351619,0.388971,1,1,15,65,1,0.48165,0.594883,0.485694,0.390651,1,1013.8,0.00280244,0.172981,0.781956,0.471036,0.05,300,300,300,300,300,300,55,65,300,49,53,61,37,41,49,0,16.6363,0.0554543,-0
dual_l0_c0,0,184,0,0.399959,0.119254,-0.479024,1.06614,1733.81,4.40379,5.76469,0.660063,0.253371,0.016215,0.0116514,0.0279756,0.631966,0.171297,0.446164,0.617155,1,1,21,127,1,0.72225,0.403666,0.162347,0.610715,1,1657.66,0.00280244,0.172981,0.781956,0.471036,0.05,300,300,300,300,300,300,105,127,163,53,64,101,45,49,57,0,20.858,0.0695265,1.70535e-23
dual_l0_c0,0,185,6,0.431881,0.00468786,-0.116189,0.993016,1389.85,5.5289,4.61442,0.72871,0.197625,0.0105712,0.00476695,0.037856,0.419295,0.421391,0.413715,0.0816485,1,1,7,300,0,0.72871,0.419295,0.413715,0.0816485,1,1384.33,0.00280244,0.172981,0.781956,0.471036,0.05,300,300,300,300,300,300,145,300,300,67,129,137,44,48,56,0,12.0485,0.0401615,-0
dual_l0_c0,0,186,6,0.395978,0.00931933,-0.43667,1.04902,1432.96,5.02481,4.7598,0.669155,0.397919,0.028949,0.019323,0.0291795,0.596342,0.444443,0.279409,0.719352,1,1,12,141,1,0.488348,0.633995,0.319434,0.620925,1,1367.3,0.00280244,0.172981,0.781956,0.471036,0.05,300,300,300,300,300,300,137,141,149,54,58,86,32,36,57,0,18.4055,0.0613517,-0
dual_l0_c0,0,187,2,0.374301,0.0721863,0.430648,0.915931,1772.7,0.683505,5.90671,0.271675,0.0260715,0.0242772,0.0129065,0.025633,0.321353,0.119831,0.338679,0.314509,1,1,18,300,0,0.271675,0.321353,0.338679,0.314509,1,1772.01,0.00280244,0.172981,0.781956,0.471036,0.05,300,300,300,300,300,300,95,300,300,51,77,85,42,46,54,0,7.35883,0.0245294,-0
dual_l0_c0,0,188,3,0.444106,0.0633949,0.127713,1.02036,1458.89,0.0382334,4.86284,0.0500164,0.0277806,0.023331,0.0136547,0.037336,0.227872,0.165096,0.577935,0.0424168,1,1,0,153,1,0.135046,0.342641,0.566158,0.018662,1,1448.69,0.00280244,0.172981,0.781956,0.471036,0.05,300,300,300,300,300,300,66,153,300,59,63,86,41,53,61,0,17.0919,0.0569731,-0
dual_l0_c0,0,189,2,0.237483,0.18687,-0.0599778,1.03705,877.362,0.469796,2.92297,0.227017,0.0100317,0.0312796,0.0216153,0.0276107,0.140228,0.0516966,0.275581,0.208212,1,1,2,69,1,0.158521,0.266718,0.336517,0.171349,1,864.128,0.00280244,0.172981,0.781956,0.471036,0.05,300,300,300,300,300,300,49,69,222,38,47,55,26,40,48,0,2.68087,0.00893622,-0
dual_l0_c0,0,190,1,0.501897,0.192414,-0.22021,1.04001,1084.2,0.329437,3.6129,0.197454,0.0320067,0.0136316,0.00439733,0.0342521,0.4309,0.263546,0.442563,0.404323,1,1,2,117,1,0.443018,0.25337,0.504839,0.293551,1,1060.39,0.00280244,0.172981,0.781956,0.471036,0.05,300,300,300,300,300,300,81,117,300,47,51,59,39,43,51,0,10.8397,0.0361325,1.66361e-24
dual_l0_c0,0,191,0,0.382468,0.148138,-0.43464,1.03866,1679.67,1.88039,5.59264,0.427117,0.21787,0.0160534,0.0100286,0.0220449,0.156795,0.235989,0.368943,0.674473,1,1,18,76,1,0.21787,0.354262,0.292927,0.512695,1,1615.07,0.00280244,0.172981,0.781956,0.471036,0.05,300,300,300,300,300,300,72,76,211,52,56,64,41,45,53,0,16.9449,0.0564831,-0
dual_l0_c0,0,192,0,0.271329,0.16163,0.462692,1.06243,1339.98,0.418463,4.46521,0.216502,0.0237697,0.0302946,0.00597919,0.0178551,0.278006,0.0709863,0.241947,0.304453,1,1,20,288,1,0.109373,0.434392,0.487434,0.251228,1,1338.55,0.00280244,0.172981,0.781956,0.471036,0.05,300,300,300,300,300,300,216,288,300,62,114,144,45,54,62,0,9.26206,0.0308735,-0
dual_l0_c0,0,193,5,0.266134,0.00703707,-0.176509,1.03016,1934.74,7.27807,6.42487,0.82412,0.236977,0.0109576,0.0165322,0.010923,0.439043,0.409304,0.15742,0.30269,1,1,16,103,1,0.317007,0.364492,0.255093,0.0934402,1,1861.9,0.00280244,0.172981,0.781956,0.471036,0.05,300,300,300,300,300,300,92,103,300,65,69,77,39,43,51,0,12.9701,0.0432338,-0
dual_l0_c0,0,194,7,0.458854,0.125824,0.397058,0.970621,2072.16,0.0548428,6.90703,0.0586257,0.0163786,0.0431289,0.0187423,0.0272012,0.560097,0.0500371,0.334526,0.140066,1,1,21,172,1,0.196724,0.207026,0.430707,0.238023,1,2062.7,0.00280244,0.172981,0.781956,0.471036,0.05,300,300,300,300,300,300,168,172,300,75,85,93,70,74,82,0,13.1212,0.0437375,-0
dual_l0_c0,0,195,6,0.439348,0.128212,-0.00982952,1.08778,1398.05,0.177188,4.65959,0.137601,0.0303122,0.0200511,0.00878806,0.0263669,0.172093,0.130509,0.273002,0.16386,1,1,29,73,1,0.223892,0.220318,0.682257,0.17345,1,1388.53,0.00280244,0.172981,0.781956,0.471036,0.05,300,300,300,300,300,300,69,73,248,52,56,64,44,48,56,0,13.4431,0.0448102,-0
dual_l0_c0,0,196,0,0.458946,0.188885,-0.19503,0.9212,1413.16,0.320871,4.70948,0.175534,0.162976,0.0366539,0.0126913,0.0424257,0.208822,0.29736,0.612798,0.406863,1,1,0,73,1,0.414074,0.405592,0.428254,0.416466,1,1382.59,0.00280244,0.172981,0.781956,0.471036,0.05,300,300,300,300,300,300,60,73,168,52,56,64,46,50,58,0,6.04789,0.0201596,-0
dual_l0_c0,0,197,2,0.366704,0.19453,-0.239064,0.92771,1859.89,0.170173,6.19907,0.118047,0.106515,0.023602,0.0207051,0.0754131,0.26612,0.221321,0.60285,0.344221,1,1,20,60,1,0.526164,0.474063,0.524737,0.401512,1,1829.37,0.00280244,0.172981,0.781956,0.471036,0.05,300,300,300,300,300,300,56,60,300,44,48,56,35,39,47,0,11.4938,0.0383126,2.44713e-38
dual_l0_c0,0,198,6,0.330939,0.01679,-0.0436857,0.943147,2205.86,0.88192,7.34993,0.301326,0.082751,0.043549,0.0111569,0.0110625,0.145149,0.19042,0.403141,0.0728386,1,1,16,95,1,0.322133,0.3321,0.540199,0.127895,1,2184.8,0.00280244,0.172981,0.781956,0.471036,0.05,300,300,300,300,300,300,74,95,300,58,62,70,38,42,50,0,23.661,0.0788702,-0
dual_l0_c0,0,199,3,0.288421,0.0742722,-0.370942,0.992868,1497.1,2.09376,4.98337,0.461717,0.314305,0.0307489,0.00953468,0.0246043,0.412208,0.340404,0.545719,0.35154,1,1,16,129,1,0.44197,0.343697,0.257994,0.503644,1,1427.7,0.00280244,0.172981,0.781956,0.471036,0.05,300,300,300,300,300,300,98,129,300,49,53,61,34,38,46,0,7.97702,0.0265901,5.7173e-43
dual_l0_c0,0,200,4,0.39333,0.0385997,0.149961,1.03973,1572.14,0.619167,5.23842,0.247473,0.0312214,0.02216,0.00530368,0.0293017,0.384215,0.240205,0.238914,0.0983347,1,1,29,75,1,0.255993,0.211605,0.429247,0.0651205,1,1553.55,0.00280244,0.172981,0.781956,0.471036,0.05,300,300,300,300,300,300,71,75,300,58,62,70,43,47,55,0,10.9657,0.0365524,-0
dual_l0_c0,0,201,7,0.34508,0.0820432,0.0260674,0.911615,1534.09,0.163647,5.11308,0.107519,0.037117,0.0152035,0.00906874,0.0284128,0.237464,0.207293,0.469274,0.165729,1,1,22,96,1,0.106203,0.102599,0.488443,0.216504,1,1521.73,0.00280244,0.172981,0.781956,0.471036,0.05,300,300,300,300,300,300,79,96,300,54,66,74,44,48,56,0,12.9221,0.0430736,-0
dual_l0_c0,0,202,1,0.282835,0.0132288,-0.0493332,1.00673,2572.88,13.5483,8.5311,1.16198,0.504225,0.0295933,0.0104296,0.0338709,0.547064,0.859012,0.411369,0.277724,0,3.80618e-25,25,300,0,1.16198,0.547064,0.411369,0.277724,0,2559.33,0.00280244,0.172981,0.781956,0.471036,0.05,300,300,300,300,300,300,300,300,300,81,85,300,59,73,81,0,24.4952,0.0816506,2.14014e-23
dual_l0_c0,0,203,0,0.262982,0.147575,0.272366,1.05615,1690.42,0.0292486,5.63465,0.0296349,0.0112901,0.0106214,0.0225442,0.0226257,0.484775,0.0781661,0.245566,0.103307,1,1,23,273,1,0.0925739,0.276836,0.326132,0.0461318,1,1689.12,0.00280244,0.172981,0.781956,0.471036,0.05,300,300,300,300,300,300,222,273,300,53,68,76,38,42,61,0,19.5978,0.0653259,2.4362e-17
dual_l0_c0,0,204,2,0.251264,0.12673,0.367648,1.02011,1192.98,0.207603,3.97589,0.105802,0.0144897,0.0301241,0.0066121,0.0225624,0.351567,0.125858,0.180552,0.310621,0,1.69522e-07,-1,126,1,0.143003,0.224053,0.160848,0.220931,0,1175.9,0.00280244,0.172981,0.781956,0.471036,0.05,300,300,300,300,300,300,71,126,300,51,55,63,36,40,48,0,2.62362,0.00874541,3.08864e-05
dual_l0_c0,0,205,7,0.414293,0.115268,-0.132117,0.974594,1120.04,0.901633,3.73046,0.304752,0.0530151,0.0304288,0.0194497,0.0301039,0.18451,0.164783,0.516149,0.333318,1,1,19,119,1,0.355608,0.408007,0.579713,0.250622,1,1101.58,0.00280244,0.172981,0.781956,0.471036,0.05,300,300,300,300,300,300,104,119,300,45,49,57,31,44,52,0,10.8945,0.036315,-0
dual_l0_c0,0,206,5,0.52824,0.0765712,0.331698,0.92456,914.524,0.266577,3.04752,0.180332,0.00558473,0.0161003,0.0111372,0.0299371,0.459442,0.0430161,0.598114,0.168892,1,1,17,90,1,0.184789,0.146938,0.503011,0.209671,1,894.845,0.00280244,0.172981,0.781956,0.471036,0.05,300,300,300,300,300,300,86,90,300,48,52,60,34,38,46,0,4.77049,0.0159016,4.00058e-22
dual_l0_c0,0,207,1,0.380008,0.0651765,0.204053,1.04782,1480.89,0.061142,4.93608,0.06303,0.0150169,0.044577,0.00664749,0.0466127,0.146126,0.276702,0.261887,0.316396,0,1.28124e-25,16,300,0,0.06303,0.146126,0.261887,0.316396,0,1480.82,0.00280244,0.172981,0.781956,0.471036,0.05,300,300,300,300,300,300,61,300,300,56,60,68,48,52,60,0,13.9414,0.0464712,1.28808e-06
dual_l0_c0,0,208,2,0.249788,0.0586839,0.25172,1.03246,802.726,0.128632,2.67532,0.115149,0.00589939,0.0190713,0.0113377,0.0430704,0.20808,0.0378659,0.187491,0.0989274,1,1,7,113,1,0.15356,0.288417,0.181295,0.0532576,1,791.885,0.00280244,0.172981,0.781956,0.471036,0.05,300,300,300,300,300,300,87,113,300,55,59,84,30,34,42,0,4.13105,0.0137702,3.86219e-08
dual_l0_c0,0,209,3,0.21243,0.0980783,0.13412,1.05215,1742.78,0.120725,5.80885,0.112664,0.0118576,0.0250297,0.0154785,0.033535,0.0791164,0.0555273,0.18997,0.0606915,1,1,20,300,0,0.112664,0.0791164,0.18997,0.0606915,1,1742.66,0.00280244,0.172981,0.781956,0.471036,0.05,300,300,300,300,300,300,95,300,300,54,66,95,44,48,56,0,16.0899,0.0536331,2.61554e-38
dual_l0_c0,0,210,1,0.54445,0.144207,0.181289,1.08703,2122.49,0.133885,7.07451,0.120001,0.0170955,0.014817,0.00784323,0.0293389,0.235698,0.0655534,0.587211,0.104164,0,1.83799e-11,0,142,1,0.178469,0.424373,0.527016,0.0996445,1,2115.73,0.00280244,0.172981,0.781956,0.471036,0.05,300,300,300,300,300,300,116,142,233,93,97,105,58,73,81,0,17.0876,0.0569586,4.54348e-10
dual_l0_c0,0,211,6,0.485506,0.129978,-0.260955,0.995808,1062.6,1.08202,3.53838,0.322123,0.174883,0.0175602,0.00647207,0.0181193,0.325566,0.0892889,0.441205,0.31983,1,1,0,53,1,0.308987,0.410365,0.526437,0.371727,1,1026.2,0.00280244,0.172981,0.781956,0.471036,0.05,300,300,300,300,300,300,49,53,61,45,49,57,34,38,46,0,9.36704,0.0312235,-0
dual_l0_c0,0,212,4,0.471623,0.195128,0.364158,0.904296,2300.78,0.272375,7.66835,0.135211,0.00672934,0.0301353,0.00500171,0.0565254,0.520088,0.159772,0.319469,0.206856,1,1,40,175,1,0.204474,0.329906,0.454314,0.221935,1,2286.01,0.00280244,0.172981,0.781956,0.471036,0.05,300,300,300,300,300,300,130,175,300,57,61,69,50,54,62,0,11.3717,0.0379055,-0
dual_l0_c0,0,213,2,0.594101,0.0220807,0.437778,1.02954,1285.86,0.125312,4.28577,0.129407,0.0263554,0.00756851,0.0113674,0.0338895,0.566523,0.185182,0.398477,0.0700889,1,1,11,300,0,0.129407,0.566523,0.398477,0.0700889,1,1285.73,0.00280244,0.172981,0.781956,0.471036,0.05,300,300,300,300,300,300,300,300,300,63,83,102,39,43,64,0,2.38347,0.00794491,-0
dual_l0_c0,0,214,1,0.517049,0.037505,0.379434,0.90455,2022.31,0.153705,6.74053,0.106859,0.0369423,0.0304983,0.0084343,0.0118112,0.21593,0.259481,0.57593,0.612681,0,0,-1,300,0,0.106859,0.21593,0.57593,0.612681,0,2022.16,0.00280244,0.172981,0.781956,0.471036,0.05,300,300,300,300,300,300,157,300,300,74,98,106,38,51,59,0,24.8629,0.0828764,1.27398e-36
dual_l0_c0,0,215,5,0.292733,0.147024,0.198044,0.966564,1247.1,0.118035,4.15661,0.113614,0.0231689,0.0180207,0.0147071,0.0147994,0.174233,0.0524723,0.391827,0.10781,1,1,0,166,1,0.186533,0.245356,0.343191,0.125921,1,1240.39,0.00280244,0.172981,0.781956,0.471036,0.05,300,300,300,300,300,300,134,166,300,64,68,76,37,49,69,0,15.0878,0.0502927,-0
dual_l0_c0,0,216,6,0.307077,0.140961,-0.170052,0.951822,1411.57,1.29497,4.70091,0.365235,0.0734534,0.00996692,0.00372479,0.0279302,0.157425,0.142869,0.394046,0.334281,1,1,19,71,1,0.341032,0.284624,0.229086,0.349403,1,1387.16,0.00280244,0.172981,0.781956,0.471036,0.05,300,300,300,300,300,300,67,71,291,60,64,72,39,43,51,0,11.4136,0.0380453,-0
dual_l0_c0,0,217,4,0.491211,0.175249,-0.169126,0.977942,1585.64,0.841329,5.28265,0.306822,0.0674033,0.0120644,0.0236225,0.0320235,0.14075,0.0796792,0.580241,0.445706,1,1,22,86,1,0.202908,0.387938,0.591613,0.364376,1,1563.78,0.00280244,0.172981,0.781956,0.471036,0.05,300,300,300,300,300,300,62,86,94,48,52,60,43,47,55,0,5.99439,0.0199813,-0
dual_l0_c0,0,218,7,0.370513,0.0526136,0.228466,0.975062,2615.31,0.0304225,8.71759,0.0541968,0.0107511,0.0200813,0.0172138,0.0352375,0.355258,0.214826,0.573826,0.0253928,1,1,24,120,1,0.100974,0.25024,0.549122,0.0859999,1,2607.49,0.00280244,0.172981,0.781956,0.471036,0.05,300,300,300,300,300,300,116,120,300,82,86,94,52,56,64,0,15.335,0.0511167,-0
dual_l0_c0,0,219,4,0.20455,0.0919931,0.0046041,1.09293,1626.07,0.00466761,5.42021,0.0334881,0.0334881,0.0112171,0.00649855,0.0461958,0.332687,0.0683454,0.251582,0.196503,1,1,23,120,1,0.222343,0.465088,0.141873,0.218657,1,1614.76,0.00280244,0.172981,0.781956,0.471036,0.05,300,300,300,300,300,300,66,120,283,51,55,63,40,44,52,0,16.7664,0.055888,-0
dual_l0_c0,0,220,3,0.349874,0.181567,-0.0551224,1.09482,1147.7,0.167188,3.8251,0.134907,0.0351058,0.0546708,0.0124624,0.033952,0.236707,0.0487036,0.474168,0.130827,1,1,1,78,1,0.436116,0.345248,0.398224,0.287549,1,1136.72,0.00280244,0.172981,0.781956,0.471036,0.05,300,300,300,300,300,300,74,78,112,61,65,73,45,49,73,0,8.90035,0.0296678,-0
dual_l0_c0,0,221,3,0.435133,0.12463,-0.396711,1.03218,1554.72,3.16923,5.17182,0.562834,0.322221,0.0413656,0.0108665,0.0272337,0.618161,0.202839,0.400291,0.541999,1,1,0,136,1,0.793785,0.431937,0.458383,0.730282,1,1508.56,0.00280244,0.172981,0.781956,0.471036,0.05,300,300,300,300,300,300,101,136,300,53,57,65,44,55,63,0,14.0264,0.0467547,1.78261e-29
dual_l0_c0,0,222,3,0.36023,0.185861,-0.0169778,1.03292,1756.29,0.104303,5.85397,0.119558,0.0158786,0.0408066,0.00497996,0.0207448,0.2052,0.107875,0.326184,0.16281,1,1,12,74,1,0.287152,0.300463,0.376019,0.183418,1,1742.6,0.00280244,0.172981,0.781956,0.471036,0.05,300,300,300,300,300,300,70,74,300,61,65,73,45,54,62,0,14.3471,0.0478235,4.14893e-19
dual_l0_c0,0,223,5,0.358293,0.0337697,-0.439343,1.03823,1138.93,6.51932,3.77469,0.796868,0.440641,0.0289313,0.0129663,0.0177668,0.696613,0.341724,0.557354,0.686403,1,1,0,121,1,0.658565,0.571187,0.291489,0.31158,1,1049.43,0.00280244,0.172981,0.781956,0.471036,0.05,300,300,300,300,300,300,100,121,252,50,54,62,34,38,46,0,5.15947,0.0171982,-0
dual_l0_c0,0,224,3,0.591023,0.162948,0.0421222,1.0548,1272.62,0.0376941,4.24192,0.0373568,0.0133901,0.0424463,0.00663734,0.0328196,0.308584,0.177529,0.660116,0.0424392,1,1,7,140,1,0.139574,0.187304,0.593991,0.0984479,1,1265.07,0.00280244,0.172981,0.781956,0.471036,0.05,300,300,300,300,300,300,73,140,238,49,59,82,41,45,53,0,18.9003,0.0630008,-0
dual_l0_c0,0,225,2,0.489381,0.137919,-0.205132,1.03397,917.427,0.287122,3.05713,0.182051,0.145354,0.0178415,0.0159909,0.0203881,0.367722,0.0714613,0.599495,0.347986,1,1,0,60,1,0.775011,0.549656,0.593994,0.372064,1,874.004,0.00280244,0.172981,0.781956,0.471036,0.05,300,300,300,300,300,300,56,60,165,45,49,57,37,41,49,0,7.6066,0.0253553,4.72382e-20
dual_l0_c0,0,226,4,0.346785,0.130861,-0.0311253,0.961309,1228.52,0.293851,4.09408,0.17389,0.0367444,0.00624506,0.00953422,0.033611,0.188899,0.155209,0.381278,0.184397,1,1,32,83,1,0.225868,0.162215,0.274132,0.10806,1,1215.66,0.00280244,0.172981,0.781956,0.471036,0.05,300,300,300,300,300,300,79,83,91,51,55,63,43,47,55,0,11.7312,0.0391039,-0
dual_l0_c0,0,227,5,0.175682,0.0286288,-0.0802586,0.940568,1104.1,1.44305,3.67554,0.383453,0.0824222,0.0206083,0.0200919,0.0220425,0.140044,0.148768,0.136124,0.284387,1,1,0,145,1,0.272076,0.215126,0.30615,0.132851,1,1092.43,0.00280244,0.172981,0.781956,0.471036,0.05,300,300,300,300,300,300,110,145,179,61,65,106,39,43,51,0,14.5192,0.0483973,-0
dual_l0_c0,0,228,4,0.372139,0.199057,0.00622857,0.964079,1544.13,0.452557,5.1456,0.215929,0.0434321,0.0210817,0.00774509,0.0455308,0.31053,0.208706,0.330436,0.160372,1,1,18,67,1,0.322182,0.325342,0.49996,0.187833,1,1525.96,0.00280244,0.172981,0.781956,0.471036,0.05,300,300,300,300,300,300,63,67,300,52,56,64,32,36,44,0,13.5976,0.0453255,-0
dual_l0_c0,0,229,7,0.403615,0.0548317,-0.460014,1.00093,1509.27,5.29146,5.01325,0.713366,0.257291,0.00903207,0.0119077,0.046189,0.532705,0.383078,0.525673,0.597116,1,1,3,244,1,0.57215,0.369057,0.563085,0.722242,1,1493.78,0.00280244,0.172981,0.781956,0.471036,0.05,300,300,300,300,300,300,58,244,300,53,62,70,50,54,62,0,12.3124,0.0410413,-0
dual_l0_c0,0,230,0,0.181151,0.195115,-0.366314,0.948752,1755.76,3.55069,5.8407,0.606208,0.320311,0.0156871,0.00556555,0.0384279,0.638582,0.119713,0.219001,0.408632,1,1,19,117,1,0.470746,0.563645,0.191984,0.552268,1,1710.05,0.00280244,0.172981,0.781956,0.471036,0.05,300,300,300,300,300,300,61,117,300,52,56,64,39,52,60,0,20.1427,0.0671423,8.84438e-39
dual_l0_c0,0,231,7,0.530775,0.147854,-0.239435,1.09642,1737.67,0.346341,5.79108,0.165725,0.0332263,0.0172653,0.00760994,0.0239274,0.411301,0.178382,0.624955,0.420673,1,1,2,113,1,0.413567,0.255489,0.654874,0.420456,1,1720.02,0.00280244,0.172981,0.781956,0.471036,0.05,300,300,300,300,300,300,76,113,300,47,68,76,37,48,56,0,13.5274,0.0450914,-0
dual_l0_c0,0,232,5,0.395404,0.147821,-0.099721,0.984856,1398.75,0.33964,4.66135,0.203094,0.0649614,0.0120487,0.0074971,0.0337019,0.178158,0.162819,0.382065,0.244217,1,1,9,79,1,0.308869,0.103825,0.425994,0.344606,1,1373.34,0.00280244,0.172981,0.781956,0.471036,0.05,300,300,300,300,300,300,61,79,290,49,53,61,33,43,51,0,11.8405,0.0394684,-0
dual_l0_c0,0,233,6,0.334208,0.0532892,0.0517539,0.963033,2381.02,0.215698,7.936,0.144899,0.0999649,0.0394575,0.0117439,0.0453923,0.256453,0.148412,0.331165,0.0719826,1,1,21,154,1,0.20514,0.111302,0.374606,0.181133,1,2371.41,0.00280244,0.172981,0.781956,0.471036,0.05,300,300,300,300,300,300,103,154,197,59,73,81,43,47,67,0,10.0526,0.0335088,-0
dual_l0_c0,0,234,7,0.532847,0.0165956,0.15255,0.926007,1845.96,1.51527,6.14815,0.401406,0.113415,0.0120226,0.0147057,0.0250747,0.139719,0.123435,0.635912,0.123111,1,1,1,300,0,0.401406,0.139719,0.635912,0.123111,1,1844.45,0.00280244,0.172981,0.781956,0.471036,0.05,300,300,300,300,300,300,300,300,300,58,76,100,44,59,67,0,17.0749,0.0569164,-0
dual_l0_c0,0,235,2,0.335429,0.158757,0.294397,0.927181,2047.78,0.185668,6.82533,0.142385,0.0338455,0.0146264,0.0077843,0.0476231,0.305021,0.111532,0.394026,0.16045,1,1,25,300,0,0.142385,0.305021,0.394026,0.16045,1,2047.6,0.00280244,0.172981,0.781956,0.471036,0.05,300,300,300,300,300,300,71,300,300,61,65,73,38,50,71,0,11.3081,0.0376936,2.07719e-17
dual_l0_c0,0,236,0,0.330068,0.111171,-0.127836,1.00265,889.888,0.75254,2.96379,0.248507,0.0352979,0.0115891,0.0117649,0.0226528,0.28009,0.245727,0.419437,0.206613,1,1,14,192,1,0.227432,0.207104,0.264234,0.150313,1,882.072,0.00280244,0.172981,0.781956,0.471036,0.05,300,300,300,300,300,300,80,192,200,45,57,65,32,45,53,0,13.4834,0.0449447,2.19503e-21
dual_l0_c0,0,237,1,0.321865,0.0178815,-0.0820857,1.05529,1656.68,0.140561,5.52181,0.130236,0.0529991,0.010535,0.0221627,0.0388024,0.237784,0.0755448,0.317628,0.236845,0,1.63699e-20,0,106,1,0.32154,0.0386061,0.456682,0.280788,1,1637.57,0.00280244,0.172981,0.781956,0.471036,0.05,300,300,300,300,300,300,102,106,114,48,52,89,46,50,58,0,35.4057,0.118019,7.02016e-11
dual_l0_c0,0,238,3,0.450822,0.00175622,0.179298,1.07767,1166.66,1.1169,3.88516,0.353394,0.0393892,0.0272933,0.00624277,0.0387427,0.344713,0.187107,0.35357,0.0813722,1,1,1,300,0,0.353394,0.344713,0.35357,0.0813722,1,1165.55,0.00280244,0.172981,0.781956,0.471036,0.05,300,300,300,300,300,300,300,300,300,94,98,106,42,54,77,0,16.1492,0.0538308,-0
dual_l0_c0,0,239,3,0.389855,0.160543,0.274721,1.07469,1176.63,0.322201,3.92104,0.206259,0.0160091,0.0214804,0.00442189,0.0322989,0.499535,0.11636,0.371492,0.0685451,1,1,16,149,1,0.0633327,0.321649,0.464603,0.13914,1,1163.3,0.00280244,0.172981,0.781956,0.471036,0.05,300,300,300,300,300,300,88,149,176,49,75,96,42,46,54,0,10.9722,0.0365741,-0
dual_l0_c0,0,240,4,0.266968,0.0897546,0.466402,0.903516,1050.64,0.102587,3.50179,0.123655,0.0229853,0.00865285,0.00797516,0.0491929,0.264517,0.110158,0.115395,0.257353,1,1,44,159,1,0.105359,0.264612,0.271418,0.280409,1,1034.2,0.00280244,0.172981,0.781956,0.471036,0.05,300,300,300,300,300,300,65,159,300,52,64,72,28,47,55,0,13.0318,0.0434392,-0
dual_l0_c0,0,241,0,0.248837,0.0628426,0.0981762,1.0273,1300.72,0.362108,4.33451,0.188227,0.0198322,0.0324749,0.0193216,0.035872,0.149289,0.251463,0.237591,0.19161,1,1,18,125,1,0.221265,0.188235,0.190566,0.0629135,1,1292.61,0.00280244,0.172981,0.781956,0.471036,0.05,300,300,300,300,300,300,67,125,300,61,65,73,45,49,57,0,17.5314,0.0584379,6.72444e-38
dual_l0_c0,0,242,5,0.304573,0.0848261,-0.164202,1.02574,1705.94,0.750992,5.68396,0.280934,0.0651494,0.0532108,0.00797412,0.0457287,0.202732,0.0377656,0.40433,0.267852,1,1,0,76,1,0.303711,0.420784,0.384413,0.303873,1,1678.2,0.00280244,0.172981,0.781956,0.471036,0.05,300,300,300,300,300,300,67,76,84,51,66,74,34,38,46,0,10.5331,0.0351103,-0
dual_l0_c0,0,243,4,0.452787,0.117344,0.014937,1.03906,1525.2,0.586009,5.08204,0.237479,0.0366582,0.0433415,0.0168739,0.033722,0.24105,0.18191,0.422256,0.221404,1,1,18,99,1,0.267958,0.243899,0.317521,0.1291,1,1513.2,0.00280244,0.172981,0.781956,0.471036,0.05,300,300,300,300,300,300,56,99,107,54,73,81,37,41,59,0,13.0455,0.0434849,-0
dual_l0_c0,0,244,4,0.314879,0.0996038,0.138993,1.06363,1687.37,0.175743,5.62399,0.119789,0.0132852,0.0462083,0.0171232,0.00909533,0.14935,0.164655,0.249312,0.0994698,1,1,18,189,1,0.114951,0.113162,0.215513,0.0440828,1,1682,0.00280244,0.172981,0.781956,0.471036,0.05,300,300,300,300,300,300,83,189,300,71,75,83,46,50,75,0,15.8232,0.0527439,-0
dual_l0_c0,0,245,0,0.263911,0.108766,-0.281517,1.00611,1080.81,2.8018,3.59335,0.528095,0.255479,0.0228622,0.0163978,0.0286099,0.318804,0.501632,0.44035,0.427889,1,1,16,76,1,0.371125,0.204705,0.163319,0.454416,1,1021.31,0.00280244,0.172981,0.781956,0.471036,0.05,300,300,300,300,300,300,57,76,190,46,50,58,40,44,52,0,16.6979,0.0556595,3.59333e-33
dual_l0_c0,0,246,6,0.496762,0.0136613,0.373571,0.939121,1768.65,2.99451,5.88553,0.544483,0.10891,0.00884563,0.0153863,0.0151186,0.138754,0.458392,0.322122,0.674587,1,1,11,300,0,0.544483,0.138754,0.322122,0.674587,1,1765.66,0.00280244,0.172981,0.781956,0.471036,0.05,300,300,300,300,300,300,300,300,300,78,123,146,49,53,61,0,9.81753,0.0327251,-0
dual_l0_c0,0,247,4,0.229843,0.0132997,0.194075,1.05208,1412.93,0.0643959,4.70957,0.102094,0.0165811,0.0151849,0.01775,0.0154835,0.318042,0.0690214,0.46839,0.548484,1,1,14,95,1,0.262784,0.203683,0.13356,0.0577669,1,1393.27,0.00280244,0.172981,0.781956,0.471036,0.05,300,300,300,300,300,300,91,95,103,75,85,93,39,49,57,0,21.0137,0.0700455,-0
dual_l0_c0,0,248,5,0.35938,0.046694,-0.461951,0.936598,1689.52,6.97839,5.60848,0.829405,0.546993,0.0196688,0.00567932,0.0147311,0.816864,0.136667,0.465702,0.557868,1,1,10,61,1,0.605813,0.603516,0.54788,0.501744,1,1488.08,0.00280244,0.172981,0.781956,0.471036,0.05,300,300,300,300,300,300,57,61,69,48,52,60,38,42,50,0,17.3223,0.0577412,-0
dual_l0_c0,0,249,3,0.432344,0.0111603,0.365506,0.967456,1409.54,0.505373,4.69678,0.228248,0.0180182,0.0370296,0.0128952,0.0183911,0.510262,0.138498,0.552801,0.212502,1,1,10,146,1,0.306829,0.206262,0.414722,0.150324,1,1387.82,0.00280244,0.172981,0.781956,0.471036,0.05,300,300,300,300,300,300,123,146,300,78,82,90,37,63,71,0,5.88025,0.0196008,-0
dual_l0_c0,0,250,6,0.519729,0.0134245,-0.456609,1.09444,2142.47,4.03562,7.12811,0.61688,0.409027,0.0293745,0.0135793,0.0377865,0.325843,0.369216,0.441712,0.5759,1,1,18,81,1,0.77832,0.513786,0.362164,0.563625,1,2009.55,0.00280244,0.172981,0.781956,0.471036,0.05,300,300,300,300,300,300,77,81,125,54,58,66,45,49,57,0,9.40392,0.0313464,-0
dual_l0_c0,0,251,1,0.445883,0.116138,-0.104717,1.01473,2310.9,0.443537,7.70151,0.209412,0.0849179,0.0431358,0.021361,0.0443361,0.26062,0.0757639,0.471781,0.0932933,1,1,10,112,1,0.115508,0.168502,0.548127,0.12486,1,2296.32,0.00280244,0.172981,0.781956,0.471036,0.05,300,300,300,300,300,300,66,112,185,55,59,67,49,53,61,0,8.64246,0.0288082,2.01577e-30
dual_l0_c0,0,252,5,0.455766,0.128923,0.459528,0.986454,1242.99,0.0703994,4.14308,0.0591061,0.0196717,0.0317522,0.00887235,0.0477781,0.154318,0.055482,0.483825,0.3389,1,1,0,300,0,0.0591061,0.154318,0.483825,0.3389,1,1242.92,0.00280244,0.172981,0.781956,0.471036,0.05,300,300,300,300,300,300,91,300,300,48,52,99,39,43,51,0,5.69229,0.0189743,-0
dual_l0_c0,0,253,0,0.531159,0.0152635,-0.320426,0.955938,1501.07,12.7214,4.96117,1.13691,0.583118,0.0293143,0.0126286,0.0157103,0.364189,0.445567,0.30425,0.140748,1,1,1,300,0,1.13691,0.364189,0.30425,0.140748,1,1488.35,0.00280244,0.172981,0.781956,0.471036,0.05,300,300,300,300,300,300,291,300,300,50,54,84,31,35,43,0,6.12428,0.0204143,-0
dual_l0_c0,0,254,2,0.395605,0.0678764,0.30129,0.949866,2559.4,0.0511575,8.53117,0.0573866,0.017229,0.0163785,0.0107227,0.0151104,0.266482,0.131949,0.450042,0.231393,0,3.06884e-43,15,300,0,0.0573866,0.266482,0.450042,0.231393,0,2559.35,0.00280244,0.172981,0.781956,0.471036,0.05,300,300,300,300,300,300,103,300,300,62,66,108,49,53,61,0,17.5319,0.0584396,7.99889e-22
dual_l0_c0,0,255,0,0.195428,0.0053344,-0.4513,1.06173,2101.28,7.23649,6.98014,0.856156,0.502389,0.0182223,0.0204145,0.0435001,0.203254,0.294205,0.313872,0.606734,1,1,20,300,0,0.856156,0.203254,0.313872,0.606734,1,2094.04,0.00280244,0.172981,0.781956,0.471036,0.05,300,300,300,300,300,300,156,300,300,53,112,120,52,56,64,0,11.3991,0.037997,-0
dual_l0_c0,0,256,2,0.362116,0.0635214,-0.414993,0.936322,1745.4,2.93636,5.8082,0.531915,0.348612,0.00966777,0.0124484,0.034107,0.22594,0.235519,0.465873,0.717024,1,1,20,144,1,0.70666,0.748438,0.424772,0.569625,1,1674.96,0.00280244,0.172981,0.781956,0.471036,0.05,300,300,300,300,300,300,135,144,300,63,78,86,47,51,59,0,12.6913,0.0423043,-0
dual_l0_c0,0,257,1,0.401548,0.106963,-0.0628724,0.959917,2032.16,0.421292,6.77248,0.207629,0.0865008,0.0269075,0.0184962,0.0375453,0.166057,0.143724,0.433806,0.0799219,0,7.57498e-35,12,83,1,0.228455,0.180812,0.616582,0.191114,1,2012.41,0.00280244,0.172981,0.781956,0.471036,0.05,300,300,300,300,300,300,79,83,300,46,50,58,40,44,52,0,15.8491,0.0528304,1.27278e-10
dual_l0_c0,0,258,5,0.479024,0.147195,0.0457387,1.04002,1866.15,0.161314,6.21995,0.13533,0.0269114,0.026989,0.0111989,0.0196968,0.141764,0.171423,0.422941,0.0974399,1,1,0,99,1,0.30361,0.188434,0.34169,0.112521,1,1850.25,0.00280244,0.172981,0.781956,0.471036,0.05,300,300,300,300,300,300,95,99,300,59,69,77,44,48,56,0,9.99047,0.0333016,1.38886e-14
dual_l0_c0,0,259,0,0.304544,0.0423106,0.242233,1.06864,1410.76,0.133871,4.70208,0.121752,0.00601816,0.0235556,0.0215385,0.0402654,0.56188,0.0393735,0.315362,0.0659605,1,1,20,300,0,0.121752,0.56188,0.315362,0.0659605,1,1410.63,0.00280244,0.172981,0.781956,0.471036,0.05,300,300,300,300,300,300,122,300,300,53,57,65,45,49,57,0,17.8923,0.059641,-0
dual_l0_c0,0,260,6,0.437928,0.196073,0.275792,0.937034,2031.03,0.146871,6.76961,0.116881,0.0168299,0.0165379,0.0168303,0.0138703,0.373122,0.107438,0.519801,0.207499,1,1,16,166,1,0.110272,0.314132,0.556111,0.101666,1,2022.28,0.00280244,0.172981,0.781956,0.471036,0.05,300,300,300,300,300,300,100,166,174,60,76,84,44,48,56,0,13.1971,0.0439902,-0
dual_l0_c0,0,261,3,0.378486,0.0852083,-0.0255313,1.01488,1748.59,0.258433,5.82777,0.176083,0.0515477,0.0368887,0.0150949,0.0147623,0.3446,0.126161,0.513138,0.00989875,1,1,1,82,1,0.232146,0.133605,0.620184,0.0495497,1,1737.44,0.00280244,0.172981,0.781956,0.471036,0.05,300,300,300,300,300,300,78,82,103,56,60,68,38,53,61,0,21.2926,0.0709753,-0
dual_l0_c0,0,262,2,0.462172,0.173058,0.423891,0.907924,1612.05,0.297949,5.37251,0.184909,0.0268995,0.0157849,0.0101603,0.0334574,0.383718,0.151957,0.590046,0.198391,1,0.984416,19,300,0,0.184909,0.383718,0.590046,0.198391,1,1611.75,0.00280244,0.172981,0.781956,0.471036,0.05,300,300,300,300,300,300,83,300,300,52,68,76,37,41,49,0,18.081,0.0602699,0.0803167
dual_l0_c0,0,263,3,0.476636,0.162298,-0.354084,1.0525,1154.49,1.71865,3.84258,0.407988,0.246534,0.00845153,0.00521686,0.0113239,0.416242,0.0668892,0.457207,0.522442,1,1,6,114,1,0.457825,0.580399,0.451362,0.507867,1,1115.89,0.00280244,0.172981,0.781956,0.471036,0.05,300,300,300,300,300,300,49,114,278,42,46,54,34,38,46,0,2.68002,0.0089334,-0
dual_l0_c0,0,264,3,0.211521,0.166337,-0.203399,0.951073,2217.03,3.32932,7.37901,0.571456,0.211944,0.0250228,0.0164686,0.0196947,0.240793,0.0572383,0.359887,0.331072,1,1,17,103,1,0.324256,0.28556,0.210785,0.584974,1,2178.32,0.00280244,0.172981,0.781956,0.471036,0.05,300,300,300,300,300,300,69,103,300,52,63,71,40,44,52,0,13.0495,0.0434983,8.52399e-29
dual_l0_c0,0,265,6,0.202513,0.0638959,0.416599,0.933243,892.555,0.206094,2.9745,0.129116,0.0237636,0.0298462,0.0127482,0.0292461,0.436546,0.0447412,0.302736,0.163918,1,1,20,300,0,0.129116,0.436546,0.302736,0.163918,1,892.349,0.00280244,0.172981,0.781956,0.471036,0.05,300,300,300,300,300,300,86,300,300,59,63,84,39,43,51,0,7.56645,0.0252215,-0
dual_l0_c0,0,266,3,0.411799,0.192276,0.216276,1.0921,1526.24,0.0371673,5.08733,0.0697063,0.0244443,0.0261245,0.0101785,0.0380567,0.276421,0.0747599,0.497702,0.118658,1,0.995737,3,73,1,0.192301,0.0992749,0.466184,0.20598,0,1512.27,0.00280244,0.172981,0.781956,0.471036,0.05,300,300,300,300,300,300,69,73,300,52,73,100,44,48,56,0,93.4777,0.311592,0.0275233
dual_l0_c0,0,267,4,0.399913,0.187732,-0.330349,0.929547,1851.65,2.66747,6.16329,0.507041,0.257565,0.0198987,0.00890865,0.046702,0.363561,0.0749988,0.395952,0.503301,1,1,24,115,1,0.467338,0.211286,0.406707,0.573452,1,1810.36,0.00280244,0.172981,0.781956,0.471036,0.05,300,300,300,300,300,300,65,115,202,49,53,76,34,38,58,0,10.2043,0.0340142,-0
dual_l0_c0,0,268,6,0.550999,0.195421,0.283359,0.918454,987.36,0.150625,3.2907,0.143381,0.0228196,0.0226414,0.0181587,0.0527415,0.578027,0.173261,0.642724,0.218264,1,1,1,107,1,0.166061,0.316175,0.596401,0.0871073,1,971.143,0.00280244,0.172981,0.781956,0.471036,0.05,300,300,300,300,300,300,94,107,300,49,53,61,34,38,46,0,8.4158,0.0280527,-0
dual_l0_c0,0,269,5,0.492692,0.159294,-0.133424,1.0333,860.602,0.740379,2.86621,0.24861,0.0547579,0.0303578,0.0182014,0.0230125,0.377054,0.360352,0.477046,0.277667,1,1,9,64,1,0.304986,0.143135,0.614577,0.166779,1,831.494,0.00280244,0.172981,0.781956,0.471036,0.05,300,300,300,300,300,300,60,64,300,45,49,57,40,44,52,0,7.74111,0.0258037,-0
dual_l0_c0,0,270,4,0.354387,0.11877,0.45736,0.963042,931.929,0.219053,3.1057,0.151308,0.0236476,0.0225528,0.0104729,0.0347385,0.407361,0.192204,0.369128,0.190599,1,1,17,300,0,0.151308,0.407361,0.369128,0.190599,1,931.71,0.00280244,0.172981,0.781956,0.471036,0.05,300,300,300,300,300,300,141,300,300,68,72,96,39,51,59,0,11.6148,0.038716,-0
dual_l0_c0,0,271,3,0.0534262,0.085277,-0.186108,1.08413,1471.38,1.58076,4.89932,0.384646,0.0462254,0.0298561,0.0112208,0.0420491,0.313892,0.287006,0.165342,0.279871,1,1,13,103,1,0.376634,0.249329,0.0882649,0.446561,1,1447.19,0.00280244,0.172981,0.781956,0.471036,0.05,300,300,300,300,300,300,83,103,241,59,63,71,38,42,50,0,8.30142,0.0276714,-0
dual_l0_c0,0,272,3,0.435916,0.0145644,0.357593,1.01026,1970.01,0.388724,6.56542,0.176591,0.0334015,0.0140179,0.0182201,0.0364399,0.415776,0.395348,0.365434,0.405071,0,9.10145e-32,13,300,0,0.176591,0.415776,0.365434,0.405071,0,1969.63,0.00280244,0.172981,0.781956,0.471036,0.05,300,300,300,300,300,300,158,300,300,60,104,163,36,40,66,0,10.2763,0.0342542,6.5052e-30
dual_l0_c0,0,273,7,0.438393,0.0388724,0.262398,1.01123,1678.17,0.298769,5.5929,0.176222,0.0201577,0.022634,0.00992709,0.0371584,0.403027,0.0745279,0.507633,0.127922,1,1,1,158,1,0.081837,0.182269,0.526966,0.212243,1,1668.4,0.00280244,0.172981,0.781956,0.471036,0.05,300,300,300,300,300,300,101,158,300,69,82,90,58,62,70,0,5.82593,0.0194198,-0
dual_l0_c0,0,274,5,0.500207,0.175546,-0.255935,0.973981,1239.47,1.79098,4.12561,0.42927,0.204131,0.020348,0.0129798,0.0231623,0.3864,0.371833,0.488863,0.314245,1,1,1,72,1,0.429127,0.411649,0.608701,0.440045,1,1201.86,0.00280244,0.172981,0.781956,0.471036,0.05,300,300,300,300,300,300,68,72,80,49,58,66,40,49,57,0,8.14129,0.0271376,-0
dual_l0_c0,0,275,0,0.436104,0.125243,0.13076,0.996454,2275.45,0.0447326,7.58469,0.0688296,0.0202673,0.0242097,0.00680174,0.028869,0.13463,0.109619,0.335873,0.0385862,1,1,1,147,1,0.0702412,0.449648,0.495075,0.0827224,1,2268.6,0.00280244,0.172981,0.781956,0.471036,0.05,300,300,300,300,300,300,93,147,300,80,84,92,50,66,74,0,10.3887,0.0346289,-0
dual_l0_c0,0,276,1,0.355877,0.081511,0.283838,1.07678,2036.63,0.156958,6.78824,0.116117,0.00754765,0.0290542,0.0121214,0.026897,0.199529,0.157398,0.295126,0.138562,0,7.28488e-23,0,116,1,0.0269711,0.248492,0.221615,0.23353,1,2020.32,0.00280244,0.172981,0.781956,0.471036,0.05,300,300,300,300,300,300,112,116,277,67,71,79,56,60,68,0,10.6686,0.0355621,3.71337e-21
dual_l0_c0,0,277,7,0.349926,0.0967251,-0.182095,1.03274,1870.52,1.003,6.23172,0.315291,0.189933,0.0180697,0.00924748,0.0557758,0.526725,0.199722,0.381093,0.255096,1,1,12,112,1,0.370182,0.229951,0.457,0.367265,1,1834.55,0.00280244,0.172981,0.781956,0.471036,0.05,300,300,300,300,300,300,108,112,134,62,83,104,49,53,61,0,12.1245,0.0404151,-0
dual_l0_c0,0,278,1,0.53308,0.151457,-0.0105664,1.03216,2364.54,0.0816664,7.88153,0.101948,0.0255926,0.0315228,0.0163166,0.0299342,0.156122,0.132758,0.407689,0.169881,0,1.68523e-22,13,90,1,0.299344,0.268394,0.405319,0.0585856,0,2357.44,0.00280244,0.172981,0.781956,0.471036,0.05,300,300,300,300,300,300,86,90,300,53,67,75,49,53,61,0,22.9333,0.0764443,8.53477e-21
dual_l0_c0,0,279,6,0.426132,0.148291,0.235948,1.01288,983.783,0.411505,3.2779,0.216745,0.0347309,0.0111789,0.0058859,0.029272,0.235549,0.144482,0.519996,0.180342,1,1,0,91,1,0.13384,0.280783,0.452169,0.0485118,1,969.448,0.00280244,0.172981,0.781956,0.471036,0.05,300,300,300,300,300,300,57,91,300,43,47,55,35,39,47,0,6.59864,0.0219955,-0
dual_l0_c0,0,280,7,0.299946,0.152675,0.483055,1.01154,1042.29,0.217552,3.47358,0.112218,0.0188333,0.0331652,0.0150411,0.0234792,0.837017,0.15142,0.370565,0.176741,1,1,0,300,0,0.112218,0.837017,0.370565,0.176741,1,1042.07,0.00280244,0.172981,0.781956,0.471036,0.05,300,300,300,300,300,300,267,300,300,60,64,106,45,49,57,0,8.5219,0.0284063,-0
dual_l0_c0,0,281,1,0.572325,0.0437863,-0.127511,1.08677,1649.85,1.00888,5.49613,0.291384,0.0852908,0.0117427,0.0107884,0.0206612,0.227452,0.204294,0.671568,0.232731,1,1,1,80,1,0.601539,0.359045,0.62856,0.186681,1,1560.89,0.00280244,0.172981,0.781956,0.471036,0.05,300,300,300,300,300,300,76,80,88,64,68,76,51,62,70,0,2.34361,0.00781203,3.40558e-24
dual_l0_c0,0,282,7,0.268432,0.0194303,-0.448892,0.987931,1026.64,6.63527,3.40002,0.804507,0.241042,0.0254348,0.00553183,0.0235919,0.516181,0.109754,0.432891,0.703982,1,1,9,61,1,0.828078,0.678787,0.402377,0.583521,1,911.398,0.00280244,0.172981,0.781956,0.471036,0.05,300,300,300,300,300,300,57,61,188,46,50,58,37,41,49,0,13.3433,0.0444776,-0
dual_l0_c0,0,283,5,0.184489,0.164452,0.102561,1.00371,1270.75,0.379139,4.23457,0.190817,0.00974531,0.0362538,0.00956074,0.0166954,0.15863,0.111722,0.172771,0.085346,1,1,2,83,1,0.151627,0.372527,0.24753,0.0194216,1,1261.62,0.00280244,0.172981,0.781956,0.471036,0.05,300,300,300,300,300,300,79,83,300,53,57,65,41,54,62,0,8.3435,0.0278117,-0
dual_l0_c0,0,284,1,0.487219,0.038913,0.347239,0.941858,2032.06,0.502603,6.77184,0.223272,0.0131417,0.0215137,0.0082694,0.0407845,0.393903,0.132398,0.48746,0.21114,0,5.94515e-34,1,300,0,0.223272,0.393903,0.48746,0.21114,0,2031.55,0.00280244,0.172981,0.781956,0.471036,0.05,300,300,300,300,300,300,74,300,300,62,66,74,34,38,62,0,26.9365,0.0897884,2.8735e-08
dual_l0_c0,0,285,2,0.477227,0.138295,0.199091,0.946541,2057.79,0.118442,6.8589,0.135383,0.0181844,0.0147647,0.0140241,0.0268871,0.453826,0.0603136,0.525203,0.0798903,1,0.908742,1,114,1,0.182221,0.294372,0.560136,0.158768,1,2045.2,0.00280244,0.172981,0.781956,0.471036,0.05,300,300,300,300,300,300,68,114,300,64,68,76,51,55,63,0,12.7039,0.0423463,0.305439
dual_l0_c0,0,286,7,0.227774,0.0373785,-0.406291,0.907295,1624.19,3.69665,5.40166,0.615413,0.499277,0.0373473,0.0108225,0.00862855,0.489603,0.172618,0.358427,0.601804,1,1,23,234,1,0.649417,0.610518,0.472942,0.453437,1,1592.45,0.00280244,0.172981,0.781956,0.471036,0.05,300,300,300,300,300,300,83,234,300,56,60,68,40,50,58,0,16.064,0.0535465,-0
dual_l0_c0,0,287,1,0.401076,0.166059,0.425251,0.956758,1837.81,0.378737,6.12476,0.211351,0.0430788,0.0193336,0.0164865,0.0280064,0.371233,0.145695,0.616909,0.33728,0,4.02793e-31,24,300,0,0.211351,0.371233,0.616909,0.33728,0,1837.43,0.00280244,0.172981,0.781956,0.471036,0.05,300,300,300,300,300,300,186,300,300,63,79,87,39,43,51,0,27.3336,0.0911121,0.000198612
dual_l0_c0,0,288,5,0.46492,0.174336,-0.426207,0.95184,2011.69,3.00962,6.69561,0.55505,0.0811957,0.0476082,0.00904469,0.0339381,0.528164,0.226272,0.451027,0.588585,1,1,0,74,1,0.439229,0.321704,0.455398,0.49253,1,1947.86,0.00280244,0.172981,0.781956,0.471036,0.05,300,300,300,300,300,300,57,74,300,53,57,65,47,51,59,0,11.219,0.0373966,-0
dual_l0_c0,0,289,6,0.123095,0.160581,0.468955,1.02931,1492.94,0.17294,4.97589,0.111003,0.0257649,0.0241072,0.0205155,0.0189058,0.700886,0.112017,0.183391,0.297854,1,1,12,281,1,0.162555,0.275959,0.167401,0.365851,1,1490.05,0.00280244,0.172981,0.781956,0.471036,0.05,300,300,300,300,300,300,142,281,300,50,54,78,31,35,52,0,8.69199,0.0289733,-0
dual_l0_c0,0,290,1,0.181357,0.120345,-0.238569,0.916802,1242.75,0.787665,4.13989,0.27987,0.121514,0.0125638,0.0117117,0.0241139,0.072618,0.0863769,0.15476,0.343933,1,0.999993,0,64,1,0.21616,0.371321,0.0886106,0.388698,1,1205.91,0.00280244,0.172981,0.781956,0.471036,0.05,300,300,300,300,300,300,55,64,93,49,53,61,29,44,61,0,10.4692,0.0348974,9.17476e-05
dual_l0_c0,0,291,2,0.455643,0.164817,0.0511178,0.93873,2090.74,0.2048,6.96844,0.139454,0.0184608,0.0291736,0.0115832,0.0288236,0.116549,0.0510106,0.340728,0.124289,1,0.807029,0,129,1,0.0937023,0.381281,0.4393,0.179082,1,2082.28,0.00280244,0.172981,0.781956,0.471036,0.05,300,300,300,300,300,300,54,129,300,50,54,62,35,46,54,0,18.4864,0.0616213,0.490502
dual_l0_c0,0,292,1,0.147897,0.0721167,-0.0114566,1.0772,918.465,0.191667,3.06091,0.121014,0.0366625,0.0181178,0.0133277,0.0366437,0.269405,0.151688,0.211709,0.117105,0,5.48078e-30,0,233,1,0.052402,0.168763,0.281468,0.156841,0,915.789,0.00280244,0.172981,0.781956,0.471036,0.05,300,300,300,300,300,300,57,233,300,55,59,67,41,57,65,0,31.3812,0.104604,2.08574e-14
dual_l0_c0,0,293,7,0.343813,0.00211082,0.304754,1.07182,2268.63,0.220385,7.56137,0.146629,0.00560612,0.0189117,0.0179566,0.0328643,0.147203,0.215276,0.174677,0.429393,1,1,22,113,1,0.246966,0.270925,0.258668,0.107533,1,2249.25,0.00280244,0.172981,0.781956,0.471036,0.05,300,300,300,300,300,300,109,113,300,67,71,89,55,59,67,0,17.6584,0.0588614,-0
dual_l0_c0,0,294,1,0.436257,0.196681,0.158521,1.0084,2113.64,0.0221755,7.0454,0.0679516,0.0195607,0.0181029,0.0263375,0.0381988,0.479954,0.0894669,0.332714,0.116398,0,2.78299e-21,22,102,1,0.202444,0.418001,0.401585,0.074987,0,2102.3,0.00280244,0.172981,0.781956,0.471036,0.05,300,300,300,300,300,300,98,102,300,45,49,91,40,44,52,0,43.6957,0.145652,0.0248221
dual_l0_c0,0,295,6,0.502346,0.0633524,-0.317046,1.0635,1771.08,1.79283,5.89762,0.443068,0.283475,0.0293224,0.0115331,0.0257928,0.256876,0.087083,0.618985,0.415493,1,1,14,88,1,0.613485,0.516771,0.565684,0.45263,1,1705.89,0.00280244,0.172981,0.781956,0.471036,0.05,300,300,300,300,300,300,84,88,170,50,54,78,42,46,54,0,7.95596,0.0265199,-0
dual_l0_c0,0,296,3,0.101578,0.101005,0.122489,0.948285,1788.15,0.0265198,5.9604,0.0387991,0.0265925,0.0216378,0.015238,0.035422,0.124387,0.211475,0.159089,0.0906776,1,0.999997,18,118,1,0.0634305,0.232305,0.200817,0.0869945,1,1780.3,0.00280244,0.172981,0.781956,0.471036,0.05,300,300,300,300,300,300,114,118,300,50,60,83,39,51,59,0,11.1277,0.0370923,4.2434e-05
dual_l0_c0,0,297,5,0.246398,0.0419824,-0.265265,1.06381,1123.18,4.1824,3.73001,0.644893,0.328595,0.0217775,0.0104975,0.0219377,0.450075,0.313387,0.287057,0.205886,1,1,17,69,1,0.457171,0.432514,0.115548,0.446289,1,1064.22,0.00280244,0.172981,0.781956,0.471036,0.05,300,300,300,300,300,300,65,69,256,58,62,70,43,47,55,0,8.19349,0.0273116,1.32787e-41
dual_l0_c0,0,298,2,0.415613,0.128932,-0.25884,0.915773,1496.44,4.78354,4.97219,0.706197,0.231309,0.0384501,0.0226644,0.030852,0.425423,0.245194,0.472097,0.464218,1,1,1,69,1,0.351842,0.123375,0.517218,0.376126,1,1447.99,0.00280244,0.172981,0.781956,0.471036,0.05,300,300,300,300,300,300,65,69,148,51,55,72,43,47,55,0,10.7834,0.0359448,1.34721e-34
dual_l0_c0,0,299,3,0.395114,0.0887869,-0.356972,0.935671,1751.94,3.2706,5.8289,0.560883,0.295217,0.0299001,0.00678148,0.0203285,0.420792,0.241078,0.546475,0.401613,1,1,18,70,1,0.549569,0.644112,0.519329,0.488799,1,1666.66,0.00280244,0.172981,0.781956,0.471036,0.05,300,300,300,300,300,300,66,70,206,53,57,65,47,51,59,0,17.7904,0.0593014,-0
dual_l0_c0,0,300,7,0.545583,0.0509667,-0.0769143,1.03829,2673.23,2.93891,8.90098,0.55044,0.208375,0.0237903,0.011866,0.0362749,0.182661,0.191361,0.670712,0.163213,1,1,19,300,0,0.55044,0.182661,0.670712,0.163213,1,2670.3,0.00280244,0.172981,0.781956,0.471036,0.05,300,300,300,300,300,300,125,300,300,64,78,86,53,57,65,0,21.3264,0.0710881,-0
dual_l0_c0,0,301,7,0.326847,0.162787,0.415959,1.00955,929.366,0.194618,3.09724,0.136434,0.026911,0.0191131,0.0146711,0.0313647,0.216765,0.0995742,0.498553,0.300616,1,1,11,93,1,0.16091,0.343522,0.250194,0.259215,1,902.047,0.00280244,0.172981,0.781956,0.471036,0.05,300,300,300,300,300,300,89,93,300,70,74,82,44,48,56,0,5.03417,0.0167806,-0
dual_l0_c0,0,302,3,0.21052,0.100972,0.0916461,0.961658,1732.47,0.16007,5.77438,0.128311,0.0209249,0.0526017,0.00731067,0.00931049,0.165215,0.109363,0.302554,0.189769,1,1,19,99,1,0.263917,0.168114,0.294424,0.026653,1,1722.54,0.00280244,0.172981,0.781956,0.471036,0.05,300,300,300,300,300,300,90,99,166,50,54,81,39,43,51,0,16.6755,0.055585,1.71854e-14
dual_l0_c0,0,303,7,0.182626,0.141414,-0.181697,0.971317,1177.02,1.21867,3.91933,0.352772,0.136683,0.0309519,0.00836552,0.0254591,0.0911824,0.177191,0.169398,0.376547,1,1,0,86,1,0.334389,0.396225,0.110029,0.197963,1,1148.48,0.00280244,0.172981,0.781956,0.471036,0.05,300,300,300,300,300,300,77,86,270,48,52,60,44,48,56,0,11.3446,0.0378154,-0
dual_l0_c0,0,304,2,0.237945,0.0479714,0.411457,0.95497,1542.71,0.277419,5.14144,0.143208,0.0179576,0.0199859,0.00954545,0.0357893,0.29522,0.0669422,0.216683,0.333484,0,1.36422e-13,1,85,1,0.155427,0.7205,0.199676,0.331885,1,1515.97,0.00280244,0.172981,0.781956,0.471036,0.05,300,300,300,300,300,300,81,85,300,60,64,89,47,51,59,0,33.3509,0.11117,4.04123e-12
dual_l0_c0,0,305,2,0.252399,0.0172296,0.313441,0.906717,1247.26,0.459844,4.156,0.200581,0.0112457,0.0261527,0.00560453,0.0370994,0.563677,0.149151,0.238378,0.156452,1,1,0,300,0,0.200581,0.563677,0.238378,0.156452,1,1246.8,0.00280244,0.172981,0.781956,0.471036,0.05,300,300,300,300,300,300,280,300,300,68,72,139,36,59,67,0,9.1146,0.030382,1.51051e-08
dual_l0_c0,0,306,6,0.467569,0.107255,-0.481354,1.06718,2229.12,3.1119,7.42002,0.569232,0.269062,0.0260338,0.0139926,0.0187674,0.356794,0.414479,0.508247,0.611709,1,1,19,124,1,0.580104,0.716037,0.444099,0.64186,1,2160.56,0.00280244,0.172981,0.781956,0.471036,0.05,300,300,300,300,300,300,78,124,180,54,58,66,44,48,56,0,22.8592,0.0761973,-0
dual_l0_c0,0,307,3,0.398972,0.0520685,0.411439,0.927532,1038.4,0.489094,3.4597,0.237956,0.0413152,0.0307541,0.00709441,0.0387039,0.685219,0.185137,0.56931,0.399811,1,1,0,300,0,0.237956,0.685219,0.56931,0.399811,1,1037.91,0.00280244,0.172981,0.781956,0.471036,0.05,300,300,300,300,300,300,97,300,300,49,69,77,39,43,51,0,6.98763,0.0232921,4.3169e-23
dual_l0_c0,0,308,0,0.374931,0.183499,-0.297567,1.00433,1558.33,1.00131,5.19108,0.32234,0.176803,0.0132367,0.010629,0.0181092,0.256048,0.178813,0.421693,0.406436,1,1,16,76,1,0.308403,0.185636,0.491701,0.380643,1,1515.5,0.00280244,0.172981,0.781956,0.471036,0.05,300,300,300,300,300,300,72,76,300,43,57,65,42,46,54,0,6.37064,0.0212355,-0
dual_l0_c0,0,309,6,0.259577,0.0483614,0.391565,0.96537,1708.35,0.0632006,5.6943,0.0763959,0.0142484,0.0302362,0.00706513,0.0131156,0.260754,0.119489,0.587579,0.349697,1,1,19,300,0,0.0763959,0.260754,0.587579,0.349697,1,1708.29,0.00280244,0.172981,0.781956,0.471036,0.05,300,300,300,300,300,300,300,300,300,63,103,111,36,45,67,0,9.15547,0.0305182,-0
dual_l0_c0,0,310,6,0.34319,0.188561,0.392175,0.955526,2006.3,0.0851675,6.68739,0.132481,0.0567197,0.0164095,0.00273323,0.0435726,0.752019,0.181963,0.311852,0.0712225,1,1,18,254,1,0.174768,0.265032,0.330206,0.0759098,1,2001.18,0.00280244,0.172981,0.781956,0.471036,0.05,300,300,300,300,300,300,134,254,300,71,84,105,50,54,71,0,14.2734,0.0475781,-0
dual_l0_c0,0,311,2,0.387914,0.115589,-0.290375,1.06352,1916.99,1.46952,6.38508,0.377062,0.0795646,0.0279857,0.0166051,0.0195127,0.232663,0.285313,0.309378,0.352444,1,1,16,70,1,0.137857,0.38457,0.492436,0.464229,1,1877.93,0.00280244,0.172981,0.781956,0.471036,0.05,300,300,300,300,300,300,66,70,300,60,64,72,40,44,52,0,6.94752,0.0231584,-0
dual_l0_c0,0,312,7,0.559899,0.192461,0.444658,0.935214,940.415,0.0842577,3.13443,0.100938,0.00844332,0.0290307,0.0097579,0.0227447,0.357305,0.0474974,0.548436,0.233026,1,1,1,153,1,0.105471,0.203213,0.605482,0.20468,1,922.317,0.00280244,0.172981,0.781956,0.471036,0.05,300,300,300,300,300,300,149,153,300,52,56,64,37,50,58,0,11.1948,0.0373161,-0
dual_l0_c0,0,313,6,0.179252,0.0296194,0.126633,1.00058,1888.63,0.773717,6.29285,0.269229,0.0875353,0.00982684,0.0155552,0.011019,0.17655,0.334679,0.296001,0.0544916,1,1,15,300,0,0.269229,0.17655,0.296001,0.0544916,1,1887.85,0.00280244,0.172981,0.781956,0.471036,0.05,300,300,300,300,300,300,300,300,300,88,92,100,41,56,77,0,11.6615,0.0388716,-0
dual_l0_c0,0,314,1,0.540821,0.156638,0.228906,1.05045,1182.7,0.0225237,3.94227,0.0506589,0.0102815,0.0207996,0.00379139,0.0271867,0.311355,0.0393088,0.555121,0.075149,0,5.64756e-24,4,80,1,0.205034,0.274678,0.726817,0.0837938,1,1169.68,0.00280244,0.172981,0.781956,0.471036,0.05,300,300,300,300,300,300,76,80,300,47,78,86,39,43,51,0,19.1006,0.0636686,1.73341e-11
dual_l0_c0,0,315,2,0.546518,0.0208903,0.1868,0.999325,926.028,0.407527,3.0854,0.180542,0.0155393,0.00404884,0.0105783,0.0526743,0.40593,0.143899,0.491009,0.0595086,1,1,1,226,1,0.056456,0.307083,0.602942,0.212208,1,921.948,0.00280244,0.172981,0.781956,0.471036,0.05,300,300,300,300,300,300,222,226,300,50,54,89,34,38,59,0,5.90364,0.0196788,1.04727e-22
dual_l0_c0,0,316,6,0.379898,0.0990158,0.136911,0.946002,1537.05,0.300335,5.12251,0.177529,0.0183221,0.0427634,0.00543772,0.0242229,0.28584,0.153574,0.282503,0.210565,1,1,8,79,1,0.126847,0.133666,0.383665,0.137646,1,1524.54,0.00280244,0.172981,0.781956,0.471036,0.05,300,300,300,300,300,300,75,79,300,56,60,68,35,39,47,0,12.3076,0.0410255,-0
dual_l0_c0,0,317,0,0.476567,0.0097481,-0.144267,1.06707,2278.72,6.09761,7.57542,0.783989,0.577164,0.0159465,0.0106522,0.0257619,0.351677,0.42936,0.579434,0.111409,1,1,25,300,0,0.783989,0.351677,0.579434,0.111409,1,2272.62,0.00280244,0.172981,0.781956,0.471036,0.05,300,300,300,300,300,300,300,300,300,66,169,300,55,59,67,0,17.26,0.0575332,1.8617e-31
dual_l0_c0,0,318,0,0.30634,0.060388,-0.0259303,1.00354,1966.63,0.40198,6.55409,0.18604,0.0308806,0.0278034,0.0114514,0.0413955,0.169333,0.181456,0.439752,0.187477,1,1,0,110,1,0.304294,0.261677,0.386292,0.0551999,1,1955.22,0.00280244,0.172981,0.781956,0.471036,0.05,300,300,300,300,300,300,95,110,300,63,67,75,47,51,68,0,8.93775,0.0297925,-0
dual_l0_c0,0,319,6,0.279795,0.108873,0.45566,0.939115,1318.32,0.164368,4.39385,0.08583,0.0303725,0.0267184,0.0139819,0.028713,0.615866,0.117516,0.345713,0.240814,1,1,8,282,1,0.0737351,0.5051,0.143033,0.421388,1,1316.81,0.00280244,0.172981,0.781956,0.471036,0.05,300,300,300,300,300,300,83,282,300,50,54,90,44,48,56,0,11.3974,0.0379912,-0
dual_l0_c0,0,320,6,0.345015,0.0714431,-0.328829,0.932712,1219.75,3.0045,4.05581,0.551921,0.255753,0.0154409,0.00932556,0.0283173,0.395882,0.256759,0.207339,0.450215,1,1,22,136,1,0.455046,0.215621,0.445213,0.497815,1,1177.64,0.00280244,0.172981,0.781956,0.471036,0.05,300,300,300,300,300,300,73,136,289,47,51,59,40,44,52,0,2.41703,0.00805678,-0
dual_l0_c0,0,321,6,0.406561,0.0892274,0.165769,1.0385,1168.59,0.0243616,3.89523,0.0624699,0.0145987,0.0203251,0.0142691,0.0369372,0.431966,0.0661334,0.256745,0.0669381,1,1,2,202,1,0.09527,0.211332,0.499398,0.0693623,1,1164.57,0.00280244,0.172981,0.781956,0.471036,0.05,300,300,300,300,300,300,89,202,300,54,58,66,36,40,48,0,2.85463,0.00951542,-0
dual_l0_c0,0,322,1,0.523314,0.159051,-0.204874,1.00311,1429.36,1.58609,4.75924,0.388115,0.131039,0.0267498,0.00426493,0.0250248,0.522683,0.188083,0.678471,0.375034,0,3.87197e-15,2,103,1,0.336666,0.190425,0.661878,0.259845,1,1404.67,0.00280244,0.172981,0.781956,0.471036,0.05,300,300,300,300,300,300,83,103,291,50,54,76,37,41,49,0,24.588,0.08196,1.28491e-13
dual_l0_c0,0,323,1,0.465792,0.151202,-0.385597,1.01357,1221.96,1.56144,4.068,0.418588,0.213015,0.0483627,0.005401,0.0632731,0.454326,0.312984,0.54387,0.520832,0,3.65756e-34,1,135,1,0.420029,0.505655,0.454113,0.501626,0,1174.72,0.00280244,0.172981,0.781956,0.471036,0.05,300,300,300,300,300,300,84,135,300,73,87,95,43,54,62,0,16.8846,0.0562819,2.93698e-32
dual_l0_c0,0,324,2,0.528964,0.137695,0.214005,0.956281,1374.52,0.00624549,4.58172,0.0242303,0.0139709,0.0288119,0.00266856,0.0284101,0.373926,0.120293,0.499873,0.0649733,1,1,12,136,1,0.198194,0.357042,0.516837,0.147689,1,1366.19,0.00280244,0.172981,0.781956,0.471036,0.05,300,300,300,300,300,300,72,136,300,60,64,72,44,48,56,0,2.22777,0.00742589,-0
dual_l0_c0,0,325,2,0.417285,0.0148537,0.184198,1.09749,1598.83,0.538059,5.32763,0.212328,0.125905,0.0329644,0.0127435,0.0154081,0.497775,0.322546,0.536643,0.282578,1,1,26,300,0,0.212328,0.497775,0.536643,0.282578,1,1598.29,0.00280244,0.172981,0.781956,0.471036,0.05,300,300,300,300,300,300,259,300,300,55,59,67,51,55,63,0,10.9903,0.0366342,-0
dual_l0_c0,0,326,5,0.470452,0.0572531,-0.406424,0.986988,1375.14,3.02589,4.57372,0.563345,0.242879,0.0227813,0.0176129,0.0313673,0.62042,0.18722,0.33889,0.522343,1,1,24,69,1,0.490216,0.50755,0.370385,0.444883,1,1294.69,0.00280244,0.172981,0.781956,0.471036,0.05,300,300,300,300,300,300,65,69,244,47,51,59,32,36,44,0,4.46167,0.0148722,-0
dual_l0_c0,0,327,7,0.397174,0.166856,0.00229061,0.953952,1054.98,0.0677404,3.51637,0.0854546,0.0148175,0.0160802,0.0103013,0.0364758,0.240822,0.0932694,0.478504,0.225302,1,1,2,65,1,0.341404,0.219567,0.487402,0.152732,1,1043.22,0.00280244,0.172981,0.781956,0.471036,0.05,300,300,300,300,300,300,61,65,121,47,63,71,36,40,48,0,6.16396,0.0205465,-0
dual_l0_c0,0,328,3,0.0878533,0.175238,0.45217,1.06525,1263.02,0.245475,4.20926,0.128904,0.0128469,0.00957166,0.0115289,0.0355491,0.434568,0.0559456,0.221409,0.269723,1,1,6,88,1,0.0347855,0.19872,0.196359,0.305026,1,1236.36,0.00280244,0.172981,0.781956,0.471036,0.05,300,300,300,300,300,300,84,88,300,51,67,75,43,47,55,0,13.2925,0.0443082,1.61089e-36
dual_l0_c0,0,329,4,0.32522,0.149409,0.106123,0.936815,1318.94,0.00780901,4.39643,0.0352041,0.0193508,0.0315574,0.0159733,0.023487,0.116243,0.124558,0.561514,0.0889888,1,1,17,129,1,0.254769,0.242597,0.464161,0.0912414,1,1310.79,0.00280244,0.172981,0.781956,0.471036,0.05,300,300,300,300,300,300,125,129,300,49,64,93,46,50,58,0,9.19027,0.0306342,-0
dual_l0_c0,0,330,5,0.408386,0.16493,-0.272894,0.941168,1055.11,2.9232,3.50729,0.532691,0.139353,0.0258096,0.00983465,0.0076051,0.337572,0.129038,0.403961,0.431572,1,1,1,80,1,0.633264,0.660827,0.325414,0.221473,1,1005.77,0.00280244,0.172981,0.781956,0.471036,0.05,300,300,300,300,300,300,76,80,300,43,47,78,28,32,52,0,3.2965,0.0109883,-0
dual_l0_c0,0,331,1,0.41659,0.0486585,-0.452635,0.94547,1870.35,4.22447,6.22041,0.64503,0.484532,0.0291306,0.0095581,0.024647,0.760176,0.093501,0.486383,0.55275,0,0,17,130,1,0.77711,0.696409,0.575004,0.518381,0,1784.22,0.00280244,0.172981,0.781956,0.471036,0.05,300,300,300,300,300,300,77,130,300,48,52,88,33,37,45,0,18.7422,0.062474,1.22621e-30
dual_l0_c0,0,332,5,0.435915,0.177869,0.0302012,1.03725,2107.62,0.849778,7.02257,0.28454,0.0450352,0.0243493,0.0186675,0.0334003,0.18613,0.205558,0.55566,0.0354385,1,1,0,73,1,0.259331,0.126854,0.570444,0.0734366,1,2094.64,0.00280244,0.172981,0.781956,0.471036,0.05,300,300,300,300,300,300,69,73,300,66,70,78,36,40,48,0,11.8114,0.0393713,8.53391e-43
dual_l0_c0,0,333,2,0.334935,0.119872,0.0673442,0.943026,1124.03,0.0965235,3.74646,0.0960894,0.0231695,0.0281352,0.0149305,0.0285432,0.187176,0.0475306,0.454795,0.053232,0,4.81839e-08,20,66,1,0.194546,0.200075,0.444746,0.108854,1,1109.61,0.00280244,0.172981,0.781956,0.471036,0.05,300,300,300,300,300,300,62,66,300,58,62,70,52,56,64,0,28.2195,0.094065,8.11813e-07
dual_l0_c0,0,334,7,0.122317,0.0985006,0.299119,0.977415,2115,0.39932,7.04868,0.201211,0.00879926,0.0365595,0.0116904,0.0132261,0.249875,0.174693,0.14679,0.0165994,1,1,13,214,1,0.0852863,0.536655,0.0804818,0.120067,1,2109.37,0.00280244,0.172981,0.781956,0.471036,0.05,300,300,300,300,300,300,134,214,239,61,74,82,42,54,62,0,12.0593,0.0401976,-0
dual_l0_c0,0,335,5,0.347953,0.0910938,-0.0972562,0.982774,2188.04,0.397423,7.29215,0.186368,0.0236542,0.00369986,0.0117482,0.0483469,0.13943,0.150415,0.409826,0.287852,1,1,9,120,1,0.311305,0.218736,0.26918,0.248697,1,2171.28,0.00280244,0.172981,0.781956,0.471036,0.05,300,300,300,300,300,300,62,120,300,44,55,63,39,43,51,0,15.4127,0.0513758,-0
dual_l0_c0,0,336,7,0.417058,0.0389487,-0.362801,0.979404,1286.47,6.10254,4.2679,0.794651,0.312421,0.0182129,0.0101335,0.0471954,0.678207,0.321055,0.286819,0.507635,1,1,16,205,1,0.491044,0.436434,0.643068,0.352507,1,1240.6,0.00280244,0.172981,0.781956,0.471036,0.05,300,300,300,300,300,300,118,205,213,45,66,74,41,45,53,0,14.8412,0.0494707,-0
dual_l0_c0,0,337,2,0.287771,0.153303,-0.477498,0.963653,2545.97,2.59654,8.4779,0.522983,0.449659,0.0129296,0.00692563,0.0389194,0.400358,0.119912,0.36339,0.570284,1,1,0,95,1,0.610299,0.308229,0.420187,0.735583,1,2468.58,0.00280244,0.172981,0.781956,0.471036,0.05,300,300,300,300,300,300,91,95,244,59,63,93,42,46,54,0,10.1544,0.0338481,-0
dual_l0_c0,0,338,6,0.366033,0.0777399,-0.407425,1.04473,1219.87,3.79217,4.0536,0.63163,0.402103,0.0439636,0.00999172,0.0332357,0.247973,0.279605,0.350206,0.417644,1,1,0,156,1,0.466544,0.443365,0.393107,0.612006,1,1160.49,0.00280244,0.172981,0.781956,0.471036,0.05,300,300,300,300,300,300,132,156,240,51,55,77,46,50,58,0,6.13596,0.0204532,-0
dual_l0_c0,0,339,2,0.43166,0.190676,0.300864,1.08394,1518.36,0.670914,5.05896,0.25866,0.00503367,0.0231429,0.0125191,0.0335842,0.268359,0.17999,0.353718,0.167653,0,2.41782e-16,16,225,1,0.109035,0.532723,0.410965,0.0822664,0,1512.19,0.00280244,0.172981,0.781956,0.471036,0.05,300,300,300,300,300,300,221,225,300,55,59,104,44,48,56,0,22.1261,0.0737535,8.69411e-15
dual_l0_c0,0,340,0,0.235435,0.181938,-0.0720006,1.06296,1597.46,0.311855,5.32382,0.175386,0.0256641,0.0255807,0.00628258,0.0401488,0.280024,0.199279,0.149573,0.192208,1,1,18,64,1,0.18953,0.22507,0.438145,0.0846901,1,1587.77,0.00280244,0.172981,0.781956,0.471036,0.05,300,300,300,300,300,300,60,64,207,52,56,64,37,41,49,0,19.213,0.0640435,-0
dual_l0_c0,0,341,1,0.346044,0.085523,-0.0117341,1.01089,1199.62,0.554472,3.9969,0.215367,0.025299,0.0198528,0.010304,0.0329782,0.362312,0.212263,0.354039,0.120217,1,0.997672,0,86,1,0.216252,0.360728,0.336675,0.153013,1,1185.85,0.00280244,0.172981,0.781956,0.471036,0.05,300,300,300,300,300,300,77,86,94,51,55,87,34,38,46,0,2.32563,0.0077521,0.0180408
dual_l0_c0,0,342,7,0.295602,0.141024,-0.22315,0.914352,933.476,0.81468,3.10887,0.269977,0.184235,0.0348354,0.00982071,0.0380842,0.469589,0.188005,0.331956,0.358534,1,1,0,60,1,0.47266,0.460685,0.306949,0.434404,1,888.888,0.00280244,0.172981,0.781956,0.471036,0.05,300,300,300,300,300,300,56,60,68,52,56,64,38,42,50,0,8.62785,0.0287595,-0
dual_l0_c0,0,343,4,0.27064,0.169972,0.0572248,0.926536,905.465,0.528513,3.01646,0.235468,0.0396868,0.0203218,0.017424,0.0313835,0.135388,0.162952,0.270781,0.170106,1,1,26,77,1,0.105243,0.186316,0.252018,0.110237,1,893.64,0.00280244,0.172981,0.781956,0.471036,0.05,300,300,300,300,300,300,73,77,300,40,73,81,28,32,40,0,6.75573,0.0225191,-0
dual_l0_c0,0,344,7,0.550105,0.0538472,0.465589,1.04671,1104.72,0.114981,3.68202,0.121449,0.038812,0.0542283,0.0123626,0.0297364,0.545738,0.109832,0.560041,0.352702,1,1,18,216,1,0.088087,0.354805,0.506924,0.281011,1,1094.84,0.00280244,0.172981,0.781956,0.471036,0.05,300,300,300,300,300,300,124,216,300,96,100,128,41,62,70,0,7.85548,0.0261849,-0
dual_l0_c0,0,345,0,0.404454,0.048566,0.257587,0.986202,948.097,0.100835,3.15999,0.102098,0.010075,0.00981264,0.0194218,0.0353657,0.379499,0.28578,0.498621,0.132242,1,1,14,217,1,0.122645,0.507171,0.190057,0.225026,1,943.935,0.00280244,0.172981,0.781956,0.471036,0.05,300,300,300,300,300,300,133,217,300,48,52,112,39,43,51,0,12.2747,0.0409156,-0
dual_l0_c0,0,346,5,0.506885,0.0104643,-0.0350229,1.07304,2001.99,2.04602,6.66647,0.45596,0.178479,0.0322068,0.0114935,0.0373097,0.282395,0.355528,0.625021,0.053542,1,1,1,158,1,0.379881,0.249801,0.492117,0.17953,1,1967.66,0.00280244,0.172981,0.781956,0.471036,0.05,300,300,300,300,300,300,154,158,300,65,69,77,58,62,70,0,15.1464,0.050488,-0
dual_l0_c0,0,347,7,0.35006,0.0843223,0.120123,0.918154,959.513,0.0155623,3.19833,0.0434919,0.0163883,0.0167966,0.023006,0.0119806,0.344997,0.0929369,0.218063,0.0901652,1,1,14,197,1,0.184361,0.306388,0.226917,0.116113,1,954.42,0.00280244,0.172981,0.781956,0.471036,0.05,300,300,300,300,300,300,71,197,299,52,56,64,46,50,58,0,2.78246,0.00927488,-0
dual_l0_c0,0,348,2,0.547418,0.13012,0.00534737,1.00731,2508.99,0.580288,8.36136,0.243411,0.0418734,0.0123153,0.0155656,0.0239539,0.290617,0.181607,0.37108,0.0751342,0,5.39768e-08,-1,111,1,0.412045,0.246032,0.379316,0.0973881,0,2497.02,0.00280244,0.172981,0.781956,0.471036,0.05,300,300,300,300,300,300,81,111,291,59,63,71,45,49,57,0,8.57332,0.0285777,9.03287e-07
dual_l0_c0,0,349,0,0.110047,0.0355436,0.0558864,0.977223,939.446,0.354182,3.1303,0.197038,0.026466,0.0122334,0.0175627,0.0404633,0.302411,0.229692,0.17947,0.215769,1,1,14,80,1,0.207312,0.192747,0.146149,0.0805538,1,927.543,0.00280244,0.172981,0.781956,0.471036,0.05,300,300,300,300,300,300,59,80,300,51,55,78,37,48,56,0,7.57974,0.0252658,-0
dual_l0_c0,0,350,5,0.338617,0.0653882,-0.406621,1.05642,1149.74,4.89071,3.81617,0.700179,0.259513,0.0352136,0.0118926,0.0315226,0.579922,0.122371,0.478877,0.588358,1,1,17,117,1,0.688073,0.45173,0.334099,0.682663,1,1080.59,0.00280244,0.172981,0.781956,0.471036,0.05,300,300,300,300,300,300,113,117,125,43,47,55,39,43,51,0,6.57201,0.0219067,-0
dual_l0_c0,0,351,5,0.129226,0.199756,0.201507,0.923349,1948.27,0.0198699,6.49417,0.0516156,0.0253862,0.0389701,0.00472281,0.0401501,0.432112,0.0739563,0.179023,0.113536,1,1,0,300,0,0.0516156,0.432112,0.179023,0.113536,1,1948.25,0.00280244,0.172981,0.781956,0.471036,0.05,300,300,300,300,300,300,82,300,300,47,51,59,39,43,51,0,10.854,0.03618,3.4324e-36
dual_l0_c0,0,352,1,0.1832,0.102368,-0.0627959,1.0269,1212.98,0.395695,4.04194,0.186001,0.0743101,0.0256231,0.00904352,0.0282752,0.233732,0.0684682,0.133709,0.390368,0,8.97615e-25,0,108,1,0.257432,0.303279,0.162467,0.207618,0,1201.11,0.00280244,0.172981,0.781956,0.471036,0.05,300,300,300,300,300,300,82,108,275,50,60,84,39,43,51,0,5.65818,0.0188606,7.74318e-15
dual_l0_c0,0,353,4,0.371348,0.164725,0.0792269,0.901413,902.772,0.200092,3.00857,0.132107,0.0197184,0.0341989,0.00770341,0.0350351,0.283336,0.219282,0.353127,0.111771,1,1,14,74,1,0.124566,0.38124,0.303277,0.18076,1,890.333,0.00280244,0.172981,0.781956,0.471036,0.05,300,300,300,300,300,300,70,74,300,47,51,75,31,40,48,0,1.46791,0.00489303,-0
dual_l0_c0,0,354,5,0.318418,0.192747,-0.223969,0.963992,1588.05,1.08978,5.28987,0.338366,0.110427,0.0245177,0.00749155,0.0219433,0.188944,0.176029,0.255235,0.402791,1,1,0,60,1,0.183099,0.391153,0.196478,0.329739,1,1560.67,0.00280244,0.172981,0.781956,0.471036,0.05,300,300,300,300,300,300,56,60,68,49,53,61,40,44,52,0,9.96204,0.0332068,-0
dual_l0_c0,0,355,6,0.287476,0.143926,-0.188831,1.0234,1199.44,0.468928,3.99657,0.225532,0.054062,0.016178,0.0101985,0.0144805,0.182768,0.140765,0.412003,0.293301,1,1,0,128,1,0.139496,0.367287,0.375326,0.265528,1,1180.78,0.00280244,0.172981,0.781956,0.471036,0.05,300,300,300,300,300,300,56,128,300,50,54,62,40,44,52,0,8.89089,0.0296363,-0
dual_l0_c0,0,356,1,0.505179,0.102224,-0.389365,1.07732,1742.88,3.2799,5.79865,0.573908,0.371595,0.0303743,0.00941735,0.0347895,0.4741,0.0664131,0.466039,0.504392,0,1.89408e-18,9,71,1,0.677193,0.412568,0.523139,0.695192,1,1667.25,0.00280244,0.172981,0.781956,0.471036,0.05,300,300,300,300,300,300,67,71,178,48,52,76,36,48,56,0,25.6105,0.0853685,7.72934e-17
dual_l0_c0,0,357,4,0.571781,0.140425,0.0417511,1.02408,1690.56,0.323713,5.63411,0.188143,0.0589595,0.0172101,0.0068839,0.0362396,0.173371,0.141267,0.679034,0.0515036,1,1,20,98,1,0.216511,0.127081,0.709958,0.182071,1,1675.44,0.00280244,0.172981,0.781956,0.471036,0.05,300,300,300,300,300,300,89,98,159,61,65,73,39,43,51,0,7.15558,0.0238519,-0
dual_l0_c0,0,358,2,0.303081,0.0220071,0.279581,1.06682,1053.42,0.111163,3.51102,0.075833,0.0200335,0.0209805,0.0157587,0.0577876,0.341093,0.151939,0.33965,0.044364,0,2.47278e-21,10,300,0,0.075833,0.341093,0.33965,0.044364,0,1053.31,0.00280244,0.172981,0.781956,0.471036,0.05,300,300,300,300,300,300,226,300,300,45,49,112,44,48,56,0,14.4856,0.0482854,1.17341e-19
dual_l0_c0,0,359,1,0.416518,0.0427807,0.182969,1.01204,1330.37,0.045391,4.43442,0.0589139,0.0349152,0.0323822,0.0072377,0.0352949,0.226212,0.109886,0.701775,0.192906,0,9.5076e-12,4,236,1,0.0564831,0.170071,0.288623,0.0240844,0,1328.56,0.00280244,0.172981,0.781956,0.471036,0.05,300,300,300,300,300,300,216,236,300,46,84,92,45,58,66,0,29.2794,0.0975981,2.41293e-10
dual_l0_c0,0,360,6,0.244755,0.0767382,-0.204495,1.08207,1462.05,0.655331,4.8713,0.261598,0.15928,0.0246798,0.00618958,0.0347812,0.148438,0.0817409,0.321211,0.522787,1,1,40,180,1,0.349153,0.343106,0.2944,0.390129,1,1441.15,0.00280244,0.172981,0.781956,0.471036,0.05,300,300,300,300,300,300,71,180,300,65,69,77,44,48,70,0,10.7998,0.0359994,-0
dual_l0_c0,0,361,0,0.401134,0.191335,-0.0548563,1.02419,1551.31,0.502701,5.16937,0.228366,0.00418364,0.0239753,0.00523872,0.027192,0.164247,0.0287714,0.481517,0.189531,1,1,17,80,1,0.273073,0.135917,0.495903,0.144292,1,1539.37,0.00280244,0.172981,0.781956,0.471036,0.05,300,300,300,300,300,300,71,80,88,44,48,66,40,44,52,0,8.07471,0.0269157,-0
dual_l0_c0,0,362,0,0.54002,0.121682,0.448494,1.09173,1174.88,0.343338,3.91511,0.172909,0.020226,0.0122219,0.00673626,0.0101749,0.488413,0.127843,0.546517,0.320788,1,1,0,229,1,0.109901,0.436418,0.390657,0.334064,1,1167.03,0.00280244,0.172981,0.781956,0.471036,0.05,300,300,300,300,300,300,82,229,300,78,82,90,38,42,50,0,5.09399,0.01698,-0
dual_l0_c0,0,363,6,0.394586,0.059517,-0.412949,1.01429,2297.37,2.13882,7.65077,0.471833,0.359345,0.0249553,0.0112921,0.0213415,0.203436,0.127399,0.407408,0.495898,1,1,19,104,1,0.638559,0.533165,0.383085,0.471988,1,2234.79,0.00280244,0.172981,0.781956,0.471036,0.05,300,300,300,300,300,300,100,104,300,82,86,94,45,49,74,0,12.6676,0.0422252,-0
dual_l0_c0,0,364,2,0.306726,0.0973354,-0.405558,1.04145,1717.66,4.03511,5.71209,0.61811,0.102252,0.0494754,0.0129088,0.0429132,0.481628,0.181657,0.402186,0.5132,1,1,17,61,1,0.805039,0.695953,0.429797,0.545073,1,1643.98,0.00280244,0.172981,0.781956,0.471036,0.05,300,300,300,300,300,300,57,61,202,53,57,65,43,57,65,0,13.4776,0.0449253,7.10101e-40
dual_l0_c0,0,365,0,0.502168,0.0784154,-0.076708,1.01259,843.795,0.398736,2.81132,0.201239,0.074895,0.0220789,0.00450463,0.0162502,0.117476,0.21063,0.643383,0.291526,1,1,0,75,1,0.189279,0.232214,0.57528,0.160666,1,826.943,0.00280244,0.172981,0.781956,0.471036,0.05,300,300,300,300,300,300,52,75,116,41,53,61,37,41,49,0,7.12441,0.023748,-0
dual_l0_c0,0,366,2,0.505398,0.083742,0.48886,0.972227,2094.75,0.206539,6.98182,0.143752,0.0373573,0.0241691,0.00717476,0.0268175,0.325706,0.146751,0.602672,0.26775,1,1,19,300,0,0.143752,0.325706,0.602672,0.26775,1,2094.55,0.00280244,0.172981,0.781956,0.471036,0.05,300,300,300,300,300,300,75,300,300,57,70,78,47,57,65,0,6.88161,0.0229387,6.47659e-40
dual_l0_c0,0,367,1,0.221341,0.108071,0.372375,1.03482,867.63,0.186395,2.89148,0.147918,0.0249284,0.0144647,0.00720057,0.0291139,0.45176,0.229678,0.336653,0.270304,1,0.99733,0,159,1,0.0383491,0.313869,0.162781,0.220647,1,852.137,0.00280244,0.172981,0.781956,0.471036,0.05,300,300,300,300,300,300,92,159,300,63,67,95,35,39,47,0,0.428505,0.00142835,0.0184847
dual_l0_c0,0,368,7,0.519395,0.111006,0.310006,0.988853,1062.47,0.279511,3.54064,0.182087,0.0176269,0.0192067,0.0146207,0.0236605,0.383758,0.117015,0.680062,0.089313,1,1,18,115,1,0.112043,0.381271,0.684487,0.125215,1,1044.77,0.00280244,0.172981,0.781956,0.471036,0.05,300,300,300,300,300,300,84,115,300,59,63,83,44,48,56,0,10.2077,0.0340255,-0
dual_l0_c0,0,369,0,0.523759,0.12669,-0.35781,1.04453,1528.3,2.03085,5.08755,0.458344,0.25866,0.0207691,0.013955,0.0235548,0.417294,0.341685,0.68384,0.384501,1,1,19,74,1,0.563809,0.663014,0.497503,0.435936,1,1452.99,0.00280244,0.172981,0.781956,0.471036,0.05,300,300,300,300,300,300,70,74,300,43,58,82,34,38,46,0,19.5501,0.0651669,-0
dual_l0_c0,0,370,5,0.421928,0.173748,0.0534937,1.08513,2248.39,0.506745,7.49296,0.216818,0.0308282,0.0126689,0.0255098,0.0443348,0.398374,0.23942,0.434616,0.0687299,1,1,0,177,1,0.341947,0.160014,0.383925,0.123337,1,2236.73,0.00280244,0.172981,0.781956,0.471036,0.05,300,300,300,300,300,300,76,177,300,73,77,85,52,56,64,0,6.45656,0.0215219,-0
dual_l0_c0,0,371,0,0.424698,0.0301945,-0.101151,0.979339,1811.34,1.32079,6.0334,0.395085,0.0768555,0.0471646,0.0162537,0.0166104,0.531124,0.367893,0.409339,0.36,1,1,20,87,1,0.273026,0.320694,0.545817,0.273695,1,1768.45,0.00280244,0.172981,0.781956,0.471036,0.05,300,300,300,300,300,300,68,87,300,57,66,74,37,49,57,0,8.16467,0.0272156,-0
dual_l0_c0,0,372,7,0.414886,0.0438999,0.342851,1.00871,1232.27,0.490316,4.10594,0.247856,0.023431,0.0173047,0.0137029,0.0273996,0.521317,0.265708,0.512467,0.149314,1,1,20,140,1,0.189259,0.333196,0.417395,0.0455125,1,1217.27,0.00280244,0.172981,0.781956,0.471036,0.05,300,300,300,300,300,300,136,140,300,66,70,78,39,43,51,0,16.0339,0.0534464,-0
dual_l0_c0,0,373,0,0.566468,0.067077,-0.181517,1.06639,2154.23,4.32443,7.16634,0.655706,0.208555,0.0128136,0.00561578,0.0336479,0.562846,0.307469,0.413808,0.335249,1,1,1,300,0,0.655706,0.562846,0.413808,0.335249,1,2149.9,0.00280244,0.172981,0.781956,0.471036,0.05,300,300,300,300,300,300,221,300,300,53,57,65,44,48,56,0,5.98219,0.0199406,6.86818e-41
dual_l0_c0,0,374,5,0.495562,0.186593,-0.230633,0.906701,1796.72,2.17538,5.98181,0.450856,0.143109,0.0357091,0.0109004,0.0415686,0.238118,0.207091,0.384773,0.418776,1,1,0,91,1,0.41279,0.261727,0.381683,0.557161,1,1764.73,0.00280244,0.172981,0.781956,0.471036,0.05,300,300,300,300,300,300,72,91,300,63,67,75,38,49,71,0,10.7087,0.0356956,-0
dual_l0_c0,0,375,1,0.531094,0.118337,-0.0713642,1.06725,2117.72,0.723556,7.05665,0.286548,0.149972,0.0175948,0.0169204,0.0503924,0.302083,0.0937522,0.625534,0.296645,1,1,3,150,1,0.250818,0.296863,0.521927,0.19131,1,2100.63,0.00280244,0.172981,0.781956,0.471036,0.05,300,300,300,300,300,300,138,150,197,65,69,86,50,54,62,0,8.12717,0.0270906,5.89975e-08
dual_l0_c0,0,376,7,0.294541,0.0568933,-0.170065,0.939677,977.049,1.90749,3.25047,0.458018,0.149119,0.0181129,0.0153237,0.0368892,0.278689,0.170269,0.266669,0.416931,1,1,16,62,1,0.241071,0.302686,0.377686,0.222583,1,933.867,0.00280244,0.172981,0.781956,0.471036,0.05,300,300,300,300,300,300,58,62,132,43,47,55,37,41,49,0,16.4349,0.0547831,-0
dual_l0_c0,0,377,0,0.583715,0.0989951,-0.166943,0.985131,1209.84,1.73202,4.02702,0.396392,0.279478,0.0167736,0.00992518,0.0297398,0.348422,0.409335,0.656546,0.262708,1,1,17,153,1,0.616055,0.24545,0.698974,0.449795,1,1169.7,0.00280244,0.172981,0.781956,0.471036,0.05,300,300,300,300,300,300,100,153,300,61,65,92,42,46,54,0,14.6688,0.048896,3.66232e-31
dual_l0_c0,0,378,1,0.354138,0.036537,0.301697,1.0723,1913.29,0.162338,6.37711,0.104854,0.0128066,0.0378224,0.0128102,0.0415183,0.587091,0.175797,0.342274,0.0788567,0,1.23448e-27,15,300,0,0.104854,0.587091,0.342274,0.0788567,0,1913.13,0.00280244,0.172981,0.781956,0.471036,0.05,300,300,300,300,300,300,159,300,300,73,77,85,48,52,80,0,39.2554,0.130851,6.34935e-11
dual_l0_c0,0,379,4,0.511535,0.118601,-0.302561,0.900403,1467.09,3.0343,4.88019,0.547784,0.154028,0.0123729,0.0149318,0.0241679,0.476714,0.0947457,0.594009,0.451166,1,1,32,86,1,0.582385,0.275256,0.632601,0.583292,1,1395.05,0.00280244,0.172981,0.781956,0.471036,0.05,300,300,300,300,300,300,65,86,300,45,49,57,41,45,53,0,10.0817,0.0336057,-0
dual_l0_c0,0,380,5,0.278754,0.126127,-0.201996,1.00249,2123.58,0.429256,7.07718,0.202152,0.0638269,0.0189641,0.0120157,0.0268311,0.401106,0.0897523,0.439201,0.508243,1,1,0,91,1,0.53562,0.440022,0.416954,0.363182,1,2090.69,0.00280244,0.172981,0.781956,0.471036,0.05,300,300,300,300,300,300,77,91,99,62,66,74,40,49,57,0,12.0626,0.0402087,-0
dual_l0_c0,0,381,6,0.529637,0.0741619,0.272854,0.918284,1933.6,0.524706,6.4436,0.221845,0.0182501,0.0265735,0.00204896,0.0453454,0.117869,0.194255,0.866931,0.263978,1,1,28,138,1,0.133272,0.255876,0.449877,0.126702,1,1920.08,0.00280244,0.172981,0.781956,0.471036,0.05,300,300,300,300,300,300,119,138,300,58,62,70,50,54,62,0,11.0491,0.0368302,-0
dual_l0_c0,0,382,6,0.242279,0.0508121,0.367125,1.06781,1011.67,0.114725,3.37186,0.136852,0.0383252,0.0239881,0.0106361,0.0322071,0.420218,0.0784786,0.312738,0.0990469,1,1,1,300,0,0.136852,0.420218,0.312738,0.0990469,1,1011.56,0.00280244,0.172981,0.781956,0.471036,0.05,300,300,300,300,300,300,116,300,300,48,52,70,37,41,49,0,2.81347,0.00937823,-0
dual_l0_c0,0,383,7,0.399685,0.0811844,-0.479479,1.06461,1672.51,4.09839,5.56137,0.652693,0.278126,0.0314255,0.0208941,0.0252339,0.289184,0.197227,0.263834,0.628965,1,1,17,139,1,0.400412,0.367273,0.34394,0.585795,1,1612.79,0.00280244,0.172981,0.781956,0.471036,0.05,300,300,300,300,300,300,77,139,182,48,52,60,39,43,51,0,14.6734,0.0489113,-0
dual_l0_c0,0,384,3,0.315425,0.146611,-0.488791,0.970312,2073.8,5.09212,6.89568,0.722151,0.499245,0.0175243,0.00593294,0.0383912,0.331872,0.211202,0.251795,0.707715,1,1,14,104,1,0.619048,0.50554,0.226335,0.80023,1,1978.94,0.00280244,0.172981,0.781956,0.471036,0.05,300,300,300,300,300,300,89,104,129,49,53,61,42,46,54,0,12.568,0.0418933,-0
dual_l0_c0,0,385,1,0.17185,0.0968964,0.0292453,1.09959,1957.43,0.232425,6.524,0.14288,0.113319,0.0188221,0.00472654,0.0404289,0.189624,0.17898,0.256484,0.244559,1,1,3,112,1,0.204318,0.152411,0.293407,0.102152,1,1945.94,0.00280244,0.172981,0.781956,0.471036,0.05,300,300,300,300,300,300,74,112,144,55,68,76,41,55,63,0,9.82581,0.0327527,1.93446e-11
dual_l0_c0,0,386,1,0.259546,0.192727,-0.146458,1.07658,1608.87,0.140674,5.36243,0.138502,0.129836,0.0552152,0.00778088,0.0220112,0.107308,0.153407,0.375682,0.36799,0,1.82394e-39,21,106,1,0.321841,0.224706,0.457546,0.301809,0,1590.23,0.00280244,0.172981,0.781956,0.471036,0.05,300,300,300,300,300,300,72,106,300,67,71,79,37,41,74,0,77.2571,0.257524,0.436701
dual_l0_c0,0,387,3,0.260245,0.0567743,-0.462379,0.964794,1463.57,8.75996,4.84938,0.911994,0.437247,0.0184638,0.0161733,0.0264482,0.975254,0.227169,0.2543,0.519033,1,0.999998,3,159,1,0.795765,0.3764,0.339525,0.715367,0,1384.14,0.00280244,0.172981,0.781956,0.471036,0.05,300,300,300,300,300,300,155,159,300,77,81,89,46,50,58,0,36.7246,0.122415,2.18123e-05
dual_l0_c0,0,388,4,0.36414,0.153462,0.0118699,1.06225,1798.45,0.20509,5.99416,0.140808,0.0194808,0.0559319,0.0124208,0.0139867,0.331868,0.148018,0.499331,0.173558,1,1,18,102,1,0.0997467,0.318527,0.585567,0.112672,1,1788.48,0.00280244,0.172981,0.781956,0.471036,0.05,300,300,300,300,300,300,55,102,300,46,50,58,35,39,47,0,16.3717,0.0545724,-0
dual_l0_c0,0,389,4,0.479893,0.0281977,0.10513,1.08199,1976.15,0.857858,6.5843,0.299061,0.223114,0.0383513,0.00706369,0.0206384,0.139203,0.352055,0.493141,0.292665,1,1,27,274,1,0.26773,0.33464,0.481134,0.177842,1,1971.63,0.00280244,0.172981,0.781956,0.471036,0.05,300,300,300,300,300,300,270,274,300,58,62,70,47,51,59,0,8.3604,0.027868,-0
dual_l0_c0,0,390,5,0.458855,0.147624,-0.126113,1.01153,1986.04,0.509895,6.61844,0.209512,0.0116262,0.0320734,0.00897451,0.0500475,0.217714,0.1492,0.407261,0.335808,1,1,0,250,1,0.188318,0.216158,0.483157,0.0940652,1,1983.06,0.00280244,0.172981,0.781956,0.471036,0.05,300,300,300,300,300,300,79,250,258,58,62,80,49,59,67,0,6.26791,0.020893,3.64549e-33
dual_l0_c0,0,391,4,0.333444,0.163881,0.400706,1.06615,1017.66,0.0696427,3.39198,0.080097,0.0268912,0.0268138,0.0157271,0.0158255,0.717152,0.223835,0.41329,0.189935,1,1,21,234,1,0.159262,0.458092,0.297792,0.182643,1,1011.37,0.00280244,0.172981,0.781956,0.471036,0.05,300,300,300,300,300,300,92,234,300,73,87,95,39,43,51,0,9.96877,0.0332292,-0
dual_l0_c0,0,392,1,0.161042,0.129432,0.13121,1.02321,2131.6,0.141784,7.10487,0.112826,0.0165645,0.0215512,0.0310417,0.0208683,0.212631,0.074359,0.324719,0.0111117,1,1,0,117,1,0.179837,0.151877,0.304894,0.0262289,1,2123.49,0.00280244,0.172981,0.781956,0.471036,0.05,300,300,300,300,300,300,91,117,219,76,80,88,57,61,69,0,2.19306,0.0073102,1.22936e-10
dual_l0_c0,0,393,7,0.523187,0.1303,0.420048,0.914593,2089.24,0.216271,6.96342,0.145916,0.0402688,0.0299856,0.0054205,0.0497388,0.336985,0.109624,0.50819,0.395181,1,1,26,261,1,0.167409,0.491648,0.696921,0.396726,1,2085.96,0.00280244,0.172981,0.781956,0.471036,0.05,300,300,300,300,300,300,91,261,300,62,66,74,54,58,66,0,14.0804,0.0469347,-0
dual_l0_c0,0,394,6,0.613384,0.0349689,0.032353,1.04717,2093.96,1.77359,6.97396,0.474687,0.0524657,0.0197618,0.0106361,0.0529389,0.514459,0.179426,0.549335,0.246303,1,1,19,177,1,0.154612,0.230262,0.382345,0.164674,1,2064.89,0.00280244,0.172981,0.781956,0.471036,0.05,300,300,300,300,300,300,79,177,300,61,77,99,34,45,53,0,13.334,0.0444467,-0
dual_l0_c0,0,395,7,0.450271,0.187496,0.119905,1.07711,1340.53,0.0617186,4.46823,0.0734337,0.0133145,0.0242936,0.0170319,0.0347124,0.325445,0.127566,0.615477,0.132654,1,1,2,79,1,0.0712821,0.223518,0.569145,0.126667,1,1333.91,0.00280244,0.172981,0.781956,0.471036,0.05,300,300,300,300,300,300,67,79,87,47,51,74,36,40,48,0,10.161,0.03387,-0
dual_l0_c0,0,396,7,0.502121,0.0353992,0.242455,1.02197,1409.06,0.336922,4.69573,0.194554,0.0386667,0.0129833,0.00393928,0.0269795,0.416046,0.110091,0.604274,0.0669797,1,1,19,300,0,0.194554,0.416046,0.604274,0.0669797,1,1408.72,0.00280244,0.172981,0.781956,0.471036,0.05,300,300,300,300,300,300,80,300,300,51,64,72,33,37,60,0,14.8186,0.0493954,-0
dual_l0_c0,0,397,7,0.295268,0.195294,0.399915,0.925666,1982.79,0.126376,6.60888,0.117829,0.0169069,0.0156718,0.0101144,0.0270406,0.495864,0.0739919,0.307109,0.273575,1,1,21,232,1,0.263149,0.240215,0.263438,0.232982,1,1973.94,0.00280244,0.172981,0.781956,0.471036,0.05,300,300,300,300,300,300,207,232,300,48,52,85,34,38,46,0,6.29261,0.0209754,-0
dual_l0_c0,0,398,3,0.368696,0.169547,-0.0506253,1.01582,1798.96,0.790136,5.99392,0.28615,0.0908609,0.0178991,0.00548321,0.0396975,0.0966192,0.116503,0.496588,0.0964503,1,0.745841,22,115,1,0.196719,0.25796,0.520389,0.159678,1,1787.21,0.00280244,0.172981,0.781956,0.471036,0.05,300,300,300,300,300,300,111,115,300,54,65,73,42,46,54,0,36.2386,0.120795,0.566858
dual_l0_c0,0,399,6,0.297299,0.0492507,-0.357841,0.917894,1758.16,3.31826,5.84946,0.570084,0.35698,0.0218384,0.00993444,0.0195933,0.441071,0.307891,0.347509,0.482476,1,1,16,115,1,0.575917,0.612217,0.252915,0.520525,1,1689.85,0.00280244,0.172981,0.781956,0.471036,0.05,300,300,300,300,300,300,106,115,300,49,63,71,36,40,48,0,10.2188,0.0340628,-0
dual_l0_c0,0,400,2,0.264941,0.137543,-0.148108,0.980325,1561.47,1.15662,5.20105,0.352194,0.0852726,0.0367476,0.0102884,0.0208857,0.062962,0.111407,0.355196,0.41364,0,8.1986e-19,0,76,1,0.216128,0.30831,0.410245,0.157743,1,1529.16,0.00280244,0.172981,0.781956,0.471036,0.05,300,300,300,300,300,300,72,76,84,53,57,65,43,47,55,0,22.785,0.0759501,4.9122e-12
dual_l0_c0,0,401,3,0.296728,0.000404882,-0.425452,0.981845,1301.12,5.17927,4.31979,0.714379,0.312138,0.0343111,0.00992373,0.0460732,0.512631,0.385648,0.355283,0.731182,1,1,16,188,1,0.777198,0.450015,0.433513,0.604924,1,1243.12,0.00280244,0.172981,0.781956,0.471036,0.05,300,300,300,300,300,300,184,188,300,47,60,87,39,43,51,0,7.84435,0.0261478,-0
dual_l0_c0,0,402,1,0.216416,0.15754,-0.0150013,1.05799,1615.9,0.975429,5.38308,0.29925,0.0932341,0.0274356,0.0155047,0.0123691,0.189886,0.129176,0.244262,0.251952,0,0.0830488,8,143,1,0.193316,0.399387,0.170548,0.0718434,1,1605.01,0.00280244,0.172981,0.781956,0.471036,0.05,300,300,300,300,300,300,86,143,300,53,65,73,39,43,51,0,32.3512,0.107837,0.286153
dual_l0_c0,0,403,2,0.408868,0.0841343,-0.429833,1.03097,2281.5,2.40135,7.59699,0.473778,0.329958,0.0227343,0.0142506,0.0120134,0.561726,0.444804,0.272881,0.555801,1,1,5,147,1,0.362437,0.449709,0.242446,0.596843,1,2236.85,0.00280244,0.172981,0.781956,0.471036,0.05,300,300,300,300,300,300,69,147,248,52,56,64,41,45,53,0,14.0623,0.0468743,-0
dual_l0_c0,0,404,5,0.310358,0.135223,-0.168952,0.911554,2188.02,1.31752,7.289,0.387097,0.0556108,0.011123,0.0124526,0.0299915,0.1282,0.128918,0.283039,0.396316,1,1,1,73,1,0.233593,0.158063,0.404989,0.292716,1,2160.2,0.00280244,0.172981,0.781956,0.471036,0.05,300,300,300,300,300,300,59,73,300,55,59,67,45,49,57,0,15.0712,0.0502373,-0
dual_l0_c0,0,405,3,0.321923,0.115944,0.388231,1.08213,1101.25,0.123492,3.67044,0.123904,0.0251996,0.0235876,0.013331,0.0760732,0.559833,0.180972,0.600889,0.286945,1,1,1,178,1,0.120788,0.128967,0.225986,0.203126,1,1088.65,0.00280244,0.172981,0.781956,0.471036,0.05,300,300,300,300,300,300,83,178,300,45,62,70,40,44,68,0,21.8784,0.0729281,1.25309e-09
dual_l0_c0,0,406,7,0.394616,0.022301,0.147291,0.993311,1690.24,0.254894,5.63328,0.164447,0.0189164,0.0153184,0.0137331,0.0234383,0.145263,0.0999286,0.309722,0.14254,1,1,19,117,1,0.141424,0.243727,0.2638,0.0808183,1,1683.59,0.00280244,0.172981,0.781956,0.471036,0.05,300,300,300,300,300,300,95,117,125,56,67,75,47,51,59,0,19.9155,0.0663849,-0
dual_l0_c0,0,407,5,0.365296,0.0857239,-0.378606,1.03194,1503.28,2.27507,5.00336,0.471883,0.339851,0.0265191,0.0118947,0.023448,0.324012,0.202731,0.302398,0.628271,1,1,9,56,1,0.539736,0.643029,0.329981,0.61199,1,1423.88,0.00280244,0.172981,0.781956,0.471036,0.05,300,300,300,300,300,300,52,56,126,47,51,59,38,42,50,0,9.60709,0.0320236,-0
dual_l0_c0,0,408,4,0.428481,0.0425136,0.171559,0.967983,1690.62,0.0593388,5.63522,0.0651694,0.0184266,0.0224138,0.00841858,0.0376385,0.149512,0.0993104,0.365161,0.0318761,1,1,28,89,1,0.170314,0.391251,0.283623,0.154413,1,1675.9,0.00280244,0.172981,0.781956,0.471036,0.05,300,300,300,300,300,300,85,89,300,52,56,80,43,47,55,0,13.0127,0.0433758,-0
dual_l0_c0,0,409,4,0.447702,0.111254,0.378374,1.03541,1041.13,0.043713,3.47029,0.0915869,0.0330591,0.00996936,0.0153148,0.0373318,0.374898,0.098273,0.203531,0.164605,1,1,13,163,1,0.210489,0.131625,0.477837,0.155337,1,1028.61,0.00280244,0.172981,0.781956,0.471036,0.05,300,300,300,300,300,300,136,163,300,46,50,91,34,38,46,0,5.99727,0.0199909,-0
dual_l0_c0,0,410,6,0.492714,0.0368814,0.364446,1.04698,2354.65,0.137659,7.84836,0.0936617,0.0074334,0.0273678,0.0128968,0.0137673,0.130762,0.157071,0.659066,0.134993,1,1,21,179,1,0.181416,0.306104,0.628337,0.15547,1,2338.29,0.00280244,0.172981,0.781956,0.471036,0.05,300,300,300,300,300,300,155,179,300,74,78,86,51,55,63,0,17.6543,0.0588477,-0
dual_l0_c0,0,411,3,0.553426,0.15929,-0.0689763,1.00341,1667.75,0.868268,5.55627,0.297015,0.0623984,0.0165673,0.00589988,0.0143174,0.139782,0.112742,0.558802,0.253765,1,0.999997,16,141,1,0.205504,0.261911,0.52297,0.170519,1,1650.57,0.00280244,0.172981,0.781956,0.471036,0.05,300,300,300,300,300,300,98,141,300,61,97,105,40,44,52,0,7.90769,0.026359,4.10089e-05
dual_l0_c0,0,412,6,0.28927,0.106114,0.442084,0.983668,1769.51,0.498082,5.89671,0.240148,0.0186468,0.00747279,0.00648118,0.00666074,0.436127,0.142126,0.280309,0.240568,1,1,14,300,0,0.240148,0.436127,0.280309,0.240568,1,1769.01,0.00280244,0.172981,0.781956,0.471036,0.05,300,300,300,300,300,300,154,300,300,61,71,79,39,43,51,0,15.535,0.0517833,-0
dual_l0_c0,0,413,1,0.32742,0.146603,0.427108,1.07896,1369.3,0.453137,4.56282,0.234854,0.0201178,0.042582,0.0117905,0.0537866,0.4566,0.0658166,0.326323,0.405587,0,1.53721e-36,2,300,0,0.234854,0.4566,0.326323,0.405587,0,1368.85,0.00280244,0.172981,0.781956,0.471036,0.05,300,300,300,300,300,300,150,300,300,58,62,70,45,54,62,0,26.004,0.0866801,7.19558e-13
dual_l0_c0,0,414,0,0.395379,0.129531,-0.438522,1.06021,2387.62,3.18897,7.94809,0.567811,0.194638,0.0570308,0.0158149,0.0245544,0.535969,0.0929067,0.39597,0.50619,1,1,0,90,1,0.441704,0.477349,0.290063,0.593937,1,2336.69,0.00280244,0.172981,0.781956,0.471036,0.05,300,300,300,300,300,300,75,90,168,53,69,77,49,53,61,0,14.4247,0.0480825,5.21087e-30
dual_l0_c0,0,415,2,0.35295,0.183632,-0.00594509,0.927575,1745.97,0.119167,5.81951,0.113704,0.0760358,0.043831,0.0109855,0.0569651,0.202514,0.0542408,0.423692,0.194629,0,3.71463e-13,1,60,1,0.317852,0.27202,0.450578,0.12921,1,1731.96,0.00280244,0.172981,0.781956,0.471036,0.05,300,300,300,300,300,300,56,60,290,49,53,61,40,44,52,0,26.9653,0.0898845,1.06318e-11
dual_l0_c0,0,416,3,0.365941,0.0882431,0.080357,0.928292,1893.18,0.510392,6.3089,0.216243,0.0471986,0.0191604,0.00657473,0.026906,0.143396,0.155681,0.353877,0.141013,1,1,13,69,1,0.195138,0.267652,0.249592,0.276378,1,1880.95,0.00280244,0.172981,0.781956,0.471036,0.05,300,300,300,300,300,300,55,69,300,46,50,58,38,42,50,0,12.9735,0.043245,1.04529e-25
dual_l0_c0,0,417,6,0.537745,0.012348,-0.273664,1.00206,2477.59,3.74788,8.24615,0.601423,0.150529,0.0102483,0.0103035,0.018207,0.260412,0.359889,0.541848,0.527573,1,1,21,300,0,0.601423,0.260412,0.541848,0.527573,1,2473.85,0.00280244,0.172981,0.781956,0.471036,0.05,300,300,300,300,300,300,62,300,300,58,62,70,47,51,59,0,12.1414,0.0404712,-0
dual_l0_c0,0,418,3,0.55676,0.0340366,0.067512,1.09034,2328.48,0.0262678,7.76152,0.0672125,0.0105881,0.0243867,0.00607593,0.0133568,0.542435,0.151547,0.474425,0.122214,1,1,0,103,1,0.0993729,0.279723,0.629769,0.099159,1,2317.71,0.00280244,0.172981,0.781956,0.471036,0.05,300,300,300,300,300,300,99,103,152,66,89,97,46,68,76,0,21.2567,0.0708558,-0
dual_l0_c0,0,419,2,0.144543,0.0559639,0.139894,0.91052,1071.26,0.309327,3.56984,0.192019,0.0400598,0.0315738,0.0104009,0.0290435,0.369258,0.149911,0.226583,0.118683,1,1,15,171,1,0.146042,0.122599,0.134791,0.103414,1,1061.95,0.00280244,0.172981,0.781956,0.471036,0.05,300,300,300,300,300,300,111,171,300,54,58,66,47,51,59,0,11.6373,0.0387909,4.28783e-26
dual_l0_c0,0,420,5,0.265549,0.105357,0.330775,0.960781,1410.91,0.0140475,4.70297,0.0474905,0.0457934,0.0201028,0.00430769,0.0233401,0.684747,0.175897,0.213038,0.312543,1,1,7,300,0,0.0474905,0.684747,0.213038,0.312543,1,1410.89,0.00280244,0.172981,0.781956,0.471036,0.05,300,300,300,300,300,300,96,300,300,68,72,107,36,40,68,0,10.4699,0.0348998,-0
dual_l0_c0,0,421,0,0.428219,0.0696114,-0.405383,1.04565,1003.64,1.9409,3.33901,0.446833,0.312749,0.00983641,0.0116938,0.0216879,0.29657,0.12478,0.588372,0.483738,1,1,15,158,1,0.354343,0.497113,0.584926,0.568123,1,970.944,0.00280244,0.172981,0.781956,0.471036,0.05,300,300,300,300,300,300,154,158,300,45,49,57,35,39,47,0,12.3906,0.0413021,-0
dual_l0_c0,0,422,1,0.411124,0.0701053,-0.326067,0.929587,2366.56,2.79351,7.87922,0.529991,0.274668,0.0482891,0.0120544,0.0514275,0.312787,0.116264,0.402986,0.43848,1,1,0,69,1,0.362577,0.336998,0.456919,0.44868,1,2318.88,0.00280244,0.172981,0.781956,0.471036,0.05,300,300,300,300,300,300,65,69,200,56,60,68,46,50,58,0,1.36692,0.00455641,7.60548e-30
dual_l0_c0,0,423,6,0.457993,0.0638256,-0.424822,1.02017,2079.91,2.41956,6.92496,0.510133,0.267624,0.0198777,0.00171219,0.0276829,0.134735,0.20663,0.378622,0.681078,1,1,24,73,1,0.706038,0.290511,0.419091,0.662425,1,2011.21,0.00280244,0.172981,0.781956,0.471036,0.05,300,300,300,300,300,300,69,73,174,54,58,66,43,47,65,0,11.658,0.03886,-0
dual_l0_c0,0,424,5,0.34708,0.0224078,-0.375969,0.988983,1576.95,2.29831,5.24883,0.474724,0.132092,0.023227,0.0102662,0.031368,0.351606,0.43854,0.396548,0.563836,1,1,0,74,1,0.486847,0.563945,0.490402,0.305297,1,1510.78,0.00280244,0.172981,0.781956,0.471036,0.05,300,300,300,300,300,300,65,74,300,47,51,59,39,43,51,0,11.7163,0.0390544,2.42168e-17
dual_l0_c0,0,425,1,0.324701,0.0942949,-0.218148,1.06411,2027.51,1.84237,6.75223,0.440721,0.120325,0.042546,0.00963378,0.0305168,0.163443,0.33182,0.359314,0.407397,0,6.34568e-31,-1,167,1,0.383898,0.302551,0.424914,0.431029,0,1998.2,0.00280244,0.172981,0.781956,0.471036,0.05,300,300,300,300,300,300,58,167,292,47,51,59,43,47,55,0,17.6628,0.0588758,0.000954194
dual_l0_c0,0,426,5,0.440634,0.0271729,0.390888,1.06034,1141.73,0.389809,3.80445,0.182987,0.00773859,0.0183672,0.00346822,0.0178955,0.567449,0.199241,0.577214,0.100259,1,1,13,300,0,0.182987,0.567449,0.577214,0.100259,1,1141.33,0.00280244,0.172981,0.781956,0.471036,0.05,300,300,300,300,300,300,65,300,300,64,68,76,47,51,59,0,6.99863,0.0233288,-0
dual_l0_c0,0,427,0,0.517961,0.0897886,0.329381,1.05817,2279.51,0.0718229,7.59813,0.0580722,0.0149297,0.0310941,0.00357018,0.0227063,0.272799,0.0659467,0.615676,0.195868,1,1,20,169,1,0.0211789,0.243923,0.529106,0.165671,1,2270,0.00280244,0.172981,0.781956,0.471036,0.05,300,300,300,300,300,300,136,169,300,64,68,76,47,51,59,0,21.0298,0.0700993,-0
dual_l0_c0,0,428,4,0.322814,0.101083,-0.24798,1.03373,1287.91,1.59545,4.28772,0.405296,0.14951,0.0193855,0.0138139,0.0201646,0.301733,0.234535,0.307918,0.424637,1,1,19,90,1,0.354608,0.294131,0.39738,0.3432,1,1262.36,0.00280244,0.172981,0.781956,0.471036,0.05,300,300,300,300,300,300,86,90,168,55,59,81,44,56,64,0,11.66,0.0388665,-0
dual_l0_c0,0,429,6,0.215683,0.167167,-0.0866183,1.00295,1259.03,0.166509,4.1962,0.145164,0.0558353,0.0128381,0.00849201,0.0214429,0.288279,0.150511,0.384867,0.202822,1,1,0,86,1,0.28838,0.248046,0.315687,0.133371,1,1241.03,0.00280244,0.172981,0.781956,0.471036,0.05,300,300,300,300,300,300,65,86,94,50,54,62,40,44,52,0,4.66458,0.0155486,-0
dual_l0_c0,0,430,2,0.334756,0.131251,0.498293,0.963076,2168.16,0.446295,7.2257,0.172336,0.00934632,0.0270838,0.00459283,0.0307919,0.553686,0.157032,0.41549,0.329772,1,1,16,300,0,0.172336,0.553686,0.41549,0.329772,1,2167.71,0.00280244,0.172981,0.781956,0.471036,0.05,300,300,300,300,300,300,162,300,300,53,57,90,43,47,55,0,2.13123,0.0071041,-0
dual_l0_c0,0,431,6,0.500557,0.0927651,-0.218089,1.08217,1080.07,1.24404,3.59608,0.350748,0.0865402,0.0123374,0.0176992,0.0304809,0.523261,0.181931,0.40449,0.327652,1,1,2,78,1,0.233982,0.250579,0.439295,0.443769,1,1057.68,0.00280244,0.172981,0.781956,0.471036,0.05,300,300,300,300,300,300,57,78,300,47,51,59,43,47,55,0,13.4523,0.0448409,-0
dual_l0_c0,0,432,0,0.461135,0.057457,0.165038,1.0056,1533.37,0.558467,5.10938,0.240969,0.0147625,0.0216563,0.00199997,0.0263666,0.175928,0.153022,0.796507,0.107355,1,1,21,188,1,0.179153,0.304613,0.476179,0.246485,1,1525.4,0.00280244,0.172981,0.781956,0.471036,0.05,300,300,300,300,300,300,80,188,219,65,69,77,52,56,64,0,17.9922,0.0599742,1.80951e-17
dual_l0_c0,0,433,0,0.541763,0.195732,-0.434967,0.984955,1813.47,3.74453,6.03242,0.613372,0.254875,0.0175281,0.0129761,0.0390743,0.308547,0.229823,0.663553,0.636326,1,1,1,79,1,0.606059,0.387168,0.732856,0.619417,1,1751.43,0.00280244,0.172981,0.781956,0.471036,0.05,300,300,300,300,300,300,63,79,300,48,52,60,40,44,52,0,12.261,0.04087,3.11929e-29
dual_l0_c0,0,434,5,0.548349,0.0717992,0.311115,1.09587,1769.86,0.241066,5.89873,0.164791,0.0150122,0.0164818,0.00837833,0.018376,0.344408,0.181461,0.418102,0.161851,1,1,0,275,1,0.0897119,0.267811,0.470613,0.243754,1,1768.29,0.00280244,0.172981,0.781956,0.471036,0.05,300,300,300,300,300,300,217,275,300,87,91,99,48,52,84,0,6.30383,0.0210128,-0
dual_l0_c0,0,435,5,0.299991,0.0789739,-0.137008,0.990671,1269.27,3.15176,4.22039,0.568913,0.0308572,0.0178829,0.01956,0.0294097,0.663207,0.106344,0.313291,0.143037,1,1,30,64,1,0.372059,0.289309,0.349625,0.366941,1,1235.96,0.00280244,0.172981,0.781956,0.471036,0.05,300,300,300,300,300,300,60,64,72,53,57,65,38,42,50,0,14.1143,0.0470478,-0
dual_l0_c0,0,436,7,0.432851,0.128038,-0.498842,0.957659,1940.72,4.18393,6.45512,0.622921,0.27953,0.0157271,0.0141724,0.0687137,0.693851,0.10546,0.546574,0.686071,1,1,24,94,1,0.70988,0.587095,0.566262,0.450062,1,1862.39,0.00280244,0.172981,0.781956,0.471036,0.05,300,300,300,300,300,300,82,94,270,55,65,73,46,50,58,0,8.65765,0.0288588,-0
dual_l0_c0,0,437,1,0.250843,0.191707,-0.0399078,0.969299,1609.08,0.106789,5.36325,0.118541,0.0119267,0.0422214,0.0128184,0.0131142,0.307067,0.163256,0.380052,0.247945,1,1,5,85,1,0.230444,0.120785,0.31001,0.15296,1,1598.85,0.00280244,0.172981,0.781956,0.471036,0.05,300,300,300,300,300,300,69,85,300,50,54,81,40,44,52,0,7.78869,0.0259623,1.45735e-43
dual_l0_c0,0,438,0,0.61681,0.0569022,0.198443,0.960827,1479.35,0.204025,4.93049,0.138504,0.020957,0.0403712,0.00887096,0.0369391,0.320157,0.111069,0.609435,0.0607249,1,1,19,114,1,0.167607,0.288767,0.606991,0.0738811,1,1467.78,0.00280244,0.172981,0.781956,0.471036,0.05,300,300,300,300,300,300,98,114,122,67,71,93,42,55,63,0,5.75173,0.0191724,-0
dual_l0_c0,0,439,5,0.350672,0.137132,-0.163497,0.930247,1792.46,1.09772,5.97122,0.332951,0.182894,0.0273834,0.0244943,0.0384841,0.188477,0.111814,0.33229,0.26532,1,1,0,66,1,0.260272,0.131656,0.487883,0.412613,1,1766.45,0.00280244,0.172981,0.781956,0.471036,0.05,300,300,300,300,300,300,62,66,300,46,50,58,44,48,56,0,8.27149,0.0275716,-0
dual_l0_c0,0,440,5,0.191467,0.137158,0.240443,0.978949,991.755,0.0806299,3.30558,0.0950134,0.0281212,0.0213968,0.00881215,0.0161826,0.194535,0.0364223,0.252566,0.0894685,1,1,17,157,1,0.0676,0.121322,0.203558,0.0443966,1,983.268,0.00280244,0.172981,0.781956,0.471036,0.05,300,300,300,300,300,300,93,157,300,55,87,105,33,45,53,0,8.70492,0.0290164,7.64843e-41
dual_l0_c0,0,441,6,0.431981,0.0406939,-0.106476,0.943809,1150.07,0.860758,3.8307,0.29026,0.200029,0.0251216,0.0169072,0.0565403,0.204491,0.354674,0.594314,0.143362,1,1,2,252,1,0.477957,0.335255,0.421042,0.362304,1,1136.23,0.00280244,0.172981,0.781956,0.471036,0.05,300,300,300,300,300,300,242,252,260,45,49,91,39,43,51,0,8.30333,0.0276778,-0
dual_l0_c0,0,442,2,0.348076,0.147054,0.0525206,0.90791,1060.66,0.116791,3.53516,0.0859467,0.0153859,0.0204894,0.0176085,0.0328282,0.399171,0.215591,0.482164,0.231358,0,0,-1,86,1,0.12111,0.233959,0.367929,0.129204,0,1050.27,0.00280244,0.172981,0.781956,0.471036,0.05,300,300,300,300,300,300,66,86,300,49,61,69,41,45,53,0,2.12541,0.0070847,-0
dual_l0_c0,0,443,7,0.347576,0.0808054,-0.44612,0.978828,1288.76,2.96511,4.28597,0.521472,0.395783,0.0144593,0.0124786,0.0535563,0.339083,0.347127,0.2612,0.724799,1,1,0,63,1,0.79006,0.588113,0.316518,0.683222,1,1199.56,0.00280244,0.172981,0.781956,0.471036,0.05,300,300,300,300,300,300,53,63,251,49,53,61,45,49,57,0,3.56729,0.011891,-0
dual_l0_c0,0,444,7,0.40249,0.190098,0.488615,0.951032,1505.54,0.153493,5.01795,0.10174,0.00776262,0.0168616,0.00579719,0.0342391,0.428991,0.097811,0.521145,0.168418,1,1,6,300,0,0.10174,0.428991,0.521145,0.168418,1,1505.39,0.00280244,0.172981,0.781956,0.471036,0.05,300,300,300,300,300,300,90,300,300,64,68,111,46,50,58,0,13.9447,0.0464824,-0
dual_l0_c0,0,445,2,0.438036,0.178741,-0.0318912,1.04289,1116.94,0.153961,3.72263,0.104266,0.0692905,0.0456805,0.0180966,0.0133612,0.336783,0.252266,0.295133,0.157531,1,1,8,118,1,0.0990714,0.216855,0.366835,0.151178,1,1102.91,0.00280244,0.172981,0.781956,0.471036,0.05,300,300,300,300,300,300,60,118,149,50,54,62,40,44,52,0,3.85036,0.0128345,1.44334e-43
dual_l0_c0,0,446,1,0.377625,0.173819,0.101203,0.978009,1014.81,0.294448,3.38173,0.18027,0.0169452,0.0209483,0.0159776,0.0326185,0.153868,0.183844,0.32846,0.185585,0,4.50359e-22,1,89,1,0.1694,0.354141,0.235783,0.0414614,1,1003.02,0.00280244,0.172981,0.781956,0.471036,0.05,300,300,300,300,300,300,63,89,227,46,50,58,42,46,54,0,17.6106,0.0587018,2.34587e-10
dual_l0_c0,0,447,3,0.324621,0.194452,0.0432259,1.03188,1096.9,0.189873,3.65571,0.114669,0.000430059,0.0252336,0.00467121,0.0286492,0.37622,0.231992,0.292485,0.11747,1,1,1,86,1,0.248426,0.155028,0.470661,0.0689071,1,1087.42,0.00280244,0.172981,0.781956,0.471036,0.05,300,300,300,300,300,300,63,86,119,53,57,65,46,50,58,0,13.1476,0.0438255,-0
dual_l0_c0,0,448,1,0.358427,0.182054,0.419181,0.925247,1209.7,0.231275,4.03157,0.145003,0.0325884,0.0334406,0.00873225,0.0180346,0.265242,0.158601,0.202494,0.205949,0,9.20318e-08,0,238,1,0.146022,0.444276,0.314128,0.210894,1,1204.44,0.00280244,0.172981,0.781956,0.471036,0.05,300,300,300,300,300,300,75,238,300,52,76,84,42,46,54,0,9.95826,0.0331942,1.61023e-06
dual_l0_c0,0,449,1,0.429024,0.0666413,0.0655501,0.983961,1254.16,0.283809,4.1796,0.176236,0.0460908,0.0319349,0.0178964,0.0377164,0.245894,0.157931,0.560263,0.137503,0,8.19689e-18,0,155,1,0.0973938,0.131253,0.585354,0.231132,1,1247.29,0.00280244,0.172981,0.781956,0.471036,0.05,300,300,300,300,300,300,98,155,163,49,53,61,34,38,58,0,38.9602,0.129867,1.82964e-06
dual_l0_c0,0,450,3,0.555368,0.106034,-0.455238,1.00663,2172.13,3.76318,7.22789,0.642271,0.272185,0.0267321,0.0109716,0.0373124,0.428918,0.157259,0.439038,0.75737,1,1,18,73,1,0.381605,0.356602,0.448444,0.744199,1,2072.99,0.00280244,0.172981,0.781956,0.471036,0.05,300,300,300,300,300,300,61,73,176,48,52,60,44,48,56,0,6.25053,0.0208351,-0
dual_l0_c0,0,451,2,0.411304,0.103607,-0.46853,0.999782,2077.18,5.19719,6.90662,0.728509,0.210902,0.0273755,0.0159313,0.0252215,0.31683,0.239114,0.364133,0.675394,1,1,6,239,1,0.650661,0.746942,0.29792,0.623497,1,2046.22,0.00280244,0.172981,0.781956,0.471036,0.05,300,300,300,300,300,300,125,239,300,72,76,84,50,54,62,0,9.15001,0.0305,8.70649e-27
dual_l0_c0,0,452,4,0.258893,0.1599,0.119028,1.02562,1631.67,0.0899237,5.4386,0.107787,0.00710717,0.0379954,0.0106003,0.0282037,0.253772,0.188954,0.360317,0.0732846,1,1,28,101,1,0.100877,0.253524,0.219451,0.0508413,1,1624.05,0.00280244,0.172981,0.781956,0.471036,0.05,300,300,300,300,300,300,73,101,300,52,67,75,42,46,54,0,8.57887,0.0285962,-0
dual_l0_c0,0,453,4,0.42652,0.0399436,-0.157306,0.982348,1195.89,0.515007,3.98458,0.221209,0.134611,0.00712676,0.00968676,0.032523,0.434016,0.0855522,0.370891,0.238134,1,1,21,137,1,0.419626,0.132826,0.366787,0.292018,1,1169.36,0.00280244,0.172981,0.781956,0.471036,0.05,300,300,300,300,300,300,63,137,300,46,50,58,42,46,54,0,7.8726,0.026242,-0
dual_l0_c0,0,454,6,0.278418,0.133468,-0.47287,1.05719,1534.13,3.50829,5.10208,0.597839,0.31285,0.0142731,0.00747175,0.024041,0.444366,0.193482,0.253788,0.575875,1,1,4,171,1,0.435982,0.294922,0.226072,0.651322,1,1495.43,0.00280244,0.172981,0.781956,0.471036,0.05,300,300,300,300,300,300,68,171,300,57,61,69,47,51,59,0,10.5807,0.0352689,-0
dual_l0_c0,0,455,3,0.50963,0.0562642,-0.398456,1.00898,1218.48,2.64145,4.0528,0.524415,0.391804,0.0277877,0.00352754,0.00978808,0.522716,0.206477,0.455081,0.694063,0,0,0,221,1,0.46998,0.426376,0.489585,0.664279,0,1185.59,0.00280244,0.172981,0.781956,0.471036,0.05,300,300,300,300,300,300,63,221,300,50,54,62,25,44,52,0,16.2698,0.0542326,-0
dual_l0_c0,0,456,7,0.413833,0.166409,0.204756,0.964832,997.48,0.184899,3.32432,0.102899,0.0135718,0.0268057,0.0127551,0.0403581,0.478173,0.144154,0.561714,0.109914,1,1,1,145,1,0.0911081,0.222531,0.581292,0.0422789,1,988.302,0.00280244,0.172981,0.781956,0.471036,0.05,300,300,300,300,300,300,84,145,300,58,71,79,35,48,56,0,9.26553,0.0308851,-0
dual_l0_c0,0,457,2,0.461115,0.0485716,0.428233,1.0941,1587.48,0.0604099,5.29141,0.114817,0.0160348,0.0303372,0.0288788,0.0412867,0.698345,0.136224,0.541034,0.354792,1,1,18,300,0,0.114817,0.698345,0.541034,0.354792,1,1587.42,0.00280244,0.172981,0.781956,0.471036,0.05,300,300,300,300,300,300,106,300,300,88,92,100,38,50,73,0,7.69446,0.0256482,-0
dual_l0_c0,0,458,1,0.242729,0.0563502,-0.30704,1.06957,2483.93,2.63921,8.27098,0.498533,0.171399,0.0194283,0.0105152,0.0329848,0.259524,0.190356,0.137626,0.468145,0,1.09604e-34,27,174,1,0.522503,0.34629,0.29904,0.638094,0,2443.86,0.00280244,0.172981,0.781956,0.471036,0.05,300,300,300,300,300,300,79,174,300,78,82,90,48,80,88,0,26.6307,0.0887691,3.13116e-13
dual_l0_c0,0,459,3,0.297844,0.0694949,0.249078,1.09423,1767.11,0.39351,5.88907,0.188116,0.0106896,0.0261686,0.00968105,0.0291443,0.227447,0.1059,0.368704,0.152663,1,1,13,138,1,0.114123,0.167155,0.314128,0.123264,1,1755.46,0.00280244,0.172981,0.781956,0.471036,0.05,300,300,300,300,300,300,93,138,300,50,82,90,35,44,61,0,11.2465,0.0374885,-0
dual_l0_c0,0,460,5,0.407471,0.0341546,0.424305,1.0081,1981.26,0.971555,6.60096,0.282572,0.0336496,0.0346477,0.00685052,0.0200761,0.329357,0.208786,0.43071,0.370742,1,0.999998,0,300,0,0.282572,0.329357,0.43071,0.370742,1,1980.29,0.00280244,0.172981,0.781956,0.471036,0.05,300,300,300,300,300,300,300,300,300,100,104,112,56,60,81,0,10.2629,0.0342098,2.88243e-05
dual_l0_c0,0,461,3,0.440203,0.125276,0.26757,0.986294,1030.49,0.0951995,3.43465,0.10833,0.0160764,0.0256254,0.0118672,0.0452529,0.406102,0.129875,0.632982,0.29158,1,1,0,88,1,0.172074,0.256213,0.433327,0.0888324,1,1014.62,0.00280244,0.172981,0.781956,0.471036,0.05,300,300,300,300,300,300,84,88,300,60,64,91,31,42,69,0,11.6755,0.0389183,-0
dual_l0_c0,0,462,5,0.50675,0.139035,-0.368051,0.996747,1250.4,2.08129,4.16106,0.45166,0.289781,0.0218262,0.027211,0.0187734,0.214667,0.276619,0.434514,0.50749,1,1,15,240,1,0.410116,0.435098,0.637859,0.466117,1,1237.62,0.00280244,0.172981,0.781956,0.471036,0.05,300,300,300,300,300,300,157,240,300,43,54,62,30,34,42,0,11.0939,0.0369796,-0
dual_l0_c0,0,463,3,0.397051,0.112208,0.12146,1.07073,1349.8,0.130557,4.49888,0.116408,0.0163073,0.0154731,0.00662033,0.0223816,0.084639,0.0664004,0.261274,0.0910191,1,0.999957,1,175,1,0.0653145,0.117055,0.195512,0.115529,1,1344.74,0.00280244,0.172981,0.781956,0.471036,0.05,300,300,300,300,300,300,171,175,183,88,116,178,44,48,56,0,80.4075,0.268025,0.000471883
dual_l0_c0,0,464,4,0.402662,0.126588,-0.0139401,1.02584,1490.98,0.0615123,4.96974,0.093203,0.0477303,0.00288262,0.0110468,0.0254794,0.136137,0.150821,0.378285,0.180367,1,1,23,277,1,0.168536,0.436503,0.521338,0.162027,1,1489.67,0.00280244,0.172981,0.781956,0.471036,0.05,300,300,300,300,300,300,65,277,300,50,54,62,37,41,49,0,9.95415,0.0331805,-0
dual_l0_c0,0,465,5,0.377278,0.126066,0.0644071,1.04962,1560.88,0.00646402,5.20291,0.0165047,0.0076911,0.0380982,0.00959209,0.0280791,0.238949,0.111145,0.226555,0.0782613,1,1,0,289,1,0.0859241,0.208673,0.237417,0.136968,1,1560.73,0.00280244,0.172981,0.781956,0.471036,0.05,300,300,300,300,300,300,79,289,297,61,65,73,40,44,66,0,14.9241,0.049747,-0
dual_l0_c0,0,466,2,0.238247,0.121432,-0.115405,1.06517,1524.52,1.24398,5.0776,0.352175,0.0556857,0.0200092,0.0107759,0.0251625,0.217327,0.282305,0.151954,0.290126,1,1,0,300,0,0.352175,0.217327,0.151954,0.290126,1,1523.28,0.00280244,0.172981,0.781956,0.471036,0.05,300,300,300,300,300,300,92,300,300,54,58,82,46,50,58,0,16.0103,0.0533677,2.35845e-08
dual_l0_c0,0,467,4,0.5356,0.112623,-0.155183,0.985595,958.011,0.816779,3.19065,0.279742,0.169717,0.0334428,0.0104668,0.0173198,0.119919,0.198708,0.337637,0.247627,1,1,10,96,1,0.401357,0.283559,0.41093,0.319564,1,924.559,0.00280244,0.172981,0.781956,0.471036,0.05,300,300,300,300,300,300,92,96,272,42,46,54,32,44,52,0,12.5052,0.0416839,-0
dual_l0_c0,0,468,0,0.472828,0.156543,0.448941,1.06975,1235.62,0.282095,4.11779,0.170151,0.0123754,0.0275901,0.00789688,0.0379407,0.585707,0.127503,0.476793,0.272009,1,1,0,218,1,0.106678,0.252127,0.303688,0.372156,1,1225.94,0.00280244,0.172981,0.781956,0.471036,0.05,300,300,300,300,300,300,214,218,300,63,77,85,44,53,61,0,3.45195,0.0115065,-0
dual_l0_c0,0,469,2,0.39573,0.13393,-0.248748,1.0463,2318.9,1.84338,7.72352,0.436463,0.179366,0.0221984,0.00715979,0.0436793,0.355279,0.191802,0.356614,0.363452,1,1,0,179,1,0.393322,0.236953,0.296484,0.452649,1,2298.65,0.00280244,0.172981,0.781956,0.471036,0.05,300,300,300,300,300,300,75,179,300,67,71,79,38,42,50,0,22.5897,0.0752989,2.76678e-15
dual_l0_c0,0,470,3,0.479956,0.125036,0.373833,0.996836,1397.71,0.0110491,4.65898,0.0726055,0.00844931,0.0154561,0.0213602,0.0330655,0.318399,0.116854,0.471155,0.304466,0,8.65348e-26,-1,116,1,0.0870458,0.277759,0.393417,0.178623,0,1378.9,0.00280244,0.172981,0.781956,0.471036,0.05,300,300,300,300,300,300,112,116,300,55,59,67,44,48,56,0,9.20533,0.0306844,4.99386e-24
dual_l0_c0,0,471,5,0.418159,0.156058,-0.346005,1.00608,2138.62,0.709457,7.12637,0.269962,0.269962,0.0423331,0.0180312,0.043142,0.365621,0.294172,0.475591,0.438605,1,1,0,66,1,0.687616,0.778739,0.393405,0.565042,1,2064.05,0.00280244,0.172981,0.781956,0.471036,0.05,300,300,300,300,300,300,55,66,90,50,54,74,43,47,55,0,12.9916,0.0433055,4.06749e-27
dual_l0_c0,0,472,1,0.372703,0.0950726,-0.337771,0.944728,1639.61,2.16777,5.45814,0.456832,0.177563,0.031353,0.0137127,0.0270337,0.213386,0.0805982,0.357899,0.480339,0,3.29698e-32,0,84,1,0.638259,0.541625,0.396943,0.453784,0,1573.86,0.00280244,0.172981,0.781956,0.471036,0.05,300,300,300,300,300,300,80,84,92,51,55,91,38,42,50,0,17.4453,0.0581511,3.34592e-10
dual_l0_c0,0,473,4,0.459696,0.0339353,0.0706676,0.938284,1122.69,1.94161,3.73582,0.41167,0.0875057,0.0271018,0.0136634,0.00852688,0.704369,0.453485,0.322296,0.344872,1,1,10,300,0,0.41167,0.704369,0.322296,0.344872,1,1120.74,0.00280244,0.172981,0.781956,0.471036,0.05,300,300,300,300,300,300,111,300,300,48,57,65,38,42,50,0,19.2527,0.0641757,-0
dual_l0_c0,0,474,4,0.636273,0.190522,-0.167285,0.916199,1461.48,0.457434,4.87006,0.198515,0.0637167,0.0169738,0.00492678,0.0442785,0.42372,0.10096,0.760021,0.264939,1,1,21,66,1,0.29568,0.228135,0.708112,0.385336,1,1431.17,0.00280244,0.172981,0.781956,0.471036,0.05,300,300,300,300,300,300,62,66,149,49,53,61,46,50,58,0,12.7086,0.0423621,-0
dual_l0_c0,0,475,2,0.403726,0.149377,-0.187488,1.0218,1716.85,1.05365,5.71931,0.305476,0.10433,0.0281719,0.0112518,0.0536892,0.508447,0.437747,0.564615,0.387642,1,1,0,68,1,0.402191,0.318329,0.428235,0.481723,1,1690.12,0.00280244,0.172981,0.781956,0.471036,0.05,300,300,300,300,300,300,64,68,76,53,57,74,46,50,58,0,10.7813,0.0359377,1.31151e-28
dual_l0_c0,0,476,4,0.418129,0.148865,-0.199024,1.01199,1997.68,0.902732,6.65594,0.331524,0.00843689,0.0247543,0.00609275,0.0325241,0.144523,0.158848,0.506687,0.335957,1,1,34,65,1,0.364805,0.121674,0.430878,0.567532,1,1968.94,0.00280244,0.172981,0.781956,0.471036,0.05,300,300,300,300,300,300,61,65,217,48,52,60,41,45,53,0,9.12405,0.0304135,-0
dual_l0_c0,0,477,7,0.44296,0.0383635,-0.440097,0.924868,1238.8,5.14798,4.11216,0.711296,0.626451,0.0118042,0.0108642,0.0302525,0.606304,0.174069,0.443726,0.563983,1,1,21,228,1,0.99193,0.696731,0.321156,0.320206,1,1176.16,0.00280244,0.172981,0.781956,0.471036,0.05,300,300,300,300,300,300,136,228,300,39,43,51,29,39,47,0,4.58944,0.0152981,-0
dual_l0_c0,0,478,7,0.55141,0.0817994,-0.460467,1.01919,1352.31,3.18661,4.49709,0.55376,0.329133,0.0321602,0.0122718,0.0210004,0.606332,0.214429,0.449654,0.672755,1,1,0,94,1,0.592061,0.628078,0.442366,0.639795,1,1275.63,0.00280244,0.172981,0.781956,0.471036,0.05,300,300,300,300,300,300,84,94,213,44,48,56,38,42,50,0,13.473,0.0449098,-0
dual_l0_c0,0,479,6,0.228984,0.0614707,0.394412,1.08288,1728.2,0.072135,5.76042,0.0523462,0.0173361,0.0155362,0.0139731,0.00601736,0.306834,0.0906429,0.239344,0.326461,1,1,16,300,0,0.0523462,0.306834,0.239344,0.326461,1,1728.13,0.00280244,0.172981,0.781956,0.471036,0.05,300,300,300,300,300,300,300,300,300,71,75,126,47,51,59,0,17.8498,0.0594995,-0
dual_l0_c0,0,480,6,0.383564,0.0255862,0.306609,1.0571,1488.86,0.0222367,4.96279,0.0368187,0.00790773,0.0209715,0.00512826,0.0262538,0.254112,0.104026,0.600974,0.268057,1,1,19,94,1,0.171501,0.297186,0.327789,0.0993063,1,1475.19,0.00280244,0.172981,0.781956,0.471036,0.05,300,300,300,300,300,300,90,94,300,60,64,72,40,44,52,0,9.70757,0.0323586,-0
dual_l0_c0,0,481,2,0.334553,0.0514017,0.494442,1.01978,1263.77,0.26797,4.21167,0.12975,0.0330871,0.0375641,0.00411412,0.0222641,0.765631,0.112996,0.270012,0.488577,1,1,0,300,0,0.12975,0.765631,0.270012,0.488577,1,1263.5,0.00280244,0.172981,0.781956,0.471036,0.05,300,300,300,300,300,300,224,300,300,47,71,79,33,48,56,0,5.45485,0.0181828,1.45133e-21
dual_l0_c0,0,482,3,0.397983,0.134297,0.160942,1.06182,1076.34,0.098675,3.58746,0.0898413,0.0227138,0.0187471,0.0118368,0.0199617,0.151691,0.197955,0.574191,0.0912721,1,1,9,85,1,0.333676,0.125062,0.421811,0.115851,1,1065.13,0.00280244,0.172981,0.781956,0.471036,0.05,300,300,300,300,300,300,74,85,300,46,62,70,42,46,68,0,7.51538,0.0250513,-0
dual_l0_c0,0,483,2,0.429478,0.0474413,0.35541,0.927325,1905.05,0.123872,6.34975,0.0933208,0.0331669,0.0282098,0.0125461,0.0221922,0.503312,0.0968907,0.398398,0.188386,1,1,17,300,0,0.0933208,0.503312,0.398398,0.188386,1,1904.92,0.00280244,0.172981,0.781956,0.471036,0.05,300,300,300,300,300,300,80,300,300,50,75,83,46,50,58,0,18.2566,0.0608552,1.3555e-33
dual_l0_c0,0,484,5,0.453357,0.0652423,0.109339,0.918084,1542.52,0.0556903,5.14154,0.0820111,0.052166,0.0215361,0.00707317,0.0342157,0.348433,0.0525251,0.579478,0.101765,1,1,24,252,1,0.155768,0.242765,0.525284,0.0797522,1,1540.7,0.00280244,0.172981,0.781956,0.471036,0.05,300,300,300,300,300,300,162,252,300,77,123,131,45,49,57,0,9.48745,0.0316248,-0
dual_l0_c0,0,485,2,0.441863,0.0197531,-0.469756,0.945099,1537.37,3.43171,5.11314,0.590345,0.43628,0.0193425,0.0256533,0.0277977,0.576967,0.140866,0.436894,0.610452,1,1,1,137,1,0.893871,0.732662,0.39161,0.653203,1,1464.09,0.00280244,0.172981,0.781956,0.471036,0.05,300,300,300,300,300,300,133,137,300,46,50,75,41,45,53,0,1.36319,0.00454396,-0
dual_l0_c0,0,486,6,0.550695,0.0263101,-0.0564724,1.00854,1714.16,1.2117,5.70982,0.339907,0.159812,0.018965,0.00911365,0.0147907,0.467157,0.244758,0.598053,0.296557,1,1,13,189,1,0.162093,0.152293,0.544031,0.385056,1,1697.36,0.00280244,0.172981,0.781956,0.471036,0.05,300,300,300,300,300,300,185,189,300,56,60,111,44,48,56,0,17.459,0.0581965,-0
dual_l0_c0,0,487,7,0.408471,0.0416259,0.39141,0.914249,910.322,0.173225,3.03383,0.133934,0.0158781,0.013747,0.0070891,0.0169311,0.17391,0.145902,0.408717,0.234004,1,1,1,300,0,0.133934,0.17391,0.408717,0.234004,1,910.149,0.00280244,0.172981,0.781956,0.471036,0.05,300,300,300,300,300,300,91,300,300,45,49,72,28,32,40,0,5.79392,0.0193131,-0
dual_l0_c0,0,488,2,0.347024,0.137106,-0.145214,1.07053,809.207,1.42233,2.69262,0.378152,0.100354,0.0237629,0.00990508,0.0199862,0.253797,0.166807,0.474618,0.363784,0,2.70134e-18,20,120,1,0.136339,0.193905,0.319823,0.347222,1,790.263,0.00280244,0.172981,0.781956,0.471036,0.05,300,300,300,300,300,300,69,120,145,37,41,49,35,39,47,0,32.0388,0.106796,1.41983e-13
dual_l0_c0,0,489,3,0.497726,0.182094,-0.416592,0.934776,1377.27,2.53168,4.58245,0.498363,0.298155,0.0292553,0.005807,0.0188967,0.347411,0.0928596,0.646822,0.556773,1,1,0,71,1,0.529109,0.609077,0.664834,0.580907,1,1305.73,0.00280244,0.172981,0.781956,0.471036,0.05,300,300,300,300,300,300,67,71,133,47,51,59,46,50,58,0,10.6819,0.0356063,-0
dual_l0_c0,0,490,0,0.393144,0.105983,-0.175849,1.00952,2055.07,1.40607,6.84554,0.360375,0.200045,0.0398646,0.0154221,0.062732,0.367724,0.254515,0.448291,0.303202,1,1,25,105,1,0.251695,0.45019,0.43196,0.399548,1,2030.52,0.00280244,0.172981,0.781956,0.471036,0.05,300,300,300,300,300,300,59,105,300,50,54,62,47,51,59,0,5.17639,0.0172546,-0
dual_l0_c0,0,491,4,0.21771,0.0237546,0.478379,1.03329,1035.11,0.743527,3.44788,0.2717,0.025431,0.0291126,0.00469815,0.0174499,0.582232,0.10569,0.148217,0.370389,1,1,20,300,0,0.2717,0.582232,0.148217,0.370389,1,1034.36,0.00280244,0.172981,0.781956,0.471036,0.05,300,300,300,300,300,300,300,300,300,49,69,77,39,43,51,0,10.27,0.0342333,-0
dual_l0_c0,0,492,6,0.522602,0.0743117,-0.229644,1.09626,3026.7,0.811446,10.0863,0.277958,0.0848947,0.0174942,0.0157236,0.0409102,0.247608,0.182103,0.514402,0.388737,1,1,23,105,1,0.346897,0.14973,0.425704,0.372724,1,2997.03,0.00280244,0.172981,0.781956,0.471036,0.05,300,300,300,300,300,300,101,105,113,75,79,87,63,67,75,0,17.6194,0.0587314,-0
dual_l0_c0,0,493,5,0.316607,0.166552,-0.416726,1.05198,1397.26,1.44313,4.65272,0.394173,0.292109,0.0281923,0.00714975,0.0456121,0.50056,0.139193,0.373391,0.487983,1,1,8,91,1,0.329891,0.425303,0.137971,0.537525,1,1334.23,0.00280244,0.172981,0.781956,0.471036,0.05,300,300,300,300,300,300,74,91,300,57,61,69,40,44,52,0,14.4847,0.0482822,1.47509e-13
dual_l0_c0,0,494,0,0.409982,0.110744,0.493543,1.05676,1196,0.4264,3.98525,0.211701,0.0282916,0.0373899,0.0170781,0.0439724,0.317678,0.0220761,0.597047,0.317357,1,1,15,298,1,0.203196,0.211018,0.591973,0.261002,1,1195.4,0.00280244,0.172981,0.781956,0.471036,0.05,300,300,300,300,300,300,151,298,300,65,69,90,35,39,61,0,8.74041,0.0291347,-0
dual_l0_c0,0,495,1,0.445478,0.095374,-0.379102,0.967988,2189.73,2.30653,7.29141,0.487492,0.16468,0.0374369,0.0142767,0.0183873,0.339714,0.236663,0.565289,0.578097,0,5.86753e-35,23,83,1,0.16468,0.419506,0.583797,0.495918,0,2124.76,0.00280244,0.172981,0.781956,0.471036,0.05,300,300,300,300,300,300,66,83,300,64,68,76,62,66,74,0,26.2253,0.0874177,5.06288e-12
dual_l0_c0,0,496,5,0.492409,0.113593,0.0556823,0.960757,1512.01,0.404467,5.03869,0.211817,0.0459369,0.0173545,0.00987828,0.0120513,0.186084,0.151743,0.476723,0.191808,1,1,0,107,1,0.265762,0.176585,0.526944,0.0975911,1,1501.14,0.00280244,0.172981,0.781956,0.471036,0.05,300,300,300,300,300,300,103,107,300,50,54,62,44,48,56,0,17.1898,0.0572994,2.82376e-38
dual_l0_c0,0,497,0,0.106906,0.167564,-0.187333,1.08959,1187.93,1.04098,3.95629,0.324509,0.0648869,0.0165049,0.00820907,0.0450813,0.398407,0.0308995,0.298005,0.26913,1,1,15,119,1,0.374561,0.22429,0.237582,0.40997,1,1172.54,0.00280244,0.172981,0.781956,0.471036,0.05,300,300,300,300,300,300,80,119,127,52,56,64,39,43,51,0,6.18581,0.0206194,5.7173e-43
dual_l0_c0,0,498,3,0.301389,0.15996,0.455465,0.910531,891.131,0.464383,2.96889,0.233577,0.0431813,0.0107896,0.0103834,0.00264895,0.265442,0.131257,0.320388,0.270432,1,1,0,300,0,0.233577,0.265442,0.320388,0.270432,1,890.667,0.00280244,0.172981,0.781956,0.471036,0.05,300,300,300,300,300,300,243,300,300,49,53,61,36,40,61,0,4.54607,0.0151536,-0
dual_l0_c0,0,499,7,0.123917,0.0254545,-0.447705,1.09872,1882.54,3.2659,6.26426,0.566147,0.230848,0.0394579,0.0203222,0.0416136,0.491457,0.0949568,0.165264,0.532441,1,1,21,148,1,0.637713,0.506964,0.179885,0.74157,1,1839.27,0.00280244,0.172981,0.781956,0.471036,0.05,300,300,300,300,300,300,144,148,300,58,62,70,41,45,53,0,9.54947,0.0318316,-0
dual_l0_c0,0,500,6,0.354641,0.154867,-0.16169,1.08565,1326.79,0.201978,4.42197,0.14894,0.14479,0.00126118,0.0138596,0.0228558,0.200088,0.167873,0.429397,0.238013,1,1,8,72,1,0.280431,0.357441,0.301019,0.492051,1,1304.49,0.00280244,0.172981,0.781956,0.471036,0.05,300,300,300,300,300,300,68,72,122,51,65,73,33,43,51,0,13.7534,0.0458448,-0
dual_l0_c0,0,501,7,0.490786,0.00707998,0.146975,1.05369,1408.37,1.33303,4.69014,0.364044,0.140253,0.0166113,0.0145018,0.0234768,0.216123,0.193631,0.377333,0.0611231,1,1,18,300,0,0.364044,0.216123,0.377333,0.0611231,1,1407.04,0.00280244,0.172981,0.781956,0.471036,0.05,300,300,300,300,300,300,300,300,300,104,108,158,48,52,60,0,11.7426,0.0391419,-0
dual_l0_c0,0,502,7,0.221018,0.0126241,-0.205462,1.02656,1547.1,4.49804,5.14202,0.668285,0.314234,0.0249768,0.0163298,0.0271179,0.271762,0.367947,0.297797,0.531863,1,1,0,83,1,0.448685,0.153947,0.213174,0.486495,1,1469.96,0.00280244,0.172981,0.781956,0.471036,0.05,300,300,300,300,300,300,79,83,259,52,56,64,46,50,58,0,21.772,0.0725734,-0
dual_l0_c0,0,503,0,0.234979,0.138729,-0.19659,1.09421,1064.67,0.228373,3.54815,0.137442,0.126597,0.0304603,0.0131247,0.0257124,0.193035,0.15491,0.374702,0.339696,1,1,15,142,1,0.208674,0.419252,0.353882,0.382061,1,1051.52,0.00280244,0.172981,0.781956,0.471036,0.05,300,300,300,300,300,300,133,142,150,51,55,84,43,47,55,0,7.93658,0.0264553,-0
dual_l0_c0,0,504,3,0.317703,0.0283871,0.322861,1.09019,1624.23,0.0569911,5.41392,0.0826039,0.0180965,0.0418975,0.00950002,0.0356014,0.422997,0.116801,0.273823,0.202095,1,1,14,300,0,0.0826039,0.422997,0.273823,0.202095,1,1624.17,0.00280244,0.172981,0.781956,0.471036,0.05,300,300,300,300,300,300,125,300,300,82,86,94,40,49,57,0,14.2712,0.0475707,-0
dual_l0_c0,0,505,2,0.237733,0.076863,-0.201512,0.967268,2031.25,1.30687,6.76649,0.348674,0.189024,0.0347036,0.00665262,0.0158382,0.307689,0.0939598,0.128875,0.30294,1,1,0,69,1,0.404347,0.499249,0.438407,0.363375,1,1989.89,0.00280244,0.172981,0.781956,0.471036,0.05,300,300,300,300,300,300,65,69,300,52,56,64,46,50,58,0,8.3824,0.0279413,7.31205e-20
dual_l0_c0,0,506,0,0.37796,0.0339066,-0.370647,1.08134,1613.49,5.33744,5.3605,0.735523,0.50544,0.0253472,0.016428,0.0267508,0.375387,0.356399,0.452259,0.537961,1,1,17,174,1,0.762279,0.590894,0.479048,0.426167,1,1539.24,0.00280244,0.172981,0.781956,0.471036,0.05,300,300,300,300,300,300,164,174,300,58,62,70,44,56,64,0,9.42124,0.0314041,-0
dual_l0_c0,0,507,0,0.230741,0.098255,-0.31439,0.961045,1108.22,2.10437,3.68706,0.473575,0.340867,0.0325261,0.00317175,0.0140143,0.239357,0.254549,0.300741,0.527847,1,1,16,106,1,0.523935,0.488365,0.463368,0.521534,1,1058.95,0.00280244,0.172981,0.781956,0.471036,0.05,300,300,300,300,300,300,97,106,114,48,52,83,43,47,55,0,12.2209,0.0407364,7.21368e-20
dual_l0_c0,0,508,4,0.429814,0.175416,-0.10102,1.07504,965.093,0.125606,3.21656,0.112182,0.0399346,0.00769743,0.0104458,0.0254882,0.248298,0.139044,0.562497,0.260828,1,1,16,54,1,0.324793,0.231284,0.588681,0.191706,1,949.704,0.00280244,0.172981,0.781956,0.471036,0.05,300,300,300,300,300,300,50,54,148,47,51,59,43,47,55,0,5.28431,0.0176144,-0
dual_l0_c0,0,509,2,0.341952,0.0895129,-0.447715,0.939048,1807.34,10.8967,5.98813,1.0325,0.334689,0.0233964,0.00925796,0.0376344,0.728335,0.364092,0.305647,0.311047,1,1,1,86,1,0.768959,0.343374,0.245842,0.712253,1,1677.44,0.00280244,0.172981,0.781956,0.471036,0.05,300,300,300,300,300,300,58,86,300,43,47,55,40,44,52,0,13.1526,0.0438419,-0
dual_l0_c0,0,510,5,0.483487,0.165769,0.215658,1.02699,1531.22,0.245388,5.10324,0.162813,0.0124501,0.0266387,0.0140564,0.0437875,0.200473,0.0671108,0.581078,0.0922918,1,1,10,90,1,0.138222,0.384889,0.686816,0.13329,1,1519.7,0.00280244,0.172981,0.781956,0.471036,0.05,300,300,300,300,300,300,70,90,300,50,62,70,46,50,58,0,21.0338,0.0701126,-0
dual_l0_c0,0,511,1,0.362468,0.0619768,-0.0999804,0.9851,1694.07,0.58129,5.64495,0.261089,0.016533,0.0248554,0.00898636,0.0336608,0.289975,0.0682805,0.344122,0.40383,0,1.78351e-06,0,66,1,0.0724565,0.115487,0.236674,0.166403,1,1663.79,0.00280244,0.172981,0.781956,0.471036,0.05,300,300,300,300,300,300,62,66,74,53,57,65,41,45,53,0,14.2863,0.0476209,0.000168927
dual_l0_c0,0,512,1,0.206235,0.122275,-0.18272,1.06936,1440.66,0.498258,4.80053,0.216693,0.0615997,0.0287576,0.00920342,0.0312145,0.329927,0.0918819,0.290696,0.29058,0,3.74604e-06,0,78,1,0.415337,0.404563,0.383255,0.282905,1,1419.24,0.00280244,0.172981,0.781956,0.471036,0.05,300,300,300,300,300,300,56,78,86,49,53,61,47,51,59,0,8.68586,0.0289529,5.05015e-05
dual_l0_c0,0,513,7,0.525916,0.0972803,0.0676863,0.92288,1069.45,0.142204,3.56436,0.131426,0.0267099,0.0322479,0.0123367,0.0379116,0.310951,0.157782,0.5502,0.141347,1,1,22,98,1,0.1399,0.336628,0.339315,0.0875507,1,1058.79,0.00280244,0.172981,0.781956,0.471036,0.05,300,300,300,300,300,300,76,98,226,59,70,78,45,49,57,0,13.0304,0.0434345,-0
dual_l0_c0,0,514,5,0.439274,0.102123,0.379662,1.02341,2244.22,0.373709,7.47948,0.177079,0.0120224,0.0101513,0.00666732,0.0180786,0.499828,0.0994487,0.484011,0.0560733,1,1,14,169,1,0.0717706,0.321984,0.646791,0.219819,1,2228.36,0.00280244,0.172981,0.781956,0.471036,0.05,300,300,300,300,300,300,130,169,300,83,87,95,41,45,91,0,14.1045,0.047015,-0
dual_l0_c0,0,515,3,0.546055,0.181601,0.00537848,0.976786,1208.98,0.78066,4.02734,0.277725,0.0178383,0.0253373,0.0193757,0.0338257,0.166956,0.267906,0.632165,0.108964,1,1,2,81,1,0.358819,0.168078,0.675375,0.209391,1,1197.13,0.00280244,0.172981,0.781956,0.471036,0.05,300,300,300,300,300,300,58,81,209,47,51,59,43,47,55,0,11.1451,0.0371502,-0
dual_l0_c0,0,516,5,0.16536,0.0137682,0.202375,1.03127,1787.62,0.252445,5.9579,0.142677,0.0229978,0.0359904,0.0201826,0.0268719,0.299235,0.0170848,0.20219,0.0671553,1,1,0,159,1,0.232978,0.339557,0.398374,0.216269,1,1775.17,0.00280244,0.172981,0.781956,0.471036,0.05,300,300,300,300,300,300,155,159,300,47,71,79,46,60,68,0,19.2271,0.0640905,-0
dual_l0_c0,0,517,2,0.214078,0.172089,-0.100361,0.929303,939.683,0.843441,3.12947,0.268996,0.0707227,0.0419815,0.00853887,0.0113152,0.292906,0.146931,0.439387,0.177088,1,0.999999,6,118,1,0.0722669,0.142791,0.233046,0.13361,1,924.819,0.00280244,0.172981,0.781956,0.471036,0.05,300,300,300,300,300,300,57,118,161,44,48,56,41,45,53,0,3.54732,0.0118244,1.88316e-05
dual_l0_c0,0,518,5,0.396247,0.011541,-0.315174,1.07786,1338.44,6.29165,4.44049,0.795718,0.302619,0.0355984,0.00775411,0.0111652,0.402655,0.434968,0.189259,0.466368,1,1,15,87,1,0.490028,0.478664,0.38212,0.519647,1,1257.35,0.00280244,0.172981,0.781956,0.471036,0.05,300,300,300,300,300,300,83,87,95,46,50,58,33,44,52,0,12.0276,0.0400921,6.69844e-21
dual_l0_c0,0,519,2,0.388844,0.191078,0.137457,1.07355,1055.6,0.366052,3.51746,0.187584,0.017424,0.0469137,0.00911667,0.0426829,0.23455,0.111747,0.555096,0.0682479,0,1.98336e-20,0,100,1,0.14444,0.310872,0.428473,0.174726,1,1045.12,0.00280244,0.172981,0.781956,0.471036,0.05,300,300,300,300,300,300,96,100,300,52,56,101,33,37,45,0,38.2193,0.127398,1.44518e-06
dual_l0_c0,0,520,5,0.361866,0.160955,0.351019,1.07772,1120.84,0.0886041,3.73585,0.0896195,0.01827,0.0166007,0.0100649,0.0481256,0.0626418,0.0314026,0.61094,0.345231,1,1,0,88,1,0.187454,0.444933,0.27467,0.229831,1,1098.77,0.00280244,0.172981,0.781956,0.471036,0.05,300,300,300,300,300,300,84,88,300,50,54,62,46,50,58,0,1.96832,0.00656105,-0
dual_l0_c0,0,521,6,0.40757,0.00834267,-0.374793,0.999151,2494.16,4.18528,8.29993,0.633959,0.364162,0.0179627,0.013173,0.0178129,0.507619,0.248673,0.357231,0.512803,1,1,38,300,0,0.633959,0.507619,0.357231,0.512803,1,2489.98,0.00280244,0.172981,0.781956,0.471036,0.05,300,300,300,300,300,300,300,300,300,55,59,67,49,53,61,0,20.2756,0.0675854,-0
dual_l0_c0,0,522,7,0.247911,0.0991394,0.255766,0.915289,1079.93,0.0924729,3.59947,0.0981346,0.0110761,0.0137477,0.012973,0.0460265,0.393135,0.210702,0.385621,0.144244,1,1,0,199,1,0.155147,0.411405,0.141482,0.178907,1,1074.03,0.00280244,0.172981,0.781956,0.471036,0.05,300,300,300,300,300,300,92,199,300,49,53,76,41,45,53,0,7.56671,0.0252224,-0
dual_l0_c0,0,523,0,0.276105,0.0343476,0.167504,0.976414,1547.82,0.0701757,5.15916,0.093426,0.00757158,0.0273373,0.0121694,0.0497819,0.358266,0.0838528,0.494025,0.151301,1,1,20,68,1,0.0842936,0.293776,0.393124,0.0273647,1,1530.02,0.00280244,0.172981,0.781956,0.471036,0.05,300,300,300,300,300,300,64,68,300,48,52,60,38,42,50,0,11.4546,0.0381819,-0
dual_l0_c0,0,524,3,0.38269,0.00242224,0.313705,1.09382,1329.15,0.381729,4.42922,0.22167,0.0230154,0.0351841,0.0105394,0.0115064,0.64648,0.0633609,0.386646,0.531297,1,1,0,300,0,0.22167,0.64648,0.386646,0.531297,1,1328.77,0.00280244,0.172981,0.781956,0.471036,0.05,300,300,300,300,300,300,123,300,300,61,65,135,47,60,68,0,17.8016,0.0593386,3.55845e-22
dual_l0_c0,0,525,7,0.5411,0.161489,-0.239372,1.08264,2327.07,1.77264,7.75098,0.442887,0.125285,0.0173467,0.0131838,0.0302979,0.200048,0.232571,0.598465,0.335271,1,1,19,78,1,0.443647,0.204155,0.44192,0.543641,1,2289.71,0.00280244,0.172981,0.781956,0.471036,0.05,300,300,300,300,300,300,74,78,300,66,70,78,45,55,63,0,9.79335,0.0326445,-0
dual_l0_c0,0,526,5,0.26801,0.0454513,-0.118376,1.01934,1724.83,0.485248,5.74783,0.239109,0.0640282,0.0164045,0.00785335,0.0290406,0.30231,0.155988,0.361809,0.239605,1,1,1,109,1,0.505562,0.137682,0.3297,0.174909,1,1703.58,0.00280244,0.172981,0.781956,0.471036,0.05,300,300,300,300,300,300,84,109,300,55,59,67,43,47,55,0,18.7778,0.0625926,-0
dual_l0_c0,0,527,6,0.494283,0.0458,-0.404744,1.02507,1009.66,5.56863,3.34698,0.75608,0.380515,0.0212218,0.0129276,0.0187177,0.45219,0.313102,0.262305,0.431684,1,1,20,141,1,0.798549,0.595165,0.539147,0.588356,1,914.327,0.00280244,0.172981,0.781956,0.471036,0.05,300,300,300,300,300,300,119,141,300,42,46,54,40,44,52,0,10.7376,0.0357921,-0
dual_l0_c0,0,528,4,0.33221,0.11251,-0.130537,0.9337,2248.06,0.673777,7.49128,0.275101,0.13716,0.0335763,0.00591515,0.0230334,0.122118,0.133745,0.47761,0.147817,1,1,28,135,1,0.381718,0.0615965,0.392217,0.485069,1,2228.15,0.00280244,0.172981,0.781956,0.471036,0.05,300,300,300,300,300,300,71,135,143,58,73,81,40,52,60,0,5.6076,0.018692,-0
dual_l0_c0,0,529,2,0.281445,0.0930793,0.15771,1.05666,1016.54,0.0711573,3.38822,0.0523124,0.0332928,0.0221597,0.0076436,0.0326468,0.253168,0.128123,0.129623,0.149672,1,1,0,200,1,0.237921,0.251618,0.125209,0.0304521,1,1012.47,0.00280244,0.172981,0.781956,0.471036,0.05,300,300,300,300,300,300,76,200,300,62,72,80,37,41,49,0,1.39008,0.0046336,-0
dual_l0_c0,0,530,6,0.476137,0.131683,0.311727,0.970679,1202.49,0.483039,4.0067,0.230126,0.0353905,0.0269631,0.0086467,0.0294278,0.484249,0.121089,0.560075,0.161315,1,1,0,245,1,0.189271,0.21042,0.586587,0.187438,1,1197.26,0.00280244,0.172981,0.781956,0.471036,0.05,300,300,300,300,300,300,102,245,300,50,75,83,39,43,51,0,13.3698,0.0445659,-0
dual_l0_c0,0,531,7,0.431919,0.126395,0.423946,0.988971,2370.86,0.28375,7.90193,0.185947,0.0304046,0.0202111,0.00740527,0.0165807,0.192524,0.114119,0.509917,0.203242,1,1,30,300,0,0.185947,0.192524,0.509917,0.203242,1,2370.58,0.00280244,0.172981,0.781956,0.471036,0.05,300,300,300,300,300,300,107,300,300,62,66,101,48,52,60,0,11.3432,0.0378107,-0
dual_l0_c0,0,532,4,0.312136,0.138812,-0.281556,0.955776,1281.69,3.53356,4.26053,0.580429,0.258593,0.0146951,0.00783764,0.0269569,0.381952,0.306521,0.433389,0.444563,1,1,28,82,1,0.570964,0.537001,0.412622,0.50297,1,1226.22,0.00280244,0.172981,0.781956,0.471036,0.05,300,300,300,300,300,300,78,82,107,48,73,81,43,47,55,0,6.70259,0.022342,-0
dual_l0_c0,0,533,6,0.162419,0.000310373,-0.100106,1.03456,965.498,6.29754,3.19733,0.798121,0.168289,0.0312405,0.0113616,0.0375688,0.212166,0.343318,0.226772,0.177971,1,1,4,101,1,0.253065,0.445232,0.28867,0.234336,1,893.71,0.00280244,0.172981,0.781956,0.471036,0.05,300,300,300,300,300,300,91,101,128,46,59,67,28,32,40,0,11.8037,0.0393456,-0
dual_l0_c0,0,534,7,0.155162,0.171975,0.303833,1.0108,2200.41,0.248925,7.33386,0.164526,0.00761433,0.00649675,0.00812581,0.015575,0.259565,0.0905033,0.0884435,0.125296,1,1,20,296,1,0.166125,0.2175,0.0526462,0.032146,1,2199.93,0.00280244,0.172981,0.781956,0.471036,0.05,300,300,300,300,300,300,95,296,300,76,80,104,47,61,69,0,11.0341,0.0367802,-0
dual_l0_c0,0,535,7,0.355718,0.0149557,0.110457,0.981602,2141.62,0.963183,7.13553,0.300365,0.102757,0.0288105,0.0107078,0.024837,0.446796,0.332908,0.35107,0.155197,1,1,14,300,0,0.300365,0.446796,0.35107,0.155197,1,2140.66,0.00280244,0.172981,0.781956,0.471036,0.05,300,300,300,300,300,300,300,300,300,67,71,79,52,56,64,0,18.7203,0.0624008,-0
dual_l0_c0,0,536,3,0.452551,0.129251,-0.113793,1.02323,1977.61,0.196328,6.59137,0.152977,0.0352055,0.0187437,0.00745757,0.0294938,0.178818,0.1104,0.353142,0.221028,1,1,12,80,1,0.202386,0.171332,0.289499,0.231535,1,1955.59,0.00280244,0.172981,0.781956,0.471036,0.05,300,300,300,300,300,300,66,80,101,51,55,63,42,51,59,0,16.1379,0.053793,3.96301e-07
dual_l0_c0,0,537,1,0.439787,0.0775326,0.358241,1.04028,1321.33,0.0778914,4.40419,0.0809565,0.0171497,0.0182899,0.0129299,0.0251618,0.629571,0.151953,0.287804,0.44317,0,6.4089e-18,0,300,0,0.0809565,0.629571,0.287804,0.44317,0,1321.26,0.00280244,0.172981,0.781956,0.471036,0.05,300,300,300,300,300,300,256,300,300,76,92,149,47,77,85,0,11.9043,0.039681,2.53724e-16
dual_l0_c0,0,538,0,0.336362,0.0506603,0.0546293,1.06786,1258.77,0.181631,4.1953,0.13479,0.0264664,0.00812969,0.0126182,0.0292601,0.198152,0.0647899,0.430038,0.0684951,1,1,18,90,1,0.208932,0.320516,0.596496,0.0724634,1,1246.78,0.00280244,0.172981,0.781956,0.471036,0.05,300,300,300,300,300,300,86,90,300,57,83,91,37,41,65,0,16.9299,0.0564329,-0
dual_l0_c0,0,539,5,0.456022,0.101226,-0.023486,0.947259,1253.77,0.0431242,4.1791,0.0524394,0.02453,0.0142436,0.0168544,0.0199981,0.203188,0.126506,0.396248,0.132999,1,1,24,64,1,0.124134,0.307377,0.370308,0.171344,1,1233.56,0.00280244,0.172981,0.781956,0.471036,0.05,300,300,300,300,300,300,60,64,72,51,55,63,48,52,60,0,8.05541,0.0268514,3.73037e-35
dual_l0_c0,0,540,6,0.155772,0.0183277,-0.149749,1.08567,1070.43,5.13427,3.55097,0.717092,0.413193,0.0303857,0.0141033,0.0270598,0.39742,0.30251,0.226749,0.139808,1,1,0,300,0,0.717092,0.39742,0.226749,0.139808,1,1065.29,0.00280244,0.172981,0.781956,0.471036,0.05,300,300,300,300,300,300,300,300,300,63,82,105,34,61,69,0,3.6887,0.0122957,-0
dual_l0_c0,0,541,1,0.464428,0.0689845,0.493637,0.994662,2342.78,1.07071,7.80571,0.356087,0.0266386,0.0252494,0.00566787,0.0267533,0.671294,0.203937,0.339331,0.336657,0,4.16445e-13,15,300,0,0.356087,0.671294,0.339331,0.336657,0,2341.71,0.00280244,0.172981,0.781956,0.471036,0.05,300,300,300,300,300,300,184,300,300,64,87,137,55,59,67,0,18.8108,0.0627027,1.188e-11
dual_l0_c0,0,542,1,0.394241,0.0865596,0.395892,1.06467,903.558,0.157801,3.01133,0.165732,0.0103998,0.0203969,0.00980108,0.0317131,0.3495,0.139801,0.403092,0.236414,0,2.77457e-43,0,300,0,0.165732,0.3495,0.403092,0.236414,0,903.4,0.00280244,0.172981,0.781956,0.471036,0.05,300,300,300,300,300,300,95,300,300,47,64,72,38,42,50,0,6.06937,0.0202312,1.34018e-34
dual_l0_c0,0,543,2,0.326135,0.138203,-0.33348,1.05759,1761.96,1.28962,5.86891,0.369508,0.221986,0.0112373,0.0139574,0.0208551,0.48956,0.123188,0.515232,0.42515,1,1,47,102,1,0.397988,0.406922,0.431786,0.497525,1,1718.75,0.00280244,0.172981,0.781956,0.471036,0.05,300,300,300,300,300,300,89,102,300,55,59,67,34,38,65,0,17.779,0.0592634,3.15121e-14
dual_l0_c0,0,544,7,0.407737,0.159141,-0.0485957,1.00339,2056.08,0.613301,6.85155,0.227987,0.0541664,0.00886942,0.0104984,0.0271398,0.356535,0.199247,0.525938,0.244965,1,1,0,86,1,0.321749,0.442723,0.530878,0.226506,1,2042.75,0.00280244,0.172981,0.781956,0.471036,0.05,300,300,300,300,300,300,74,86,160,58,62,70,54,58,66,0,7.71012,0.0257004,-0
dual_l0_c0,0,545,1,0.264767,0.182894,0.123994,0.949697,1881.32,0.104866,6.27072,0.0983865,0.0162763,0.0272295,0.00894745,0.0423106,0.218046,0.106937,0.338989,0.0757319,0,9.56978e-10,3,82,1,0.205542,0.229183,0.295423,0.0812924,1,1870.11,0.00280244,0.172981,0.781956,0.471036,0.05,300,300,300,300,300,300,71,82,300,53,57,79,39,43,62,0,31.6089,0.105363,1.30638e-06
dual_l0_c0,0,546,2,0.30384,0.112339,0.455919,0.905273,1264.61,0.0529951,4.21519,0.0605221,0.011166,0.0127268,0.0109133,0.0261855,0.503157,0.117068,0.219102,0.337654,1,0.999988,1,300,0,0.0605221,0.503157,0.219102,0.337654,1,1264.56,0.00280244,0.172981,0.781956,0.471036,0.05,300,300,300,300,300,300,139,300,300,67,71,79,43,47,55,0,14.5543,0.0485145,0.000148997
dual_l0_c0,0,547,7,0.407594,0.152265,-0.414407,1.07077,1126.6,1.07535,3.75174,0.33923,0.225745,0.0304247,0.0125706,0.0195198,0.45835,0.122391,0.476576,0.537732,1,1,2,169,1,0.568396,0.453714,0.450913,0.527999,1,1105.53,0.00280244,0.172981,0.781956,0.471036,0.05,300,300,300,300,300,300,65,169,217,60,64,72,42,46,54,0,7.4776,0.0249253,-0
dual_l0_c0,0,548,1,0.374846,0.178827,0.260196,0.984123,1168.28,0.18536,3.89366,0.150486,0.0259343,0.0183276,0.0133567,0.0536195,0.224115,0.141927,0.498084,0.140418,0,4.27337e-08,0,101,1,0.0552067,0.299678,0.343378,0.00238628,1,1155.12,0.00280244,0.172981,0.781956,0.471036,0.05,300,300,300,300,300,300,97,101,300,59,71,95,37,49,57,0,42.388,0.141293,0.30887
dual_l0_c0,0,549,5,0.194071,0.194465,0.0647888,0.980159,1690.32,0.055933,5.63422,0.0904918,0.0189619,0.0221503,0.0104899,0.0105935,0.266056,0.0976698,0.309339,0.154839,1,1,0,73,1,0.282515,0.191735,0.319882,0.118624,1,1679.72,0.00280244,0.172981,0.781956,0.471036,0.05,300,300,300,300,300,300,52,73,81,47,51,59,39,43,51,0,15.1774,0.0505912,-0
dual_l0_c0,0,550,6,0.422369,0.0479483,0.279703,0.90135,1244.2,0.0608433,4.14715,0.0613858,0.0151473,0.0195744,0.0136298,0.0157411,0.433912,0.205846,0.541406,0.119865,1,1,15,168,1,0.100563,0.361101,0.481315,0.161511,1,1231.9,0.00280244,0.172981,0.781956,0.471036,0.05,300,300,300,300,300,300,83,168,300,78,82,90,55,59,67,0,6.05089,0.0201696,-0
dual_l0_c0,0,551,1,0.217025,0.0604166,0.120186,0.988938,1526.49,0.466304,5.08675,0.213078,0.0604789,0.0435685,0.0173009,0.0404176,0.200852,0.190016,0.319615,0.134125,0,1.56302e-25,14,300,0,0.213078,0.200852,0.319615,0.134125,0,1526.02,0.00280244,0.172981,0.781956,0.471036,0.05,300,300,300,300,300,300,58,300,300,55,59,67,32,49,57,0,18.4444,0.0614813,2.49917e-21
dual_l0_c0,0,552,6,0.437239,0.0337717,0.25382,1.05633,1135.92,0.0499687,3.78624,0.0876791,0.0222973,0.0426485,0.0177971,0.0442267,0.389191,0.146241,0.384428,0.0693734,1,1,9,128,1,0.179502,0.204398,0.350328,0.190841,1,1125.26,0.00280244,0.172981,0.781956,0.471036,0.05,300,300,300,300,300,300,124,128,300,71,75,106,41,60,80,0,12.6735,0.0422451,-0
dual_l0_c0,0,553,7,0.424367,0.0213927,0.13377,1.00578,952.181,0.0260168,3.17385,0.0105348,0.0105348,0.0229416,0.0109397,0.0262448,0.240345,0.18946,0.5761,0.228253,1,1,5,177,1,0.501964,0.384973,0.574336,0.172941,1,933.156,0.00280244,0.172981,0.781956,0.471036,0.05,300,300,300,300,300,300,173,177,300,44,48,179,29,33,41,0,6.75649,0.0225216,-0
dual_l0_c0,0,554,4,0.410676,0.0842211,0.0774307,1.04081,2372.25,0.309849,7.90646,0.169069,0.00821492,0.026387,0.00984159,0.0390214,0.126481,0.109779,0.681491,0.226193,1,1,47,206,1,0.089247,0.362629,0.600459,0.0699949,1,2368.75,0.00280244,0.172981,0.781956,0.471036,0.05,300,300,300,300,300,300,90,206,300,57,69,77,50,54,62,0,17.4924,0.0583081,-0
dual_l0_c0,0,555,7,0.286576,0.0468149,0.213709,1.02671,1724.92,0.494035,5.74809,0.228034,0.0214925,0.0177955,0.0207925,0.0244602,0.299653,0.129912,0.447664,0.149741,1,1,16,300,0,0.228034,0.299653,0.447664,0.149741,1,1724.43,0.00280244,0.172981,0.781956,0.471036,0.05,300,300,300,300,300,300,105,300,300,67,71,79,44,48,56,0,14.6936,0.0489787,-0
dual_l0_c0,0,556,1,0.369078,0.0350605,0.110628,0.918215,2340.44,0.7341,7.79903,0.284916,0.179101,0.0166667,0.0122753,0.0298308,0.395264,0.180009,0.392745,0.155402,0,1.74197e-25,22,253,1,0.345876,0.293239,0.407886,0.226852,0,2331.44,0.00280244,0.172981,0.781956,0.471036,0.05,300,300,300,300,300,300,249,253,270,53,57,118,41,51,59,0,16.7557,0.0558523,4.76646e-07
dual_l0_c0,0,557,1,0.378094,0.00442121,0.329353,0.933644,2165.41,0.286294,7.21706,0.174648,0.00641614,0.0193448,0.0218266,0.00733009,0.459453,0.189954,0.136774,0.270897,1,1,2,186,1,0.0739271,0.246237,0.361455,0.202586,1,2153.51,0.00280244,0.172981,0.781956,0.471036,0.05,300,300,300,300,300,300,84,186,300,60,69,77,42,54,62,0,8.89447,0.0296482,6.94263e-25
dual_l0_c0,0,558,3,0.410521,0.138694,-0.182417,1.06944,1091.35,0.359625,3.63664,0.197046,0.10751,0.0469282,0.0207467,0.0452405,0.202648,0.0744758,0.361252,0.332081,1,1,5,134,1,0.39046,0.0797287,0.355217,0.516066,1,1075.89,0.00280244,0.172981,0.781956,0.471036,0.05,300,300,300,300,300,300,70,134,142,47,51,59,32,36,44,0,6.49032,0.0216344,-0
dual_l0_c0,0,559,1,0.314533,0.0389441,-0.430149,0.941288,1941.55,5.48693,6.45355,0.75069,0.339207,0.0350462,0.0177339,0.0165028,0.65042,0.125397,0.262485,0.485469,1,1,0,73,1,0.410915,0.384402,0.244065,0.444505,1,1835.08,0.00280244,0.172981,0.781956,0.471036,0.05,300,300,300,300,300,300,69,73,300,47,51,59,46,50,58,0,2.34401,0.00781338,1.0149e-14
dual_l0_c0,0,560,0,0.259637,0.138081,-0.424386,0.968619,2081.52,3.70683,6.92605,0.602329,0.348733,0.0236856,0.0137109,0.0424707,0.450497,0.154363,0.362113,0.555803,1,1,2,189,1,0.608804,0.423431,0.415841,0.596806,1,2038.27,0.00280244,0.172981,0.781956,0.471036,0.05,300,300,300,300,300,300,70,189,300,49,53,61,45,49,57,0,11.024,0.0367465,-0
dual_l0_c0,0,561,5,0.350119,0.0888826,-0.27119,0.975719,1741.25,0.8807,5.80124,0.309613,0.215652,0.025778,0.00716096,0.043928,0.328968,0.105714,0.502822,0.393956,1,1,8,66,1,0.518158,0.431304,0.371686,0.466607,1,1695.77,0.00280244,0.172981,0.781956,0.471036,0.05,300,300,300,300,300,300,62,66,74,56,60,68,38,42,50,0,13.8683,0.0462276,4.45085e-26
dual_l0_c0,0,562,3,0.312738,0.198659,-0.0755731,0.937555,1905.47,0.46062,6.35002,0.202438,0.0910905,0.0236695,0.00818154,0.0169094,0.282373,0.199791,0.304041,0.31325,1,1,18,73,1,0.199056,0.205611,0.139737,0.3685,1,1894.12,0.00280244,0.172981,0.781956,0.471036,0.05,300,300,300,300,300,300,69,73,299,50,54,62,32,36,56,0,8.04394,0.0268131,6.41225e-30
dual_l0_c0,0,563,6,0.499061,0.110476,-0.28834,0.90892,1251.64,2.52411,4.16371,0.499149,0.269036,0.00249579,0.00811776,0.00815879,0.493565,0.229065,0.564424,0.422096,1,1,5,119,1,0.486491,0.343339,0.424296,0.477084,1,1196.27,0.00280244,0.172981,0.781956,0.471036,0.05,300,300,300,300,300,300,115,119,300,47,51,79,39,43,51,0,10.2854,0.0342846,-0
dual_l0_c0,0,564,1,0.325202,0.0988712,0.172639,0.96695,1015.12,0.252546,3.3829,0.188017,0.0267684,0.028372,0.00963768,0.0173855,0.231117,0.0259914,0.336378,0.0659606,0,7.39075e-30,2,83,1,0.249866,0.327171,0.553646,0.309637,1,998.889,0.00280244,0.172981,0.781956,0.471036,0.05,300,300,300,300,300,300,79,83,300,47,51,83,39,43,51,0,41.9702,0.139901,9.03021e-06
dual_l0_c0,0,565,3,0.483641,0.09639,-0.0790354,1.07355,1967.24,0.433752,6.55603,0.203644,0.172615,0.037489,0.0131701,0.0270199,0.445618,0.335395,0.443157,0.361841,1,1,5,235,1,0.300279,0.0970495,0.57364,0.231395,1,1957.02,0.00280244,0.172981,0.781956,0.471036,0.05,300,300,300,300,300,300,121,235,300,59,84,115,45,55,63,0,20.2192,0.0673973,-0
dual_l0_c0,0,566,6,0.364406,0.134291,-0.34477,1.03565,2174.02,3.59285,7.23477,0.581639,0.230359,0.0388423,0.0129977,0.0386431,0.589523,0.251128,0.443223,0.447397,1,1,20,82,1,0.463746,0.451099,0.315596,0.470762,1,2125.34,0.00280244,0.172981,0.781956,0.471036,0.05,300,300,300,300,300,300,64,82,300,51,61,69,43,47,55,0,12.7431,0.042477,-0
dual_l0_c0,0,567,5,0.395735,0.072148,0.425581,1.01075,1207.17,0.13134,4.02348,0.128187,0.0225726,0.0290142,0.00576912,0.0256412,0.496596,0.151064,0.521839,0.315966,1,1,0,155,1,0.116144,0.337096,0.350567,0.345715,1,1191.16,0.00280244,0.172981,0.781956,0.471036,0.05,300,300,300,300,300,300,134,155,300,49,53,74,45,49,57,0,18.5282,0.0617606,2.59123e-40
dual_l0_c0,0,568,2,0.328201,0.160522,0.443951,1.08199,1129.73,0.64163,3.76363,0.260718,0.0264651,0.0465084,0.0188775,0.0143278,0.596927,0.0973241,0.390255,0.372245,0,1.90733e-11,0,141,1,0.0984006,0.179367,0.206158,0.542515,1,1109.8,0.00280244,0.172981,0.781956,0.471036,0.05,300,300,300,300,300,300,91,141,300,55,59,95,41,45,53,0,28.2164,0.0940547,4.70782e-10
dual_l0_c0,0,569,1,0.333412,0.161142,-0.0559472,1.02698,1636.01,0.764981,5.45081,0.280405,0.069019,0.0348268,0.0163018,0.0154066,0.123238,0.137131,0.324619,0.13738,0,7.52286e-27,0,181,1,0.209505,0.342834,0.155675,0.075181,0,1627.34,0.00280244,0.172981,0.781956,0.471036,0.05,300,300,300,300,300,300,78,181,300,54,58,66,36,40,59,0,6.98747,0.0232916,0.000134255
dual_l0_c0,0,570,5,0.318504,0.188776,0.204994,0.957661,1278,0.105527,4.25965,0.136055,0.0159815,0.0147364,0.00214417,0.0356304,0.139965,0.199666,0.172229,0.136088,1,1,22,128,1,0.202441,0.383319,0.302674,0.0596696,1,1268.38,0.00280244,0.172981,0.781956,0.471036,0.05,300,300,300,300,300,300,98,128,152,67,78,98,45,49,57,0,8.13835,0.0271278,1.52532e-24
dual_l0_c0,0,571,2,0.384757,0.135001,-0.402162,0.937353,1813.5,2.93237,6.03521,0.537879,0.284139,0.0288308,0.0143068,0.0380267,0.602491,0.0859446,0.488416,0.674496,1,1,2,76,1,0.703193,0.700801,0.654623,0.463512,1,1749.17,0.00280244,0.172981,0.781956,0.471036,0.05,300,300,300,300,300,300,66,76,300,49,53,61,43,47,55,0,12.5238,0.041746,6.20123e-33
dual_l0_c0,0,572,4,0.422544,0.024223,-0.139129,0.949296,2057.69,1.5365,6.85386,0.38926,0.248297,0.0277855,0.00854213,0.0359421,0.333644,0.180901,0.424842,0.420221,1,1,44,59,1,0.31884,0.298106,0.298409,0.268483,1,2007.12,0.00280244,0.172981,0.781956,0.471036,0.05,300,300,300,300,300,300,55,59,67,49,59,67,44,48,56,0,8.97308,0.0299103,-0
dual_l0_c0,0,573,7,0.435056,0.0242135,-0.215283,1.06043,1781.92,3.09436,5.92942,0.562949,0.181873,0.0138385,0.0120961,0.0421871,0.276531,0.164362,0.542441,0.558681,1,1,12,300,0,0.562949,0.276531,0.542441,0.558681,1,1778.82,0.00280244,0.172981,0.781956,0.471036,0.05,300,300,300,300,300,300,151,300,300,70,74,108,44,65,73,0,13.5295,0.0450982,-0
dual_l0_c0,0,574,5,0.159894,0.166691,0.405741,1.04438,1704.84,0.0425591,5.68267,0.0709271,0.0242297,0.00811653,0.0151138,0.0350817,0.653396,0.0546835,0.117356,0.19972,1,1,0,300,0,0.0709271,0.653396,0.117356,0.19972,1,1704.8,0.00280244,0.172981,0.781956,0.471036,0.05,300,300,300,300,300,300,119,300,300,51,55,63,49,53,61,0,8.69691,0.0289897,1.70574e-22
dual_l0_c0,0,575,4,0.519521,0.0529543,-0.297337,1.05611,1385.74,5.4287,4.60104,0.721127,0.25378,0.0203556,0.00704458,0.0263361,0.502327,0.487234,0.414406,0.179044,1,1,26,120,1,0.415032,0.482901,0.413602,0.404602,1,1314.71,0.00280244,0.172981,0.781956,0.471036,0.05,300,300,300,300,300,300,78,120,300,51,79,87,41,45,53,0,9.00877,0.0300292,-0
dual_l0_c0,0,576,7,0.544907,0.143163,-0.00714266,1.09842,1785.93,1.12283,5.94935,0.324729,0.0669862,0.0307385,0.0169201,0.0356782,0.286263,0.234836,0.51146,0.229371,1,1,7,98,1,0.279883,0.222106,0.541414,0.173523,1,1768.25,0.00280244,0.172981,0.781956,0.471036,0.05,300,300,300,300,300,300,56,98,300,50,54,62,45,49,57,0,11.4393,0.0381309,-0
dual_l0_c0,0,577,1,0.489248,0.0905505,-0.00639546,0.974612,1799.71,0.614851,5.99697,0.222616,0.043368,0.0271108,0.00479324,0.0429453,0.199736,0.270523,0.641125,0.141715,0,9.13777e-09,17,243,1,0.165186,0.200892,0.614096,0.273295,0,1794.59,0.00280244,0.172981,0.781956,0.471036,0.05,300,300,300,300,300,300,90,243,251,42,53,95,29,38,61,0,36.3362,0.121121,0.0653061
dual_l0_c0,0,578,1,0.592375,0.149617,0.48531,0.93111,2091.63,0.173254,6.97152,0.153751,0.0263284,0.023418,0.00914838,0.0347335,0.509421,0.11083,0.695245,0.25255,0,1.68156e-44,25,300,0,0.153751,0.509421,0.695245,0.25255,0,2091.46,0.00280244,0.172981,0.781956,0.471036,0.05,300,300,300,300,300,300,110,300,300,58,62,70,47,51,59,0,24.5412,0.081804,1.28034e-05
dual_l0_c0,0,579,0,0.429335,0.105952,-0.458105,0.996483,1353.34,3.1092,4.50078,0.550298,0.286366,0.0398527,0.0101581,0.00166853,0.442734,0.156878,0.496901,0.59915,1,1,17,79,1,0.623555,0.410776,0.53562,0.683874,1,1289.25,0.00280244,0.172981,0.781956,0.471036,0.05,300,300,300,300,300,300,53,79,111,50,54,72,34,38,46,0,5.13559,0.0171186,1.25299e-37
dual_l0_c0,0,580,2,0.419978,0.0975649,0.272416,0.924887,2460.86,0.243138,8.20205,0.183315,0.0197075,0.0293579,0.0075891,0.0434707,0.501854,0.080428,0.514971,0.185361,1,1,18,171,1,0.0569066,0.12936,0.596007,0.0669275,1,2454.82,0.00280244,0.172981,0.781956,0.471036,0.05,300,300,300,300,300,300,100,171,300,57,61,69,52,56,64,0,14.7532,0.0491773,1.70048e-17
dual_l0_c0,0,581,3,0.333415,0.00316126,0.0337983,0.974163,983.824,2.55697,3.27089,0.492379,0.385083,0.0240694,0.0082744,0.00564925,0.11032,0.209943,0.382492,0.194519,1,1,15,300,0,0.492379,0.11032,0.382492,0.194519,1,981.267,0.00280244,0.172981,0.781956,0.471036,0.05,300,300,300,300,300,300,300,300,300,70,74,268,37,41,49,0,7.55058,0.0251686,-0
dual_l0_c0,0,582,4,0.348768,0.101697,-0.388309,0.92909,1598.58,1.33995,5.32412,0.352621,0.111563,0.036415,0.0117262,0.041781,0.474353,0.335303,0.521942,0.577621,1,1,14,169,1,0.597857,0.574737,0.313895,0.526264,1,1556.6,0.00280244,0.172981,0.781956,0.471036,0.05,300,300,300,300,300,300,74,169,300,43,47,55,37,41,49,0,11.5796,0.0385988,-0
dual_l0_c0,0,583,2,0.312457,0.132993,-0.290467,1.09382,1970.57,0.697335,6.56626,0.263584,0.187563,0.0445379,0.0132101,0.0252065,0.33129,0.0997842,0.176692,0.456855,1,1,0,107,1,0.403429,0.554567,0.477011,0.362042,1,1942.42,0.00280244,0.172981,0.781956,0.471036,0.05,300,300,300,300,300,300,82,107,300,70,74,82,48,52,60,0,13.0762,0.0435873,-0
dual_l0_c0,0,584,0,0.265366,0.192702,-0.180619,0.919902,1848.11,1.09076,6.15675,0.325582,0.115412,0.018147,0.0170803,0.0268875,0.310862,0.218172,0.320072,0.400232,1,1,0,67,1,0.292047,0.0929715,0.402995,0.430303,1,1815.73,0.00280244,0.172981,0.781956,0.471036,0.05,300,300,300,300,300,300,63,67,75,46,50,58,43,47,55,0,5.46473,0.0182158,-0
dual_l0_c0,0,585,2,0.0982737,0.176931,0.168968,1.05564,958.007,0.0630914,3.19315,0.0825543,0.00865214,0.0158142,0.0111527,0.0127089,0.247181,0.0194991,0.143879,0.122393,0,4.41617e-25,15,185,1,0.118944,0.272211,0.296948,0.0821885,0,952.933,0.00280244,0.172981,0.781956,0.471036,0.05,300,300,300,300,300,300,165,185,292,47,51,59,36,40,48,0,15.7195,0.0523982,2.4766e-23
dual_l0_c0,0,586,3,0.643643,0.0616856,0.423902,1.04285,1077.59,0.376168,3.59072,0.202087,0.0298323,0.0162065,0.013917,0.0449843,0.405603,0.173611,0.554506,0.250682,1,1,1,300,0,0.202087,0.405603,0.554506,0.250682,1,1077.22,0.00280244,0.172981,0.781956,0.471036,0.05,300,300,300,300,300,300,293,300,300,41,45,53,36,40,48,0,8.87272,0.0295757,7.07741e-20
dual_l0_c0,0,587,6,0.222874,0.101715,-0.0357014,0.968995,1758.08,0.253543,5.85941,0.137116,0.0253138,0.0278713,0.00944682,0.0291014,0.108627,0.245634,0.173488,0.146638,1,1,15,61,1,0.207055,0.180538,0.182438,0.336426,1,1742.47,0.00280244,0.172981,0.781956,0.471036,0.05,300,300,300,300,300,300,57,61,69,52,56,64,41,45,53,0,11.851,0.0395034,-0
dual_l0_c0,0,588,5,0.381977,0.157651,0.41638,1.04897,1107.52,0.10282,3.69141,0.133912,0.0329642,0.0310716,0.013631,0.0304015,0.906945,0.154039,0.514504,0.38036,1,1,18,300,0,0.133912,0.906945,0.514504,0.38036,1,1107.42,0.00280244,0.172981,0.781956,0.471036,0.05,300,300,300,300,300,300,200,300,300,68,72,80,42,56,73,0,4.99154,0.0166385,6.30292e-39
dual_l0_c0,0,589,6,0.437738,0.0434603,-0.315759,1.07074,1638.14,4.36047,5.44593,0.658604,0.244625,0.0428299,0.00903009,0.0269578,0.680134,0.24258,0.390995,0.577598,1,1,25,109,1,0.377213,0.303968,0.302341,0.47709,1,1574.7,0.00280244,0.172981,0.781956,0.471036,0.05,300,300,300,300,300,300,68,109,300,60,64,72,53,57,65,0,16.834,0.0561132,-0
dual_l0_c0,0,590,1,0.408937,0.158849,0.384256,1.09526,1692.98,0.388323,5.64196,0.19562,0.0183225,0.0162119,0.00894559,0.0141228,0.188301,0.108365,0.319406,0.19446,0,9.10078e-27,17,300,0,0.19562,0.188301,0.319406,0.19446,0,1692.59,0.00280244,0.172981,0.781956,0.471036,0.05,300,300,300,300,300,300,76,300,300,64,78,86,37,52,71,0,28.5462,0.0951539,3.44977e-12
dual_l0_c0,0,591,3,0.465211,0.13267,0.110386,0.985223,1250.72,0.08699,4.16877,0.119413,0.0146673,0.0407034,0.0121326,0.0655075,0.238206,0.105216,0.528887,0.0171231,1,1,13,83,1,0.142047,0.160181,0.606246,0.0729746,1,1243.33,0.00280244,0.172981,0.781956,0.471036,0.05,300,300,300,300,300,300,79,83,300,52,56,64,40,44,63,0,1.88006,0.00626686,-0
dual_l0_c0,0,592,6,0.646811,0.15239,-0.406551,0.989567,1546.62,4.85122,5.13921,0.7045,0.253899,0.0348433,0.0161452,0.0316389,0.486431,0.162274,0.574753,0.675895,1,1,7,96,1,0.519729,0.323205,0.534309,0.560866,1,1494.49,0.00280244,0.172981,0.781956,0.471036,0.05,300,300,300,300,300,300,72,96,104,50,54,75,36,52,60,0,9.4453,0.0314843,-0
dual_l0_c0,0,593,0,0.581155,0.176812,0.0407912,1.07692,1158.8,0.0773964,3.86241,0.0838057,0.0256367,0.00687166,0.0120807,0.0429496,0.228565,0.0461411,0.625808,0.135539,1,1,13,69,1,0.281274,0.271318,0.737867,0.257757,1,1148.38,0.00280244,0.172981,0.781956,0.471036,0.05,300,300,300,300,300,300,57,69,113,51,55,63,46,50,58,0,12.1085,0.0403618,-0
dual_l0_c0,0,594,5,0.454296,0.195294,-0.0715504,0.985017,1473.87,1.17676,4.90896,0.342402,0.0347625,0.0255508,0.00812423,0.0546327,0.353219,0.143543,0.740384,0.184994,1,1,0,92,1,0.18968,0.300638,0.572716,0.403903,1,1455.05,0.00280244,0.172981,0.781956,0.471036,0.05,300,300,300,300,300,300,69,92,189,49,53,61,44,48,56,0,19.1969,0.0639896,3.63618e-17
dual_l0_c0,0,595,4,0.36738,0.00480042,-0.413533,0.966898,2097.93,6.49361,6.97146,0.784094,0.378171,0.0100898,0.0188168,0.0353832,0.461297,0.500449,0.265158,0.275979,1,1,35,79,1,0.825076,0.699984,0.466803,0.580048,1,1921.83,0.00280244,0.172981,0.781956,0.471036,0.05,300,300,300,300,300,300,69,79,110,53,57,81,44,48,56,0,24.9385,0.0831285,-0
dual_l0_c0,0,596,1,0.38462,0.0356206,0.0912712,1.09067,1421.62,0.366715,4.73752,0.190009,0.0486765,0.0322782,0.0118187,0.0243306,0.367818,0.290622,0.322909,0.0932687,1,1,0,129,1,0.167946,0.413054,0.428699,0.0874539,1,1409.47,0.00280244,0.172981,0.781956,0.471036,0.05,300,300,300,300,300,300,105,129,217,55,59,98,41,57,65,0,0.603158,0.00201053,2.55783e-16
dual_l0_c0,0,597,5,0.306515,0.0108906,0.495097,1.03744,1607.84,0.333051,5.35836,0.147156,0.00818104,0.0233329,0.0180595,0.038159,0.357481,0.14927,0.339905,0.31075,1,1,1,300,0,0.147156,0.357481,0.339905,0.31075,1,1607.51,0.00280244,0.172981,0.781956,0.471036,0.05,300,300,300,300,300,300,103,300,300,63,67,75,45,49,73,0,13.7581,0.0458602,-0
dual_l0_c0,0,598,0,0.258896,0.00694849,-0.498993,1.07009,2402.9,5.37872,7.99175,0.738118,0.481685,0.0169071,0.00813027,0.0306195,0.473866,0.412686,0.464763,0.404321,1,1,0,245,1,0.606227,0.491076,0.387169,0.744822,1,2370.16,0.00280244,0.172981,0.781956,0.471036,0.05,300,300,300,300,300,300,97,245,300,58,62,70,43,47,55,0,6.60314,0.0220105,-0
dual_l0_c0,0,599,4,0.454339,0.105327,-0.365408,1.07964,2227.31,2.75607,7.41518,0.525437,0.0959095,0.0193885,0.0212797,0.0282864,0.323853,0.0954918,0.49052,0.582409,1,1,22,102,1,0.530414,0.31308,0.281111,0.326907,1,2184.49,0.00280244,0.172981,0.781956,0.471036,0.05,300,300,300,300,300,300,77,102,259,50,54,62,48,52,60,0,24.8286,0.0827621,-0
dual_l0_c0,0,600,6,0.228197,0.014291,0.252511,0.978167,1979.5,0.0475399,6.59817,0.0826981,0.0247235,0.0285357,0.0132302,0.0203861,0.348646,0.0712127,0.347782,0.344424,1,1,12,300,0,0.0826981,0.348646,0.347782,0.344424,1,1979.45,0.00280244,0.172981,0.781956,0.471036,0.05,300,300,300,300,300,300,272,300,300,57,114,122,42,46,54,0,12.9277,0.0430924,-0
dual_l0_c0,0,601,7,0.533871,0.170279,0.478835,1.07902,1171.48,0.330749,3.90382,0.203497,0.0184863,0.0102692,0.0124513,0.0155556,0.427221,0.153711,0.515461,0.234302,1,1,0,300,0,0.203497,0.427221,0.515461,0.234302,1,1171.15,0.00280244,0.172981,0.781956,0.471036,0.05,300,300,300,300,300,300,281,300,300,52,108,116,45,49,57,0,8.15257,0.0271752,-0
dual_l0_c0,0,602,2,0.268502,0.185172,0.201855,0.920834,1597.01,0.00661498,5.32333,0.0239701,0.0239701,0.0167376,0.00738924,0.0532664,0.386776,0.133056,0.34867,0.140087,1,0.99736,18,253,1,0.141677,0.31418,0.186932,0.158108,1,1595.11,0.00280244,0.172981,0.781956,0.471036,0.05,300,300,300,300,300,300,174,253,300,49,80,177,40,44,52,0,71.6155,0.238718,0.0183097
dual_l0_c0,0,603,4,0.487031,0.137528,0.312953,1.02519,2425.57,0.220188,8.08451,0.136886,0.0188911,0.00679264,0.011373,0.0165518,0.319319,0.0839713,0.475167,0.169751,1,1,37,228,1,0.141111,0.344666,0.554704,0.28612,1,2420.52,0.00280244,0.172981,0.781956,0.471036,0.05,300,300,300,300,300,300,89,228,300,72,76,84,49,53,61,0,10.0769,0.0335897,-0
dual_l0_c0,0,604,6,0.294278,0.195226,-0.0246736,1.07038,1708.26,0.0453821,5.69406,0.0762201,0.0486049,0.0477297,0.00802603,0.0295333,0.211281,0.100229,0.235805,0.162974,1,1,18,76,1,0.228614,0.334164,0.255631,0.198728,1,1696.15,0.00280244,0.172981,0.781956,0.471036,0.05,300,300,300,300,300,300,72,76,104,53,72,80,51,55,63,0,15.836,0.0527866,-0
dual_l0_c0,0,605,6,0.409752,0.174352,0.0521256,1.03061,1510.01,0.566892,5.03148,0.228134,0.0478967,0.0142155,0.0110582,0.0417999,0.171341,0.197464,0.510058,0.194553,1,1,11,77,1,0.103031,0.211521,0.519231,0.143935,1,1499.8,0.00280244,0.172981,0.781956,0.471036,0.05,300,300,300,300,300,300,73,77,96,46,77,85,41,45,53,0,8.09621,0.0269874,-0
dual_l0_c0,0,606,3,0.153075,0.146172,-0.499011,1.00155,1932.89,2.73686,6.43384,0.542854,0.323219,0.0247922,0.015301,0.0706067,0.601575,0.199387,0.267497,0.632635,0,2.98151e-37,14,116,1,0.517291,0.684029,0.0838194,0.674955,0,1872.2,0.00280244,0.172981,0.781956,0.471036,0.05,300,300,300,300,300,300,70,116,168,58,62,70,49,53,61,0,9.94434,0.0331478,2.50755e-35
dual_l0_c0,0,607,2,0.440661,0.0255853,-0.0722042,0.937929,1331.88,0.562162,4.43772,0.240077,0.240077,0.0207368,0.0200702,0.0555145,0.207978,0.23889,0.52785,0.217884,0,3.50813e-10,1,227,1,0.36177,0.173151,0.350265,0.214163,0,1318.56,0.00280244,0.172981,0.781956,0.471036,0.05,300,300,300,300,300,300,170,227,300,42,53,61,33,42,50,0,30.9771,0.103257,7.63747e-09
dual_l0_c0,0,608,2,0.56081,0.174981,0.194964,1.03889,2040.86,0.103456,6.80251,0.116136,0.0257739,0.0114171,0.0128327,0.0155404,0.417126,0.173139,0.568991,0.0572606,1,1,17,110,1,0.267265,0.25015,0.403444,0.0654584,1,2029.73,0.00280244,0.172981,0.781956,0.471036,0.05,300,300,300,300,300,300,62,110,300,51,60,68,51,55,63,0,17.576,0.0585866,2.47889e-11
dual_l0_c0,0,609,4,0.585245,0.161374,-0.245242,1.07628,1977.43,1.14666,6.58761,0.330366,0.130261,0.0236118,0.0157363,0.0476491,0.445003,0.187117,0.547979,0.347004,1,1,48,85,1,0.491253,0.488393,0.53874,0.327231,1,1949.39,0.00280244,0.172981,0.781956,0.471036,0.05,300,300,300,300,300,300,74,85,93,55,59,67,46,50,58,0,10.4132,0.0347107,-0
dual_l0_c0,0,610,3,0.37607,0.0905037,-0.366805,0.959527,1293.66,2.83933,4.30274,0.543201,0.24349,0.0210228,0.0121022,0.0376967,0.209362,0.314013,0.339037,0.697391,1,1,0,109,1,0.546254,0.332514,0.208579,0.528882,1,1235.05,0.00280244,0.172981,0.781956,0.471036,0.05,300,300,300,300,300,300,91,109,141,47,51,59,36,49,57,0,11.5998,0.0386661,3.05369e-26
dual_l0_c0,0,611,1,0.370225,0.192199,-0.456259,1.09395,1836.6,0.996198,6.11868,0.316307,0.316307,0.0286176,0.0132531,0.0423883,0.293365,0.179715,0.50129,0.611911,0,5.73007e-10,0,92,1,0.556241,0.380611,0.561069,0.509447,1,1783.64,0.00280244,0.172981,0.781956,0.471036,0.05,300,300,300,300,300,300,82,92,300,56,60,68,42,46,54,0,25.2974,0.0843247,1.21937e-08
dual_l0_c0,0,612,0,0.414197,0.0413591,0.193499,1.07427,1021.27,0.0160517,3.40416,0.0507867,0.0105398,0.0283426,0.0172107,0.0550382,0.242858,0.181276,0.514816,0.0652898,1,1,1,94,1,0.238061,0.153456,0.468047,0.096333,1,1009.25,0.00280244,0.172981,0.781956,0.471036,0.05,300,300,300,300,300,300,69,94,300,63,67,75,44,48,56,0,3.38216,0.0112739,-0
dual_l0_c0,0,613,0,0.284876,0.169111,0.288743,1.07329,1511.66,0.0400386,5.03874,0.0592245,0.0395455,0.00777217,0.010337,0.0305529,0.46046,0.195055,0.313827,0.119547,1,1,21,300,0,0.0592245,0.46046,0.313827,0.119547,1,1511.62,0.00280244,0.172981,0.781956,0.471036,0.05,300,300,300,300,300,300,233,300,300,54,58,77,36,49,57,0,16.0741,0.0535802,3.03578e-33
dual_l0_c0,0,614,4,0.391954,0.198224,0.422437,0.972186,1396.68,0.0782546,4.65534,0.109287,0.033356,0.0269703,0.0127887,0.0468723,0.445893,0.11618,0.461582,0.319437,1,1,27,98,1,0.0897571,0.321194,0.442903,0.251738,1,1374.71,0.00280244,0.172981,0.781956,0.471036,0.05,300,300,300,300,300,300,75,98,300,55,59,67,35,39,59,0,16.653,0.0555099,-0
dual_l0_c0,0,615,2,0.30756,0.153783,0.412459,1.06569,1084.63,0.514389,3.61372,0.205458,0.0176692,0.0155923,0.00754416,0.0341233,0.485072,0.111969,0.309135,0.114564,0,0.000135236,21,300,0,0.205458,0.485072,0.309135,0.114564,0,1084.12,0.00280244,0.172981,0.781956,0.471036,0.05,300,300,300,300,300,300,114,300,300,44,66,74,41,45,53,0,9.59198,0.0319733,0.00136595
dual_l0_c0,0,616,1,0.514192,0.0191162,0.317078,1.02101,1738.6,0.0416761,5.7952,0.0375677,0.0239761,0.0170034,0.00723182,0.0205584,0.244063,0.290532,0.607588,0.019971,0,4.37401e-17,20,105,1,0.103554,0.288857,0.560979,0.161528,1,1718.84,0.00280244,0.172981,0.781956,0.471036,0.05,300,300,300,300,300,300,92,105,113,54,58,81,49,53,61,0,28.0307,0.0934357,1.39398e-08
dual_l0_c0,0,617,5,0.403696,0.0460918,0.381104,0.930215,2189.28,0.283288,7.29667,0.168723,0.032529,0.0115098,0.0143358,0.0148667,0.305144,0.146118,0.4303,0.281135,1,1,0,173,1,0.169476,0.388929,0.325073,0.246595,1,2173.49,0.00280244,0.172981,0.781956,0.471036,0.05,300,300,300,300,300,300,169,173,300,66,89,97,50,54,62,0,10.1541,0.0338469,3.13349e-40
dual_l0_c0,0,618,2,0.219442,0.130435,-0.398807,0.911902,2068.53,2.17157,6.88785,0.466511,0.252606,0.0432523,0.00776561,0.0448572,0.401158,0.430867,0.405445,0.481727,0,2.37918e-10,34,63,1,0.725654,0.55574,0.298968,0.581651,0,1981.01,0.00280244,0.172981,0.781956,0.471036,0.05,300,300,300,300,300,300,59,63,115,55,59,67,51,55,63,0,14.0307,0.046769,5.27205e-09
dual_l0_c0,0,619,4,0.418614,0.0718075,-0.280436,0.998535,1664.9,2.70975,5.54063,0.511657,0.309475,0.0368465,0.00888943,0.0191968,0.397911,0.0981264,0.292792,0.570351,1,1,19,166,1,0.396504,0.175737,0.279762,0.581624,1,1634.63,0.00280244,0.172981,0.781956,0.471036,0.05,300,300,300,300,300,300,162,166,203,53,57,105,35,39,47,0,12.1857,0.0406188,-0
dual_l0_c0,0,620,4,0.177286,0.00935001,-0.436536,0.909641,1883.96,7.74184,6.25405,0.889331,0.886193,0.0281509,0.0157451,0.0480985,0.420976,0.262347,0.307448,0.45272,1,1,25,109,1,0.973106,0.854691,0.204999,0.680605,1,1659.38,0.00280244,0.172981,0.781956,0.471036,0.05,300,300,300,300,300,300,70,109,158,48,64,72,45,49,57,0,11.2561,0.0375204,-0
dual_l0_c0,0,621,3,0.438649,0.0748778,0.0505346,0.978742,1288.92,0.855451,4.29355,0.31928,0.0118819,0.0158695,0.0113399,0.0269577,0.290731,0.180676,0.534555,0.27059,0,1.06919e-42,0,239,1,0.222239,0.172446,0.608612,0.0620058,0,1282.2,0.00280244,0.172981,0.781956,0.471036,0.05,300,300,300,300,300,300,129,239,300,54,58,66,46,50,58,0,16.4491,0.0548302,1.03328e-40
dual_l0_c0,0,622,4,0.515341,0.024046,0.299068,0.9912,1642.27,0.0164279,5.47419,0.0584014,0.01287,0.0222541,0.00477498,0.0461833,0.568373,0.0298717,0.522903,0.0896673,1,1,19,286,1,0.138271,0.423472,0.521685,0.0878416,1,1640.54,0.00280244,0.172981,0.781956,0.471036,0.05,300,300,300,300,300,300,148,286,300,88,108,116,42,53,61,0,13.2045,0.0440151,-0
dual_l0_c0,0,623,3,0.339239,0.150286,0.149925,0.989152,1959.66,0.177456,6.5316,0.136754,0.0206803,0.0381685,0.0063718,0.0374154,0.394674,0.090398,0.425435,0.22751,1,1,1,104,1,0.174933,0.177173,0.449825,0.00505884,1,1949.41,0.00280244,0.172981,0.781956,0.471036,0.05,300,300,300,300,300,300,77,104,180,63,75,83,39,60,68,0,10.0453,0.0334843,-0
dual_l0_c0,0,624,0,0.446114,0.0648959,-0.136039,0.921746,1721.13,2.82102,5.72768,0.528301,0.0874039,0.053427,0.0154765,0.0174174,0.368325,0.298195,0.401594,0.121206,1,1,23,82,1,0.169028,0.221048,0.427717,0.283844,1,1675.33,0.00280244,0.172981,0.781956,0.471036,0.05,300,300,300,300,300,300,68,82,300,54,58,66,49,53,61,0,16.7316,0.0557719,2.93401e-39
dual_l0_c0,0,625,6,0.43079,0.159153,0.286615,1.00333,951.966,0.0414622,3.17308,0.0933175,0.0239337,0.011145,0.00686814,0.0369624,0.214195,0.0708604,0.386674,0.115657,1,1,0,147,1,0.165943,0.34643,0.444542,0.138905,1,942.467,0.00280244,0.172981,0.781956,0.471036,0.05,300,300,300,300,300,300,92,147,246,43,58,66,37,41,49,0,2.38273,0.00794242,-0
dual_l0_c0,0,626,1,0.214992,0.130062,0.350068,0.920724,1339.49,0.0774938,4.46471,0.0643,0.0124968,0.039814,0.0144344,0.0281875,0.195244,0.156713,0.32823,0.21036,0,2.38927e-08,0,300,0,0.0643,0.195244,0.32823,0.21036,0,1339.41,0.00280244,0.172981,0.781956,0.471036,0.05,300,300,300,300,300,300,68,300,300,47,67,75,43,47,55,0,20.4712,0.0682373,4.19309e-07
dual_l0_c0,0,627,5,0.184735,0.0661894,0.0319254,1.05093,1348.5,0.607581,4.49296,0.251411,0.028131,0.0367216,0.00575814,0.0243756,0.210586,0.0939448,0.359129,0.127462,1,1,0,108,1,0.192136,0.302562,0.292391,0.17769,1,1338.99,0.00280244,0.172981,0.781956,0.471036,0.05,300,300,300,300,300,300,84,108,300,56,68,76,35,48,56,0,14.0065,0.0466882,4.63196e-32
dual_l0_c0,0,628,4,0.32169,0.0898685,-0.327102,1.00718,1135.41,2.01451,3.778,0.449887,0.343386,0.0176754,0.0031094,0.044385,0.351445,0.0814047,0.191183,0.453337,1,1,9,82,1,0.424419,0.320267,0.211869,0.541431,1,1059.69,0.00280244,0.172981,0.781956,0.471036,0.05,300,300,300,300,300,300,59,82,241,49,53,61,34,38,46,0,16.9918,0.0566394,-0
dual_l0_c0,0,629,6,0.321819,0.0785967,0.145669,1.00259,1196.03,0.0648904,3.98654,0.102418,0.0131461,0.0204348,0.0121803,0.0344865,0.542997,0.0788357,0.519362,0.0710014,1,1,23,193,1,0.114094,0.243228,0.51059,0.0127343,1,1189.91,0.00280244,0.172981,0.781956,0.471036,0.05,300,300,300,300,300,300,114,193,201,52,62,70,36,61,69,0,11.5008,0.0383361,-0
dual_l0_c0,0,630,0,0.309441,0.10928,-0.468482,0.958768,2216.11,1.63623,7.38158,0.410587,0.410587,0.0218976,0.0106196,0.0271112,0.344974,0.113587,0.196635,0.728169,1,1,18,119,1,0.593083,0.435104,0.179598,0.593185,1,2151.17,0.00280244,0.172981,0.781956,0.471036,0.05,300,300,300,300,300,300,85,119,300,54,66,125,42,46,54,0,24.6521,0.0821736,5.26426e-41
dual_l0_c0,0,631,1,0.39532,0.186222,-0.401563,1.00103,1239.39,2.20421,4.12395,0.466211,0.294327,0.041314,0.00393801,0.0168863,0.229343,0.245956,0.524213,0.55762,0,8.89328e-20,0,69,1,0.298943,0.69523,0.567242,0.563251,1,1184.1,0.00280244,0.172981,0.781956,0.471036,0.05,300,300,300,300,300,300,65,69,77,56,60,68,44,48,56,0,36.8545,0.122848,0.000260312
dual_l0_c0,0,632,7,0.465202,0.071927,0.355831,1.05072,1515.47,1.27194,5.04733,0.360337,0.0205145,0.0245231,0.00513049,0.0158846,0.346276,0.206305,0.316082,0.198969,1,1,7,300,0,0.360337,0.346276,0.316082,0.198969,1,1514.2,0.00280244,0.172981,0.781956,0.471036,0.05,300,300,300,300,300,300,72,300,300,52,56,79,42,46,54,0,14.0353,0.0467845,-0
dual_l0_c0,0,633,2,0.493552,0.131559,-0.420882,0.972814,1948.71,2.22052,6.48831,0.467508,0.230635,0.0263261,0.00849807,0.0244003,0.352715,0.0381488,0.626184,0.497019,1,1,126,61,1,0.599121,0.34299,0.618788,0.562721,0,1878.56,0.00280244,0.172981,0.781956,0.471036,0.05,300,300,300,300,300,300,57,61,300,51,60,68,47,51,59,0,11.0389,0.0367964,3.43706e-24
dual_l0_c0,0,634,2,0.3272,0.167255,-0.384775,0.909985,1829.55,2.77097,6.08927,0.529743,0.274995,0.0135998,0.00836271,0.0114554,0.506272,0.0424174,0.27449,0.478652,1,1,4,97,1,0.572787,0.489715,0.231424,0.630506,1,1758.94,0.00280244,0.172981,0.781956,0.471036,0.05,300,300,300,300,300,300,93,97,214,45,55,63,38,42,50,0,11.446,0.0381534,1.31574e-13
dual_l0_c0,0,635,6,0.31378,0.107328,-0.356719,1.00103,1835.06,0.864233,6.11399,0.30445,0.161767,0.0600573,0.0100732,0.0309546,0.204582,0.109233,0.334048,0.520141,1,1,14,67,1,0.417566,0.377665,0.427287,0.521456,1,1780.51,0.00280244,0.172981,0.781956,0.471036,0.05,300,300,300,300,300,300,63,67,75,45,49,57,42,46,54,0,9.00171,0.0300057,-0
dual_l0_c0,0,636,2,0.468857,0.0675951,-0.147458,1.00371,1385.75,1.68488,4.61354,0.435725,0.125882,0.0199414,0.00428256,0.0429275,0.0554929,0.208335,0.50454,0.406233,1,0.999988,23,64,1,0.451129,0.382681,0.42906,0.295338,1,1345.83,0.00280244,0.172981,0.781956,0.471036,0.05,300,300,300,300,300,300,60,64,300,47,51,59,34,48,56,0,15.4461,0.0514869,0.000147789
dual_l0_c0,0,637,5,0.322773,0.0702883,-0.42148,1.02447,2515.16,1.46963,8.37898,0.377914,0.330193,0.0161944,0.00768429,0.0301571,0.476004,0.106914,0.316592,0.613099,1,1,0,91,1,0.50802,0.52252,0.378059,0.471634,1,2454.51,0.00280244,0.172981,0.781956,0.471036,0.05,300,300,300,300,300,300,87,91,247,65,69,77,50,54,62,0,9.76793,0.0325598,2.22008e-34
dual_l0_c0,0,638,5,0.334575,0.0252331,0.164776,1.04634,1931.04,0.196387,6.43615,0.123734,0.0297236,0.0148584,0.0187649,0.0271634,0.20577,0.127731,0.34837,0.127077,1,1,0,129,1,0.140203,0.179715,0.308353,0.0912486,1,1922.39,0.00280244,0.172981,0.781956,0.471036,0.05,300,300,300,300,300,300,103,129,300,58,62,70,47,51,59,0,21.7183,0.0723942,-0
dual_l0_c0,0,639,6,0.538921,0.156625,0.0901265,0.98438,1125.66,0.0622379,3.75199,0.0843641,0.0322924,0.0261132,0.00669404,0.0189845,0.275548,0.162422,0.612175,0.133376,1,1,7,124,1,0.176864,0.341573,0.625495,0.0356008,1,1115.14,0.00280244,0.172981,0.781956,0.471036,0.05,300,300,300,300,300,300,60,124,300,52,56,64,43,47,55,0,11.9013,0.0396709,-0
dual_l0_c0,0,640,7,0.265851,0.0717723,0.388058,1.09687,820.111,0.0467343,2.73355,0.112463,0.0347168,0.0149547,0.00875455,0.0385478,0.507109,0.0548614,0.225603,0.279959,1,1,5,300,0,0.112463,0.507109,0.225603,0.279959,1,820.064,0.00280244,0.172981,0.781956,0.471036,0.05,300,300,300,300,300,300,208,300,300,57,84,105,32,36,44,0,9.30883,0.0310294,-0
dual_l0_c0,0,641,7,0.309374,0.0116538,0.0838805,1.01307,2052.12,0.0878571,6.84011,0.107953,0.107953,0.0240413,0.0113894,0.0155775,0.125188,0.136267,0.575239,0.171825,1,1,12,291,1,0.187333,0.2145,0.561035,0.211246,1,2051.79,0.00280244,0.172981,0.781956,0.471036,0.05,300,300,300,300,300,300,68,291,300,59,63,71,48,52,60,0,14.1023,0.0470075,-0
dual_l0_c0,0,642,6,0.468767,0.0715674,0.241418,0.98776,1334.84,0.0952441,4.44915,0.104013,0.0133363,0.0199073,0.0175973,0.0427917,0.100428,0.137604,0.53144,0.110321,1,1,5,121,1,0.136605,0.178861,0.507072,0.131931,1,1324.91,0.00280244,0.172981,0.781956,0.471036,0.05,300,300,300,300,300,300,117,121,300,52,56,99,43,47,55,0,15.0305,0.0501016,-0
dual_l0_c0,0,643,3,0.490726,0.155025,-0.105786,0.946685,868.532,0.866838,2.89222,0.290348,0.0506107,0.0375389,0.00891067,0.0187181,0.399615,0.309617,0.562559,0.324912,1,1,1,52,1,0.308617,0.373747,0.64667,0.350693,1,840.248,0.00280244,0.172981,0.781956,0.471036,0.05,300,300,300,300,300,300,48,52,71,43,47,55,33,43,51,0,7.16186,0.0238729,9.0806e-10
dual_l0_c0,0,644,2,0.412426,0.045649,0.42081,1.02937,1894.03,0.0437666,6.31328,0.0641859,0.0249606,0.0245847,0.0131925,0.0369803,0.529988,0.152093,0.504332,0.376377,0,4.31059e-11,6,277,1,0.137445,0.3255,0.535658,0.149664,0,1892.22,0.00280244,0.172981,0.781956,0.471036,0.05,300,300,300,300,300,300,162,277,300,49,85,107,42,51,59,0,29.225,0.0974167,1.02882e-09
dual_l0_c0,0,645,5,0.492474,0.102355,-0.0541527,0.991549,1530.73,1.47502,5.0975,0.392916,0.0323966,0.00706588,0.00689904,0.0125688,0.118845,0.0450558,0.390617,0.204283,1,1,1,82,1,0.187547,0.255363,0.455428,0.234635,1,1516.49,0.00280244,0.172981,0.781956,0.471036,0.05,300,300,300,300,300,300,73,82,291,51,55,63,37,41,49,0,19.8983,0.0663276,6.09302e-36
dual_l0_c0,0,646,0,0.258347,0.163247,-0.366801,0.978988,2347.2,1.87582,7.81776,0.422718,0.247883,0.0365313,0.0156318,0.0321212,0.194828,0.201853,0.380536,0.59798,1,1,0,120,1,0.514288,0.412813,0.232534,0.542813,1,2304.49,0.00280244,0.172981,0.781956,0.471036,0.05,300,300,300,300,300,300,100,120,128,62,66,74,44,55,63,0,5.63935,0.0187978,-0
dual_l0_c0,0,647,2,0.323813,0.0211067,-0.183142,1.0303,1399.15,0.491149,4.66218,0.215435,0.0872632,0.0348865,0.00965107,0.04292,0.138932,0.20863,0.291825,0.348158,1,1,1,261,1,0.137182,0.383667,0.400286,0.452325,1,1394.46,0.00280244,0.172981,0.781956,0.471036,0.05,300,300,300,300,300,300,99,261,269,55,59,83,40,44,52,0,10.846,0.0361532,5.85372e-16
dual_l0_c0,0,648,0,0.255019,0.188869,-0.278694,0.925512,1563.07,0.325751,5.20916,0.176136,0.116713,0.0231313,0.0151202,0.0302223,0.42009,0.15302,0.379357,0.468357,1,1,0,136,1,0.425724,0.320698,0.384649,0.425649,1,1527.81,0.00280244,0.172981,0.781956,0.471036,0.05,300,300,300,300,300,300,77,136,300,50,54,62,40,44,52,0,8.42837,0.0280946,-0
dual_l0_c0,0,649,7,0.290555,0.0553897,-0.344649,1.00476,1786.89,2.6453,5.94748,0.520059,0.254206,0.03664,0.00965079,0.00831948,0.298454,0.0713401,0.367351,0.564564,1,1,22,105,1,0.523003,0.480811,0.341166,0.428339,1,1735.04,0.00280244,0.172981,0.781956,0.471036,0.05,300,300,300,300,300,300,56,105,206,50,54,62,41,45,53,0,10.8513,0.0361708,-0
dual_l0_c0,0,650,1,0.561396,0.187733,0.0702707,1.09985,1443.55,0.124348,4.81143,0.101414,0.00447964,0.0156152,0.00640028,0.0166578,0.389941,0.249827,0.681641,0.109489,1,1,1,151,1,0.177164,0.355607,0.647597,0.0788183,1,1438.31,0.00280244,0.172981,0.781956,0.471036,0.05,300,300,300,300,300,300,101,151,199,76,80,88,42,66,74,0,3.53805,0.0117935,3.53837e-38
dual_l0_c0,0,651,4,0.151876,0.108453,0.31998,0.934086,1665.52,0.316678,5.55068,0.191357,0.0436961,0.0202246,0.0126117,0.0286224,0.371314,0.139801,0.195466,0.272799,1,1,32,138,1,0.154767,0.283281,0.157233,0.0827568,1,1650.05,0.00280244,0.172981,0.781956,0.471036,0.05,300,300,300,300,300,300,81,138,300,48,76,84,45,49,57,0,20.0881,0.0669602,-0
dual_l0_c0,0,652,7,0.278968,0.0527604,-0.259171,1.08648,1849.96,0.295291,6.16555,0.177801,0.122068,0.0463431,0.0112562,0.0210356,0.218698,0.153552,0.148363,0.52312,1,1,23,65,1,0.338296,0.385521,0.167376,0.348713,1,1813.52,0.00280244,0.172981,0.781956,0.471036,0.05,300,300,300,300,300,300,61,65,203,52,56,64,45,49,57,0,9.72877,0.0324292,-0
dual_l0_c0,0,653,5,0.367685,0.192098,0.0533941,0.973466,1040.87,0.150634,3.46905,0.108043,0.0340655,0.0246817,0.0147694,0.0265582,0.274582,0.0949103,0.483222,0.0782986,1,1,0,79,1,0.264757,0.16147,0.314285,0.137393,1,1031.26,0.00280244,0.172981,0.781956,0.471036,0.05,300,300,300,300,300,300,69,79,87,58,62,70,36,48,56,0,9.09004,0.0303001,-0
dual_l0_c0,0,654,4,0.431122,0.0609321,0.0643049,1.04496,1726.84,0.250816,5.75531,0.156213,0.0209931,0.0601256,0.0120981,0.0281023,0.370317,0.0713522,0.43861,0.143265,1,1,41,218,1,0.0965489,0.318707,0.324828,0.0793646,1,1723.6,0.00280244,0.172981,0.781956,0.471036,0.05,300,300,300,300,300,300,63,218,300,54,66,74,40,44,52,0,11.3446,0.0378153,-0
dual_l0_c0,0,655,2,0.357191,0.139159,-0.267474,0.944633,2246.38,2.71473,7.47889,0.513682,0.292092,0.0398712,0.0201849,0.0576624,0.225939,0.20222,0.464167,0.565258,1,1,18,107,1,0.359328,0.447433,0.381223,0.333144,1,2195.33,0.00280244,0.172981,0.781956,0.471036,0.05,300,300,300,300,300,300,103,107,115,45,65,73,39,43,51,0,9.87123,0.0329041,-0
dual_l0_c0,0,656,0,0.437784,0.167609,-0.108866,1.05158,948.685,0.349743,3.16112,0.186556,0.0832448,0.0481586,0.00580351,0.0320486,0.159685,0.294828,0.56671,0.233686,1,1,16,116,1,0.115727,0.376407,0.716117,0.219953,1,936.161,0.00280244,0.172981,0.781956,0.471036,0.05,300,300,300,300,300,300,97,116,228,48,52,60,37,41,58,0,10.1937,0.033979,3.07948e-35
dual_l0_c0,0,657,4,0.336416,0.0092762,-0.120474,0.979508,1676.56,0.571257,5.58664,0.240217,0.141347,0.0323003,0.00961115,0.0354304,0.416652,0.184688,0.371825,0.158267,1,1,18,267,1,0.204923,0.208637,0.563192,0.200087,1,1673.79,0.00280244,0.172981,0.781956,0.471036,0.05,300,300,300,300,300,300,95,267,300,66,70,78,49,53,61,0,18.2411,0.0608037,-0
dual_l0_c0,0,658,2,0.386563,0.0555927,-0.331034,0.961739,1575.8,3.09532,5.24235,0.566181,0.247582,0.0127797,0.00706121,0.0300136,0.444251,0.0643249,0.390212,0.525893,1,1,0,109,1,0.710798,0.640991,0.566848,0.426396,1,1496.33,0.00280244,0.172981,0.781956,0.471036,0.05,300,300,300,300,300,300,97,109,300,47,51,59,44,48,56,0,16.1316,0.0537721,4.28797e-43
dual_l0_c0,0,659,7,0.31192,0.151382,0.19194,0.992999,945.446,0.175004,3.1509,0.141718,0.0341824,0.0175332,0.0125048,0.0311606,0.354794,0.0878434,0.510762,0.0857829,1,1,0,145,1,0.138173,0.278061,0.368607,0.138779,1,936.997,0.00280244,0.172981,0.781956,0.471036,0.05,300,300,300,300,300,300,76,145,184,48,61,69,32,49,57,0,11.1974,0.0373247,-0
dual_l0_c0,0,660,1,0.576416,0.17379,0.0106257,0.957404,2000.73,0.293566,6.66811,0.17163,0.0193703,0.0237088,0.00936866,0.0359483,0.170352,0.146806,0.612248,0.166532,0,7.25403e-27,24,216,1,0.322474,0.277542,0.693895,0.109875,0,1990.23,0.00280244,0.172981,0.781956,0.471036,0.05,300,300,300,300,300,300,72,216,300,48,52,60,46,50,58,0,61.3847,0.204616,3.44932e-11
dual_l0_c0,0,661,0,0.368023,0.042462,0.0690925,1.01045,912.69,0.591286,3.04033,0.26651,0.242216,0.0470813,0.0107366,0.028798,0.162361,0.138458,0.387965,0.0458599,1,1,14,289,1,0.349967,0.180281,0.524114,0.0952618,1,910.747,0.00280244,0.172981,0.781956,0.471036,0.05,300,300,300,300,300,300,94,289,300,44,89,97,38,42,50,0,11.6232,0.0387439,9.36909e-27
dual_l0_c0,0,662,1,0.548802,0.0936502,0.026579,1.03985,1326.98,0.194471,4.42261,0.137343,0.0282684,0.0143703,0.00744435,0.0506866,0.294049,0.0654016,0.66101,0.0328054,0,1.77438e-09,1,99,1,0.398582,0.511788,0.638081,0.119018,1,1313,0.00280244,0.172981,0.781956,0.471036,0.05,300,300,300,300,300,300,71,99,184,46,50,58,44,48,56,0,13.6597,0.0455322,3.57534e-08
dual_l0_c0,0,663,6,0.471321,0.0353855,-0.41516,1.0871,2150.24,6.25199,7.14661,0.765599,0.463734,0.0273608,0.0140622,0.0410478,0.588454,0.415714,0.331203,0.560199,1,1,25,300,0,0.765599,0.588454,0.331203,0.560199,1,2143.98,0.00280244,0.172981,0.781956,0.471036,0.05,300,300,300,300,300,300,71,300,300,53,57,65,41,45,53,0,12.3537,0.0411789,-0
dual_l0_c0,0,664,4,0.421386,0.0209951,0.183995,1.08987,1436.09,0.504541,4.78527,0.216775,0.0257902,0.0339111,0.00771026,0.0456215,0.277005,0.15687,0.499613,0.0965485,1,1,16,158,1,0.155319,0.181844,0.488726,0.103854,1,1426.89,0.00280244,0.172981,0.781956,0.471036,0.05,300,300,300,300,300,300,89,158,300,40,75,83,34,38,46,0,12.3048,0.0410162,-0
dual_l0_c0,0,665,2,0.132824,0.0542712,0.0893129,1.06995,1989.98,0.237332,6.63247,0.155626,0.0477656,0.0260766,0.016009,0.0435396,0.104904,0.0661105,0.250244,0.162913,0,2.24427e-21,13,300,0,0.155626,0.104904,0.250244,0.162913,0,1989.74,0.00280244,0.172981,0.781956,0.471036,0.05,300,300,300,300,300,300,300,300,300,63,72,112,49,60,68,0,30.8411,0.102804,1.06706e-19
dual_l0_c0,0,666,0,0.403697,0.062549,0.26257,0.997999,1125.01,0.274639,3.74913,0.177716,0.0401034,0.0245103,0.0100131,0.0400703,0.284853,0.0908831,0.217243,0.0705828,1,1,12,258,1,0.1457,0.116534,0.29757,0.0259691,1,1121.81,0.00280244,0.172981,0.781956,0.471036,0.05,300,300,300,300,300,300,131,258,300,56,110,127,49,53,61,0,15.2167,0.0507223,-0
dual_l0_c0,0,667,5,0.396809,0.164193,0.0664632,0.94906,831.068,0.255193,2.76938,0.151165,0.0297897,0.0343935,0.0162364,0.0436002,0.134009,0.235279,0.302812,0.201288,1,1,8,82,1,0.155294,0.218627,0.342874,0.146613,1,822.33,0.00280244,0.172981,0.781956,0.471036,0.05,300,300,300,300,300,300,78,82,189,43,70,90,37,41,49,0,11.6832,0.038944,7.15202e-31
dual_l0_c0,0,668,2,0.279455,0.0600403,-0.384916,0.989355,2470.09,1.32455,8.22921,0.363524,0.255798,0.0276827,0.00934844,0.0303994,0.409128,0.0669608,0.246036,0.575198,1,1,21,144,1,0.847433,0.285336,0.267769,0.621784,1,2423.79,0.00280244,0.172981,0.781956,0.471036,0.05,300,300,300,300,300,300,91,144,300,74,78,86,45,49,57,0,6.70059,0.0223353,-0
dual_l0_c0,0,669,1,0.406001,0.0346883,0.0840929,1.00596,2315.24,0.105192,7.71713,0.103948,0.0359012,0.0145986,0.00960251,0.0523864,0.243987,0.121294,0.310774,0.0544315,1,1,0,101,1,0.173581,0.332147,0.366194,0.0430749,1,2300.58,0.00280244,0.172981,0.781956,0.471036,0.05,300,300,300,300,300,300,97,101,153,74,84,92,49,53,75,0,3.31082,0.0110361,2.5375e-38
dual_l0_c0,0,670,2,0.321894,0.0884443,0.00659823,1.03877,1058.28,0.279964,3.52667,0.158655,0.0288379,0.00989237,0.016495,0.0543673,0.270804,0.205357,0.35088,0.160092,0,4.04581e-23,24,111,1,0.123664,0.162036,0.332933,0.161786,1,1048.94,0.00280244,0.172981,0.781956,0.471036,0.05,300,300,300,300,300,300,93,111,300,54,58,79,48,52,60,0,27.4029,0.0913429,5.47158e-07
dual_l0_c0,0,671,6,0.54255,0.182389,-0.211003,0.995822,1838.88,0.151051,6.1291,0.143096,0.110782,0.0211836,0.0154447,0.0264382,0.149601,0.32759,0.507179,0.387785,1,1,21,109,1,0.174764,0.279718,0.431291,0.314256,1,1819.21,0.00280244,0.172981,0.781956,0.471036,0.05,300,300,300,300,300,300,74,109,136,50,54,62,41,45,53,0,11.9872,0.0399573,-0
dual_l0_c0,0,672,0,0.343561,0.151528,0.292079,1.06617,1842.45,0.175334,6.14092,0.131402,0.0213652,0.0216253,0.0129369,0.022529,0.339932,0.244564,0.364693,0.33804,1,1,20,132,1,0.153363,0.285406,0.353774,0.0559121,1,1829.17,0.00280244,0.172981,0.781956,0.471036,0.05,300,300,300,300,300,300,71,132,300,63,67,75,57,61,69,0,12.6887,0.0422958,7.74678e-16
dual_l0_c0,0,673,0,0.144667,0.0716484,-0.104374,0.9727,1032.64,0.0439786,3.44199,0.061335,0.0569372,0.0301765,0.0232447,0.0172498,0.174423,0.163284,0.310663,0.304025,1,1,13,82,1,0.37245,0.371352,0.212192,0.23754,1,1004.05,0.00280244,0.172981,0.781956,0.471036,0.05,300,300,300,300,300,300,70,82,90,59,70,78,43,47,55,0,5.989,0.0199633,-0
dual_l0_c0,0,674,1,0.563212,0.0721342,-0.383248,0.924531,1485.64,6.27371,4.93122,0.794221,0.315271,0.0327581,0.0159446,0.024073,0.556021,0.504966,0.682297,0.614097,0,2.08177e-41,0,100,1,0.746585,0.606225,0.536856,0.514412,0,1406.81,0.00280244,0.172981,0.781956,0.471036,0.05,300,300,300,300,300,300,96,100,300,52,56,64,35,47,55,0,15.7617,0.0525391,1.96141e-39
dual_l0_c0,0,675,1,0.452657,0.0909662,-0.487481,1.07153,1480.81,2.28776,4.92842,0.516217,0.245024,0.0184918,0.014132,0.0305814,0.204187,0.35947,0.543421,0.724392,0,0,1,84,1,0.643819,0.441069,0.738978,0.396013,0,1393.34,0.00280244,0.172981,0.781956,0.471036,0.05,300,300,300,300,300,300,80,84,149,56,60,68,41,45,67,0,15.8146,0.0527155,4.62486e-19
dual_l0_c0,0,676,7,0.48999,0.125463,-0.293947,1.0965,1465.91,1.25546,4.88219,0.343305,0.0906893,0.0240749,0.0100793,0.0344288,0.171566,0.342689,0.555739,0.468001,1,1,0,85,1,0.189831,0.50423,0.588078,0.547641,1,1438.32,0.00280244,0.172981,0.781956,0.471036,0.05,300,300,300,300,300,300,76,85,154,61,65,73,42,58,66,0,16.8512,0.0561707,-0
dual_l0_c0,0,677,6,0.474215,0.0986194,-0.350253,1.07539,1731.02,2.96331,5.76018,0.5467,0.29246,0.0299638,0.0131675,0.0250281,0.246804,0.271617,0.303488,0.397179,1,1,22,170,1,0.565127,0.371841,0.517538,0.480103,1,1699.24,0.00280244,0.172981,0.781956,0.471036,0.05,300,300,300,300,300,300,118,170,300,41,45,53,32,36,44,0,15.351,0.05117,-0
dual_l0_c0,0,678,3,0.529828,0.0232035,0.48727,0.959077,1599.29,0.412886,5.32958,0.179119,0.0533904,0.040372,0.0088263,0.0266985,0.56582,0.173672,0.603625,0.454599,1,1,10,300,0,0.179119,0.56582,0.603625,0.454599,1,1598.87,0.00280244,0.172981,0.781956,0.471036,0.05,300,300,300,300,300,300,300,300,300,72,76,84,41,45,66,0,14.3187,0.0477289,-0
dual_l0_c0,0,679,2,0.301474,0.0230457,-0.401824,0.93903,2352.44,4.55662,7.82628,0.678393,0.407781,0.0131866,0.0123288,0.0362732,0.404737,0.119258,0.193861,0.5895,1,1,12,64,1,1.10877,0.571894,0.224995,0.600513,1,2214.53,0.00280244,0.172981,0.781956,0.471036,0.05,300,300,300,300,300,300,60,64,300,52,56,64,49,53,61,0,10.8938,0.0363126,-0
dual_l0_c0,0,680,3,0.522951,0.084517,0.190272,1.02141,1854.57,0.549333,6.18008,0.227289,0.00645068,0.00701842,0.0126498,0.0318344,0.157136,0.148144,0.629833,0.0466775,1,1,19,92,1,0.185407,0.0647347,0.609565,0.0664991,1,1841.35,0.00280244,0.172981,0.781956,0.471036,0.05,300,300,300,300,300,300,62,92,171,52,56,64,43,47,55,0,18.3316,0.0611052,-0
dual_l0_c0,0,681,7,0.366507,0.00380955,-0.320379,0.919648,2348.05,3.06472,7.8166,0.547258,0.369192,0.0240927,0.0163979,0.0219437,0.647714,0.166326,0.378489,0.305109,1,1,20,300,0,0.547258,0.647714,0.378489,0.305109,1,2344.98,0.00280244,0.172981,0.781956,0.471036,0.05,300,300,300,300,300,300,130,300,300,63,67,75,50,54,62,0,9.86693,0.0328898,-0
dual_l0_c0,0,682,1,0.350709,0.0196479,0.0504986,1.08567,2318.28,3.18713,7.71697,0.553374,0.0814272,0.0225884,0.0163336,0.0403733,0.33758,0.403818,0.379603,0.322768,0,2.31135e-38,19,206,1,0.499694,0.133483,0.362242,0.174738,0,2298.98,0.00280244,0.172981,0.781956,0.471036,0.05,300,300,300,300,300,300,195,206,300,71,109,117,54,64,72,0,34.6843,0.115614,5.64629e-18
dual_l0_c0,0,683,5,0.339714,0.00233967,-0.00360084,1.02373,1091.35,3.78488,3.62521,0.619702,0.213657,0.0170502,0.0129807,0.0270519,0.0873469,0.261898,0.348814,0.177975,1,1,0,300,0,0.619702,0.0873469,0.348814,0.177975,1,1087.56,0.00280244,0.172981,0.781956,0.471036,0.05,300,300,300,300,300,300,300,300,300,100,104,152,44,48,56,0,2.05794,0.00685979,-0
dual_l0_c0,0,684,7,0.367117,0.129289,-0.268444,1.03729,1791.97,3.24808,5.96241,0.565937,0.165439,0.0263564,0.00754435,0.0334011,0.146655,0.201326,0.298158,0.381572,1,1,23,126,1,0.406268,0.417912,0.391707,0.361138,1,1763.72,0.00280244,0.172981,0.781956,0.471036,0.05,300,300,300,300,300,300,62,126,244,59,63,71,39,53,61,0,12.4561,0.0415204,-0
dual_l0_c0,0,685,7,0.356657,0.147585,0.239623,0.982078,2503.72,0.635814,8.34363,0.262125,0.0269741,0.0249012,0.0214247,0.0216555,0.386001,0.202635,0.495995,0.119431,1,1,29,185,1,0.076369,0.174466,0.47957,0.0474788,1,2492.88,0.00280244,0.172981,0.781956,0.471036,0.05,300,300,300,300,300,300,90,185,300,56,60,77,53,57,65,0,15.0859,0.0502865,7.60117e-36
dual_l0_c0,0,686,0,0.381853,0.125426,0.0135471,1.0137,2101.93,0.515257,7.00471,0.233002,0.0285707,0.0277229,0.013008,0.0168572,0.178159,0.120949,0.364229,0.125037,1,1,1,78,1,0.41961,0.257214,0.59913,0.146701,1,2086.35,0.00280244,0.172981,0.781956,0.471036,0.05,300,300,300,300,300,300,74,78,86,55,72,80,44,57,65,0,5.00355,0.0166785,-0
dual_l0_c0,0,687,6,0.362661,0.196502,0.425625,1.08233,2001.01,0.259794,6.66916,0.157352,0.0365946,0.0320165,0.0117677,0.0324422,0.324092,0.066692,0.285721,0.270254,1,1,32,300,0,0.157352,0.324092,0.285721,0.270254,1,2000.75,0.00280244,0.172981,0.781956,0.471036,0.05,300,300,300,300,300,300,201,300,300,50,88,96,44,48,56,0,13.3549,0.0445163,-0
dual_l0_c0,0,688,3,0.38801,0.0831128,0.239587,1.09405,856.601,0.115323,2.85495,0.119385,0.0185516,0.0290832,0.0102,0.00645845,0.378175,0.119207,0.421241,0.15461,1,0.999928,272,169,1,0.230361,0.249398,0.550313,0.252777,0,842.947,0.00280244,0.172981,0.781956,0.471036,0.05,300,300,300,300,300,300,104,169,300,45,49,66,40,44,52,0,16.8777,0.0562589,0.000753838
dual_l0_c0,0,689,2,0.443063,0.0998546,0.422056,1.05129,1391.45,0.688489,4.63588,0.25912,0.017759,0.0196715,0.0103383,0.0339722,0.590351,0.233676,0.564571,0.162829,0,5.09703e-09,0,203,1,0.15995,0.307599,0.456936,0.232726,1,1379.17,0.00280244,0.172981,0.781956,0.471036,0.05,300,300,300,300,300,300,199,203,300,75,79,87,42,46,68,0,56.0338,0.186779,0.0948588
dual_l0_c0,0,690,2,0.324673,0.120219,-0.0294055,1.04662,1191.96,0.215538,3.97249,0.137937,0.0120544,0.0202665,0.0113268,0.0235001,0.28523,0.161947,0.235896,0.133767,0,4.75673e-12,1,99,1,0.176365,0.263653,0.32774,0.0926774,1,1179.86,0.00280244,0.172981,0.781956,0.471036,0.05,300,300,300,300,300,300,51,99,300,48,52,60,41,45,53,0,21.0051,0.0700169,1.24015e-10
dual_l0_c0,0,691,2,0.499498,0.0839441,-0.0495217,0.902507,1075.55,0.580854,3.58324,0.27218,0.0794358,0.0353171,0.0219365,0.0447755,0.287035,0.278719,0.578132,0.276034,1,1,0,253,1,0.0849164,0.252158,0.700857,0.296881,1,1069.67,0.00280244,0.172981,0.781956,0.471036,0.05,300,300,300,300,300,300,192,253,261,52,56,89,38,47,55,0,1.19444,0.00398146,-0
dual_l0_c0,0,692,4,0.383748,0.161559,-0.394632,0.968948,1281.04,2.62139,4.2614,0.51382,0.351973,0.0177546,0.00919677,0.0153261,0.623392,0.146095,0.333963,0.489243,1,1,19,109,1,0.455688,0.594505,0.348152,0.577463,1,1216.03,0.00280244,0.172981,0.781956,0.471036,0.05,300,300,300,300,300,300,81,109,300,65,69,77,31,35,43,0,5.76748,0.0192249,-0
dual_l0_c0,0,693,2,0.428468,0.08856,-0.166994,0.923346,1306.14,2.56518,4.34525,0.517411,0.0921974,0.0214789,0.0227119,0.0330416,0.207801,0.28225,0.373591,0.311403,0,0,-1,85,1,0.732233,0.275619,0.537761,0.382448,0,1267.84,0.00280244,0.172981,0.781956,0.471036,0.05,300,300,300,300,300,300,81,85,106,77,81,89,37,41,49,0,2.48244,0.00827481,3.02086e-21
dual_l0_c0,0,694,3,0.492475,0.143456,-0.384138,0.922587,1871.9,3.13519,6.22923,0.564817,0.131881,0.0470117,0.00252335,0.0317797,0.246115,0.3403,0.718208,0.322073,1,1,16,138,1,0.271671,0.167352,0.680527,0.562816,1,1811.15,0.00280244,0.172981,0.781956,0.471036,0.05,300,300,300,300,300,300,69,138,146,50,54,62,39,43,51,0,17.335,0.0577834,-0
dual_l0_c0,0,695,6,0.376927,0.167262,0.0182943,1.01959,1019.15,0.247363,3.39636,0.160143,0.0323644,0.0205738,0.0167266,0.0131411,0.10892,0.102322,0.428671,0.116175,1,1,0,89,1,0.316,0.16409,0.368168,0.218875,1,1005.33,0.00280244,0.172981,0.781956,0.471036,0.05,300,300,300,300,300,300,69,89,153,43,47,66,35,46,54,0,4.52858,0.0150953,-0
dual_l0_c0,0,696,7,0.337849,0.177491,0.0990855,1.05837,1884.47,0.0837555,6.28128,0.0941842,0.0128879,0.0409659,0.00539077,0.0370431,0.140787,0.173177,0.467317,0.041639,1,1,21,198,1,0.116749,0.155738,0.293585,0.138759,1,1880.89,0.00280244,0.172981,0.781956,0.471036,0.05,300,300,300,300,300,300,108,198,300,54,58,83,45,49,57,0,13.9489,0.0464964,-0
dual_l0_c0,0,697,3,0.34452,0.0123419,0.336366,0.951764,1110.83,0.202942,3.7021,0.185472,0.0172468,0.0121315,0.0126852,0.0475186,0.58635,0.185859,0.387402,0.459758,1,0.809515,8,300,0,0.185472,0.58635,0.387402,0.459758,1,1110.63,0.00280244,0.172981,0.781956,0.471036,0.05,300,300,300,300,300,300,300,300,300,45,49,57,43,47,55,0,54.5046,0.181682,0.486926
dual_l0_c0,0,698,1,0.353034,0.141775,-0.176096,1.09845,2163.29,0.978681,7.20769,0.324518,0.132341,0.0334443,0.0187683,0.0350471,0.220697,0.0977258,0.364297,0.123388,0,4.82064e-30,26,85,1,0.412171,0.211544,0.377089,0.250605,0,2126.51,0.00280244,0.172981,0.781956,0.471036,0.05,300,300,300,300,300,300,73,85,300,57,61,69,47,51,59,0,20.5049,0.0683496,0.000209766
dual_l0_c0,0,699,4,0.479168,0.174152,-0.318981,0.990794,1953.42,1.68836,6.50577,0.407475,0.237364,0.0172015,0.00742946,0.0249719,0.30796,0.185893,0.412919,0.515888,1,1,42,246,1,0.27719,0.497399,0.505938,0.343316,1,1942.26,0.00280244,0.172981,0.781956,0.471036,0.05,300,300,300,300,300,300,178,246,254,57,61,103,44,48,56,0,7.09804,0.0236601,-0
dual_l0_c0,0,700,4,0.473719,0.0623472,-0.134453,0.938906,1812.31,1.61176,6.03566,0.451362,0.208755,0.0197848,0.0123941,0.0492682,0.257168,0.243786,0.442521,0.227058,1,1,39,213,1,0.282459,0.0578375,0.431123,0.341711,1,1783.27,0.00280244,0.172981,0.781956,0.471036,0.05,300,300,300,300,300,300,209,213,300,51,55,78,37,46,54,0,10.1516,0.0338388,-0
dual_l0_c0,0,701,1,0.356715,0.0889703,0.089087,1.07016,1207.24,0.169042,4.02358,0.133616,0.0424076,0.0227166,0.00911763,0.0381072,0.171925,0.121557,0.362642,0.0749286,1,1,1,248,1,0.140415,0.164331,0.507501,0.119801,1,1205.18,0.00280244,0.172981,0.781956,0.471036,0.05,300,300,300,300,300,300,104,248,256,52,56,104,47,51,59,0,11.4166,0.0380554,6.22215e-08
dual_l0_c0,0,702,0,0.545077,0.0260589,0.193308,0.960655,2043.96,0.122458,6.81281,0.0877112,0.00609011,0.0192988,0.00505649,0.0179228,0.278066,0.247404,0.637243,0.15513,1,1,21,300,0,0.0877112,0.278066,0.637243,0.15513,1,2043.84,0.00280244,0.172981,0.781956,0.471036,0.05,300,300,300,300,300,300,124,300,300,52,71,79,40,44,52,0,21.3999,0.071333,-0
dual_l0_c0,0,703,6,0.317138,0.146917,-0.298107,0.95164,1536.32,3.384,5.1098,0.562119,0.179323,0.0245308,0.0118289,0.024291,0.718447,0.300569,0.446324,0.446324,1,1,13,84,1,0.557706,0.444612,0.479926,0.479146,1,1482.8,0.00280244,0.172981,0.781956,0.471036,0.05,300,300,300,300,300,300,75,84,92,50,54,62,31,35,43,0,12.297,0.0409899,-0
dual_l0_c0,0,704,1,0.321578,0.096759,-0.305944,0.913108,1722,2.87022,5.73042,0.547877,0.249672,0.0257566,0.0155774,0.06344,0.228968,0.188832,0.395147,0.517575,0,1.37648e-18,0,111,1,0.285539,0.120026,0.494909,0.445576,1,1677.4,0.00280244,0.172981,0.781956,0.471036,0.05,300,300,300,300,300,300,53,111,300,49,53,61,46,50,58,0,19.6222,0.0654073,2.15599e-16
dual_l0_c0,0,705,4,0.366036,0.140393,-0.0952622,0.999699,2007.44,0.56467,6.68959,0.221479,0.105339,0.0378976,0.0126234,0.0341937,0.311456,0.336402,0.272907,0.288121,1,1,21,110,1,0.36881,0.140399,0.429586,0.251221,1,1989.16,0.00280244,0.172981,0.781956,0.471036,0.05,300,300,300,300,300,300,106,110,143,66,75,83,46,50,58,0,10.3836,0.0346119,-0
dual_l0_c0,0,706,6,0.5452,0.0996298,0.22546,0.928364,2441.25,0.170912,8.13692,0.134797,0.0146113,0.0321983,0.0037182,0.0298399,0.301088,0.0845868,0.748584,0.143531,1,1,29,185,1,0.165796,0.299834,0.683682,0.113856,1,2434.92,0.00280244,0.172981,0.781956,0.471036,0.05,300,300,300,300,300,300,147,185,251,66,70,78,52,56,64,0,13.8647,0.0462156,-0
dual_l0_c0,0,707,3,0.498048,0.0861556,-0.297585,0.900749,1243.44,1.04799,4.14131,0.334724,0.282551,0.0240233,0.0206659,0.0358644,0.327165,0.305954,0.59102,0.44443,0,8.86069e-39,11,59,1,0.626816,0.544228,0.497845,0.446195,0,1183.16,0.00280244,0.172981,0.781956,0.471036,0.05,300,300,300,300,300,300,55,59,102,43,47,55,29,33,50,0,12.6472,0.0421575,7.76366e-37
dual_l0_c0,0,708,5,0.26284,0.0284513,-0.0932747,0.996187,1906.89,3.19503,6.34564,0.578062,0.242433,0.0155772,0.00539497,0.0349098,0.209588,0.091108,0.172443,0.0165292,1,1,0,75,1,0.744766,0.550497,0.405022,0.238262,1,1806.1,0.00280244,0.172981,0.781956,0.471036,0.05,300,300,300,300,300,300,71,75,300,55,59,67,42,46,54,0,13.343,0.0444768,7.89032e-30
dual_l0_c0,0,709,1,0.445876,0.199552,-0.121183,1.06341,1224.2,1.84146,4.07452,0.43277,0.0959189,0.0201925,0.012932,0.032269,0.143758,0.22291,0.489046,0.267516,0,9.25813e-06,0,118,1,0.153435,0.206453,0.500564,0.234251,1,1206.2,0.00280244,0.172981,0.781956,0.471036,0.05,300,300,300,300,300,300,79,118,271,48,52,60,38,42,50,0,10.8431,0.0361435,0.000135562
dual_l0_c0,0,710,4,0.304674,0.146405,0.100844,0.961356,1872.98,0.0205944,6.2432,0.0397857,0.0192788,0.0240183,0.0167369,0.0157209,0.225009,0.135959,0.11216,0.0892366,1,1,20,267,1,0.0813487,0.267122,0.176134,0.115169,1,1872.24,0.00280244,0.172981,0.781956,0.471036,0.05,300,300,300,300,300,300,54,267,300,47,51,59,33,37,45,0,8.95938,0.0298646,-0
dual_l0_c0,0,711,3,0.23962,0.102064,-0.134822,0.905847,1120.37,0.278972,3.73365,0.15593,0.083093,0.023268,0.0102994,0.0236127,0.383691,0.163356,0.105539,0.275347,1,1,5,133,1,0.113368,0.0791201,0.156661,0.343146,1,1106.59,0.00280244,0.172981,0.781956,0.471036,0.05,300,300,300,300,300,300,93,133,141,53,57,90,44,48,65,0,4.77519,0.0159173,1.44334e-43
dual_l0_c0,0,712,3,0.300499,0.134949,-0.4475,1.08956,964.176,1.76867,3.20802,0.418383,0.263655,0.0169906,0.00884873,0.0236386,0.439818,0.132582,0.312266,0.573556,0,0,0,74,1,0.439045,0.587185,0.402372,0.524941,0,889.876,0.00280244,0.172981,0.781956,0.471036,0.05,300,300,300,300,300,300,62,74,137,47,60,79,39,43,51,0,0.624139,0.00208046,-0
dual_l0_c0,0,713,2,0.211592,0.0335855,-0.0671462,1.01646,1987.24,2.00587,6.61744,0.439267,0.114027,0.0168454,0.00451819,0.0597299,0.601859,0.227696,0.253332,0.428078,1,1,2,300,0,0.439267,0.601859,0.253332,0.428078,1,1985.23,0.00280244,0.172981,0.781956,0.471036,0.05,300,300,300,300,300,300,203,300,300,82,86,118,42,46,75,0,11.9859,0.0399531,8.205e-12
dual_l0_c0,0,714,1,0.450416,0.107787,0.213084,1.09839,2284.59,0.100661,7.61497,0.129953,0.011693,0.0135863,0.0185848,0.0152923,0.296033,0.113446,0.555725,0.136063,0,6.00805e-27,20,285,1,0.0703801,0.598019,0.42423,0.143291,0,2283.3,0.00280244,0.172981,0.781956,0.471036,0.05,300,300,300,300,300,300,113,285,300,73,77,85,49,61,83,0,16.059,0.0535301,8.44821e-10
dual_l0_c0,0,715,0,0.344836,0.131278,-0.05335,0.909843,973.206,0.238447,3.24323,0.157017,0.0756263,0.0425967,0.00639674,0.0334844,0.203581,0.266304,0.257999,0.188037,1,1,14,300,0,0.157017,0.203581,0.257999,0.188037,1,972.968,0.00280244,0.172981,0.781956,0.471036,0.05,300,300,300,300,300,300,107,300,300,46,56,64,29,45,53,0,11.3933,0.0379776,4.8185e-41
dual_l0_c0,0,716,5,0.293717,0.198574,-0.171555,0.933289,866.531,1.52949,2.88334,0.399371,0.074696,0.0250798,0.00665895,0.00796251,0.189788,0.326815,0.23478,0.310557,1,1,0,125,1,0.34671,0.430325,0.336272,0.304111,1,840.987,0.00280244,0.172981,0.781956,0.471036,0.05,300,300,300,300,300,300,61,125,300,45,49,57,40,44,52,0,0.967618,0.00322539,-0
dual_l0_c0,0,717,1,0.410313,0.0571686,0.105979,0.954744,1097.2,0.166361,3.65678,0.0935419,0.0133774,0.0144328,0.00559316,0.018197,0.635456,0.181368,0.316918,0.282482,1,0.999998,0,126,1,0.0392371,0.298667,0.271183,0.0561681,1,1083.19,0.00280244,0.172981,0.781956,0.471036,0.05,300,300,300,300,300,300,72,126,300,51,55,63,39,43,51,0,0.313176,0.00104392,3.18195e-05
dual_l0_c0,0,718,5,0.37775,0.00693107,-0.311058,1.04049,2587.87,8.59155,8.59759,0.924749,0.41582,0.0140881,0.00475832,0.0234646,0.558358,0.490807,0.271586,0.702592,0,0,0,300,0,0.924749,0.558358,0.271586,0.702592,0,2579.28,0.00280244,0.172981,0.781956,0.471036,0.05,300,300,300,300,300,300,180,300,300,55,59,67,44,48,56,0,15.4734,0.0515779,-0
dual_l0_c0,0,719,5,0.157588,0.0718401,0.0391523,1.09769,1679.3,0.0786639,5.59741,0.100296,0.00478093,0.0265978,0.0162318,0.0352929,0.177776,0.0731139,0.259327,0.11801,1,1,12,239,1,0.0439947,0.136977,0.256127,0.188543,1,1677.69,0.00280244,0.172981,0.781956,0.471036,0.05,300,300,300,300,300,300,235,239,300,66,70,78,42,46,54,0,11.338,0.0377933,-0
dual_l0_c0,0,720,4,0.279568,0.102941,0.0986828,0.988414,1047.93,0.520274,3.49137,0.240768,0.006762,0.0177459,0.0102668,0.0129815,0.212994,0.152982,0.165331,0.0546096,1,1,15,92,1,0.190069,0.34497,0.340087,0.0989728,1,1040.34,0.00280244,0.172981,0.781956,0.471036,0.05,300,300,300,300,300,300,73,92,286,48,52,60,40,44,52,0,2.42481,0.0080827,-0
dual_l0_c0,0,721,2,0.25536,0.0632013,0.226254,0.900337,1905.81,0.0856868,6.35242,0.116995,0.0190405,0.0147398,0.0138215,0.033074,0.460312,0.120407,0.298652,0.182194,1,1,11,169,1,0.105528,0.109111,0.40084,0.112167,1,1900.53,0.00280244,0.172981,0.781956,0.471036,0.05,300,300,300,300,300,300,165,169,186,55,59,67,44,48,56,0,12.9528,0.0431759,7.35815e-10
dual_l0_c0,0,722,0,0.526699,0.0503685,-0.269538,0.974908,2185.77,2.21617,7.27853,0.506679,0.226389,0.0412893,0.0180309,0.0292675,0.257223,0.29299,0.58783,0.458862,1,1,22,266,1,0.328682,0.429754,0.551553,0.539511,1,2172.76,0.00280244,0.172981,0.781956,0.471036,0.05,300,300,300,300,300,300,161,266,300,67,71,106,48,52,60,0,12.7169,0.0423895,9.91136e-40
dual_l0_c0,0,723,7,0.406937,0.0135129,0.00518382,1.06716,1864.83,0.725803,6.21367,0.269125,0.0807015,0.00903745,0.0197385,0.0115683,0.220703,0.239041,0.41183,0.14841,1,1,7,230,1,0.0946012,0.30729,0.440446,0.0648982,1,1860.64,0.00280244,0.172981,0.781956,0.471036,0.05,300,300,300,300,300,300,79,230,296,71,75,97,48,52,60,0,17.4938,0.0583126,-0
dual_l0_c0,0,724,5,0.299477,0.014057,-0.31091,1.00162,1242.49,2.43977,4.13352,0.497679,0.367313,0.0227884,0.00643266,0.0257017,0.30923,0.0817945,0.268378,0.53386,0,6.4781e-08,25,166,1,0.55613,0.106654,0.600452,0.25528,0,1205.37,0.00280244,0.172981,0.781956,0.471036,0.05,300,300,300,300,300,300,162,166,196,78,82,167,51,55,75,0,9.94745,0.0331582,1.19148e-06
dual_l0_c0,0,725,2,0.602741,0.00139787,-0.25337,0.956637,2195.65,8.33255,7.29106,0.907763,0.355413,0.0281833,0.0165747,0.0201622,0.716208,0.382934,0.494408,0.278122,1,1,17,300,0,0.907763,0.716208,0.494408,0.278122,1,2187.32,0.00280244,0.172981,0.781956,0.471036,0.05,300,300,300,300,300,300,118,300,300,64,101,120,48,52,60,0,4.74243,0.0158081,-0
dual_l0_c0,0,726,7,0.375656,0.0585561,0.451629,1.0704,1897.14,0.241019,6.32301,0.179948,0.0213692,0.0263164,0.004088,0.0328727,0.572995,0.104142,0.275861,0.124422,1,1,22,300,0,0.179948,0.572995,0.275861,0.124422,1,1896.9,0.00280244,0.172981,0.781956,0.471036,0.05,300,300,300,300,300,300,115,300,300,56,74,82,33,51,59,0,13.7859,0.0459529,-0
dual_l0_c0,0,727,7,0.404224,0.173771,0.136738,0.924289,1168.02,0.398421,3.89209,0.190483,0.0209155,0.0127378,0.0115627,0.0244017,0.193486,0.0853531,0.315336,0.0758167,1,1,6,133,1,0.129688,0.155557,0.306495,0.13036,1,1156.43,0.00280244,0.172981,0.781956,0.471036,0.05,300,300,300,300,300,300,84,133,141,47,58,66,43,47,55,0,16.0331,0.0534437,-0
dual_l0_c0,0,728,4,0.37066,0.0909994,0.467556,1.07998,1849.89,0.252578,6.16546,0.158303,0.0213405,0.0255087,0.0125494,0.0246774,0.185351,0.0448227,0.552784,0.209174,1,1,28,300,0,0.158303,0.185351,0.552784,0.209174,1,1849.64,0.00280244,0.172981,0.781956,0.471036,0.05,300,300,300,300,300,300,117,300,300,64,68,76,37,46,54,0,11.0747,0.0369157,-0
dual_l0_c0,0,729,0,0.396734,0.1008,-0.236238,1.01351,2159.93,2.32561,7.19202,0.519361,0.22618,0.0524931,0.0102562,0.0166574,0.120009,0.132382,0.347682,0.459538,1,1,21,84,1,0.289492,0.418869,0.271155,0.422749,1,2120.74,0.00280244,0.172981,0.781956,0.471036,0.05,300,300,300,300,300,300,56,84,142,49,53,61,38,42,50,0,17.9969,0.0599898,2.65084e-41
dual_l0_c0,0,730,4,0.53889,0.135791,-0.0526677,1.02321,942.19,1.06464,3.13708,0.321261,0.0182317,0.013231,0.0131464,0.00977036,0.0949963,0.274018,0.414863,0.177499,1,1,17,63,1,0.256693,0.195055,0.518963,0.181132,1,929.843,0.00280244,0.172981,0.781956,0.471036,0.05,300,300,300,300,300,300,59,63,187,41,52,60,38,42,50,0,4.90318,0.0163439,-0
dual_l0_c0,0,731,0,0.301695,0.0512075,0.352219,0.900438,1138.34,0.408274,3.79312,0.169466,0.0176071,0.0372094,0.0146377,0.0378306,0.220529,0.149437,0.527544,0.420748,1,1,0,240,1,0.309235,0.515568,0.362023,0.232438,1,1129.11,0.00280244,0.172981,0.781956,0.471036,0.05,300,300,300,300,300,300,86,240,300,50,54,116,35,39,47,0,3.42866,0.0114289,-0
dual_l0_c0,0,732,2,0.422728,0.180893,0.401215,1.05402,1484.19,0.18394,4.9467,0.127606,0.0227524,0.0167833,0.0148728,0.0425908,0.371194,0.0671104,0.334873,0.135611,1,1,0,90,1,0.161728,0.182892,0.400208,0.289251,1,1459.14,0.00280244,0.172981,0.781956,0.471036,0.05,300,300,300,300,300,300,86,90,300,70,87,95,40,61,69,0,11.8633,0.0395444,4.7516e-08
dual_l0_c0,0,733,3,0.390046,0.0227648,-0.209783,0.904187,1394.47,4.79131,4.63226,0.713803,0.287131,0.0268353,0.00923042,0.0433722,0.158273,0.239418,0.494968,0.404053,1,1,10,67,1,0.318625,0.272847,0.486741,0.134999,1,1248.18,0.00280244,0.172981,0.781956,0.471036,0.05,300,300,300,300,300,300,63,67,300,49,53,61,35,39,47,0,8.8776,0.029592,3.01825e-35
dual_l0_c0,0,734,3,0.429704,0.0967878,0.258809,0.917072,1604.37,0.104345,5.34756,0.115911,0.022812,0.0210158,0.00102141,0.0107526,0.220484,0.0552114,0.313282,0.135921,0,9.99714e-30,-1,272,1,0.16057,0.291137,0.366254,0.178189,0,1602.67,0.00280244,0.172981,0.781956,0.471036,0.05,300,300,300,300,300,300,108,272,300,66,79,87,45,49,57,0,11.3727,0.0379091,6.67562e-28
dual_l0_c0,0,735,2,0.548185,0.0669807,-0.0191746,1.08953,1672.08,0.147155,5.57311,0.0994281,0.0290204,0.0193781,0.0124415,0.0198059,0.297794,0.271589,0.519995,0.251592,0,2.37387e-29,1,268,1,0.191824,0.35891,0.584673,0.193603,0,1670.25,0.00280244,0.172981,0.781956,0.471036,0.05,300,300,300,300,300,300,232,268,300,48,52,103,43,47,55,0,19.1856,0.063952,1.56464e-27
dual_l0_c0,0,736,3,0.353588,0.032842,-0.425244,0.969101,2133.51,5.09588,7.09471,0.709925,0.646047,0.0309701,0.0217534,0.0235051,0.787722,0.152864,0.634597,0.237717,1,1,17,300,0,0.709925,0.787722,0.634597,0.237717,1,2128.41,0.00280244,0.172981,0.781956,0.471036,0.05,300,300,300,300,300,300,300,300,300,81,137,163,44,48,89,0,17.1117,0.0570389,-0
dual_l0_c0,0,737,1,0.403733,0.0877216,-0.326605,0.92343,1355.97,4.93443,4.50345,0.719301,0.25005,0.0291486,0.024109,0.0248527,0.219104,0.293822,0.681595,0.0798909,1,1,10,92,1,0.709276,0.717314,0.61907,0.449721,1,1282.71,0.00280244,0.172981,0.781956,0.471036,0.05,300,300,300,300,300,300,82,92,172,53,71,79,40,44,52,0,10.3492,0.0344974,1.96201e-08
dual_l0_c0,0,738,5,0.437537,0.0270939,-0.16418,0.970106,2054.95,3.31381,6.83878,0.567653,0.199681,0.0249996,0.00328302,0.027576,0.329224,0.413133,0.413728,0.187125,1,1,0,83,1,0.585847,0.476803,0.392813,0.204834,1,2005.49,0.00280244,0.172981,0.781956,0.471036,0.05,300,300,300,300,300,300,79,83,300,55,59,67,47,51,59,0,7.5776,0.0252587,-0
dual_l0_c0,0,739,0,0.499162,0.12157,0.429373,0.937751,1277.87,0.169514,4.25901,0.11626,0.0275443,0.0314634,0.00496289,0.0348565,0.491402,0.0986632,0.591547,0.0822999,1,1,12,300,0,0.11626,0.491402,0.591547,0.0822999,1,1277.7,0.00280244,0.172981,0.781956,0.471036,0.05,300,300,300,300,300,300,104,300,300,50,66,74,41,45,53,0,9.67788,0.0322596,-0
dual_l0_c0,0,740,4,0.232929,0.18128,-0.0694331,1.0907,1100.24,0.365217,3.66624,0.198785,0.0399521,0.02562,0.0111883,0.0369167,0.194825,0.184681,0.244911,0.203661,1,1,14,180,1,0.295371,0.305558,0.280011,0.200636,1,1090.74,0.00280244,0.172981,0.781956,0.471036,0.05,300,300,300,300,300,300,59,180,300,57,61,69,41,45,53,0,10.989,0.0366301,-0
dual_l0_c0,0,741,0,0.472585,0.0674545,0.292088,0.934479,1605.82,0.126246,5.35231,0.0963834,0.0127185,0.0497464,0.00884061,0.0455691,0.394713,0.102415,0.493049,0.0995464,1,1,20,257,1,0.0864954,0.281475,0.552674,0.0511513,1,1603.3,0.00280244,0.172981,0.781956,0.471036,0.05,300,300,300,300,300,300,105,257,300,74,78,86,52,56,75,0,15.6205,0.0520682,-0
dual_l0_c0,0,742,7,0.376766,0.0757947,0.0504601,0.90155,1784.92,0.14496,5.94926,0.101482,0.0339052,0.0283467,0.017865,0.0439619,0.538783,0.204889,0.316455,0.124033,1,1,21,125,1,0.0659545,0.241642,0.301508,0.104666,1,1774.09,0.00280244,0.172981,0.781956,0.471036,0.05,300,300,300,300,300,300,59,125,133,49,53,61,42,51,59,0,14.4663,0.0482209,-0
dual_l0_c0,0,743,5,0.41904,0.178721,-0.128014,1.04547,1439.58,0.503436,4.79692,0.241202,0.0819266,0.0181772,0.013063,0.0307956,0.271255,0.139178,0.620272,0.26294,1,1,0,104,1,0.293022,0.288325,0.40541,0.1625,1,1423.18,0.00280244,0.172981,0.781956,0.471036,0.05,300,300,300,300,300,300,100,104,144,53,57,77,45,49,57,0,13.2674,0.0442246,6.86484e-25
dual_l0_c0,0,744,3,0.303077,0.156138,0.397887,1.05071,1459.08,0.4292,4.86219,0.202555,0.0165461,0.0169626,0.0131262,0.0576437,0.352068,0.114169,0.307628,0.132631,1,1,3,196,1,0.196272,0.333963,0.383965,0.254386,1,1447.56,0.00280244,0.172981,0.781956,0.471036,0.05,300,300,300,300,300,300,161,196,300,66,70,87,37,56,64,0,9.58828,0.0319609,-0
dual_l0_c0,0,745,1,0.535009,0.00442023,0.207418,0.996227,2619.38,0.634126,8.72916,0.228395,0.157212,0.0226831,0.0108213,0.0328718,0.532799,0.531198,0.436813,0.0911192,0,1.47324e-27,1,300,0,0.228395,0.532799,0.436813,0.0911192,0,2618.75,0.00280244,0.172981,0.781956,0.471036,0.05,300,300,300,300,300,300,300,300,300,86,97,105,72,86,94,0,13.1374,0.0437913,9.10202e-26
dual_l0_c0,0,746,6,0.280339,0.128993,0.156511,0.915451,2028.07,0.192046,6.7596,0.155931,0.00801881,0.0194821,0.015568,0.0341961,0.33121,0.0910422,0.470066,0.13783,1,1,16,81,1,0.23908,0.127997,0.190057,0.249112,1,2015.6,0.00280244,0.172981,0.781956,0.471036,0.05,300,300,300,300,300,300,77,81,300,50,66,74,44,48,56,0,11.8392,0.0394641,-0
dual_l0_c0,0,747,7,0.324355,0.0443512,-0.214155,0.971429,2139.87,0.740393,7.13042,0.282294,0.0426215,0.0112287,0.008808,0.0609649,0.142867,0.221323,0.418234,0.00908366,1,1,11,109,1,0.454786,0.238307,0.416409,0.326669,1,2095.71,0.00280244,0.172981,0.781956,0.471036,0.05,300,300,300,300,300,300,79,109,300,55,59,67,48,52,60,0,21.3854,0.0712847,-0
dual_l0_c0,0,748,5,0.4184,0.0419795,0.292158,0.968308,2090.59,0.214285,6.96793,0.138939,0.0134674,0.0339542,0.0143766,0.00473563,0.231415,0.134908,0.318841,0.198207,1,1,0,102,1,0.12379,0.576491,0.347389,0.126338,1,2075.42,0.00280244,0.172981,0.781956,0.471036,0.05,300,300,300,300,300,300,85,102,300,50,54,62,45,49,57,0,11.3319,0.0377729,3.48469e-38
dual_l0_c0,0,749,4,0.38916,0.151122,0.431199,0.906947,1202.57,0.0988895,4.00824,0.0562667,0.0324553,0.0426096,0.00815788,0.0404501,0.621348,0.113933,0.400412,0.269184,1,1,1,300,0,0.0562667,0.621348,0.400412,0.269184,1,1202.47,0.00280244,0.172981,0.781956,0.471036,0.05,300,300,300,300,300,300,102,300,300,50,54,107,41,45,53,0,8.60792,0.0286931,-0
dual_l0_c0,0,750,1,0.223214,0.165008,0.14448,1.06792,1091.22,0.21744,3.63669,0.130903,0.0249864,0.0221602,0.0144941,0.0530845,0.211927,0.214283,0.280228,0.0781803,0,0,1,109,1,0.106089,0.288682,0.250744,0.0792694,0,1080.26,0.00280244,0.172981,0.781956,0.471036,0.05,300,300,300,300,300,300,90,109,117,71,75,83,47,51,59,0,16.4863,0.0549542,1.34093e-15
dual_l0_c0,0,751,7,0.605005,0.0907194,-0.498976,0.901526,1353.81,6.89686,4.48972,0.815712,0.349652,0.0276698,0.0167048,0.0352565,0.728866,0.200259,0.556971,0.742495,1,1,19,67,1,0.903888,0.683446,0.432115,0.649476,1,1209.71,0.00280244,0.172981,0.781956,0.471036,0.05,300,300,300,300,300,300,63,67,300,48,52,60,30,34,56,0,15.5201,0.0517338,-0
dual_l0_c0,0,752,7,0.287386,0.146118,-0.438777,1.03065,1559.61,4.35744,5.18418,0.649681,0.32224,0.0391065,0.00444726,0.0177821,0.411551,0.128617,0.196753,0.652913,1,1,0,92,1,0.501587,0.375252,0.149149,0.542993,1,1483.82,0.00280244,0.172981,0.781956,0.471036,0.05,300,300,300,300,300,300,60,92,300,45,49,71,43,47,55,0,8.03246,0.0267749,-0
dual_l0_c0,0,753,3,0.421507,0.122888,-0.414423,0.903916,1739.85,1.68539,5.79389,0.417616,0.280633,0.0335734,0.00739941,0.0309729,0.620376,0.198279,0.533067,0.563632,1,1,0,138,1,0.373139,0.667601,0.44886,0.52436,1,1700.02,0.00280244,0.172981,0.781956,0.471036,0.05,300,300,300,300,300,300,91,138,160,58,62,70,45,49,57,0,18.1416,0.0604721,-0
dual_l0_c0,0,754,2,0.494863,0.0304682,0.284559,0.983999,1834.67,0.025302,6.11548,0.0420027,0.0140748,0.0427881,0.0104577,0.0282688,0.412839,0.185409,0.364862,0.152459,0,2.97662e-08,1,300,0,0.0420027,0.412839,0.364862,0.152459,0,1834.65,0.00280244,0.172981,0.781956,0.471036,0.05,300,300,300,300,300,300,140,300,300,49,53,85,43,47,55,0,23.2609,0.0775362,5.15846e-07
dual_l0_c0,0,755,6,0.4766,0.13546,-0.21526,0.938332,1534.21,0.925953,5.11093,0.281802,0.150412,0.0265981,0.00483478,0.0320979,0.20428,0.28396,0.410222,0.278135,1,1,6,73,1,0.561321,0.338175,0.306116,0.483175,1,1499.13,0.00280244,0.172981,0.781956,0.471036,0.05,300,300,300,300,300,300,59,73,300,48,52,70,42,46,54,0,11.2372,0.0374573,-0
dual_l0_c0,0,756,3,0.402085,0.0756696,0.364883,1.03854,1335.61,0.186127,4.45141,0.150663,0.0203788,0.0220188,0.00961364,0.0331914,0.164215,0.137166,0.489875,0.192572,1,1,4,300,0,0.150663,0.164215,0.489875,0.192572,1,1335.42,0.00280244,0.172981,0.781956,0.471036,0.05,300,300,300,300,300,300,161,300,300,69,80,124,54,64,72,0,16.1176,0.0537254,-0
dual_l0_c0,0,757,3,0.545929,0.0599086,-0.297607,0.971603,1319.84,1.43654,4.39468,0.398811,0.178651,0.0226281,0.0168115,0.0665931,0.107291,0.270533,0.563437,0.456486,1,0.996712,1,95,1,0.486501,0.442219,0.439843,0.439331,1,1269.13,0.00280244,0.172981,0.781956,0.471036,0.05,300,300,300,300,300,300,91,95,127,60,64,72,60,64,72,0,22.2625,0.0742082,0.0220799
dual_l0_c0,0,758,4,0.429495,0.11999,0.313666,0.937093,1290.63,0.0900317,4.3018,0.0803366,0.0150528,0.0319011,0.0165598,0.0266178,0.432135,0.0505079,0.456584,0.0768648,1,1,12,156,1,0.227444,0.331228,0.550185,0.15075,1,1278.54,0.00280244,0.172981,0.781956,0.471036,0.05,300,300,300,300,300,300,68,156,300,42,46,54,36,40,48,0,15.031,0.0501034,-0
dual_l0_c0,0,759,0,0.41546,0.162353,-0.0814518,1.02531,1057.98,0.243936,3.52578,0.112665,0.0352288,0.0305392,0.0191028,0.0369058,0.267223,0.359719,0.560316,0.385874,1,1,1,106,1,0.0570323,0.196967,0.59349,0.158774,1,1047.98,0.00280244,0.172981,0.781956,0.471036,0.05,300,300,300,300,300,300,94,106,187,41,45,53,35,39,47,0,6.20769,0.0206923,-0
dual_l0_c0,0,760,2,0.45803,0.0293601,-0.178644,1.05958,1029.96,0.885925,3.43026,0.300717,0.261271,0.0373519,0.00943653,0.0286555,0.369179,0.162865,0.442035,0.445461,1,1,9,300,0,0.300717,0.369179,0.442035,0.445461,1,1029.08,0.00280244,0.172981,0.781956,0.471036,0.05,300,300,300,300,300,300,129,300,300,69,73,81,45,49,57,0,4.53151,0.015105,2.32476e-16
dual_l0_c0,0,761,3,0.414236,0.0136668,0.137344,0.980317,1700.89,0.54815,5.66782,0.2129,0.0189707,0.0294483,0.0178138,0.0249842,0.241252,0.303107,0.559691,0.0809911,1,1,21,136,1,0.140951,0.126711,0.452159,0.00781306,1,1693.87,0.00280244,0.172981,0.781956,0.471036,0.05,300,300,300,300,300,300,132,136,223,48,52,60,41,45,53,0,9.46924,0.0315641,-0
dual_l0_c0,0,762,4,0.301925,0.128295,0.0963579,0.955188,1950.57,0.0841236,6.50161,0.0868653,0.0223672,0.0185035,0.00509476,0.0346173,0.132848,0.0614834,0.378253,0.0827113,1,1,20,67,1,0.354165,0.332678,0.30078,0.0402301,1,1936.42,0.00280244,0.172981,0.781956,0.471036,0.05,300,300,300,300,300,300,63,67,300,61,65,73,43,47,66,0,13.3808,0.0446026,-0
dual_l0_c0,0,763,6,0.584862,0.0733929,-0.361847,1.03042,2380.99,7.35286,7.91212,0.833218,0.41092,0.0133331,0.0090775,0.0296755,0.680579,0.501045,0.52063,0.472929,1,1,28,120,1,0.500048,0.459659,0.434407,0.544318,1,2268.53,0.00280244,0.172981,0.781956,0.471036,0.05,300,300,300,300,300,300,59,120,300,52,56,64,42,46,54,0,21.8504,0.0728345,-0
dual_l0_c0,0,764,1,0.370644,0.186045,0.103426,0.906455,1283.34,0.0499533,4.27763,0.0641657,0.00333682,0.0193588,0.0104821,0.0148306,0.411289,0.151642,0.293709,0.112877,0,0.10877,1,121,1,0.10243,0.264964,0.374104,0.108451,1,1277.17,0.00280244,0.172981,0.781956,0.471036,0.05,300,300,300,300,300,300,82,121,182,42,55,63,29,40,48,0,10.1461,0.0338204,0.343937
dual_l0_c0,0,765,2,0.470319,0.0849708,-0.450678,0.943973,1494.47,3.35518,4.97039,0.576813,0.475377,0.0238827,0.0097941,0.0137549,0.336291,0.0607969,0.61918,0.584305,1,1,1,223,1,0.806848,0.734471,0.622427,0.542884,1,1462.97,0.00280244,0.172981,0.781956,0.471036,0.05,300,300,300,300,300,300,145,223,300,67,82,90,42,46,71,0,8.16331,0.027211,-0
dual_l0_c0,0,766,1,0.45151,0.148233,0.485786,1.07198,1521.92,0.475583,5.07148,0.210107,0.0240679,0.039085,0.00987799,0.0295072,0.112174,0.0641596,0.52262,0.228191,0,7.22543e-32,2,212,1,0.111897,0.106278,0.74902,0.341299,0,1511.05,0.00280244,0.172981,0.781956,0.471036,0.05,300,300,300,300,300,300,126,212,300,47,51,91,45,49,57,0,9.33486,0.0311162,5.92783e-24
dual_l0_c0,0,767,1,0.478015,0.037235,-0.0954301,1.01851,1429.64,1.29824,4.76114,0.363432,0.150161,0.0292398,0.0106354,0.0212432,0.285279,0.229055,0.549752,0.0846274,0,3.68046e-20,0,84,1,0.231154,0.235089,0.615402,0.24277,1,1394.48,0.00280244,0.172981,0.781956,0.471036,0.05,300,300,300,300,300,300,69,84,92,51,55,63,42,46,54,0,10.7402,0.0358006,1.09495e-12
dual_l0_c0,0,768,0,0.4589,0.189277,-0.466105,1.06996,1825.72,3.40215,6.0744,0.567428,0.311242,0.0267106,0.00763894,0.0343533,0.615202,0.183929,0.388264,0.559584,1,1,21,58,1,0.758808,0.345547,0.297768,0.68084,1,1737.78,0.00280244,0.172981,0.781956,0.471036,0.05,300,300,300,300,300,300,54,58,300,49,53,61,38,52,60,0,14.9298,0.0497661,1.08183e-29
dual_l0_c0,0,769,5,0.307265,0.0619027,0.331347,1.05149,1369.66,0.315696,4.56447,0.168826,0.0148373,0.0380845,0.00833108,0.0346095,0.471642,0.125994,0.401177,0.206206,1,1,19,300,0,0.168826,0.471642,0.401177,0.206206,1,1369.34,0.00280244,0.172981,0.781956,0.471036,0.05,300,300,300,300,300,300,288,300,300,61,85,107,45,49,70,0,14.4279,0.048093,-0
dual_l0_c0,0,770,1,0.184025,0.0932549,-0.21226,1.04094,1482.07,3.04807,4.93008,0.570392,0.0916195,0.039507,0.00878304,0.0242592,0.0918702,0.14656,0.288958,0.381822,0,5.40889e-09,12,55,1,0.499239,0.263673,0.228698,0.350446,1,1439.9,0.00280244,0.172981,0.781956,0.471036,0.05,300,300,300,300,300,300,51,55,144,47,51,59,41,45,53,0,45.6888,0.152296,4.65374e-07
dual_l0_c0,0,771,4,0.16831,0.0596394,0.353257,1.08436,1397.06,0.37886,4.6556,0.177926,0.0133752,0.0239805,0.0134265,0.0275794,0.252134,0.304682,0.261014,0.274134,1,1,24,177,1,0.0447533,0.328457,0.231366,0.177083,1,1384.25,0.00280244,0.172981,0.781956,0.471036,0.05,300,300,300,300,300,300,119,177,300,75,79,87,39,43,51,0,11.4899,0.0382996,-0
dual_l0_c0,0,772,7,0.592838,0.123661,-0.172543,0.953026,970.468,1.30961,3.23053,0.334751,0.15415,0.0148157,0.0167154,0.0178202,0.352432,0.341493,0.7159,0.308476,1,1,1,165,1,0.618649,0.401848,0.627993,0.297029,1,953.406,0.00280244,0.172981,0.781956,0.471036,0.05,300,300,300,300,300,300,84,165,280,47,51,59,36,49,57,0,10.001,0.0333368,-0
dual_l0_c0,0,773,1,0.574605,0.00258312,-0.0439847,0.962295,1104.63,4.72105,3.66637,0.71955,0.2572,0.0240682,0.0125895,0.0547186,0.246614,0.258295,0.632749,0.236112,0,1.76236e-18,3,300,0,0.71955,0.246614,0.632749,0.236112,0,1099.91,0.00280244,0.172981,0.781956,0.471036,0.05,300,300,300,300,300,300,67,300,300,58,62,70,42,46,65,0,16.1013,0.0536711,6.71533e-12
dual_l0_c0,0,774,7,0.31802,0.177991,-0.284582,0.933756,2005.94,1.75211,6.68062,0.438671,0.193912,0.0193104,0.00991424,0.0190635,0.48723,0.176027,0.43405,0.256973,1,1,24,102,1,0.49234,0.346671,0.425957,0.433346,1,1964.03,0.00280244,0.172981,0.781956,0.471036,0.05,300,300,300,300,300,300,98,102,300,52,56,87,45,49,57,0,9.1743,0.030581,-0
dual_l0_c0,0,775,7,0.321266,0.11522,-0.0157868,1.02757,1025.38,0.0790907,3.41768,0.106387,0.0590414,0.0213424,0.0119325,0.0448539,0.157191,0.0800413,0.340901,0.134075,1,1,0,98,1,0.159337,0.164938,0.425441,0.04228,1,1018.2,0.00280244,0.172981,0.781956,0.471036,0.05,300,300,300,300,300,300,94,98,225,43,83,91,38,42,50,0,10.0676,0.0335587,-0
dual_l0_c0,0,776,1,0.385651,0.0505782,0.326743,0.917891,2318.6,0.0332712,7.72855,0.0691327,0.0114794,0.00769045,0.00637196,0.00982025,0.496406,0.161068,0.481644,0.271733,1,1,10,300,0,0.0691327,0.496406,0.481644,0.271733,1,2318.57,0.00280244,0.172981,0.781956,0.471036,0.05,300,300,300,300,300,300,68,300,300,56,60,68,51,55,63,0,12.9214,0.0430713,-0
dual_l0_c0,0,777,6,0.480563,0.109762,0.106934,0.97854,1928.57,0.0741927,6.42831,0.100307,0.0510169,0.02487,0.00602863,0.0304931,0.178511,0.11994,0.624565,0.0519194,1,1,16,84,1,0.0813088,0.234419,0.593134,0.0420198,1,1916.09,0.00280244,0.172981,0.781956,0.471036,0.05,300,300,300,300,300,300,70,84,300,51,55,63,43,47,55,0,20.3565,0.0678549,-0
dual_l0_c0,0,778,7,0.502036,0.0806142,0.35561,0.944901,1759.71,0.206374,5.86501,0.1181,0.0236344,0.0119436,0.00236291,0.0387436,0.509693,0.0345205,0.566041,0.124467,1,1,8,300,0,0.1181,0.509693,0.566041,0.124467,1,1759.5,0.00280244,0.172981,0.781956,0.471036,0.05,300,300,300,300,300,300,124,300,300,54,58,66,39,51,59,0,18.4196,0.0613987,-0
dual_l0_c0,0,779,4,0.554097,0.0898517,0.0186676,0.941369,1785.17,0.0679941,5.95034,0.0961533,0.0758761,0.0204851,0.0073077,0.0413309,0.116121,0.110893,0.459026,0.281974,1,1,23,77,1,0.226588,0.305117,0.399367,0.09051,1,1770.46,0.00280244,0.172981,0.781956,0.471036,0.05,300,300,300,300,300,300,73,77,125,55,68,76,41,45,64,0,12.174,0.0405801,-0
dual_l0_c0,0,780,1,0.282146,0.0881602,-0.417395,1.01681,1441.08,2.51745,4.7952,0.515173,0.211315,0.0256952,0.0068415,0.00969287,0.491836,0.340001,0.18622,0.588216,0,2.66247e-44,0,84,1,0.404856,0.430994,0.32824,0.761081,0,1368.79,0.00280244,0.172981,0.781956,0.471036,0.05,300,300,300,300,300,300,80,84,300,53,57,65,48,52,60,0,11.8983,0.0396608,9.02469e-13
dual_l0_c0,0,781,0,0.594036,0.137241,-0.0613194,1.0823,1561.27,0.515487,5.20253,0.229869,0.104636,0.0306425,0.0187624,0.0302336,0.276054,0.183119,0.758062,0.117161,1,1,2,127,1,0.146525,0.132769,0.725298,0.306383,1,1543.77,0.00280244,0.172981,0.781956,0.471036,0.05,300,300,300,300,300,300,75,127,300,57,77,85,51,55,63,0,5.29482,0.0176494,-0
dual_l0_c0,0,782,4,0.481116,0.035482,-0.0490198,1.02586,1373.93,0.358703,4.57857,0.186044,0.0903443,0.0332861,0.00984583,0.042983,0.210395,0.141718,0.636426,0.175301,1,1,15,265,1,0.145125,0.237821,0.561906,0.117486,1,1372.13,0.00280244,0.172981,0.781956,0.471036,0.05,300,300,300,300,300,300,114,265,300,57,61,117,43,54,62,0,18.7453,0.0624844,-0
dual_l0_c0,0,783,6,0.332853,0.108478,0.127315,0.912295,1811.12,0.207769,6.03637,0.149068,0.0163914,0.024802,0.0154334,0.0249831,0.211308,0.12212,0.37484,0.153145,1,1,37,98,1,0.259564,0.258193,0.307708,0.143791,1,1800.04,0.00280244,0.172981,0.781956,0.471036,0.05,300,300,300,300,300,300,94,98,300,46,50,90,41,45,53,0,13.5973,0.0453244,-0
dual_l0_c0,0,784,6,0.457925,0.0185753,0.0222889,0.908552,993.188,0.513813,3.30891,0.213786,0.0442598,0.0102362,0.0104291,0.0207719,0.113251,0.121633,0.438003,0.160283,1,1,1,300,0,0.213786,0.113251,0.438003,0.160283,1,992.674,0.00280244,0.172981,0.781956,0.471036,0.05,300,300,300,300,300,300,132,300,300,68,72,80,29,41,68,0,9.88498,0.0329499,-0
dual_l0_c0,0,785,5,0.539105,0.136746,0.0140226,1.00414,1018.88,0.15926,3.39574,0.116727,0.0246476,0.0221582,0.015263,0.00836456,0.376745,0.247733,0.565125,0.226638,1,1,18,93,1,0.285435,0.28847,0.507006,0.063775,1,1004.81,0.00280244,0.172981,0.781956,0.471036,0.05,300,300,300,300,300,300,89,93,300,43,47,96,31,35,43,0,6.35731,0.021191,2.39342e-42
dual_l0_c0,0,786,5,0.234275,0.143013,0.422122,1.06631,1166.11,0.0842813,3.88674,0.0605767,0.0194446,0.0146989,0.0112529,0.0366877,0.617862,0.190576,0.412553,0.387513,1,1,14,240,1,0.133504,0.396285,0.283944,0.244998,1,1159.9,0.00280244,0.172981,0.781956,0.471036,0.05,300,300,300,300,300,300,115,240,300,57,101,109,36,58,66,0,11.5024,0.0383413,7.73715e-34
dual_l0_c0,0,787,5,0.564432,0.185998,0.319766,0.94917,1516.59,0.125306,5.05489,0.0916079,0.0225308,0.0288382,0.00782971,0.0165008,0.329336,0.0912726,0.553326,0.207292,1,1,0,92,1,0.055961,0.413998,0.4671,0.0797794,1,1501.4,0.00280244,0.172981,0.781956,0.471036,0.05,300,300,300,300,300,300,88,92,300,44,48,56,36,40,48,0,8.09117,0.0269706,5.90378e-35
dual_l0_c0,0,788,7,0.441652,0.031714,0.449743,1.09776,1765.05,0.430582,5.88206,0.173182,0.0337407,0.0392279,0.0115759,0.0380865,0.335003,0.368674,0.312943,0.492476,1,1,22,300,0,0.173182,0.335003,0.312943,0.492476,1,1764.62,0.00280244,0.172981,0.781956,0.471036,0.05,300,300,300,300,300,300,300,300,300,68,93,110,41,52,60,0,14.6744,0.0489146,-0
dual_l0_c0,0,789,7,0.427787,0.0545595,0.140801,0.940318,2018.67,0.00207806,6.72891,0.0323716,0.0275914,0.0184197,0.00863124,0.0392265,0.463822,0.291703,0.574059,0.115826,1,1,20,198,1,0.0601115,0.285444,0.514824,0.123491,1,2014.79,0.00280244,0.172981,0.781956,0.471036,0.05,300,300,300,300,300,300,77,198,300,63,73,81,43,47,55,0,19.7503,0.0658344,-0
dual_l0_c0,0,790,5,0.507888,0.0808562,-0.389342,1.07838,1602.46,4.91147,5.32517,0.699998,0.20596,0.0275433,0.0140241,0.0369249,0.26046,0.26212,0.463673,0.58291,1,1,14,82,1,0.58773,0.0767349,0.550507,0.601314,1,1516.81,0.00280244,0.172981,0.781956,0.471036,0.05,300,300,300,300,300,300,78,82,300,46,50,58,39,43,51,0,12.9746,0.0432488,-0
dual_l0_c0,0,791,4,0.339549,0.0170452,0.269017,0.992122,1663.85,0.249596,5.54534,0.132535,0.0168173,0.0210953,0.0102608,0.0386238,0.284043,0.113519,0.248628,0.0408289,1,1,17,126,1,0.223334,0.21376,0.345274,0.0355152,1,1648.3,0.00280244,0.172981,0.781956,0.471036,0.05,300,300,300,300,300,300,122,126,300,66,70,78,36,40,70,0,14.6803,0.0489345,-0
dual_l0_c0,0,792,6,0.275144,0.119613,-0.358645,0.97554,1827.66,3.75678,6.07968,0.62196,0.334439,0.0406309,0.00995906,0.0347996,0.613798,0.239857,0.417156,0.629222,1,1,14,94,1,0.34339,0.545125,0.366782,0.525721,1,1756.01,0.00280244,0.172981,0.781956,0.471036,0.05,300,300,300,300,300,300,80,94,212,47,51,73,45,49,57,0,8.26609,0.0275536,-0
dual_l0_c0,0,793,0,0.363748,0.195937,-0.12583,0.916138,1924.47,1.08953,6.41128,0.330516,0.0898658,0.0263788,0.00950081,0.0491695,0.436479,0.212612,0.528597,0.238516,1,1,21,85,1,0.358769,0.505114,0.343779,0.312139,1,1898.68,0.00280244,0.172981,0.781956,0.471036,0.05,300,300,300,300,300,300,76,85,300,54,68,76,51,55,63,0,16.3349,0.0544497,7.22112e-37
dual_l0_c0,0,794,0,0.178817,0.169785,0.0640453,0.965817,2124.96,0.016378,7.08313,0.034271,0.0126815,0.0386399,0.0141788,0.0408011,0.230732,0.0756854,0.156556,0.195574,1,1,0,87,1,0.135829,0.144765,0.374956,0.0677122,1,2112.04,0.00280244,0.172981,0.781956,0.471036,0.05,300,300,300,300,300,300,57,87,271,48,52,60,40,44,52,0,19.3206,0.064402,-0
dual_l0_c0,0,795,4,0.367104,0.0442837,0.0383512,1.02802,1997.48,1.25727,6.65408,0.351625,0.0557339,0.0381798,0.0147004,0.0469184,0.27726,0.281917,0.501024,0.0450849,1,1,21,167,1,0.246615,0.264645,0.487162,0.0445383,1,1984.52,0.00280244,0.172981,0.781956,0.471036,0.05,300,300,300,300,300,300,136,167,300,78,90,114,45,49,71,0,10.3231,0.0344105,-0
dual_l0_c0,0,796,2,0.289785,0.112125,-0.378956,0.954633,1387.54,2.04072,4.61833,0.465519,0.377402,0.0102243,0.0109164,0.0298835,0.497213,0.0659647,0.53599,0.532788,1,1,3,153,1,0.586831,0.727184,0.419632,0.530283,1,1340.11,0.00280244,0.172981,0.781956,0.471036,0.05,300,300,300,300,300,300,77,153,300,61,79,87,37,41,49,0,10.4186,0.0347286,1.25717e-33
dual_l0_c0,0,797,7,0.332249,0.113615,-0.0783075,1.07783,961.379,0.0959696,3.20428,0.0928249,0.00843819,0.0250302,0.0144577,0.0286395,0.185429,0.0763,0.278917,0.26287,1,1,14,148,1,0.254441,0.114307,0.272225,0.295492,1,954.239,0.00280244,0.172981,0.781956,0.471036,0.05,300,300,300,300,300,300,58,148,185,50,54,62,35,39,47,0,13.1881,0.0439604,-0
dual_l0_c0,0,798,2,0.429027,0.0803526,-0.143165,0.947879,1120.41,0.906108,3.73169,0.287054,0.0968503,0.0170541,0.00382354,0.031279,0.386051,0.249604,0.487242,0.300595,0,1.80594e-22,-1,70,1,0.270281,0.354753,0.458943,0.225802,0,1097.45,0.00280244,0.172981,0.781956,0.471036,0.05,300,300,300,300,300,300,51,70,300,40,44,52,32,36,44,0,0.713317,0.00237772,9.0416e-21
dual_l0_c0,0,799,3,0.374744,0.155657,0.402251,1.02499,1580.88,0.147551,5.2691,0.10868,0.0315424,0.0141901,0.00531267,0.0291879,0.171421,0.136574,0.435949,0.102684,1,1,12,121,1,0.190215,0.188766,0.448948,0.110933,1,1561.4,0.00280244,0.172981,0.781956,0.471036,0.05,300,300,300,300,300,300,76,121,300,59,63,71,50,54,62,0,10.6492,0.0354975,-0
dual_l0_c0,0,800,5,0.287599,0.033379,-0.11338,0.902094,1394.88,1.72114,4.64385,0.408122,0.350935,0.01422,0.0147969,0.0343058,0.20628,0.170344,0.50265,0.256215,1,1,0,300,0,0.408122,0.20628,0.50265,0.256215,1,1393.16,0.00280244,0.172981,0.781956,0.471036,0.05,300,300,300,300,300,300,153,300,300,105,109,117,44,48,56,0,20.0608,0.0668694,3.59765e-09
dual_l0_c0,0,801,1,0.426069,0.0816525,-0.339767,1.06347,1871.16,1.57819,6.23196,0.381214,0.159787,0.0105565,0.0128109,0.0245524,0.485921,0.203057,0.573189,0.483662,0,1.21771e-28,26,109,1,0.575491,0.0799949,0.517605,0.474679,0,1836.85,0.00280244,0.172981,0.781956,0.471036,0.05,300,300,300,300,300,300,78,109,189,72,76,84,52,56,80,0,23.4295,0.0780982,0.642779
dual_l0_c0,0,802,1,0.225176,0.0957092,-0.0805279,1.06032,985.257,0.469342,3.28263,0.22109,0.0288263,0.02884,0.00311013,0.0186092,0.180803,0.276126,0.150401,0.0846395,0,3.97045e-29,7,81,1,0.335172,0.204156,0.127284,0.151818,1,959.196,0.00280244,0.172981,0.781956,0.471036,0.05,300,300,300,300,300,300,77,81,213,49,53,61,38,42,50,0,25.0704,0.0835682,1.1183e-09
dual_l0_c0,0,803,4,0.53047,0.0923683,0.469871,0.917422,2083.84,0.157669,6.94561,0.114131,0.0226288,0.02229,0.00424965,0.0349373,0.408881,0.120636,0.544239,0.298113,1,1,24,300,0,0.114131,0.408881,0.544239,0.298113,1,2083.68,0.00280244,0.172981,0.781956,0.471036,0.05,300,300,300,300,300,300,154,300,300,59,89,107,42,55,63,0,10.5748,0.0352492,-0
dual_l0_c0,0,804,0,0.395945,0.0536392,-0.35326,1.04961,1160.26,1.15759,3.86369,0.336559,0.237115,0.0386863,0.0160448,0.043517,0.418371,0.068021,0.393118,0.456775,1,1,17,65,1,0.520704,0.542957,0.335105,0.574259,1,1122.5,0.00280244,0.172981,0.781956,0.471036,0.05,300,300,300,300,300,300,55,65,241,43,47,55,40,44,52,0,13.8517,0.0461722,1.41374e-27
dual_l0_c0,0,805,1,0.404716,0.193633,0.0449814,1.07003,1261.81,0.273469,4.20512,0.179896,0.029915,0.0507677,0.0128144,0.034025,0.208003,0.0939046,0.358442,0.206941,0,4.51451e-26,0,130,1,0.077811,0.290459,0.336857,0.10981,0,1255.35,0.00280244,0.172981,0.781956,0.471036,0.05,300,300,300,300,300,300,82,130,164,49,53,61,44,48,56,0,9.78151,0.032605,2.63466e-24
dual_l0_c0,0,806,1,0.305245,0.0384176,-0.00797141,0.952894,1485.62,0.638241,4.94994,0.248183,0.0761432,0.0164621,0.0127603,0.0133321,0.234221,0.197935,0.255517,0.111323,0,1.0817e-10,0,300,0,0.248183,0.234221,0.255517,0.111323,0,1484.98,0.00280244,0.172981,0.781956,0.471036,0.05,300,300,300,300,300,300,130,300,300,50,54,98,37,52,60,0,21.8909,0.0729698,4.35589e-09
dual_l0_c0,0,807,1,0.485084,0.180565,-0.295958,1.04378,1922.87,0.860004,6.40669,0.292617,0.149162,0.0131148,0.0131573,0.0296967,0.421865,0.160614,0.504036,0.48589,0,1.07056e-28,20,60,1,0.369017,0.391858,0.406189,0.471342,1,1887.17,0.00280244,0.172981,0.781956,0.471036,0.05,300,300,300,300,300,300,56,60,90,43,47,55,40,44,52,0,61.2917,0.204306,6.6381e-05
dual_l0_c0,0,808,1,0.439711,0.0666559,0.215005,0.942294,1313.96,1.01214,4.3765,0.317429,0.0144862,0.0209578,0.0123802,0.0119248,0.19612,0.117774,0.449898,0.163281,1,1,1,124,1,0.139062,0.361592,0.367766,0.175828,1,1300.81,0.00280244,0.172981,0.781956,0.471036,0.05,300,300,300,300,300,300,50,124,132,48,52,60,45,49,57,0,2.42906,0.00809688,3.59961e-15
dual_l0_c0,0,809,6,0.389046,0.0824239,-0.482632,1.0217,1507.06,2.34437,5.01571,0.505738,0.34566,0.0140808,0.0172907,0.0306064,0.363783,0.383248,0.420225,0.67394,1,1,24,70,1,0.564011,0.362036,0.381588,0.580609,0,1432.96,0.00280244,0.172981,0.781956,0.471036,0.05,300,300,300,300,300,300,66,70,78,54,58,66,42,46,66,0,18.7745,0.0625818,-0
dual_l0_c0,0,810,1,0.456479,0.128911,-0.433576,0.967376,1036.99,1.87476,3.4504,0.417754,0.310879,0.037898,0.00707844,0.0330261,0.524817,0.26089,0.575386,0.534471,0,6.4273e-29,0,115,1,0.491043,0.728608,0.587248,0.50838,0,985.57,0.00280244,0.172981,0.781956,0.471036,0.05,300,300,300,300,300,300,72,115,194,48,52,60,34,38,46,0,12.5293,0.0417644,1.54252e-15
dual_l0_c0,0,811,0,0.572395,0.15985,-0.330248,1.0155,1807.08,1.35121,6.01909,0.352043,0.151111,0.0505518,0.0159513,0.0461677,0.236949,0.27317,0.642849,0.5647,1,1,20,188,1,0.31461,0.211748,0.810586,0.468768,1,1784.23,0.00280244,0.172981,0.781956,0.471036,0.05,300,300,300,300,300,300,75,188,196,49,53,61,46,50,58,0,22.6515,0.0755052,1.95278e-38
dual_l0_c0,0,812,5,0.524129,0.124792,-0.204363,0.990091,1269.31,1.86276,4.22483,0.424901,0.031925,0.0221466,0.00726382,0.0192052,0.130462,0.198581,0.500388,0.353045,1,1,18,146,1,0.417836,0.380727,0.546727,0.285378,1,1247.76,0.00280244,0.172981,0.781956,0.471036,0.05,300,300,300,300,300,300,99,146,300,41,45,53,37,41,49,0,10.9572,0.0365241,5.87646e-38
dual_l0_c0,0,813,4,0.519853,0.169155,-0.00595498,0.946285,2316.38,0.167549,7.72072,0.130462,0.0194404,0.0319143,0.00396194,0.0446387,0.196353,0.068755,0.49735,0.198284,1,1,32,81,1,0.259941,0.389294,0.530314,0.247689,1,2304.02,0.00280244,0.172981,0.781956,0.471036,0.05,300,300,300,300,300,300,77,81,300,58,76,84,46,50,58,0,7.59114,0.0253038,-0
dual_l0_c0,0,814,7,0.359865,0.121006,0.444119,1.03749,1327.05,0.2519,4.42267,0.145287,0.0158766,0.0391178,0.0170595,0.0216588,0.455169,0.196378,0.362315,0.294344,1,1,0,200,1,0.177911,0.425776,0.149431,0.318553,1,1318.17,0.00280244,0.172981,0.781956,0.471036,0.05,300,300,300,300,300,300,196,200,300,69,73,149,40,44,64,0,4.88254,0.0162751,-0
dual_l0_c0,0,815,2,0.25776,0.156671,-0.13721,1.06521,1026.66,0.603721,3.42017,0.253749,0.0318352,0.0130083,0.0145467,0.0326513,0.295189,0.203121,0.303819,0.257065,1,1,0,55,1,0.365354,0.279281,0.150591,0.150751,1,998.006,0.00280244,0.172981,0.781956,0.471036,0.05,300,300,300,300,300,300,51,55,63,40,44,52,33,37,45,0,10.1038,0.0336793,2.315e-20
dual_l0_c0,0,816,0,0.249901,0.101635,0.144713,1.06987,1207.3,0.0683206,4.02412,0.0647707,0.0191408,0.0304734,0.00282855,0.0235779,0.157715,0.0593428,0.378928,0.0492537,1,1,19,217,1,0.0732652,0.401078,0.352775,0.0396273,1,1204.7,0.00280244,0.172981,0.781956,0.471036,0.05,300,300,300,300,300,300,84,217,225,57,61,69,39,43,65,0,8.41096,0.0280365,-0
dual_l0_c0,0,817,6,0.353388,0.0222226,-0.186253,0.902278,2413.44,10.2476,8.01065,1.0447,0.573011,0.0182433,0.0217538,0.032126,0.208483,0.368303,0.469648,0.231267,1,1,28,300,0,1.0447,0.208483,0.469648,0.231267,1,2403.19,0.00280244,0.172981,0.781956,0.471036,0.05,300,300,300,300,300,300,300,300,300,50,54,62,37,41,49,0,23.6712,0.078904,-0
dual_l0_c0,0,818,1,0.48432,0.117112,-0.0454739,1.00946,1789.44,0.17027,5.96423,0.126657,0.0138835,0.0196176,0.0166064,0.0148523,0.195121,0.194044,0.513867,0.196185,0,3.47687e-12,17,72,1,0.317968,0.394903,0.440902,0.136608,1,1775.59,0.00280244,0.172981,0.781956,0.471036,0.05,300,300,300,300,300,300,60,72,300,55,59,67,45,49,57,0,18.6426,0.0621421,4.19166e-08
dual_l0_c0,0,819,5,0.419893,0.137835,0.0563012,0.961882,1548.98,0.153762,5.16274,0.122532,0.0267068,0.0209001,0.00506083,0.0178484,0.216041,0.141868,0.326152,0.0116047,1,1,14,78,1,0.187159,0.423201,0.315033,0.0941079,1,1537.71,0.00280244,0.172981,0.781956,0.471036,0.05,300,300,300,300,300,300,74,78,300,48,52,60,45,49,57,0,13.366,0.0445533,5.19566e-39
dual_l0_c0,0,820,3,0.394152,0.0566592,0.103067,0.965742,1408.1,0.547568,4.69183,0.202462,0.0236933,0.0280425,0.00552269,0.026578,0.399554,0.322538,0.315702,0.0559285,1,1,1,123,1,0.159944,0.158282,0.500977,0.0606479,1,1399.34,0.00280244,0.172981,0.781956,0.471036,0.05,300,300,300,300,300,300,119,123,257,50,54,62,48,52,60,0,11.3292,0.0377641,6.05866e-38
dual_l0_c0,0,821,0,0.167401,0.141043,-0.0374883,0.932262,963.056,0.628425,3.20809,0.260691,0.0448527,0.0307065,0.0153287,0.0258282,0.342892,0.152284,0.28317,0.124277,1,1,0,85,1,0.206108,0.401133,0.203302,0.146666,1,947.841,0.00280244,0.172981,0.781956,0.471036,0.05,300,300,300,300,300,300,81,85,207,47,51,59,40,44,52,0,7.87184,0.0262395,-0
dual_l0_c0,0,822,5,0.387438,0.184524,0.480969,0.987695,1419.71,0.768261,4.72982,0.272696,0.0175561,0.0245997,0.00909265,0.0412349,0.624034,0.0983944,0.346186,0.209707,1,1,9,300,0,0.272696,0.624034,0.346186,0.209707,1,1418.95,0.00280244,0.172981,0.781956,0.471036,0.05,300,300,300,300,300,300,159,300,300,71,75,83,43,47,55,0,12.4564,0.0415213,-0
dual_l0_c0,0,823,6,0.472602,0.126764,0.202872,1.09261,1235.44,0.158642,4.11762,0.140698,0.0165023,0.0182392,0.0135051,0.0175718,0.229522,0.115131,0.407207,0.147059,1,1,9,252,1,0.108012,0.499225,0.386609,0.0743088,1,1232.19,0.00280244,0.172981,0.781956,0.471036,0.05,300,300,300,300,300,300,77,252,300,66,70,78,43,47,73,0,14.8636,0.0495454,-0
dual_l0_c0,0,824,2,0.458536,0.152934,0.0986208,0.949484,1328.69,0.133782,4.42853,0.107796,0.0119716,0.0295574,0.0149005,0.0462366,0.245654,0.137,0.44695,0.0671885,1,1,4,107,1,0.141224,0.32843,0.661116,0.0812773,1,1320.85,0.00280244,0.172981,0.781956,0.471036,0.05,300,300,300,300,300,300,50,107,146,46,50,58,40,44,52,0,17.1592,0.0571972,3.10104e-06
dual_l0_c0,0,825,4,0.0794371,0.162089,-0.278794,0.992865,2407.89,1.74634,8.02048,0.413172,0.250539,0.0290683,0.0128763,0.0356223,0.52022,0.137158,0.26378,0.413728,1,1,38,146,1,0.545553,0.516949,0.266319,0.467197,1,2367.29,0.00280244,0.172981,0.781956,0.471036,0.05,300,300,300,300,300,300,63,146,154,53,57,65,51,55,63,0,18.2758,0.0609193,-0
dual_l0_c0,0,826,1,0.35718,0.127833,-0.0811559,1.07967,1464.19,0.105581,4.88029,0.112848,0.112848,0.0129142,0.00830718,0.0288569,0.143793,0.136644,0.395429,0.295847,0,4.98184e-31,8,115,1,0.17083,0.359402,0.432882,0.11578,0,1450.49,0.00280244,0.172981,0.781956,0.471036,0.05,300,300,300,300,300,300,111,115,300,63,67,75,49,53,61,0,14.3444,0.0478146,0.126682
dual_l0_c0,0,827,6,0.610618,0.164015,0.138438,1.07993,1903.14,0.288914,6.34283,0.189343,0.0225228,0.0292188,0.0180106,0.0588798,0.374119,0.211899,0.751808,0.173626,1,1,14,114,1,0.113392,0.234734,0.756681,0.0846914,1,1894.19,0.00280244,0.172981,0.781956,0.471036,0.05,300,300,300,300,300,300,110,114,154,55,59,67,47,51,59,0,22.7312,0.0757708,-0
dual_l0_c0,0,828,0,0.313677,0.0845992,0.462677,1.05644,1084.55,0.558049,3.61332,0.225259,0.0290653,0.0227277,0.00452885,0.050894,0.40414,0.103084,0.261295,0.243126,1,1,12,300,0,0.225259,0.40414,0.261295,0.243126,1,1084,0.00280244,0.172981,0.781956,0.471036,0.05,300,300,300,300,300,300,224,300,300,62,73,91,40,44,52,0,9.07609,0.0302536,-0
dual_l0_c0,0,829,7,0.326929,0.0336802,0.0416632,0.955716,1964.97,0.117793,6.5495,0.0799179,0.0327264,0.015263,0.0133599,0.0442129,0.416174,0.195199,0.344622,0.0906684,1,1,10,142,1,0.189751,0.222156,0.438737,0.0923794,1,1958.88,0.00280244,0.172981,0.781956,0.471036,0.05,300,300,300,300,300,300,130,142,300,53,57,91,39,43,51,0,18.4708,0.0615692,-0
dual_l0_c0,0,830,0,0.377661,0.152353,-0.346986,1.00137,1845.23,3.22747,6.14001,0.579815,0.149298,0.0163626,0.0111192,0.0390369,0.545749,0.0744242,0.390315,0.404885,1,1,3,57,1,0.553447,0.390279,0.42992,0.391102,1,1787.83,0.00280244,0.172981,0.781956,0.471036,0.05,300,300,300,300,300,300,53,57,242,40,53,61,37,41,49,0,10.1766,0.033922,-0
dual_l0_c0,0,831,0,0.39611,0.121569,-0.16665,1.06354,1462.08,1.82915,4.86752,0.436436,0.141154,0.0172033,0.0139652,0.030388,0.414441,0.134916,0.599995,0.21289,1,1,19,256,1,0.322509,0.176869,0.402244,0.365378,1,1454.11,0.00280244,0.172981,0.781956,0.471036,0.05,300,300,300,300,300,300,76,256,264,47,51,59,43,47,55,0,15.1724,0.0505745,3.49223e-40
dual_l0_c0,0,832,1,0.38693,0.184564,0.20988,1.03718,1291.99,0.0344953,4.30653,0.0383765,0.0144029,0.0192673,0.011931,0.055761,0.184724,0.180249,0.418048,0.0565521,0,2.30403e-24,0,225,1,0.0490963,0.476614,0.472836,0.158937,0,1287.2,0.00280244,0.172981,0.781956,0.471036,0.05,300,300,300,300,300,300,122,225,300,47,51,70,38,49,57,0,13.587,0.0452899,5.76318e-19
dual_l0_c0,0,833,6,0.391267,0.0105634,0.469422,1.09272,2298.09,0.0852445,7.66003,0.106409,0.0298402,0.0131305,0.0132039,0.0147394,0.546589,0.402336,0.528025,0.458639,1,1,18,300,0,0.106409,0.546589,0.528025,0.458639,1,2298.01,0.00280244,0.172981,0.781956,0.471036,0.05,300,300,300,300,300,300,103,300,300,86,96,104,43,47,55,0,8.8083,0.029361,-0
dual_l0_c0,0,834,2,0.426106,0.0201026,0.289329,1.03014,1316.75,0.295413,4.38819,0.176129,0.0115419,0.0236532,0.0111078,0.0470695,0.30028,0.072613,0.349683,0.101737,0,4.86618e-05,21,300,0,0.176129,0.30028,0.349683,0.101737,0,1316.46,0.00280244,0.172981,0.781956,0.471036,0.05,300,300,300,300,300,300,300,300,300,76,101,109,32,36,44,0,27.3598,0.0911994,0.000531877
dual_l0_c0,0,835,3,0.287761,0.0292863,0.468119,1.09875,981.016,0.474198,3.26847,0.213241,0.0182546,0.0279991,0.0224771,0.0350837,0.157336,0.102093,0.523478,0.333087,1,0.998549,1,300,0,0.213241,0.157336,0.523478,0.333087,1,980.542,0.00280244,0.172981,0.781956,0.471036,0.05,300,300,300,300,300,300,289,300,300,52,84,113,48,52,60,0,32.6702,0.108901,0.0109299
dual_l0_c0,0,836,2,0.388704,0.170389,-0.173174,1.05335,1057.19,1.493,3.51898,0.393141,0.190743,0.015843,0.0183209,0.0396513,0.12372,0.0294027,0.31533,0.353826,1,1,5,134,1,0.219226,0.0768703,0.473921,0.379283,1,1037.26,0.00280244,0.172981,0.781956,0.471036,0.05,300,300,300,300,300,300,102,134,296,44,48,56,35,39,47,0,15.5522,0.0518407,1.61292e-28
dual_l0_c0,0,837,0,0.403324,0.0567684,0.133347,1.01466,1078.39,1.56614,3.58941,0.413105,0.0515521,0.0243037,0.00975762,0.0191797,0.102987,0.276084,0.281078,0.377547,1,1,6,108,1,0.270975,0.275881,0.485571,0.0364599,1,1043.43,0.00280244,0.172981,0.781956,0.471036,0.05,300,300,300,300,300,300,87,108,300,51,55,63,35,39,47,0,7.89231,0.0263077,-0
dual_l0_c0,0,838,6,0.602354,0.151865,0.417661,0.908631,945.379,0.476809,3.14967,0.229483,0.00652452,0.0435178,0.0108781,0.0352177,0.516074,0.104194,0.734743,0.217846,1,1,2,116,1,0.106118,0.379243,0.695012,0.241135,1,928.426,0.00280244,0.172981,0.781956,0.471036,0.05,300,300,300,300,300,300,112,116,300,63,74,82,35,39,58,0,12.4346,0.0414488,-0
dual_l0_c0,0,839,2,0.48079,0.142984,-0.408274,1.07362,1241.1,0.806658,4.13433,0.287521,0.287521,0.0202995,0.00931828,0.0474103,0.170053,0.281402,0.69662,0.469138,1,1,3,53,1,0.817115,0.928405,0.825643,0.345915,1,1157.37,0.00280244,0.172981,0.781956,0.471036,0.05,300,300,300,300,300,300,49,53,190,43,47,55,38,42,50,0,9.46066,0.0315355,-0
dual_l0_c0,0,840,5,0.279498,0.175616,0.220345,0.95872,1204.1,0.0122733,4.01362,0.0401081,0.0176714,0.0258648,0.0089253,0.0138906,0.121765,0.212848,0.286904,0.26378,1,1,0,97,1,0.10376,0.293904,0.264762,0.0564251,1,1191.79,0.00280244,0.172981,0.781956,0.471036,0.05,300,300,300,300,300,300,67,97,226,49,53,61,29,33,57,0,7.90497,0.0263499,-0
dual_l0_c0,0,841,0,0.151167,0.0360862,-0.246412,0.957651,954.373,2.7817,3.17197,0.545782,0.159516,0.026603,0.00934644,0.0313342,0.0778205,0.223379,0.174609,0.397922,1,1,13,85,1,0.416102,0.572663,0.236283,0.325053,1,907.894,0.00280244,0.172981,0.781956,0.471036,0.05,300,300,300,300,300,300,52,85,250,45,49,57,38,42,50,0,12.4347,0.041449,-0
dual_l0_c0,0,842,1,0.445061,0.0370951,0.424494,1.07657,1358.7,0.295798,4.52801,0.180155,0.0609515,0.0270244,0.0139332,0.0368659,0.622908,0.0352755,0.329868,0.380988,1,1,10,300,0,0.180155,0.622908,0.329868,0.380988,1,1358.4,0.00280244,0.172981,0.781956,0.471036,0.05,300,300,300,300,300,300,127,300,300,67,107,273,48,70,78,0,10.3452,0.034484,4.24197e-28
dual_l0_c0,0,843,7,0.33839,0.14585,0.112182,0.943033,1486.9,0.0918371,4.95603,0.0821645,0.0143427,0.0136097,0.00848381,0.0256178,0.256439,0.142632,0.352845,0.0922846,1,1,0,160,1,0.179552,0.152409,0.494636,0.069525,1,1479.42,0.00280244,0.172981,0.781956,0.471036,0.05,300,300,300,300,300,300,71,160,168,51,55,74,44,48,56,0,10.5202,0.0350672,-0
dual_l0_c0,0,844,2,0.159237,0.0476511,0.0134481,1.09862,1177.69,0.436005,3.92419,0.204307,0.0473758,0.0366742,0.0116626,0.0289205,0.317958,0.0829164,0.3319,0.284752,1,1,0,171,1,0.191095,0.240059,0.339012,0.084474,1,1168.74,0.00280244,0.172981,0.781956,0.471036,0.05,300,300,300,300,300,300,110,171,265,51,55,63,48,52,60,0,8.41367,0.0280456,2.63849e-17
dual_l0_c0,0,845,5,0.536783,0.00946951,0.48795,0.945302,1734.99,1.34023,5.77882,0.381001,0.250443,0.0298549,0.00723419,0.0353688,0.436885,0.220321,0.748028,0.366382,1,1,0,300,0,0.381001,0.436885,0.748028,0.366382,1,1733.64,0.00280244,0.172981,0.781956,0.471036,0.05,300,300,300,300,300,300,300,300,300,226,249,300,51,67,90,0,10.7599,0.0358665,-0
dual_l0_c0,0,846,2,0.434186,0.186254,-0.139164,0.921685,939.397,0.816123,3.1286,0.303569,0.110448,0.0131205,0.0071338,0.0415866,0.197341,0.158268,0.475401,0.177065,1,1,0,73,1,0.330986,0.20933,0.49959,0.303576,1,922.692,0.00280244,0.172981,0.781956,0.471036,0.05,300,300,300,300,300,300,61,73,235,49,53,61,44,48,56,0,0.655502,0.00218501,-0
dual_l0_c0,0,847,1,0.472957,0.0346583,-0.100987,1.07466,1817.95,1.23083,6.05574,0.362032,0.359977,0.0197408,0.0136462,0.0371261,0.215923,0.186351,0.362585,0.484243,0,0,0,300,0,0.362032,0.215923,0.362585,0.484243,0,1816.72,0.00280244,0.172981,0.781956,0.471036,0.05,300,300,300,300,300,300,300,300,300,159,181,206,44,61,69,0,14.2995,0.047665,-0
dual_l0_c0,0,848,5,0.320592,0.136682,-0.22648,1.01501,1615.37,1.53547,5.37945,0.400438,0.145028,0.0509497,0.00958301,0.0454109,0.202989,0.134626,0.512313,0.472791,1,1,0,158,1,0.455503,0.107227,0.386037,0.387679,1,1587.92,0.00280244,0.172981,0.781956,0.471036,0.05,300,300,300,300,300,300,154,158,300,69,73,81,46,50,58,0,12.7795,0.0425985,3.07123e-27
dual_l0_c0,0,849,5,0.378854,0.198973,0.166071,0.952538,1283.22,0.145252,4.27691,0.153282,0.0272708,0.0194161,0.00845409,0.0354948,0.48084,0.147074,0.297754,0.13028,1,1,9,138,1,0.0835856,0.314222,0.447311,0.0618879,1,1276.24,0.00280244,0.172981,0.781956,0.471036,0.05,300,300,300,300,300,300,72,138,146,56,60,68,40,49,57,0,8.97573,0.0299191,-0
dual_l0_c0,0,850,6,0.381463,0.0276594,0.0957774,1.08391,924.511,0.484678,3.08009,0.222559,0.0679249,0.0232266,0.00730731,0.0122504,0.274789,0.162103,0.37232,0.152874,1,1,0,91,1,0.250507,0.216678,0.405497,0.056161,1,911.126,0.00280244,0.172981,0.781956,0.471036,0.05,300,300,300,300,300,300,87,91,300,45,55,79,43,47,55,0,5.13422,0.0171141,-0
dual_l0_c0,0,851,7,0.334837,0.0274425,-0.0647744,0.948919,2159.84,2.95288,7.18962,0.549013,0.279208,0.0268456,0.0144594,0.0622738,0.190684,0.156978,0.42201,0.411048,1,1,21,300,0,0.549013,0.190684,0.42201,0.411048,1,2156.89,0.00280244,0.172981,0.781956,0.471036,0.05,300,300,300,300,300,300,300,300,300,60,64,72,48,52,60,0,14.0971,0.0469905,-0
dual_l0_c0,0,852,6,0.421517,0.120578,-0.0931647,1.08977,1386.22,0.87408,4.61782,0.277578,0.0328499,0.0243336,0.0229223,0.0319141,0.218434,0.301446,0.29473,0.21839,1,1,1,191,1,0.319171,0.343789,0.424734,0.214966,1,1372.73,0.00280244,0.172981,0.781956,0.471036,0.05,300,300,300,300,300,300,76,191,300,44,48,82,41,45,53,0,17.3527,0.0578424,-0
dual_l0_c0,0,853,1,0.311523,0.0617809,-0.455853,1.01902,1745.86,6.02687,5.79946,0.763772,0.434345,0.0270271,0.0126826,0.0504438,0.551193,0.106474,0.497283,0.43774,0,3.4044e-11,0,54,1,0.616665,0.691032,0.281533,0.536978,1,1655.22,0.00280244,0.172981,0.781956,0.471036,0.05,300,300,300,300,300,300,50,54,84,48,52,60,37,47,55,0,10.9548,0.0365159,8.20575e-10
dual_l0_c0,0,854,6,0.29537,0.0480102,-0.0521529,0.991185,1525.22,0.394922,5.08276,0.188668,0.0421851,0.0302016,0.00885025,0.0310015,0.283329,0.0734398,0.312728,0.199684,1,1,4,149,1,0.349056,0.404115,0.431517,0.123353,1,1502.22,0.00280244,0.172981,0.781956,0.471036,0.05,300,300,300,300,300,300,87,149,300,58,62,70,41,55,63,0,11.765,0.0392168,-0
dual_l0_c0,0,855,7,0.429874,0.0706744,0.363202,1.09067,1251.56,0.311616,4.17082,0.178013,0.0214273,0.0411278,0.0198154,0.0471769,0.343542,0.0943732,0.481372,0.246278,1,1,10,287,1,0.110942,0.279747,0.582292,0.1765,1,1250.31,0.00280244,0.172981,0.781956,0.471036,0.05,300,300,300,300,300,300,82,287,300,53,57,91,37,41,49,0,12.34,0.0411332,-0
dual_l0_c0,0,856,2,0.457109,0.146808,0.463226,0.902473,1012.04,0.190846,3.37282,0.144854,0.0531907,0.0359593,0.00492545,0.0331869,0.205789,0.130133,0.584593,0.479296,1,1,0,300,0,0.144854,0.205789,0.584593,0.479296,1,1011.85,0.00280244,0.172981,0.781956,0.471036,0.05,300,300,300,300,300,300,130,300,300,48,66,74,41,45,53,0,5.44642,0.0181547,3.48981e-13
dual_l0_c0,0,857,7,0.354037,0.0225439,-0.0368642,1.08402,1801.99,0.161013,6.00609,0.124509,0.0507499,0.025083,0.00977157,0.0446804,0.161102,0.10211,0.434705,0.155451,1,1,24,161,1,0.0894774,0.265674,0.354682,0.0879108,1,1795.09,0.00280244,0.172981,0.781956,0.471036,0.05,300,300,300,300,300,300,74,161,300,58,62,70,46,50,58,0,10.0725,0.0335751,-0
dual_l0_c0,0,858,2,0.421919,0.14691,0.255608,1.06389,1498.58,0.156037,4.99476,0.126828,0.0190335,0.0210014,0.00690521,0.0156848,0.367878,0.13474,0.406121,0.0997272,0,0.000101764,17,144,1,0.0236359,0.352847,0.392663,0.216802,1,1488.34,0.00280244,0.172981,0.781956,0.471036,0.05,300,300,300,300,300,300,93,144,300,46,59,67,45,49,57,0,28.0732,0.0935773,0.00103729
dual_l0_c0,0,859,6,0.504864,0.0365977,-0.109758,0.940608,1862.9,2.17838,6.2024,0.489861,0.296198,0.0115341,0.0169626,0.0352879,0.165811,0.233813,0.623542,0.249605,1,1,14,300,0,0.489861,0.165811,0.623542,0.249605,1,1860.72,0.00280244,0.172981,0.781956,0.471036,0.05,300,300,300,300,300,300,63,300,300,57,61,69,46,59,67,0,20.9749,0.0699164,-0
dual_l0_c0,0,860,0,0.437348,0.153479,0.211605,1.09097,1432.69,0.134437,4.7752,0.119445,0.0105691,0.0267828,0.00616817,0.0313265,0.221213,0.0854328,0.343955,0.0837664,1,1,20,84,1,0.115957,0.314902,0.358037,0.13425,1,1418.92,0.00280244,0.172981,0.781956,0.471036,0.05,300,300,300,300,300,300,71,84,300,56,60,79,41,45,53,0,12.0774,0.0402581,-0
dual_l0_c0,0,861,2,0.27856,0.138386,-0.390223,1.0953,1936.79,1.58983,6.45067,0.425064,0.183446,0.0193325,0.0140037,0.0356451,0.27546,0.228513,0.257895,0.66872,1,0.993282,26,73,1,0.398651,0.253786,0.341845,0.513655,1,1880.26,0.00280244,0.172981,0.781956,0.471036,0.05,300,300,300,300,300,300,69,73,300,55,59,77,49,53,61,0,22.3355,0.0744518,0.0403073
dual_l0_c0,0,862,1,0.3085,0.109558,0.408378,0.918265,1191.58,0.304684,3.97092,0.186118,0.0327899,0.032548,0.0132687,0.0480954,0.433161,0.0462155,0.276303,0.272991,0,0.0952737,1,300,0,0.186118,0.433161,0.276303,0.272991,0,1191.28,0.00280244,0.172981,0.781956,0.471036,0.05,300,300,300,300,300,300,101,300,300,45,49,88,40,44,52,0,39.6225,0.132075,0.317848
dual_l0_c0,0,863,2,0.389533,0.0564667,-0.12818,0.996092,2058.62,1.37568,6.8575,0.374739,0.0684964,0.0180052,0.00967146,0.021329,0.343879,0.142869,0.35093,0.156009,0,0.414921,19,117,1,0.380008,0.263301,0.349032,0.198942,1,2040.8,0.00280244,0.172981,0.781956,0.471036,0.05,300,300,300,300,300,300,70,117,125,59,68,76,43,47,55,0,17.9114,0.0597048,0.6786
dual_l0_c0,0,864,4,0.40524,0.0580518,0.168918,0.980461,1735.61,0.0929276,5.78506,0.10122,0.0270344,0.00735242,0.00765726,0.0296422,0.321182,0.222938,0.220346,0.0978544,1,1,26,168,1,0.177503,0.172241,0.611029,0.196458,1,1727.4,0.00280244,0.172981,0.781956,0.471036,0.05,300,300,300,300,300,300,136,168,300,60,64,143,45,49,57,0,14.1344,0.0471147,-0
dual_l0_c0,0,865,2,0.375681,0.0461892,0.238564,1.01942,2336.16,0.248262,7.78638,0.155918,0.0166292,0.0264317,0.0121215,0.030916,0.32792,0.155571,0.542893,0.137005,1,1,26,300,0,0.155918,0.32792,0.542893,0.137005,1,2335.91,0.00280244,0.172981,0.781956,0.471036,0.05,300,300,300,300,300,300,122,300,300,70,74,111,52,56,77,0,18.6955,0.0623183,1.82037e-06
dual_l0_c0,0,866,4,0.552643,0.00757306,-0.18683,0.948606,1403.75,2.88657,4.66955,0.529645,0.179338,0.0299243,0.0180418,0.035878,0.455981,0.525714,0.489044,0.00590521,1,1,19,198,1,0.672108,0.380053,0.647417,0.420026,1,1361.91,0.00280244,0.172981,0.781956,0.471036,0.05,300,300,300,300,300,300,62,198,300,51,55,63,42,46,54,0,12.7553,0.0425175,-0
dual_l0_c0,0,867,5,0.348736,0.120268,0.00212038,1.06217,1234.71,0.539025,4.11389,0.198924,0.0520228,0.0398662,0.00882636,0.0420131,0.566895,0.172054,0.397581,0.0920731,1,1,16,119,1,0.252917,0.190079,0.495812,0.0973098,1,1220.07,0.00280244,0.172981,0.781956,0.471036,0.05,300,300,300,300,300,300,76,119,300,63,67,75,44,48,56,0,14.7937,0.0493125,-0
dual_l0_c0,0,868,5,0.509643,0.054392,-0.224315,1.033,2102.43,1.65037,7.0026,0.411893,0.0915708,0.00802866,0.00944098,0.0405685,0.473947,0.270486,0.497118,0.295065,1,1,0,62,1,0.333553,0.337264,0.414863,0.387994,1,2073.48,0.00280244,0.172981,0.781956,0.471036,0.05,300,300,300,300,300,300,58,62,300,48,52,60,45,49,57,0,14.3343,0.0477812,-0
dual_l0_c0,0,869,2,0.217777,0.082038,0.45201,1.0822,1132.58,0.314359,3.77422,0.150466,0.0137819,0.0221714,0.0207529,0.0490997,0.256391,0.160631,0.201251,0.352632,1,1,1,185,1,0.190131,0.641111,0.204624,0.205407,1,1115.93,0.00280244,0.172981,0.781956,0.471036,0.05,300,300,300,300,300,300,155,185,300,56,85,93,43,47,55,0,13.3001,0.0443337,2.57846e-17
dual_l0_c0,0,870,1,0.429883,0.0598224,-0.172056,1.03022,2252.54,2.39867,7.50047,0.506648,0.181538,0.0149781,0.00710772,0.0453934,0.208025,0.137601,0.24405,0.475253,1,0.999998,0,91,1,0.566338,0.44654,0.367839,0.167559,1,2208.85,0.00280244,0.172981,0.781956,0.471036,0.05,300,300,300,300,300,300,79,91,273,48,65,86,42,46,54,0,5.52921,0.0184307,2.87103e-05
dual_l0_c0,0,871,5,0.560839,0.126937,0.215858,1.01619,2012.08,0.0216486,6.70686,0.0417053,0.0417053,0.0224295,0.0189593,0.0463803,0.543284,0.226989,0.573893,0.0476003,1,1,0,261,1,0.0971857,0.340633,0.560871,0.0211053,1,2009.66,0.00280244,0.172981,0.781956,0.471036,0.05,300,300,300,300,300,300,112,261,300,46,55,63,45,49,57,0,6.64503,0.0221501,-0
dual_l0_c0,0,872,4,0.482018,0.0503292,-0.0580057,1.05323,2176.49,0.381702,7.25371,0.196558,0.0678887,0.041244,0.017221,0.03633,0.182265,0.0975345,0.531383,0.246443,1,1,39,123,1,0.279826,0.304731,0.544761,0.17844,1,2158.87,0.00280244,0.172981,0.781956,0.471036,0.05,300,300,300,300,300,300,72,123,131,52,66,89,47,51,59,0,7.71842,0.0257281,-0
dual_l0_c0,0,873,3,0.431019,0.0743655,-0.0898094,1.0067,2080.79,0.575375,6.93406,0.228577,0.127567,0.0308787,0.0181996,0.0431453,0.271304,0.193512,0.537592,0.1685,1,1,18,149,1,0.224744,0.157954,0.442959,0.246376,1,2054.09,0.00280244,0.172981,0.781956,0.471036,0.05,300,300,300,300,300,300,100,149,157,51,55,86,39,43,51,0,11.3626,0.0378754,5.51078e-27
dual_l0_c0,0,874,6,0.268922,0.106348,0.288603,0.957088,1503.46,0.251556,5.01071,0.145223,0.0144259,0.0301214,0.00393325,0.0316573,0.37729,0.152703,0.456813,0.0780516,1,1,7,300,0,0.145223,0.37729,0.456813,0.0780516,1,1503.21,0.00280244,0.172981,0.781956,0.471036,0.05,300,300,300,300,300,300,132,300,300,55,75,110,47,51,59,0,21.9221,0.0730737,-0
dual_l0_c0,0,875,0,0.471954,0.101091,-0.452273,1.06645,2168.7,2.93873,7.21922,0.526396,0.290368,0.0252476,0.0133693,0.0146565,0.644005,0.201192,0.523561,0.640939,1,1,0,97,1,0.543847,0.527778,0.525115,0.563361,1,2112.8,0.00280244,0.172981,0.781956,0.471036,0.05,300,300,300,300,300,300,61,97,138,52,56,64,45,49,57,0,5.43256,0.0181085,-0
dual_l0_c0,0,876,2,0.3649,0.198233,-0.134526,1.01432,1475.05,1.7235,4.9111,0.420148,0.126277,0.0314866,0.0133919,0.0382381,0.511852,0.109325,0.292392,0.206257,1,0.999922,0,79,1,0.216231,0.235426,0.162839,0.320084,1,1444.93,0.00280244,0.172981,0.781956,0.471036,0.05,300,300,300,300,300,300,58,79,300,53,57,65,46,50,58,0,21.5193,0.0717311,0.00081606
dual_l0_c0,0,877,3,0.37954,0.0145798,0.283342,0.948964,1535.31,0.377797,5.11643,0.19771,0.0159712,0.0253277,0.0109018,0.035356,0.435182,0.183875,0.509325,0.138815,0,1.09583e-35,20,234,1,0.0928113,0.412859,0.39909,0.0488054,0,1528.78,0.00280244,0.172981,0.781956,0.471036,0.05,300,300,300,300,300,300,52,234,300,50,54,62,46,50,58,0,16.0601,0.0535338,8.82135e-34
dual_l0_c0,0,878,5,0.475118,0.115818,-0.0245857,1.09613,2100.39,0.664493,6.99908,0.269223,0.0430439,0.0433535,0.0148638,0.0337568,0.198711,0.173771,0.507921,0.307725,1,1,0,176,1,0.107766,0.247261,0.419808,0.15685,1,2089.48,0.00280244,0.172981,0.781956,0.471036,0.05,300,300,300,300,300,300,90,176,300,56,60,68,43,47,55,0,21.1531,0.0705104,8.68359e-37
dual_l0_c0,0,879,3,0.504651,0.158588,-0.314461,0.959018,2099.79,1.94872,6.99281,0.448326,0.21714,0.0404435,0.00669363,0.0236186,0.190251,0.272054,0.71667,0.270609,0,0.127233,18,81,1,0.252158,0.389875,0.564635,0.618411,1,2051.15,0.00280244,0.172981,0.781956,0.471036,0.05,300,300,300,300,300,300,68,81,131,48,52,60,38,42,50,0,21.2223,0.070741,0.381093
dual_l0_c0,0,880,4,0.436731,0.0298207,-0.294953,1.01962,940.223,4.59643,3.11875,0.671878,0.258283,0.0180439,0.0148306,0.0199278,0.557417,0.298631,0.416526,0.371721,1,1,15,128,1,0.565557,0.391586,0.413727,0.423395,1,885.709,0.00280244,0.172981,0.781956,0.471036,0.05,300,300,300,300,300,300,124,128,136,61,65,73,27,31,57,0,12.0442,0.0401475,-0
dual_l0_c0,0,881,0,0.512689,0.127421,0.0788076,0.910898,2151.79,0.136042,7.17218,0.105643,0.0132406,0.0213677,0.012146,0.0143437,0.291716,0.177158,0.547251,0.108254,1,1,0,77,1,0.162075,0.319218,0.616885,0.107449,1,2141.76,0.00280244,0.172981,0.781956,0.471036,0.05,300,300,300,300,300,300,73,77,262,52,56,76,42,46,54,0,5.72518,0.0190839,-0
dual_l0_c0,0,882,7,0.237535,0.186124,0.414372,0.939362,1577.09,0.298791,5.25597,0.202386,0.0368815,0.0495228,0.00930629,0.0145788,0.48018,0.0370425,0.298682,0.197399,1,1,6,230,1,0.181228,0.204364,0.43677,0.350695,1,1567.58,0.00280244,0.172981,0.781956,0.471036,0.05,300,300,300,300,300,300,144,230,300,69,73,81,42,46,54,0,15.057,0.05019,-0
dual_l0_c0,0,883,6,0.429178,0.0894109,0.428806,0.911696,1022.63,0.0555633,3.40858,0.0517401,0.0246479,0.0157954,0.0114565,0.0266039,0.384676,0.123246,0.575005,0.196903,1,1,0,267,1,0.206811,0.189998,0.441921,0.130876,1,1018.48,0.00280244,0.172981,0.781956,0.471036,0.05,300,300,300,300,300,300,82,267,300,69,73,81,30,48,56,0,5.88953,0.0196318,-0
dual_l0_c0,0,884,3,0.435311,0.154857,-0.131559,1.05061,2439.28,0.216857,8.13022,0.150206,0.0888061,0.0376043,0.00761899,0.0223588,0.167125,0.0675484,0.445778,0.271679,1,1,21,110,1,0.483392,0.216698,0.432857,0.398312,1,2415.19,0.00280244,0.172981,0.781956,0.471036,0.05,300,300,300,300,300,300,106,110,300,55,59,67,53,57,65,0,4.66987,0.0155662,-0
dual_l0_c0,0,885,0,0.472594,0.110806,0.38847,0.980243,1170.56,0.277243,3.90093,0.187452,0.0238748,0.02742,0.0120031,0.0153002,0.440955,0.105861,0.632597,0.130721,1,1,18,300,0,0.187452,0.440955,0.632597,0.130721,1,1170.28,0.00280244,0.172981,0.781956,0.471036,0.05,300,300,300,300,300,300,137,300,300,72,76,84,32,50,58,0,16.4142,0.0547141,3.62393e-37
dual_l0_c0,0,886,7,0.395142,0.174312,0.062084,0.969971,2033.52,0.296906,6.77742,0.19783,0.0284885,0.0124737,0.00909638,0.0254541,0.306369,0.174593,0.431277,0.146529,1,1,23,71,1,0.107678,0.115106,0.526903,0.135533,1,2017.47,0.00280244,0.172981,0.781956,0.471036,0.05,300,300,300,300,300,300,59,71,300,50,59,67,43,47,55,0,12.8628,0.042876,-0
dual_l0_c0,0,887,5,0.1779,0.118275,-0.397964,1.01332,1210.58,1.85364,4.02908,0.445354,0.218314,0.0304662,0.0156658,0.0126362,0.376767,0.245795,0.297221,0.555054,1,1,23,78,1,0.432756,0.422201,0.315023,0.546594,1,1151.89,0.00280244,0.172981,0.781956,0.471036,0.05,300,300,300,300,300,300,62,78,300,48,52,60,41,45,53,0,7.24627,0.0241542,8.95907e-34
dual_l0_c0,0,888,5,0.393746,0.174351,-0.375597,1.05824,992.666,1.43928,3.30409,0.372403,0.16885,0.013464,0.00858712,0.0154289,0.349709,0.180558,0.394995,0.571621,1,1,15,80,1,0.41535,0.149972,0.414216,0.41968,1,936.636,0.00280244,0.172981,0.781956,0.471036,0.05,300,300,300,300,300,300,55,80,88,49,53,61,43,47,55,0,11.4149,0.0380498,-0
dual_l0_c0,0,889,6,0.458996,0.19599,-0.438294,0.905268,1635.79,4.06537,5.43908,0.627029,0.352417,0.0334,0.0171729,0.0360581,0.715604,0.228853,0.591828,0.562998,1,1,9,80,1,0.477485,0.585273,0.228669,0.46849,1,1548.73,0.00280244,0.172981,0.781956,0.471036,0.05,300,300,300,300,300,300,67,80,291,46,50,69,38,42,50,0,12.3907,0.0413025,-0
dual_l0_c0,0,890,1,0.330218,0.146939,0.324878,0.966639,1894.85,0.0364415,6.31603,0.0656331,0.0280271,0.0127825,0.0116829,0.0339094,0.572477,0.0845698,0.302539,0.0948733,0,3.31752e-23,16,150,1,0.104737,0.470252,0.505285,0.224832,1,1884,0.00280244,0.172981,0.781956,0.471036,0.05,300,300,300,300,300,300,88,150,300,67,71,79,44,48,56,0,17.8715,0.0595717,4.2321e-17
dual_l0_c0,0,891,0,0.286179,0.102223,0.288146,1.04632,1528.26,0.0103828,5.09417,0.0472761,0.0296196,0.0400204,0.00605282,0.0232927,0.360393,0.132408,0.216249,0.255577,1,1,17,118,1,0.118837,0.196654,0.43579,0.2211,1,1516,0.00280244,0.172981,0.781956,0.471036,0.05,300,300,300,300,300,300,99,118,126,54,63,71,41,45,53,0,18.0689,0.0602296,-0
dual_l0_c0,0,892,2,0.387395,0.0163875,-0.116647,1.07003,2197.9,2.0119,7.31962,0.449192,0.174247,0.0111814,0.0125186,0.0220788,0.196136,0.255199,0.155546,0.246409,1,1,0,67,1,0.26195,0.24142,0.252797,0.107299,1,2155.83,0.00280244,0.172981,0.781956,0.471036,0.05,300,300,300,300,300,300,63,67,84,55,59,67,49,53,61,0,7.85184,0.0261728,6.82412e-09
dual_l0_c0,0,893,0,0.342241,0.0828557,-0.150676,1.05757,1440.21,1.10339,4.79703,0.352313,0.142351,0.0174226,0.016549,0.0346385,0.293265,0.142159,0.35613,0.183037,1,1,21,200,1,0.435684,0.148334,0.183459,0.27346,1,1426.1,0.00280244,0.172981,0.781956,0.471036,0.05,300,300,300,300,300,300,129,200,300,49,53,86,41,45,53,0,16.119,0.0537301,8.2018e-42
dual_l0_c0,0,894,2,0.298734,0.115594,-0.0317477,1.09786,993.716,0.644108,3.31024,0.267998,0.0352345,0.0146546,0.0103201,0.0483079,0.138549,0.0697729,0.346835,0.130668,0,1.4013e-45,0,97,1,0.0988531,0.307619,0.212074,0.115783,0,978.819,0.00280244,0.172981,0.781956,0.471036,0.05,300,300,300,300,300,300,72,97,295,48,52,60,36,50,58,0,17.1324,0.0571081,7.74123e-21
dual_l0_c0,0,895,3,0.260466,0.164719,-0.0892708,0.924657,1988.3,0.936234,6.62456,0.317033,0.0428803,0.0148499,0.0120139,0.0116677,0.287854,0.144356,0.423656,0.272513,0,1.7337e-08,18,123,1,0.288405,0.103097,0.32265,0.301815,0,1975.85,0.00280244,0.172981,0.781956,0.471036,0.05,300,300,300,300,300,300,82,123,291,77,81,89,38,42,50,0,39.8839,0.132946,3.0982e-07
dual_l0_c0,0,896,2,0.473934,0.138293,0.149011,0.952225,1330.98,0.28212,4.43565,0.143077,0.0126255,0.0405773,0.0186655,0.0187728,0.224726,0.122476,0.556991,0.120304,0,0,-1,145,1,0.0962148,0.305504,0.505529,0.136547,0,1325.05,0.00280244,0.172981,0.781956,0.471036,0.05,300,300,300,300,300,300,112,145,300,57,70,108,47,51,59,0,3.46455,0.0115485,-0
dual_l0_c0,0,897,2,0.488462,0.0780461,-0.47111,1.08535,1295.91,2.97715,4.30976,0.540864,0.309639,0.0333092,0.00570501,0.0284405,0.615989,0.327199,0.634525,0.603734,1,1,0,148,1,0.388846,0.536094,0.518716,0.524706,1,1206.07,0.00280244,0.172981,0.781956,0.471036,0.05,300,300,300,300,300,300,144,148,156,44,48,56,32,36,44,0,13.4884,0.0449612,-0
dual_l0_c0,0,898,3,0.550929,0.0522845,0.105232,1.07207,1952.72,0.216665,6.50834,0.150672,0.0354485,0.0240929,0.0121219,0.0362111,0.317904,0.157171,0.651414,0.127853,1,1,16,212,1,0.0600013,0.240517,0.618772,0.0849731,1,1949.56,0.00280244,0.172981,0.781956,0.471036,0.05,300,300,300,300,300,300,149,212,300,69,73,81,38,42,67,0,15.1772,0.0505908,1.50125e-11
dual_l0_c0,0,899,2,0.526486,0.118628,-0.182159,1.07185,1451.96,1.82896,4.83378,0.436586,0.125571,0.0262867,0.00974942,0.0412854,0.283623,0.0535857,0.423616,0.332381,1,1,1,59,1,0.176183,0.262574,0.379313,0.234525,1,1404.54,0.00280244,0.172981,0.781956,0.471036,0.05,300,300,300,300,300,300,55,59,141,47,51,59,32,36,44,0,12.6608,0.0422025,4.93839e-11
dual_l0_c0,0,900,1,0.42967,0.131506,0.221629,0.939852,1391,0.0121172,4.63664,0.0127347,0.0127347,0.0386217,0.00989297,0.0327487,0.358405,0.125075,0.453251,0.0492033,0,2.03023e-12,0,144,1,0.240882,0.226053,0.34502,0.182395,1,1384.23,0.00280244,0.172981,0.781956,0.471036,0.05,300,300,300,300,300,300,67,144,152,52,56,64,41,45,53,0,7.44972,0.0248324,5.46597e-11
dual_l0_c0,0,901,0,0.389156,0.0632309,0.0228539,0.931275,1532.18,1.31421,5.10287,0.364888,0.0261862,0.00752456,0.0123737,0.0193133,0.255952,0.156498,0.5783,0.0945125,1,1,19,300,0,0.364888,0.255952,0.5783,0.0945125,1,1530.86,0.00280244,0.172981,0.781956,0.471036,0.05,300,300,300,300,300,300,103,300,300,42,58,66,36,40,48,0,21.0749,0.0702498,-0
dual_l0_c0,0,902,6,0.486119,0.0346932,-0.133332,0.921062,1841.19,0.140551,6.13683,0.118087,0.118087,0.0273483,0.015003,0.0545635,0.34429,0.243217,0.533634,0.317883,1,1,28,83,1,0.352495,0.321742,0.612547,0.288078,1,1821.12,0.00280244,0.172981,0.781956,0.471036,0.05,300,300,300,300,300,300,79,83,91,53,57,65,32,36,58,0,21.5946,0.0719819,-0
dual_l0_c0,0,903,4,0.437337,0.160741,0.142908,0.996273,1781.56,0.237714,5.93774,0.150974,0.0152559,0.0219227,0.00434769,0.0394031,0.224724,0.155904,0.451545,0.0289413,1,1,21,240,1,0.161753,0.129797,0.508996,0.0673641,1,1778.7,0.00280244,0.172981,0.781956,0.471036,0.05,300,300,300,300,300,300,102,240,300,51,55,63,44,48,56,0,16.8242,0.0560805,-0
dual_l0_c0,0,904,2,0.305774,0.0786361,-0.00372148,0.975224,1231.37,0.399006,4.10324,0.187052,0.0353158,0.0234663,0.0111553,0.0461444,0.216937,0.149151,0.190625,0.121475,0,6.72444e-08,0,103,1,0.121551,0.236854,0.263706,0.0725446,1,1216.68,0.00280244,0.172981,0.781956,0.471036,0.05,300,300,300,300,300,300,94,103,111,51,55,63,47,51,59,0,29.5634,0.0985446,1.22975e-06
dual_l0_c0,0,905,2,0.252817,0.136456,-0.46799,0.946518,1300.79,2.94766,4.32614,0.567282,0.398021,0.0321653,0.0109051,0.0288706,0.493112,0.240816,0.377019,0.677344,1,1,3,61,1,0.723883,0.759015,0.377935,0.553192,1,1214.72,0.00280244,0.172981,0.781956,0.471036,0.05,300,300,300,300,300,300,57,61,205,52,56,64,36,40,48,0,12.8486,0.0428287,-0
dual_l0_c0,0,906,3,0.47757,0.0387091,-0.331918,0.926939,1982.9,6.18522,6.58904,0.810234,0.500652,0.0228503,0.00605701,0.0276395,0.21615,0.413892,0.583333,0.0243203,1,1,23,114,1,0.521033,0.708659,0.490123,0.522595,1,1869.63,0.00280244,0.172981,0.781956,0.471036,0.05,300,300,300,300,300,300,110,114,300,59,83,91,51,55,63,0,15.5057,0.0516856,-0
dual_l0_c0,0,907,6,0.293667,0.117927,-0.197348,1.05935,1981.24,1.78292,6.59819,0.436062,0.115487,0.0298194,0.0128907,0.0288258,0.108989,0.179638,0.178995,0.383548,1,1,24,77,1,0.34167,0.315383,0.340107,0.291166,1,1956.47,0.00280244,0.172981,0.781956,0.471036,0.05,300,300,300,300,300,300,73,77,300,53,57,65,47,51,59,0,6.92438,0.0230813,-0
dual_l0_c0,0,908,5,0.409037,0.137753,0.0741175,1.01078,1243.36,0.756743,4.14201,0.247125,0.0503549,0.0130933,0.0128236,0.0309353,0.227063,0.387336,0.440159,0.113107,1,1,6,72,1,0.355545,0.264614,0.440703,0.0600729,1,1229.85,0.00280244,0.172981,0.781956,0.471036,0.05,300,300,300,300,300,300,68,72,300,49,58,66,44,48,56,0,11.0514,0.0368379,-0
dual_l0_c0,0,909,5,0.4611,0.140984,0.167767,1.06019,1428.55,0.354258,4.76065,0.164861,0.0242472,0.0299493,0.0164386,0.0593705,0.233626,0.137618,0.329908,0.0590429,1,1,20,97,1,0.135475,0.380178,0.369164,0.0739486,1,1415.83,0.00280244,0.172981,0.781956,0.471036,0.05,300,300,300,300,300,300,80,97,300,46,74,82,44,48,56,0,12.4429,0.0414763,-0
dual_l0_c0,0,910,7,0.2839,0.0810667,0.19753,0.991306,1258.46,0.42553,4.19343,0.205939,0.0200376,0.0253309,0.00899068,0.0340741,0.363108,0.182926,0.2908,0.0536143,1,1,1,107,1,0.213156,0.201741,0.132278,0.205365,1,1248.02,0.00280244,0.172981,0.781956,0.471036,0.05,300,300,300,300,300,300,95,107,300,54,58,94,43,47,55,0,8.63187,0.0287729,-0
dual_l0_c0,0,911,3,0.538422,0.190137,-0.361791,0.905917,1077.78,2.55287,3.58408,0.507228,0.240539,0.0209224,0.012691,0.0467843,0.735001,0.216301,0.613758,0.4202,1,1,2,88,1,0.391966,0.64425,0.433829,0.447854,1,1021.22,0.00280244,0.172981,0.781956,0.471036,0.05,300,300,300,300,300,300,57,88,183,49,53,61,37,41,49,0,14.5227,0.0484091,-0
dual_l0_c0,0,912,5,0.411015,0.0812117,0.057021,1.07936,1797.92,0.493213,5.99141,0.23329,0.00913665,0.0266639,0.0163533,0.0200438,0.330061,0.115125,0.208169,0.208785,1,1,14,209,1,0.133947,0.185482,0.481685,0.13132,1,1794.07,0.00280244,0.172981,0.781956,0.471036,0.05,300,300,300,300,300,300,152,209,300,43,77,85,39,43,51,0,14.418,0.04806,-0
dual_l0_c0,0,913,5,0.325155,0.0634736,-0.446953,0.940237,1310.07,4.25452,4.3527,0.641752,0.212053,0.018358,0.00383012,0.0289322,0.334353,0.371476,0.35016,0.565068,1,1,0,225,1,0.685634,0.664234,0.357649,0.538406,1,1267.67,0.00280244,0.172981,0.781956,0.471036,0.05,300,300,300,300,300,300,79,225,300,53,57,65,35,39,47,0,14.5941,0.0486471,-0
dual_l0_c0,0,914,0,0.495188,0.06848,-0.253764,0.927425,2037.46,0.950582,6.78835,0.315418,0.190178,0.0253114,0.0154309,0.0683542,0.335848,0.0624267,0.378947,0.310946,1,1,4,100,1,0.486055,0.191656,0.446289,0.455247,1,1976.45,0.00280244,0.172981,0.781956,0.471036,0.05,300,300,300,300,300,300,96,100,108,50,54,62,42,46,54,0,9.04937,0.0301646,-0
dual_l0_c0,0,915,0,0.326854,0.0301247,-0.206124,1.01499,1130.77,0.785922,3.76663,0.276109,0.264044,0.0463065,0.0174524,0.0436229,0.290973,0.323567,0.364519,0.453934,1,1,8,153,1,0.439285,0.408369,0.477167,0.390301,1,1101.68,0.00280244,0.172981,0.781956,0.471036,0.05,300,300,300,300,300,300,72,153,161,44,56,64,41,45,53,0,7.41248,0.0247083,-0
dual_l0_c0,0,916,1,0.27154,0.160873,-0.141915,1.03499,1156.95,0.680516,3.85424,0.25583,0.066125,0.0145903,0.0211138,0.0407144,0.219095,0.0655361,0.200731,0.255286,1,0.999576,1,86,1,0.451822,0.486856,0.300367,0.275966,1,1136.8,0.00280244,0.172981,0.781956,0.471036,0.05,300,300,300,300,300,300,67,86,216,52,56,75,41,45,53,0,4.59911,0.0153304,0.00371878
dual_l0_c0,0,917,2,0.189071,0.0471068,0.184111,1.07168,1169.27,0.308008,3.89656,0.165625,0.0229212,0.0248075,0.0202471,0.050706,0.113207,0.215617,0.239507,0.354327,1,1,0,113,1,0.129071,0.228446,0.362812,0.254322,1,1155.62,0.00280244,0.172981,0.781956,0.471036,0.05,300,300,300,300,300,300,109,113,300,75,79,87,49,58,66,0,3.88519,0.0129506,2.40448e-24
dual_l0_c0,0,918,1,0.528056,0.18989,-0.295462,1.01004,1126.29,2.1034,3.74728,0.446594,0.114259,0.0340506,0.0141533,0.0433837,0.638115,0.223111,0.460992,0.497392,0,1.87087e-33,0,64,1,0.304296,0.27622,0.638318,0.48952,1,1068.09,0.00280244,0.172981,0.781956,0.471036,0.05,300,300,300,300,300,300,60,64,72,46,50,58,34,38,46,0,24.8731,0.0829103,7.8406e-06
dual_l0_c0,0,919,2,0.45879,0.145475,-0.272206,1.06906,1013.03,1.34526,3.3723,0.386573,0.164095,0.0541518,0.0150417,0.0299904,0.0950471,0.21927,0.510063,0.535715,1,1,0,54,1,0.246818,0.317287,0.560165,0.364448,1,977.656,0.00280244,0.172981,0.781956,0.471036,0.05,300,300,300,300,300,300,50,54,300,45,49,57,36,40,48,0,2.70444,0.00901479,6.27088e-35
dual_l0_c0,0,920,1,0.449261,0.186702,0.252651,1.00048,1245.14,0.537147,4.14869,0.233373,0.0295696,0.00575314,0.00993498,0.0459402,0.238058,0.120095,0.357318,0.107944,0,1.849e-18,1,164,1,0.264293,0.3383,0.35975,0.128811,1,1231.54,0.00280244,0.172981,0.781956,0.471036,0.05,300,300,300,300,300,300,92,164,300,50,54,62,37,41,49,0,12.3796,0.0412654,1.0338e-07
dual_l0_c0,0,921,4,0.33062,0.132488,-0.451858,1.09745,1145.95,2.59509,3.81119,0.507424,0.295644,0.0164719,0.00320019,0.0332299,0.29145,0.0782174,0.46062,0.637616,1,1,30,67,1,0.315698,0.386111,0.433027,0.550388,1,1084.92,0.00280244,0.172981,0.781956,0.471036,0.05,300,300,300,300,300,300,56,67,115,52,56,64,40,53,61,0,7.79166,0.0259722,-0
dual_l0_c0,0,922,5,0.298029,0.00652192,0.419166,0.952579,1596.29,1.88258,5.31469,0.419525,0.0156299,0.0385746,0.0129421,0.0574288,0.213398,0.397296,0.454257,0.530204,1,1,0,114,1,0.112004,0.5886,0.462714,0.733544,1,1567.66,0.00280244,0.172981,0.781956,0.471036,0.05,300,300,300,300,300,300,110,114,300,51,55,115,36,47,55,0,10.7971,0.0359905,-0
dual_l0_c0,0,923,3,0.329494,0.180931,-0.29246,1.06889,987.717,1.32213,3.28798,0.349553,0.220399,0.00821602,0.0122575,0.0292804,0.163498,0.117171,0.341772,0.436913,1,1,16,83,1,0.423886,0.317461,0.451539,0.458782,1,960.14,0.00280244,0.172981,0.781956,0.471036,0.05,300,300,300,300,300,300,79,83,188,49,53,85,41,45,53,0,11.6049,0.0386829,-0
dual_l0_c0,0,924,5,0.417699,0.103737,0.318025,1.02685,1766.29,0.0642706,5.88743,0.0554694,0.0133058,0.0316555,0.00815938,0.0135326,0.397936,0.136708,0.398528,0.234572,1,1,0,141,1,0.141992,0.339703,0.411925,0.174151,1,1752.52,0.00280244,0.172981,0.781956,0.471036,0.05,300,300,300,300,300,300,105,141,300,77,81,89,41,45,74,0,8.36817,0.0278939,-0
dual_l0_c0,0,925,2,0.355451,0.179328,0.332039,1.04378,1715.61,0.130451,5.71828,0.145663,0.0191441,0.0219643,0.00358256,0.0323984,0.368454,0.116256,0.566052,0.0517308,1,1,0,72,1,0.0846421,0.683046,0.568259,0.189828,1,1693.92,0.00280244,0.172981,0.781956,0.471036,0.05,300,300,300,300,300,300,68,72,300,54,70,78,49,53,61,0,9.68435,0.0322812,8.42749e-12
dual_l0_c0,0,926,6,0.401045,0.00520217,0.149834,1.03029,1898.88,0.420555,6.32819,0.204754,0.0547661,0.0229602,0.010845,0.0168566,0.222477,0.0797404,0.540465,0.138397,1,1,27,300,0,0.204754,0.222477,0.540465,0.138397,1,1898.46,0.00280244,0.172981,0.781956,0.471036,0.05,300,300,300,300,300,300,297,300,300,79,153,203,48,52,60,0,13.1146,0.0437152,-0
dual_l0_c0,0,927,6,0.428397,0.00519428,-0.0162345,0.98532,1073.32,0.826584,3.57497,0.295158,0.144671,0.0209988,0.00868338,0.0201523,0.073755,0.172082,0.348035,0.200228,1,1,1,300,0,0.295158,0.073755,0.348035,0.200228,1,1072.49,0.00280244,0.172981,0.781956,0.471036,0.05,300,300,300,300,300,300,71,300,300,50,54,62,34,47,55,0,4.14579,0.0138193,-0
dual_l0_c0,0,928,0,0.453995,0.0784616,-0.34526,0.9196,938.718,2.1753,3.12181,0.452169,0.348173,0.0261113,0.0225944,0.0256014,0.458811,0.35097,0.372443,0.39078,1,1,7,156,1,0.60627,0.459773,0.387173,0.482794,1,889.265,0.00280244,0.172981,0.781956,0.471036,0.05,300,300,300,300,300,300,66,156,300,39,43,51,25,37,45,0,10.4641,0.0348802,-0
dual_l0_c0,0,929,5,0.230124,0.191045,-0.398077,1.05144,1726.26,3.13577,5.74375,0.580251,0.193614,0.0203718,0.00958924,0.023823,0.415722,0.268118,0.290272,0.443989,1,1,0,158,1,0.240152,0.309489,0.246799,0.537372,1,1692.93,0.00280244,0.172981,0.781956,0.471036,0.05,300,300,300,300,300,300,66,158,300,52,61,69,38,49,57,0,13.029,0.04343,-0
dual_l0_c0,0,930,6,0.546965,0.051863,-0.137372,0.950976,1325.56,2.0269,4.41178,0.44925,0.364638,0.0282589,0.0173421,0.0478045,0.138607,0.249712,0.426777,0.186482,1,1,15,283,1,0.433057,0.42076,0.658791,0.344514,1,1320.27,0.00280244,0.172981,0.781956,0.471036,0.05,300,300,300,300,300,300,119,283,300,52,56,74,41,45,53,0,12.1867,0.0406223,-0
dual_l0_c0,0,931,7,0.246107,0.188229,0.128471,1.06649,981.734,0.0286334,3.27235,0.0481974,0.0148758,0.0208741,0.00833174,0.0392572,0.184392,0.107145,0.42279,0.0799577,1,1,13,152,1,0.115553,0.395114,0.203966,0.0909117,1,972.917,0.00280244,0.172981,0.781956,0.471036,0.05,300,300,300,300,300,300,87,152,300,43,60,68,41,45,53,0,10.1698,0.0338993,-0
dual_l0_c0,0,932,3,0.555658,0.0599346,-0.471951,0.995301,2743.94,2.85475,9.13696,0.533528,0.533528,0.00915636,0.00739911,0.0125705,0.262201,0.498783,0.7085,0.676109,0,0,23,286,1,0.736921,0.386376,0.617586,0.703355,0,2736.26,0.00280244,0.172981,0.781956,0.471036,0.05,300,300,300,300,300,300,239,286,300,72,128,136,45,49,57,0,14.8496,0.0494988,-0
dual_l0_c0,0,933,3,0.30798,0.192181,0.299282,1.0898,917.325,0.344146,3.0566,0.184042,0.00943742,0.0261113,0.0138368,0.0244599,0.370104,0.0787166,0.211279,0.199593,1,1,1,125,1,0.163911,0.316761,0.273325,0.114544,1,904.965,0.00280244,0.172981,0.781956,0.471036,0.05,300,300,300,300,300,300,66,125,300,44,61,69,40,44,52,0,10.138,0.0337934,-0
dual_l0_c0,0,934,3,0.430499,0.0561079,-0.0435387,0.927366,1474.56,1.0401,4.91173,0.307619,0.141902,0.00845921,0.00498641,0.0290997,0.34932,0.251931,0.388665,0.273019,1,1,12,95,1,0.160301,0.306821,0.359893,0.281181,1,1435.62,0.00280244,0.172981,0.781956,0.471036,0.05,300,300,300,300,300,300,91,95,103,45,49,57,30,44,52,0,4.70107,0.0156702,-0
dual_l0_c0,0,935,4,0.220285,0.0622084,0.0673459,1.03052,1133.02,0.118717,3.77633,0.121186,0.0279034,0.024579,0.0079647,0.0245379,0.341065,0.193364,0.304101,0.327432,1,1,35,165,1,0.193253,0.296572,0.379412,0.1712,1,1124.83,0.00280244,0.172981,0.781956,0.471036,0.05,300,300,300,300,300,300,150,165,279,71,75,83,46,50,58,0,13.2256,0.0440854,-0
dual_l0_c0,0,936,0,0.548455,0.112768,0.112967,1.01674,1381.3,0.552252,4.60249,0.244785,0.0355665,0.0294298,0.0090186,0.03326,0.303252,0.236924,0.660136,0.199261,1,1,18,210,1,0.0836825,0.148121,0.569356,0.0183817,1,1376.02,0.00280244,0.172981,0.781956,0.471036,0.05,300,300,300,300,300,300,206,210,218,86,107,115,50,54,62,0,2.411,0.00803667,-0
dual_l0_c0,0,937,6,0.365565,0.167524,0.270203,1.09288,1251.53,0.119835,4.17137,0.132143,0.0317253,0.0037646,0.0172048,0.048435,0.28796,0.101869,0.235372,0.140122,1,1,0,227,1,0.123437,0.196185,0.333696,0.108803,1,1247.17,0.00280244,0.172981,0.781956,0.471036,0.05,300,300,300,300,300,300,73,227,300,65,69,77,38,50,58,0,10.6105,0.0353683,-0
dual_l0_c0,0,938,1,0.393693,0.0605625,-0.399496,0.946352,2010.35,1.63311,6.69573,0.397202,0.231541,0.0336886,0.0104637,0.0469396,0.281529,0.111498,0.55681,0.52249,0,1.37133e-26,0,53,1,0.628158,0.61684,0.478089,0.744155,1,1921.96,0.00280244,0.172981,0.781956,0.471036,0.05,300,300,300,300,300,300,49,53,105,47,51,59,42,46,54,0,11.7762,0.0392538,2.88192e-23
dual_l0_c0,0,939,5,0.417145,0.151703,0.13317,0.984453,2208.5,0.0144298,7.36163,0.0518746,0.0458228,0.0212473,0.00586318,0.0260046,0.268511,0.131178,0.491509,0.0326968,1,1,0,163,1,0.188471,0.218574,0.526942,0.0223548,1,2200.85,0.00280244,0.172981,0.781956,0.471036,0.05,300,300,300,300,300,300,73,163,202,70,74,82,44,48,56,0,11.4115,0.0380384,-0
dual_l0_c0,0,940,2,0.398015,0.0722346,0.190798,0.9687,929.885,0.115456,3.09923,0.122494,0.0213899,0.0204115,0.0124161,0.0255641,0.411394,0.080127,0.393687,0.0474197,1,1,1,74,1,0.160757,0.17851,0.457568,0.181411,1,915.582,0.00280244,0.172981,0.781956,0.471036,0.05,300,300,300,300,300,300,70,74,205,48,60,92,33,37,45,0,7.80574,0.0260191,1.26928e-35
dual_l0_c0,0,941,7,0.306126,0.13957,0.335013,0.945311,2097.36,0.0710901,6.99098,0.118685,0.0106003,0.0263062,0.00914295,0.0330431,0.227394,0.122666,0.43372,0.144408,1,1,16,138,1,0.124594,0.129185,0.360647,0.10621,1,2085.29,0.00280244,0.172981,0.781956,0.471036,0.05,300,300,300,300,300,300,111,138,300,58,70,78,41,45,53,0,8.66339,0.028878,-0
dual_l0_c0,0,942,5,0.201637,0.0945869,-0.239707,1.06051,1472.98,1.4887,4.90498,0.386469,0.30991,0.00672521,0.01029,0.0130541,0.473587,0.26369,0.344242,0.465767,1,1,0,94,1,0.604238,0.208101,0.278166,0.476668,1,1421.33,0.00280244,0.172981,0.781956,0.471036,0.05,300,300,300,300,300,300,76,94,300,52,56,80,36,40,48,0,18.2882,0.0609605,4.79093e-31
dual_l0_c0,0,943,3,0.137778,0.125431,-0.488397,0.925543,1419.41,3.0585,4.72119,0.557544,0.462911,0.0335991,0.00707733,0.0198646,0.525013,0.138367,0.22171,0.645484,1,1,1,59,1,0.79461,0.706355,0.248701,0.804223,1,1297.15,0.00280244,0.172981,0.781956,0.471036,0.05,300,300,300,300,300,300,55,59,148,53,57,65,31,35,56,0,13.2584,0.0441947,-0
dual_l0_c0,0,944,5,0.238608,0.148201,0.142881,1.05262,1449.9,0.715623,4.83063,0.261967,0.0115006,0.0150887,0.00518423,0.047513,0.188127,0.181129,0.201246,0.117185,1,1,0,119,1,0.20277,0.265936,0.208454,0.0773136,1,1439.69,0.00280244,0.172981,0.781956,0.471036,0.05,300,300,300,300,300,300,55,119,300,53,57,82,49,53,61,0,12.9972,0.0433238,7.54788e-36
dual_l0_c0,0,945,3,0.200342,0.0995643,-0.461269,0.990573,1292.1,3.34759,4.29585,0.582551,0.317049,0.0321001,0.0048203,0.0490319,0.348999,0.12754,0.249634,0.657598,1,1,3,54,1,0.613451,0.626921,0.227794,0.648255,1,1212.23,0.00280244,0.172981,0.781956,0.471036,0.05,300,300,300,300,300,300,50,54,300,46,50,58,35,39,47,0,17.4588,0.058196,-0
dual_l0_c0,0,946,4,0.550811,0.173459,-0.469357,0.965972,2266.44,4.60974,7.53945,0.690119,0.402508,0.0300694,0.0194795,0.0344911,0.371491,0.311996,0.74017,0.733551,1,1,24,94,1,0.443118,0.356147,0.637798,0.64169,1,2188.43,0.00280244,0.172981,0.781956,0.471036,0.05,300,300,300,300,300,300,78,94,117,48,67,75,38,42,50,0,14.7297,0.0490991,-0
dual_l0_c0,0,947,2,0.388293,0.0309027,0.419297,1.0083,2060.18,0.23441,6.86647,0.176864,0.02576,0.0168074,0.017948,0.0319114,0.40587,0.0951411,0.410163,0.152809,1,1,0,300,0,0.176864,0.40587,0.410163,0.152809,1,2059.94,0.00280244,0.172981,0.781956,0.471036,0.05,300,300,300,300,300,300,297,300,300,58,62,115,49,53,61,0,15.5582,0.0518608,2.50372e-29
dual_l0_c0,0,948,0,0.339606,0.149452,-0.100043,0.908322,1265.75,0.231277,4.21839,0.15126,0.116419,0.0132425,0.00659553,0.0318183,0.237997,0.145249,0.365257,0.206771,1,1,17,89,1,0.258654,0.0315403,0.434572,0.394962,1,1251.76,0.00280244,0.172981,0.781956,0.471036,0.05,300,300,300,300,300,300,85,89,117,56,78,86,35,39,47,0,17.2662,0.0575541,-0
dual_l0_c0,0,949,1,0.513064,0.161201,-0.154874,1.06008,1848.04,0.572117,6.15822,0.244378,0.0826083,0.0383475,0.00373428,0.06408,0.308779,0.183934,0.447379,0.304731,0,0,17,144,1,0.456778,0.0845483,0.418354,0.308596,0,1828.89,0.00280244,0.172981,0.781956,0.471036,0.05,300,300,300,300,300,300,95,144,300,54,75,83,43,47,55,0,23.128,0.0770934,3.52696e-12
dual_l0_c0,0,950,4,0.299281,0.0818911,0.0889254,1.06549,2292.1,0.343623,7.6392,0.18079,0.0426265,0.0152554,0.0144413,0.0383999,0.37821,0.142202,0.201364,0.115274,1,1,16,151,1,0.199995,0.253592,0.345829,0.0780431,1,2282.42,0.00280244,0.172981,0.781956,0.471036,0.05,300,300,300,300,300,300,102,151,280,59,63,109,42,51,59,0,13.0508,0.0435026,-0
dual_l0_c0,0,951,5,0.415286,0.0317661,-0.320893,0.916474,2191.69,4.99098,7.28899,0.698855,0.281276,0.0283872,0.00876182,0.048809,0.408818,0.399799,0.175099,0.369876,1,1,0,66,1,0.474378,0.217337,0.319291,0.521173,1,2064.96,0.00280244,0.172981,0.781956,0.471036,0.05,300,300,300,300,300,300,62,66,300,55,59,67,45,49,57,0,15.6684,0.0522281,-0
dual_l0_c0,0,952,1,0.391942,0.191888,-0.432777,0.978356,1727.53,2.22337,5.75101,0.466757,0.220772,0.0189649,0.00692255,0.0289603,0.402508,0.284526,0.600255,0.538348,0,1.05901e-16,3,73,1,0.575277,0.690145,0.39362,0.515509,1,1659.44,0.00280244,0.172981,0.781956,0.471036,0.05,300,300,300,300,300,300,56,73,300,51,55,63,48,52,60,0,15.6728,0.0522426,3.89548e-15
dual_l0_c0,0,953,4,0.446551,0.105148,0.352434,1.01376,1195.96,0.152511,3.98604,0.14277,0.00659009,0.0232046,0.0173088,0.0127504,0.459403,0.0737574,0.578643,0.158153,1,1,16,134,1,0.173168,0.183522,0.472614,0.187527,1,1177.46,0.00280244,0.172981,0.781956,0.471036,0.05,300,300,300,300,300,300,116,134,300,55,59,113,45,49,57,0,13.7985,0.045995,-0
dual_l0_c0,0,954,6,0.406562,0.174972,-0.0359274,1.01001,1825.23,0.0203363,6.08403,0.0574426,0.025535,0.0160167,0.00823163,0.0434442,0.136733,0.0897056,0.302796,0.260588,1,1,14,73,1,0.334695,0.279166,0.379055,0.233826,1,1813.9,0.00280244,0.172981,0.781956,0.471036,0.05,300,300,300,300,300,300,69,73,288,57,61,69,47,51,59,0,8.45601,0.0281867,-0
dual_l0_c0,0,955,0,0.133317,0.00792012,0.381309,1.03681,1728.72,0.0586137,5.76221,0.0845112,0.0199938,0.0373045,0.0117514,0.0163815,0.362465,0.134423,0.337216,0.227081,1,1,1,256,1,0.162569,0.538784,0.279423,0.263421,1,1722.79,0.00280244,0.172981,0.781956,0.471036,0.05,300,300,300,300,300,300,196,256,300,50,62,70,40,44,52,0,6.24623,0.0208208,-0
dual_l0_c0,0,956,2,0.477366,0.024158,-0.177784,1.06041,1408.95,2.19183,4.68919,0.471032,0.264181,0.0274472,0.0137157,0.0343449,0.220193,0.186073,0.404848,0.145388,1,1,0,300,0,0.471032,0.220193,0.404848,0.145388,1,1406.76,0.00280244,0.172981,0.781956,0.471036,0.05,300,300,300,300,300,300,242,300,300,79,94,122,49,53,74,0,11.4058,0.0380193,1.01677e-39
dual_l0_c0,0,957,3,0.422204,0.0699305,-0.48639,1.02005,1201.75,1.78877,3.99986,0.410584,0.29773,0.05849,0.0158349,0.0156077,0.497951,0.293454,0.436201,0.608736,1,1,12,51,1,0.446338,0.60647,0.631198,0.469775,1,1112.75,0.00280244,0.172981,0.781956,0.471036,0.05,300,300,300,300,300,300,47,51,74,43,47,55,30,34,42,0,15.0124,0.0500413,-0
dual_l0_c0,0,958,2,0.581061,0.174613,-0.0980175,0.920401,1179.89,0.707003,3.93061,0.25892,0.0737634,0.0473001,0.00333752,0.0259354,0.301517,0.413273,0.724277,0.151908,1,1,8,74,1,0.240359,0.237,0.73952,0.239785,1,1164.13,0.00280244,0.172981,0.781956,0.471036,0.05,300,300,300,300,300,300,70,74,82,55,59,67,42,46,54,0,13.1633,0.0438778,4.9387e-24
dual_l0_c0,0,959,3,0.549818,0.074159,-0.0872557,0.980076,1093.11,0.540503,3.64189,0.227195,0.0451315,0.0235197,0.0179371,0.0190469,0.156002,0.175297,0.535891,0.238238,1,0.999992,0,78,1,0.15754,0.197891,0.556246,0.312725,1,1074.37,0.00280244,0.172981,0.781956,0.471036,0.05,300,300,300,300,300,300,74,78,294,47,59,81,41,45,53,0,6.11417,0.0203806,9.64129e-05
dual_l0_c0,0,960,7,0.568123,0.162784,-0.122495,0.936296,864.506,1.03183,2.87825,0.323552,0.0759719,0.0206053,0.00870147,0.0305468,0.440778,0.344003,0.563161,0.348131,1,1,14,97,1,0.107931,0.0976103,0.715837,0.27483,1,839.686,0.00280244,0.172981,0.781956,0.471036,0.05,300,300,300,300,300,300,85,97,105,45,49,57,38,42,50,0,4.84893,0.0161631,-0
dual_l0_c0,0,961,7,0.289106,0.0955166,-0.417758,1.00301,958.049,1.74874,3.18767,0.413051,0.267319,0.021235,0.00870087,0.0370768,0.399591,0.128452,0.190474,0.525917,1,1,0,75,1,0.772202,0.725849,0.530346,0.337202,1,900.404,0.00280244,0.172981,0.781956,0.471036,0.05,300,300,300,300,300,300,53,75,187,48,52,60,28,42,50,0,2.94513,0.0098171,-0
dual_l0_c0,0,962,5,0.285514,0.0764678,-0.0852245,1.05344,1740.47,0.299174,5.80056,0.155286,0.102883,0.0277887,0.0143679,0.0372034,0.303021,0.0515927,0.109746,0.230617,1,1,0,300,0,0.155286,0.303021,0.109746,0.230617,1,1740.17,0.00280244,0.172981,0.781956,0.471036,0.05,300,300,300,300,300,300,114,300,300,48,67,75,44,48,56,0,18.7714,0.0625714,-0
dual_l0_c0,0,963,5,0.372462,0.075279,0.462042,0.9806,1587.17,0.410686,5.28919,0.20206,0.0255866,0.0219401,0.00908617,0.0286859,0.524977,0.13511,0.416918,0.184337,1,1,0,300,0,0.20206,0.524977,0.416918,0.184337,1,1586.76,0.00280244,0.172981,0.781956,0.471036,0.05,300,300,300,300,300,300,85,300,300,57,68,76,37,49,57,0,10.3739,0.0345798,2.38782e-28
dual_l0_c0,0,964,0,0.448297,0.111899,0.397298,0.991562,2256.25,0.261275,7.51995,0.130375,0.017304,0.0400444,0.0102222,0.0220119,0.328529,0.0892502,0.666537,0.261361,1,1,22,300,0,0.130375,0.328529,0.666537,0.261361,1,2255.98,0.00280244,0.172981,0.781956,0.471036,0.05,300,300,300,300,300,300,121,300,300,84,88,96,51,55,79,0,16.9685,0.0565616,-0
dual_l0_c0,0,965,6,0.535248,0.183842,0.418241,1.0722,1828.52,0.30348,6.09404,0.153553,0.0263151,0.0180145,0.0140474,0.043256,0.237066,0.103839,0.565861,0.232789,1,1,13,173,1,0.0687152,0.662913,0.712538,0.39874,1,1812,0.00280244,0.172981,0.781956,0.471036,0.05,300,300,300,300,300,300,169,173,300,73,77,85,39,43,51,0,19.6966,0.0656552,-0
dual_l0_c0,0,966,5,0.483548,0.164497,-0.159077,1.00197,1322.55,0.921173,4.40541,0.298006,0.0835867,0.020442,0.00817667,0.0436725,0.29044,0.311644,0.491016,0.514524,1,1,0,110,1,0.394871,0.406996,0.603406,0.309775,1,1299.93,0.00280244,0.172981,0.781956,0.471036,0.05,300,300,300,300,300,300,82,110,128,57,69,77,31,35,43,0,16.2227,0.0540757,-0
dual_l0_c0,0,967,7,0.353211,0.0347767,0.494881,0.951616,1708.18,0.143937,5.69345,0.0647533,0.021546,0.0109674,0.015418,0.0181742,0.632212,0.276619,0.232746,0.421605,1,1,19,300,0,0.0647533,0.632212,0.232746,0.421605,1,1708.03,0.00280244,0.172981,0.781956,0.471036,0.05,300,300,300,300,300,300,87,300,300,64,75,83,31,42,50,0,15.9153,0.0530509,-0
dual_l0_c0,0,968,3,0.316631,0.182166,-0.245785,1.0274,1643.5,0.488732,5.4767,0.208206,0.147717,0.0115269,0.0176399,0.0381839,0.165207,0.126583,0.388964,0.437761,1,1,0,75,1,0.35073,0.421425,0.379673,0.470385,1,1608.59,0.00280244,0.172981,0.781956,0.471036,0.05,300,300,300,300,300,300,71,75,104,57,61,69,45,49,57,0,16.1631,0.0538772,1.07363e-36
dual_l0_c0,0,969,7,0.46117,0.151572,-0.202227,1.00376,1428.08,0.898437,4.75727,0.325051,0.0529548,0.0349835,0.0160986,0.0533603,0.220032,0.370312,0.58887,0.0375824,1,1,21,81,1,0.25072,0.147076,0.358069,0.390517,1,1392.34,0.00280244,0.172981,0.781956,0.471036,0.05,300,300,300,300,300,300,77,81,154,57,61,69,40,44,67,0,17.1108,0.0570359,-0
dual_l0_c0,0,970,4,0.453843,0.14295,-0.375989,0.944002,1120.1,1.3266,3.72925,0.383125,0.270095,0.0242825,0.00976732,0.0356988,0.29029,0.163413,0.411154,0.493235,1,1,23,160,1,0.53649,0.569445,0.405334,0.450724,1,1081.7,0.00280244,0.172981,0.781956,0.471036,0.05,300,300,300,300,300,300,84,160,300,46,50,58,29,33,41,0,7.63215,0.0254405,-0
dual_l0_c0,0,971,0,0.443824,0.144831,0.0243486,0.941473,1063.22,0.513134,3.54237,0.215625,0.0278145,0.0318013,0.0141518,0.0475262,0.103759,0.163956,0.388958,0.151164,1,1,16,96,1,0.404689,0.212678,0.436668,0.219855,1,1047.57,0.00280244,0.172981,0.781956,0.471036,0.05,300,300,300,300,300,300,70,96,134,46,60,68,32,36,44,0,16.7821,0.0559403,7.52082e-31
dual_l0_c0,0,972,5,0.262692,0.128604,-0.00146651,0.994444,2178.44,0.101748,7.26113,0.0878236,0.0323926,0.00965671,0.00567447,0.0217239,0.275117,0.173198,0.301032,0.157325,1,1,6,70,1,0.323288,0.13958,0.260053,0.0358139,1,2163.36,0.00280244,0.172981,0.781956,0.471036,0.05,300,300,300,300,300,300,66,70,300,62,66,74,57,61,69,0,18.4277,0.0614258,-0
dual_l0_c0,0,973,2,0.503366,0.00959079,0.368346,0.976695,1734.61,0.0630047,5.78181,0.11598,0.0415673,0.0380321,0.0127282,0.0447881,0.56101,0.0783322,0.441931,0.234722,0,1.59602e-05,14,300,0,0.11598,0.56101,0.441931,0.234722,0,1734.54,0.00280244,0.172981,0.781956,0.471036,0.05,300,300,300,300,300,300,155,300,300,56,60,68,48,52,60,0,19.4278,0.0647594,0.000192261
dual_l0_c0,0,974,6,0.52357,0.197567,-0.00184667,0.932164,990.946,0.62748,3.30106,0.252099,0.039784,0.0112988,0.00981646,0.0399829,0.163532,0.216779,0.472367,0.196229,1,1,18,175,1,0.151173,0.243189,0.50299,0.182087,1,983.603,0.00280244,0.172981,0.781956,0.471036,0.05,300,300,300,300,300,300,58,175,300,49,53,61,29,33,41,0,8.42209,0.0280736,-0
dual_l0_c0,0,975,3,0.209308,0.143475,0.246815,0.951865,1713.07,0.10347,5.70989,0.10751,0.0210824,0.0302391,0.00836577,0.021882,0.215115,0.145816,0.362908,0.0746783,1,1,23,81,1,0.13094,0.365335,0.307719,0.0712693,1,1699.6,0.00280244,0.172981,0.781956,0.471036,0.05,300,300,300,300,300,300,77,81,300,63,67,75,47,51,59,0,13.6086,0.0453621,5.62876e-16
dual_l0_c0,0,976,2,0.127116,0.0464004,0.306747,0.953122,1023.79,0.104636,3.4123,0.115676,0.0238631,0.0171284,0.00912268,0.036962,0.460153,0.126239,0.249931,0.230743,1,1,15,68,1,0.181193,0.140201,0.127486,0.114422,1,1006.27,0.00280244,0.172981,0.781956,0.471036,0.05,300,300,300,300,300,300,64,68,300,51,65,93,41,45,53,0,8.3516,0.0278387,2.21852e-09
dual_l0_c0,0,977,6,0.599302,0.149824,0.0141919,0.917161,1543.73,0.155554,5.14526,0.132633,0.00678994,0.031817,0.00582122,0.0348843,0.248464,0.203969,0.701656,0.241202,1,1,11,108,1,0.251084,0.249642,0.728759,0.165447,1,1527.67,0.00280244,0.172981,0.781956,0.471036,0.05,300,300,300,300,300,300,91,108,300,52,56,64,40,44,52,0,19.7307,0.0657691,-0
dual_l0_c0,0,978,5,0.352184,0.0939494,0.308688,0.937007,1586.35,0.398967,5.28651,0.200429,0.0201057,0.0156203,0.00800725,0.0466058,0.226714,0.147746,0.574476,0.153736,1,1,0,225,1,0.0404233,0.444755,0.439072,0.245215,1,1578.4,0.00280244,0.172981,0.781956,0.471036,0.05,300,300,300,300,300,300,111,225,300,65,69,77,41,45,53,0,16.4457,0.0548189,1.28372e-17
dual_l0_c0,0,979,6,0.204539,0.0597924,0.427939,1.03424,1813.34,0.610313,6.04243,0.228925,0.0165126,0.038123,0.00390661,0.037281,0.509444,0.0512757,0.320109,0.112408,1,1,13,300,0,0.228925,0.509444,0.320109,0.112408,1,1812.73,0.00280244,0.172981,0.781956,0.471036,0.05,300,300,300,300,300,300,188,300,300,57,146,179,38,49,57,0,10.1607,0.0338689,-0
dual_l0_c0,0,980,2,0.600607,0.000802541,0.438534,1.04851,2150.99,1.17582,7.16604,0.317543,0.0259149,0.0228631,0.0120542,0.0401584,0.599519,0.306574,0.658145,0.162461,0,0,19,300,0,0.317543,0.599519,0.658145,0.162461,0,2149.81,0.00280244,0.172981,0.781956,0.471036,0.05,300,300,300,300,300,300,300,300,300,78,89,97,42,51,59,0,7.83451,0.026115,-0
dual_l0_c0,0,981,7,0.56176,0.116733,-0.425109,0.935759,1426.79,1.23452,4.75185,0.354509,0.354509,0.0278954,0.0111793,0.0342128,0.503418,0.203207,0.497521,0.598606,1,1,18,90,1,0.656891,0.49136,0.47193,0.534652,1,1331.6,0.00280244,0.172981,0.781956,0.471036,0.05,300,300,300,300,300,300,59,90,224,55,59,79,33,37,45,0,12.593,0.0419766,-0
dual_l0_c0,0,982,6,0.334543,0.0443057,-0.215398,1.01237,885.538,0.902656,2.94878,0.290236,0.209966,0.0356713,0.00335941,0.0523122,0.15757,0.319093,0.432316,0.357837,1,1,1,65,1,0.45448,0.227539,0.461578,0.0577196,1,819.947,0.00280244,0.172981,0.781956,0.471036,0.05,300,300,300,300,300,300,48,65,300,45,49,57,39,43,51,0,3.68136,0.0122712,-0
dual_l0_c0,0,983,6,0.212645,0.129725,0.245309,1.03162,1240.9,0.216109,4.1356,0.152907,0.018445,0.0313229,0.00577741,0.0536132,0.437821,0.100556,0.223874,0.0966884,1,1,30,77,1,0.0699232,0.466855,0.230291,0.117071,1,1226.26,0.00280244,0.172981,0.781956,0.471036,0.05,300,300,300,300,300,300,60,77,300,47,51,59,39,43,51,0,11.0931,0.0369771,-0
dual_l0_c0,0,984,2,0.422563,0.00544984,-0.369719,0.970098,2671.51,15.8791,8.85209,1.25569,0.79368,0.0302194,0.0105238,0.00943814,0.797756,0.624819,0.315505,0.253447,1,1,21,300,0,1.25569,0.797756,0.315505,0.253447,1,2655.63,0.00280244,0.172981,0.781956,0.471036,0.05,300,300,300,300,300,300,300,300,300,62,72,202,47,51,59,0,6.19794,0.0206598,-0
dual_l0_c0,0,985,3,0.390661,0.136952,-0.322372,0.977765,1372.11,2.43343,4.56558,0.485397,0.229641,0.0238079,0.00451513,0.0479579,0.325545,0.295645,0.36572,0.472856,1,1,26,63,1,0.550988,0.356128,0.476836,0.44751,1,1312.76,0.00280244,0.172981,0.781956,0.471036,0.05,300,300,300,300,300,300,59,63,236,48,52,60,39,43,51,0,0.841273,0.00280424,-0
dual_l0_c0,0,986,4,0.485397,0.162228,-0.0110452,1.0792,1103.13,0.549273,3.67528,0.248183,0.0645979,0.00944901,0.0128081,0.0494593,0.168895,0.165761,0.412681,0.150948,1,1,37,79,1,0.311861,0.221684,0.64847,0.264886,1,1089.75,0.00280244,0.172981,0.781956,0.471036,0.05,300,300,300,300,300,300,75,79,300,54,58,66,44,48,56,0,11.9193,0.0397312,-0
dual_l0_c0,0,987,6,0.426941,0.0766582,-0.0489142,1.01319,989.256,0.267597,3.29663,0.17062,0.0376177,0.0239489,0.010851,0.0132505,0.118526,0.0373405,0.596427,0.195846,1,1,3,96,1,0.160648,0.217205,0.459923,0.349514,1,973.006,0.00280244,0.172981,0.781956,0.471036,0.05,300,300,300,300,300,300,92,96,300,41,78,102,37,41,62,0,16.5863,0.0552875,-0
dual_l0_c0,0,988,5,0.31403,0.128727,0.0334423,0.943447,1482.87,0.187903,4.94227,0.146029,0.0246234,0.0309432,0.0175821,0.0593923,0.243567,0.101901,0.4176,0.105956,1,1,0,68,1,0.163507,0.267802,0.291912,0.0708073,1,1474.47,0.00280244,0.172981,0.781956,0.471036,0.05,300,300,300,300,300,300,58,68,76,53,57,65,50,54,62,0,21.2797,0.0709322,-0
dual_l0_c0,0,989,6,0.400742,0.185433,-0.088329,0.923103,1414.35,1.47286,4.7096,0.399413,0.070337,0.035847,0.00492081,0.0144545,0.311678,0.204605,0.359026,0.344846,1,1,27,86,1,0.256966,0.330736,0.428727,0.175409,1,1383.31,0.00280244,0.172981,0.781956,0.471036,0.05,300,300,300,300,300,300,69,86,126,43,47,55,34,38,46,0,9.17254,0.0305751,-0
dual_l0_c0,0,990,5,0.463551,0.105224,-0.261477,1.06311,1816.87,1.27529,6.05197,0.364018,0.181831,0.0129028,0.00624176,0.0287797,0.272623,0.109275,0.539727,0.627643,1,1,0,78,1,0.484981,0.232503,0.625624,0.312694,1,1778.38,0.00280244,0.172981,0.781956,0.471036,0.05,300,300,300,300,300,300,74,78,100,50,54,72,47,51,59,0,12.7347,0.042449,-0
dual_l0_c0,0,991,6,0.481754,0.0144837,0.0337472,1.07586,1926.23,0.847647,6.41793,0.27834,0.0641781,0.0373762,0.00469159,0.0402586,0.430832,0.329657,0.239658,0.110025,1,1,33,109,1,0.132395,0.244238,0.439453,0.133416,1,1907.84,0.00280244,0.172981,0.781956,0.471036,0.05,300,300,300,300,300,300,105,109,300,59,99,107,48,52,60,0,10.642,0.0354734,-0
dual_l0_c0,0,992,6,0.343289,0.0309797,-0.433642,0.954841,849.354,1.29868,2.82685,0.355428,0.205739,0.0362628,0.00547795,0.0247009,0.37105,0.160076,0.388528,0.613083,1,1,3,79,1,0.532088,0.692815,0.291241,0.62855,1,755.826,0.00280244,0.172981,0.781956,0.471036,0.05,300,300,300,300,300,300,43,79,286,40,44,52,26,39,47,0,11.1424,0.0371412,-0
dual_l0_c0,0,993,4,0.487103,0.0158294,-0.498228,0.925396,2158.18,13.0627,7.15039,1.1624,0.567587,0.0158977,0.00824772,0.0489923,0.552855,0.539403,0.236868,0.82192,1,1,23,227,1,0.828148,0.45526,0.66829,0.483267,1,2075.05,0.00280244,0.172981,0.781956,0.471036,0.05,300,300,300,300,300,300,118,227,300,52,56,78,47,51,59,0,19.5427,0.0651423,-0
dual_l0_c0,0,994,5,0.532832,0.0719651,0.339762,0.925144,1522.09,0.154113,5.07313,0.154774,0.0432891,0.0301116,0.0168202,0.0309737,0.270747,0.0816616,0.592417,0.221311,1,1,0,167,1,0.0911073,0.218617,0.437613,0.163194,1,1509.99,0.00280244,0.172981,0.781956,0.471036,0.05,300,300,300,300,300,300,75,167,300,56,60,68,34,38,46,0,13.2591,0.0441969,3.40396e-14
dual_l0_c0,0,995,4,0.480019,0.158719,-0.455018,1.09583,1851.91,1.93406,6.16658,0.433605,0.186875,0.0167439,0.0179606,0.048057,0.32132,0.323632,0.460124,0.598302,1,1,31,82,1,0.191028,0.516659,0.448162,0.652662,1,1791.33,0.00280244,0.172981,0.781956,0.471036,0.05,300,300,300,300,300,300,70,82,300,48,58,66,44,48,56,0,9.62075,0.0320692,-0
dual_l0_c0,0,996,1,0.384558,0.00998847,0.175108,0.962453,2122.4,0.570096,7.07275,0.231943,0.0356598,0.00801562,0.0143282,0.029017,0.448606,0.269552,0.246177,0.154147,1,1,16,189,1,0.141448,0.16678,0.286251,0.210562,1,2114.25,0.00280244,0.172981,0.781956,0.471036,0.05,300,300,300,300,300,300,97,189,300,53,57,84,50,54,62,0,20.9961,0.0699871,3.94209e-21
dual_l0_c0,0,997,2,0.263259,0.161025,0.477407,1.03414,1388.56,0.293851,4.62756,0.183616,0.0314269,0.0640377,0.00653713,0.0690895,0.489068,0.196436,0.42932,0.30926,0,2.35028e-05,18,300,0,0.183616,0.489068,0.42932,0.30926,0,1388.27,0.00280244,0.172981,0.781956,0.471036,0.05,300,300,300,300,300,300,107,300,300,72,76,84,48,59,67,0,17.7785,0.0592617,0.000273985
dual_l0_c0,0,998,5,0.291316,0.0684351,0.267041,0.908013,1730.36,0.272309,5.76696,0.18715,0.00615932,0.0246359,0.00988097,0.033607,0.307454,0.0683109,0.155141,0.241924,1,1,0,208,1,0.11088,0.234516,0.258148,0.26057,1,1723.66,0.00280244,0.172981,0.781956,0.471036,0.05,300,300,300,300,300,300,152,208,300,61,76,84,41,45,53,0,10.9311,0.036437,2.49775e-16
dual_l0_c0,0,999,4,0.449086,0.0248524,0.271366,0.912295,1160.03,0.783663,3.86416,0.275433,0.0226684,0.0228982,0.00636873,0.0326414,0.173576,0.258016,0.311016,0.0956916,1,1,17,300,0,0.275433,0.173576,0.311016,0.0956916,1,1159.25,0.00280244,0.172981,0.781956,0.471036,0.05,300,300,300,300,300,300,125,300,300,60,95,132,41,45,53,0,14.5222,0.0484073,-0
dual_l1_c0,0,0,1,0.279827,0.0487279,0.472181,1.00261,1249.62,1.30496,4.16105,0.347618,0.0271863,0.0190964,0.0100606,0.0487864,0.290991,0.0997734,0.332499,0.341887,0,2.08431e-25,1,272,1,0.334781,0.191039,0.216388,0.148761,0,1243.43,0.00346099,0.20695,0.894447,0.541958,0.05,300,300,300,300,300,300,131,272,300,71,105,129,40,50,70,1,48.2151,0.160717,0.0049116
dual_l1_c0,0,1,6,0.28879,0.184994,0.159157,0.975081,1503.4,0.0135412,5.01128,0.044174,0.0273218,0.0199797,0.00336431,0.0277247,0.230081,0.160854,0.295762,0.0581353,1,1,22,89,1,0.0817018,0.295074,0.31419,0.182541,1,1490.87,0.00346099,0.20695,0.894447,0.541958,0.05,300,300,300,300,300,300,85,89,97,48,75,83,32,36,44,1,7.75357,0.0258452,-0
dual_l1_c0,0,2,0,0.534844,0.0252424,-0.336027,1.09652,1958.01,2.26184,6.51917,0.500012,0.445603,0.0127647,0.00437937,0.0388266,0.268037,0.41033,0.554352,0.123781,1,1,9,300,0,0.500012,0.268037,0.554352,0.123781,1,1955.75,0.00346099,0.20695,0.894447,0.541958,0.05,300,300,300,300,300,300,101,300,300,61,65,73,57,61,69,1,5.40402,0.0180134,-0
dual_l1_c0,0,3,0,0.491569,0.147145,-0.36411,0.923106,1031.31,1.38831,3.43306,0.381358,0.272338,0.0254144,0.00501521,0.0580611,0.261593,0.280854,0.554025,0.542104,1,1,0,67,1,0.479768,0.446207,0.509043,0.542561,1,950.25,0.00346099,0.20695,0.894447,0.541958,0.05,300,300,300,300,300,300,56,67,75,49,53,61,29,33,41,1,1.52842,0.00509473,-0
dual_l1_c0,0,4,1,0.397638,0.151632,-0.477462,1.00252,965.536,3.94824,3.20529,0.643036,0.275327,0.0358024,0.0191952,0.0415514,0.656537,0.15683,0.608982,0.535962,0,5.01357e-29,1,59,1,0.580491,0.455809,0.529155,0.531616,1,860.2,0.00346099,0.20695,0.894447,0.541958,0.05,300,300,300,300,300,300,43,59,174,40,44,52,30,34,42,1,5.68908,0.0189636,8.26069e-27
dual_l1_c0,0,5,2,0.537644,0.0606169,-0.170356,1.0072,1351.42,1.17382,4.50082,0.34026,0.184518,0.0201246,0.0156539,0.0400135,0.397058,0.0896884,0.655059,0.339664,1,1,16,94,1,0.409248,0.322758,0.642456,0.31892,1,1304.93,0.00346099,0.20695,0.894447,0.541958,0.05,300,300,300,300,300,300,61,94,300,39,53,61,39,43,51,1,15.5494,0.0518312,7.487e-41
dual_l1_c0,0,6,2,0.151965,0.11882,0.212238,1.0437,977.622,0.0246082,3.25866,0.0352758,0.0135317,0.0182044,0.00994485,0.0306407,0.253462,0.113642,0.0858023,0.0614979,1,1,0,120,1,0.0554837,0.271452,0.125585,0.0306711,1,963.418,0.00346099,0.20695,0.894447,0.541958,0.05,300,300,300,300,300,300,98,120,300,49,53,61,40,44,52,1,5.32983,0.0177661,2.00904e-24
dual_l1_c0,0,7,4,0.485615,0.0261543,-0.267942,1.07856,1704.77,5.4548,5.66438,0.721406,0.431986,0.0229949,0.00687612,0.0461074,0.546032,0.538002,0.554418,0.593142,1,1,19,300,0,0.721406,0.546032,0.554418,0.593142,1,1699.31,0.00346099,0.20695,0.894447,0.541958,0.05,300,300,300,300,300,300,118,300,300,71,84,92,40,44,52,1,18.1437,0.060479,-0
dual_l1_c0,0,8,6,0.513023,0.0244018,-0.0664132,0.953785,952.891,1.48024,3.17137,0.390223,0.221974,0.0290518,0.00773973,0.0607016,0.313556,0.289085,0.580314,0.130784,1,1,1,162,1,0.599855,0.459087,0.545288,0.344598,1,898.131,0.00346099,0.20695,0.894447,0.541958,0.05,300,300,300,300,300,300,158,162,300,46,57,65,41,45,53,1,4.20373,0.0140124,-0
dual_l1_c0,0,9,0,0.464981,0.181175,-0.387874,0.925179,1432.31,2.79523,4.76506,0.546329,0.261873,0.00630133,0.00755913,0.0398091,0.279795,0.0770309,0.520964,0.561508,1,1,0,60,1,0.630514,0.53389,0.784001,0.277524,1,1330.69,0.00346099,0.20695,0.894447,0.541958,0.05,300,300,300,300,300,300,56,60,128,46,50,58,37,41,49,1,4.43423,0.0147808,-0
dual_l1_c0,0,10,2,0.180502,0.185484,-0.430808,1.01025,897.675,3.00589,2.98223,0.549774,0.236717,0.0125211,0.00476882,0.0335339,0.500448,0.053553,0.226544,0.670437,1,1,1,81,1,0.312439,0.600183,0.293365,0.521215,1,829.913,0.00346099,0.20695,0.894447,0.541958,0.05,300,300,300,300,300,300,70,81,300,43,55,79,30,34,42,1,3.69133,0.0123044,3.51828e-22
dual_l1_c0,0,11,0,0.342812,0.198078,-0.494593,0.991055,1649.91,4.31273,5.48533,0.677407,0.33841,0.0259965,0.017373,0.0253313,0.364845,0.0724591,0.275634,0.644346,1,1,20,65,1,0.393098,0.392551,0.393681,0.753126,1,1565,0.00346099,0.20695,0.894447,0.541958,0.05,300,300,300,300,300,300,61,65,73,52,56,64,41,45,53,1,16.6127,0.0553756,1.62692e-37
dual_l1_c0,0,12,5,0.296182,0.129097,0.472198,0.931834,1431.05,0.462921,4.76863,0.206321,0.038708,0.0562164,0.0174513,0.0449773,0.645731,0.180969,0.283086,0.147902,1,1,8,300,0,0.206321,0.645731,0.283086,0.147902,1,1430.59,0.00346099,0.20695,0.894447,0.541958,0.05,300,300,300,300,300,300,206,300,300,68,72,92,42,46,54,1,12.6105,0.042035,-0
dual_l1_c0,0,13,1,0.367914,0.0492574,-0.209387,1.09875,2355.02,2.37896,7.84215,0.472812,0.203676,0.0091247,0.0103435,0.037601,0.308845,0.22857,0.443047,0.387307,0,3.13453e-16,17,207,1,0.255167,0.199846,0.34827,0.347447,0,2341.96,0.00346099,0.20695,0.894447,0.541958,0.05,300,300,300,300,300,300,189,207,241,70,80,88,52,56,64,1,44.9838,0.149946,1.11899e-14
dual_l1_c0,0,14,5,0.272608,0.0403544,-0.35404,0.99968,2172.01,2.57262,7.23147,0.516836,0.377944,0.0128964,0.014989,0.0538389,0.500211,0.112045,0.498458,0.288333,1,1,0,109,1,0.613269,0.466372,0.482284,0.425745,1,2104,0.00346099,0.20695,0.894447,0.541958,0.05,300,300,300,300,300,300,86,109,117,65,69,77,39,43,61,1,5.49439,0.0183146,8.68388e-26
dual_l1_c0,0,15,3,0.282185,0.0852996,-0.360217,1.09349,1463.44,1.55016,4.87296,0.394896,0.184825,0.0266104,0.025328,0.0391635,0.34052,0.109904,0.428871,0.626093,1,1,30,83,1,0.639264,0.468462,0.275949,0.658285,1,1412.67,0.00346099,0.20695,0.894447,0.541958,0.05,300,300,300,300,300,300,54,83,202,47,51,59,39,43,51,1,2.03107,0.00677023,-0
dual_l1_c0,0,16,6,0.252405,0.150056,0.0638746,1.01106,1743.38,0.17198,5.81069,0.134439,0.0236513,0.0318878,0.0118624,0.0209631,0.312175,0.14588,0.237858,0.110805,1,1,13,83,1,0.413573,0.316882,0.260674,0.190695,1,1730.07,0.00346099,0.20695,0.894447,0.541958,0.05,300,300,300,300,300,300,79,83,300,51,55,63,33,37,45,1,10.679,0.0355966,-0
dual_l1_c0,0,17,6,0.283468,0.167883,-0.361346,0.93855,1194.96,1.68237,3.97761,0.408618,0.18171,0.0135863,0.00639253,0.041954,0.370257,0.126496,0.315439,0.54054,1,1,0,59,1,0.626549,0.3701,0.432689,0.592924,1,1129.15,0.00346099,0.20695,0.894447,0.541958,0.05,300,300,300,300,300,300,55,59,97,46,50,58,24,36,44,1,6.06203,0.0202068,-0
dual_l1_c0,0,18,1,0.549907,0.16225,0.00706267,1.00663,879.461,0.671418,2.9293,0.248717,0.0131182,0.0192491,0.0128403,0.0384222,0.42171,0.160963,0.509635,0.182944,0,3.06615e-15,1,93,1,0.300277,0.076379,0.680187,0.0872007,1,861.85,0.00346099,0.20695,0.894447,0.541958,0.05,300,300,300,300,300,300,72,93,286,40,60,96,28,32,40,1,24.4853,0.0816176,1.02466e-13
dual_l1_c0,0,19,7,0.38157,0.0451,-0.442798,0.946116,1109.23,6.89127,3.67447,0.855524,0.241295,0.0291752,0.0161565,0.0382988,0.406728,0.236514,0.270071,0.654782,1,1,10,300,0,0.855524,0.406728,0.270071,0.654782,1,1102.34,0.00346099,0.20695,0.894447,0.541958,0.05,300,300,300,300,300,300,76,300,300,42,46,54,26,44,52,1,9.43204,0.0314401,-0
dual_l1_c0,0,20,4,0.450671,0.0127798,-0.431394,1.03862,2213.24,3.07131,7.36723,0.541723,0.309621,0.0436612,0.013936,0.0432893,0.452621,0.408797,0.565525,0.646993,1,1,25,183,1,0.780936,0.468167,0.48675,0.83999,1,2174.24,0.00346099,0.20695,0.894447,0.541958,0.05,300,300,300,300,300,300,179,183,191,60,64,84,51,55,63,1,9.78173,0.0326058,-0
dual_l1_c0,0,21,2,0.178613,0.18813,0.284692,0.987755,1168.07,0.0836061,3.89329,0.0996059,0.0294367,0.0302484,0.00743274,0.0331219,0.380402,0.0562215,0.0965569,0.0287162,1,1,0,155,1,0.229581,0.465255,0.158403,0.0824178,1,1155.89,0.00346099,0.20695,0.894447,0.541958,0.05,300,300,300,300,300,300,73,155,300,38,53,61,30,34,42,1,0.971156,0.00323719,-0
dual_l1_c0,0,22,7,0.441138,0.136396,-0.162835,0.921308,850.76,1.41655,2.83115,0.3766,0.107417,0.0190704,0.0202556,0.00554863,0.202028,0.14314,0.485837,0.336603,1,1,1,59,1,0.166485,0.108055,0.559015,0.401192,1,817.467,0.00346099,0.20695,0.894447,0.541958,0.05,300,300,300,300,300,300,55,59,154,45,49,57,26,42,50,1,3.96933,0.0132311,-0
dual_l1_c0,0,23,0,0.517023,0.0865294,-0.0181903,1.09426,1809.55,0.663933,6.02962,0.276716,0.0535258,0.0214829,0.00494693,0.0223857,0.25792,0.130664,0.503784,0.237554,1,1,1,131,1,0.277546,0.289567,0.551772,0.212824,1,1788.78,0.00346099,0.20695,0.894447,0.541958,0.05,300,300,300,300,300,300,97,131,300,54,66,74,40,53,61,1,14.1456,0.0471521,-0
dual_l1_c0,0,24,1,0.370858,0.0725851,0.0384449,0.913326,1609.28,0.441893,5.3628,0.215268,0.135871,0.0180113,0.0215825,0.0202782,0.0151867,0.219105,0.663777,0.113149,0,1.4013e-45,14,143,1,0.321819,0.420924,0.292063,0.253175,0,1591.76,0.00346099,0.20695,0.894447,0.541958,0.05,300,300,300,300,300,300,121,143,300,59,63,71,29,46,54,1,24.919,0.0830634,8.31183e-11
dual_l1_c0,0,25,4,0.325293,0.0889061,-0.441881,0.95775,1575.88,3.58453,5.24098,0.595357,0.355823,0.0198231,0.0156215,0.0475524,0.626027,0.0432219,0.367969,0.657293,1,1,14,56,1,0.703341,0.574515,0.423734,0.601102,1,1500.75,0.00346099,0.20695,0.894447,0.541958,0.05,300,300,300,300,300,300,52,56,81,41,45,53,26,30,38,1,15.6253,0.0520844,-0
dual_l1_c0,0,26,3,0.13768,0.132364,-0.0814456,0.970856,858.068,0.905206,2.85721,0.309965,0.0306947,0.0330711,0.011596,0.0467367,0.211487,0.192067,0.342776,0.176129,1,1,1,93,1,0.272823,0.211004,0.257883,0.351726,1,835.186,0.00346099,0.20695,0.894447,0.541958,0.05,300,300,300,300,300,300,89,93,245,41,57,65,25,29,37,1,4.24825,0.0141608,-0
dual_l1_c0,0,27,5,0.569564,0.0416277,-0.091663,1.07322,1458.07,1.17571,4.85633,0.332121,0.314858,0.0361103,0.00962464,0.0154013,0.244223,0.297867,0.880671,0.209795,1,1,24,300,0,0.332121,0.244223,0.880671,0.209795,1,1456.9,0.00346099,0.20695,0.894447,0.541958,0.05,300,300,300,300,300,300,191,300,300,98,184,192,33,55,63,1,14.7121,0.0490405,-0
dual_l1_c0,0,28,1,0.462683,0.056316,-0.00562799,1.09459,1631.02,0.499763,5.43508,0.220419,0.0845443,0.00974095,0.0155359,0.0402089,0.077966,0.0594627,0.625713,0.175554,0,7.17813e-16,0,128,1,0.440829,0.366209,0.354423,0.234216,1,1611.48,0.00346099,0.20695,0.894447,0.541958,0.05,300,300,300,300,300,300,96,128,300,56,83,91,31,47,55,1,6.44106,0.0214702,2.55532e-14
dual_l1_c0,0,29,7,0.190195,0.0386555,0.311663,0.918512,1339.93,0.334685,4.46532,0.182143,0.0296616,0.0181312,0.00756137,0.0230848,0.532026,0.250592,0.292813,0.0560963,1,1,19,120,1,0.148874,0.247513,0.272047,0.0767439,1,1322.77,0.00346099,0.20695,0.894447,0.541958,0.05,300,300,300,300,300,300,86,120,300,64,79,87,43,47,55,1,17.8935,0.059645,-0
dual_l1_c0,0,30,2,0.43551,0.00663354,0.00178993,1.07443,1436.15,0.129446,4.78673,0.114086,0.0883691,0.0134051,0.00349311,0.032405,0.152884,0.221591,0.337174,0.277715,1,1,14,123,1,0.190718,0.183108,0.410518,0.238872,1,1419.39,0.00346099,0.20695,0.894447,0.541958,0.05,300,300,300,300,300,300,100,123,131,76,80,88,53,57,65,1,4.88954,0.0162985,1.44773e-21
dual_l1_c0,0,31,5,0.176478,0.0719513,0.258418,0.964038,1265.99,0.0655875,4.21974,0.0863407,0.0264751,0.0136488,0.0184385,0.0345134,0.178704,0.165988,0.152765,0.146585,1,1,1,61,1,0.181113,0.140295,0.206044,0.0852122,1,1235.76,0.00346099,0.20695,0.894447,0.541958,0.05,300,300,300,300,300,300,57,61,300,52,56,64,35,39,47,1,11.977,0.0399235,-0
dual_l1_c0,0,32,0,0.347419,0.0348692,0.415206,0.984876,2134.98,0.793791,7.11397,0.263786,0.0162154,0.0228277,0.00653564,0.0212612,0.220664,0.170257,0.507226,0.129477,1,1,0,300,0,0.263786,0.220664,0.507226,0.129477,1,2134.19,0.00346099,0.20695,0.894447,0.541958,0.05,300,300,300,300,300,300,111,300,300,68,72,80,41,45,66,1,5.4906,0.018302,-0
dual_l1_c0,0,33,5,0.437556,0.0176016,-0.00755084,1.02577,1572.43,2.76508,5.23222,0.524631,0.10827,0.0214008,0.00464279,0.0536964,0.387206,0.306883,0.527852,0.118521,1,1,0,152,1,0.28176,0.284705,0.431457,0.0860471,1,1530.43,0.00346099,0.20695,0.894447,0.541958,0.05,300,300,300,300,300,300,84,152,300,58,82,90,35,39,68,1,13.1739,0.0439131,-0
dual_l1_c0,0,34,5,0.432865,0.194518,0.111496,1.03544,1398.43,0.0956846,4.66113,0.106125,0.0170894,0.0230926,0.0154327,0.0342188,0.216532,0.112064,0.366802,0.153766,1,1,20,92,1,0.0610699,0.146603,0.527442,0.0750696,1,1389.6,0.00346099,0.20695,0.894447,0.541958,0.05,300,300,300,300,300,300,88,92,209,63,67,85,45,49,57,1,8.27148,0.0275716,6.46419e-41
dual_l1_c0,0,35,3,0.473569,0.118791,-0.229729,1.06867,1161.92,1.14438,3.86925,0.354148,0.258697,0.0282767,0.0119822,0.0214433,0.223029,0.184038,0.476042,0.566579,1,1,0,112,1,0.452104,0.22872,0.620851,0.175162,1,1123.17,0.00346099,0.20695,0.894447,0.541958,0.05,300,300,300,300,300,300,108,112,229,41,45,53,39,43,51,1,16.0517,0.0535057,-0
dual_l1_c0,0,36,5,0.281906,0.171136,0.478324,0.94106,2095.22,0.0675746,6.98383,0.0739403,0.0639968,0.0390921,0.00919037,0.0327822,0.560357,0.0892945,0.31585,0.0917498,1,1,0,300,0,0.0739403,0.560357,0.31585,0.0917498,1,2095.15,0.00346099,0.20695,0.894447,0.541958,0.05,300,300,300,300,300,300,198,300,300,60,64,72,34,46,65,1,9.10242,0.0303414,-0
dual_l1_c0,0,37,7,0.381812,0.00248337,-0.222815,1.05262,2839.4,6.72472,9.44224,0.82335,0.242248,0.00393267,0.0133783,0.0431641,0.250478,0.498263,0.280655,0.463157,1,1,24,300,0,0.82335,0.250478,0.280655,0.463157,1,2832.67,0.00346099,0.20695,0.894447,0.541958,0.05,300,300,300,300,300,300,79,300,300,52,56,64,43,47,55,1,8.06434,0.0268811,-0
dual_l1_c0,0,38,4,0.413721,0.161927,-0.466792,0.973748,2145.07,4.99791,7.13358,0.719477,0.295215,0.0114485,0.0184218,0.0258707,0.538724,0.120911,0.513955,0.547433,1,1,45,93,1,0.423283,0.605024,0.490101,0.654469,1,2067.82,0.00346099,0.20695,0.894447,0.541958,0.05,300,300,300,300,300,300,89,93,123,50,54,62,45,49,57,1,14.7064,0.0490213,-0
dual_l1_c0,0,39,4,0.46674,0.190987,-0.0224375,0.938482,1275.57,0.680691,4.24962,0.232066,0.0483887,0.0280591,0.0113832,0.0215251,0.360845,0.214315,0.46383,0.150764,1,1,17,184,1,0.0939971,0.13052,0.386707,0.230205,1,1263.52,0.00346099,0.20695,0.894447,0.541958,0.05,300,300,300,300,300,300,107,184,300,47,51,72,34,38,46,1,20.6465,0.0688215,-0
dual_l1_c0,0,40,6,0.239845,0.0928903,0.432543,1.08044,1793.48,0.315749,5.9772,0.156001,0.0303709,0.00990938,0.00289468,0.027281,0.407116,0.0863169,0.411869,0.244165,1,1,14,154,1,0.237013,0.376639,0.382033,0.389977,1,1766.97,0.00346099,0.20695,0.894447,0.541958,0.05,300,300,300,300,300,300,150,154,300,67,81,89,47,51,59,1,15.354,0.05118,-0
dual_l1_c0,0,41,4,0.449348,0.198535,-0.497526,1.04495,1227.15,1.78079,4.08455,0.462684,0.36744,0.0314768,0.0125736,0.0118504,0.309724,0.148615,0.492439,0.758586,1,1,15,71,1,0.538358,0.33521,0.683817,0.518888,1,1151.46,0.00346099,0.20695,0.894447,0.541958,0.05,300,300,300,300,300,300,67,71,188,48,65,73,44,48,56,1,13.4715,0.044905,-0
dual_l1_c0,0,42,6,0.449732,0.176956,0.149094,1.02534,1573.36,0.0662981,5.24432,0.0856759,0.0246586,0.0305216,0.00965202,0.0219819,0.176346,0.065441,0.49037,0.061499,1,1,11,79,1,0.135562,0.177114,0.573892,0.0606428,1,1558.72,0.00346099,0.20695,0.894447,0.541958,0.05,300,300,300,300,300,300,75,79,300,57,61,69,44,48,56,1,15.0654,0.0502179,-0
dual_l1_c0,0,43,1,0.204377,0.115408,0.280744,0.955826,2650.74,0.203657,8.83513,0.161218,0.0173326,0.0164088,0.0101092,0.0499826,0.364529,0.137948,0.274966,0.198145,0,3.83907e-21,31,140,1,0.0707434,0.280578,0.339062,0.121536,0,2637.27,0.00346099,0.20695,0.894447,0.541958,0.05,300,300,300,300,300,300,136,140,300,96,100,108,46,56,64,1,38.8233,0.129411,2.88778e-07
dual_l1_c0,0,44,6,0.230452,0.140099,0.0823957,0.978308,1027.72,0.192245,3.42508,0.142251,0.0200842,0.0148473,0.0124482,0.0100636,0.274774,0.0950041,0.173192,0.166217,1,1,1,79,1,0.135222,0.121465,0.512991,0.0604127,1,1015.51,0.00346099,0.20695,0.894447,0.541958,0.05,300,300,300,300,300,300,54,79,300,45,54,62,33,37,54,1,5.33066,0.0177689,-0
dual_l1_c0,0,45,4,0.300927,0.16992,-0.0889343,1.07991,2003.28,0.14694,6.67709,0.133182,0.0689006,0.0246687,0.00804956,0.0507379,0.158146,0.161399,0.38555,0.389691,1,1,22,85,1,0.253354,0.255985,0.43038,0.24016,1,1988.31,0.00346099,0.20695,0.894447,0.541958,0.05,300,300,300,300,300,300,63,85,131,50,54,62,48,52,60,1,18.0528,0.0601761,-0
dual_l1_c0,0,46,6,0.373309,0.179031,-0.477296,0.930114,1814.19,6.48415,6.02569,0.816536,0.401087,0.0157509,0.00878824,0.0234646,0.840659,0.324586,0.487996,0.619716,1,1,13,69,1,0.785203,0.763189,0.403242,0.685986,1,1709.49,0.00346099,0.20695,0.894447,0.541958,0.05,300,300,300,300,300,300,65,69,121,46,50,58,40,44,52,1,19.6024,0.0653413,-0
dual_l1_c0,0,47,6,0.483705,0.0687121,-0.149179,0.943409,1367.46,0.371268,4.55697,0.202597,0.179269,0.0414874,0.0120684,0.0244891,0.203636,0.190412,0.531585,0.363446,1,1,15,95,1,0.339954,0.368823,0.579615,0.242401,1,1326.34,0.00346099,0.20695,0.894447,0.541958,0.05,300,300,300,300,300,300,91,95,300,45,49,57,40,44,52,1,17.2594,0.0575314,-0
dual_l1_c0,0,48,5,0.355156,0.122152,0.165691,1.0424,1008.5,0.828457,3.35889,0.308746,0.00995705,0.0304375,0.018173,0.0235155,0.196735,0.117352,0.522962,0.0379808,1,1,1,85,1,0.0414375,0.257984,0.484176,0.16514,1,992.013,0.00346099,0.20695,0.894447,0.541958,0.05,300,300,300,300,300,300,69,85,207,45,49,72,40,44,52,1,13.952,0.0465067,1.35242e-38
dual_l1_c0,0,49,5,0.496347,0.167367,-0.0810145,0.94888,1805.29,0.443314,6.01617,0.218512,0.0954297,0.0390581,0.0103395,0.0482106,0.275311,0.104518,0.588349,0.31095,1,1,0,80,1,0.321952,0.259626,0.598385,0.323979,1,1786.16,0.00346099,0.20695,0.894447,0.541958,0.05,300,300,300,300,300,300,69,80,300,44,56,64,37,41,49,1,11.7763,0.0392543,2.31115e-31
dual_l1_c0,0,50,7,0.491695,0.182699,0.147338,0.917362,1903.11,0.669374,6.34145,0.266124,0.0403175,0.0401663,0.0076142,0.0144328,0.194274,0.156359,0.482281,0.110313,1,1,20,64,1,0.301033,0.263655,0.607929,0.105368,1,1888.16,0.00346099,0.20695,0.894447,0.541958,0.05,300,300,300,300,300,300,60,64,300,55,59,67,47,51,59,1,7.04913,0.0234971,-0
dual_l1_c0,0,51,7,0.482865,0.19379,-0.111416,1.01669,1605.22,0.275991,5.34981,0.163959,0.0501792,0.0333998,0.0212534,0.0365203,0.160381,0.165595,0.470432,0.334297,1,1,22,72,1,0.187794,0.192338,0.445478,0.335666,1,1583.9,0.00346099,0.20695,0.894447,0.541958,0.05,300,300,300,300,300,300,68,72,80,50,54,62,42,46,54,1,15.4391,0.0514638,-0
dual_l1_c0,0,52,6,0.408942,0.155562,-0.240589,1.02755,987.216,0.691565,3.28842,0.242951,0.154256,0.0495658,0.0206545,0.0266995,0.467821,0.151972,0.467883,0.488968,1,1,0,134,1,0.255529,0.234063,0.353415,0.437079,1,959.168,0.00346099,0.20695,0.894447,0.541958,0.05,300,300,300,300,300,300,80,134,142,59,75,83,34,38,56,1,3.89024,0.0129675,-0
dual_l1_c0,0,53,1,0.502556,0.0746694,0.282294,1.00661,1806.48,0.23719,6.02081,0.182486,0.0294978,0.0236714,0.00861915,0.0281035,0.309012,0.143933,0.49725,0.0555885,0,1.37691e-24,12,300,0,0.182486,0.309012,0.49725,0.0555885,0,1806.24,0.00346099,0.20695,0.894447,0.541958,0.05,300,300,300,300,300,300,69,300,300,52,56,115,38,42,50,1,46.0047,0.153349,0.000295079
dual_l1_c0,0,54,7,0.347073,0.141489,-0.493211,1.09375,1763.27,1.99827,5.87092,0.437813,0.134936,0.014814,0.0123879,0.0295877,0.485845,0.0497441,0.403518,0.705911,1,1,5,81,1,0.584291,0.441503,0.411021,0.688112,1,1703.85,0.00346099,0.20695,0.894447,0.541958,0.05,300,300,300,300,300,300,60,81,204,52,56,64,46,50,58,1,12.448,0.0414932,-0
dual_l1_c0,0,55,6,0.39037,0.153162,0.322263,0.912677,1527.27,0.206658,5.09021,0.152017,0.0156438,0.027599,0.0129829,0.0349542,0.576345,0.105188,0.3012,0.230663,1,1,18,287,1,0.0445666,0.257897,0.219201,0.278562,1,1525.59,0.00346099,0.20695,0.894447,0.541958,0.05,300,300,300,300,300,300,89,287,300,60,71,79,34,38,58,1,14.2269,0.0474231,-0
dual_l1_c0,0,56,5,0.479214,0.0784673,0.210173,1.09239,1121.64,0.466487,3.73725,0.231964,0.0362848,0.0300905,0.0161508,0.0290943,0.312052,0.125327,0.280067,0.173474,1,1,18,144,1,0.167824,0.205276,0.301391,0.0615624,1,1107.68,0.00346099,0.20695,0.894447,0.541958,0.05,300,300,300,300,300,300,65,144,152,51,63,71,33,37,45,1,7.00039,0.0233346,1.68093e-24
dual_l1_c0,0,57,1,0.115277,0.123797,-0.260152,0.916013,851.48,2.60833,2.82957,0.518547,0.262949,0.0324985,0.00735746,0.00661022,0.310294,0.147518,0.191399,0.432338,0,3.60694e-42,0,117,1,0.270564,0.319055,0.171238,0.471537,0,801.904,0.00346099,0.20695,0.894447,0.541958,0.05,300,300,300,300,300,300,46,117,163,44,48,56,38,42,50,1,9.05668,0.0301889,2.62442e-18
dual_l1_c0,0,58,5,0.460491,0.183327,-0.43489,1.07897,1461.41,2.79339,4.86204,0.531881,0.333922,0.0293682,0.00697223,0.0260856,0.550861,0.227963,0.415638,0.64602,1,1,10,96,1,0.516084,0.475035,0.522868,0.596779,1,1397.96,0.00346099,0.20695,0.894447,0.541958,0.05,300,300,300,300,300,300,92,96,134,73,77,85,40,44,52,1,10.5843,0.0352811,-0
dual_l1_c0,0,59,3,0.28269,0.0199479,-0.214944,1.07343,1141.35,1.12308,3.80075,0.32571,0.11877,0.034593,0.00706974,0.0291649,0.274578,0.122834,0.224742,0.391166,1,1,7,105,1,0.565069,0.284146,0.264277,0.424279,1,1111.52,0.00346099,0.20695,0.894447,0.541958,0.05,300,300,300,300,300,300,61,105,300,47,51,59,38,48,56,1,18.91,0.0630335,1.23919e-12
dual_l1_c0,0,60,0,0.404507,0.181345,-0.462475,0.970915,1149.64,2.61034,3.82343,0.506559,0.352509,0.0206749,0.0103886,0.0804519,0.444543,0.164888,0.422079,0.62735,1,1,0,63,1,0.391365,0.460466,0.3995,0.658496,1,1062.28,0.00346099,0.20695,0.894447,0.541958,0.05,300,300,300,300,300,300,59,63,71,43,57,65,37,41,49,1,3.47688,0.0115896,-0
dual_l1_c0,0,61,5,0.293084,0.1655,0.198789,0.913959,1947.19,0.380852,6.48935,0.188558,0.0240439,0.00251482,0.0189645,0.0392453,0.217314,0.105686,0.371156,0.138994,1,1,0,248,1,0.149086,0.446163,0.447351,0.141925,1,1941.67,0.00346099,0.20695,0.894447,0.541958,0.05,300,300,300,300,300,300,134,248,300,53,57,74,45,49,57,1,10.7412,0.0358039,1.37062e-36
dual_l1_c0,0,62,1,0.487211,0.167735,0.100788,1.05422,1733.08,0.735085,5.7745,0.272334,0.0111901,0.0281504,0.00623797,0.0399346,0.168542,0.180136,0.450429,0.106821,0,3.2403e-05,6,92,1,0.0796707,0.182401,0.393258,0.167538,1,1720.45,0.00346099,0.20695,0.894447,0.541958,0.05,300,300,300,300,300,300,76,92,300,57,61,98,40,44,52,1,38.2439,0.12748,0.000398318
dual_l1_c0,0,63,3,0.258255,0.0710104,0.0145037,0.977974,2122.53,1.62111,7.06968,0.405125,0.0579741,0.0321934,0.0115252,0.0515967,0.166993,0.258499,0.370101,0.210017,1,1,13,165,1,0.142702,0.146721,0.390902,0.235599,1,2108.51,0.00346099,0.20695,0.894447,0.541958,0.05,300,300,300,300,300,300,81,165,173,62,81,89,52,56,64,1,15.0906,0.0503022,-0
dual_l1_c0,0,64,4,0.306573,0.155347,-0.181309,1.06503,1182.47,0.740513,3.93909,0.27113,0.093099,0.0172792,0.0138616,0.0515953,0.282885,0.240622,0.506932,0.376208,1,1,15,100,1,0.260962,0.358533,0.28477,0.483021,1,1161.05,0.00346099,0.20695,0.894447,0.541958,0.05,300,300,300,300,300,300,64,100,108,49,53,72,31,35,43,1,7.9451,0.0264837,-0
dual_l1_c0,0,65,4,0.433489,0.00318217,-0.45113,1.05977,1729.88,1.80384,5.76024,0.390531,0.193716,0.0372903,0.0212197,0.0143326,0.829904,0.277317,0.450432,0.668327,1,1,26,69,1,0.688307,0.671851,0.37939,0.626535,1,1675.91,0.00346099,0.20695,0.894447,0.541958,0.05,300,300,300,300,300,300,49,69,300,46,50,58,30,34,42,1,14.5905,0.048635,-0
dual_l1_c0,0,66,0,0.471737,0.105678,-0.0505208,0.959978,1182.71,0.932163,3.93925,0.306874,0.0722489,0.0252875,0.00505334,0.0344416,0.396736,0.11606,0.518138,0.277731,1,1,17,105,1,0.0789914,0.226976,0.559635,0.205289,1,1160.11,0.00346099,0.20695,0.894447,0.541958,0.05,300,300,300,300,300,300,86,105,300,45,49,57,32,36,44,1,19.0569,0.0635231,5.76575e-22
dual_l1_c0,0,67,7,0.362885,0.12742,0.399333,1.05352,1317.21,0.564295,4.38882,0.219394,0.0322522,0.0282997,0.00979759,0.0402549,0.605381,0.220032,0.46364,0.0874712,1,1,0,300,0,0.219394,0.605381,0.46364,0.0874712,1,1316.65,0.00346099,0.20695,0.894447,0.541958,0.05,300,300,300,300,300,300,145,300,300,69,88,96,36,40,76,1,6.42161,0.0214054,-0
dual_l1_c0,0,68,1,0.34651,0.0428209,0.0853858,0.963042,2177.11,0.601104,7.25504,0.256185,0.0582679,0.0354094,0.0171335,0.0447492,0.313567,0.0731034,0.344494,0.189457,0,7.85393e-26,18,259,1,0.506343,0.19326,0.257537,0.0249007,0,2170.62,0.00346099,0.20695,0.894447,0.541958,0.05,300,300,300,300,300,300,225,259,300,71,87,95,46,50,58,1,14.0423,0.0468077,4.54527e-24
dual_l1_c0,0,69,0,0.298852,0.142803,0.306924,1.00311,1229.3,1.15318,4.09384,0.321997,0.0320066,0.039584,0.00725478,0.0184759,0.45447,0.146921,0.328717,0.169654,1,1,17,138,1,0.124182,0.255394,0.378855,0.0970272,1,1205.32,0.00346099,0.20695,0.894447,0.541958,0.05,300,300,300,300,300,300,106,138,146,45,56,75,33,37,45,1,14.1568,0.0471895,1.51201e-18
dual_l1_c0,0,70,6,0.419506,0.0173453,-0.485484,0.906796,1992.86,9.00374,6.61287,0.937812,0.452031,0.0126866,0.0176239,0.0425946,0.939483,0.228648,0.426241,0.747138,1,1,9,70,1,0.633184,0.44408,0.47735,0.487006,1,1783.77,0.00346099,0.20695,0.894447,0.541958,0.05,300,300,300,300,300,300,58,70,300,54,58,66,28,32,58,1,10.895,0.0363168,-0
dual_l1_c0,0,71,5,0.494104,0.0746148,0.312638,1.09186,1592.55,0.0839795,5.30821,0.0601282,0.0105163,0.0124121,0.0132598,0.0455776,0.334698,0.154463,0.674601,0.222657,1,1,0,203,1,0.283727,0.135898,0.507406,0.120982,1,1584.58,0.00346099,0.20695,0.894447,0.541958,0.05,300,300,300,300,300,300,88,203,300,58,74,94,45,57,65,1,18.3283,0.0610943,-0
dual_l1_c0,0,72,1,0.479733,0.1762,-0.201506,0.965405,1093.62,1.4641,3.64052,0.381957,0.177538,0.0409768,0.00461108,0.0248954,0.29112,0.131655,0.458525,0.383738,0,3.76329e-25,0,121,1,0.473582,0.354026,0.614849,0.36847,0,1060.71,0.00346099,0.20695,0.894447,0.541958,0.05,300,300,300,300,300,300,117,121,300,41,45,53,33,37,45,1,10.6917,0.035639,7.09286e-10
dual_l1_c0,0,73,6,0.312145,0.0753175,0.139123,1.0542,1734.06,0.121121,5.77981,0.0976305,0.0188187,0.0294174,0.0112679,0.0494582,0.2517,0.0921755,0.171346,0.0300611,1,1,23,268,1,0.0756073,0.163429,0.201661,0.103442,1,1732.54,0.00346099,0.20695,0.894447,0.541958,0.05,300,300,300,300,300,300,123,268,286,65,69,102,44,48,56,1,13.9178,0.0463925,-0
dual_l1_c0,0,74,4,0.531365,0.19379,-0.217745,1.00776,1149.42,0.96988,3.82817,0.302936,0.162671,0.0215706,0.0163909,0.0565385,0.35839,0.102135,0.507333,0.374705,1,1,47,96,1,0.425605,0.562936,0.480268,0.163818,1,1123.2,0.00346099,0.20695,0.894447,0.541958,0.05,300,300,300,300,300,300,58,96,104,47,51,69,43,47,55,1,7.06374,0.0235458,-0
dual_l1_c0,0,75,6,0.350999,0.0588444,0.179428,1.09152,2684.52,0.0910895,8.94811,0.0702475,0.0294853,0.0399857,0.0113889,0.0418123,0.281163,0.157288,0.452762,0.128312,1,1,28,199,1,0.119831,0.271686,0.464393,0.195285,1,2678.4,0.00346099,0.20695,0.894447,0.541958,0.05,300,300,300,300,300,300,92,199,207,69,73,81,46,50,58,1,14.7164,0.0490548,-0
dual_l1_c0,0,76,6,0.475728,0.0797803,-0.285196,0.921035,1123.65,3.77246,3.73293,0.601392,0.180705,0.0219429,0.00927384,0.0573274,0.569964,0.437419,0.415524,0.458403,1,1,0,62,1,0.522286,0.343713,0.471097,0.602101,1,1053.4,0.00346099,0.20695,0.894447,0.541958,0.05,300,300,300,300,300,300,58,62,70,44,48,56,37,41,49,1,13.8698,0.0462326,-0
dual_l1_c0,0,77,7,0.394629,0.0273094,0.181595,0.980123,1887.55,0.252093,6.29098,0.160073,0.0180542,0.0253069,0.013,0.0364448,0.197943,0.0701451,0.510211,0.0243239,1,1,10,148,1,0.144622,0.163188,0.462381,0.0553074,1,1879.64,0.00346099,0.20695,0.894447,0.541958,0.05,300,300,300,300,300,300,73,148,156,62,66,74,49,53,61,1,17.5765,0.0585882,-0
dual_l1_c0,0,78,5,0.500095,0.144042,-0.271307,1.05626,1378.76,1.27329,4.59163,0.336159,0.139631,0.0105938,0.021924,0.0226329,0.513337,0.334677,0.54184,0.512781,1,1,19,73,1,0.375614,0.546618,0.532503,0.431294,1,1334.38,0.00346099,0.20695,0.894447,0.541958,0.05,300,300,300,300,300,300,69,73,300,54,66,74,42,46,54,1,11.7487,0.0391623,2.86718e-33
dual_l1_c0,0,79,5,0.181629,0.134577,-0.337693,1.08336,1114.72,1.09219,3.71208,0.340136,0.236585,0.0240221,0.0135419,0.0317937,0.438135,0.22487,0.527722,0.259092,1,1,0,59,1,0.298162,0.36218,0.416443,0.35473,1,1055.49,0.00346099,0.20695,0.894447,0.541958,0.05,300,300,300,300,300,300,55,59,67,51,55,63,36,40,48,1,11.4627,0.0382091,-0
dual_l1_c0,0,80,0,0.305267,0.0536277,-0.216461,0.900734,1420.83,3.22306,4.72537,0.577049,0.260373,0.025875,0.00888979,0.0387336,0.369151,0.0605555,0.415847,0.269982,1,1,0,300,0,0.577049,0.369151,0.415847,0.269982,1,1417.61,0.00346099,0.20695,0.894447,0.541958,0.05,300,300,300,300,300,300,127,300,300,41,45,53,28,32,40,1,4.21691,0.0140564,-0
dual_l1_c0,0,81,1,0.25199,0.0911183,0.0151876,1.06231,1026.88,0.0588285,3.42274,0.0786642,0.0786642,0.0267802,0.0205795,0.0287617,0.226987,0.143185,0.494612,0.214099,0,0,1,84,1,0.245471,0.182878,0.428735,0.169422,1,1014.51,0.00346099,0.20695,0.894447,0.541958,0.05,300,300,300,300,300,300,73,84,135,45,56,77,37,46,54,1,13.6137,0.0453789,-0
dual_l1_c0,0,82,1,0.447172,0.036951,-0.399754,0.916545,1108.67,7.89984,3.66924,0.898344,0.415872,0.0269791,0.00940636,0.0351531,0.613139,0.310977,0.252705,0.143149,0,0,6,101,1,0.867047,0.486844,0.312833,0.630843,0,953.835,0.00346099,0.20695,0.894447,0.541958,0.05,300,300,300,300,300,300,58,101,300,37,51,59,31,35,43,1,19.5419,0.0651397,-0
dual_l1_c0,0,83,4,0.536134,0.16885,0.308121,0.950575,1634.63,0.553366,5.44693,0.248252,0.0298163,0.0156855,0.0104198,0.0368266,0.23801,0.169873,0.518233,0.131433,1,1,35,153,1,0.366432,0.283274,0.419784,0.176645,1,1613.06,0.00346099,0.20695,0.894447,0.541958,0.05,300,300,300,300,300,300,84,153,300,46,65,89,34,38,46,1,22.2509,0.0741696,-0
dual_l1_c0,0,84,6,0.416504,0.07556,0.0698498,0.947326,1926.3,1.98842,6.41437,0.454882,0.0430782,0.0322723,0.0163473,0.0238306,0.172064,0.360864,0.506021,0.0838935,1,1,21,90,1,0.49029,0.321611,0.466508,0.101581,1,1890.45,0.00346099,0.20695,0.894447,0.541958,0.05,300,300,300,300,300,300,86,90,120,52,56,78,39,43,51,1,11.5863,0.0386209,-0
dual_l1_c0,0,85,0,0.442897,0.139475,-0.0697981,1.00951,1850.44,0.0455773,6.16798,0.0710945,0.0505973,0.048348,0.0188015,0.013025,0.192493,0.0932877,0.528551,0.284215,1,1,22,86,1,0.275179,0.31099,0.574653,0.317303,1,1840.29,0.00346099,0.20695,0.894447,0.541958,0.05,300,300,300,300,300,300,82,86,146,52,62,70,37,41,49,1,16.25,0.0541668,2.011e-41
dual_l1_c0,0,86,4,0.383459,0.0360704,0.0806735,1.01335,858.795,0.44425,2.86117,0.204379,0.0233422,0.0215818,0.0093659,0.0171053,0.162837,0.148489,0.444354,0.20848,1,1,10,116,1,0.113351,0.109925,0.434564,0.0912653,1,849.13,0.00346099,0.20695,0.894447,0.541958,0.05,300,300,300,300,300,300,69,116,124,45,49,74,40,44,52,1,8.75295,0.0291765,-0
dual_l1_c0,0,87,7,0.432045,0.161286,-0.025977,0.983215,2194.74,1.91777,7.3094,0.420534,0.0653168,0.0331946,0.0169946,0.0169568,0.546505,0.186498,0.325693,0.12558,1,1,27,108,1,0.0993476,0.21223,0.645281,0.111544,1,2171.88,0.00346099,0.20695,0.894447,0.541958,0.05,300,300,300,300,300,300,72,108,241,62,66,74,41,53,61,1,22.6244,0.0754147,-0
dual_l1_c0,0,88,1,0.510933,0.178163,0.10097,1.02629,1763.05,0.0521918,5.87667,0.108573,0.0254676,0.0208917,0.00705828,0.04893,0.472291,0.191243,0.596202,0.206765,1,1,0,110,1,0.19163,0.303194,0.512063,0.20026,1,1747.9,0.00346099,0.20695,0.894447,0.541958,0.05,300,300,300,300,300,300,106,110,300,48,52,80,31,47,55,1,9.66735,0.0322245,4.66047e-18
dual_l1_c0,0,89,2,0.35837,0.110804,-0.126733,0.98471,985.73,0.89795,3.28277,0.310812,0.0971924,0.0238498,0.0158025,0.040531,0.246268,0.091206,0.14975,0.248521,1,1,1,123,1,0.188226,0.217585,0.520189,0.270237,1,963.856,0.00346099,0.20695,0.894447,0.541958,0.05,300,300,300,300,300,300,64,123,300,46,64,72,42,46,54,1,4.62851,0.0154284,-0
dual_l1_c0,0,90,2,0.362174,0.0225001,0.0676554,1.00716,1977.64,0.685639,6.58986,0.255854,0.170234,0.0221975,0.0114614,0.0248801,0.166054,0.316024,0.398893,0.120173,1,1,20,86,1,0.270929,0.182418,0.509653,0.0721831,1,1945.19,0.00346099,0.20695,0.894447,0.541958,0.05,300,300,300,300,300,300,82,86,300,50,54,75,43,47,55,1,7.87064,0.0262355,-0
dual_l1_c0,0,91,3,0.419491,0.0700563,0.448763,1.00647,1091.6,0.430566,3.63722,0.204358,0.0744615,0.0270379,0.0139191,0.0460616,0.433623,0.156629,0.552033,0.0146961,1,1,0,300,0,0.204358,0.433623,0.552033,0.0146961,1,1091.17,0.00346099,0.20695,0.894447,0.541958,0.05,300,300,300,300,300,300,74,300,300,68,72,80,39,43,66,1,7.14583,0.0238194,-0
dual_l1_c0,0,92,5,0.38077,0.167009,0.436292,1.03081,1854.85,0.447549,6.18135,0.242418,0.0347671,0.0173585,0.0199739,0.0837695,0.192178,0.101901,0.729038,0.380548,1,1,0,300,0,0.242418,0.192178,0.729038,0.380548,1,1854.41,0.00346099,0.20695,0.894447,0.541958,0.05,300,300,300,300,300,300,300,300,300,54,58,66,35,39,47,1,19.6936,0.0656453,1.46041e-27
dual_l1_c0,0,93,4,0.246562,0.0728679,-0.309784,1.07934,1164.7,3.41706,3.87095,0.581785,0.257852,0.0486504,0.00616721,0.0333524,0.323143,0.227947,0.423019,0.568449,1,1,1,113,1,0.365517,0.189656,0.292681,0.513046,1,1119.04,0.00346099,0.20695,0.894447,0.541958,0.05,300,300,300,300,300,300,64,113,121,55,59,67,41,45,53,1,12.5637,0.041879,-0
dual_l1_c0,0,94,4,0.198938,0.137967,0.354441,0.917787,1166.62,0.0793228,3.88847,0.0812252,0.0248279,0.0281116,0.00321325,0.0191242,0.407105,0.0994348,0.300969,0.10408,1,1,13,249,1,0.207361,0.262386,0.13967,0.237183,1,1160.78,0.00346099,0.20695,0.894447,0.541958,0.05,300,300,300,300,300,300,181,249,300,44,48,72,32,47,55,1,9.22784,0.0307595,-0
dual_l1_c0,0,95,7,0.0603676,0.185174,0.0854224,0.929905,2167.86,0.387728,7.22491,0.218722,0.01778,0.00994132,0.0194692,0.0524402,0.0886882,0.119573,0.414845,0.0670301,1,1,0,95,1,0.205201,0.142687,0.168824,0.108616,1,2155.89,0.00346099,0.20695,0.894447,0.541958,0.05,300,300,300,300,300,300,72,95,114,48,68,76,45,49,57,1,12.2593,0.0408644,-0
dual_l1_c0,0,96,4,0.398263,0.19875,0.494497,1.04494,1314.41,0.129062,4.38095,0.107702,0.0646166,0.037558,0.0153211,0.0513203,0.421705,0.124917,0.392989,0.310483,1,1,16,300,0,0.107702,0.421705,0.392989,0.310483,1,1314.28,0.00346099,0.20695,0.894447,0.541958,0.05,300,300,300,300,300,300,242,300,300,72,76,102,40,44,67,1,2.60623,0.00868742,-0
dual_l1_c0,0,97,5,0.432392,0.166741,0.0690376,0.917142,1240.25,0.0458527,4.13403,0.0796323,0.013387,0.0227764,0.00923275,0.0338083,0.107492,0.0702569,0.510715,0.158839,1,1,2,86,1,0.419105,0.227982,0.342761,0.230377,1,1226.76,0.00346099,0.20695,0.894447,0.541958,0.05,300,300,300,300,300,300,61,86,270,53,57,65,35,39,47,1,7.83212,0.0261071,-0
dual_l1_c0,0,98,5,0.454787,0.063934,-0.0420609,1.0181,1789.53,0.128023,5.96468,0.114616,0.0489147,0.0172278,0.0141309,0.0457713,0.200429,0.166127,0.490463,0.18739,1,1,0,176,1,0.355316,0.428661,0.603255,0.367469,1,1778.57,0.00346099,0.20695,0.894447,0.541958,0.05,300,300,300,300,300,300,91,176,300,65,77,85,31,35,43,1,7.594,0.0253133,-0
dual_l1_c0,0,99,6,0.600935,0.0962008,0.233901,0.936715,1397.05,0.0969811,4.65652,0.112718,0.0081182,0.0268687,0.00951321,0.022388,0.240863,0.0910622,0.520461,0.0907127,1,1,2,217,1,0.130953,0.341054,0.592389,0.167064,1,1392.61,0.00346099,0.20695,0.894447,0.541958,0.05,300,300,300,300,300,300,102,217,300,50,66,74,31,47,55,1,11.2306,0.0374354,-0
dual_l1_c0,0,100,4,0.530394,0.0903143,0.0514029,0.967287,2100.75,0.429298,7.00106,0.211124,0.0239952,0.00797106,0.0142324,0.0096713,0.224223,0.270541,0.482976,0.158535,1,1,31,191,1,0.15318,0.227095,0.483144,0.139039,1,2093.91,0.00346099,0.20695,0.894447,0.541958,0.05,300,300,300,300,300,300,68,191,300,52,64,72,40,44,52,1,13.563,0.0452099,-0
dual_l1_c0,0,101,2,0.320529,0.164775,0.234506,1.03279,2241.67,0.320452,7.47116,0.183565,0.0176291,0.0225113,0.0149426,0.0545775,0.356188,0.0841405,0.507979,0.135957,1,1,0,222,1,0.0176291,0.358589,0.300211,0.286479,1,2233.84,0.00346099,0.20695,0.894447,0.541958,0.05,300,300,300,300,300,300,107,222,240,69,89,97,42,46,54,1,20.0548,0.0668493,-0
dual_l1_c0,0,102,6,0.540161,0.155586,-0.120244,1.06337,1162.1,1.02968,3.87023,0.329842,0.0646629,0.0259742,0.00305522,0.0283653,0.0982884,0.0618137,0.538081,0.352037,1,1,13,84,1,0.282405,0.394988,0.623931,0.409809,1,1136.98,0.00346099,0.20695,0.894447,0.541958,0.05,300,300,300,300,300,300,80,84,270,44,48,67,31,35,43,1,11.5463,0.0384876,-0
dual_l1_c0,0,103,2,0.457232,0.175764,0.263747,1.09026,1774.35,0.318872,5.91345,0.156248,0.056569,0.0199086,0.011485,0.0229979,0.21202,0.0614821,0.287539,0.196885,1,1,19,106,1,0.260598,0.437337,0.79059,0.440538,1,1748.32,0.00346099,0.20695,0.894447,0.541958,0.05,300,300,300,300,300,300,102,106,300,71,75,97,51,55,79,1,2.33623,0.00778742,-0
dual_l1_c0,0,104,7,0.313448,0.115665,0.328273,0.950521,1913.47,0.0797338,6.37796,0.0695912,0.0289745,0.0284486,0.00562582,0.0279129,0.279805,0.132304,0.174443,0.125131,1,1,21,300,0,0.0695912,0.279805,0.174443,0.125131,1,1913.39,0.00346099,0.20695,0.894447,0.541958,0.05,300,300,300,300,300,300,173,300,300,56,60,86,36,40,48,1,10.2159,0.0340532,-0
dual_l1_c0,0,105,0,0.544314,0.133144,-0.130149,0.987984,1376.35,1.81082,4.58181,0.414324,0.0395412,0.0395193,0.0090969,0.0367876,0.237003,0.20441,0.485811,0.309554,1,1,1,97,1,0.445018,0.270554,0.321979,0.233556,1,1352.18,0.00346099,0.20695,0.894447,0.541958,0.05,300,300,300,300,300,300,83,97,203,53,57,65,24,37,45,1,13.4804,0.0449346,-0
dual_l1_c0,0,106,6,0.429342,0.0960314,-0.340866,0.98806,2182.17,3.09611,7.26358,0.582931,0.275451,0.0366908,0.00830606,0.0569333,0.288783,0.22022,0.586742,0.587181,1,1,18,169,1,0.61479,0.777551,0.413415,0.468125,1,2137.47,0.00346099,0.20695,0.894447,0.541958,0.05,300,300,300,300,300,300,106,169,207,52,56,64,42,46,54,1,13.8051,0.0460172,-0
dual_l1_c0,0,107,1,0.450231,0.0595768,0.321664,0.903738,1844.24,0.402599,6.14613,0.168305,0.0174381,0.0366626,0.0124132,0.043042,0.495562,0.138879,0.505035,0.165207,0,2.03048e-41,25,138,1,0.0893643,0.439183,0.405773,0.090669,0,1824.37,0.00346099,0.20695,0.894447,0.541958,0.05,300,300,300,300,300,300,62,138,300,48,52,60,37,49,57,1,31.8324,0.106108,3.6385e-28
dual_l1_c0,0,108,0,0.443478,0.00231678,-0.29981,0.908354,1184.42,1.43687,3.94328,0.377576,0.103528,0.0186437,0.0202291,0.0514083,0.355634,0.069594,0.501491,0.50228,1,1,7,213,1,0.327334,0.348711,0.510464,0.271635,1,1162.69,0.00346099,0.20695,0.894447,0.541958,0.05,300,300,300,300,300,300,139,213,221,44,65,87,31,43,51,1,19.1555,0.0638515,-0
dual_l1_c0,0,109,1,0.380998,0.19132,-0.35866,1.09357,1269.75,1.00776,4.22915,0.310571,0.234132,0.043241,0.00403738,0.0323994,0.436468,0.198756,0.44593,0.542693,0,0,0,82,1,0.49549,0.462221,0.430569,0.561885,0,1223.43,0.00346099,0.20695,0.894447,0.541958,0.05,300,300,300,300,300,300,57,82,300,47,51,59,35,48,56,1,8.68125,0.0289375,2.41818e-19
dual_l1_c0,0,110,2,0.435811,0.047146,0.0274593,1.07568,986.809,1.44622,3.28454,0.381749,0.118585,0.0402394,0.0053947,0.0154514,0.151791,0.127292,0.386223,0.253817,0,0.00215441,4,154,1,0.467667,0.250424,0.358858,0.170827,1,950.295,0.00346099,0.20695,0.894447,0.541958,0.05,300,300,300,300,300,300,150,154,300,62,76,84,41,45,53,1,32.5119,0.108373,0.0153807
dual_l1_c0,0,111,4,0.430108,0.189412,0.335902,0.94796,971.666,0.0715704,3.23865,0.0700296,0.019491,0.0546771,0.0105377,0.0487292,0.366327,0.132561,0.612146,0.16609,1,1,13,129,1,0.119053,0.327285,0.384972,0.162568,1,951.688,0.00346099,0.20695,0.894447,0.541958,0.05,300,300,300,300,300,300,81,129,300,69,73,81,27,31,39,1,10.2521,0.0341736,-0
dual_l1_c0,0,112,6,0.452412,0.100499,-0.445893,1.06477,2202.71,3.08272,7.33208,0.566876,0.281602,0.0199393,0.00979081,0.0286226,0.205241,0.229788,0.479388,0.77595,1,1,17,87,1,0.499336,0.447499,0.521635,0.586135,1,2137.92,0.00346099,0.20695,0.894447,0.541958,0.05,300,300,300,300,300,300,70,87,124,57,61,69,41,56,64,1,9.02493,0.0300831,-0
dual_l1_c0,0,113,3,0.465147,0.0102467,0.0802397,1.03582,1170.73,0.591001,3.90047,0.232248,0.0481982,0.0183607,0.00728783,0.0108851,0.437817,0.255814,0.379333,0.232229,1,1,4,300,0,0.232248,0.437817,0.379333,0.232229,1,1170.14,0.00346099,0.20695,0.894447,0.541958,0.05,300,300,300,300,300,300,204,300,300,73,77,85,35,45,66,1,7.52818,0.0250939,-0
dual_l1_c0,0,114,2,0.261734,0.02644,0.311237,1.06736,2095.01,0.2106,6.98268,0.139626,0.0253351,0.0365196,0.0114788,0.044443,0.383536,0.29679,0.321201,0.268711,1,1,20,118,1,0.160971,0.147853,0.229482,0.152276,1,2077.99,0.00346099,0.20695,0.894447,0.541958,0.05,300,300,300,300,300,300,87,118,300,54,58,96,36,40,61,1,10.2442,0.0341475,-0
dual_l1_c0,0,115,2,0.362424,0.156139,0.113804,1.09538,907.091,0.0425483,3.02349,0.0667269,0.0230732,0.0303892,0.0189881,0.0455877,0.241184,0.150175,0.579729,0.178058,1,0.998289,21,108,1,0.231432,0.345351,0.490269,0.132791,1,893.088,0.00346099,0.20695,0.894447,0.541958,0.05,300,300,300,300,300,300,73,108,300,45,64,108,27,31,39,1,9.6363,0.032121,0.0126108
dual_l1_c0,0,116,5,0.280444,0.199126,-0.0593765,1.03058,1918.09,0.0925722,6.39332,0.0967489,0.0234851,0.0103378,0.0143003,0.0217865,0.134602,0.0397942,0.271902,0.246179,1,1,0,150,1,0.350492,0.342786,0.410625,0.273792,1,1910.33,0.00346099,0.20695,0.894447,0.541958,0.05,300,300,300,300,300,300,85,150,300,75,79,87,44,48,56,1,22.8386,0.0761286,-0
dual_l1_c0,0,117,2,0.545044,0.10804,0.18683,1.06443,1659.79,0.615076,5.53057,0.244965,0.0154475,0.0255761,0.00762666,0.0443062,0.226953,0.192995,0.419462,0.238258,1,1,19,174,1,0.170644,0.12715,0.450669,0.153043,1,1651.02,0.00346099,0.20695,0.894447,0.541958,0.05,300,300,300,300,300,300,72,174,300,61,65,73,46,50,58,1,5.88151,0.019605,2.02667e-17
dual_l1_c0,0,118,5,0.57331,0.115862,0.346437,0.956545,1013.31,0.244222,3.37689,0.121015,0.0379232,0.0118872,0.0114523,0.0343251,0.525243,0.268085,0.602935,0.189442,1,1,0,300,0,0.121015,0.525243,0.602935,0.189442,1,1013.07,0.00346099,0.20695,0.894447,0.541958,0.05,300,300,300,300,300,300,144,300,300,45,85,93,32,36,66,1,13.5783,0.0452609,2.24075e-16
dual_l1_c0,0,119,7,0.550234,0.103428,0.0171392,1.05096,1951.67,0.438891,6.5041,0.212308,0.0293243,0.0164958,0.0158367,0.0198959,0.136097,0.161853,0.547697,0.146844,1,1,11,193,1,0.188126,0.191729,0.596155,0.195765,1,1943.96,0.00346099,0.20695,0.894447,0.541958,0.05,300,300,300,300,300,300,189,193,201,68,72,80,39,43,51,1,14.3297,0.0477657,-0
dual_l1_c0,0,120,1,0.491051,0.103772,0.326167,1.08083,1503.14,0.276098,5.00955,0.137896,0.0323224,0.0224858,0.0100791,0.0137361,0.603429,0.260948,0.588432,0.149329,1,1,0,78,1,0.264101,0.251633,0.660016,0.290105,1,1475.97,0.00346099,0.20695,0.894447,0.541958,0.05,300,300,300,300,300,300,62,78,300,49,53,72,33,51,59,1,1.70656,0.00568852,1.41822e-17
dual_l1_c0,0,121,3,0.155,0.0864594,0.447545,1.01489,968.803,1.10949,3.22565,0.35144,0.0603694,0.0317836,0.00436714,0.0240977,0.469399,0.077907,0.134973,0.443564,1,1,17,300,0,0.35144,0.469399,0.134973,0.443564,1,967.694,0.00346099,0.20695,0.894447,0.541958,0.05,300,300,300,300,300,300,116,300,300,47,69,77,35,39,47,1,5.34408,0.0178136,1.26965e-19
dual_l1_c0,0,122,1,0.258256,0.159277,-0.0531408,0.923701,1848.17,0.285549,6.15961,0.189287,0.0299613,0.0290481,0.0135677,0.0239713,0.210465,0.250036,0.555047,0.0986904,0,3.09555e-34,28,92,1,0.316549,0.404053,0.333688,0.335543,0,1825.78,0.00346099,0.20695,0.894447,0.541958,0.05,300,300,300,300,300,300,83,92,300,76,80,88,36,40,48,1,52.5233,0.175078,7.72141e-13
dual_l1_c0,0,123,4,0.358232,0.113332,0.303441,0.979209,1901.53,0.0354437,6.3383,0.0678556,0.0444326,0.0417593,0.0071171,0.0362041,0.218641,0.131095,0.6667,0.158806,1,1,22,183,1,0.183353,0.34664,0.352473,0.0377279,1,1886.86,0.00346099,0.20695,0.894447,0.541958,0.05,300,300,300,300,300,300,179,183,300,57,68,76,38,42,50,1,7.57377,0.0252459,-0
dual_l1_c0,0,124,4,0.333948,0.131044,0.368322,0.93624,1475.89,0.543394,4.91782,0.222114,0.024658,0.0158035,0.00214514,0.034753,0.23677,0.15064,0.297929,0.19014,1,1,17,137,1,0.275779,0.587224,0.293416,0.0891924,1,1452.12,0.00346099,0.20695,0.894447,0.541958,0.05,300,300,300,300,300,300,92,137,300,48,80,98,32,50,58,1,12.5486,0.0418288,-0
dual_l1_c0,0,125,4,0.476448,0.0674466,-0.0184329,0.911413,1606.69,1.60558,5.35028,0.397068,0.032497,0.0403383,0.0147877,0.0357767,0.17146,0.133378,0.43548,0.362727,1,1,41,122,1,0.127813,0.168498,0.550837,0.253294,1,1590.49,0.00346099,0.20695,0.894447,0.541958,0.05,300,300,300,300,300,300,104,122,300,47,75,83,45,49,57,1,16.2741,0.0542471,-0
dual_l1_c0,0,126,5,0.544885,0.0538348,-0.453117,0.900705,1587.67,4.16826,5.27833,0.637246,0.358592,0.0300437,0.0057713,0.0450853,0.724429,0.288,0.57902,0.661021,1,1,11,66,1,0.628273,0.680633,0.453109,0.636097,1,1483.65,0.00346099,0.20695,0.894447,0.541958,0.05,300,300,300,300,300,300,62,66,296,46,50,58,31,43,51,1,10.7451,0.0358172,4.43554e-28
dual_l1_c0,0,127,4,0.130716,0.0832669,0.266412,0.990079,1839.53,0.197056,6.13112,0.137118,0.0165398,0.033703,0.0122395,0.0478806,0.460106,0.129177,0.230181,0.0177909,1,1,14,253,1,0.140098,0.332176,0.149161,0.0684331,1,1835.14,0.00346099,0.20695,0.894447,0.541958,0.05,300,300,300,300,300,300,158,253,261,56,60,68,38,42,50,1,8.41539,0.0280513,-0
dual_l1_c0,0,128,0,0.196907,0.00989924,0.0694762,1.09213,1753.9,0.693126,5.84404,0.251577,0.161123,0.0268512,0.0246898,0.0184756,0.488186,0.390989,0.218026,0.231365,1,1,19,300,0,0.251577,0.488186,0.218026,0.231365,1,1753.21,0.00346099,0.20695,0.894447,0.541958,0.05,300,300,300,300,300,300,125,300,300,55,59,99,51,55,63,1,18.1084,0.0603614,5.67817e-29
dual_l1_c0,0,129,3,0.352,0.0659599,-0.0928208,0.960242,2172.77,0.361264,7.24135,0.195176,0.0330363,0.0214637,0.00562986,0.0434013,0.24682,0.3304,0.475745,0.270655,0,9.40077e-37,17,68,1,0.221423,0.224737,0.48276,0.276815,0,2148.95,0.00346099,0.20695,0.894447,0.541958,0.05,300,300,300,300,300,300,59,68,76,53,57,65,48,52,60,1,16.5917,0.0553058,7.79839e-35
dual_l1_c0,0,130,4,0.428024,0.0968585,0.199551,0.982909,1185.6,0.214684,3.95128,0.14382,0.0222538,0.03654,0.0070163,0.0276129,0.156956,0.119376,0.450643,0.0297497,1,1,13,112,1,0.20547,0.180515,0.491654,0.0241395,1,1172.31,0.00346099,0.20695,0.894447,0.541958,0.05,300,300,300,300,300,300,76,112,300,45,56,64,43,47,55,1,10.6112,0.0353707,-0
dual_l1_c0,0,131,3,0.0862009,0.0750974,-0.227658,0.916202,1563.7,1.79646,5.20635,0.410486,0.204865,0.0504712,0.00994634,0.0258607,0.316412,0.137019,0.184534,0.430751,1,1,12,210,1,0.462337,0.569198,0.16273,0.465392,1,1536.39,0.00346099,0.20695,0.894447,0.541958,0.05,300,300,300,300,300,300,120,210,218,38,70,78,30,34,42,1,13.2457,0.0441522,-0
dual_l1_c0,0,132,6,0.293609,0.109226,0.29207,0.905336,946.425,0.149135,3.15425,0.092348,0.0312425,0.0156846,0.016243,0.0354561,0.32099,0.107731,0.395193,0.0958467,1,1,0,291,1,0.161295,0.285269,0.374896,0.170098,1,945.81,0.00346099,0.20695,0.894447,0.541958,0.05,300,300,300,300,300,300,65,291,300,54,67,75,36,40,48,1,8.84218,0.0294739,-0
dual_l1_c0,0,133,0,0.267546,0.182568,-0.198971,0.956263,1544.21,1.66332,5.14182,0.4051,0.108101,0.0120191,0.0113626,0.0174876,0.404679,0.164938,0.240793,0.386471,1,1,3,79,1,0.401485,0.110793,0.305724,0.35422,1,1516.63,0.00346099,0.20695,0.894447,0.541958,0.05,300,300,300,300,300,300,60,79,156,46,50,58,33,37,45,1,8.44984,0.0281661,-0
dual_l1_c0,0,134,3,0.281339,0.0660532,0.301246,1.00076,973.282,0.0481399,3.24411,0.0672265,0.0239539,0.0198699,0.0095247,0.0163519,0.403475,0.067695,0.345708,0.0743394,1,1,0,282,1,0.0947889,0.174887,0.419393,0.215062,1,972.023,0.00346099,0.20695,0.894447,0.541958,0.05,300,300,300,300,300,300,244,282,300,62,71,79,33,58,66,1,1.52799,0.00509329,-0
dual_l1_c0,0,135,0,0.419097,0.119557,-0.374751,1.06635,1491.35,2.0011,4.9645,0.441915,0.140824,0.0378271,0.00804202,0.0340931,0.460687,0.328218,0.441879,0.608654,1,1,0,68,1,0.359921,0.554952,0.531176,0.405481,1,1438.89,0.00346099,0.20695,0.894447,0.541958,0.05,300,300,300,300,300,300,55,68,105,48,52,76,40,44,52,1,3.90287,0.0130096,-0
dual_l1_c0,0,136,1,0.524284,0.0252642,-0.0594884,0.945971,1264.72,4.80544,4.19972,0.697147,0.11253,0.0175641,0.00780368,0.00924844,0.634141,0.386913,0.657487,0.340236,0,0,10,300,0,0.697147,0.634141,0.657487,0.340236,0,1259.92,0.00346099,0.20695,0.894447,0.541958,0.05,300,300,300,300,300,300,143,300,300,64,68,76,58,62,70,1,14.2953,0.047651,1.09042e-27
dual_l1_c0,0,137,4,0.389664,0.144146,-0.152223,0.989811,1208.44,0.489633,4.02649,0.223588,0.048696,0.0168339,0.015197,0.0251516,0.363764,0.135954,0.424921,0.410155,1,1,32,53,1,0.496593,0.698214,0.431409,0.472398,1,1178.75,0.00346099,0.20695,0.894447,0.541958,0.05,300,300,300,75,300,300,49,53,61,47,51,59,27,39,47,1,12.3158,0.0410525,-0
dual_l1_c0,0,138,5,0.427948,0.161493,-0.180874,1.04292,1065.34,0.296883,3.55015,0.18573,0.141911,0.0322758,0.015647,0.0156324,0.125967,0.140398,0.521998,0.357326,1,1,0,84,1,0.288092,0.10916,0.412887,0.403169,1,1045.54,0.00346099,0.20695,0.894447,0.541958,0.05,300,300,300,300,300,300,80,84,300,45,49,57,32,36,44,1,1.29391,0.00431302,-0
dual_l1_c0,0,139,3,0.213317,0.115767,-0.49004,1.09406,1216.1,4.48813,4.0387,0.665289,0.4325,0.0290757,0.0224048,0.0197006,0.460003,0.0869344,0.293764,0.689196,0,5.0024e-05,0,167,1,0.614977,0.691496,0.206275,0.745529,0,1165.17,0.00346099,0.20695,0.894447,0.541958,0.05,300,300,300,300,300,300,56,167,221,45,49,57,38,42,50,1,29.5483,0.0984944,0.000545453
dual_l1_c0,0,140,4,0.551431,0.184689,0.463273,1.08564,888.421,0.351252,2.96023,0.181856,0.0541473,0.0246426,0.0160354,0.0260328,0.646461,0.0795968,0.560122,0.290524,1,1,11,300,0,0.181856,0.646461,0.560122,0.290524,1,888.07,0.00346099,0.20695,0.894447,0.541958,0.05,300,300,300,300,300,300,300,300,300,57,61,69,35,49,68,1,8.62131,0.0287377,-0
dual_l1_c0,0,141,4,0.390135,0.0293785,-0.445178,0.910315,1009.69,10.2735,3.33138,1.00995,0.407693,0.0161413,0.0107834,0.00826314,0.552976,0.381944,0.33427,0.601853,1,1,1,66,1,0.650214,0.679524,0.375732,0.648,1,886.042,0.00346099,0.20695,0.894447,0.541958,0.05,300,300,300,300,300,300,62,66,300,44,48,56,33,37,45,1,6.83309,0.022777,-0
dual_l1_c0,0,142,2,0.555856,0.146848,-0.133017,1.09243,1329.8,0.754411,4.43014,0.280591,0.0462496,0.0129931,0.00528864,0.00446043,0.275504,0.127944,0.649126,0.422014,1,1,0,77,1,0.349651,0.187083,0.485458,0.375847,1,1309.74,0.00346099,0.20695,0.894447,0.541958,0.05,300,300,300,300,300,300,73,77,85,51,55,63,48,52,60,1,5.21263,0.0173754,7.06329e-38
dual_l1_c0,0,143,6,0.278675,0.149938,0.451662,1.06935,1005.43,0.373073,3.35018,0.162493,0.0615951,0.0287172,0.00846864,0.0112059,0.320144,0.187851,0.293454,0.245553,1,1,0,300,0,0.162493,0.320144,0.293454,0.245553,1,1005.06,0.00346099,0.20695,0.894447,0.541958,0.05,300,300,300,300,300,300,149,300,300,61,65,123,38,42,50,1,4.00045,0.0133348,-0
dual_l1_c0,0,144,0,0.475572,0.177201,-0.407409,0.99081,1802.72,1.92981,6.00262,0.439726,0.26399,0.0253818,0.0169268,0.0268181,0.49006,0.100504,0.484474,0.595766,1,1,16,79,1,0.526438,0.321916,0.406414,0.6258,1,1732.97,0.00346099,0.20695,0.894447,0.541958,0.05,300,300,300,300,300,300,67,79,150,35,53,75,31,35,43,1,13.9465,0.0464882,-0
dual_l1_c0,0,145,6,0.566664,0.0721196,-0.416387,0.958551,1485.68,2.51894,4.94386,0.53051,0.265087,0.047501,0.0211658,0.0108947,0.18531,0.245166,0.463238,0.542694,1,1,16,71,1,0.270494,0.521877,0.417265,0.756656,1,1415.12,0.00346099,0.20695,0.894447,0.541958,0.05,300,300,300,300,300,300,67,71,79,47,51,59,40,44,52,1,13.3053,0.044351,-0
dual_l1_c0,0,146,0,0.298974,0.166503,0.0602027,1.03703,1326.28,0.170722,4.42036,0.111943,0.0346386,0.0329916,0.00601039,0.0329976,0.220293,0.116386,0.37043,0.117832,1,1,0,84,1,0.296512,0.241602,0.522428,0.185395,1,1313.6,0.00346099,0.20695,0.894447,0.541958,0.05,300,300,300,300,300,300,72,84,189,46,50,68,36,40,48,1,11.3598,0.0378661,-0
dual_l1_c0,0,147,4,0.25293,0.0235697,0.44374,1.00884,1366.92,1.03942,4.55293,0.306222,0.0442589,0.0191786,0.00858673,0.0233582,0.22093,0.172004,0.456695,0.119139,1,1,28,300,0,0.306222,0.22093,0.456695,0.119139,1,1365.88,0.00346099,0.20695,0.894447,0.541958,0.05,300,300,300,300,300,300,300,300,300,56,124,201,36,40,62,1,15.138,0.0504602,-0
dual_l1_c0,0,148,5,0.219042,0.075115,-0.487367,0.976007,2128.9,1.38934,7.0917,0.401,0.401,0.0238824,0.013816,0.0153534,0.375028,0.260412,0.28222,0.683268,1,1,0,77,1,0.704968,0.594731,0.161526,0.766921,1,2030.76,0.00346099,0.20695,0.894447,0.541958,0.05,300,300,300,300,300,300,54,77,300,50,54,62,38,42,50,1,6.54189,0.0218063,-0
dual_l1_c0,0,149,7,0.49087,0.187988,-0.432723,0.907305,1653.56,4.8166,5.49581,0.679303,0.18864,0.0369335,0.0141436,0.0327799,0.661155,0.223903,0.627527,0.579729,1,1,0,63,1,0.233249,0.303836,0.395773,0.549622,1,1574.39,0.00346099,0.20695,0.894447,0.541958,0.05,300,300,300,300,300,300,59,63,85,57,61,69,27,50,58,1,5.11277,0.0170426,-0
dual_l1_c0,0,150,4,0.23773,0.0205528,0.0989499,1.0157,1517.25,0.094924,5.05717,0.0987655,0.0723852,0.0142006,0.0162483,0.0248049,0.316484,0.119256,0.233151,0.142094,1,1,42,178,1,0.182185,0.233302,0.406228,0.119526,1,1508.64,0.00346099,0.20695,0.894447,0.541958,0.05,300,300,300,300,300,300,62,178,186,57,61,69,49,53,61,1,4.40835,0.0146945,-0
dual_l1_c0,0,151,3,0.267625,0.116291,0.48739,1.09607,1673.18,0.486987,5.57564,0.193806,0.0650715,0.0281348,0.0136972,0.0368793,0.47093,0.119339,0.301664,0.252871,1,1,19,300,0,0.193806,0.47093,0.301664,0.252871,1,1672.69,0.00346099,0.20695,0.894447,0.541958,0.05,300,300,300,300,300,300,262,300,300,44,48,92,41,45,69,1,16.4107,0.0547025,-0
dual_l1_c0,0,152,2,0.267748,0.129448,-0.363067,1.09948,2366.13,2.23775,7.87965,0.45802,0.301634,0.030656,0.00855494,0.0216899,0.39564,0.312723,0.405013,0.46922,1,1,1,110,1,0.322782,0.300351,0.454738,0.388032,1,2316.01,0.00346099,0.20695,0.894447,0.541958,0.05,300,300,300,300,300,300,106,110,274,50,60,92,42,52,60,1,11.3462,0.0378206,-0
dual_l1_c0,0,153,6,0.472283,0.0514235,-0.0310422,0.93934,2248.47,0.276907,7.49397,0.14761,0.0335299,0.0222295,0.00907893,0.0248789,0.193866,0.187657,0.422084,0.208353,1,1,21,69,1,0.428282,0.429223,0.521243,0.306008,1,2204.63,0.00346099,0.20695,0.894447,0.541958,0.05,300,300,300,300,300,300,65,69,77,51,55,63,44,48,56,1,15.7022,0.0523407,-0
dual_l1_c0,0,154,3,0.46777,0.0119983,0.0146108,0.929361,1778.87,7.71372,5.90386,0.874728,0.303649,0.0387154,0.0132805,0.0215613,0.611761,0.543341,0.773709,0.21177,1,1,13,300,0,0.874728,0.611761,0.773709,0.21177,1,1771.16,0.00346099,0.20695,0.894447,0.541958,0.05,300,300,300,300,300,300,300,300,300,36,71,191,32,36,44,1,13.7739,0.0459132,-0
dual_l1_c0,0,155,3,0.474659,0.0668752,-0.351708,1.09197,1374.17,0.473936,4.57899,0.212682,0.21123,0.0362894,0.0105853,0.0376555,0.558644,0.14363,0.372667,0.607404,1,1,0,60,1,0.547555,0.576979,0.776302,0.375154,1,1305.36,0.00346099,0.20695,0.894447,0.541958,0.05,300,300,300,300,300,300,56,60,300,44,48,56,35,39,47,1,19.9233,0.0664109,-0
dual_l1_c0,0,156,5,0.439006,0.147897,-0.477624,1.00564,2151.68,2.55593,7.16375,0.511987,0.325415,0.0185828,0.0231512,0.0169898,0.423085,0.171078,0.414275,0.709019,0,1.25088e-10,0,132,1,0.624847,0.473172,0.281621,0.743432,0,2084.91,0.00346099,0.20695,0.894447,0.541958,0.05,300,300,300,300,300,300,85,132,140,48,52,60,39,43,51,1,14.1054,0.047018,2.85225e-09
dual_l1_c0,0,157,6,0.328317,0.183572,0.331077,1.04589,1270.59,0.675022,4.23303,0.237528,0.0208733,0.020164,0.0126851,0.0229421,0.247618,0.173441,0.274117,0.0991077,1,1,6,300,0,0.237528,0.247618,0.274117,0.0991077,1,1269.91,0.00346099,0.20695,0.894447,0.541958,0.05,300,300,300,300,300,300,69,300,300,53,64,72,40,44,52,1,19.1757,0.063919,-0
dual_l1_c0,0,158,7,0.397925,0.0863057,0.0679777,1.06345,2227.84,0.284903,7.42518,0.156572,0.0251138,0.0305646,0.00744164,0.0224874,0.175138,0.243676,0.283056,0.173021,1,1,24,93,1,0.153942,0.116563,0.451916,0.215307,1,2217.48,0.00346099,0.20695,0.894447,0.541958,0.05,300,300,300,300,300,300,89,93,115,87,91,99,46,50,58,1,4.7446,0.0158153,-0
dual_l1_c0,0,159,0,0.274494,0.160454,-0.424854,1.04687,1202.81,1.75955,4.00351,0.42722,0.205982,0.016076,0.0074088,0.0324801,0.558854,0.169661,0.391444,0.630712,1,1,0,94,1,0.563895,0.561187,0.450422,0.723206,1,1120.48,0.00346099,0.20695,0.894447,0.541958,0.05,300,300,300,300,300,300,80,94,299,44,48,56,39,43,51,1,9.78132,0.0326044,2.47178e-39
dual_l1_c0,0,160,2,0.457623,0.137054,0.359151,1.02534,1013.82,0.186657,3.37876,0.145067,0.0145949,0.0412985,0.00735789,0.0348485,0.429211,0.105394,0.268219,0.0582926,0,6.79827e-06,1,300,0,0.145067,0.429211,0.268219,0.0582926,0,1013.63,0.00346099,0.20695,0.894447,0.541958,0.05,300,300,300,300,300,300,65,300,300,52,56,64,39,43,51,1,15.9625,0.0532084,8.76864e-05
dual_l1_c0,0,161,3,0.247617,0.0170831,0.243411,1.01299,857.985,0.22108,2.85921,0.181349,0.0311402,0.0149731,0.013645,0.0168628,0.261932,0.121728,0.387236,0.0879844,0,1.52222e-25,1,78,1,0.261902,0.253174,0.384252,0.056225,0,827.301,0.00346099,0.20695,0.894447,0.541958,0.05,300,300,300,300,300,300,74,78,300,43,57,65,25,40,48,1,3.85249,0.0128416,8.69867e-24
dual_l1_c0,0,162,3,0.481259,0.136032,-0.437384,0.953037,2184.55,8.063,7.25494,0.878284,0.235454,0.0247566,0.0163264,0.0354593,0.706822,0.477393,0.760782,0.550565,1,1,15,64,1,0.579563,0.812056,0.585924,0.476758,1,2085.23,0.00346099,0.20695,0.894447,0.541958,0.05,300,300,300,300,300,300,60,64,300,55,59,67,43,47,55,1,11.1628,0.0372093,-0
dual_l1_c0,0,163,6,0.391819,0.0506855,-0.227726,0.959679,1529.23,1.64627,5.09196,0.394371,0.165464,0.0236567,0.0105622,0.0264434,0.264785,0.19231,0.558894,0.367431,1,1,7,111,1,0.23295,0.209116,0.391443,0.416875,1,1490.04,0.00346099,0.20695,0.894447,0.541958,0.05,300,300,300,300,300,300,79,111,238,54,58,91,42,46,54,1,15.7189,0.0523962,-0
dual_l1_c0,0,164,6,0.555059,0.176269,0.0321871,1.04234,1792.44,0.365197,5.97357,0.216202,0.0195656,0.0201415,0.0258915,0.0265629,0.331964,0.120654,0.639914,0.277436,1,1,18,89,1,0.199845,0.163348,0.615395,0.174898,1,1779.1,0.00346099,0.20695,0.894447,0.541958,0.05,300,300,300,300,300,300,66,89,97,50,61,69,44,48,56,1,22.1486,0.0738286,-0
dual_l1_c0,0,165,2,0.476956,0.132888,0.224128,1.09079,1260.49,0.134625,4.20118,0.154987,0.0110926,0.0362111,0.0128144,0.0275152,0.218521,0.15188,0.305734,0.184195,0,2.52165e-28,15,110,1,0.0644259,0.6117,0.539543,0.0376483,0,1244.29,0.00346099,0.20695,0.894447,0.541958,0.05,300,300,300,300,300,300,106,110,205,53,63,71,36,40,48,1,20.3524,0.0678413,1.60244e-26
dual_l1_c0,0,166,4,0.545898,0.167662,-0.0972729,0.940786,1618.74,0.86372,5.39293,0.299105,0.00876737,0.0395587,0.00647626,0.0312024,0.300186,0.104274,0.553595,0.347192,1,1,19,75,1,0.299872,0.337072,0.662054,0.375163,1,1594.01,0.00346099,0.20695,0.894447,0.541958,0.05,300,300,300,300,300,300,65,75,184,46,50,58,39,49,57,1,15.2351,0.0507837,-0
dual_l1_c0,0,167,3,0.332857,0.124713,-0.221157,1.04191,1109.46,2.31205,3.6905,0.471718,0.230778,0.0160716,0.0153481,0.0210483,0.49934,0.0570433,0.37992,0.329221,1,0.61843,1,152,1,0.290335,0.252002,0.465153,0.373864,1,1076.33,0.00346099,0.20695,0.894447,0.541958,0.05,300,300,300,300,300,300,56,152,203,50,54,62,41,45,53,1,22.6735,0.0755783,0.664828
dual_l1_c0,0,168,6,0.399709,0.109512,0.408055,1.02651,1775.49,0.403983,5.91697,0.202451,0.0307426,0.0205154,0.00472018,0.0474202,0.158978,0.0932212,0.361275,0.186704,1,1,23,300,0,0.202451,0.158978,0.361275,0.186704,1,1775.09,0.00346099,0.20695,0.894447,0.541958,0.05,300,300,300,300,300,300,113,300,300,74,78,101,44,48,56,1,17.5671,0.058557,-0
dual_l1_c0,0,169,7,0.47415,0.142493,-0.3301,0.930501,1848.45,0.813776,6.15877,0.268344,0.137913,0.0288036,0.0164066,0.0407019,0.317395,0.16088,0.534091,0.537425,1,1,7,80,1,0.632633,0.546403,0.42359,0.453254,1,1803.71,0.00346099,0.20695,0.894447,0.541958,0.05,300,300,300,300,300,300,66,80,123,52,64,72,33,37,45,1,11.2467,0.0374889,-0
dual_l1_c0,0,170,4,0.342889,0.0111725,-0.0323786,1.04115,1139,1.79053,3.79069,0.423468,0.0478411,0.038773,0.0137429,0.0358756,0.261502,0.275582,0.362644,0.32179,1,1,12,62,1,0.38921,0.238432,0.41118,0.240854,1,1113.02,0.00346099,0.20695,0.894447,0.541958,0.05,300,300,300,300,300,300,58,62,300,47,58,66,31,45,53,1,13.3602,0.0445339,-0
dual_l1_c0,0,171,1,0.498061,0.104874,0.282135,0.903824,1263.23,0.212947,4.21007,0.146105,0.0139667,0.0261366,0.0095631,0.0258341,0.280917,0.0813147,0.446266,0.100378,0,3.48697e-09,2,182,1,0.110715,0.143228,0.502186,0.193253,1,1254.19,0.00346099,0.20695,0.894447,0.541958,0.05,300,300,300,300,300,300,100,182,300,44,75,112,39,43,51,1,32.2023,0.107341,2.62509e-05
dual_l1_c0,0,172,6,0.199344,0.154415,0.0828927,0.939536,1199.53,0.595266,3.99645,0.264169,0.0143466,0.0338513,0.00917453,0.0281866,0.143714,0.15398,0.145434,0.0557347,1,1,22,105,1,0.1676,0.298067,0.175367,0.051521,1,1188.61,0.00346099,0.20695,0.894447,0.541958,0.05,300,300,300,300,300,300,101,105,300,48,69,77,32,36,44,1,10.0872,0.0336241,-0
dual_l1_c0,0,173,0,0.313304,0.107235,0.0522085,0.974509,2151.37,0.346761,7.17008,0.186465,0.0102005,0.0327139,0.0159375,0.0149866,0.305346,0.138551,0.327417,0.177965,1,1,0,94,1,0.170549,0.132086,0.3998,0.202868,1,2139.5,0.00346099,0.20695,0.894447,0.541958,0.05,300,300,300,300,300,300,66,94,300,54,58,66,34,38,46,1,4.91786,0.0163929,-0
dual_l1_c0,0,174,4,0.422075,0.0449494,0.419293,1.09679,1506.15,0.0436815,5.02037,0.0827114,0.0463532,0.0346036,0.0134978,0.0218863,0.341974,0.350599,0.549823,0.341327,1,1,38,300,0,0.0827114,0.341974,0.549823,0.341327,1,1506.11,0.00346099,0.20695,0.894447,0.541958,0.05,300,300,300,300,300,300,300,300,300,60,76,111,36,51,70,1,12.9714,0.0432379,-0
dual_l1_c0,0,175,1,0.375296,0.00847425,-0.104552,0.927229,1286.79,6.77195,4.26673,0.838632,0.333802,0.0242915,0.0105048,0.0526954,0.446408,0.395729,0.335098,0.396459,0,1.45222e-31,0,300,0,0.838632,0.446408,0.335098,0.396459,0,1280.02,0.00346099,0.20695,0.894447,0.541958,0.05,300,300,300,300,300,300,300,300,300,49,89,258,35,39,47,1,14.9452,0.0498175,1.03118e-29
dual_l1_c0,0,176,7,0.456261,0.0255399,-0.0558864,1.037,1281.5,2.15829,4.26447,0.486518,0.170423,0.0329565,0.0143719,0.031475,0.235448,0.260689,0.49183,0.0946226,1,1,1,75,1,0.223178,0.231923,0.803107,0.0970998,1,1228.73,0.00346099,0.20695,0.894447,0.541958,0.05,300,300,300,300,300,300,71,75,123,50,54,62,47,51,59,1,3.62243,0.0120748,-0
dual_l1_c0,0,177,3,0.35681,0.192959,-0.447543,1.05992,1048.43,3.94873,3.4816,0.636521,0.189746,0.0156927,0.00865964,0.0295143,0.442064,0.160607,0.3234,0.760389,0,1.21482e-21,0,179,1,0.488189,0.428901,0.360169,0.613556,0,1006.15,0.00346099,0.20695,0.894447,0.541958,0.05,300,300,300,300,300,300,116,179,300,41,60,68,30,34,42,1,36.0907,0.120302,5.85056e-20
dual_l1_c0,0,178,2,0.432332,0.139265,-0.201458,0.979951,1902.43,0.810781,6.33875,0.271028,0.0686777,0.0196247,0.00760499,0.0463285,0.260418,0.279756,0.540594,0.370975,1,1,19,104,1,0.282291,0.370024,0.618062,0.393055,1,1878.88,0.00346099,0.20695,0.894447,0.541958,0.05,300,300,300,300,300,300,59,104,112,48,52,60,38,42,50,1,2.11272,0.00704239,1.33415e-25
dual_l1_c0,0,179,2,0.546058,0.138167,-0.304414,1.08492,1744.75,3.3651,5.80462,0.569534,0.134259,0.0152053,0.00999599,0.0309938,0.402402,0.206067,0.589457,0.526568,1,1,20,70,1,0.484813,0.393791,0.726386,0.349973,1,1695.86,0.00346099,0.20695,0.894447,0.541958,0.05,300,300,300,300,300,300,66,70,300,50,63,71,36,48,56,1,9.18561,0.0306187,-0
dual_l1_c0,0,180,5,0.402943,0.104072,-0.239525,1.03102,1346.06,1.99901,4.48021,0.444672,0.150597,0.0338509,0.0104808,0.0394705,0.239132,0.157425,0.533795,0.426662,1,1,2,61,1,0.524191,0.202,0.2551,0.151664,1,1304.32,0.00346099,0.20695,0.894447,0.541958,0.05,300,300,300,300,300,300,57,61,300,45,59,67,30,34,42,1,11.0916,0.0369719,-0
dual_l1_c0,0,181,4,0.324557,0.156846,0.496078,1.06368,2570.12,0.98144,8.56378,0.310116,0.0325668,0.0179807,0.0092021,0.0384646,0.566793,0.150239,0.288869,0.260545,1,1,39,300,0,0.310116,0.566793,0.288869,0.260545,1,2569.13,0.00346099,0.20695,0.894447,0.541958,0.05,300,300,300,300,300,300,95,300,300,53,73,81,48,52,60,1,21.7734,0.0725779,-0
dual_l1_c0,0,182,1,0.41049,0.0981926,0.190545,1.03335,1305.86,1.68093,4.34726,0.412153,0.0220388,0.0154418,0.0176039,0.023875,0.157289,0.221673,0.493563,0.0922101,0,8.00732e-05,0,178,1,0.108606,0.548475,0.66581,0.126902,1,1291.49,0.00346099,0.20695,0.894447,0.541958,0.05,300,300,300,300,300,300,89,178,300,45,49,57,31,35,43,1,10.0792,0.0335974,0.000975825
dual_l1_c0,0,183,0,0.47234,0.0608584,-0.339391,0.927808,1096.32,1.90386,3.64805,0.437278,0.310593,0.021149,0.014346,0.0203708,0.491547,0.197495,0.405985,0.418638,1,1,15,65,1,0.472685,0.698785,0.529951,0.421854,1,1026.47,0.00346099,0.20695,0.894447,0.541958,0.05,300,300,300,300,300,300,61,65,238,45,49,57,35,39,47,1,16.703,0.0556766,-0
dual_l1_c0,0,184,0,0.399959,0.119254,-0.479024,1.06614,1737.01,4.97269,5.77345,0.700995,0.325273,0.0173318,0.0116577,0.0267707,0.746672,0.191967,0.357931,0.642481,1,1,21,105,1,0.766682,0.762497,0.434119,0.639832,1,1653.77,0.00346099,0.20695,0.894447,0.541958,0.05,300,300,300,300,300,300,66,105,151,50,54,62,39,43,51,1,20.8285,0.0694283,5.86904e-40
dual_l1_c0,0,185,6,0.431881,0.00468786,-0.116189,0.993016,1405.76,6.01544,4.66581,0.753831,0.175839,0.0115834,0.00424031,0.0351916,0.490563,0.444661,0.451068,0.174528,1,1,7,149,1,0.697051,0.519121,0.678798,0.228183,1,1360.19,0.00346099,0.20695,0.894447,0.541958,0.05,300,300,300,300,300,300,145,149,300,44,60,68,41,45,53,1,11.9398,0.0397993,-0
dual_l1_c0,0,186,6,0.395978,0.00931933,-0.43667,1.04902,1442.62,3.54523,4.7969,0.586713,0.400959,0.0289631,0.0190806,0.0310364,0.474165,0.344706,0.269437,0.519052,1,1,13,81,1,0.841762,0.671681,0.230194,0.645696,1,1346.31,0.00346099,0.20695,0.894447,0.541958,0.05,300,300,300,300,300,300,77,81,146,41,70,78,31,35,43,1,18.0766,0.0602553,-0
dual_l1_c0,0,187,2,0.374301,0.0721863,0.430648,0.915931,1791.98,0.263461,5.97239,0.145684,0.0545861,0.0237486,0.0131525,0.0182995,0.201944,0.200722,0.472974,0.187103,1,1,17,272,1,0.0770477,0.523775,0.290941,0.207029,1,1788.28,0.00346099,0.20695,0.894447,0.541958,0.05,300,300,300,300,300,300,243,272,300,52,56,81,42,46,54,1,7.64673,0.0254891,1.09836e-28
dual_l1_c0,0,188,3,0.444106,0.0633949,0.127713,1.02036,1471.56,0.0363972,4.90509,0.0714995,0.0146535,0.0227135,0.013096,0.0383379,0.238187,0.123133,0.536642,0.0921824,1,1,0,121,1,0.102432,0.0459684,0.476443,0.0228976,1,1460.55,0.00346099,0.20695,0.894447,0.541958,0.05,300,300,300,300,300,300,64,121,170,51,55,63,32,36,62,1,17.0215,0.0567383,-0
dual_l1_c0,0,189,2,0.237483,0.18687,-0.0599778,1.03705,886.016,0.617365,2.95133,0.269219,0.00433589,0.0313828,0.0231432,0.0292953,0.146379,0.134705,0.284394,0.308706,1,1,2,69,1,0.139439,0.384114,0.386221,0.231158,1,867.164,0.00346099,0.20695,0.894447,0.541958,0.05,300,300,300,300,300,300,55,69,300,42,46,54,23,27,35,1,2.68285,0.00894284,-0
dual_l1_c0,0,190,1,0.501897,0.192414,-0.22021,1.04001,1101.99,1.06211,3.66977,0.342796,0.140448,0.0140038,0.00271275,0.0333642,0.518858,0.293885,0.449913,0.429882,1,1,2,57,1,0.331199,0.217107,0.59401,0.107647,1,1064.7,0.00346099,0.20695,0.894447,0.541958,0.05,300,300,300,300,300,300,53,57,300,47,51,59,40,44,52,1,11.0374,0.0367914,1.13759e-16
dual_l1_c0,0,191,0,0.382468,0.148138,-0.43464,1.03866,1707.82,1.81231,5.68668,0.415686,0.195492,0.0166075,0.00942468,0.0159043,0.275057,0.171312,0.417642,0.662909,1,1,20,99,1,0.196284,0.170556,0.216679,0.556661,1,1636.14,0.00346099,0.20695,0.894447,0.541958,0.05,300,300,300,300,300,300,77,99,107,48,52,60,35,39,47,1,16.8049,0.0560163,-0
dual_l1_c0,0,192,0,0.271329,0.16163,0.462692,1.06243,1378.49,1.5809,4.58971,0.408214,0.0386662,0.0313545,0.00653956,0.019136,0.287764,0.239835,0.222127,0.232182,1,1,20,300,0,0.408214,0.287764,0.222127,0.232182,1,1376.91,0.00346099,0.20695,0.894447,0.541958,0.05,300,300,300,300,300,300,147,300,300,56,60,144,45,49,57,1,8.96869,0.0298956,5.7173e-43
dual_l1_c0,0,193,5,0.266134,0.00703707,-0.176509,1.03016,1939.22,7.94727,6.43758,0.860117,0.0412535,0.0111583,0.0164094,0.0102662,0.521102,0.38591,0.106862,0.375095,1,1,16,61,1,0.412961,0.182686,0.343595,0.290076,1,1856.73,0.00346099,0.20695,0.894447,0.541958,0.05,300,300,300,300,300,300,57,61,300,48,52,60,35,39,47,1,12.9259,0.0430864,-0
dual_l1_c0,0,194,7,0.458854,0.125824,0.397058,0.970621,2102.88,0.388369,7.0083,0.186843,0.0367275,0.041852,0.0177786,0.0233271,0.465141,0.20848,0.508896,0.215802,1,1,23,100,1,0.0982191,0.492986,0.556599,0.439807,1,2069.51,0.00346099,0.20695,0.894447,0.541958,0.05,300,300,300,300,300,300,96,100,300,76,80,88,50,54,62,1,11.2458,0.0374861,-0
dual_l1_c0,0,195,6,0.439348,0.128212,-0.00982952,1.08778,1412.65,0.110522,4.70845,0.110518,0.0289344,0.020456,0.00928226,0.0271736,0.169069,0.140185,0.307983,0.210082,1,1,33,104,1,0.229509,0.279662,0.287148,0.11,1,1402.6,0.00346099,0.20695,0.894447,0.541958,0.05,300,300,300,300,300,300,69,104,292,46,58,66,36,48,56,1,16.9274,0.0564245,-0
dual_l1_c0,0,196,0,0.458946,0.188885,-0.19503,0.9212,1440.67,0.671478,4.8,0.251008,0.166295,0.0366915,0.0127928,0.0432514,0.204048,0.296334,0.636557,0.418438,1,1,0,73,1,0.312423,0.230827,0.464071,0.438681,1,1406.83,0.00346099,0.20695,0.894447,0.541958,0.05,300,300,300,162,300,300,53,73,168,52,56,64,38,49,57,1,6.01914,0.0200638,-0
dual_l1_c0,0,197,2,0.366704,0.19453,-0.239064,0.92771,1892.75,0.132739,6.30873,0.121703,0.121703,0.0228657,0.0204093,0.0771076,0.205974,0.160662,0.545161,0.371814,1,1,19,60,1,0.462559,0.492898,0.619109,0.223069,1,1854.91,0.00346099,0.20695,0.894447,0.541958,0.05,300,300,300,300,300,300,47,60,300,35,39,47,29,39,47,1,11.2445,0.0374815,-0
dual_l1_c0,0,198,6,0.330939,0.01679,-0.0436857,0.943147,2217.11,0.680091,7.38811,0.256759,0.111119,0.0429072,0.0107203,0.0127813,0.118518,0.209826,0.377733,0.121754,1,1,16,63,1,0.242386,0.201078,0.478053,0.231036,1,2188.44,0.00346099,0.20695,0.894447,0.541958,0.05,300,300,300,300,300,300,59,63,71,58,62,70,38,42,61,1,23.6892,0.078964,-0
dual_l1_c0,0,199,3,0.288421,0.0742722,-0.370942,0.992868,1505.38,2.49233,5.00961,0.499666,0.266605,0.0307459,0.0101813,0.0246735,0.360796,0.35517,0.600654,0.377976,1,1,16,131,1,0.445773,0.242135,0.332775,0.621208,1,1437.34,0.00346099,0.20695,0.894447,0.541958,0.05,300,300,300,300,300,300,98,131,300,60,64,72,34,38,46,1,7.05894,0.0235298,1.63306e-12
dual_l1_c0,0,200,4,0.39333,0.0385997,0.149961,1.03973,1575.64,0.331894,5.25101,0.169985,0.0186782,0.0219661,0.0037159,0.0347355,0.421252,0.280874,0.297512,0.14394,1,1,30,75,1,0.197545,0.270769,0.487218,0.0502034,1,1553.88,0.00346099,0.20695,0.894447,0.541958,0.05,300,300,300,300,300,300,71,75,300,49,62,70,43,47,55,1,10.5751,0.0352505,-0
dual_l1_c0,0,201,7,0.34508,0.0820432,0.0260674,0.911615,1547.33,0.143064,5.15727,0.103091,0.0184037,0.0143981,0.00918734,0.0321221,0.226031,0.161888,0.499525,0.164712,1,1,22,89,1,0.140223,0.138796,0.393081,0.318034,1,1532.91,0.00346099,0.20695,0.894447,0.541958,0.05,300,300,300,300,300,300,85,89,282,50,54,62,36,47,55,1,13.0371,0.0434569,-0
dual_l1_c0,0,202,1,0.282835,0.0132288,-0.0493332,1.00673,2535.92,10.6144,8.41767,1.0234,0.50301,0.0292807,0.00735719,0.0250063,0.389571,0.854385,0.436696,0.183211,1,1,25,300,0,1.0234,0.389571,0.436696,0.183211,1,2525.3,0.00346099,0.20695,0.894447,0.541958,0.05,300,300,300,300,300,300,300,300,300,74,86,94,42,58,76,1,35.5805,0.118602,-0
dual_l1_c0,0,203,0,0.262982,0.147575,0.272366,1.05615,1699.17,0.545631,5.66206,0.250557,0.0388596,0.0103146,0.0236269,0.0226754,0.312224,0.0654731,0.214266,0.0586038,1,1,23,251,1,0.101373,0.227016,0.319883,0.063343,1,1693.23,0.00346099,0.20695,0.894447,0.541958,0.05,300,300,300,300,300,300,84,251,300,52,56,74,37,53,61,1,19.8988,0.0663294,3.6099e-14
dual_l1_c0,0,204,2,0.251264,0.12673,0.367648,1.02011,1209.15,0.553908,4.02864,0.216256,0.046056,0.0314933,0.00600926,0.0273555,0.251176,0.183541,0.233217,0.0216361,0,4.50392e-05,183,300,0,0.216256,0.251176,0.233217,0.0216361,0,1208.59,0.00346099,0.20695,0.894447,0.541958,0.05,300,300,300,300,300,300,72,300,300,46,50,67,34,38,46,1,26.7217,0.0890724,0.00049969
dual_l1_c0,0,205,7,0.414293,0.115268,-0.132117,0.974594,1123.51,0.645936,3.7429,0.256908,0.0928228,0.0311653,0.0194188,0.027382,0.213994,0.207384,0.462707,0.311159,1,1,19,107,1,0.293644,0.485998,0.486247,0.254447,1,1099.86,0.00346099,0.20695,0.894447,0.541958,0.05,300,300,300,300,300,300,96,107,276,43,47,68,31,44,52,1,10.3593,0.0345311,-0
dual_l1_c0,0,206,5,0.52824,0.0765712,0.331698,0.92456,927.612,0.594597,3.09006,0.23561,0.0228834,0.0170947,0.010883,0.0204453,0.199127,0.142509,0.649121,0.111252,1,1,17,90,1,0.220472,0.302115,0.492312,0.140272,1,901.656,0.00346099,0.20695,0.894447,0.541958,0.05,300,300,300,300,300,300,58,90,300,48,52,60,34,38,46,1,4.67905,0.0155968,7.85804e-30
dual_l1_c0,0,207,1,0.380008,0.0651765,0.204053,1.04782,1498.74,0.0498251,4.99563,0.0777454,0.0180738,0.0442002,0.00728559,0.046595,0.163147,0.320576,0.347087,0.358189,0,5.70484e-22,16,300,0,0.0777454,0.163147,0.347087,0.358189,0,1498.69,0.00346099,0.20695,0.894447,0.541958,0.05,300,300,300,300,300,300,95,300,300,51,55,91,35,50,58,1,15.4126,0.0513754,5.60498e-15
dual_l1_c0,0,208,2,0.249788,0.0586839,0.25172,1.03246,814.575,0.0209875,2.71518,0.062835,0.0103364,0.0169637,0.0150958,0.0460101,0.332554,0.142951,0.231081,0.21689,0,4.95575e-07,7,93,1,0.243895,0.277006,0.15896,0.0540744,1,794.232,0.00346099,0.20695,0.894447,0.541958,0.05,300,300,300,300,300,300,89,93,300,55,59,67,30,34,42,1,17.7624,0.0592081,7.67137e-06
dual_l1_c0,0,209,3,0.21243,0.0980783,0.13412,1.05215,1742.16,0.021037,5.80712,0.0446858,0.0125678,0.0241288,0.0164066,0.0321203,0.105808,0.116044,0.327503,0.142205,1,1,21,93,1,0.237884,0.328746,0.23836,0.0523691,1,1731.19,0.00346099,0.20695,0.894447,0.541958,0.05,300,300,300,300,300,300,89,93,300,62,66,90,40,44,52,1,16.2468,0.0541559,7.83662e-41
dual_l1_c0,0,210,1,0.54445,0.144207,0.181289,1.08703,2126.81,0.499699,7.0877,0.219009,0.0325438,0.0153474,0.00796481,0.028381,0.215677,0.14064,0.646153,0.140782,1,0.999975,0,142,1,0.18212,0.169923,0.68593,0.134488,1,2117.4,0.00346099,0.20695,0.894447,0.541958,0.05,300,300,300,300,300,300,121,142,233,71,75,98,43,54,81,1,10.6056,0.035352,0.000288395
dual_l1_c0,0,211,6,0.485506,0.129978,-0.260955,0.995808,1077.1,0.96402,3.58711,0.301063,0.120346,0.0179557,0.00585504,0.018702,0.307718,0.125336,0.422872,0.393817,1,1,0,58,1,0.379496,0.315854,0.41237,0.55833,1,1040.33,0.00346099,0.20695,0.894447,0.541958,0.05,300,300,300,300,300,300,54,58,66,47,51,59,34,45,53,1,11.7273,0.0390911,-0
dual_l1_c0,0,212,4,0.471623,0.195128,0.364158,0.904296,2327.71,0.328362,7.75794,0.184819,0.0263901,0.0286195,0.00534904,0.0549236,0.181006,0.100723,0.317735,0.336121,1,1,40,300,0,0.184819,0.181006,0.317735,0.336121,1,2327.38,0.00346099,0.20695,0.894447,0.541958,0.05,300,300,300,300,300,300,144,300,300,55,59,67,45,49,57,1,11.3252,0.0377505,-0
dual_l1_c0,0,213,2,0.594101,0.0220807,0.437778,1.02954,1294.6,0.134754,4.31488,0.149596,0.040675,0.00718814,0.0123258,0.0292199,0.532245,0.206101,0.381475,0.0487387,1,1,11,300,0,0.149596,0.532245,0.381475,0.0487387,1,1294.46,0.00346099,0.20695,0.894447,0.541958,0.05,300,300,300,300,300,300,300,300,300,78,82,90,38,42,50,1,2.38499,0.00794998,-0
dual_l1_c0,0,214,1,0.517049,0.037505,0.379434,0.90455,2043,0.274921,6.80909,0.170901,0.0540367,0.0295668,0.00869024,0.0127438,0.25193,0.343532,0.709853,0.509725,0,1.4013e-45,-1,300,0,0.170901,0.25193,0.709853,0.509725,0,2042.73,0.00346099,0.20695,0.894447,0.541958,0.05,300,300,300,300,300,300,194,300,300,54,86,128,39,43,51,1,20.6183,0.0687277,4.73545e-20
dual_l1_c0,0,215,5,0.292733,0.147024,0.198044,0.966564,1262.04,0.547037,4.20499,0.228847,0.0459337,0.0189737,0.0145874,0.0152141,0.232122,0.26709,0.389923,0.137517,1,1,0,147,1,0.289084,0.51729,0.386405,0.0802709,1,1247.23,0.00346099,0.20695,0.894447,0.541958,0.05,300,300,300,300,300,300,134,147,300,61,65,73,35,48,56,1,15.1448,0.0504828,-0
dual_l1_c0,0,216,6,0.307077,0.140961,-0.170052,0.951822,1421.14,2.04744,4.73029,0.457338,0.0375388,0.00962084,0.00316233,0.0281418,0.194295,0.158521,0.335016,0.364686,1,1,19,109,1,0.19816,0.0738193,0.366589,0.567306,1,1399.12,0.00346099,0.20695,0.894447,0.541958,0.05,300,300,300,300,300,300,79,109,145,60,64,72,35,39,47,1,11.7878,0.0392925,-0
dual_l1_c0,0,217,4,0.491211,0.175249,-0.169126,0.977942,1592.36,1.16392,5.304,0.352917,0.14184,0.0108565,0.0232145,0.0294048,0.17409,0.0809476,0.532986,0.434867,1,1,22,64,1,0.444204,0.41663,0.546562,0.377146,1,1562.6,0.00346099,0.20695,0.894447,0.541958,0.05,300,300,300,300,300,300,60,64,220,49,53,61,37,48,56,1,6.02405,0.0200802,-0
dual_l1_c0,0,218,7,0.370513,0.0526136,0.228466,0.975062,2661.3,0.128669,8.87057,0.102919,0.0419453,0.0206267,0.0170092,0.0392811,0.331722,0.194146,0.575002,0.0131874,1,1,25,120,1,0.0664863,0.287806,0.445944,0.0633826,1,2651.01,0.00346099,0.20695,0.894447,0.541958,0.05,300,300,300,300,300,300,116,120,300,57,75,98,44,54,62,1,14.124,0.0470801,-0
dual_l1_c0,0,219,4,0.20455,0.0919931,0.0046041,1.09293,1650.45,0.0714718,5.50126,0.0782197,0.065699,0.0113553,0.00589035,0.0471375,0.358494,0.0839648,0.32651,0.222815,1,1,19,130,1,0.406486,0.338519,0.095351,0.221315,1,1638.74,0.00346099,0.20695,0.894447,0.541958,0.05,300,300,300,300,300,300,78,130,283,48,71,79,40,44,52,1,16.1823,0.0539409,-0
dual_l1_c0,0,220,3,0.349874,0.181567,-0.0551224,1.09482,1166.83,0.48373,3.88781,0.235716,0.0771041,0.0549708,0.0114551,0.0341855,0.258805,0.0614724,0.370444,0.143875,1,1,1,72,1,0.295587,0.247874,0.432838,0.148673,1,1149.68,0.00346099,0.20695,0.894447,0.541958,0.05,300,300,300,300,300,300,68,72,80,61,65,73,34,47,55,1,8.8413,0.029471,-0
dual_l1_c0,0,221,3,0.435133,0.12463,-0.396711,1.03218,1587.85,5.39924,5.27482,0.710047,0.286039,0.0399324,0.0118713,0.0223792,0.745825,0.348517,0.387264,0.571883,1,1,0,136,1,0.81972,0.440084,0.504406,0.740182,1,1533.13,0.00346099,0.20695,0.894447,0.541958,0.05,300,300,300,300,300,300,95,136,300,55,59,67,42,46,54,1,12.4447,0.0414824,-0
dual_l1_c0,0,222,3,0.36023,0.185861,-0.0169778,1.03292,1799.16,0.768543,5.99465,0.30044,0.0409835,0.0397083,0.00560044,0.0191211,0.148361,0.130481,0.238992,0.170906,1,1,12,76,1,0.243294,0.225901,0.44361,0.295231,1,1781.83,0.00346099,0.20695,0.894447,0.541958,0.05,300,300,300,300,300,300,72,76,300,50,54,62,45,54,62,1,14.4165,0.0480549,1.01639e-21
dual_l1_c0,0,223,5,0.358293,0.0337697,-0.439343,1.03823,1149.74,6.58498,3.8105,0.805331,0.356861,0.0287207,0.0129048,0.0159893,0.685452,0.298377,0.453073,0.695162,1,1,0,66,1,0.859945,0.767584,0.400721,0.684282,1,1016.82,0.00346099,0.20695,0.894447,0.541958,0.05,300,300,300,300,300,300,62,66,112,44,54,62,33,37,45,1,5.64497,0.0188166,-0
dual_l1_c0,0,224,3,0.591023,0.162948,0.0421222,1.0548,1281.95,0.335261,4.27205,0.176214,0.0290347,0.0425362,0.00657921,0.0319508,0.247564,0.183708,0.56208,0.118965,1,1,7,141,1,0.202903,0.120306,0.643439,0.154588,1,1271.54,0.00346099,0.20695,0.894447,0.541958,0.05,300,300,300,300,300,300,95,141,238,49,53,61,44,48,56,1,18.8908,0.0629695,-0
dual_l1_c0,0,225,2,0.489381,0.137919,-0.205132,1.03397,941.594,0.453848,3.13714,0.224979,0.172606,0.0165628,0.0171688,0.0203879,0.369561,0.0869854,0.624596,0.351143,1,1,0,179,1,0.474968,0.240915,0.538578,0.383707,1,923.872,0.00346099,0.20695,0.894447,0.541958,0.05,300,300,300,300,300,300,57,179,300,45,49,57,23,32,40,1,7.88557,0.0262852,6.9786e-30
dual_l1_c0,0,226,4,0.346785,0.130861,-0.0311253,0.961309,1241.92,0.450145,4.13825,0.209827,0.0419933,0.00647714,0.00960341,0.0321585,0.225635,0.181164,0.393757,0.21189,1,1,32,105,1,0.211392,0.153877,0.327458,0.266502,1,1229.86,0.00346099,0.20695,0.894447,0.541958,0.05,300,300,300,300,300,300,80,105,113,49,53,61,42,46,54,1,11.8889,0.0396297,-0
dual_l1_c0,0,227,5,0.175682,0.0286288,-0.0802586,0.940568,1103.13,1.02628,3.67368,0.332744,0.0491064,0.0203003,0.0202501,0.0214965,0.130483,0.210947,0.173621,0.353454,1,1,0,143,1,0.299165,0.208805,0.327413,0.16462,1,1089.32,0.00346099,0.20695,0.894447,0.541958,0.05,300,300,300,300,300,300,108,143,300,59,63,106,39,43,51,1,14.4268,0.0480894,-0
dual_l1_c0,0,228,4,0.372139,0.199057,0.00622857,0.964079,1552.47,0.468673,5.17333,0.229554,0.0420677,0.0211933,0.00886803,0.0490132,0.250075,0.124584,0.241037,0.11113,1,1,18,103,1,0.15689,0.161121,0.236964,0.111236,1,1537.85,0.00346099,0.20695,0.894447,0.541958,0.05,300,300,300,300,300,300,55,103,269,47,51,59,31,35,43,1,13.496,0.0449868,-0
dual_l1_c0,0,229,7,0.403615,0.0548317,-0.460014,1.00093,1515.34,3.7114,5.03877,0.575153,0.221459,0.00893073,0.0119627,0.0483057,0.793923,0.341424,0.485697,0.698677,1,1,3,244,1,0.562699,0.49404,0.479675,0.767384,1,1499.42,0.00346099,0.20695,0.894447,0.541958,0.05,300,300,300,300,300,300,58,244,300,53,62,70,40,44,52,1,12.1197,0.040399,-0
dual_l1_c0,0,230,0,0.181151,0.195115,-0.366314,0.948752,1775.07,3.41324,5.90553,0.586465,0.321549,0.0161102,0.00511394,0.0430064,0.652422,0.118348,0.156549,0.447866,1,1,19,117,1,0.425962,0.479807,0.22877,0.578879,1,1720.81,0.00346099,0.20695,0.894447,0.541958,0.05,300,300,300,300,300,300,59,117,125,53,57,82,49,53,61,1,20.5898,0.0686327,1.44334e-43
dual_l1_c0,0,231,7,0.530775,0.147854,-0.239435,1.09642,1750.65,0.0418323,5.83538,0.0564536,0.0564536,0.0173374,0.0079397,0.025473,0.308545,0.27323,0.662658,0.476435,1,1,2,135,1,0.231365,0.271518,0.482163,0.490529,1,1732.05,0.00346099,0.20695,0.894447,0.541958,0.05,300,300,300,300,300,300,65,135,166,45,65,73,37,48,56,1,13.4961,0.0449871,-0
dual_l1_c0,0,232,5,0.395404,0.147821,-0.099721,0.984856,1411.79,0.489225,4.70433,0.234995,0.116928,0.0115756,0.00791557,0.0347958,0.203492,0.140886,0.32961,0.311032,1,1,8,170,1,0.445423,0.268633,0.360676,0.273436,1,1392.79,0.00346099,0.20695,0.894447,0.541958,0.05,300,300,300,300,300,300,79,170,290,43,47,55,31,35,43,1,9.64726,0.0321575,-0
dual_l1_c0,0,233,6,0.334208,0.0532892,0.0517539,0.963033,2410.46,0.481371,8.03325,0.210473,0.0391328,0.0392036,0.0129376,0.0456907,0.289234,0.141459,0.410317,0.0595158,1,1,21,84,1,0.344625,0.142016,0.516257,0.0797918,1,2390.86,0.00346099,0.20695,0.894447,0.541958,0.05,300,300,300,300,300,300,80,84,217,60,69,77,42,46,54,1,10.6666,0.0355554,-0
dual_l1_c0,0,234,7,0.532847,0.0165956,0.15255,0.926007,1860.61,1.32197,6.19762,0.374441,0.0529473,0.0125564,0.0160716,0.0269558,0.145417,0.0972316,0.619287,0.119409,1,1,1,300,0,0.374441,0.145417,0.619287,0.119409,1,1859.29,0.00346099,0.20695,0.894447,0.541958,0.05,300,300,300,300,300,300,300,300,300,57,70,78,54,58,66,1,17.19,0.0573002,-0
dual_l1_c0,0,235,2,0.335429,0.158757,0.294397,0.927181,2069.19,0.643757,6.89515,0.270706,0.0504412,0.0145193,0.00871997,0.040883,0.322169,0.128279,0.339703,0.137471,1,1,25,300,0,0.270706,0.322169,0.339703,0.137471,1,2068.54,0.00346099,0.20695,0.894447,0.541958,0.05,300,300,300,300,300,300,79,300,300,58,62,70,37,41,49,1,10.6486,0.0354954,4.27244e-13
dual_l1_c0,0,236,0,0.330068,0.111171,-0.127836,1.00265,892.464,0.838927,2.97208,0.26431,0.116218,0.0111151,0.0116711,0.0217256,0.279763,0.197252,0.460258,0.254258,1,1,14,130,1,0.19793,0.178938,0.24534,0.285613,1,875.273,0.00346099,0.20695,0.894447,0.541958,0.05,300,300,300,300,300,300,80,130,200,41,45,64,28,32,52,1,13.2457,0.0441523,1.1404e-18
dual_l1_c0,0,237,1,0.321865,0.0178815,-0.0820857,1.05529,1699.59,0.548134,5.66348,0.239946,0.0665154,0.01018,0.0219001,0.0406125,0.386539,0.0729762,0.34419,0.17218,1,1,0,113,1,0.535577,0.339668,0.380161,0.361188,1,1681.48,0.00346099,0.20695,0.894447,0.541958,0.05,300,300,300,300,300,300,87,113,213,54,58,66,46,50,58,1,13.1686,0.0438955,6.95746e-06
dual_l1_c0,0,238,3,0.450822,0.00175622,0.179298,1.07767,1179.03,0.26587,3.92921,0.175479,0.0197484,0.0269965,0.00485275,0.0314468,0.434687,0.210313,0.334261,0.109376,1,1,1,300,0,0.175479,0.434687,0.334261,0.109376,1,1178.76,0.00346099,0.20695,0.894447,0.541958,0.05,300,300,300,300,300,300,300,300,300,83,87,95,34,38,55,1,15.4524,0.051508,-0
dual_l1_c0,0,239,3,0.389855,0.160543,0.274721,1.07469,1195.84,0.956595,3.98293,0.313724,0.0358462,0.0219387,0.00440349,0.029871,0.367965,0.195986,0.31647,0.15722,1,1,16,300,0,0.313724,0.367965,0.31647,0.15722,1,1194.88,0.00346099,0.20695,0.894447,0.541958,0.05,300,300,300,300,300,300,91,300,300,48,65,73,37,41,49,1,10.7489,0.0358298,1.9081e-39
dual_l1_c0,0,240,4,0.266968,0.0897546,0.466402,0.903516,1068.19,0.479,3.55903,0.244699,0.0286209,0.00879147,0.00885166,0.0495488,0.344285,0.126812,0.156876,0.265281,1,1,45,77,1,0.369428,0.282974,0.396038,0.310531,1,1029.22,0.00346099,0.20695,0.894447,0.541958,0.05,300,300,300,300,300,300,73,77,300,64,68,76,28,55,63,1,13.1292,0.0437639,-0
dual_l1_c0,0,241,0,0.248837,0.0628426,0.0981762,1.0273,1321.3,0.360056,4.40313,0.188189,0.0219217,0.0325853,0.0184779,0.0359942,0.161206,0.294532,0.212494,0.182008,1,1,18,123,1,0.163254,0.0892831,0.216867,0.0623321,1,1310.68,0.00346099,0.20695,0.894447,0.541958,0.05,300,300,300,300,300,300,69,123,244,49,70,78,41,45,69,1,17.7467,0.0591557,-0
dual_l1_c0,0,242,5,0.304573,0.0848261,-0.164202,1.02574,1709.72,0.279221,5.69814,0.178047,0.0382308,0.0526529,0.0095491,0.0462871,0.269385,0.0365486,0.437159,0.319365,1,1,0,76,1,0.401396,0.446014,0.330679,0.451889,1,1683.65,0.00346099,0.20695,0.894447,0.541958,0.05,300,300,300,300,300,300,60,76,93,48,52,60,34,38,46,1,10.5413,0.0351378,-0
dual_l1_c0,0,243,4,0.452787,0.117344,0.014937,1.03906,1538.68,0.247244,5.12809,0.144058,0.0472349,0.0435069,0.0172016,0.0342266,0.245639,0.228159,0.391697,0.285498,1,1,18,84,1,0.0736078,0.243615,0.500927,0.199445,1,1521.18,0.00346099,0.20695,0.894447,0.541958,0.05,300,300,300,300,300,300,69,84,107,38,63,81,37,41,49,1,13.0569,0.0435229,-0
dual_l1_c0,0,244,4,0.314879,0.0996038,0.138993,1.06363,1724.59,0.233949,5.74784,0.138903,0.0285153,0.0457476,0.0178295,0.00890579,0.266369,0.118922,0.295928,0.0719545,1,1,17,111,1,0.0891598,0.250252,0.281166,0.0922251,1,1710.39,0.00346099,0.20695,0.894447,0.541958,0.05,300,300,300,300,300,300,107,111,128,72,76,84,43,47,74,1,15.8553,0.052851,-0
dual_l1_c0,0,245,0,0.263911,0.108766,-0.281517,1.00611,1089.46,1.39225,3.6269,0.379379,0.208614,0.0227935,0.0170831,0.0275849,0.403335,0.449232,0.401921,0.487554,1,1,16,61,1,0.254928,0.302627,0.2524,0.545714,1,1032,0.00346099,0.20695,0.894447,0.541958,0.05,300,300,300,300,300,300,57,61,185,43,56,64,38,42,50,1,16.831,0.0561032,1.30042e-33
dual_l1_c0,0,246,6,0.496762,0.0136613,0.373571,0.939121,1746.51,2.57598,5.81311,0.499106,0.0767677,0.00873722,0.0157482,0.0177203,0.197421,0.487236,0.314166,0.71533,1,1,11,300,0,0.499106,0.197421,0.314166,0.71533,1,1743.93,0.00346099,0.20695,0.894447,0.541958,0.05,300,300,300,300,300,300,121,300,300,77,123,131,40,52,74,1,10.0153,0.0333844,-0
dual_l1_c0,0,247,4,0.229843,0.0132997,0.194075,1.05208,1435.5,0.0223336,4.78493,0.0603548,0.0175556,0.0158987,0.0169882,0.017748,0.183989,0.100545,0.521903,0.440934,1,1,14,112,1,0.148977,0.249343,0.13821,0.127226,1,1416.86,0.00346099,0.20695,0.894447,0.541958,0.05,300,300,300,300,300,300,94,112,300,63,67,95,41,45,53,1,20.3375,0.0677915,-0
dual_l1_c0,0,248,5,0.35938,0.046694,-0.461951,0.936598,1681.02,8.04856,5.57656,0.896565,0.454456,0.0192526,0.00498788,0.0145777,0.800556,0.140285,0.511006,0.645888,0,3.33631e-13,10,63,1,0.971811,0.57544,0.452648,0.770472,1,1491.47,0.00346099,0.20695,0.894447,0.541958,0.05,300,300,300,300,300,300,48,63,104,45,49,57,37,41,49,1,17.4388,0.0581294,9.5848e-12
dual_l1_c0,0,249,3,0.432344,0.0111603,0.365506,0.967456,1432.85,0.260452,4.77531,0.167523,0.0514995,0.0361001,0.0121666,0.0194555,0.439458,0.205934,0.454032,0.0491064,1,1,10,139,1,0.100861,0.415272,0.246821,0.0152618,1,1408.55,0.00346099,0.20695,0.894447,0.541958,0.05,300,300,300,300,300,300,113,139,147,64,73,81,36,40,48,1,5.82295,0.0194098,-0
dual_l1_c0,0,250,6,0.519729,0.0134245,-0.456609,1.09444,2143.56,3.71984,7.1328,0.589234,0.358846,0.0292576,0.0146342,0.0386901,0.345118,0.395923,0.429439,0.626132,1,1,20,116,1,0.604502,0.495291,0.593429,0.443905,1,2034.43,0.00346099,0.20695,0.894447,0.541958,0.05,300,300,300,300,300,300,81,116,124,54,58,66,40,50,58,1,9.52358,0.0317453,-0
dual_l1_c0,0,251,1,0.445883,0.116138,-0.104717,1.01473,2344.22,0.19426,7.81343,0.142884,0.0323165,0.0440359,0.0208643,0.0412935,0.356659,0.0539354,0.570137,0.152623,1,1,10,112,1,0.08603,0.295671,0.589798,0.262788,1,2327,0.00346099,0.20695,0.894447,0.541958,0.05,300,300,300,300,300,300,66,112,300,50,64,72,48,52,60,1,8.65108,0.0288369,8.01907e-13
dual_l1_c0,0,252,5,0.455766,0.128923,0.459528,0.986454,1271.43,0.159701,4.23756,0.128876,0.0110287,0.0312032,0.00961071,0.0483118,0.549885,0.159002,0.348733,0.100811,1,1,0,300,0,0.128876,0.549885,0.348733,0.100811,1,1271.27,0.00346099,0.20695,0.894447,0.541958,0.05,300,300,300,300,300,300,235,300,300,51,55,97,37,41,49,1,5.69919,0.0189973,-0
dual_l1_c0,0,253,0,0.531159,0.0152635,-0.320426,0.955938,1495.99,11.1225,4.94955,1.05625,0.514453,0.0296171,0.0125437,0.0153235,0.443724,0.469261,0.259847,0.24166,1,1,1,294,1,1.01149,0.425312,0.264773,0.127514,1,1479.2,0.00346099,0.20695,0.894447,0.541958,0.05,300,300,300,300,300,300,51,294,300,43,47,55,29,33,41,1,6.11101,0.02037,-0
dual_l1_c0,0,254,2,0.395605,0.0678764,0.30129,0.949866,2593.96,0.0470102,8.64638,0.070168,0.0190487,0.017158,0.0109821,0.0158986,0.374693,0.0377015,0.578512,0.245656,0,7.85568e-42,16,162,1,0.163771,0.344486,0.64326,0.272898,0,2580.61,0.00346099,0.20695,0.894447,0.541958,0.05,300,300,300,300,300,300,137,162,300,51,55,63,48,52,60,1,17.7372,0.059124,3.03776e-17
dual_l1_c0,0,255,0,0.195428,0.0053344,-0.4513,1.06173,2132.84,6.5108,7.08777,0.810016,0.424887,0.0174275,0.019651,0.043599,0.206395,0.352733,0.27338,0.644816,1,1,20,160,1,0.935129,0.834835,0.212785,0.535089,1,2034.74,0.00346099,0.20695,0.894447,0.541958,0.05,300,300,300,300,300,300,156,160,300,53,95,119,41,50,58,1,11.2412,0.0374708,-0
dual_l1_c0,0,256,2,0.362116,0.0635214,-0.414993,0.936322,1795.55,3.38228,5.9739,0.580627,0.38114,0.00785051,0.0136809,0.0393122,0.231197,0.247573,0.422668,0.681428,1,1,26,221,1,0.825858,0.460043,0.383808,0.678758,1,1750.18,0.00346099,0.20695,0.894447,0.541958,0.05,300,300,300,300,300,300,75,221,300,64,68,76,47,51,59,1,13.1351,0.0437838,-0
dual_l1_c0,0,257,1,0.401548,0.106963,-0.0628724,0.959917,2044.96,0.583372,6.8146,0.248023,0.117064,0.0277452,0.0184274,0.0370359,0.165091,0.19523,0.499901,0.0987967,0,1.09065e-32,12,67,1,0.287117,0.449987,0.606909,0.143599,1,2020.44,0.00346099,0.20695,0.894447,0.541958,0.05,300,300,300,300,300,300,63,67,300,43,47,55,36,40,48,1,17.8166,0.0593886,3.94255e-07
dual_l1_c0,0,258,5,0.479024,0.147195,0.0457387,1.04002,1887.7,0.550491,6.2905,0.225092,0.0475964,0.0264151,0.0109044,0.0215838,0.117324,0.24942,0.426421,0.187242,0,9.37863e-15,0,85,1,0.0881134,0.321727,0.364154,0.164693,0,1867.69,0.00346099,0.20695,0.894447,0.541958,0.05,300,300,300,300,300,300,76,85,246,48,52,84,38,42,50,1,10.7197,0.0357324,3.02933e-13
dual_l1_c0,0,259,0,0.304544,0.0423106,0.242233,1.06864,1416.75,0.0213943,4.72242,0.039364,0.0149006,0.0231586,0.0207569,0.0417663,0.517653,0.0507273,0.247812,0.0884689,1,1,20,211,1,0.395727,0.193195,0.307753,0.103079,1,1410.32,0.00346099,0.20695,0.894447,0.541958,0.05,300,300,300,300,300,300,72,211,300,50,54,62,41,45,53,1,18.0019,0.0600063,-0
dual_l1_c0,0,260,6,0.437928,0.196073,0.275792,0.937034,2060,0.144399,6.86619,0.129024,0.0244476,0.0158868,0.0171345,0.0132247,0.169205,0.161985,0.409295,0.241095,1,1,16,102,1,0.147247,0.111969,0.466437,0.0878601,1,2042.6,0.00346099,0.20695,0.894447,0.541958,0.05,300,300,300,300,300,300,98,102,175,62,66,74,46,50,58,1,15.318,0.0510601,-0
dual_l1_c0,0,261,3,0.378486,0.0852083,-0.0255313,1.01488,1763.03,0.742959,5.87428,0.279785,0.036246,0.0365833,0.014206,0.0157573,0.343692,0.175477,0.610239,0.075401,1,1,1,76,1,0.205049,0.197398,0.703739,0.238238,1,1746.82,0.00346099,0.20695,0.894447,0.541958,0.05,300,300,300,300,300,300,72,76,84,55,59,67,37,41,49,1,22.2517,0.0741722,-0
dual_l1_c0,0,262,2,0.462172,0.173058,0.423891,0.907924,1637.16,0.432841,5.45575,0.184522,0.0365547,0.0148693,0.0122213,0.0335293,0.458269,0.111904,0.580364,0.193109,1,1,19,300,0,0.184522,0.458269,0.580364,0.193109,1,1636.73,0.00346099,0.20695,0.894447,0.541958,0.05,300,300,300,300,300,300,83,300,300,50,54,77,35,39,47,1,18.1068,0.0603561,3.38009e-07
dual_l1_c0,0,263,3,0.476636,0.162298,-0.354084,1.0525,1160.71,1.90062,3.86271,0.448764,0.240788,0.00905134,0.00514774,0.00854045,0.217842,0.171557,0.525904,0.738486,1,1,6,114,1,0.469893,0.552899,0.468632,0.552345,1,1118.58,0.00346099,0.20695,0.894447,0.541958,0.05,300,300,300,300,300,300,48,114,300,46,50,58,27,38,46,1,2.6829,0.008943,-0
dual_l1_c0,0,264,3,0.211521,0.166337,-0.203399,0.951073,2214.94,2.52957,7.37472,0.499191,0.207208,0.024735,0.0176273,0.0201646,0.22849,0.083277,0.408211,0.311456,0,3.99302e-29,17,61,1,0.39118,0.378863,0.560633,0.0730386,0,2177.32,0.00346099,0.20695,0.894447,0.541958,0.05,300,300,300,300,300,300,57,61,96,48,52,60,36,40,48,1,13.3207,0.0444022,2.61105e-27
dual_l1_c0,0,265,6,0.202513,0.0638959,0.416599,0.933243,907.279,0.449265,3.02276,0.230565,0.0346471,0.0307277,0.0109766,0.0311854,0.364852,0.0771274,0.466652,0.276148,1,1,20,300,0,0.230565,0.364852,0.466652,0.276148,1,906.83,0.00346099,0.20695,0.894447,0.541958,0.05,300,300,300,300,300,300,95,300,300,53,64,72,45,49,57,1,13.4462,0.0448205,-0
dual_l1_c0,0,266,3,0.411799,0.192276,0.216276,1.0921,1558.55,0.181295,5.19457,0.154296,0.019708,0.0252441,0.0114276,0.0357146,0.314454,0.0895314,0.3639,0.117179,1,1,3,259,1,0.287265,0.183094,0.408974,0.0954065,1,1554.86,0.00346099,0.20695,0.894447,0.541958,0.05,300,300,300,300,300,300,151,259,300,61,73,81,44,48,56,1,17.9334,0.0597781,-0
dual_l1_c0,0,267,4,0.399913,0.187732,-0.330349,0.929547,1858.5,1.3812,6.1904,0.366613,0.23793,0.020029,0.00817046,0.0474298,0.448237,0.0773593,0.410628,0.529096,1,1,23,155,1,0.551237,0.418293,0.374144,0.576233,1,1825.61,0.00346099,0.20695,0.894447,0.541958,0.05,300,300,300,300,300,300,66,155,198,49,53,72,34,38,46,1,9.69328,0.0323109,-0
dual_l1_c0,0,268,6,0.550999,0.195421,0.283359,0.918454,1007.14,0.696579,3.35483,0.289469,0.0158814,0.0215736,0.0171135,0.0533813,0.355029,0.17166,0.689905,0.174923,1,1,1,300,0,0.289469,0.355029,0.689905,0.174923,1,1006.45,0.00346099,0.20695,0.894447,0.541958,0.05,300,300,300,300,300,300,132,300,300,40,44,97,32,36,44,1,8.37171,0.0279057,-0
dual_l1_c0,0,269,5,0.492692,0.159294,-0.133424,1.0333,876.99,1.30871,2.91894,0.339901,0.149305,0.0310379,0.0181808,0.0247824,0.377283,0.364514,0.453306,0.352193,1,1,9,252,1,0.323178,0.15662,0.584374,0.176451,1,870.69,0.00346099,0.20695,0.894447,0.541958,0.05,300,300,300,300,300,300,171,252,300,45,49,57,31,35,43,1,7.75036,0.0258345,-0
dual_l1_c0,0,270,4,0.354387,0.11877,0.45736,0.963042,939.623,0.502999,3.1304,0.218881,0.0478166,0.0235304,0.0120351,0.0393413,0.588554,0.138894,0.267434,0.0313173,1,1,18,300,0,0.218881,0.588554,0.267434,0.0313173,1,939.12,0.00346099,0.20695,0.894447,0.541958,0.05,300,300,300,300,300,300,191,300,300,72,94,102,45,49,57,1,12.9392,0.0431308,-0
dual_l1_c0,0,271,3,0.0534262,0.085277,-0.186108,1.08413,1505.74,1.79253,5.01317,0.428021,0.0825069,0.0314648,0.0109317,0.0470508,0.258901,0.287195,0.161833,0.422549,1,1,13,85,1,0.347776,0.287927,0.0706947,0.483848,1,1473.84,0.00346099,0.20695,0.894447,0.541958,0.05,300,300,300,300,300,300,73,85,197,55,59,67,37,41,66,1,8.36016,0.0278672,-0
dual_l1_c0,0,272,3,0.435916,0.0145644,0.357593,1.01026,1982.93,0.455307,6.60824,0.182541,0.0106181,0.0153261,0.0182585,0.0340619,0.351345,0.329176,0.263656,0.379529,1,1,13,300,0,0.182541,0.351345,0.263656,0.379529,1,1982.47,0.00346099,0.20695,0.894447,0.541958,0.05,300,300,300,300,300,300,157,300,300,97,131,139,37,41,67,1,10.4098,0.0346995,3.52696e-13
dual_l1_c0,0,273,7,0.438393,0.0388724,0.262398,1.01123,1699.29,0.846511,5.66148,0.330853,0.0259457,0.0226092,0.00910561,0.0411036,0.477269,0.152584,0.578281,0.147921,1,1,1,157,1,0.134668,0.347241,0.559034,0.27377,1,1678.69,0.00346099,0.20695,0.894447,0.541958,0.05,300,300,300,300,300,300,101,157,300,64,75,83,47,64,72,1,5.81521,0.019384,-0
dual_l1_c0,0,274,5,0.500207,0.175546,-0.255935,0.973981,1257.28,1.32752,4.1865,0.382379,0.140174,0.0202325,0.0133482,0.0231224,0.328343,0.357194,0.523369,0.323712,1,1,1,72,1,0.335916,0.573307,0.51784,0.501486,1,1216.17,0.00346099,0.20695,0.894447,0.541958,0.05,300,300,300,300,300,300,68,72,80,50,54,62,36,40,48,1,8.12954,0.0270985,-0
dual_l1_c0,0,275,0,0.436104,0.125243,0.13076,0.996454,2333.4,0.370198,7.77677,0.206434,0.0475399,0.0244917,0.00739747,0.0304271,0.107574,0.0894438,0.39131,0.04552,1,1,1,147,1,0.17488,0.297197,0.402174,0.117167,1,2322.23,0.00346099,0.20695,0.894447,0.541958,0.05,300,300,300,300,300,300,133,147,262,75,84,92,55,59,67,1,10.2138,0.0340459,-0
dual_l1_c0,0,276,1,0.355877,0.081511,0.283838,1.07678,2060.61,0.88929,6.86573,0.278206,0.0360493,0.0288983,0.0121735,0.0247446,0.294737,0.184228,0.415138,0.10554,1,0.999992,0,237,1,0.138924,0.327868,0.554268,0.333984,1,2051.59,0.00346099,0.20695,0.894447,0.541958,0.05,300,300,300,300,300,300,102,237,300,67,71,79,37,41,60,1,2.23776,0.00745921,0.000102632
dual_l1_c0,0,277,7,0.349926,0.0967251,-0.182095,1.03274,1872.05,1.63446,6.23471,0.398931,0.131701,0.0178837,0.0107071,0.056373,0.551861,0.201484,0.450386,0.24527,1,1,12,112,1,0.282481,0.206988,0.434527,0.355389,1,1838.35,0.00346099,0.20695,0.894447,0.541958,0.05,300,300,300,300,300,300,108,112,300,62,83,91,45,49,57,1,12.0883,0.0402942,-0
dual_l1_c0,0,278,1,0.53308,0.151457,-0.0105664,1.03216,2442.7,0.107558,8.14198,0.118975,0.0373416,0.0315103,0.0188401,0.033416,0.157743,0.161832,0.450111,0.255244,0,1.17629e-24,13,124,1,0.117893,0.125772,0.629193,0.136156,0,2432.38,0.00346099,0.20695,0.894447,0.541958,0.05,300,300,300,300,300,300,86,124,300,71,88,96,43,52,60,1,20.5475,0.0684918,6.48134e-23
dual_l1_c0,0,279,6,0.426132,0.148291,0.235948,1.01288,994.725,0.174724,3.31517,0.144713,0.0161752,0.0124062,0.00668981,0.0289098,0.185383,0.138792,0.334339,0.0700893,1,1,0,53,1,0.26853,0.156007,0.437971,0.0243206,1,972.281,0.00346099,0.20695,0.894447,0.541958,0.05,300,300,300,300,300,300,49,53,99,43,47,55,27,38,46,1,6.32269,0.0210756,-0
dual_l1_c0,0,280,7,0.299946,0.152675,0.483055,1.01154,1063.96,0.720341,3.54412,0.230843,0.0792059,0.0320409,0.0172515,0.027712,0.767281,0.239249,0.300434,0.213181,1,1,0,300,0,0.230843,0.767281,0.300434,0.213181,1,1063.24,0.00346099,0.20695,0.894447,0.541958,0.05,300,300,300,300,300,300,300,300,300,61,65,189,29,41,49,1,8.98003,0.0299334,-0
dual_l1_c0,0,281,1,0.572325,0.0437863,-0.127511,1.08677,1641.75,1.10808,5.46879,0.309994,0.173457,0.0121971,0.0108891,0.0250812,0.322683,0.241775,0.669528,0.263037,1,1,1,294,1,0.22269,0.15664,0.601369,0.21347,1,1640.08,0.00346099,0.20695,0.894447,0.541958,0.05,300,300,300,300,300,300,79,294,300,53,57,65,41,45,53,1,2.34369,0.00781229,1.08572e-19
dual_l1_c0,0,282,7,0.268432,0.0194303,-0.448892,0.987931,1045.55,6.93053,3.46205,0.817964,0.290852,0.0252167,0.00583735,0.0237002,0.557666,0.151989,0.38709,0.720707,1,1,9,60,1,0.803027,0.829676,0.343229,0.643016,1,918.582,0.00346099,0.20695,0.894447,0.541958,0.05,300,300,300,300,300,300,56,60,89,46,50,58,37,41,49,1,13.1052,0.043684,-0
dual_l1_c0,0,283,5,0.184489,0.164452,0.102561,1.00371,1273.82,0.0871469,4.24577,0.116469,0.0108351,0.0359782,0.00863096,0.0110972,0.243842,0.0965342,0.256694,0.0776826,1,1,2,73,1,0.349345,0.200946,0.140063,0.0470964,1,1260.42,0.00346099,0.20695,0.894447,0.541958,0.05,300,300,300,300,300,300,62,73,300,51,55,63,35,39,62,1,8.35137,0.0278379,-0
dual_l1_c0,0,284,1,0.487219,0.038913,0.347239,0.941858,2036.73,0.534736,6.78731,0.228763,0.0355857,0.0214045,0.00820083,0.0375968,0.382932,0.0698715,0.47259,0.183346,0,9.76084e-21,1,300,0,0.228763,0.382932,0.47259,0.183346,0,2036.19,0.00346099,0.20695,0.894447,0.541958,0.05,300,300,300,300,300,300,270,300,300,51,55,63,36,40,48,1,42.4103,0.141368,4.3935e-06
dual_l1_c0,0,285,2,0.477227,0.138295,0.199091,0.946541,2052.39,0.372273,6.84007,0.185896,0.0370145,0.0114964,0.0137839,0.0252399,0.199998,0.134584,0.448753,0.0628057,0,2.48975e-06,1,73,1,0.205553,0.140254,0.489349,0.160279,1,2029.41,0.00346099,0.20695,0.894447,0.541958,0.05,300,300,300,300,300,300,59,73,300,52,56,64,48,52,60,1,20.9937,0.0699789,3.46295e-05
dual_l1_c0,0,286,7,0.227774,0.0373785,-0.406291,0.907295,1653.28,5.09101,5.49397,0.716095,0.470089,0.0377133,0.0111643,0.0119758,0.614429,0.173154,0.336331,0.566536,1,1,23,222,1,0.504373,0.64393,0.434383,0.534013,1,1618.52,0.00346099,0.20695,0.894447,0.541958,0.05,300,300,300,300,300,300,77,222,246,56,65,73,39,43,51,1,15.8957,0.0529855,-0
dual_l1_c0,0,287,1,0.401076,0.166059,0.425251,0.956758,1862.33,0.453136,6.20626,0.215946,0.0434643,0.0190524,0.0174944,0.0271449,0.433616,0.258111,0.616007,0.364019,0,1.0824e-29,21,300,0,0.215946,0.433616,0.616007,0.364019,0,1861.88,0.00346099,0.20695,0.894447,0.541958,0.05,300,300,300,300,300,300,126,300,300,62,73,81,36,40,48,1,36.9111,0.123037,2.76029e-05
dual_l1_c0,0,288,5,0.46492,0.174336,-0.426207,0.95184,2051.82,4.38308,6.82478,0.67263,0.263532,0.047805,0.00919564,0.0338897,0.615867,0.225547,0.440663,0.639355,1,1,0,100,1,0.585,0.569765,0.50179,0.675622,1,1966.85,0.00346099,0.20695,0.894447,0.541958,0.05,300,300,300,300,300,300,91,100,108,56,60,68,49,53,61,1,10.7227,0.0357422,3.7073e-35
dual_l1_c0,0,289,6,0.123095,0.160581,0.468955,1.02931,1511.22,0.079718,5.03714,0.109303,0.0359455,0.0232124,0.0176652,0.0297011,0.474465,0.179227,0.334925,0.214899,1,1,12,300,0,0.109303,0.474465,0.334925,0.214899,1,1511.14,0.00346099,0.20695,0.894447,0.541958,0.05,300,300,300,300,300,300,75,300,300,59,63,108,31,35,61,1,9.08191,0.030273,-0
dual_l1_c0,0,290,1,0.181357,0.120345,-0.238569,0.916802,1259.6,2.47263,4.19042,0.47623,0.110128,0.0136846,0.0120825,0.0281764,0.485023,0.19038,0.265895,0.320799,1,1,0,83,1,0.442265,0.594836,0.130958,0.344241,1,1212.8,0.00346099,0.20695,0.894447,0.541958,0.05,300,300,300,300,300,300,60,83,91,49,53,61,29,44,52,1,10.4284,0.0347615,1.35961e-10
dual_l1_c0,0,291,2,0.455643,0.164817,0.0511178,0.93873,2099.69,0.405708,6.99761,0.185345,0.0257517,0.0291285,0.0113336,0.0285342,0.113056,0.0970599,0.397118,0.195529,1,1,0,202,1,0.150148,0.250586,0.412238,0.162587,1,2094.21,0.00346099,0.20695,0.894447,0.541958,0.05,300,300,300,300,300,300,65,202,233,50,59,67,32,36,44,1,16.7752,0.0559172,2.05915e-06
dual_l1_c0,0,292,1,0.147897,0.0721167,-0.0114566,1.0772,923.904,0.13013,3.07925,0.0919405,0.00972165,0.0175215,0.0140153,0.037151,0.249351,0.145856,0.234134,0.156585,0,2.33526e-26,0,54,1,0.194973,0.187648,0.300762,0.113688,0,907.65,0.00346099,0.20695,0.894447,0.541958,0.05,300,300,300,300,300,300,50,54,300,43,47,55,33,37,45,1,18.2857,0.0609525,0.000144497
dual_l1_c0,0,293,7,0.343813,0.00211082,0.304754,1.07182,2290.45,0.713731,7.63244,0.270438,0.00944843,0.0185398,0.0175201,0.0336032,0.207075,0.204037,0.151916,0.39708,1,1,20,108,1,0.0386812,0.266592,0.198952,0.182915,1,2267.67,0.00346099,0.20695,0.894447,0.541958,0.05,300,300,300,300,300,300,94,108,116,68,77,85,42,58,66,1,18.1349,0.0604495,-0
dual_l1_c0,0,294,1,0.436257,0.196681,0.158521,1.0084,2136.65,0.165129,7.12161,0.146214,0.027299,0.01767,0.0259441,0.040808,0.303157,0.0840114,0.312447,0.0663455,0,4.72486e-29,22,168,1,0.134555,0.135961,0.248979,0.0793153,0,2128.63,0.00346099,0.20695,0.894447,0.541958,0.05,300,300,300,300,300,300,98,168,300,45,49,84,42,46,54,1,20.9784,0.069928,0.624858
dual_l1_c0,0,295,6,0.502346,0.0633524,-0.317046,1.0635,1800.03,2.21818,5.99272,0.50491,0.298,0.0288167,0.012407,0.0230653,0.204709,0.0338097,0.58447,0.448009,1,1,14,79,1,0.687665,0.563488,0.549853,0.478849,1,1721.17,0.00346099,0.20695,0.894447,0.541958,0.05,300,300,300,300,300,300,67,79,160,49,53,61,42,46,54,1,7.65271,0.025509,-0
dual_l1_c0,0,296,3,0.101578,0.101005,0.122489,0.948285,1803.72,0.0460035,6.01226,0.0476251,0.0339982,0.0216331,0.0175782,0.0372305,0.112681,0.243374,0.117781,0.088255,1,1,17,103,1,0.15314,0.286514,0.212343,0.174206,1,1794.33,0.00346099,0.20695,0.894447,0.541958,0.05,300,300,300,300,300,300,99,103,125,47,58,80,39,51,59,1,11.0873,0.0369577,6.90709e-38
dual_l1_c0,0,297,5,0.246398,0.0419824,-0.265265,1.06381,1145.13,4.6342,3.80166,0.673499,0.295908,0.0217368,0.00991258,0.0213923,0.470925,0.303815,0.277989,0.200738,1,1,17,171,1,0.393956,0.531439,0.384032,0.473709,1,1104.66,0.00346099,0.20695,0.894447,0.541958,0.05,300,300,300,300,300,300,64,171,249,53,57,65,27,37,45,1,8.37287,0.0279096,-0
dual_l1_c0,0,298,2,0.415613,0.128932,-0.25884,0.915773,1544.65,5.67844,5.12989,0.766397,0.117121,0.0387206,0.0242044,0.0292851,0.502766,0.242076,0.484701,0.459144,1,1,1,119,1,0.42209,0.548354,0.50819,0.471688,1,1500.34,0.00346099,0.20695,0.894447,0.541958,0.05,300,300,300,300,300,300,70,119,148,49,62,70,35,39,47,1,10.5816,0.0352719,2.86559e-33
dual_l1_c0,0,299,3,0.395114,0.0887869,-0.356972,0.935671,1806.23,4.42108,6.00604,0.655138,0.416811,0.030198,0.00772382,0.0228741,0.578053,0.230416,0.548064,0.504977,1,1,18,60,1,0.422887,0.523186,0.416638,0.577336,1,1711.68,0.00346099,0.20695,0.894447,0.541958,0.05,300,300,300,300,300,300,56,60,68,50,54,62,41,45,53,1,17.3278,0.0577592,-0
dual_l1_c0,0,300,7,0.545583,0.0509667,-0.0769143,1.03829,2713.37,3.6434,9.03242,0.615667,0.26075,0.0234029,0.0125883,0.0373442,0.101941,0.26511,0.68131,0.156489,1,1,19,125,1,0.477408,0.410968,0.717616,0.186346,1,2647.17,0.00346099,0.20695,0.894447,0.541958,0.05,300,300,300,300,300,300,114,125,300,61,65,73,53,57,65,1,21.6644,0.0722148,-0
dual_l1_c0,0,301,7,0.326847,0.162787,0.415959,1.00955,941.948,0.760115,3.13729,0.266795,0.0136748,0.0189857,0.0128648,0.0340055,0.211316,0.0201514,0.404559,0.239915,1,1,11,300,0,0.266795,0.211316,0.404559,0.239915,1,941.188,0.00346099,0.20695,0.894447,0.541958,0.05,300,300,300,300,300,300,92,300,300,44,48,56,39,43,51,1,5.04355,0.0168118,-0
dual_l1_c0,0,302,3,0.21052,0.100972,0.0916461,0.961658,1749.53,0.118688,5.83138,0.110898,0.0345022,0.0527153,0.00767974,0.00888615,0.115934,0.0591054,0.23422,0.223937,1,1,19,136,1,0.296369,0.138766,0.247055,0.0322324,1,1738.28,0.00346099,0.20695,0.894447,0.541958,0.05,300,300,300,300,300,300,90,136,166,55,65,73,40,49,73,1,19.1452,0.0638174,4.09993e-10
dual_l1_c0,0,303,7,0.182626,0.141414,-0.181697,0.971317,1202.63,1.39985,4.00409,0.384623,0.158184,0.0312222,0.00876764,0.0267587,0.14859,0.198845,0.177756,0.334603,1,1,0,98,1,0.428396,0.259777,0.130602,0.35165,1,1171.12,0.00346099,0.20695,0.894447,0.541958,0.05,300,300,300,300,300,300,85,98,149,46,59,78,32,47,55,1,10.8914,0.0363045,-0
dual_l1_c0,0,304,2,0.237945,0.0479714,0.411457,0.95497,1572.56,0.0487534,5.24169,0.0995286,0.00681749,0.0209234,0.00729957,0.0408459,0.545144,0.129792,0.18153,0.132761,0,7.50577e-12,1,300,0,0.0995286,0.545144,0.18153,0.132761,0,1572.51,0.00346099,0.20695,0.894447,0.541958,0.05,300,300,300,300,300,300,84,300,300,60,64,72,43,47,55,1,22.5427,0.0751423,1.92263e-10
dual_l1_c0,0,305,2,0.252399,0.0172296,0.313441,0.906717,1256.2,0.241669,4.18653,0.155524,0.0590608,0.0249005,0.00730252,0.0385321,0.417115,0.0811486,0.323245,0.114612,1,0.999997,0,300,0,0.155524,0.417115,0.323245,0.114612,1,1255.96,0.00346099,0.20695,0.894447,0.541958,0.05,300,300,300,300,300,300,300,300,300,67,71,106,55,59,67,1,9.1119,0.030373,3.87821e-05
dual_l1_c0,0,306,6,0.467569,0.107255,-0.481354,1.06718,2234.11,2.5767,7.43844,0.515909,0.29091,0.0253839,0.0140388,0.017827,0.463253,0.390667,0.520545,0.682931,1,1,19,64,1,0.438082,0.663207,0.529279,0.758567,1,2126.71,0.00346099,0.20695,0.894447,0.541958,0.05,300,300,300,300,300,300,60,64,72,52,56,64,45,49,57,1,22.7746,0.0759152,-0
dual_l1_c0,0,307,3,0.398972,0.0520685,0.411439,0.927532,1063.02,0.31915,3.54233,0.182311,0.0189409,0.0299821,0.0102156,0.0451858,0.539502,0.270429,0.418859,0.180978,1,1,0,300,0,0.182311,0.539502,0.418859,0.180978,1,1062.7,0.00346099,0.20695,0.894447,0.541958,0.05,300,300,300,300,300,300,62,300,300,57,61,82,35,39,47,1,7.01506,0.0233835,6.82876e-22
dual_l1_c0,0,308,0,0.374931,0.183499,-0.297567,1.00433,1572.44,1.4466,5.23666,0.394099,0.259375,0.013079,0.0110566,0.0206925,0.284814,0.236773,0.390487,0.428865,1,1,16,100,1,0.343131,0.464209,0.482143,0.459599,1,1525.96,0.00346099,0.20695,0.894447,0.541958,0.05,300,300,300,300,300,300,64,100,243,52,61,69,43,47,55,1,6.39598,0.0213199,-0
dual_l1_c0,0,309,6,0.259577,0.0483614,0.391565,0.96537,1737.2,0.626702,5.78857,0.259613,0.028657,0.0307709,0.00763239,0.0126654,0.359418,0.171065,0.377748,0.250127,1,1,19,300,0,0.259613,0.359418,0.377748,0.250127,1,1736.57,0.00346099,0.20695,0.894447,0.541958,0.05,300,300,300,300,300,300,74,300,300,59,63,71,36,59,67,1,9.24273,0.0308091,-0
dual_l1_c0,0,310,6,0.34319,0.188561,0.392175,0.955526,2014.3,0.353272,6.71316,0.230356,0.0264646,0.0146658,0.00294897,0.0411914,0.663096,0.160474,0.359251,0.0414196,1,1,18,252,1,0.149032,0.203486,0.409072,0.0886511,1,2007,0.00346099,0.20695,0.894447,0.541958,0.05,300,300,300,300,300,300,174,252,300,66,70,78,42,51,71,1,14.026,0.0467532,-0
dual_l1_c0,0,311,2,0.387914,0.115589,-0.290375,1.06352,1934.56,1.63421,6.44308,0.392609,0.189288,0.0272149,0.016249,0.0213678,0.292322,0.276432,0.392115,0.483203,1,1,16,136,1,0.455219,0.52503,0.578818,0.457563,1,1906.95,0.00346099,0.20695,0.894447,0.541958,0.05,300,300,300,300,300,300,91,136,300,57,61,69,39,43,51,1,7.36362,0.0245454,-0
dual_l1_c0,0,312,7,0.559899,0.192461,0.444658,0.935214,949.075,0.342573,3.16244,0.193928,0.014038,0.0294285,0.0105412,0.018105,0.306291,0.04269,0.639913,0.1985,1,1,1,300,0,0.193928,0.306291,0.639913,0.1985,1,948.733,0.00346099,0.20695,0.894447,0.541958,0.05,300,300,300,300,300,300,57,300,300,50,54,62,29,33,59,1,10.7669,0.0358896,-0
dual_l1_c0,0,313,6,0.179252,0.0296194,0.126633,1.00058,1896.37,0.412946,6.31987,0.199609,0.0707286,0.0101788,0.0145868,0.0111626,0.201125,0.333137,0.293297,0.0872408,1,1,15,300,0,0.199609,0.201125,0.293297,0.0872408,1,1895.96,0.00346099,0.20695,0.894447,0.541958,0.05,300,300,300,300,300,300,125,300,300,72,76,100,36,40,63,1,12.1185,0.040395,-0
dual_l1_c0,0,314,1,0.540821,0.156638,0.228906,1.05045,1201.37,0.288582,4.00359,0.169803,0.0226961,0.0206229,0.00428484,0.0257085,0.32144,0.162783,0.593017,0.111338,0,5.91583e-27,4,77,1,0.254046,0.117954,0.725946,0.103558,1,1176.93,0.00346099,0.20695,0.894447,0.541958,0.05,300,300,300,300,300,300,73,77,300,47,51,83,35,39,47,1,16.6394,0.0554646,1.78132e-20
dual_l1_c0,0,315,2,0.546518,0.0208903,0.1868,0.999325,941.337,0.157084,3.13727,0.101582,0.00999385,0.00439282,0.0102844,0.0541671,0.26199,0.0549906,0.535487,0.0287993,1,1,1,216,1,0.11189,0.154445,0.502685,0.113398,1,937.025,0.00346099,0.20695,0.894447,0.541958,0.05,300,300,300,300,300,300,97,216,300,47,51,76,33,37,45,1,5.9011,0.0196703,3.33231e-20
dual_l1_c0,0,316,6,0.379898,0.0990158,0.136911,0.946002,1555.75,0.23682,5.18506,0.135488,0.0346555,0.0420162,0.00537212,0.0245049,0.278685,0.177108,0.296956,0.218802,1,1,8,79,1,0.0854014,0.424802,0.325457,0.101768,1,1541.44,0.00346099,0.20695,0.894447,0.541958,0.05,300,300,300,300,300,300,75,79,300,56,67,75,31,35,43,1,12.6562,0.0421873,-0
dual_l1_c0,0,317,0,0.476567,0.0097481,-0.144267,1.06707,2303.36,5.96431,7.658,0.783976,0.587243,0.0161327,0.0108042,0.0253414,0.354671,0.380962,0.642583,0.11476,1,1,25,300,0,0.783976,0.354671,0.642583,0.11476,1,2297.4,0.00346099,0.20695,0.894447,0.541958,0.05,300,300,300,300,300,300,300,300,300,66,91,194,50,54,62,1,17.1407,0.0571357,3.0754e-36
dual_l1_c0,0,318,0,0.30634,0.060388,-0.0259303,1.00354,1998.71,0.50846,6.66067,0.209559,0.0368192,0.0275991,0.0114162,0.0411753,0.104567,0.179977,0.451186,0.212823,1,1,0,94,1,0.375154,0.20168,0.422762,0.152191,1,1981.76,0.00346099,0.20695,0.894447,0.541958,0.05,300,300,300,300,300,300,90,94,140,57,61,69,41,45,68,1,9.0061,0.0300203,-0
dual_l1_c0,0,319,6,0.279795,0.108873,0.45566,0.939115,1335.94,0.0633915,4.45292,0.0512526,0.0364287,0.0266388,0.0163667,0.0270664,0.398798,0.124564,0.447842,0.297209,1,1,8,300,0,0.0512526,0.398798,0.447842,0.297209,1,1335.87,0.00346099,0.20695,0.894447,0.541958,0.05,300,300,300,300,300,300,174,300,300,47,78,86,44,48,56,1,11.4373,0.0381242,-0
dual_l1_c0,0,320,6,0.345015,0.0714431,-0.328829,0.932712,1225.98,1.69385,4.08096,0.414596,0.184768,0.0153026,0.00860417,0.0317979,0.383626,0.221857,0.236037,0.496194,1,1,22,131,1,0.3249,0.169633,0.494836,0.537148,1,1183.59,0.00346099,0.20695,0.894447,0.541958,0.05,300,300,300,300,300,300,73,131,139,50,54,76,39,43,51,1,2.39233,0.00797445,-0
dual_l1_c0,0,321,6,0.406561,0.0892274,0.165769,1.0385,1185.14,0.0484039,3.9503,0.0486399,0.00893809,0.0199984,0.0149097,0.0336213,0.215754,0.170517,0.292888,0.0311972,1,1,2,113,1,0.425486,0.438311,0.480195,0.101921,1,1172.31,0.00346099,0.20695,0.894447,0.541958,0.05,300,300,300,300,300,300,80,113,228,43,68,76,37,41,49,1,2.85453,0.00951509,-0
dual_l1_c0,0,322,1,0.523314,0.159051,-0.204874,1.00311,1464.16,2.76524,4.87133,0.521297,0.162211,0.0264638,0.00388446,0.0273864,0.397571,0.188007,0.63474,0.366077,0,7.18373e-20,2,116,1,0.259295,0.080418,0.632868,0.122207,1,1426.53,0.00346099,0.20695,0.894447,0.541958,0.05,300,300,300,300,300,300,91,116,124,47,51,73,39,43,51,1,25.6842,0.0856139,3.16658e-18
dual_l1_c0,0,323,1,0.465792,0.151202,-0.385597,1.01357,1263.78,3.37603,4.20135,0.597336,0.346466,0.047875,0.00502823,0.062894,0.472854,0.332006,0.514655,0.645923,0,0,1,135,1,0.400922,0.562854,0.295153,0.525193,0,1202.64,0.00346099,0.20695,0.894447,0.541958,0.05,300,300,300,300,300,300,83,135,300,62,75,83,44,48,72,1,15.4059,0.0513531,3.54554e-25
dual_l1_c0,0,324,2,0.528964,0.137695,0.214005,0.956281,1386.04,0.0586098,4.61995,0.084476,0.035533,0.0298611,0.00252427,0.0305362,0.397026,0.0780148,0.500471,0.0889242,1,1,12,136,1,0.173908,0.270184,0.511938,0.109884,1,1373.22,0.00346099,0.20695,0.894447,0.541958,0.05,300,300,300,300,300,300,71,136,300,44,48,56,43,47,55,1,2.16845,0.00722815,-0
dual_l1_c0,0,325,2,0.417285,0.0148537,0.184198,1.09749,1630.17,0.374627,5.43264,0.169254,0.132654,0.0330337,0.0141064,0.0197133,0.401317,0.349708,0.563289,0.158863,1,1,24,300,0,0.169254,0.401317,0.563289,0.158863,1,1629.79,0.00346099,0.20695,0.894447,0.541958,0.05,300,300,300,300,300,300,259,300,300,56,68,101,45,56,64,1,9.1263,0.030421,-0
dual_l1_c0,0,326,5,0.470452,0.0572531,-0.406424,0.986988,1402.4,5.06238,4.65779,0.720964,0.184463,0.0229623,0.0190939,0.0284687,0.530539,0.151171,0.353984,0.591765,1,1,23,113,1,0.422489,0.52492,0.329249,0.541304,1,1326.19,0.00346099,0.20695,0.894447,0.541958,0.05,300,300,300,300,300,300,51,113,203,46,50,58,34,38,46,1,4.06092,0.0135364,1.44334e-43
dual_l1_c0,0,327,7,0.397174,0.166856,0.00229061,0.953952,1066.63,0.0938238,3.55513,0.108224,0.0377217,0.0156924,0.010355,0.0358259,0.226432,0.119187,0.441758,0.265231,1,1,2,65,1,0.326719,0.265846,0.537998,0.205504,1,1049.71,0.00346099,0.20695,0.894447,0.541958,0.05,300,300,300,300,300,300,61,65,300,47,56,64,30,34,42,1,5.93441,0.0197814,-0
dual_l1_c0,0,328,3,0.0878533,0.175238,0.45217,1.06525,1294.32,0.330837,4.31331,0.170048,0.0219264,0.00885473,0.0110978,0.0403934,0.558677,0.162282,0.373167,0.388608,1,1,6,300,0,0.170048,0.558677,0.373167,0.388608,1,1293.99,0.00346099,0.20695,0.894447,0.541958,0.05,300,300,300,300,300,300,76,300,300,51,55,63,41,45,53,1,13.2627,0.044209,7.94694e-38
dual_l1_c0,0,329,4,0.32522,0.149409,0.106123,0.936815,1317.45,0.0608363,4.39129,0.0763531,0.0212092,0.0301453,0.0173754,0.0215534,0.27576,0.119102,0.493223,0.0757188,1,1,17,129,1,0.258834,0.25977,0.496306,0.175536,1,1307.9,0.00346099,0.20695,0.894447,0.541958,0.05,300,300,300,300,300,300,125,129,293,45,49,57,42,46,54,1,9.30165,0.0310055,-0
dual_l1_c0,0,330,5,0.408386,0.16493,-0.272894,0.941168,1054.77,2.52713,3.50749,0.509559,0.0591523,0.0256166,0.0101051,0.00920328,0.390929,0.161855,0.310594,0.428563,1,1,1,87,1,0.602122,0.494526,0.370085,0.333009,1,1017.39,0.00346099,0.20695,0.894447,0.541958,0.05,300,300,300,300,300,300,77,87,300,32,46,54,24,28,52,1,3.21288,0.0107096,-0
dual_l1_c0,0,331,1,0.41659,0.0486585,-0.452635,0.94547,1889.79,5.63014,6.28055,0.746145,0.553228,0.0288753,0.00921484,0.0251358,0.800493,0.148887,0.581377,0.541164,0,0,17,130,1,0.741462,0.667923,0.640876,0.476291,0,1796.12,0.00346099,0.20695,0.894447,0.541958,0.05,300,300,300,300,300,300,126,130,300,35,52,60,29,33,56,1,22.2485,0.0741616,1.83172e-21
dual_l1_c0,0,332,5,0.435915,0.177869,0.0302012,1.03725,2134.51,1.14172,7.11122,0.329776,0.0253384,0.0239545,0.0186683,0.0351057,0.190294,0.211439,0.535017,0.160772,1,1,0,146,1,0.127379,0.394836,0.570547,0.116061,1,2122.4,0.00346099,0.20695,0.894447,0.541958,0.05,300,300,300,300,300,300,100,146,300,67,71,79,36,40,48,1,11.7046,0.0390153,-0
dual_l1_c0,0,333,2,0.334935,0.119872,0.0673442,0.943026,1145.05,0.313663,3.81579,0.169815,0.044005,0.0278819,0.0150122,0.0294666,0.181252,0.0655494,0.427714,0.126442,0,4.45794e-09,22,242,1,0.239885,0.263444,0.416176,0.189745,0,1141.42,0.00346099,0.20695,0.894447,0.541958,0.05,300,300,300,300,300,300,69,242,300,65,69,89,51,62,70,1,27.3958,0.0913194,8.57199e-08
dual_l1_c0,0,334,7,0.122317,0.0985006,0.299119,0.977415,2136.68,0.126787,7.12183,0.120737,0.0205012,0.036543,0.0118722,0.0162415,0.413898,0.058076,0.0503729,0.0550616,1,1,13,300,0,0.120737,0.413898,0.0503729,0.0550616,1,2136.55,0.00346099,0.20695,0.894447,0.541958,0.05,300,300,300,300,300,300,207,300,300,72,76,84,45,49,71,1,12.0451,0.0401505,-0
dual_l1_c0,0,335,5,0.347953,0.0910938,-0.0972562,0.982774,2201.7,0.261863,7.33812,0.144261,0.0522967,0.00411675,0.0105602,0.0484415,0.133978,0.175422,0.456721,0.330354,1,1,9,81,1,0.221633,0.207204,0.20104,0.299897,1,2186.07,0.00346099,0.20695,0.894447,0.541958,0.05,300,300,300,300,300,300,62,81,300,44,55,63,37,41,49,1,15.631,0.0521034,-0
dual_l1_c0,0,336,7,0.417058,0.0389487,-0.362801,0.979404,1286.11,6.97825,4.26379,0.83757,0.271892,0.0175728,0.00987511,0.0456527,0.747142,0.37503,0.307755,0.479788,1,1,16,176,1,0.542649,0.715244,0.504461,0.609758,1,1224.94,0.00346099,0.20695,0.894447,0.541958,0.05,300,300,300,300,300,300,76,176,214,47,51,84,30,34,42,1,14.9879,0.0499596,-0
dual_l1_c0,0,337,2,0.287771,0.153303,-0.477498,0.963653,2549.59,1.98686,8.492,0.462624,0.392971,0.0119621,0.0066047,0.0400649,0.474189,0.177585,0.475665,0.44859,1,1,0,107,1,0.563016,0.609089,0.348062,0.69335,1,2469.82,0.00346099,0.20695,0.894447,0.541958,0.05,300,300,300,300,300,300,91,107,289,58,62,97,39,43,51,1,10.1545,0.0338483,-0
dual_l1_c0,0,338,6,0.366033,0.0777399,-0.407425,1.04473,1206.53,3.80763,4.00909,0.633181,0.394447,0.0433925,0.0101856,0.0317585,0.150489,0.287299,0.325421,0.449716,1,1,0,160,1,0.545817,0.316279,0.391915,0.686344,1,1153.7,0.00346099,0.20695,0.894447,0.541958,0.05,300,300,300,300,300,300,156,160,168,50,54,62,32,45,53,1,6.45107,0.0215036,-0
dual_l1_c0,0,339,2,0.43166,0.190676,0.300864,1.08394,1535.01,0.616399,5.11464,0.240471,0.0259167,0.0238507,0.0146029,0.0338931,0.263364,0.246422,0.365743,0.189751,1,1,17,300,0,0.240471,0.263364,0.365743,0.189751,1,1534.39,0.00346099,0.20695,0.894447,0.541958,0.05,300,300,300,300,300,300,220,300,300,54,58,77,35,47,55,1,13.5446,0.0451488,5.63941e-13
dual_l1_c0,0,340,0,0.235435,0.181938,-0.0720006,1.06296,1608.97,0.290519,5.36228,0.160112,0.0792776,0.0252262,0.00607631,0.0434673,0.27731,0.216186,0.128504,0.241476,1,1,18,75,1,0.265454,0.213026,0.342511,0.395388,1,1597.46,0.00346099,0.20695,0.894447,0.541958,0.05,300,300,300,300,300,300,71,75,105,58,62,70,37,41,49,1,19.839,0.0661301,-0
dual_l1_c0,0,341,1,0.346044,0.085523,-0.0117341,1.01089,1226.27,0.836332,4.08477,0.257644,0.0141145,0.0196431,0.0101391,0.0316921,0.438375,0.311943,0.375331,0.107935,1,0.999993,0,242,1,0.338099,0.270762,0.318576,0.114932,1,1221.97,0.00346099,0.20695,0.894447,0.541958,0.05,300,300,300,300,300,300,70,242,250,42,59,79,24,38,46,1,2.26649,0.00755497,9.27426e-05
dual_l1_c0,0,342,7,0.295602,0.141024,-0.22315,0.914352,939.683,1.13488,3.12849,0.320882,0.237986,0.0342571,0.01028,0.0397992,0.451591,0.144472,0.313861,0.382395,1,1,0,70,1,0.576739,0.572454,0.157102,0.461872,1,887.715,0.00346099,0.20695,0.894447,0.541958,0.05,300,300,300,300,300,300,58,70,161,45,49,57,37,41,49,1,8.64958,0.0288319,-0
dual_l1_c0,0,343,4,0.27064,0.169972,0.0572248,0.926536,909.773,0.656491,3.03039,0.256198,0.0518829,0.0189305,0.0167933,0.0338638,0.13227,0.164979,0.265553,0.274776,1,1,27,75,1,0.146819,0.151714,0.21721,0.132637,1,895.838,0.00346099,0.20695,0.894447,0.541958,0.05,300,300,300,300,300,300,71,75,300,39,54,62,26,30,38,1,6.74366,0.0224789,-0
dual_l1_c0,0,344,7,0.550105,0.0538472,0.465589,1.04671,1131.09,0.0599007,3.7701,0.0761419,0.0564326,0.0548262,0.0122266,0.0304762,0.252236,0.112443,0.76144,0.478254,1,1,18,131,1,0.357624,0.533614,0.805344,0.350392,1,1096.81,0.00346099,0.20695,0.894447,0.541958,0.05,300,300,300,300,300,300,127,131,300,61,98,125,39,43,51,1,8.1046,0.0270153,-0
dual_l1_c0,0,345,0,0.404454,0.048566,0.257587,0.986202,950.754,0.42048,3.16778,0.212017,0.0319545,0.0101732,0.0199158,0.032851,0.357163,0.364695,0.541176,0.129127,1,1,14,300,0,0.212017,0.357163,0.541176,0.129127,1,950.334,0.00346099,0.20695,0.894447,0.541958,0.05,300,300,300,300,300,300,149,300,300,48,52,132,38,42,50,1,12.548,0.0418266,-0
dual_l1_c0,0,346,5,0.506885,0.0104643,-0.0350229,1.07304,2039.49,1.3699,6.79372,0.371806,0.187024,0.0316934,0.0122863,0.0388139,0.203496,0.379662,0.63256,0.0613558,1,1,1,156,1,0.389237,0.287653,0.538019,0.203379,1,2005.19,0.00346099,0.20695,0.894447,0.541958,0.05,300,300,300,300,300,300,141,156,300,66,81,105,50,54,62,1,14.7634,0.0492115,-0
dual_l1_c0,0,347,7,0.35006,0.0843223,0.120123,0.918154,964.653,0.336703,3.21439,0.201978,0.0184452,0.0165117,0.0239745,0.0126735,0.260913,0.0646165,0.240612,0.0930287,1,1,15,104,1,0.109606,0.214079,0.439491,0.112428,1,952.617,0.00346099,0.20695,0.894447,0.541958,0.05,300,300,300,300,300,300,59,104,297,46,50,58,43,47,55,1,2.43831,0.00812771,-0
dual_l1_c0,0,348,2,0.547418,0.13012,0.00534737,1.00731,2519.14,0.989136,8.39384,0.325145,0.0242603,0.0122855,0.0152511,0.0221876,0.28963,0.213087,0.265647,0.0785061,1,1,164,202,1,0.0790156,0.276382,0.507396,0.177217,1,2510.19,0.00346099,0.20695,0.894447,0.541958,0.05,300,300,300,300,300,300,82,202,293,52,63,71,40,44,52,1,34.4395,0.114798,1.97239e-10
dual_l1_c0,0,349,0,0.110047,0.0355436,0.0558864,0.977223,950.49,0.2624,3.16743,0.17463,0.03279,0.0122912,0.0184253,0.0411456,0.307217,0.221227,0.229458,0.309559,1,1,14,70,1,0.25624,0.19091,0.191087,0.114018,1,934.96,0.00346099,0.20695,0.894447,0.541958,0.05,300,300,300,300,300,300,66,70,158,45,49,57,33,47,55,1,6.91381,0.023046,-0
dual_l1_c0,0,350,5,0.338617,0.0653882,-0.406621,1.05642,1149.32,4.36629,3.8165,0.660374,0.298886,0.0355641,0.0118163,0.0307541,0.585873,0.154196,0.51033,0.619819,1,1,18,70,1,0.679087,0.455086,0.486962,0.655536,1,1058.7,0.00346099,0.20695,0.894447,0.541958,0.05,300,300,300,300,300,300,59,70,123,43,47,55,30,34,42,1,6.58885,0.0219628,-0
dual_l1_c0,0,351,5,0.129226,0.199756,0.201507,0.923349,1959.09,0.00918161,6.53028,0.0135849,0.0135849,0.0391928,0.00489243,0.0373397,0.400472,0.071536,0.155285,0.0922375,1,1,0,76,1,0.0825137,0.273894,0.187127,0.0786992,1,1943.09,0.00346099,0.20695,0.894447,0.541958,0.05,300,300,300,300,300,300,66,76,300,48,52,60,34,45,53,1,11.437,0.0381233,4.39702e-16
dual_l1_c0,0,352,1,0.1832,0.102368,-0.0627959,1.0269,1230.18,0.578704,4.09868,0.230287,0.0949753,0.0261413,0.010186,0.0247207,0.176017,0.0756239,0.225268,0.403744,0,1.96671e-33,0,106,1,0.237498,0.165223,0.139874,0.187424,0,1212.83,0.00346099,0.20695,0.894447,0.541958,0.05,300,300,300,300,300,300,56,106,275,47,51,59,40,44,52,1,5.65547,0.0188516,0.000473091
dual_l1_c0,0,353,4,0.371348,0.164725,0.0792269,0.901413,904.601,0.185022,3.01472,0.113497,0.0103687,0.0342645,0.00786506,0.033117,0.16382,0.304024,0.379314,0.0995773,1,1,14,74,1,0.0647107,0.395188,0.365294,0.112533,1,889.709,0.00346099,0.20695,0.894447,0.541958,0.05,300,300,300,300,300,300,63,74,82,46,50,74,28,32,40,1,1.4673,0.004891,-0
dual_l1_c0,0,354,5,0.318418,0.192747,-0.223969,0.963992,1600.71,2.2157,5.32831,0.487412,0.131267,0.0247662,0.0059528,0.0251439,0.223463,0.161701,0.253536,0.434321,1,1,0,62,1,0.263178,0.430952,0.249731,0.41921,1,1567.4,0.00346099,0.20695,0.894447,0.541958,0.05,300,300,300,300,300,300,58,62,70,50,54,62,37,41,49,1,10.0826,0.0336087,-0
dual_l1_c0,0,355,6,0.287476,0.143926,-0.188831,1.0234,1209.99,1.0797,4.02971,0.327119,0.0884242,0.01646,0.0101859,0.0123968,0.284928,0.120293,0.392417,0.355288,1,1,0,61,1,0.134248,0.501217,0.166458,0.317547,1,1184.03,0.00346099,0.20695,0.894447,0.541958,0.05,300,300,300,300,300,300,57,61,279,50,54,62,38,42,50,1,9.59423,0.0319808,-0
dual_l1_c0,0,356,1,0.505179,0.102224,-0.389365,1.07732,1744.4,3.4289,5.80325,0.586379,0.351638,0.0301968,0.0101566,0.0370297,0.484248,0.116279,0.431509,0.507128,0,2.43006e-35,9,72,1,0.610774,0.515029,0.480872,0.507245,1,1662.89,0.00346099,0.20695,0.894447,0.541958,0.05,300,300,300,300,300,300,68,72,80,47,51,59,44,48,56,1,22.8071,0.0760236,4.96141e-07
dual_l1_c0,0,357,4,0.571781,0.140425,0.0417511,1.02408,1703.81,0.162518,5.67884,0.132216,0.0873414,0.0176279,0.0067069,0.0374621,0.232332,0.262629,0.651673,0.0508918,1,1,20,101,1,0.172462,0.0850416,0.635266,0.209842,1,1685.64,0.00346099,0.20695,0.894447,0.541958,0.05,300,300,300,300,300,300,85,101,109,46,50,84,38,42,50,1,7.08387,0.0236129,-0
dual_l1_c0,0,358,2,0.303081,0.0220071,0.279581,1.06682,1065.83,0.0722843,3.55251,0.0949947,0.0162054,0.0215011,0.0149508,0.0528508,0.130366,0.0801792,0.288775,0.14478,0,1.64225e-26,10,200,1,0.0590947,0.165833,0.388387,0.19809,0,1057.35,0.00346099,0.20695,0.894447,0.541958,0.05,300,300,300,300,300,300,196,200,300,48,79,117,29,41,49,1,12.2297,0.0407658,9.75021e-25
dual_l1_c0,0,359,1,0.416518,0.0427807,0.182969,1.01204,1336.22,0.049003,4.45392,0.055807,0.0314464,0.0322018,0.00725396,0.0342954,0.247361,0.0684841,0.717438,0.210036,0,2.44793e-17,4,226,1,0.280481,0.321425,0.396017,0.23592,0,1331.96,0.00346099,0.20695,0.894447,0.541958,0.05,300,300,300,300,300,300,154,226,300,87,91,99,45,49,57,1,32.2391,0.107464,9.36302e-16
dual_l1_c0,0,360,6,0.244755,0.0767382,-0.204495,1.08207,1475.32,0.426717,4.9163,0.225404,0.103216,0.0246764,0.00537799,0.035608,0.119636,0.174803,0.324167,0.569554,1,1,42,141,1,0.320882,0.281381,0.258943,0.546756,1,1444.27,0.00346099,0.20695,0.894447,0.541958,0.05,300,300,300,300,300,300,77,141,300,60,64,72,45,49,57,1,11.5118,0.0383726,-0
dual_l1_c0,0,361,0,0.401134,0.191335,-0.0548563,1.02419,1566.23,0.327215,5.21969,0.194294,0.00599507,0.0242327,0.00498876,0.0292849,0.134126,0.0918428,0.461334,0.235143,1,1,17,80,1,0.150869,0.109673,0.488488,0.259771,1,1549.27,0.00346099,0.20695,0.894447,0.541958,0.05,300,300,300,300,300,300,52,80,88,42,46,54,37,41,49,1,8.17829,0.027261,-0
dual_l1_c0,0,362,0,0.54002,0.121682,0.448494,1.09173,1234.7,0.364252,4.11444,0.185387,0.0408303,0.0141448,0.00972918,0.0136475,0.458741,0.0581165,0.762645,0.322841,1,1,0,300,0,0.185387,0.458741,0.762645,0.322841,1,1234.33,0.00346099,0.20695,0.894447,0.541958,0.05,300,300,300,300,300,300,253,300,300,41,82,90,29,42,83,1,5.13165,0.0171055,-0
dual_l1_c0,0,363,6,0.394586,0.059517,-0.412949,1.01429,2317.79,1.71114,7.72026,0.428438,0.353819,0.0251913,0.0118452,0.0248772,0.17946,0.12441,0.447759,0.547989,1,1,19,121,1,0.39434,0.409075,0.465889,0.561146,1,2261.33,0.00346099,0.20695,0.894447,0.541958,0.05,300,300,300,300,300,300,103,121,300,62,83,91,40,53,61,1,12.4804,0.0416014,-0
dual_l1_c0,0,364,2,0.306726,0.0973354,-0.405558,1.04145,1755.59,3.66408,5.83974,0.589309,0.237798,0.0499269,0.0119897,0.0398591,0.528821,0.124776,0.459438,0.523718,1,1,17,80,1,0.658223,0.570301,0.288831,0.423737,1,1682.5,0.00346099,0.20695,0.894447,0.541958,0.05,300,300,300,300,300,300,76,80,112,53,57,65,42,46,54,1,12.9272,0.0430906,-0
dual_l1_c0,0,365,0,0.502168,0.0784154,-0.076708,1.01259,854.076,1.07839,2.84333,0.32499,0.0520804,0.0223223,0.0045269,0.0177318,0.175997,0.205238,0.573566,0.287789,1,1,0,61,1,0.244711,0.12358,0.653192,0.0738821,1,831.136,0.00346099,0.20695,0.894447,0.541958,0.05,300,300,300,300,300,300,52,61,69,41,52,60,27,31,39,1,6.7306,0.0224353,-0
dual_l1_c0,0,366,2,0.505398,0.083742,0.48886,0.972227,2125.86,0.352948,7.08503,0.207276,0.0385636,0.0234751,0.00680356,0.0264608,0.468767,0.0944063,0.657979,0.292258,1,1,18,300,0,0.207276,0.468767,0.657979,0.292258,1,2125.51,0.00346099,0.20695,0.894447,0.541958,0.05,300,300,300,300,300,300,72,300,300,54,63,71,42,46,54,1,6.83161,0.022772,1.82932e-36
dual_l1_c0,0,367,1,0.221341,0.108071,0.372375,1.03482,884.061,0.0917639,2.94656,0.0866494,0.0179564,0.0149987,0.00713876,0.0309009,0.515914,0.227086,0.29987,0.212439,1,1,0,85,1,0.0546096,0.386091,0.265013,0.300154,1,858.052,0.00346099,0.20695,0.894447,0.541958,0.05,300,300,300,300,300,300,81,85,93,65,69,86,34,44,52,1,0.350177,0.00116726,4.7844e-20
dual_l1_c0,0,368,7,0.519395,0.111006,0.310006,0.988853,1080.53,0.314022,3.60073,0.180557,0.0260179,0.0190748,0.0145339,0.0222112,0.468902,0.118032,0.596276,0.0630709,1,1,18,115,1,0.191993,0.255494,0.518157,0.106736,1,1060.26,0.00346099,0.20695,0.894447,0.541958,0.05,300,300,300,300,300,300,111,115,300,59,82,90,36,40,48,1,9.87961,0.032932,-0
dual_l1_c0,0,369,0,0.523759,0.12669,-0.35781,1.04453,1547.14,2.56542,5.14858,0.526887,0.190489,0.0208238,0.0140556,0.0243523,0.437523,0.320455,0.651325,0.42187,1,1,20,74,1,0.628837,0.601439,0.527876,0.391883,1,1475.94,0.00346099,0.20695,0.894447,0.541958,0.05,300,300,300,300,300,300,59,74,132,43,60,82,33,37,45,1,20.198,0.0673266,-0
dual_l1_c0,0,370,5,0.421928,0.173748,0.0534937,1.08513,2269.38,1.21832,7.56054,0.329409,0.0553238,0.0132718,0.0268976,0.042185,0.414709,0.308122,0.518403,0.110287,1,1,0,245,1,0.209114,0.259538,0.331717,0.348419,1,2260.36,0.00346099,0.20695,0.894447,0.541958,0.05,300,300,300,300,300,300,102,245,300,59,63,71,49,53,61,1,6.50654,0.0216885,-0
dual_l1_c0,0,371,0,0.424698,0.0301945,-0.101151,0.979339,1821.69,0.595544,6.07032,0.273356,0.0662928,0.0469252,0.0161241,0.0181962,0.530536,0.373879,0.423255,0.41987,1,1,20,73,1,0.531007,0.163496,0.542976,0.375015,1,1781.36,0.00346099,0.20695,0.894447,0.541958,0.05,300,300,300,300,300,300,69,73,300,55,68,76,33,37,45,1,8.22173,0.0274058,-0
dual_l1_c0,0,372,7,0.414886,0.0438999,0.342851,1.00871,1252.93,0.708375,4.17406,0.278009,0.0184818,0.0173131,0.0145871,0.0270044,0.394737,0.316511,0.504175,0.043316,1,1,20,237,1,0.364334,0.421738,0.466803,0.167591,1,1244.57,0.00346099,0.20695,0.894447,0.541958,0.05,300,300,300,300,300,300,144,237,300,44,74,82,37,41,49,1,15.1089,0.0503631,-0
dual_l1_c0,0,373,0,0.566468,0.067077,-0.181517,1.06639,2157.79,5.47493,7.1744,0.741263,0.186463,0.0127768,0.00579526,0.0346926,0.639798,0.239333,0.471067,0.422254,1,1,1,300,0,0.741263,0.639798,0.471067,0.422254,1,2152.32,0.00346099,0.20695,0.894447,0.541958,0.05,300,300,300,300,300,300,70,300,300,52,56,64,36,40,48,1,6.71373,0.0223791,-0
dual_l1_c0,0,374,5,0.495562,0.186593,-0.230633,0.906701,1804.54,0.792986,6.01248,0.273241,0.17209,0.0356828,0.0112386,0.0434839,0.154702,0.237212,0.339629,0.403746,1,1,0,91,1,0.355212,0.304547,0.301173,0.553688,1,1774.72,0.00346099,0.20695,0.894447,0.541958,0.05,300,300,300,300,300,300,72,91,99,62,66,74,39,43,51,1,11.1009,0.0370029,-0
dual_l1_c0,0,375,1,0.531094,0.118337,-0.0713642,1.06725,2131.09,0.6157,7.10158,0.265594,0.132371,0.0161977,0.0214454,0.0521468,0.503011,0.0897776,0.658004,0.388576,1,1,3,128,1,0.421328,0.194722,0.670826,0.186544,1,2113.64,0.00346099,0.20695,0.894447,0.541958,0.05,300,300,300,300,300,300,124,128,167,63,67,92,45,54,62,1,8.15696,0.0271899,5.03618e-23
dual_l1_c0,0,376,7,0.294541,0.0568933,-0.170065,0.939677,986.265,1.96542,3.281,0.475159,0.205497,0.0180595,0.015701,0.0396785,0.2854,0.178082,0.256965,0.422944,1,1,17,62,1,0.309529,0.30325,0.38127,0.271995,1,938.08,0.00346099,0.20695,0.894447,0.541958,0.05,300,300,300,300,300,300,58,62,80,36,45,53,23,27,45,1,15.55,0.0518332,-0
dual_l1_c0,0,377,0,0.583715,0.0989951,-0.166943,0.985131,1220.55,1.85927,4.06231,0.407165,0.205336,0.0165601,0.0106352,0.029451,0.395925,0.427614,0.617246,0.331272,1,1,17,153,1,0.645467,0.266584,0.670126,0.556413,1,1172.53,0.00346099,0.20695,0.894447,0.541958,0.05,300,300,300,300,300,300,100,153,300,57,61,69,26,45,53,1,14.8855,0.0496184,5.22341e-33
dual_l1_c0,0,378,1,0.354138,0.036537,0.301697,1.0723,1932.85,0.656119,6.44063,0.254654,0.0179289,0.0393913,0.0112298,0.0420947,0.21422,0.138791,0.327988,0.109695,0,4.56523e-28,15,223,1,0.0859515,0.432465,0.363837,0.157317,0,1924.35,0.00346099,0.20695,0.894447,0.541958,0.05,300,300,300,300,300,300,168,223,300,75,79,87,46,50,80,1,30.5483,0.101828,3.19232e-07
dual_l1_c0,0,379,4,0.511535,0.118601,-0.302561,0.900403,1485.76,4.34286,4.93806,0.652389,0.140549,0.0120571,0.0145567,0.0257739,0.532789,0.0432118,0.540381,0.470439,1,1,48,75,1,0.405266,0.365036,0.588744,0.493878,1,1411.15,0.00346099,0.20695,0.894447,0.541958,0.05,300,300,300,300,300,300,58,75,83,45,49,57,31,42,50,1,10.0983,0.0336611,-0
dual_l1_c0,0,380,5,0.278754,0.126127,-0.201996,1.00249,2137.5,0.646479,7.12284,0.250698,0.153933,0.0190211,0.0120018,0.0258038,0.306409,0.0826941,0.456825,0.535677,1,1,0,72,1,0.320646,0.517984,0.407525,0.538624,1,2096.63,0.00346099,0.20695,0.894447,0.541958,0.05,300,300,300,300,300,300,68,72,99,51,55,74,37,49,57,1,11.9882,0.0399605,-0
dual_l1_c0,0,381,6,0.529637,0.0741619,0.272854,0.918284,1947.5,0.171307,6.49109,0.131223,0.0147913,0.0276283,0.00326833,0.0453006,0.273033,0.083603,0.800849,0.278292,1,1,19,201,1,0.246544,0.250257,0.455414,0.207109,1,1939.71,0.00346099,0.20695,0.894447,0.541958,0.05,300,300,300,300,300,300,114,201,300,50,54,62,40,44,52,1,11.3609,0.0378697,-0
dual_l1_c0,0,382,6,0.242279,0.0508121,0.367125,1.06781,1030.86,0.295011,3.43523,0.146077,0.055159,0.023341,0.0105027,0.0241599,0.457644,0.102575,0.354965,0.18915,1,1,1,300,0,0.146077,0.457644,0.354965,0.18915,1,1030.57,0.00346099,0.20695,0.894447,0.541958,0.05,300,300,300,300,300,300,67,300,300,48,62,70,29,40,48,1,2.81467,0.00938223,-0
dual_l1_c0,0,383,7,0.399685,0.0811844,-0.479479,1.06461,1667.74,2.05927,5.55227,0.458284,0.230092,0.0295233,0.0222514,0.0306459,0.327574,0.183083,0.356012,0.705191,1,1,17,80,1,0.759312,0.816751,0.528954,0.565327,1,1586.13,0.00346099,0.20695,0.894447,0.541958,0.05,300,300,300,300,300,300,48,80,88,43,47,55,40,44,52,1,14.6854,0.0489514,-0
dual_l1_c0,0,384,3,0.315425,0.146611,-0.488791,0.970312,2085.65,4.98837,6.93555,0.711847,0.484131,0.0176538,0.00667893,0.0406382,0.371468,0.204852,0.244909,0.739248,1,1,15,121,1,0.694018,0.6276,0.222299,0.665093,1,1997.76,0.00346099,0.20695,0.894447,0.541958,0.05,300,300,300,300,300,300,117,121,129,64,68,125,32,36,66,1,40.3889,0.13463,-0
dual_l1_c0,0,385,1,0.17185,0.0968964,0.0292453,1.09959,1971.74,0.477164,6.57087,0.209893,0.0893213,0.0193513,0.00453034,0.0393597,0.184049,0.200046,0.273421,0.12412,1,1,3,170,1,0.24632,0.216556,0.292762,0.125453,1,1963.54,0.00346099,0.20695,0.894447,0.541958,0.05,300,300,300,300,300,300,85,170,232,41,56,64,35,39,47,1,9.78567,0.0326189,5.14807e-19
dual_l1_c0,0,386,1,0.259546,0.192727,-0.146458,1.07658,1622.65,0.229437,5.40808,0.169852,0.161013,0.0547118,0.00788024,0.0237998,0.044437,0.178005,0.301566,0.432411,0,1.8416e-28,21,257,1,0.22651,0.0700975,0.471025,0.325761,0,1618.29,0.00346099,0.20695,0.894447,0.541958,0.05,300,300,300,300,300,300,140,257,265,41,45,53,36,40,48,1,66.6846,0.222282,0.0029434
dual_l1_c0,0,387,3,0.260245,0.0567743,-0.462379,0.964794,1466.07,8.99176,4.85694,0.929041,0.448702,0.0186015,0.0173899,0.0256095,0.915915,0.254309,0.155557,0.657966,1,1,3,294,1,0.768537,0.888202,0.16181,0.658909,1,1453.16,0.00346099,0.20695,0.894447,0.541958,0.05,300,300,300,300,300,300,155,294,300,56,60,86,45,49,57,1,14.1393,0.047131,8.69393e-36
dual_l1_c0,0,388,4,0.36414,0.153462,0.0118699,1.06225,1812.8,0.128313,6.04224,0.11841,0.0438475,0.0558822,0.0134481,0.0141375,0.322913,0.0686937,0.490427,0.132356,1,1,18,156,1,0.0582918,0.324615,0.41218,0.19437,1,1805.43,0.00346099,0.20695,0.894447,0.541958,0.05,300,300,300,300,300,300,50,156,262,46,50,58,33,37,45,1,16.4656,0.0548852,-0
dual_l1_c0,0,389,4,0.479893,0.0281977,0.10513,1.08199,2008.57,1.15965,6.69138,0.349673,0.122406,0.038965,0.00771758,0.0180491,0.149066,0.364598,0.53578,0.300193,1,1,27,270,1,0.261372,0.175402,0.553088,0.152149,1,2001.82,0.00346099,0.20695,0.894447,0.541958,0.05,300,300,300,300,300,300,59,270,278,50,54,62,44,48,56,1,8.03976,0.0267992,-0
dual_l1_c0,0,390,5,0.458855,0.147624,-0.126113,1.01153,2022.63,0.153293,6.74158,0.104612,0.0309818,0.031976,0.0101787,0.0516195,0.26143,0.13607,0.370518,0.347256,1,1,0,157,1,0.326211,0.587955,0.544192,0.419213,1,2004.53,0.00346099,0.20695,0.894447,0.541958,0.05,300,300,300,81,300,300,72,157,300,56,60,80,45,49,57,1,6.13085,0.0204362,-0
dual_l1_c0,0,391,4,0.333444,0.163881,0.400706,1.06615,1038.32,0.256026,3.46021,0.127674,0.0361648,0.0259279,0.0167256,0.0201655,0.467561,0.0963882,0.579888,0.220324,1,1,21,300,0,0.127674,0.467561,0.579888,0.220324,1,1038.06,0.00346099,0.20695,0.894447,0.541958,0.05,300,300,300,300,300,300,90,300,300,59,63,92,32,44,52,1,10.2925,0.0343083,-0
dual_l1_c0,0,392,1,0.161042,0.129432,0.13121,1.02321,2160.83,0.47437,7.2012,0.199979,0.0172688,0.0213813,0.0300014,0.0231668,0.184345,0.170534,0.342605,0.0339494,1,1,0,135,1,0.158698,0.451373,0.346713,0.0300567,1,2152.31,0.00346099,0.20695,0.894447,0.541958,0.05,300,300,300,300,300,300,103,135,300,58,79,87,45,61,69,1,2.19283,0.00730943,5.694e-13
dual_l1_c0,0,393,7,0.523187,0.1303,0.420048,0.914593,2124.4,0.359505,7.08013,0.187965,0.0460407,0.0315682,0.00571416,0.0478515,0.41104,0.174491,0.45318,0.248514,1,1,26,229,1,0.167447,0.3873,0.742971,0.144677,1,2108.46,0.00346099,0.20695,0.894447,0.541958,0.05,300,300,300,300,300,300,93,229,300,61,65,125,46,50,58,1,13.3674,0.0445579,-0
dual_l1_c0,0,394,6,0.613384,0.0349689,0.032353,1.04717,2102.78,1.46075,7.00438,0.44783,0.033254,0.0202619,0.0103995,0.0532163,0.520153,0.135757,0.617067,0.23934,1,1,19,105,1,0.164023,0.275326,0.788909,0.0651142,1,2071.25,0.00346099,0.20695,0.894447,0.541958,0.05,300,300,300,300,300,300,101,105,181,56,60,68,35,45,53,1,12.7558,0.0425192,-0
dual_l1_c0,0,395,7,0.450271,0.187496,0.119905,1.07711,1355.72,0.442157,4.5176,0.208524,0.0372025,0.0232027,0.0165566,0.0357823,0.309851,0.153978,0.572995,0.17172,1,1,2,83,1,0.145932,0.225813,0.657466,0.10822,1,1341.92,0.00346099,0.20695,0.894447,0.541958,0.05,300,300,300,300,300,300,63,83,91,37,60,68,32,36,44,1,10.1527,0.0338424,-0
dual_l1_c0,0,396,7,0.502121,0.0353992,0.242455,1.02197,1427.41,0.0738163,4.7578,0.106384,0.0113586,0.0127994,0.00504319,0.0290566,0.382781,0.0867533,0.524468,0.0294284,1,1,19,300,0,0.106384,0.382781,0.524468,0.0294284,1,1427.34,0.00346099,0.20695,0.894447,0.541958,0.05,300,300,300,300,300,300,73,300,300,60,64,72,32,36,60,1,14.3568,0.0478559,-0
dual_l1_c0,0,397,7,0.295268,0.195294,0.399915,0.925666,1999.54,0.889483,6.66216,0.307929,0.0506807,0.0151798,0.0106904,0.0327313,0.375113,0.098891,0.349836,0.197289,1,1,21,237,1,0.269524,0.400579,0.319609,0.330686,1,1987.64,0.00346099,0.20695,0.894447,0.541958,0.05,300,300,300,300,300,300,207,237,300,49,53,61,32,36,44,1,6.28368,0.0209456,-0
dual_l1_c0,0,398,3,0.368696,0.169547,-0.0506253,1.01582,1857.91,1.13737,6.18923,0.338359,0.01124,0.0169051,0.00512999,0.0405905,0.148016,0.123018,0.45092,0.214885,1,1,24,115,1,0.190685,0.283345,0.416481,0.210414,1,1844.02,0.00346099,0.20695,0.894447,0.541958,0.05,300,300,300,300,300,300,111,115,300,64,68,76,37,41,62,1,18.7504,0.0625013,4.15783e-12
dual_l1_c0,0,399,6,0.297299,0.0492507,-0.357841,0.917894,1761.08,2.44313,5.86214,0.502937,0.263494,0.0220201,0.00986254,0.0190143,0.496378,0.215939,0.354854,0.574374,1,1,32,115,1,0.636728,0.560545,0.28896,0.510924,1,1694.58,0.00346099,0.20695,0.894447,0.541958,0.05,300,300,300,300,300,300,66,115,300,49,59,67,34,38,46,1,9.42707,0.0314236,-0
dual_l1_c0,0,400,2,0.264941,0.137543,-0.148108,0.980325,1570.19,0.9358,5.23085,0.320764,0.13073,0.0373721,0.0101838,0.0212015,0.0691865,0.131361,0.339248,0.419716,0,2.44152e-08,0,77,1,0.288706,0.288844,0.547481,0.0491336,1,1536.13,0.00346099,0.20695,0.894447,0.541958,0.05,300,300,300,300,300,300,73,77,85,54,58,66,41,45,53,1,21.4376,0.0714588,4.27951e-07
dual_l1_c0,0,401,3,0.296728,0.000404882,-0.425452,0.981845,1302.36,4.82174,4.32512,0.681489,0.387426,0.0326049,0.0107145,0.0496851,0.58159,0.414183,0.387691,0.69421,1,1,16,284,1,0.60875,0.474504,0.410274,0.55388,1,1291.58,0.00346099,0.20695,0.894447,0.541958,0.05,300,300,300,300,300,300,264,284,300,47,51,87,37,41,49,1,7.97281,0.026576,-0
dual_l1_c0,0,402,1,0.216416,0.15754,-0.0150013,1.05799,1627.45,0.378813,5.42358,0.183468,0.0582546,0.0278312,0.0157853,0.0118008,0.191189,0.0682819,0.310411,0.285628,0,5.649e-17,8,69,1,0.230863,0.21293,0.320205,0.151741,1,1611.31,0.00346099,0.20695,0.894447,0.541958,0.05,300,300,300,300,300,300,54,69,77,48,52,73,33,42,50,1,12.8313,0.042771,2.11343e-15
dual_l1_c0,0,403,2,0.408868,0.0841343,-0.429833,1.03097,2297.79,2.62339,7.65055,0.490723,0.154496,0.0225799,0.0148428,0.0111585,0.621304,0.439503,0.242663,0.541675,1,1,5,300,0,0.490723,0.621304,0.242663,0.541675,1,2295.17,0.00346099,0.20695,0.894447,0.541958,0.05,300,300,300,300,300,300,87,300,300,51,55,79,41,45,53,1,14.0412,0.0468039,-0
dual_l1_c0,0,404,5,0.310358,0.135223,-0.168952,0.911554,2206.21,0.950924,7.35086,0.332591,0.0862238,0.0113257,0.0127933,0.0308958,0.111839,0.147646,0.313446,0.449114,1,1,1,60,1,0.418252,0.492591,0.272644,0.347672,1,2171.69,0.00346099,0.20695,0.894447,0.541958,0.05,300,300,300,300,300,300,56,60,81,53,57,65,47,51,59,1,14.8518,0.049506,-0
dual_l1_c0,0,405,3,0.321923,0.115944,0.388231,1.08213,1121.42,0.1528,3.73754,0.115548,0.0264857,0.0233113,0.0121271,0.0716936,0.240328,0.138588,0.494694,0.091697,1,1,1,300,0,0.115548,0.240328,0.494694,0.091697,1,1121.26,0.00346099,0.20695,0.894447,0.541958,0.05,300,300,300,300,300,300,95,300,300,59,63,71,30,51,59,1,22.405,0.0746834,5.89149e-11
dual_l1_c0,0,406,7,0.394616,0.022301,0.147291,0.993311,1702.94,0.869426,5.67357,0.285963,0.027747,0.0144634,0.0139902,0.0211047,0.10106,0.0354276,0.464236,0.117622,1,1,23,117,1,0.143235,0.137801,0.313144,0.0755319,1,1689.93,0.00346099,0.20695,0.894447,0.541958,0.05,300,300,300,300,300,300,72,117,125,56,60,68,37,41,49,1,20.196,0.0673201,-0
dual_l1_c0,0,407,5,0.365296,0.0857239,-0.378606,1.03194,1517.96,1.71924,5.05415,0.406133,0.321705,0.0272771,0.0114889,0.0247918,0.382824,0.255735,0.326249,0.727294,1,1,9,54,1,0.56299,0.43041,0.384597,0.605311,1,1434.94,0.00346099,0.20695,0.894447,0.541958,0.05,300,300,300,300,300,300,50,54,126,46,50,58,34,46,54,1,9.58062,0.0319354,2.40271e-38
dual_l1_c0,0,408,4,0.428481,0.0425136,0.171559,0.967983,1697.19,0.0399741,5.65716,0.0648098,0.00832663,0.021272,0.00754243,0.0402444,0.20811,0.0934593,0.427558,0.0382017,1,1,26,115,1,0.0952488,0.273196,0.3769,0.132299,1,1682.6,0.00346099,0.20695,0.894447,0.541958,0.05,300,300,300,300,300,300,111,115,300,41,82,90,39,43,51,1,12.0259,0.0400864,-0
dual_l1_c0,0,409,4,0.447702,0.111254,0.378374,1.03541,1061.57,0.588858,3.53661,0.257957,0.0331241,0.00871332,0.0150011,0.0388035,0.381242,0.13038,0.359261,0.165847,1,1,13,201,1,0.11424,0.0355891,0.409947,0.150642,1,1050.29,0.00346099,0.20695,0.894447,0.541958,0.05,300,300,300,300,300,300,107,201,300,42,46,91,36,40,48,1,6.03486,0.0201162,-0
dual_l1_c0,0,410,6,0.492714,0.0368814,0.364446,1.04698,2443.84,0.0987671,8.1458,0.108991,0.0100977,0.027842,0.0128833,0.00955447,0.433796,0.111886,0.781824,0.569534,1,1,20,159,1,0.155221,0.365272,0.639148,0.103102,1,2424.3,0.00346099,0.20695,0.894447,0.541958,0.05,300,300,300,300,300,300,94,159,193,82,91,99,55,66,86,1,18.3753,0.0612511,-0
dual_l1_c0,0,411,3,0.553426,0.15929,-0.0689763,1.00341,1692.29,0.426418,5.63954,0.217416,0.104605,0.0157909,0.00543344,0.0152454,0.14012,0.0953275,0.432321,0.354862,1,0.989882,16,125,1,0.403771,0.278377,0.752757,0.48762,1,1673.21,0.00346099,0.20695,0.894447,0.541958,0.05,300,300,300,300,300,300,121,125,300,58,62,70,40,49,57,1,31.4094,0.104698,0.0565435
dual_l1_c0,0,412,6,0.28927,0.106114,0.442084,0.983668,1800.01,0.0671794,5.99982,0.10483,0.0326914,0.00911712,0.00541059,0.0111334,0.406319,0.111963,0.280753,0.236019,1,1,15,300,0,0.10483,0.406319,0.280753,0.236019,1,1799.94,0.00346099,0.20695,0.894447,0.541958,0.05,300,300,300,300,300,300,91,300,300,48,74,94,33,37,59,1,15.807,0.0526899,-0
dual_l1_c0,0,413,1,0.32742,0.146603,0.427108,1.07896,1395.73,0.198571,4.65176,0.123923,0.0598801,0.0427226,0.0125363,0.0452066,0.29845,0.201174,0.433683,0.118535,0,2.38221e-44,2,300,0,0.123923,0.29845,0.433683,0.118535,0,1395.53,0.00346099,0.20695,0.894447,0.541958,0.05,300,300,300,300,300,300,97,300,300,96,100,126,38,76,106,1,42.156,0.14052,3.45059e-26
dual_l1_c0,0,414,0,0.395379,0.129531,-0.438522,1.06021,2432.91,3.28533,8.09873,0.573328,0.172454,0.0571245,0.015431,0.0245766,0.528325,0.11704,0.405579,0.553717,1,1,0,79,1,0.513138,0.410432,0.426383,0.5702,1,2366.72,0.00346099,0.20695,0.894447,0.541958,0.05,300,300,300,300,300,300,75,79,166,54,58,77,46,50,58,1,14.703,0.0490099,6.52376e-28
dual_l1_c0,0,415,2,0.35295,0.183632,-0.00594509,0.927575,1777.08,0.21963,5.92288,0.131812,0.061458,0.0438118,0.0111736,0.0570519,0.272759,0.164824,0.440164,0.257802,0,9.50091e-06,1,60,1,0.412522,0.369844,0.519888,0.168359,1,1756.52,0.00346099,0.20695,0.894447,0.541958,0.05,300,300,300,300,300,300,56,60,300,46,50,58,35,39,47,1,26.2898,0.0876328,0.000119406
dual_l1_c0,0,416,3,0.365941,0.0882431,0.080357,0.928292,1901.96,0.767224,6.3373,0.276394,0.04251,0.0196916,0.00576307,0.0269873,0.112365,0.222764,0.373377,0.245437,1,1,13,94,1,0.157678,0.218755,0.385366,0.137317,1,1887.53,0.00346099,0.20695,0.894447,0.541958,0.05,300,300,300,300,300,300,72,94,300,42,67,75,33,37,45,1,12.2283,0.0407611,2.13013e-30
dual_l1_c0,0,417,6,0.537745,0.012348,-0.273664,1.00206,2474.38,2.97007,8.23804,0.531634,0.272524,0.0100349,0.0113251,0.0158649,0.266029,0.403785,0.510599,0.534154,1,1,21,62,1,0.672906,0.644384,0.248594,0.41355,1,2356.11,0.00346099,0.20695,0.894447,0.541958,0.05,300,300,300,300,300,300,58,62,70,49,53,70,40,44,52,1,13.376,0.0445868,-0
dual_l1_c0,0,418,3,0.55676,0.0340366,0.067512,1.09034,2360.13,0.0850466,7.86682,0.0962854,0.0200255,0.0247242,0.0069185,0.0131684,0.522687,0.139357,0.48894,0.145808,1,1,0,99,1,0.0537149,0.149913,0.627863,0.170719,1,2345.73,0.00346099,0.20695,0.894447,0.541958,0.05,300,300,300,300,300,300,95,99,194,64,84,92,47,51,59,1,22.1019,0.073673,-0
dual_l1_c0,0,419,2,0.144543,0.0559639,0.139894,0.91052,1083.66,0.137759,3.61174,0.13252,0.0260436,0.0317054,0.0100418,0.0260659,0.278205,0.0824816,0.197341,0.105098,1,1,16,171,1,0.135016,0.151914,0.174407,0.11137,1,1076.4,0.00346099,0.20695,0.894447,0.541958,0.05,300,300,300,300,300,300,73,171,300,57,61,83,45,49,57,1,12.6992,0.0423306,2.13347e-21
dual_l1_c0,0,420,5,0.265549,0.105357,0.330775,0.960781,1415.84,0.162512,4.71892,0.155129,0.0847615,0.0204587,0.00280966,0.0240213,0.493632,0.116522,0.155162,0.0303595,1,1,7,300,0,0.155129,0.493632,0.155162,0.0303595,1,1415.68,0.00346099,0.20695,0.894447,0.541958,0.05,300,300,300,300,300,300,112,300,300,56,67,75,36,40,48,1,10.4685,0.0348949,-0
dual_l1_c0,0,421,0,0.428219,0.0696114,-0.405383,1.04565,1016.8,1.93698,3.38288,0.448924,0.335193,0.00955656,0.0111985,0.0224315,0.302406,0.137171,0.608285,0.533956,1,1,15,158,1,0.355856,0.467317,0.560763,0.65946,1,977.323,0.00346099,0.20695,0.894447,0.541958,0.05,300,300,300,300,300,300,154,158,251,45,49,57,33,37,45,1,12.3415,0.0411383,-0
dual_l1_c0,0,422,1,0.411124,0.0701053,-0.326067,0.929587,2401.83,1.91713,7.99972,0.448541,0.201079,0.0477509,0.0128234,0.0510544,0.527117,0.229716,0.483798,0.464681,1,1,0,68,1,0.463426,0.382211,0.45958,0.342372,1,2342.44,0.00346099,0.20695,0.894447,0.541958,0.05,300,300,300,300,300,300,64,68,300,55,59,67,39,49,57,1,1.36678,0.00455594,4.91237e-24
dual_l1_c0,0,423,6,0.457993,0.0638256,-0.424822,1.02017,2100.13,2.33824,6.99264,0.501404,0.219251,0.0193403,0.00255915,0.0283034,0.0888907,0.210848,0.39579,0.705323,1,1,24,61,1,0.419599,0.447086,0.341729,0.618567,1,2043.73,0.00346099,0.20695,0.894447,0.541958,0.05,300,300,300,300,300,300,57,61,270,49,59,67,36,46,54,1,9.5967,0.031989,-0
dual_l1_c0,0,424,5,0.34708,0.0224078,-0.375969,0.988983,1590.55,2.69552,5.29284,0.520962,0.273835,0.0225304,0.00979468,0.0314865,0.451266,0.396398,0.431019,0.580377,0,1.499e-34,0,57,1,0.572645,0.741338,0.463054,0.434492,0,1517.06,0.00346099,0.20695,0.894447,0.541958,0.05,300,300,300,300,300,300,53,57,65,45,49,57,28,43,51,1,9.29804,0.0309935,1.16747e-32
dual_l1_c0,0,425,1,0.324701,0.0942949,-0.218148,1.06411,2023.52,2.97858,6.73514,0.555939,0.0712541,0.0432779,0.00989325,0.0250882,0.298056,0.168069,0.337197,0.44062,0,1.97582e-28,26,118,1,0.243415,0.158767,0.183923,0.545311,0,1994.86,0.00346099,0.20695,0.894447,0.541958,0.05,300,300,300,300,300,300,95,118,300,50,59,67,33,49,57,1,51.7364,0.172455,0.00298944
dual_l1_c0,0,426,5,0.440634,0.0271729,0.390888,1.06034,1179.75,0.402992,3.93117,0.218279,0.0932097,0.0176421,0.00679336,0.0189173,0.530956,0.229059,0.703335,0.304804,1,1,13,286,1,0.327177,0.42222,0.497162,0.146614,1,1176.5,0.00346099,0.20695,0.894447,0.541958,0.05,300,300,300,300,300,300,282,286,300,49,69,77,32,48,56,1,6.97911,0.0232637,-0
dual_l1_c0,0,427,0,0.517961,0.0897886,0.329381,1.05817,2300.84,0.0746099,7.66923,0.087898,0.016772,0.0311804,0.00298867,0.0224714,0.230721,0.116856,0.66505,0.395923,1,1,20,228,1,0.186105,0.302607,0.5799,0.210027,1,2295.06,0.00346099,0.20695,0.894447,0.541958,0.05,300,300,300,300,300,300,90,228,236,64,68,76,45,57,65,1,21.3463,0.0711545,-0
dual_l1_c0,0,428,4,0.322814,0.101083,-0.24798,1.03373,1294.15,1.51252,4.30881,0.393273,0.17196,0.0196309,0.0133296,0.021383,0.271107,0.184581,0.217876,0.418516,1,1,20,90,1,0.479871,0.330014,0.377383,0.430328,1,1267.48,0.00346099,0.20695,0.894447,0.541958,0.05,300,300,300,300,300,300,86,90,168,50,54,62,36,46,54,1,10.9703,0.0365676,-0
dual_l1_c0,0,429,6,0.215683,0.167167,-0.0866183,1.00295,1259.61,0.0556755,4.19853,0.0902289,0.0479554,0.0119223,0.00755468,0.0217548,0.148837,0.102534,0.382669,0.27052,1,1,0,65,1,0.225448,0.158191,0.366623,0.305013,1,1239.08,0.00346099,0.20695,0.894447,0.541958,0.05,300,300,300,300,300,300,55,65,94,54,58,66,35,39,65,1,10.3532,0.0345105,-0
dual_l1_c0,0,430,2,0.334756,0.131251,0.498293,0.963076,2225.32,0.398553,7.41641,0.19623,0.0398403,0.0270537,0.00647991,0.0326788,0.68228,0.0729107,0.151502,0.396974,1,1,16,300,0,0.19623,0.68228,0.151502,0.396974,1,2224.92,0.00346099,0.20695,0.894447,0.541958,0.05,300,300,300,300,300,300,300,300,300,46,50,90,41,45,53,1,2.04156,0.00680519,-0
dual_l1_c0,0,431,6,0.500557,0.0927651,-0.218089,1.08217,1097.76,1.02655,3.65579,0.316424,0.198091,0.0129297,0.0181824,0.0285526,0.477293,0.176466,0.430162,0.390466,1,1,2,55,1,0.500236,0.339493,0.527676,0.394323,1,1064.22,0.00346099,0.20695,0.894447,0.541958,0.05,300,300,300,300,300,300,51,55,99,46,50,58,33,45,53,1,13.6319,0.0454395,-0
dual_l1_c0,0,432,0,0.461135,0.057457,0.165038,1.0056,1571.76,0.704914,5.23686,0.267762,0.0181768,0.0216939,0.0010774,0.030492,0.286087,0.134467,0.845792,0.152668,1,1,21,80,1,0.320675,0.0854538,0.44346,0.124531,1,1551.39,0.00346099,0.20695,0.894447,0.541958,0.05,300,300,300,300,300,300,76,80,300,67,71,79,53,57,65,1,18.1069,0.0603564,-0
dual_l1_c0,0,433,0,0.541763,0.195732,-0.434967,0.984955,1827.81,5.953,6.07286,0.781531,0.114435,0.0170182,0.0122642,0.0417866,0.406871,0.267642,0.608934,0.691365,1,1,1,62,1,0.719367,0.628623,0.675759,0.689299,1,1741.03,0.00346099,0.20695,0.894447,0.541958,0.05,300,300,300,300,300,300,50,62,171,48,52,60,39,43,51,1,11.9817,0.0399389,3.93298e-18
dual_l1_c0,0,434,5,0.548349,0.0717992,0.311115,1.09587,1798.7,0.369509,5.99443,0.199261,0.0321671,0.0162125,0.00765155,0.0145794,0.244192,0.277785,0.479009,0.143207,1,1,0,251,1,0.184976,0.339994,0.478088,0.0456601,1,1792.48,0.00346099,0.20695,0.894447,0.541958,0.05,300,300,300,300,300,300,108,251,300,87,108,116,45,49,57,1,7.00925,0.0233642,-0
dual_l1_c0,0,435,5,0.299991,0.0789739,-0.137008,0.990671,1301.7,3.24076,4.32821,0.579589,0.0727769,0.0186145,0.0189692,0.029795,0.640522,0.161467,0.27612,0.0914407,1,1,35,68,1,0.45746,0.405358,0.34352,0.287115,1,1266.68,0.00346099,0.20695,0.894447,0.541958,0.05,300,300,300,300,300,300,64,68,85,58,62,70,33,42,50,1,13.6672,0.0455573,-0
dual_l1_c0,0,436,7,0.432851,0.128038,-0.498842,0.957659,1975.31,3.30041,6.57336,0.578755,0.452165,0.0148858,0.0161995,0.0615164,0.588784,0.0678923,0.505048,0.722511,1,1,25,78,1,0.875816,0.728777,0.433099,0.554333,1,1880.36,0.00346099,0.20695,0.894447,0.541958,0.05,300,300,300,300,300,300,74,78,86,62,66,74,47,51,73,1,8.71537,0.0290512,-0
dual_l1_c0,0,437,1,0.250843,0.191707,-0.0399078,0.969299,1648.25,0.393839,5.49286,0.209523,0.0162313,0.041958,0.013051,0.0155453,0.248246,0.185869,0.469566,0.271008,1,1,5,110,1,0.291995,0.138039,0.342649,0.206446,1,1634.78,0.00346099,0.20695,0.894447,0.541958,0.05,300,300,300,300,300,300,96,110,170,49,53,81,36,40,48,1,7.69801,0.02566,1.05925e-18
dual_l1_c0,0,438,0,0.61681,0.0569022,0.198443,0.960827,1486.79,0.134709,4.95553,0.127316,0.0111073,0.0398818,0.00870852,0.0369592,0.231041,0.0723125,0.551413,0.0448394,1,1,19,122,1,0.140994,0.257405,0.643474,0.0665639,1,1472.45,0.00346099,0.20695,0.894447,0.541958,0.05,300,300,300,300,300,300,112,122,269,66,70,101,40,44,68,1,5.75778,0.0191926,-0
dual_l1_c0,0,439,5,0.350672,0.137132,-0.163497,0.930247,1821.95,1.53809,6.06803,0.393256,0.154205,0.0271522,0.027777,0.0364354,0.250519,0.129362,0.317765,0.358678,1,1,0,64,1,0.18973,0.1732,0.497329,0.341479,1,1786.98,0.00346099,0.20695,0.894447,0.541958,0.05,300,300,300,300,300,300,60,64,298,47,51,59,34,48,56,1,8.4529,0.0281763,-0
dual_l1_c0,0,440,5,0.191467,0.137158,0.240443,0.978949,995.75,0.154588,3.31865,0.141369,0.0192718,0.0232347,0.00902428,0.0221241,0.356158,0.0531572,0.369343,0.123352,1,1,17,145,1,0.112106,0.184557,0.263877,0.0535289,1,981.403,0.00346099,0.20695,0.894447,0.541958,0.05,300,300,300,300,300,300,96,145,153,49,85,105,41,45,53,1,8.99019,0.0299673,-0
dual_l1_c0,0,441,6,0.431981,0.0406939,-0.106476,0.943809,1145.66,0.371678,3.81763,0.202999,0.135907,0.0249951,0.0176813,0.0539663,0.32413,0.225589,0.565439,0.224765,1,1,2,126,1,0.793527,0.46152,0.543098,0.184473,1,1095.53,0.00346099,0.20695,0.894447,0.541958,0.05,300,300,300,300,300,300,50,126,253,47,51,123,38,42,50,1,10.4197,0.0347323,-0
dual_l1_c0,0,442,2,0.348076,0.147054,0.0525206,0.90791,1065.65,0.234763,3.55137,0.142519,0.00276505,0.0204641,0.0176547,0.0330886,0.36013,0.213858,0.357129,0.244058,0,6.67438e-42,-1,86,1,0.17391,0.261537,0.295416,0.199528,0,1049.56,0.00346099,0.20695,0.894447,0.541958,0.05,300,300,300,300,300,300,66,86,256,48,52,60,36,40,48,1,2.44538,0.00815127,7.24059e-40
dual_l1_c0,0,443,7,0.347576,0.0808054,-0.44612,0.978828,1318.78,2.94934,4.3861,0.52354,0.404573,0.0145352,0.0124785,0.0551804,0.387403,0.246683,0.251717,0.69146,1,1,0,87,1,0.474779,0.505694,0.230047,0.57785,1,1226.02,0.00346099,0.20695,0.894447,0.541958,0.05,300,300,300,300,300,300,70,87,95,47,51,59,46,50,58,1,3.56602,0.0118867,-0
dual_l1_c0,0,444,7,0.40249,0.190098,0.488615,0.951032,1555.02,0.625916,5.1813,0.276303,0.0296558,0.0186103,0.0057297,0.034414,0.400361,0.078388,0.501217,0.281583,1,1,6,122,1,0.203511,0.158283,0.339814,0.285545,1,1519.52,0.00346099,0.20695,0.894447,0.541958,0.05,300,300,300,300,300,300,118,122,300,57,61,69,44,48,56,1,13.965,0.0465501,-0
dual_l1_c0,0,445,2,0.438036,0.178741,-0.0318912,1.04289,1129.53,0.0839609,3.76483,0.0745182,0.0646691,0.0465589,0.0192698,0.0127674,0.23992,0.214307,0.315796,0.184097,1,1,8,61,1,0.310677,0.243331,0.253759,0.0907547,1,1110.35,0.00346099,0.20695,0.894447,0.541958,0.05,300,300,300,300,300,300,57,61,300,51,55,63,40,44,52,1,3.83648,0.0127883,-0
dual_l1_c0,0,446,1,0.377625,0.173819,0.101203,0.978009,1024.96,0.465482,3.41498,0.218062,0.0221027,0.0209713,0.0158213,0.0351142,0.24447,0.144968,0.29451,0.139315,0,1.87661e-29,1,189,1,0.236247,0.345275,0.32179,0.0775691,0,1016.78,0.00346099,0.20695,0.894447,0.541958,0.05,300,300,300,300,300,300,63,189,226,45,49,75,41,45,53,1,15.8028,0.052676,4.06551e-08
dual_l1_c0,0,447,3,0.324621,0.194452,0.0432259,1.03188,1117.71,0.947374,3.72254,0.277104,0.0507167,0.0256851,0.00451035,0.0320546,0.361705,0.319921,0.422253,0.163385,1,1,20,110,1,0.224457,0.142777,0.221064,0.149965,1,1105.16,0.00346099,0.20695,0.894447,0.541958,0.05,300,300,300,300,300,300,83,110,207,49,53,82,33,37,56,1,11.8092,0.0393641,-0
dual_l1_c0,0,448,1,0.358427,0.182054,0.419181,0.925247,1231.56,0.370527,4.10395,0.162465,0.01667,0.0312412,0.00860695,0.0183313,0.325686,0.156786,0.357032,0.558169,1,1,0,300,0,0.162465,0.325686,0.357032,0.558169,1,1231.19,0.00346099,0.20695,0.894447,0.541958,0.05,300,300,300,300,300,300,243,300,300,46,74,82,32,44,52,1,2.41299,0.00804329,4.43179e-11
dual_l1_c0,0,449,1,0.429024,0.0666413,0.0655501,0.983961,1265.29,0.123537,4.21723,0.118894,0.0214091,0.0328535,0.017821,0.0385852,0.156026,0.116439,0.50429,0.241236,0,2.62741e-18,0,66,1,0.399548,0.41685,0.52907,0.0424851,1,1248.18,0.00346099,0.20695,0.894447,0.541958,0.05,300,300,300,300,300,300,62,66,168,40,62,70,24,37,45,1,41.2557,0.137519,0.214937
dual_l1_c0,0,450,3,0.555368,0.106034,-0.455238,1.00663,2211.94,4.60856,7.35777,0.706674,0.249755,0.026474,0.0109987,0.0379877,0.420782,0.139232,0.53066,0.818112,1,1,18,61,1,0.427517,0.479336,0.516478,0.789525,1,2088.01,0.00346099,0.20695,0.894447,0.541958,0.05,300,300,300,300,300,300,57,61,182,47,51,59,36,40,48,1,6.4583,0.0215277,-0
dual_l1_c0,0,451,2,0.411304,0.103607,-0.46853,0.999782,2114.08,4.64542,7.03145,0.687766,0.284307,0.0252849,0.0163036,0.0262535,0.362262,0.170599,0.332162,0.693644,1,1,6,102,1,0.616096,0.434111,0.314067,0.840887,1,2021.43,0.00346099,0.20695,0.894447,0.541958,0.05,300,300,300,300,300,300,92,102,300,52,80,88,46,50,58,1,15.2859,0.0509531,4.96767e-21
dual_l1_c0,0,452,4,0.258893,0.1599,0.119028,1.02562,1668.81,0.23551,5.56193,0.163896,0.0356713,0.0377144,0.00980968,0.0335083,0.246117,0.202423,0.304949,0.108043,1,1,27,114,1,0.134619,0.241445,0.279852,0.0369002,1,1652.6,0.00346099,0.20695,0.894447,0.541958,0.05,300,300,300,300,300,300,83,114,300,47,63,71,37,41,49,1,9.34966,0.0311655,-0
dual_l1_c0,0,453,4,0.42652,0.0399436,-0.157306,0.982348,1215.98,0.660723,4.05105,0.250602,0.15211,0.00654992,0.0102727,0.0324875,0.46793,0.128971,0.453558,0.325247,1,1,20,137,1,0.262677,0.165214,0.422857,0.355448,1,1190.93,0.00346099,0.20695,0.894447,0.541958,0.05,300,300,300,300,300,300,69,137,300,47,60,68,30,34,42,1,8.52075,0.0284025,-0
dual_l1_c0,0,454,6,0.278418,0.133468,-0.47287,1.05719,1548.48,2.13312,5.15448,0.486943,0.30695,0.0146826,0.00704937,0.0259832,0.321969,0.0932069,0.317469,0.602012,1,1,4,183,1,0.523864,0.43797,0.208199,0.647784,1,1516.62,0.00346099,0.20695,0.894447,0.541958,0.05,300,300,300,300,300,300,68,183,300,49,53,61,33,49,57,1,9.82444,0.0327481,-0
dual_l1_c0,0,455,3,0.50963,0.0562642,-0.398456,1.00898,1243.79,3.10323,4.13562,0.563396,0.396871,0.0270514,0.00350726,0.0121968,0.575091,0.252707,0.518811,0.75355,0,0,0,223,1,0.419806,0.59299,0.470849,0.665589,0,1212.07,0.00346099,0.20695,0.894447,0.541958,0.05,300,300,300,300,300,300,219,223,300,47,58,66,40,44,52,1,18.0646,0.0602154,-0
dual_l1_c0,0,456,7,0.413833,0.166409,0.204756,0.964832,1000.55,0.0826124,3.33489,0.0859644,0.0154127,0.026072,0.0124082,0.0385469,0.314667,0.0999239,0.402418,0.180586,1,1,1,83,1,0.150274,0.187038,0.462309,0.0238148,1,983.466,0.00346099,0.20695,0.894447,0.541958,0.05,300,300,300,300,300,300,79,83,300,50,60,68,27,31,39,1,9.25737,0.0308579,-0
dual_l1_c0,0,457,2,0.461115,0.0485716,0.428233,1.0941,1587.56,0.250874,5.29103,0.158612,0.0288291,0.0306565,0.0277159,0.0366077,0.381733,0.1402,0.364936,0.45022,1,1,18,231,1,0.0440965,0.355438,0.456553,0.26195,1,1576.98,0.00346099,0.20695,0.894447,0.541958,0.05,300,300,300,300,300,300,111,231,300,88,92,100,39,43,51,1,7.68027,0.0256009,2.34009e-23
dual_l1_c0,0,458,1,0.242729,0.0563502,-0.30704,1.06957,2499.77,1.81609,8.32652,0.411838,0.220319,0.0197276,0.00987823,0.0333346,0.204758,0.218519,0.160795,0.556869,0,1.74512e-33,25,225,1,0.657589,0.476495,0.287936,0.621894,0,2473.09,0.00346099,0.20695,0.894447,0.541958,0.05,300,300,300,300,300,300,79,225,300,57,69,77,49,53,61,1,17.5894,0.0586314,1.31632e-31
dual_l1_c0,0,459,3,0.297844,0.0694949,0.249078,1.09423,1784.2,0.135706,5.94686,0.0947936,0.0309063,0.0261589,0.007695,0.0320372,0.18167,0.0291142,0.444482,0.0926324,1,0.999902,13,105,1,0.181414,0.281022,0.363242,0.0855303,1,1764.37,0.00346099,0.20695,0.894447,0.541958,0.05,300,300,300,300,300,300,85,105,300,50,82,90,35,39,61,1,12.7014,0.0423381,0.00100104
dual_l1_c0,0,460,5,0.407471,0.0341546,0.424305,1.0081,1997.44,1.0396,6.65468,0.281433,0.0508509,0.0350932,0.00826811,0.023326,0.239168,0.272608,0.457335,0.397671,1,1,0,300,0,0.281433,0.239168,0.457335,0.397671,1,1996.4,0.00346099,0.20695,0.894447,0.541958,0.05,300,300,300,300,300,300,300,300,300,56,60,105,42,46,64,1,10.1563,0.0338543,3.13039e-23
dual_l1_c0,0,461,3,0.440203,0.125276,0.26757,0.986294,1020.49,0.086133,3.40134,0.0592395,0.0436476,0.0251784,0.0118438,0.0397932,0.401396,0.177148,0.666708,0.161361,1,1,0,88,1,0.10681,0.395623,0.320143,0.0634263,1,996.904,0.00346099,0.20695,0.894447,0.541958,0.05,300,300,300,300,300,300,78,88,300,69,78,86,24,34,42,1,10.9336,0.0364452,1.22805e-17
dual_l1_c0,0,462,5,0.50675,0.139035,-0.368051,0.996747,1261.09,1.6338,4.1982,0.385207,0.160737,0.0214531,0.0270695,0.0174455,0.332732,0.209199,0.564011,0.559142,1,1,15,101,1,0.366888,0.312414,0.271637,0.457524,1,1207.65,0.00346099,0.20695,0.894447,0.541958,0.05,300,300,300,300,300,300,84,101,109,34,38,56,30,34,42,1,11.0425,0.0368082,-0
dual_l1_c0,0,463,3,0.397051,0.112208,0.12146,1.07073,1357.64,0.133243,4.52502,0.11172,0.0155231,0.0159645,0.00713275,0.0266877,0.150551,0.203122,0.115913,0.112331,1,1,1,175,1,0.0727552,0.206896,0.314254,0.136979,1,1349.93,0.00346099,0.20695,0.894447,0.541958,0.05,300,300,300,300,300,300,115,175,183,56,60,68,43,47,55,1,10.8823,0.0362743,-0
dual_l1_c0,0,464,4,0.402662,0.126588,-0.0139401,1.02584,1496.21,0.150836,4.98687,0.123021,0.0237149,0.00359361,0.0106338,0.0258631,0.21862,0.0687329,0.408591,0.175894,1,1,23,253,1,0.322591,0.215312,0.448895,0.163268,1,1493.08,0.00346099,0.20695,0.894447,0.541958,0.05,300,300,300,300,300,300,59,253,300,50,54,62,24,40,48,1,9.86982,0.0328994,-0
dual_l1_c0,0,465,5,0.377278,0.126066,0.0644071,1.04962,1564.55,0.0490696,5.21501,0.0815338,0.0162406,0.0366792,0.0104643,0.0271661,0.164669,0.168359,0.243261,0.145409,1,1,0,97,1,0.159257,0.374578,0.346069,0.102553,1,1554.32,0.00346099,0.20695,0.894447,0.541958,0.05,300,300,300,300,300,300,71,97,291,54,63,71,37,41,49,1,14.9245,0.0497484,-0
dual_l1_c0,0,466,2,0.238247,0.121432,-0.115405,1.06517,1528.47,0.874744,5.09198,0.297373,0.0531294,0.0200291,0.0108022,0.0272173,0.141328,0.312521,0.214984,0.354315,1,0.999947,0,146,1,0.211716,0.389046,0.411096,0.233238,1,1512.95,0.00346099,0.20695,0.894447,0.541958,0.05,300,300,300,300,300,300,81,146,154,51,55,63,32,52,60,1,17.8236,0.0594122,0.000574018
dual_l1_c0,0,467,4,0.5356,0.112623,-0.155183,0.985595,968.712,1.85556,3.22285,0.426063,0.0691504,0.0337037,0.0107728,0.0189616,0.163665,0.196466,0.436295,0.267068,1,1,10,152,1,0.315475,0.317337,0.524864,0.425128,1,945.387,0.00346099,0.20695,0.894447,0.541958,0.05,300,300,300,300,300,300,71,152,272,43,47,55,30,46,54,1,13.7096,0.0456988,-0
dual_l1_c0,0,468,0,0.472828,0.156543,0.448941,1.06975,1252.84,0.686713,4.17383,0.264076,0.0459079,0.0256313,0.00918268,0.0364456,0.434103,0.121531,0.232297,0.203679,1,1,0,300,0,0.264076,0.434103,0.232297,0.203679,1,1252.15,0.00346099,0.20695,0.894447,0.541958,0.05,300,300,300,300,300,300,137,300,300,73,77,85,44,48,56,1,3.52083,0.0117361,-0
dual_l1_c0,0,469,2,0.39573,0.13393,-0.248748,1.0463,2334.67,1.89974,7.77591,0.428602,0.177059,0.0218582,0.00883323,0.0451323,0.333973,0.11133,0.478962,0.430409,1,1,0,78,1,0.479947,0.411827,0.296744,0.422924,1,2292.65,0.00346099,0.20695,0.894447,0.541958,0.05,300,300,300,300,300,300,74,78,300,67,71,79,45,49,57,1,23.709,0.0790301,8.19751e-28
dual_l1_c0,0,470,3,0.479956,0.125036,0.373833,0.996836,1417.43,0.186928,4.72416,0.132618,0.0487072,0.0141989,0.0219655,0.0285481,0.36455,0.176472,0.417393,0.149003,0,5.59129e-31,-1,300,0,0.132618,0.36455,0.417393,0.149003,0,1417.25,0.00346099,0.20695,0.894447,0.541958,0.05,300,300,300,300,300,300,70,300,300,53,57,65,35,39,47,1,9.43949,0.031465,3.89483e-29
dual_l1_c0,0,471,5,0.418159,0.156058,-0.346005,1.00608,2157.96,0.856074,7.19035,0.295388,0.295388,0.0423668,0.017389,0.043021,0.266052,0.248311,0.571582,0.525082,1,1,0,66,1,0.674888,0.739743,0.221534,0.386472,1,2075.5,0.00346099,0.20695,0.894447,0.541958,0.05,300,300,300,300,300,300,54,66,90,50,54,74,34,38,57,1,12.9835,0.0432783,1.20513e-11
dual_l1_c0,0,472,1,0.372703,0.0950726,-0.337771,0.944728,1641.04,1.89342,5.46383,0.428363,0.168758,0.0309456,0.0142973,0.0294096,0.269636,0.0848709,0.367802,0.475727,0,0,0,53,1,0.457467,0.513047,0.465148,0.265412,0,1568.68,0.00346099,0.20695,0.894447,0.541958,0.05,300,300,300,300,300,300,49,53,81,47,51,59,33,37,45,1,5.53594,0.0184531,4.90834e-15
dual_l1_c0,0,473,4,0.459696,0.0339353,0.0706676,0.938284,1134.14,2.22915,3.77305,0.433186,0.0794251,0.0276602,0.0146918,0.0111498,0.722701,0.402224,0.357272,0.373395,1,1,10,300,0,0.433186,0.722701,0.357272,0.373395,1,1131.91,0.00346099,0.20695,0.894447,0.541958,0.05,300,300,300,300,300,300,193,300,300,48,58,66,36,40,48,1,20.1335,0.0671116,-0
dual_l1_c0,0,474,4,0.636273,0.190522,-0.167285,0.916199,1468.25,1.29132,4.88986,0.343401,0.0711615,0.017444,0.0053338,0.0429155,0.494648,0.0860096,0.862647,0.294793,1,1,21,64,1,0.331089,0.202767,0.672233,0.450013,1,1432.43,0.00346099,0.20695,0.894447,0.541958,0.05,300,300,300,300,300,300,55,64,300,47,51,59,36,48,56,1,12.6121,0.0420402,-0
dual_l1_c0,0,475,2,0.403726,0.149377,-0.187488,1.0218,1740.76,1.42116,5.79779,0.375325,0.178466,0.0278843,0.0112829,0.0538136,0.345985,0.268854,0.683415,0.161509,1,1,0,71,1,0.315246,0.347033,0.407883,0.45539,1,1708.74,0.00346099,0.20695,0.894447,0.541958,0.05,300,300,300,300,300,300,67,71,106,55,66,74,48,52,60,1,11.0595,0.0368651,8.74854e-17
dual_l1_c0,0,476,4,0.418129,0.148865,-0.199024,1.01199,1999.38,0.436472,6.66315,0.229928,0.078881,0.0251575,0.00558114,0.0348436,0.0794885,0.218757,0.538063,0.445079,1,1,33,98,1,0.283743,0.248065,0.574626,0.466254,1,1972.72,0.00346099,0.20695,0.894447,0.541958,0.05,300,300,300,300,300,300,63,98,106,51,55,63,40,44,52,1,9.47071,0.031569,-0
dual_l1_c0,0,477,7,0.44296,0.0383635,-0.440097,0.924868,1263.94,6.86743,4.19024,0.826704,0.611111,0.011653,0.011252,0.0314477,0.639064,0.124884,0.482219,0.624628,1,1,21,209,1,0.761543,0.545811,0.202257,0.703505,1,1182.9,0.00346099,0.20695,0.894447,0.541958,0.05,300,300,300,300,300,300,77,209,231,35,39,47,29,39,47,1,4.71447,0.0157149,-0
dual_l1_c0,0,478,7,0.55141,0.0817994,-0.460467,1.01919,1387.06,3.65632,4.61136,0.597103,0.414176,0.0320212,0.012026,0.0228691,0.55981,0.241586,0.424135,0.719213,1,1,0,94,1,0.682683,0.689309,0.440587,0.445899,1,1299.07,0.00346099,0.20695,0.894447,0.541958,0.05,300,300,300,300,300,300,63,94,213,44,48,56,31,40,48,1,12.6391,0.0421303,-0
dual_l1_c0,0,479,6,0.228984,0.0614707,0.394412,1.08288,1768.8,0.536787,5.89422,0.268983,0.0162579,0.0179741,0.0141836,0.00976649,0.302126,0.0543774,0.14265,0.132872,1,1,16,300,0,0.268983,0.302126,0.14265,0.132872,1,1768.27,0.00346099,0.20695,0.894447,0.541958,0.05,300,300,300,300,300,300,300,300,300,87,91,99,39,53,84,1,17.9551,0.0598505,-0
dual_l1_c0,0,480,6,0.383564,0.0255862,0.306609,1.0571,1515.1,1.58046,5.04507,0.403607,0.0360913,0.0218112,0.00711148,0.0299287,0.689745,0.218561,0.283728,0.0520945,1,1,19,118,1,0.0947702,0.430034,0.331468,0.0950428,1,1486.94,0.00346099,0.20695,0.894447,0.541958,0.05,300,300,300,300,300,300,73,118,300,61,65,73,43,47,55,1,10.6895,0.0356315,-0
dual_l1_c0,0,481,2,0.334553,0.0514017,0.494442,1.01978,1275.38,0.260933,4.2504,0.105028,0.0252603,0.0351673,0.00100789,0.0342845,0.604594,0.168799,0.402533,0.0696255,1,1,0,300,0,0.105028,0.604594,0.402533,0.0696255,1,1275.12,0.00346099,0.20695,0.894447,0.541958,0.05,300,300,300,300,300,300,300,300,300,46,61,79,30,46,54,1,5.46898,0.0182299,3.41881e-36
dual_l1_c0,0,482,3,0.397983,0.134297,0.160942,1.06182,1091.23,0.236746,3.63665,0.167681,0.035809,0.0190667,0.0126802,0.02255,0.260374,0.19281,0.453774,0.0672593,1,1,9,189,1,0.0547553,0.228414,0.470956,0.27645,1,1083.77,0.00346099,0.20695,0.894447,0.541958,0.05,300,300,300,300,300,300,74,189,300,62,66,74,39,43,68,1,7.52031,0.0250677,-0
dual_l1_c0,0,483,2,0.429478,0.0474413,0.35541,0.927325,1949.02,0.342921,6.49559,0.155302,0.0189212,0.0283815,0.00989655,0.0196504,0.331289,0.18658,0.466766,0.175311,1,1,17,227,1,0.122264,0.251134,0.591406,0.265817,1,1940.98,0.00346099,0.20695,0.894447,0.541958,0.05,300,300,300,300,300,300,223,227,300,50,66,85,45,49,57,1,18.0394,0.0601314,1.89331e-25
dual_l1_c0,0,484,5,0.453357,0.0652423,0.109339,0.918084,1585.83,0.0253659,5.28601,0.0542096,0.0286818,0.0208897,0.00824974,0.034667,0.253395,0.0373278,0.542523,0.136423,1,1,23,132,1,0.508352,0.241379,0.451627,0.13685,1,1569.91,0.00346099,0.20695,0.894447,0.541958,0.05,300,300,300,300,300,300,128,132,300,78,123,131,43,54,83,1,9.24471,0.0308157,-0
dual_l1_c0,0,485,2,0.441863,0.0197531,-0.469756,0.945099,1562.2,4.16164,5.19345,0.648305,0.331577,0.0195093,0.0242647,0.0289646,0.569762,0.140066,0.475645,0.575801,1,1,1,137,1,0.864211,0.765535,0.431379,0.636027,1,1491.4,0.00346099,0.20695,0.894447,0.541958,0.05,300,300,300,300,300,300,133,137,145,46,50,132,31,44,52,1,1.36965,0.00456551,-0
dual_l1_c0,0,486,6,0.550695,0.0263101,-0.0564724,1.00854,1724.73,1.56705,5.74387,0.381943,0.0728892,0.0189633,0.00882731,0.0153625,0.465857,0.278986,0.64676,0.262748,1,1,13,189,1,0.225562,0.0707164,0.575542,0.316017,1,1709.51,0.00346099,0.20695,0.894447,0.541958,0.05,300,300,300,300,300,300,104,189,300,53,57,65,39,43,51,1,16.5953,0.0553177,-0
dual_l1_c0,0,487,7,0.408471,0.0416259,0.39141,0.914249,924.149,0.293338,3.07952,0.167324,0.0244164,0.0129125,0.00461732,0.0129928,0.426909,0.159903,0.38628,0.257059,1,1,1,257,1,0.235369,0.619871,0.402042,0.162722,1,916.127,0.00346099,0.20695,0.894447,0.541958,0.05,300,300,300,300,300,300,90,257,300,45,49,82,22,32,40,1,5.90197,0.0196732,-0
dual_l1_c0,0,488,2,0.347024,0.137106,-0.145214,1.07053,810.254,1.53779,2.69572,0.389226,0.120477,0.0243785,0.00937975,0.0212389,0.243232,0.165548,0.510393,0.424786,0,2.3742e-24,17,136,1,0.383267,0.234393,0.341786,0.299282,1,790.185,0.00346099,0.20695,0.894447,0.541958,0.05,300,300,300,300,300,300,48,136,144,40,44,66,22,35,43,1,20.9072,0.0696906,3.38604e-16
dual_l1_c0,0,489,3,0.497726,0.182094,-0.416592,0.934776,1393.84,4.36154,4.63159,0.654602,0.339729,0.0297492,0.0070469,0.0171855,0.474749,0.075391,0.547181,0.628469,1,1,0,101,1,0.608739,0.551207,0.520534,0.604329,1,1325.35,0.00346099,0.20695,0.894447,0.541958,0.05,300,300,300,300,300,300,68,101,300,46,50,68,31,47,55,1,12.2852,0.0409507,-0
dual_l1_c0,0,490,0,0.393144,0.105983,-0.175849,1.00952,2052.36,1.73822,6.83541,0.398396,0.191444,0.040082,0.0154124,0.0633597,0.446221,0.278843,0.456826,0.33951,1,1,24,77,1,0.290231,0.227017,0.537657,0.398987,1,2024.02,0.00346099,0.20695,0.894447,0.541958,0.05,300,300,300,300,300,300,73,77,255,52,56,64,38,42,59,1,4.85878,0.0161959,-0
dual_l1_c0,0,491,4,0.21771,0.0237546,0.478379,1.03329,1055.78,0.321614,3.51819,0.173927,0.0333917,0.026472,0.000950201,0.0374242,0.228106,0.156559,0.108011,0.362342,1,1,21,300,0,0.173927,0.228106,0.108011,0.362342,1,1055.46,0.00346099,0.20695,0.894447,0.541958,0.05,300,300,300,300,300,300,300,300,300,50,70,78,28,39,47,1,10.3446,0.0344819,-0
dual_l1_c0,0,492,6,0.522602,0.0743117,-0.229644,1.09626,3092.45,0.417763,10.3068,0.206351,0.157602,0.0177337,0.0162882,0.04276,0.259718,0.122729,0.530411,0.422693,1,1,23,90,1,0.397588,0.363158,0.527427,0.589637,1,3057.19,0.00346099,0.20695,0.894447,0.541958,0.05,300,300,300,300,300,300,86,90,300,73,77,85,45,66,74,1,17.3812,0.0579372,-0
dual_l1_c0,0,493,5,0.316607,0.166552,-0.416726,1.05198,1402.47,1.95087,4.66839,0.452392,0.321878,0.0280425,0.00700466,0.0471896,0.477189,0.116652,0.465836,0.564275,1,1,8,83,1,0.472124,0.457654,0.207911,0.34874,1,1332.18,0.00346099,0.20695,0.894447,0.541958,0.05,300,300,300,300,300,300,71,83,91,45,59,67,40,44,52,1,8.4128,0.0280427,1.60882e-33
dual_l1_c0,0,494,0,0.409982,0.110744,0.493543,1.05676,1231.46,1.29211,4.10057,0.345685,0.0539849,0.0368393,0.0179356,0.0449769,0.509142,0.228317,0.527397,0.398477,1,1,15,300,0,0.345685,0.509142,0.527397,0.398477,1,1230.17,0.00346099,0.20695,0.894447,0.541958,0.05,300,300,300,300,300,300,90,300,300,39,79,87,33,37,61,1,8.7415,0.0291383,-0
dual_l1_c0,0,495,1,0.445478,0.095374,-0.379102,0.967988,2215.84,2.38105,7.37818,0.483944,0.332377,0.036513,0.0141804,0.01911,0.48114,0.274479,0.456752,0.639999,0,2.23265e-32,22,77,1,0.500133,0.402384,0.68738,0.34283,1,2139.38,0.00346099,0.20695,0.894447,0.541958,0.05,300,300,300,300,300,300,65,77,151,52,56,64,38,42,50,1,24.9033,0.083011,5.41946e-07
dual_l1_c0,0,496,5,0.492409,0.113593,0.0556823,0.960757,1554.55,0.292902,5.18086,0.177708,0.025656,0.0179129,0.0101233,0.0116798,0.116215,0.176981,0.47274,0.226875,1,1,0,107,1,0.366872,0.0889833,0.60706,0.0754076,1,1542.04,0.00346099,0.20695,0.894447,0.541958,0.05,300,300,300,300,300,300,85,107,300,45,49,70,42,46,54,1,16.6525,0.0555082,-0
dual_l1_c0,0,497,0,0.106906,0.167564,-0.187333,1.08959,1206.09,1.22191,4.01623,0.342641,0.0671623,0.0164993,0.00850807,0.0440662,0.380634,0.0705277,0.265354,0.292254,1,1,15,118,1,0.356925,0.221628,0.315533,0.383835,1,1186.23,0.00346099,0.20695,0.894447,0.541958,0.05,300,300,300,300,300,300,75,118,126,54,58,66,36,40,48,1,5.93845,0.0197948,-0
dual_l1_c0,0,498,3,0.301389,0.15996,0.455465,0.910531,903.857,0.329408,3.01176,0.185081,0.0256838,0.0125227,0.0126024,0.010007,0.314596,0.10297,0.252932,0.0861051,1,1,0,300,0,0.185081,0.314596,0.252932,0.0861051,1,903.527,0.00346099,0.20695,0.894447,0.541958,0.05,300,300,300,300,300,300,132,300,300,48,52,74,37,41,49,1,4.64861,0.0154954,-0
dual_l1_c0,0,499,7,0.123917,0.0254545,-0.447705,1.09872,1892.59,2.95982,6.29877,0.53921,0.380757,0.0398767,0.0211355,0.0422404,0.491812,0.0984456,0.121105,0.625817,1,1,20,220,1,0.608822,0.493145,0.18789,0.576466,1,1866.67,0.00346099,0.20695,0.894447,0.541958,0.05,300,300,300,300,300,300,168,220,228,58,62,70,38,42,50,1,9.23182,0.0307727,-0
dual_l1_c0,0,500,6,0.354641,0.154867,-0.16169,1.08565,1333.26,0.321013,4.44312,0.188519,0.0727904,0.00210107,0.0138262,0.020465,0.258173,0.195261,0.453954,0.295038,1,1,8,82,1,0.26823,0.481764,0.270956,0.35984,1,1311.71,0.00346099,0.20695,0.894447,0.541958,0.05,300,300,300,300,300,300,68,82,103,34,38,68,33,37,45,1,13.6949,0.0456497,-0
dual_l1_c0,0,501,7,0.490786,0.00707998,0.146975,1.05369,1428.95,1.77218,4.75725,0.422697,0.0390566,0.016313,0.0145125,0.0242711,0.172186,0.166114,0.391045,0.129587,1,1,18,300,0,0.422697,0.172186,0.391045,0.129587,1,1427.17,0.00346099,0.20695,0.894447,0.541958,0.05,300,300,300,300,300,300,165,300,300,106,142,150,34,38,64,1,11.3501,0.0378335,-0
dual_l1_c0,0,502,7,0.221018,0.0126241,-0.205462,1.02656,1575.11,5.50259,5.23204,0.743961,0.3685,0.0243806,0.0170634,0.0270055,0.277655,0.348261,0.208698,0.552793,1,1,0,84,1,0.417487,0.239029,0.338357,0.411381,1,1483.78,0.00346099,0.20695,0.894447,0.541958,0.05,300,300,300,300,300,300,80,84,253,47,51,59,41,45,53,1,21.8703,0.0729011,-0
dual_l1_c0,0,503,0,0.234979,0.138729,-0.19659,1.09421,1083.87,0.315326,3.61184,0.187711,0.0960943,0.029686,0.0142888,0.0277193,0.350961,0.174171,0.307999,0.413104,1,1,17,146,1,0.274508,0.339472,0.340825,0.387674,1,1066.77,0.00346099,0.20695,0.894447,0.541958,0.05,300,300,300,300,300,300,132,146,154,49,53,84,33,46,54,1,7.7753,0.0259177,-0
dual_l1_c0,0,504,3,0.317703,0.0283871,0.322861,1.09019,1660.89,0.15882,5.53578,0.136262,0.0289422,0.0418958,0.00784388,0.0365359,0.422176,0.119311,0.340994,0.0976981,1,1,14,284,1,0.141322,0.113006,0.383873,0.272616,1,1658.55,0.00346099,0.20695,0.894447,0.541958,0.05,300,300,300,300,300,300,195,284,300,82,86,94,36,40,48,1,14.2523,0.0475077,-0
dual_l1_c0,0,505,2,0.237733,0.076863,-0.201512,0.967268,2062.65,1.61462,6.87011,0.387448,0.14186,0.0352292,0.00600876,0.0159355,0.378594,0.129674,0.194889,0.402734,1,1,0,67,1,0.435426,0.508122,0.3817,0.356082,1,2027,0.00346099,0.20695,0.894447,0.541958,0.05,300,300,300,300,300,300,63,67,300,54,58,66,36,40,48,1,8.54791,0.028493,1.46382e-14
dual_l1_c0,0,506,0,0.37796,0.0339066,-0.370647,1.08134,1613.08,5.20333,5.35959,0.72278,0.48319,0.0256041,0.0172746,0.0255413,0.432441,0.332776,0.505189,0.643996,1,1,17,174,1,0.808388,0.566276,0.530746,0.381978,1,1539.54,0.00346099,0.20695,0.894447,0.541958,0.05,300,300,300,300,300,300,61,174,300,49,53,61,39,43,51,1,9.4436,0.0314787,-0
dual_l1_c0,0,507,0,0.230741,0.098255,-0.31439,0.961045,1095.78,1.63457,3.64715,0.409697,0.337165,0.0328468,0.00260448,0.0177182,0.40235,0.261156,0.391685,0.55025,1,1,16,106,1,0.556208,0.468411,0.485657,0.585641,1,1050.64,0.00346099,0.20695,0.894447,0.541958,0.05,300,300,300,300,300,300,97,106,114,47,51,59,31,35,43,1,13.1743,0.0439145,2.13743e-20
dual_l1_c0,0,508,4,0.429814,0.175416,-0.10102,1.07504,972.125,0.153682,3.2399,0.128551,0.0430425,0.00790888,0.0105972,0.0257017,0.160364,0.00637702,0.50946,0.331618,1,1,16,61,1,0.3183,0.434348,0.401088,0.180872,1,955.098,0.00346099,0.20695,0.894447,0.541958,0.05,300,300,300,300,300,300,57,61,228,44,48,56,42,46,54,1,5.27519,0.017584,-0
dual_l1_c0,0,509,2,0.341952,0.0895129,-0.447715,0.939048,1848.31,8.20984,6.13365,0.889245,0.206853,0.0229752,0.0104194,0.035237,0.679604,0.374022,0.193623,0.342967,1,1,1,132,1,0.564637,0.735852,0.247204,0.648058,1,1728.38,0.00346099,0.20695,0.894447,0.541958,0.05,300,300,300,300,300,300,67,132,300,41,45,53,33,37,45,1,12.8577,0.0428592,-0
dual_l1_c0,0,510,5,0.483487,0.165769,0.215658,1.02699,1557.92,0.191478,5.19241,0.128238,0.0180747,0.0274577,0.0149272,0.0426964,0.15946,0.223159,0.643052,0.130126,1,1,10,89,1,0.175332,0.284894,0.730032,0.177552,1,1535.61,0.00346099,0.20695,0.894447,0.541958,0.05,300,300,300,300,300,300,85,89,300,50,62,70,45,49,57,1,20.5209,0.0684029,-0
dual_l1_c0,0,511,1,0.362468,0.0619768,-0.0999804,0.9851,1710.91,1.14896,5.69922,0.355867,0.0326663,0.0242069,0.00988319,0.0366605,0.265457,0.0463247,0.393262,0.451926,0,4.39343e-32,0,66,1,0.0736949,0.213902,0.330101,0.184275,0,1671.23,0.00346099,0.20695,0.894447,0.541958,0.05,300,300,300,300,300,300,62,66,157,52,56,64,40,44,52,1,3.78062,0.0126021,3.17217e-30
dual_l1_c0,0,512,1,0.206235,0.122275,-0.18272,1.06936,1475.96,1.05922,4.91634,0.312707,0.0838746,0.0290723,0.0100828,0.0330827,0.464311,0.0826021,0.303339,0.321432,1,1,0,78,1,0.425259,0.473549,0.429649,0.221392,1,1445.08,0.00346099,0.20695,0.894447,0.541958,0.05,300,300,300,300,300,300,58,78,86,50,54,62,43,47,55,1,3.67591,0.012253,2.39341e-11
dual_l1_c0,0,513,7,0.525916,0.0972803,0.0676863,0.92288,1075.63,0.0306377,3.58534,0.0562224,0.0178207,0.0324601,0.0124078,0.0387004,0.277524,0.152992,0.513668,0.126871,1,1,22,131,1,0.154948,0.222818,0.499284,0.207746,1,1062.78,0.00346099,0.20695,0.894447,0.541958,0.05,300,300,300,300,300,300,94,131,226,61,70,78,44,48,67,1,12.9317,0.0431056,-0
dual_l1_c0,0,514,5,0.439274,0.102123,0.379662,1.02341,2248.62,0.096292,7.49507,0.0941402,0.0120217,0.00958034,0.00628225,0.0146311,0.40163,0.17449,0.689912,0.102825,1,1,15,169,1,0.307804,0.19279,0.817444,0.403316,1,2233.53,0.00346099,0.20695,0.894447,0.541958,0.05,300,300,300,300,300,300,129,169,300,56,66,74,42,51,59,1,14.4387,0.0481289,-0
dual_l1_c0,0,515,3,0.546055,0.181601,0.00537848,0.976786,1226.49,0.716605,4.0859,0.269267,0.00972786,0.0256183,0.0187374,0.0338257,0.139954,0.228199,0.635697,0.190519,1,1,2,144,1,0.0216344,0.264805,0.627166,0.261325,1,1216.71,0.00346099,0.20695,0.894447,0.541958,0.05,300,300,300,300,300,300,106,144,247,47,64,72,44,48,56,1,11.0455,0.0368183,-0
dual_l1_c0,0,516,5,0.16536,0.0137682,0.202375,1.03127,1796.74,0.209108,5.98845,0.131138,0.0223136,0.0359525,0.0203581,0.0324432,0.240508,0.044368,0.14016,0.0394038,1,1,0,157,1,0.10933,0.311934,0.452062,0.468601,1,1782.59,0.00346099,0.20695,0.894447,0.541958,0.05,300,300,300,300,300,300,87,157,300,57,61,88,42,46,54,1,22.069,0.0735632,-0
dual_l1_c0,0,517,2,0.214078,0.172089,-0.100361,0.929303,944.467,1.68742,3.1426,0.382721,0.0391412,0.0410203,0.008211,0.0163211,0.443406,0.236991,0.413983,0.234722,1,1,6,102,1,0.326726,0.295753,0.32145,0.237763,1,928.685,0.00346099,0.20695,0.894447,0.541958,0.05,300,300,300,300,300,300,98,102,126,41,45,53,23,44,52,1,3.54551,0.0118184,7.02461e-14
dual_l1_c0,0,518,5,0.396247,0.011541,-0.315174,1.07786,1347.12,6.08255,4.47013,0.784159,0.274145,0.0353506,0.00811301,0.0112147,0.392283,0.451135,0.196159,0.513804,1,1,15,87,1,0.521448,0.391817,0.2348,0.515825,1,1262.7,0.00346099,0.20695,0.894447,0.541958,0.05,300,300,300,300,300,300,52,87,300,48,52,60,30,34,42,1,14.0395,0.0467984,2.25791e-14
dual_l1_c0,0,519,2,0.388844,0.191078,0.137457,1.07355,1078.16,0.783815,3.59125,0.268648,0.035363,0.0469543,0.0102565,0.0444781,0.0663149,0.1173,0.540101,0.0978449,0,1.34246e-09,0,168,1,0.075444,0.212111,0.478442,0.0703014,1,1067.76,0.00346099,0.20695,0.894447,0.541958,0.05,300,300,300,300,300,300,96,168,176,54,58,66,31,35,43,1,17.9894,0.0599647,2.74247e-08
dual_l1_c0,0,520,5,0.361866,0.160955,0.351019,1.07772,1138.32,0.31033,3.79336,0.198502,0.00874418,0.0174477,0.00933335,0.0491999,0.291499,0.039463,0.553588,0.186413,1,1,0,143,1,0.0897001,0.29341,0.483571,0.109212,1,1115.96,0.00346099,0.20695,0.894447,0.541958,0.05,300,300,300,300,300,300,91,143,300,51,55,63,38,42,50,1,1.96421,0.00654737,-0
dual_l1_c0,0,521,6,0.40757,0.00834267,-0.374793,0.999151,2507.89,5.26562,8.34209,0.709574,0.540264,0.0187818,0.0128644,0.0153003,0.579665,0.250899,0.381281,0.514088,1,1,36,300,0,0.709574,0.579665,0.381281,0.514088,1,2502.63,0.00346099,0.20695,0.894447,0.541958,0.05,300,300,300,300,300,300,299,300,300,60,77,152,51,55,63,1,20.9424,0.0698081,-0
dual_l1_c0,0,522,7,0.247911,0.0991394,0.255766,0.915289,1090.24,0.0123448,3.6341,0.04751,0.0370861,0.0152657,0.0132557,0.04748,0.540814,0.139196,0.409033,0.0889974,1,1,0,187,1,0.188389,0.421847,0.126322,0.152775,1,1079.77,0.00346099,0.20695,0.894447,0.541958,0.05,300,300,300,300,300,300,113,187,300,44,48,56,31,46,54,1,7.56858,0.0252286,-0
dual_l1_c0,0,523,0,0.276105,0.0343476,0.167504,0.976414,1566.5,0.0168508,5.22161,0.0464989,0.0122367,0.0272169,0.013549,0.0515024,0.191802,0.159244,0.479793,0.0660701,1,1,20,66,1,0.191761,0.158092,0.353023,0.0916638,1,1544.37,0.00346099,0.20695,0.894447,0.541958,0.05,300,300,300,300,300,300,62,66,300,54,58,66,36,40,48,1,11.2719,0.037573,-0
dual_l1_c0,0,524,3,0.38269,0.00242224,0.313705,1.09382,1341.08,0.382167,4.46899,0.190257,0.0288466,0.0349362,0.0135412,0.00870434,0.106366,0.265425,0.462777,0.361798,1,1,0,300,0,0.190257,0.106366,0.462777,0.361798,1,1340.7,0.00346099,0.20695,0.894447,0.541958,0.05,300,300,300,300,300,300,135,300,300,58,62,70,45,49,57,1,17.4023,0.0580078,2.72645e-21
dual_l1_c0,0,525,7,0.5411,0.161489,-0.239372,1.08264,2340.03,1.22417,7.79603,0.36399,0.186533,0.0166101,0.0128355,0.0301688,0.1264,0.148661,0.578401,0.451176,1,1,19,78,1,0.452093,0.140888,0.474669,0.535672,1,2297.51,0.00346099,0.20695,0.894447,0.541958,0.05,300,300,300,300,300,300,69,78,300,53,57,65,40,44,52,1,9.40019,0.031334,-0
dual_l1_c0,0,526,5,0.26801,0.0454513,-0.118376,1.01934,1745.65,0.572026,5.81693,0.263514,0.0603526,0.0171865,0.00699601,0.0293958,0.306602,0.182646,0.361779,0.35075,1,1,1,109,1,0.502286,0.179199,0.292926,0.243666,1,1724.95,0.00346099,0.20695,0.894447,0.541958,0.05,300,300,300,300,300,300,60,109,300,53,57,65,45,49,57,1,19.6552,0.0655175,-0
dual_l1_c0,0,527,6,0.494283,0.0458,-0.404744,1.02507,1014.45,6.19756,3.36084,0.790493,0.450627,0.0209803,0.0129944,0.019209,0.476036,0.296502,0.236512,0.447677,1,1,20,140,1,0.803082,0.719106,0.515018,0.591999,1,918.008,0.00346099,0.20695,0.894447,0.541958,0.05,300,300,300,300,300,300,120,140,300,40,44,52,32,36,44,1,10.5359,0.0351196,-0
dual_l1_c0,0,528,4,0.33221,0.11251,-0.130537,0.9337,2273.77,0.746544,7.57676,0.294696,0.119171,0.0335645,0.00524636,0.0253636,0.153036,0.135756,0.501678,0.20106,1,1,28,87,1,0.135861,0.521671,0.481212,0.105073,1,2245.5,0.00346099,0.20695,0.894447,0.541958,0.05,300,300,300,300,300,300,77,87,143,47,51,82,37,41,49,1,5.00953,0.0166984,-0
dual_l1_c0,0,529,2,0.281445,0.0930793,0.15771,1.05666,1055.26,0.0530308,3.51736,0.0617622,0.012914,0.0223531,0.00758248,0.0317421,0.190464,0.156461,0.151451,0.189243,1,1,0,200,1,0.21549,0.305561,0.190562,0.0339108,1,1049.04,0.00346099,0.20695,0.894447,0.541958,0.05,300,300,300,300,300,300,76,200,300,67,71,79,34,38,56,1,1.39022,0.00463407,-0
dual_l1_c0,0,530,6,0.476137,0.131683,0.311727,0.970679,1211,0.334283,4.03554,0.164409,0.0555478,0.0277616,0.00838314,0.0271963,0.277134,0.172143,0.520649,0.0739274,1,1,0,289,1,0.135673,0.351482,0.523627,0.138246,1,1210.06,0.00346099,0.20695,0.894447,0.541958,0.05,300,300,300,300,300,300,126,289,300,46,50,73,36,40,48,1,13.7068,0.0456893,-0
dual_l1_c0,0,531,7,0.431919,0.126395,0.423946,0.988971,2402.8,0.570207,8.00744,0.264353,0.0213997,0.0199003,0.00975697,0.0116314,0.426348,0.115307,0.290022,0.34233,1,1,30,108,1,0.161573,0.486557,0.371434,0.152739,1,2370.74,0.00346099,0.20695,0.894447,0.541958,0.05,300,300,300,300,300,300,95,108,300,69,90,98,44,48,56,1,11.7522,0.0391739,-0
dual_l1_c0,0,532,4,0.312136,0.138812,-0.281556,0.955776,1283.68,3.84637,4.2661,0.603145,0.244999,0.014546,0.00793061,0.0256133,0.442051,0.298676,0.423066,0.44848,1,1,28,82,1,0.633291,0.478712,0.417498,0.461931,1,1226.44,0.00346099,0.20695,0.894447,0.541958,0.05,300,300,300,300,300,300,78,82,107,48,71,79,44,48,56,1,6.56756,0.0218919,-0
dual_l1_c0,0,533,6,0.162419,0.000310373,-0.100106,1.03456,982.141,5.8394,3.25434,0.772111,0.17402,0.031299,0.0117149,0.0396301,0.31894,0.352025,0.234563,0.169704,1,1,4,101,1,0.299633,0.39476,0.252653,0.259864,1,901.271,0.00346099,0.20695,0.894447,0.541958,0.05,300,300,300,300,300,300,73,101,197,38,50,58,22,26,34,1,11.3189,0.0377296,-0
dual_l1_c0,0,534,7,0.155162,0.171975,0.303833,1.0108,2212.85,0.386404,7.37487,0.201994,0.0603822,0.0067664,0.00850431,0.0149279,0.486065,0.106447,0.138444,0.0783894,1,1,20,240,1,0.278339,0.428737,0.173447,0.0615893,1,2204.34,0.00346099,0.20695,0.894447,0.541958,0.05,300,300,300,300,300,300,94,240,300,53,57,104,44,48,56,1,10.1122,0.0337074,-0
dual_l1_c0,0,535,7,0.355718,0.0149557,0.110457,0.981602,2152.13,0.577008,7.17183,0.230611,0.0915886,0.0285906,0.0117785,0.0253206,0.457118,0.274639,0.461598,0.1855,1,1,14,300,0,0.230611,0.457118,0.461598,0.1855,1,2151.55,0.00346099,0.20695,0.894447,0.541958,0.05,300,300,300,300,300,300,237,300,300,69,73,81,52,56,74,1,18.7454,0.0624847,-0
dual_l1_c0,0,536,3,0.452551,0.129251,-0.113793,1.02323,1994.26,0.123244,6.64712,0.105699,0.0830003,0.0181633,0.007993,0.030748,0.242654,0.118838,0.399114,0.275826,1,1,12,93,1,0.217636,0.213314,0.397317,0.305019,1,1967.52,0.00346099,0.20695,0.894447,0.541958,0.05,300,300,300,300,300,300,59,93,198,48,52,60,43,47,55,1,16.2221,0.0540736,1.65619e-41
dual_l1_c0,0,537,1,0.439787,0.0775326,0.358241,1.04028,1338.92,0.26622,4.46219,0.190453,0.0310523,0.0200003,0.0113641,0.0296426,0.788769,0.188705,0.402905,0.146717,1,0.999472,0,300,0,0.190453,0.788769,0.402905,0.146717,1,1338.66,0.00346099,0.20695,0.894447,0.541958,0.05,300,300,300,300,300,300,244,300,300,77,92,100,46,69,77,1,3.62381,0.0120794,0.00451334
dual_l1_c0,0,538,0,0.336362,0.0506603,0.0546293,1.06786,1250.98,0.209033,4.16925,0.141483,0.0143875,0.0087593,0.0132853,0.0264131,0.245171,0.0825552,0.458419,0.118981,1,1,18,83,1,0.129582,0.105898,0.621381,0.104923,1,1239.36,0.00346099,0.20695,0.894447,0.541958,0.05,300,300,300,300,300,300,69,83,91,54,58,66,37,41,49,1,16.7462,0.0558208,-0
dual_l1_c0,0,539,5,0.456022,0.101226,-0.023486,0.947259,1274.63,0.639992,4.24665,0.244381,0.0452573,0.0141901,0.018176,0.0200756,0.30499,0.178133,0.529429,0.146151,1,1,24,68,1,0.29468,0.248498,0.31977,0.251044,1,1251.04,0.00346099,0.20695,0.894447,0.541958,0.05,300,300,300,300,300,300,64,68,76,50,59,67,48,52,60,1,7.34229,0.0244743,3.17573e-31
dual_l1_c0,0,540,6,0.155772,0.0183277,-0.149749,1.08567,1089.55,6.65059,3.60965,0.819007,0.504514,0.0307623,0.0142466,0.0259064,0.364901,0.316189,0.241398,0.123742,1,1,0,300,0,0.819007,0.364901,0.241398,0.123742,1,1082.9,0.00346099,0.20695,0.894447,0.541958,0.05,300,300,300,300,300,300,300,300,300,63,79,117,33,37,45,1,3.68612,0.0122871,-0
dual_l1_c0,0,541,1,0.464428,0.0689845,0.493637,0.994662,2362.54,0.740317,7.87266,0.249325,0.0302063,0.0243758,0.00764726,0.0271631,0.395696,0.193743,0.365322,0.153112,0,1.78714e-09,14,300,0,0.249325,0.395696,0.365322,0.153112,0,2361.8,0.00346099,0.20695,0.894447,0.541958,0.05,300,300,300,300,300,300,90,300,300,58,74,82,54,58,66,1,18.896,0.0629868,3.59978e-08
dual_l1_c0,0,542,1,0.394241,0.0865596,0.395892,1.06467,925.919,0.982426,3.08312,0.297657,0.0583244,0.0201221,0.00851896,0.0366483,0.281964,0.243082,0.407442,0.126303,0,6.80569e-29,0,300,0,0.297657,0.281964,0.407442,0.126303,0,924.937,0.00346099,0.20695,0.894447,0.541958,0.05,300,300,300,300,300,300,92,300,300,47,51,59,36,40,48,1,5.91568,0.0197189,4.42517e-27
dual_l1_c0,0,543,2,0.326135,0.138203,-0.33348,1.05759,1766.84,2.10909,5.88244,0.460336,0.303868,0.0119168,0.0134403,0.024356,0.498599,0.134014,0.475107,0.500608,1,1,112,84,1,0.509013,0.546459,0.479066,0.439302,0,1710.4,0.00346099,0.20695,0.894447,0.541958,0.05,300,300,300,300,300,300,74,84,300,46,50,58,34,38,46,1,21.7626,0.072542,3.26753e-12
dual_l1_c0,0,544,7,0.407737,0.159141,-0.0485957,1.00339,2068.94,0.87768,6.89354,0.275056,0.0596757,0.00910694,0.01081,0.0269814,0.298728,0.159506,0.501198,0.294762,1,1,0,62,1,0.366325,0.399524,0.490988,0.295755,1,2051.32,0.00346099,0.20695,0.894447,0.541958,0.05,300,300,300,300,300,300,58,62,270,56,60,68,48,52,60,1,7.09541,0.0236514,-0
dual_l1_c0,0,545,1,0.264767,0.182894,0.123994,0.949697,1895.49,0.114068,6.31793,0.115396,0.0556495,0.0271098,0.00777012,0.0453037,0.0707038,0.191662,0.406384,0.123364,0,2.36043e-16,3,201,1,0.290547,0.105453,0.372153,0.0618024,0,1885.25,0.00346099,0.20695,0.894447,0.541958,0.05,300,300,300,300,300,300,83,201,300,75,79,87,37,41,49,1,26.5928,0.0886427,1.23279e-14
dual_l1_c0,0,546,2,0.30384,0.112339,0.455919,0.905273,1292.34,0.292308,4.30683,0.159644,0.025056,0.01381,0.0105889,0.0297523,0.217459,0.0549732,0.230229,0.372494,0,0,1,300,0,0.159644,0.217459,0.230229,0.372494,0,1292.05,0.00346099,0.20695,0.894447,0.541958,0.05,300,300,300,300,300,300,72,300,300,47,72,96,38,50,58,1,14.1774,0.0472581,-0
dual_l1_c0,0,547,7,0.407594,0.152265,-0.414407,1.07077,1142.64,2.12991,3.8017,0.457397,0.273282,0.0301521,0.0130445,0.0191097,0.422389,0.215694,0.383616,0.614164,1,1,2,107,1,0.480868,0.563384,0.346348,0.583017,1,1095.23,0.00346099,0.20695,0.894447,0.541958,0.05,300,300,300,300,300,300,82,107,115,48,57,65,42,46,54,1,7.47345,0.0249115,-0
dual_l1_c0,0,548,1,0.374846,0.178827,0.260196,0.984123,1172.35,0.0946937,3.9075,0.0944448,0.0516333,0.017976,0.0139834,0.0518837,0.0643678,0.11616,0.44482,0.148981,1,0.727873,0,98,1,0.122686,0.145048,0.320039,0.0780307,1,1157.16,0.00346099,0.20695,0.894447,0.541958,0.05,300,300,300,300,300,300,94,98,106,59,63,96,32,36,44,1,17.6155,0.0587185,0.585363
dual_l1_c0,0,549,5,0.194071,0.194465,0.0647888,0.980159,1705.89,0.035564,5.68618,0.0481521,0.0408619,0.0217975,0.0104072,0.00916719,0.220883,0.101863,0.242047,0.181759,1,1,0,81,1,0.268672,0.125569,0.279243,0.152607,1,1691.93,0.00346099,0.20695,0.894447,0.541958,0.05,300,300,300,300,300,300,68,81,113,48,52,60,36,40,59,1,15.4061,0.0513535,-0
dual_l1_c0,0,550,6,0.422369,0.0479483,0.279703,0.90135,1271.5,0.177027,4.23776,0.146043,0.0419937,0.0196407,0.0137151,0.014624,0.329098,0.207655,0.59002,0.103968,1,1,15,158,1,0.277635,0.393422,0.484857,0.195457,1,1252.27,0.00346099,0.20695,0.894447,0.541958,0.05,300,300,300,300,300,300,84,158,300,60,64,90,34,54,62,1,5.86325,0.0195442,-0
dual_l1_c0,0,551,1,0.217025,0.0604166,0.120186,0.988938,1520.05,0.786467,5.06423,0.283893,0.0329914,0.0436797,0.0174802,0.0378862,0.175208,0.141658,0.334763,0.110412,0,1.64843e-32,14,60,1,0.090922,0.284535,0.312589,0.0502276,1,1496.66,0.00346099,0.20695,0.894447,0.541958,0.05,300,300,300,300,300,300,56,60,300,51,55,63,31,51,59,1,18.3653,0.0612175,3.04561e-30
dual_l1_c0,0,552,6,0.437239,0.0337717,0.25382,1.05633,1143.31,0.0253663,3.81096,0.0743827,0.0176887,0.0424867,0.0183158,0.0444558,0.396441,0.136773,0.404053,0.0528088,1,1,9,131,1,0.209981,0.302592,0.393317,0.192148,1,1129.59,0.00346099,0.20695,0.894447,0.541958,0.05,300,300,300,300,300,300,127,131,300,57,70,104,41,45,53,1,12.0553,0.0401844,-0
dual_l1_c0,0,553,7,0.424367,0.0213927,0.13377,1.00578,958.976,0.0715154,3.19635,0.0479769,0.0318361,0.023098,0.0104858,0.0263265,0.191248,0.214973,0.629927,0.225393,1,1,5,300,0,0.0479769,0.191248,0.629927,0.225393,1,958.905,0.00346099,0.20695,0.894447,0.541958,0.05,300,300,300,300,300,300,300,300,300,45,49,70,28,32,40,1,6.85531,0.022851,-0
dual_l1_c0,0,554,4,0.410676,0.0842211,0.0774307,1.04081,2382.55,0.257976,7.94098,0.148564,0.01076,0.0260957,0.010008,0.0391079,0.0743357,0.148444,0.638044,0.168968,1,1,41,133,1,0.0454322,0.390565,0.484859,0.181028,1,2372.34,0.00346099,0.20695,0.894447,0.541958,0.05,300,300,300,300,300,300,89,133,300,70,74,113,48,52,60,1,17.1941,0.0573138,-0
dual_l1_c0,0,555,7,0.286576,0.0468149,0.213709,1.02671,1728.11,0.62485,5.75829,0.253794,0.0378065,0.0178016,0.0203305,0.0273656,0.331423,0.144788,0.422682,0.139336,1,1,15,109,1,0.270364,0.124117,0.231985,0.0253336,1,1709.56,0.00346099,0.20695,0.894447,0.541958,0.05,300,300,300,300,300,300,68,109,300,62,66,74,45,49,57,1,14.8288,0.0494294,-0
dual_l1_c0,0,556,1,0.369078,0.0350605,0.110628,0.918215,2372.65,1.2773,7.90458,0.369501,0.107209,0.0172534,0.0112905,0.0234391,0.450537,0.231953,0.423204,0.117358,0,3.6264e-35,23,262,1,0.451839,0.306501,0.428564,0.149781,0,2363.39,0.00346099,0.20695,0.894447,0.541958,0.05,300,300,300,300,300,300,96,262,270,58,62,70,41,60,68,1,23.1079,0.0770264,0.536337
dual_l1_c0,0,557,1,0.378094,0.00442121,0.329353,0.933644,2191.63,0.624335,7.30335,0.239727,0.011018,0.0190076,0.0218848,0.00657114,0.203275,0.269732,0.256221,0.156662,1,1,2,230,1,0.0817848,0.194179,0.556432,0.396829,1,2183.18,0.00346099,0.20695,0.894447,0.541958,0.05,300,300,300,300,300,300,84,230,238,66,70,78,41,45,53,1,8.73141,0.0291047,1.4847e-30
dual_l1_c0,0,558,3,0.410521,0.138694,-0.182417,1.06944,1094.53,0.45742,3.64692,0.230745,0.0809376,0.0472116,0.0211599,0.0446017,0.10506,0.0585061,0.432376,0.359283,1,1,5,110,1,0.424005,0.247584,0.4235,0.38268,1,1075.71,0.00346099,0.20695,0.894447,0.541958,0.05,300,300,300,300,300,300,68,110,142,46,50,58,32,36,44,1,6.49784,0.0216595,-0
dual_l1_c0,0,559,1,0.314533,0.0389441,-0.430149,0.941288,1976.59,6.9565,6.56543,0.84596,0.40785,0.0339945,0.0180874,0.017617,0.697986,0.213545,0.209866,0.583913,1,1,0,64,1,0.662115,0.677568,0.162062,0.568162,1,1857.58,0.00346099,0.20695,0.894447,0.541958,0.05,300,300,300,300,300,300,60,64,300,48,52,60,34,38,59,1,2.34368,0.00781227,2.38062e-21
dual_l1_c0,0,560,0,0.259637,0.138081,-0.424386,0.968619,2108.64,3.47382,7.01721,0.600581,0.358421,0.0237563,0.0129331,0.0407307,0.469495,0.102628,0.269596,0.608234,1,1,2,71,1,0.664834,0.868874,0.382973,0.506056,1,2002.27,0.00346099,0.20695,0.894447,0.541958,0.05,300,300,300,300,300,300,62,71,190,50,64,72,42,46,54,1,11.9516,0.0398385,-0
dual_l1_c0,0,561,5,0.350119,0.0888826,-0.27119,0.975719,1773.83,3.02494,5.90267,0.541269,0.134361,0.0267268,0.0082218,0.0466966,0.501773,0.306204,0.401946,0.415783,1,0.977431,8,65,1,0.524455,0.624853,0.324461,0.496281,0,1714.39,0.00346099,0.20695,0.894447,0.541958,0.05,300,300,300,300,300,300,61,65,73,47,59,67,32,36,44,1,27.5711,0.0919036,0.107874
dual_l1_c0,0,562,3,0.312738,0.198659,-0.0755731,0.937555,1924.91,0.564344,6.41447,0.224981,0.0740216,0.0242168,0.00855304,0.0177468,0.339174,0.153438,0.347463,0.416081,1,1,18,73,1,0.253887,0.190164,0.272187,0.332222,1,1904.58,0.00346099,0.20695,0.894447,0.541958,0.05,300,300,300,300,300,300,53,73,300,51,55,63,33,37,45,1,7.68922,0.0256307,2.40889e-23
dual_l1_c0,0,563,6,0.499061,0.110476,-0.28834,0.90892,1262.84,2.45171,4.20131,0.497299,0.281716,0.00269693,0.00886346,0.010319,0.43771,0.186582,0.606183,0.516803,1,1,5,134,1,0.401006,0.281769,0.333808,0.543521,1,1207.92,0.00346099,0.20695,0.894447,0.541958,0.05,300,300,300,300,300,300,118,134,300,48,52,120,34,47,55,1,10.0252,0.0334175,-0
dual_l1_c0,0,564,1,0.325202,0.0988712,0.172639,0.96695,1024.04,0.27704,3.41255,0.184719,0.0179129,0.0285361,0.00842563,0.0148858,0.254769,0.0820658,0.342186,0.0286051,0,4.60029e-31,2,84,1,0.393474,0.311649,0.552156,0.149679,0,1006.37,0.00346099,0.20695,0.894447,0.541958,0.05,300,300,300,300,300,300,80,84,300,48,70,78,33,37,45,1,34.7895,0.115965,0.00185312
dual_l1_c0,0,565,3,0.483641,0.09639,-0.0790354,1.07355,2001.48,0.772452,6.66903,0.23783,0.0841315,0.0366425,0.0122278,0.0294305,0.510125,0.397659,0.402806,0.452111,1,1,5,235,1,0.371062,0.185512,0.61797,0.168236,1,1991.43,0.00346099,0.20695,0.894447,0.541958,0.05,300,300,300,300,300,300,115,235,300,66,70,115,45,63,71,1,20.0885,0.0669616,-0
dual_l1_c0,0,566,6,0.364406,0.134291,-0.34477,1.03565,2177.37,3.42058,7.24651,0.586872,0.310261,0.0385801,0.014179,0.0379723,0.521017,0.216202,0.378194,0.574166,1,1,20,82,1,0.48128,0.45544,0.395956,0.528126,1,2126.55,0.00346099,0.20695,0.894447,0.541958,0.05,300,300,300,300,300,300,59,82,90,51,61,69,47,51,59,1,12.2281,0.0407602,-0
dual_l1_c0,0,567,5,0.395735,0.072148,0.425581,1.01075,1221.15,0.429462,4.06908,0.172388,0.0286552,0.0289484,0.00562503,0.02887,0.451918,0.152594,0.352249,0.0523317,1,1,0,155,1,0.255293,0.340475,0.344492,0.299517,1,1199.28,0.00346099,0.20695,0.894447,0.541958,0.05,300,300,300,300,300,300,151,155,300,47,51,59,39,43,51,1,18.9895,0.0632983,1.05338e-40
dual_l1_c0,0,568,2,0.328201,0.160522,0.443951,1.08199,1165.8,1.1441,3.88218,0.332711,0.0286319,0.0458237,0.0182355,0.0165094,0.38497,0.12215,0.36694,0.179335,1,1,0,300,0,0.332711,0.38497,0.36694,0.179335,1,1164.65,0.00346099,0.20695,0.894447,0.541958,0.05,300,300,300,300,300,300,118,300,300,54,58,66,36,45,53,1,17.9148,0.0597162,4.55359e-08
dual_l1_c0,0,569,1,0.333412,0.161142,-0.0559472,1.02698,1649.05,0.801658,5.49417,0.285058,0.0505706,0.035468,0.0167984,0.0182483,0.193784,0.147919,0.45938,0.246663,0,2.8633e-31,0,183,1,0.1798,0.202631,0.275011,0.0875192,0,1637.15,0.00346099,0.20695,0.894447,0.541958,0.05,300,300,300,300,300,300,79,183,280,39,60,68,36,40,48,1,15.0028,0.0500093,0.00672816
dual_l1_c0,0,570,5,0.318504,0.188776,0.204994,0.957661,1286.86,0.0349413,4.2894,0.0616625,0.0254351,0.0150361,0.0015046,0.0387049,0.100276,0.098704,0.268672,0.0704325,1,1,22,125,1,0.265441,0.363546,0.381198,0.0348547,1,1269.58,0.00346099,0.20695,0.894447,0.541958,0.05,300,300,300,300,300,300,80,125,300,64,73,81,44,56,64,1,8.27563,0.0275854,8.98583e-36
dual_l1_c0,0,571,2,0.384757,0.135001,-0.402162,0.937353,1849.29,3.5521,6.15246,0.591174,0.329929,0.0290233,0.0135969,0.0371071,0.635699,0.0605782,0.504745,0.61774,1,1,2,107,1,0.647635,0.692878,0.420168,0.645302,1,1780.55,0.00346099,0.20695,0.894447,0.541958,0.05,300,300,300,300,300,300,66,107,300,49,53,61,38,51,59,1,12.427,0.0414233,3.87196e-38
dual_l1_c0,0,572,4,0.422544,0.024223,-0.139129,0.949296,2090.94,1.75046,6.96395,0.416246,0.163664,0.0281736,0.0092907,0.0373406,0.33831,0.181175,0.43608,0.396837,1,1,44,67,1,0.436912,0.438475,0.454653,0.0324169,1,2043.79,0.00346099,0.20695,0.894447,0.541958,0.05,300,300,300,300,300,300,63,67,75,55,59,67,43,47,55,1,9.39166,0.0313055,-0
dual_l1_c0,0,573,7,0.435056,0.0242135,-0.215283,1.06043,1810.95,4.25473,6.02231,0.669698,0.270332,0.0130651,0.0139185,0.0444635,0.383804,0.13228,0.412623,0.555826,1,1,12,300,0,0.669698,0.383804,0.412623,0.555826,1,1806.69,0.00346099,0.20695,0.894447,0.541958,0.05,300,300,300,300,300,300,151,300,300,63,77,85,37,46,72,1,13.443,0.04481,-0
dual_l1_c0,0,574,5,0.159894,0.166691,0.405741,1.04438,1734.07,0.664343,5.77802,0.246186,0.0347192,0.0083987,0.0154497,0.0374273,0.536117,0.216928,0.151152,0.246436,1,1,0,300,0,0.246186,0.536117,0.151152,0.246436,1,1733.41,0.00346099,0.20695,0.894447,0.541958,0.05,300,300,300,300,300,300,109,300,300,50,54,72,48,52,60,1,8.77222,0.0292407,-0
dual_l1_c0,0,575,4,0.519521,0.0529543,-0.297337,1.05611,1400.32,5.07743,4.65082,0.703866,0.216083,0.0200406,0.00714587,0.0272738,0.518782,0.45821,0.535331,0.153331,1,1,25,80,1,0.750366,0.7879,0.636453,0.315165,1,1314.55,0.00346099,0.20695,0.894447,0.541958,0.05,300,300,300,300,300,300,76,80,300,70,74,82,35,39,47,1,9.15256,0.0305085,-0
dual_l1_c0,0,576,7,0.544907,0.143163,-0.00714266,1.09842,1785.15,1.16667,5.9466,0.327102,0.0265803,0.0309378,0.0169208,0.034344,0.280525,0.217767,0.507596,0.250198,1,1,7,142,1,0.31796,0.0884189,0.745759,0.212625,1,1767.35,0.00346099,0.20695,0.894447,0.541958,0.05,300,300,300,300,300,300,101,142,300,45,49,57,37,41,49,1,11.3764,0.0379214,-0
dual_l1_c0,0,577,1,0.489248,0.0905505,-0.00639546,0.974612,1809.19,1.0712,6.02705,0.299473,0.0513214,0.0271185,0.00428712,0.0420941,0.158178,0.313834,0.577946,0.16411,0,1.21938e-05,17,90,1,0.512268,0.320468,0.56968,0.140193,1,1784.25,0.00346099,0.20695,0.894447,0.541958,0.05,300,300,300,300,300,300,86,90,118,49,53,61,29,33,41,1,47.0914,0.156971,0.000150614
dual_l1_c0,0,578,1,0.592375,0.149617,0.48531,0.93111,2111.66,0.36119,7.03765,0.204182,0.0384749,0.0235383,0.00671156,0.0383729,0.419429,0.103751,0.673232,0.209838,0,0,25,300,0,0.204182,0.419429,0.673232,0.209838,0,2111.29,0.00346099,0.20695,0.894447,0.541958,0.05,300,300,300,300,300,300,300,300,300,63,67,91,35,48,56,1,28.4031,0.0946771,2.60249e-08
dual_l1_c0,0,579,0,0.429335,0.105952,-0.458105,0.996483,1377.8,3.24169,4.58186,0.56363,0.291595,0.0390969,0.0106084,0.00114311,0.494789,0.111778,0.494421,0.692858,1,1,17,79,1,0.63304,0.435869,0.468714,0.844082,1,1302.72,0.00346099,0.20695,0.894447,0.541958,0.05,300,300,300,300,300,300,62,79,108,50,54,72,33,37,45,1,5.12299,0.0170766,-0
dual_l1_c0,0,580,2,0.419978,0.0975649,0.272416,0.924887,2457.97,0.028221,8.19313,0.0755175,0.0176166,0.0298082,0.00751776,0.0397075,0.150683,0.152925,0.501721,0.0695687,1,1,18,300,0,0.0755175,0.150683,0.501721,0.0695687,1,2457.94,0.00346099,0.20695,0.894447,0.541958,0.05,300,300,300,300,300,300,73,300,300,60,64,72,44,56,64,1,14.7361,0.0491205,6.04003e-10
dual_l1_c0,0,581,3,0.333415,0.00316126,0.0337983,0.974163,948.182,2.99929,3.15061,0.527845,0.248673,0.0232687,0.00805989,0.00865043,0.281,0.282767,0.290693,0.170647,1,1,15,300,0,0.527845,0.281,0.290693,0.170647,1,945.183,0.00346099,0.20695,0.894447,0.541958,0.05,300,300,300,300,300,300,300,300,300,41,55,300,20,30,38,1,7.49179,0.0249726,7.99171e-39
dual_l1_c0,0,582,4,0.348768,0.101697,-0.388309,0.92909,1588.61,2.45003,5.28719,0.493556,0.0686866,0.0372655,0.0114578,0.0415615,0.489956,0.25777,0.434473,0.633141,1,1,14,169,1,0.575358,0.604209,0.308272,0.542746,1,1555.75,0.00346099,0.20695,0.894447,0.541958,0.05,300,300,300,300,300,300,52,169,300,44,54,62,31,41,49,1,11.4686,0.0382286,-0
dual_l1_c0,0,583,2,0.312457,0.132993,-0.290467,1.09382,1973.87,0.624167,6.57748,0.252583,0.242465,0.0442699,0.0143468,0.0242353,0.219803,0.130145,0.288064,0.540279,1,1,0,108,1,0.450422,0.54737,0.431934,0.404865,1,1939.24,0.00346099,0.20695,0.894447,0.541958,0.05,300,300,300,300,300,300,77,108,300,70,74,82,48,52,60,1,13.103,0.0436767,-0
dual_l1_c0,0,584,0,0.265366,0.192702,-0.180619,0.919902,1877.83,0.816329,6.25671,0.278239,0.00379351,0.0180768,0.018354,0.0281805,0.305036,0.181685,0.236246,0.462223,1,1,0,53,1,0.0512067,0.351439,0.290903,0.369487,1,1844.61,0.00346099,0.20695,0.894447,0.541958,0.05,300,300,300,300,300,300,49,53,71,45,49,57,29,33,54,1,5.46458,0.0182153,-0
dual_l1_c0,0,585,2,0.0982737,0.176931,0.168968,1.05564,964.652,0.130788,3.21507,0.127463,0.0167475,0.0158945,0.0111819,0.0130945,0.280706,0.0427517,0.112052,0.172352,0,1.20609e-19,15,223,1,0.113996,0.213682,0.194828,0.0942805,0,961.067,0.00346099,0.20695,0.894447,0.541958,0.05,300,300,300,300,300,300,81,223,293,46,50,58,36,40,48,1,18.8045,0.0626817,5.27801e-18
dual_l1_c0,0,586,3,0.643643,0.0616856,0.423902,1.04285,1100.59,0.593547,3.66666,0.238313,0.0235669,0.0173954,0.0170046,0.0409179,0.286266,0.0659454,0.715044,0.189514,1,1,1,159,1,0.0630296,0.366318,0.616203,0.167112,1,1071.09,0.00346099,0.20695,0.894447,0.541958,0.05,300,300,300,300,300,300,155,159,300,43,47,111,30,34,42,1,8.76708,0.0292236,6.62671e-19
dual_l1_c0,0,587,6,0.222874,0.101715,-0.0357014,0.968995,1765.06,0.531486,5.88176,0.207982,0.0398807,0.0279346,0.00938898,0.0293946,0.16688,0.256482,0.185774,0.195783,1,1,15,83,1,0.0398807,0.149853,0.145246,0.196589,1,1746.97,0.00346099,0.20695,0.894447,0.541958,0.05,300,300,300,300,300,300,54,83,91,51,55,63,32,36,53,1,11.4403,0.0381344,-0
dual_l1_c0,0,588,5,0.381977,0.157651,0.41638,1.04897,1136.89,0.172305,3.78905,0.137721,0.0523579,0.0324588,0.0140997,0.0301512,0.574757,0.121451,0.525152,0.270312,1,1,18,300,0,0.137721,0.574757,0.525152,0.270312,1,1136.72,0.00346099,0.20695,0.894447,0.541958,0.05,300,300,300,300,300,300,273,300,300,63,77,148,41,45,53,1,5.00852,0.0166951,7.82433e-38
dual_l1_c0,0,589,6,0.437738,0.0434603,-0.315759,1.07074,1637.84,4.71012,5.44375,0.690384,0.23891,0.043028,0.00807752,0.027787,0.786455,0.251244,0.377451,0.63459,1,1,15,71,1,0.678152,0.407429,0.590109,0.471343,1,1557,0.00346099,0.20695,0.894447,0.541958,0.05,300,300,300,300,300,300,67,71,300,53,57,65,47,51,59,1,19.0581,0.063527,-0
dual_l1_c0,0,590,1,0.408937,0.158849,0.384256,1.09526,1720.39,0.184082,5.73402,0.133378,0.00820614,0.0165813,0.00937429,0.0127672,0.447072,0.104136,0.280229,0.143065,0,4.55692e-30,17,80,1,0.267103,0.413542,0.413962,0.335476,1,1686.56,0.00346099,0.20695,0.894447,0.541958,0.05,300,300,300,300,300,300,76,80,300,66,70,78,37,52,71,1,24.0416,0.0801388,4.66584e-27
dual_l1_c0,0,591,3,0.465211,0.13267,0.110386,0.985223,1260.95,0.279381,4.20224,0.198324,0.0259443,0.0408298,0.0122495,0.0660081,0.274352,0.106006,0.557402,0.0641107,1,1,13,111,1,0.204923,0.17396,0.59828,0.0458053,1,1250.56,0.00346099,0.20695,0.894447,0.541958,0.05,300,300,300,300,300,300,99,111,288,48,52,75,32,42,50,1,1.82191,0.00607304,-0
dual_l1_c0,0,592,6,0.646811,0.15239,-0.406551,0.989567,1547.03,3.45518,5.14523,0.609491,0.269914,0.0353468,0.0171314,0.0333577,0.38118,0.174675,0.764379,0.633448,1,1,7,95,1,0.544211,0.441829,0.576598,0.54681,1,1486.1,0.00346099,0.20695,0.894447,0.541958,0.05,300,300,300,300,300,300,83,95,103,47,51,59,43,47,55,1,9.59069,0.031969,-0
dual_l1_c0,0,593,0,0.581155,0.176812,0.0407912,1.07692,1180.48,0.0444516,3.93478,0.0579575,0.0159849,0.00704149,0.0123897,0.0411035,0.159375,0.173187,0.638876,0.24085,1,1,13,81,1,0.231392,0.104201,0.571306,0.153883,1,1168.02,0.00346099,0.20695,0.894447,0.541958,0.05,300,300,300,300,300,300,77,81,113,46,50,58,44,48,56,1,11.7836,0.0392788,-0
dual_l1_c0,0,594,5,0.454296,0.195294,-0.0715504,0.985017,1517.19,1.33548,5.05284,0.361563,0.0567244,0.025836,0.0101319,0.0552134,0.387445,0.158695,0.750364,0.245629,1,1,0,123,1,0.229542,0.106379,0.634536,0.156805,1,1492.08,0.00346099,0.20695,0.894447,0.541958,0.05,300,300,300,300,300,300,70,123,193,46,50,74,40,44,52,1,20.7223,0.0690744,6.09938e-34
dual_l1_c0,0,595,4,0.36738,0.00480042,-0.413533,0.966898,2127.69,6.22034,7.07157,0.770228,0.303759,0.00987606,0.0189539,0.0353921,0.444284,0.509794,0.283514,0.233749,1,1,37,79,1,0.780336,0.725489,0.444574,0.671014,1,1943.26,0.00346099,0.20695,0.894447,0.541958,0.05,300,300,300,300,300,300,75,79,87,52,56,79,45,49,57,1,24.7569,0.0825229,-0
dual_l1_c0,0,596,1,0.38462,0.0356206,0.0912712,1.09067,1432.68,0.32431,4.77453,0.182177,0.0482932,0.0316452,0.0115046,0.0226303,0.36652,0.273412,0.349854,0.106164,1,1,0,95,1,0.275777,0.184617,0.281922,0.132818,1,1412.4,0.00346099,0.20695,0.894447,0.541958,0.05,300,300,300,300,300,300,91,95,217,53,57,95,33,50,58,1,0.605152,0.00201717,5.86135e-06
dual_l1_c0,0,597,5,0.306515,0.0108906,0.495097,1.03744,1626.91,0.417925,5.42166,0.20117,0.0264334,0.0239399,0.0190449,0.0327357,0.14869,0.0714833,0.398367,0.19479,1,1,1,300,0,0.20117,0.14869,0.398367,0.19479,1,1626.5,0.00346099,0.20695,0.894447,0.541958,0.05,300,300,300,300,300,300,273,300,300,53,66,85,45,49,57,1,13.3389,0.0444631,-0
dual_l1_c0,0,598,0,0.258896,0.00694849,-0.498993,1.07009,2424.17,6.14151,8.0601,0.789785,0.503691,0.017231,0.0078256,0.0289104,0.529291,0.405902,0.464001,0.511746,1,1,0,100,1,0.571861,0.643405,0.40155,0.671264,1,2293.97,0.00346099,0.20695,0.894447,0.541958,0.05,300,300,300,300,300,300,64,100,300,60,64,72,44,48,56,1,6.65906,0.0221969,-0
dual_l1_c0,0,599,4,0.454339,0.105327,-0.365408,1.07964,2264.12,3.40905,7.53571,0.585337,0.024125,0.020198,0.0227396,0.0315333,0.435576,0.137338,0.451809,0.609311,1,1,48,66,1,0.658134,0.343609,0.52166,0.520598,1,2203.58,0.00346099,0.20695,0.894447,0.541958,0.05,300,300,300,300,300,300,62,66,87,49,53,61,47,51,59,1,24.1643,0.0805476,-0
dual_l1_c0,0,600,6,0.228197,0.014291,0.252511,0.978167,1987.97,0.116493,6.62619,0.127777,0.0281786,0.0284363,0.0129521,0.0178139,0.249891,0.0761232,0.290291,0.238459,1,1,11,300,0,0.127777,0.249891,0.290291,0.238459,1,1987.86,0.00346099,0.20695,0.894447,0.541958,0.05,300,300,300,300,300,300,153,300,300,54,58,115,42,46,54,1,14.3515,0.0478384,-0
dual_l1_c0,0,601,7,0.533871,0.170279,0.478835,1.07902,1209.43,0.537799,4.02964,0.232039,0.0536476,0.00926468,0.0114335,0.019725,0.172423,0.119012,0.747853,0.319749,1,1,0,300,0,0.232039,0.172423,0.747853,0.319749,1,1208.89,0.00346099,0.20695,0.894447,0.541958,0.05,300,300,300,300,300,300,297,300,300,83,94,118,44,55,63,1,8.20156,0.0273385,-0
dual_l1_c0,0,602,2,0.268502,0.185172,0.201855,0.920834,1610.98,0.0615704,5.36973,0.113353,0.0238995,0.0170041,0.00763788,0.0529915,0.375909,0.141639,0.376983,0.143923,0,1.68528e-09,18,130,1,0.0997311,0.255794,0.470197,0.0824549,0,1594.08,0.00346099,0.20695,0.894447,0.541958,0.05,300,300,300,300,300,300,80,130,300,50,54,62,37,41,49,1,3.26138,0.0108713,3.4045e-08
dual_l1_c0,0,603,4,0.487031,0.137528,0.312953,1.02519,2473.26,0.502738,8.24253,0.232256,0.0225998,0.00651469,0.0119306,0.0195659,0.401659,0.0473746,0.632072,0.0469704,1,1,22,231,1,0.26689,0.539182,0.703342,0.134846,1,2465.67,0.00346099,0.20695,0.894447,0.541958,0.05,300,300,300,300,300,300,111,231,300,65,76,84,49,53,61,1,15.9574,0.0531914,-0
dual_l1_c0,0,604,6,0.294278,0.195226,-0.0246736,1.07038,1715.91,0.069727,5.71946,0.0931632,0.0637003,0.0473183,0.00891067,0.0302381,0.219111,0.111821,0.298051,0.114518,1,1,18,70,1,0.217554,0.312801,0.371309,0.260235,1,1702.33,0.00346099,0.20695,0.894447,0.541958,0.05,300,300,300,300,300,300,66,70,300,53,57,75,45,49,57,1,16.0868,0.0536225,-0
dual_l1_c0,0,605,6,0.409752,0.174352,0.0521256,1.03061,1541.94,0.587701,5.13786,0.233094,0.0571515,0.0135669,0.0109592,0.0435221,0.151896,0.247739,0.502802,0.199719,1,1,11,88,1,0.117255,0.300996,0.577625,0.237143,1,1526.71,0.00346099,0.20695,0.894447,0.541958,0.05,300,300,300,300,300,300,84,88,199,44,55,85,41,45,53,1,8.25548,0.0275183,-0
dual_l1_c0,0,606,3,0.153075,0.146172,-0.499011,1.00155,1959.81,2.7281,6.52362,0.531603,0.387773,0.0247067,0.016237,0.0693926,0.520416,0.233684,0.34195,0.747289,0,1.04391e-08,14,90,1,0.583839,0.491849,0.191341,0.697228,0,1879.56,0.00346099,0.20695,0.894447,0.541958,0.05,300,300,300,300,300,300,57,90,168,55,59,67,48,52,60,1,16.1953,0.0539843,1.91847e-07
dual_l1_c0,0,607,2,0.440661,0.0255853,-0.0722042,0.937929,1354.23,0.861924,4.51123,0.301063,0.301063,0.021055,0.0207064,0.0595791,0.14646,0.259794,0.581076,0.23246,0,1.74e-10,1,195,1,0.346507,0.286336,0.469394,0.333616,0,1326.8,0.00346099,0.20695,0.894447,0.541958,0.05,300,300,300,300,300,300,191,195,300,43,77,85,33,42,82,1,75.4529,0.25151,3.91024e-09
dual_l1_c0,0,608,2,0.56081,0.174981,0.194964,1.03889,2050.27,0.40502,6.83287,0.211538,0.0388023,0.0109505,0.0138091,0.0132084,0.246931,0.140727,0.456224,0.0121368,1,1,17,108,1,0.248491,0.310425,0.504783,0.0964547,1,2033.2,0.00346099,0.20695,0.894447,0.541958,0.05,300,300,300,300,300,300,68,108,300,60,64,72,39,56,64,1,18.3658,0.0612193,7.11393e-06
dual_l1_c0,0,609,4,0.585245,0.161374,-0.245242,1.07628,1996.65,1.1976,6.6515,0.341743,0.122738,0.0228815,0.0144087,0.0500897,0.461931,0.15474,0.573235,0.327001,1,1,30,95,1,0.273956,0.442393,0.649431,0.286838,1,1966.8,0.00346099,0.20695,0.894447,0.541958,0.05,300,300,300,300,300,300,91,95,103,56,60,68,42,52,60,1,10.7577,0.0358589,-0
dual_l1_c0,0,610,3,0.37607,0.0905037,-0.366805,0.959527,1286.55,3.13893,4.27804,0.58009,0.212046,0.0214092,0.0136485,0.0395342,0.176658,0.259146,0.246125,0.685222,1,1,0,109,1,0.30842,0.422745,0.233136,0.620175,1,1236.57,0.00346099,0.20695,0.894447,0.541958,0.05,300,300,300,300,300,300,86,109,300,48,52,74,36,40,48,1,11.73,0.0390999,-0
dual_l1_c0,0,611,1,0.370225,0.192199,-0.456259,1.09395,1879.83,2.07832,6.25918,0.436616,0.375415,0.0280633,0.0127504,0.0436331,0.617222,0.213118,0.600746,0.576721,1,1,0,92,1,0.602086,0.537,0.702042,0.210194,1,1808.61,0.00346099,0.20695,0.894447,0.541958,0.05,300,300,300,300,300,300,75,92,300,59,63,71,37,41,49,1,18.0576,0.0601919,1.09569e-18
dual_l1_c0,0,612,0,0.414197,0.0413591,0.193499,1.07427,1036.24,0.0490638,3.45398,0.067356,0.0388157,0.0285491,0.0181084,0.0584484,0.20291,0.142759,0.402255,0.14863,1,1,1,86,1,0.232853,0.318122,0.404674,0.129331,1,1018.86,0.00346099,0.20695,0.894447,0.541958,0.05,300,300,300,300,300,300,82,86,300,68,72,80,31,45,53,1,3.38166,0.0112722,-0
dual_l1_c0,0,613,0,0.284876,0.169111,0.288743,1.07329,1519.04,0.0688383,5.06323,0.0636707,0.0357718,0.00754647,0.010849,0.0321091,0.308676,0.127735,0.300665,0.165654,1,1,20,300,0,0.0636707,0.308676,0.300665,0.165654,1,1518.97,0.00346099,0.20695,0.894447,0.541958,0.05,300,300,300,300,300,300,112,300,300,48,52,60,33,46,54,1,16.3482,0.054494,1.74608e-28
dual_l1_c0,0,614,4,0.391954,0.198224,0.422437,0.972186,1426.85,0.260112,4.75531,0.180909,0.0627825,0.025818,0.0164369,0.0426863,0.605519,0.122623,0.34494,0.127448,1,1,28,300,0,0.180909,0.605519,0.34494,0.127448,1,1426.59,0.00346099,0.20695,0.894447,0.541958,0.05,300,300,300,300,300,300,97,300,300,55,68,76,35,39,47,1,15.5919,0.0519728,-0
dual_l1_c0,0,615,2,0.30756,0.153783,0.412459,1.06569,1108.42,1.06111,3.6912,0.321387,0.0759634,0.0132965,0.00848586,0.0400866,0.529709,0.194102,0.352485,0.0941425,1,0.999785,20,300,0,0.321387,0.529709,0.352485,0.0941425,1,1107.36,0.00346099,0.20695,0.894447,0.541958,0.05,300,300,300,300,300,300,137,300,300,43,47,93,39,43,51,1,3.16096,0.0105365,0.00203054
dual_l1_c0,0,616,1,0.514192,0.0191162,0.317078,1.02101,1752.68,0.217913,5.84153,0.137044,0.0187566,0.0181732,0.0055216,0.0188796,0.490892,0.243236,0.568338,0.0653768,0,2.67983e-19,20,102,1,0.0663427,0.158911,0.584846,0.206089,1,1728.85,0.00346099,0.20695,0.894447,0.541958,0.05,300,300,300,300,300,300,82,102,300,54,58,83,43,53,61,1,26.5787,0.0885958,3.72126e-12
dual_l1_c0,0,617,5,0.403696,0.0460918,0.381104,0.930215,2282.18,0.0860182,7.60699,0.0957785,0.0207592,0.0117375,0.0131853,0.0114228,0.290587,0.164295,0.429019,0.254836,1,1,0,300,0,0.0957785,0.290587,0.429019,0.254836,1,2282.1,0.00346099,0.20695,0.894447,0.541958,0.05,300,300,300,300,300,300,100,300,300,83,87,95,48,52,60,1,10.322,0.0344067,-0
dual_l1_c0,0,618,2,0.219442,0.130435,-0.398807,0.911902,2043.25,2.54432,6.80236,0.498439,0.234119,0.0436474,0.00788008,0.0474053,0.410953,0.375843,0.413337,0.592376,0,3.26622e-05,-1,58,1,0.770805,0.461171,0.307852,0.609699,0,1961.93,0.00346099,0.20695,0.894447,0.541958,0.05,300,300,300,300,300,300,54,58,217,52,56,64,34,49,57,1,10.883,0.0362767,0.00037004
dual_l1_c0,0,619,4,0.418614,0.0718075,-0.280436,0.998535,1663.17,3.45838,5.53237,0.578944,0.342748,0.036945,0.00931265,0.0193457,0.320254,0.149581,0.372744,0.569482,1,1,19,175,1,0.436885,0.166217,0.33505,0.553778,1,1630.33,0.00346099,0.20695,0.894447,0.541958,0.05,300,300,300,300,300,300,145,175,203,44,57,79,34,38,46,1,12.0499,0.0401662,-0
dual_l1_c0,0,620,4,0.177286,0.00935001,-0.436536,0.909641,1880.76,8.26811,6.24166,0.916031,0.822731,0.0276382,0.0158313,0.0456027,0.530663,0.345501,0.365035,0.579403,1,1,25,68,1,1.15871,0.669301,0.419761,0.578305,1,1617.82,0.00346099,0.20695,0.894447,0.541958,0.05,300,300,300,300,300,300,64,68,160,45,49,72,31,35,43,1,10.7893,0.0359642,-0
dual_l1_c0,0,621,3,0.438649,0.0748778,0.0505346,0.978742,1301.72,0.422949,4.33766,0.228009,0.0126624,0.015999,0.0125317,0.0284403,0.323655,0.211382,0.438809,0.256854,0,4.27959e-09,0,239,1,0.2591,0.186368,0.502861,0.0885855,0,1295.79,0.00346099,0.20695,0.894447,0.541958,0.05,300,300,300,300,300,300,120,239,300,52,56,76,45,49,57,1,16.2462,0.0541539,8.24651e-08
dual_l1_c0,0,622,4,0.515341,0.024046,0.299068,0.9912,1661.33,0.242492,5.53697,0.1852,0.0497725,0.0215832,0.00528809,0.0454674,0.565677,0.140238,0.477706,0.110488,1,1,20,137,1,0.156379,0.397079,0.446063,0.0112538,1,1637.31,0.00346099,0.20695,0.894447,0.541958,0.05,300,300,300,300,300,300,127,137,300,84,88,121,42,46,70,1,13.2933,0.0443109,-0
dual_l1_c0,0,623,3,0.339239,0.150286,0.149925,0.989152,1968.83,0.0969623,6.56245,0.110371,0.0191722,0.0384474,0.00683055,0.0382808,0.353938,0.0994189,0.341255,0.303288,1,1,1,119,1,0.16232,0.18937,0.311124,0.158518,1,1954.6,0.00346099,0.20695,0.894447,0.541958,0.05,300,300,300,300,300,300,77,119,188,56,72,80,37,41,68,1,10.2392,0.0341307,-0
dual_l1_c0,0,624,0,0.446114,0.0648959,-0.136039,0.921746,1744.23,4.27946,5.79983,0.657673,0.0711747,0.0528224,0.0152905,0.0167479,0.396027,0.289291,0.369353,0.1209,1,1,24,69,1,0.0902,0.142877,0.379068,0.377077,1,1693.02,0.00346099,0.20695,0.894447,0.541958,0.05,300,300,300,300,300,300,65,69,77,52,56,64,36,40,63,1,15.9566,0.0531888,5.92995e-37
dual_l1_c0,0,625,6,0.43079,0.159153,0.286615,1.00333,958.593,1.68898,3.18968,0.419406,0.0237267,0.0105362,0.00756092,0.0419948,0.306585,0.318975,0.615868,0.0365,1,1,0,60,1,0.354744,0.226893,0.382224,0.0314012,1,930.245,0.00346099,0.20695,0.894447,0.541958,0.05,300,300,300,300,300,300,56,60,300,39,56,64,25,29,37,1,2.38279,0.00794263,-0
dual_l1_c0,0,626,1,0.214992,0.130062,0.350068,0.920724,1357.81,0.119582,4.52563,0.143633,0.0219233,0.0393972,0.0153238,0.0291993,0.396536,0.085068,0.4297,0.1727,0,0.000595044,0,300,0,0.143633,0.396536,0.4297,0.1727,0,1357.69,0.00346099,0.20695,0.894447,0.541958,0.05,300,300,300,300,300,300,64,300,300,53,57,65,39,43,51,1,18.3398,0.0611325,0.00501429
dual_l1_c0,0,627,5,0.184735,0.0661894,0.0319254,1.05093,1359.17,0.271994,4.52965,0.164188,0.046809,0.0372493,0.00601186,0.0273012,0.222193,0.108057,0.254558,0.202486,1,1,0,108,1,0.304655,0.323344,0.352592,0.111998,1,1346.46,0.00346099,0.20695,0.894447,0.541958,0.05,300,300,300,300,300,300,85,108,300,60,64,72,32,36,54,1,14.3015,0.0476718,1.27061e-32
dual_l1_c0,0,628,4,0.32169,0.0898685,-0.327102,1.00718,1136.99,2.8117,3.78059,0.526924,0.316004,0.0181463,0.0034073,0.0450498,0.494644,0.142908,0.254822,0.481241,1,1,17,55,1,0.534254,0.448256,0.454492,0.296914,1,1058.25,0.00346099,0.20695,0.894447,0.541958,0.05,300,300,300,300,300,300,51,55,187,46,50,58,31,35,43,1,18.6395,0.0621316,-0
dual_l1_c0,0,629,6,0.321819,0.0785967,0.145669,1.00259,1208.16,0.394405,4.02589,0.216027,0.0229794,0.0187153,0.0123908,0.0344496,0.385127,0.0625591,0.511394,0.081747,1,1,23,116,1,0.176772,0.1126,0.30491,0.110505,1,1192.25,0.00346099,0.20695,0.894447,0.541958,0.05,300,300,300,300,300,300,105,116,300,51,55,74,35,51,59,1,11.1465,0.0371551,-0
dual_l1_c0,0,630,0,0.309441,0.10928,-0.468482,0.958768,2223.36,2.27435,7.4036,0.474126,0.395022,0.0219488,0.0110329,0.0279386,0.337276,0.0571313,0.24362,0.662947,1,1,18,119,1,0.631881,0.493978,0.297198,0.635185,1,2157.92,0.00346099,0.20695,0.894447,0.541958,0.05,300,300,300,300,300,300,56,119,206,54,66,125,41,45,53,1,24.902,0.0830066,1.16657e-33
dual_l1_c0,0,631,1,0.39532,0.186222,-0.401563,1.00103,1259.01,4.62353,4.1813,0.678477,0.246328,0.0411306,0.00484269,0.0169007,0.358356,0.178293,0.484522,0.579104,0,4.29842e-25,0,67,1,0.570735,0.677549,0.59326,0.514309,1,1191.5,0.00346099,0.20695,0.894447,0.541958,0.05,300,300,300,300,300,300,63,67,84,52,56,64,46,50,58,1,17.8009,0.0593364,1.13219e-12
dual_l1_c0,0,632,7,0.465202,0.071927,0.355831,1.05072,1544.34,0.875403,5.14488,0.335432,0.0101513,0.0238766,0.00515461,0.0172348,0.661022,0.193948,0.350966,0.0556306,1,1,7,74,1,0.134694,0.430107,0.565157,0.0524768,1,1509.44,0.00346099,0.20695,0.894447,0.541958,0.05,300,300,300,300,300,300,70,74,300,59,63,71,37,41,49,1,14.1068,0.0470226,-0
dual_l1_c0,0,633,2,0.493552,0.131559,-0.420882,0.972814,1987.31,2.15328,6.6172,0.471981,0.320234,0.0255873,0.008895,0.0237514,0.382427,0.138178,0.569074,0.658088,1,1,163,71,1,0.487313,0.674674,0.71527,0.483488,0,1888.95,0.00346099,0.20695,0.894447,0.541958,0.05,300,300,300,300,300,300,67,71,300,51,60,68,41,45,53,1,15.7407,0.0524691,2.82235e-22
dual_l1_c0,0,634,2,0.3272,0.167255,-0.384775,0.909985,1845.74,3.65506,6.14027,0.606946,0.332527,0.0129606,0.00798447,0.011825,0.596316,0.0599207,0.247956,0.588431,1,1,4,97,1,0.547842,0.469164,0.343005,0.60559,1,1771.34,0.00346099,0.20695,0.894447,0.541958,0.05,300,300,300,300,300,300,79,97,300,51,55,63,37,41,49,1,12.5873,0.0419576,1.15442e-23
dual_l1_c0,0,635,6,0.31378,0.107328,-0.356719,1.00103,1847.75,1.25601,6.15497,0.361662,0.291365,0.0592328,0.00957061,0.0332091,0.190219,0.122494,0.325098,0.570108,1,1,14,58,1,0.361128,0.35954,0.464275,0.438841,1,1789.66,0.00346099,0.20695,0.894447,0.541958,0.05,300,300,300,300,300,300,54,58,66,38,51,59,33,37,45,1,9.70226,0.0323409,-0
dual_l1_c0,0,636,2,0.468857,0.0675951,-0.147458,1.00371,1382.9,2.00308,4.603,0.469564,0.057434,0.020008,0.00451534,0.0456101,0.124351,0.191401,0.522225,0.444455,1,0.999727,22,164,1,0.423933,0.225866,0.375032,0.258148,1,1356.39,0.00346099,0.20695,0.894447,0.541958,0.05,300,300,300,300,300,300,74,164,300,48,52,60,35,45,53,1,15.7764,0.0525879,0.00251056
dual_l1_c0,0,637,5,0.322773,0.0702883,-0.42148,1.02447,2531.46,1.92393,8.43179,0.438089,0.277753,0.0157114,0.00748324,0.0293092,0.4966,0.149288,0.275477,0.652075,1,1,0,109,1,0.537269,0.500527,0.289693,0.611956,1,2467.67,0.00346099,0.20695,0.894447,0.541958,0.05,300,300,300,300,300,300,94,109,290,54,65,73,46,50,58,1,10.4052,0.034684,4.40242e-20
dual_l1_c0,0,638,5,0.334575,0.0252331,0.164776,1.04634,1936.71,0.150862,6.45519,0.121027,0.0308259,0.0153524,0.0186139,0.0250266,0.261281,0.126713,0.346132,0.197977,1,1,0,93,1,0.0648506,0.267141,0.340632,0.131114,1,1925,0.00346099,0.20695,0.894447,0.541958,0.05,300,300,300,300,300,300,89,93,300,58,62,70,46,50,58,1,21.7097,0.0723657,-0
dual_l1_c0,0,639,6,0.538921,0.156625,0.0901265,0.98438,1152.47,0.201523,3.84088,0.147227,0.0285054,0.0260953,0.00711505,0.0181502,0.210509,0.165427,0.617599,0.171634,1,1,7,212,1,0.236134,0.144823,0.497586,0.191446,1,1144.76,0.00346099,0.20695,0.894447,0.541958,0.05,300,300,300,300,300,300,72,212,300,52,56,64,44,48,56,1,13.2509,0.0441698,-0
dual_l1_c0,0,640,7,0.265851,0.0717723,0.388058,1.09687,857.453,0.316334,2.85712,0.218144,0.037976,0.0151182,0.00812267,0.0413592,0.364982,0.0982603,0.291539,0.367329,1,1,5,300,0,0.218144,0.364982,0.291539,0.367329,1,857.137,0.00346099,0.20695,0.894447,0.541958,0.05,300,300,300,300,300,300,192,300,300,56,70,110,29,33,41,1,9.32276,0.0310759,-0
dual_l1_c0,0,641,7,0.309374,0.0116538,0.0838805,1.01307,2075.76,0.0961434,6.91887,0.11641,0.11641,0.0241199,0.01169,0.0143517,0.175553,0.16378,0.580119,0.175746,1,1,14,106,1,0.45076,0.174009,0.447153,0.177478,1,2049.5,0.00346099,0.20695,0.894447,0.541958,0.05,300,300,300,300,300,300,102,106,114,52,56,95,47,51,59,1,14.0034,0.046678,-0
dual_l1_c0,0,642,6,0.468767,0.0715674,0.241418,0.98776,1340.61,0.168335,4.46813,0.124774,0.015287,0.0192368,0.0185487,0.0412162,0.154318,0.0938192,0.577523,0.129957,1,1,5,104,1,0.164368,0.249849,0.512322,0.0515143,1,1322.91,0.00346099,0.20695,0.894447,0.541958,0.05,300,300,300,300,300,300,69,104,133,56,68,76,38,50,58,1,15.6091,0.0520303,-0
dual_l1_c0,0,643,3,0.490726,0.155025,-0.105786,0.946685,877.598,0.612822,2.92328,0.232574,0.107885,0.036839,0.0089259,0.0149233,0.387787,0.310743,0.558995,0.419832,1,1,1,52,1,0.39215,0.314607,0.503795,0.276201,1,844.156,0.00346099,0.20695,0.894447,0.541958,0.05,300,300,300,300,300,300,48,52,269,43,47,55,25,29,46,1,9.27844,0.0309281,4.15531e-13
dual_l1_c0,0,644,2,0.412426,0.045649,0.42081,1.02937,1918.25,0.327169,6.39308,0.20179,0.0192538,0.0248483,0.014803,0.0376128,0.303101,0.0860078,0.450063,0.351489,0,1.3349e-20,6,300,0,0.20179,0.303101,0.450063,0.351489,0,1917.92,0.00346099,0.20695,0.894447,0.541958,0.05,300,300,300,300,300,300,83,300,300,41,60,91,37,41,49,1,23.5967,0.0786557,6.10889e-19
dual_l1_c0,0,645,5,0.492474,0.102355,-0.0541527,0.991549,1532.11,1.05068,5.10353,0.338942,0.0633316,0.00698881,0.00757762,0.0167013,0.099902,0.061711,0.498663,0.262012,1,1,1,118,1,0.143765,0.159419,0.516379,0.330558,1,1518.38,0.00346099,0.20695,0.894447,0.541958,0.05,300,300,300,300,300,300,67,118,290,47,51,59,37,41,58,1,19.8443,0.0661476,1.69854e-28
dual_l1_c0,0,646,0,0.258347,0.163247,-0.366801,0.978988,2349.16,2.39929,7.82254,0.475562,0.257249,0.0364336,0.0160443,0.0314597,0.34731,0.244105,0.345667,0.665491,1,1,0,104,1,0.44317,0.377042,0.236313,0.556497,1,2295.49,0.00346099,0.20695,0.894447,0.541958,0.05,300,300,300,300,300,300,100,104,126,57,74,82,42,54,62,1,5.52619,0.0184206,-0
dual_l1_c0,0,647,2,0.323813,0.0211067,-0.183142,1.0303,1407.95,0.151558,4.69265,0.116689,0.079003,0.0350387,0.00982296,0.043773,0.087286,0.196258,0.34015,0.386742,1,1,1,267,1,0.354816,0.500055,0.399749,0.351699,1,1404.67,0.00346099,0.20695,0.894447,0.541958,0.05,300,300,300,300,300,300,90,267,300,50,59,67,36,40,48,1,10.6442,0.0354805,1.37618e-11
dual_l1_c0,0,648,0,0.255019,0.188869,-0.278694,0.925512,1598.94,0.962051,5.32659,0.314472,0.256683,0.0225669,0.0161042,0.0304215,0.401222,0.204889,0.329583,0.484718,1,1,0,81,1,0.56194,0.456117,0.380467,0.384014,1,1537.23,0.00346099,0.20695,0.894447,0.541958,0.05,300,300,300,300,300,300,57,81,89,42,52,60,40,44,52,1,8.48148,0.0282716,-0
dual_l1_c0,0,649,7,0.290555,0.0553897,-0.344649,1.00476,1787.16,2.04137,5.9504,0.461637,0.236925,0.0367987,0.00864562,0.00818104,0.250415,0.0852886,0.353744,0.58734,1,1,22,105,1,0.626857,0.54758,0.316416,0.469242,1,1729.67,0.00346099,0.20695,0.894447,0.541958,0.05,300,300,300,300,300,300,96,105,180,50,54,62,43,47,55,1,11.4914,0.0383045,-0
dual_l1_c0,0,650,1,0.561396,0.187733,0.0702707,1.09985,1436.6,0.220208,4.78793,0.119782,0.0109637,0.0162308,0.00698711,0.0188758,0.333864,0.281098,0.814786,0.0927114,1,0.999289,1,171,1,0.249801,0.138702,0.906005,0.119368,1,1430.8,0.00346099,0.20695,0.894447,0.541958,0.05,300,300,300,300,300,300,88,171,300,68,72,80,42,46,54,1,3.74534,0.0124845,0.00586875
dual_l1_c0,0,651,4,0.151876,0.108453,0.31998,0.934086,1676.92,0.220887,5.58901,0.127019,0.019936,0.020526,0.0131243,0.0286696,0.374354,0.0374211,0.288894,0.11044,1,1,38,138,1,0.127051,0.324849,0.0987568,0.059238,1,1660.44,0.00346099,0.20695,0.894447,0.541958,0.05,300,300,300,300,300,300,81,138,300,46,50,84,45,49,57,1,20.779,0.0692633,-0
dual_l1_c0,0,652,7,0.278968,0.0527604,-0.259171,1.08648,1866.85,0.366419,6.22161,0.202656,0.0953029,0.0461682,0.0121329,0.0227906,0.156063,0.106806,0.130288,0.559973,1,1,24,75,1,0.403113,0.485273,0.215732,0.323393,1,1825.17,0.00346099,0.20695,0.894447,0.541958,0.05,300,300,300,300,300,300,64,75,83,55,65,73,44,48,56,1,9.63084,0.0321028,-0
dual_l1_c0,0,653,5,0.367685,0.192098,0.0533941,0.973466,1054.31,0.131471,3.51393,0.103712,0.0243416,0.0242482,0.0144449,0.0263206,0.154611,0.0837465,0.503917,0.144455,1,1,0,68,1,0.0653475,0.273321,0.356563,0.125586,1,1043.19,0.00346099,0.20695,0.894447,0.541958,0.05,300,300,300,300,300,300,64,68,87,58,62,70,26,30,56,1,9.47114,0.0315705,-0
dual_l1_c0,0,654,4,0.431122,0.0609321,0.0643049,1.04496,1736.92,0.286046,5.78877,0.173034,0.0185003,0.0602906,0.0119016,0.0306365,0.404264,0.0594966,0.427522,0.117496,1,1,43,117,1,0.245205,0.112112,0.482585,0.0989576,1,1726.07,0.00346099,0.20695,0.894447,0.541958,0.05,300,300,300,300,300,300,113,117,300,62,66,74,41,45,53,1,11.0145,0.0367149,-0
dual_l1_c0,0,655,2,0.357191,0.139159,-0.267474,0.944633,2263.13,2.23014,7.53635,0.481677,0.227402,0.0404258,0.0203526,0.0587907,0.158524,0.173963,0.38981,0.600388,1,1,18,97,1,0.578957,0.546709,0.416686,0.308441,1,2205.6,0.00346099,0.20695,0.894447,0.541958,0.05,300,300,300,300,300,300,93,97,105,63,67,75,39,43,51,1,9.46025,0.0315342,-0
dual_l1_c0,0,656,0,0.437784,0.167609,-0.108866,1.05158,969.658,1.57165,3.22695,0.392784,0.043747,0.0474314,0.00482068,0.0331922,0.25138,0.32162,0.670707,0.257617,1,1,16,109,1,0.0753819,0.13638,0.564307,0.255872,1,950.867,0.00346099,0.20695,0.894447,0.541958,0.05,300,300,300,300,300,300,67,109,117,50,54,62,29,39,47,1,10.1103,0.0337011,4.89053e-42
dual_l1_c0,0,657,4,0.336416,0.0092762,-0.120474,0.979508,1692.37,0.650364,5.63906,0.262149,0.0981941,0.0321307,0.0109537,0.0350545,0.433861,0.180144,0.363434,0.229783,1,1,18,102,1,0.373718,0.386004,0.489367,0.330987,1,1656.93,0.00346099,0.20695,0.894447,0.541958,0.05,300,300,300,300,300,300,68,102,110,62,66,74,39,43,51,1,18.1319,0.0604396,-0
dual_l1_c0,0,658,2,0.386563,0.0555927,-0.331034,0.961739,1591.67,2.40604,5.29753,0.499787,0.370336,0.0120534,0.00692925,0.0287234,0.383243,0.084917,0.454879,0.45067,1,1,0,98,1,0.641303,0.49235,0.5456,0.455015,1,1507.34,0.00346099,0.20695,0.894447,0.541958,0.05,300,300,300,300,300,300,94,98,106,48,52,60,44,48,56,1,16.3017,0.054339,-0
dual_l1_c0,0,659,7,0.31192,0.151382,0.19194,0.992999,962.031,0.252648,3.20593,0.179153,0.033817,0.0178931,0.013191,0.033681,0.33438,0.145863,0.392778,0.0286573,1,1,0,75,1,0.0367879,0.445477,0.399859,0.0820504,1,942.438,0.00346099,0.20695,0.894447,0.541958,0.05,300,300,300,300,300,300,71,75,300,48,63,71,30,34,58,1,11.2778,0.0375926,-0
dual_l1_c0,0,660,1,0.576416,0.17379,0.0106257,0.957404,2024.52,0.373205,6.74717,0.19907,0.0214785,0.0240602,0.0096671,0.0374557,0.154262,0.191824,0.633026,0.227139,0,0,24,123,1,0.0249697,0.294213,0.590366,0.125549,0,2002.19,0.00346099,0.20695,0.894447,0.541958,0.05,300,300,300,300,300,300,77,123,300,55,59,67,42,46,54,1,24.9644,0.0832146,2.39593e-20
dual_l1_c0,0,661,0,0.368023,0.042462,0.0690925,1.01045,917.59,0.70923,3.05627,0.277539,0.238698,0.0472651,0.010407,0.0299652,0.154255,0.142486,0.369392,0.0881911,1,1,14,289,1,0.326056,0.120988,0.456843,0.108192,1,915.617,0.00346099,0.20695,0.894447,0.541958,0.05,300,300,300,300,300,300,96,289,300,41,45,96,30,42,50,1,11.6999,0.0389996,2.1323e-26
dual_l1_c0,0,662,1,0.548802,0.0936502,0.026579,1.03985,1339.13,0.106495,4.4634,0.110011,0.0523986,0.0136625,0.00808867,0.051786,0.19005,0.0893947,0.700237,0.0809914,1,1,1,81,1,0.263528,0.21722,0.737423,0.290527,1,1323.51,0.00346099,0.20695,0.894447,0.541958,0.05,300,300,300,300,300,300,63,81,300,44,48,56,39,43,51,1,8.79748,0.0293249,1.45971e-08
dual_l1_c0,0,663,6,0.471321,0.0353855,-0.41516,1.0871,2162.03,7.68887,7.18114,0.856733,0.430578,0.0278328,0.0133118,0.043069,0.567543,0.320894,0.422698,0.600907,1,1,25,209,1,0.714299,0.514854,0.416445,0.602248,1,2110.35,0.00346099,0.20695,0.894447,0.541958,0.05,300,300,300,300,300,300,68,209,249,54,58,66,38,50,58,1,14.4413,0.0481378,-0
dual_l1_c0,0,664,4,0.421386,0.0209951,0.183995,1.08987,1446.21,0.415026,4.8193,0.19878,0.0222843,0.0330689,0.00624787,0.0464504,0.256763,0.16096,0.532776,0.0907346,1,1,16,158,1,0.267471,0.0589207,0.450634,0.15697,1,1435.52,0.00346099,0.20695,0.894447,0.541958,0.05,300,300,300,300,300,300,89,158,300,52,56,64,32,36,44,1,12.3747,0.0412489,-0
dual_l1_c0,0,665,2,0.132824,0.0542712,0.0893129,1.06995,1998.78,0.483188,6.661,0.223731,0.0270429,0.0265526,0.0155822,0.043618,0.160525,0.0477652,0.318619,0.15961,0,2.7371e-23,13,300,0,0.223731,0.160525,0.318619,0.15961,0,1998.3,0.00346099,0.20695,0.894447,0.541958,0.05,300,300,300,300,300,300,300,300,300,70,104,200,50,72,80,1,34.929,0.11643,1.422e-21
dual_l1_c0,0,666,0,0.403697,0.062549,0.26257,0.997999,1134.05,0.611377,3.77812,0.246344,0.0195373,0.0244006,0.011434,0.0410012,0.456185,0.192563,0.227682,0.0961636,1,1,12,117,1,0.153572,0.249703,0.424818,0.0340758,1,1114.36,0.00346099,0.20695,0.894447,0.541958,0.05,300,300,300,300,300,300,113,117,300,104,108,116,41,45,53,1,15.5701,0.0519005,-0
dual_l1_c0,0,667,5,0.396809,0.164193,0.0664632,0.94906,835.643,0.160697,2.78494,0.124191,0.0140566,0.032855,0.0186738,0.0411247,0.0305854,0.225312,0.278257,0.209052,1,1,8,82,1,0.133062,0.227438,0.335407,0.142966,1,823.837,0.00346099,0.20695,0.894447,0.541958,0.05,300,300,300,300,300,300,78,82,300,42,60,68,36,40,48,1,11.6269,0.0387562,2.01751e-25
dual_l1_c0,0,668,2,0.279455,0.0600403,-0.384916,0.989355,2471.42,1.4916,8.2331,0.383431,0.265078,0.0269841,0.0100849,0.0291204,0.436975,0.0758816,0.170919,0.625001,1,1,21,231,1,0.297602,0.319783,0.472193,0.485216,1,2453.92,0.00346099,0.20695,0.894447,0.541958,0.05,300,300,300,300,300,300,74,231,300,57,61,69,37,41,65,1,7.26424,0.0242141,-0
dual_l1_c0,0,669,1,0.406001,0.0346883,0.0840929,1.00596,2390.9,0.144299,7.9692,0.131292,0.019061,0.0146987,0.0089332,0.0529984,0.34364,0.202475,0.219356,0.123566,1,1,0,99,1,0.172184,0.358032,0.313532,0.0531766,1,2366.78,0.00346099,0.20695,0.894447,0.541958,0.05,300,300,300,300,300,300,95,99,276,80,84,92,42,46,54,1,3.13868,0.0104623,-0
dual_l1_c0,0,670,2,0.321894,0.0884443,0.00659823,1.03877,1060.95,0.539434,3.53469,0.22606,0.0291116,0.0106719,0.0157143,0.0547188,0.247392,0.201393,0.381759,0.180874,0,2.45644e-24,23,95,1,0.232163,0.238265,0.505251,0.145866,1,1046.37,0.00346099,0.20695,0.894447,0.541958,0.05,300,300,300,300,300,300,91,95,300,55,59,96,30,34,56,1,25.2409,0.0841364,1.33628e-22
dual_l1_c0,0,671,6,0.54255,0.182389,-0.211003,0.995822,1858.25,0.334708,6.19304,0.186202,0.0821792,0.0215113,0.0162427,0.0287117,0.247062,0.404261,0.404186,0.454689,1,1,20,84,1,0.53933,0.326223,0.516138,0.385784,1,1829.57,0.00346099,0.20695,0.894447,0.541958,0.05,300,300,300,300,300,300,73,84,178,49,53,61,41,45,53,1,12.1611,0.040537,-0
dual_l1_c0,0,672,0,0.343561,0.151528,0.292079,1.06617,1868.73,0.188437,6.22846,0.14599,0.028175,0.0210716,0.0126433,0.0219422,0.161412,0.171359,0.311164,0.238207,1,1,20,128,1,0.303723,0.249009,0.608195,0.194311,1,1845.15,0.00346099,0.20695,0.894447,0.541958,0.05,300,300,300,300,300,300,117,128,300,62,66,74,48,52,60,1,12.9528,0.043176,-0
dual_l1_c0,0,673,0,0.144667,0.0716484,-0.104374,0.9727,1047.09,0.474319,3.48872,0.227453,0.0742471,0.0300844,0.0230251,0.0161571,0.294605,0.288386,0.376474,0.291907,1,1,13,70,1,0.285657,0.333096,0.220528,0.268802,1,1009.68,0.00346099,0.20695,0.894447,0.541958,0.05,300,300,300,300,300,300,66,70,155,50,54,62,31,35,54,1,6.04207,0.0201402,-0
dual_l1_c0,0,674,1,0.563212,0.0721342,-0.383248,0.924531,1494.34,6.05125,4.96096,0.780922,0.347525,0.0329297,0.0157515,0.0230661,0.530861,0.43119,0.630208,0.630522,0,1.9408e-42,0,187,1,0.431929,0.511966,0.666975,0.511997,0,1447.62,0.00346099,0.20695,0.894447,0.541958,0.05,300,300,300,300,300,300,56,187,300,51,55,63,31,35,43,1,15.0449,0.0501498,4.63679e-35
dual_l1_c0,0,675,1,0.452657,0.0909662,-0.487481,1.07153,1488.18,3.46836,4.94903,0.621001,0.259283,0.0187967,0.0123155,0.029581,0.455555,0.384557,0.497657,0.806517,0,0,1,83,1,0.668559,0.521329,0.75533,0.506059,0,1402.98,0.00346099,0.20695,0.894447,0.541958,0.05,300,300,300,300,300,300,79,83,300,39,60,68,34,38,62,1,15.3102,0.0510341,2.53321e-28
dual_l1_c0,0,676,7,0.48999,0.125463,-0.293947,1.0965,1477.73,1.94078,4.91929,0.434275,0.0473237,0.024189,0.00987635,0.0317348,0.176329,0.295582,0.680884,0.38489,1,1,0,75,1,0.443272,0.37336,0.626103,0.424573,1,1442.43,0.00346099,0.20695,0.894447,0.541958,0.05,300,300,300,300,300,300,71,75,115,58,62,70,38,42,65,1,16.8629,0.0562098,-0
dual_l1_c0,0,677,6,0.474215,0.0986194,-0.350253,1.07539,1733.56,2.70044,5.76954,0.514421,0.257361,0.0295812,0.0137387,0.0259473,0.328277,0.290361,0.235139,0.473644,1,1,22,128,1,0.52578,0.716141,0.590614,0.36469,1,1691.36,0.00346099,0.20695,0.894447,0.541958,0.05,300,300,300,300,300,300,95,128,171,48,52,60,33,37,45,1,15.4938,0.0516459,-0
dual_l1_c0,0,678,3,0.529828,0.0232035,0.48727,0.959077,1627.57,1.25843,5.42104,0.337543,0.0463162,0.0395235,0.00899093,0.024917,0.461582,0.172409,0.555692,0.442984,0,0,10,300,0,0.337543,0.461582,0.555692,0.442984,0,1626.31,0.00346099,0.20695,0.894447,0.541958,0.05,300,300,300,300,300,300,295,300,300,59,83,91,44,48,56,1,13.9145,0.0463817,-0
dual_l1_c0,0,679,2,0.301474,0.0230457,-0.401824,0.93903,2357.33,5.50167,7.83943,0.755318,0.336811,0.0125061,0.0131747,0.037818,0.532398,0.206943,0.167643,0.578687,1,1,12,63,1,0.622682,0.720072,0.308049,0.627138,1,2224.69,0.00346099,0.20695,0.894447,0.541958,0.05,300,300,300,300,300,300,59,63,300,55,59,67,48,52,60,1,10.9416,0.0364721,8.55468e-17
dual_l1_c0,0,680,3,0.522951,0.084517,0.190272,1.02141,1864.82,0.46248,6.21454,0.204533,0.0128515,0.00784395,0.013599,0.0347021,0.0875277,0.139909,0.727278,0.0434923,1,1,19,69,1,0.170385,0.220512,0.635693,0.0757132,1,1848.16,0.00346099,0.20695,0.894447,0.541958,0.05,300,300,300,300,300,300,65,69,300,48,52,60,44,48,56,1,18.3311,0.0611036,-0
dual_l1_c0,0,681,7,0.366507,0.00380955,-0.320379,0.919648,2369.66,4.33018,7.88443,0.646528,0.440908,0.0236324,0.0172465,0.0248864,0.729674,0.147856,0.467275,0.323991,1,1,20,190,1,0.634363,0.516365,0.187378,0.0873338,1,2306.78,0.00346099,0.20695,0.894447,0.541958,0.05,300,300,300,300,300,300,127,190,300,60,64,72,48,52,60,1,10.0784,0.0335946,-0
dual_l1_c0,0,682,1,0.350709,0.0196479,0.0504986,1.08567,2424.04,3.32047,8.06907,0.560732,0.182992,0.0236529,0.0165778,0.0411998,0.414911,0.370209,0.257136,0.29894,0,6.39151e-18,19,300,0,0.560732,0.414911,0.257136,0.29894,0,2420.72,0.00346099,0.20695,0.894447,0.541958,0.05,300,300,300,300,300,300,144,300,300,78,82,146,54,58,66,1,25.8811,0.0862702,2.5305e-16
dual_l1_c0,0,683,5,0.339714,0.00233967,-0.00360084,1.02373,1088.05,1.98734,3.6202,0.456543,0.127967,0.0170253,0.0134848,0.0239023,0.235968,0.233972,0.396565,0.15481,1,1,0,300,0,0.456543,0.235968,0.396565,0.15481,1,1086.06,0.00346099,0.20695,0.894447,0.541958,0.05,300,300,300,300,300,300,300,300,300,67,71,79,32,36,57,1,2.03454,0.00678181,-0
dual_l1_c0,0,684,7,0.367117,0.129289,-0.268444,1.03729,1799.96,2.83625,5.99041,0.531197,0.142739,0.0263545,0.00647349,0.0322027,0.153549,0.197506,0.274475,0.420048,1,1,23,126,1,0.47785,0.341397,0.339572,0.411829,1,1771.24,0.00346099,0.20695,0.894447,0.541958,0.05,300,300,300,300,300,300,71,126,134,52,56,64,33,53,61,1,12.3739,0.0412464,-0
dual_l1_c0,0,685,7,0.356657,0.147585,0.239623,0.982078,2564.87,0.393096,8.54827,0.195492,0.0312797,0.0244582,0.0211941,0.0235569,0.413063,0.240451,0.479239,0.0619027,1,1,29,256,1,0.132347,0.394565,0.469714,0.103063,1,2559.09,0.00346099,0.20695,0.894447,0.541958,0.05,300,300,300,300,300,300,96,256,300,53,66,74,48,52,60,1,14.7496,0.0491655,-0
dual_l1_c0,0,686,0,0.381853,0.125426,0.0135471,1.0137,2122.4,0.735877,7.07222,0.270965,0.0219833,0.0277239,0.0129459,0.0191749,0.186333,0.156822,0.43714,0.171941,1,1,1,77,1,0.37245,0.141589,0.621215,0.124403,1,2104.17,0.00346099,0.20695,0.894447,0.541958,0.05,300,300,300,300,300,300,73,77,85,55,68,76,37,41,65,1,5.00179,0.0166726,-0
dual_l1_c0,0,687,6,0.362661,0.196502,0.425625,1.08233,2018.28,0.348683,6.72643,0.216159,0.0569932,0.0344983,0.010375,0.0346956,0.428875,0.0691458,0.267042,0.20883,1,1,26,300,0,0.216159,0.428875,0.267042,0.20883,1,2017.93,0.00346099,0.20695,0.894447,0.541958,0.05,300,300,300,300,300,300,245,300,300,50,77,96,37,48,56,1,13.7896,0.0459655,-0
dual_l1_c0,0,688,3,0.38801,0.0831128,0.239587,1.09405,867.08,0.171225,2.8897,0.124227,0.0311085,0.029556,0.0102562,0.00726631,0.280006,0.131158,0.493147,0.127993,1,1,33,110,1,0.226221,0.417965,0.681463,0.291584,1,844.927,0.00346099,0.20695,0.894447,0.541958,0.05,300,300,300,300,300,300,67,110,179,46,50,58,32,41,49,1,4.04656,0.0134885,2.60327e-34
dual_l1_c0,0,689,2,0.443063,0.0998546,0.422056,1.05129,1409.63,1.25104,4.69459,0.340535,0.0423546,0.0193609,0.00763733,0.0377228,0.500087,0.267395,0.548702,0.189521,0,0.0012166,0,300,0,0.340535,0.500087,0.548702,0.189521,0,1408.38,0.00346099,0.20695,0.894447,0.541958,0.05,300,300,300,300,300,300,111,300,300,79,83,104,36,40,48,1,26.2584,0.087528,0.124954
dual_l1_c0,0,690,2,0.324673,0.120219,-0.0294055,1.04662,1201.12,0.152779,4.00323,0.116716,0.0258983,0.0194824,0.010555,0.0269729,0.190611,0.141891,0.280733,0.281521,0,2.19007e-12,1,52,1,0.365718,0.25348,0.267188,0.307755,1,1179.26,0.00346099,0.20695,0.894447,0.541958,0.05,300,300,300,300,300,300,48,52,60,45,49,57,37,41,49,1,19.3959,0.0646529,5.8797e-11
dual_l1_c0,0,691,2,0.499498,0.0839441,-0.0495217,0.902507,1084.67,0.328776,3.61446,0.202817,0.0563437,0.0350832,0.0209246,0.0475995,0.282724,0.271528,0.597524,0.294159,1,1,0,279,1,0.284868,0.163364,0.604246,0.217134,1,1081.59,0.00346099,0.20695,0.894447,0.541958,0.05,300,300,300,300,300,300,192,279,300,52,81,99,28,50,58,1,1.19407,0.00398024,-0
dual_l1_c0,0,692,4,0.383748,0.161559,-0.394632,0.968948,1286.3,2.95316,4.27783,0.54441,0.270016,0.0175257,0.00783396,0.0161189,0.679705,0.143655,0.320404,0.554389,1,1,19,87,1,0.307258,0.613433,0.384728,0.545314,1,1216.39,0.00346099,0.20695,0.894447,0.541958,0.05,300,300,300,300,300,300,75,87,129,42,58,79,26,30,38,1,5.1091,0.0170303,-0
dual_l1_c0,0,693,2,0.428468,0.08856,-0.166994,0.923346,1301.97,3.20359,4.32922,0.57643,0.0974272,0.0213033,0.0230576,0.0331208,0.177697,0.282318,0.417493,0.43501,0,0,-1,85,1,0.711472,0.322668,0.624086,0.446777,0,1261.24,0.00346099,0.20695,0.894447,0.541958,0.05,300,300,300,300,300,300,81,85,105,44,53,86,38,42,50,1,2.51976,0.00839922,2.90539e-28
dual_l1_c0,0,694,3,0.492475,0.143456,-0.384138,0.922587,1890.26,3.52585,6.2891,0.594217,0.21073,0.0465867,0.0023659,0.0319634,0.273866,0.297524,0.738111,0.366655,1,1,16,73,1,0.751228,0.422808,0.611985,0.696568,1,1799.75,0.00346099,0.20695,0.894447,0.541958,0.05,300,300,300,300,300,300,58,73,140,36,53,61,34,38,46,1,17.0305,0.0567684,2.51889e-19
dual_l1_c0,0,695,6,0.376927,0.167262,0.0182943,1.01959,1021.35,0.344165,3.40336,0.187835,0.0670384,0.0202891,0.0169391,0.0132346,0.0579192,0.0930685,0.401407,0.114906,1,1,0,89,1,0.204752,0.171181,0.400694,0.219688,1,1006.02,0.00346099,0.20695,0.894447,0.541958,0.05,300,300,300,300,300,300,59,89,153,46,50,58,35,39,47,1,4.52215,0.0150738,-0
dual_l1_c0,0,696,7,0.337849,0.177491,0.0990855,1.05837,1938.06,0.150622,6.45971,0.101242,0.0171487,0.0409082,0.00546021,0.0359252,0.325017,0.220711,0.521201,0.0725171,1,1,21,182,1,0.223646,0.122474,0.444026,0.227521,1,1932.21,0.00346099,0.20695,0.894447,0.541958,0.05,300,300,300,300,300,300,88,182,300,62,66,86,45,49,57,1,13.9523,0.0465077,-0
dual_l1_c0,0,697,3,0.34452,0.0123419,0.336366,0.951764,1132.04,0.406856,3.77211,0.248906,0.0179498,0.0115297,0.0129292,0.0454264,0.614264,0.0979728,0.320912,0.412356,0,9.31315e-10,8,300,0,0.248906,0.614264,0.320912,0.412356,0,1131.63,0.00346099,0.20695,0.894447,0.541958,0.05,300,300,300,300,300,300,190,300,300,54,58,66,35,39,47,1,5.71989,0.0190663,1.93661e-08
dual_l1_c0,0,698,1,0.353034,0.141775,-0.176096,1.09845,2183.2,0.815351,7.27461,0.286138,0.117222,0.0340162,0.0192001,0.036108,0.339338,0.0630625,0.316743,0.234296,0,8.85202e-28,26,107,1,0.544494,0.481861,0.345641,0.398416,0,2144.87,0.00346099,0.20695,0.894447,0.541958,0.05,300,300,300,300,300,300,86,107,300,58,62,80,41,58,66,1,20.5771,0.0685905,2.18188e-15
dual_l1_c0,0,699,4,0.479168,0.174152,-0.318981,0.990794,1979.79,1.27022,6.59505,0.357716,0.216617,0.0168306,0.0073165,0.0256317,0.407996,0.125366,0.459937,0.525451,1,1,42,156,1,0.684909,0.69972,0.500168,0.517797,1,1941.74,0.00346099,0.20695,0.894447,0.541958,0.05,300,300,300,300,300,300,143,156,206,57,61,78,37,48,56,1,6.76662,0.0225554,-0
dual_l1_c0,0,700,4,0.473719,0.0623472,-0.134453,0.938906,1812.92,1.39218,6.03843,0.426157,0.264638,0.0199972,0.0127393,0.0529849,0.2855,0.261509,0.48459,0.218406,1,1,47,60,1,0.67968,0.333013,0.533095,0.308388,1,1747,0.00346099,0.20695,0.894447,0.541958,0.05,300,300,300,300,300,300,56,60,300,50,54,78,37,52,60,1,9.55563,0.0318521,-0
dual_l1_c0,0,701,1,0.356715,0.0889703,0.089087,1.07016,1209.7,0.432874,4.03089,0.212867,0.0500922,0.0235356,0.00939546,0.0387878,0.259797,0.132917,0.425194,0.09273,1,1,1,103,1,0.205391,0.199743,0.476231,0.122247,1,1197.06,0.00346099,0.20695,0.894447,0.541958,0.05,300,300,300,300,300,300,99,103,123,66,70,93,33,37,45,1,10.6063,0.0353545,6.4456e-19
dual_l1_c0,0,702,0,0.545077,0.0260589,0.193308,0.960655,2057.54,0.304995,6.85745,0.162388,0.0233335,0.0192302,0.00371553,0.0197314,0.159977,0.238402,0.632377,0.127182,1,1,21,300,0,0.162388,0.159977,0.632377,0.127182,1,2057.24,0.00346099,0.20695,0.894447,0.541958,0.05,300,300,300,300,300,300,129,300,300,63,67,75,43,47,55,1,21.3577,0.0711923,-0
dual_l1_c0,0,703,6,0.317138,0.146917,-0.298107,0.95164,1549.66,3.49861,5.15387,0.580505,0.185994,0.0245412,0.0131187,0.0246586,0.565154,0.224801,0.433702,0.525533,1,1,13,65,1,0.365823,0.533545,0.368643,0.550493,1,1489.11,0.00346099,0.20695,0.894447,0.541958,0.05,300,300,300,300,300,300,54,65,92,48,52,60,30,34,42,1,12.0887,0.0402955,-0
dual_l1_c0,0,704,1,0.321578,0.096759,-0.305944,0.913108,1755.89,3.03061,5.84287,0.566056,0.19135,0.0260227,0.0157292,0.0650227,0.228261,0.093816,0.338588,0.602781,0,8.43042e-31,0,67,1,0.893377,0.461116,0.375207,0.392032,1,1690.36,0.00346099,0.20695,0.894447,0.541958,0.05,300,300,300,300,300,300,63,67,300,47,51,59,46,50,58,1,26.4289,0.0880964,6.04605e-29
dual_l1_c0,0,705,4,0.366036,0.140393,-0.0952622,0.999699,2017.78,0.746531,6.72346,0.266906,0.0646132,0.0376932,0.0142864,0.0357313,0.178983,0.24114,0.22105,0.264092,1,1,21,110,1,0.328777,0.097225,0.433275,0.347848,1,1998.85,0.00346099,0.20695,0.894447,0.541958,0.05,300,300,300,300,300,300,91,110,143,46,69,77,41,45,53,1,10.3564,0.0345212,-0
dual_l1_c0,0,706,6,0.5452,0.0996298,0.22546,0.928364,2484.63,0.165082,8.28157,0.128391,0.0115359,0.03201,0.00307704,0.0300266,0.303112,0.11071,0.660561,0.133674,1,1,32,182,1,0.160941,0.238988,0.603347,0.0830061,1,2475.62,0.00346099,0.20695,0.894447,0.541958,0.05,300,300,300,300,300,300,117,182,300,68,72,96,50,54,62,1,13.3671,0.0445571,-0
dual_l1_c0,0,707,3,0.498048,0.0861556,-0.297585,0.900749,1283.21,1.77783,4.27143,0.437865,0.27363,0.0243959,0.0209228,0.0336987,0.335965,0.336929,0.614167,0.471889,0,0,11,67,1,0.608124,0.619594,0.421829,0.441915,0,1214.96,0.00346099,0.20695,0.894447,0.541958,0.05,300,300,300,300,300,300,57,67,102,45,49,57,27,31,39,1,12.3248,0.0410825,-0
dual_l1_c0,0,708,5,0.26284,0.0284513,-0.0932747,0.996187,1934.33,4.74133,6.43197,0.70677,0.282796,0.0156546,0.00547136,0.0317321,0.286122,0.128129,0.137837,0.0502812,1,1,0,68,1,0.831787,0.680514,0.351334,0.245583,0,1810.75,0.00346099,0.20695,0.894447,0.541958,0.05,300,300,300,300,300,300,64,68,300,49,53,61,39,43,51,1,19.7042,0.0656806,1.56827e-11
dual_l1_c0,0,709,1,0.445876,0.199552,-0.121183,1.06341,1240.28,1.25909,4.13007,0.356768,0.140507,0.0206478,0.013971,0.0357922,0.115993,0.199548,0.510898,0.223235,1,0.997794,0,117,1,0.224034,0.277976,0.502419,0.189163,1,1215.89,0.00346099,0.20695,0.894447,0.541958,0.05,300,300,300,300,300,300,54,117,271,45,49,57,37,41,49,1,5.16549,0.0172183,0.0156957
dual_l1_c0,0,710,4,0.304674,0.146405,0.100844,0.961356,1872.54,0.0594023,6.2416,0.0672305,0.0155608,0.0238024,0.0164045,0.0158651,0.282192,0.0919345,0.0918028,0.126213,1,1,20,55,1,0.212441,0.0476284,0.372232,0.0505042,1,1857.91,0.00346099,0.20695,0.894447,0.541958,0.05,300,300,300,300,300,300,51,55,300,46,50,58,30,34,42,1,9.05808,0.0301936,-0
dual_l1_c0,0,711,3,0.23962,0.102064,-0.134822,0.905847,1106.92,0.535075,3.68794,0.22431,0.127765,0.024038,0.010549,0.0236492,0.305147,0.16269,0.149258,0.293431,1,0.998177,5,130,1,0.127765,0.149887,0.151269,0.431325,1,1090.76,0.00346099,0.20695,0.894447,0.541958,0.05,300,300,300,300,300,300,102,130,138,48,52,86,41,45,69,1,33.7767,0.112589,0.0133228
dual_l1_c0,0,712,3,0.300499,0.134949,-0.4475,1.08956,975.84,1.63971,3.24733,0.402851,0.263313,0.0156432,0.00928825,0.0262912,0.498859,0.10135,0.183592,0.622137,0,0,0,61,1,0.529755,0.585617,0.150927,0.682899,1,892.514,0.00346099,0.20695,0.894447,0.541958,0.05,300,300,300,300,300,300,57,61,137,42,46,54,37,41,49,1,6.751,0.0225033,-0
dual_l1_c0,0,713,2,0.211592,0.0335855,-0.0671462,1.01646,2005.9,2.29785,6.67869,0.472473,0.361106,0.0168522,0.0043536,0.0617449,0.608625,0.221811,0.182397,0.434623,1,1,2,300,0,0.472473,0.608625,0.182397,0.434623,1,2003.61,0.00346099,0.20695,0.894447,0.541958,0.05,300,300,300,300,300,300,144,300,300,49,53,110,40,44,52,1,12.0094,0.0400313,6.2792e-25
dual_l1_c0,0,714,1,0.450416,0.107787,0.213084,1.09839,2296.95,0.134378,7.65605,0.130754,0.0233356,0.0134282,0.0165859,0.0177784,0.377682,0.070504,0.76886,0.143702,0,1.59333e-24,21,178,1,0.113606,0.259623,0.395841,0.191828,1,2286.67,0.00346099,0.20695,0.894447,0.541958,0.05,300,300,300,300,300,300,143,178,300,56,71,88,45,49,57,1,21.6866,0.0722888,8.73084e-23
dual_l1_c0,0,715,0,0.344836,0.131278,-0.05335,0.909843,969.216,0.210767,3.23002,0.160928,0.141013,0.0428821,0.00749308,0.0332441,0.166123,0.28147,0.276339,0.229616,1,1,13,58,1,0.219485,0.381149,0.302795,0.326431,1,935.11,0.00346099,0.20695,0.894447,0.541958,0.05,300,300,300,300,300,300,54,58,300,41,45,53,20,33,41,1,11.1913,0.0373045,5.77959e-36
dual_l1_c0,0,716,5,0.293717,0.198574,-0.171555,0.933289,872.894,2.17561,2.9024,0.471775,0.165192,0.0246346,0.00559629,0.0068683,0.291635,0.322577,0.205275,0.331119,1,1,0,124,1,0.33186,0.414976,0.435139,0.237593,1,846.004,0.00346099,0.20695,0.894447,0.541958,0.05,300,300,300,300,300,300,63,124,201,41,45,53,27,43,51,1,0.964318,0.00321439,-0
dual_l1_c0,0,717,1,0.410313,0.0571686,0.105979,0.954744,1102.77,0.0622666,3.6757,0.083233,0.0307064,0.0134541,0.00604311,0.0169815,0.568771,0.141054,0.427937,0.273161,1,0.87828,0,62,1,0.159751,0.330617,0.540934,0.122406,1,1078.1,0.00346099,0.20695,0.894447,0.541958,0.05,300,300,300,300,300,300,58,62,134,44,48,56,36,40,48,1,4.12144,0.0137381,0.370338
dual_l1_c0,0,718,5,0.37775,0.00693107,-0.311058,1.04049,2618.9,11.9337,8.68989,1.09318,0.470882,0.0132798,0.00400457,0.0253466,0.677971,0.504297,0.283951,0.775743,0,0,0,190,1,0.655727,0.410504,0.347591,0.530556,0,2529.14,0.00346099,0.20695,0.894447,0.541958,0.05,300,300,300,300,300,300,180,190,300,55,68,134,43,47,55,1,14.9727,0.049909,-0
dual_l1_c0,0,719,5,0.157588,0.0718401,0.0391523,1.09769,1709.67,0.336284,5.69777,0.190684,0.0259645,0.0265304,0.0164358,0.0363275,0.236926,0.109465,0.267023,0.175195,1,1,12,203,1,0.0589602,0.212291,0.23832,0.161286,1,1704.94,0.00346099,0.20695,0.894447,0.541958,0.05,300,300,300,300,300,300,190,203,247,62,72,96,38,42,50,1,11.0872,0.0369575,-0
dual_l1_c0,0,720,4,0.279568,0.102941,0.0986828,0.988414,1068.61,1.30963,3.55768,0.363033,0.0145801,0.0185848,0.01133,0.016103,0.134099,0.161485,0.272885,0.041719,1,1,15,102,1,0.22073,0.218858,0.249531,0.107707,1,1056.49,0.00346099,0.20695,0.894447,0.541958,0.05,300,300,300,300,300,300,71,102,295,44,48,94,39,43,51,1,2.29327,0.00764424,-0
dual_l1_c0,0,721,2,0.25536,0.0632013,0.226254,0.900337,1929.38,0.132663,6.43081,0.114838,0.0198564,0.0141579,0.0161329,0.0322658,0.162516,0.183397,0.327287,0.221962,1,0.99999,12,166,1,0.0995792,0.252478,0.395894,0.0997233,1,1920.1,0.00346099,0.20695,0.894447,0.541958,0.05,300,300,300,300,300,300,141,166,300,53,57,65,40,44,52,1,13.91,0.0463666,0.000120125
dual_l1_c0,0,722,0,0.526699,0.0503685,-0.269538,0.974908,2204.49,0.918419,7.34523,0.341038,0.151776,0.0416447,0.0178158,0.0294756,0.225821,0.292555,0.588597,0.499223,1,1,22,162,1,0.443572,0.304741,0.58636,0.353856,1,2171.67,0.00346099,0.20695,0.894447,0.541958,0.05,300,300,300,300,300,300,60,162,274,59,63,71,44,48,56,1,13.0719,0.0435729,5.7173e-43
dual_l1_c0,0,723,7,0.406937,0.0135129,0.00518382,1.06716,1892.91,0.499221,6.30803,0.228771,0.0594398,0.0100801,0.0204151,0.0126523,0.195287,0.220858,0.466214,0.214192,1,1,7,253,1,0.0598128,0.287083,0.501053,0.297198,1,1889.82,0.00346099,0.20695,0.894447,0.541958,0.05,300,300,300,300,300,300,102,253,291,61,65,73,41,45,53,1,17.4758,0.0582527,-0
dual_l1_c0,0,724,5,0.299477,0.014057,-0.31091,1.00162,1229.96,1.55492,4.09469,0.398952,0.363117,0.0242167,0.00769132,0.0287177,0.265118,0.0800641,0.280444,0.596228,1,1,24,181,1,0.509702,0.394253,0.441134,0.47729,1,1200.03,0.00346099,0.20695,0.894447,0.541958,0.05,300,300,300,300,300,300,156,181,189,56,79,163,35,50,58,1,8.98567,0.0299522,-0
dual_l1_c0,0,725,2,0.602741,0.00139787,-0.25337,0.956637,2229.61,11.7508,7.39285,1.07715,0.374892,0.0292874,0.0171081,0.0214293,0.807924,0.338946,0.498221,0.33239,1,1,17,300,0,1.07715,0.807924,0.498221,0.33239,1,2217.86,0.00346099,0.20695,0.894447,0.541958,0.05,300,300,300,300,300,300,233,300,300,64,81,130,47,51,59,1,4.83641,0.0161214,-0
dual_l1_c0,0,726,7,0.375656,0.0585561,0.451629,1.0704,1922.06,0.387278,6.40556,0.230765,0.0410263,0.0254452,0.00546949,0.0269815,0.48481,0.13972,0.170194,0.0879771,1,1,22,119,1,0.132894,0.401531,0.243854,0.246653,1,1886.56,0.00346099,0.20695,0.894447,0.541958,0.05,300,300,300,300,300,300,115,119,127,56,74,82,54,58,66,1,13.9938,0.0466462,-0
dual_l1_c0,0,727,7,0.404224,0.173771,0.136738,0.924289,1185.71,0.523194,3.95063,0.224964,0.0179544,0.0133551,0.0118401,0.0244084,0.219944,0.0596589,0.320471,0.0880265,1,1,6,117,1,0.227931,0.2161,0.329336,0.0876904,1,1168.27,0.00346099,0.20695,0.894447,0.541958,0.05,300,300,300,300,300,300,66,117,264,54,58,66,45,49,57,1,15.7353,0.052451,-0
dual_l1_c0,0,728,4,0.37066,0.0909994,0.467556,1.07998,1868.57,0.436951,6.22712,0.203623,0.0456077,0.0273817,0.013216,0.0244861,0.445755,0.133995,0.568217,0.249033,1,1,29,251,1,0.116158,0.367737,0.410219,0.457869,1,1860.12,0.00346099,0.20695,0.894447,0.541958,0.05,300,300,300,300,300,300,190,251,300,56,70,78,35,39,47,1,10.2434,0.0341447,-0
dual_l1_c0,0,729,0,0.396734,0.1008,-0.236238,1.01351,2176.69,2.34251,7.24781,0.51156,0.155486,0.0523944,0.0107632,0.019139,0.0832944,0.179958,0.332737,0.534847,1,1,21,69,1,0.415075,0.286743,0.346502,0.376061,1,2130.43,0.00346099,0.20695,0.894447,0.541958,0.05,300,300,300,300,300,300,65,69,77,44,48,56,34,38,46,1,19.7759,0.0659196,4.41155e-31
dual_l1_c0,0,730,4,0.53889,0.135791,-0.0526677,1.02321,955.626,1.02528,3.182,0.312496,0.0106578,0.0137861,0.0131332,0.00636787,0.131572,0.291764,0.456564,0.220903,1,1,16,137,1,0.056518,0.15537,0.481379,0.251522,1,946.237,0.00346099,0.20695,0.894447,0.541958,0.05,300,300,300,300,300,300,65,137,187,41,45,53,32,36,44,1,4.53811,0.015127,-0
dual_l1_c0,0,731,0,0.301695,0.0512075,0.352219,0.900438,1153.67,0.86199,3.84268,0.261544,0.0316336,0.0372666,0.0150887,0.0363805,0.319499,0.196085,0.525044,0.367293,1,1,0,300,0,0.261544,0.319499,0.525044,0.367293,1,1152.8,0.00346099,0.20695,0.894447,0.541958,0.05,300,300,300,300,300,300,85,300,300,46,50,113,32,36,44,1,3.43089,0.0114363,-0
dual_l1_c0,0,732,2,0.422728,0.180893,0.401215,1.05402,1508.41,1.12462,5.02429,0.323234,0.055929,0.0159002,0.0184594,0.055117,0.462982,0.246159,0.294965,0.181102,0,7.94528e-09,0,300,0,0.323234,0.462982,0.294965,0.181102,0,1507.29,0.00346099,0.20695,0.894447,0.541958,0.05,300,300,300,300,300,300,83,300,300,79,83,91,39,43,67,1,19.9131,0.0663769,1.48185e-07
dual_l1_c0,0,733,3,0.390046,0.0227648,-0.209783,0.904187,1401.67,3.78138,4.65962,0.635765,0.309557,0.0268538,0.00899014,0.0424866,0.150909,0.20611,0.461122,0.421618,1,1,10,82,1,0.651354,0.370419,0.640949,0.0749861,1,1264.04,0.00346099,0.20695,0.894447,0.541958,0.05,300,300,300,300,300,300,67,82,300,48,59,67,32,36,44,1,9.02031,0.0300677,6.92235e-33
dual_l1_c0,0,734,3,0.429704,0.0967878,0.258809,0.917072,1633.75,0.0352446,5.4457,0.0660196,0.00722071,0.0204895,0.00131578,0.0130573,0.276992,0.192299,0.30148,0.214426,0,1.21108e-12,-1,269,1,0.258573,0.283787,0.346195,0.0749239,0,1630.73,0.00346099,0.20695,0.894447,0.541958,0.05,300,300,300,300,300,300,100,269,300,45,79,87,42,46,54,1,10.4272,0.0347575,3.32314e-11
dual_l1_c0,0,735,2,0.548185,0.0669807,-0.0191746,1.08953,1694.9,0.434167,5.64822,0.18897,0.0134001,0.0198703,0.0121878,0.0212371,0.262095,0.276452,0.626284,0.302909,0,5.95381e-28,1,236,1,0.183794,0.331776,0.579697,0.401197,0,1690.5,0.00346099,0.20695,0.894447,0.541958,0.05,300,300,300,300,300,300,189,236,300,48,52,121,35,46,54,1,18.7962,0.0626539,3.73235e-26
dual_l1_c0,0,736,3,0.353588,0.032842,-0.425244,0.969101,2173.8,6.7578,7.22348,0.813224,0.684323,0.0299959,0.0224095,0.0229923,0.82609,0.207108,0.694089,0.49854,1,1,17,300,0,0.813224,0.82609,0.694089,0.49854,1,2167.04,0.00346099,0.20695,0.894447,0.541958,0.05,300,300,300,300,300,300,265,300,300,79,121,129,44,48,89,1,17.8262,0.0594208,-0
dual_l1_c0,0,737,1,0.403733,0.0877216,-0.326605,0.92343,1392.3,4.85432,4.62481,0.722386,0.129214,0.0281441,0.0239934,0.0260228,0.17188,0.229904,0.756265,0.0576118,0,1.91361e-09,10,92,1,0.626374,0.696096,0.644588,0.395568,1,1308.08,0.00346099,0.20695,0.894447,0.541958,0.05,300,300,300,300,300,300,82,92,160,52,65,73,33,44,52,1,20.3493,0.0678311,3.84144e-08
dual_l1_c0,0,738,5,0.437537,0.0270939,-0.16418,0.970106,2077.4,2.22437,6.91726,0.456209,0.123111,0.0247064,0.00167499,0.0262772,0.307593,0.412011,0.415215,0.126122,1,1,0,70,1,0.460061,0.398695,0.485742,0.211897,1,2029.69,0.00346099,0.20695,0.894447,0.541958,0.05,300,300,300,300,300,300,66,70,87,52,56,64,47,51,59,1,9.06933,0.0302311,-0
dual_l1_c0,0,739,0,0.499162,0.12157,0.429373,0.937751,1290.43,0.429935,4.3,0.194956,0.0424634,0.031787,0.0082755,0.0369967,0.512913,0.187299,0.495074,0.0971309,1,1,12,300,0,0.194956,0.512913,0.495074,0.0971309,1,1290,0.00346099,0.20695,0.894447,0.541958,0.05,300,300,300,300,300,300,147,300,300,54,58,95,36,46,54,1,9.54279,0.0318093,-0
dual_l1_c0,0,740,4,0.232929,0.18128,-0.0694331,1.0907,1101.86,0.29816,3.67187,0.179467,0.0290888,0.0250776,0.0113276,0.0378042,0.196322,0.210257,0.218579,0.215288,1,1,14,73,1,0.170547,0.552066,0.269924,0.329818,1,1083.84,0.00346099,0.20695,0.894447,0.541958,0.05,300,300,300,300,300,300,69,73,300,50,59,67,40,44,52,1,10.6744,0.0355813,-0
dual_l1_c0,0,741,0,0.472585,0.0674545,0.292088,0.934479,1627.67,0.213238,5.42487,0.152367,0.0280018,0.0498185,0.0085968,0.0435604,0.277082,0.117469,0.553844,0.0681857,1,1,20,105,1,0.103108,0.24038,0.562433,0.123708,1,1609.47,0.00346099,0.20695,0.894447,0.541958,0.05,300,300,300,300,300,300,75,105,300,58,67,75,50,54,62,1,16.558,0.0551933,-0
dual_l1_c0,0,742,7,0.376766,0.0757947,0.0504601,0.90155,1808.49,0.460837,6.02677,0.180288,0.0428851,0.0289383,0.0180537,0.0461512,0.613809,0.288503,0.399744,0.183963,1,1,21,124,1,0.0744882,0.374877,0.198155,0.149673,1,1795.21,0.00346099,0.20695,0.894447,0.541958,0.05,300,300,300,300,300,300,57,124,132,47,51,59,35,39,47,1,15.6165,0.0520549,-0
dual_l1_c0,0,743,5,0.41904,0.178721,-0.128014,1.04547,1476.11,0.606185,4.91833,0.26028,0.106389,0.0184607,0.0128429,0.0308944,0.305235,0.171302,0.55524,0.350806,1,1,0,102,1,0.314441,0.318457,0.443551,0.183996,1,1456.83,0.00346099,0.20695,0.894447,0.541958,0.05,300,300,300,300,300,300,98,102,144,57,69,103,42,46,54,1,13.1651,0.0438835,-0
dual_l1_c0,0,744,3,0.303077,0.156138,0.397887,1.05071,1487.34,0.637995,4.95567,0.233361,0.0851551,0.0171128,0.0153627,0.055417,0.293657,0.12566,0.393534,0.0543229,1,1,3,300,0,0.233361,0.293657,0.393534,0.0543229,1,1486.7,0.00346099,0.20695,0.894447,0.541958,0.05,300,300,300,300,300,300,215,300,300,86,90,194,33,37,45,1,9.54443,0.0318148,6.32702e-24
dual_l1_c0,0,745,1,0.535009,0.00442023,0.207418,0.996227,2675.34,0.700725,8.91547,0.21925,0.152346,0.0227924,0.00934949,0.0339103,0.453309,0.529404,0.460938,0.0373917,0,0,1,300,0,0.21925,0.453309,0.460938,0.0373917,0,2674.64,0.00346099,0.20695,0.894447,0.541958,0.05,300,300,300,300,300,300,300,300,300,83,87,95,51,85,93,1,5.71079,0.019036,-0
dual_l1_c0,0,746,6,0.280339,0.128993,0.156511,0.915451,2037.98,0.150893,6.79276,0.13667,0.0253215,0.0198214,0.0152723,0.0339422,0.280186,0.0571954,0.46111,0.120051,1,1,16,79,1,0.20619,0.237273,0.203123,0.138453,1,2024.6,0.00346099,0.20695,0.894447,0.541958,0.05,300,300,300,300,300,300,68,79,274,53,57,65,38,42,50,1,11.9467,0.0398222,-0
dual_l1_c0,0,747,7,0.324355,0.0443512,-0.214155,0.971429,2137.32,0.597615,7.12241,0.251366,0.0517098,0.0103701,0.00890163,0.0605903,0.137878,0.284764,0.44354,0.0110317,1,1,11,93,1,0.159115,0.163766,0.490827,0.353634,1,2087.39,0.00346099,0.20695,0.894447,0.541958,0.05,300,300,300,300,300,300,71,93,300,49,53,61,36,51,59,1,21.413,0.0713765,-0
dual_l1_c0,0,748,5,0.4184,0.0419795,0.292158,0.968308,2113.56,0.268143,7.04432,0.2151,0.0504367,0.0339757,0.0146698,0.00714966,0.313917,0.0754953,0.680977,0.181787,1,1,0,138,1,0.188671,0.356539,0.413219,0.149901,1,2094.65,0.00346099,0.20695,0.894447,0.541958,0.05,300,300,300,300,300,300,134,138,300,50,75,123,40,44,52,1,11.853,0.0395099,-0
dual_l1_c0,0,749,4,0.38916,0.151122,0.431199,0.906947,1220.07,0.420583,4.06551,0.204692,0.011919,0.042205,0.00856356,0.0413903,0.432371,0.0691961,0.473156,0.251479,1,1,1,102,1,0.0970832,0.459458,0.468657,0.211632,1,1186.53,0.00346099,0.20695,0.894447,0.541958,0.05,300,300,300,300,300,300,98,102,300,50,54,107,39,43,51,1,8.84559,0.0294853,-0
dual_l1_c0,0,750,1,0.223214,0.165008,0.14448,1.06792,1090.94,0.308585,3.63545,0.150885,0.0298375,0.0219909,0.0133091,0.055691,0.298679,0.278206,0.194627,0.0923439,0,2.8026e-45,1,79,1,0.22248,0.317743,0.284592,0.0706905,0,1074.41,0.00346099,0.20695,0.894447,0.541958,0.05,300,300,300,300,300,300,75,79,117,64,68,76,43,47,55,1,8.32677,0.0277559,2.16759e-06
dual_l1_c0,0,751,7,0.605005,0.0907194,-0.498976,0.901526,1377,6.40416,4.56866,0.780407,0.433275,0.027631,0.0169796,0.034641,0.770826,0.226344,0.578623,0.758149,1,1,19,66,1,0.834812,0.665099,0.465887,0.709168,1,1216.69,0.00346099,0.20695,0.894447,0.541958,0.05,300,300,300,300,300,300,56,66,74,43,47,55,30,34,53,1,16.0302,0.0534339,-0
dual_l1_c0,0,752,7,0.287386,0.146118,-0.438777,1.03065,1580.29,5.07143,5.25072,0.702253,0.328515,0.0392653,0.00404335,0.0176386,0.410774,0.122281,0.261755,0.62777,1,1,0,92,1,0.43171,0.397313,0.258314,0.596377,1,1497.4,0.00346099,0.20695,0.894447,0.541958,0.05,300,300,300,300,300,300,88,92,200,45,49,71,38,42,50,1,8.2292,0.0274307,-0
dual_l1_c0,0,753,3,0.421507,0.122888,-0.414423,0.903916,1786.02,2.08388,5.94646,0.470955,0.346976,0.0342463,0.00760793,0.0300178,0.591735,0.221304,0.421987,0.682074,1,1,0,139,1,0.354137,0.794936,0.48352,0.576957,1,1723.6,0.00346099,0.20695,0.894447,0.541958,0.05,300,300,300,300,300,300,76,139,300,48,61,69,42,46,54,1,18.7179,0.0623929,-0
dual_l1_c0,0,754,2,0.494863,0.0304682,0.284559,0.983999,1860.72,0.516219,6.20067,0.211905,0.0242217,0.0434772,0.010705,0.0302402,0.300134,0.192644,0.367502,0.163665,1,0.999453,1,247,1,0.288011,0.286411,0.529162,0.0256577,1,1853,0.00346099,0.20695,0.894447,0.541958,0.05,300,300,300,300,300,300,243,247,300,50,62,70,36,40,48,1,7.40986,0.0246995,0.00465224
dual_l1_c0,0,755,6,0.4766,0.13546,-0.21526,0.938332,1535.51,0.965767,5.11514,0.277684,0.0649954,0.0273139,0.00458493,0.0319128,0.314738,0.345811,0.479428,0.366105,1,1,6,72,1,0.639268,0.545421,0.466428,0.47829,1,1500.72,0.00346099,0.20695,0.894447,0.541958,0.05,300,300,300,300,300,300,59,72,267,48,52,60,31,35,43,1,11.2264,0.0374213,-0
dual_l1_c0,0,756,3,0.402085,0.0756696,0.364883,1.03854,1335.82,0.275643,4.45181,0.162526,0.0170775,0.0220482,0.0119238,0.0340245,0.247665,0.139166,0.451243,0.226653,1,1,4,300,0,0.162526,0.247665,0.451243,0.226653,1,1335.54,0.00346099,0.20695,0.894447,0.541958,0.05,300,300,300,300,300,300,258,300,300,69,79,123,37,54,62,1,16.003,0.0533432,-0
dual_l1_c0,0,757,3,0.545929,0.0599086,-0.297607,0.971603,1342.79,2.97533,4.46605,0.558513,0.177745,0.022978,0.0186093,0.0709666,0.11323,0.296483,0.530191,0.499793,0,4.59626e-19,1,58,1,0.640748,0.56497,0.607875,0.552317,0,1271.85,0.00346099,0.20695,0.894447,0.541958,0.05,300,300,300,300,300,300,54,58,229,45,56,64,38,42,50,1,5.67563,0.0189188,1.94072e-17
dual_l1_c0,0,758,4,0.429495,0.11999,0.313666,0.937093,1303.11,0.338978,4.34259,0.184407,0.0573435,0.0326368,0.0156703,0.0286698,0.210938,0.134436,0.438294,0.0576837,1,1,11,300,0,0.184407,0.210938,0.438294,0.0576837,1,1302.78,0.00346099,0.20695,0.894447,0.541958,0.05,300,300,300,300,300,300,54,300,300,41,45,53,34,38,46,1,15.0471,0.0501571,-0
dual_l1_c0,0,759,0,0.41546,0.162353,-0.0814518,1.02531,1056.78,0.209792,3.52192,0.110612,0.0530441,0.0300279,0.019277,0.0359385,0.236632,0.357558,0.550245,0.408825,1,1,1,105,1,0.112515,0.0957769,0.595247,0.188188,1,1045.61,0.00346099,0.20695,0.894447,0.541958,0.05,300,300,300,300,300,300,69,105,168,36,50,58,35,39,47,1,6.21355,0.0207118,-0
dual_l1_c0,0,760,2,0.45803,0.0293601,-0.178644,1.05958,1041.42,2.03907,3.46459,0.448144,0.227063,0.0375161,0.00913516,0.0285086,0.393297,0.185206,0.48177,0.4352,1,1,9,122,1,0.354001,0.189016,0.330627,0.318897,1,996.534,0.00346099,0.20695,0.894447,0.541958,0.05,300,300,300,300,300,300,118,122,300,46,69,104,42,46,54,1,4.82279,0.016076,6.85053e-33
dual_l1_c0,0,761,3,0.414236,0.0136668,0.137344,0.980317,1707.37,0.409939,5.68986,0.173575,0.0186716,0.02947,0.0188301,0.0266877,0.238101,0.317142,0.590081,0.0262453,1,1,23,162,1,0.128482,0.13467,0.437346,0.119769,1,1700.95,0.00346099,0.20695,0.894447,0.541958,0.05,300,300,300,300,300,300,51,162,223,49,53,117,42,46,54,1,9.54652,0.0318217,-0
dual_l1_c0,0,762,4,0.301925,0.128295,0.0963579,0.955188,1949.13,0.207207,6.49642,0.146648,0.0451078,0.0179799,0.00453148,0.0314094,0.0655336,0.126168,0.404912,0.103738,1,1,20,67,1,0.270078,0.30315,0.395565,0.121843,1,1933.01,0.00346099,0.20695,0.894447,0.541958,0.05,300,300,300,300,300,300,63,67,75,45,56,64,37,41,49,1,13.3737,0.044579,-0
dual_l1_c0,0,763,6,0.584862,0.0733929,-0.361847,1.03042,2423.39,9.14679,8.04748,0.928309,0.313087,0.0134442,0.0086426,0.0301913,0.667219,0.582515,0.681424,0.385608,1,1,29,63,1,0.840456,0.530865,0.89108,0.34996,1,2278.8,0.00346099,0.20695,0.894447,0.541958,0.05,300,300,300,300,300,300,59,63,300,53,57,65,38,42,50,1,20.8837,0.0696124,-0
dual_l1_c0,0,764,1,0.370644,0.186045,0.103426,0.906455,1297.52,0.0764705,4.32481,0.0885519,0.0267459,0.019107,0.00934242,0.0108671,0.266507,0.227386,0.196704,0.13683,1,1,1,72,1,0.358616,0.308709,0.282614,0.133173,1,1281.98,0.00346099,0.20695,0.894447,0.541958,0.05,300,300,300,300,300,300,68,72,228,41,45,53,28,32,40,1,3.5566,0.0118553,1.13439e-07
dual_l1_c0,0,765,2,0.470319,0.0849708,-0.450678,0.943973,1508.69,2.86225,5.01942,0.530982,0.511459,0.0232332,0.0108834,0.0131431,0.334661,0.0978927,0.563882,0.633242,1,1,1,98,1,1.27516,0.830252,0.610074,0.335564,1,1377.81,0.00346099,0.20695,0.894447,0.541958,0.05,300,300,300,300,300,300,89,98,300,63,67,90,26,30,38,1,9.51957,0.0317319,1.71297e-35
dual_l1_c0,0,766,1,0.45151,0.148233,0.485786,1.07198,1535.02,0.219847,5.11601,0.159866,0.0357225,0.0385204,0.0106049,0.0396267,0.6134,0.11196,0.489044,0.343635,1,1,2,212,1,0.113804,0.310515,0.780939,0.415818,1,1519.21,0.00346099,0.20695,0.894447,0.541958,0.05,300,300,300,300,300,300,91,212,300,49,53,88,37,41,49,1,4.20821,0.0140274,3.87133e-08
dual_l1_c0,0,767,1,0.478015,0.037235,-0.0954301,1.01851,1441.2,1.27931,4.79973,0.366705,0.0424309,0.0297196,0.0114327,0.0213644,0.242205,0.204347,0.637556,0.115431,0,1.609e-34,0,84,1,0.30341,0.341701,0.536573,0.30102,0,1402.94,0.00346099,0.20695,0.894447,0.541958,0.05,300,300,300,300,300,300,74,84,300,53,57,65,35,46,54,1,1.5868,0.00528934,1.252e-32
dual_l1_c0,0,768,0,0.4589,0.189277,-0.466105,1.06996,1850.32,3.37356,6.15648,0.573122,0.326396,0.026315,0.00735899,0.0334247,0.551607,0.233143,0.433601,0.612942,1,1,22,97,1,0.535254,0.385554,0.488195,0.65137,1,1783.6,0.00346099,0.20695,0.894447,0.541958,0.05,300,300,300,300,300,300,93,97,152,50,67,88,37,41,61,1,14.2472,0.0474908,3.94325e-34
dual_l1_c0,0,769,5,0.307265,0.0619027,0.331347,1.05149,1382.08,0.520894,4.60518,0.246298,0.0351663,0.0377816,0.00817093,0.0392479,0.458263,0.0904753,0.323631,0.0943093,1,1,19,300,0,0.246298,0.458263,0.323631,0.0943093,1,1381.55,0.00346099,0.20695,0.894447,0.541958,0.05,300,300,300,300,300,300,300,300,300,81,85,93,48,52,60,1,14.351,0.0478367,-0
dual_l1_c0,0,770,1,0.184025,0.0932549,-0.21226,1.04094,1483.01,2.77466,4.93413,0.542519,0.102555,0.0406877,0.00862874,0.022235,0.155835,0.137912,0.320318,0.384595,0,1.06692e-06,12,120,1,0.439281,0.208037,0.436301,0.231315,0,1458.29,0.00346099,0.20695,0.894447,0.541958,0.05,300,300,300,300,300,300,54,120,300,48,52,60,37,41,49,1,31.5311,0.105104,0.00115045
dual_l1_c0,0,771,4,0.16831,0.0596394,0.353257,1.08436,1447.64,0.64576,4.82333,0.264852,0.0154973,0.0223488,0.0147894,0.0228144,0.389904,0.219107,0.18294,0.223638,1,1,25,129,1,0.30944,0.190089,0.289348,0.239658,1,1424.47,0.00346099,0.20695,0.894447,0.541958,0.05,300,300,300,300,300,300,125,129,300,88,99,107,40,44,70,1,11.1415,0.0371383,-0
dual_l1_c0,0,772,7,0.592838,0.123661,-0.172543,0.953026,1003.16,2.00266,3.3372,0.430472,0.225134,0.0150038,0.0179099,0.0214278,0.335121,0.330072,0.784241,0.211847,1,1,1,64,1,0.645964,0.631544,0.549753,0.295023,1,949.975,0.00346099,0.20695,0.894447,0.541958,0.05,300,300,300,300,300,300,54,64,173,44,48,56,23,27,54,1,9.38324,0.0312775,-0
dual_l1_c0,0,773,1,0.574605,0.00258312,-0.0439847,0.962295,1116.99,3.29234,3.71233,0.609746,0.236811,0.0232041,0.0134796,0.0564913,0.223697,0.260955,0.671702,0.30384,0,1.38408e-07,3,185,1,0.519195,0.295437,0.705257,0.230955,1,1081.68,0.00346099,0.20695,0.894447,0.541958,0.05,300,300,300,300,300,300,78,185,300,45,49,57,41,45,53,1,36.0658,0.120219,0.490901
dual_l1_c0,0,774,7,0.31802,0.177991,-0.284582,0.933756,2017.74,2.00047,6.71914,0.464583,0.204165,0.0194465,0.00963158,0.0191589,0.492353,0.188168,0.495945,0.249066,1,1,23,102,1,0.49503,0.419815,0.354095,0.597283,1,1971.54,0.00346099,0.20695,0.894447,0.541958,0.05,300,300,300,300,300,300,98,102,222,52,56,64,33,49,57,1,10.1433,0.033811,-0
dual_l1_c0,0,775,7,0.321266,0.11522,-0.0157868,1.02757,1025.42,0.228798,3.41731,0.170779,0.0683776,0.0213588,0.0118781,0.0474033,0.17961,0.0608433,0.33492,0.174944,1,1,0,100,1,0.212797,0.254458,0.310635,0.0442013,1,1015.42,0.00346099,0.20695,0.894447,0.541958,0.05,300,300,300,300,300,300,48,100,205,43,47,89,41,45,53,1,9.32728,0.0310909,-0
dual_l1_c0,0,776,1,0.385651,0.0505782,0.326743,0.917891,2368.24,0.244367,7.89332,0.192997,0.0131938,0.00941653,0.00605085,0.0151856,0.39234,0.0705385,0.553428,0.243085,1,1,10,300,0,0.192997,0.39234,0.553428,0.243085,1,2368,0.00346099,0.20695,0.894447,0.541958,0.05,300,300,300,300,300,300,83,300,300,54,58,66,46,55,63,1,13.2709,0.0442362,8.92538e-29
dual_l1_c0,0,777,6,0.480563,0.109762,0.106934,0.97854,1954.35,0.298545,6.51352,0.175835,0.0256331,0.0246422,0.00585602,0.0285216,0.21775,0.110811,0.661337,0.0707924,1,1,16,99,1,0.459326,0.207458,0.516007,0.0855533,1,1938.24,0.00346099,0.20695,0.894447,0.541958,0.05,300,300,300,300,300,300,83,99,287,49,53,61,46,50,58,1,19.0742,0.0635806,-0
dual_l1_c0,0,778,7,0.502036,0.0806142,0.35561,0.944901,1780.79,0.349949,5.93479,0.212491,0.0194033,0.0109806,0.00373197,0.0428788,0.530974,0.177449,0.555507,0.0294012,1,1,8,166,1,0.171266,0.594676,0.62196,0.156643,1,1755.03,0.00346099,0.20695,0.894447,0.541958,0.05,300,300,300,300,300,300,97,166,300,50,54,107,39,50,58,1,18.7085,0.0623618,-0
dual_l1_c0,0,779,4,0.554097,0.0898517,0.0186676,0.941369,1798.72,0.148852,5.99524,0.130367,0.0443676,0.0206437,0.00829421,0.0428443,0.170699,0.190196,0.494379,0.251242,1,1,23,77,1,0.0878825,0.343455,0.412482,0.0293408,1,1780.51,0.00346099,0.20695,0.894447,0.541958,0.05,300,300,300,300,300,300,73,77,85,52,56,75,40,44,52,1,12.2515,0.0408383,-0
dual_l1_c0,0,780,1,0.282146,0.0881602,-0.417395,1.01681,1472.22,2.63797,4.89859,0.5154,0.396652,0.0264032,0.00766477,0.0100163,0.62797,0.305493,0.210724,0.632192,0,0,0,86,1,0.564667,0.536396,0.487139,0.635904,0,1403.63,0.00346099,0.20695,0.894447,0.541958,0.05,300,300,300,300,300,300,54,86,109,49,53,61,48,52,60,1,18.1326,0.060442,1.0213e-07
dual_l1_c0,0,781,0,0.594036,0.137241,-0.0613194,1.0823,1589.06,0.686352,5.29457,0.264139,0.114355,0.0308248,0.0187104,0.0295149,0.258839,0.247072,0.764261,0.116469,1,1,2,77,1,0.546502,0.498624,0.746827,0.172261,1,1558.06,0.00346099,0.20695,0.894447,0.541958,0.05,300,300,300,300,300,300,73,77,127,51,55,74,46,50,58,1,5.28403,0.0176134,-0
dual_l1_c0,0,782,4,0.481116,0.035482,-0.0490198,1.02586,1401.34,0.169708,4.67057,0.124159,0.0826621,0.0328015,0.0104001,0.0438497,0.180793,0.176798,0.570323,0.244749,1,1,24,113,1,0.722605,0.325619,0.53338,0.320803,1,1369.89,0.00346099,0.20695,0.894447,0.541958,0.05,300,300,300,300,300,300,109,113,300,57,61,69,44,48,56,1,19.2479,0.0641595,-0
dual_l1_c0,0,783,6,0.332853,0.108478,0.127315,0.912295,1821.57,0.0108252,6.07185,0.03116,0.0140305,0.023523,0.0159335,0.0260678,0.228956,0.0536366,0.426189,0.121204,1,1,47,150,1,0.153534,0.115822,0.271641,0.0931467,1,1815.23,0.00346099,0.20695,0.894447,0.541958,0.05,300,300,300,300,300,300,77,150,300,67,71,79,43,47,55,1,14.3301,0.0477671,-0
dual_l1_c0,0,784,6,0.457925,0.0185753,0.0222889,0.908552,996.997,0.628048,3.32123,0.236577,0.0776474,0.00967895,0.0109165,0.024816,0.104397,0.180026,0.35585,0.193945,1,1,1,233,1,0.363439,0.200244,0.465592,0.140697,1,980.479,0.00346099,0.20695,0.894447,0.541958,0.05,300,300,300,300,300,300,113,233,300,61,65,73,27,39,47,1,10.2995,0.0343315,-0
dual_l1_c0,0,785,5,0.539105,0.136746,0.0140226,1.00414,1019.98,0.382108,3.39867,0.181503,0.0433574,0.0222427,0.0130049,0.0077293,0.312866,0.214216,0.623839,0.264075,1,1,18,93,1,0.327925,0.254973,0.505663,0.0883876,1,1001.18,0.00346099,0.20695,0.894447,0.541958,0.05,300,300,300,300,300,300,89,93,140,47,51,59,28,32,40,1,6.20072,0.0206691,1.96022e-34
dual_l1_c0,0,786,5,0.234275,0.143013,0.422122,1.06631,1188.26,0.0893912,3.96057,0.0938313,0.0598047,0.0138516,0.00782701,0.0440511,0.781893,0.222243,0.420715,0.294132,1,1,14,300,0,0.0938313,0.781893,0.420715,0.294132,1,1188.17,0.00346099,0.20695,0.894447,0.541958,0.05,300,300,300,300,300,300,134,300,300,58,62,139,33,51,59,1,11.6181,0.0387271,7.24381e-37
dual_l1_c0,0,787,5,0.564432,0.185998,0.319766,0.94917,1530.92,0.12588,5.10266,0.130958,0.0179258,0.0305495,0.0132813,0.0120975,0.468536,0.0414757,0.381914,0.264237,1,1,0,272,1,0.137291,0.40779,0.517767,0.11342,1,1528.18,0.00346099,0.20695,0.894447,0.541958,0.05,300,300,300,300,300,300,55,272,280,51,55,63,35,39,47,1,8.13928,0.0271309,-0
dual_l1_c0,0,788,7,0.441652,0.031714,0.449743,1.09776,1736.85,0.239532,5.78871,0.13526,0.0274227,0.0389797,0.0112466,0.04074,0.289205,0.45717,0.268147,0.603545,1,1,23,138,1,0.316088,0.314855,0.496612,0.483879,1,1706.75,0.00346099,0.20695,0.894447,0.541958,0.05,300,300,300,300,300,300,134,138,300,74,102,110,48,52,60,1,14.528,0.0484268,-0
dual_l1_c0,0,789,7,0.427787,0.0545595,0.140801,0.940318,2090.06,0.1896,6.96623,0.129806,0.0200923,0.0190788,0.0095772,0.0412203,0.350647,0.238463,0.649824,0.171384,1,1,20,180,1,0.0796154,0.327006,0.457116,0.079739,1,2080.77,0.00346099,0.20695,0.894447,0.541958,0.05,300,300,300,300,300,300,159,180,245,59,73,81,47,51,59,1,19.6196,0.0653987,-0
dual_l1_c0,0,790,5,0.507888,0.0808562,-0.389342,1.07838,1600.5,6.95136,5.31183,0.828012,0.0649518,0.0275488,0.0135909,0.0351426,0.332486,0.298485,0.572804,0.598635,1,1,14,213,1,0.471698,0.183122,0.327487,0.492173,1,1567.3,0.00346099,0.20695,0.894447,0.541958,0.05,300,300,300,300,300,300,86,213,221,45,49,57,28,32,51,1,13.0116,0.0433721,-0
dual_l1_c0,0,791,4,0.339549,0.0170452,0.269017,0.992122,1665.64,0.439734,5.55065,0.188635,0.0407155,0.0211427,0.0106841,0.0394699,0.201631,0.118766,0.395529,0.118841,1,1,17,300,0,0.188635,0.201631,0.395529,0.118841,1,1665.2,0.00346099,0.20695,0.894447,0.541958,0.05,300,300,300,300,300,300,156,300,300,62,66,74,35,39,47,1,14.678,0.0489266,-0
dual_l1_c0,0,792,6,0.275144,0.119613,-0.358645,0.97554,1841.15,2.44729,6.129,0.501079,0.353504,0.040503,0.0110594,0.0331881,0.584423,0.249462,0.409618,0.669116,1,1,14,88,1,0.460293,0.473877,0.237785,0.611349,1,1768.25,0.00346099,0.20695,0.894447,0.541958,0.05,300,300,300,300,300,300,84,88,96,53,57,79,44,48,56,1,8.31617,0.0277206,-0
dual_l1_c0,0,793,0,0.363748,0.195937,-0.12583,0.916138,1943.2,0.999304,6.47399,0.318157,0.067619,0.0264614,0.00910222,0.0495606,0.342569,0.171133,0.490916,0.304306,1,1,22,123,1,0.371664,0.243592,0.445461,0.298219,1,1922.34,0.00346099,0.20695,0.894447,0.541958,0.05,300,300,300,300,300,300,68,123,160,54,58,66,51,55,63,1,16.3533,0.0545109,2.81075e-38
dual_l1_c0,0,794,0,0.178817,0.169785,0.0640453,0.965817,2139.09,0.00745982,7.13028,0.016138,0.00853532,0.0385656,0.0151126,0.0427775,0.247291,0.109643,0.147358,0.244381,1,1,0,68,1,0.344974,0.258984,0.139122,0.0946316,1,2122.54,0.00346099,0.20695,0.894447,0.541958,0.05,300,300,300,300,300,300,64,68,300,55,59,67,40,44,52,1,19.9234,0.0664114,-0
dual_l1_c0,0,795,4,0.367104,0.0442837,0.0383512,1.02802,2018.02,1.50735,6.72172,0.382532,0.0354914,0.0388799,0.0154266,0.0461293,0.276859,0.276613,0.492437,0.115648,1,1,21,300,0,0.382532,0.276859,0.492437,0.115648,1,2016.52,0.00346099,0.20695,0.894447,0.541958,0.05,300,300,300,300,300,300,136,300,300,80,84,92,45,49,57,1,10.6178,0.0353927,-0
dual_l1_c0,0,796,2,0.289785,0.112125,-0.378956,0.954633,1379,2.9911,4.5867,0.558208,0.295202,0.0103918,0.00997799,0.0278695,0.638378,0.0427139,0.479871,0.587015,1,1,3,153,1,0.621408,0.683485,0.389276,0.559087,1,1330.42,0.00346099,0.20695,0.894447,0.541958,0.05,300,300,300,300,300,300,149,153,200,59,63,87,37,41,49,1,10.4333,0.0347777,6.97702e-30
dual_l1_c0,0,797,7,0.332249,0.113615,-0.0783075,1.07783,962.638,0.0684938,3.20856,0.0792636,0.0293988,0.0244351,0.0144633,0.0295546,0.136268,0.105713,0.248069,0.321164,1,1,14,107,1,0.120683,0.0784191,0.34212,0.219316,1,949.477,0.00346099,0.20695,0.894447,0.541958,0.05,300,300,300,300,300,300,58,107,185,46,50,58,30,34,42,1,13.5347,0.0451157,-0
dual_l1_c0,0,798,2,0.429027,0.0803526,-0.143165,0.947879,1133.45,1.28737,3.77388,0.346772,0.0973157,0.0172801,0.00394155,0.0341832,0.362993,0.241903,0.506486,0.333937,0,1.1449e-22,-1,136,1,0.324766,0.340122,0.529452,0.309092,0,1109.14,0.00346099,0.20695,0.894447,0.541958,0.05,300,300,300,300,300,300,49,136,300,41,45,53,28,42,50,1,0.713051,0.00237684,5.7842e-21
dual_l1_c0,0,799,3,0.374744,0.155657,0.402251,1.02499,1606.3,0.396988,5.35299,0.248017,0.0213126,0.0140615,0.00511363,0.0249962,0.431396,0.140295,0.422962,0.227913,1,1,12,300,0,0.248017,0.431396,0.422962,0.227913,1,1605.9,0.00346099,0.20695,0.894447,0.541958,0.05,300,300,300,300,300,300,140,300,300,45,65,73,37,41,49,1,10.6371,0.035457,4.17623e-28
dual_l1_c0,0,800,5,0.287599,0.033379,-0.11338,0.902094,1395.69,0.730906,4.64986,0.26022,0.190895,0.013587,0.0142814,0.0349694,0.105711,0.140365,0.558805,0.318323,1,1,0,300,0,0.26022,0.105711,0.558805,0.318323,1,1394.96,0.00346099,0.20695,0.894447,0.541958,0.05,300,300,300,300,300,300,147,300,300,51,55,117,42,53,61,1,10.4775,0.0349251,-0
dual_l1_c0,0,801,1,0.426069,0.0816525,-0.339767,1.06347,1892.13,2.99189,6.29714,0.532791,0.218425,0.0118616,0.0125628,0.0243884,0.415024,0.153265,0.43998,0.519161,0,1.96072e-31,29,111,1,0.513414,0.212383,0.451763,0.534625,0,1850.16,0.00346099,0.20695,0.894447,0.541958,0.05,300,300,300,300,300,300,81,111,300,52,56,64,49,53,61,1,36.0244,0.120081,0.000162724
dual_l1_c0,0,802,1,0.225176,0.0957092,-0.0805279,1.06032,999.906,0.395744,3.3317,0.183835,0.0458966,0.0284737,0.0038096,0.0145015,0.272169,0.306046,0.157699,0.167,0,4.16308e-37,7,90,1,0.285924,0.308749,0.180119,0.312114,1,972.882,0.00346099,0.20695,0.894447,0.541958,0.05,300,300,300,300,300,300,63,90,213,47,51,69,38,42,50,1,22.6494,0.0754981,3.98777e-11
dual_l1_c0,0,803,4,0.53047,0.0923683,0.469871,0.917422,2112.77,0.525001,7.04083,0.260918,0.0738545,0.0218287,0.00447928,0.028578,0.620554,0.203167,0.62821,0.0754064,1,1,24,300,0,0.260918,0.620554,0.62821,0.0754064,1,2112.25,0.00346099,0.20695,0.894447,0.541958,0.05,300,300,300,300,300,300,156,300,300,62,66,109,43,56,64,1,10.2768,0.034256,-0
dual_l1_c0,0,804,0,0.395945,0.0536392,-0.35326,1.04961,1179.65,1.04318,3.9287,0.306893,0.197398,0.0386136,0.0160128,0.0423757,0.516793,0.0805466,0.34453,0.47139,1,1,17,54,1,0.785071,0.350484,0.55302,0.568196,1,1123.41,0.00346099,0.20695,0.894447,0.541958,0.05,300,300,300,300,300,300,50,54,212,42,46,54,38,42,50,1,13.7994,0.0459979,2.54842e-25
dual_l1_c0,0,805,1,0.404716,0.193633,0.0449814,1.07003,1269.14,0.29696,4.22946,0.185548,0.044521,0.0503407,0.0137094,0.0363701,0.261188,0.0693658,0.339747,0.213894,0,6.45394e-26,0,130,1,0.140689,0.314244,0.310932,0.138894,0,1259.82,0.00346099,0.20695,0.894447,0.541958,0.05,300,300,300,300,300,300,58,130,300,44,53,61,31,35,43,1,9.7062,0.032354,3.74345e-24
dual_l1_c0,0,806,1,0.305245,0.0384176,-0.00797141,0.952894,1512.16,0.605822,5.03852,0.236595,0.0443085,0.0181198,0.0126017,0.0139801,0.193883,0.265539,0.243549,0.168214,0,2.26693e-24,0,185,1,0.142193,0.249804,0.3743,0.0501479,0,1504.53,0.00346099,0.20695,0.894447,0.541958,0.05,300,300,300,300,300,300,166,185,193,52,71,97,36,40,59,1,1.95435,0.00651448,1.21694e-14
dual_l1_c0,0,807,1,0.485084,0.180565,-0.295958,1.04378,1933.6,0.707695,6.44298,0.258469,0.165797,0.0134653,0.0128096,0.0268703,0.367349,0.164952,0.483484,0.557055,0,8.45026e-29,16,82,1,0.434806,0.281884,0.40806,0.323833,1,1892.73,0.00346099,0.20695,0.894447,0.541958,0.05,300,300,300,300,300,300,53,82,281,46,50,58,36,40,48,1,49.0082,0.163361,2.34822e-09
dual_l1_c0,0,808,1,0.439711,0.0666559,0.215005,0.942294,1332.24,1.05768,4.43728,0.321526,0.0180201,0.0209243,0.0135386,0.0152083,0.186266,0.175758,0.289114,0.309666,1,1,1,112,1,0.257723,0.366757,0.178615,0.153778,1,1313.49,0.00346099,0.20695,0.894447,0.541958,0.05,300,300,300,300,300,300,102,112,300,47,51,59,40,44,52,1,2.42915,0.00809716,1.1011e-31
dual_l1_c0,0,809,6,0.389046,0.0824239,-0.482632,1.0217,1522.28,3.32575,5.06317,0.587187,0.308577,0.0140273,0.0189946,0.032253,0.528165,0.476834,0.567012,0.56469,1,1,22,71,1,0.368622,0.601246,0.325192,0.581385,1,1441.92,0.00346099,0.20695,0.894447,0.541958,0.05,300,300,300,300,300,300,67,71,300,47,60,68,42,46,64,1,17.3578,0.0578594,-0
dual_l1_c0,0,810,1,0.456479,0.128911,-0.433576,0.967376,1043.44,1.2022,3.47414,0.34577,0.34577,0.0378736,0.0091004,0.0301982,0.468085,0.255061,0.585705,0.584611,0,1.7041e-31,0,53,1,0.911052,0.639323,0.454106,0.491331,1,958.498,0.00346099,0.20695,0.894447,0.541958,0.05,300,300,300,300,300,300,49,53,61,42,46,54,31,35,43,1,14.444,0.0481466,5.97868e-18
dual_l1_c0,0,811,0,0.572395,0.15985,-0.330248,1.0155,1819.93,2.18407,6.05914,0.451791,0.262783,0.0498296,0.0166821,0.0490346,0.396241,0.359175,0.819874,0.498993,1,1,20,74,1,0.605617,0.469325,0.876902,0.305642,1,1749.15,0.00346099,0.20695,0.894447,0.541958,0.05,300,300,300,300,300,300,70,74,189,55,59,67,35,39,61,1,22.1216,0.0737387,2.95547e-39
dual_l1_c0,0,812,5,0.524129,0.124792,-0.204363,0.990091,1273.25,1.71668,4.23846,0.411658,0.0327947,0.0221207,0.00735795,0.0207658,0.179336,0.217835,0.5495,0.406076,1,1,18,90,1,0.0327947,0.235328,0.459327,0.415297,1,1242.8,0.00346099,0.20695,0.894447,0.541958,0.05,300,300,300,300,300,300,86,90,300,40,54,75,34,38,46,1,10.8697,0.0362324,5.58137e-42
dual_l1_c0,0,813,4,0.519853,0.169155,-0.00595498,0.946285,2319.95,0.146868,7.73268,0.133559,0.0144745,0.0322498,0.00558685,0.0443252,0.206841,0.131758,0.535153,0.25129,1,1,31,81,1,0.280487,0.358835,0.557844,0.24631,1,2307.23,0.00346099,0.20695,0.894447,0.541958,0.05,300,300,300,300,300,300,69,81,209,46,50,58,46,50,58,1,7.60382,0.0253461,-0
dual_l1_c0,0,814,7,0.359865,0.121006,0.444119,1.03749,1348.37,0.81056,4.49186,0.264785,0.0470991,0.0404875,0.0169065,0.0277456,0.379131,0.181637,0.516956,0.358393,1,1,0,300,0,0.264785,0.379131,0.516956,0.358393,1,1347.56,0.00346099,0.20695,0.894447,0.541958,0.05,300,300,300,300,300,300,300,300,300,53,57,109,40,44,52,1,4.9453,0.0164843,-0
dual_l1_c0,0,815,2,0.25776,0.156671,-0.13721,1.06521,1032.12,1.11009,3.4367,0.353329,0.0545352,0.0112596,0.0155398,0.032601,0.231582,0.235557,0.327213,0.319321,1,1,0,55,1,0.416995,0.162357,0.190024,0.191936,1,1000.49,0.00346099,0.20695,0.894447,0.541958,0.05,300,300,300,300,300,300,44,55,63,38,42,50,24,37,45,1,10.1458,0.0338193,3.36893e-27
dual_l1_c0,0,816,0,0.249901,0.101635,0.144713,1.06987,1232.76,0.0621795,4.10899,0.0530476,0.0430808,0.0309957,0.00292591,0.0232438,0.47117,0.150639,0.287505,0.0460154,1,1,19,84,1,0.38609,0.0810626,0.412009,0.0976092,1,1212.79,0.00346099,0.20695,0.894447,0.541958,0.05,300,300,300,300,300,300,80,84,300,61,65,73,37,41,49,1,8.38179,0.0279393,-0
dual_l1_c0,0,817,6,0.353388,0.0222226,-0.186253,0.902278,2444.95,7.62464,8.12442,0.907436,0.559273,0.0169742,0.0225541,0.0318289,0.273142,0.380196,0.439574,0.306902,1,1,26,300,0,0.907436,0.273142,0.439574,0.306902,1,2437.32,0.00346099,0.20695,0.894447,0.541958,0.05,300,300,300,300,300,300,65,300,300,42,53,98,36,40,48,1,25.8381,0.0861271,-0
dual_l1_c0,0,818,1,0.48432,0.117112,-0.0454739,1.00946,1806.91,0.0365166,6.02291,0.0590487,0.0199442,0.0194825,0.0172377,0.0138622,0.13138,0.195785,0.465609,0.183397,0,1.96473e-30,16,68,1,0.229293,0.0907343,0.473548,0.19942,0,1792.1,0.00346099,0.20695,0.894447,0.541958,0.05,300,300,300,300,300,300,64,68,300,58,62,70,37,41,67,1,31.7751,0.105917,1.04575e-11
dual_l1_c0,0,819,5,0.419893,0.137835,0.0563012,0.961882,1560.35,0.102025,5.20082,0.0980633,0.0168005,0.0205806,0.0043211,0.0191724,0.178372,0.197604,0.290685,0.00743885,1,1,14,149,1,0.0982585,0.151682,0.494809,0.204525,1,1552,0.00346099,0.20695,0.894447,0.541958,0.05,300,300,300,300,300,300,68,149,300,48,52,60,46,50,58,1,13.3885,0.0446284,1.27656e-32
dual_l1_c0,0,820,3,0.394152,0.0566592,0.103067,0.965742,1432.22,0.249206,4.77323,0.139347,0.0231634,0.028921,0.00476441,0.0282841,0.29082,0.219023,0.315998,0.11878,1,1,1,109,1,0.0639738,0.215231,0.53792,0.103581,1,1420.79,0.00346099,0.20695,0.894447,0.541958,0.05,300,300,300,300,300,300,105,109,300,52,56,93,34,45,53,1,11.3375,0.0377918,4.21218e-37
dual_l1_c0,0,821,0,0.167401,0.141043,-0.0374883,0.932262,974.02,0.249488,3.2459,0.165499,0.0229248,0.0311401,0.0153079,0.0272746,0.359708,0.12371,0.172302,0.119847,1,1,0,83,1,0.184021,0.257474,0.211747,0.213376,1,955.62,0.00346099,0.20695,0.894447,0.541958,0.05,300,300,300,300,300,300,63,83,91,42,59,67,39,43,51,1,7.79684,0.0259895,-0
dual_l1_c0,0,822,5,0.387438,0.184524,0.480969,0.987695,1424.94,0.667287,4.74757,0.251985,0.0146256,0.0237581,0.00825994,0.0411899,0.421284,0.158769,0.496147,0.378148,1,1,9,140,1,0.164794,0.339076,0.448701,0.27631,1,1402.48,0.00346099,0.20695,0.894447,0.541958,0.05,300,300,300,300,300,300,136,140,300,55,59,100,42,46,54,1,12.5212,0.0417375,-0
dual_l1_c0,0,823,6,0.472602,0.126764,0.202872,1.09261,1252.28,0.304763,4.17326,0.173921,0.0313168,0.0182434,0.0146682,0.0167949,0.24747,0.211868,0.339561,0.12531,1,1,9,280,1,0.214874,0.265318,0.521541,0.14176,1,1250.18,0.00346099,0.20695,0.894447,0.541958,0.05,300,300,300,300,300,300,73,280,300,66,70,78,39,43,69,1,15.1127,0.0503757,-0
dual_l1_c0,0,824,2,0.458536,0.152934,0.0986208,0.949484,1332.73,0.49263,4.44079,0.202086,0.0301186,0.0294137,0.0142348,0.0463355,0.197967,0.234129,0.388228,0.053122,1,0.999996,4,54,1,0.198648,0.257423,0.704939,0.12615,1,1318.61,0.00346099,0.20695,0.894447,0.541958,0.05,300,300,300,300,300,300,50,54,300,44,48,56,41,45,53,1,17.0412,0.0568041,5.87888e-05
dual_l1_c0,0,825,4,0.0794371,0.162089,-0.278794,0.992865,2425.43,1.8965,8.07844,0.431611,0.289991,0.0286649,0.0128165,0.0388825,0.505529,0.134784,0.292732,0.41821,1,1,38,109,1,0.300868,0.415489,0.237246,0.471296,1,2379.41,0.00346099,0.20695,0.894447,0.541958,0.05,300,300,300,300,300,300,64,109,154,51,55,63,48,52,60,1,18.3885,0.0612949,-0
dual_l1_c0,0,826,1,0.35718,0.127833,-0.0811559,1.07967,1497.16,0.231082,4.98977,0.172435,0.085074,0.0132091,0.00789713,0.0324075,0.0766498,0.0854848,0.398684,0.341344,0,3.87088e-34,10,139,1,0.259818,0.292861,0.376044,0.311495,0,1484.85,0.00346099,0.20695,0.894447,0.541958,0.05,300,300,300,300,300,300,120,139,300,69,73,113,44,48,56,1,14.1864,0.047288,0.000101882
dual_l1_c0,0,827,6,0.610618,0.164015,0.138438,1.07993,1953.03,0.0956401,6.50977,0.127225,0.0155318,0.0308159,0.0184884,0.0550267,0.441489,0.193471,0.670032,0.211654,1,1,14,113,1,0.167601,0.183985,0.673193,0.0976352,1,1940.66,0.00346099,0.20695,0.894447,0.541958,0.05,300,300,300,300,300,300,90,113,300,64,68,99,48,62,70,1,23.7293,0.0790976,-0
dual_l1_c0,0,828,0,0.313677,0.0845992,0.462677,1.05644,1102.05,0.183289,3.67288,0.129608,0.0230409,0.0225983,0.00576063,0.047109,0.175337,0.0246864,0.235871,0.114898,1,1,12,300,0,0.129608,0.175337,0.235871,0.114898,1,1101.86,0.00346099,0.20695,0.894447,0.541958,0.05,300,300,300,300,300,300,229,300,300,69,73,91,40,44,52,1,9.23492,0.0307831,-0
dual_l1_c0,0,829,7,0.326929,0.0336802,0.0416632,0.955716,1972.61,0.143998,6.5749,0.078599,0.0307644,0.0146263,0.0134659,0.0437937,0.469642,0.181722,0.353653,0.0797944,1,1,10,142,1,0.208633,0.189425,0.371718,0.206515,1,1964.7,0.00346099,0.20695,0.894447,0.541958,0.05,300,300,300,300,300,300,86,142,150,63,67,91,39,43,51,1,18.3712,0.0612373,-0
dual_l1_c0,0,830,0,0.377661,0.152353,-0.346986,1.00137,1855.69,3.89949,6.17265,0.638903,0.115184,0.0157647,0.0107984,0.0373837,0.583711,0.0877945,0.380653,0.431408,1,1,3,58,1,0.376163,0.396711,0.432349,0.463673,1,1788.15,0.00346099,0.20695,0.894447,0.541958,0.05,300,300,300,300,300,300,54,58,66,49,53,61,38,52,60,1,9.57907,0.0319302,-0
dual_l1_c0,0,831,0,0.39611,0.121569,-0.16665,1.06354,1499.47,1.97695,4.99166,0.453528,0.205468,0.017327,0.0142039,0.0306463,0.432485,0.133078,0.678465,0.214224,1,1,21,214,1,0.706575,0.30296,0.446956,0.60187,1,1482.88,0.00346099,0.20695,0.894447,0.541958,0.05,300,300,300,300,300,300,121,214,268,45,49,57,42,46,54,1,15.0878,0.0502927,8.59959e-36
dual_l1_c0,0,832,1,0.38693,0.184564,0.20988,1.03718,1319.66,0.162564,4.39832,0.159762,0.0253977,0.0203485,0.0123908,0.0553322,0.208044,0.175127,0.430939,0.0353402,0,2.35111e-21,0,171,1,0.0740609,0.24589,0.199807,0.210745,1,1307.41,0.00346099,0.20695,0.894447,0.541958,0.05,300,300,300,300,300,300,72,171,300,48,62,70,38,42,50,1,14.4311,0.0481037,2.42651e-10
dual_l1_c0,0,833,6,0.391267,0.0105634,0.469422,1.09272,2300.11,0.146746,7.66655,0.123847,0.0339609,0.0138781,0.0134718,0.0170784,0.644345,0.276428,0.522376,0.496817,1,1,18,104,1,0.173241,0.291932,0.54636,0.429897,1,2261.57,0.00346099,0.20695,0.894447,0.541958,0.05,300,300,300,300,300,300,100,104,300,73,77,85,38,42,50,1,8.92078,0.0297359,-0
dual_l1_c0,0,834,2,0.426106,0.0201026,0.289329,1.03014,1358.9,0.227475,4.5289,0.152808,0.0142106,0.0239209,0.0112147,0.0515468,0.258283,0.104738,0.285791,0.0733848,0,7.86171e-06,23,300,0,0.152808,0.258283,0.285791,0.0733848,0,1358.67,0.00346099,0.20695,0.894447,0.541958,0.05,300,300,300,300,300,300,300,300,300,76,103,111,33,37,45,1,33.8464,0.112821,0.00010027
dual_l1_c0,0,835,3,0.287761,0.0292863,0.468119,1.09875,994.346,0.631278,3.31238,0.241666,0.0145456,0.0283001,0.0225443,0.03068,0.271198,0.0518152,0.66659,0.482358,1,1,1,300,0,0.241666,0.271198,0.66659,0.482358,1,993.715,0.00346099,0.20695,0.894447,0.541958,0.05,300,300,300,300,300,300,159,300,300,62,138,162,38,50,58,1,8.51573,0.0283858,2.98711e-30
dual_l1_c0,0,836,2,0.388704,0.170389,-0.173174,1.05335,1072.3,1.85985,3.56813,0.452161,0.116304,0.0156563,0.0184908,0.0402871,0.0700927,0.0548364,0.32356,0.383218,1,1,5,292,1,0.400621,0.288687,0.476028,0.441835,1,1068.84,0.00346099,0.20695,0.894447,0.541958,0.05,300,300,300,300,300,300,53,292,300,48,52,60,32,36,44,1,15.381,0.0512701,6.22546e-40
dual_l1_c0,0,837,0,0.403324,0.0567684,0.133347,1.01466,1083.63,0.925292,3.60903,0.317782,0.066493,0.0242659,0.00926219,0.0161866,0.0788641,0.305037,0.372937,0.383381,1,1,6,106,1,0.25793,0.421728,0.49049,0.0436347,1,1053.43,0.00346099,0.20695,0.894447,0.541958,0.05,300,300,300,300,300,300,78,106,300,54,67,75,35,39,47,1,7.92667,0.0264222,-0
dual_l1_c0,0,838,6,0.602354,0.151865,0.417661,0.908631,966.092,0.879045,3.21738,0.284253,0.0399141,0.042089,0.0128677,0.0304384,0.418833,0.224342,0.73902,0.129905,1,1,2,300,0,0.284253,0.418833,0.73902,0.129905,1,965.213,0.00346099,0.20695,0.894447,0.541958,0.05,300,300,300,300,300,300,93,300,300,55,65,82,34,38,46,1,12.2723,0.0409078,-0
dual_l1_c0,0,839,2,0.48079,0.142984,-0.408274,1.07362,1239.58,0.973975,4.12869,0.306339,0.213541,0.0210225,0.00977489,0.0470499,0.376149,0.233486,0.687093,0.493982,1,1,3,185,1,0.248719,0.543938,0.350626,0.591371,1,1210.13,0.00346099,0.20695,0.894447,0.541958,0.05,300,300,300,300,300,300,48,185,193,43,47,55,41,45,53,1,9.46018,0.0315339,-0
dual_l1_c0,0,840,5,0.279498,0.175616,0.220345,0.95872,1233.14,0.138492,4.11,0.140372,0.0251611,0.0262055,0.00954374,0.0150408,0.294144,0.208495,0.251567,0.140742,0,2.69538e-05,0,88,1,0.113346,0.189954,0.238782,0.112625,0,1209.45,0.00346099,0.20695,0.894447,0.541958,0.05,300,300,300,300,300,300,55,88,300,54,58,79,38,42,50,1,8.2724,0.0275747,0.000310532
dual_l1_c0,0,841,0,0.151167,0.0360862,-0.246412,0.957651,960.738,2.26547,3.19491,0.490448,0.194407,0.026642,0.00908878,0.0325018,0.0638645,0.190091,0.111841,0.382545,1,1,13,81,1,0.447096,0.558699,0.158719,0.344441,1,917.095,0.00346099,0.20695,0.894447,0.541958,0.05,300,300,300,300,300,300,52,81,130,44,48,56,32,41,49,1,12.4368,0.041456,-0
dual_l1_c0,0,842,1,0.445061,0.0370951,0.424494,1.07657,1484.12,0.506425,4.94537,0.22056,0.020071,0.0282399,0.0129103,0.0370493,0.503101,0.0746168,0.390339,0.258682,1,1,10,300,0,0.22056,0.503101,0.390339,0.258682,1,1483.61,0.00346099,0.20695,0.894447,0.541958,0.05,300,300,300,300,300,300,300,300,300,105,128,136,41,70,78,1,10.2551,0.0341835,-0
dual_l1_c0,0,843,7,0.33839,0.14585,0.112182,0.943033,1522.54,0.206423,5.07446,0.156471,0.0567665,0.0126454,0.00882527,0.026306,0.287422,0.132393,0.318109,0.125804,1,1,0,161,1,0.161128,0.250069,0.388953,0.08835,1,1514.14,0.00346099,0.20695,0.894447,0.541958,0.05,300,300,300,300,300,300,104,161,300,55,72,80,37,47,55,1,11.5397,0.0384658,-0
dual_l1_c0,0,844,2,0.159237,0.0476511,0.0134481,1.09862,1195.34,0.209217,3.98378,0.146818,0.0308277,0.0360512,0.0120586,0.0287327,0.317975,0.0352119,0.281427,0.235817,1,1,0,182,1,0.168414,0.369714,0.25806,0.163348,1,1185.07,0.00346099,0.20695,0.894447,0.541958,0.05,300,300,300,300,300,300,173,182,300,51,55,63,49,53,61,1,8.57864,0.0285955,6.29435e-21
dual_l1_c0,0,845,5,0.536783,0.00946951,0.48795,0.945302,1740.56,2.16209,5.79466,0.478735,0.240554,0.0295684,0.0075041,0.0350734,0.365706,0.251074,0.822426,0.362559,1,1,0,300,0,0.478735,0.365706,0.822426,0.362559,1,1738.4,0.00346099,0.20695,0.894447,0.541958,0.05,300,300,300,300,300,300,300,300,300,76,80,300,49,63,100,1,10.7003,0.0356678,-0
dual_l1_c0,0,846,2,0.434186,0.186254,-0.139164,0.921685,961.403,0.516206,3.20296,0.25462,0.0838119,0.0135145,0.00719535,0.0395414,0.111333,0.297673,0.546089,0.107009,1,1,0,158,1,0.332703,0.270604,0.520965,0.35035,1,946.822,0.00346099,0.20695,0.894447,0.541958,0.05,300,300,300,300,300,300,72,158,282,47,51,59,42,46,54,1,0.655506,0.00218502,-0
dual_l1_c0,0,847,1,0.472957,0.0346583,-0.100987,1.07466,1805.14,2.17084,6.00991,0.472267,0.33607,0.0206558,0.0145009,0.0326663,0.223528,0.172749,0.425723,0.380955,0,0,0,300,0,0.472267,0.223528,0.425723,0.380955,0,1802.97,0.00346099,0.20695,0.894447,0.541958,0.05,300,300,300,300,300,300,295,300,300,64,68,198,45,49,69,1,0.682942,0.00227647,-0
dual_l1_c0,0,848,5,0.320592,0.136682,-0.22648,1.01501,1622.49,1.82603,5.40222,0.436758,0.141216,0.0510633,0.00935579,0.0470113,0.218824,0.157189,0.536187,0.463844,1,1,0,177,1,0.289452,0.326424,0.327558,0.595165,1,1595.95,0.00346099,0.20695,0.894447,0.541958,0.05,300,300,300,300,300,300,104,177,215,50,73,81,35,45,53,1,12.7975,0.0426585,1.68259e-36
dual_l1_c0,0,849,5,0.378854,0.198973,0.166071,0.952538,1297.72,0.270909,4.32482,0.190637,0.00756062,0.019777,0.00795613,0.0386365,0.345668,0.109635,0.297909,0.0992201,1,1,9,125,1,0.138412,0.265688,0.412118,0.0859162,1,1285.19,0.00346099,0.20695,0.894447,0.541958,0.05,300,300,300,300,300,300,121,125,300,50,54,62,35,39,57,1,8.98545,0.0299515,-0
dual_l1_c0,0,850,6,0.381463,0.0276594,0.0957774,1.08391,929.187,0.627008,3.0952,0.258457,0.0126184,0.0231652,0.00762508,0.0132609,0.194052,0.20912,0.265251,0.217444,1,1,0,78,1,0.238179,0.217573,0.311322,0.121598,1,913.704,0.00346099,0.20695,0.894447,0.541958,0.05,300,300,300,300,300,300,66,78,86,44,48,67,41,45,53,1,5.06134,0.0168711,-0
dual_l1_c0,0,851,7,0.334837,0.0274425,-0.0647744,0.948919,2192.16,2.46757,7.29897,0.515947,0.225321,0.0256417,0.0149785,0.0612493,0.261614,0.213568,0.29342,0.395676,1,1,21,300,0,0.515947,0.261614,0.29342,0.395676,1,2189.69,0.00346099,0.20695,0.894447,0.541958,0.05,300,300,300,300,300,300,300,300,300,58,62,70,47,51,59,1,14.2177,0.0473923,-0
dual_l1_c0,0,852,6,0.421517,0.120578,-0.0931647,1.08977,1394.55,0.475779,4.64691,0.203558,0.139253,0.0246345,0.0220422,0.0332996,0.12438,0.297068,0.396614,0.234775,1,1,1,181,1,0.227939,0.412331,0.419245,0.20827,1,1378.49,0.00346099,0.20695,0.894447,0.541958,0.05,300,300,300,300,300,300,76,181,189,44,48,80,40,44,52,1,17.2774,0.0575913,-0
dual_l1_c0,0,853,1,0.311523,0.0617809,-0.455853,1.01902,1754.9,6.3928,5.82836,0.779222,0.357143,0.0263098,0.0131554,0.0514906,0.666997,0.288502,0.418947,0.402948,0,2.43058e-07,0,55,1,0.573945,0.632336,0.300837,0.50401,1,1654.69,0.00346099,0.20695,0.894447,0.541958,0.05,300,300,300,300,300,300,51,55,141,49,53,61,43,47,55,1,11.3582,0.0378608,4.0917e-06
dual_l1_c0,0,854,6,0.29537,0.0480102,-0.0521529,0.991185,1539.33,0.152463,5.13058,0.123937,0.107852,0.0303375,0.00883769,0.033635,0.225862,0.123063,0.293137,0.32738,1,1,4,94,1,0.338931,0.141766,0.347188,0.23516,1,1506.19,0.00346099,0.20695,0.894447,0.541958,0.05,300,300,300,300,300,300,90,94,300,55,59,86,37,41,61,1,12.7555,0.0425184,-0
dual_l1_c0,0,855,7,0.429874,0.0706744,0.363202,1.09067,1272.35,0.350412,4.23999,0.184091,0.0162493,0.0391998,0.0202774,0.0566023,0.147029,0.165921,0.476224,0.319186,1,1,10,222,1,0.0934839,0.342114,0.334877,0.106279,1,1263.62,0.00346099,0.20695,0.894447,0.541958,0.05,300,300,300,300,300,300,150,222,300,79,83,138,32,36,44,1,12.4272,0.041424,-0
dual_l1_c0,0,856,2,0.457109,0.146808,0.463226,0.902473,1035.61,0.374933,3.45078,0.192936,0.0307372,0.0344024,0.00392951,0.0293604,0.214242,0.13572,0.688555,0.514598,1,0.99869,0,300,0,0.192936,0.214242,0.688555,0.514598,1,1035.24,0.00346099,0.20695,0.894447,0.541958,0.05,300,300,300,300,300,300,120,300,300,62,66,74,41,45,53,1,5.52589,0.0184196,0.0100026
dual_l1_c0,0,857,7,0.354037,0.0225439,-0.0368642,1.08402,1821.04,0.636559,6.068,0.264622,0.043348,0.0257697,0.00924779,0.0449331,0.0292497,0.0980056,0.383644,0.162423,1,1,24,147,1,0.26482,0.425243,0.383992,0.197651,1,1810.62,0.00346099,0.20695,0.894447,0.541958,0.05,300,300,300,300,300,300,65,147,300,53,57,65,42,46,54,1,10.2542,0.0341808,-0
dual_l1_c0,0,858,2,0.421919,0.14691,0.255608,1.06389,1529.54,0.235548,5.0977,0.152413,0.061668,0.0230657,0.00727402,0.017271,0.22149,0.104844,0.285085,0.117268,0,0.00196003,17,300,0,0.152413,0.22149,0.285085,0.117268,0,1529.31,0.00346099,0.20695,0.894447,0.541958,0.05,300,300,300,300,300,300,69,300,300,50,54,74,32,41,49,1,25.9144,0.0863812,0.0141785
dual_l1_c0,0,859,6,0.504864,0.0365977,-0.109758,0.940608,1911.22,2.60531,6.36204,0.52505,0.247708,0.0121896,0.0172514,0.0380085,0.209307,0.296589,0.616551,0.31511,1,1,14,199,1,0.786863,0.517139,0.530579,0.350406,1,1862.57,0.00346099,0.20695,0.894447,0.541958,0.05,300,300,300,300,300,300,61,199,300,48,52,60,45,49,57,1,15.9367,0.0531222,-0
dual_l1_c0,0,860,0,0.437348,0.153479,0.211605,1.09097,1447.6,0.129877,4.8249,0.0958562,0.0155866,0.0264344,0.00732409,0.0341839,0.439742,0.138529,0.438242,0.0467799,1,1,8,70,1,0.242646,0.250994,0.293378,0.0852448,1,1428.8,0.00346099,0.20695,0.894447,0.541958,0.05,300,300,300,300,300,300,66,70,121,57,61,69,41,45,53,1,11.8533,0.0395111,-0
dual_l1_c0,0,861,2,0.27856,0.138386,-0.390223,1.0953,1957.95,2.5391,6.51803,0.523842,0.259925,0.0195156,0.013517,0.0364696,0.382432,0.188842,0.277598,0.682121,1,0.999511,28,146,1,0.529479,0.453064,0.308907,0.623109,1,1918.56,0.00346099,0.20695,0.894447,0.541958,0.05,300,300,300,300,300,300,110,146,300,56,60,77,40,52,60,1,13.8799,0.0462662,0.00421854
dual_l1_c0,0,862,1,0.3085,0.109558,0.408378,0.918265,1196.86,0.203431,3.98884,0.17635,0.0335496,0.0321073,0.0144204,0.0492628,0.567106,0.0456432,0.445655,0.169646,0,5.41875e-08,1,300,0,0.17635,0.567106,0.445655,0.169646,0,1196.65,0.00346099,0.20695,0.894447,0.541958,0.05,300,300,300,300,300,300,48,300,300,44,48,56,30,34,52,1,13.9198,0.0463994,1.07215e-06
dual_l1_c0,0,863,2,0.389533,0.0564667,-0.12818,0.996092,2094.47,2.12219,6.97448,0.459919,0.08366,0.0163937,0.00985424,0.0218132,0.388657,0.172514,0.328467,0.267915,0,7.20734e-10,20,90,1,0.342423,0.421114,0.352595,0.179605,1,2064.52,0.00346099,0.20695,0.894447,0.541958,0.05,300,300,300,300,300,300,74,90,300,54,68,76,43,47,55,1,21.3225,0.0710749,1.5172e-08
dual_l1_c0,0,864,4,0.40524,0.0580518,0.168918,0.980461,1773.26,0.0971189,5.91054,0.105659,0.0568861,0.00806237,0.00806163,0.028276,0.33643,0.259024,0.300357,0.0566093,1,1,27,220,1,0.111295,0.285075,0.310154,0.112056,1,1767.01,0.00346099,0.20695,0.894447,0.541958,0.05,300,300,300,300,300,300,136,220,300,51,63,143,44,48,56,1,15.429,0.0514301,-0
dual_l1_c0,0,865,2,0.375681,0.0461892,0.238564,1.01942,2331.71,0.616109,7.77031,0.242775,0.0304206,0.0276383,0.0135776,0.0328176,0.180371,0.196001,0.551389,0.0616071,1,0.999372,28,300,0,0.242775,0.180371,0.551389,0.0616071,1,2331.09,0.00346099,0.20695,0.894447,0.541958,0.05,300,300,300,300,300,300,169,300,300,66,70,78,39,63,71,1,18.6124,0.0620414,0.00525794
dual_l1_c0,0,866,4,0.552643,0.00757306,-0.18683,0.948606,1432.88,3.99065,4.76297,0.632402,0.0435875,0.0300967,0.0180207,0.0410382,0.413344,0.466229,0.573237,0.0865339,1,1,19,64,1,0.671822,0.324049,0.541981,0.231364,1,1343.02,0.00346099,0.20695,0.894447,0.541958,0.05,300,300,300,300,300,300,60,64,201,51,55,63,43,47,55,1,12.7376,0.0424586,-0
dual_l1_c0,0,867,5,0.348736,0.120268,0.00212038,1.06217,1258.68,0.684221,4.19332,0.232138,0.0315605,0.0395937,0.00970281,0.0432486,0.503462,0.155624,0.434863,0.138875,1,1,16,79,1,0.306325,0.190977,0.555428,0.263237,1,1240.23,0.00346099,0.20695,0.894447,0.541958,0.05,300,300,300,300,300,300,75,79,251,47,65,73,37,41,49,1,14.87,0.0495666,-0
dual_l1_c0,0,868,5,0.509643,0.054392,-0.224315,1.033,2116.92,1.5686,7.05119,0.409127,0.051409,0.00814604,0.00959395,0.04035,0.400025,0.245406,0.519726,0.350271,1,1,0,62,1,0.414335,0.387908,0.394703,0.314459,1,2081.37,0.00346099,0.20695,0.894447,0.541958,0.05,300,300,300,300,300,300,58,62,300,49,53,61,42,46,54,1,14.6635,0.0488782,-0
dual_l1_c0,0,869,2,0.217777,0.082038,0.45201,1.0822,1155.61,0.640117,3.8499,0.298273,0.101164,0.0221538,0.0216432,0.0536602,0.633344,0.0624475,0.0425156,0.0751109,1,1,1,300,0,0.298273,0.633344,0.0425156,0.0751109,1,1154.97,0.00346099,0.20695,0.894447,0.541958,0.05,300,300,300,300,300,300,300,300,300,51,55,93,44,48,56,1,13.5181,0.0450602,5.26852e-17
dual_l1_c0,0,870,1,0.429883,0.0598224,-0.172056,1.03022,2265.44,1.42824,7.5467,0.389291,0.0500742,0.0152665,0.00635694,0.0445586,0.370054,0.231589,0.244437,0.447017,1,1,0,72,1,0.484546,0.374011,0.297636,0.39443,1,2217.15,0.00346099,0.20695,0.894447,0.541958,0.05,300,300,300,300,300,300,60,72,195,42,46,54,40,44,52,1,5.98963,0.0199654,2.12715e-21
dual_l1_c0,0,871,5,0.560839,0.126937,0.215858,1.01619,2045.13,0.247344,6.81629,0.161424,0.0154161,0.0225613,0.0195615,0.0409964,0.4121,0.0946298,0.596275,0.0667354,1,1,0,300,0,0.161424,0.4121,0.596275,0.0667354,1,2044.89,0.00346099,0.20695,0.894447,0.541958,0.05,300,300,300,300,300,300,112,300,300,55,59,83,35,39,47,1,6.65216,0.0221739,-0
dual_l1_c0,0,872,4,0.482018,0.0503292,-0.0580057,1.05323,2181.72,0.340029,7.27127,0.180936,0.0229911,0.0407441,0.0162584,0.0354621,0.193507,0.0839403,0.449586,0.30765,1,1,37,123,1,0.237205,0.332784,0.479918,0.221309,1,2164.52,0.00346099,0.20695,0.894447,0.541958,0.05,300,300,300,300,300,300,94,123,131,63,67,89,40,44,52,1,7.73948,0.0257983,-0
dual_l1_c0,0,873,3,0.431019,0.0743655,-0.0898094,1.0067,2092.7,0.577294,6.97376,0.211796,0.0272395,0.0304378,0.0175962,0.043238,0.237054,0.261819,0.476068,0.210554,1,1,18,300,0,0.211796,0.237054,0.476068,0.210554,1,2092.13,0.00346099,0.20695,0.894447,0.541958,0.05,300,300,300,300,300,300,85,300,300,40,44,78,39,43,51,1,11.339,0.0377967,-0
dual_l1_c0,0,874,6,0.268922,0.106348,0.288603,0.957088,1520.73,0.323013,5.06801,0.142428,0.0161336,0.0298796,0.00556686,0.026571,0.506462,0.256366,0.311363,0.0810036,1,1,7,273,1,0.165131,0.337692,0.454154,0.0928962,1,1518.37,0.00346099,0.20695,0.894447,0.541958,0.05,300,300,300,300,300,300,129,273,300,52,56,74,45,49,57,1,21.3921,0.0713069,-0
dual_l1_c0,0,875,0,0.471954,0.101091,-0.452273,1.06645,2199.88,3.70372,7.32058,0.605304,0.264131,0.0261158,0.0130198,0.0103745,0.553723,0.197953,0.547943,0.710777,1,1,0,77,1,0.648468,1.01717,0.411003,0.47187,1,2119.6,0.00346099,0.20695,0.894447,0.541958,0.05,300,300,300,300,300,300,73,77,130,56,60,68,42,46,54,1,5.42992,0.0180997,-0
dual_l1_c0,0,876,2,0.3649,0.198233,-0.134526,1.01432,1485.67,2.27774,4.94463,0.479085,0.121701,0.0324872,0.0137244,0.0385138,0.514254,0.117811,0.239182,0.208448,1,1,0,85,1,0.447822,0.282493,0.196786,0.2398,1,1454.53,0.00346099,0.20695,0.894447,0.541958,0.05,300,300,300,300,300,300,51,85,157,48,52,73,42,46,54,1,21.7677,0.0725591,7.07241e-10
dual_l1_c0,0,877,3,0.37954,0.0145798,0.283342,0.948964,1552.75,0.0946742,5.17551,0.0960505,0.0159111,0.0263722,0.00940452,0.0338345,0.319352,0.187208,0.471595,0.120659,0,2.10529e-34,20,216,1,0.137691,0.324729,0.210522,0.158127,0,1545.64,0.00346099,0.20695,0.894447,0.541958,0.05,300,300,300,300,300,300,76,216,300,54,58,66,46,50,58,1,17.0867,0.0569557,1.63251e-32
dual_l1_c0,0,878,5,0.475118,0.115818,-0.0245857,1.09613,2106.8,0.589689,7.02071,0.241178,0.0128032,0.0425402,0.0147201,0.0304659,0.155767,0.178978,0.562076,0.300696,1,1,0,60,1,0.137578,0.115918,0.572918,0.153731,1,2088.32,0.00346099,0.20695,0.894447,0.541958,0.05,300,300,300,300,300,300,56,60,300,49,53,61,43,47,55,1,21.0924,0.0703081,3.07969e-24
dual_l1_c0,0,879,3,0.504651,0.158588,-0.314461,0.959018,2137.5,2.04161,7.11821,0.465137,0.148337,0.0407956,0.00824948,0.021444,0.0931664,0.30665,0.772027,0.212607,1,1,17,81,1,0.38671,0.40672,0.489022,0.569501,1,2082.22,0.00346099,0.20695,0.894447,0.541958,0.05,300,300,300,300,300,300,56,81,300,47,51,68,36,40,48,1,12.7387,0.0424622,-0
dual_l1_c0,0,880,4,0.436731,0.0298207,-0.294953,1.01962,956.885,4.53237,3.17451,0.679352,0.269525,0.0175757,0.0151201,0.0217101,0.480354,0.261333,0.313703,0.410374,1,1,15,128,1,0.506679,0.354553,0.323526,0.495141,1,898.363,0.00346099,0.20695,0.894447,0.541958,0.05,300,300,300,300,300,300,69,128,257,50,54,62,27,42,50,1,12.0761,0.0402535,-0
dual_l1_c0,0,881,0,0.512689,0.127421,0.0788076,0.910898,2193.17,0.129771,7.31014,0.11166,0.0209022,0.0214125,0.0116301,0.0160018,0.312312,0.149483,0.56747,0.159011,1,1,0,156,1,0.0747883,0.194661,0.618236,0.119633,1,2186.46,0.00346099,0.20695,0.894447,0.541958,0.05,300,300,300,300,300,300,72,156,178,54,58,66,44,48,56,1,5.79715,0.0193238,-0
dual_l1_c0,0,882,7,0.237535,0.186124,0.414372,0.939362,1596.19,0.198235,5.31998,0.151573,0.0308287,0.0494473,0.0117426,0.0219919,0.430051,0.0496615,0.384872,0.0917085,1,1,6,278,1,0.304789,0.395108,0.256574,0.224511,1,1591.75,0.00346099,0.20695,0.894447,0.541958,0.05,300,300,300,300,300,300,96,278,300,64,73,81,42,46,54,1,15.0722,0.0502406,-0
dual_l1_c0,0,883,6,0.429178,0.0894109,0.428806,0.911696,1039.09,0.80862,3.46093,0.296924,0.0448664,0.0157379,0.0111087,0.030744,0.306082,0.117451,0.48264,0.423224,1,1,0,108,1,0.215021,0.369033,0.364987,0.0678661,1,1004.47,0.00346099,0.20695,0.894447,0.541958,0.05,300,300,300,300,300,300,94,108,300,70,74,82,22,26,56,1,5.81478,0.0193826,-0
dual_l1_c0,0,884,3,0.435311,0.154857,-0.131559,1.05061,2506.71,0.650006,8.35353,0.2714,0.0651386,0.0377753,0.00882452,0.0230269,0.113241,0.0880013,0.500502,0.261111,1,1,21,81,1,0.352314,0.349663,0.518922,0.287081,1,2473.13,0.00346099,0.20695,0.894447,0.541958,0.05,300,300,300,300,300,300,69,81,300,59,71,79,43,57,65,1,4.97565,0.0165855,-0
dual_l1_c0,0,885,0,0.472594,0.110806,0.38847,0.980243,1173.16,0.680794,3.90826,0.270326,0.0100661,0.028173,0.0116907,0.0115694,0.350621,0.162649,0.697441,0.112097,1,1,19,99,1,0.104929,0.438385,0.545593,0.0449884,1,1151.23,0.00346099,0.20695,0.894447,0.541958,0.05,300,300,300,300,300,300,95,99,300,46,50,86,32,36,44,1,16.4638,0.0548794,3.18444e-37
dual_l1_c0,0,886,7,0.395142,0.174312,0.062084,0.969971,2042.43,0.117388,6.80772,0.128292,0.037284,0.0121404,0.00814616,0.0259453,0.203841,0.140331,0.427361,0.168742,1,1,24,72,1,0.0817536,0.0895083,0.405969,0.188083,1,2025.97,0.00346099,0.20695,0.894447,0.541958,0.05,300,300,300,300,300,300,68,72,300,59,63,71,43,47,55,1,11.6932,0.0389773,-0
dual_l1_c0,0,887,5,0.1779,0.118275,-0.397964,1.01332,1223.2,1.57613,4.07207,0.399463,0.283953,0.0314168,0.0163574,0.0159571,0.435545,0.25782,0.267418,0.596831,1,1,23,78,1,0.359062,0.472218,0.459034,0.470452,0,1166.55,0.00346099,0.20695,0.894447,0.541958,0.05,300,300,300,300,300,300,74,78,199,48,52,60,39,43,51,1,21.9126,0.073042,4.69771e-15
dual_l1_c0,0,888,5,0.393746,0.174351,-0.375597,1.05824,999.985,0.9357,3.33016,0.301505,0.15057,0.0133179,0.00837441,0.0172479,0.470013,0.109798,0.426511,0.658908,1,1,16,73,1,0.417057,0.138333,0.464668,0.596742,1,939.189,0.00346099,0.20695,0.894447,0.541958,0.05,300,300,300,300,300,300,55,73,81,51,55,63,33,46,54,1,10.8797,0.0362657,-0
dual_l1_c0,0,889,6,0.458996,0.19599,-0.438294,0.905268,1640,2.59075,5.45802,0.505959,0.168961,0.033705,0.0180228,0.0394242,0.608932,0.111982,0.667705,0.607198,1,1,9,78,1,0.193849,0.385296,0.247073,0.60003,1,1562.85,0.00346099,0.20695,0.894447,0.541958,0.05,300,300,300,300,300,300,74,78,111,41,45,65,36,40,48,1,13.97,0.0465668,-0
dual_l1_c0,0,890,1,0.330218,0.146939,0.324878,0.966639,1932.84,0.437728,6.44135,0.201098,0.0284407,0.0116486,0.0120964,0.0350171,0.511531,0.13723,0.319493,0.0930645,0,7.13823e-17,16,267,1,0.0781855,0.452192,0.368032,0.1021,0,1929.16,0.00346099,0.20695,0.894447,0.541958,0.05,300,300,300,300,300,300,88,267,300,64,68,76,37,48,56,1,18.1023,0.0603409,2.65401e-15
dual_l1_c0,0,891,0,0.286179,0.102223,0.288146,1.04632,1540.91,0.15021,5.13586,0.137205,0.0236054,0.0405899,0.00593606,0.0244295,0.150721,0.0516027,0.152952,0.200597,1,1,17,102,1,0.202834,0.172731,0.211376,0.122476,1,1520.7,0.00346099,0.20695,0.894447,0.541958,0.05,300,300,300,300,300,300,79,102,300,53,57,65,37,41,49,1,18.0643,0.0602145,-0
dual_l1_c0,0,892,2,0.387395,0.0163875,-0.116647,1.07003,2208.59,1.82947,7.35588,0.423522,0.146332,0.0108977,0.0124972,0.0246338,0.26855,0.298094,0.186524,0.219423,1,1,0,77,1,0.218547,0.229336,0.25518,0.461748,1,2170.06,0.00346099,0.20695,0.894447,0.541958,0.05,300,300,300,300,300,300,73,77,85,53,57,65,39,43,61,1,7.84535,0.0261512,3.80289e-08
dual_l1_c0,0,893,0,0.342241,0.0828557,-0.150676,1.05757,1457.3,1.47819,4.85275,0.397622,0.0333409,0.017115,0.0176897,0.0361839,0.367893,0.150081,0.343219,0.222644,1,1,22,142,1,0.334294,0.309641,0.284182,0.325024,1,1437.05,0.00346099,0.20695,0.894447,0.541958,0.05,300,300,300,300,300,300,80,142,176,64,78,86,33,37,45,1,16.5225,0.0550751,1.78267e-34
dual_l1_c0,0,894,2,0.298734,0.115594,-0.0317477,1.09786,997.107,0.964022,3.32047,0.324837,0.0142599,0.0149913,0.0106592,0.0490548,0.0996027,0.0783515,0.375782,0.171299,0,9.05147e-37,0,71,1,0.0855334,0.184392,0.291899,0.247391,1,979.457,0.00346099,0.20695,0.894447,0.541958,0.05,300,300,300,300,300,300,67,71,300,44,48,56,43,47,55,1,45.2034,0.150678,1.02436e-10
dual_l1_c0,0,895,3,0.260466,0.164719,-0.0892708,0.924657,2002.19,1.37405,6.66938,0.381643,0.0639786,0.0147848,0.0118363,0.0130819,0.332646,0.147288,0.402713,0.323549,0,0,18,57,1,0.494008,0.24965,0.321278,0.0671888,0,1979.49,0.00346099,0.20695,0.894447,0.541958,0.05,300,300,300,300,300,300,53,57,79,49,53,61,38,42,50,1,20.9449,0.0698164,-0
dual_l1_c0,0,896,2,0.473934,0.138293,0.149011,0.952225,1344.65,0.346447,4.48101,0.176158,0.0261382,0.0413834,0.0187408,0.0177246,0.126591,0.0959159,0.519292,0.0580762,0,0,-1,130,1,0.0826324,0.138337,0.533802,0.0390588,0,1334.98,0.00346099,0.20695,0.894447,0.541958,0.05,300,300,300,300,300,300,112,130,300,55,59,98,37,41,49,1,3.32422,0.0110807,3.95306e-41
dual_l1_c0,0,897,2,0.488462,0.0780461,-0.47111,1.08535,1303.43,2.69616,4.3358,0.513945,0.259762,0.0332522,0.0062816,0.0295529,0.611871,0.255312,0.63354,0.685104,1,1,0,153,1,0.521065,0.606706,0.521152,0.456924,1,1217.77,0.00346099,0.20695,0.894447,0.541958,0.05,300,300,300,300,300,300,143,153,161,34,38,46,32,36,44,1,14.0034,0.0466779,-0
dual_l1_c0,0,898,3,0.550929,0.0522845,0.105232,1.07207,1925.85,0.190093,6.41888,0.140759,0.010268,0.0237044,0.0116737,0.0362679,0.321516,0.122887,0.654128,0.166291,1,1,20,209,1,0.0727604,0.218033,0.603023,0.0792529,1,1922.18,0.00346099,0.20695,0.894447,0.541958,0.05,300,300,300,300,300,300,153,209,300,63,67,75,36,40,48,1,14.9776,0.0499253,3.34713e-30
dual_l1_c0,0,899,2,0.526486,0.118628,-0.182159,1.07185,1470.95,2.30245,4.8955,0.483653,0.227661,0.0262429,0.0101391,0.0412128,0.405416,0.147065,0.526829,0.20003,1,1,1,133,1,0.392052,0.19042,0.500196,0.359027,1,1427.01,0.00346099,0.20695,0.894447,0.541958,0.05,300,300,300,300,300,300,84,133,300,46,50,58,32,36,44,1,13.2484,0.0441612,4.4612e-10
dual_l1_c0,0,900,1,0.42967,0.131506,0.221629,0.939852,1401.77,0.608583,4.67055,0.233962,0.0159704,0.0400851,0.010481,0.0451922,0.444363,0.252808,0.67337,0.116941,0,2.82831e-18,0,118,1,0.0997193,0.441681,0.400649,0.190167,1,1386.76,0.00346099,0.20695,0.894447,0.541958,0.05,300,300,300,300,300,300,114,118,152,42,46,72,37,41,49,1,7.92068,0.0264023,1.14283e-16
dual_l1_c0,0,901,0,0.389156,0.0632309,0.0228539,0.931275,1545.76,0.915177,5.14949,0.300435,0.03636,0.00800503,0.0125492,0.0195195,0.175812,0.120411,0.568381,0.120822,1,1,19,137,1,0.417732,0.338184,0.367317,0.145973,1,1519.29,0.00346099,0.20695,0.894447,0.541958,0.05,300,300,300,300,300,300,114,137,300,46,50,58,40,44,52,1,20.3025,0.0676749,-0
dual_l1_c0,0,902,6,0.486119,0.0346932,-0.133332,0.921062,1835.93,0.116846,6.11938,0.104761,0.104761,0.0262534,0.0188131,0.0622042,0.304143,0.249798,0.428834,0.298229,1,1,31,69,1,0.362319,0.375376,0.575387,0.359946,1,1809.19,0.00346099,0.20695,0.894447,0.541958,0.05,300,300,300,300,300,300,65,69,141,54,58,66,36,40,48,1,22.6686,0.075562,-0
dual_l1_c0,0,903,4,0.437337,0.160741,0.142908,0.996273,1796.94,0.12233,5.98941,0.112282,0.0355153,0.0215227,0.0044804,0.0399124,0.259045,0.106403,0.510911,0.0378907,1,1,21,149,1,0.22584,0.113148,0.360687,0.068371,1,1786.05,0.00346099,0.20695,0.894447,0.541958,0.05,300,300,300,300,300,300,92,149,157,51,55,81,42,46,54,1,16.6667,0.0555557,-0
dual_l1_c0,0,904,2,0.305774,0.0786361,-0.00372148,0.975224,1259.62,0.502914,4.19704,0.205815,0.0121457,0.023813,0.00994452,0.0467001,0.261053,0.186755,0.191515,0.181357,1,1,0,103,1,0.0645511,0.275938,0.229434,0.161605,1,1242.79,0.00346099,0.20695,0.894447,0.541958,0.05,300,300,300,300,300,300,93,103,111,51,55,63,34,48,56,1,19.4059,0.0646865,1.74305e-19
dual_l1_c0,0,905,2,0.252817,0.136456,-0.46799,0.946518,1333.58,4.10315,4.43159,0.661698,0.429558,0.0321457,0.00967515,0.0264853,0.551241,0.217062,0.337122,0.737174,1,1,3,121,1,0.563074,0.673601,0.495259,0.569651,1,1264.61,0.00346099,0.20695,0.894447,0.541958,0.05,300,300,300,300,300,300,117,121,213,55,59,67,33,37,45,1,12.1571,0.0405235,-0
dual_l1_c0,0,906,3,0.47757,0.0387091,-0.331918,0.926939,2007.65,6.18013,6.67158,0.820135,0.483663,0.0235676,0.00618492,0.0262704,0.150507,0.432463,0.693372,0.0147123,1,1,23,117,1,0.593834,0.613452,0.405694,0.549835,1,1897.28,0.00346099,0.20695,0.894447,0.541958,0.05,300,300,300,300,300,300,113,117,300,57,69,77,50,60,68,1,17.2575,0.057525,-0
dual_l1_c0,0,907,6,0.293667,0.117927,-0.197348,1.05935,2005.71,1.66877,6.68012,0.418043,0.123122,0.0306026,0.0136502,0.0290345,0.0775581,0.192329,0.248642,0.422842,1,1,24,72,1,0.525016,0.424872,0.318767,0.182172,1,1980.48,0.00346099,0.20695,0.894447,0.541958,0.05,300,300,300,300,300,300,68,72,300,49,53,61,44,48,56,1,6.901,0.0230033,-0
dual_l1_c0,0,908,5,0.409037,0.137753,0.0741175,1.01078,1246.17,0.796012,4.15125,0.239281,0.0165469,0.013207,0.012343,0.0319101,0.224021,0.418644,0.45069,0.140136,1,1,6,61,1,0.0929655,0.257821,0.578698,0.214215,1,1230.18,0.00346099,0.20695,0.894447,0.541958,0.05,300,300,300,300,300,300,57,61,69,44,55,63,38,42,50,1,10.359,0.0345301,-0
dual_l1_c0,0,909,5,0.4611,0.140984,0.167767,1.06019,1466.65,0.318372,4.88776,0.156039,0.00998504,0.0301094,0.0164434,0.0589169,0.239615,0.158759,0.341785,0.112235,1,1,18,126,1,0.292271,0.303281,0.79322,0.0854136,1,1456.61,0.00346099,0.20695,0.894447,0.541958,0.05,300,300,300,300,300,300,85,126,300,46,50,72,40,44,52,1,13.5474,0.045158,-0
dual_l1_c0,0,910,7,0.2839,0.0810667,0.19753,0.991306,1277.2,0.649429,4.25516,0.248682,0.0184827,0.024101,0.00834906,0.0382582,0.39404,0.133048,0.410677,0.088886,1,1,1,111,1,0.306635,0.292241,0.183533,0.224485,1,1258.34,0.00346099,0.20695,0.894447,0.541958,0.05,300,300,300,300,300,300,107,111,143,55,82,90,37,41,49,1,8.09745,0.0269915,-0
dual_l1_c0,0,911,3,0.538422,0.190137,-0.361791,0.905917,1084.58,1.85322,3.60908,0.421659,0.224,0.0208755,0.0132197,0.0475354,0.565328,0.160942,0.65921,0.497658,1,1,5,120,1,0.632652,0.569558,0.443107,0.539102,1,1036.48,0.00346099,0.20695,0.894447,0.541958,0.05,300,300,300,300,300,300,52,120,300,49,53,61,33,37,45,1,15.2586,0.0508621,-0
dual_l1_c0,0,912,5,0.411015,0.0812117,0.057021,1.07936,1817.55,0.227169,6.05774,0.164617,0.0312684,0.0254582,0.0186724,0.0201262,0.276612,0.165857,0.269038,0.233057,1,1,14,154,1,0.279963,0.310765,0.488996,0.166278,1,1810.69,0.00346099,0.20695,0.894447,0.541958,0.05,300,300,300,300,300,300,142,154,300,43,85,141,35,39,47,1,14.5503,0.048501,-0
dual_l1_c0,0,913,5,0.325155,0.0634736,-0.446953,0.940237,1320.39,3.39505,4.38997,0.56526,0.237268,0.0183961,0.00360144,0.0295233,0.328038,0.416311,0.3999,0.682321,1,1,0,92,1,0.578928,0.444557,0.22259,0.685646,1,1226.37,0.00346099,0.20695,0.894447,0.541958,0.05,300,300,300,300,300,300,79,92,300,62,66,74,28,32,40,1,14.8551,0.0495171,-0
dual_l1_c0,0,914,0,0.495188,0.06848,-0.253764,0.927425,2051.9,1.1024,6.83599,0.342551,0.176325,0.0252804,0.0149425,0.0672962,0.249053,0.07762,0.452997,0.390439,1,1,4,63,1,0.176325,0.55309,0.570487,0.316115,1,1976.43,0.00346099,0.20695,0.894447,0.541958,0.05,300,300,300,300,300,300,59,63,125,51,55,63,44,48,56,1,9.35335,0.0311778,-0
dual_l1_c0,0,915,0,0.326854,0.0301247,-0.206124,1.01499,1146.52,0.641026,3.8196,0.251905,0.219967,0.046114,0.0174731,0.0418409,0.282712,0.351394,0.291189,0.490033,1,1,9,156,1,0.419952,0.260387,0.412529,0.380355,1,1119.16,0.00346099,0.20695,0.894447,0.541958,0.05,300,300,300,300,300,300,129,156,164,44,48,75,42,46,54,1,7.92181,0.026406,-0
dual_l1_c0,0,916,1,0.27154,0.160873,-0.141915,1.03499,1168.33,0.608755,3.89242,0.239627,0.0824408,0.0135042,0.0221324,0.0392854,0.428232,0.107684,0.191243,0.268068,1,1,1,71,1,0.113582,0.340785,0.323866,0.0444271,1,1141.82,0.00346099,0.20695,0.894447,0.541958,0.05,300,300,300,300,300,300,67,71,224,56,60,68,38,49,57,1,4.50503,0.0150168,1.82339e-22
dual_l1_c0,0,917,2,0.189071,0.0471068,0.184111,1.07168,1183.34,0.41484,3.94309,0.189344,0.0176522,0.0243932,0.0198623,0.0535623,0.0769789,0.209613,0.34067,0.31563,1,1,0,300,0,0.189344,0.0769789,0.34067,0.31563,1,1182.93,0.00346099,0.20695,0.894447,0.541958,0.05,300,300,300,300,300,300,291,300,300,74,78,86,48,52,83,1,3.94865,0.0131622,6.65325e-13
dual_l1_c0,0,918,1,0.528056,0.18989,-0.295462,1.01004,1146.49,2.71028,3.8126,0.505767,0.21672,0.0342774,0.0150583,0.0422374,0.62892,0.282258,0.444511,0.548633,0,1.3113e-32,0,63,1,0.395599,0.304422,0.838488,0.355668,1,1091.13,0.00346099,0.20695,0.894447,0.541958,0.05,300,300,300,300,300,300,59,63,71,40,44,52,32,36,44,1,29.9074,0.0996912,2.43767e-11
dual_l1_c0,0,919,2,0.45879,0.145475,-0.272206,1.06906,1025.13,1.27078,3.41286,0.372753,0.113911,0.0529512,0.0147182,0.0295692,0.100647,0.268736,0.52131,0.566114,1,1,0,76,1,0.526012,0.274871,0.513438,0.468763,1,989.304,0.00346099,0.20695,0.894447,0.541958,0.05,300,300,300,300,300,300,51,76,141,43,54,62,35,39,47,1,2.70721,0.00902403,5.94271e-40
dual_l1_c0,0,920,1,0.449261,0.186702,0.252651,1.00048,1269.45,0.464925,4.22996,0.217139,0.0325338,0.005468,0.0106103,0.0487419,0.344101,0.137648,0.404345,0.121058,0,4.39479e-13,1,222,1,0.237697,0.315398,0.448609,0.153684,1,1258.63,0.00346099,0.20695,0.894447,0.541958,0.05,300,300,300,300,300,300,105,222,300,52,56,79,36,40,48,1,31.259,0.104197,0.112593
dual_l1_c0,0,921,4,0.33062,0.132488,-0.451858,1.09745,1158.05,2.14033,3.85303,0.455953,0.293741,0.0168297,0.00460507,0.0336127,0.394911,0.0819538,0.384858,0.672704,1,1,32,58,1,0.444191,0.408089,0.347494,0.683575,1,1092.38,0.00346099,0.20695,0.894447,0.541958,0.05,300,300,300,300,300,300,54,58,66,50,54,62,40,51,59,1,7.91995,0.0263998,-0
dual_l1_c0,0,922,5,0.298029,0.00652192,0.419166,0.952579,1620.87,1.44718,5.39806,0.362532,0.0150749,0.0381309,0.01366,0.0609837,0.0696331,0.401267,0.554134,0.43905,1,1,0,300,0,0.362532,0.0696331,0.554134,0.43905,1,1619.42,0.00346099,0.20695,0.894447,0.541958,0.05,300,300,300,300,300,300,110,300,300,52,81,89,36,40,58,1,10.9474,0.0364914,-0
dual_l1_c0,0,923,3,0.329494,0.180931,-0.29246,1.06889,994.997,2.6403,3.30785,0.494326,0.223068,0.00787539,0.0120837,0.0281796,0.448498,0.240039,0.30627,0.492938,1,1,16,99,1,0.269313,0.312142,0.422853,0.475167,1,962.021,0.00346099,0.20695,0.894447,0.541958,0.05,300,300,300,300,300,300,95,99,161,41,70,78,32,36,44,1,11.1445,0.0371483,-0
dual_l1_c0,0,924,5,0.417699,0.103737,0.318025,1.02685,1787.04,0.193449,5.95617,0.111162,0.0190386,0.031555,0.0085963,0.0121449,0.291537,0.126526,0.370359,0.0785919,1,1,0,229,1,0.2182,0.419804,0.297141,0.0926448,1,1778.34,0.00346099,0.20695,0.894447,0.541958,0.05,300,300,300,300,300,300,98,229,300,77,81,89,34,38,46,1,8.47022,0.0282341,-0
dual_l1_c0,0,925,2,0.355451,0.179328,0.332039,1.04378,1746.86,0.459301,5.82133,0.250082,0.0302087,0.021551,0.00460084,0.0337474,0.321344,0.141379,0.578186,0.0719347,1,0.991441,0,300,0,0.250082,0.321344,0.578186,0.0719347,1,1746.4,0.00346099,0.20695,0.894447,0.541958,0.05,300,300,300,300,300,300,87,300,300,51,55,90,46,50,58,1,10.023,0.0334099,0.04927
dual_l1_c0,0,926,6,0.401045,0.00520217,0.149834,1.03029,1890.64,0.412799,6.30075,0.196019,0.0157312,0.0229184,0.0109121,0.0143607,0.155257,0.092319,0.549811,0.0705151,1,1,26,300,0,0.196019,0.155257,0.549811,0.0705151,1,1890.22,0.00346099,0.20695,0.894447,0.541958,0.05,300,300,300,300,300,300,198,300,300,47,51,59,46,50,58,1,12.7123,0.0423742,-0
dual_l1_c0,0,927,6,0.428397,0.00519428,-0.0162345,0.98532,1087.2,0.784726,3.62138,0.293451,0.0555303,0.0209997,0.00879872,0.0183706,0.163196,0.194888,0.356565,0.358097,1,1,1,169,1,0.330716,0.127134,0.592163,0.151275,1,1067.72,0.00346099,0.20695,0.894447,0.541958,0.05,300,300,300,300,300,300,111,169,300,35,74,82,34,38,46,1,4.33804,0.0144601,-0
dual_l1_c0,0,928,0,0.453995,0.0784616,-0.34526,0.9196,944.748,2.67004,3.14026,0.499715,0.324738,0.0252309,0.0238782,0.0273524,0.543238,0.367323,0.430755,0.446636,1,1,7,138,1,0.366113,0.440768,0.398385,0.565385,1,892.783,0.00346099,0.20695,0.894447,0.541958,0.05,300,300,300,300,300,300,85,138,300,39,43,67,22,26,34,1,10.4415,0.0348049,1.17568e-39
dual_l1_c0,0,929,5,0.230124,0.191045,-0.398077,1.05144,1746.33,4.28344,5.80681,0.673911,0.24869,0.0214626,0.0102308,0.0237136,0.558958,0.130229,0.219934,0.569781,1,1,0,72,1,0.367431,0.596778,0.358168,0.39711,1,1683.33,0.00346099,0.20695,0.894447,0.541958,0.05,300,300,300,300,300,300,60,72,300,57,61,69,36,40,48,1,13.1992,0.0439974,-0
dual_l1_c0,0,930,6,0.546965,0.051863,-0.137372,0.950976,1364.45,2.03935,4.54136,0.443435,0.346608,0.0285293,0.0174453,0.0498469,0.25167,0.307829,0.39697,0.230729,1,1,15,72,1,0.4593,0.111994,0.362162,0.28296,1,1270.19,0.00346099,0.20695,0.894447,0.541958,0.05,300,300,300,300,300,300,68,72,300,43,47,55,39,43,51,1,11.4052,0.0380173,-0
dual_l1_c0,0,931,7,0.246107,0.188229,0.128471,1.06649,997.363,0.0439193,3.3244,0.0401383,0.0401383,0.0208155,0.00721983,0.0387258,0.430906,0.320934,0.516359,0.225158,1,1,13,154,1,0.228781,0.343996,0.268301,0.0604523,1,983.468,0.00346099,0.20695,0.894447,0.541958,0.05,300,300,300,300,300,300,62,154,300,42,64,72,32,42,50,1,10.6556,0.0355187,-0
dual_l1_c0,0,932,3,0.555658,0.0599346,-0.471951,0.995301,2766.76,4.36317,9.20797,0.656332,0.566808,0.00830433,0.00580901,0.0135324,0.394706,0.554461,0.759528,0.682958,0,0,24,137,1,0.805976,0.632139,0.501128,0.777901,0,2650.13,0.00346099,0.20695,0.894447,0.541958,0.05,300,300,300,300,300,300,125,137,300,107,111,119,45,49,57,1,15.1831,0.0506104,-0
dual_l1_c0,0,933,3,0.30798,0.192181,0.299282,1.0898,934.484,0.580581,3.11301,0.230645,0.0138667,0.0252086,0.014119,0.0233735,0.301523,0.088645,0.22648,0.163715,1,1,1,300,0,0.230645,0.301523,0.22648,0.163715,1,933.904,0.00346099,0.20695,0.894447,0.541958,0.05,300,300,300,300,300,300,73,300,300,44,48,56,37,41,49,1,10.048,0.0334934,-0
dual_l1_c0,0,934,3,0.430499,0.0561079,-0.0435387,0.927366,1479.96,0.592665,4.93123,0.226954,0.107487,0.00761078,0.00472829,0.0271382,0.372374,0.261487,0.331279,0.28767,1,1,12,95,1,0.300419,0.24035,0.397189,0.381462,1,1442.52,0.00346099,0.20695,0.894447,0.541958,0.05,300,300,300,300,300,300,91,95,103,44,48,56,29,39,47,1,4.71154,0.0157051,-0
dual_l1_c0,0,935,4,0.220285,0.0622084,0.0673459,1.03052,1145.01,0.101892,3.81636,0.103365,0.0796011,0.0243568,0.00866422,0.0244245,0.308406,0.220259,0.249997,0.359232,1,1,32,176,1,0.224434,0.192951,0.24596,0.221838,1,1136.85,0.00346099,0.20695,0.894447,0.541958,0.05,300,300,300,300,300,300,83,176,300,71,83,107,41,45,63,1,12.0486,0.0401618,-0
dual_l1_c0,0,936,0,0.548455,0.112768,0.112967,1.01674,1384.01,0.591272,4.61141,0.237418,0.0205531,0.0297423,0.00961469,0.0357756,0.4219,0.390727,0.569151,0.241111,1,1,18,177,1,0.19948,0.266776,0.774413,0.0784468,1,1372.24,0.00346099,0.20695,0.894447,0.541958,0.05,300,300,300,300,300,300,173,177,221,56,60,106,37,50,58,1,2.36375,0.00787915,-0
dual_l1_c0,0,937,6,0.365565,0.167524,0.270203,1.09288,1265.05,0.269177,4.21593,0.150303,0.0426915,0.00580086,0.017279,0.0457361,0.210023,0.173535,0.416032,0.108855,1,1,0,227,1,0.11681,0.194578,0.222915,0.14675,1,1258.02,0.00346099,0.20695,0.894447,0.541958,0.05,300,300,300,300,300,300,73,227,300,61,65,73,37,48,56,1,10.4228,0.0347426,-0
dual_l1_c0,0,938,1,0.393693,0.0605625,-0.399496,0.946352,2023.33,1.64785,6.73894,0.407922,0.35561,0.0349155,0.0114007,0.0483952,0.516858,0.14937,0.607501,0.514469,0,1.36603e-34,0,54,1,0.592033,0.752615,0.514222,0.440321,1,1921.94,0.00346099,0.20695,0.894447,0.541958,0.05,300,300,300,300,300,300,50,54,62,39,51,59,33,37,45,1,8.41999,0.0280666,1.06518e-32
dual_l1_c0,0,939,5,0.417145,0.151703,0.13317,0.984453,2222.83,0.163053,7.40889,0.131977,0.0136459,0.0220738,0.00588178,0.0266677,0.195859,0.170117,0.545776,0.0341336,1,1,0,151,1,0.135527,0.216955,0.612996,0.0847098,1,2212.21,0.00346099,0.20695,0.894447,0.541958,0.05,300,300,300,300,300,300,86,151,202,50,54,85,44,48,56,1,11.0375,0.0367915,-0
dual_l1_c0,0,940,2,0.398015,0.0722346,0.190798,0.9687,943.559,0.0536646,3.14502,0.0871884,0.0203933,0.0196154,0.0114948,0.0245433,0.39693,0.0196788,0.422177,0.0758153,1,1,1,263,1,0.0787643,0.40102,0.436152,0.0747174,1,941.402,0.00346099,0.20695,0.894447,0.541958,0.05,300,300,300,300,300,300,84,263,300,40,54,62,24,37,45,1,7.78577,0.0259526,2.54521e-39
dual_l1_c0,0,941,7,0.306126,0.13957,0.335013,0.945311,2107.6,0.953394,7.02215,0.325425,0.03387,0.0269519,0.00899946,0.0296827,0.4413,0.24834,0.462598,0.115838,1,1,16,130,1,0.104011,0.398169,0.384066,0.141941,1,2087.43,0.00346099,0.20695,0.894447,0.541958,0.05,300,300,300,300,300,300,126,130,300,49,61,69,39,51,59,1,8.56781,0.0285594,-0
dual_l1_c0,0,942,5,0.201637,0.0945869,-0.239707,1.06051,1481.27,1.81621,4.9315,0.419291,0.251804,0.00722309,0.00956323,0.013693,0.421824,0.266052,0.326597,0.468335,1,1,0,93,1,0.648861,0.311199,0.262193,0.432325,1,1436.13,0.00346099,0.20695,0.894447,0.541958,0.05,300,300,300,300,300,300,76,93,135,47,51,59,35,39,47,1,18.5639,0.0618795,3.76483e-20
dual_l1_c0,0,943,3,0.137778,0.125431,-0.488397,0.925543,1443.9,5.75683,4.79383,0.770926,0.487173,0.0338527,0.0082246,0.0214499,0.644022,0.243741,0.381383,0.608148,0,1.44124e-36,1,59,1,0.8773,0.971719,0.205956,0.742089,1,1309.94,0.00346099,0.20695,0.894447,0.541958,0.05,300,300,300,300,300,300,55,59,245,52,56,64,30,34,54,1,13.1313,0.0437709,1.18942e-34
dual_l1_c0,0,944,5,0.238608,0.148201,0.142881,1.05262,1464.32,0.419945,4.87967,0.19754,0.00612424,0.0153307,0.00485767,0.0495685,0.306045,0.21691,0.235921,0.160917,1,1,0,77,1,0.0803128,0.363619,0.364699,0.0576202,1,1448.87,0.00346099,0.20695,0.894447,0.541958,0.05,300,300,300,300,300,300,73,77,114,50,59,67,38,52,60,1,12.9022,0.0430074,-0
dual_l1_c0,0,945,3,0.200342,0.0995643,-0.461269,0.990573,1301.32,3.0427,4.32758,0.559667,0.325804,0.0327828,0.00455438,0.0491233,0.317146,0.115306,0.182282,0.720416,1,1,3,60,1,0.325804,0.482841,0.146283,0.71869,1,1220.6,0.00346099,0.20695,0.894447,0.541958,0.05,300,300,300,300,300,300,47,60,168,45,49,57,35,39,47,1,22.6577,0.0755256,-0
dual_l1_c0,0,946,4,0.550811,0.173459,-0.469357,0.965972,2296.18,4.65491,7.63842,0.69248,0.275787,0.0298836,0.0184362,0.0368402,0.40419,0.286256,0.604889,0.724291,1,1,24,94,1,0.526306,0.516432,0.617967,0.682563,1,2211.99,0.00346099,0.20695,0.894447,0.541958,0.05,300,300,300,300,300,300,70,94,202,62,66,90,39,43,64,1,14.0948,0.0469827,-0
dual_l1_c0,0,947,2,0.388293,0.0309027,0.419297,1.0083,2080.77,0.14825,6.93541,0.134909,0.0297544,0.0155503,0.0210671,0.0441107,0.318585,0.16569,0.459461,0.0622567,1,1,0,300,0,0.134909,0.318585,0.459461,0.0622567,1,2080.62,0.00346099,0.20695,0.894447,0.541958,0.05,300,300,300,300,300,300,119,300,300,72,76,84,41,52,60,1,15.3235,0.0510785,2.58062e-40
dual_l1_c0,0,948,0,0.339606,0.149452,-0.100043,0.908322,1280.11,0.380055,4.26576,0.186912,0.0941675,0.0131958,0.00584702,0.0327507,0.301552,0.164915,0.322557,0.220562,1,1,18,87,1,0.111905,0.153456,0.533018,0.329655,1,1262.65,0.00346099,0.20695,0.894447,0.541958,0.05,300,300,300,300,300,300,83,87,95,54,58,83,33,37,45,1,17.3069,0.0576895,-0
dual_l1_c0,0,949,1,0.513064,0.161201,-0.154874,1.06008,1846.47,0.677243,6.15263,0.263658,0.139056,0.0387384,0.00393692,0.0618838,0.111963,0.304748,0.427568,0.261879,0,0,17,155,1,0.217048,0.0983954,0.533576,0.215465,0,1827.36,0.00346099,0.20695,0.894447,0.541958,0.05,300,300,300,300,300,300,87,155,300,52,79,87,40,44,52,1,23.6383,0.0787943,1.0641e-18
dual_l1_c0,0,950,4,0.299281,0.0818911,0.0889254,1.06549,2300.22,0.153586,7.66688,0.132959,0.0388612,0.0152265,0.0152464,0.0371176,0.249673,0.0242477,0.374447,0.122908,1,1,16,126,1,0.0795841,0.161587,0.409307,0.14761,1,2289.76,0.00346099,0.20695,0.894447,0.541958,0.05,300,300,300,300,300,300,66,126,300,62,66,87,38,42,50,1,12.9391,0.0431304,-0
dual_l1_c0,0,951,5,0.415286,0.0317661,-0.320893,0.916474,2221.12,4.27497,7.38948,0.647217,0.195386,0.0288868,0.00909472,0.0542125,0.457772,0.421876,0.234416,0.380834,1,1,0,63,1,0.526114,0.434947,0.355233,0.574757,1,2094.62,0.00346099,0.20695,0.894447,0.541958,0.05,300,300,300,300,300,300,59,63,71,55,59,67,52,56,64,1,15.9286,0.0530952,-0
dual_l1_c0,0,952,1,0.391942,0.191888,-0.432777,0.978356,1758.05,2.27975,5.85256,0.486525,0.329837,0.0188999,0.00865006,0.0287504,0.51977,0.152531,0.395031,0.648254,0,9.25593e-14,3,95,1,0.528999,0.647716,0.418684,0.544287,1,1689.25,0.00346099,0.20695,0.894447,0.541958,0.05,300,300,300,300,300,300,51,95,300,49,53,61,45,49,57,1,15.4559,0.0515197,2.77779e-12
dual_l1_c0,0,953,4,0.446551,0.105148,0.352434,1.01376,1214.67,0.34226,4.04775,0.206555,0.0173038,0.022017,0.020871,0.0166421,0.406412,0.103352,0.627172,0.0269081,1,1,16,300,0,0.206555,0.406412,0.627172,0.0269081,1,1214.32,0.00346099,0.20695,0.894447,0.541958,0.05,300,300,300,300,300,300,133,300,300,55,59,106,43,47,55,1,14.2363,0.0474545,-0
dual_l1_c0,0,954,6,0.406562,0.174972,-0.0359274,1.01001,1872.46,0.0170031,6.24149,0.0423721,0.0350147,0.0168632,0.00824916,0.0424734,0.131665,0.13166,0.374259,0.251312,1,1,14,72,1,0.337778,0.332674,0.340181,0.313556,1,1857.31,0.00346099,0.20695,0.894447,0.541958,0.05,300,300,300,300,300,300,52,72,80,47,51,59,42,46,54,1,8.07412,0.0269137,-0
dual_l1_c0,0,955,0,0.133317,0.00792012,0.381309,1.03681,1734.74,0.118855,5.78208,0.0970667,0.0218976,0.0377606,0.0121012,0.0160499,0.211421,0.0821476,0.177971,0.137481,1,1,1,300,0,0.0970667,0.211421,0.177971,0.137481,1,1734.62,0.00346099,0.20695,0.894447,0.541958,0.05,300,300,300,300,300,300,120,300,300,49,63,103,32,36,57,1,6.23604,0.0207868,-0
dual_l1_c0,0,956,2,0.477366,0.024158,-0.177784,1.06041,1412.9,1.75731,4.70382,0.428391,0.267805,0.0276859,0.0123964,0.0346918,0.263046,0.156498,0.442274,0.129701,1,1,0,224,1,0.550774,0.306441,0.514479,0.286789,1,1385.76,0.00346099,0.20695,0.894447,0.541958,0.05,300,300,300,300,300,300,204,224,300,79,83,91,37,46,54,1,11.7316,0.0391054,-0
dual_l1_c0,0,957,3,0.422204,0.0699305,-0.48639,1.02005,1218.46,2.2859,4.05393,0.475551,0.167218,0.0587852,0.0161042,0.0139341,0.501593,0.291474,0.433757,0.653962,1,1,12,52,1,0.554359,0.582989,0.717476,0.376107,1,1125.52,0.00346099,0.20695,0.894447,0.541958,0.05,300,300,300,300,300,300,48,52,74,44,48,56,28,32,40,1,15.2439,0.0508129,-0
dual_l1_c0,0,958,2,0.581061,0.174613,-0.0980175,0.920401,1181.33,0.866462,3.93488,0.284907,0.0024428,0.0472362,0.00382112,0.026734,0.311515,0.454586,0.778243,0.0735002,1,1,8,69,1,0.145848,0.353242,0.658481,0.273667,1,1157.82,0.00346099,0.20695,0.894447,0.541958,0.05,300,300,300,300,300,300,55,69,189,47,51,59,40,44,52,1,19.3698,0.0645661,1.16891e-17
dual_l1_c0,0,959,3,0.549818,0.074159,-0.0872557,0.980076,1108.82,0.505273,3.69439,0.210584,0.0293375,0.0246027,0.0175228,0.02092,0.217589,0.202663,0.545018,0.309899,0,8.38685e-18,0,78,1,0.246874,0.210218,0.646343,0.295779,0,1090.9,0.00346099,0.20695,0.894447,0.541958,0.05,300,300,300,300,300,300,66,78,141,43,47,55,33,37,55,1,7.18437,0.0239479,3.2977e-16
dual_l1_c0,0,960,7,0.568123,0.162784,-0.122495,0.936296,874.757,1.08621,2.91224,0.323155,0.14951,0.0211104,0.00913137,0.0332889,0.462333,0.369202,0.586774,0.383175,1,1,14,84,1,0.18918,0.130325,0.489213,0.324394,1,843.826,0.00346099,0.20695,0.894447,0.541958,0.05,300,300,300,300,300,300,58,84,105,45,49,57,33,37,45,1,4.73791,0.015793,-0
dual_l1_c0,0,961,7,0.289106,0.0955166,-0.417758,1.00301,978.662,1.33994,3.25774,0.369332,0.318497,0.0211563,0.00826789,0.0384952,0.508012,0.172409,0.230665,0.666398,1,1,0,67,1,0.679668,0.616871,0.484927,0.381119,1,895.98,0.00346099,0.20695,0.894447,0.541958,0.05,300,300,300,300,300,300,53,67,75,45,49,57,23,27,35,1,2.94225,0.0098075,-0
dual_l1_c0,0,962,5,0.285514,0.0764678,-0.0852245,1.05344,1749.27,0.223404,5.83014,0.138534,0.0579318,0.0283517,0.0146321,0.0379953,0.316885,0.0592704,0.111405,0.265395,1,1,0,74,1,0.333831,0.572411,0.394279,0.401975,1,1724.21,0.00346099,0.20695,0.894447,0.541958,0.05,300,300,300,300,300,300,70,74,300,51,66,74,39,52,60,1,18.7697,0.0625658,-0
dual_l1_c0,0,963,5,0.372462,0.075279,0.462042,0.9806,1616.95,0.807133,5.38714,0.258652,0.00871916,0.0221266,0.00962399,0.0323296,0.492449,0.234848,0.269294,0.296788,1,1,0,87,1,0.117095,0.386988,0.431117,0.183847,1,1578.93,0.00346099,0.20695,0.894447,0.541958,0.05,300,300,300,300,300,300,83,87,300,48,52,75,37,41,49,1,10.7211,0.0357371,-0
dual_l1_c0,0,964,0,0.448297,0.111899,0.397298,0.991562,2343.09,0.294398,7.80932,0.135939,0.0439063,0.0397671,0.00970299,0.0197618,0.369905,0.0985612,0.666255,0.335532,1,1,23,300,0,0.135939,0.369905,0.666255,0.335532,1,2342.8,0.00346099,0.20695,0.894447,0.541958,0.05,300,300,300,300,300,300,134,300,300,75,87,95,42,46,54,1,17.9684,0.0598947,-0
dual_l1_c0,0,965,6,0.535248,0.183842,0.418241,1.0722,1811.28,0.155157,6.03708,0.122494,0.0626194,0.0172662,0.0133941,0.0398277,0.250621,0.166389,0.771279,0.161597,1,1,13,225,1,0.186855,0.345948,0.568831,0.158243,1,1800.95,0.00346099,0.20695,0.894447,0.541958,0.05,300,300,300,300,300,300,214,225,300,48,101,109,39,43,51,1,19.7336,0.0657786,-0
dual_l1_c0,0,966,5,0.483548,0.164497,-0.159077,1.00197,1332.65,1.54155,4.43702,0.391133,0.0346119,0.0208871,0.00803766,0.0442155,0.338167,0.304127,0.448764,0.527201,1,1,0,106,1,0.369233,0.360289,0.564829,0.207486,1,1305.48,0.00346099,0.20695,0.894447,0.541958,0.05,300,300,300,300,300,300,102,106,300,41,82,90,31,35,43,1,16.2174,0.054058,-0
dual_l1_c0,0,967,7,0.353211,0.0347767,0.494881,0.951616,1729.22,0.152672,5.76357,0.160948,0.0171713,0.0108124,0.0150282,0.0187128,0.413143,0.218253,0.26576,0.608034,1,1,21,300,0,0.160948,0.413143,0.26576,0.608034,1,1729.07,0.00346099,0.20695,0.894447,0.541958,0.05,300,300,300,300,300,300,300,300,300,49,53,76,31,42,50,1,13.4545,0.0448484,-0
dual_l1_c0,0,968,3,0.316631,0.182166,-0.245785,1.0274,1670.43,0.249323,5.56726,0.141266,0.100051,0.0113288,0.0168894,0.0404188,0.355696,0.103378,0.356378,0.466313,1,1,0,81,1,0.309332,0.521748,0.406301,0.533447,1,1634.31,0.00346099,0.20695,0.894447,0.541958,0.05,300,300,300,300,300,300,77,81,133,55,59,67,45,49,57,1,13.9329,0.0464429,1.44334e-43
dual_l1_c0,0,969,7,0.46117,0.151572,-0.202227,1.00376,1435.42,0.940805,4.7816,0.325986,0.0347586,0.0351384,0.0164102,0.0540219,0.257361,0.387047,0.607169,0.0363922,1,1,21,81,1,0.312728,0.3881,0.367461,0.441819,1,1395.5,0.00346099,0.20695,0.894447,0.541958,0.05,300,300,300,300,300,300,77,81,126,55,59,79,32,36,44,1,16.3654,0.0545512,-0
dual_l1_c0,0,970,4,0.453843,0.14295,-0.375989,0.944002,1130.38,1.5989,3.76261,0.410707,0.319446,0.0241306,0.00915316,0.0369015,0.358501,0.200736,0.43276,0.503953,1,1,24,54,1,0.684548,0.362894,0.457216,0.543038,1,1058.57,0.00346099,0.20695,0.894447,0.541958,0.05,300,300,300,300,300,300,50,54,165,46,50,58,23,27,44,1,9.59774,0.0319925,-0
dual_l1_c0,0,971,0,0.443824,0.144831,0.0243486,0.941473,1081.47,0.588977,3.60292,0.2393,0.0177891,0.0324739,0.0149756,0.0488355,0.0868627,0.147642,0.354799,0.222115,1,1,16,96,1,0.340778,0.155297,0.483503,0.213904,1,1065.07,0.00346099,0.20695,0.894447,0.541958,0.05,300,300,300,300,300,300,63,96,131,47,61,69,24,42,50,1,16.7891,0.0559635,1.19221e-28
dual_l1_c0,0,972,5,0.262692,0.128604,-0.00146651,0.994444,2188.28,0.265315,7.2934,0.143326,0.0121548,0.0102653,0.00538595,0.0231731,0.192881,0.251897,0.390476,0.198483,1,1,6,109,1,0.23678,0.279568,0.25802,0.255917,1,2176.06,0.00346099,0.20695,0.894447,0.541958,0.05,300,300,300,300,300,300,68,109,300,54,58,66,45,49,57,1,20.172,0.06724,-0
dual_l1_c0,0,973,2,0.503366,0.00959079,0.368346,0.976695,1745.04,0.245369,5.81598,0.172768,0.00161328,0.0382884,0.0120512,0.0467507,0.468167,0.0645386,0.437261,0.0522536,0,4.48359e-16,14,300,0,0.172768,0.468167,0.437261,0.0522536,0,1744.79,0.00346099,0.20695,0.894447,0.541958,0.05,300,300,300,300,300,300,145,300,300,55,59,67,42,46,54,1,19.2331,0.0641103,1.58454e-14
dual_l1_c0,0,974,6,0.52357,0.197567,-0.00184667,0.932164,993.833,0.443498,3.3113,0.219371,0.0694307,0.0116047,0.0110486,0.0383936,0.137592,0.216511,0.529133,0.256377,1,1,18,175,1,0.159276,0.235814,0.534623,0.214766,1,985.67,0.00346099,0.20695,0.894447,0.541958,0.05,300,300,300,300,300,300,52,175,300,29,50,58,29,33,41,1,8.07397,0.0269132,-0
dual_l1_c0,0,975,3,0.209308,0.143475,0.246815,0.951865,1738.1,0.755733,5.79114,0.274108,0.0317203,0.0326783,0.00787756,0.0270672,0.109587,0.24927,0.610668,0.119092,1,1,23,300,0,0.274108,0.109587,0.610668,0.119092,1,1737.34,0.00346099,0.20695,0.894447,0.541958,0.05,300,300,300,300,300,300,87,300,300,47,51,74,40,44,52,1,13.9093,0.0463643,3.5025e-17
dual_l1_c0,0,976,2,0.127116,0.0464004,0.306747,0.953122,1035.04,0.142801,3.44966,0.0956122,0.0630671,0.018378,0.00910652,0.0360747,0.342486,0.131506,0.338253,0.223595,1,0.819168,14,225,1,0.198852,0.279041,0.183665,0.0904635,1,1027.06,0.00346099,0.20695,0.894447,0.541958,0.05,300,300,300,300,300,300,64,225,300,58,62,70,34,38,46,1,10.3904,0.0346347,0.472653
dual_l1_c0,0,977,6,0.599302,0.149824,0.0141919,0.917161,1550.48,0.486836,5.16665,0.239555,0.04778,0.0312832,0.00609329,0.0355339,0.200133,0.193139,0.743554,0.288406,1,1,11,108,1,0.297735,0.221796,0.691434,0.218976,1,1528.71,0.00346099,0.20695,0.894447,0.541958,0.05,300,300,300,300,300,300,91,108,116,47,51,59,37,41,49,1,19.8509,0.0661698,-0
dual_l1_c0,0,978,5,0.352184,0.0939494,0.308688,0.937007,1585.59,0.520178,5.28356,0.213516,0.00726161,0.0160445,0.00691281,0.04568,0.379689,0.273158,0.60196,0.217314,1,1,0,115,1,0.0781614,0.275851,0.533854,0.318336,1,1563.33,0.00346099,0.20695,0.894447,0.541958,0.05,300,300,300,300,300,300,84,115,300,48,79,87,38,48,56,1,14.2214,0.0474047,3.02847e-32
dual_l1_c0,0,979,6,0.204539,0.0597924,0.427939,1.03424,1838.69,0.43568,6.12752,0.194544,0.0216674,0.0377261,0.00374692,0.0415711,0.369985,0.103364,0.326839,0.0879961,1,1,13,300,0,0.194544,0.369985,0.326839,0.0879961,1,1838.26,0.00346099,0.20695,0.894447,0.541958,0.05,300,300,300,300,300,300,170,300,300,56,86,198,38,49,57,1,10.117,0.0337233,-0
dual_l1_c0,0,980,2,0.600607,0.000802541,0.438534,1.04851,2167.24,1.91699,7.21774,0.424276,0.0110038,0.0229566,0.0129458,0.0367798,0.653918,0.344515,0.693283,0.102691,0,5.6798e-20,19,300,0,0.424276,0.653918,0.693283,0.102691,0,2165.32,0.00346099,0.20695,0.894447,0.541958,0.05,300,300,300,300,300,300,300,300,300,56,60,268,37,41,49,1,13.6371,0.0454571,2.51699e-18
dual_l1_c0,0,981,7,0.56176,0.116733,-0.425109,0.935759,1449.05,1.69714,4.82451,0.401759,0.401759,0.0271977,0.0126246,0.034159,0.635194,0.226468,0.556976,0.637898,1,1,19,90,1,0.597435,0.537268,0.414994,0.49117,1,1350.21,0.00346099,0.20695,0.894447,0.541958,0.05,300,300,300,300,300,300,55,90,173,51,55,92,37,41,49,1,12.3396,0.0411321,-0
dual_l1_c0,0,982,6,0.334543,0.0443057,-0.215398,1.01237,886.369,0.71008,2.95219,0.253237,0.174486,0.0364669,0.00307735,0.0541362,0.102704,0.32128,0.413764,0.393692,1,1,1,61,1,0.308783,0.180164,0.360647,0.224835,1,821.436,0.00346099,0.20695,0.894447,0.541958,0.05,300,300,300,300,300,300,57,61,69,43,47,55,34,45,53,1,3.67575,0.0122525,-0
dual_l1_c0,0,983,6,0.212645,0.129725,0.245309,1.03162,1281.73,0.67845,4.27018,0.246007,0.0377802,0.031542,0.00537027,0.0555007,0.199561,0.127832,0.393408,0.0684096,1,1,30,120,1,0.262109,0.406737,0.236665,0.121249,1,1253.62,0.00346099,0.20695,0.894447,0.541958,0.05,300,300,300,300,300,300,74,120,300,46,67,75,41,45,53,1,10.9444,0.0364812,-0
dual_l1_c0,0,984,2,0.422563,0.00544984,-0.369719,0.970098,2664.96,16.7994,8.8272,1.28704,0.652644,0.0302069,0.00954116,0.0139266,0.823583,0.612872,0.305244,0.288751,1,1,20,300,0,1.28704,0.823583,0.305244,0.288751,1,2648.16,0.00346099,0.20695,0.894447,0.541958,0.05,300,300,300,300,300,300,300,300,300,56,65,73,45,49,57,1,6.00043,0.0200014,-0
dual_l1_c0,0,985,3,0.390661,0.136952,-0.322372,0.977765,1370.5,4.47671,4.5534,0.673264,0.198227,0.0226825,0.00447532,0.0447348,0.376192,0.20808,0.382858,0.456043,1,1,24,237,1,0.267531,0.599162,0.455929,0.575762,1,1350.68,0.00346099,0.20695,0.894447,0.541958,0.05,300,300,300,300,300,300,86,237,300,45,49,57,34,38,46,1,1.52579,0.00508598,-0
dual_l1_c0,0,986,4,0.485397,0.162228,-0.0110452,1.0792,1131.79,0.707821,3.77028,0.283435,0.0222435,0.010401,0.0125441,0.0510605,0.0831341,0.155478,0.399048,0.199248,1,1,40,90,1,0.293924,0.154553,0.441845,0.35275,1,1115.27,0.00346099,0.20695,0.894447,0.541958,0.05,300,300,300,300,300,300,79,90,250,52,56,64,45,49,57,1,11.8102,0.0393672,-0
dual_l1_c0,0,987,6,0.426941,0.0766582,-0.0489142,1.01319,1007.33,0.142666,3.35729,0.12267,0.0392215,0.0237092,0.0108815,0.0128897,0.130923,0.092898,0.604608,0.121579,1,1,3,95,1,0.139715,0.0977473,0.380882,0.316636,1,988.913,0.00346099,0.20695,0.894447,0.541958,0.05,300,300,300,300,300,300,91,95,300,38,94,102,32,36,77,1,15.6108,0.052036,-0
dual_l1_c0,0,988,5,0.31403,0.128727,0.0334423,0.943447,1498.2,0.81754,4.99126,0.294417,0.00761851,0.0315726,0.0186715,0.0605766,0.309922,0.113548,0.462316,0.14729,1,1,0,68,1,0.126262,0.243067,0.197303,0.066571,1,1486.72,0.00346099,0.20695,0.894447,0.541958,0.05,300,300,300,300,300,300,58,68,76,52,56,64,39,43,51,1,19.7559,0.065853,2.73825e-32
dual_l1_c0,0,989,6,0.400742,0.185433,-0.088329,0.923103,1425.01,1.52726,4.74494,0.39455,0.0520789,0.0353874,0.00446236,0.0147094,0.388733,0.23254,0.394551,0.393171,1,1,27,69,1,0.242779,0.133459,0.401343,0.328823,1,1392.86,0.00346099,0.20695,0.894447,0.541958,0.05,300,300,300,300,300,300,65,69,126,49,53,61,34,46,54,1,8.88691,0.029623,-0
dual_l1_c0,0,990,5,0.463551,0.105224,-0.261477,1.06311,1825.81,1.15586,6.0822,0.339043,0.15605,0.0132181,0.00587665,0.0325823,0.254673,0.143074,0.472472,0.630266,1,1,0,90,1,0.282051,0.4108,0.6061,0.52113,1,1790.18,0.00346099,0.20695,0.894447,0.541958,0.05,300,300,300,300,300,300,86,90,98,49,53,61,47,51,59,1,12.7944,0.0426481,-0
dual_l1_c0,0,991,6,0.481754,0.0144837,0.0337472,1.07586,1937.97,0.802967,6.45723,0.264336,0.0562852,0.0373444,0.00438743,0.0449531,0.389916,0.321002,0.225917,0.239669,1,1,34,106,1,0.0660333,0.199231,0.502851,0.0815235,1,1918.64,0.00346099,0.20695,0.894447,0.541958,0.05,300,300,300,300,300,300,102,106,300,53,57,65,48,52,60,1,10.7009,0.0356697,-0
dual_l1_c0,0,992,6,0.343289,0.0309797,-0.433642,0.954841,855.113,1.73015,2.84461,0.4061,0.269781,0.0354881,0.00571988,0.0262748,0.37632,0.216474,0.356055,0.617658,1,1,3,73,1,0.485989,0.461544,0.339271,0.69068,1,757.169,0.00346099,0.20695,0.894447,0.541958,0.05,300,300,300,300,300,300,43,73,81,40,44,52,26,30,38,1,11.2442,0.0374806,-0
dual_l1_c0,0,993,4,0.487103,0.0158294,-0.498228,0.925396,2164.83,13.259,7.17189,1.16187,0.465681,0.0157455,0.00874436,0.0517615,0.67384,0.542168,0.281662,0.838425,1,1,26,102,1,1.10838,0.796142,0.540571,0.492261,1,1967.54,0.00346099,0.20695,0.894447,0.541958,0.05,300,300,300,300,300,300,98,102,300,60,70,78,44,48,69,1,19.3623,0.0645411,-0
dual_l1_c0,0,994,5,0.532832,0.0719651,0.339762,0.925144,1551.12,0.386455,5.16913,0.228574,0.0379349,0.0281466,0.0175208,0.0407088,0.349822,0.075116,0.675844,0.187502,1,1,0,77,1,0.161443,0.315452,0.485476,0.284259,1,1522,0.00346099,0.20695,0.894447,0.541958,0.05,300,300,300,300,300,300,73,77,175,54,64,72,33,37,45,1,13.345,0.0444835,5.08071e-25
dual_l1_c0,0,995,4,0.480019,0.158719,-0.455018,1.09583,1876.37,1.06343,6.25101,0.314145,0.154021,0.0161463,0.0185166,0.0471034,0.24386,0.28622,0.464413,0.594356,1,1,29,82,1,0.274867,0.494568,0.569363,0.707124,1,1806.56,0.00346099,0.20695,0.894447,0.541958,0.05,300,300,300,300,300,300,69,82,300,54,58,66,43,47,55,1,9.52821,0.0317607,-0
dual_l1_c0,0,996,1,0.384558,0.00998847,0.175108,0.962453,2131.78,0.696651,7.10361,0.264842,0.0142617,0.00775554,0.0140919,0.0310765,0.20935,0.242032,0.182618,0.0551083,1,1,17,88,1,0.250972,0.362702,0.32461,0.0667496,1,2114.27,0.00346099,0.20695,0.894447,0.541958,0.05,300,300,300,300,300,300,84,88,300,52,56,64,50,54,62,1,20.5828,0.0686094,9.49517e-36
dual_l1_c0,0,997,2,0.263259,0.161025,0.477407,1.03414,1424.43,0.302768,4.74709,0.172184,0.0593199,0.0655209,0.00867273,0.0684973,0.424763,0.14763,0.305208,0.0594169,1,0.999447,18,300,0,0.172184,0.424763,0.305208,0.0594169,1,1424.13,0.00346099,0.20695,0.894447,0.541958,0.05,300,300,300,300,300,300,185,300,300,98,102,110,40,44,52,1,11.2262,0.0374207,0.00469885
dual_l1_c0,0,998,5,0.291316,0.0684351,0.267041,0.908013,1728.88,0.050155,5.76275,0.0716258,0.0210492,0.0250291,0.00924484,0.0315413,0.235519,0.099039,0.226523,0.27524,1,1,0,208,1,0.174238,0.207082,0.226206,0.185296,1,1721.46,0.00346099,0.20695,0.894447,0.541958,0.05,300,300,300,300,300,300,78,208,300,50,76,84,38,42,50,1,10.925,0.0364166,1.68238e-16
dual_l1_c0,0,999,4,0.449086,0.0248524,0.271366,0.912295,1183.98,1.23531,3.9425,0.34684,0.054035,0.0218637,0.00642524,0.0367339,0.2575,0.293972,0.28667,0.0861759,1,1,17,300,0,0.34684,0.2575,0.28667,0.0861759,1,1182.75,0.00346099,0.20695,0.894447,0.541958,0.05,300,300,300,300,300,300,118,300,300,80,110,118,42,46,54,1,14.6872,0.0489573,-0
