method,seed,mission,cls,om_norm,cd,b,s,total_cost,terminal,cost_per_stage,final_dist,min_dist,err_xp_T,err_xa_T,err_xv_T,err_zp_T,err_zv_T,err_f_T,err_g_T,class_ok_T,post_true_T,t_first_correct,stop_t,stopped,dist_stop,err_zp_stop,err_f_stop,err_g_stop,class_ok_stop,cost_to_stop,eps0_0,eps0_1,eps0_2,eps0_3,eps0_4,stop_s0.25_T4,stop_s0.25_T8,stop_s0.25_T16,stop_s0.5_T4,stop_s0.5_T8,stop_s0.5_T16,stop_s1_T4,stop_s1_T8,stop_s1_T16,stop_s2_T4,stop_s2_T8,stop_s2_T16,stop_s4_T4,stop_s4_T8,stop_s4_T16
baseline,-1,0,1,0.279827,0.0487279,0.472181,1.00261,1383.79,0.0707939,4.61239,0.142439,0.00463801,0.0204641,0.00421593,0.049888,0.380698,0.274485,0.946562,0.256215,1,1,23,103,1,0.151566,0.0823776,0.989676,0.147797,1,1243.77,0.00103294,0.013713,0.021483,0.00186171,0.05,300,300,300,300,300,300,99,103,111,93,97,105,89,93,101
baseline,-1,1,6,0.28879,0.184994,0.159157,0.975081,1718.96,0.0853219,5.7296,0.109687,0.00604584,0.0282148,0.00331379,0.0321226,0.468056,0.602894,1.14228,0.0377813,0,0,-1,149,1,0.169551,0.247931,1.20376,0.163026,0,1603.1,0.00103294,0.013713,0.021483,0.00186171,0.05,300,300,300,300,300,300,145,149,157,78,82,90,57,61,69
baseline,-1,2,0,0.534844,0.0252424,-0.336027,1.09652,2958.61,18.6092,9.79999,1.37976,0.35487,0.00941347,0.00495998,0.0231732,1.18619,0.428599,0.775192,1.20781,1,1,7,135,1,0.717365,0.601701,0.966671,0.535857,1,2528.92,0.00103294,0.013713,0.021483,0.00186171,0.05,300,300,300,300,300,300,131,135,143,121,125,133,97,101,109
baseline,-1,3,0,0.491569,0.147145,-0.36411,0.923106,1145.7,0.0958369,3.81868,0.0566467,0.00360562,0.0310336,0.00618127,0.0392429,0.585225,1.13309,1.41183,0.332647,0,0,0,148,1,0.165549,0.479555,0.80497,0.432341,0,1012.05,0.00103294,0.013713,0.021483,0.00186171,0.05,300,300,300,300,300,300,115,148,300,88,110,118,55,59,67
baseline,-1,4,1,0.397638,0.151632,-0.477462,1.00252,922.709,0.809115,3.073,0.26157,0.00550013,0.0238653,0.00761155,0.0144629,1.32438,1.2276,0.678848,0.147986,1,1,1,119,1,0.351849,0.228258,0.187633,0.247955,0,883.051,0.00103294,0.013713,0.021483,0.00186171,0.05,300,300,300,300,300,300,108,119,127,91,95,103,67,71,79
baseline,-1,5,2,0.537644,0.0606169,-0.170356,1.0072,1545.03,0.860028,5.14722,0.320134,0.00376782,0.021246,0.00885616,0.0304887,0.473608,0.44521,1.0768,0.0863747,0,0,-1,148,1,0.462525,0.486789,0.534163,0.0291023,0,1412.27,0.00103294,0.013713,0.021483,0.00186171,0.05,300,300,300,300,300,300,111,148,300,59,63,71,45,49,57
baseline,-1,6,2,0.151965,0.11882,0.212238,1.0437,1190.88,0.449425,3.9681,0.208127,0.00436634,0.0142968,0.0048449,0.00673603,0.710418,0.773587,1.062,0.273309,0,0,23,142,1,0.0638794,0.0958029,1.19815,0.217403,0,1084.1,0.00103294,0.013713,0.021483,0.00186171,0.05,300,300,300,300,300,300,138,142,150,96,100,108,66,70,78
baseline,-1,7,4,0.485615,0.0261543,-0.267942,1.07856,1863.52,0.0167168,6.21168,0.0200658,0.00752097,0.0258086,0.00334716,0.0326605,0.215274,0.580623,0.627658,0.226154,1,1,0,97,1,0.0452412,0.0579729,0.127197,0.0297245,1,1709.67,0.00103294,0.013713,0.021483,0.00186171,0.05,300,300,300,300,300,300,93,97,105,74,78,86,60,64,86
baseline,-1,8,6,0.513023,0.0244018,-0.0664132,0.953785,1115.93,0.780759,3.71715,0.243536,0.00214891,0.0115009,0.00524563,0.0331974,1.08087,1.44552,1.11811,0.334383,1,1,27,300,0,0.243536,1.08087,1.11811,0.334383,1,1115.15,0.00103294,0.013713,0.021483,0.00186171,0.05,300,300,300,300,300,300,131,300,300,62,66,74,50,54,62
baseline,-1,9,0,0.464981,0.181175,-0.387874,0.925179,1488.38,0.277335,4.96035,0.165846,0.165846,0.0134837,0.00580046,0.0424423,0.115749,0.146638,0.448781,0.456867,0,5.56243e-28,3,104,1,0.197533,0.157629,0.601349,0.476836,0,1438,0.00103294,0.013713,0.021483,0.00186171,0.05,300,300,300,300,300,300,100,104,112,49,53,61,39,43,51
baseline,-1,10,2,0.180502,0.185484,-0.430808,1.01025,1058.36,0.00446411,3.52786,0.0360883,0.00312914,0.0137912,0.00847316,0.0122264,0.169742,0.37465,0.911855,0.222444,0,0,3,186,1,0.177023,1.02118,0.917486,0.244987,0,971.624,0.00103294,0.013713,0.021483,0.00186171,0.05,300,300,300,300,300,300,118,186,300,80,84,92,76,80,88
baseline,-1,11,0,0.342812,0.198078,-0.494593,0.991055,1813.02,0.542074,6.04158,0.24323,0.0231063,0.0179614,0.00614275,0.0227882,0.687381,0.644626,1.22697,0.311906,0,0,19,157,1,0.0673648,0.418787,1.16928,0.404036,0,1698.27,0.00103294,0.013713,0.021483,0.00186171,0.05,300,300,300,300,300,300,137,157,300,69,73,99,44,48,81
baseline,-1,12,5,0.296182,0.129097,0.472198,0.931834,1555.04,0.331198,5.18237,0.135374,0.00451837,0.0260647,0.00808331,0.0286466,0.850017,1.25272,1.08794,0.332078,0,0,6,254,1,0.134322,0.572016,1.14467,0.300706,0,1519.75,0.00103294,0.013713,0.021483,0.00186171,0.05,300,300,300,300,300,300,102,254,300,69,73,81,51,55,63
baseline,-1,13,1,0.367914,0.0492574,-0.209387,1.09875,2663.18,0.298143,8.87628,0.145031,0.00678777,0.0265012,0.00472976,0.0392719,0.789966,1.15934,1.26905,0.501266,1,1,7,109,1,0.536011,1.49245,0.788946,0.374605,1,2497.36,0.00103294,0.013713,0.021483,0.00186171,0.05,300,300,300,300,300,300,99,109,300,76,80,88,63,67,75
baseline,-1,14,5,0.272608,0.0403544,-0.35404,0.99968,2399.4,0.271718,7.9971,0.138971,0.00220062,0.0175883,0.00697244,0.0349204,0.697902,0.962019,0.994802,0.454985,0,0,0,93,1,0.0677156,0.0238003,0.934384,0.241506,0,2201.23,0.00103294,0.013713,0.021483,0.00186171,0.05,300,300,300,300,300,300,89,93,101,72,76,84,57,61,69
baseline,-1,15,3,0.282185,0.0852996,-0.360217,1.09349,1659.77,0.0231989,5.53249,0.0775151,0.0104414,0.0182648,0.0077861,0.0318371,0.669306,0.70621,1.31334,0.44744,0,0,-1,225,1,0.0205308,0.583195,1.15748,0.440493,0,1591.09,0.00103294,0.013713,0.021483,0.00186171,0.05,300,300,300,300,300,300,106,225,263,71,75,83,44,48,56
baseline,-1,16,6,0.252405,0.150056,0.0638746,1.01106,3215.29,0.397171,10.7163,0.214711,0.00384302,0.00627232,0.00473049,0.016895,0.912186,1.18214,0.860598,0.375455,1,1,0,129,1,0.571922,0.495799,0.583649,0.823438,0,3139.02,0.00103294,0.013713,0.021483,0.00186171,0.05,300,300,300,300,300,300,125,129,137,106,110,132,62,66,89
baseline,-1,17,6,0.283468,0.167883,-0.361346,0.93855,1184.58,0.436243,3.94716,0.205926,0.0362638,0.00938818,0.00262156,0.03005,0.660802,0.68039,1.02424,0.203752,0,0,34,129,1,0.48424,0.379441,0.309991,0.214822,0,1097.77,0.00103294,0.013713,0.021483,0.00186171,0.05,300,300,300,300,300,300,125,129,137,68,72,80,53,57,65
baseline,-1,18,1,0.549907,0.16225,0.00706267,1.00663,1047.64,1.51574,3.48707,0.399019,0.00213762,0.012963,0.00103205,0.0186695,1.84599,1.49729,0.465463,0.385419,1,1,0,102,1,0.154927,1.03587,0.89987,0.269479,1,873.066,0.00103294,0.013713,0.021483,0.00186171,0.05,300,300,300,300,300,300,92,102,300,57,61,69,46,50,58
baseline,-1,19,7,0.38157,0.0451,-0.442798,0.946116,1154.67,3.27504,3.83799,0.549076,0.00594308,0.0221331,0.00503828,0.0243927,2.25926,1.8609,1.132,0.256705,0,0,10,99,1,0.0433388,0.0680497,0.141896,0.0655467,0,941.912,0.00103294,0.013713,0.021483,0.00186171,0.05,300,300,300,300,300,300,95,99,107,76,80,88,59,63,71
baseline,-1,20,4,0.450671,0.0127798,-0.431394,1.03862,2420.14,1.71132,8.06143,0.395504,0.00808297,0.0336896,0.00510697,0.0191371,1.43658,1.30789,1.31862,0.605,0,1.37588e-05,0,130,1,0.0239341,0.396921,1.0664,0.422117,0,2277.67,0.00103294,0.013713,0.021483,0.00186171,0.05,300,300,300,300,300,300,126,130,300,79,83,106,61,65,83
baseline,-1,21,2,0.178613,0.18813,0.284692,0.987755,1399.31,0.106716,4.66401,0.0996683,0.00990866,0.0124258,0.00446778,0.0240126,0.408421,0.536088,1.16783,0.243524,0,0,-1,181,1,0.348636,0.519836,0.996907,0.268695,0,1298.9,0.00103294,0.013713,0.021483,0.00186171,0.05,300,300,300,300,300,300,132,181,198,68,72,80,60,64,72
baseline,-1,22,7,0.441138,0.136396,-0.162835,0.921308,944.668,1.12148,3.14516,0.267233,0.00704883,0.0216952,0.00739499,0.0142982,1.30117,1.62303,1.28529,0.362292,0,0,24,256,1,0.0780257,0.733247,1.47208,0.373311,0,907.064,0.00103294,0.013713,0.021483,0.00186171,0.05,300,300,300,300,300,300,181,256,300,142,146,154,97,101,109
baseline,-1,23,0,0.517023,0.0865294,-0.0181903,1.09426,1849.63,0.236024,6.16464,0.154649,0.0852248,0.0240171,0.00263876,0.0138187,0.0583723,0.0407831,0.16351,0.129549,0,1.14332e-35,0,143,1,0.24535,0.0690041,0.372011,0.166595,0,1838.22,0.00103294,0.013713,0.021483,0.00186171,0.05,300,300,300,300,300,300,139,143,151,98,102,110,62,66,74
baseline,-1,24,1,0.370858,0.0725851,0.0384449,0.913326,1791.21,2.27132,5.96311,0.469381,0.00835924,0.014644,0.00827617,0.0252996,1.25391,1.18149,0.870628,0.700063,1,1,21,176,1,0.0707297,0.844938,0.78094,0.554932,1,1693.64,0.00103294,0.013713,0.021483,0.00186171,0.05,300,300,300,300,300,300,124,176,300,60,64,72,45,49,57
baseline,-1,25,4,0.325293,0.0889061,-0.441881,0.95775,1655.67,5.17636,5.50166,0.747333,0.0064652,0.00599897,0.00782827,0.0173919,1.1962,0.910024,1.29372,0.16471,1,1,2,101,1,0.214828,0.0790175,0.765666,0.252298,0,1542.55,0.00103294,0.013713,0.021483,0.00186171,0.05,300,300,300,300,300,300,97,101,109,90,94,102,48,52,60
baseline,-1,26,3,0.13768,0.132364,-0.0814456,0.970856,1021.51,2.38459,3.39708,0.55472,0.00085004,0.0320422,0.00293479,0.0433313,0.607005,0.56014,0.854483,0.434039,0,0,-1,108,1,1.53145,1.14364,0.833349,0.835503,0,900.728,0.00103294,0.013713,0.021483,0.00186171,0.05,300,300,300,300,300,300,104,108,116,102,106,114,53,57,112
baseline,-1,27,5,0.569564,0.0416277,-0.091663,1.07322,1395.33,2.4657,4.64288,0.568481,0.00587218,0.0100239,0.00878187,0.0129928,0.550811,0.491383,0.567029,0.133378,0,0,14,109,1,0.395704,0.114717,0.0381184,0.0486349,0,1312.94,0.00103294,0.013713,0.021483,0.00186171,0.05,300,300,300,300,300,300,105,109,117,70,74,82,53,57,65
baseline,-1,28,1,0.462683,0.056316,-0.00562799,1.09459,1778.96,0.429521,5.92844,0.217701,0.00950738,0.0124778,0.0046791,0.0323163,0.535761,0.65622,1.02099,0.548685,1,1,1,132,1,0.0845394,0.892585,1.06866,0.568437,1,1641.95,0.00103294,0.013713,0.021483,0.00186171,0.05,300,300,300,300,300,300,98,132,167,70,74,108,70,74,82
baseline,-1,29,7,0.190195,0.0386555,0.311663,0.918512,1467.86,0.877009,4.88994,0.382868,0.00437237,0.0155809,0.00829136,0.0157214,0.832972,0.75471,0.939185,0.0942845,0,0,-1,155,1,0.249843,0.0266707,1.07498,0.0660512,0,1441.65,0.00103294,0.013713,0.021483,0.00186171,0.05,300,300,300,300,300,300,151,155,163,89,93,101,57,61,69
baseline,-1,30,2,0.43551,0.00663354,0.00178993,1.07443,1675.12,0.0150009,5.58369,0.0631809,0.00501366,0.0111395,0.00340382,0.0389479,0.219115,0.195609,0.645544,0.277419,0,0,0,101,1,0.099832,0.0265575,0.192586,0.0619773,0,1531.74,0.00103294,0.013713,0.021483,0.00186171,0.05,300,300,300,300,300,300,97,101,109,72,76,84,52,56,64
baseline,-1,31,5,0.176478,0.0719513,0.258418,0.964038,1530.79,0.14912,5.10215,0.156725,0.0224232,0.0198613,0.00291427,0.0214079,0.436096,0.454717,0.758607,0.116614,0,0,0,153,1,0.0348291,0.325928,0.952465,0.0565087,0,1389.38,0.00103294,0.013713,0.021483,0.00186171,0.05,300,300,300,300,300,300,149,153,199,70,74,82,41,45,53
baseline,-1,32,0,0.347419,0.0348692,0.415206,0.984876,2353.47,1.49326,7.83993,0.387862,0.007047,0.0178626,0.00560258,0.017548,1.08507,0.880738,0.964638,0.31908,0,1.03491e-22,26,102,1,0.0633247,0.574969,0.650416,0.072586,1,2202.29,0.00103294,0.013713,0.021483,0.00186171,0.05,300,300,300,300,300,300,98,102,300,72,76,84,57,61,69
baseline,-1,33,5,0.437556,0.0176016,-0.00755084,1.02577,1774.58,1.86103,5.90906,0.322151,0.00899681,0.0137154,0.00337109,0.0201147,1.86211,2.24944,0.681202,0.134532,0,0,1,207,1,0.0649433,0.408028,0.734507,0.100248,0,1685.77,0.00103294,0.013713,0.021483,0.00186171,0.05,300,300,300,300,300,300,129,207,300,77,81,89,62,66,74
baseline,-1,34,5,0.432865,0.194518,0.111496,1.03544,1627.22,2.73964,5.41495,0.533497,0.00522949,0.0287547,0.00486566,0.0160373,1.39619,1.16445,1.10543,0.140488,0,0,18,197,1,0.077753,0.28808,1.43162,0.0194972,0,1539.66,0.00103294,0.013713,0.021483,0.00186171,0.05,300,300,300,300,300,300,131,197,280,87,91,99,73,77,85
baseline,-1,35,3,0.473569,0.118791,-0.229729,1.06867,1250.42,0.14224,4.16759,0.120344,0.0107979,0.0304383,0.00712397,0.0160231,0.717905,1.02148,1.11459,0.327623,0,0,0,86,1,0.0745481,0.0162808,0.083283,0.0280733,0,1088.85,0.00103294,0.013713,0.021483,0.00186171,0.05,300,300,300,300,300,300,82,86,94,60,64,72,51,55,63
baseline,-1,36,5,0.281906,0.171136,0.478324,0.94106,2318.58,1.05869,7.72507,0.332511,0.0064996,0.0270494,0.00496474,0.0232227,0.46994,0.432048,1.17051,0.469389,0,0,16,275,1,0.0264978,0.408136,1.03902,0.436281,0,2292.1,0.00103294,0.013713,0.021483,0.00186171,0.05,300,300,300,300,300,300,134,275,300,123,127,135,81,85,93
baseline,-1,37,7,0.381812,0.00248337,-0.222815,1.05262,3095.27,0.754904,10.3151,0.19623,0.015921,0.0210483,0.00505967,0.0332875,1.4426,2.01161,0.940828,0.512068,0,0,34,191,1,0.443719,1.67499,1.04092,0.469349,0,2976.28,0.00103294,0.013713,0.021483,0.00186171,0.05,300,300,300,300,300,300,156,191,300,71,81,89,46,55,63
baseline,-1,38,4,0.413721,0.161927,-0.466792,0.973748,2307.52,1.54049,7.68659,0.365153,0.00499305,0.0155865,0.00801935,0.0167679,1.23466,1.55541,0.623158,0.380187,1,1,297,232,1,0.0962913,0.291249,0.650471,0.320447,0,2246.08,0.00103294,0.013713,0.021483,0.00186171,0.05,300,300,300,300,300,300,109,232,240,70,74,82,50,54,62
baseline,-1,39,4,0.46674,0.190987,-0.0224375,0.938482,1445.91,0.0676446,4.81947,0.121878,0.00386067,0.0278588,0.00444284,0.0198362,0.409419,0.350281,1.44571,0.185252,0,0,19,96,1,0.0746903,0.281503,1.21864,0.261755,0,1286.68,0.00103294,0.013713,0.021483,0.00186171,0.05,300,300,300,300,300,300,92,96,104,85,94,102,83,94,102
baseline,-1,40,6,0.239845,0.0928903,0.432543,1.08044,2179.45,1.31308,7.26046,0.342639,0.00739296,0.0213759,0.00451847,0.0278089,0.904469,0.994916,0.95378,0.272705,1,1,226,142,1,0.0155169,0.22597,0.88148,0.198273,0,2048.15,0.00103294,0.013713,0.021483,0.00186171,0.05,300,300,300,300,300,300,138,142,217,74,86,94,72,86,94
baseline,-1,41,4,0.449348,0.198535,-0.497526,1.04495,1369.35,3.85533,4.55164,0.614306,0.00246551,0.0173433,0.00581124,0.024686,1.24535,1.01226,0.568881,0.226628,0,0,0,127,1,0.91861,0.433059,0.918759,0.201328,0,1225.82,0.00103294,0.013713,0.021483,0.00186171,0.05,300,300,300,300,300,300,123,127,135,116,120,128,106,110,118
baseline,-1,42,6,0.449732,0.176956,0.149094,1.02534,1887.62,0.224728,6.29131,0.115379,0.00529414,0.0231138,0.00570564,0.023558,0.742299,1.01658,1.03088,0.446891,0,0,-1,139,1,0.129767,0.555526,0.727748,0.392682,0,1738.29,0.00103294,0.013713,0.021483,0.00186171,0.05,300,300,300,300,300,300,123,139,300,65,69,77,57,61,69
baseline,-1,43,1,0.204377,0.115408,0.280744,0.955826,2994.55,1.09432,9.97817,0.284809,0.0134647,0.021394,0.00382092,0.038642,1.17242,2.16013,1.17807,0.402481,1,1,17,120,1,0.322895,1.14639,1.0056,0.457834,1,2850.06,0.00103294,0.013713,0.021483,0.00186171,0.05,300,300,300,300,300,300,116,120,295,76,80,88,43,47,55
baseline,-1,44,6,0.230452,0.140099,0.0823957,0.978308,1154.42,3.28121,3.83713,0.564427,0.00707675,0.0129695,0.00266104,0.0128154,0.728901,0.50081,0.839305,0.358332,0,0,1,234,1,0.0571405,0.224567,0.848199,0.325553,0,1098.2,0.00103294,0.013713,0.021483,0.00186171,0.05,300,300,300,300,300,300,116,234,300,70,74,82,60,64,72
baseline,-1,45,4,0.300927,0.16992,-0.0889343,1.07991,2283.92,0.850074,7.61024,0.31839,0.00305417,0.0259855,0.0087701,0.0413126,0.95002,0.935226,0.877767,0.293383,1,1,36,126,1,0.392071,0.113105,0.720049,0.396292,1,2170.34,0.00103294,0.013713,0.021483,0.00186171,0.05,300,300,300,300,300,300,122,126,134,105,109,117,103,107,115
baseline,-1,46,6,0.373309,0.179031,-0.477296,0.930114,2031.87,1.53533,6.7678,0.335049,0.0146519,0.00943298,0.00585534,0.0226962,1.50389,1.53892,1.20717,0.460981,1,1,34,133,1,0.0655627,0.260826,1.20957,0.335697,1,1866.98,0.00103294,0.013713,0.021483,0.00186171,0.05,300,300,300,300,300,300,94,133,183,89,93,101,61,65,73
baseline,-1,47,6,0.483705,0.0687121,-0.149179,0.943409,1546.87,4.67462,5.14065,0.72635,0.0076656,0.0311945,0.00353837,0.0334528,0.98609,0.841415,1.15951,0.654741,1,1,0,145,1,0.0760929,0.458999,1.03618,0.413075,1,1424.21,0.00103294,0.013713,0.021483,0.00186171,0.05,300,300,300,300,300,300,141,145,279,80,84,92,53,57,74
baseline,-1,48,5,0.355156,0.122152,0.165691,1.0424,1243.42,1.35376,4.14022,0.35641,0.00711475,0.0216023,0.00133978,0.00990904,0.871637,0.955364,1.31718,0.432879,0,0,1,153,1,0.16166,0.359978,1.07146,0.429492,0,1131.52,0.00103294,0.013713,0.021483,0.00186171,0.05,300,300,300,300,300,300,120,153,283,66,70,78,45,64,72
baseline,-1,49,5,0.496347,0.167367,-0.0810145,0.94888,1973.82,0.836169,6.57662,0.359451,0.00330049,0.0265255,0.00204502,0.0284687,0.489733,0.494975,0.977894,0.521606,0,0,4,158,1,0.0396045,0.633712,0.852375,0.476901,0,1855.94,0.00103294,0.013713,0.021483,0.00186171,0.05,300,300,300,300,300,300,118,158,204,99,103,123,55,59,67
baseline,-1,50,7,0.491695,0.182699,0.147338,0.917362,1989.92,0.183693,6.63246,0.136958,0.00342354,0.00912936,0.00578754,0.00643662,0.642572,0.768512,1.02325,0.380641,0,0,24,300,0,0.136958,0.642572,1.02325,0.380641,0,1989.74,0.00103294,0.013713,0.021483,0.00186171,0.05,300,300,300,300,300,300,271,300,300,135,139,147,46,50,58
baseline,-1,51,7,0.482865,0.19379,-0.111416,1.01669,2109.91,0.150505,7.03252,0.120889,0.0135775,0.00613461,0.00848384,0.00892726,0.24636,0.2449,0.929896,0.192883,0,0,25,116,1,0.130774,0.0856863,0.588499,0.697195,0,1964.07,0.00103294,0.013713,0.021483,0.00186171,0.05,300,300,300,300,300,300,112,116,235,95,99,107,73,77,85
baseline,-1,52,6,0.408942,0.155562,-0.240589,1.02755,1213.62,0.197154,4.04476,0.107151,0.00969902,0.0269636,0.00605205,0.023391,0.866857,1.38751,1.21752,0.339353,0,0,-1,201,1,0.335182,0.450094,1.36973,0.248588,0,1131.79,0.00103294,0.013713,0.021483,0.00186171,0.05,300,300,300,300,300,300,105,201,209,62,66,74,57,61,69
baseline,-1,53,1,0.502556,0.0746694,0.282294,1.00661,1982.12,0.214005,6.60636,0.175317,0.0425837,0.0295545,0.00501665,0.0128595,0.413345,0.489939,1.01571,0.146951,1,1,218,102,1,0.253359,0.233497,0.811735,0.12331,0,1887.55,0.00103294,0.013713,0.021483,0.00186171,0.05,300,300,300,300,300,300,98,102,110,73,77,85,41,45,53
baseline,-1,54,7,0.347073,0.141489,-0.493211,1.09375,1991.56,1.1568,6.63466,0.259926,0.00379252,0.0263691,0.00232292,0.0311398,1.45329,1.74982,1.02112,0.474793,0,0,25,195,1,0.488619,1.81205,0.666953,0.38153,0,1879.58,0.00103294,0.013713,0.021483,0.00186171,0.05,300,300,300,300,300,300,174,195,300,101,105,113,97,101,109
baseline,-1,55,6,0.39037,0.153162,0.322263,0.912677,1749.93,0.828541,5.83036,0.321775,0.00542793,0.0253164,0.00296054,0.0309754,0.401473,0.337424,0.996626,0.577884,0,0,-1,252,1,0.211743,0.749647,1.07094,0.556375,0,1712.62,0.00103294,0.013713,0.021483,0.00186171,0.05,300,300,300,300,300,300,151,252,300,107,111,119,84,88,96
baseline,-1,56,5,0.479214,0.0784673,0.210173,1.09239,1315.27,1.98384,4.37763,0.467103,0.00310391,0.0252393,0.00578147,0.00323998,0.746064,0.579378,1.38633,0.257765,0,0,19,165,1,0.431136,1.21726,1.27922,0.186247,0,1209.4,0.00103294,0.013713,0.021483,0.00186171,0.05,300,300,300,300,300,300,107,165,236,71,75,94,57,61,69
baseline,-1,57,1,0.115277,0.123797,-0.260152,0.916013,992.777,4.87814,3.293,0.65908,0.0114049,0.0219578,0.00492569,0.0121513,1.39466,0.973769,1.08443,0.131473,1,1,1,160,1,0.241526,0.815089,0.91698,0.11661,1,866.224,0.00103294,0.013713,0.021483,0.00186171,0.05,300,300,300,300,300,300,137,160,300,84,88,96,55,59,67
baseline,-1,58,5,0.460491,0.183327,-0.43489,1.07897,1607.04,2.30458,5.34913,0.471209,0.00713709,0.0245138,0.00455199,0.022015,0.974119,0.961874,0.952872,0.231244,0,0,18,160,1,0.127648,0.454097,0.782878,0.235164,0,1490.17,0.00103294,0.013713,0.021483,0.00186171,0.05,300,300,300,300,300,300,126,160,290,89,104,112,61,84,92
baseline,-1,59,3,0.28269,0.0199479,-0.214944,1.07343,1285.78,0.209514,4.28524,0.162363,0.0028428,0.00766908,0.00586602,0.0204564,0.0781895,0.191784,0.682062,0.488975,0,0,22,118,1,0.254514,0.134716,0.961271,0.264714,0,1207.7,0.00103294,0.013713,0.021483,0.00186171,0.05,300,300,300,300,300,300,106,118,126,98,102,110,71,75,109
baseline,-1,60,0,0.404507,0.181345,-0.462475,0.970915,1277.9,4.26321,4.24546,0.643441,0.00616423,0.0193758,0.00762847,0.0330399,1.34413,1.08721,0.599495,0.118531,0,0,8,155,1,0.140031,0.293937,0.620165,0.0878429,0,1146.5,0.00103294,0.013713,0.021483,0.00186171,0.05,300,300,300,300,300,300,146,155,163,100,104,112,53,57,65
baseline,-1,61,5,0.293084,0.1655,0.198789,0.913959,2219.65,4.51237,7.38379,0.693802,0.00387625,0.0097323,0.00718302,0.0381218,0.84984,0.73264,0.916965,0.0367269,0,0,21,186,1,0.0348148,0.213725,0.829529,0.0423122,0,2109.2,0.00103294,0.013713,0.021483,0.00186171,0.05,300,300,300,300,300,300,100,186,300,96,100,108,78,82,106
baseline,-1,62,1,0.487211,0.167735,0.100788,1.05422,2042.79,0.0300809,6.8092,0.0613312,0.00740721,0.00922784,0.00199428,0.0358971,0.220588,0.541634,0.490696,0.152456,1,1,0,219,1,0.123043,0.336433,1.01775,0.175442,1,1963.67,0.00103294,0.013713,0.021483,0.00186171,0.05,300,300,300,300,300,300,104,219,300,73,77,104,54,58,66
baseline,-1,63,3,0.258255,0.0710104,0.0145037,0.977974,2491.95,0.130071,8.30607,0.12611,0.0181968,0.0141198,0.00595342,0.0423665,0.79272,0.892431,0.968621,0.330774,0,0,-1,211,1,0.29794,1.23444,0.826798,0.376733,0,2424.8,0.00103294,0.013713,0.021483,0.00186171,0.05,300,300,300,300,300,300,207,211,300,98,102,110,79,83,91
baseline,-1,64,4,0.306573,0.155347,-0.181309,1.06503,1369.85,0.634868,4.56406,0.243262,0.0080354,0.0148332,0.00760818,0.0261746,1.40749,1.13274,1.34388,0.269279,0,0,20,130,1,0.0377303,0.131623,1.05273,0.12609,1,1225.16,0.00103294,0.013713,0.021483,0.00186171,0.05,300,300,300,300,300,300,109,130,138,70,90,98,51,55,63
baseline,-1,65,4,0.433489,0.00318217,-0.45113,1.05977,1884.99,0.340075,6.28218,0.177361,0.00286085,0.0282393,0.00320447,0.0205736,0.796734,0.94907,1.15383,0.23554,0,0,90,124,1,0.536864,0.416313,0.688636,0.34906,0,1746.19,0.00103294,0.013713,0.021483,0.00186171,0.05,300,300,300,300,300,300,97,124,300,68,98,106,50,54,62
baseline,-1,66,0,0.471737,0.105678,-0.0505208,0.959978,1250.59,1.02485,4.1652,0.290995,0.00395823,0.0305282,0.00200642,0.0249932,0.552814,0.989471,0.874462,0.197464,1,0.800848,17,300,0,0.290995,0.552814,0.874462,0.197464,1,1249.56,0.00103294,0.013713,0.021483,0.00186171,0.05,300,300,300,300,300,300,300,300,300,300,300,300,93,97,105
baseline,-1,67,7,0.362885,0.12742,0.399333,1.05352,1350.29,2.64131,4.49216,0.529401,0.00629874,0.00260204,0.00584428,0.0506878,0.915486,0.749274,0.880322,0.696979,0,0,-1,164,1,0.0628663,0.219873,0.657424,0.559928,0,1232.78,0.00103294,0.013713,0.021483,0.00186171,0.05,300,300,300,300,300,300,102,164,246,54,58,66,47,51,59
baseline,-1,68,1,0.34651,0.0428209,0.0853858,0.963042,2414.36,2.18312,8.04058,0.456457,0.00794658,0.0328213,0.00733704,0.0333246,1.30063,1.18726,1.21083,0.323044,1,1,29,114,1,0.428142,0.429816,0.633669,0.212575,0,2261.02,0.00103294,0.013713,0.021483,0.00186171,0.05,300,300,300,300,300,300,110,114,122,72,76,84,60,64,72
baseline,-1,69,0,0.298852,0.142803,0.306924,1.00311,1427.88,2.60796,4.75089,0.456457,0.00704666,0.0131027,0.00519216,0.0187759,1.13651,1.48821,1.21518,0.0391041,0,0,4,131,1,0.10798,0.48755,0.744104,0.237826,0,1298.4,0.00103294,0.013713,0.021483,0.00186171,0.05,300,300,300,300,300,300,96,131,254,82,86,94,47,51,93
baseline,-1,70,6,0.419506,0.0173453,-0.485484,0.906796,1916.76,2.26095,6.38168,0.479082,0.00364134,0.0169119,0.012349,0.0305877,0.869985,0.778398,0.82438,0.378517,0,0,62,115,1,0.25349,0.134438,0.192683,0.0945453,0,1774.92,0.00103294,0.013713,0.021483,0.00186171,0.05,300,300,300,300,300,300,111,115,123,66,70,78,47,51,59
baseline,-1,71,5,0.494104,0.0746148,0.312638,1.09186,1825.36,10.8886,6.04824,1.05174,0.00238643,0.00987,0.0112516,0.0348894,0.997241,0.580079,1.26156,0.349965,0,0,16,151,1,0.419456,0.555298,1.09509,0.260584,0,1701.59,0.00103294,0.013713,0.021483,0.00186171,0.05,300,300,300,300,300,300,118,151,241,74,78,86,65,69,77
baseline,-1,72,1,0.479733,0.1762,-0.201506,0.965405,1212.54,0.561414,4.03993,0.226125,0.00423555,0.0169961,0.00618976,0.0156257,1.01129,1.17905,1.12424,0.359303,1,1,0,123,1,0.0808138,0.681182,0.902158,0.342369,1,1066.22,0.00103294,0.013713,0.021483,0.00186171,0.05,300,300,300,300,300,300,114,123,300,71,75,83,55,59,67
baseline,-1,73,6,0.312145,0.0753175,0.139123,1.0542,2140.48,0.495897,7.13329,0.178181,0.0268056,0.0120244,0.00247409,0.0328868,1.08598,1.45299,0.729803,0.429022,0,0,0,135,1,0.14194,0.649524,0.677133,0.317254,0,2013.73,0.00103294,0.013713,0.021483,0.00186171,0.05,300,300,300,300,300,300,117,135,300,87,91,99,69,84,92
baseline,-1,74,4,0.531365,0.19379,-0.217745,1.00776,1248.06,0.307966,4.15917,0.168037,0.0259486,0.0215962,0.00685521,0.0478631,0.697285,0.79864,1.1082,0.229971,0,0,-1,105,1,0.481137,0.33805,0.273219,0.200512,0,1103.52,0.00103294,0.013713,0.021483,0.00186171,0.05,300,300,300,300,300,300,101,105,113,49,53,61,38,42,50
baseline,-1,75,6,0.350999,0.0588444,0.179428,1.09152,3210.36,0.26154,10.7003,0.18508,0.0084866,0.0126543,0.00957875,0.0316341,1.0547,0.980878,1.15192,0.29966,1,1,165,160,1,0.0654714,0.33545,1.16847,0.207362,0,3096.71,0.00103294,0.013713,0.021483,0.00186171,0.05,300,300,300,300,300,300,120,160,300,108,112,120,75,87,95
baseline,-1,76,6,0.475728,0.0797803,-0.285196,0.921035,1655.23,25.0143,5.43404,1.55556,0.0417408,0.0163818,0.00524326,0.0424728,1.38805,0.555439,1.10869,0.86088,0,0,-1,88,1,2.9817,2.24471,1.14585,1.07351,0,1269.26,0.00103294,0.013713,0.021483,0.00186171,0.05,300,300,300,300,300,300,84,88,96,68,72,80,63,72,80
baseline,-1,77,7,0.394629,0.0273094,0.181595,0.980123,2232.16,4.80042,7.42454,0.702351,0.00832255,0.0145906,0.00473367,0.0223322,0.846312,0.607779,1.14456,0.504719,0,0,-1,162,1,0.0134676,0.421614,0.498382,0.319117,0,2093.21,0.00103294,0.013713,0.021483,0.00186171,0.05,300,300,300,300,300,300,158,162,199,108,112,120,63,67,75
baseline,-1,78,5,0.500095,0.144042,-0.271307,1.05626,1481.69,1.27195,4.93472,0.377968,0.0740765,0.0183238,0.00885951,0.0131097,0.244053,0.486765,0.834628,0.454132,0,0,0,86,1,0.55399,0.467983,0.869467,0.560621,0,1431.48,0.00103294,0.013713,0.021483,0.00186171,0.05,300,300,300,300,300,300,82,86,94,61,65,73,58,62,70
baseline,-1,79,5,0.181629,0.134577,-0.337693,1.08336,1265.59,1.81333,4.21258,0.389976,0.00531266,0.0155484,0.00819729,0.0147236,0.790358,0.663475,0.898785,0.346732,0,0,8,121,1,0.0446244,0.750655,0.65012,0.785198,0,1115.75,0.00103294,0.013713,0.021483,0.00186171,0.05,300,300,300,300,300,300,117,121,236,66,70,78,44,48,65
baseline,-1,80,0,0.305267,0.0536277,-0.216461,0.900734,1515.66,0.755006,5.04968,0.301532,0.00259189,0.0176558,0.00753899,0.0201628,0.527203,0.466556,1.13411,0.564701,0,0,0,156,1,0.0297529,0.214892,0.881528,0.521158,0,1383.42,0.00103294,0.013713,0.021483,0.00186171,0.05,300,300,300,300,300,300,152,156,300,58,62,70,44,48,56
baseline,-1,81,1,0.25199,0.0911183,0.0151876,1.06231,1272.69,2.80937,4.23294,0.477081,0.00613012,0.00541363,0.0085661,0.0103754,1.39979,1.62669,1.0493,0.868301,1,1,35,131,1,0.110772,0.276944,1.12786,0.493158,1,1110.16,0.00103294,0.013713,0.021483,0.00186171,0.05,300,300,300,300,300,300,115,131,139,59,63,71,51,55,63
baseline,-1,82,1,0.447172,0.036951,-0.399754,0.916545,1370.08,0.0632173,4.56672,0.0559399,0.0101892,0.0134821,0.00797821,0.0315921,0.493766,0.841776,0.635995,0.136452,1,1,171,96,1,0.589966,0.468119,0.870202,0.289182,0,1251.51,0.00103294,0.013713,0.021483,0.00186171,0.05,300,300,300,300,300,300,92,96,104,77,81,89,33,37,72
baseline,-1,83,4,0.536134,0.16885,0.308121,0.950575,1791.01,1.2965,5.9657,0.318307,0.00859208,0.0105272,0.00566981,0.0195694,1.2447,1.60958,1.05015,0.135935,1,1,28,126,1,0.303211,0.946936,1.17096,0.00755517,1,1644.05,0.00103294,0.013713,0.021483,0.00186171,0.05,300,300,300,300,300,300,122,126,222,94,98,106,60,64,72
baseline,-1,84,6,0.416504,0.07556,0.0698498,0.947326,2034.33,0.480905,6.7795,0.249544,0.006605,0.00824266,0.00914251,0.0121283,0.914935,0.94672,0.655986,0.333921,1,1,24,86,1,0.215151,0.071348,0.283288,0.0546398,1,1864.65,0.00103294,0.013713,0.021483,0.00186171,0.05,300,300,300,300,300,300,82,86,94,56,60,68,45,49,57
baseline,-1,85,0,0.442897,0.139475,-0.0697981,1.00951,2022.41,0.468448,6.7398,0.215446,0.00480997,0.0161236,0.00611709,0.0161482,0.629152,0.729808,0.615539,0.446876,0,1.97133e-36,21,104,1,0.317997,0.239993,0.721198,0.370533,0,1980.3,0.00103294,0.013713,0.021483,0.00186171,0.05,300,300,300,300,300,300,100,104,112,75,79,87,64,68,76
baseline,-1,86,4,0.383459,0.0360704,0.0806735,1.01335,1066.52,1.1011,3.5514,0.287463,0.00820836,0.0212359,0.00832002,0.0299318,1.11938,1.97773,1.00628,0.293289,1,1,2,122,1,0.196928,0.928592,0.943228,0.262539,1,900.908,0.00103294,0.013713,0.021483,0.00186171,0.05,300,300,300,300,300,300,93,122,300,65,69,77,44,48,56
baseline,-1,87,7,0.432045,0.161286,-0.025977,0.983215,2452.12,0.39875,8.17241,0.12598,0.0160101,0.0263824,0.00611328,0.028944,0.971543,2.00997,1.20364,0.0327637,0,0,56,214,1,0.0848573,0.363346,1.21803,0.0323275,0,2386.33,0.00103294,0.013713,0.021483,0.00186171,0.05,300,300,300,300,300,300,150,214,300,75,79,87,42,46,54
baseline,-1,88,1,0.510933,0.178163,0.10097,1.02629,2074.1,2.10542,6.90664,0.490638,0.00894102,0.0139507,0.0136638,0.0290552,0.941905,0.683142,0.652334,0.155753,1,1,26,149,1,0.203973,0.470231,0.509931,0.099568,1,1944.44,0.00103294,0.013713,0.021483,0.00186171,0.05,300,300,300,300,300,300,111,149,241,105,109,117,60,64,72
baseline,-1,89,2,0.35837,0.110804,-0.126733,0.98471,1169.54,2.34092,3.89067,0.447577,0.00730587,0.0222413,0.00789244,0.0391035,1.42614,1.42344,1.00739,0.326383,0,0,1,107,1,0.174161,0.147331,0.612815,0.111872,0,1013.69,0.00103294,0.013713,0.021483,0.00186171,0.05,300,300,300,300,300,300,103,107,115,96,100,108,95,99,107
baseline,-1,90,2,0.362174,0.0225001,0.0676554,1.00716,2398.23,0.0238287,7.99403,0.0528203,0.0249964,0.0231178,0.00427898,0.0233744,0.068914,0.111093,0.147868,0.123326,0,4.67404e-26,-1,116,1,0.453239,0.327978,0.397172,0.107137,0,2383.64,0.00103294,0.013713,0.021483,0.00186171,0.05,300,300,300,300,300,300,112,116,124,91,95,103,83,87,95
baseline,-1,91,3,0.419491,0.0700563,0.448763,1.00647,1273.62,0.602406,4.2434,0.239879,0.00656097,0.0114217,0.0055054,0.030781,1.28381,1.01992,0.577333,0.319948,0,0,-1,119,1,0.115946,0.0290913,0.107137,0.0483833,0,1143.96,0.00103294,0.013713,0.021483,0.00186171,0.05,300,300,300,300,300,300,115,119,127,84,88,96,65,69,77
baseline,-1,92,5,0.38077,0.167009,0.436292,1.03081,2047.19,0.029831,6.82386,0.0595736,0.00769767,0.0175835,0.00844995,0.0693143,0.440861,0.769751,1.11826,0.131674,0,0,26,189,1,0.127482,0.513694,1.16191,0.0896519,0,1956.72,0.00103294,0.013713,0.021483,0.00186171,0.05,300,300,300,300,300,300,120,189,300,97,101,109,74,78,86
baseline,-1,93,4,0.246562,0.0728679,-0.309784,1.07934,1388.56,0.843832,4.62572,0.251906,0.00459936,0.025516,0.010696,0.0305851,1.29111,1.41815,0.822449,0.276741,0,0,0,125,1,0.129257,0.0393309,0.518772,0.297336,0,1250.88,0.00103294,0.013713,0.021483,0.00186171,0.05,300,300,300,300,300,300,121,125,133,92,96,104,83,87,95
baseline,-1,94,4,0.198938,0.137967,0.354441,0.917787,1327.22,1.54733,4.41891,0.4144,0.00892,0.00903676,0.00365986,0.0287756,0.716497,0.723307,0.886449,0.449403,0,0,0,118,1,0.144947,0.507346,0.847263,0.483253,0,1183.33,0.00103294,0.013713,0.021483,0.00186171,0.05,300,300,300,300,300,300,114,118,126,72,76,97,65,69,77
baseline,-1,95,7,0.0603676,0.185174,0.0854224,0.929905,2787.4,1.3486,9.28682,0.404948,0.00441341,0.0207917,0.00773729,0.0516732,0.80412,0.745476,1.03604,0.212013,0,0,33,169,1,0.57318,1.31178,0.981382,0.117793,0,2666.3,0.00103294,0.013713,0.021483,0.00186171,0.05,300,300,300,300,300,300,155,169,199,111,115,123,78,82,90
baseline,-1,96,4,0.398263,0.19875,0.494497,1.04494,1485.15,0.274902,4.94957,0.161654,0.0119915,0.00753955,0.00777326,0.0311863,0.641307,0.770816,0.917213,0.270784,0,0,34,164,1,0.114473,0.536961,0.932876,0.1117,0,1384,0.00103294,0.013713,0.021483,0.00186171,0.05,300,300,300,300,300,300,123,164,172,93,97,105,91,95,103
baseline,-1,97,5,0.432392,0.166741,0.0690376,0.917142,1440.51,0.0951344,4.80138,0.0965905,0.0130974,0.0292364,0.0102043,0.0119959,0.0546984,0.0687787,0.939393,0.257007,0,0,-1,111,1,0.863769,0.595713,0.941798,0.664297,0,1420.44,0.00103294,0.013713,0.021483,0.00186171,0.05,300,300,300,300,300,300,107,111,119,76,80,88,71,75,83
baseline,-1,98,5,0.454787,0.063934,-0.0420609,1.0181,1718.11,0.441175,5.72555,0.254991,0.00436422,0.0109247,0.00529027,0.0265402,0.377041,0.282501,0.539874,0.158524,0,0,-1,85,1,0.368732,0.166464,0.135933,0.121891,0,1648.7,0.00103294,0.013713,0.021483,0.00186171,0.05,300,300,300,300,300,300,81,85,93,44,48,56,37,41,49
baseline,-1,99,6,0.600935,0.0962008,0.233901,0.936715,1443.94,0.487752,4.8115,0.220719,0.104908,0.0166733,0.00642743,0.019246,0.102316,0.086227,0.0681949,0.251221,1,1,0,166,1,0.664427,0.44955,0.286796,0.309971,1,1423.02,0.00103294,0.013713,0.021483,0.00186171,0.05,300,300,300,300,300,300,162,166,174,109,113,121,49,53,61
baseline,-1,100,4,0.530394,0.0903143,0.0514029,0.967287,2337.13,0.00608288,7.79041,0.0125605,0.00552661,0.0164014,0.00662875,0.0186028,0.137978,0.426015,1.07751,0.0456948,0,0,1,121,1,0.311283,0.106371,0.144926,0.0822053,1,2243.57,0.00103294,0.013713,0.021483,0.00186171,0.05,300,300,300,300,300,300,117,121,129,97,101,109,82,86,94
baseline,-1,101,2,0.320529,0.164775,0.234506,1.03279,2476.89,0.272298,8.25539,0.179723,0.0032442,0.00752772,0.00589464,0.0510837,0.854064,0.799058,0.689167,0.197764,0,0,1,129,1,0.708785,0.380139,0.823737,0.156202,0,2428.84,0.00103294,0.013713,0.021483,0.00186171,0.05,300,300,300,300,300,300,125,129,137,120,124,132,87,91,130
baseline,-1,102,6,0.540161,0.155586,-0.120244,1.06337,1339.33,2.98625,4.45448,0.472153,0.0227341,0.0189711,0.007034,0.0293673,1.49726,1.20761,1.14223,0.404281,0,0,39,232,1,0.355564,0.596501,0.894494,0.323431,0,1269.32,0.00103294,0.013713,0.021483,0.00186171,0.05,300,300,300,300,300,300,155,232,300,96,111,119,72,76,84
baseline,-1,103,2,0.457232,0.175764,0.263747,1.09026,2013.12,2.14321,6.70325,0.394432,0.010181,0.0288725,0.00256765,0.00852096,1.23314,1.53696,1.08439,0.83329,0,0,0,246,1,0.100613,0.292239,1.15385,0.71352,0,1969.94,0.00103294,0.013713,0.021483,0.00186171,0.05,300,300,300,300,300,300,134,246,254,84,88,96,55,59,67
baseline,-1,104,7,0.313448,0.115665,0.328273,0.950521,2073.08,0.126859,6.90984,0.152719,0.00331778,0.0180322,0.00408835,0.0264467,0.25535,0.232501,0.752954,0.267746,0,0,23,173,1,0.0719033,0.375476,0.743729,0.198617,0,1974.22,0.00103294,0.013713,0.021483,0.00186171,0.05,300,300,300,300,300,300,129,173,265,105,109,131,72,76,84
baseline,-1,105,0,0.544314,0.133144,-0.130149,0.987984,1537.13,6.50969,5.10207,0.724308,0.00500612,0.0191382,0.00819591,0.0416893,1.84789,1.56877,0.957078,0.243821,0,0,6,166,1,0.0215622,0.12577,0.91388,0.319379,0,1420.78,0.00103294,0.013713,0.021483,0.00186171,0.05,300,300,300,300,300,300,128,166,251,58,62,84,43,47,55
baseline,-1,106,6,0.429342,0.0960314,-0.340866,0.98806,2360.76,0.576964,7.86727,0.350573,0.00515166,0.0206004,0.00539388,0.0433823,0.628464,0.436582,0.974223,0.303147,0,0,-1,200,1,0.148119,0.310687,1.02093,0.268641,0,2273.08,0.00103294,0.013713,0.021483,0.00186171,0.05,300,300,300,300,300,300,137,200,208,75,79,87,60,64,72
baseline,-1,107,1,0.450231,0.0595768,0.321664,0.903738,2024.97,0.0806093,6.74964,0.0793832,0.00363454,0.0121824,0.00467391,0.0396485,0.588666,0.945665,1.18164,0.133906,1,1,27,144,1,0.138136,0.436262,0.923104,0.194266,1,1903.17,0.00103294,0.013713,0.021483,0.00186171,0.05,300,300,300,300,300,300,107,144,235,81,85,93,58,62,70
baseline,-1,108,0,0.443478,0.00231678,-0.29981,0.908354,1210.82,0.0285542,4.03599,0.0720647,0.00830465,0.0136006,0.00535776,0.0425066,0.208722,0.302077,0.769765,0.167874,0,0,111,91,1,0.110321,0.0206085,0.101672,0.0872146,0,1048.72,0.00103294,0.013713,0.021483,0.00186171,0.05,300,300,300,300,300,300,87,91,99,74,78,86,55,59,67
baseline,-1,109,1,0.380998,0.19132,-0.35866,1.09357,1501.25,0.274772,5.00324,0.1958,0.017747,0.0330541,0.0115388,0.0247627,0.606498,0.646036,1.1829,0.635128,1,1,25,198,1,0.111619,0.248531,0.803835,0.4157,1,1409.03,0.00103294,0.013713,0.021483,0.00186171,0.05,300,300,300,300,300,300,194,198,300,77,81,89,48,52,60
baseline,-1,110,2,0.435811,0.047146,0.0274593,1.07568,1108.39,1.2303,3.69054,0.334307,0.00599105,0.0386394,0.0034893,0.0214488,1.16983,1.62834,1.08382,0.430219,0,0,20,96,1,0.0974937,0.479118,1.05648,0.37451,0,941.448,0.00103294,0.013713,0.021483,0.00186171,0.05,300,300,300,300,300,300,92,96,193,51,55,63,44,48,56
baseline,-1,111,4,0.430108,0.189412,0.335902,0.94796,1155.79,1.18679,3.84868,0.297315,0.01077,0.00862681,0.00362571,0.0417242,1.1535,1.25198,1.21357,0.70888,1,1,27,186,1,0.0483067,0.189722,1.17293,0.5594,1,1043.47,0.00103294,0.013713,0.021483,0.00186171,0.05,300,300,300,300,300,300,108,186,300,61,65,73,47,51,59
baseline,-1,112,6,0.452412,0.100499,-0.445893,1.06477,2544.14,1.36073,8.47593,0.328463,0.00930105,0.0174532,0.006325,0.0172938,1.27995,1.4219,0.940184,0.234891,0,3.00759e-29,229,211,1,0.0602678,0.328696,0.875193,0.215638,0,2469.96,0.00103294,0.013713,0.021483,0.00186171,0.05,300,300,300,300,300,300,113,211,219,79,83,91,51,55,63
baseline,-1,113,3,0.465147,0.0102467,0.0802397,1.03582,1250.65,0.396329,4.1675,0.252465,0.00965784,0.0158884,0.0046839,0.0107333,0.443607,0.284686,0.580189,0.340487,0,0,44,191,1,0.0485508,0.312629,0.497978,0.135631,0,1142.56,0.00103294,0.013713,0.021483,0.00186171,0.05,300,300,300,300,300,300,177,191,300,54,58,66,42,51,59
baseline,-1,114,2,0.261734,0.02644,0.311237,1.06736,2406.06,1.10345,8.01654,0.298889,0.00901702,0.0373109,0.00394607,0.0312962,1.15125,1.01915,0.854931,0.134532,0,0,3,170,1,0.0226278,0.149921,0.877245,0.12059,0,2287.45,0.00103294,0.013713,0.021483,0.00186171,0.05,300,300,300,300,300,300,150,170,300,122,126,150,97,101,109
baseline,-1,115,2,0.362424,0.156139,0.113804,1.09538,1102.88,0.696599,3.67394,0.207945,0.00493674,0.0126698,0.00500399,0.0324914,1.06899,1.4993,0.762942,0.539498,0,0,11,136,1,0.161752,0.244221,0.862097,0.485392,0,966.839,0.00103294,0.013713,0.021483,0.00186171,0.05,300,300,300,300,300,300,132,136,221,97,101,109,54,58,66
baseline,-1,116,5,0.280444,0.199126,-0.0593765,1.03058,2225.64,0.252849,7.41797,0.177586,0.00430846,0.0104411,0.00743671,0.0279239,0.539054,0.68952,0.882283,0.749404,0,0,4,124,1,0.160591,0.903545,0.841076,0.432764,0,2082.56,0.00103294,0.013713,0.021483,0.00186171,0.05,300,300,300,300,300,300,120,124,300,82,86,94,64,68,76
baseline,-1,117,2,0.545044,0.10804,0.18683,1.06443,1839.11,2.574,6.12179,0.561782,0.00454354,0.0121048,0.00120673,0.0366479,0.879704,0.623713,0.928686,0.396152,0,0,-1,140,1,0.047547,0.595786,1.26452,0.174167,0,1699.02,0.00103294,0.013713,0.021483,0.00186171,0.05,300,300,300,300,300,300,99,140,300,78,82,100,58,62,70
baseline,-1,118,5,0.57331,0.115862,0.346437,0.956545,1201.95,0.705943,4.00415,0.304387,0.00630575,0.0172588,0.00224174,0.0288775,0.92299,0.856325,0.841345,0.256384,0,0,44,158,1,0.0884766,0.42495,0.705369,0.193154,0,1089.66,0.00103294,0.013713,0.021483,0.00186171,0.05,300,300,300,300,300,300,107,158,300,86,90,98,82,86,94
baseline,-1,119,7,0.550234,0.103428,0.0171392,1.05096,2115.97,0.276889,7.05232,0.131289,0.00430949,0.0166413,0.00264478,0.027116,0.878024,1.22416,1.31529,0.416178,0,0,1,300,0,0.131289,0.878024,1.31529,0.416178,0,2115.69,0.00103294,0.013713,0.021483,0.00186171,0.05,300,300,300,300,300,300,115,300,300,109,113,121,86,105,113
baseline,-1,120,1,0.491051,0.103772,0.326167,1.08083,1735.7,0.772651,5.78308,0.26958,0.00604948,0.0175372,0.0111665,0.0333649,0.750985,0.669743,1.18128,0.429074,1,1,0,147,1,0.224726,0.509484,1.07955,0.472082,1,1621.45,0.00103294,0.013713,0.021483,0.00186171,0.05,300,300,300,300,300,300,116,147,242,80,84,92,50,54,62
baseline,-1,121,3,0.155,0.0864594,0.447545,1.01489,1149.09,1.87541,3.82404,0.436818,0.00447096,0.0258479,0.00343926,0.014732,0.883393,0.903814,0.911648,0.635897,0,0,0,166,1,0.0843793,0.630733,1.01334,0.495301,0,1045.36,0.00103294,0.013713,0.021483,0.00186171,0.05,300,300,300,300,300,300,162,166,282,63,67,75,46,50,58
baseline,-1,122,1,0.258256,0.159277,-0.0531408,0.923701,2235.13,16.2861,7.39615,1.29586,0.016887,0.0155221,0.0119337,0.0205193,0.951809,0.241695,0.652375,0.683056,0,1.05747e-28,27,122,1,1.94261,1.36221,0.678333,0.824892,0,1981.39,0.00103294,0.013713,0.021483,0.00186171,0.05,300,300,300,300,300,300,118,122,130,113,117,125,71,75,120
baseline,-1,123,4,0.358232,0.113332,0.303441,0.979209,2200.04,0.0593039,7.33326,0.0661637,0.0149957,0.0291072,0.00407043,0.0269416,0.300768,0.521375,0.823693,0.325802,0,0,77,172,1,0.274333,0.858834,0.569558,0.301367,0,2100.93,0.00103294,0.013713,0.021483,0.00186171,0.05,300,300,300,300,300,300,168,172,300,117,121,129,87,91,99
baseline,-1,124,4,0.333948,0.131044,0.368322,0.93624,1560.09,1.05508,5.19677,0.370719,0.00948724,0.0125977,0.00628439,0.0202682,0.592195,0.475389,1.27369,0.316946,0,0,30,99,1,0.0686845,0.0482321,0.940926,0.417888,1,1463.83,0.00103294,0.013713,0.021483,0.00186171,0.05,300,300,300,300,300,300,89,99,107,62,66,74,47,51,59
baseline,-1,125,4,0.476448,0.0674466,-0.0184329,0.911413,1793.46,0.229407,5.97742,0.148965,0.00620184,0.0315149,0.0104316,0.0245767,0.853412,0.971012,1.37803,0.31475,1,1,60,86,1,0.0806099,0.0414159,0.168782,0.105761,1,1668.01,0.00103294,0.013713,0.021483,0.00186171,0.05,300,300,300,300,300,300,82,86,94,65,69,77,38,51,59
baseline,-1,126,5,0.544885,0.0538348,-0.453117,0.900705,1597.85,2.49977,5.31783,0.489697,0.0639821,0.0192833,0.000715158,0.0258796,0.403946,0.303905,0.501951,0.342814,0,0,-1,127,1,0.283466,0.26061,0.850829,0.328666,0,1532.26,0.00103294,0.013713,0.021483,0.00186171,0.05,300,300,300,300,300,300,123,127,135,60,64,72,51,55,63
baseline,-1,127,4,0.130716,0.0832669,0.266412,0.990079,2132.71,0.97165,7.10581,0.376236,0.0319911,0.00896803,0.00578188,0.0300894,0.747243,0.536826,1.13678,0.121446,0,0,0,300,0,0.376236,0.747243,1.13678,0.121446,0,2131.74,0.00103294,0.013713,0.021483,0.00186171,0.05,300,300,300,300,300,300,135,300,300,71,75,83,62,66,74
baseline,-1,128,0,0.196907,0.00989924,0.0694762,1.09213,1823.61,0.820372,6.07597,0.219877,0.00361774,0.0181978,0.00428803,0.0315728,1.62269,2.09531,0.696044,0.0369032,0,0,1,124,1,0.1374,0.216606,1.02505,0.633787,0,1746.99,0.00103294,0.013713,0.021483,0.00186171,0.05,300,300,300,300,300,300,120,124,132,73,77,85,48,52,60
baseline,-1,129,3,0.352,0.0659599,-0.0928208,0.960242,2383.24,0.145481,7.94365,0.107693,0.00327071,0.0230742,0.00433667,0.0426762,0.511006,0.768406,1.32607,0.391817,0,0,125,224,1,0.101253,0.596844,1.12227,0.360468,0,2324.16,0.00103294,0.013713,0.021483,0.00186171,0.05,300,300,300,300,300,300,153,224,300,111,115,123,88,92,100
baseline,-1,130,4,0.428024,0.0968585,0.199551,0.982909,1928.96,3.62389,6.41778,0.602794,0.0923561,0.00781654,0.00192758,0.0294148,0.458736,0.251258,0.329427,0.573713,0,0,-1,116,1,0.52293,0.490849,0.343477,0.779348,0,1854.79,0.00103294,0.013713,0.021483,0.00186171,0.05,300,300,300,300,300,300,112,116,124,102,106,114,64,68,76
baseline,-1,131,3,0.0862009,0.0750974,-0.227658,0.916202,1523.06,0.126551,5.07643,0.132104,0.00679688,0.0172023,0.00594498,0.028948,0.431287,0.57489,1.00851,0.34701,0,0,-1,124,1,0.126601,0.0181593,0.0668559,0.127545,0,1442.81,0.00103294,0.013713,0.021483,0.00186171,0.05,300,300,300,300,300,300,120,124,132,69,73,81,56,60,68
baseline,-1,132,6,0.293609,0.109226,0.29207,0.905336,1099.59,0.380062,3.66402,0.171182,0.0076344,0.0121018,0.00505158,0.0395828,0.844123,0.994334,1.17673,0.560958,1,1,4,177,1,0.199616,0.659165,0.796536,0.519223,1,996.618,0.00103294,0.013713,0.021483,0.00186171,0.05,300,300,300,300,300,300,97,177,300,67,71,79,44,48,56
baseline,-1,133,0,0.267546,0.182568,-0.198971,0.956263,1737.87,2.62294,5.78414,0.512663,0.00630133,0.0103668,0.00543844,0.0328864,1.28245,1.26077,1.21718,0.0558885,0,0,0,96,1,0.0921809,1.06518,0.583518,0.307572,0,1560,0.00103294,0.013713,0.021483,0.00186171,0.05,300,300,300,300,300,300,85,96,214,80,84,92,54,58,91
baseline,-1,134,3,0.281339,0.0660532,0.301246,1.00076,1014.03,3.06877,3.36987,0.561004,0.00575919,0.0110851,0.00742026,0.0132583,0.414656,0.193399,0.489418,0.304874,0,0,-1,86,1,0.0120166,0.059413,0.0845282,0.00707565,0,943.872,0.00103294,0.013713,0.021483,0.00186171,0.05,300,300,300,300,300,300,82,86,135,65,69,77,48,52,60
baseline,-1,135,0,0.419097,0.119557,-0.374751,1.06635,1608.97,0.10209,5.36289,0.130836,0.0106186,0.0206272,0.00302442,0.0239657,0.329003,0.510536,1.25138,0.211823,0,3.30492e-19,17,223,1,0.0888598,0.460223,1.30766,0.15925,0,1549.3,0.00103294,0.013713,0.021483,0.00186171,0.05,300,300,300,300,300,300,120,223,300,84,88,107,46,50,58
baseline,-1,136,1,0.524284,0.0252642,-0.0594884,0.945971,1332.9,1.95477,4.43648,0.39851,0.0120203,0.0275532,0.00964862,0.013596,1.15318,1.26496,0.63835,0.218764,1,1,150,109,1,0.13127,0.0335418,0.0567307,0.139558,0,1191.22,0.00103294,0.013713,0.021483,0.00186171,0.05,300,300,300,300,300,300,105,109,117,59,63,71,44,48,56
baseline,-1,137,4,0.389664,0.144146,-0.152223,0.989811,1376.45,0.988999,4.58486,0.357376,0.00594602,0.00478863,0.00700953,0.0306136,0.509766,0.426532,1.19198,0.352432,1,1,23,134,1,0.160748,0.766345,1.19716,0.368612,1,1247.31,0.00103294,0.013713,0.021483,0.00186171,0.05,300,300,300,300,300,300,96,134,300,81,96,104,58,62,70
baseline,-1,138,5,0.427948,0.161493,-0.180874,1.04292,1199.22,0.946605,3.99424,0.28204,0.00485629,0.00879745,0.00765863,0.0206344,1.01746,1.7579,1.43415,0.423034,0,0,0,282,1,0.10392,0.154521,1.35533,0.413383,0,1188.39,0.00103294,0.013713,0.021483,0.00186171,0.05,300,300,300,300,300,300,168,282,290,149,153,161,64,68,76
baseline,-1,139,3,0.213317,0.115767,-0.49004,1.09406,1506.3,0.0228693,5.02094,0.0330836,0.0104116,0.0181354,0.00406517,0.0213826,0.300625,0.646598,0.994609,0.359559,0,0,23,145,1,0.0271146,0.135193,0.816526,0.191288,0,1381.46,0.00103294,0.013713,0.021483,0.00186171,0.05,300,300,300,300,300,300,111,145,153,88,92,100,69,73,81
baseline,-1,140,4,0.551431,0.184689,0.463273,1.08564,1014.62,0.163486,3.38152,0.160213,0.0052071,0.0148421,0.0103148,0.0170005,0.440262,0.501867,1.00462,0.374898,0,0,0,300,0,0.160213,0.440262,1.00462,0.374898,0,1014.45,0.00103294,0.013713,0.021483,0.00186171,0.05,300,300,300,300,300,300,148,300,300,61,65,73,52,56,64
baseline,-1,141,4,0.390135,0.0293785,-0.445178,0.910315,1144.61,16.1034,3.76169,1.2549,0.0306375,0.0194365,0.00972123,0.0067242,1.13989,0.448585,1.15832,0.592717,0,0,25,148,1,0.244965,0.195629,1.40817,0.128155,0,962.424,0.00103294,0.013713,0.021483,0.00186171,0.05,300,300,300,300,300,300,144,148,156,104,108,116,57,61,69
baseline,-1,142,2,0.555856,0.146848,-0.133017,1.09243,1539.98,0.449382,5.13176,0.165423,0.00376761,0.00614905,0.00582744,0.00747584,1.10431,1.85925,0.563059,0.0867566,0,0,-1,114,1,0.0434234,0.188407,1.04284,0.208036,0,1386.74,0.00103294,0.013713,0.021483,0.00186171,0.05,300,300,300,300,300,300,110,114,291,105,109,117,73,77,85
baseline,-1,143,6,0.278675,0.149938,0.451662,1.06935,1068.79,0.54265,3.56084,0.231257,0.004335,0.00647817,0.00225375,0.00748809,0.906651,0.949328,1.24739,0.509094,1,1,35,300,0,0.231257,0.906651,1.24739,0.509094,1,1068.25,0.00103294,0.013713,0.021483,0.00186171,0.05,300,300,300,300,300,300,187,300,300,51,55,63,39,43,51
baseline,-1,144,0,0.475572,0.177201,-0.407409,0.99081,1881.31,0.037553,6.2709,0.10247,0.00619752,0.0126304,0.00439697,0.015225,0.307096,0.28622,1.01716,0.338947,0,0,7,263,1,0.0866464,0.328125,1.03515,0.32139,0,1849.52,0.00103294,0.013713,0.021483,0.00186171,0.05,300,300,300,300,300,300,159,263,300,142,146,154,142,146,154
baseline,-1,145,6,0.566664,0.0721196,-0.416387,0.958551,1642.83,0.0586684,5.47589,0.114605,0.0243935,0.0127313,0.00830861,0.0090712,0.348027,0.289767,1.45987,0.54437,0,0,-1,259,1,0.0735678,0.265798,1.45127,0.543082,0,1610.32,0.00103294,0.013713,0.021483,0.00186171,0.05,300,300,300,300,300,300,173,259,300,80,84,92,53,57,65
baseline,-1,146,0,0.298974,0.166503,0.0602027,1.03703,1582.84,6.11251,5.25574,0.738435,0.00588521,0.0113181,0.00354237,0.027622,1.12778,1.03887,0.859872,0.129135,0,0,7,106,1,0.0545616,0.40462,0.594536,0.187445,0,1412.15,0.00103294,0.013713,0.021483,0.00186171,0.05,300,300,300,300,300,300,102,106,300,79,83,91,71,75,83
baseline,-1,147,4,0.25293,0.0235697,0.44374,1.00884,7843.44,0.0294832,26.1447,0.0648602,0.0446446,0.0205669,0.0102729,0.00948632,0.556626,0.789534,0.761622,0.128109,0,0,101,178,1,0.218869,1.02338,0.701757,0.164561,1,7750.51,0.00103294,0.013713,0.021483,0.00186171,0.05,300,300,300,300,300,300,174,178,300,118,122,130,109,113,121
baseline,-1,148,5,0.219042,0.075115,-0.487367,0.976007,2235.2,1.00142,7.44734,0.326956,0.0082528,0.0205275,0.00555244,0.0125446,0.77696,0.749344,0.972683,0.295595,0,0,29,133,1,0.195654,1.06724,0.897779,0.413124,0,2093.08,0.00103294,0.013713,0.021483,0.00186171,0.05,300,300,300,300,300,300,114,133,300,78,100,108,63,67,108
baseline,-1,149,7,0.49087,0.187988,-0.432723,0.907305,1612.78,0.766199,5.37339,0.304936,0.00989501,0.00911281,0.00709199,0.01984,0.827708,0.7798,0.65743,0.387405,0,0,23,209,1,0.0954756,0.0236255,0.201045,0.269959,0,1578.08,0.00103294,0.013713,0.021483,0.00186171,0.05,300,300,300,300,300,300,205,209,217,161,165,173,57,61,69
baseline,-1,150,4,0.23773,0.0205528,0.0989499,1.0157,1773.71,1.9645,5.90581,0.475805,0.00596558,0.0302698,0.00517062,0.0228333,0.651754,0.485707,0.858441,0.167009,0,0,122,226,1,0.0533974,0.157721,0.599726,0.115368,1,1704.82,0.00103294,0.013713,0.021483,0.00186171,0.05,300,300,300,300,300,300,128,226,234,79,83,91,56,60,68
baseline,-1,151,3,0.267625,0.116291,0.48739,1.09607,1947.8,3.49849,6.481,0.553739,0.00411446,0.0199528,0.00312567,0.023846,1.39486,1.64887,1.2851,0.136947,0,0,50,135,1,0.025296,0.439399,0.907617,0.207576,0,1805.89,0.00103294,0.013713,0.021483,0.00186171,0.05,300,300,300,300,300,300,103,135,217,82,86,94,80,84,92
baseline,-1,152,2,0.267748,0.129448,-0.363067,1.09948,2582.24,0.671654,8.60524,0.275567,0.0106944,0.0284792,0.00655254,0.0098556,0.433114,0.500156,0.682409,0.53226,0,0,-1,105,1,0.0237723,0.46996,0.659073,0.482092,0,2404.44,0.00103294,0.013713,0.021483,0.00186171,0.05,300,300,300,300,300,300,101,105,184,72,76,84,63,67,75
baseline,-1,153,6,0.472283,0.0514235,-0.0310422,0.93934,2475.07,0.145456,8.24975,0.120803,0.00927948,0.0158208,0.00319905,0.0235242,0.348856,0.533643,0.886964,0.314391,0,1.61059e-16,71,182,1,0.096942,0.163734,0.537238,0.314894,0,2362.65,0.00103294,0.013713,0.021483,0.00186171,0.05,300,300,300,300,300,300,110,182,190,67,71,109,45,49,57
baseline,-1,154,3,0.46777,0.0119983,0.0146108,0.929361,1683.9,0.327711,5.6119,0.167211,0.0585506,0.0271805,0.00778982,0.0248902,0.0192259,0.0948891,0.0237614,0.0632344,0,0,22,91,1,0.706905,0.416898,0.0913776,0.186123,0,1659.16,0.00103294,0.013713,0.021483,0.00186171,0.05,300,300,300,300,300,300,87,91,122,69,73,81,41,45,67
baseline,-1,155,3,0.474659,0.0668752,-0.351708,1.09197,1484.79,1.00427,4.94594,0.295307,0.00561069,0.00541425,0.00507266,0.0216039,1.26662,1.12036,1.01011,0.455981,0,0,3,136,1,0.38446,1.44849,1.36565,0.317087,0,1348.63,0.00103294,0.013713,0.021483,0.00186171,0.05,300,300,300,300,300,300,120,136,300,71,75,83,53,57,65
baseline,-1,156,5,0.439006,0.147897,-0.477624,1.00564,2209.91,0.116651,7.36596,0.100749,0.00655044,0.0182356,0.00788826,0.0210135,0.549151,0.861013,1.20837,0.407664,0,0,2,300,0,0.100749,0.549151,1.20837,0.407664,0,2209.79,0.00103294,0.013713,0.021483,0.00186171,0.05,300,300,300,300,300,300,127,300,300,89,93,137,49,53,61
baseline,-1,157,6,0.328317,0.183572,0.331077,1.04589,1564.71,0.0893633,5.21539,0.0511716,0.00939055,0.0122253,0.00837236,0.00620351,0.824955,1.72569,1.19937,0.479933,1,1,1,252,1,0.120687,0.315445,1.28871,0.474899,1,1528.56,0.00103294,0.013713,0.021483,0.00186171,0.05,300,300,300,300,300,300,131,252,260,83,87,111,66,70,78
baseline,-1,158,7,0.397925,0.0863057,0.0679777,1.06345,4090.34,0.161847,13.6339,0.0762145,0.0130058,0.0286772,0.00580519,0.0240116,0.917104,1.44338,0.843277,0.237244,0,0,-1,216,1,0.0965558,0.270417,0.765247,0.267501,0,4026.21,0.00103294,0.013713,0.021483,0.00186171,0.05,300,300,300,300,300,300,171,216,267,122,126,134,99,103,125
baseline,-1,159,0,0.274494,0.160454,-0.424854,1.04687,1256.91,0.292598,4.18873,0.168944,0.00766218,0.0173473,0.0060972,0.0264375,0.8411,1.08681,1.10539,0.451188,0,0,9,91,1,0.072971,0.0358608,0.838327,0.081617,0,1104.33,0.00103294,0.013713,0.021483,0.00186171,0.05,300,300,300,300,300,300,87,91,99,60,64,72,43,47,55
baseline,-1,160,2,0.457623,0.137054,0.359151,1.02534,1210.35,0.907196,4.03147,0.335215,0.0163338,0.012117,0.00840288,0.0353855,0.956456,0.600869,1.35618,0.478925,0,0,-1,144,1,0.0513724,0.181525,1.31612,0.388297,0,1086.43,0.00103294,0.013713,0.021483,0.00186171,0.05,300,300,300,300,300,300,140,144,300,66,70,78,51,55,63
baseline,-1,161,3,0.247617,0.0170831,0.243411,1.01299,1044.13,1.15272,3.47658,0.354208,0.0158838,0.0240883,0.00425966,0.00764542,0.930592,0.802412,1.11405,0.331782,0,0,-1,97,1,0.0886405,0.628867,0.754287,0.202413,0,877.156,0.00103294,0.013713,0.021483,0.00186171,0.05,300,300,300,300,300,300,93,97,300,86,90,98,59,88,96
baseline,-1,162,3,0.481259,0.136032,-0.437384,0.953037,2376.03,1.59484,7.91478,0.416036,0.01431,0.0303999,0.00730004,0.0253902,1.37459,1.31172,0.930605,0.385401,0,0,30,179,1,0.452674,1.76721,0.829114,0.361447,0,2273.13,0.00103294,0.013713,0.021483,0.00186171,0.05,300,300,300,300,300,300,119,179,300,79,83,91,58,62,70
baseline,-1,163,6,0.391819,0.0506855,-0.227726,0.959679,1725.26,2.26903,5.74329,0.441046,0.00474321,0.0124142,0.00658155,0.0153163,1.27784,1.36329,0.798412,0.794539,1,1,1,201,1,0.119244,0.828226,0.771865,0.715885,1,1642.07,0.00103294,0.013713,0.021483,0.00186171,0.05,300,300,300,300,300,300,197,201,300,93,97,116,51,55,63
baseline,-1,164,6,0.555059,0.176269,0.0321871,1.04234,2101.14,0.321508,7.00272,0.168371,0.0119311,0.00986965,0.00211999,0.0184751,0.271174,0.301215,1.06317,0.0368772,1,1,1,112,1,0.113397,0.201658,1.29514,0.341486,0,1944.31,0.00103294,0.013713,0.021483,0.00186171,0.05,300,300,300,300,300,300,108,112,300,105,109,117,105,109,117
baseline,-1,165,2,0.476956,0.132888,0.224128,1.09079,1472.55,0.0563157,4.90831,0.110662,0.0133704,0.0142948,0.00938694,0.0230495,0.283411,0.40452,0.75342,0.507957,0,0,11,144,1,0.250788,0.213299,0.721129,0.440511,0,1343.07,0.00103294,0.013713,0.021483,0.00186171,0.05,300,300,300,300,300,300,140,144,152,52,56,64,45,49,57
baseline,-1,166,4,0.545898,0.167662,-0.0972729,0.940786,1850.19,3.45995,6.15576,0.609216,0.00893151,0.0235422,0.00376959,0.0298529,1.05615,0.781761,1.15698,0.908865,0,0,2,129,1,0.116949,0.459442,1.07715,0.50382,0,1714.56,0.00103294,0.013713,0.021483,0.00186171,0.05,300,300,300,300,300,300,98,129,300,65,69,77,58,62,70
baseline,-1,167,3,0.332857,0.124713,-0.221157,1.04191,1648.49,16.5576,5.43976,1.29843,0.0787236,0.0152462,0.00804886,0.0210853,1.13248,0.192032,0.723528,1.10877,0,0,214,103,1,1.085,0.969332,0.781521,1.19768,0,1357.34,0.00103294,0.013713,0.021483,0.00186171,0.05,300,300,300,300,300,300,99,103,111,61,65,85,55,59,67
baseline,-1,168,6,0.399709,0.109512,0.408055,1.02651,1880.74,0.422743,6.26773,0.159429,0.0104331,0.0151903,0.00617566,0.0237614,0.757154,0.936949,0.837935,0.343445,0,0,0,286,1,0.209044,0.786352,0.796012,0.345847,0,1870.5,0.00103294,0.013713,0.021483,0.00186171,0.05,300,300,300,300,300,300,172,286,300,66,70,78,51,55,63
baseline,-1,169,7,0.47415,0.142493,-0.3301,0.930501,1999.63,0.0661089,6.66522,0.124279,0.00691846,0.0294544,0.00715163,0.0286114,0.443784,0.486785,0.588621,0.258882,0,0,124,215,1,0.229101,0.578894,0.580255,0.133951,0,1932.45,0.00103294,0.013713,0.021483,0.00186171,0.05,300,300,300,300,300,300,174,215,300,54,58,66,42,46,54
baseline,-1,170,4,0.342889,0.0111725,-0.0323786,1.04115,1280.64,0.102084,4.26846,0.111521,0.00593414,0.0303571,0.00450925,0.0393906,0.259211,0.369543,0.785675,0.392954,1,1,0,98,1,0.093183,0.0361056,0.121907,0.040745,0,1111.47,0.00103294,0.013713,0.021483,0.00186171,0.05,300,300,300,300,300,300,94,98,106,58,62,70,46,50,58
baseline,-1,171,1,0.498061,0.104874,0.282135,0.903824,1431.25,0.0425535,4.77068,0.0428441,0.00599984,0.014435,0.00339462,0.0282349,0.326834,1.1416,1.40421,0.237645,1,1,23,195,1,0.223264,0.599205,1.47509,0.266278,1,1352.6,0.00103294,0.013713,0.021483,0.00186171,0.05,300,300,300,300,300,300,126,195,203,80,84,92,52,56,64
baseline,-1,172,6,0.199344,0.154415,0.0828927,0.939536,1341.75,0.501495,4.47082,0.203068,0.0101786,0.0208846,0.0069163,0.0249462,0.939519,0.991579,1.0606,0.115078,1,1,0,94,1,0.0835145,0.0120409,0.233885,0.121116,1,1169.92,0.00103294,0.013713,0.021483,0.00186171,0.05,300,300,300,300,300,300,82,94,102,60,64,72,53,57,65
baseline,-1,173,0,0.313304,0.107235,0.0522085,0.974509,2464.94,2.89578,8.20683,0.567158,0.0112507,0.026524,0.00414029,0.0262375,0.551734,0.366141,0.835563,0.535249,0,0,11,200,1,0.0112507,0.21563,1.20487,0.312581,0,2358.58,0.00103294,0.013713,0.021483,0.00186171,0.05,300,300,300,300,300,300,125,200,300,73,77,118,63,67,75
baseline,-1,174,4,0.422075,0.0449494,0.419293,1.09679,1638.19,0.9514,5.45747,0.319244,0.00715363,0.0181422,0.00620391,0.0260214,0.805777,0.937151,1.06015,0.511823,0,0,-1,119,1,0.0343042,0.483218,0.824066,0.360119,0,1488.22,0.00103294,0.013713,0.021483,0.00186171,0.05,300,300,300,300,300,300,115,119,300,106,110,118,71,75,83
baseline,-1,175,1,0.375296,0.00847425,-0.104552,0.927229,1458.35,5.84436,4.84168,0.75489,0.0775088,0.0125703,0.00410888,0.0483318,0.597589,0.136226,0.106975,0.587704,1,1,0,104,1,1.45058,1.28278,0.763467,0.479335,1,1085.67,0.00103294,0.013713,0.021483,0.00186171,0.05,300,300,300,300,300,300,100,104,112,81,85,93,40,44,62
baseline,-1,176,7,0.456261,0.0255399,-0.0558864,1.037,1475.46,3.17003,4.90762,0.668164,0.00546778,0.0239762,0.00243864,0.013332,0.5679,0.404206,0.774119,0.264542,0,0,27,111,1,0.125143,0.0685397,0.213434,0.146565,1,1334.03,0.00103294,0.013713,0.021483,0.00186171,0.05,300,300,300,300,300,300,107,111,119,82,86,94,63,67,75
baseline,-1,177,3,0.35681,0.192959,-0.447543,1.05992,1189.55,1.40424,3.96048,0.403293,0.00979206,0.015232,0.00676452,0.0180484,1.08472,0.966807,0.840444,0.53967,0,0,-1,115,1,0.0702858,0.0375248,0.627041,0.6449,0,1057.6,0.00103294,0.013713,0.021483,0.00186171,0.05,300,300,300,300,300,300,111,115,123,64,68,76,43,47,55
baseline,-1,178,2,0.432332,0.139265,-0.201458,0.979951,2090.94,2.0406,6.96299,0.396729,0.00510233,0.0280535,0.00462148,0.0462698,1.3857,1.44142,0.932352,0.138322,0,0,-1,179,1,0.0303793,0.273564,0.921283,0.253925,0,1986.9,0.00103294,0.013713,0.021483,0.00186171,0.05,300,300,300,300,300,300,136,179,252,96,100,108,78,82,106
baseline,-1,179,2,0.546058,0.138167,-0.304414,1.08492,1865.18,0.0968214,6.21693,0.120781,0.0034298,0.0299183,0.00932011,0.0272273,0.358171,0.478035,0.807129,0.150615,0,0,0,232,1,0.0645537,0.565945,0.849443,0.17065,0,1816.69,0.00103294,0.013713,0.021483,0.00186171,0.05,300,300,300,300,300,300,177,232,273,156,160,168,97,101,109
baseline,-1,180,5,0.402943,0.104072,-0.239525,1.03102,1503.59,0.101152,5.01162,0.122202,0.0074646,0.0188441,0.00144603,0.0379121,0.5163,0.641998,0.575091,0.330085,0,0,20,152,1,0.0349072,0.144206,0.615124,0.314106,0,1388.45,0.00103294,0.013713,0.021483,0.00186171,0.05,300,300,300,300,300,300,114,152,160,85,89,115,51,55,63
baseline,-1,181,4,0.324557,0.156846,0.496078,1.06368,3057.14,1.61041,10.1851,0.411222,0.00745621,0.0172878,0.00274843,0.0361303,1.82276,1.4219,0.849777,0.277131,0,0,79,179,1,0.072568,0.402421,1.3317,0.263484,1,2930.85,0.00103294,0.013713,0.021483,0.00186171,0.05,300,300,300,300,300,300,153,179,300,108,112,120,86,90,98
baseline,-1,182,1,0.41049,0.0981926,0.190545,1.03335,1541.27,1.2533,5.1334,0.340776,0.00592309,0.022094,0.00479396,0.0351563,0.917639,1.22096,1.18712,0.447466,1,1,1,144,1,0.3672,1.80028,1.11822,0.57878,1,1418.01,0.00103294,0.013713,0.021483,0.00186171,0.05,300,300,300,300,300,300,130,144,258,93,97,105,73,77,85
baseline,-1,183,0,0.47234,0.0608584,-0.339391,0.927808,1171.72,0.2247,3.90497,0.114998,0.00819481,0.0288623,0.00512717,0.0118826,0.989235,1.77311,0.848662,0.11233,0,0,1,219,1,0.178663,1.1266,0.773138,0.0736889,0,1105.15,0.00103294,0.013713,0.021483,0.00186171,0.05,300,300,300,300,300,300,171,219,227,132,136,173,82,86,94
baseline,-1,184,0,0.399959,0.119254,-0.479024,1.06614,1849.03,1.23984,6.1593,0.347369,0.00819524,0.0208214,0.00955868,0.0302026,1.11846,1.28497,0.870477,0.311414,0,0,7,111,1,0.042597,0.463016,0.704507,0.184635,0,1685.51,0.00103294,0.013713,0.021483,0.00186171,0.05,300,300,300,300,300,300,97,111,211,61,65,73,48,52,60
baseline,-1,185,6,0.431881,0.00468786,-0.116189,0.993016,1577.99,0.105183,5.25963,0.0362403,0.0109933,0.0145289,0.00252532,0.0240797,0.832517,1.36903,1.22338,0.326801,1,1,203,133,1,0.326309,0.240807,0.628038,0.433101,0,1473.9,0.00103294,0.013713,0.021483,0.00186171,0.05,300,300,300,300,300,300,129,133,141,88,92,100,44,54,62
baseline,-1,186,6,0.395978,0.00931933,-0.43667,1.04902,1546.27,3.86772,5.14134,0.631745,0.015043,0.00822418,0.00565398,0.0306921,0.495919,0.223411,1.19274,0.734739,1,1,9,154,1,0.0419581,0.804387,0.809555,0.396669,1,1414.33,0.00103294,0.013713,0.021483,0.00186171,0.05,300,300,300,300,300,300,116,154,300,59,63,71,54,58,66
baseline,-1,187,2,0.374301,0.0721863,0.430648,0.915931,2060.65,0.801621,6.86618,0.313819,0.0136386,0.023915,0.00250043,0.0222978,0.678653,0.688098,1.17057,0.197868,0,0,27,112,1,0.271467,1.17363,1.00909,0.136392,0,1881.01,0.00103294,0.013713,0.021483,0.00186171,0.05,300,300,300,300,300,300,102,112,300,88,92,100,87,91,99
baseline,-1,188,3,0.444106,0.0633949,0.127713,1.02036,1688.69,1.62629,5.62355,0.400312,0.00471593,0.0428649,0.0081565,0.029823,1.41511,1.40685,0.860663,0.347046,0,0,-1,98,1,0.0366798,0.202542,0.961025,0.140647,0,1507.65,0.00103294,0.013713,0.021483,0.00186171,0.05,300,300,300,300,300,300,94,98,106,89,93,101,67,89,97
baseline,-1,189,2,0.237483,0.18687,-0.0599778,1.03705,1042.26,1.38602,3.46957,0.304071,0.00723053,0.0160287,0.00630373,0.0229375,1.25079,1.90173,0.772261,0.170231,0,0,11,136,1,0.0741572,0.149584,0.881287,0.227203,0,922.016,0.00103294,0.013713,0.021483,0.00186171,0.05,300,300,300,300,300,300,132,136,144,97,101,109,78,82,105
baseline,-1,190,1,0.501897,0.192414,-0.22021,1.04001,1305.45,0.253803,4.35066,0.086894,0.00499785,0.018352,0.0105222,0.0228681,1.11253,1.42423,1.22522,0.320105,1,1,14,282,1,0.234164,0.232752,1.31178,0.315028,1,1300.63,0.00103294,0.013713,0.021483,0.00186171,0.05,300,300,300,300,300,300,100,282,290,95,99,107,93,97,105
baseline,-1,191,0,0.382468,0.148138,-0.43464,1.03866,1885.01,0.530319,6.28161,0.174964,0.000964938,0.0254751,0.0062977,0.0192814,1.16115,1.91342,1.26308,0.30057,0,0,19,152,1,0.318287,1.48173,1.11242,0.272814,1,1766.68,0.00103294,0.013713,0.021483,0.00186171,0.05,300,300,300,300,300,300,107,152,300,99,103,111,77,81,89
baseline,-1,192,0,0.271329,0.16163,0.462692,1.06243,1598.6,2.10924,5.32164,0.381697,0.00830122,0.0129843,0.00929133,0.0300352,1.14449,1.78584,1.00584,0.194275,0,0,18,127,1,0.214915,0.502373,0.606514,0.117778,0,1462.66,0.00103294,0.013713,0.021483,0.00186171,0.05,300,300,300,300,300,300,123,127,181,76,80,88,54,58,66
baseline,-1,193,5,0.266134,0.00703707,-0.176509,1.03016,2137.19,0.432929,7.12252,0.252267,0.00416573,0.0211163,0.00693025,0.0194663,0.206811,0.266648,0.906036,0.377832,0,0,1,125,1,0.0398171,0.263953,0.946438,0.07513,0,1955.15,0.00103294,0.013713,0.021483,0.00186171,0.05,300,300,300,300,300,300,121,125,300,111,115,123,56,60,68
baseline,-1,194,7,0.458854,0.125824,0.397058,0.970621,2544.93,2.64418,8.47429,0.465179,0.00749466,0.0218897,0.0028878,0.01593,1.23301,1.42621,1.15446,0.173202,0,0,-1,104,1,0.0601016,0.0773555,0.0617389,0.0176059,0,2405.35,0.00103294,0.013713,0.021483,0.00186171,0.05,300,300,300,300,300,300,100,104,112,84,88,96,63,67,75
baseline,-1,195,6,0.439348,0.128212,-0.00982952,1.08778,1678.3,0.255979,5.59347,0.124112,0.00731747,0.0267297,0.00269879,0.0127985,0.901449,1.45962,1.03933,0.578934,1,1,31,180,1,0.0565072,0.165422,1.1196,0.462063,0,1586.83,0.00103294,0.013713,0.021483,0.00186171,0.05,300,300,300,300,300,300,162,180,220,76,80,104,51,55,63
baseline,-1,196,0,0.458946,0.188885,-0.19503,0.9212,1921.47,0.648099,6.40273,0.239976,0.0109323,0.01865,0.00477367,0.031383,0.148994,0.145311,1.3046,0.0939004,0,0,0,167,1,0.0365613,0.558524,1.07313,0.0509973,0,1861.13,0.00103294,0.013713,0.021483,0.00186171,0.05,300,300,300,300,300,300,108,167,207,91,95,103,85,89,97
baseline,-1,197,2,0.366704,0.19453,-0.239064,0.92771,2111.71,3.40154,7.0277,0.558586,0.0095929,0.0081996,0.00633713,0.047929,1.34952,1.00772,0.878679,0.300987,0,0,-1,200,1,0.0341257,0.244975,0.800296,0.215195,0,2018.58,0.00103294,0.013713,0.021483,0.00186171,0.05,300,300,300,300,300,300,133,200,208,77,81,89,61,65,73
baseline,-1,198,6,0.330939,0.01679,-0.0436857,0.943147,2419.49,1.99632,8.05831,0.355082,0.0017495,0.0252456,0.00685958,0.0127049,1.30603,1.8968,0.821247,0.199795,1,1,26,169,1,0.109196,0.346207,0.730632,0.0982342,0,2300.11,0.00103294,0.013713,0.021483,0.00186171,0.05,300,300,300,300,300,300,91,169,221,89,93,101,76,80,101
baseline,-1,199,3,0.288421,0.0742722,-0.370942,0.992868,1617.61,0.63437,5.38991,0.200872,0.0133047,0.0206428,0.00792671,0.0256925,1.35326,1.83245,0.915821,0.235231,0,0,22,137,1,0.0375357,0.310626,1.16026,0.129668,0,1479.52,0.00103294,0.013713,0.021483,0.00186171,0.05,300,300,300,300,300,300,97,137,187,88,92,100,82,86,94
baseline,-1,200,4,0.39333,0.0385997,0.149961,1.03973,1852.07,1.9924,6.16693,0.478135,0.0145913,0.0162933,0.0070189,0.0179373,1.24138,1.03573,0.912704,0.0720962,1,1,37,223,1,0.300521,0.676611,0.926793,0.0810125,1,1788.89,0.00103294,0.013713,0.021483,0.00186171,0.05,300,300,300,300,300,300,166,223,300,98,102,110,71,75,108
baseline,-1,201,7,0.34508,0.0820432,0.0260674,0.911615,1713.95,1.28852,5.70886,0.326447,0.00986355,0.0313566,0.00395537,0.0224344,1.41587,1.36815,1.0362,0.298377,0,0,14,174,1,0.0827823,0.206213,0.800906,0.314442,0,1607.59,0.00103294,0.013713,0.021483,0.00186171,0.05,300,300,300,300,300,300,86,174,182,61,65,73,46,50,58
baseline,-1,202,1,0.282835,0.0132288,-0.0493332,1.00673,2296.72,0.0423646,7.6556,0.0566859,0.00627501,0.00797124,0.00296447,0.0140386,0.0447149,0.172698,0.291654,0.0638279,1,1,110,86,1,0.068873,0.633529,0.445842,0.0228549,0,2151.08,0.00103294,0.013713,0.021483,0.00186171,0.05,300,300,300,300,300,300,82,86,135,59,63,71,50,54,62
baseline,-1,203,0,0.262982,0.147575,0.272366,1.05615,1909.25,0.64409,6.362,0.235823,0.00963652,0.016557,0.00564663,0.0166203,0.920087,1.00578,1.18023,0.548008,0,0,18,158,1,0.598912,0.991545,0.920035,0.472987,0,1794.7,0.00103294,0.013713,0.021483,0.00186171,0.05,300,300,300,300,300,300,154,158,300,101,105,113,93,97,105
baseline,-1,204,2,0.251264,0.12673,0.367648,1.02011,1437.92,0.958658,4.78988,0.329856,0.0621597,0.00847743,0.00500302,0.03248,0.293392,0.240609,0.741564,0.492673,0,6.01237e-17,36,300,0,0.329856,0.293392,0.741564,0.492673,0,1436.96,0.00103294,0.013713,0.021483,0.00186171,0.05,300,300,300,300,300,300,300,300,300,300,300,300,88,300,300
baseline,-1,205,7,0.414293,0.115268,-0.132117,0.974594,1235.82,0.0980332,4.11908,0.10772,0.0115232,0.0155321,0.0081983,0.0357554,0.272637,0.406851,1.1925,0.364808,0,0,-1,86,1,0.0444471,0.0112799,0.157885,0.0597192,0,1081.07,0.00103294,0.013713,0.021483,0.00186171,0.05,300,300,300,300,300,300,82,86,94,51,55,63,42,46,54
baseline,-1,206,5,0.52824,0.0765712,0.331698,0.92456,1109.07,1.902,3.69056,0.44931,0.00409918,0.0204393,0.00595436,0.038375,1.07608,1.06264,0.648962,0.313568,0,0,2,98,1,0.0744965,0.391739,0.924286,0.461248,0,931.98,0.00103294,0.013713,0.021483,0.00186171,0.05,300,300,300,300,300,300,94,98,289,81,85,93,51,55,63
baseline,-1,207,1,0.380008,0.0651765,0.204053,1.04782,1807.93,0.0997749,6.02612,0.0879187,0.0132717,0.0473553,0.00822403,0.0338167,0.717327,0.883904,1.10133,0.453948,1,1,57,216,1,0.0285447,0.12191,0.75823,0.519053,1,1736.28,0.00103294,0.013713,0.021483,0.00186171,0.05,300,300,300,300,300,300,122,216,300,79,83,107,43,47,55
baseline,-1,208,2,0.249788,0.0586839,0.25172,1.03246,985.025,2.25306,3.27591,0.46144,0.00989405,0.00494943,0.00441475,0.0236136,1.26071,1.14151,1.27757,0.392147,0,0,0,202,1,0.156932,0.411217,1.28955,0.348086,0,909.307,0.00103294,0.013713,0.021483,0.00186171,0.05,300,300,300,300,300,300,116,202,300,80,84,92,46,50,90
baseline,-1,209,3,0.21243,0.0980783,0.13412,1.05215,1914.68,0.616296,6.3802,0.201113,0.0231273,0.0132248,0.00474787,0.0161713,1.12587,1.7657,0.816786,0.421968,0,0,1,211,1,0.0411234,0.264204,0.881426,0.313552,0,1844.07,0.00103294,0.013713,0.021483,0.00186171,0.05,300,300,300,300,300,300,130,211,300,59,63,71,44,48,56
baseline,-1,210,1,0.54445,0.144207,0.181289,1.08703,2336.56,0.55693,7.78667,0.310151,0.0204,0.0239282,0.00838553,0.0130506,0.377353,0.321597,1.16357,0.725938,1,1,4,123,1,0.118246,0.907221,1.20875,0.554458,1,2196.21,0.00103294,0.013713,0.021483,0.00186171,0.05,300,300,300,300,300,300,119,123,300,69,73,81,50,54,62
baseline,-1,211,6,0.485506,0.129978,-0.260955,0.995808,1205.46,0.200678,4.01753,0.175013,0.00755747,0.0168697,0.00468421,0.0129763,0.497298,0.490163,0.825915,0.123015,1,1,40,109,1,0.0914608,0.475737,0.75248,0.113964,1,1041.71,0.00103294,0.013713,0.021483,0.00186171,0.05,300,300,300,300,300,300,105,109,230,96,100,108,94,98,106
baseline,-1,212,4,0.471623,0.195128,0.364158,0.904296,2579.5,0.484738,8.59672,0.194693,0.00590492,0.0167038,0.00868172,0.0384731,0.752683,0.71979,0.985181,0.354392,1,1,7,300,0,0.194693,0.752683,0.985181,0.354392,1,2579.02,0.00103294,0.013713,0.021483,0.00186171,0.05,300,300,300,300,300,300,131,300,300,99,103,111,67,71,79
baseline,-1,213,2,0.594101,0.0220807,0.437778,1.02954,1715.73,40.5304,5.58401,2.0611,0.0102831,0.00770093,0.00407256,0.0192599,1.25267,0.526972,0.802184,0.650856,0,0,18,119,1,0.0275095,0.527808,1.1583,0.378309,0,1309.94,0.00103294,0.013713,0.021483,0.00186171,0.05,300,300,300,300,300,300,82,119,162,57,61,69,47,51,59
baseline,-1,214,1,0.517049,0.037505,0.379434,0.90455,2182.61,10.6873,7.23974,1.02262,0.0267579,0.0272964,0.00449136,0.0107795,0.614282,0.366082,0.684952,0.143826,1,1,118,137,1,0.12793,0.84585,1.23387,0.0525733,1,2092.57,0.00103294,0.013713,0.021483,0.00186171,0.05,300,300,300,300,300,300,133,137,209,85,89,97,68,72,80
baseline,-1,215,5,0.292733,0.147024,0.198044,0.966564,1615.78,2.71948,5.37687,0.487537,0.0120477,0.02459,0.0083675,0.014726,1.28542,1.27083,0.749549,0.172126,0,0,-1,160,1,0.443764,0.856162,0.650172,0.195869,0,1503.26,0.00103294,0.013713,0.021483,0.00186171,0.05,300,300,300,300,300,300,106,160,223,85,89,97,58,62,70
baseline,-1,216,6,0.307077,0.140961,-0.170052,0.951822,1657.74,3.04932,5.51564,0.532129,0.01176,0.0125108,0.00801687,0.029392,0.856079,0.693653,1.17079,0.104392,0,0,-1,278,1,0.0358791,0.362376,1.12414,0.103202,0,1636.34,0.00103294,0.013713,0.021483,0.00186171,0.05,300,300,300,300,300,300,117,278,300,86,90,98,64,68,76
baseline,-1,217,4,0.491211,0.175249,-0.169126,0.977942,1773.67,0.191696,5.91159,0.16353,0.00582297,0.0194153,0.00507013,0.0249378,0.494283,0.6076,0.581322,0.0786429,0,0,53,277,1,0.112619,0.771861,0.690209,0.0748951,0,1753.81,0.00103294,0.013713,0.021483,0.00186171,0.05,300,300,300,300,300,300,118,277,300,114,118,126,61,65,73
baseline,-1,218,7,0.370513,0.0526136,0.228466,0.975062,2942.04,1.34956,9.80229,0.307852,0.00646885,0.0198137,0.00970361,0.0363348,1.25708,1.85394,0.713215,0.359313,0,0,-1,130,1,0.0178423,0.0109002,0.168157,0.0449654,0,2812.57,0.00103294,0.013713,0.021483,0.00186171,0.05,300,300,300,300,300,300,126,130,138,83,87,95,53,57,65
baseline,-1,219,4,0.20455,0.0919931,0.0046041,1.09293,1888.47,0.740581,6.29242,0.227176,0.0121347,0.0289475,0.00598408,0.0513141,0.923753,1.10784,1.10531,0.574736,0,0,0,200,1,0.225663,0.640186,1.12583,0.56563,0,1806.55,0.00103294,0.013713,0.021483,0.00186171,0.05,300,300,300,300,300,300,112,200,300,87,91,99,76,86,94
baseline,-1,220,3,0.349874,0.181567,-0.0551224,1.09482,1386.13,0.156649,4.61992,0.151114,0.00705555,0.0338067,0.00528946,0.0374155,0.504887,0.587168,0.989338,0.834981,0,0,0,279,1,0.213166,0.773464,0.989338,0.836935,0,1371.35,0.00103294,0.013713,0.021483,0.00186171,0.05,300,300,300,300,300,300,115,279,300,79,83,91,61,65,73
baseline,-1,221,3,0.435133,0.12463,-0.396711,1.03218,1737.95,0.731892,5.79073,0.290449,0.0138891,0.0112159,0.00577975,0.023155,0.622789,0.557043,1.10442,0.0819195,0,0,1,276,1,0.130531,0.856025,1.13879,0.040628,0,1717.49,0.00103294,0.013713,0.021483,0.00186171,0.05,300,300,300,300,300,300,119,276,300,60,64,72,52,56,64
baseline,-1,222,3,0.36023,0.185861,-0.0169778,1.03292,2033.13,1.3364,6.77265,0.372164,0.00274268,0.011889,0.00629107,0.039689,0.860913,0.693608,1.17692,0.343348,0,0,-1,128,1,0.0254688,0.031733,0.220694,0.0285345,0,1903.64,0.00103294,0.013713,0.021483,0.00186171,0.05,300,300,300,300,300,300,124,128,136,75,79,87,55,59,67
baseline,-1,223,5,0.358293,0.0337697,-0.439343,1.03823,1240.39,1.6564,4.12912,0.423569,0.0176303,0.0118485,0.00372135,0.0189451,0.905918,0.650339,1.15204,0.404422,0,0,23,191,1,0.300091,1.20252,1.14756,0.436542,0,1114.68,0.00103294,0.013713,0.021483,0.00186171,0.05,300,300,300,300,300,300,97,191,300,64,68,76,50,54,62
baseline,-1,224,3,0.591023,0.162948,0.0421222,1.0548,1499.1,2.95356,4.98715,0.551571,0.003078,0.0266246,0.00870199,0.0246961,1.01459,0.890801,1.1106,0.285025,0,0,10,112,1,0.0305336,0.479878,1.03991,0.236457,0,1315.13,0.00103294,0.013713,0.021483,0.00186171,0.05,300,300,300,300,300,300,108,112,300,100,104,112,73,77,85
baseline,-1,225,2,0.489381,0.137919,-0.205132,1.03397,1024.12,0.902041,3.41072,0.28846,0.00890568,0.0191069,0.00309759,0.027028,0.645319,0.605986,0.966823,0.220513,0,0,-1,85,1,0.445237,0.216728,0.10073,0.101263,0,876.202,0.00103294,0.013713,0.021483,0.00186171,0.05,300,300,300,300,300,300,81,85,93,49,53,61,43,47,55
baseline,-1,226,4,0.346785,0.130861,-0.0311253,0.961309,1489.68,0.17259,4.96504,0.0866889,0.00729048,0.0188052,0.00713491,0.0286217,0.85335,1.81493,1.09667,0.690077,1,1,0,132,1,0.202003,0.382151,1.14732,0.527484,1,1337.15,0.00103294,0.013713,0.021483,0.00186171,0.05,300,300,300,300,300,300,89,132,181,75,79,87,59,63,71
baseline,-1,227,5,0.175682,0.0286288,-0.0802586,0.940568,1328.82,4.87097,4.41316,0.762066,0.00763503,0.00955931,0.00179556,0.017923,0.852308,0.472566,1.08169,0.671545,0,0,-1,205,1,0.038575,0.130945,1.23096,0.53831,0,1231.63,0.00103294,0.013713,0.021483,0.00186171,0.05,300,300,300,300,300,300,161,205,251,64,68,76,41,45,53
baseline,-1,228,4,0.372139,0.199057,0.00622857,0.964079,1784.08,1.12473,5.94318,0.312602,0.00493703,0.0242471,0.0098681,0.0465266,1.57012,1.8191,0.786001,0.184766,0,0,0,130,1,0.251449,1.20918,0.988425,0.0427026,0,1647.74,0.00103294,0.013713,0.021483,0.00186171,0.05,300,300,300,300,300,300,126,130,300,113,117,125,66,70,78
baseline,-1,229,7,0.403615,0.0548317,-0.460014,1.00093,1586.85,0.281745,5.28856,0.09514,0.00449851,0.0236181,0.00290802,0.0412329,0.969939,2.08763,0.8504,0.313416,0,0,32,257,1,0.103794,0.448231,0.885911,0.312024,0,1556.79,0.00103294,0.013713,0.021483,0.00186171,0.05,300,300,300,300,300,300,102,257,265,86,90,98,86,90,98
baseline,-1,230,0,0.181151,0.195115,-0.366314,0.948752,1985.32,0.357517,6.61654,0.177942,0.00974868,0.0127835,0.00981303,0.030098,0.462299,0.551645,1.06082,0.250772,0,0,20,142,1,0.122102,0.654626,0.919125,0.20261,0,1853.09,0.00103294,0.013713,0.021483,0.00186171,0.05,300,300,300,300,300,300,109,142,225,90,94,102,70,74,82
baseline,-1,231,7,0.530775,0.147854,-0.239435,1.09642,2004.63,0.380933,6.68085,0.20442,0.00435323,0.0244767,0.00681791,0.0269688,0.290834,0.339916,1.0678,0.478027,0,0,23,225,1,0.087384,0.276578,1.08502,0.49329,0,1941.32,0.00103294,0.013713,0.021483,0.00186171,0.05,300,300,300,300,300,300,146,225,233,93,104,124,65,69,77
baseline,-1,232,5,0.395404,0.147821,-0.099721,0.984856,1605.03,2.04824,5.34328,0.382605,0.00840034,0.0140153,0.0058264,0.0315643,1.26497,1.73346,1.01443,0.0334953,0,0,-1,120,1,0.253472,0.688683,0.787772,0.178565,0,1453.49,0.00103294,0.013713,0.021483,0.00186171,0.05,300,300,300,300,300,300,88,120,300,82,86,94,50,54,62
baseline,-1,233,6,0.334208,0.0532892,0.0517539,0.963033,2604.9,2.49796,8.67466,0.490533,0.00335494,0.0101774,0.00330764,0.0173283,0.4076,0.177852,1.127,0.229646,1,1,1,104,1,0.0817445,0.369145,1.31323,0.373115,1,2494.87,0.00103294,0.013713,0.021483,0.00186171,0.05,300,300,300,300,300,300,100,104,156,77,81,108,63,67,88
baseline,-1,234,7,0.532847,0.0165956,0.15255,0.926007,1968.28,0.196409,6.56029,0.162152,0.0053658,0.0248463,0.00632533,0.0250175,0.0420289,0.190557,0.483778,0.266919,0,0,21,183,1,0.546221,0.0610038,0.865232,0.327829,0,1897.98,0.00103294,0.013713,0.021483,0.00186171,0.05,300,300,300,300,300,300,143,183,191,120,124,142,120,124,142
baseline,-1,235,2,0.335429,0.158757,0.294397,0.927181,2296.31,2.8592,7.64483,0.483143,0.00974831,0.00524465,0.00297254,0.0548869,1.24428,1.34241,1.27602,0.450513,0,0,10,170,1,0.0740693,0.112117,1.16399,0.358185,0,2196.88,0.00103294,0.013713,0.021483,0.00186171,0.05,300,300,300,300,300,300,166,170,178,84,88,96,63,67,75
baseline,-1,236,0,0.330068,0.111171,-0.127836,1.00265,1022.19,0.0120904,3.40726,0.0803831,0.00639509,0.0388126,0.00864751,0.0223441,0.311181,0.345722,1.20015,0.358772,0,0,13,96,1,0.10441,0.071786,0.679109,0.181561,0,934.098,0.00103294,0.013713,0.021483,0.00186171,0.05,300,300,300,300,300,300,92,96,104,76,80,88,50,54,62
baseline,-1,237,1,0.321865,0.0178815,-0.0820857,1.05529,3079.71,1.05326,10.2622,0.359364,0.0123632,0.0136042,0.00505287,0.0177711,0.49298,0.456708,1.14181,0.279601,1,1,3,300,0,0.359364,0.49298,1.14181,0.279601,1,3078.65,0.00103294,0.013713,0.021483,0.00186171,0.05,300,300,300,300,300,300,133,300,300,98,102,110,88,92,100
baseline,-1,238,3,0.450822,0.00175622,0.179298,1.07767,1458.08,1.31882,4.85587,0.351075,0.00184054,0.027539,0.00703107,0.0376193,0.246703,0.152926,0.623099,0.634763,0,0,-1,90,1,0.0890891,1.02465,0.751839,0.139973,0,1216.66,0.00103294,0.013713,0.021483,0.00186171,0.05,300,300,300,300,300,300,86,90,174,70,74,82,46,50,58
baseline,-1,239,3,0.389855,0.160543,0.274721,1.07469,1358.18,0.92812,4.52417,0.243071,0.00494435,0.033535,0.00323512,0.0360808,1.27557,1.38129,1.21245,0.185956,0,0,-1,178,1,0.0581331,0.23127,1.34532,0.225998,0,1254.37,0.00103294,0.013713,0.021483,0.00186171,0.05,300,300,300,300,300,300,106,178,300,97,101,109,63,67,75
baseline,-1,240,4,0.266968,0.0897546,0.466402,0.903516,1194.17,0.624102,3.97849,0.279862,0.00464663,0.0208138,0.00474582,0.0304633,0.423929,0.279332,1.00904,0.23441,1,1,82,143,1,0.0765897,0.446995,0.931151,0.0957364,1,1042.47,0.00103294,0.013713,0.021483,0.00186171,0.05,300,300,300,300,300,300,110,143,300,77,81,89,47,51,59
baseline,-1,241,0,0.248837,0.0628426,0.0981762,1.0273,1574.07,0.679259,5.24463,0.329861,0.0286194,0.0239923,0.00221041,0.0204455,0.61969,0.449261,0.910593,0.366493,0,0,2,192,1,0.292063,1.12914,0.812984,0.243707,0,1464.66,0.00103294,0.013713,0.021483,0.00186171,0.05,300,300,300,300,300,300,112,192,300,72,81,89,51,55,63
baseline,-1,242,5,0.304573,0.0848261,-0.164202,1.02574,1898.05,0.581035,6.32489,0.232662,0.00854203,0.0201309,0.00422665,0.0284928,1.04216,1.20819,0.943757,0.137571,0,0,7,104,1,0.0160455,0.420349,1.02338,0.159499,0,1736.68,0.00103294,0.013713,0.021483,0.00186171,0.05,300,300,300,300,300,300,100,104,300,73,77,102,49,53,61
baseline,-1,243,4,0.452787,0.117344,0.014937,1.03906,1879.16,0.310225,6.26285,0.17195,0.0138885,0.0206901,0.0108648,0.0158706,0.764582,0.829681,0.755916,0.400814,0,0,223,188,1,0.032227,0.558244,0.452938,0.571865,0,1781.97,0.00103294,0.013713,0.021483,0.00186171,0.05,300,300,300,300,300,300,139,188,300,97,101,109,61,65,73
baseline,-1,244,4,0.314879,0.0996038,0.138993,1.06363,1917.56,1.23753,6.38774,0.327792,0.00543986,0.0210593,0.00519838,0.0173271,1.17056,1.14716,0.757979,0.471676,0,0,4,87,1,0.0327507,0.0512723,0.0883696,0.0378532,0,1728.01,0.00103294,0.013713,0.021483,0.00186171,0.05,300,300,300,300,300,300,83,87,95,66,70,78,57,61,69
baseline,-1,245,0,0.263911,0.108766,-0.281517,1.00611,1262.11,0.0329571,4.20694,0.137916,0.0110799,0.0292836,0.0058142,0.0133976,0.34105,0.347667,0.775298,0.504887,0,0,25,221,1,0.0657924,0.288697,0.638052,0.556548,0,1195.6,0.00103294,0.013713,0.021483,0.00186171,0.05,300,300,300,300,300,300,147,221,300,67,71,79,48,52,79
baseline,-1,246,6,0.496762,0.0136613,0.373571,0.939121,1906.3,0.859945,6.35146,0.286389,0.0064822,0.0124286,0.00420419,0.00932772,0.957164,0.877939,0.504242,0.197218,0,0,17,91,1,0.160069,0.0261729,0.0627554,0.0396777,0,1752.94,0.00103294,0.013713,0.021483,0.00186171,0.05,300,300,300,300,300,300,87,91,99,68,72,80,57,61,69
baseline,-1,247,4,0.229843,0.0132997,0.194075,1.05208,1630.79,0.617715,5.43392,0.220008,0.0143437,0.0149273,0.00293215,0.0156467,1.25328,1.5263,0.847912,0.210688,0,0,2,160,1,0.367215,0.947307,1.00049,0.334053,0,1499.93,0.00103294,0.013713,0.021483,0.00186171,0.05,300,300,300,300,300,300,125,160,224,57,61,83,45,49,57
baseline,-1,248,5,0.35938,0.046694,-0.461951,0.936598,1600.75,1.80432,5.32981,0.514728,0.0113204,0.0096367,0.00615505,0.0199426,0.981066,0.915025,0.681232,0.135653,0,0,1,106,1,0.159917,0.0858672,0.258394,0.137415,0,1498.18,0.00103294,0.013713,0.021483,0.00186171,0.05,300,300,300,300,300,300,102,106,114,77,81,89,62,66,74
baseline,-1,249,3,0.432344,0.0111603,0.365506,0.967456,1631.08,0.973433,5.43367,0.361908,0.00933207,0.0225406,0.00279734,0.0108114,0.624212,0.605266,0.776779,0.408467,0,0,3,136,1,0.2853,1.07375,0.605353,0.541119,0,1499.72,0.00103294,0.013713,0.021483,0.00186171,0.05,300,300,300,300,300,300,132,136,300,98,102,110,71,75,102
baseline,-1,250,6,0.519729,0.0134245,-0.456609,1.09444,2151.59,0.176134,7.17137,0.127717,0.00560329,0.00956856,0.00871598,0.020574,0.838007,1.03968,0.557764,0.106141,0,3.43003e-35,0,91,1,0.142323,0.0418927,0.237051,0.00668849,0,2018.74,0.00103294,0.013713,0.021483,0.00186171,0.05,300,300,300,300,300,300,87,91,99,69,73,81,60,64,72
baseline,-1,251,1,0.445883,0.116138,-0.104717,1.01473,2666.55,0.650187,8.88634,0.307715,0.00530588,0.0306851,0.00628536,0.0407062,0.615297,0.485624,0.828857,0.377985,1,1,2,136,1,0.689788,0.306147,1.08175,0.539277,1,2559.58,0.00103294,0.013713,0.021483,0.00186171,0.05,300,300,300,300,300,300,132,136,144,128,132,140,97,101,137
baseline,-1,252,5,0.455766,0.128923,0.459528,0.986454,1510.07,0.800055,5.0309,0.285347,0.0247958,0.015863,0.00397002,0.0338082,0.961302,0.957376,0.635712,0.407632,0,0,-1,233,1,0.0663881,0.49397,0.936615,0.412043,0,1436.49,0.00103294,0.013713,0.021483,0.00186171,0.05,300,300,300,300,300,300,101,233,300,64,73,81,58,62,70
baseline,-1,253,0,0.531159,0.0152635,-0.320426,0.955938,1428.94,1.46363,4.75827,0.457002,0.00332351,0.0183853,0.0088389,0.0202904,0.866154,0.83622,0.682788,0.205838,0,0,18,85,1,0.0710536,0.0404541,0.0769223,0.00857484,1,1240.15,0.00103294,0.013713,0.021483,0.00186171,0.05,300,300,300,300,300,300,81,85,93,56,60,68,47,51,59
baseline,-1,254,2,0.395605,0.0678764,0.30129,0.949866,3014.31,0.726902,10.0453,0.309047,0.0119148,0.0159134,0.00228157,0.0199828,0.62263,0.504941,0.721427,0.652204,0,0,-1,146,1,0.108331,0.458849,1.08419,0.495077,0,2873.03,0.00103294,0.013713,0.021483,0.00186171,0.05,300,300,300,300,300,300,136,146,154,85,89,97,63,67,75
baseline,-1,255,0,0.195428,0.0053344,-0.4513,1.06173,2205.5,3.45548,7.34014,0.562166,0.00348343,0.0159989,0.00535691,0.0305344,1.17317,1.11827,0.994618,0.31072,0,0,27,87,1,0.122568,0.0109144,0.483375,0.277013,0,2038.52,0.00103294,0.013713,0.021483,0.00186171,0.05,300,300,300,300,300,300,83,87,95,49,53,61,39,43,51
baseline,-1,256,2,0.362116,0.0635214,-0.414993,0.936322,1900.63,1.02055,6.33203,0.295682,0.00493609,0.0151606,0.00511003,0.015951,0.720621,1.15223,0.644047,0.171069,0,0,0,203,1,0.0148028,0.262788,0.622374,0.067456,0,1826.26,0.00103294,0.013713,0.021483,0.00186171,0.05,300,300,300,300,300,300,115,203,247,107,111,119,65,69,77
baseline,-1,257,1,0.401548,0.106963,-0.0628724,0.959917,2261.74,0.0433092,7.53901,0.104451,0.00367801,0.0456516,0.00367191,0.0235944,0.56708,0.869277,1.18973,0.233803,1,1,6,108,1,0.0773129,0.484498,1.0307,0.298904,0,2077.82,0.00103294,0.013713,0.021483,0.00186171,0.05,300,300,300,300,300,300,104,108,250,100,104,112,98,102,110
baseline,-1,258,5,0.479024,0.147195,0.0457387,1.04002,2100.71,0.715584,6.99997,0.307557,0.00817373,0.0110318,0.00408494,0.00790188,0.452122,0.322839,1.35948,0.18811,0,0,5,144,1,0.407265,1.45542,0.808265,0.244094,0,1949.75,0.00103294,0.013713,0.021483,0.00186171,0.05,300,300,300,300,300,300,140,144,241,120,138,146,61,65,73
baseline,-1,259,0,0.304544,0.0423106,0.242233,1.06864,1746.69,3.08127,5.81202,0.546741,0.00411404,0.0182724,0.00406058,0.0341914,1.32671,1.62397,1.07538,0.198531,0,0,8,140,1,0.490277,1.55997,0.496126,0.118255,1,1590.72,0.00103294,0.013713,0.021483,0.00186171,0.05,300,300,300,300,300,300,126,140,286,93,124,132,79,83,91
baseline,-1,260,6,0.437928,0.196073,0.275792,0.937034,2240.86,0.523575,7.46777,0.182224,0.00863456,0.0238127,0.00291673,0.0260012,1.19219,1.01536,0.683579,0.343244,0,0,1,149,1,0.0819122,0.408441,1.06012,0.206176,0,2090.18,0.00103294,0.013713,0.021483,0.00186171,0.05,300,300,300,300,300,300,115,149,300,77,81,89,60,64,72
baseline,-1,261,3,0.378486,0.0852083,-0.0255313,1.01488,1985.26,0.0713047,6.61731,0.101419,0.00617508,0.0159044,0.00338057,0.0191434,0.536373,0.727356,0.875184,0.384936,0,0,0,121,1,0.375343,1.52625,1.10821,0.274037,0,1845.26,0.00103294,0.013713,0.021483,0.00186171,0.05,300,300,300,300,300,300,109,121,267,87,103,111,87,91,108
baseline,-1,262,2,0.462172,0.173058,0.423891,0.907924,1822.13,1.01097,6.07041,0.280388,0.00878283,0.00609053,0.0027591,0.0253272,1.21055,1.28568,1.07965,0.41506,0,0,-1,177,1,0.126331,0.498794,1.299,0.432217,0,1722.33,0.00103294,0.013713,0.021483,0.00186171,0.05,300,300,300,300,300,300,101,177,223,93,97,105,82,86,94
baseline,-1,263,3,0.476636,0.162298,-0.354084,1.0525,1315.05,0.0735214,4.38326,0.0937939,0.00564421,0.0339596,0.00251168,0.0231376,0.322026,0.476002,1.45342,0.447927,0,0,30,143,1,0.155328,1.04095,1.3875,0.285136,0,1177.35,0.00103294,0.013713,0.021483,0.00186171,0.05,300,300,300,300,300,300,96,143,184,59,63,71,37,41,49
baseline,-1,264,3,0.211521,0.166337,-0.203399,0.951073,2399.48,1.77546,7.99233,0.433236,0.00444822,0.0158409,0.00752979,0.0186028,0.969317,0.804913,1.21924,0.23804,0,0,0,157,1,0.104757,0.29364,1.04677,0.212566,0,2283.46,0.00103294,0.013713,0.021483,0.00186171,0.05,300,300,300,300,300,300,148,157,211,87,91,99,75,79,87
baseline,-1,265,6,0.202513,0.0638959,0.416599,0.933243,1161.75,0.0222418,3.87244,0.0552504,0.00666115,0.015486,0.00474604,0.0279067,0.203893,0.303905,0.808349,0.0906499,0,0,-1,147,1,0.283507,1.4767,0.719693,0.277979,0,1029.44,0.00103294,0.013713,0.021483,0.00186171,0.05,300,300,300,300,300,300,114,147,300,103,107,115,83,87,95
baseline,-1,266,3,0.411799,0.192276,0.216276,1.0921,1864.07,1.12461,6.20981,0.273817,0.014141,0.0136773,0.00553087,0.0307244,1.1935,1.85084,0.620911,0.105831,0,0,27,292,1,0.017475,0.206968,0.635478,0.101776,0,1856.77,0.00103294,0.013713,0.021483,0.00186171,0.05,300,300,300,300,300,300,135,292,300,83,87,95,53,82,90
baseline,-1,267,4,0.399913,0.187732,-0.330349,0.929547,1931.32,1.41628,6.43301,0.351597,0.00449875,0.0231906,0.000936933,0.0300395,1.42806,1.58443,0.85007,0.313959,1,1,2,90,1,0.290835,0.0154375,0.445999,0.380128,1,1808.02,0.00103294,0.013713,0.021483,0.00186171,0.05,300,300,300,300,300,300,86,90,98,84,88,96,81,85,93
baseline,-1,268,6,0.550999,0.195421,0.283359,0.918454,1101.15,0.656442,3.66832,0.270176,0.00737136,0.0239618,0.0072294,0.0279008,0.858998,0.916031,1.0512,0.428662,0,0,-1,204,1,0.137654,0.319429,0.964044,0.402373,0,1029.21,0.00103294,0.013713,0.021483,0.00186171,0.05,300,300,300,300,300,300,191,204,300,120,124,132,120,124,132
baseline,-1,269,5,0.492692,0.159294,-0.133424,1.0333,1053.11,0.172718,3.50979,0.119929,0.00304731,0.010213,0.00237652,0.0289076,0.896499,0.959357,1.00531,0.0853284,0,0,-1,105,1,0.0586875,0.128952,0.792738,0.460433,0,911.863,0.00103294,0.013713,0.021483,0.00186171,0.05,300,300,300,300,300,300,93,105,113,79,83,91,78,82,90
baseline,-1,270,4,0.354387,0.11877,0.45736,0.963042,1165.99,0.354781,3.88544,0.208788,0.0153164,0.0124832,0.00368203,0.0253367,0.558686,0.595913,0.79432,0.160654,0,0,-1,198,1,0.0186335,0.391961,1.13129,0.0511162,0,1080.6,0.00103294,0.013713,0.021483,0.00186171,0.05,300,300,300,300,300,300,189,198,300,109,113,121,77,86,94
baseline,-1,271,3,0.0534262,0.085277,-0.186108,1.08413,1748.11,0.0934014,5.82672,0.111699,0.00477411,0.00500318,0.00461409,0.0282596,0.493234,0.684414,0.984278,0.325312,0,0,29,126,1,0.271822,1.06719,0.865269,0.458117,0,1595.16,0.00103294,0.013713,0.021483,0.00186171,0.05,300,300,300,300,300,300,122,126,300,83,87,95,63,67,75
baseline,-1,272,3,0.435916,0.0145644,0.357593,1.01026,2029.52,0.00194852,6.76505,0.0171653,0.00216873,0.0292753,0.00513069,0.0272916,0.125991,0.245324,0.438383,0.0782267,0,0,36,92,1,0.052682,0.0562645,0.0575226,0.0439391,1,1954.28,0.00103294,0.013713,0.021483,0.00186171,0.05,300,300,300,300,300,300,88,92,100,69,73,81,51,55,63
baseline,-1,273,7,0.438393,0.0388724,0.262398,1.01123,1915.68,0.0361293,6.38547,0.0898237,0.0134184,0.0183733,0.00392985,0.0155683,0.277364,0.464244,1.12179,0.373804,0,0,-1,151,1,0.0474894,0.356752,0.996229,0.35733,0,1798.5,0.00103294,0.013713,0.021483,0.00186171,0.05,300,300,300,300,300,300,147,151,300,66,70,78,46,50,58
baseline,-1,274,5,0.500207,0.175546,-0.255935,0.973981,1416.5,0.018001,4.7216,0.0327317,0.0142486,0.0186844,0.00825485,0.0145729,0.520349,1.05998,1.19635,0.36613,0,0,-1,223,1,0.100232,0.627328,1.1528,0.337574,0,1356.7,0.00103294,0.013713,0.021483,0.00186171,0.05,300,300,300,300,300,300,122,223,300,93,97,105,49,53,61
baseline,-1,275,0,0.436104,0.125243,0.13076,0.996454,2489.16,0.220887,8.29645,0.111801,0.0107447,0.0160097,0.00751669,0.0191983,0.883908,1.48002,1.32568,0.273274,0,0,0,167,1,0.102906,0.3619,1.34034,0.0597712,0,2386.35,0.00103294,0.013713,0.021483,0.00186171,0.05,300,300,300,300,300,300,163,167,300,76,80,88,52,56,64
baseline,-1,276,1,0.355877,0.081511,0.283838,1.07678,2287.33,0.774441,7.62184,0.238694,0.00468367,0.0202433,0.00956998,0.0268031,0.978778,1.2917,1.19207,0.294917,1,1,17,102,1,0.0500978,0.0351842,0.396415,0.0754152,1,2165.67,0.00103294,0.013713,0.021483,0.00186171,0.05,300,300,300,300,300,300,98,102,110,78,82,90,55,59,67
baseline,-1,277,7,0.349926,0.0967251,-0.182095,1.03274,2091.23,0.0116004,6.97073,0.0328148,0.00781117,0.0121773,0.00457758,0.0360776,0.127803,0.339763,0.819839,0.464063,0,0,-1,131,1,0.0298424,0.247834,1.06128,0.400106,0,1952.02,0.00103294,0.013713,0.021483,0.00186171,0.05,300,300,300,300,300,300,127,131,259,60,75,83,51,55,63
baseline,-1,278,1,0.53308,0.151457,-0.0105664,1.03216,2821.37,2.59764,9.39592,0.514226,0.00398274,0.0056538,0.00985069,0.0297613,0.970856,0.809766,0.636399,0.443897,1,1,0,117,1,0.0930242,0.409387,0.467782,0.415464,1,2664.76,0.00103294,0.013713,0.021483,0.00186171,0.05,300,300,300,300,300,300,113,117,207,77,81,89,40,44,52
baseline,-1,279,6,0.426132,0.148291,0.235948,1.01288,1307.42,4.42131,4.34334,0.684352,0.115346,0.0118712,0.0049656,0.0250747,0.642862,0.362661,0.820291,0.599456,0,0,28,118,1,0.488925,0.412869,0.840693,0.541217,0,1214.32,0.00103294,0.013713,0.021483,0.00186171,0.05,300,300,300,300,300,300,114,118,126,71,75,83,71,75,83
baseline,-1,280,7,0.299946,0.152675,0.483055,1.01154,1162.6,0.407742,3.87397,0.190909,0.0319267,0.00904637,0.00510832,0.0283478,0.673298,1.27385,0.600012,0.259928,0,0,-1,116,1,0.170892,0.0585766,0.488469,0.274739,0,1146.6,0.00103294,0.013713,0.021483,0.00186171,0.05,300,300,300,300,300,300,112,116,124,83,87,95,54,74,82
baseline,-1,281,1,0.572325,0.0437863,-0.127511,1.08677,1760.85,1.61624,5.86412,0.38269,0.0149624,0.0318731,0.00613174,0.0308017,0.765486,0.60981,0.644166,0.409061,1,1,0,86,1,0.175322,0.0284237,0.123679,0.016595,1,1629.52,0.00103294,0.013713,0.021483,0.00186171,0.05,300,300,300,300,300,300,82,86,94,63,67,75,55,59,67
baseline,-1,282,7,0.268432,0.0194303,-0.448892,0.987931,1097.11,0.188463,3.6564,0.107443,0.00581307,0.018069,0.00717022,0.0105304,0.634062,0.935895,0.772234,0.120227,0,0,100,167,1,0.0893141,0.442446,0.706667,0.188737,0,989.369,0.00103294,0.013713,0.021483,0.00186171,0.05,300,300,300,300,300,300,123,167,300,80,84,92,64,68,76
baseline,-1,283,5,0.184489,0.164452,0.102561,1.00371,1450.57,3.47826,4.82362,0.590421,0.0130868,0.0131548,0.006325,0.0106267,1.0074,0.665063,1.07641,0.376477,0,0,-1,159,1,0.0446764,0.616372,0.921629,0.16006,0,1330.2,0.00103294,0.013713,0.021483,0.00186171,0.05,300,300,300,300,300,300,127,159,300,86,90,98,59,63,71
baseline,-1,284,1,0.487219,0.038913,0.347239,0.941858,2145.52,0.227628,7.15098,0.204004,0.0121554,0.022722,0.00842717,0.034062,0.515066,0.481059,0.919372,0.0989274,1,1,7,114,1,0.0314013,0.0420015,0.317291,0.0745049,1,2002.33,0.00103294,0.013713,0.021483,0.00186171,0.05,300,300,300,300,300,300,110,114,122,87,91,99,68,72,80
baseline,-1,285,2,0.477227,0.138295,0.199091,0.946541,2277.16,0.885556,7.58757,0.343124,0.00888973,0.0200712,0.0030951,0.0170848,0.527347,0.460668,1.15879,0.330216,0,0,0,233,1,0.0580809,0.224057,0.608479,0.456083,0,2218.77,0.00103294,0.013713,0.021483,0.00186171,0.05,300,300,300,300,300,300,126,233,241,73,77,85,58,62,70
baseline,-1,286,7,0.227774,0.0373785,-0.406291,0.907295,1604.16,0.927075,5.34411,0.39815,0.00684471,0.0385105,0.011803,0.0267834,0.460891,0.342017,1.11984,0.420351,0,0,27,86,1,0.191048,0.124612,0.118627,0.0995792,1,1471.95,0.00103294,0.013713,0.021483,0.00186171,0.05,300,300,300,300,300,300,82,86,94,60,64,72,50,54,62
baseline,-1,287,1,0.401076,0.166059,0.425251,0.956758,2125.83,0.0424605,7.08597,0.0183427,0.0049946,0.0095503,0.00663384,0.0399012,0.506963,1.30868,0.916756,0.353374,1,1,18,174,1,0.101977,0.325719,0.843321,0.275975,1,2033.41,0.00103294,0.013713,0.021483,0.00186171,0.05,300,300,300,300,300,300,163,174,182,82,86,94,49,53,61
baseline,-1,288,5,0.46492,0.174336,-0.426207,0.95184,2148.75,0.410181,7.16112,0.217119,0.0107227,0.0434606,0.00229502,0.0369984,1.40355,1.23634,1.0147,0.296003,0,0,28,163,1,0.298129,0.559803,1.38067,0.231094,0,2037.58,0.00103294,0.013713,0.021483,0.00186171,0.05,300,300,300,300,300,300,159,163,215,145,149,157,118,122,153
baseline,-1,289,6,0.123095,0.160581,0.468955,1.02931,1699.63,0.214655,5.6647,0.0961551,0.00655663,0.0296266,0.0103688,0.0121361,0.863098,1.27554,0.816617,0.451978,0,7.64897e-17,15,264,1,0.0865541,0.164948,0.936673,0.412147,0,1676.98,0.00103294,0.013713,0.021483,0.00186171,0.05,300,300,300,300,300,300,112,264,272,80,84,92,59,63,88
baseline,-1,290,1,0.181357,0.120345,-0.238569,0.916802,1409.32,0.628077,4.69564,0.185577,0.00295364,0.0200791,0.012101,0.0318609,1.09532,1.41121,0.903803,0.372808,1,1,1,138,1,0.247563,0.557328,0.789568,0.361666,1,1284.18,0.00103294,0.013713,0.021483,0.00186171,0.05,300,300,300,300,300,300,103,138,300,94,98,106,45,49,57
baseline,-1,291,2,0.455643,0.164817,0.0511178,0.93873,2267.45,2.16913,7.55095,0.498694,0.00718935,0.0202292,0.00562327,0.0189725,0.837995,0.618919,0.89702,0.355832,0,0,-1,163,1,0.0640632,0.395327,0.765363,0.186575,0,2147.95,0.00103294,0.013713,0.021483,0.00186171,0.05,300,300,300,300,300,300,100,163,300,63,67,75,45,49,57
baseline,-1,292,1,0.147897,0.0721167,-0.0114566,1.0772,1161.24,1.42434,3.86605,0.386995,0.0245727,0.0135715,0.00323038,0.0168612,0.737179,0.47931,1.1736,0.257618,1,1,14,234,1,0.242077,1.61488,1.14981,0.328268,1,1098.97,0.00103294,0.013713,0.021483,0.00186171,0.05,300,300,300,300,300,300,176,234,300,76,80,88,59,63,71
baseline,-1,293,7,0.343813,0.00211082,0.304754,1.07182,2594.7,3.82131,8.63626,0.712661,0.00436332,0.0231324,0.00370498,0.0158884,0.795579,0.40855,0.894528,0.0961619,0,0,-1,114,1,0.0850937,0.506565,0.825346,0.0704062,0,2430.31,0.00103294,0.013713,0.021483,0.00186171,0.05,300,300,300,300,300,300,110,114,199,97,101,109,78,82,90
baseline,-1,294,1,0.436257,0.196681,0.158521,1.0084,2505.37,0.0293084,8.35113,0.0503031,0.0166821,0.0189053,0.00897767,0.0167285,0.350032,0.627622,1.31012,0.452786,1,1,65,184,1,0.274399,0.30029,1.33866,0.297332,1,2395.78,0.00103294,0.013713,0.021483,0.00186171,0.05,300,300,300,300,300,300,174,184,300,99,103,111,82,86,94
baseline,-1,295,6,0.502346,0.0633524,-0.317046,1.0635,2033.32,0.23297,6.77697,0.144699,0.0109651,0.0203486,0.00609708,0.00498563,0.950692,1.14143,0.929525,0.201624,1,1,1,177,1,0.0354847,0.118258,0.747657,0.30288,0,1924.97,0.00103294,0.013713,0.021483,0.00186171,0.05,300,300,300,300,300,300,128,177,185,80,84,92,52,56,64
baseline,-1,296,3,0.101578,0.101005,0.122489,0.948285,2286.01,8.82237,7.59061,0.941447,0.0835896,0.0208194,0.00284554,0.0280496,0.8625,0.1137,0.519706,0.851368,0,0,-1,86,1,1.8246,1.44617,0.545196,0.879492,0,1957.89,0.00103294,0.013713,0.021483,0.00186171,0.05,300,300,300,300,300,300,82,86,94,58,62,70,55,59,67
baseline,-1,297,5,0.246398,0.0419824,-0.265265,1.06381,1268.48,0.285008,4.22731,0.134685,0.0122232,0.00753644,0.00540362,0.0226023,0.826555,1.5998,0.91688,0.408776,0,0,5,199,1,0.103449,0.378116,1.0161,0.462254,0,1188.31,0.00103294,0.013713,0.021483,0.00186171,0.05,300,300,300,300,300,300,111,199,296,79,83,91,48,52,82
baseline,-1,298,2,0.415613,0.128932,-0.25884,0.915773,1952.57,0.850005,6.50574,0.29964,0.00603311,0.0236458,0.00270865,0.0159051,1.63189,1.58737,0.763781,0.15083,0,0,32,157,1,0.553265,1.92915,0.9296,0.140333,0,1836.79,0.00103294,0.013713,0.021483,0.00186171,0.05,300,300,300,300,300,300,130,157,266,79,83,91,77,81,89
baseline,-1,299,3,0.395114,0.0887869,-0.356972,0.935671,1962.77,0.717842,6.54018,0.245138,0.0271995,0.0344584,0.00420139,0.0149365,0.954938,1.1247,1.00268,0.484509,0,0,-1,181,1,0.042228,0.375806,0.945017,0.480602,0,1858.46,0.00103294,0.013713,0.021483,0.00186171,0.05,300,300,300,300,300,300,103,181,300,77,81,89,57,61,69
baseline,-1,300,7,0.545583,0.0509667,-0.0769143,1.03829,3109.97,4.00496,10.3532,0.64894,0.00651474,0.0292728,0.0037789,0.029159,0.724588,0.565015,0.677331,0.332416,0,0,-1,150,1,0.106159,0.165386,0.612623,0.420542,0,2980.03,0.00103294,0.013713,0.021483,0.00186171,0.05,300,300,300,300,300,300,146,150,158,80,84,92,59,63,71
baseline,-1,301,7,0.326847,0.162787,0.415959,1.00955,1062.55,0.098325,3.54151,0.0814715,0.00494593,0.0368572,0.000710858,0.0265709,0.245542,0.445783,1.26478,0.225028,0,0,-1,259,1,0.0495617,0.237801,1.26591,0.229849,0,1027.15,0.00103294,0.013713,0.021483,0.00186171,0.05,300,300,300,300,300,300,168,259,300,65,69,77,53,57,65
baseline,-1,302,3,0.21052,0.100972,0.0916461,0.961658,1956.69,1.44946,6.51746,0.35899,0.00454152,0.0370654,0.00671088,0.00433309,1.21317,1.2572,1.09332,0.698552,0,0,0,174,1,0.0775439,0.305759,1.05974,0.614959,0,1859.5,0.00103294,0.013713,0.021483,0.00186171,0.05,300,300,300,300,300,300,132,174,258,69,73,110,53,57,65
baseline,-1,303,7,0.182626,0.141414,-0.181697,0.971317,1440.33,0.0403447,4.80095,0.0614135,0.00770777,0.0337949,0.00322545,0.0179677,0.815458,1.08952,1.04786,0.0774015,0,0,27,143,1,0.116154,1.07365,0.789749,0.275578,0,1286.53,0.00103294,0.013713,0.021483,0.00186171,0.05,300,300,300,300,300,300,124,143,300,107,111,128,91,95,103
baseline,-1,304,2,0.237945,0.0479714,0.411457,0.95497,1769.59,0.844799,5.89581,0.262817,0.00298526,0.0119323,0.0110212,0.0238077,1.18872,1.3734,0.770277,0.284664,0,0,23,137,1,1.32851,0.933361,0.613847,0.494238,1,1646.07,0.00103294,0.013713,0.021483,0.00186171,0.05,300,300,300,300,300,300,133,137,168,129,133,141,126,130,138
baseline,-1,305,2,0.252399,0.0172296,0.313441,0.906717,1441.01,4.01844,4.78998,0.610818,0.00398743,0.00802296,0.00490204,0.0229261,1.31289,1.07815,0.98075,0.284026,0,0,-1,105,1,0.298285,1.04313,0.674589,0.0945715,0,1286.28,0.00103294,0.013713,0.021483,0.00186171,0.05,300,300,300,300,300,300,94,105,300,59,63,71,49,53,61
baseline,-1,306,6,0.467569,0.107255,-0.481354,1.06718,2436.75,1.19047,8.11852,0.345557,0.00575931,0.0305394,0.00617066,0.0255807,1.21044,1.10762,1.10691,0.197211,0,0,-1,100,1,0.025666,0.0328546,0.0885754,0.046305,0,2276.64,0.00103294,0.013713,0.021483,0.00186171,0.05,300,300,300,300,300,300,96,100,108,70,74,82,56,60,77
baseline,-1,307,3,0.398972,0.0520685,0.411439,0.927532,1572.25,32.3294,5.13306,1.815,0.0105099,0.014609,0.0076681,0.0361864,1.26853,0.53049,0.858426,0.591816,0,0,-1,137,1,0.927196,0.4294,1.08464,0.156521,0,1183,0.00103294,0.013713,0.021483,0.00186171,0.05,300,300,300,300,300,300,133,137,145,101,105,113,49,53,61
baseline,-1,308,0,0.374931,0.183499,-0.297567,1.00433,1745.8,1.92177,5.81293,0.422311,0.00236684,0.0195301,0.00228207,0.0311276,1.23742,1.58153,0.980577,0.703184,0,0,6,202,1,0.169281,0.374658,1.0049,0.666844,0,1667.16,0.00103294,0.013713,0.021483,0.00186171,0.05,300,300,300,300,300,300,164,202,300,54,71,79,49,53,61
baseline,-1,309,6,0.259577,0.0483614,0.391565,0.96537,1939.37,0.119083,6.46417,0.0798813,0.00600804,0.0204403,0.006779,0.0202399,0.734596,1.13741,0.849846,0.365633,1,1,0,249,1,0.251591,0.910095,0.803306,0.40005,1,1902.99,0.00103294,0.013713,0.021483,0.00186171,0.05,300,300,300,300,300,300,125,249,300,81,98,106,63,67,75
baseline,-1,310,6,0.34319,0.188561,0.392175,0.955526,2363.31,0.680387,7.87542,0.246925,0.0116358,0.0152658,0.00490187,0.0350322,0.625472,0.552853,1.21483,0.486675,1,1,0,120,1,0.160541,0.557116,1.28611,0.297615,0,2219.03,0.00103294,0.013713,0.021483,0.00186171,0.05,300,300,300,300,300,300,116,120,300,77,81,89,51,55,63
baseline,-1,311,2,0.387914,0.115589,-0.290375,1.06352,2104.83,0.000926929,7.01611,0.0323064,0.00529726,0.0114744,0.00740063,0.0241949,0.148087,0.324976,1.20068,0.160619,0,0,0,124,1,0.292707,0.189032,0.533975,0.241617,0,1994.65,0.00103294,0.013713,0.021483,0.00186171,0.05,300,300,300,300,300,300,120,124,132,45,49,57,39,43,51
baseline,-1,312,7,0.559899,0.192461,0.444658,0.935214,1127.38,0.250015,3.75711,0.118908,0.0105206,0.0277794,0.00303676,0.0157879,1.62499,1.45708,1.23717,0.234603,0,0,-1,254,1,0.0829528,0.237907,1.17801,0.322722,0,1092.89,0.00103294,0.013713,0.021483,0.00186171,0.05,300,300,300,300,300,300,127,254,262,74,78,86,55,59,86
baseline,-1,313,6,0.179252,0.0296194,0.126633,1.00058,2185.01,2.1374,7.27625,0.497124,0.00640042,0.0178101,0.0043467,0.0139188,0.676696,0.670832,0.956091,0.181728,0,0,37,109,1,0.177639,0.654141,1.08146,0.31377,0,2001.89,0.00103294,0.013713,0.021483,0.00186171,0.05,300,300,300,300,300,300,105,109,300,65,69,77,52,56,64
baseline,-1,314,1,0.540821,0.156638,0.228906,1.05045,1330.37,0.0436266,4.43442,0.0853031,0.00380398,0.0073259,0.00604894,0.0312641,0.278918,0.438621,0.974508,0.368801,1,1,6,256,1,0.181099,0.355344,0.975318,0.366256,1,1292.69,0.00103294,0.013713,0.021483,0.00186171,0.05,300,300,300,300,300,300,162,256,300,107,111,119,63,67,75
baseline,-1,315,2,0.546518,0.0208903,0.1868,0.999325,1215.43,2.34079,4.04362,0.47117,0.0229896,0.0183169,0.00573748,0.0402797,1.54389,1.3238,0.658448,0.391056,0,0,11,164,1,0.110902,0.389425,0.615685,0.337946,0,1101.55,0.00103294,0.013713,0.021483,0.00186171,0.05,300,300,300,300,300,300,132,164,300,79,83,91,58,62,70
baseline,-1,316,6,0.379898,0.0990158,0.136911,0.946002,1778.26,0.0834111,5.92724,0.10411,0.0113552,0.0254594,0.00362584,0.0130472,0.401906,0.591725,1.00208,0.42812,0,0,-1,226,1,0.0288958,0.212695,0.798249,0.429337,0,1713.06,0.00103294,0.013713,0.021483,0.00186171,0.05,300,300,300,300,300,300,204,226,300,63,67,75,50,54,62
baseline,-1,317,0,0.476567,0.0097481,-0.144267,1.06707,2517.14,0.446822,8.38897,0.20991,0.0890511,0.0257696,0.00463479,0.0215631,0.0215087,0.0554897,0.0253225,0.0350218,1,1,22,110,1,0.161545,0.0139298,0.049996,0.0130776,1,2499.51,0.00103294,0.013713,0.021483,0.00186171,0.05,300,300,300,300,300,300,106,110,118,86,90,98,67,71,79
baseline,-1,318,0,0.30634,0.060388,-0.0259303,1.00354,2337.04,0.230446,7.78938,0.169539,0.00271722,0.0211301,0.00686001,0.0276779,0.410377,0.464519,0.662538,0.155342,0,0,0,128,1,0.072731,0.0107854,0.368346,0.0324079,0,2225.95,0.00103294,0.013713,0.021483,0.00186171,0.05,300,300,300,300,300,300,124,128,136,82,86,94,52,56,64
baseline,-1,319,6,0.279795,0.108873,0.45566,0.939115,1669.5,0.0493962,5.56483,0.0188384,0.00672888,0.0187445,0.00306044,0.0206324,0.492328,0.968127,1.13195,0.356849,1,1,191,300,0,0.0188384,0.492328,1.13195,0.356849,1,1669.45,0.00103294,0.013713,0.021483,0.00186171,0.05,300,300,300,300,300,300,230,300,300,93,97,105,49,53,61
baseline,-1,320,6,0.345015,0.0714431,-0.328829,0.932712,1409.05,0.0859624,4.69654,0.0779343,0.0110266,0.0196138,0.00782552,0.0183547,0.461524,0.643036,0.717719,0.267451,1,1,9,197,1,0.0439726,0.578758,0.925637,0.295335,1,1316.1,0.00103294,0.013713,0.021483,0.00186171,0.05,300,300,300,300,300,300,117,197,300,86,90,98,61,65,97
baseline,-1,321,6,0.406561,0.0892274,0.165769,1.0385,1492.9,0.958137,4.97314,0.395308,0.0349578,0.0254703,0.00300246,0.034781,1.18239,0.831146,1.3322,0.428608,0,0,-1,201,1,0.0628217,0.236769,1.28092,0.332914,0,1411.78,0.00103294,0.013713,0.021483,0.00186171,0.05,300,300,300,300,300,300,129,201,300,86,90,98,61,65,73
baseline,-1,322,1,0.523314,0.159051,-0.204874,1.00311,2922.39,2.88876,9.73166,0.50756,0.00630623,0.0226311,0.006796,0.0138468,1.7216,1.54263,0.876785,0.205361,1,1,102,165,1,0.0234273,0.181743,0.936752,0.20056,1,2807.2,0.00103294,0.013713,0.021483,0.00186171,0.05,300,300,300,300,300,300,128,165,251,111,115,123,92,110,118
baseline,-1,323,1,0.465792,0.151202,-0.385597,1.01357,1301.85,0.118858,4.33909,0.108255,0.00320448,0.0337061,0.00830594,0.0257808,0.640666,0.914172,0.680456,0.292875,1,1,204,209,1,0.42361,1.46946,0.869153,0.290247,1,1228.67,0.00103294,0.013713,0.021483,0.00186171,0.05,300,300,300,300,300,300,205,209,278,205,209,217,40,44,52
baseline,-1,324,2,0.528964,0.137695,0.214005,0.956281,1674.33,0.179882,5.5805,0.159947,0.00694502,0.00603142,0.00514485,0.0339456,0.304969,0.313975,0.815921,0.362302,0,0,-1,161,1,0.274087,1.42327,1.07133,0.405871,0,1537.57,0.00103294,0.013713,0.021483,0.00186171,0.05,300,300,300,300,300,300,151,161,300,97,101,109,62,66,106
baseline,-1,325,2,0.417285,0.0148537,0.184198,1.09749,1752.21,2.95849,5.83084,0.572263,0.0014634,0.0395089,0.00437218,0.00847957,0.755388,0.727507,0.855646,0.0477606,0,0,1,91,1,0.275719,0.0813053,0.127988,0.0503167,0,1602.54,0.00103294,0.013713,0.021483,0.00186171,0.05,300,300,300,300,300,300,87,91,99,70,74,82,52,56,64
baseline,-1,326,5,0.470452,0.0572531,-0.406424,0.986988,2167.97,6.15369,7.20605,0.784442,0.191125,0.0165736,0.00728281,0.026302,0.631718,0.424437,0.468253,0.937932,0,0.00650087,1,123,1,1.2087,1.1452,0.542059,1.30369,0,1991.07,0.00103294,0.013713,0.021483,0.00186171,0.05,300,300,300,300,300,300,119,123,131,107,111,131,65,69,77
baseline,-1,327,7,0.397174,0.166856,0.00229061,0.953952,1233.82,0.478232,4.11113,0.222618,0.00860039,0.0052136,0.00978833,0.0291781,0.68915,0.725996,1.06917,0.524594,0,0,24,139,1,0.0575677,0.145089,0.632838,0.47866,0,1108.37,0.00103294,0.013713,0.021483,0.00186171,0.05,300,300,300,300,300,300,95,139,147,59,63,71,46,50,58
baseline,-1,328,3,0.0878533,0.175238,0.45217,1.06525,1573.45,2.05155,5.238,0.486194,0.0014198,0.0114745,0.00428866,0.0369006,0.967677,0.760283,1.03166,0.565912,0,0,-1,113,1,0.0860931,0.0471929,0.771576,0.251149,0,1424.75,0.00103294,0.013713,0.021483,0.00186171,0.05,300,300,300,300,300,300,109,113,121,91,95,103,69,73,81
baseline,-1,329,4,0.32522,0.149409,0.106123,0.936815,1521.62,0.505993,5.07039,0.251935,0.0106078,0.0111789,0.00548069,0.0276047,1.01493,0.977412,0.675114,0.359549,1,1,2,171,1,0.0386864,0.560346,0.949624,0.392547,1,1404.4,0.00103294,0.013713,0.021483,0.00186171,0.05,300,300,300,300,300,300,123,171,207,85,89,97,52,56,64
baseline,-1,330,5,0.408386,0.16493,-0.272894,0.941168,1155.66,0.965182,3.849,0.361232,0.00277659,0.0145618,0.0128697,0.0296916,0.424401,0.336325,1.28852,0.470279,0,0,8,91,1,0.0598903,0.0139079,0.289572,0.103861,1,978.761,0.00103294,0.013713,0.021483,0.00186171,0.05,300,300,300,300,300,300,87,91,99,54,58,66,43,47,55
baseline,-1,331,1,0.41659,0.0486585,-0.452635,0.94547,1929.83,7.5498,6.40761,0.862064,0.00859712,0.0347542,0.0098745,0.0279095,1.71416,1.06225,1.45987,0.280379,1,1,100,164,1,0.0285176,0.401309,1.15773,0.138177,1,1808.02,0.00103294,0.013713,0.021483,0.00186171,0.05,300,300,300,300,300,300,116,164,300,98,108,116,98,108,116
baseline,-1,332,5,0.435915,0.177869,0.0302012,1.03725,2282.85,0.0088058,7.60947,0.0358981,0.00160531,0.0140432,0.00872707,0.0260435,0.0449857,0.145942,0.896446,0.408135,0,0,11,111,1,1.36076,0.93577,0.946985,0.71861,0,2163.93,0.00103294,0.013713,0.021483,0.00186171,0.05,300,300,300,300,300,300,107,111,119,103,107,115,68,72,112
baseline,-1,333,2,0.334935,0.119872,0.0673442,0.943026,1385.55,0.53076,4.61673,0.290682,0.00700211,0.0408661,0.00315717,0.0264257,0.209505,0.158426,0.8691,0.490379,0,0,-1,92,1,0.219935,0.402493,0.773507,0.531217,0,1192.26,0.00103294,0.013713,0.021483,0.00186171,0.05,300,300,300,300,300,300,88,92,221,64,68,76,46,50,58
baseline,-1,334,7,0.122317,0.0985006,0.299119,0.977415,2377.68,0.115407,7.92521,0.127336,0.00316656,0.0141381,0.00297112,0.0163655,0.21049,0.316558,1.12192,0.211108,0,0,52,122,1,0.00847338,0.330969,0.805937,0.176034,0,2217.24,0.00103294,0.013713,0.021483,0.00186171,0.05,300,300,300,300,300,300,118,122,300,107,111,119,87,108,116
baseline,-1,335,5,0.347953,0.0910938,-0.0972562,0.982774,2514.29,3.84874,8.36814,0.590124,0.00688257,0.0334455,0.00904557,0.0346142,1.77049,1.69024,0.500449,0.246746,0,0,51,128,1,0.0736578,0.301087,0.690955,0.242979,0,2381.45,0.00103294,0.013713,0.021483,0.00186171,0.05,300,300,300,300,300,300,106,128,286,86,90,98,66,70,78
baseline,-1,336,7,0.417058,0.0389487,-0.362801,0.979404,1385.33,1.5388,4.61263,0.386213,0.0067474,0.0114712,0.00733161,0.0476916,0.883966,0.706945,0.96285,0.320632,0,0,13,253,1,0.229822,1.04254,1.03341,0.331927,0,1347.71,0.00103294,0.013713,0.021483,0.00186171,0.05,300,300,300,300,300,300,96,253,300,86,90,98,51,55,63
baseline,-1,337,2,0.287771,0.153303,-0.477498,0.963653,2684.02,0.354535,8.94557,0.158671,0.00590964,0.0100837,0.00401452,0.0177755,0.627117,0.79271,1.07273,0.579612,0,0,-1,113,1,0.0924838,0.474839,0.709924,0.42181,0,2515.52,0.00103294,0.013713,0.021483,0.00186171,0.05,300,300,300,300,300,300,83,113,300,64,68,76,57,61,69
baseline,-1,338,6,0.366033,0.0777399,-0.407425,1.04473,1299.77,3.23843,4.32178,0.542507,0.0106217,0.0255489,0.00763268,0.0258357,1.30918,1.18518,0.85774,0.627121,0,6.32224e-24,124,132,1,0.146218,1.04753,0.819453,0.509954,1,1159.85,0.00103294,0.013713,0.021483,0.00186171,0.05,300,300,300,300,300,300,106,132,300,57,61,79,45,49,57
baseline,-1,339,2,0.43166,0.190676,0.300864,1.08394,1745.56,2.41067,5.81051,0.485855,0.00562747,0.0253876,0.00592323,0.0165539,1.17854,1.12447,0.893111,0.432835,0,0,2,109,1,0.192938,0.841972,0.912942,0.329549,0,1572.28,0.00103294,0.013713,0.021483,0.00186171,0.05,300,300,300,300,300,300,105,109,300,87,91,99,59,63,71
baseline,-1,340,0,0.235435,0.181938,-0.0720006,1.06296,1914.34,2.63122,6.37238,0.492387,0.00528185,0.0236006,0.00748974,0.0289868,1.09753,0.807635,1.16333,0.439997,0,0,0,104,1,0.0873719,1.02236,0.84502,0.470165,1,1728.22,0.00103294,0.013713,0.021483,0.00186171,0.05,300,300,300,300,300,300,100,104,300,95,99,107,82,86,94
baseline,-1,341,1,0.346044,0.085523,-0.0117341,1.01089,1416.48,2.15982,4.71439,0.423579,0.0163743,0.02521,0.00940958,0.012135,1.10331,1.09097,1.00353,0.124251,1,1,1,112,1,0.201827,0.155445,1.06543,0.412955,0,1311.38,0.00103294,0.013713,0.021483,0.00186171,0.05,300,300,300,300,300,300,108,112,120,88,92,100,53,57,65
baseline,-1,342,7,0.295602,0.141024,-0.22315,0.914352,1049.36,0.216224,3.49714,0.121762,0.00949993,0.0182774,0.0056509,0.0219247,0.972841,1.18247,1.32528,0.455798,0,0,1,111,1,0.108299,0.347239,1.15454,0.44221,0,896.844,0.00103294,0.013713,0.021483,0.00186171,0.05,300,300,300,300,300,300,107,111,300,62,72,80,46,50,58
baseline,-1,343,4,0.27064,0.169972,0.0572248,0.926536,1018.45,0.0454351,3.39469,0.0602958,0.00434417,0.0167562,0.00193336,0.0191449,0.767883,1.23973,0.777497,0.228915,0,0,0,220,1,0.163356,1.00684,0.878577,0.123663,0,956.508,0.00103294,0.013713,0.021483,0.00186171,0.05,300,300,300,300,300,300,203,220,300,69,73,92,51,55,63
baseline,-1,344,7,0.550105,0.0538472,0.465589,1.04671,1249.94,0.181055,4.16587,0.199682,0.0111297,0.0274571,0.0127722,0.0249164,0.243072,0.264096,0.950231,0.605444,0,0,2,158,1,0.030147,0.448185,0.565752,0.436373,0,1131.82,0.00103294,0.013713,0.021483,0.00186171,0.05,300,300,300,300,300,300,82,158,300,58,62,70,52,56,64
baseline,-1,345,0,0.404454,0.048566,0.257587,0.986202,1147.58,3.12467,3.81486,0.584865,0.00317302,0.00305927,0.00184645,0.0229213,0.530359,0.400994,1.20338,0.491668,0,0,12,183,1,0.0296233,0.0134074,0.899155,0.513298,0,1058.38,0.00103294,0.013713,0.021483,0.00186171,0.05,300,300,300,300,300,300,179,183,191,91,95,103,41,45,53
baseline,-1,346,5,0.506885,0.0104643,-0.0350229,1.07304,3447.18,41.3946,11.3526,2.03205,0.137383,0.0171063,0.0057435,0.0136501,1.54536,0.526119,0.919402,1.08739,0,0,10,119,1,0.693768,0.665152,1.0858,0.956566,1,3063.03,0.00103294,0.013713,0.021483,0.00186171,0.05,300,300,300,300,300,300,115,119,127,106,110,118,77,81,89
baseline,-1,347,7,0.35006,0.0843223,0.120123,0.918154,1467.37,1.45331,4.8864,0.397291,0.135388,0.0168194,0.0029204,0.0103187,0.324588,0.129671,0.899417,0.498716,0,0,-1,108,1,0.157347,0.12149,0.997328,0.611403,0,1387.46,0.00103294,0.013713,0.021483,0.00186171,0.05,300,300,300,300,300,300,104,108,116,96,100,108,67,71,79
baseline,-1,348,2,0.547418,0.13012,0.00534737,1.00731,2866.94,0.062727,9.55626,0.0748077,0.0176016,0.0293183,0.00988384,0.0354781,0.225332,0.368161,0.555918,0.384319,0,0,1,118,1,0.0605549,0.57166,0.372542,0.257725,0,2723.81,0.00103294,0.013713,0.021483,0.00186171,0.05,300,300,300,300,300,300,114,118,300,82,86,94,59,63,71
baseline,-1,349,0,0.110047,0.0355436,0.0558864,0.977223,1099.65,1.28781,3.66119,0.360471,0.00601106,0.0104203,0.00600099,0.0225854,0.61575,0.520449,0.930145,0.0791947,0,0,18,88,1,0.314568,0.0536723,0.99601,0.189605,0,978.186,0.00103294,0.013713,0.021483,0.00186171,0.05,300,300,300,300,300,300,84,88,96,81,85,93,78,82,90
baseline,-1,350,5,0.338617,0.0653882,-0.406621,1.05642,1291.67,0.197793,4.30489,0.108484,0.0206042,0.0143046,0.0025406,0.0216434,0.786776,1.42146,1.10486,0.360717,0,0,19,112,1,0.130802,0.802645,0.824455,0.32698,0,1137.98,0.00103294,0.013713,0.021483,0.00186171,0.05,300,300,300,300,300,300,84,112,261,56,60,68,44,48,56
baseline,-1,351,5,0.129226,0.199756,0.201507,0.923349,2267.99,1.27515,7.55572,0.269745,0.00920022,0.0362873,0.000761519,0.0238555,1.33305,2.05925,1.00822,0.0329905,0,0,4,214,1,0.0525723,0.304875,1.18561,0.0875706,0,2197.89,0.00103294,0.013713,0.021483,0.00186171,0.05,300,300,300,300,300,300,161,214,300,98,102,110,77,81,101
baseline,-1,352,1,0.1832,0.102368,-0.0627959,1.0269,1427.78,0.367473,4.75804,0.182195,0.00837784,0.0129852,0.00759621,0.0199525,0.913947,1.07389,1.16804,0.228087,1,1,142,212,1,0.166673,0.302428,1.08084,0.232355,1,1359.04,0.00103294,0.013713,0.021483,0.00186171,0.05,300,300,300,300,300,300,158,212,220,90,94,102,67,71,79
baseline,-1,353,4,0.371348,0.164725,0.0792269,0.901413,1082.24,1.19479,3.60349,0.318354,0.00531181,0.0278365,0.00480086,0.0361362,1.12792,1.0841,1.06035,0.21829,0,0,50,170,1,0.0576668,0.184129,1.13239,0.0640297,1,979.598,0.00103294,0.013713,0.021483,0.00186171,0.05,300,300,300,300,300,300,166,170,300,118,122,130,77,81,89
baseline,-1,354,5,0.318418,0.192747,-0.223969,0.963992,1747.44,0.0962856,5.82447,0.0880272,0.00414499,0.022184,0.00216101,0.0194681,0.570697,0.865003,1.00064,0.12662,0,0,5,162,1,0.635745,0.151225,1.09709,0.2337,0,1679.79,0.00103294,0.013713,0.021483,0.00186171,0.05,300,300,300,300,300,300,158,162,170,153,157,165,130,157,165
baseline,-1,355,6,0.287476,0.143926,-0.188831,1.0234,1289.67,0.020813,4.29884,0.0561195,0.0087252,0.0244207,0.00739493,0.00489658,0.219898,0.516418,1.09044,0.0842593,0,0,-1,154,1,0.0317659,0.0215959,0.322201,0.15136,0,1184.71,0.00103294,0.013713,0.021483,0.00186171,0.05,300,300,300,300,300,300,150,154,162,56,60,68,38,42,50
baseline,-1,356,1,0.505179,0.102224,-0.389365,1.07732,1871.73,3.13018,6.22865,0.543501,0.00352045,0.0325755,0.00712882,0.0275554,1.13745,0.861624,1.17675,0.125512,1,1,85,204,1,0.159056,0.59212,1.1765,0.0662511,1,1792.73,0.00103294,0.013713,0.021483,0.00186171,0.05,300,300,300,300,300,300,116,204,300,64,68,76,52,56,64
baseline,-1,357,4,0.571781,0.140425,0.0417511,1.02408,1956.98,0.119481,6.52288,0.143719,0.0087208,0.0253651,0.00669798,0.0320562,0.320919,0.523685,1.07744,0.361277,1,1,54,150,1,0.170206,0.175117,1.27637,0.265034,1,1840.73,0.00103294,0.013713,0.021483,0.00186171,0.05,300,300,300,300,300,300,112,150,158,105,109,117,71,75,83
baseline,-1,358,2,0.303081,0.0220071,0.279581,1.06682,1293.82,0.131456,4.31228,0.0873827,0.0101642,0.0173168,0.00425718,0.0364793,0.685603,0.969097,0.932086,0.412766,0,0,6,184,1,0.11951,0.49734,1.03893,0.238406,0,1194.72,0.00103294,0.013713,0.021483,0.00186171,0.05,300,300,300,300,300,300,140,184,300,82,98,106,64,68,76
baseline,-1,359,1,0.416518,0.0427807,0.182969,1.01204,1628.34,0.0854254,5.42751,0.106437,0.00998454,0.0133879,0.0061026,0.0256796,0.228896,0.291415,0.712943,0.33999,1,1,37,171,1,0.00998454,0.626149,1.21463,0.255274,1,1503.03,0.00103294,0.013713,0.021483,0.00186171,0.05,300,300,300,300,300,300,129,171,300,87,91,99,58,62,70
baseline,-1,360,6,0.244755,0.0767382,-0.204495,1.08207,1651.96,0.162178,5.50601,0.137057,0.0149319,0.0203894,0.00328005,0.0290187,0.0480728,0.10877,0.840811,0.41972,0,0,-1,181,1,0.192177,0.349666,1.30902,0.416763,0,1600.25,0.00103294,0.013713,0.021483,0.00186171,0.05,300,300,300,300,300,300,142,181,300,63,67,75,47,51,59
baseline,-1,361,0,0.401134,0.191335,-0.0548563,1.02419,1817.95,0.00490661,6.0598,0.0392755,0.0117395,0.0272001,0.00548977,0.0282789,0.147029,0.307525,1.37924,0.293468,0,0,6,221,1,0.0150706,0.197363,1.01348,0.236744,0,1751.25,0.00103294,0.013713,0.021483,0.00186171,0.05,300,300,300,300,300,300,111,221,300,90,94,102,78,82,90
baseline,-1,362,0,0.54002,0.121682,0.448494,1.09173,1352.8,3.28504,4.49837,0.504789,0.00866837,0.0180369,0.0039133,0.00794676,1.42481,1.35367,1.53967,0.566634,0,0,39,173,1,0.0349967,0.156752,1.34878,0.31199,1,1238,0.00103294,0.013713,0.021483,0.00186171,0.05,300,300,300,300,300,300,130,173,300,67,71,79,48,52,60
baseline,-1,363,6,0.394586,0.059517,-0.412949,1.01429,2369.87,0.996795,7.89625,0.321906,0.0129646,0.0114349,0.00688071,0.0152336,0.953405,0.820886,0.806752,0.348611,0,0,-1,240,1,0.281815,2.04947,1.04559,0.37878,0,2317.21,0.00103294,0.013713,0.021483,0.00186171,0.05,300,300,300,300,300,300,103,240,300,71,75,113,55,59,67
baseline,-1,364,2,0.306726,0.0973354,-0.405558,1.04145,2264.78,11.811,7.50989,1.08534,0.134703,0.0224537,0.00913081,0.0454457,0.963582,0.254643,0.713825,0.948113,0,0,12,113,1,0.602647,0.544193,0.812414,0.994927,0,2048.62,0.00103294,0.013713,0.021483,0.00186171,0.05,300,300,300,300,300,300,109,113,121,96,100,108,61,65,73
baseline,-1,365,0,0.502168,0.0784154,-0.076708,1.01259,1009.43,0.0410868,3.36462,0.0400295,0.00768476,0.0143631,0.00445131,0.0116703,0.566074,1.16949,1.08608,0.0714923,0,0,1,220,1,0.0465662,0.231925,0.993728,0.10133,0,945.369,0.00103294,0.013713,0.021483,0.00186171,0.05,300,300,300,300,300,300,142,220,300,136,140,148,85,89,97
baseline,-1,366,2,0.505398,0.083742,0.48886,0.972227,2350.22,0.0221789,7.834,0.036146,0.0124797,0.0332653,0.00601507,0.0130565,0.0294435,0.0301143,0.71797,0.222739,0,0,3,187,1,0.0589987,0.143814,1.02553,0.305591,0,2340.95,0.00103294,0.013713,0.021483,0.00186171,0.05,300,300,300,300,300,300,183,187,195,123,127,135,93,97,105
baseline,-1,367,1,0.221341,0.108071,0.372375,1.03482,1128.41,0.615943,3.7593,0.273703,0.0158333,0.040993,0.00745839,0.0143988,0.254921,0.268089,1.13538,0.507276,1,1,2,175,1,0.608431,0.942613,1.08435,0.481608,1,1012.87,0.00103294,0.013713,0.021483,0.00186171,0.05,300,300,300,300,300,300,145,175,300,102,106,114,71,75,83
baseline,-1,368,7,0.519395,0.111006,0.310006,0.988853,1297.57,1.44597,4.3204,0.412699,0.00784129,0.024349,0.00782445,0.0289816,0.857359,0.661809,0.585684,0.747527,0,0,-1,190,1,0.401882,0.966684,0.587372,0.748016,0,1189.45,0.00103294,0.013713,0.021483,0.00186171,0.05,300,300,300,300,300,300,158,190,300,88,92,100,51,55,63
baseline,-1,369,0,0.523759,0.12669,-0.35781,1.04453,1641.42,4.55739,5.45621,0.685217,0.134743,0.0361242,0.00646903,0.0126524,0.435242,0.255274,0.386674,0.424503,1,0.933897,20,300,0,0.685217,0.435242,0.386674,0.424503,1,1636.86,0.00103294,0.013713,0.021483,0.00186171,0.05,300,300,300,300,300,300,300,300,300,43,47,55,36,40,48
baseline,-1,370,5,0.421928,0.173748,0.0534937,1.08513,2724.42,0.0474953,9.08123,0.0239071,0.0110283,0.0206246,0.0021295,0.0347672,0.435908,1.64769,1.14782,0.0670199,0,0,10,249,1,0.175332,0.587993,1.05839,0.0781915,0,2688.78,0.00103294,0.013713,0.021483,0.00186171,0.05,300,300,300,300,300,300,132,249,299,83,87,118,57,61,69
baseline,-1,371,0,0.424698,0.0301945,-0.101151,0.979339,2008.06,0.494918,6.6919,0.207471,0.00660887,0.0213918,0.006568,0.0283655,0.110954,0.231144,1.2571,0.454136,0,0,0,207,1,0.0568836,0.683495,1.13032,0.483896,0,1945.66,0.00103294,0.013713,0.021483,0.00186171,0.05,300,300,300,300,300,300,98,207,298,54,58,66,38,42,50
baseline,-1,372,7,0.414886,0.0438999,0.342851,1.00871,1483.41,0.114645,4.94431,0.1109,0.00451366,0.0251568,0.00498772,0.0303819,0.261093,0.360069,0.820139,0.222195,0,0,18,180,1,0.044919,0.217725,0.685231,0.143664,0,1374.31,0.00103294,0.013713,0.021483,0.00186171,0.05,300,300,300,300,300,300,98,180,188,86,90,98,67,71,79
baseline,-1,373,0,0.566468,0.067077,-0.181517,1.06639,2316.03,2.83041,7.71066,0.569564,0.00948331,0.0147831,0.00663652,0.00899808,1.79215,1.24101,0.898014,0.346257,0,0,1,111,1,0.137628,0.0190296,0.0674777,0.0341224,1,2181.47,0.00103294,0.013713,0.021483,0.00186171,0.05,300,300,300,300,300,300,107,111,119,81,85,93,56,60,68
baseline,-1,374,5,0.495562,0.186593,-0.230633,0.906701,2042.12,1.60091,6.80171,0.360661,0.00640561,0.0164248,0.00468114,0.0303694,1.4561,1.54814,0.698892,0.164259,0,0,0,103,1,0.107128,0.0222641,0.870252,0.4772,0,1860.7,0.00103294,0.013713,0.021483,0.00186171,0.05,300,300,300,300,300,300,99,103,111,70,74,82,65,69,77
baseline,-1,375,1,0.531094,0.118337,-0.0713642,1.06725,2341.46,0.31079,7.80383,0.157555,0.00712293,0.0202857,0.00469537,0.0319438,1.12342,1.62002,0.999171,0.538697,1,1,6,134,1,0.0595024,0.290112,1.16565,0.546187,1,2197.15,0.00103294,0.013713,0.021483,0.00186171,0.05,300,300,300,300,300,300,93,134,300,63,67,75,50,54,62
baseline,-1,376,7,0.294541,0.0568933,-0.170065,0.939677,1115.02,0.421433,3.71533,0.235193,0.00865424,0.00947483,0.00578967,0.0245746,0.286403,0.234902,1.26224,0.155184,0,0,23,99,1,0.804944,0.476055,0.98001,0.12704,0,988.643,0.00103294,0.013713,0.021483,0.00186171,0.05,300,300,300,300,300,300,95,99,107,91,95,103,89,93,101
baseline,-1,377,0,0.583715,0.0989951,-0.166943,0.985131,1306.57,2.81849,4.34582,0.510004,0.0100615,0.0166857,0.00392362,0.0287546,1.27024,0.984827,0.741121,0.364598,0,0,0,97,1,0.126655,0.0148152,0.18915,0.0431857,1,1163.54,0.00103294,0.013713,0.021483,0.00186171,0.05,300,300,300,300,300,300,93,97,105,53,57,65,42,46,54
baseline,-1,378,1,0.354138,0.036537,0.301697,1.0723,2334.04,3.24796,7.7693,0.575948,0.00675669,0.0238362,0.00360405,0.0158999,0.654001,0.394086,0.506569,0.130398,1,1,10,106,1,0.0612323,0.00540573,0.182484,0.0338122,1,2189.03,0.00103294,0.013713,0.021483,0.00186171,0.05,300,300,300,300,300,300,102,106,114,82,86,94,59,63,71
baseline,-1,379,4,0.511535,0.118601,-0.302561,0.900403,1623.99,0.302536,5.41231,0.174701,0.00842735,0.0290303,0.00609752,0.0117928,0.924239,0.983845,0.669921,0.390499,0,0,0,177,1,0.015596,0.387497,0.490334,0.409937,0,1518.48,0.00103294,0.013713,0.021483,0.00186171,0.05,300,300,300,300,300,300,114,177,300,94,98,106,57,61,69
baseline,-1,380,5,0.278754,0.126127,-0.201996,1.00249,2482.35,5.73425,8.2554,0.751147,0.0551144,0.00807585,0.00529146,0.0397247,0.64489,0.360085,0.612114,0.746065,0,0,0,117,1,0.894105,0.821032,0.721405,0.74827,0,2337.3,0.00103294,0.013713,0.021483,0.00186171,0.05,300,300,300,300,300,300,113,117,125,75,79,102,65,76,84
baseline,-1,381,6,0.529637,0.0741619,0.272854,0.918284,2194.34,0.78501,7.31184,0.242054,0.00455767,0.030286,0.00534897,0.0410102,0.989877,1.20543,1.2479,0.126062,0,5.12735e-11,214,162,1,0.101954,0.323725,0.915436,0.154462,0,2085.45,0.00103294,0.013713,0.021483,0.00186171,0.05,300,300,300,300,300,300,150,162,217,112,116,124,106,110,118
baseline,-1,382,6,0.242279,0.0508121,0.367125,1.06781,1208.32,2.13674,4.02062,0.372097,0.00367674,0.0252558,0.0109288,0.011865,1.30799,1.92642,0.957634,0.395579,1,1,172,172,1,0.0449204,0.159887,0.818287,0.37763,1,1105.09,0.00103294,0.013713,0.021483,0.00186171,0.05,300,300,300,300,300,300,126,172,300,81,85,93,80,84,92
baseline,-1,383,7,0.399685,0.0811844,-0.479479,1.06461,1818.32,0.0895063,6.06076,0.113728,0.00298512,0.0194465,0.011139,0.0157774,0.589633,0.739925,1.2001,0.334796,0,0,-1,139,1,0.119205,0.294529,0.966315,0.25169,0,1675.39,0.00103294,0.013713,0.021483,0.00186171,0.05,300,300,300,300,300,300,116,139,187,61,65,73,51,55,63
baseline,-1,384,3,0.315425,0.146611,-0.488791,0.970312,2201.94,0.339869,7.33866,0.158023,0.0180141,0.0124737,0.00845064,0.034637,0.629891,0.861426,1.27542,0.441594,0,0,19,116,1,0.0934139,2.4047,1.25709,0.533776,0,2036.79,0.00103294,0.013713,0.021483,0.00186171,0.05,300,300,300,300,300,300,112,116,300,79,113,121,59,63,71
baseline,-1,385,1,0.17185,0.0968964,0.0292453,1.09959,2167.67,0.0772424,7.2253,0.0873,0.00739403,0.0146779,0.00331255,0.0273468,0.0631605,0.0775185,0.851334,0.356432,1,1,2,181,1,0.0496845,0.0984386,0.784468,0.39101,1,2101.02,0.00103294,0.013713,0.021483,0.00186171,0.05,300,300,300,300,300,300,93,181,189,76,80,88,55,59,67
baseline,-1,386,1,0.259546,0.192727,-0.146458,1.07658,1690.3,2.13569,5.62721,0.494654,0.0108134,0.0173981,0.00365109,0.0304379,0.700659,0.567839,0.903844,0.29538,1,1,65,87,1,0.839948,0.529602,0.735459,0.59028,1,1638.36,0.00103294,0.013713,0.021483,0.00186171,0.05,300,300,300,300,300,300,83,87,95,73,77,85,70,74,82
baseline,-1,387,3,0.260245,0.0567743,-0.462379,0.964794,1507.22,0.602358,5.02208,0.327147,0.00918047,0.0148226,0.00945627,0.0299521,0.292052,0.19446,1.13516,0.260737,0,0,0,141,1,0.312859,2.1882,0.827488,0.327085,0,1369.87,0.00103294,0.013713,0.021483,0.00186171,0.05,300,300,300,300,300,300,94,141,177,64,68,76,45,49,57
baseline,-1,388,4,0.36414,0.153462,0.0118699,1.06225,2056.07,2.09391,6.84659,0.442576,0.0128401,0.038202,0.00824874,0.0200955,0.88213,0.803001,0.85988,0.47838,0,0,32,300,0,0.442576,0.88213,0.85988,0.47838,0,2053.98,0.00103294,0.013713,0.021483,0.00186171,0.05,300,300,300,300,300,300,87,300,300,82,86,94,48,52,60
baseline,-1,389,4,0.479893,0.0281977,0.10513,1.08199,2331.39,1.37082,7.76672,0.335778,0.0153669,0.0247344,0.00151723,0.0181512,1.33886,1.62747,0.95301,0.188807,0,0,1,180,1,0.23276,0.0306047,0.622265,0.269315,0,2219.01,0.00103294,0.013713,0.021483,0.00186171,0.05,300,300,300,300,300,300,112,180,300,75,79,124,65,69,77
baseline,-1,390,5,0.458855,0.147624,-0.126113,1.01153,2330.44,0.0404836,7.768,0.035509,0.00746017,0.0220779,0.00940247,0.0405818,0.501105,1.23617,1.21149,0.048537,0,0,0,159,1,0.325822,0.413079,1.14664,0.169059,0,2216.42,0.00103294,0.013713,0.021483,0.00186171,0.05,300,300,300,300,300,300,155,159,293,121,125,133,69,73,81
baseline,-1,391,4,0.333444,0.163881,0.400706,1.06615,1247.92,1.22407,4.15566,0.314657,0.00811782,0.022471,0.0122233,0.0130276,1.62941,1.77875,1.17343,0.291105,1,1,23,132,1,0.24209,0.331616,1.13225,0.293193,1,1094.57,0.00103294,0.013713,0.021483,0.00186171,0.05,300,300,300,300,300,300,128,132,140,82,86,94,80,84,92
baseline,-1,392,1,0.161042,0.129432,0.13121,1.02321,2330.38,0.201126,7.76727,0.170908,0.00318933,0.00716237,0.00924868,0.0279873,0.322278,0.39551,1.12037,0.435765,1,1,26,98,1,0.0915162,0.079147,0.378976,0.279798,1,2194.12,0.00103294,0.013713,0.021483,0.00186171,0.05,300,300,300,300,300,300,94,98,106,78,82,90,70,74,82
baseline,-1,393,7,0.523187,0.1303,0.420048,0.914593,2319.54,0.239741,7.73098,0.164212,0.00543504,0.0204889,0.00496208,0.0309395,0.481945,0.624792,1.09921,0.434534,0,0,0,202,1,0.0453684,0.402436,0.921351,0.3876,0,2238.13,0.00103294,0.013713,0.021483,0.00186171,0.05,300,300,300,300,300,300,126,202,300,112,116,124,74,78,86
baseline,-1,394,6,0.613384,0.0349689,0.032353,1.04717,2281.99,3.10374,7.59629,0.538961,0.00494256,0.0274674,0.00416557,0.0358987,1.63501,1.54912,0.609313,0.49709,0,0,-1,221,1,0.417954,1.5293,0.562539,0.476076,0,2210.11,0.00103294,0.013713,0.021483,0.00186171,0.05,300,300,300,300,300,300,91,221,251,65,85,93,52,62,70
baseline,-1,395,7,0.450271,0.187496,0.119905,1.07711,1567.68,2.51848,5.21722,0.528082,0.00628361,0.00783495,0.0068468,0.0206744,0.766218,0.671206,1.40225,0.265108,0,0,-1,141,1,0.233062,0.535537,1.20786,0.234898,0,1419.35,0.00103294,0.013713,0.021483,0.00186171,0.05,300,300,300,300,300,300,107,141,239,101,105,113,99,103,111
baseline,-1,396,7,0.502121,0.0353992,0.242455,1.02197,1578.92,3.78535,5.25045,0.645372,0.00676254,0.0149498,0.00546704,0.0164497,0.701565,0.488592,0.762245,0.0891469,0,0,17,117,1,0.0260542,0.0261207,0.496386,0.154429,0,1435.8,0.00103294,0.013713,0.021483,0.00186171,0.05,300,300,300,300,300,300,113,117,125,104,108,116,66,70,78
baseline,-1,397,7,0.295268,0.195294,0.399915,0.925666,2149.53,5.29289,7.14745,0.731274,0.0116277,0.0191124,0.00690821,0.0249541,1.0762,0.841943,0.687052,0.159266,0,0,-1,136,1,0.534437,0.307098,0.665046,0.292874,0,2090.94,0.00103294,0.013713,0.021483,0.00186171,0.05,300,300,300,300,300,300,132,136,144,87,91,99,87,91,99
baseline,-1,398,3,0.368696,0.169547,-0.0506253,1.01582,2016.75,1.09571,6.71885,0.334966,0.0107022,0.0264084,0.0106539,0.0352394,0.859259,0.85639,0.796301,0.22301,0,0,6,215,1,0.249222,0.512143,0.744197,0.0959545,0,1947.9,0.00103294,0.013713,0.021483,0.00186171,0.05,300,300,300,300,300,300,160,215,300,79,83,91,63,67,75
baseline,-1,399,6,0.297299,0.0492507,-0.357841,0.917894,1870.5,2.10044,6.22799,0.444334,0.00554595,0.0264651,0.00345984,0.0137703,0.860958,0.414181,0.958905,0.191401,0,0,4,117,1,0.0676179,0.668407,0.828686,0.0987039,0,1701.55,0.00103294,0.013713,0.021483,0.00186171,0.05,300,300,300,300,300,300,113,117,300,69,73,91,58,62,91
baseline,-1,400,2,0.264941,0.137543,-0.148108,0.980325,1742.41,0.0743262,5.80778,0.11434,0.023071,0.0131718,0.00606333,0.0325604,0.448085,0.585198,1.19835,0.536462,0,0,24,126,1,0.130574,0.972097,1.14542,0.425456,0,1599.38,0.00103294,0.013713,0.021483,0.00186171,0.05,300,300,300,300,300,300,87,126,300,65,69,77,65,69,77
baseline,-1,401,3,0.296728,0.000404882,-0.425452,0.981845,1348.15,0.886523,4.49088,0.273057,0.00703979,0.0284848,0.00480156,0.0278805,1.02001,1.05451,0.737182,0.242044,0,0,15,88,1,0.36235,0.193067,0.145339,0.111377,1,1197.55,0.00103294,0.013713,0.021483,0.00186171,0.05,300,300,300,300,300,300,84,88,96,64,68,76,54,58,66
baseline,-1,402,1,0.216416,0.15754,-0.0150013,1.05799,1932.23,1.07086,6.43719,0.340074,0.00821563,0.0355066,0.00783349,0.012154,0.345348,0.21583,0.663824,0.173608,1,1,3,181,1,0.302714,0.498837,0.596292,0.351023,1,1823.24,0.00103294,0.013713,0.021483,0.00186171,0.05,300,300,300,300,300,300,127,181,300,100,104,112,93,97,105
baseline,-1,403,2,0.408868,0.0841343,-0.429833,1.03097,2336.05,0.285426,7.78587,0.164388,0.0290268,0.0142792,0.0112005,0.0113712,0.092717,0.0959019,0.229552,0.129952,0,2.03027e-18,11,161,1,0.0404523,0.02972,0.436929,0.149681,0,2331.82,0.00103294,0.013713,0.021483,0.00186171,0.05,300,300,300,300,300,300,157,161,169,52,56,64,41,45,53
baseline,-1,404,5,0.310358,0.135223,-0.168952,0.911554,2273.14,0.51589,7.5754,0.256046,0.00211796,0.0152406,0.00347547,0.0212367,0.567312,0.583564,1.16899,0.412215,0,0,20,300,0,0.256046,0.567312,1.16899,0.412215,0,2272.62,0.00103294,0.013713,0.021483,0.00186171,0.05,300,300,300,300,300,300,216,300,300,87,91,99,44,48,56
baseline,-1,405,3,0.321923,0.115944,0.388231,1.08213,1270.49,1.16523,4.23107,0.32369,0.00197355,0.0194166,0.00473933,0.0414683,0.783777,0.74581,0.762565,0.209589,0,0,-1,148,1,0.257055,0.813324,0.821539,0.117295,0,1156.53,0.00103294,0.013713,0.021483,0.00186171,0.05,300,300,300,300,300,300,124,148,282,75,79,87,61,65,73
baseline,-1,406,7,0.394616,0.022301,0.147291,0.993311,1939.77,0.44776,6.46439,0.278924,0.00350909,0.00652832,0.00371329,0.00560548,0.898693,0.732499,0.836045,0.435002,0,0,7,209,1,0.0513693,0.488684,0.996646,0.33062,0,1853.99,0.00103294,0.013713,0.021483,0.00186171,0.05,300,300,300,300,300,300,99,209,300,99,103,111,99,103,111
baseline,-1,407,5,0.365296,0.0857239,-0.378606,1.03194,1626.71,9.02743,5.39227,0.982422,0.00774444,0.020768,0.00727443,0.0168431,0.769423,0.369069,0.708073,0.48151,0,0,-1,120,1,0.43172,0.232969,0.960348,0.301593,0,1536.84,0.00103294,0.013713,0.021483,0.00186171,0.05,300,300,300,300,300,300,116,120,128,106,110,118,95,99,107
baseline,-1,408,4,0.428481,0.0425136,0.171559,0.967983,1858.37,0.0836695,6.19429,0.0994082,0.0134297,0.012632,0.00968762,0.0368288,0.731135,1.04362,1.20715,0.316407,0,0,24,180,1,0.225105,0.443433,1.24247,0.27866,0,1758.94,0.00103294,0.013713,0.021483,0.00186171,0.05,300,300,300,300,300,300,176,180,300,133,137,145,78,82,90
baseline,-1,409,4,0.447702,0.111254,0.378374,1.03541,1223.13,0.578912,4.07517,0.22512,0.00671979,0.0105887,0.00435087,0.0411345,1.19726,1.15663,0.981511,0.482515,0,0,52,257,1,0.12691,0.636103,0.936532,0.395419,0,1188.17,0.00103294,0.013713,0.021483,0.00186171,0.05,300,300,300,300,300,300,139,257,300,80,84,92,58,62,83
baseline,-1,410,6,0.492714,0.0368814,0.364446,1.04698,2776.89,7.35664,9.23179,0.863423,0.00803522,0.0156955,0.00906352,0.0109383,0.912447,0.677246,1.36191,0.610084,1,1,8,172,1,0.0920953,0.750703,1.32478,0.550898,0,2662.8,0.00103294,0.013713,0.021483,0.00186171,0.05,300,300,300,300,300,300,103,172,300,89,93,101,71,75,83
baseline,-1,411,3,0.553426,0.15929,-0.0689763,1.00341,1775,0.75573,5.91415,0.241893,0.00718386,0.0105153,0.00348305,0.0192767,0.80066,1.37734,0.830432,0.282937,0,0,17,92,1,0.158873,0.0679092,0.0530135,0.082798,1,1676.93,0.00103294,0.013713,0.021483,0.00186171,0.05,300,300,300,300,300,300,88,92,100,66,70,78,44,48,56
baseline,-1,412,6,0.28927,0.106114,0.442084,0.983668,1998.56,1.12656,6.65812,0.359065,0.0126913,0.0193276,0.00524257,0.0125621,0.402985,0.31766,0.931023,0.170511,1,1,0,123,1,0.0351207,0.303722,0.582673,0.281846,1,1851.09,0.00103294,0.013713,0.021483,0.00186171,0.05,300,300,300,300,300,300,119,123,273,112,116,124,62,66,121
baseline,-1,413,1,0.32742,0.146603,0.427108,1.07896,1602.67,1.02367,5.33882,0.364937,0.00640402,0.0420812,0.0029232,0.0281907,0.482779,0.290606,0.87079,0.490122,1,1,24,153,1,0.0358578,0.274584,0.685687,0.461603,1,1485.16,0.00103294,0.013713,0.021483,0.00186171,0.05,300,300,300,300,300,300,136,153,196,92,96,104,81,85,93
baseline,-1,414,0,0.395379,0.129531,-0.438522,1.06021,2627.36,0.00206515,8.75786,0.0245098,0.00769495,0.0309828,0.0107729,0.0192312,0.177989,0.754126,1.3162,0.235373,0,0,20,108,1,0.0590077,0.482733,1.16682,0.146534,0,2472.05,0.00103294,0.013713,0.021483,0.00186171,0.05,300,300,300,300,300,300,104,108,293,99,103,111,97,101,109
baseline,-1,415,2,0.35295,0.183632,-0.00594509,0.927575,1974.05,0.943379,6.57703,0.318988,0.0137454,0.0247142,0.00524257,0.0273123,0.785692,0.830275,0.730948,0.267376,0,0,4,110,1,0.586058,0.470094,0.610773,0.413934,0,1945.03,0.00103294,0.013713,0.021483,0.00186171,0.05,300,300,300,300,300,300,106,110,118,89,93,101,65,69,77
baseline,-1,416,3,0.365941,0.0882431,0.080357,0.928292,2021.01,1.26697,6.73247,0.343342,0.00510371,0.0138,0.00613112,0.038172,0.308735,0.105508,1.0688,0.121272,0,0,-1,138,1,0.566644,0.396589,1.0818,0.0535496,0,2001.05,0.00103294,0.013713,0.021483,0.00186171,0.05,300,300,300,300,300,300,134,138,146,121,131,139,113,117,125
baseline,-1,417,6,0.537745,0.012348,-0.273664,1.00206,2449.93,1.56351,8.16121,0.395608,0.00959745,0.0200802,0.00585168,0.0140425,0.227204,0.0586123,0.291828,0.205615,0,0,0,102,1,0.139539,0.126542,1.09838,0.366469,1,2394.24,0.00103294,0.013713,0.021483,0.00186171,0.05,300,300,300,300,300,300,84,102,110,60,64,72,46,50,58
baseline,-1,418,3,0.55676,0.0340366,0.067512,1.09034,2797.97,1.43418,9.3218,0.366784,0.00639279,0.0403939,0.00233683,0.0167053,1.03095,0.83573,0.630547,0.212802,0,0,0,214,1,0.153227,1.10704,0.617043,0.123553,0,2727.02,0.00103294,0.013713,0.021483,0.00186171,0.05,300,300,300,300,300,300,174,214,300,100,104,112,68,72,80
baseline,-1,419,2,0.144543,0.0559639,0.139894,0.91052,1206.05,0.746506,4.01769,0.324114,0.0129275,0.0208984,0.00864479,0.0279046,0.424171,0.357423,0.965828,0.282861,0,0,-1,96,1,0.567561,0.470079,0.321161,0.244939,0,1134.88,0.00103294,0.013713,0.021483,0.00186171,0.05,300,300,300,300,300,300,92,96,104,68,72,80,47,51,59
baseline,-1,420,5,0.265549,0.105357,0.330775,0.960781,1579.7,0.0879517,5.26537,0.0971214,0.0125629,0.0221778,0.00337297,0.0159721,0.521962,1.01611,0.741327,0.226069,0,0,81,110,1,0.541659,0.350415,0.664005,0.257689,1,1502.94,0.00103294,0.013713,0.021483,0.00186171,0.05,300,300,300,300,300,300,106,110,118,91,95,103,61,65,73
baseline,-1,421,0,0.428219,0.0696114,-0.405383,1.04565,1072.84,0.0485663,3.57596,0.0482791,0.00647586,0.0224187,0.00462894,0.0203714,0.698379,1.06314,0.810725,0.424552,0,0,13,85,1,0.0183502,0.100769,0.143681,0.0498155,1,889.156,0.00103294,0.013713,0.021483,0.00186171,0.05,300,300,300,300,300,300,81,85,300,44,48,56,37,41,49
baseline,-1,422,1,0.411124,0.0701053,-0.326067,0.929587,2560.78,0.845312,8.53312,0.309667,0.00627795,0.0141156,0.00281142,0.0386631,0.495358,0.370125,0.896432,0.330921,1,1,97,188,1,0.016058,0.172764,0.834856,0.227349,1,2470.9,0.00103294,0.013713,0.021483,0.00186171,0.05,300,300,300,300,300,300,148,188,196,92,96,113,64,68,76
baseline,-1,423,6,0.457993,0.0638256,-0.424822,1.02017,2281.69,0.0210356,7.60557,0.0768856,0.00751917,0.0225822,0.00424875,0.0153314,0.357113,0.539489,1.27014,0.251369,0,0,-1,130,1,0.244752,0.140777,0.416401,0.175376,0,2162.59,0.00103294,0.013713,0.021483,0.00186171,0.05,300,300,300,300,300,300,126,130,138,72,76,84,48,63,71
baseline,-1,424,5,0.34708,0.0224078,-0.375969,0.988983,1729.06,0.685702,5.76124,0.240342,0.00364324,0.0258822,0.0109317,0.029782,0.173173,0.267399,1.28278,0.139253,0,0,28,271,1,0.273826,0.150578,1.31567,0.13574,0,1727.06,0.00103294,0.013713,0.021483,0.00186171,0.05,300,300,300,300,300,300,124,271,279,81,85,111,53,57,65
baseline,-1,425,1,0.324701,0.0942949,-0.218148,1.06411,2211.17,0.279785,7.36963,0.104367,0.00350793,0.0145793,0.00893431,0.0204876,0.751323,1.62741,1.1974,0.254388,1,1,89,216,1,0.0750196,0.849762,1.20189,0.264278,1,2144.6,0.00103294,0.013713,0.021483,0.00186171,0.05,300,300,300,300,300,300,136,216,300,93,97,105,76,97,105
baseline,-1,426,5,0.440634,0.0271729,0.390888,1.06034,1331.61,0.34882,4.43755,0.225359,0.00455511,0.018168,0.0072156,0.0120417,0.208503,0.262871,1.40574,0.279192,0,0,0,231,1,0.0529414,0.120321,1.39352,0.246916,0,1275.52,0.00103294,0.013713,0.021483,0.00186171,0.05,300,300,300,300,300,300,188,231,239,132,136,144,67,71,79
baseline,-1,427,0,0.517961,0.0897886,0.329381,1.05817,2594.58,9.28447,8.61767,0.968183,0.235284,0.0219145,0.0049136,0.0122428,0.858635,0.191544,1.04277,0.617947,0,4.22817e-40,-1,105,1,1.05355,0.582877,1.12151,0.566567,0,2468.69,0.00103294,0.013713,0.021483,0.00186171,0.05,300,300,300,300,300,300,101,105,113,94,98,106,89,93,101
baseline,-1,428,4,0.322814,0.101083,-0.24798,1.03373,1482.41,0.126837,4.94095,0.136238,0.00647167,0.00612483,0.00595086,0.0135717,0.573746,0.684203,0.951435,0.583058,0,0,-1,90,1,0.0315523,0.0389463,0.76565,0.201715,0,1324.84,0.00103294,0.013713,0.021483,0.00186171,0.05,300,300,300,300,300,300,86,90,98,68,72,80,55,59,67
baseline,-1,429,6,0.215683,0.167167,-0.0866183,1.00295,1392.38,0.801436,4.6386,0.245833,0.00684685,0.0220351,0.0045953,0.0186704,1.22817,1.35593,0.862122,0.373713,0,0,-1,172,1,0.300117,0.597036,0.719095,0.313968,0,1288.09,0.00103294,0.013713,0.021483,0.00186171,0.05,300,300,300,300,300,300,145,172,300,72,76,84,48,52,60
baseline,-1,430,2,0.334756,0.131251,0.498293,0.963076,2967.02,1.5512,9.88488,0.326935,0.00298749,0.021564,0.00401117,0.0186267,1.25701,1.73274,0.448814,0.169746,0,0,-1,127,1,0.0204238,0.360106,0.472365,0.2392,0,2819.52,0.00103294,0.013713,0.021483,0.00186171,0.05,300,300,300,300,300,300,123,127,252,114,118,126,75,79,87
baseline,-1,431,6,0.500557,0.0927651,-0.218089,1.08217,1262.73,0.606219,4.20709,0.272555,0.00523639,0.00961039,0.00224944,0.0336786,0.600375,0.590876,1.54774,0.0192134,0,0,2,300,0,0.272555,0.600375,1.54774,0.0192134,0,1262.13,0.00103294,0.013713,0.021483,0.00186171,0.05,300,300,300,300,300,300,135,300,300,95,99,107,57,61,69
baseline,-1,432,0,0.461135,0.057457,0.165038,1.0056,1707.03,5.38943,5.67213,0.735362,0.0222852,0.0229493,0.00171681,0.0181712,1.35734,0.999509,0.695792,0.106349,0,1.73498e-05,2,96,1,0.126676,0.0252771,0.16845,0.0547184,1,1618.56,0.00103294,0.013713,0.021483,0.00186171,0.05,300,300,300,300,300,300,92,96,104,70,74,82,57,61,69
baseline,-1,433,0,0.541763,0.195732,-0.434967,0.984955,1887.65,0.0299744,6.29206,0.0747891,0.0104581,0.0294802,0.00615903,0.0254182,0.254395,0.39503,1.55788,0.22183,0,0,17,215,1,0.074767,0.416817,1.48566,0.175111,0,1811.07,0.00103294,0.013713,0.021483,0.00186171,0.05,300,300,300,300,300,300,177,215,300,148,164,172,101,105,113
baseline,-1,434,5,0.548349,0.0717992,0.311115,1.09587,1944.82,2.41493,6.47468,0.449362,0.00824428,0.0117062,0.00400157,0.0214629,1.06262,1.56619,0.539815,0.260821,0,0,6,86,1,0.308952,0.183334,0.137922,0.0526251,0,1809.6,0.00103294,0.013713,0.021483,0.00186171,0.05,300,300,300,300,300,300,82,86,94,63,67,75,39,50,58
baseline,-1,435,5,0.299991,0.0789739,-0.137008,0.990671,1416.12,1.47249,4.71549,0.328647,0.00353284,0.0315812,0.00731881,0.0227616,1.28913,1.80349,0.990511,0.332343,0,0,1,149,1,0.0758593,0.553178,0.763506,0.326406,0,1298.71,0.00103294,0.013713,0.021483,0.00186171,0.05,300,300,300,300,300,300,129,149,295,75,79,87,52,56,64
baseline,-1,436,7,0.432851,0.128038,-0.498842,0.957659,2016.32,0.381287,6.7198,0.199832,0.00680098,0.0111239,0.00510199,0.0375952,0.88717,1.02867,0.630831,0.44609,0,0,0,133,1,0.24637,0.653542,0.658531,0.352505,0,1872.59,0.00103294,0.013713,0.021483,0.00186171,0.05,300,300,300,300,300,300,129,133,300,122,126,134,122,126,134
baseline,-1,437,1,0.250843,0.191707,-0.0399078,0.969299,2182.33,15.0302,7.22433,1.21793,0.108842,0.0243893,0.00476042,0.00978462,1.03558,0.342694,0.639453,0.858558,0,0,8,115,1,1.21291,0.998662,0.67659,1.03896,0,1987.88,0.00103294,0.013713,0.021483,0.00186171,0.05,300,300,300,300,300,300,111,115,123,78,82,90,75,79,87
baseline,-1,438,0,0.61681,0.0569022,0.198443,0.960827,1641.97,1.52331,5.46814,0.348828,0.0112669,0.017057,0.00682751,0.0175344,1.22285,1.40766,0.592185,0.166118,0,0,0,137,1,0.0971252,0.664811,0.587686,0.127433,0,1515.68,0.00103294,0.013713,0.021483,0.00186171,0.05,300,300,300,300,300,300,93,137,248,57,61,69,41,45,53
baseline,-1,439,5,0.350672,0.137132,-0.163497,0.930247,2388.84,5.62042,7.94406,0.746517,0.00847993,0.0137529,0.00276197,0.0285483,0.667439,0.337243,0.905211,0.805884,1,0.999985,2,141,1,0.977673,0.773953,0.916931,0.569982,1,2220.12,0.00103294,0.013713,0.021483,0.00186171,0.05,300,300,300,300,300,300,137,141,149,116,120,143,104,108,116
baseline,-1,440,5,0.191467,0.137158,0.240443,0.978949,1164.25,0.0359091,3.88071,0.0314066,0.00764396,0.0283332,0.00358184,0.00803245,0.756447,1.26758,0.634514,0.643884,0,0,-1,171,1,0.0655619,0.167536,0.547102,0.531773,0,1071.29,0.00103294,0.013713,0.021483,0.00186171,0.05,300,300,300,300,300,300,138,171,179,59,63,71,47,51,59
baseline,-1,441,6,0.431981,0.0406939,-0.106476,0.943809,1317.22,0.187699,4.39012,0.135597,0.00906558,0.0162465,0.00938095,0.0295075,0.0156336,0.109497,1.05098,0.119295,0,0,136,208,1,0.136781,0.259593,1.04218,0.0369785,0,1240.91,0.00103294,0.013713,0.021483,0.00186171,0.05,300,300,300,300,300,300,140,208,216,97,112,142,41,58,66
baseline,-1,442,2,0.348076,0.147054,0.0525206,0.90791,1239.5,0.0191807,4.1316,0.0120095,0.00716155,0.00927455,0.00723218,0.030037,0.237098,0.828011,1.01737,0.270332,0,0,-1,138,1,0.05265,0.294196,1.05339,0.154016,0,1098.77,0.00103294,0.013713,0.021483,0.00186171,0.05,300,300,300,300,300,300,118,138,296,63,67,75,48,52,60
baseline,-1,443,7,0.347576,0.0808054,-0.44612,0.978828,1404.03,3.86327,4.66722,0.601354,0.00567322,0.0118317,0.00820263,0.0390996,1.21216,0.768188,0.981757,0.178542,0,0,25,205,1,0.0280566,0.324177,0.958069,0.0498124,0,1311.58,0.00103294,0.013713,0.021483,0.00186171,0.05,300,300,300,300,300,300,169,205,300,116,120,138,63,67,75
baseline,-1,444,7,0.40249,0.190098,0.488615,0.951032,1707.29,0.37432,5.68971,0.145115,0.00879165,0.0109375,0.00671177,0.029393,0.975553,1.49134,0.719734,0.405693,0,0,-1,142,1,0.296486,0.190214,0.30721,0.214507,0,1604.15,0.00103294,0.013713,0.021483,0.00186171,0.05,300,300,300,300,300,300,138,142,150,73,77,85,59,63,71
baseline,-1,445,2,0.438036,0.178741,-0.0318912,1.04289,1404.86,0.876015,4.67993,0.343577,0.0116081,0.019491,0.0063161,0.0114665,0.631631,0.579916,1.38629,0.0651842,0,0,-1,212,1,0.0641212,0.599146,1.38938,0.0836505,0,1335.09,0.00103294,0.013713,0.021483,0.00186171,0.05,300,300,300,300,300,300,150,212,247,66,70,93,40,44,52
baseline,-1,446,1,0.377625,0.173819,0.101203,0.978009,1173.24,0.18847,3.91018,0.18188,0.00407183,0.0106164,0.00900359,0.0351657,0.19856,0.173981,1.12328,0.478428,1,1,163,226,1,0.0338953,0.308642,1.01949,0.385633,1,1110.33,0.00103294,0.013713,0.021483,0.00186171,0.05,300,300,300,300,300,300,146,226,300,120,124,132,47,51,59
baseline,-1,447,3,0.324621,0.194452,0.0432259,1.03188,1300.93,0.0167398,4.33637,0.049007,0.00976835,0.0137469,0.0075303,0.0116807,0.136037,0.273137,1.11433,0.474402,0,0,0,176,1,0.174371,0.533706,1.14614,0.401302,0,1202.84,0.00103294,0.013713,0.021483,0.00186171,0.05,300,300,300,300,300,300,125,176,300,98,102,110,66,70,78
baseline,-1,448,1,0.358427,0.182054,0.419181,0.925247,1372.84,1.82137,4.57007,0.399356,0.0173915,0.0109738,0.00574116,0.0235349,1.13611,1.18136,0.855338,0.410482,1,1,8,136,1,0.0667607,0.407733,0.772538,0.26053,0,1244.36,0.00103294,0.013713,0.021483,0.00186171,0.05,300,300,300,300,300,300,123,136,300,69,73,81,47,51,59
baseline,-1,449,1,0.429024,0.0666413,0.0655501,0.983961,1389.06,1.84173,4.62407,0.389684,0.00508807,0.029506,0.00135101,0.02815,1.36254,1.31714,0.923764,0.153678,1,1,22,97,1,0.476966,0.294301,0.124362,0.15934,0,1275.31,0.00103294,0.013713,0.021483,0.00186171,0.05,300,300,300,300,300,300,93,97,105,74,78,86,57,61,69
baseline,-1,450,3,0.555368,0.106034,-0.455238,1.00663,2355.23,4.93033,7.83435,0.704663,0.00744435,0.0440297,0.00619707,0.0277347,1.16618,0.835867,0.97432,0.389159,0,0,0,176,1,0.177562,1.06308,0.889392,0.408308,0,2230.67,0.00103294,0.013713,0.021483,0.00186171,0.05,300,300,300,300,300,300,133,176,300,102,106,114,56,60,68
baseline,-1,451,2,0.411304,0.103607,-0.46853,0.999782,2099.39,2.42192,6.9899,0.473856,0.00897556,0.00763494,0.00910877,0.0211285,0.388698,0.24665,0.926905,0.309864,0,0,-1,86,1,0.146048,0.0253331,0.178052,0.0705437,0,1972.83,0.00103294,0.013713,0.021483,0.00186171,0.05,300,300,300,300,300,300,82,86,94,63,67,75,54,58,66
baseline,-1,452,4,0.258893,0.1599,0.119028,1.02562,1842.47,1.14745,6.13774,0.384721,0.00593102,0.0177885,0.00670915,0.0193287,0.413766,0.335832,1.08694,0.38321,1,1,6,121,1,0.539198,0.23104,0.567466,0.351451,1,1738.09,0.00103294,0.013713,0.021483,0.00186171,0.05,300,300,300,300,300,300,117,121,143,100,104,112,99,103,111
baseline,-1,453,4,0.42652,0.0399436,-0.157306,0.982348,1422.21,0.120523,4.74029,0.0618538,0.0118451,0.0166373,0.0083836,0.0150928,0.292156,0.569819,1.11039,0.0487019,0,0,0,116,1,0.117845,0.348538,1.17297,0.0822394,0,1255.09,0.00103294,0.013713,0.021483,0.00186171,0.05,300,300,300,300,300,300,112,116,300,75,79,87,52,56,87
baseline,-1,454,6,0.278418,0.133468,-0.47287,1.05719,1641.31,0.560173,5.46917,0.223112,0.00353534,0.0180996,0.00700789,0.0285612,0.618722,0.74222,1.01987,0.428734,1,1,31,197,1,0.0573706,0.149267,0.744892,0.276401,1,1554.12,0.00103294,0.013713,0.021483,0.00186171,0.05,300,300,300,300,300,300,139,197,205,73,77,85,73,77,85
baseline,-1,455,3,0.50963,0.0562642,-0.398456,1.00898,1279.77,0.38856,4.26462,0.216164,0.0152114,0.0202055,0.0050962,0.0186353,0.41269,0.398646,0.841884,0.104691,0,0,1,143,1,0.336192,0.62189,0.668425,0.257184,0,1155.33,0.00103294,0.013713,0.021483,0.00186171,0.05,300,300,300,300,300,300,95,143,198,53,57,65,42,46,54
baseline,-1,456,7,0.413833,0.166409,0.204756,0.964832,1228.35,1.1695,4.09061,0.31261,0.00317716,0.0192311,0.00601243,0.0291169,0.994747,1.01028,0.817828,0.0948596,0,0,-1,150,1,0.0277808,0.341075,1.00255,0.208895,0,1101.69,0.00103294,0.013713,0.021483,0.00186171,0.05,300,300,300,300,300,300,146,150,300,74,78,86,43,47,84
baseline,-1,457,2,0.461115,0.0485716,0.428233,1.0941,2013.8,2.10746,6.70565,0.459186,0.0301122,0.0378005,0.0114429,0.0100599,0.308623,0.209965,0.720322,0.665997,0,2.67338e-20,10,128,1,0.865985,0.709393,1.05111,0.614859,0,1831.99,0.00103294,0.013713,0.021483,0.00186171,0.05,300,300,300,300,300,300,124,128,136,107,111,119,96,100,108
baseline,-1,458,1,0.242729,0.0563502,-0.30704,1.06957,3726.21,2.49219,12.4124,0.503391,0.0237201,0.0167686,0.0116086,0.0374608,0.369655,0.175013,0.714887,0.365257,0,7.14888e-05,3,119,1,0.167243,0.0747026,0.797567,0.211755,0,3642.43,0.00103294,0.013713,0.021483,0.00186171,0.05,300,300,300,300,300,300,115,119,127,99,103,111,93,97,105
baseline,-1,459,3,0.297844,0.0694949,0.249078,1.09423,1891.55,0.171281,6.30461,0.154105,0.00391327,0.0401769,0.00582631,0.0106365,0.485126,0.938406,0.818822,0.487719,0,0,39,157,1,0.0330831,0.569097,0.470429,0.200725,0,1767.13,0.00103294,0.013713,0.021483,0.00186171,0.05,300,300,300,300,300,300,131,157,300,77,81,89,56,60,68
baseline,-1,460,5,0.407471,0.0341546,0.424305,1.0081,2186.94,2.80088,7.28047,0.537595,0.00985182,0.00725342,0.00614115,0.0125739,0.282333,0.17252,1.15589,0.157789,0,0,0,112,1,0.0597633,0.37506,1.06499,0.264922,0,2096.14,0.00103294,0.013713,0.021483,0.00186171,0.05,300,300,300,300,300,300,108,112,195,73,77,85,47,51,59
baseline,-1,461,3,0.440203,0.125276,0.26757,0.986294,1131.4,0.188226,3.77071,0.192347,0.00988669,0.0218843,0.00523977,0.0376334,0.303445,0.31646,0.601161,0.279219,0,0,40,85,1,0.167165,0.0739281,0.135108,0.0293746,1,976.696,0.00103294,0.013713,0.021483,0.00186171,0.05,300,300,300,300,300,300,81,85,93,55,59,67,43,47,55
baseline,-1,462,5,0.50675,0.139035,-0.368051,0.996747,1350.94,1.82047,4.49705,0.466613,0.00510434,0.0214258,0.00630891,0.0181918,0.903127,0.837156,0.646302,0.443543,0,0,0,97,1,0.0941586,0.00712609,0.318693,0.310384,0,1208.18,0.00103294,0.013713,0.021483,0.00186171,0.05,300,300,300,300,300,300,93,97,105,61,65,73,40,44,52
baseline,-1,463,3,0.397051,0.112208,0.12146,1.07073,1674.09,6.75407,5.55777,0.83728,0.1901,0.00803107,0.00355947,0.0105149,0.698872,0.21819,0.88974,0.856451,1,1,38,89,1,1.05151,0.724283,0.976526,0.464965,1,1454.31,0.00103294,0.013713,0.021483,0.00186171,0.05,300,300,300,300,300,300,85,89,97,77,81,89,76,80,88
baseline,-1,464,4,0.402662,0.126588,-0.0139401,1.02584,2616.24,0.338892,8.71969,0.173298,0.0108171,0.0154495,0.00659035,0.0071914,1.83637,1.33919,0.46242,0.212779,0,0,198,128,1,0.328208,0.290649,0.575906,0.315286,0,2574.76,0.00103294,0.013713,0.021483,0.00186171,0.05,300,300,300,300,300,300,124,128,136,114,118,126,94,98,106
baseline,-1,465,5,0.377278,0.126066,0.0644071,1.04962,1801.03,3.63639,5.99131,0.552928,0.0270794,0.0339771,0.00492488,0.0253373,1.16057,1.03416,1.12362,0.482149,0,0,15,175,1,0.245854,0.846754,1.01227,0.423205,0,1690.55,0.00103294,0.013713,0.021483,0.00186171,0.05,300,300,300,300,300,300,113,175,300,79,83,91,69,73,81
baseline,-1,466,2,0.238247,0.121432,-0.115405,1.06517,1834.24,1.53798,6.10902,0.322188,0.004854,0.0204621,0.00187356,0.0166332,1.18568,2.27829,0.89501,0.405694,0,0,0,171,1,0.0575564,0.665062,0.965547,0.38843,0,1729.82,0.00103294,0.013713,0.021483,0.00186171,0.05,300,300,300,300,300,300,121,171,300,72,76,84,70,74,82
baseline,-1,467,4,0.5356,0.112623,-0.155183,0.985595,1120.66,3.13235,3.72511,0.549474,0.00626535,0.027254,0.00340257,0.0220523,1.06585,0.915375,0.805198,0.158044,0,0,0,136,1,0.0899367,0.703517,0.502147,0.282589,0,981.036,0.00103294,0.013713,0.021483,0.00186171,0.05,300,300,300,300,300,300,88,136,288,51,55,63,41,45,53
baseline,-1,468,0,0.472828,0.156543,0.448941,1.06975,1371.36,1.13444,4.56741,0.300873,0.00296861,0.00390429,0.00412293,0.0368886,1.16794,1.22034,1.04752,0.251933,0,0,46,90,1,0.0495916,0.0174102,0.0525334,0.0522911,1,1271.01,0.00103294,0.013713,0.021483,0.00186171,0.05,300,300,300,300,300,300,86,90,98,65,69,77,50,54,62
baseline,-1,469,2,0.39573,0.13393,-0.248748,1.0463,2537.54,0.607088,8.45643,0.271215,0.00798909,0.0138899,0.00694678,0.0392823,0.68461,0.748423,0.905228,0.361586,0,0,0,127,1,0.159404,0.314831,1.09573,0.124206,0,2373.05,0.00103294,0.013713,0.021483,0.00186171,0.05,300,300,300,300,300,300,97,127,300,80,84,104,60,64,72
baseline,-1,470,3,0.479956,0.125036,0.373833,0.996836,1607.46,0.743115,5.35573,0.274081,0.00491656,0.0169326,0.00794115,0.0381585,0.71126,0.715391,0.727777,0.304792,0,0,0,300,0,0.274081,0.71126,0.727777,0.304792,0,1606.72,0.00103294,0.013713,0.021483,0.00186171,0.05,300,300,300,300,300,300,193,300,300,168,180,188,123,127,135
baseline,-1,471,5,0.418159,0.156058,-0.346005,1.00608,2300.21,1.88631,7.6611,0.464074,0.00757824,0.0155738,0.0130524,0.0385122,0.862317,0.619981,1.12745,0.141779,0,0,1,119,1,0.22493,0.489895,0.918663,0.062246,0,2147,0.00103294,0.013713,0.021483,0.00186171,0.05,300,300,300,300,300,300,92,119,300,82,86,94,64,68,91
baseline,-1,472,1,0.372703,0.0950726,-0.337771,0.944728,1823.37,0.0654139,6.0777,0.100891,0.017064,0.0280011,0.00551587,0.00467722,0.545502,0.928087,1.19058,0.338765,1,1,1,185,1,0.0466554,0.545115,1.18105,0.306004,1,1729.08,0.00103294,0.013713,0.021483,0.00186171,0.05,300,300,300,300,300,300,139,185,300,62,66,74,42,46,54
baseline,-1,473,4,0.459696,0.0339353,0.0706676,0.938284,1272.88,0.0104152,4.24291,0.049686,0.00689202,0.0266114,0.00727087,0.019409,0.357229,0.757095,0.734506,0.128883,0,0,2,139,1,0.0819586,0.150769,0.776921,0.0866649,0,1149.77,0.00103294,0.013713,0.021483,0.00186171,0.05,300,300,300,300,300,300,102,139,147,70,74,106,56,60,68
baseline,-1,474,4,0.636273,0.190522,-0.167285,0.916199,1647.72,2.19643,5.48509,0.567636,0.00763927,0.0273636,0.00989647,0.0432468,0.70576,0.515734,1.00715,0.221006,0,0,0,103,1,0.564572,0.143809,1.14603,0.109002,1,1489.14,0.00103294,0.013713,0.021483,0.00186171,0.05,300,300,300,300,300,300,99,103,111,96,100,108,84,88,96
baseline,-1,475,2,0.403726,0.149377,-0.187488,1.0218,1933.98,0.162317,6.44607,0.168896,0.00265508,0.0227399,0.00591963,0.0485782,0.771236,0.769781,0.664903,0.542758,0,0,-1,182,1,0.0429591,0.2081,1.0932,0.521878,0,1842.89,0.00103294,0.013713,0.021483,0.00186171,0.05,300,300,300,300,300,300,105,182,230,90,94,102,58,62,70
baseline,-1,476,4,0.418129,0.148865,-0.199024,1.01199,2384.31,2.54788,7.9392,0.525029,0.0309067,0.0179767,0.00330168,0.020722,0.663813,0.454161,0.755352,0.215519,0,0,-1,228,1,0.168486,0.592718,0.54915,0.212999,0,2320.29,0.00103294,0.013713,0.021483,0.00186171,0.05,300,300,300,300,300,300,140,228,300,113,117,125,96,100,108
baseline,-1,477,7,0.44296,0.0383635,-0.440097,0.924868,1280.01,2.42637,4.25862,0.557947,0.00872924,0.0153892,0.00375389,0.0314199,0.85983,0.765492,1.33151,0.348447,0,0,64,191,1,0.115851,0.238189,0.99746,0.419793,0,1166.06,0.00103294,0.013713,0.021483,0.00186171,0.05,300,300,300,300,300,300,96,191,199,67,71,79,67,71,79
baseline,-1,478,7,0.55141,0.0817994,-0.460467,1.01919,1463.83,0.167599,4.87887,0.120271,0.00539105,0.0282637,0.00586912,0.0297535,0.425725,0.601173,1.57083,0.186093,0,0,8,268,1,0.137143,0.718737,1.6176,0.214861,0,1439.58,0.00103294,0.013713,0.021483,0.00186171,0.05,300,300,300,300,300,300,114,268,300,102,111,119,72,76,84
baseline,-1,479,6,0.228984,0.0614707,0.394412,1.08288,1880.39,2.93647,6.25817,0.499365,0.00767033,0.0217245,0.00619399,0.00891074,1.84443,1.54824,0.769504,0.35777,1,1,28,103,1,0.0439261,0.418156,1.01521,0.149128,0,1766.05,0.00103294,0.013713,0.021483,0.00186171,0.05,300,300,300,300,300,300,99,103,192,66,70,78,57,61,69
baseline,-1,480,6,0.383564,0.0255862,0.306609,1.0571,1623.65,0.827554,5.4094,0.241014,0.0100104,0.0223596,0.00762987,0.0198536,1.14502,1.33347,1.00795,0.524993,0,0,0,86,1,0.283256,0.145264,0.169571,0.172377,0,1488,0.00103294,0.013713,0.021483,0.00186171,0.05,300,300,300,300,300,300,82,86,94,64,68,76,56,60,68
baseline,-1,481,2,0.334553,0.0514017,0.494442,1.01978,1453.23,0.868313,4.84122,0.297131,0.00510411,0.00998922,0.00484601,0.0185456,0.738198,0.535942,1.07036,0.472876,0,0,26,170,1,0.09857,1.43262,1.1505,0.435802,0,1334.97,0.00103294,0.013713,0.021483,0.00186171,0.05,300,300,300,300,300,300,166,170,213,121,125,133,78,82,90
baseline,-1,482,3,0.397983,0.134297,0.160942,1.06182,1210.79,2.40565,4.02795,0.501744,0.0332564,0.0167455,0.00623521,0.0237309,0.405782,0.0938553,0.702044,0.579397,0,1.05446e-34,0,97,1,0.303424,0.188632,1.06782,0.437857,0,1109.26,0.00103294,0.013713,0.021483,0.00186171,0.05,300,300,300,300,300,300,93,97,105,70,74,82,41,45,81
baseline,-1,483,2,0.429478,0.0474413,0.35541,0.927325,2366.83,0.617745,7.88739,0.197387,0.00500423,0.014796,0.00708914,0.022557,1.20356,1.699,1.17261,0.0477436,0,0,22,177,1,0.0312577,0.173843,0.877234,0.0575031,0,2253.48,0.00103294,0.013713,0.021483,0.00186171,0.05,300,300,300,300,300,300,129,177,221,81,85,93,59,63,71
baseline,-1,484,5,0.453357,0.0652423,0.109339,0.918084,1671.85,0.348156,5.57166,0.130131,0.00813778,0.0272075,0.00345082,0.0096231,0.942553,1.77092,0.712785,0.0514828,0,0,-1,97,1,0.103857,0.0179445,0.0767628,0.0319212,0,1531.03,0.00103294,0.013713,0.021483,0.00186171,0.05,300,300,300,300,300,300,93,97,105,69,73,81,48,52,60
baseline,-1,485,2,0.441863,0.0197531,-0.469756,0.945099,1689.47,2.25718,5.62405,0.462097,0.010777,0.0302973,0.00351785,0.0265423,1.2523,1.14313,0.794954,0.0529788,0,0,-1,300,0,0.462097,1.2523,0.794954,0.0529788,0,1687.22,0.00103294,0.013713,0.021483,0.00186171,0.05,300,300,300,300,300,300,165,300,300,80,84,92,44,48,56
baseline,-1,486,6,0.550695,0.0263101,-0.0564724,1.00854,1844.05,0.172551,6.14626,0.0997964,0.0211723,0.0209954,0.00220444,0.0147116,1.06724,1.27445,1.00077,0.18262,1,1,59,96,1,0.175752,0.0500333,0.0823788,0.0856448,0,1748.42,0.00103294,0.013713,0.021483,0.00186171,0.05,300,300,300,300,300,300,92,96,104,72,76,84,58,62,70
baseline,-1,487,7,0.408471,0.0416259,0.39141,0.914249,1076.92,2.92555,3.57999,0.52596,0.0128219,0.0262955,0.00161586,0.0275715,0.444245,0.291786,1.10255,0.414079,0,0,0,159,1,0.179493,0.144852,1.34345,0.287594,0,1006.4,0.00103294,0.013713,0.021483,0.00186171,0.05,300,300,300,300,300,300,143,159,167,70,74,82,69,73,81
baseline,-1,488,2,0.347024,0.137106,-0.145214,1.07053,1013.68,5.87909,3.35935,0.78367,0.0111222,0.0118366,0.00709143,0.0230882,1.2261,0.646108,0.875587,0.459542,0,0,-1,200,1,0.0492992,0.62988,0.677908,0.21916,0,909.099,0.00103294,0.013713,0.021483,0.00186171,0.05,300,300,300,300,300,300,146,200,239,82,86,112,63,67,75
baseline,-1,489,3,0.497726,0.182094,-0.416592,0.934776,1436.13,0.204833,4.78642,0.164717,0.00286406,0.0129423,0.0088352,0.0335882,0.408625,0.489648,1.18891,0.353702,0,0,-1,111,1,0.165931,0.0546026,0.822173,0.318323,0,1311.93,0.00103294,0.013713,0.021483,0.00186171,0.05,300,300,300,300,300,300,107,111,119,70,74,82,44,48,56
baseline,-1,490,0,0.393144,0.105983,-0.175849,1.00952,2278.96,0.524713,7.59478,0.211828,0.00324387,0.0187373,0.0053502,0.0463082,1.03555,0.922816,0.951246,0.0702435,0,0,21,136,1,0.228167,1.02605,0.501864,0.203778,0,2113.83,0.00103294,0.013713,0.021483,0.00186171,0.05,300,300,300,300,300,300,103,136,207,101,105,113,55,59,67
baseline,-1,491,4,0.21771,0.0237546,0.478379,1.03329,1212.83,1.61434,4.03739,0.360466,0.00692558,0.00958675,0.00424181,0.0251625,1.24046,1.25263,0.831015,0.234598,0,0,-1,300,0,0.360466,1.24046,0.831015,0.234598,0,1211.22,0.00103294,0.013713,0.021483,0.00186171,0.05,300,300,300,300,300,300,127,300,300,78,82,90,68,72,80
baseline,-1,492,6,0.522602,0.0743117,-0.229644,1.09626,3378,1.24907,11.2558,0.263744,0.00512917,0.0328831,0.00354835,0.018638,1.27716,2.08174,0.717719,0.454872,1,1,0,101,1,0.106008,0.455703,0.707105,0.152855,1,3216.36,0.00103294,0.013713,0.021483,0.00186171,0.05,300,300,300,300,300,300,97,101,296,82,86,94,56,60,68
baseline,-1,493,5,0.316607,0.166552,-0.416726,1.05198,1558.7,1.10804,5.19198,0.359918,0.0132597,0.0247995,0.00403244,0.0183878,0.824827,0.775765,1.22842,0.725785,0,0,18,131,1,0.0929992,0.161188,1.21771,0.493614,0,1416.57,0.00103294,0.013713,0.021483,0.00186171,0.05,300,300,300,300,300,300,127,131,300,59,63,71,41,45,62
baseline,-1,494,0,0.409982,0.110744,0.493543,1.05676,1314.93,0.00758296,4.38308,0.0323663,0.00442251,0.0334233,0.00615157,0.027121,0.235713,0.564086,0.714304,0.58102,0,0,1,139,1,0.0376575,0.138799,0.598737,0.526971,0,1200.46,0.00103294,0.013713,0.021483,0.00186171,0.05,300,300,300,300,300,300,95,139,147,52,56,64,44,48,56
baseline,-1,495,1,0.445478,0.095374,-0.379102,0.967988,2490.04,0.0666156,8.2999,0.0788552,0.0121199,0.0232931,0.00607991,0.0208087,0.398764,0.636448,1.34984,0.11322,1,1,42,121,1,0.135908,0.324409,1.17193,0.440883,1,2344.34,0.00103294,0.013713,0.021483,0.00186171,0.05,300,300,300,300,300,300,117,121,300,114,118,126,93,115,123
baseline,-1,496,5,0.492409,0.113593,0.0556823,0.960757,1824.61,0.783439,6.07941,0.244032,0.00515202,0.0148835,0.00539694,0.0201138,0.607441,0.496533,1.02657,0.230628,0,0,-1,147,1,0.117146,0.509036,0.745743,0.160741,0,1700.31,0.00103294,0.013713,0.021483,0.00186171,0.05,300,300,300,300,300,300,113,147,269,103,107,115,88,92,100
baseline,-1,497,0,0.106906,0.167564,-0.187333,1.08959,1507.59,3.80418,5.01264,0.63726,0.0605607,0.0357549,0.00520417,0.031274,0.548441,0.216599,0.952398,0.852447,0,0,5,89,1,1.65169,1.29228,0.961388,0.585007,1,1244.14,0.00103294,0.013713,0.021483,0.00186171,0.05,300,300,300,300,300,300,85,89,127,83,87,95,80,84,92
baseline,-1,498,3,0.301389,0.15996,0.455465,0.910531,1061.02,0.014519,3.53669,0.0583124,0.00599918,0.0172476,0.00776163,0.0122167,0.174188,0.37145,1.24228,0.142221,0,0,0,88,1,0.198636,1.18366,1.02455,0.118682,0,875.591,0.00103294,0.013713,0.021483,0.00186171,0.05,300,300,300,300,300,300,84,88,300,70,81,89,47,51,59
baseline,-1,499,7,0.123917,0.0254545,-0.447705,1.09872,1961.74,0.268968,6.53825,0.202824,0.00290115,0.0281102,0.0086189,0.0356489,0.41227,0.375297,1.0113,0.0600683,0,0,14,120,1,0.0358043,0.0516542,0.0987232,0.0730944,0,1818.84,0.00103294,0.013713,0.021483,0.00186171,0.05,300,300,300,300,300,300,116,120,128,94,98,106,59,63,71
baseline,-1,500,6,0.354641,0.154867,-0.16169,1.08565,1437.67,0.0727939,4.792,0.074133,0.00374028,0.0174794,0.0043053,0.0120355,0.669544,1.11801,0.759488,0.337959,0,0,-1,258,1,0.0962801,0.576047,0.75165,0.345423,0,1405.02,0.00103294,0.013713,0.021483,0.00186171,0.05,300,300,300,300,300,300,172,258,300,95,99,107,64,68,76
baseline,-1,501,7,0.490786,0.00707998,0.146975,1.05369,1410.39,1.02873,4.69786,0.366769,0.00558593,0.00837389,0.0035442,0.0154577,0.877554,0.996093,0.497607,0.0910379,0,0,11,86,1,0.260943,0.0314802,0.0606187,0.0198944,0,1343.9,0.00103294,0.013713,0.021483,0.00186171,0.05,300,300,300,300,300,300,82,86,94,51,55,63,42,46,54
baseline,-1,502,7,0.221018,0.0126241,-0.205462,1.02656,1748.23,0.4209,5.82602,0.207639,0.0106288,0.0117758,0.00673735,0.0359857,1.14913,1.17766,0.839728,0.557049,0,0,26,300,0,0.207639,1.14913,0.839728,0.557049,0,1747.81,0.00103294,0.013713,0.021483,0.00186171,0.05,300,300,300,300,300,300,173,300,300,89,93,101,55,59,67
baseline,-1,503,0,0.234979,0.138729,-0.19659,1.09421,1249.62,0.271636,4.1645,0.153389,0.00647209,0.0348617,0.00302547,0.0060168,0.405065,0.466115,1.07621,0.439268,0,0,16,118,1,0.148893,1.17694,0.834828,0.279041,0,1096.74,0.00103294,0.013713,0.021483,0.00186171,0.05,300,300,300,300,300,300,86,118,300,63,67,75,63,67,75
baseline,-1,504,3,0.317703,0.0283871,0.322861,1.09019,1774.93,0.199885,5.91578,0.152552,0.00503715,0.0384314,0.00749708,0.0282405,0.797893,0.907715,1.04648,0.45238,0,0,-1,108,1,0.0268785,0.103212,0.951852,0.205339,0,1682.32,0.00103294,0.013713,0.021483,0.00186171,0.05,300,300,300,300,300,300,104,108,152,70,97,105,59,63,71
baseline,-1,505,2,0.237733,0.076863,-0.201512,0.967268,2201.14,0.0449747,7.33698,0.038851,0.00555085,0.0148258,0.00261298,0.0170668,0.95889,1.1558,0.873735,0.32024,0,0,-1,228,1,0.0348651,0.464602,0.853357,0.284506,0,2148.84,0.00103294,0.013713,0.021483,0.00186171,0.05,300,300,300,300,300,300,170,228,300,102,106,114,71,75,83
baseline,-1,506,0,0.37796,0.0339066,-0.370647,1.08134,1733.75,0.124446,5.77875,0.138377,0.0133361,0.00800082,0.00392428,0.0261376,0.260891,0.261438,1.0338,0.579514,0,0,19,142,1,0.0133361,0.197617,0.867169,0.50864,0,1583.43,0.00103294,0.013713,0.021483,0.00186171,0.05,300,300,300,300,300,300,104,142,300,58,62,86,45,49,57
baseline,-1,507,0,0.230741,0.098255,-0.31439,0.961045,1140.43,0.0551818,3.80125,0.130983,0.00461744,0.028232,0.00160135,0.0137595,0.470103,0.493259,1.01265,0.146214,0,0,5,113,1,0.0547725,0.0175891,0.162076,0.0129617,1,1022.27,0.00103294,0.013713,0.021483,0.00186171,0.05,300,300,300,300,300,300,109,113,121,71,75,83,51,55,63
baseline,-1,508,4,0.429814,0.175416,-0.10102,1.07504,1195.32,0.0345664,3.98427,0.102955,0.0131696,0.00762614,0.00377194,0.017492,0.244289,0.301056,1.40277,0.134527,0,1.02295e-43,-1,186,1,0.104255,0.363997,1.23617,0.0241494,0,1099.26,0.00103294,0.013713,0.021483,0.00186171,0.05,300,300,300,300,300,300,105,186,194,76,80,88,72,76,84
baseline,-1,509,2,0.341952,0.0895129,-0.447715,0.939048,1799.86,0.985131,5.99627,0.315806,0.151214,0.0184768,0.00389353,0.00749737,0.180306,0.0302767,0.17212,0.304601,0,7.74289e-17,2,153,1,0.250357,0.197346,0.440524,0.318499,0,1766.18,0.00103294,0.013713,0.021483,0.00186171,0.05,300,300,300,300,300,300,149,153,161,64,68,76,46,50,58
baseline,-1,510,5,0.483487,0.165769,0.215658,1.02699,1679.66,0.640338,5.59673,0.333374,0.00814938,0.0220671,0.00228739,0.0164321,1.24874,1.2463,1.13895,0.415071,0,0,-1,138,1,0.238791,0.196422,0.845368,0.301817,0,1641.84,0.00103294,0.013713,0.021483,0.00186171,0.05,300,300,300,300,300,300,134,138,146,66,70,78,56,60,68
baseline,-1,511,1,0.362468,0.0619768,-0.0999804,0.9851,1955.31,0.309334,6.51667,0.151488,0.00755055,0.0386491,0.00288979,0.0295658,0.921704,1.15948,0.658765,0.379197,1,1,4,300,0,0.151488,0.921704,0.658765,0.379197,1,1955,0.00103294,0.013713,0.021483,0.00186171,0.05,300,300,300,300,300,300,159,300,300,111,115,123,79,83,91
baseline,-1,512,1,0.206235,0.122275,-0.18272,1.06936,1782.11,0.153539,5.93985,0.1327,0.00625737,0.0179065,0.00398163,0.0369157,0.984972,1.4017,0.630398,0.372375,1,1,59,98,1,0.352094,0.284197,0.44845,0.359934,1,1652.16,0.00103294,0.013713,0.021483,0.00186171,0.05,300,300,300,300,300,300,94,98,106,78,82,90,65,69,77
baseline,-1,513,7,0.525916,0.0972803,0.0676863,0.92288,1207.35,0.561161,4.02264,0.236204,0.00676304,0.020996,0.00929272,0.0238058,1.1086,1.30579,0.77074,0.599012,0,0,2,97,1,0.129779,0.39004,0.683361,0.451357,0,1044.26,0.00103294,0.013713,0.021483,0.00186171,0.05,300,300,300,300,300,300,93,97,177,55,59,67,42,46,54
baseline,-1,514,5,0.439274,0.102123,0.379662,1.02341,4584.48,0.182102,15.281,0.105808,0.0122777,0.00793524,0.00828421,0.0149857,0.827752,1.10159,1.05161,0.126721,0,0,-1,172,1,0.104808,0.479083,1.30347,0.255741,0,4485.77,0.00103294,0.013713,0.021483,0.00186171,0.05,300,300,300,300,300,300,168,172,300,139,143,151,100,104,112
baseline,-1,515,3,0.546055,0.181601,0.00537848,0.976786,1475,0.0129811,4.91661,0.0126283,0.00568903,0.0183643,0.00412059,0.0450779,0.352993,1.13849,0.941273,0.459299,0,0,-1,107,1,0.891066,0.843552,0.955116,0.901294,0,1416.49,0.00103294,0.013713,0.021483,0.00186171,0.05,300,300,300,300,300,300,103,107,115,67,71,79,54,58,66
baseline,-1,516,5,0.16536,0.0137682,0.202375,1.03127,2053.27,4.08056,6.83063,0.66146,0.00466759,0.022117,0.00523596,0.0276618,0.379725,0.163411,0.627964,0.410112,0,0,-1,149,1,0.0188737,0.289732,0.894467,0.275129,0,1930.09,0.00103294,0.013713,0.021483,0.00186171,0.05,300,300,300,300,300,300,111,149,246,107,111,119,82,86,107
baseline,-1,517,2,0.214078,0.172089,-0.100361,0.929303,1108.8,0.554197,3.69415,0.159348,0.00508697,0.0329048,0.00256899,0.0110194,1.27495,1.77896,0.960041,0.0268236,0,0,-1,95,1,0.294975,0.882689,0.977959,0.0342645,0,951.689,0.00103294,0.013713,0.021483,0.00186171,0.05,300,300,300,300,300,300,91,95,258,85,89,97,78,82,90
baseline,-1,518,5,0.396247,0.011541,-0.315174,1.07786,1432.78,0.433074,4.7745,0.237615,0.0101858,0.0289865,0.0065804,0.0141261,0.828915,0.814997,0.625109,0.421051,0,0,1,149,1,0.0744466,0.710337,0.604096,0.283084,0,1292.88,0.00103294,0.013713,0.021483,0.00186171,0.05,300,300,300,300,300,300,106,149,300,70,74,82,55,59,67
baseline,-1,519,2,0.388844,0.191078,0.137457,1.07355,1293.28,0.302723,4.30992,0.14927,0.00363703,0.0131146,0.00646318,0.0275927,0.979647,1.24292,0.971642,0.899561,0,0,1,142,1,0.0922398,0.413427,1.12602,0.630848,0,1159.66,0.00103294,0.013713,0.021483,0.00186171,0.05,300,300,300,300,300,300,124,142,191,65,69,77,49,53,61
baseline,-1,520,5,0.361866,0.160955,0.351019,1.07772,1345.39,0.260739,4.48375,0.127279,0.00438451,0.0193948,0.00676358,0.0251914,0.51725,0.740737,0.655786,0.392823,0,0,-1,94,1,0.184163,0.314364,0.99424,0.0631995,0,1159.64,0.00103294,0.013713,0.021483,0.00186171,0.05,300,300,300,300,300,300,90,94,300,83,87,95,62,66,74
baseline,-1,521,6,0.40757,0.00834267,-0.374793,0.999151,2639.98,10.9865,8.76331,1.04214,0.0100827,0.0175847,0.00633302,0.0295865,0.796079,0.427332,0.555889,0.268566,0,0,0,128,1,0.253683,0.372376,1.1656,0.469003,0,2488.02,0.00103294,0.013713,0.021483,0.00186171,0.05,300,300,300,300,300,300,104,128,136,63,105,113,51,55,63
baseline,-1,522,7,0.247911,0.0991394,0.255766,0.915289,1328.75,6.93915,4.40602,0.77332,0.0125406,0.0172061,0.00622271,0.0431611,1.24932,1.22493,0.882245,0.0195315,0,0,3,124,1,0.0539178,0.441208,0.661655,0.0408613,0,1185.31,0.00103294,0.013713,0.021483,0.00186171,0.05,300,300,300,300,300,300,96,124,211,73,77,85,60,64,72
baseline,-1,523,0,0.276105,0.0343476,0.167504,0.976414,2070.33,26.7778,6.81185,1.66485,0.0089089,0.0106115,0.0050606,0.0431436,1.24673,0.239654,0.6835,0.851745,0,1.4263e-32,13,140,1,0.515048,0.456138,0.874424,0.565384,0,1727.76,0.00103294,0.013713,0.021483,0.00186171,0.05,300,300,300,300,300,300,136,140,148,102,106,114,90,94,102
baseline,-1,524,3,0.38269,0.00242224,0.313705,1.09382,1631.45,3.33819,5.42704,0.571128,0.00803907,0.0125642,0.00264797,0.0210738,1.02223,0.823295,1.09065,0.507219,0,0,-1,136,1,0.0512989,0.871566,1.2667,0.522198,0,1471.23,0.00103294,0.013713,0.021483,0.00186171,0.05,300,300,300,300,300,300,98,136,300,68,72,94,62,66,74
baseline,-1,525,7,0.5411,0.161489,-0.239372,1.08264,2698.46,1.32839,8.99045,0.374298,0.013448,0.00533306,0.00870723,0.0331328,1.03863,0.620576,1.09455,0.421952,0,0,28,184,1,0.102595,0.314579,0.875744,0.299903,0,2593.68,0.00103294,0.013713,0.021483,0.00186171,0.05,300,300,300,300,300,300,133,184,300,96,100,108,63,67,75
baseline,-1,526,5,0.26801,0.0454513,-0.118376,1.01934,2035.2,0.376982,6.78275,0.262122,0.00809861,0.0202358,0.00740188,0.0189062,0.38709,0.325437,1.01022,0.384488,0,0,-1,184,1,0.0134772,0.205317,0.966166,0.199337,0,1927.83,0.00103294,0.013713,0.021483,0.00186171,0.05,300,300,300,300,300,300,180,184,231,82,86,94,49,53,93
baseline,-1,527,6,0.494283,0.0458,-0.404744,1.02507,1082.89,0.831099,3.60685,0.286771,0.0103763,0.0151729,0.00648741,0.0267694,0.810893,0.777614,0.806925,0.347474,0,0,-1,114,1,0.424172,2.32332,0.80322,0.230718,0,919.125,0.00103294,0.013713,0.021483,0.00186171,0.05,300,300,300,300,300,300,110,114,300,108,112,120,69,73,81
baseline,-1,528,4,0.33221,0.11251,-0.130537,0.9337,2501.36,0.221664,8.33712,0.159782,0.00816794,0.0245446,0.00754243,0.0134843,0.587693,0.768774,1.1487,0.606394,0,9.03827e-34,69,149,1,0.0254887,0.22072,1.03944,0.482027,1,2375.75,0.00103294,0.013713,0.021483,0.00186171,0.05,300,300,300,300,300,300,145,149,291,99,103,111,68,72,80
baseline,-1,529,2,0.281445,0.0930793,0.15771,1.05666,1178.51,0.208668,3.92767,0.137732,0.00653319,0.0144582,0.00315628,0.0318775,0.265581,0.403748,0.993953,0.320759,0,0,-1,188,1,0.0671299,0.333108,0.913926,0.284151,0,1094.01,0.00103294,0.013713,0.021483,0.00186171,0.05,300,300,300,300,300,300,120,188,300,92,96,117,68,72,80
baseline,-1,530,6,0.476137,0.131683,0.311727,0.970679,1318.07,0.0214705,4.39351,0.049916,0.00790091,0.0174534,0.0108615,0.0336681,0.0550145,0.149202,0.652258,0.358383,0,0,-1,95,1,0.118738,0.0409906,0.122916,0.0860389,0,1172.2,0.00103294,0.013713,0.021483,0.00186171,0.05,300,300,300,300,300,300,91,95,103,57,61,69,46,50,58
baseline,-1,531,7,0.431919,0.126395,0.423946,0.988971,2839.27,0.108348,9.46386,0.0834507,0.0107528,0.00775866,0.00587561,0.00372135,0.41511,0.665318,0.957808,0.219351,0,0,-1,300,0,0.0834507,0.41511,0.957808,0.219351,0,2839.16,0.00103294,0.013713,0.021483,0.00186171,0.05,300,300,300,300,300,300,136,300,300,109,113,135,94,98,106
baseline,-1,532,4,0.312136,0.138812,-0.281556,0.955776,1413.73,1.99033,4.70578,0.541881,0.00865591,0.0251666,0.00736953,0.0257871,0.744865,0.508389,0.98298,0.278307,0,1.1221e-23,2,130,1,0.324475,0.847526,0.664066,0.0755382,1,1266.02,0.00103294,0.013713,0.021483,0.00186171,0.05,300,300,300,300,300,300,126,130,184,60,64,72,54,58,66
baseline,-1,533,6,0.162419,0.000310373,-0.100106,1.03456,1089.07,0.0630453,3.63003,0.0626358,0.00790336,0.0142908,0.0078973,0.0222373,0.0178109,0.0676732,0.646686,0.156006,1,1,0,102,1,0.0907674,0.0792289,0.836762,0.0750528,1,964.972,0.00103294,0.013713,0.021483,0.00186171,0.05,300,300,300,300,300,300,98,102,110,72,76,84,59,63,71
baseline,-1,534,7,0.155162,0.171975,0.303833,1.0108,2441.28,0.711406,8.13523,0.204552,0.0118252,0.00836131,0.00830348,0.00826755,1.26329,1.54243,1.0586,0.151032,0,0,-1,180,1,0.0333261,0.167372,1.05708,0.130381,0,2342.36,0.00103294,0.013713,0.021483,0.00186171,0.05,300,300,300,300,300,300,103,180,188,88,92,100,73,77,85
baseline,-1,535,7,0.355718,0.0149557,0.110457,0.981602,2390.94,1.27501,7.96556,0.34688,0.0066089,0.0269027,0.00321956,0.0350339,0.170316,0.174447,0.524278,0.23756,0,0,-1,90,1,0.0123762,0.215542,0.636518,0.0836586,0,2224,0.00103294,0.013713,0.021483,0.00186171,0.05,300,300,300,300,300,300,86,90,167,67,71,79,61,65,73
baseline,-1,536,3,0.452551,0.129251,-0.113793,1.02323,2192.03,0.159174,7.30625,0.183063,0.00470762,0.0178296,0.0112512,0.0343199,0.443782,0.356809,1.22143,0.337414,0,0,-1,139,1,0.176727,0.425968,1.00089,0.0550788,0,2044.77,0.00103294,0.013713,0.021483,0.00186171,0.05,300,300,300,300,300,300,111,139,300,104,108,116,70,74,82
baseline,-1,537,1,0.439787,0.0775326,0.358241,1.04028,1522.09,0.007961,5.07361,0.0453102,0.0054587,0.00984307,0.00401092,0.0251876,0.353437,0.693666,0.749842,0.212197,1,1,22,98,1,0.13876,0.041312,0.203095,0.069548,1,1379.7,0.00103294,0.013713,0.021483,0.00186171,0.05,300,300,300,300,300,300,94,98,106,74,78,86,49,53,61
baseline,-1,538,0,0.336362,0.0506603,0.0546293,1.06786,1625.9,3.52718,5.40789,0.608724,0.0139867,0.0109376,0.00347985,0.0306713,0.54584,0.364266,0.629024,0.91213,0,8.22074e-28,18,133,1,0.95316,0.697329,0.821174,0.62194,0,1393.69,0.00103294,0.013713,0.021483,0.00186171,0.05,300,300,300,300,300,300,129,133,141,97,101,109,60,91,99
baseline,-1,539,5,0.456022,0.101226,-0.023486,0.947259,1472.09,2.65614,4.89812,0.525793,0.00194028,0.0110468,0.0128456,0.0439496,1.1268,1.01198,1.22141,0.311874,0,0,33,130,1,0.157052,0.412172,1.19395,0.416334,0,1329.12,0.00103294,0.013713,0.021483,0.00186171,0.05,300,300,300,300,300,300,108,130,300,89,93,101,73,77,85
baseline,-1,540,6,0.155772,0.0183277,-0.149749,1.08567,986.333,0.846047,3.28496,0.240462,0.0119728,0.0363145,0.0050488,0.014406,1.39884,1.54057,0.46491,0.388162,0,0,-1,150,1,0.376237,0.102131,0.51126,0.287188,0,875.999,0.00103294,0.013713,0.021483,0.00186171,0.05,300,300,300,300,300,300,84,150,170,56,60,68,49,53,61
baseline,-1,541,1,0.464428,0.0689845,0.493637,0.994662,2693.08,2.4841,8.96866,0.543805,0.00422493,0.00756759,0.00753299,0.0328711,0.671853,0.567764,0.829148,0.0880286,1,1,0,204,1,0.0281751,0.070241,0.752106,0.0952138,1,2601.86,0.00103294,0.013713,0.021483,0.00186171,0.05,300,300,300,300,300,300,123,204,300,113,117,125,77,81,89
baseline,-1,542,1,0.394241,0.0865596,0.395892,1.06467,1076.9,0.151515,3.58915,0.130299,0.00593514,0.0233099,0.00516377,0.0175373,1.28022,1.24392,1.36662,0.354525,1,1,0,176,1,0.077382,0.49015,1.30081,0.357324,1,966.399,0.00103294,0.013713,0.021483,0.00186171,0.05,300,300,300,300,300,300,120,176,300,89,93,101,74,78,86
baseline,-1,543,2,0.326135,0.138203,-0.33348,1.05759,1907.58,6.42689,6.33718,0.809255,0.00951571,0.00815915,0.00938175,0.00162821,1.38318,0.96439,1.22982,0.335386,0,0,19,300,0,0.809255,1.38318,1.22982,0.335386,0,1901.15,0.00103294,0.013713,0.021483,0.00186171,0.05,300,300,300,300,300,300,116,300,300,79,92,100,63,67,75
baseline,-1,544,7,0.407737,0.159141,-0.0485957,1.00339,2419.09,0.0104432,8.06361,0.0693484,0.0080798,0.0136174,0.00462475,0.0156382,0.23617,0.335552,0.842176,0.109935,0,0,55,123,1,0.0080798,0.145182,0.830427,0.227145,0,2272.1,0.00103294,0.013713,0.021483,0.00186171,0.05,300,300,300,300,300,300,119,123,300,91,95,103,64,68,76
baseline,-1,545,1,0.264767,0.182894,0.123994,0.949697,2112.47,3.33893,7.03043,0.534524,0.0129251,0.0343153,0.00536725,0.0282335,1.57877,1.3796,1.00461,0.569583,1,1,18,209,1,0.0656919,0.377741,1.03028,0.528093,1,2034.67,0.00103294,0.013713,0.021483,0.00186171,0.05,300,300,300,300,300,300,142,209,300,63,85,93,45,49,57
baseline,-1,546,2,0.30384,0.112339,0.455919,0.905273,1434.3,0.657252,4.77882,0.304026,0.00197576,0.0216196,0.00167826,0.0262718,0.668648,0.622821,0.781026,0.12725,0,0,2,104,1,0.199158,0.06738,0.550311,0.178638,0,1313.6,0.00103294,0.013713,0.021483,0.00186171,0.05,300,300,300,300,300,300,100,104,112,86,90,98,53,84,92
baseline,-1,547,7,0.407594,0.152265,-0.414407,1.07077,1311.99,1.96445,4.36675,0.507067,0.020341,0.0235236,0.00947126,0.0105164,0.984015,0.720958,1.20745,0.83603,0,0,0,133,1,0.0322349,0.587018,1.13708,0.670915,0,1167.68,0.00103294,0.013713,0.021483,0.00186171,0.05,300,300,300,300,300,300,129,133,300,48,52,60,40,44,52
baseline,-1,548,1,0.374846,0.178827,0.260196,0.984123,1329.29,1.0642,4.42741,0.321906,0.00263606,0.0064334,0.00847935,0.0384454,1.25616,1.2715,1.31199,0.329119,1,1,1,192,1,0.263949,0.444517,1.30907,0.289936,1,1245.34,0.00103294,0.013713,0.021483,0.00186171,0.05,300,300,300,300,300,300,112,192,200,110,114,122,68,72,80
baseline,-1,549,5,0.194071,0.194465,0.0647888,0.980159,1938.57,0.160853,6.46135,0.11809,0.00910774,0.0174498,0.00773213,0.0225727,0.72096,0.909803,1.09695,0.181105,0,0,-1,210,1,0.141292,0.447015,0.95975,0.251706,0,1868.48,0.00103294,0.013713,0.021483,0.00186171,0.05,300,300,300,300,300,300,123,210,218,91,95,119,54,58,66
baseline,-1,550,6,0.422369,0.0479483,0.279703,0.90135,1510.44,3.42074,5.02339,0.51517,0.00439717,0.0119967,0.00360299,0.0215795,1.33662,1.148,1.30265,0.148058,0,0,-1,277,1,0.161624,0.461353,1.29465,0.195007,0,1487.29,0.00103294,0.013713,0.021483,0.00186171,0.05,300,300,300,300,300,300,119,277,300,59,63,71,56,60,68
baseline,-1,551,1,0.217025,0.0604166,0.120186,0.988938,1721.05,0.660511,5.73462,0.211136,0.00360438,0.0328706,0.00274046,0.0235036,0.965749,0.971158,0.792833,0.191613,1,1,16,101,1,0.0297316,0.214164,0.888099,0.317564,1,1556.15,0.00103294,0.013713,0.021483,0.00186171,0.05,300,300,300,300,300,300,90,101,145,69,89,97,57,61,69
baseline,-1,552,6,0.437239,0.0337717,0.25382,1.05633,1401.62,2.93659,4.66229,0.537017,0.011324,0.0215081,0.0130448,0.0331824,1.00724,0.842879,1.24029,0.637965,0,0,29,142,1,0.392589,1.78115,0.607486,0.645286,1,1243.36,0.00103294,0.013713,0.021483,0.00186171,0.05,300,300,300,300,300,300,106,142,300,64,68,76,51,55,63
baseline,-1,553,7,0.424367,0.0213927,0.13377,1.00578,1177.08,16.4897,3.86863,1.25778,0.0102596,0.0141124,0.00764897,0.0251535,1.08308,0.519558,0.67871,0.41963,0,0,7,157,1,0.240234,0.036279,0.968181,0.114015,0,999.142,0.00103294,0.013713,0.021483,0.00186171,0.05,300,300,300,300,300,300,114,157,165,70,74,82,59,63,71
baseline,-1,554,4,0.410676,0.0842211,0.0774307,1.04081,2813.94,1.28275,9.37552,0.419448,0.00802153,0.0292631,0.0097009,0.0275261,0.957729,0.638028,1.10034,0.0460249,1,1,69,156,1,0.180291,0.654151,0.919613,0.125797,1,2673.25,0.00103294,0.013713,0.021483,0.00186171,0.05,300,300,300,300,300,300,129,156,300,99,103,111,68,72,80
baseline,-1,555,7,0.286576,0.0468149,0.213709,1.02671,1935.62,0.041177,6.45193,0.0376403,0.0065347,0.0192804,0.0128829,0.0154339,0.359425,0.815764,1.15858,0.319941,0,0,11,144,1,0.0534176,0.511383,0.900159,0.480362,0,1803.18,0.00103294,0.013713,0.021483,0.00186171,0.05,300,300,300,300,300,300,104,144,234,94,98,106,68,72,104
baseline,-1,556,1,0.369078,0.0350605,0.110628,0.918215,2625.63,1.89041,8.74579,0.322068,0.0130668,0.0240018,0.00765949,0.0236802,1.50664,1.39279,1.21716,0.300396,1,1,0,180,1,0.073416,0.650998,1.17731,0.276296,1,2509.42,0.00103294,0.013713,0.021483,0.00186171,0.05,300,300,300,300,300,300,146,180,300,79,83,91,50,54,62
baseline,-1,557,1,0.378094,0.00442121,0.329353,0.933644,2561.2,0.00283267,8.53734,0.0302395,0.00787069,0.0230688,0.00962881,0.0147217,0.164961,0.363438,0.852273,0.0109852,1,1,0,143,1,0.0755591,0.263002,1.04623,0.0571047,1,2424.04,0.00103294,0.013713,0.021483,0.00186171,0.05,300,300,300,300,300,300,139,143,151,95,99,107,53,57,93
baseline,-1,558,3,0.410521,0.138694,-0.182417,1.06944,1302.72,1.35823,4.33787,0.423024,0.00590679,0.034571,0.00373911,0.0253735,0.743502,0.554398,0.768653,0.66107,0,0,0,201,1,0.129261,0.261848,0.613364,0.712415,0,1226.68,0.00103294,0.013713,0.021483,0.00186171,0.05,300,300,300,300,300,300,180,201,300,62,66,74,48,52,60
baseline,-1,559,1,0.314533,0.0389441,-0.430149,0.941288,2108.36,3.25533,7.01702,0.586549,0.0065758,0.0155204,0.00426266,0.00994615,1.13218,0.853067,1.10568,0.174613,1,1,4,130,1,0.108233,0.625519,1.19315,0.161774,1,1919.01,0.00103294,0.013713,0.021483,0.00186171,0.05,300,300,300,300,300,300,102,130,300,61,65,89,55,59,67
baseline,-1,560,0,0.259637,0.138081,-0.424386,0.968619,2228.66,2.27287,7.42128,0.527933,0.00871423,0.00320907,0.00150321,0.0288395,0.591939,0.392081,1.11869,0.0968183,0,0,4,199,1,0.18374,0.909551,1.09006,0.103544,0,2143.61,0.00103294,0.013713,0.021483,0.00186171,0.05,300,300,300,300,300,300,146,199,300,91,95,114,53,57,65
baseline,-1,561,5,0.350119,0.0888826,-0.27119,0.975719,1979.97,1.3091,6.59554,0.377352,0.00559435,0.00920481,0.00557285,0.026545,0.544457,0.410258,0.838581,0.286093,0,0,12,231,1,0.00559435,0.187642,0.800327,0.196225,0,1914.1,0.00103294,0.013713,0.021483,0.00186171,0.05,300,300,300,300,300,300,115,231,300,67,71,79,67,71,79
baseline,-1,562,3,0.312738,0.198659,-0.0755731,0.937555,2135.5,0.886462,7.11539,0.295383,0.00698861,0.0136003,0.0036025,0.0267139,1.03925,1.04936,1.17804,0.365752,0,0,13,200,1,0.121077,0.585999,1.17804,0.232613,0,2053.75,0.00103294,0.013713,0.021483,0.00186171,0.05,300,300,300,300,300,300,153,200,252,116,120,128,93,97,105
baseline,-1,563,6,0.499061,0.110476,-0.28834,0.90892,1388.19,0.831823,4.62452,0.267354,0.0100245,0.0131016,0.00621828,0.019484,1.37521,1.66342,1.15467,0.671348,1,1,32,171,1,0.16288,0.405968,0.737251,0.576967,1,1274.42,0.00103294,0.013713,0.021483,0.00186171,0.05,300,300,300,300,300,300,110,171,300,69,73,81,46,50,58
baseline,-1,564,1,0.325202,0.0988712,0.172639,0.96695,1266.33,6.08354,4.20082,0.856074,0.00952012,0.008097,0.00413046,0.00630198,0.851471,0.564727,1.22767,0.590178,1,1,3,90,1,0.0738675,0.0750284,0.491502,0.096099,1,1060.84,0.00103294,0.013713,0.021483,0.00186171,0.05,300,300,300,300,300,300,86,90,98,67,71,79,58,62,70
baseline,-1,565,3,0.483641,0.09639,-0.0790354,1.07355,2268.5,6.50974,7.53998,0.780334,0.000826503,0.00827875,0.0105928,0.0308902,1.39804,1.03953,0.80711,0.0899357,0,0,-1,95,1,0.123553,0.0986206,0.0765253,0.0560229,0,2082.92,0.00103294,0.013713,0.021483,0.00186171,0.05,300,300,300,300,300,300,91,95,103,76,80,88,65,69,77
baseline,-1,566,6,0.364406,0.134291,-0.34477,1.03565,2392.4,0.50032,7.97301,0.261954,0.00630379,0.0271181,0.0107189,0.0265715,0.442695,0.493876,1.09564,0.405904,1,1,36,219,1,0.214735,0.44428,1.07672,0.431719,1,2320.82,0.00103294,0.013713,0.021483,0.00186171,0.05,300,300,300,300,300,300,144,219,300,86,90,98,66,70,78
baseline,-1,567,5,0.395735,0.072148,0.425581,1.01075,1408.59,0.580484,4.69336,0.21051,0.00509244,0.00813748,0.00203885,0.020831,0.889735,1.13747,0.813008,0.287709,0,0,1,137,1,0.0979868,0.458515,0.723614,0.176718,0,1288.05,0.00103294,0.013713,0.021483,0.00186171,0.05,300,300,300,300,300,300,108,137,300,80,84,92,58,62,70
baseline,-1,568,2,0.328201,0.160522,0.443951,1.08199,1350.58,0.029405,4.50182,0.00971388,0.00311637,0.0253163,0.00432333,0.0135189,0.59627,1.27885,0.919476,0.205934,0,0,-1,135,1,0.142889,0.690971,0.82567,0.20697,0,1226.85,0.00103294,0.013713,0.021483,0.00186171,0.05,300,300,300,300,300,300,131,135,143,127,131,139,125,129,137
baseline,-1,569,1,0.333412,0.161142,-0.0559472,1.02698,1945.87,2.84451,6.47675,0.544495,0.00610921,0.0182913,0.0069204,0.0235812,1.15093,0.986107,0.93817,0.255264,1,1,28,243,1,0.123296,0.54105,0.847287,0.283289,1,1893.25,0.00103294,0.013713,0.021483,0.00186171,0.05,300,300,300,300,300,300,132,243,300,122,126,134,65,69,77
baseline,-1,570,5,0.318504,0.188776,0.204994,0.957661,1569.66,0.283793,5.23125,0.179772,0.0124212,0.0245171,0.00378082,0.0274346,0.52575,0.60114,1.0548,0.506401,0,0,-1,232,1,0.105167,0.590017,1.26618,0.466433,0,1503.22,0.00103294,0.013713,0.021483,0.00186171,0.05,300,300,300,300,300,300,175,232,300,71,75,83,62,66,74
baseline,-1,571,2,0.384757,0.135001,-0.402162,0.937353,2047.16,0.221307,6.82312,0.150648,0.0471364,0.0161018,0.00805839,0.0256422,0.722187,0.841303,0.976192,0.265044,0,0,-1,203,1,0.128383,0.865195,0.945302,0.266524,0,1970.94,0.00103294,0.013713,0.021483,0.00186171,0.05,300,300,300,300,300,300,149,203,300,59,63,88,47,51,59
baseline,-1,572,4,0.422544,0.024223,-0.139129,0.949296,2266.02,0.835205,7.5506,0.246108,0.00888781,0.0170525,0.00357322,0.0304879,1.19121,1.72261,0.626634,0.350413,1,1,79,137,1,0.0298638,0.0294097,0.24729,0.104889,1,2144.3,0.00103294,0.013713,0.021483,0.00186171,0.05,300,300,300,300,300,300,133,137,145,79,83,91,64,68,76
baseline,-1,573,7,0.435056,0.0242135,-0.215283,1.06043,1852.78,1.32127,6.17154,0.461702,0.00134536,0.00862631,0.00403832,0.0260833,1.78697,0.761896,0.749095,0.471,0,0,7,86,1,0.126438,0.0118375,0.0968129,0.0738351,0,1670.52,0.00103294,0.013713,0.021483,0.00186171,0.05,300,300,300,300,300,300,82,86,94,58,62,70,45,49,57
baseline,-1,574,5,0.159894,0.166691,0.405741,1.04438,1934.72,3.22809,6.43832,0.581724,0.0115021,0.00578692,0.00416279,0.00876958,0.716182,0.354718,1.10651,0.401523,0,0,0,195,1,0.0848812,0.174266,1.04525,0.383703,0,1849.04,0.00103294,0.013713,0.021483,0.00186171,0.05,300,300,300,300,300,300,117,195,203,68,72,80,49,53,77
baseline,-1,575,4,0.519521,0.0529543,-0.297337,1.05611,1512.65,3.64497,5.03,0.634855,0.0212672,0.0189821,0.00342164,0.0259839,0.361434,0.202407,0.926566,0.489532,0,0,-1,263,1,0.109108,1.74405,1.07385,0.524591,0,1455,0.00103294,0.013713,0.021483,0.00186171,0.05,300,300,300,300,300,300,133,263,300,60,82,90,51,55,63
baseline,-1,576,7,0.544907,0.143163,-0.00714266,1.09842,1902.59,1.47699,6.33705,0.369092,0.0080748,0.0149979,0.00857131,0.0182112,0.323417,0.298035,1.33448,0.109081,0,0,-1,134,1,0.0204915,0.273143,1.16066,0.223892,0,1816.59,0.00103294,0.013713,0.021483,0.00186171,0.05,300,300,300,300,300,300,100,134,212,84,88,106,63,67,75
baseline,-1,577,1,0.489248,0.0905505,-0.00639546,0.974612,1883.06,3.1193,6.26648,0.5286,0.00699158,0.0300773,0.00317095,0.0318712,1.05796,0.751604,1.56466,0.307968,1,1,10,99,1,0.436791,0.0545833,1.27228,0.449125,1,1792.95,0.00103294,0.013713,0.021483,0.00186171,0.05,300,300,300,300,300,300,95,99,107,72,92,100,55,59,67
baseline,-1,578,1,0.592375,0.149617,0.48531,0.93111,2241.12,0.573438,7.4685,0.265277,0.0072729,0.0255595,0.0058606,0.0408902,0.535198,0.494795,1.59786,0.453394,1,1,27,201,1,0.0575197,0.363278,1.51785,0.399749,1,2163.08,0.00103294,0.013713,0.021483,0.00186171,0.05,300,300,300,300,300,300,121,201,300,119,123,131,86,90,98
baseline,-1,579,0,0.429335,0.105952,-0.458105,0.996483,1490.66,0.567244,4.96697,0.183329,0.00551749,0.0234188,0.00396394,0.0106797,1.05809,1.7165,1.41825,0.273974,0,0,19,127,1,0.102315,0.390105,1.27864,0.167843,1,1341.76,0.00103294,0.013713,0.021483,0.00186171,0.05,300,300,300,300,300,300,123,127,300,70,74,82,50,54,62
baseline,-1,580,2,0.419978,0.0975649,0.272416,0.924887,2806.51,0.166239,9.35447,0.128171,0.00827303,0.0225966,0.0079858,0.0437195,0.586993,0.829179,1.33911,0.426693,0,0,25,148,1,0.181283,1.13087,1.01441,0.493354,0,2663.91,0.00103294,0.013713,0.021483,0.00186171,0.05,300,300,300,300,300,300,144,148,300,104,108,116,76,80,88
baseline,-1,581,3,0.333415,0.00316126,0.0337983,0.974163,1085.74,0.00670103,3.6191,0.0547703,0.0136647,0.00815607,0.0119311,0.0187211,0.54126,0.78906,0.900833,0.446527,0,0,-1,186,1,0.233111,1.00406,0.777828,0.415057,0,983.966,0.00103294,0.013713,0.021483,0.00186171,0.05,300,300,300,300,300,300,148,186,300,55,59,67,48,52,60
baseline,-1,582,4,0.348768,0.101697,-0.388309,0.92909,1693.58,3.20981,5.63457,0.555687,0.00783046,0.00924646,0.00807149,0.0320584,0.74332,0.474446,1.06767,0.356284,0,0,35,146,1,0.14398,0.414108,0.682282,0.275281,0,1567.73,0.00103294,0.013713,0.021483,0.00186171,0.05,300,300,300,300,300,300,115,146,300,66,70,78,52,56,64
baseline,-1,583,2,0.312457,0.132993,-0.290467,1.09382,2137.79,0.089555,7.12567,0.111586,0.00954178,0.0228791,0.00371514,0.0202046,0.526198,0.628368,1.02186,0.301287,0,0,-1,135,1,0.0899391,0.302822,0.898888,0.0256029,0,2009.27,0.00103294,0.013713,0.021483,0.00186171,0.05,300,300,300,300,300,300,105,135,188,64,68,76,49,53,61
baseline,-1,584,0,0.265366,0.192702,-0.180619,0.919902,2132.05,0.14995,7.10634,0.112553,0.0072148,0.011954,0.00368734,0.0128283,1.09611,1.29899,0.806897,0.233662,0,0,0,135,1,0.186988,0.544217,0.848243,0.308754,0,2007.2,0.00103294,0.013713,0.021483,0.00186171,0.05,300,300,300,300,300,300,124,135,300,75,79,127,46,50,58
baseline,-1,585,2,0.0982737,0.176931,0.168968,1.05564,1138.24,0.484046,3.79251,0.240275,0.00379898,0.0264867,0.00758172,0.0212124,0.466007,0.42794,1.05238,0.19885,0,0,-1,88,1,0.0343818,0.028269,0.622982,0.266054,0,998.017,0.00103294,0.013713,0.021483,0.00186171,0.05,300,300,300,300,300,300,84,88,96,66,70,78,52,56,64
baseline,-1,586,3,0.643643,0.0616856,0.423902,1.04285,1195.85,1.1697,3.98228,0.345222,0.0174078,0.0297816,0.00452433,0.0281836,0.928419,0.862389,1.10712,0.267265,0,0,5,227,1,0.057531,0.606729,1.06839,0.2603,0,1136.77,0.00103294,0.013713,0.021483,0.00186171,0.05,300,300,300,300,300,300,192,227,300,58,62,70,42,46,54
baseline,-1,587,6,0.222874,0.101715,-0.0357014,0.968995,2054.46,0.718913,6.84581,0.296765,0.0102449,0.0178764,0.0036214,0.0152189,0.405625,0.39656,0.59739,0.130303,0,1.6262e-30,2,165,1,0.193074,0.848018,0.824399,0.277089,0,1931.29,0.00103294,0.013713,0.021483,0.00186171,0.05,300,300,300,300,300,300,161,165,173,97,101,109,81,85,93
baseline,-1,588,5,0.381977,0.157651,0.41638,1.04897,1301.43,2.11216,4.33105,0.417186,0.0105211,0.0162587,0.00645132,0.0210458,1.23123,1.34814,0.6683,0.39971,0,0,21,104,1,0.163676,0.0394208,0.124613,0.0515614,1,1152.42,0.00103294,0.013713,0.021483,0.00186171,0.05,300,300,300,300,300,300,100,104,112,75,79,87,59,63,71
baseline,-1,589,6,0.437738,0.0434603,-0.315759,1.07074,1844.66,0.186994,6.14823,0.0732808,0.00868436,0.0174531,0.00506044,0.0184021,0.79333,1.66419,0.734688,0.278458,1,1,0,110,1,0.423748,0.28577,0.732312,0.458083,0,1761.19,0.00103294,0.013713,0.021483,0.00186171,0.05,300,300,300,300,300,300,106,110,118,91,95,118,40,44,81
baseline,-1,590,1,0.408937,0.158849,0.384256,1.09526,1884.16,3.30705,6.26949,0.583091,0.0149548,0.00942655,0.00661579,0.0168791,0.500766,0.0989553,0.725718,0.535037,1,1,21,117,1,0.0856006,0.121211,0.931679,0.340246,1,1810.68,0.00103294,0.013713,0.021483,0.00186171,0.05,300,300,300,300,300,300,113,117,125,101,105,113,62,66,108
baseline,-1,591,3,0.465211,0.13267,0.110386,0.985223,1476.38,0.301865,4.92026,0.169305,0.0182521,0.0288541,0.00742136,0.0475526,0.663353,0.770722,0.709809,0.667177,0,0,-1,219,1,0.232632,0.850386,0.739053,0.865267,0,1415.45,0.00103294,0.013713,0.021483,0.00186171,0.05,300,300,300,300,300,300,174,219,300,71,83,91,68,72,90
baseline,-1,592,6,0.646811,0.15239,-0.406551,0.989567,1698.09,0.118617,5.6599,0.055632,0.00803127,0.0127884,0.0140661,0.0144687,1.02946,1.28391,0.443385,0.195685,1,1,0,179,1,0.109622,0.368346,0.450894,0.438248,1,1593.86,0.00103294,0.013713,0.021483,0.00186171,0.05,300,300,300,300,300,300,149,179,300,81,85,93,53,57,65
baseline,-1,593,0,0.581155,0.176812,0.0407912,1.07692,1267.45,0.991338,4.22153,0.267461,0.0107286,0.00607563,0.00625109,0.0308752,0.997144,1.15917,0.636277,0.0846152,0,9.08745e-14,22,101,1,0.187266,0.101853,0.722845,0.179918,1,1221.5,0.00103294,0.013713,0.021483,0.00186171,0.05,300,300,300,300,300,300,97,101,109,49,53,61,38,42,50
baseline,-1,594,5,0.454296,0.195294,-0.0715504,0.985017,1683.14,0.270847,5.60957,0.189577,0.0056268,0.0225769,0.00601424,0.042654,0.408293,0.481341,1.05481,0.197208,0,0,23,300,0,0.189577,0.408293,1.05481,0.197208,0,1682.87,0.00103294,0.013713,0.021483,0.00186171,0.05,300,300,300,300,300,300,192,300,300,147,151,159,111,115,123
baseline,-1,595,4,0.36738,0.00480042,-0.413533,0.966898,2255.68,0.360751,7.51774,0.259253,0.00801562,0.0113754,0.00365865,0.0246339,0.834219,0.630621,1.11587,0.402896,0,0,60,129,1,0.174894,0.614717,1.03422,0.372633,0,2098.43,0.00103294,0.013713,0.021483,0.00186171,0.05,300,300,300,300,300,300,125,129,300,76,88,96,56,67,75
baseline,-1,596,1,0.38462,0.0356206,0.0912712,1.09067,1630.53,9.94428,5.40196,1.00797,0.092609,0.0162333,0.00800516,0.0424431,0.721608,0.272374,0.428023,0.518756,1,1,0,92,1,0.941053,0.667709,0.544198,0.588667,1,1547.53,0.00103294,0.013713,0.021483,0.00186171,0.05,300,300,300,300,300,300,88,92,100,71,75,83,52,56,64
baseline,-1,597,5,0.306515,0.0108906,0.495097,1.03744,1951.29,2.15487,6.49713,0.432599,0.0192568,0.0312967,0.00539854,0.024525,1.09689,0.96059,1.26711,0.607282,0,0,0,178,1,0.0694537,0.484118,1.32006,0.569763,0,1858.9,0.00103294,0.013713,0.021483,0.00186171,0.05,300,300,300,300,300,300,139,178,300,96,100,108,84,88,96
baseline,-1,598,0,0.258896,0.00694849,-0.498993,1.07009,2582.35,0.538183,8.60604,0.2059,0.00820171,0.0231251,0.00846583,0.0264105,1.29898,1.4808,0.984411,0.40462,0,0,2,211,1,0.00971805,0.2719,0.959445,0.351123,0,2506.14,0.00103294,0.013713,0.021483,0.00186171,0.05,300,300,300,300,300,300,111,211,300,81,85,93,58,62,70
baseline,-1,599,4,0.454339,0.105327,-0.365408,1.07964,2473.1,0.0175139,8.2436,0.0666783,0.00736103,0.0277135,0.0113251,0.0185306,0.122978,0.218515,1.17433,0.537716,1,1,25,133,1,0.0832804,0.0424845,0.437297,0.197658,1,2342.38,0.00103294,0.013713,0.021483,0.00186171,0.05,300,300,300,300,300,300,129,133,141,105,109,117,86,90,98
baseline,-1,600,6,0.228197,0.014291,0.252511,0.978167,9074.75,4.42685,30.2344,0.699303,0.0986272,0.0216841,0.00538642,0.0268423,0.414916,0.11691,0.45048,0.358309,0,0,111,160,1,0.336193,0.114811,0.494393,0.0288189,0,8988.4,0.00103294,0.013713,0.021483,0.00186171,0.05,300,300,300,300,300,300,156,160,168,148,152,160,118,122,130
baseline,-1,601,7,0.533871,0.170279,0.478835,1.07902,1405.15,0.0252271,4.68374,0.0665812,0.000568801,0.0334337,0.00497956,0.0283802,0.430513,0.61538,0.796542,0.333769,0,0,129,148,1,0.48153,0.376999,0.654653,0.481121,1,1329.38,0.00103294,0.013713,0.021483,0.00186171,0.05,300,300,300,300,300,300,144,148,156,111,115,123,109,113,121
baseline,-1,602,2,0.268502,0.185172,0.201855,0.920834,1890.73,6.71062,6.28008,0.8647,0.00642996,0.0148378,0.00593157,0.040616,0.887359,0.589731,0.71855,0.263484,0,0,27,205,1,0.0261036,0.502381,0.579981,0.216322,0,1795.9,0.00103294,0.013713,0.021483,0.00186171,0.05,300,300,300,300,300,300,156,205,283,150,154,162,90,94,102
baseline,-1,603,4,0.487031,0.137528,0.312953,1.02519,3027.76,0.384882,10.0913,0.220547,0.00480226,0.0132851,0.00273478,0.0212589,0.453015,0.431532,0.577841,0.430237,0,0,-1,268,1,0.0310703,0.174271,0.527285,0.329075,0,2998.96,0.00103294,0.013713,0.021483,0.00186171,0.05,300,300,300,300,300,300,133,268,300,81,98,106,79,97,105
baseline,-1,604,6,0.294278,0.195226,-0.0246736,1.07038,2004.26,0.015854,6.68081,0.0552616,0.00461447,0.0264533,0.00418855,0.0198948,0.220236,0.381737,0.76327,0.670912,0,0,-1,204,1,0.420922,1.09416,0.79218,0.739931,0,1925.24,0.00103294,0.013713,0.021483,0.00186171,0.05,300,300,300,300,300,300,146,204,268,108,112,120,83,87,95
baseline,-1,605,6,0.409752,0.174352,0.0521256,1.03061,1706.95,0.806652,5.68716,0.368754,0.0083039,0.0309355,0.00539506,0.0311535,0.697354,0.514338,1.31633,0.29372,0,0,51,176,1,0.0352531,0.280947,1.25724,0.271759,1,1589.07,0.00103294,0.013713,0.021483,0.00186171,0.05,300,300,300,300,300,300,102,176,300,91,95,103,69,73,81
baseline,-1,606,3,0.153075,0.146172,-0.499011,1.00155,2160.91,1.27377,7.19877,0.370032,0.0059014,0.0138941,0.0031701,0.0535356,1.46517,1.4283,0.833937,0.483269,0,0,22,162,1,0.0940367,0.203575,0.953459,0.396377,0,2037.46,0.00103294,0.013713,0.021483,0.00186171,0.05,300,300,300,300,300,300,123,162,170,60,64,72,53,57,65
baseline,-1,607,2,0.440661,0.0255853,-0.0722042,0.937929,1528.26,0.0921027,5.0939,0.0726961,0.0173318,0.00542311,0.00462135,0.0361849,0.784582,1.47476,0.763593,0.325177,0,0,41,217,1,0.0722205,0.226069,0.671538,0.325542,0,1458.9,0.00103294,0.013713,0.021483,0.00186171,0.05,300,300,300,300,300,300,174,217,225,61,65,73,46,50,58
baseline,-1,608,2,0.56081,0.174981,0.194964,1.03889,2191.96,0.0625004,7.30632,0.0860539,0.00129263,0.0080682,0.0036709,0.0137437,0.54595,0.825725,1.11029,0.175079,0,0,26,123,1,0.00129263,0.286273,0.366029,0.0299102,0,2055.69,0.00103294,0.013713,0.021483,0.00186171,0.05,300,300,300,300,300,300,119,123,300,76,80,88,57,61,69
baseline,-1,609,4,0.585245,0.161374,-0.245242,1.07628,2181.43,2.99054,7.26147,0.533682,0.0130761,0.0146991,0.00524463,0.0497071,1.20621,1.04324,1.12261,0.555069,0,0,15,250,1,0.0699639,0.658411,1.0717,0.509884,0,2138.28,0.00103294,0.013713,0.021483,0.00186171,0.05,300,300,300,300,300,300,155,250,300,68,72,80,48,52,60
baseline,-1,610,3,0.37607,0.0905037,-0.366805,0.959527,1374.29,0.458306,4.57945,0.219765,0.0164739,0.0172268,0.00521387,0.0246641,0.650985,0.583526,0.946728,0.385353,0,0,-1,172,1,0.230001,1.10489,0.878327,0.368059,0,1270.01,0.00103294,0.013713,0.021483,0.00186171,0.05,300,300,300,300,300,300,115,172,300,50,54,62,42,46,54
baseline,-1,611,1,0.370225,0.192199,-0.456259,1.09395,2012.6,1.27692,6.7044,0.321007,0.00987853,0.0208278,0.00521758,0.0321195,1.84039,1.56511,1.37181,0.439854,1,1,0,105,1,0.13762,1.01621,1.17333,0.431334,1,1870.48,0.00103294,0.013713,0.021483,0.00186171,0.05,300,300,300,300,300,300,101,105,184,46,50,71,41,45,53
baseline,-1,612,0,0.414197,0.0413591,0.193499,1.07427,1218.54,1.1719,4.0579,0.367801,0.0115295,0.0125763,0.00605766,0.043469,0.644075,0.46126,1.02608,0.67623,0,0,-1,121,1,0.0556737,0.314353,0.677212,0.536484,0,1066.77,0.00103294,0.013713,0.021483,0.00186171,0.05,300,300,300,300,300,300,92,121,300,66,70,78,54,58,66
baseline,-1,613,0,0.284876,0.169111,0.288743,1.07329,1689.99,3.16016,5.62277,0.523986,0.00378539,0.0101777,0.00582324,0.0127475,1.3818,1.37834,0.912933,0.472428,0,0,20,203,1,0.119347,0.257593,0.965523,0.456581,0,1610.83,0.00103294,0.013713,0.021483,0.00186171,0.05,300,300,300,300,300,300,148,203,211,142,146,154,59,63,71
baseline,-1,614,4,0.391954,0.198224,0.422437,0.972186,1635.12,0.409839,5.44903,0.176114,0.013064,0.0147755,0.00343446,0.024403,0.928232,1.45244,1.45756,0.487294,1,1,77,211,1,0.13056,0.426406,1.42084,0.501615,1,1565.15,0.00103294,0.013713,0.021483,0.00186171,0.05,300,300,300,300,300,300,207,211,300,80,84,92,63,67,75
baseline,-1,615,2,0.30756,0.153783,0.412459,1.06569,1311.64,2.55933,4.36359,0.443308,0.01212,0.0232994,0.00382269,0.0317825,1.4668,1.71367,1.04118,0.300293,0,0,-1,216,1,0.126024,0.567631,1.09443,0.330471,0,1242.18,0.00103294,0.013713,0.021483,0.00186171,0.05,300,300,300,300,300,300,96,216,300,93,97,105,69,73,101
baseline,-1,616,1,0.514192,0.0191162,0.317078,1.02101,1934.36,0.902617,6.44487,0.335657,0.00817204,0.0108432,0.00481087,0.0350872,0.628064,0.401468,1.07499,0.0593117,1,1,140,193,1,0.0374583,0.213001,1.12934,0.0592528,1,1847.46,0.00103294,0.013713,0.021483,0.00186171,0.05,300,300,300,300,300,300,156,193,238,143,147,155,143,147,155
baseline,-1,617,5,0.403696,0.0460918,0.381104,0.930215,2556.49,2.05958,8.51477,0.474911,0.00510102,0.0231941,0.00601731,0.020473,0.607388,0.437907,0.735891,0.200747,0,0,5,193,1,0.0243054,0.31608,0.583424,0.107315,0,2466.04,0.00103294,0.013713,0.021483,0.00186171,0.05,300,300,300,300,300,300,115,193,300,98,102,110,67,71,79
baseline,-1,618,2,0.219442,0.130435,-0.398807,0.911902,2189.93,1.07609,7.29619,0.389596,0.00465703,0.0198023,0.00425725,0.036426,0.526793,0.306961,0.758224,0.367347,0,0,-1,200,1,0.210889,1.30533,0.806652,0.3623,0,2119.27,0.00103294,0.013713,0.021483,0.00186171,0.05,300,300,300,300,300,300,149,200,270,62,66,74,46,50,58
baseline,-1,619,4,0.418614,0.0718075,-0.280436,0.998535,1778.98,0.442198,5.92845,0.215053,0.00646483,0.0147799,0.0128045,0.0234001,1.04572,1.21018,0.846359,0.431479,1,1,30,86,1,0.293451,0.097536,0.090468,0.0574183,1,1633.64,0.00103294,0.013713,0.021483,0.00186171,0.05,300,300,300,300,300,300,82,86,94,62,66,74,44,48,56
baseline,-1,620,4,0.177286,0.00935001,-0.436536,0.909641,1735.69,0.834882,5.78286,0.324975,0.00620894,0.0103747,0.0060228,0.0451862,0.691007,0.69041,0.994348,0.162809,1,1,12,86,1,0.203998,0.0732128,0.216428,0.0266022,1,1569.53,0.00103294,0.013713,0.021483,0.00186171,0.05,300,300,300,300,300,300,82,86,94,62,66,74,47,51,59
baseline,-1,621,3,0.438649,0.0748778,0.0505346,0.978742,1451.81,1.93187,4.83292,0.415601,0.00704336,0.0124926,0.00523597,0.0270595,1.16314,1.45502,0.792309,0.115293,0,0,0,166,1,0.0453138,0.26219,0.816502,0.134554,0,1335.53,0.00103294,0.013713,0.021483,0.00186171,0.05,300,300,300,300,300,300,127,166,218,69,73,81,56,60,68
baseline,-1,622,4,0.515341,0.024046,0.299068,0.9912,2094.14,10.6039,6.94511,1.03233,0.0448482,0.0094617,0.0075682,0.0180538,0.886987,0.290402,1.03572,0.702181,0,0,231,167,1,0.27754,0.172584,1.25054,0.528082,0,1856.96,0.00103294,0.013713,0.021483,0.00186171,0.05,300,300,300,300,300,300,163,167,175,87,91,99,39,43,65
baseline,-1,623,3,0.339239,0.150286,0.149925,0.989152,2200.34,1.14324,7.33065,0.34864,0.00576853,0.00811579,0.0126051,0.0363215,0.975548,0.905583,0.809996,0.333589,0,0,26,140,1,0.115724,0.689136,0.802155,0.312633,0,2072.05,0.00103294,0.013713,0.021483,0.00186171,0.05,300,300,300,300,300,300,136,140,300,89,93,101,64,68,76
baseline,-1,624,0,0.446114,0.0648959,-0.136039,0.921746,1976.71,0.455473,6.5875,0.206922,0.00698622,0.0434705,0.00869366,0.0242213,1.46479,1.32287,0.790573,0.166407,0,0,19,144,1,0.143563,0.196966,1.28395,0.346294,0,1828.9,0.00103294,0.013713,0.021483,0.00186171,0.05,300,300,300,300,300,300,130,144,152,107,111,119,82,86,94
baseline,-1,625,6,0.43079,0.159153,0.286615,1.00333,1156.99,0.12325,3.85623,0.153603,0.0235826,0.019562,0.00496219,0.0336806,0.31233,0.311944,1.22606,0.196227,1,1,0,195,1,0.0619589,0.375733,1.23296,0.166404,1,1074.6,0.00103294,0.013713,0.021483,0.00186171,0.05,300,300,300,300,300,300,144,195,300,93,97,105,53,57,65
baseline,-1,626,1,0.214992,0.130062,0.350068,0.920724,1508.01,2.66006,5.01782,0.512462,0.00647385,0.016394,0.00633484,0.0192435,1.09935,1.02514,1.2675,0.307307,1,1,9,142,1,0.0819869,0.232524,1.20921,0.221044,1,1408.8,0.00103294,0.013713,0.021483,0.00186171,0.05,300,300,300,300,300,300,128,142,187,83,87,95,66,70,78
baseline,-1,627,5,0.184735,0.0661894,0.0319254,1.05093,1558.5,0.0761017,5.19474,0.0571094,0.00197876,0.0205898,0.00296222,0.0256469,0.690963,1.30991,1.22032,0.275347,0,0,16,170,1,0.0971434,0.294821,1.01809,0.228181,0,1450.96,0.00103294,0.013713,0.021483,0.00186171,0.05,300,300,300,300,300,300,125,170,178,92,104,112,54,58,66
baseline,-1,628,4,0.32169,0.0898685,-0.327102,1.00718,1166.07,0.00666185,3.88687,0.0430323,0.035928,0.00806435,0.00516526,0.0457414,0.297509,0.564298,1.00841,0.319647,0,0,94,85,1,0.229875,0.145322,0.762018,0.449843,0,1093.26,0.00103294,0.013713,0.021483,0.00186171,0.05,300,300,300,300,300,300,81,85,110,56,60,68,41,45,53
baseline,-1,629,6,0.321819,0.0785967,0.145669,1.00259,1412.39,1.76942,4.70206,0.396538,0.0119535,0.0271776,0.00357603,0.0220255,1.27778,1.22895,0.89256,0.419815,0,0,-1,167,1,0.092701,0.275163,0.737498,0.365468,0,1303.04,0.00103294,0.013713,0.021483,0.00186171,0.05,300,300,300,300,300,300,93,167,254,77,81,89,60,64,72
baseline,-1,630,0,0.309441,0.10928,-0.468482,0.958768,2315.76,0.187082,7.71857,0.101483,0.00373411,0.0268109,0.00335112,0.0103982,0.848598,1.70974,0.790558,0.545461,0,0,0,228,1,0.0494434,0.173128,0.862133,0.430743,0,2242.04,0.00103294,0.013713,0.021483,0.00186171,0.05,300,300,300,300,300,300,147,228,236,74,78,86,50,54,62
baseline,-1,631,1,0.39532,0.186222,-0.401563,1.00103,1405.31,0.0176961,4.6843,0.0502818,0.0105592,0.0142244,0.00343559,0.0199379,0.434871,0.995474,0.869631,0.39856,1,1,150,185,1,0.033059,0.144155,0.935387,0.315905,1,1303.79,0.00103294,0.013713,0.021483,0.00186171,0.05,300,300,300,300,300,300,176,185,300,95,99,107,52,56,64
baseline,-1,632,7,0.465202,0.071927,0.355831,1.05072,1761.67,0.717052,5.86984,0.302812,0.0193906,0.0207485,0.00692463,0.0187331,0.608446,0.482198,0.644984,0.103554,0,0,27,191,1,0.189065,0.722937,0.716465,0.0796214,0,1680.04,0.00103294,0.013713,0.021483,0.00186171,0.05,300,300,300,300,300,300,134,191,300,112,116,124,92,96,104
baseline,-1,633,2,0.493552,0.131559,-0.420882,0.972814,2077.12,2.73313,6.91463,0.507944,0.00561049,0.0254439,0.00343832,0.0185417,1.32941,1.01398,0.787818,0.0656484,0,0,15,208,1,0.0685846,0.703457,0.687592,0.0927081,0,2003.8,0.00103294,0.013713,0.021483,0.00186171,0.05,300,300,300,300,300,300,152,208,300,139,143,151,96,100,108
baseline,-1,634,2,0.3272,0.167255,-0.384775,0.909985,1959.81,1.33734,6.52823,0.327213,0.0097794,0.0314391,0.00765475,0.0123375,1.20128,1.19155,1.12765,0.292046,0,0,-1,163,1,0.225819,0.884028,0.999556,0.214503,0,1846.64,0.00103294,0.013713,0.021483,0.00186171,0.05,300,300,300,300,300,300,111,163,300,78,82,90,55,59,67
baseline,-1,635,6,0.31378,0.107328,-0.356719,1.00103,2028.69,0.655405,6.76011,0.23969,0.00517537,0.0317636,0.00374775,0.00998413,0.960537,1.06189,1.17329,0.539488,0,0,2,163,1,0.0320132,0.142546,1.15778,0.443037,0,1926.13,0.00103294,0.013713,0.021483,0.00186171,0.05,300,300,300,300,300,300,154,163,300,77,81,89,49,53,61
baseline,-1,636,2,0.468857,0.0675951,-0.147458,1.00371,1560.99,1.84722,5.19713,0.426857,0.0152496,0.021058,0.00647289,0.0451702,1.21763,0.901473,1.12711,0.298248,0,0,0,124,1,0.156525,0.137581,1.25856,0.0613269,0,1416.7,0.00103294,0.013713,0.021483,0.00186171,0.05,300,300,300,300,300,300,120,124,132,83,87,95,61,65,91
baseline,-1,637,5,0.322773,0.0702883,-0.42148,1.02447,2899.18,0.63897,9.6618,0.255001,0.00761662,0.01983,0.00389247,0.0220784,0.756125,0.777945,1.37977,0.246792,0,0,0,300,0,0.255001,0.756125,1.37977,0.246792,0,2898.54,0.00103294,0.013713,0.021483,0.00186171,0.05,300,300,300,300,300,300,119,300,300,116,120,128,82,86,94
baseline,-1,638,5,0.334575,0.0252331,0.164776,1.04634,2159.51,1.02769,7.19496,0.327469,0.00718377,0.0128843,0.0103255,0.0350144,0.692493,0.490234,0.809911,0.0339359,0,0,0,115,1,0.070192,0.00858879,0.199838,0.0264298,0,2004.32,0.00103294,0.013713,0.021483,0.00186171,0.05,300,300,300,300,300,300,111,115,123,80,84,92,66,70,78
baseline,-1,639,6,0.538921,0.156625,0.0901265,0.98438,1277.25,0.176595,4.25691,0.112808,0.00689015,0.029202,0.00405015,0.024069,0.653744,0.94295,0.852335,0.222067,1,1,57,165,1,0.0973305,0.621677,0.739903,0.169288,1,1176.04,0.00103294,0.013713,0.021483,0.00186171,0.05,300,300,300,300,300,300,149,165,300,100,104,112,71,75,83
baseline,-1,640,7,0.265851,0.0717723,0.388058,1.09687,1006.5,0.500789,3.35334,0.21311,0.0208539,0.00883833,0.00501171,0.0306703,1.02326,1.03533,1.18923,0.620992,0,0,0,134,1,0.224857,0.460782,1.11494,0.619195,0,881.393,0.00103294,0.013713,0.021483,0.00186171,0.05,300,300,300,300,300,300,130,134,300,64,68,76,42,46,76
baseline,-1,641,7,0.309374,0.0116538,0.0838805,1.01307,2730.48,14.1867,9.05432,1.19561,0.0415374,0.0299186,0.00820973,0.0159404,1.1909,0.167222,0.582182,0.968137,0,0,1,105,1,0.88618,0.806897,0.84948,0.832407,0,2251.77,0.00103294,0.013713,0.021483,0.00186171,0.05,300,300,300,300,300,300,101,105,113,82,86,94,60,64,72
baseline,-1,642,6,0.468767,0.0715674,0.241418,0.98776,1594.54,0.00473453,5.31512,0.0400017,0.0125723,0.0248631,0.00424936,0.0153106,0.231295,0.423258,1.19052,0.491656,1,1,7,180,1,0.128217,0.765598,1.30414,0.420425,1,1508.83,0.00103294,0.013713,0.021483,0.00186171,0.05,300,300,300,300,300,300,109,180,300,70,74,82,61,65,73
baseline,-1,643,3,0.490726,0.155025,-0.105786,0.946685,1031.54,0.870254,3.43558,0.277636,0.00253124,0.0219354,0.00851025,0.0210025,1.1266,1.22147,1.14384,0.363927,0,0,-1,106,1,0.0455699,0.843179,0.610049,0.342943,0,874.785,0.00103294,0.013713,0.021483,0.00186171,0.05,300,300,300,300,300,300,97,106,220,84,97,105,60,64,72
baseline,-1,644,2,0.412426,0.045649,0.42081,1.02937,2168.97,2.07498,7.22298,0.469359,0.00888167,0.0255064,0.0112695,0.0171647,0.906899,0.559138,1.35752,0.366136,0,0,9,173,1,0.344946,1.42311,0.94155,0.295025,0,2058.52,0.00103294,0.013713,0.021483,0.00186171,0.05,300,300,300,300,300,300,169,173,300,93,97,105,52,56,64
baseline,-1,645,5,0.492474,0.102355,-0.0541527,0.991549,1718.63,0.424759,5.72734,0.174643,0.0156524,0.0195328,0.00226052,0.0128329,0.932165,1.36072,1.44231,0.293174,0,0,5,101,1,0.390625,1.0782,1.38741,0.266764,0,1569.87,0.00103294,0.013713,0.021483,0.00186171,0.05,300,300,300,300,300,300,97,101,261,74,78,86,71,75,83
baseline,-1,646,0,0.258347,0.163247,-0.366801,0.978988,2435.29,0.494872,8.11599,0.222457,0.0391022,0.0256073,0.0115982,0.0178805,0.924267,1.11076,1.15479,0.216619,0,5.95282e-05,1,300,0,0.222457,0.924267,1.15479,0.216619,0,2434.8,0.00103294,0.013713,0.021483,0.00186171,0.05,300,300,300,300,300,300,246,300,300,245,249,277,40,51,59
baseline,-1,647,2,0.323813,0.0211067,-0.183142,1.0303,2369.34,9.94304,7.86464,0.997441,0.0318288,0.0189902,0.00794678,0.0191212,0.987261,0.452171,0.485645,1.21489,0,2.06411e-42,4,111,1,1.75004,1.67896,1.08217,1.20768,0,1640.81,0.00103294,0.013713,0.021483,0.00186171,0.05,300,300,300,300,300,300,107,111,119,67,71,79,60,64,72
baseline,-1,648,0,0.255019,0.188869,-0.278694,0.925512,1839.94,1.9907,6.12649,0.492967,0.0173868,0.0250661,0.00357529,0.0149343,0.882209,0.735087,0.997825,0.244939,0,0,13,155,1,0.0260078,0.246014,0.766612,0.214814,0,1710.29,0.00103294,0.013713,0.021483,0.00186171,0.05,300,300,300,300,300,300,151,155,300,73,77,85,71,75,83
baseline,-1,649,7,0.290555,0.0553897,-0.344649,1.00476,2074.95,0.134424,6.91606,0.0777015,0.0026637,0.0254011,0.00980879,0.011199,0.782592,1.54115,0.707327,0.583817,0,0,22,249,1,0.251953,0.250145,0.870074,0.595821,0,2031.96,0.00103294,0.013713,0.021483,0.00186171,0.05,300,300,300,300,300,300,99,249,257,88,97,121,66,70,121
baseline,-1,650,1,0.561396,0.187733,0.0702707,1.09985,1501.31,0.0325706,5.00426,0.0705277,0.00255202,0.0122212,0.0087972,0.0307894,0.213403,0.357427,1.0871,0.466042,1,1,2,87,1,0.134924,0.0758918,0.133747,0.0412012,0,1346.5,0.00103294,0.013713,0.021483,0.00186171,0.05,300,300,300,300,300,300,83,87,95,64,68,76,41,45,53
baseline,-1,651,4,0.151876,0.108453,0.31998,0.934086,1948.22,0.00127599,6.49407,0.0298424,0.00828432,0.0189374,0.00961562,0.0165993,0.121808,0.35619,0.870636,0.504786,0,0,3,212,1,0.150125,0.437589,0.855667,0.44188,0,1881.23,0.00103294,0.013713,0.021483,0.00186171,0.05,300,300,300,300,300,300,171,212,300,70,74,82,55,59,67
baseline,-1,652,7,0.278968,0.0527604,-0.259171,1.08648,2148.22,0.633605,7.15861,0.289744,0.0171284,0.0246652,0.00823639,0.0143294,0.312988,0.273756,0.850767,0.416362,0,0,11,137,1,0.0225754,0.192905,1.04609,0.348357,0,1994.32,0.00103294,0.013713,0.021483,0.00186171,0.05,300,300,300,300,300,300,126,137,300,89,93,101,88,92,100
baseline,-1,653,5,0.367685,0.192098,0.0533941,0.973466,1236.77,0.543177,4.12076,0.260864,0.00799397,0.026545,0.00386424,0.0288286,0.7538,0.568375,1.33468,0.819207,0,0,0,88,1,0.101634,0.653515,0.910719,0.34722,0,1047.84,0.00103294,0.013713,0.021483,0.00186171,0.05,300,300,300,300,300,300,84,88,300,75,79,87,37,41,49
baseline,-1,654,4,0.431122,0.0609321,0.0643049,1.04496,2057.68,0.461693,6.85739,0.220817,0.00900202,0.0353091,0.00641237,0.00654218,0.548363,0.606624,1.17681,0.120744,0,0,-1,189,1,0.0439937,0.4554,1.1446,0.0947546,0,1960.45,0.00103294,0.013713,0.021483,0.00186171,0.05,300,300,300,300,300,300,102,189,300,73,77,85,56,60,68
baseline,-1,655,2,0.357191,0.139159,-0.267474,0.944633,2444.01,1.57014,8.14148,0.379881,0.00920219,0.00883633,0.00328885,0.0348212,1.61826,1.44499,0.80694,0.306698,0,0,2,206,1,0.0530925,0.175006,0.652243,0.281015,0,2366.27,0.00103294,0.013713,0.021483,0.00186171,0.05,300,300,300,300,300,300,119,206,214,113,117,125,103,107,115
baseline,-1,656,0,0.437784,0.167609,-0.108866,1.05158,1169.62,0.332254,3.89761,0.231292,0.00322118,0.0260208,0.00663661,0.0189957,0.494756,0.582715,1.33288,0.0520171,0,0,1,160,1,0.0475747,0.290535,1.23344,0.0298919,0,1046.71,0.00103294,0.013713,0.021483,0.00186171,0.05,300,300,300,300,300,300,84,160,300,61,65,73,51,55,63
baseline,-1,657,4,0.336416,0.0092762,-0.120474,0.979508,1871.8,1.32699,6.23491,0.294774,0.012524,0.018216,0.00442474,0.0413821,1.55262,2.03596,0.864929,0.407722,0,0,0,133,1,0.0939875,0.11401,1.23644,0.390298,0,1715.88,0.00103294,0.013713,0.021483,0.00186171,0.05,300,300,300,300,300,300,129,133,300,62,66,105,53,62,70
baseline,-1,658,2,0.386563,0.0555927,-0.331034,0.961739,1740.12,2.41335,5.79235,0.387883,0.0178456,0.00848896,0.00565614,0.0219603,1.97717,2.17384,1.04255,0.647853,0,0,-1,259,1,0.0178456,0.351208,0.742133,0.673627,0,1695.81,0.00103294,0.013713,0.021483,0.00186171,0.05,300,300,300,300,300,300,140,259,300,63,67,75,47,51,68
baseline,-1,659,7,0.31192,0.151382,0.19194,0.992999,1114.94,0.167503,3.71591,0.106028,0.00685002,0.0238286,0.00509092,0.0140016,0.866563,1.37581,0.795371,0.45116,0,0,23,300,0,0.106028,0.866563,0.795371,0.45116,0,1114.77,0.00103294,0.013713,0.021483,0.00186171,0.05,300,300,300,300,300,300,89,300,300,71,75,83,62,66,74
baseline,-1,660,1,0.576416,0.17379,0.0106257,0.957404,2305.94,0.0926409,7.68617,0.123538,0.00615369,0.0199806,0.0027861,0.0148002,0.221306,0.248449,1.05789,0.424756,1,1,84,188,1,0.0580368,0.670783,1.02486,0.408083,1,2209.53,0.00103294,0.013713,0.021483,0.00186171,0.05,300,300,300,300,300,300,105,188,300,102,106,114,63,67,75
baseline,-1,661,0,0.368023,0.042462,0.0690925,1.01045,1369.19,12.8606,4.52108,1.17397,0.00692944,0.0247309,0.00850238,0.0275088,0.786864,0.226608,0.528544,0.953703,0,9.91222e-11,0,110,1,0.736422,0.580623,1.05078,0.343077,0,916.582,0.00103294,0.013713,0.021483,0.00186171,0.05,300,300,300,300,300,300,106,110,118,97,101,109,52,56,64
baseline,-1,662,1,0.548802,0.0936502,0.026579,1.03985,1649.14,0.031662,5.49704,0.033612,0.00594253,0.0174238,0.0063567,0.0260004,0.421818,0.738401,0.884003,0.301568,1,1,0,167,1,0.0785133,0.45709,1.04018,0.177537,1,1534.09,0.00103294,0.013713,0.021483,0.00186171,0.05,300,300,300,300,300,300,123,167,300,84,88,96,56,60,68
baseline,-1,663,6,0.471321,0.0353855,-0.41516,1.0871,2262.95,0.21717,7.54243,0.168931,0.0139501,0.0275841,0.00830267,0.032231,0.627938,0.858284,0.751311,0.47227,1,1,36,228,1,0.0435941,0.470538,0.712503,0.421024,1,2198.04,0.00103294,0.013713,0.021483,0.00186171,0.05,300,300,300,300,300,300,86,228,300,60,64,72,49,53,61
baseline,-1,664,4,0.421386,0.0209951,0.183995,1.08987,1604.39,0.12493,5.34756,0.116212,0.00816681,0.00710695,0.00522132,0.0240996,0.663009,0.742827,0.807088,0.0882834,1,1,76,140,1,0.0505791,0.0254482,0.135982,0.0783969,1,1490.17,0.00103294,0.013713,0.021483,0.00186171,0.05,300,300,300,300,300,300,136,140,148,91,95,103,66,70,91
baseline,-1,665,2,0.132824,0.0542712,0.0893129,1.06995,2169.93,3.61057,7.22107,0.576571,0.0114569,0.0155381,0.00351577,0.0425428,1.52143,1.06993,1.22199,0.0898788,0,0,21,173,1,0.288776,1.49724,1.06428,0.0869914,0,2048.43,0.00103294,0.013713,0.021483,0.00186171,0.05,300,300,300,300,300,300,92,173,248,68,72,80,56,60,68
baseline,-1,666,0,0.403697,0.062549,0.26257,0.997999,1477.64,0.0130788,4.92542,0.0508733,0.0409976,0.0291898,0.00508767,0.0230869,0.403195,0.76741,1.28092,0.358906,0,0,2,214,1,0.119746,0.47128,1.23873,0.347176,0,1412.5,0.00103294,0.013713,0.021483,0.00186171,0.05,300,300,300,300,300,300,167,214,300,109,113,121,50,54,72
baseline,-1,667,5,0.396809,0.164193,0.0664632,0.94906,1079.59,1.83428,3.5925,0.406416,0.0172751,0.015119,0.00371722,0.0380036,1.0335,0.876405,1.1712,0.370015,0,0,22,268,1,0.295342,0.563929,1.1728,0.342827,0,1050.21,0.00103294,0.013713,0.021483,0.00186171,0.05,300,300,300,300,300,300,138,268,300,64,68,76,38,42,73
baseline,-1,668,2,0.279455,0.0600403,-0.384916,0.989355,3070.61,9.16174,10.2048,0.977403,0.0122175,0.0260291,0.00294771,0.0276408,0.827512,0.252251,0.454051,1.08963,1,1,113,128,1,2.26663,2.02486,0.466838,1.16136,1,2671.15,0.00103294,0.013713,0.021483,0.00186171,0.05,300,300,300,300,300,300,124,128,136,121,125,133,62,66,74
baseline,-1,669,1,0.406001,0.0346883,0.0840929,1.00596,2845.26,0.395793,9.48287,0.181902,0.0114713,0.0177689,0.00263043,0.0470565,0.524677,0.567496,1.09295,0.341666,1,1,2,152,1,0.114963,0.430836,0.722785,0.0959133,1,2704.26,0.00103294,0.013713,0.021483,0.00186171,0.05,300,300,300,300,300,300,106,152,300,80,84,92,60,64,72
baseline,-1,670,2,0.321894,0.0884443,0.00659823,1.03877,1269.93,1.73079,4.22732,0.372239,0.00339004,0.0171402,0.00576811,0.0260272,1.43103,1.57305,0.829841,0.560813,0,0,-1,133,1,0.0472234,0.194342,0.648708,0.443339,0,1117.71,0.00103294,0.013713,0.021483,0.00186171,0.05,300,300,300,300,300,300,129,133,176,63,67,75,52,56,64
baseline,-1,671,6,0.54255,0.182389,-0.211003,0.995822,2178.05,3.66707,7.24794,0.610781,0.0051686,0.00913898,0.0051749,0.0273364,1.24281,0.929285,1.12093,0.141348,1,1,14,154,1,0.39952,1.43608,1.01752,0.235318,0,2044.42,0.00103294,0.013713,0.021483,0.00186171,0.05,300,300,300,300,300,300,131,154,184,102,106,114,81,85,93
baseline,-1,672,0,0.343561,0.151528,0.292079,1.06617,2157.26,0.236818,7.19008,0.197374,0.0124403,0.0201388,0.00608459,0.0119427,0.304298,0.200689,0.888172,0.642746,0,0,1,224,1,0.0876181,0.187396,0.899028,0.587481,0,2100.78,0.00103294,0.013713,0.021483,0.00186171,0.05,300,300,300,300,300,300,132,224,232,68,72,80,58,62,70
baseline,-1,673,0,0.144667,0.0716484,-0.104374,0.9727,1290.91,4.40839,4.28834,0.628773,0.00666351,0.0299702,0.00739908,0.0248664,1.24073,1.08302,0.929346,0.04952,0,0,1,203,1,0.0452247,0.196461,0.783504,0.0453238,0,1206.28,0.00103294,0.013713,0.021483,0.00186171,0.05,300,300,300,300,300,300,132,203,211,77,81,89,39,43,51
baseline,-1,674,1,0.563212,0.0721342,-0.383248,0.924531,1636.93,2.01034,5.44972,0.481374,0.00533544,0.00582016,0.00485181,0.0211151,1.1606,1.28249,1.50128,0.225414,1,1,77,153,1,0.472726,1.97474,1.32808,0.157989,1,1506.61,0.00103294,0.013713,0.021483,0.00186171,0.05,300,300,300,300,300,300,149,153,279,118,122,130,114,118,126
baseline,-1,675,1,0.452657,0.0909662,-0.487481,1.07153,1627.33,1.0651,5.42089,0.340587,0.0377927,0.0174149,0.0075004,0.0252288,0.792398,0.729151,1.09588,0.362655,1,1,0,300,0,0.340587,0.792398,1.09588,0.362655,1,1626.27,0.00103294,0.013713,0.021483,0.00186171,0.05,300,300,300,300,300,300,141,300,300,62,66,74,46,50,58
baseline,-1,676,7,0.48999,0.125463,-0.293947,1.0965,1702.58,0.602877,5.67325,0.334014,0.0103735,0.0391087,0.00583074,0.0242261,0.853651,0.610732,1.32228,0.202575,0,0,27,156,1,0.0589039,0.151691,1.27511,0.307457,0,1551.3,0.00103294,0.013713,0.021483,0.00186171,0.05,300,300,300,300,300,300,109,156,300,101,105,113,99,103,111
baseline,-1,677,6,0.474215,0.0986194,-0.350253,1.07539,1827.13,0.987539,6.08713,0.337593,0.00701207,0.0178066,0.00505226,0.0161523,0.859944,0.873344,0.545029,0.530602,0,0,-1,90,1,0.037562,0.045857,0.205244,0.0373379,0,1659.63,0.00103294,0.013713,0.021483,0.00186171,0.05,300,300,300,300,300,300,86,90,207,70,74,82,40,44,52
baseline,-1,678,3,0.529828,0.0232035,0.48727,0.959077,1907.93,1.33811,6.35532,0.341962,0.031294,0.0353411,0.00312967,0.0396556,1.3209,1.44743,1.03154,0.120711,0,0,-1,244,1,0.0332707,0.445286,0.943805,0.105734,0,1859.92,0.00103294,0.013713,0.021483,0.00186171,0.05,300,300,300,300,300,300,142,244,300,80,84,92,62,66,87
baseline,-1,679,2,0.301474,0.0230457,-0.401824,0.93903,2504.47,2.10936,8.34121,0.459495,0.0184185,0.00788063,0.00135875,0.0222336,1.12636,1.03016,0.830355,0.419322,0,0,-1,95,1,0.109737,0.0565871,0.156179,0.0231506,0,2336.28,0.00103294,0.013713,0.021483,0.00186171,0.05,300,300,300,300,300,300,91,95,103,66,70,78,51,55,63
baseline,-1,680,3,0.522951,0.084517,0.190272,1.02141,2105,0.286627,7.01572,0.18416,0.00441507,0.0144057,0.0077069,0.0490304,0.443128,0.453923,0.508925,0.558688,0,0,-1,226,1,0.0371335,0.275022,1.01584,0.459043,0,2036.87,0.00103294,0.013713,0.021483,0.00186171,0.05,300,300,300,300,300,300,105,226,265,79,83,91,61,65,73
baseline,-1,681,7,0.366507,0.00380955,-0.320379,0.919648,2353.24,2.57536,7.83556,0.435022,0.00528826,0.0219482,0.0049613,0.00391917,1.24737,1.4698,1.05094,0.384869,0,0,21,95,1,0.19247,0.191493,0.557641,0.247541,0,2255.61,0.00103294,0.013713,0.021483,0.00186171,0.05,300,300,300,300,300,300,91,95,103,69,73,81,40,44,67
baseline,-1,682,1,0.350709,0.0196479,0.0504986,1.08567,2554.54,0.0419479,8.51499,0.0602615,0.00619996,0.0304838,0.0090355,0.0446446,0.423939,0.670821,0.573337,0.238203,1,1,0,113,1,0.0669916,0.65506,0.667332,0.0497977,1,2411.83,0.00103294,0.013713,0.021483,0.00186171,0.05,300,300,300,300,300,300,103,113,300,55,59,67,52,56,64
baseline,-1,683,5,0.339714,0.00233967,-0.00360084,1.02373,1269.57,2.08044,4.22495,0.432273,0.00629047,0.0181345,0.00479015,0.0211368,1.2462,1.27658,1.11086,0.122555,0,0,-1,160,1,0.293179,0.316516,0.900555,0.209974,0,1156.82,0.00103294,0.013713,0.021483,0.00186171,0.05,300,300,300,300,300,300,146,160,168,70,114,154,57,61,69
baseline,-1,684,7,0.367117,0.129289,-0.268444,1.03729,1980.71,0.269701,6.60148,0.163213,0.00382369,0.0148238,0.00423666,0.0216946,0.708687,0.917326,1.28786,0.489817,0,0,8,166,1,0.142038,0.516198,1.12599,0.301683,0,1850.57,0.00103294,0.013713,0.021483,0.00186171,0.05,300,300,300,300,300,300,116,166,300,76,80,88,49,53,61
baseline,-1,685,7,0.356657,0.147585,0.239623,0.982078,2849.02,0.0413473,9.4966,0.0417791,0.0155087,0.0095388,0.0051626,0.0252232,0.439197,0.920304,1.01327,0.369833,0,0,30,300,0,0.0417791,0.439197,1.01327,0.369833,0,2848.98,0.00103294,0.013713,0.021483,0.00186171,0.05,300,300,300,300,300,300,150,300,300,97,101,109,72,76,84
baseline,-1,686,0,0.381853,0.125426,0.0135471,1.0137,2270.46,0.814958,7.56549,0.302405,0.0190935,0.0259532,0.00374446,0.0199387,0.836756,0.557578,1.03785,0.0195755,0,0,1,157,1,0.141515,0.935627,1.14228,0.0633461,1,2150.34,0.00103294,0.013713,0.021483,0.00186171,0.05,300,300,300,300,300,300,153,157,300,109,113,121,78,82,90
baseline,-1,687,6,0.362661,0.196502,0.425625,1.08233,2282.48,0.643404,7.60613,0.225385,0.00868519,0.0290654,0.00222577,0.0452227,1.06932,1.65368,1.32854,0.483165,0,0,71,136,1,0.072037,0.156387,0.978541,0.479484,0,2134.67,0.00103294,0.013713,0.021483,0.00186171,0.05,300,300,300,300,300,300,132,136,259,95,99,131,81,85,106
baseline,-1,688,3,0.38801,0.0831128,0.239587,1.09405,1111.06,0.570852,3.70163,0.192493,0.00902197,0.0276701,0.00220816,0.0199979,1.20484,1.66587,1.16907,0.198465,0,0,-1,147,1,0.68145,0.834298,1.01386,0.369949,0,980.373,0.00103294,0.013713,0.021483,0.00186171,0.05,300,300,300,300,300,300,118,147,155,84,88,96,40,44,52
baseline,-1,689,2,0.443063,0.0998546,0.422056,1.05129,1577.38,1.36164,5.25338,0.323361,0.00723467,0.0133423,0.00492899,0.0159632,1.29802,1.50456,0.747824,0.525702,0,0,-1,95,1,0.0122596,0.0417592,0.134945,0.0234081,0,1410.56,0.00103294,0.013713,0.021483,0.00186171,0.05,300,300,300,300,300,300,91,95,300,77,81,89,57,61,69
baseline,-1,690,2,0.324673,0.120219,-0.0294055,1.04662,1498.38,0.958355,4.99142,0.272224,0.0204142,0.0141592,0.00319451,0.0133296,1.11451,1.21074,0.968624,0.259027,0,0,-1,300,0,0.272224,1.11451,0.968624,0.259027,0,1497.43,0.00103294,0.013713,0.021483,0.00186171,0.05,300,300,300,300,300,300,167,300,300,102,106,114,61,65,73
baseline,-1,691,2,0.499498,0.0839441,-0.0495217,0.902507,1177.2,0.834053,3.92123,0.348626,0.00903769,0.00909373,0.00465852,0.0411966,0.77104,0.660662,0.602174,0.104135,0,0,2,93,1,0.364545,0.0991975,0.13904,0.143466,0,1035.31,0.00103294,0.013713,0.021483,0.00186171,0.05,300,300,300,300,300,300,89,93,101,55,59,67,43,47,55
baseline,-1,692,4,0.383748,0.161559,-0.394632,0.968948,1410.06,0.145625,4.69973,0.115925,0.00666865,0.00949659,0.00580919,0.0164218,0.840647,1.033,0.880731,0.0625351,0,0,36,137,1,1.83614,1.15557,0.559866,0.103053,0,1285.54,0.00103294,0.013713,0.021483,0.00186171,0.05,300,300,300,300,300,300,133,137,145,130,134,142,64,68,76
baseline,-1,693,2,0.428468,0.08856,-0.166994,0.923346,1407.8,0.10759,4.6923,0.15285,0.00905114,0.0174989,0.00823137,0.0130033,0.51768,0.503073,1.33136,0.316003,0,0,1,85,1,0.0856633,0.0630869,0.123736,0.0726514,0,1245.54,0.00103294,0.013713,0.021483,0.00186171,0.05,300,300,300,300,300,300,81,85,93,56,60,68,45,49,57
baseline,-1,694,3,0.492475,0.143456,-0.384138,0.922587,1930.36,0.63972,6.4324,0.228386,0.00437308,0.0192712,0.00447278,0.014505,0.447176,0.426308,1.03659,0.467269,0,0,0,195,1,0.0464263,0.395636,1.11078,0.387421,0,1841.33,0.00103294,0.013713,0.021483,0.00186171,0.05,300,300,300,300,300,300,126,195,203,106,110,118,55,59,67
baseline,-1,695,6,0.376927,0.167262,0.0182943,1.01959,1172.74,0.921779,3.90607,0.286579,0.00733908,0.0307262,0.00903833,0.0121895,1.21603,1.5263,0.762136,0.319943,0,0,-1,182,1,0.119406,0.218456,0.868496,0.200376,0,1068.87,0.00103294,0.013713,0.021483,0.00186171,0.05,300,300,300,300,300,300,136,182,300,67,71,94,51,55,63
baseline,-1,696,7,0.337849,0.177491,0.0990855,1.05837,2144.59,1.198,7.14464,0.309304,0.00951404,0.0256847,0.00295923,0.0276519,1.39565,1.21471,0.46392,0.452138,0,0,25,153,1,0.0295166,0.48322,0.715706,0.383347,0,1996.09,0.00103294,0.013713,0.021483,0.00186171,0.05,300,300,300,300,300,300,102,153,300,97,101,109,70,74,103
baseline,-1,697,3,0.34452,0.0123419,0.336366,0.951764,1422.81,0.64853,4.74054,0.258568,0.00984777,0.00621241,0.00540519,0.0288286,1.1475,1.26114,0.819,0.329739,0,0,4,238,1,0.437352,1.31089,0.741214,0.341069,0,1366.76,0.00103294,0.013713,0.021483,0.00186171,0.05,300,300,300,300,300,300,139,238,300,106,110,118,38,61,69
baseline,-1,698,1,0.353034,0.141775,-0.176096,1.09845,2817.34,7.66233,9.3656,0.871646,0.0398559,0.0232251,0.00953945,0.0229615,0.760361,0.186803,0.582589,0.97192,0,0,-1,108,1,0.876745,0.812922,1.01211,1.13745,0,2656.21,0.00103294,0.013713,0.021483,0.00186171,0.05,300,300,300,300,300,300,104,108,116,91,95,103,57,61,69
baseline,-1,699,4,0.479168,0.174152,-0.318981,0.990794,2074.13,0.295602,6.91279,0.136196,0.00694558,0.0315839,0.00283795,0.0134092,0.98099,1.37159,1.17473,0.0973808,0,0,7,147,1,0.00699432,0.174638,1.42347,0.114031,0,1934.15,0.00103294,0.013713,0.021483,0.00186171,0.05,300,300,300,300,300,300,108,147,300,57,61,69,45,49,57
baseline,-1,700,4,0.473719,0.0623472,-0.134453,0.938906,1879.65,0.0174289,6.26545,0.0457649,0.00639326,0.0148277,0.00895283,0.0102304,0.388511,0.495943,0.648082,0.358799,0,0,-1,86,1,0.0776144,0.0232958,0.172878,0.0673949,0,1734.88,0.00103294,0.013713,0.021483,0.00186171,0.05,300,300,300,300,300,300,82,86,94,61,71,79,52,56,79
baseline,-1,701,1,0.356715,0.0889703,0.089087,1.07016,1436.72,0.290546,4.78809,0.16717,0.0196728,0.0159186,0.0032822,0.0262824,0.159576,0.171109,1.055,0.349972,1,1,2,269,1,0.136831,0.132687,1.08686,0.37435,1,1435.73,0.00103294,0.013713,0.021483,0.00186171,0.05,300,300,300,300,300,300,143,269,277,55,59,67,40,52,60
baseline,-1,702,0,0.545077,0.0260589,0.193308,0.960655,2170.54,0.218908,7.2344,0.161637,0.00636792,0.0178942,0.00370418,0.0238447,0.471092,0.617318,0.705867,0.302729,0,0,4,117,1,0.322516,0.086235,0.186416,0.138791,0,2024.93,0.00103294,0.013713,0.021483,0.00186171,0.05,300,300,300,300,300,300,113,117,125,95,99,107,69,73,81
baseline,-1,703,6,0.317138,0.146917,-0.298107,0.95164,1765.55,0.00221831,5.88517,0.0194175,0.0194175,0.00581667,0.0054199,0.0187334,0.248532,0.574073,0.998733,0.246467,1,1,102,177,1,0.0934864,0.278204,0.807765,0.463317,1,1665.29,0.00103294,0.013713,0.021483,0.00186171,0.05,300,300,300,300,300,300,173,177,300,73,77,85,41,45,69
baseline,-1,704,1,0.321578,0.096759,-0.305944,0.913108,1891.81,0.176936,6.30543,0.136569,0.0091311,0.00979205,0.00435882,0.0550333,0.381469,0.440892,1.07254,0.450279,1,1,12,99,1,0.0293549,0.538661,0.739693,0.430892,1,1728.03,0.00103294,0.013713,0.021483,0.00186171,0.05,300,300,300,300,300,300,95,99,300,89,93,101,74,92,100
baseline,-1,705,4,0.366036,0.140393,-0.0952622,0.999699,2199.82,0.0313424,7.33263,0.0303106,0.00562632,0.0152255,0.0033763,0.0144392,0.437009,1.25292,0.951532,0.366274,0,0,6,113,1,0.184728,0.686074,0.692047,0.291305,1,2038.1,0.00103294,0.013713,0.021483,0.00186171,0.05,300,300,300,300,300,300,109,113,297,64,68,76,57,61,69
baseline,-1,706,6,0.5452,0.0996298,0.22546,0.928364,3160.64,0.20236,10.5348,0.172673,0.0174233,0.00843283,0.0116981,0.0224591,0.599078,0.651914,0.627655,0.260839,0,0,-1,214,1,0.353095,1.6325,0.889759,0.19233,0,3088.18,0.00103294,0.013713,0.021483,0.00186171,0.05,300,300,300,300,300,300,132,214,300,89,93,101,71,75,83
baseline,-1,707,3,0.498048,0.0861556,-0.297585,0.900749,1338.56,1.05228,4.45835,0.326693,0.00304998,0.0206516,0.0101842,0.0354981,0.850285,0.741876,0.8438,0.200428,0,0,11,234,1,0.0542429,0.16766,0.748725,0.0742657,0,1284.05,0.00103294,0.013713,0.021483,0.00186171,0.05,300,300,300,300,300,300,164,234,242,133,137,145,133,137,145
baseline,-1,708,5,0.26284,0.0284513,-0.0932747,0.996187,2194.06,22.2295,7.23942,1.4947,0.00783926,0.00384941,0.00632236,0.0267559,1.1208,0.44247,0.537258,0.714034,0,2.2669e-16,0,138,1,0.510126,0.350196,0.853037,0.481497,0,1923.02,0.00103294,0.013713,0.021483,0.00186171,0.05,300,300,300,300,300,300,134,138,146,78,82,90,67,71,79
baseline,-1,709,1,0.445876,0.199552,-0.121183,1.06341,1477.29,0.00923761,4.92427,0.026443,0.00421103,0.0158852,0.00700707,0.0372926,0.0790643,0.339345,1.24291,0.39202,1,1,0,139,1,0.0643019,0.146049,1.33463,0.185327,1,1325.75,0.00103294,0.013713,0.021483,0.00186171,0.05,300,300,300,300,300,300,91,139,147,89,93,101,65,69,98
baseline,-1,710,4,0.304674,0.146405,0.100844,0.961356,2090.76,0.471028,6.96764,0.217733,0.00587273,0.0164535,0.00774469,0.0122692,0.913872,1.08098,0.983146,0.368958,1,1,30,126,1,0.0802359,0.0688744,0.781883,0.646144,1,1963.58,0.00103294,0.013713,0.021483,0.00186171,0.05,300,300,300,300,300,300,122,126,134,100,104,112,81,85,93
baseline,-1,711,3,0.23962,0.102064,-0.134822,0.905847,1250.83,0.0875212,4.16914,0.0631284,0.0022516,0.00685709,0.00238163,0.0269483,0.743655,1.37421,1.0971,0.529907,0,0,-1,147,1,0.0186885,0.517477,1.19372,0.435946,0,1119.32,0.00103294,0.013713,0.021483,0.00186171,0.05,300,300,300,300,300,300,133,147,300,59,63,71,45,49,57
baseline,-1,712,3,0.300499,0.134949,-0.4475,1.08956,1142.5,0.447701,3.80684,0.187743,0.00383488,0.00928376,0.00364518,0.0252714,1.49063,1.65098,1.07904,0.434214,0,0,25,134,1,0.0246346,0.156559,1.00598,0.375678,0,1002.81,0.00103294,0.013713,0.021483,0.00186171,0.05,300,300,300,300,300,300,124,134,300,86,90,98,81,90,98
baseline,-1,713,2,0.211592,0.0335855,-0.0671462,1.01646,2040.73,0.0746507,6.80218,0.0424456,0.00603849,0.0194752,0.0100444,0.0322796,0.572399,1.43758,0.831639,0.315624,0,0,20,85,1,0.192417,0.0413057,0.0700134,0.075908,1,1912.78,0.00103294,0.013713,0.021483,0.00186171,0.05,300,300,300,300,300,300,81,85,93,61,65,73,53,57,65
baseline,-1,714,1,0.450416,0.107787,0.213084,1.09839,2482.15,0.0993607,8.2735,0.103688,0.0045957,0.0107686,0.0069536,0.016346,0.400286,0.500378,1.10852,0.229826,1,1,17,228,1,0.0435839,0.253487,1.04349,0.160972,1,2428.14,0.00103294,0.013713,0.021483,0.00186171,0.05,300,300,300,300,300,300,136,228,236,83,87,95,64,68,76
baseline,-1,715,0,0.344836,0.131278,-0.05335,0.909843,1148.68,0.725286,3.82651,0.331272,0.0101631,0.0239195,0.00228594,0.022395,0.220888,0.109002,1.32857,0.166599,0,0,20,160,1,0.126566,0.429387,1.31508,0.144151,0,1037.4,0.00103294,0.013713,0.021483,0.00186171,0.05,300,300,300,300,300,300,148,160,300,63,67,75,41,54,62
baseline,-1,716,5,0.293717,0.198574,-0.171555,0.933289,1011.77,1.62449,3.36714,0.362059,0.004923,0.0167572,0.00502048,0.00248946,1.26933,1.18776,1.15228,0.313001,0,0,21,248,1,0.0829023,0.185802,1.09409,0.398414,0,970.353,0.00103294,0.013713,0.021483,0.00186171,0.05,300,300,300,300,300,300,130,248,256,90,94,102,64,68,76
baseline,-1,717,1,0.410313,0.0571686,0.105979,0.954744,1186.75,8.82205,3.92641,0.953052,0.00304276,0.0148002,0.00212615,0.0213004,0.616198,0.294202,0.879668,0.280922,1,1,5,108,1,0.111183,0.0991896,1.25622,0.255106,1,1108.82,0.00103294,0.013713,0.021483,0.00186171,0.05,300,300,300,300,300,300,104,108,116,103,107,115,72,103,111
baseline,-1,718,5,0.37775,0.00693107,-0.311058,1.04049,2651.24,0.220599,8.83675,0.139834,0.0105077,0.016572,0.00488813,0.0269853,0.884043,1.26866,0.954766,0.0213682,0,0,-1,175,1,0.0375718,0.318376,0.989119,0.0778618,0,2546.87,0.00103294,0.013713,0.021483,0.00186171,0.05,300,300,300,300,300,300,106,175,300,83,92,100,65,69,77
baseline,-1,719,5,0.157588,0.0718401,0.0391523,1.09769,1970.59,1.02744,6.56522,0.342458,0.0139633,0.00371268,0.00593068,0.0252352,0.638178,0.630611,1.10947,0.657455,0,0,-1,178,1,0.228524,1.56461,0.905374,0.668589,0,1854.96,0.00103294,0.013713,0.021483,0.00186171,0.05,300,300,300,300,300,300,154,178,300,73,77,85,49,58,66
baseline,-1,720,4,0.279568,0.102941,0.0986828,0.988414,1399.73,0.445089,4.66428,0.268917,0.0201149,0.0144516,0.00316056,0.0185889,0.30166,0.259984,1.21963,0.378676,0,0,21,141,1,0.127137,0.448859,1.22272,0.370691,0,1268.69,0.00103294,0.013713,0.021483,0.00186171,0.05,300,300,300,300,300,300,137,141,300,68,72,80,56,60,68
baseline,-1,721,2,0.25536,0.0632013,0.226254,0.900337,2151.21,1.54575,7.16554,0.388115,0.0829443,0.0284911,0.00123474,0.0283521,0.301956,0.127894,0.767693,0.0873165,0,0,19,300,0,0.388115,0.301956,0.767693,0.0873165,0,2149.66,0.00103294,0.013713,0.021483,0.00186171,0.05,300,300,300,300,300,300,300,300,300,86,98,117,77,81,89
baseline,-1,722,0,0.526699,0.0503685,-0.269538,0.974908,2446.79,0.136504,8.15553,0.0971978,0.0329862,0.0163988,0.00733294,0.0182945,0.64936,1.15956,1.53937,0.456308,0,0,1,254,1,0.0867111,0.441637,1.59706,0.458864,0,2413.71,0.00103294,0.013713,0.021483,0.00186171,0.05,300,300,300,300,300,300,127,254,300,71,75,83,58,62,70
baseline,-1,723,7,0.406937,0.0135129,0.00518382,1.06716,2169.12,3.69387,7.2181,0.584035,0.00575154,0.016081,0.00779862,0.00565608,1.33045,1.06102,1.09505,0.326924,0,0,-1,97,1,0.0463034,0.0492989,0.0688127,0.0454845,0,2006.39,0.00103294,0.013713,0.021483,0.00186171,0.05,300,300,300,300,300,300,93,97,105,79,83,91,72,76,84
baseline,-1,724,5,0.299477,0.014057,-0.31091,1.00162,1304.31,5.15177,4.33051,0.718948,0.0199008,0.0141854,0.00707487,0.0224444,1.00476,0.692175,1.00745,0.312085,0,0,-1,135,1,0.308652,0.933109,0.856592,0.141353,0,1165.88,0.00103294,0.013713,0.021483,0.00186171,0.05,300,300,300,300,300,300,96,135,300,64,68,76,52,56,64
baseline,-1,725,2,0.602741,0.00139787,-0.25337,0.956637,2201.49,0.1092,7.33793,0.104336,0.00720412,0.0313604,0.00426102,0.014359,0.0962333,0.0738751,0.422817,0.148202,0,0,2,244,1,0.321294,1.27862,0.358166,0.10161,0,2174.54,0.00103294,0.013713,0.021483,0.00186171,0.05,300,300,300,300,300,300,240,244,275,52,56,64,45,49,57
baseline,-1,726,7,0.375656,0.0585561,0.451629,1.0704,2057.64,0.151198,6.85829,0.155143,0.00455406,0.0090498,0.0025181,0.0216654,0.340135,0.337415,1.17916,0.497846,0,0,3,300,0,0.155143,0.340135,1.17916,0.497846,0,2057.49,0.00103294,0.013713,0.021483,0.00186171,0.05,300,300,300,300,300,300,138,300,300,104,108,116,63,67,75
baseline,-1,727,7,0.404224,0.173771,0.136738,0.924289,1395.38,0.55643,4.64942,0.203982,0.00233364,0.0147744,0.00505301,0.0307784,1.01557,1.56974,1.08023,0.434399,0,0,15,128,1,0.0679119,0.333062,0.772653,0.314928,0,1258.36,0.00103294,0.013713,0.021483,0.00186171,0.05,300,300,300,300,300,300,124,128,290,77,81,89,66,70,78
baseline,-1,728,4,0.37066,0.0909994,0.467556,1.07998,2041.01,0.905726,6.80036,0.282796,0.0133768,0.0131045,0.00249757,0.0150161,1.12235,1.37299,1.32253,0.200582,0,0,-1,207,1,0.0749356,0.310857,1.34263,0.196852,0,1969.82,0.00103294,0.013713,0.021483,0.00186171,0.05,300,300,300,300,300,300,144,207,300,84,96,104,70,74,104
baseline,-1,729,0,0.396734,0.1008,-0.236238,1.01351,2400.29,0.369345,7.99973,0.176969,0.0108425,0.0281378,0.00767834,0.0175699,0.791701,0.967634,1.05293,0.348677,0,0,24,216,1,0.272081,1.28741,1.10532,0.234672,0,2327.2,0.00103294,0.013713,0.021483,0.00186171,0.05,300,300,300,300,300,300,98,216,300,93,97,105,89,93,101
baseline,-1,730,4,0.53889,0.135791,-0.0526677,1.02321,1165.05,2.0255,3.87675,0.411245,0.00815508,0.0366819,0.00514149,0.0160889,1.01819,0.940982,1.51489,0.14041,0,0,3,166,1,0.0355804,0.272581,1.51255,0.0769034,0,1051.47,0.00103294,0.013713,0.021483,0.00186171,0.05,300,300,300,300,300,300,128,166,207,72,76,94,44,48,71
baseline,-1,731,0,0.301695,0.0512075,0.352219,0.900438,1375.91,0.37473,4.58512,0.185875,0.00668734,0.00884343,0.00608109,0.0172007,0.671168,0.692313,1.02942,0.160131,0,0.000110936,1,111,1,0.123778,0.195204,0.784144,0.155918,1,1237.18,0.00103294,0.013713,0.021483,0.00186171,0.05,300,300,300,300,300,300,107,111,119,73,108,116,65,69,115
baseline,-1,732,2,0.422728,0.180893,0.401215,1.05402,1760.95,0.0880295,5.86955,0.0605784,0.0120966,0.0193827,0.0100942,0.0149436,0.557984,1.07573,1.1913,0.434802,0,0,33,221,1,0.088616,0.209201,0.520975,0.383946,0,1697.06,0.00103294,0.013713,0.021483,0.00186171,0.05,300,300,300,300,300,300,170,221,229,130,134,142,58,62,70
baseline,-1,733,3,0.390046,0.0227648,-0.209783,0.904187,2531.37,31.1206,8.33417,1.72698,0.0314658,0.0345881,0.00202579,0.0426594,1.65124,1.24503,1.03752,1.20968,0,3.95313e-36,38,111,1,0.859039,0.721603,1.06388,0.777432,1,1694.38,0.00103294,0.013713,0.021483,0.00186171,0.05,300,300,300,300,300,300,107,111,119,84,88,96,76,80,88
baseline,-1,734,3,0.429704,0.0967878,0.258809,0.917072,1851.45,0.48126,6.16991,0.167827,0.00552348,0.0195586,0.00764296,0.0236582,1.07096,1.24396,0.516824,0.284455,0,0,57,129,1,0.121661,0.990483,0.932926,0.244586,0,1724.61,0.00103294,0.013713,0.021483,0.00186171,0.05,300,300,300,300,300,300,109,129,178,74,78,86,47,51,72
baseline,-1,735,2,0.548185,0.0669807,-0.0191746,1.08953,2255.77,4.47291,7.50431,0.656178,0.0779163,0.017586,0.00710256,0.0247212,0.54107,0.188555,0.734663,0.670411,1,0.986572,29,122,1,0.750886,0.653183,0.974318,0.36703,1,2147.18,0.00103294,0.013713,0.021483,0.00186171,0.05,300,300,300,300,300,300,118,122,130,104,108,116,77,81,89
baseline,-1,736,3,0.353588,0.032842,-0.425244,0.969101,2113.94,1.38456,7.04186,0.376924,0.0168781,0.020716,0.00348923,0.0121703,0.677922,0.438647,1.02687,0.0970743,0,0,90,86,1,0.0213655,0.0304923,0.112748,0.0478816,0,1932.03,0.00103294,0.013713,0.021483,0.00186171,0.05,300,300,300,300,300,300,82,86,300,70,74,82,49,53,61
baseline,-1,737,1,0.403733,0.0877216,-0.326605,0.92343,1424.54,7.22542,4.72438,0.849529,0.00944242,0.00606898,0.00552553,0.0308458,0.541281,0.190644,1.14359,0.304587,1,1,122,116,1,0.0411286,0.637834,0.924217,0.343751,0,1297.85,0.00103294,0.013713,0.021483,0.00186171,0.05,300,300,300,300,300,300,102,116,266,54,58,66,41,45,53
baseline,-1,738,5,0.437537,0.0270939,-0.16418,0.970106,2268.59,0.035247,7.56184,0.0378141,0.00847582,0.0114814,0.00413273,0.00731197,0.927872,1.27565,1.1933,0.365162,0,0,0,142,1,0.0403922,0.265642,1.28592,0.235928,0,2155.02,0.00103294,0.013713,0.021483,0.00186171,0.05,300,300,300,300,300,300,103,142,150,83,87,95,83,87,95
baseline,-1,739,0,0.499162,0.12157,0.429373,0.937751,1356.68,0.609996,4.52023,0.245996,0.0377362,0.0156519,0.00488675,0.0214497,0.199698,0.135962,1.3225,0.195843,0,1.81764e-27,2,119,1,0.416319,0.216437,1.41005,0.233338,0,1346.09,0.00103294,0.013713,0.021483,0.00186171,0.05,300,300,300,300,300,300,95,119,127,84,88,96,80,84,92
baseline,-1,740,4,0.232929,0.18128,-0.0694331,1.0907,1325.04,1.26863,4.41257,0.413615,0.00947143,0.0132019,0.00356265,0.0423266,0.759918,0.637179,1.1291,0.397411,1,1,18,193,1,0.0858491,0.310305,1.08082,0.289938,1,1236.52,0.00103294,0.013713,0.021483,0.00186171,0.05,300,300,300,300,300,300,89,193,300,77,81,89,53,57,87
baseline,-1,741,0,0.472585,0.0674545,0.292088,0.934479,1783.75,0.00315672,5.94582,0.0277704,0.0108476,0.0217167,0.00363171,0.038686,0.287185,0.496706,0.607423,0.0884678,0,0,10,95,1,0.148151,0.046176,0.144518,0.0525046,1,1636.96,0.00103294,0.013713,0.021483,0.00186171,0.05,300,300,300,300,300,300,91,95,103,64,68,76,43,47,55
baseline,-1,742,7,0.376766,0.0757947,0.0504601,0.90155,2175.4,1.25681,7.24715,0.385172,0.00336772,0.0109416,0.00320648,0.0192996,0.427992,0.281405,0.688299,0.414665,0,0,22,175,1,0.067229,0.714917,0.94335,0.282196,0,2058.31,0.00103294,0.013713,0.021483,0.00186171,0.05,300,300,300,300,300,300,130,175,300,103,107,115,86,90,98
baseline,-1,743,5,0.41904,0.178721,-0.128014,1.04547,1908.22,0.0459673,6.36058,0.0970123,0.0589369,0.0203528,0.00589557,0.0206455,0.38871,0.58557,1.21876,0.377735,0,0,6,163,1,0.235877,0.845139,1.25217,0.346571,0,1801.84,0.00103294,0.013713,0.021483,0.00186171,0.05,300,300,300,300,300,300,159,163,300,100,104,112,67,71,79
baseline,-1,744,3,0.303077,0.156138,0.397887,1.05071,1657.43,0.479009,5.52318,0.291639,0.00974998,0.0234793,0.00404014,0.0487143,0.344278,0.265097,0.92177,0.128082,0,0,-1,115,1,0.0821426,0.477746,0.601422,0.337732,0,1505.56,0.00103294,0.013713,0.021483,0.00186171,0.05,300,300,300,300,300,300,111,115,155,75,79,87,60,64,72
baseline,-1,745,1,0.535009,0.00442023,0.207418,0.996227,3118.79,0.0405798,10.3958,0.0508164,0.0401748,0.0304476,0.00828784,0.0102135,0.0419136,0.0421162,0.053348,0.018547,0,0.189596,33,300,0,0.0508164,0.0419136,0.053348,0.018547,0,3118.75,0.00103294,0.013713,0.021483,0.00186171,0.05,300,300,300,300,300,300,300,300,300,300,300,300,60,64,88
baseline,-1,746,6,0.280339,0.128993,0.156511,0.915451,2247.28,0.546012,7.48913,0.176675,0.00830958,0.0125627,0.00599371,0.0125601,1.17289,2.33567,1.15208,0.384024,1,1,0,124,1,0.0440665,0.341278,0.647696,0.0855667,0,2104.74,0.00103294,0.013713,0.021483,0.00186171,0.05,300,300,300,300,300,300,120,124,300,85,89,97,67,77,85
baseline,-1,747,7,0.324355,0.0443512,-0.214155,0.971429,2357.99,10.7907,7.82401,1.04131,0.00969594,0.00587637,0.00280357,0.034678,0.808127,0.298233,0.792966,0.43226,0,0,3,164,1,0.685062,0.297236,0.857496,0.194431,0,2245.06,0.00103294,0.013713,0.021483,0.00186171,0.05,300,300,300,300,300,300,160,164,172,136,140,148,116,120,128
baseline,-1,748,5,0.4184,0.0419795,0.292158,0.968308,2177.64,0.492564,7.25715,0.291173,0.00845849,0.00551064,0.00528492,0.0236865,0.519347,0.438875,1.16629,0.235193,0,0,1,110,1,0.0908078,0.0226142,0.396427,0.0653356,0,2069.69,0.00103294,0.013713,0.021483,0.00186171,0.05,300,300,300,300,300,300,106,110,118,64,68,76,46,50,58
baseline,-1,749,4,0.38916,0.151122,0.431199,0.906947,1342.65,0.687378,4.47322,0.261425,0.0128468,0.00982476,0.00791101,0.0151707,0.593289,0.52437,0.912103,0.251641,0,0,2,237,1,0.131122,0.755648,0.882769,0.1633,0,1295.93,0.00103294,0.013713,0.021483,0.00186171,0.05,300,300,300,300,300,300,111,237,300,75,79,87,49,53,61
baseline,-1,750,1,0.223214,0.165008,0.14448,1.06792,1310.81,0.611071,4.36734,0.289626,0.0276491,0.0150372,0.00751593,0.0554022,0.505077,0.478623,1.02212,0.427772,1,1,20,135,1,0.129004,0.771641,0.995889,0.434817,1,1175.47,0.00103294,0.013713,0.021483,0.00186171,0.05,300,300,300,300,300,300,98,135,300,89,93,101,60,64,72
baseline,-1,751,7,0.605005,0.0907194,-0.498976,0.901526,1425.13,1.31012,4.74608,0.313789,0.00382453,0.01586,0.00397694,0.0250847,1.31301,1.74473,1.08252,0.533623,0,0,0,139,1,0.0603611,0.738734,0.927639,0.574839,0,1273.9,0.00103294,0.013713,0.021483,0.00186171,0.05,300,300,300,300,300,300,135,139,300,62,66,74,43,47,55
baseline,-1,752,7,0.287386,0.146118,-0.438777,1.03065,1775.05,3.8979,5.90382,0.6293,0.0123354,0.0086698,0.00740066,0.0190611,1.10663,0.937258,0.868016,0.43462,0,0,23,127,1,0.0323341,0.432169,0.90552,0.372656,0,1621.18,0.00103294,0.013713,0.021483,0.00186171,0.05,300,300,300,300,300,300,123,127,289,77,81,89,57,61,69
baseline,-1,753,3,0.421507,0.122888,-0.414423,0.903916,1884.85,1.49953,6.27783,0.378803,0.0113269,0.0212348,0.00782048,0.0241099,0.777613,0.621248,1.12774,0.363442,0,0,-1,175,1,0.0504122,0.465843,0.607896,0.388758,0,1771.38,0.00103294,0.013713,0.021483,0.00186171,0.05,300,300,300,300,300,300,101,175,300,80,84,92,44,48,56
baseline,-1,754,2,0.494863,0.0304682,0.284559,0.983999,2079.11,7.0273,6.90694,0.834072,0.00881594,0.00909718,0.00356379,0.015603,0.562643,0.326134,1.08525,0.386227,0,0,19,146,1,0.359392,0.641605,1.17135,0.497847,0,1946.96,0.00103294,0.013713,0.021483,0.00186171,0.05,300,300,300,300,300,300,118,146,251,66,70,78,56,60,77
baseline,-1,755,6,0.4766,0.13546,-0.21526,0.938332,1691.06,1.48576,5.6319,0.360718,0.00361379,0.0296714,0.00164274,0.0161116,0.928225,0.850181,1.54343,0.17803,1,1,86,225,1,0.311846,0.780927,1.5516,0.329899,1,1633.98,0.00103294,0.013713,0.021483,0.00186171,0.05,300,300,300,300,300,300,93,225,300,79,83,101,55,59,67
baseline,-1,756,3,0.402085,0.0756696,0.364883,1.03854,1484.6,0.00170951,4.94865,0.0149112,0.00678951,0.0151364,0.00550678,0.0236656,0.106508,0.41567,0.908162,0.173823,0,0,-1,229,1,0.057369,0.468842,0.838231,0.268023,0,1431.69,0.00103294,0.013713,0.021483,0.00186171,0.05,300,300,300,300,300,300,145,229,300,137,141,149,65,69,77
baseline,-1,757,3,0.545929,0.0599086,-0.297607,0.971603,1435.98,2.54442,4.77813,0.464693,0.00284336,0.0172025,0.00638847,0.0322436,1.67674,2.04963,0.977932,0.100587,0,0,8,176,1,0.115711,0.425044,1.25598,0.0534343,0,1337.8,0.00103294,0.013713,0.021483,0.00186171,0.05,300,300,300,300,300,300,140,176,300,136,140,148,85,89,97
baseline,-1,758,4,0.429495,0.11999,0.313666,0.937093,1493.74,0.890357,4.97617,0.347871,0.00386095,0.0346728,0.00511435,0.0189747,0.626323,0.492421,0.542033,0.117762,1,1,17,110,1,0.539006,0.0348556,0.383674,0.336037,1,1349.8,0.00103294,0.013713,0.021483,0.00186171,0.05,300,300,300,300,300,300,106,110,118,95,99,107,87,91,99
baseline,-1,759,0,0.41546,0.162353,-0.0814518,1.02531,1126.14,0.0934892,3.75349,0.0408826,0.0112049,0.0213707,0.00714817,0.0318074,0.640599,1.54764,0.749656,0.152264,1,1,17,300,0,0.0408826,0.640599,0.749656,0.152264,1,1126.05,0.00103294,0.013713,0.021483,0.00186171,0.05,300,300,300,300,300,300,226,300,300,148,152,160,74,78,86
baseline,-1,760,2,0.45803,0.0293601,-0.178644,1.05958,1170.61,0.549842,3.90021,0.269278,0.00338153,0.0272271,0.00728271,0.019578,0.272293,0.22169,1.38582,0.0560655,0,0,-1,99,1,0.0451522,0.104514,1.05528,0.358473,0,1000.34,0.00103294,0.013713,0.021483,0.00186171,0.05,300,300,300,300,300,300,95,99,107,53,57,65,47,51,59
baseline,-1,761,3,0.414236,0.0136668,0.137344,0.980317,1881.01,0.536289,6.26826,0.215337,0.00785747,0.0208742,0.00707701,0.0271122,0.159047,0.229186,1.17042,0.366917,0,0,-1,129,1,1.2033,0.55062,1.19936,0.463516,0,1831.61,0.00103294,0.013713,0.021483,0.00186171,0.05,300,300,300,300,300,300,125,129,137,108,112,120,74,107,115
baseline,-1,762,4,0.301925,0.128295,0.0963579,0.955188,2162.87,0.436696,7.20812,0.209362,0.0148279,0.00657081,0.00509128,0.0358118,0.795028,0.828872,1.21906,0.50169,1,1,0,133,1,0.160698,0.999476,1.21573,0.43371,1,2013.97,0.00103294,0.013713,0.021483,0.00186171,0.05,300,300,300,300,300,300,98,133,300,82,86,94,71,75,83
baseline,-1,763,6,0.584862,0.0733929,-0.361847,1.03042,2558.78,1.87105,8.52304,0.425461,0.00302761,0.0235564,0.00556457,0.0223564,0.79585,0.582973,1.03168,0.385533,1,1,101,94,1,0.0438185,0.105455,0.0854109,0.0119277,0,2387.84,0.00103294,0.013713,0.021483,0.00186171,0.05,300,300,300,300,300,300,90,94,285,77,81,89,54,58,66
baseline,-1,764,1,0.370644,0.186045,0.103426,0.906455,1524.04,0.706098,5.07778,0.242078,0.0112129,0.0206469,0.00800778,0.0223328,0.471443,0.483195,1.19343,0.186601,1,1,12,142,1,0.135906,0.356913,1.20093,0.467818,1,1399.02,0.00103294,0.013713,0.021483,0.00186171,0.05,300,300,300,300,300,300,119,142,238,79,83,91,77,81,89
baseline,-1,765,2,0.470319,0.0849708,-0.450678,0.943973,1278.87,0.222944,4.26215,0.131411,0.00548955,0.011042,0.00256776,0.0187801,0.825938,0.992073,0.740179,0.288982,0,0,0,98,1,0.134846,0.0637141,0.0749148,0.0377177,1,1247.5,0.00103294,0.013713,0.021483,0.00186171,0.05,300,300,300,300,300,300,94,98,106,63,67,75,43,47,55
baseline,-1,766,1,0.45151,0.148233,0.485786,1.07198,1752.71,0.0698034,5.84212,0.109974,0.00324391,0.0136045,0.00451578,0.0289908,0.27091,0.374886,0.5675,0.546964,1,1,1,140,1,0.370014,1.51881,0.4169,0.430162,1,1609.59,0.00103294,0.013713,0.021483,0.00186171,0.05,300,300,300,300,300,300,122,140,300,86,90,98,48,52,60
baseline,-1,767,1,0.478015,0.037235,-0.0954301,1.01851,1563.68,2.17472,5.20502,0.476252,0.0568468,0.0158453,0.00594657,0.0236526,0.355236,0.231393,0.177292,0.430117,0,9.01808e-13,1,156,1,0.765716,0.654619,0.679997,0.384712,0,1484.48,0.00103294,0.013713,0.021483,0.00186171,0.05,300,300,300,300,300,300,152,156,164,129,133,141,51,55,63
baseline,-1,768,0,0.4589,0.189277,-0.466105,1.06996,1972.72,0.0470661,6.57559,0.0279949,0.00350515,0.0345488,0.0063007,0.0295158,0.60827,1.25427,0.691697,0.50296,0,0,4,136,1,0.0816184,0.380794,0.616433,0.352909,0,1843.85,0.00103294,0.013713,0.021483,0.00186171,0.05,300,300,300,300,300,300,104,136,300,68,72,80,55,59,67
baseline,-1,769,5,0.307265,0.0619027,0.331347,1.05149,1636.48,0.251027,5.4541,0.22194,0.0207009,0.0189985,0.00584066,0.0286768,0.3486,0.37362,0.87939,0.0128074,0,0,4,196,1,0.0373774,0.413672,0.813747,0.0448013,0,1544.22,0.00103294,0.013713,0.021483,0.00186171,0.05,300,300,300,300,300,300,130,196,300,68,72,80,62,66,74
baseline,-1,770,1,0.184025,0.0932549,-0.21226,1.04094,1652.18,1.38866,5.50265,0.346257,0.0075881,0.0376139,0.00318731,0.0153019,1.55225,1.48765,1.0555,0.534703,1,1,23,139,1,0.088779,0.291024,0.806956,0.454477,1,1526.75,0.00103294,0.013713,0.021483,0.00186171,0.05,300,300,300,300,300,300,100,139,228,78,82,90,57,61,69
baseline,-1,771,4,0.16831,0.0596394,0.353257,1.08436,1613.12,2.24163,5.36959,0.406246,0.008309,0.00664305,0.0064105,0.0346884,1.20764,1.42408,1.06658,0.46299,0,0,2,188,1,0.360667,1.03552,0.973217,0.453057,0,1527.68,0.00103294,0.013713,0.021483,0.00186171,0.05,300,300,300,300,300,300,153,188,293,72,76,84,57,69,77
baseline,-1,772,7,0.592838,0.123661,-0.172543,0.953026,1064.2,0.26261,3.54647,0.225624,0.00434314,0.0149706,0.0066697,0.0106787,0.455009,0.336105,1.04984,0.12054,0,0,20,142,1,0.223288,0.0358188,1.40313,0.272852,0,1007.68,0.00103294,0.013713,0.021483,0.00186171,0.05,300,300,300,300,300,300,102,142,150,56,60,68,43,47,55
baseline,-1,773,1,0.574605,0.00258312,-0.0439847,0.962295,1201.76,0.766047,4.00332,0.201132,0.00725648,0.0210404,0.00352938,0.0190043,1.32919,1.33881,0.765083,0.0947991,1,1,28,149,1,0.0305329,0.0808508,0.188271,0.0337086,1,1064.3,0.00103294,0.013713,0.021483,0.00186171,0.05,300,300,300,300,300,300,145,149,157,103,107,115,80,84,92
baseline,-1,774,7,0.31802,0.177991,-0.284582,0.933756,2207.6,0.116729,7.35828,0.11838,0.0228054,0.0186666,0.00634864,0.0177882,0.925157,1.0626,1.03279,0.623475,0,0,0,241,1,0.365145,1.20969,0.927286,0.653878,0,2157.12,0.00103294,0.013713,0.021483,0.00186171,0.05,300,300,300,300,300,300,148,241,300,84,88,96,52,56,64
baseline,-1,775,7,0.321266,0.11522,-0.0157868,1.02757,1285.17,1.04744,4.28041,0.36316,0.00580138,0.0169694,0.00726826,0.0193913,0.849871,0.686061,1.00828,0.371897,0,0,-1,151,1,0.103246,0.194879,1.082,0.33406,0,1159.11,0.00103294,0.013713,0.021483,0.00186171,0.05,300,300,300,300,300,300,147,151,244,71,111,119,56,60,68
baseline,-1,776,1,0.385651,0.0505782,0.326743,0.917891,2672.86,0.044858,8.90937,0.0981361,0.0732872,0.00937476,0.00292841,0.0139995,0.434418,0.637065,0.995107,0.0906541,1,1,25,275,1,0.162258,0.738535,1.00795,0.0744839,1,2654.93,0.00103294,0.013713,0.021483,0.00186171,0.05,300,300,300,300,300,300,170,275,300,100,104,112,44,60,68
baseline,-1,777,6,0.480563,0.109762,0.106934,0.97854,2326.77,0.791644,7.75325,0.256971,0.00163266,0.0182465,0.00413383,0.036725,1.32426,1.39882,0.626981,0.237456,0,0,33,124,1,0.484434,0.342485,0.501559,0.497807,0,2246.71,0.00103294,0.013713,0.021483,0.00186171,0.05,300,300,300,300,300,300,120,124,132,95,99,107,66,89,107
baseline,-1,778,7,0.502036,0.0806142,0.35561,0.944901,1877.41,0.0013561,6.25801,0.0163309,0.00341211,0.0135485,0.0113253,0.0260317,0.1964,0.460226,1.52888,0.0743243,0,0,20,108,1,0.693303,0.203116,1.26327,0.0717733,0,1800.02,0.00103294,0.013713,0.021483,0.00186171,0.05,300,300,300,300,300,300,104,108,116,94,98,106,92,96,104
baseline,-1,779,4,0.554097,0.0898517,0.0186676,0.941369,2102.9,4.23372,6.99555,0.59635,0.0126635,0.0194181,0.00216456,0.0316642,1.57149,1.56563,1.16745,0.311802,0,0,3,162,1,0.152,0.314498,0.807625,0.344995,0,1993.07,0.00103294,0.013713,0.021483,0.00186171,0.05,300,300,300,300,300,300,143,162,300,86,90,98,86,90,98
baseline,-1,780,1,0.282146,0.0881602,-0.417395,1.01681,1622.68,0.318167,5.40786,0.192622,0.0103368,0.0256735,0.00589572,0.0164026,0.767432,0.819607,1.06413,0.496799,1,1,23,155,1,0.15437,0.856948,0.734222,0.363198,1,1517.46,0.00103294,0.013713,0.021483,0.00186171,0.05,300,300,300,300,300,300,124,155,300,71,75,83,49,59,67
baseline,-1,781,0,0.594036,0.137241,-0.0613194,1.0823,1906.33,0.0239978,6.35435,0.0481299,0.00612516,0.0257407,0.00400864,0.0123937,0.27687,0.514473,1.32476,0.286222,0,2.83278e-18,24,96,1,0.156282,0.0768798,1.27413,0.224266,0,1763.37,0.00103294,0.013713,0.021483,0.00186171,0.05,300,300,300,300,300,300,92,96,104,76,80,88,45,49,57
baseline,-1,782,4,0.481116,0.035482,-0.0490198,1.02586,1500.88,0.497051,5.00128,0.185165,0.00444465,0.0266633,0.0058224,0.0455079,1.21263,1.74551,0.955671,0.217359,0,0,-1,168,1,0.0165317,0.0805962,0.583614,0.23456,0,1389.94,0.00103294,0.013713,0.021483,0.00186171,0.05,300,300,300,300,300,300,92,168,300,61,65,73,55,59,67
baseline,-1,783,6,0.332853,0.108478,0.127315,0.912295,2001.63,0.400866,6.67076,0.187189,0.00993721,0.0208054,0.00411397,0.0268098,0.728244,0.861557,0.722936,0.106517,1,1,25,187,1,0.0344946,0.209161,0.639798,0.261833,1,1912.24,0.00103294,0.013713,0.021483,0.00186171,0.05,300,300,300,300,300,300,137,187,300,87,91,121,67,71,79
baseline,-1,784,6,0.457925,0.0185753,0.0222889,0.908552,1169.37,0.640207,3.89576,0.310609,0.00561188,0.0230261,0.00466245,0.0319487,0.785107,0.783494,0.63046,0.339156,1,1,113,116,1,0.129036,0.634182,0.571893,0.234406,1,1004.29,0.00103294,0.013713,0.021483,0.00186171,0.05,300,300,300,300,300,300,107,116,300,53,57,65,38,42,65
baseline,-1,785,5,0.539105,0.136746,0.0140226,1.00414,1031.4,1.32806,3.43357,0.367259,0.0722294,0.0132373,0.0089639,0.0162082,0.229434,0.12688,0.0889414,0.184391,0,0.368857,9,300,0,0.367259,0.229434,0.0889414,0.184391,0,1030.07,0.00103294,0.013713,0.021483,0.00186171,0.05,300,300,300,300,300,300,300,300,300,300,300,300,300,300,300
baseline,-1,786,5,0.234275,0.143013,0.422122,1.06631,1343.91,0.138581,4.47923,0.108064,0.00437001,0.0161876,0.00400002,0.0143283,0.440463,0.491377,0.830669,0.276822,0,0,4,175,1,0.154801,0.120969,0.765644,0.370476,0,1256.34,0.00103294,0.013713,0.021483,0.00186171,0.05,300,300,300,300,300,300,166,175,183,67,71,79,45,49,57
baseline,-1,787,5,0.564432,0.185998,0.319766,0.94917,1761.32,0.00207727,5.87106,0.0324773,0.00713932,0.0140738,0.0070788,0.0235659,0.158718,0.328131,1.56114,0.366668,0,0,1,253,1,0.330858,0.607476,1.61793,0.370073,0,1724.75,0.00103294,0.013713,0.021483,0.00186171,0.05,300,300,300,300,300,300,150,253,300,107,111,119,63,67,75
baseline,-1,788,7,0.441652,0.031714,0.449743,1.09776,2119.99,1.87705,7.06036,0.468523,0.0162203,0.0306537,0.00562327,0.0212479,0.305297,0.184694,1.08412,0.133005,0,0,21,189,1,0.0255386,0.356669,1.16559,0.0642251,0,2002.5,0.00103294,0.013713,0.021483,0.00186171,0.05,300,300,300,300,300,300,168,189,233,81,85,112,74,78,86
baseline,-1,789,7,0.427787,0.0545595,0.140801,0.940318,2416.03,0.15143,8.05293,0.0910762,0.0191351,0.0336987,0.00351087,0.0414966,0.93956,1.39833,1.10792,0.515712,0,0,2,209,1,0.161727,0.569562,1.19009,0.6955,0,2342.54,0.00103294,0.013713,0.021483,0.00186171,0.05,300,300,300,300,300,300,128,209,300,92,96,104,70,74,82
baseline,-1,790,5,0.507888,0.0808562,-0.389342,1.07838,1776.86,0.964966,5.91965,0.269501,0.0135645,0.012966,0.00592832,0.0181317,1.24424,1.66479,1.14814,0.389208,0,0,-1,132,1,0.051469,0.152612,1.29272,0.288257,0,1624.19,0.00103294,0.013713,0.021483,0.00186171,0.05,300,300,300,300,300,300,128,132,300,87,91,99,55,59,95
baseline,-1,791,4,0.339549,0.0170452,0.269017,0.992122,1891.41,6.99998,6.28136,0.86712,0.0105499,0.0170853,0.00333331,0.0138617,0.58049,0.159939,1.00013,0.514688,0,0,17,93,1,0.0347482,0.210868,0.531364,0.157789,0,1662.83,0.00103294,0.013713,0.021483,0.00186171,0.05,300,300,300,300,300,300,84,93,229,60,64,72,56,60,68
baseline,-1,792,6,0.275144,0.119613,-0.358645,0.97554,1995.75,1.33009,6.64805,0.302757,0.00385593,0.0153188,0.0076918,0.0346772,1.38227,2.18802,1.11618,0.403467,0,0,29,148,1,0.290456,1.33603,0.781973,0.342746,0,1867.4,0.00103294,0.013713,0.021483,0.00186171,0.05,300,300,300,300,300,300,136,148,219,80,84,92,50,54,62
baseline,-1,793,0,0.363748,0.195937,-0.12583,0.916138,2259.41,0.212697,7.53066,0.212373,0.00819085,0.0304534,0.00338577,0.0527839,0.32595,0.302674,1.05536,0.12752,0,0,23,95,1,0.0132568,0.0411827,0.542133,0.321323,0,2093.69,0.00103294,0.013713,0.021483,0.00186171,0.05,300,300,300,300,300,300,91,95,103,79,83,91,71,75,83
baseline,-1,794,0,0.178817,0.169785,0.0640453,0.965817,2328.62,0.182094,7.76147,0.161948,0.00800196,0.027833,0.00473725,0.0287516,0.302407,0.358989,0.908005,0.198451,0,0,11,182,1,0.293027,0.643286,0.796736,0.196455,0,2219.7,0.00103294,0.013713,0.021483,0.00186171,0.05,300,300,300,300,300,300,137,182,300,107,111,119,88,109,117
baseline,-1,795,4,0.367104,0.0442837,0.0383512,1.02802,2306.43,0.304302,7.68708,0.200792,0.00555648,0.0129658,0.00663372,0.0368982,1.21611,1.16731,1.19991,0.221851,1,1,34,116,1,0.0212578,0.182291,0.90399,0.0767491,0,2130.91,0.00103294,0.013713,0.021483,0.00186171,0.05,300,300,300,300,300,300,112,116,194,72,76,84,48,52,60
baseline,-1,796,2,0.289785,0.112125,-0.378956,0.954633,1492.21,1.33577,4.96959,0.369131,0.00877453,0.0107405,0.00376767,0.0402085,0.758031,0.531013,1.02681,0.172414,0,0,1,243,1,0.0754418,0.580344,1.00923,0.185794,0,1442.87,0.00103294,0.013713,0.021483,0.00186171,0.05,300,300,300,300,300,300,85,243,300,55,59,67,43,47,55
baseline,-1,797,7,0.332249,0.113615,-0.0783075,1.07783,1171.6,0.306122,3.90433,0.20936,0.011241,0.0136434,0.000183527,0.0214328,0.46469,0.45278,1.08682,0.513566,0,0,5,133,1,0.0694387,0.188968,0.880433,0.360467,0,1034.27,0.00103294,0.013713,0.021483,0.00186171,0.05,300,300,300,300,300,300,129,133,141,88,92,100,50,54,62
baseline,-1,798,2,0.429027,0.0803526,-0.143165,0.947879,1305.37,1.10089,4.34757,0.336915,0.00876186,0.00887997,0.00359973,0.0216723,1.13895,1.12396,1.4726,0.453311,0,0,17,238,1,0.218045,0.614153,1.41494,0.42639,0,1256.45,0.00103294,0.013713,0.021483,0.00186171,0.05,300,300,300,300,300,300,93,238,300,75,79,87,52,77,85
baseline,-1,799,3,0.374744,0.155657,0.402251,1.02499,1760.53,0.712025,5.86606,0.267171,0.00348451,0.0210431,0.00262114,0.0207942,0.861318,0.893687,0.965201,0.480104,0,0,19,300,0,0.267171,0.861318,0.965201,0.480104,0,1759.82,0.00103294,0.013713,0.021483,0.00186171,0.05,300,300,300,300,300,300,97,300,300,64,68,76,52,56,64
baseline,-1,800,5,0.287599,0.033379,-0.11338,0.902094,1475.94,0.384076,4.91853,0.166131,0.00662383,0.0320315,0.00265423,0.0360833,1.58664,1.47645,0.975826,0.165611,0,0,0,175,1,0.29784,1.70986,0.456412,0.0508586,0,1366.79,0.00103294,0.013713,0.021483,0.00186171,0.05,300,300,300,300,300,300,157,175,300,144,148,169,63,67,75
baseline,-1,801,1,0.426069,0.0816525,-0.339767,1.06347,2096,0.0880796,6.98638,0.0820027,0.00927214,0.02145,0.00360595,0.0241076,0.623213,0.997627,1.01793,0.184916,0,1.2958e-37,-1,142,1,0.319735,0.154151,0.300094,0.229891,0,2001.59,0.00103294,0.013713,0.021483,0.00186171,0.05,300,300,300,300,300,300,138,142,150,112,116,124,76,80,88
baseline,-1,802,1,0.225176,0.0957092,-0.0805279,1.06032,1336.91,1.09308,4.45273,0.350498,0.0257839,0.0191202,0.00518032,0.0211936,1.70968,1.33138,0.809153,0.243491,1,1,22,112,1,0.389864,0.37184,0.436255,0.318558,0,1259.87,0.00103294,0.013713,0.021483,0.00186171,0.05,300,300,300,300,300,300,108,112,120,81,91,99,73,77,85
baseline,-1,803,4,0.53047,0.0923683,0.469871,0.917422,2307,0.596329,7.68803,0.240236,0.00323406,0.0239499,0.00203906,0.0256608,1.00287,0.993559,1.1282,0.0977173,1,1,7,159,1,0.132598,0.130635,1.01522,0.0313815,0,2260.83,0.00103294,0.013713,0.021483,0.00186171,0.05,300,300,300,300,300,300,155,159,167,113,117,125,83,87,123
baseline,-1,804,0,0.395945,0.0536392,-0.35326,1.04961,1323.41,1.37617,4.40679,0.330475,0.00445418,0.0159961,0.0110527,0.0198961,1.44258,1.64874,1.06386,0.557263,0,0,17,95,1,0.304334,0.749919,1.20295,0.171368,0,1159.82,0.00103294,0.013713,0.021483,0.00186171,0.05,300,300,300,300,300,300,91,95,300,76,80,98,58,62,70
baseline,-1,805,1,0.404716,0.193633,0.0449814,1.07003,1429.71,0.111078,4.76532,0.111169,0.0135555,0.0243254,0.00163302,0.0183767,0.743405,0.953506,1.20546,0.219276,1,1,0,172,1,0.185287,0.831727,1.22732,0.272924,1,1338.98,0.00103294,0.013713,0.021483,0.00186171,0.05,300,300,300,300,300,300,161,172,217,133,137,145,79,83,91
baseline,-1,806,1,0.305245,0.0384176,-0.00797141,0.952894,1700.04,0.331637,5.6657,0.137769,0.011787,0.0104395,0.00463573,0.0172593,0.925619,1.39366,1.06739,0.0607411,1,1,1,177,1,0.0543306,0.212288,1.15042,0.103143,1,1583.13,0.00103294,0.013713,0.021483,0.00186171,0.05,300,300,300,300,300,300,131,177,221,72,84,92,57,61,69
baseline,-1,807,1,0.485084,0.180565,-0.295958,1.04378,2096.05,0.0556271,6.98666,0.0323697,0.00456466,0.00356661,0.0092574,0.0270539,0.541452,1.06501,1.47995,0.250796,1,1,1,134,1,0.266027,0.380344,1.20438,0.509378,1,1973.76,0.00103294,0.013713,0.021483,0.00186171,0.05,300,300,300,300,300,300,130,134,189,93,97,105,74,94,102
baseline,-1,808,1,0.439711,0.0666559,0.215005,0.942294,1478.49,0.967035,4.92506,0.272731,0.00612261,0.0119072,0.007279,0.0233188,0.837063,0.855823,0.679241,0.313227,1,1,4,161,1,0.0575138,0.385887,0.672204,0.113826,1,1362.96,0.00103294,0.013713,0.021483,0.00186171,0.05,300,300,300,300,300,300,113,161,300,104,108,116,104,108,116
baseline,-1,809,6,0.389046,0.0824239,-0.482632,1.0217,1705.28,3.34838,5.67309,0.551875,0.00204457,0.0183081,0.00204098,0.0285369,1.3546,1.07834,0.516081,0.141022,1,1,38,155,1,0.971719,0.469331,0.349668,0.136625,1,1601.02,0.00103294,0.013713,0.021483,0.00186171,0.05,300,300,300,300,300,300,151,155,163,140,144,163,72,76,84
baseline,-1,810,1,0.456479,0.128911,-0.433576,0.967376,1136.15,1.5045,3.78215,0.44471,0.00547317,0.0206763,0.00299544,0.0259673,0.761858,0.671125,0.678828,0.379137,1,1,176,94,1,0.182136,0.0582802,0.330685,0.337943,0,998.359,0.00103294,0.013713,0.021483,0.00186171,0.05,300,300,300,300,300,300,90,94,102,56,60,68,36,40,48
baseline,-1,811,0,0.572395,0.15985,-0.330248,1.0155,1931.43,1.42837,6.43334,0.414146,0.00790129,0.015727,0.00645232,0.0383402,0.698011,0.593381,0.468897,0.0944212,0,0,1,223,1,0.192532,0.592815,0.546792,0.0586424,0,1863.9,0.00103294,0.013713,0.021483,0.00186171,0.05,300,300,300,300,300,300,170,223,300,97,101,109,72,76,84
baseline,-1,812,5,0.524129,0.124792,-0.204363,0.990091,1436.92,0.27591,4.7888,0.189284,0.00471801,0.0165157,0.00548082,0.0184306,0.394967,0.405401,1.5629,0.12993,0,0,5,193,1,0.0635061,0.315215,1.52012,0.194543,0,1351.88,0.00103294,0.013713,0.021483,0.00186171,0.05,300,300,300,300,300,300,107,193,278,76,80,88,57,61,69
baseline,-1,813,4,0.519853,0.169155,-0.00595498,0.946285,2689.56,0.0422553,8.96507,0.104575,0.0159714,0.0198355,0.00826718,0.0386408,0.451448,0.540992,1.06086,0.564032,0,0,0,153,1,0.0808559,0.721128,1.07702,0.468967,0,2568.15,0.00103294,0.013713,0.021483,0.00186171,0.05,300,300,300,300,300,300,149,153,300,79,83,91,54,58,66
baseline,-1,814,7,0.359865,0.121006,0.444119,1.03749,1432.42,0.0655005,4.77452,0.13278,0.00342594,0.0295814,0.00388041,0.0166377,0.313934,0.355309,0.739727,0.316931,0,0,-1,99,1,0.0452461,0.0732719,0.118058,0.0468724,0,1271.54,0.00103294,0.013713,0.021483,0.00186171,0.05,300,300,300,300,300,300,95,99,271,70,74,82,59,63,71
baseline,-1,815,2,0.25776,0.156671,-0.13721,1.06521,1208.95,0.483033,4.02821,0.25015,0.00392978,0.0238588,0.00633014,0.0148583,0.416746,0.438057,0.892353,0.0888248,0,0,3,147,1,0.0769168,0.136255,0.829701,0.213901,0,1092.34,0.00103294,0.013713,0.021483,0.00186171,0.05,300,300,300,300,300,300,97,147,155,86,90,98,84,88,96
baseline,-1,816,0,0.249901,0.101635,0.144713,1.06987,1469.66,1.85839,4.89266,0.483749,0.0186027,0.0355883,0.00394625,0.0212697,0.701459,0.540191,1.14829,0.127869,0,0,15,110,1,0.40568,0.797959,0.767346,0.176329,0,1318.38,0.00103294,0.013713,0.021483,0.00186171,0.05,300,300,300,300,300,300,106,110,300,82,86,94,56,60,68
baseline,-1,817,6,0.353388,0.0222226,-0.186253,0.902278,2341.91,0.275356,7.80545,0.145261,0.00765504,0.00473216,0.00897886,0.0181877,0.0812145,0.574341,0.816769,0.415174,0,0,0,86,1,0.0696348,0.0401748,0.0903359,0.0665789,0,2165.59,0.00103294,0.013713,0.021483,0.00186171,0.05,300,300,300,300,300,300,82,86,94,61,65,89,45,49,57
baseline,-1,818,1,0.48432,0.117112,-0.0454739,1.00946,2095.12,8.03611,6.95696,0.872971,0.0198953,0.0224659,0.0050066,0.022142,0.763421,0.403008,1.03909,0.761113,1,1,0,138,1,0.761817,0.588567,1.1415,0.620827,1,1956.51,0.00103294,0.013713,0.021483,0.00186171,0.05,300,300,300,300,300,300,134,138,146,100,104,112,68,72,104
baseline,-1,819,5,0.419893,0.137835,0.0563012,0.961882,1746.33,23.9973,5.7411,1.54163,0.0232945,0.0178662,0.00110534,0.0130801,1.31391,0.306563,1.11367,0.642236,0,0,20,102,1,0.887371,0.740706,1.16519,0.711756,0,1593.93,0.00103294,0.013713,0.021483,0.00186171,0.05,300,300,300,300,300,300,98,102,110,96,100,108,92,96,104
baseline,-1,820,3,0.394152,0.0566592,0.103067,0.965742,1648.14,1.15028,5.48995,0.323576,0.0059059,0.0309004,0.00357476,0.0168465,0.984717,1.12757,1.20818,0.278208,0,0,-1,109,1,0.0540405,0.686811,0.399458,0.145317,0,1475.78,0.00103294,0.013713,0.021483,0.00186171,0.05,300,300,300,300,300,300,105,109,300,82,86,106,60,64,72
baseline,-1,821,0,0.167401,0.141043,-0.0374883,0.932262,1191.81,0.153272,3.97218,0.118261,0.0075997,0.0148226,0.00925949,0.0156725,0.818884,1.09752,0.95642,0.056933,0,0,1,166,1,0.19076,0.684041,0.969034,0.349651,0,1091.53,0.00103294,0.013713,0.021483,0.00186171,0.05,300,300,300,300,300,300,118,166,300,83,87,95,62,66,90
baseline,-1,822,5,0.387438,0.184524,0.480969,0.987695,1667.42,0.966088,5.55486,0.275171,0.0105417,0.0102757,0.00818781,0.039923,0.966041,1.12519,1.13575,0.549955,0,0,-1,134,1,0.0573647,0.747961,1.16583,0.33933,0,1529.55,0.00103294,0.013713,0.021483,0.00186171,0.05,300,300,300,300,300,300,118,134,215,92,96,104,74,78,86
baseline,-1,823,6,0.472602,0.126764,0.202872,1.09261,1416.02,0.0358536,4.71995,0.0690867,0.00923338,0.0230151,0.00858364,0.0255061,0.37819,0.612436,1.32314,0.811534,0,1.27687e-08,52,191,1,0.0448971,0.597145,1.33011,0.658652,0,1322.23,0.00103294,0.013713,0.021483,0.00186171,0.05,300,300,300,300,300,300,146,191,300,57,61,69,46,50,58
baseline,-1,824,2,0.458536,0.152934,0.0986208,0.949484,1403.33,0.574952,4.67584,0.250417,0.012649,0.0109298,0.00867476,0.0336802,0.154885,0.0673169,0.832983,0.224244,0,7.2307e-43,-1,98,1,0.830182,0.420887,0.824829,0.132907,0,1364.9,0.00103294,0.013713,0.021483,0.00186171,0.05,300,300,300,300,300,300,94,98,106,92,96,104,91,95,103
baseline,-1,825,4,0.0794371,0.162089,-0.278794,0.992865,2543.81,1.31483,8.47498,0.379845,0.00503967,0.0271849,0.00736508,0.0257773,0.694282,0.585439,0.778864,0.129302,0,0,3,129,1,1.14987,0.721813,0.830456,0.22317,0,2465.81,0.00103294,0.013713,0.021483,0.00186171,0.05,300,300,300,300,300,300,125,129,137,122,126,134,78,82,131
baseline,-1,826,1,0.35718,0.127833,-0.0811559,1.07967,1671.58,0.332974,5.57082,0.213563,0.00275368,0.0196479,0.00619524,0.026762,0.602338,0.569767,0.890578,0.344045,1,1,14,147,1,0.208554,0.378921,0.88939,0.33879,1,1529.48,0.00103294,0.013713,0.021483,0.00186171,0.05,300,300,300,300,300,300,102,147,155,71,75,83,56,60,68
baseline,-1,827,6,0.610618,0.164015,0.138438,1.07993,2093.03,0.930362,6.97367,0.363886,0.0117498,0.0394441,0.00339735,0.0423877,0.569632,0.434632,1.04608,0.315425,0,0,-1,160,1,0.0978024,0.472305,1.08147,0.229957,0,1984.21,0.00103294,0.013713,0.021483,0.00186171,0.05,300,300,300,300,300,300,121,160,168,103,107,115,55,59,67
baseline,-1,828,0,0.313677,0.0845992,0.462677,1.05644,1311.95,0.0412464,4.37303,0.0411569,0.00748417,0.00957363,0.0042693,0.0247255,0.4618,1.00972,0.898655,0.396543,0,0,-1,103,1,0.213051,0.146971,0.546616,0.320152,0,1165.61,0.00103294,0.013713,0.021483,0.00186171,0.05,300,300,300,300,300,300,99,103,111,81,85,93,56,60,84
baseline,-1,829,7,0.326929,0.0336802,0.0416632,0.955716,2155.28,0.00920076,7.18423,0.0312125,0.0171925,0.0050461,0.00667098,0.0330395,0.150886,0.344634,0.778946,0.456722,0,0,27,135,1,0.0464318,0.313093,0.553393,0.42241,0,2026.22,0.00103294,0.013713,0.021483,0.00186171,0.05,300,300,300,300,300,300,92,135,221,68,72,80,59,63,71
baseline,-1,830,0,0.377661,0.152353,-0.346986,1.00137,1981.31,0.322289,6.60328,0.195317,0.00834848,0.0153235,0.00336888,0.0393958,0.567674,0.805926,1.12488,0.036051,0,4.46638e-36,0,106,1,0.266868,0.270399,0.996244,0.168783,1,1896.55,0.00103294,0.013713,0.021483,0.00186171,0.05,300,300,300,300,300,300,102,106,114,96,100,108,95,99,107
baseline,-1,831,0,0.39611,0.121569,-0.16665,1.06354,2194.66,10.378,7.28093,1.03763,0.0535407,0.0191428,0.00656721,0.022872,0.825597,0.222567,0.483275,0.686744,1,0.999997,18,120,1,0.49651,0.391199,0.50037,0.716072,1,2079.5,0.00103294,0.013713,0.021483,0.00186171,0.05,300,300,300,300,300,300,116,120,128,88,92,100,78,82,90
baseline,-1,832,1,0.38693,0.184564,0.20988,1.03718,1541.62,0.174436,5.13815,0.120983,0.0146379,0.0143633,0.0057729,0.0570889,0.873099,1.22807,1.2369,0.794025,1,1,0,184,1,0.11769,0.809451,0.831588,0.745318,1,1449.26,0.00103294,0.013713,0.021483,0.00186171,0.05,300,300,300,300,300,300,119,184,226,82,86,94,57,61,69
baseline,-1,833,6,0.391267,0.0105634,0.469422,1.09272,2510.58,2.30705,8.36091,0.468421,0.0787872,0.0168517,0.00640093,0.00832106,0.355587,0.301598,0.69831,0.438304,0,0,0,99,1,0.173985,0.12877,1.03952,0.342472,1,2419.41,0.00103294,0.013713,0.021483,0.00186171,0.05,300,300,300,300,300,300,95,99,107,78,82,90,64,68,76
baseline,-1,834,2,0.426106,0.0201026,0.289329,1.03014,1801.36,60.6677,5.8023,2.42088,0.135991,0.0136569,0.00203487,0.028482,2.11321,0.92083,0.817874,0.737731,0,2.28696e-06,0,109,1,0.74334,0.569314,1.00752,0.190243,0,1418.92,0.00103294,0.013713,0.021483,0.00186171,0.05,300,300,300,300,300,300,105,109,117,90,94,102,69,73,81
baseline,-1,835,3,0.287761,0.0292863,0.468119,1.09875,1149.15,0.325138,3.8294,0.200901,0.00407024,0.0186497,0.00361571,0.0170988,0.458258,0.445813,1.00827,0.287674,0,0,-1,164,1,0.0749044,0.622086,0.726604,0.251051,0,1043.26,0.00103294,0.013713,0.021483,0.00186171,0.05,300,300,300,300,300,300,120,164,300,75,79,87,59,63,71
baseline,-1,836,2,0.388704,0.170389,-0.173174,1.05335,1208.11,2.99917,4.01703,0.532223,0.00541301,0.0140425,0.00625697,0.0288871,1.39525,1.12533,0.875795,0.106258,0,0,-1,120,1,0.190802,0.113039,0.571283,0.0401803,0,1075.97,0.00103294,0.013713,0.021483,0.00186171,0.05,300,300,300,300,300,300,111,120,128,108,112,120,84,105,113
baseline,-1,837,0,0.403324,0.0567684,0.133347,1.01466,1317.86,0.648362,4.39069,0.231415,0.00939455,0.0264816,0.00485704,0.0215677,1.72061,1.38093,0.97565,0.201744,0,0,0,132,1,0.0526146,0.62693,0.876902,0.321053,0,1173.49,0.00103294,0.013713,0.021483,0.00186171,0.05,300,300,300,300,300,300,128,132,209,82,86,94,76,80,88
baseline,-1,838,6,0.602354,0.151865,0.417661,0.908631,1073.15,2.97056,3.56728,0.49302,0.0136111,0.0272012,0.00242787,0.0398347,1.633,1.9276,1.05517,0.358565,1,1,43,211,1,0.294122,0.703818,1.33682,0.26206,1,998.505,0.00103294,0.013713,0.021483,0.00186171,0.05,300,300,300,300,300,300,162,211,300,64,68,76,52,56,64
baseline,-1,839,2,0.48079,0.142984,-0.408274,1.07362,1288.21,0.142324,4.29356,0.110334,0.00544043,0.0203144,0.00476901,0.0249807,0.839949,1.11127,0.668923,0.220504,0,0,-1,300,0,0.110334,0.839949,0.668923,0.220504,0,1288.07,0.00103294,0.013713,0.021483,0.00186171,0.05,300,300,300,300,300,300,127,300,300,86,90,98,64,68,76
baseline,-1,840,5,0.279498,0.175616,0.220345,0.95872,1392.77,0.0240371,4.6425,0.0311294,0.00955871,0.00421447,0.00439868,0.0180434,0.337822,0.640261,1.13514,0.0624919,0,0,0,86,1,0.0280346,0.439199,1.08721,0.290139,0,1225.59,0.00103294,0.013713,0.021483,0.00186171,0.05,300,300,300,300,300,300,82,86,94,69,73,81,66,70,78
baseline,-1,841,0,0.151167,0.0360862,-0.246412,0.957651,1154.78,0.652669,3.84709,0.292382,0.00620654,0.0218559,0.00529148,0.0236639,0.543771,0.338891,1.10563,0.343966,0,0,43,117,1,0.0993214,0.885554,0.676482,0.268878,0,989.348,0.00103294,0.013713,0.021483,0.00186171,0.05,300,300,300,300,300,300,113,117,300,64,68,76,47,51,59
baseline,-1,842,1,0.445061,0.0370951,0.424494,1.07657,2239.96,21.7601,7.394,1.44605,0.144254,0.0073566,0.0038972,0.034224,1.34081,0.721428,0.913074,0.68776,1,1,69,152,1,0.387525,0.0719157,1.10029,0.327376,1,1953.86,0.00103294,0.013713,0.021483,0.00186171,0.05,300,300,300,300,300,300,148,152,160,106,110,118,76,80,88
baseline,-1,843,7,0.33839,0.14585,0.112182,0.943033,1783.34,0.388097,5.94316,0.100792,0.00760701,0.0119178,0.00561645,0.020942,1.08518,1.8428,1.35341,0.0910823,0,0,0,124,1,0.212982,0.581411,0.92969,0.399726,0,1609.05,0.00103294,0.013713,0.021483,0.00186171,0.05,300,300,300,300,300,300,107,124,300,87,99,107,61,65,107
baseline,-1,844,2,0.159237,0.0476511,0.0134481,1.09862,1472.04,3.29956,4.8958,0.581277,0.0178078,0.0344919,0.00953369,0.0401015,0.998764,0.902019,0.995104,0.657109,0,0,-1,167,1,0.0862138,0.619862,0.915911,0.621193,0,1362.2,0.00103294,0.013713,0.021483,0.00186171,0.05,300,300,300,300,300,300,128,167,284,62,66,92,56,60,68
baseline,-1,845,5,0.536783,0.00946951,0.48795,0.945302,1912.23,0.0586459,6.3739,0.0646632,0.05411,0.0227417,0.00268113,0.0236095,0.0479071,0.0657888,0.0278247,0.0217706,0,1.81806e-11,3,300,0,0.0646632,0.0479071,0.0278247,0.0217706,0,1912.17,0.00103294,0.013713,0.021483,0.00186171,0.05,300,300,300,300,300,300,300,300,300,300,300,300,59,63,81
baseline,-1,846,2,0.434186,0.186254,-0.139164,0.921685,1101.57,0.198985,3.67123,0.133555,0.00854392,0.0139714,0.00632033,0.0310583,0.603594,0.77444,0.872893,0.190099,0,0,1,242,1,0.0312819,0.137311,1.19025,0.316491,0,1048.37,0.00103294,0.013713,0.021483,0.00186171,0.05,300,300,300,300,300,300,183,242,300,105,109,117,79,83,91
baseline,-1,847,1,0.472957,0.0346583,-0.100987,1.07466,1852.75,1.33643,6.17138,0.354872,0.0120832,0.0260549,0.00607304,0.0333612,0.843251,0.894347,0.660832,0.305808,1,1,0,144,1,0.149233,1.05683,0.898119,0.282523,1,1713.64,0.00103294,0.013713,0.021483,0.00186171,0.05,300,300,300,300,300,300,107,144,300,64,68,76,54,58,66
baseline,-1,848,5,0.320592,0.136682,-0.22648,1.01501,1812.33,1.34514,6.03661,0.324282,0.00373013,0.0181422,0.00329585,0.0291911,1.28098,1.64891,0.706466,0.821492,0,0,5,183,1,0.0487156,0.695254,0.740563,0.637708,0,1720.6,0.00103294,0.013713,0.021483,0.00186171,0.05,300,300,300,300,300,300,179,183,300,84,88,96,50,54,62
baseline,-1,849,5,0.378854,0.198973,0.166071,0.952538,1504.65,0.28051,5.01458,0.181084,0.00720025,0.0179033,0.00834219,0.0280999,0.501484,0.507495,0.749828,0.171579,0,0,28,120,1,0.267444,0.0127586,1.05838,0.146176,0,1358.61,0.00103294,0.013713,0.021483,0.00186171,0.05,300,300,300,300,300,300,116,120,128,105,109,117,102,106,114
baseline,-1,850,6,0.381463,0.0276594,0.0957774,1.08391,1158.71,0.0810319,3.8621,0.0867881,0.00763605,0.0284451,0.00643534,0.00875735,0.32069,0.616655,0.74653,0.0657017,0,0,-1,162,1,0.136177,0.988806,0.7324,0.187702,0,1045.61,0.00103294,0.013713,0.021483,0.00186171,0.05,300,300,300,300,300,300,153,162,300,117,121,129,91,119,127
baseline,-1,851,7,0.334837,0.0274425,-0.0647744,0.948919,2592.11,0.0152302,8.64033,0.0199474,0.00367539,0.0141672,0.00707304,0.0299235,0.203055,0.615892,0.655709,0.166813,0,0,-1,115,1,0.685541,0.584229,0.639094,0.392917,0,2493.6,0.00103294,0.013713,0.021483,0.00186171,0.05,300,300,300,300,300,300,111,115,123,87,91,99,75,79,87
baseline,-1,852,6,0.421517,0.120578,-0.0931647,1.08977,1560.55,0.401623,5.2005,0.198247,0.00277383,0.0208045,0.00488041,0.0222039,0.839417,0.823232,0.76106,0.0545595,1,1,2,212,1,0.15313,0.786309,0.616504,0.118146,0,1491.4,0.00103294,0.013713,0.021483,0.00186171,0.05,300,300,300,300,300,300,124,212,300,82,86,94,66,70,78
baseline,-1,853,1,0.311523,0.0617809,-0.455853,1.01902,1940.97,2.05637,6.46303,0.390018,0.0044147,0.0149938,0.00380862,0.036258,2.07339,2.21961,0.788553,0.28516,1,1,2,200,1,0.243522,0.687799,0.924501,0.33415,1,1844.57,0.00103294,0.013713,0.021483,0.00186171,0.05,300,300,300,300,300,300,112,200,249,102,106,114,65,69,77
baseline,-1,854,6,0.29537,0.0480102,-0.0521529,0.991185,1794.68,1.55868,5.97708,0.421812,0.0450355,0.00484299,0.00498068,0.0168718,0.958964,0.901491,1.16546,0.292097,0,0,-1,277,1,0.140547,0.51211,1.10043,0.295615,0,1774.26,0.00103294,0.013713,0.021483,0.00186171,0.05,300,300,300,300,300,300,118,277,300,99,103,111,82,86,94
baseline,-1,855,7,0.429874,0.0706744,0.363202,1.09067,1515.54,0.191393,5.05115,0.131563,0.0324522,0.0190479,0.00563247,0.0256246,0.715317,0.958822,0.945711,0.39463,0,0,0,186,1,0.191964,1.02238,0.891474,0.333306,0,1388.7,0.00103294,0.013713,0.021483,0.00186171,0.05,300,300,300,300,300,300,146,186,300,70,74,82,42,66,74
baseline,-1,856,2,0.457109,0.146808,0.463226,0.902473,1205.64,0.113727,4.01842,0.0597295,0.00604903,0.0391082,0.00289795,0.045082,0.624339,1.12897,1.1859,0.0352695,0,0,-1,165,1,0.23646,1.02602,1.08676,0.359519,0,1084.01,0.00103294,0.013713,0.021483,0.00186171,0.05,300,300,300,300,300,300,121,165,300,72,76,84,50,54,62
baseline,-1,857,7,0.354037,0.0225439,-0.0368642,1.08402,2118.92,0.131409,7.06262,0.13776,0.00803706,0.0293497,0.00601212,0.0441335,0.538432,0.62895,1.14052,0.040987,0,0,26,106,1,0.0696306,0.031365,0.167219,0.0436478,0,1972.48,0.00103294,0.013713,0.021483,0.00186171,0.05,300,300,300,300,300,300,102,106,114,76,80,88,55,59,67
baseline,-1,858,2,0.421919,0.14691,0.255608,1.06389,1669.11,1.09082,5.56007,0.34374,0.00735136,0.0280149,0.00222709,0.0251175,0.919369,0.739443,1.09684,0.240444,0,0,19,145,1,0.222588,1.50356,1.03629,0.0786483,0,1543.68,0.00103294,0.013713,0.021483,0.00186171,0.05,300,300,300,300,300,300,135,145,300,132,136,144,105,109,117
baseline,-1,859,6,0.504864,0.0365977,-0.109758,0.940608,2099.29,5.18177,6.98036,0.698693,0.0152572,0.014945,0.00293494,0.0117057,1.31499,1.07095,0.664799,0.0274293,1,1,7,109,1,0.30563,0.944729,0.627209,0.160419,1,1942.88,0.00103294,0.013713,0.021483,0.00186171,0.05,300,300,300,300,300,300,105,109,286,74,78,86,49,53,61
baseline,-1,860,0,0.437348,0.153479,0.211605,1.09097,1653.98,0.366443,5.51204,0.156217,0.00480565,0.017453,0.00369699,0.0157238,0.994062,1.41844,1.30542,0.0663769,0,0,4,257,1,0.0354489,0.508497,1.00533,0.0131949,0,1618.22,0.00103294,0.013713,0.021483,0.00186171,0.05,300,300,300,300,300,300,146,257,300,129,133,141,62,66,74
baseline,-1,861,2,0.27856,0.138386,-0.390223,1.0953,2173.88,1.12067,7.24252,0.331881,0.037113,0.0346408,0.00745022,0.0385909,0.923352,0.877576,1.22319,1.16171,0,0,29,250,1,0.037113,0.358932,1.2454,0.949215,0,2134.85,0.00103294,0.013713,0.021483,0.00186171,0.05,300,300,300,300,300,300,118,250,300,70,74,82,47,51,59
baseline,-1,862,1,0.3085,0.109558,0.408378,0.918265,1411.44,0.721727,4.70241,0.308461,0.0112807,0.018994,0.00710908,0.0182157,0.672384,0.579808,0.809078,0.0566537,1,1,5,192,1,0.449391,0.474251,0.687934,0.132702,1,1319.32,0.00103294,0.013713,0.021483,0.00186171,0.05,300,300,300,300,300,300,152,192,200,119,123,131,99,122,130
baseline,-1,863,2,0.389533,0.0564667,-0.12818,0.996092,2306.87,1.53552,7.68446,0.380582,0.0188383,0.0204148,0.00900206,0.0225541,0.376,0.170905,0.94742,0.301177,0,0,-1,233,1,0.16739,0.118788,1.0157,0.521764,0,2303,0.00103294,0.013713,0.021483,0.00186171,0.05,300,300,300,300,300,300,184,233,241,76,80,88,58,62,70
baseline,-1,864,4,0.40524,0.0580518,0.168918,0.980461,2001.79,0.00631648,6.67262,0.00505587,0.00505587,0.0267647,0.00177248,0.0332122,0.274314,0.844682,0.9413,0.206857,0,0,-1,120,1,0.450502,0.109703,0.904896,0.452835,0,1947.8,0.00103294,0.013713,0.021483,0.00186171,0.05,300,300,300,300,300,300,116,120,128,69,73,95,42,52,76
baseline,-1,865,2,0.375681,0.0461892,0.238564,1.01942,2452.88,1.70954,8.17058,0.433405,0.00790315,0.0254877,0.00431027,0.0190018,0.465488,0.344698,1.00371,0.15729,0,0,24,90,1,0.133057,0.0483156,0.05991,0.0279753,1,2303.24,0.00103294,0.013713,0.021483,0.00186171,0.05,300,300,300,300,300,300,86,90,98,65,69,77,61,65,73
baseline,-1,866,4,0.552643,0.00757306,-0.18683,0.948606,1564.85,0.150847,5.21566,0.102423,0.00582708,0.00278582,0.00248222,0.0322504,0.701422,1.96441,1.1351,0.384364,0,0,27,147,1,0.022021,0.525702,0.788799,0.383018,0,1431.21,0.00103294,0.013713,0.021483,0.00186171,0.05,300,300,300,300,300,300,113,147,299,82,86,94,60,64,72
baseline,-1,867,5,0.348736,0.120268,0.00212038,1.06217,1444.62,0.53872,4.81361,0.234071,0.0460499,0.0473749,0.00846357,0.0336332,0.116428,0.0386405,0.101994,0.152027,0,5.69684e-12,0,199,1,0.101799,0.0949883,0.335957,0.124536,0,1436.32,0.00103294,0.013713,0.021483,0.00186171,0.05,300,300,300,300,300,300,195,199,207,120,124,132,70,74,82
baseline,-1,868,5,0.509643,0.054392,-0.224315,1.033,2302.06,0.397985,7.67219,0.177948,0.00780982,0.0190145,0.00980186,0.0301416,0.810609,1.05562,0.734801,0.225331,0,0,18,220,1,0.213533,0.999727,0.669808,0.14069,0,2241.27,0.00103294,0.013713,0.021483,0.00186171,0.05,300,300,300,300,300,300,101,220,300,98,102,110,82,93,101
baseline,-1,869,2,0.217777,0.082038,0.45201,1.0822,1362.76,2.44613,4.53439,0.53154,0.00499724,0.0246723,0.00647153,0.048515,0.87968,0.739294,1.30932,0.644996,0,0,-1,159,1,0.180794,1.0139,1.28993,0.477437,0,1239.54,0.00103294,0.013713,0.021483,0.00186171,0.05,300,300,300,300,300,300,115,159,234,70,74,82,54,58,66
baseline,-1,870,1,0.429883,0.0598224,-0.172056,1.03022,2817.86,0.670888,9.39063,0.322121,0.00766803,0.0175166,0.00965367,0.0353733,0.363902,0.195547,1.49952,0.393426,1,1,0,233,1,0.0779613,0.27736,1.47247,0.278049,1,2759.89,0.00103294,0.013713,0.021483,0.00186171,0.05,300,300,300,300,300,300,125,233,300,106,110,118,106,110,118
baseline,-1,871,5,0.560839,0.126937,0.215858,1.01619,2274.39,1.52365,7.57621,0.407994,0.00678945,0.0206236,0.00787533,0.0318363,0.707423,0.61056,1.03359,0.51954,0,0,21,203,1,0.100688,0.692967,0.675534,0.423121,0,2193.71,0.00103294,0.013713,0.021483,0.00186171,0.05,300,300,300,300,300,300,143,203,211,68,72,80,55,59,67
baseline,-1,872,4,0.482018,0.0503292,-0.0580057,1.05323,2263.46,0.268825,7.54398,0.1711,0.00350221,0.018453,0.011246,0.0316856,0.120605,0.0454541,0.955405,0.247329,0,0,15,98,1,0.416299,0.0685018,1.23844,0.281157,0,2173.76,0.00103294,0.013713,0.021483,0.00186171,0.05,300,300,300,300,300,300,94,98,121,87,91,99,82,86,94
baseline,-1,873,3,0.431019,0.0743655,-0.0898094,1.0067,2252.71,1.70156,7.50335,0.390824,0.00935075,0.0317493,0.00683012,0.0365627,1.8385,1.60462,0.735103,0.284176,0,0,8,143,1,0.204569,0.283567,0.693924,0.29689,0,2125.19,0.00103294,0.013713,0.021483,0.00186171,0.05,300,300,300,300,300,300,119,143,300,64,68,76,46,50,58
baseline,-1,874,6,0.268922,0.106348,0.288603,0.957088,1664.3,0.152562,5.54717,0.0972387,0.00758092,0.0194014,0.00224392,0.0112489,0.308569,0.476739,1.0226,0.383957,1,1,31,118,1,0.0476849,0.0199804,0.0805026,0.0490812,1,1535.47,0.00103294,0.013713,0.021483,0.00186171,0.05,300,300,300,300,300,300,114,118,126,81,85,93,55,59,67
baseline,-1,875,0,0.471954,0.101091,-0.452273,1.06645,2440.36,0.658622,8.13233,0.189646,0.0322038,0.0257275,0.00665262,0.00746025,1.16823,1.72204,1.21187,0.273864,0,0.000810783,26,177,1,0.223641,0.481521,0.987631,0.264749,1,2342.67,0.00103294,0.013713,0.021483,0.00186171,0.05,300,300,300,300,300,300,173,177,300,80,84,92,62,66,74
baseline,-1,876,2,0.3649,0.198233,-0.134526,1.01432,1664.61,0.768072,5.54613,0.229975,0.00364981,0.0132993,0.0071523,0.0118619,1.04188,1.9998,1.10426,0.397443,0,0,-1,293,1,0.0131457,0.286402,1.27474,0.415603,0,1659.21,0.00103294,0.013713,0.021483,0.00186171,0.05,300,300,300,300,300,300,101,293,300,92,96,104,74,78,86
baseline,-1,877,3,0.37954,0.0145798,0.283342,0.948964,1779.35,2.41007,5.92313,0.393818,0.00796893,0.0126723,0.00990324,0.0193886,1.62041,2.24199,0.975632,0.0547063,0,0,-1,248,1,0.0444662,0.354327,1.19,0.0746527,0,1733.83,0.00103294,0.013713,0.021483,0.00186171,0.05,300,300,300,300,300,300,153,248,292,123,136,144,93,97,105
baseline,-1,878,5,0.475118,0.115818,-0.0245857,1.09613,2360.38,0.243414,7.86712,0.151946,0.00958677,0.0486741,0.0079279,0.0267649,0.59213,0.867746,1.40976,0.500611,0,0,11,137,1,0.149864,1.26175,1.49151,0.51836,0,2217.54,0.00103294,0.013713,0.021483,0.00186171,0.05,300,300,300,300,300,300,114,137,300,90,94,102,67,91,99
baseline,-1,879,3,0.504651,0.158588,-0.314461,0.959018,2300.77,0.100061,7.66889,0.12596,0.00789229,0.0293143,0.0069253,0.0153481,0.184951,0.269464,1.43137,0.334438,0,0,0,142,1,0.146794,0.285806,0.817267,0.309528,0,2153.78,0.00103294,0.013713,0.021483,0.00186171,0.05,300,300,300,300,300,300,129,142,150,95,99,107,79,96,104
baseline,-1,880,4,0.436731,0.0298207,-0.294953,1.01962,1026.19,0.908819,3.4176,0.308755,0.00709935,0.0262105,0.00823358,0.0158483,1.16056,1.41884,1.05948,0.300025,0,0,0,88,1,0.212469,0.046451,0.345604,0.0854521,0,852.429,0.00103294,0.013713,0.021483,0.00186171,0.05,300,300,300,300,300,300,84,88,96,62,66,74,47,51,59
baseline,-1,881,0,0.512689,0.127421,0.0788076,0.910898,2605.49,1.79582,8.67899,0.418843,0.0118008,0.0128186,0.00255633,0.0207192,1.43125,0.924398,0.969941,0.18031,0,0,14,300,0,0.418843,1.43125,0.969941,0.18031,0,2603.7,0.00103294,0.013713,0.021483,0.00186171,0.05,300,300,300,300,300,300,192,300,300,122,126,134,68,72,80
baseline,-1,882,7,0.237535,0.186124,0.414372,0.939362,1864.07,0.031495,6.21345,0.0526991,0.00483319,0.0352643,0.00664437,0.0236924,0.181672,0.284429,0.733076,0.221898,0,0,-1,128,1,0.0844687,0.0513368,0.4995,0.227448,0,1730.63,0.00103294,0.013713,0.021483,0.00186171,0.05,300,300,300,300,300,300,124,128,136,83,108,116,81,85,93
baseline,-1,883,6,0.429178,0.0894109,0.428806,0.911696,1232.89,0.873512,4.10672,0.320918,0.0136857,0.0204909,0.00450952,0.0288258,0.488817,0.412772,0.578665,0.514583,0,0,-1,228,1,0.0228766,0.0592949,1.05603,0.447447,0,1171.1,0.00103294,0.013713,0.021483,0.00186171,0.05,300,300,300,300,300,300,149,228,236,74,78,86,37,41,49
baseline,-1,884,3,0.435311,0.154857,-0.131559,1.05061,3044.04,0.00153234,10.1468,0.0166426,0.00606708,0.0411135,0.00599755,0.007409,0.088243,0.141829,0.716297,0.382004,0,0,-1,204,1,0.129127,0.595938,0.715228,0.374202,0,2960.95,0.00103294,0.013713,0.021483,0.00186171,0.05,300,300,300,300,300,300,148,204,251,97,101,109,73,77,85
baseline,-1,885,0,0.472594,0.110806,0.38847,0.980243,1338.96,0.992823,4.4599,0.351224,0.00313715,0.0178287,0.00580789,0.0247118,0.510111,0.434342,0.869586,0.662808,0,0,3,86,1,0.0827925,0.599784,0.493711,0.0665882,0,1168.78,0.00103294,0.013713,0.021483,0.00186171,0.05,300,300,300,300,300,300,82,86,300,62,66,74,45,49,57
baseline,-1,886,7,0.395142,0.174312,0.062084,0.969971,2473.34,0.182489,8.24387,0.129158,0.0594645,0.0200476,0.00402855,0.0124123,0.503591,0.663325,1.00204,0.289773,0,0,26,180,1,0.200492,0.831419,0.930592,0.249847,0,2381.62,0.00103294,0.013713,0.021483,0.00186171,0.05,300,300,300,300,300,300,150,180,300,96,100,131,59,90,98
baseline,-1,887,5,0.1779,0.118275,-0.397964,1.01332,1364.55,0.0950008,4.54817,0.13805,0.00736971,0.0192242,0.00611366,0.0105003,0.787466,0.884512,0.919422,0.358125,0,0,2,138,1,0.16767,0.937754,1.01036,0.300809,0,1235.42,0.00103294,0.013713,0.021483,0.00186171,0.05,300,300,300,300,300,300,96,138,300,84,88,96,82,86,94
baseline,-1,888,5,0.393746,0.174351,-0.375597,1.05824,1131.36,2.12014,3.76415,0.459839,0.00514469,0.00903489,0.00607678,0.0183839,1.00513,0.66534,1.42282,0.415409,0,0,-1,154,1,0.0411902,0.241572,1.37083,0.122641,0,998.409,0.00103294,0.013713,0.021483,0.00186171,0.05,300,300,300,300,300,300,121,154,300,68,72,80,56,60,68
baseline,-1,889,6,0.458996,0.19599,-0.438294,0.905268,1841.6,0.0719757,6.13844,0.101784,0.0310447,0.025888,0.00515366,0.0322072,0.469891,0.674507,1.5191,0.326733,0,2.62594e-32,103,300,0,0.101784,0.469891,1.5191,0.326733,0,1841.53,0.00103294,0.013713,0.021483,0.00186171,0.05,300,300,300,300,300,300,145,300,300,83,87,95,51,55,63
baseline,-1,890,1,0.330218,0.146939,0.324878,0.966639,2257.93,4.6882,7.51081,0.665738,0.00548907,0.0151769,0.0109593,0.0201994,1.36969,1.31506,1.07622,0.322137,1,1,25,116,1,0.0658751,0.67534,0.50893,0.191496,1,2098.73,0.00103294,0.013713,0.021483,0.00186171,0.05,300,300,300,300,300,300,112,116,300,108,112,120,82,109,117
baseline,-1,891,0,0.286179,0.102223,0.288146,1.04632,1749.36,0.0107156,5.83117,0.0664244,0.00573055,0.028687,0.00275772,0.0243265,0.144628,0.29527,1.27557,0.335086,0,0,5,258,1,0.0283089,0.233353,1.29905,0.342087,0,1712.96,0.00103294,0.013713,0.021483,0.00186171,0.05,300,300,300,300,300,300,157,258,300,134,138,146,84,88,96
baseline,-1,892,2,0.387395,0.0163875,-0.116647,1.07003,2501,3.97641,8.32341,0.667685,0.0115788,0.0229682,0.00693735,0.00598834,0.865273,0.597092,1.11696,0.210473,0,0,0,151,1,0.152966,0.747667,0.918349,0.273415,0,2359.5,0.00103294,0.013713,0.021483,0.00186171,0.05,300,300,300,300,300,300,147,151,279,90,94,102,88,92,100
baseline,-1,893,0,0.342241,0.0828557,-0.150676,1.05757,1632.21,1.68147,5.43508,0.473776,0.00280587,0.0029291,0.00444871,0.0248482,0.82783,0.516077,0.70152,0.21342,0,0,0,94,1,0.0631599,0.0533862,0.142256,0.0162022,0,1469.67,0.00103294,0.013713,0.021483,0.00186171,0.05,300,300,300,300,300,300,90,94,102,63,67,75,49,53,61
baseline,-1,894,2,0.298734,0.115594,-0.0317477,1.09786,1204.55,0.0228263,4.01508,0.0516217,0.00432401,0.00722789,0.00410271,0.0294137,0.251301,0.49358,1.22551,0.283198,0,0,2,98,1,0.0840897,1.03606,0.7829,0.122806,0,1033.23,0.00103294,0.013713,0.021483,0.00186171,0.05,300,300,300,300,300,300,94,98,192,86,90,98,72,87,95
baseline,-1,895,3,0.260466,0.164719,-0.0892708,0.924657,2304.45,1.32256,7.67711,0.409351,0.00443555,0.0135228,0.00463068,0.00666572,0.614056,0.525783,1.03136,0.528341,0,0,0,136,1,0.354531,1.34455,0.996836,0.451302,0,2173.88,0.00103294,0.013713,0.021483,0.00186171,0.05,300,300,300,300,300,300,121,136,242,77,81,89,62,66,74
baseline,-1,896,2,0.473934,0.138293,0.149011,0.952225,1624.74,1.6805,5.41021,0.435365,0.0116923,0.0381694,0.00952311,0.026829,0.581659,0.467327,1.21609,0.121326,0,0,45,181,1,0.0925768,0.190175,1.35212,0.0638367,0,1512.56,0.00103294,0.013713,0.021483,0.00186171,0.05,300,300,300,300,300,300,131,181,189,89,107,115,60,64,72
baseline,-1,897,2,0.488462,0.0780461,-0.47111,1.08535,1391.85,0.108629,4.63913,0.101767,0.00727526,0.0199392,0.00309081,0.0295605,0.414749,0.572686,0.816135,0.425143,0,0,9,143,1,0.196479,0.931365,0.52412,0.299309,0,1226.36,0.00103294,0.013713,0.021483,0.00186171,0.05,300,300,300,300,300,300,95,143,300,61,65,73,44,48,56
baseline,-1,898,3,0.550929,0.0522845,0.105232,1.07207,2163.13,0.74606,7.20795,0.296167,0.0139459,0.0155657,0.00385776,0.0249003,0.400363,0.341454,1.60817,0.480206,0,0,0,130,1,0.189694,0.249289,1.12216,0.410229,0,2019.54,0.00103294,0.013713,0.021483,0.00186171,0.05,300,300,300,300,300,300,100,130,138,68,72,95,52,56,64
baseline,-1,899,2,0.526486,0.118628,-0.182159,1.07185,1522.98,0.338908,5.07546,0.156521,0.0110672,0.0232303,0.00831943,0.0289945,0.77217,0.963632,0.877298,0.385623,0,0,-1,300,0,0.156521,0.77217,0.877298,0.385623,0,1522.64,0.00103294,0.013713,0.021483,0.00186171,0.05,300,300,300,300,300,300,193,300,300,142,146,154,96,100,108
baseline,-1,900,1,0.42967,0.131506,0.221629,0.939852,1609.68,2.84186,5.35611,0.573978,0.00826548,0.0158519,0.0060046,0.00893005,0.788386,0.641651,0.718895,0.339938,1,1,1,184,1,0.288136,0.615486,0.709454,0.288041,1,1499.53,0.00103294,0.013713,0.021483,0.00186171,0.05,300,300,300,300,300,300,121,184,300,76,80,88,52,56,83
baseline,-1,901,0,0.389156,0.0632309,0.0228539,0.931275,1711.88,12.9086,5.66323,1.09802,0.00530811,0.0239462,0.00452628,0.026429,0.914373,0.489512,1.24613,0.140959,0,0,9,139,1,0.041045,0.0886217,1.19858,0.105999,0,1592.74,0.00103294,0.013713,0.021483,0.00186171,0.05,300,300,300,300,300,300,125,139,147,84,88,96,52,56,92
baseline,-1,902,6,0.486119,0.0346932,-0.133332,0.921062,1996.77,1.28675,6.65163,0.384702,0.0118725,0.0148132,0.00619345,0.0359624,0.949501,0.804612,1.08579,0.528536,1,1,71,137,1,0.0453966,0.178688,1.2183,0.471006,0,1844.52,0.00103294,0.013713,0.021483,0.00186171,0.05,300,300,300,300,300,300,106,137,145,80,84,104,74,78,86
baseline,-1,903,4,0.437337,0.160741,0.142908,0.996273,2280.94,5.72334,7.58407,0.757702,0.067187,0.024891,0.0040511,0.0370281,0.733396,0.392802,0.572017,0.62387,0,0,-1,133,1,0.586713,0.575771,0.623069,0.765889,0,2191.08,0.00103294,0.013713,0.021483,0.00186171,0.05,300,300,300,300,300,300,129,133,141,85,89,97,75,79,87
baseline,-1,904,2,0.305774,0.0786361,-0.00372148,0.975224,1597.87,3.09403,5.31592,0.567098,0.0704344,0.0288291,0.00576917,0.0179897,0.471635,0.1211,0.621873,0.760567,0,0,3,110,1,0.468154,0.396333,0.78521,0.749508,0,1452.21,0.00103294,0.013713,0.021483,0.00186171,0.05,300,300,300,300,300,300,106,110,118,91,95,103,63,67,75
baseline,-1,905,2,0.252817,0.136456,-0.46799,0.946518,1625.39,3.62876,5.40587,0.581405,0.0162067,0.0235683,0.0123433,0.0178421,0.527406,0.366563,0.856961,0.826911,0,3.69594e-32,-1,93,1,2.53964,2.13294,0.887208,1.29828,0,1312.28,0.00103294,0.013713,0.021483,0.00186171,0.05,300,300,300,300,300,300,89,93,131,85,89,97,81,85,93
baseline,-1,906,3,0.47757,0.0387091,-0.331918,0.926939,2108.83,2.51004,7.02107,0.522555,0.0546094,0.0268143,0.00399873,0.0175586,0.345984,0.250551,0.602236,0.30871,0,0,-1,129,1,0.180604,0.125039,1.13279,0.380766,0,1986.67,0.00103294,0.013713,0.021483,0.00186171,0.05,300,300,300,300,300,300,125,129,137,65,69,95,47,51,59
baseline,-1,907,6,0.293667,0.117927,-0.197348,1.05935,2293.89,1.89907,7.63996,0.458482,0.0373986,0.0133513,0.0109723,0.0173431,0.800965,0.520913,0.841094,0.429682,1,1,25,172,1,0.239363,0.84162,0.851511,0.369937,1,2190.22,0.00103294,0.013713,0.021483,0.00186171,0.05,300,300,300,300,300,300,148,172,300,79,83,91,55,59,67
baseline,-1,908,5,0.409037,0.137753,0.0741175,1.01078,1428.27,0.00697369,4.76089,0.032139,0.010501,0.0156119,0.0055473,0.0251901,0.158173,0.205788,0.908216,0.304194,0,0,-1,186,1,0.24392,0.59893,1.04129,0.28285,0,1340.93,0.00103294,0.013713,0.021483,0.00186171,0.05,300,300,300,300,300,300,97,186,300,96,100,108,42,46,54
baseline,-1,909,5,0.4611,0.140984,0.167767,1.06019,1797.29,0.0719005,5.99074,0.0782375,0.0092791,0.0209023,0.00396604,0.0457778,0.405291,0.626909,0.471632,0.372452,0,0,1,184,1,0.0518944,0.642241,0.596344,0.295017,0,1696.24,0.00103294,0.013713,0.021483,0.00186171,0.05,300,300,300,300,300,300,147,184,300,96,100,108,68,72,80
baseline,-1,910,7,0.2839,0.0810667,0.19753,0.991306,1547.85,3.37155,5.14826,0.597522,0.0222609,0.0267914,0.00283955,0.0455844,0.952865,0.717052,0.97654,0.541536,0,0,49,228,1,0.463463,0.828027,0.966457,0.52025,0,1482.39,0.00103294,0.013713,0.021483,0.00186171,0.05,300,300,300,300,300,300,152,228,300,67,92,100,45,49,57
baseline,-1,911,3,0.538422,0.190137,-0.361791,0.905917,1309.9,1.25863,4.36214,0.279056,0.00378883,0.0184966,0.00578433,0.0381111,1.43631,1.66081,0.796818,0.247794,0,0,-1,123,1,0.0928266,0.0382633,0.791109,0.275653,0,1211.46,0.00103294,0.013713,0.021483,0.00186171,0.05,300,300,300,300,300,300,119,123,131,107,111,119,65,69,77
baseline,-1,912,5,0.411015,0.0812117,0.057021,1.07936,2092.23,2.61055,6.96541,0.484633,0.00787111,0.0181384,0.00771471,0.0268625,1.03106,0.848888,0.914816,0.503828,0,0,-1,148,1,0.188931,2.28822,0.822903,0.675339,0,1912.18,0.00103294,0.013713,0.021483,0.00186171,0.05,300,300,300,300,300,300,131,148,300,73,77,85,46,50,72
baseline,-1,913,5,0.325155,0.0634736,-0.446953,0.940237,1342.98,0.0103241,4.47656,0.0607819,0.0140341,0.0111605,0.00532198,0.0222158,0.163995,0.316206,0.834173,0.468204,0,0,1,96,1,0.0492948,0.591605,0.798376,0.390837,0,1174.95,0.00103294,0.013713,0.021483,0.00186171,0.05,300,300,300,300,300,300,92,96,268,64,68,76,45,49,57
baseline,-1,914,0,0.495188,0.06848,-0.253764,0.927425,2118.29,0.128911,7.06054,0.137973,0.0122215,0.010173,0.00378541,0.0505152,0.208448,0.214956,0.79401,0.174783,0,0,1,211,1,0.14497,0.225744,0.638245,0.161082,0,2055.68,0.00103294,0.013713,0.021483,0.00186171,0.05,300,300,300,300,300,300,174,211,219,113,117,125,74,78,86
baseline,-1,915,0,0.326854,0.0301247,-0.206124,1.01499,1503.23,4.14302,4.99697,0.680137,0.0143975,0.0192253,0.00996058,0.0384814,0.461418,0.349284,1.13282,0.46979,0,0,0,188,1,0.0745035,0.443957,1.05058,0.418282,0,1402.17,0.00103294,0.013713,0.021483,0.00186171,0.05,300,300,300,300,300,300,173,188,277,127,131,139,72,76,84
baseline,-1,916,1,0.27154,0.160873,-0.141915,1.03499,1363.39,0.414332,4.54325,0.251765,0.00331419,0.0208474,0.00519733,0.0351855,0.772934,0.837105,0.860063,0.259769,1,1,111,163,1,0.115284,0.647883,1.09539,0.0595271,1,1253.56,0.00103294,0.013713,0.021483,0.00186171,0.05,300,300,300,300,300,300,122,163,206,79,83,91,51,55,63
baseline,-1,917,2,0.189071,0.0471068,0.184111,1.07168,1512.82,0.762946,5.04018,0.23134,0.005607,0.0217082,0.00676732,0.0401742,1.28363,1.92114,0.579399,0.357665,0,0,0,125,1,2.64615,1.91924,0.458447,0.832691,0,1295.83,0.00103294,0.013713,0.021483,0.00186171,0.05,300,300,300,300,300,300,121,125,163,118,122,130,67,71,79
baseline,-1,918,1,0.528056,0.18989,-0.295462,1.01004,1125.75,1.11429,3.7488,0.371835,0.0073961,0.0151217,0.00407544,0.0339873,0.538134,0.383119,0.509667,0.290126,0,0.000468261,-1,182,1,0.132299,0.103829,0.419766,0.193419,0,1105.23,0.00103294,0.013713,0.021483,0.00186171,0.05,300,300,300,300,300,300,178,182,190,88,92,100,54,58,66
baseline,-1,919,2,0.45879,0.145475,-0.272206,1.06906,1178.43,0.788252,3.92548,0.254383,0.0429993,0.0236917,0.00807714,0.0212307,1.03844,1.05117,0.80072,0.320077,0,0,4,117,1,0.124796,0.0259426,0.658854,0.601879,0,1106.29,0.00103294,0.013713,0.021483,0.00186171,0.05,300,300,300,300,300,300,113,117,125,73,77,85,62,66,74
baseline,-1,920,1,0.449261,0.186702,0.252651,1.00048,1566.42,0.0237173,5.22133,0.0639389,0.0115978,0.0192597,0.00508068,0.0352563,0.302039,0.505835,1.02701,0.469503,1,1,10,133,1,0.483867,0.665882,1.07567,0.38156,1,1430.25,0.00103294,0.013713,0.021483,0.00186171,0.05,300,300,300,300,300,300,112,133,193,74,78,86,60,64,72
baseline,-1,921,4,0.33062,0.132488,-0.451858,1.09745,1317.98,0.0662401,4.39305,0.0870958,0.00718364,0.0258598,0.0040249,0.0267538,0.250599,0.3123,1.03606,0.310516,0,0,1,106,1,1.38982,1.01077,0.624997,0.683608,0,1167.82,0.00103294,0.013713,0.021483,0.00186171,0.05,300,300,300,300,300,300,97,106,141,85,89,97,79,83,91
baseline,-1,922,5,0.298029,0.00652192,0.419166,0.952579,1764.58,3.73387,5.86949,0.622263,0.00215777,0.0206595,0.00330119,0.0183087,0.449482,0.2603,0.314535,0.212978,0,0,-1,111,1,0.166359,0.519249,0.861279,0.163988,0,1667.73,0.00103294,0.013713,0.021483,0.00186171,0.05,300,300,300,300,300,300,107,111,199,69,73,81,58,62,70
baseline,-1,923,3,0.329494,0.180931,-0.29246,1.06889,1035.69,0.0173785,3.45224,0.00846062,0.00263324,0.0131761,0.0087308,0.0344847,0.349908,1.07484,0.813844,0.178102,0,0,-1,300,0,0.00846062,0.349908,0.813844,0.178102,0,1035.67,0.00103294,0.013713,0.021483,0.00186171,0.05,300,300,300,300,300,300,300,300,300,300,300,300,57,61,300
baseline,-1,924,5,0.417699,0.103737,0.318025,1.02685,1968,0.0692817,6.55976,0.0354663,0.013112,0.0204763,0.0030612,0.0128174,0.578401,1.44773,0.852079,0.407494,0,0,0,148,1,0.0134407,0.180883,0.712561,0.331897,0,1852.27,0.00103294,0.013713,0.021483,0.00186171,0.05,300,300,300,300,300,300,106,148,300,65,69,77,49,53,61
baseline,-1,925,2,0.355451,0.179328,0.332039,1.04378,2069.59,0.510988,6.89694,0.183226,0.0103967,0.0175579,0.00837535,0.0311032,1.13662,1.57538,0.655686,0.292967,0,0,3,142,1,0.087582,0.253808,0.686792,0.294425,0,1943,0.00103294,0.013713,0.021483,0.00186171,0.05,300,300,300,300,300,300,110,142,300,97,101,109,63,67,75
baseline,-1,926,6,0.401045,0.00520217,0.149834,1.03029,2097.3,0.183258,6.9904,0.165848,0.0191402,0.0183266,0.00416363,0.0291509,0.518921,0.550376,0.801332,0.279184,1,1,0,180,1,0.165312,0.164125,0.655959,0.0813637,1,2006.63,0.00103294,0.013713,0.021483,0.00186171,0.05,300,300,300,300,300,300,128,180,188,71,75,83,71,75,83
baseline,-1,927,6,0.428397,0.00519428,-0.0162345,0.98532,1249.51,0.841942,4.16221,0.228329,0.00499892,0.0160222,0.00951049,0.0129361,1.2191,1.79528,1.09457,0.387375,1,1,16,108,1,0.0528124,0.344997,0.550328,0.346697,1,1070.33,0.00103294,0.013713,0.021483,0.00186171,0.05,300,300,300,300,300,300,98,108,300,61,65,73,46,50,58
baseline,-1,928,0,0.453995,0.0784616,-0.34526,0.9196,1115.17,0.225042,3.71648,0.203614,0.00187208,0.00344143,0.000312825,0.0122661,0.523563,0.628225,1.29898,0.417788,0,0,7,265,1,0.0649356,0.15579,1.40725,0.411492,0,1079.69,0.00103294,0.013713,0.021483,0.00186171,0.05,300,300,300,300,300,300,177,265,273,59,63,71,40,44,52
baseline,-1,929,5,0.230124,0.191045,-0.398077,1.05144,1816.19,1.88447,6.0477,0.424345,0.081983,0.0125272,0.0117558,0.0209353,0.364193,0.204228,0.701104,0.377062,0,3.84792e-23,2,115,1,0.782389,0.718111,0.738823,0.871914,0,1790.4,0.00103294,0.013713,0.021483,0.00186171,0.05,300,300,300,300,300,300,111,115,123,77,81,89,74,78,86
baseline,-1,930,6,0.546965,0.051863,-0.137372,0.950976,1538.32,1.9384,5.12127,0.43354,0.00917573,0.0201337,0.00355796,0.0308557,0.849186,0.447948,0.570651,0.457858,1,1,31,188,1,0.177451,0.341731,0.631236,0.44978,1,1436.11,0.00103294,0.013713,0.021483,0.00186171,0.05,300,300,300,300,300,300,113,188,196,75,79,87,67,79,87
baseline,-1,931,7,0.246107,0.188229,0.128471,1.06649,1168.93,0.0748333,3.89618,0.0822468,0.0107721,0.031878,0.00729618,0.0128328,0.130426,0.286749,1.07514,0.481188,0,0,-1,86,1,0.403373,0.204321,0.614809,0.40842,0,1017.45,0.00103294,0.013713,0.021483,0.00186171,0.05,300,300,300,300,300,300,82,86,94,60,64,72,48,52,60
baseline,-1,932,3,0.555658,0.0599346,-0.471951,0.995301,3263.55,9.5262,10.8467,0.982792,0.396766,0.0201203,0.0113379,0.0150794,0.860342,0.562764,0.211871,1.19314,0,0,0,101,1,1.82517,1.72326,0.805586,0.843465,1,2770.52,0.00103294,0.013713,0.021483,0.00186171,0.05,300,300,300,300,300,300,97,101,109,82,86,94,76,80,88
baseline,-1,933,3,0.30798,0.192181,0.299282,1.0898,1059.93,1.6954,3.52746,0.377843,0.0183252,0.0190157,0.00328534,0.0132165,1.50592,1.14485,0.721214,0.427923,0,0,-1,185,1,0.177627,0.570695,0.449431,0.349877,0,948.935,0.00103294,0.013713,0.021483,0.00186171,0.05,300,300,300,300,300,300,181,185,300,116,120,128,80,84,92
baseline,-1,934,3,0.430499,0.0561079,-0.0435387,0.927366,1604.89,4.04863,5.33614,0.598957,0.00151834,0.0241086,0.00376501,0.0319446,1.50863,1.59419,0.675352,0.438444,0,0,10,115,1,0.215039,1.01909,0.561456,0.438367,0,1453.7,0.00103294,0.013713,0.021483,0.00186171,0.05,300,300,300,300,300,300,103,115,292,70,74,82,54,58,66
baseline,-1,935,4,0.220285,0.0622084,0.0673459,1.03052,1378.31,0.264398,4.59347,0.207034,0.00350903,0.020865,0.00424036,0.0128321,1.05144,0.961559,0.772119,0.470515,0,7.92275e-20,99,139,1,0.139816,0.363154,0.81035,0.423625,0,1230.76,0.00103294,0.013713,0.021483,0.00186171,0.05,300,300,300,300,300,300,103,139,225,88,92,100,55,65,99
baseline,-1,936,0,0.548455,0.112768,0.112967,1.01674,1556.65,0.239238,5.18803,0.17335,0.00395578,0.0249267,0.00169469,0.0275739,0.198929,0.274496,0.991962,0.0243337,0,0,1,96,1,0.0195185,0.274396,0.26372,0.0854948,1,1391.09,0.00103294,0.013713,0.021483,0.00186171,0.05,300,300,300,300,300,300,92,96,104,70,74,82,55,59,67
baseline,-1,937,6,0.365565,0.167524,0.270203,1.09288,1491.55,0.330647,4.97074,0.183608,0.0113826,0.0166901,0.0102435,0.0263601,0.776992,0.824256,0.992871,0.557042,1,1,220,113,1,0.236433,1.0324,0.941348,0.293433,0,1343.72,0.00103294,0.013713,0.021483,0.00186171,0.05,300,300,300,300,300,300,98,113,300,93,97,105,66,70,78
baseline,-1,938,1,0.393693,0.0605625,-0.399496,0.946352,2094.17,0.379834,6.9793,0.177661,0.00727411,0.0336281,0.0056127,0.0251019,1.01708,1.02029,1.15623,0.339997,1,1,0,290,1,0.187825,0.692475,1.08408,0.331267,1,2087.35,0.00103294,0.013713,0.021483,0.00186171,0.05,300,300,300,300,300,300,144,290,300,103,107,115,70,74,82
baseline,-1,939,5,0.417145,0.151703,0.13317,0.984453,2447.23,1.3165,8.15304,0.319167,0.00615345,0.0172806,0.00543275,0.0205333,1.2639,1.42096,0.70067,0.166397,0,0,0,132,1,0.362674,1.32461,1.26655,0.129937,0,2314.33,0.00103294,0.013713,0.021483,0.00186171,0.05,300,300,300,300,300,300,119,132,300,75,79,87,57,61,69
baseline,-1,940,2,0.398015,0.0722346,0.190798,0.9687,1159.01,2.0845,3.85641,0.429241,0.00752643,0.027902,0.00800487,0.0297641,1.04007,0.815951,1.38346,0.171075,0,0,1,160,1,0.0995391,0.123295,1.3172,0.265671,0,1019.01,0.00103294,0.013713,0.021483,0.00186171,0.05,300,300,300,300,300,300,156,160,300,82,86,94,58,62,70
baseline,-1,941,7,0.306126,0.13957,0.335013,0.945311,2325.67,3.29276,7.74127,0.557482,0.012354,0.0261399,0.00250332,0.0330718,1.18316,1.00139,0.986543,0.292496,0,0,7,100,1,0.297382,0.0703285,0.484639,0.121014,0,2170.07,0.00103294,0.013713,0.021483,0.00186171,0.05,300,300,300,300,300,300,96,100,108,71,75,83,69,73,81
baseline,-1,942,5,0.201637,0.0945869,-0.239707,1.06051,1666.94,3.27884,5.54553,0.526313,0.0116045,0.00449959,0.00261875,0.0220325,1.59887,2.09866,0.946422,0.222714,0,0,-1,289,1,0.0231965,0.26369,0.933324,0.159712,0,1652.42,0.00103294,0.013713,0.021483,0.00186171,0.05,300,300,300,300,300,300,127,289,300,68,72,80,47,51,72
baseline,-1,943,3,0.137778,0.125431,-0.488397,0.925543,1512.66,0.631002,5.04009,0.266913,0.00786485,0.0276509,0.00282146,0.0123095,0.51768,0.482608,1.20698,0.0883818,0,0,5,101,1,0.251162,0.571528,0.881625,0.455255,0,1342.72,0.00103294,0.013713,0.021483,0.00186171,0.05,300,300,300,300,300,300,97,101,300,91,95,103,64,90,98
baseline,-1,944,5,0.238608,0.148201,0.142881,1.05262,1745.05,1.01937,5.81343,0.374359,0.00567842,0.0219989,0.00390303,0.0413124,0.543084,0.482026,0.933408,0.079511,0,0,38,142,1,0.155653,0.0674832,0.5929,0.174228,0,1631.83,0.00103294,0.013713,0.021483,0.00186171,0.05,300,300,300,300,300,300,138,142,150,113,117,125,99,117,125
baseline,-1,945,3,0.200342,0.0995643,-0.461269,0.990573,1440.61,0.0369682,4.8019,0.0396934,0.0092624,0.0152274,0.00387138,0.0255728,0.465346,1.08251,1.07031,0.287318,0,0,-1,131,1,0.0480253,0.730866,1.07449,0.103186,0,1295.05,0.00103294,0.013713,0.021483,0.00186171,0.05,300,300,300,300,300,300,127,131,260,65,69,77,46,50,58
baseline,-1,946,4,0.550811,0.173459,-0.469357,0.965972,2453.21,0.076516,8.17712,0.150704,0.0171076,0.0129091,0.00259719,0.0175791,0.315278,0.260392,1.2391,0.455118,0,0,-1,125,1,0.0587831,0.847545,1.49055,0.345635,0,2308.44,0.00103294,0.013713,0.021483,0.00186171,0.05,300,300,300,300,300,300,121,125,300,75,79,87,52,56,64
baseline,-1,947,2,0.388293,0.0309027,0.419297,1.0083,2462.06,0.561752,8.20501,0.206154,0.00577303,0.0144211,0.00162874,0.0197675,1.09909,1.39187,1.1537,0.336585,0,0,89,141,1,0.0638121,0.703028,0.508831,0.210067,0,2334.31,0.00103294,0.013713,0.021483,0.00186171,0.05,300,300,300,300,300,300,137,141,300,104,108,116,68,72,80
baseline,-1,948,0,0.339606,0.149452,-0.100043,0.908322,1381.4,0.00138933,4.60467,0.00845698,0.00320361,0.0206097,0.00436833,0.0344269,0.177174,0.583925,0.865862,0.392181,0,0,128,85,1,0.38233,0.248759,0.394852,0.203327,0,1240.16,0.00103294,0.013713,0.021483,0.00186171,0.05,300,300,300,300,300,300,81,85,93,61,65,73,51,55,63
baseline,-1,949,1,0.513064,0.161201,-0.154874,1.06008,2129.49,1.74702,7.09248,0.399604,0.00317471,0.0392776,0.0136355,0.0603917,1.17789,0.93068,1.13006,0.294266,1,1,44,300,0,0.399604,1.17789,1.13006,0.294266,1,2127.74,0.00103294,0.013713,0.021483,0.00186171,0.05,300,300,300,300,300,300,134,300,300,74,78,86,51,55,63
baseline,-1,950,4,0.299281,0.0818911,0.0889254,1.06549,2576.68,1.78195,8.583,0.434065,0.00471816,0.0187767,0.00777116,0.0392426,0.659229,0.560129,0.930899,0.102709,0,0,0,121,1,0.131946,0.0198162,0.513247,0.295362,0,2468.14,0.00103294,0.013713,0.021483,0.00186171,0.05,300,300,300,300,300,300,117,121,129,101,105,113,98,102,110
baseline,-1,951,5,0.415286,0.0317661,-0.320893,0.916474,2421.68,5.26427,8.05471,0.815775,0.00871824,0.022121,0.00588809,0.0364518,1.07711,0.46468,0.66443,0.184525,0,0,1,194,1,0.0204624,0.357169,0.494361,0.134429,0,2312.22,0.00103294,0.013713,0.021483,0.00186171,0.05,300,300,300,300,300,300,136,194,300,93,97,105,78,97,105
baseline,-1,952,1,0.391942,0.191888,-0.432777,0.978356,1857.82,3.31797,6.18168,0.584858,0.00659853,0.011718,0.00524135,0.0187721,1.09085,0.789764,1.2452,0.530238,1,1,5,143,1,0.28108,0.912561,1.22416,0.279411,1,1713.26,0.00103294,0.013713,0.021483,0.00186171,0.05,300,300,300,300,300,300,139,143,282,69,73,81,52,56,64
baseline,-1,953,4,0.446551,0.105148,0.352434,1.01376,1357,0.323238,4.52227,0.094929,0.00586763,0.0143258,0.00792266,0.0135083,1.18602,2.10173,0.648347,0.208904,1,1,59,282,1,0.558725,1.08126,0.941018,0.186063,1,1344.12,0.00103294,0.013713,0.021483,0.00186171,0.05,300,300,300,300,300,300,131,282,300,68,72,80,48,52,60
baseline,-1,954,6,0.406562,0.174972,-0.0359274,1.01001,2201.05,1.05145,7.33333,0.364361,0.00580768,0.0202525,0.00627318,0.0336602,0.414946,0.344208,0.874069,0.707778,1,1,0,194,1,0.0813539,0.539178,0.796491,0.507851,1,2118.74,0.00103294,0.013713,0.021483,0.00186171,0.05,300,300,300,300,300,300,190,194,276,71,87,109,59,63,71
baseline,-1,955,0,0.133317,0.00792012,0.381309,1.03681,1909.76,0.318024,6.36482,0.166474,0.00957563,0.0168277,0.00570867,0.0156345,0.727606,0.934448,1.07761,0.350402,0,0,86,165,1,0.102371,0.668509,0.957389,0.240678,0,1782.57,0.00103294,0.013713,0.021483,0.00186171,0.05,300,300,300,300,300,300,119,165,300,92,96,104,55,59,67
baseline,-1,956,2,0.477366,0.024158,-0.177784,1.06041,1415.99,4.97022,4.7034,0.701398,0.00859283,0.00838305,0.00503792,0.0361867,0.470532,0.208259,0.611633,0.169071,0,0,0,85,1,0.0345946,0.518559,0.386691,0.0696078,0,1312.12,0.00103294,0.013713,0.021483,0.00186171,0.05,300,300,300,300,300,300,81,85,131,56,60,68,46,50,58
baseline,-1,957,3,0.422204,0.0699305,-0.48639,1.02005,1259.84,0.415766,4.19807,0.168163,0.00953905,0.0171324,0.00682327,0.0078632,0.977145,1.3974,0.802375,0.120481,0,0,0,89,1,0.281829,0.180357,0.307303,0.367164,1,1156.99,0.00103294,0.013713,0.021483,0.00186171,0.05,300,300,300,300,300,300,85,89,97,68,72,80,50,54,62
baseline,-1,958,2,0.581061,0.174613,-0.0980175,0.920401,1425.01,0.250505,4.74921,0.147886,0.0072038,0.0195241,0.00589303,0.0226256,0.860843,1.03694,0.576998,0.369899,0,0,16,141,1,0.234855,0.5336,0.504105,0.362507,0,1286.72,0.00103294,0.013713,0.021483,0.00186171,0.05,300,300,300,300,300,300,105,141,300,76,80,88,74,78,86
baseline,-1,959,3,0.549818,0.074159,-0.0872557,0.980076,1307.77,5.28664,4.34161,0.762877,0.00825437,0.0180731,0.00848977,0.0120695,0.837243,0.59424,1.00556,0.216669,0,0,2,197,1,0.0508306,0.465931,0.969802,0.325155,0,1204.02,0.00103294,0.013713,0.021483,0.00186171,0.05,300,300,300,300,300,300,113,197,205,58,62,70,41,45,53
baseline,-1,960,7,0.568123,0.162784,-0.122495,0.936296,1088.73,1.75361,3.62326,0.473442,0.00543364,0.0193486,0.0114888,0.0370764,1.45225,1.35834,1.21769,0.284812,0,0,4,200,1,0.0397683,0.133973,1.32417,0.263997,0,1004.22,0.00103294,0.013713,0.021483,0.00186171,0.05,300,300,300,300,300,300,191,200,208,103,107,115,51,55,63
baseline,-1,961,7,0.289106,0.0955166,-0.417758,1.00301,990.264,0.502509,3.2992,0.211302,0.00942658,0.0162086,0.00903338,0.0205956,0.711511,0.817433,1.10963,0.242871,0,0,3,282,1,0.148934,0.645736,1.08419,0.208526,0,976.657,0.00103294,0.013713,0.021483,0.00186171,0.05,300,300,300,300,300,300,205,282,300,75,79,87,61,65,73
baseline,-1,962,5,0.285514,0.0764678,-0.0852245,1.05344,1970.02,0.713058,6.56437,0.210383,0.00922337,0.0270394,0.00467831,0.0455991,1.19783,1.93034,0.829682,0.493076,0,0,-1,123,1,0.0820212,0.207436,0.811776,0.374748,0,1831.2,0.00103294,0.013713,0.021483,0.00186171,0.05,300,300,300,300,300,300,119,123,131,69,73,94,50,54,62
baseline,-1,963,5,0.372462,0.075279,0.462042,0.9806,1965.09,2.19407,6.543,0.486717,0.0214556,0.00509088,0.00832329,0.0347361,0.760713,0.634015,0.813834,0.400274,0,0,0,113,1,0.689724,0.578686,0.702318,0.599344,0,1893.74,0.00103294,0.013713,0.021483,0.00186171,0.05,300,300,300,300,300,300,109,113,121,76,80,88,69,73,81
baseline,-1,964,0,0.448297,0.111899,0.397298,0.991562,2548.3,3.17342,8.48376,0.584758,0.00931267,0.0163063,0.00413847,0.0209601,0.956989,0.738256,0.995539,0.357673,0,0,22,240,1,0.0593648,0.172072,1.07771,0.271796,0,2482.22,0.00103294,0.013713,0.021483,0.00186171,0.05,300,300,300,300,300,300,194,240,248,132,136,144,83,87,95
baseline,-1,965,6,0.535248,0.183842,0.418241,1.0722,1996.56,2.18738,6.64791,0.485044,0.00765667,0.022771,0.00693479,0.032152,1.10259,0.993068,0.608095,0.588478,1,1,13,131,1,0.104838,0.24752,0.357424,0.568952,0,1855.11,0.00103294,0.013713,0.021483,0.00186171,0.05,300,300,300,300,300,300,121,131,176,75,79,99,56,60,84
baseline,-1,966,5,0.483548,0.164497,-0.159077,1.00197,1399.4,1.13488,4.66088,0.345591,0.00696706,0.00877639,0.00848455,0.0300329,0.802881,0.648204,0.592034,0.358912,0,0,3,107,1,0.338271,0.244865,0.256277,0.280106,0,1278.38,0.00103294,0.013713,0.021483,0.00186171,0.05,300,300,300,300,300,300,103,107,115,55,59,67,44,48,56
baseline,-1,967,7,0.353211,0.0347767,0.494881,0.951616,1992.09,0.599767,6.63831,0.201161,0.00837893,0.0166546,0.00622483,0.0202229,1.18857,1.63442,1.17476,0.257977,0,0,3,200,1,0.128082,0.757454,0.784179,0.136084,0,1899.64,0.00103294,0.013713,0.021483,0.00186171,0.05,300,300,300,300,300,300,126,200,300,75,79,87,66,70,78
baseline,-1,968,3,0.316631,0.182166,-0.245785,1.0274,1916.99,1.34797,6.38547,0.395676,0.00694337,0.0152755,0.00707068,0.0167784,1.00464,1.09063,0.953277,0.529551,0,0,1,184,1,0.0675547,0.215855,0.907263,0.570697,0,1838.23,0.00103294,0.013713,0.021483,0.00186171,0.05,300,300,300,300,300,300,175,184,239,72,76,84,55,59,67
baseline,-1,969,7,0.46117,0.151572,-0.202227,1.00376,1564.29,0.0122767,5.21425,0.0526667,0.0199212,0.0248397,0.0059912,0.0440983,0.123141,0.052839,0.992689,0.562524,0,0,20,93,1,0.388794,0.267211,1.04299,0.284691,0,1426.54,0.00103294,0.013713,0.021483,0.00186171,0.05,300,300,300,300,300,300,89,93,101,83,87,95,77,87,95
baseline,-1,970,4,0.453843,0.14295,-0.375989,0.944002,1162.7,0.405861,3.87432,0.193549,0.0223927,0.013011,0.00326612,0.0407225,0.132366,0.176211,0.506609,0.213435,0,0,24,138,1,0.165323,0.0320206,0.96722,0.0353782,0,1110.19,0.00103294,0.013713,0.021483,0.00186171,0.05,300,300,300,300,300,300,134,138,146,119,123,131,104,122,130
baseline,-1,971,0,0.443824,0.144831,0.0243486,0.941473,1204.17,0.0561712,4.0137,0.0394243,0.0144599,0.00820382,0.011727,0.0380608,0.532796,1.10163,1.07153,0.397609,0,0,18,145,1,0.280452,0.996929,1.0024,0.372266,0,1087.95,0.00103294,0.013713,0.021483,0.00186171,0.05,300,300,300,300,300,300,116,145,300,73,77,85,56,60,68
baseline,-1,972,5,0.262692,0.128604,-0.00146651,0.994444,2488.23,0.453817,8.29259,0.193925,0.00731429,0.00552309,0.00422445,0.0364969,0.81693,0.916087,1.09642,0.354353,0,0,0,100,1,0.152357,0.0198974,0.152842,0.0243873,0,2376.04,0.00103294,0.013713,0.021483,0.00186171,0.05,300,300,300,300,300,300,96,100,108,73,77,85,58,62,70
baseline,-1,973,2,0.503366,0.00959079,0.368346,0.976695,1919.37,1.59216,6.3926,0.381229,0.016923,0.0410242,0.00395772,0.0335186,1.15587,0.932085,1.05135,0.10481,0,0,-1,116,1,0.105796,0.0288197,0.155581,0.100729,0,1801.07,0.00103294,0.013713,0.021483,0.00186171,0.05,300,300,300,300,300,300,112,116,124,88,92,100,76,80,88
baseline,-1,974,6,0.52357,0.197567,-0.00184667,0.932164,1189.26,0.00202126,3.9642,0.0385935,0.0275422,0.0168275,0.00590868,0.0199618,0.177927,0.334791,0.651276,0.55275,0,0,-1,251,1,0.14816,0.316006,0.691023,0.593771,0,1151.13,0.00103294,0.013713,0.021483,0.00186171,0.05,300,300,300,300,300,300,183,251,259,78,82,90,60,64,72
baseline,-1,975,3,0.209308,0.143475,0.246815,0.951865,1918.66,0.184023,6.39493,0.139924,0.0101495,0.010774,0.00531072,0.0234952,0.0537059,0.0778405,1.0767,0.326451,0,0,-1,204,1,0.0278242,0.263207,1.07032,0.470909,0,1885.79,0.00103294,0.013713,0.021483,0.00186171,0.05,300,300,300,300,300,300,124,204,248,80,84,92,41,45,86
baseline,-1,976,2,0.127116,0.0464004,0.306747,0.953122,1161.62,0.278689,3.87113,0.18846,0.0132724,0.0123546,0.00570901,0.0271542,0.0895128,0.139205,1.04237,0.162504,0,0,3,120,1,0.766256,0.442946,0.911272,0.346749,0,1113.67,0.00103294,0.013713,0.021483,0.00186171,0.05,300,300,300,300,300,300,116,120,128,91,95,103,86,90,98
baseline,-1,977,6,0.599302,0.149824,0.0141919,0.917161,1783.97,6.35996,5.92537,0.836699,0.00547931,0.0131925,0.00310545,0.0104493,0.77223,0.529562,1.06696,0.154139,1,1,1,162,1,0.104974,0.198355,1.44027,0.0794337,1,1644.4,0.00103294,0.013713,0.021483,0.00186171,0.05,300,300,300,300,300,300,127,162,300,81,85,93,49,53,61
baseline,-1,978,5,0.352184,0.0939494,0.308688,0.937007,1719.66,0.0152078,5.73213,0.0700992,0.00341517,0.0213796,0.00521903,0.0367417,0.218875,0.261299,0.802471,0.286578,0,0,2,94,1,0.209235,0.964839,0.804235,0.0484468,0,1555.02,0.00103294,0.013713,0.021483,0.00186171,0.05,300,300,300,300,300,300,90,94,263,60,64,72,47,51,59
baseline,-1,979,6,0.204539,0.0597924,0.427939,1.03424,2021.16,1.64952,6.73171,0.400574,0.00328007,0.0156242,0.00598512,0.0318811,1.07622,1.23188,0.916885,0.43808,1,1,6,126,1,0.0472781,0.31702,0.836063,0.451921,1,1890.09,0.00103294,0.013713,0.021483,0.00186171,0.05,300,300,300,300,300,300,122,126,288,65,69,77,51,55,63
baseline,-1,980,2,0.600607,0.000802541,0.438534,1.04851,2521.4,10.527,8.36957,1.04346,0.0123676,0.0153549,0.00482194,0.0261988,0.460269,0.366451,0.83793,0.113922,0,0,-1,136,1,0.0595923,0.734662,1.02368,0.337317,0,2375.01,0.00103294,0.013713,0.021483,0.00186171,0.05,300,300,300,300,300,300,115,136,227,81,85,93,63,67,75
baseline,-1,981,7,0.56176,0.116733,-0.425109,0.935759,1479.47,3.88544,4.91863,0.650183,0.00785871,0.0366088,0.0101608,0.0198579,0.902457,0.598988,0.64952,0.534294,0,0,0,99,1,0.191289,0.562079,0.496818,0.368869,0,1316.08,0.00103294,0.013713,0.021483,0.00186171,0.05,300,300,300,300,300,300,95,99,300,53,57,65,40,44,52
baseline,-1,982,6,0.334543,0.0443057,-0.215398,1.01237,1008.94,0.942308,3.35998,0.267736,0.0020176,0.00944755,0.00436968,0.019007,1.18977,1.29474,0.773806,0.229761,1,1,29,255,1,0.123805,0.680293,0.711426,0.246381,1,974.153,0.00103294,0.013713,0.021483,0.00186171,0.05,300,300,300,300,300,300,109,255,300,74,78,86,51,55,63
baseline,-1,983,6,0.212645,0.129725,0.245309,1.03162,1461.36,1.75219,4.86537,0.408839,0.00994771,0.012347,0.00436179,0.0330505,0.924116,0.815471,0.955025,0.291134,0,3.0634e-33,-1,164,1,0.129149,0.777083,0.744946,0.274919,0,1347.16,0.00103294,0.013713,0.021483,0.00186171,0.05,300,300,300,300,300,300,123,164,300,113,117,146,85,89,120
baseline,-1,984,2,0.422563,0.00544984,-0.369719,0.970098,2582.41,6.7494,8.58554,0.812422,0.0336874,0.0264076,0.00412823,0.0108298,0.679319,0.502426,0.528761,0.367315,0,0,-1,123,1,0.0483224,0.940145,0.696214,0.109484,0,2343.36,0.00103294,0.013713,0.021483,0.00186171,0.05,300,300,300,300,300,300,119,123,167,60,64,72,46,50,58
baseline,-1,985,3,0.390661,0.136952,-0.322372,0.977765,1435.41,4.78052,4.76875,0.690213,0.0137475,0.0180778,0.00905134,0.0528772,1.82524,1.47854,0.74854,0.246699,0,0,-1,85,1,0.328208,0.1742,0.17027,0.215535,0,1304.34,0.00103294,0.013713,0.021483,0.00186171,0.05,300,300,300,300,300,300,81,85,93,47,51,59,44,48,56
baseline,-1,986,4,0.485397,0.162228,-0.0110452,1.0792,1338.25,1.54475,4.45569,0.40159,0.00629882,0.0400788,0.00585962,0.0383777,0.864713,0.781289,1.16974,0.483397,1,1,0,199,1,0.177796,0.315609,1.11818,0.46405,1,1260.61,0.00103294,0.013713,0.021483,0.00186171,0.05,300,300,300,300,300,300,114,199,251,99,103,111,61,65,73
baseline,-1,987,6,0.426941,0.0766582,-0.0489142,1.01319,1196.05,0.000626409,3.98682,0.0116649,0.010038,0.00707701,0.00511978,0.0162688,0.122004,0.369086,0.77519,0.370482,0,0,31,126,1,0.320923,0.693665,0.703342,0.27335,1,1052.66,0.00103294,0.013713,0.021483,0.00186171,0.05,300,300,300,300,300,300,105,126,300,65,69,77,43,52,60
baseline,-1,988,5,0.31403,0.128727,0.0334423,0.943447,2031.36,1.34921,6.76671,0.379405,0.0069144,0.010732,0.00553023,0.0356745,0.577136,0.503136,0.992138,0.275252,0,0,1,143,1,0.0222553,0.286448,0.825295,0.243454,0,1889.11,0.00103294,0.013713,0.021483,0.00186171,0.05,300,300,300,300,300,300,128,143,231,111,115,123,83,100,108
baseline,-1,989,6,0.400742,0.185433,-0.088329,0.923103,1659.25,0.200251,5.53015,0.14342,0.0164694,0.0253815,0.00755926,0.0119292,0.866963,1.22244,0.933092,0.31623,1,1,42,237,1,0.206885,0.634723,0.895765,0.309884,1,1608.69,0.00103294,0.013713,0.021483,0.00186171,0.05,300,300,300,300,300,300,154,237,300,71,75,83,50,54,71
baseline,-1,990,5,0.463551,0.105224,-0.261477,1.06311,2067.52,0.0932749,6.89141,0.0974599,0.00514286,0.0242155,0.00384177,0.0393341,0.466139,0.803396,1.32102,0.315828,0,0,34,142,1,0.176187,0.515778,1.07813,0.134942,0,1941.08,0.00103294,0.013713,0.021483,0.00186171,0.05,300,300,300,300,300,300,138,142,300,104,108,116,76,80,88
baseline,-1,991,6,0.481754,0.0144837,0.0337472,1.07586,3589.62,5.49978,11.9471,0.744367,0.234899,0.029314,0.00262189,0.0236531,0.53407,0.29163,0.513806,0.55791,0,0,1,123,1,0.685249,0.538696,0.543374,0.664792,0,3527.66,0.00103294,0.013713,0.021483,0.00186171,0.05,300,300,300,300,300,300,119,123,131,104,108,131,99,103,111
baseline,-1,992,6,0.343289,0.0309797,-0.433642,0.954841,812.88,0.0678879,2.70938,0.0808342,0.009954,0.013768,0.00219359,0.0223285,0.715805,1.09815,0.776931,0.232872,0,0,0,85,1,0.637109,0.388523,0.394846,0.406583,0,754.186,0.00103294,0.013713,0.021483,0.00186171,0.05,300,300,300,300,300,300,81,85,93,61,65,73,48,52,60
baseline,-1,993,4,0.487103,0.0158294,-0.498228,0.925396,2093.38,2.39054,6.96995,0.468139,0.00620215,0.0107957,0.00642659,0.0365883,0.334067,0.317174,1.09626,0.318754,1,1,20,100,1,0.482555,0.247034,0.19237,0.202189,0,1973.65,0.00103294,0.013713,0.021483,0.00186171,0.05,300,300,300,300,300,300,96,100,108,66,70,78,48,52,60
baseline,-1,994,5,0.532832,0.0719651,0.339762,0.925144,1700.95,1.04974,5.66632,0.368562,0.00528373,0.0108285,0.00245952,0.0173745,0.392883,0.23066,1.07944,0.115538,0,0,19,226,1,0.0623522,0.1394,1.0577,0.0676189,0,1636.14,0.00103294,0.013713,0.021483,0.00186171,0.05,300,300,300,300,300,300,216,226,234,136,140,148,72,76,84
baseline,-1,995,4,0.480019,0.158719,-0.455018,1.09583,2069.37,0.0312401,6.89781,0.107856,0.00810214,0.0130293,0.00813262,0.0284272,0.519603,0.58378,1.02912,0.883462,1,1,6,265,1,0.0703026,0.242778,1.12578,0.706476,1,2039.93,0.00103294,0.013713,0.021483,0.00186171,0.05,300,300,300,300,300,300,104,265,300,86,90,98,49,53,61
baseline,-1,996,1,0.384558,0.00998847,0.175108,0.962453,2505.03,0.894871,8.34711,0.293108,0.00689869,0.00878065,0.00410874,0.0104013,1.08068,0.993442,0.867124,0.0351036,1,1,0,133,1,0.336229,0.330631,0.772947,0.191362,1,2421.87,0.00103294,0.013713,0.021483,0.00186171,0.05,300,300,300,300,300,300,129,133,141,85,89,97,77,81,89
baseline,-1,997,2,0.263259,0.161025,0.477407,1.03414,1591.74,0.834579,5.303,0.315051,0.00770933,0.00633448,0.0104126,0.0310616,0.9674,0.737729,0.722809,0.156835,0,0,1,168,1,0.213487,1.67826,0.899635,0.0130356,0,1475.38,0.00103294,0.013713,0.021483,0.00186171,0.05,300,300,300,300,300,300,114,168,210,78,82,90,59,63,71
baseline,-1,998,5,0.291316,0.0684351,0.267041,0.908013,1927.46,1.83631,6.41876,0.466796,0.00450299,0.00305505,0.00461112,0.0241406,0.657592,0.455028,0.967564,0.28525,0,0,2,143,1,0.29751,0.993617,0.947508,0.11254,0,1807.83,0.00103294,0.013713,0.021483,0.00186171,0.05,300,300,300,300,300,300,114,143,236,105,109,117,67,71,79
baseline,-1,999,4,0.449086,0.0248524,0.271366,0.912295,1309.35,0.959038,4.3613,0.265019,0.00612545,0.0212978,0.00529517,0.0247832,1.09505,1.83925,0.562943,0.107296,0,7.59504e-43,0,205,1,0.0851027,0.295815,0.731014,0.245842,0,1224.27,0.00103294,0.013713,0.021483,0.00186171,0.05,300,300,300,300,300,300,98,205,288,55,59,76,51,55,63
erim,0,0,1,0.279827,0.0487279,0.472181,1.00261,1228.46,0.101357,4.09453,0.136889,0.0319508,0.0186707,0.00774205,0.0404928,0.455532,0.0823087,0.340543,0.383994,0,3.72397e-26,1,257,1,0.154685,0.593038,0.412174,0.533786,0,1223.79,0.0028463,0.170414,0.814211,0.460735,0.05,300,300,300,300,300,300,110,257,300,69,73,81,46,50,72
erim,0,1,6,0.28879,0.184994,0.159157,0.975081,1511.33,0.0747039,5.03751,0.0587996,0.0167625,0.0193661,0.00339051,0.0281336,0.246125,0.123633,0.30999,0.091242,1,1,22,87,1,0.16269,0.277918,0.293674,0.153539,1,1498.62,0.0028463,0.170414,0.814211,0.460735,0.05,300,300,300,300,300,300,71,87,95,49,75,95,41,45,53
erim,0,2,0,0.534844,0.0252424,-0.336027,1.09652,1957.72,3.23553,6.51495,0.59392,0.480653,0.0122711,0.00455561,0.0393529,0.243376,0.435536,0.545215,0.12041,1,1,9,300,0,0.59392,0.243376,0.545215,0.12041,1,1954.48,0.0028463,0.170414,0.814211,0.460735,0.05,300,300,300,300,300,300,300,300,300,69,73,81,57,61,69
erim,0,3,0,0.491569,0.147145,-0.36411,0.923106,1014.94,1.12951,3.37938,0.361221,0.112649,0.0250869,0.00499605,0.0583413,0.16483,0.308462,0.506735,0.50872,1,1,0,69,1,0.496849,0.440575,0.467404,0.471016,1,947.153,0.0028463,0.170414,0.814211,0.460735,0.05,300,300,300,300,300,300,56,69,77,46,50,58,33,37,45
erim,0,4,1,0.397638,0.151632,-0.477462,1.00252,950.788,4.27498,3.15504,0.665109,0.310028,0.0349486,0.0201551,0.0386749,0.683981,0.096866,0.571113,0.571917,0,2.25898e-38,1,59,1,0.673246,0.424076,0.449475,0.643752,1,856.646,0.0028463,0.170414,0.814211,0.460735,0.05,300,300,300,300,300,300,45,59,300,43,47,55,30,34,42
erim,0,5,2,0.537644,0.0606169,-0.170356,1.0072,1346.45,0.507709,4.48648,0.221951,0.136454,0.0199666,0.0149285,0.0404021,0.431822,0.172001,0.627153,0.384024,1,1,16,154,1,0.580045,0.446483,0.448878,0.122089,1,1322.97,0.0028463,0.170414,0.814211,0.460735,0.05,300,300,300,300,300,300,92,154,300,55,59,86,39,43,51
erim,0,6,2,0.151965,0.11882,0.212238,1.0437,980.971,0.368558,3.26868,0.198263,0.0317889,0.0180804,0.0107122,0.0255748,0.3827,0.101584,0.1796,0.0399571,1,1,0,119,1,0.143272,0.258705,0.0411126,0.0803752,1,965.868,0.0028463,0.170414,0.814211,0.460735,0.05,300,300,300,300,300,300,54,119,300,44,48,56,41,45,53
erim,0,7,4,0.485615,0.0261543,-0.267942,1.07856,1751.25,4.85621,5.8213,0.700433,0.500529,0.0237298,0.00740997,0.0429819,0.434614,0.495394,0.545238,0.539921,1,1,26,300,0,0.700433,0.434614,0.545238,0.539921,1,1746.39,0.0028463,0.170414,0.814211,0.460735,0.05,300,300,300,300,300,300,86,300,300,71,84,92,47,51,59
erim,0,8,6,0.513023,0.0244018,-0.0664132,0.953785,955.057,1.7657,3.17764,0.399351,0.304211,0.0299247,0.00728356,0.0532177,0.196967,0.369511,0.539374,0.0829311,1,1,1,172,1,0.645316,0.334967,0.481905,0.284154,1,907.613,0.0028463,0.170414,0.814211,0.460735,0.05,300,300,300,300,300,300,168,172,300,47,67,116,44,48,56
erim,0,9,0,0.464981,0.181175,-0.387874,0.925179,1419.97,3.34733,4.72209,0.57143,0.319472,0.00632766,0.00777286,0.0389981,0.381382,0.0487852,0.511046,0.579327,1,1,0,60,1,0.651891,0.603202,0.693135,0.28556,1,1327.91,0.0028463,0.170414,0.814211,0.460735,0.05,300,300,300,300,300,300,56,60,255,47,51,59,38,42,50
erim,0,10,2,0.180502,0.185484,-0.430808,1.01025,891.329,2.21396,2.96372,0.466888,0.246761,0.0117728,0.00563595,0.0303315,0.551486,0.0447278,0.274353,0.711436,1,1,1,86,1,0.446601,0.621872,0.210006,0.493212,1,832.316,0.0028463,0.170414,0.814211,0.460735,0.05,300,300,300,300,300,300,82,86,300,48,52,60,24,45,53
erim,0,11,0,0.342812,0.198078,-0.494593,0.991055,1640.08,2.04228,5.46014,0.450415,0.334425,0.026044,0.0174944,0.0237755,0.610591,0.120786,0.383005,0.662676,1,1,20,59,1,0.627139,0.577521,0.437344,0.758594,1,1557.44,0.0028463,0.170414,0.814211,0.460735,0.05,300,300,300,300,300,300,55,59,67,46,50,58,44,48,56
erim,0,12,5,0.296182,0.129097,0.472198,0.931834,1414.2,0.106107,4.71364,0.0843478,0.00902331,0.0562182,0.0145076,0.0468361,0.697388,0.0595319,0.220527,0.428949,1,1,8,300,0,0.0843478,0.697388,0.220527,0.428949,1,1414.09,0.0028463,0.170414,0.814211,0.460735,0.05,300,300,300,300,300,300,117,300,300,63,67,75,42,63,71
erim,0,13,1,0.367914,0.0492574,-0.209387,1.09875,2362.01,2.57632,7.86477,0.494686,0.15066,0.00859923,0.0102801,0.0395486,0.285642,0.214296,0.416841,0.381601,0,8.98232e-43,18,206,1,0.191831,0.172455,0.412521,0.350096,0,2347.78,0.0028463,0.170414,0.814211,0.460735,0.05,300,300,300,300,300,300,144,206,300,76,80,107,54,58,66
erim,0,14,5,0.272608,0.0403544,-0.35404,0.99968,2157.56,2.89265,7.18224,0.553334,0.303654,0.0132874,0.0139429,0.0548955,0.528623,0.120107,0.500305,0.274306,1,1,0,109,1,0.473646,0.565642,0.495184,0.381739,1,2082.46,0.0028463,0.170414,0.814211,0.460735,0.05,300,300,300,300,300,300,86,109,117,54,72,80,41,53,61
erim,0,15,3,0.282185,0.0852996,-0.360217,1.09349,1469.31,1.22841,4.89361,0.356492,0.247509,0.0273519,0.0248861,0.0408215,0.401303,0.221131,0.50957,0.540203,1,1,29,83,1,0.53954,0.462474,0.283489,0.506493,1,1418.84,0.0028463,0.170414,0.814211,0.460735,0.05,300,300,300,300,300,300,57,83,201,50,54,62,45,49,57
erim,0,16,6,0.252405,0.150056,0.0638746,1.01106,1751.65,0.089463,5.83855,0.0935318,0.0474749,0.0315057,0.0119072,0.0196668,0.318998,0.119994,0.262517,0.0849797,1,1,13,113,1,0.0730561,0.28527,0.186726,0.0808176,1,1744.08,0.0028463,0.170414,0.814211,0.460735,0.05,300,300,300,300,300,300,100,113,300,54,68,76,38,42,50
erim,0,17,6,0.283468,0.167883,-0.361346,0.93855,1192.29,3.88838,3.96134,0.610503,0.142877,0.0131054,0.00509374,0.0430272,0.448332,0.22267,0.293916,0.501876,1,1,0,79,1,0.587944,0.797356,0.313603,0.459925,1,1126.64,0.0028463,0.170414,0.814211,0.460735,0.05,300,300,300,300,300,300,75,79,300,43,47,55,30,34,42
erim,0,18,1,0.549907,0.16225,0.00706267,1.00663,879.384,0.750404,2.92878,0.270522,0.0268258,0.0186044,0.013141,0.0376812,0.336075,0.12715,0.531323,0.13637,0,1.82721e-11,1,104,1,0.302284,0.27491,0.532897,0.0661383,1,868.878,0.0028463,0.170414,0.814211,0.460735,0.05,300,300,300,300,300,300,65,104,300,61,65,82,28,32,40
erim,0,19,7,0.38157,0.0451,-0.442798,0.946116,1110.13,7.10515,3.67674,0.858101,0.342211,0.0291314,0.0159944,0.0340999,0.402704,0.25743,0.366239,0.647287,1,1,10,300,0,0.858101,0.402704,0.366239,0.647287,1,1103.02,0.0028463,0.170414,0.814211,0.460735,0.05,300,300,300,300,300,300,73,300,300,41,45,79,34,38,46
erim,0,20,4,0.450671,0.0127798,-0.431394,1.03862,2223.55,2.59681,7.40316,0.512027,0.387849,0.0433945,0.0140047,0.040608,0.313309,0.388054,0.444641,0.588659,1,1,25,183,1,0.665181,0.509047,0.389614,0.731867,1,2184.07,0.0028463,0.170414,0.814211,0.460735,0.05,300,300,300,300,300,300,179,183,224,58,62,84,49,53,61
erim,0,21,2,0.178613,0.18813,0.284692,0.987755,1159.55,0.184955,3.86454,0.137564,0.0171194,0.0306811,0.0072466,0.0306397,0.466709,0.165239,0.217579,0.168604,1,1,0,155,1,0.11432,0.309797,0.125016,0.106404,1,1148.68,0.0028463,0.170414,0.814211,0.460735,0.05,300,300,300,300,300,300,73,155,300,36,65,73,29,33,41
erim,0,22,7,0.441138,0.136396,-0.162835,0.921308,846.85,0.528238,2.82107,0.22586,0.0380993,0.0188923,0.0202725,0.00738719,0.18709,0.134905,0.4943,0.31387,1,1,1,56,1,0.236712,0.219317,0.462107,0.302422,1,819.832,0.0028463,0.170414,0.814211,0.460735,0.05,300,300,300,300,300,300,52,56,64,41,52,60,29,42,50
erim,0,23,0,0.517023,0.0865294,-0.0181903,1.09426,1789.66,0.941129,5.96239,0.313792,0.023253,0.0218673,0.00422945,0.0224918,0.279107,0.165368,0.407717,0.264442,1,1,1,96,1,0.16614,0.0816864,0.416658,0.333875,1,1765.59,0.0028463,0.170414,0.814211,0.460735,0.05,300,300,300,300,300,300,85,96,300,54,66,74,51,55,63
erim,0,24,1,0.370858,0.0725851,0.0384449,0.913326,1607.9,0.676109,5.35742,0.259706,0.0458501,0.0186349,0.0211361,0.0192509,0.14932,0.205596,0.664381,0.046045,0,4.2039e-45,14,125,1,0.4586,0.306065,0.343849,0.114238,0,1586.64,0.0028463,0.170414,0.814211,0.460735,0.05,300,300,300,300,300,300,121,125,274,56,60,68,36,40,48
erim,0,25,4,0.325293,0.0889061,-0.441881,0.95775,1575.89,3.28929,5.24202,0.565312,0.311292,0.0204129,0.0166137,0.0469142,0.551678,0.0964719,0.391263,0.546461,1,1,14,53,1,0.760116,0.625764,0.36529,0.58185,1,1495.3,0.0028463,0.170414,0.814211,0.460735,0.05,300,300,300,300,300,300,49,53,184,44,48,56,37,41,49
erim,0,26,3,0.13768,0.132364,-0.0814456,0.970856,854.612,0.916594,2.84565,0.305179,0.0534861,0.0341165,0.0122785,0.0456548,0.253778,0.0886336,0.21168,0.244574,1,1,1,93,1,0.197855,0.253371,0.205006,0.242656,1,838.966,0.0028463,0.170414,0.814211,0.460735,0.05,300,300,300,300,300,300,89,93,101,39,64,87,25,29,58
erim,0,27,5,0.569564,0.0416277,-0.091663,1.07322,1452.77,0.731234,4.84014,0.272482,0.272482,0.0365164,0.00853708,0.0127552,0.181733,0.225064,0.694085,0.106807,1,1,24,300,0,0.272482,0.181733,0.694085,0.106807,1,1452.04,0.0028463,0.170414,0.814211,0.460735,0.05,300,300,300,300,300,300,195,300,300,181,185,193,53,57,65
erim,0,28,1,0.462683,0.056316,-0.00562799,1.09459,1628.86,0.279283,5.42861,0.153611,0.0877888,0.0107676,0.0153367,0.0407668,0.213549,0.0877458,0.669832,0.14645,0,1.38073e-05,0,173,1,0.268191,0.331814,0.547807,0.267592,1,1616.78,0.0028463,0.170414,0.814211,0.460735,0.05,300,300,300,300,300,300,128,173,181,53,78,86,31,48,56
erim,0,29,7,0.190195,0.0386555,0.311663,0.918512,1350.9,0.221514,4.50225,0.152841,0.016575,0.0162177,0.00760795,0.0190082,0.193932,0.156359,0.293845,0.257942,1,1,19,90,1,0.160903,0.106547,0.303233,0.229124,1,1332.62,0.0028463,0.170414,0.814211,0.460735,0.05,300,300,300,300,300,300,77,90,300,61,78,86,43,47,55
erim,0,30,2,0.43551,0.00663354,0.00178993,1.07443,1454.69,0.382818,4.84771,0.188538,0.0294933,0.0137866,0.00305302,0.033498,0.13622,0.195164,0.329248,0.182317,1,1,14,118,1,0.077983,0.255028,0.465593,0.319852,1,1438.41,0.0028463,0.170414,0.814211,0.460735,0.05,300,300,300,300,300,300,100,118,126,83,87,95,54,63,71
erim,0,31,5,0.176478,0.0719513,0.258418,0.964038,1260.99,0.113329,4.20293,0.103099,0.0400287,0.0139363,0.0177986,0.0318185,0.295514,0.112808,0.184566,0.194097,1,1,1,143,1,0.190603,0.351712,0.249388,0.130992,1,1246.68,0.0028463,0.170414,0.814211,0.460735,0.05,300,300,300,300,300,300,60,143,300,52,56,64,45,49,57
erim,0,32,0,0.347419,0.0348692,0.415206,0.984876,2140.31,0.291831,7.13339,0.19233,0.0186302,0.0215884,0.00663111,0.0214993,0.363322,0.17445,0.627563,0.321506,1,1,0,134,1,0.234215,0.220238,0.590245,0.350041,1,2120.2,0.0028463,0.170414,0.814211,0.460735,0.05,300,300,300,300,300,300,103,134,300,76,98,106,41,45,53
erim,0,33,5,0.437556,0.0176016,-0.00755084,1.02577,1587.4,2.98721,5.28139,0.548779,0.192927,0.0210785,0.004028,0.0551482,0.396763,0.366749,0.420557,0.0619688,1,1,0,300,0,0.548779,0.396763,0.420557,0.0619688,1,1584.42,0.0028463,0.170414,0.814211,0.460735,0.05,300,300,300,300,300,300,159,300,300,59,69,90,35,39,47
erim,0,34,5,0.432865,0.194518,0.111496,1.03544,1395.96,0.00408605,4.65318,0.0324862,0.0212132,0.0231234,0.0162294,0.0340159,0.236921,0.0908397,0.395556,0.0764498,1,1,20,202,1,0.155753,0.255809,0.421868,0.0271103,1,1392.3,0.0028463,0.170414,0.814211,0.460735,0.05,300,300,300,300,300,300,103,202,210,58,67,85,47,51,59
erim,0,35,3,0.473569,0.118791,-0.229729,1.06867,1148.54,1.12399,3.82472,0.346767,0.265894,0.0277659,0.0125931,0.0228055,0.250683,0.175941,0.548186,0.455003,1,1,0,127,1,0.358066,0.136419,0.624773,0.281872,1,1119.89,0.0028463,0.170414,0.814211,0.460735,0.05,300,300,300,300,300,300,80,127,199,42,46,54,33,43,51
erim,0,36,5,0.281906,0.171136,0.478324,0.94106,2080.08,0.0516609,6.93342,0.0974105,0.0340253,0.0384077,0.0082077,0.0334972,0.624272,0.0860516,0.296483,0.141402,1,1,0,300,0,0.0974105,0.624272,0.296483,0.141402,1,2080.03,0.0028463,0.170414,0.814211,0.460735,0.05,300,300,300,300,300,300,87,300,300,56,60,68,42,58,66
erim,0,37,7,0.381812,0.00248337,-0.222815,1.05262,2899.55,8.69753,9.63618,0.928377,0.268296,0.00448187,0.0146226,0.0466228,0.325909,0.514175,0.230613,0.534444,1,1,23,72,1,0.425018,0.509139,0.461427,0.14487,1,2764.3,0.0028463,0.170414,0.814211,0.460735,0.05,300,300,300,300,300,300,68,72,300,52,56,64,47,51,59
erim,0,38,4,0.413721,0.161927,-0.466792,0.973748,2142.72,6.65996,7.12021,0.82644,0.338763,0.0124936,0.0197776,0.0281244,0.659045,0.159067,0.437324,0.593072,1,1,45,78,1,0.418161,0.392633,0.52114,0.893187,1,2056.86,0.0028463,0.170414,0.814211,0.460735,0.05,300,300,300,300,300,300,67,78,124,54,58,66,41,51,59
erim,0,39,4,0.46674,0.190987,-0.0224375,0.938482,1273.97,0.329083,4.24547,0.159117,0.0250147,0.0286216,0.0111747,0.0194657,0.335919,0.202915,0.397651,0.119826,1,1,17,104,1,0.0942381,0.150125,0.534552,0.185544,1,1261.29,0.0028463,0.170414,0.814211,0.460735,0.05,300,300,300,300,300,300,52,104,300,47,51,59,32,36,55
erim,0,40,6,0.239845,0.0928903,0.432543,1.08044,1789.95,0.654489,5.96432,0.240803,0.0193514,0.00965766,0.00459857,0.0326756,0.36596,0.0873835,0.26799,0.198323,1,1,16,184,1,0.178533,0.221636,0.217956,0.351687,1,1776.9,0.0028463,0.170414,0.814211,0.460735,0.05,300,300,300,300,300,300,180,184,300,70,74,82,40,66,74
erim,0,41,4,0.449348,0.198535,-0.497526,1.04495,1211.42,2.39842,4.03006,0.524439,0.352317,0.0321379,0.0117441,0.0104335,0.361544,0.0803098,0.546114,0.697357,1,1,17,67,1,0.608942,0.5072,0.552808,0.751868,1,1140.98,0.0028463,0.170414,0.814211,0.460735,0.05,300,300,300,300,300,300,63,67,75,60,64,72,44,48,56
erim,0,42,6,0.449732,0.176956,0.149094,1.02534,1576.38,0.151997,5.25409,0.103828,0.0152925,0.0312504,0.00928373,0.0237913,0.148063,0.0773389,0.480738,0.0186876,1,1,11,92,1,0.142161,0.396854,0.35846,0.0319733,1,1565.97,0.0028463,0.170414,0.814211,0.460735,0.05,300,300,300,300,300,300,59,92,300,51,55,63,45,49,57
erim,0,43,1,0.204377,0.115408,0.280744,0.955826,2696.5,0.0609445,8.98814,0.103113,0.0311934,0.017331,0.00850835,0.0504493,0.747672,0.0683993,0.18774,0.102696,0,3.1136e-11,31,257,1,0.0770542,0.30066,0.295452,0.168457,0,2692.87,0.0028463,0.170414,0.814211,0.460735,0.05,300,300,300,300,300,300,197,257,300,70,74,112,48,52,60
erim,0,44,6,0.230452,0.140099,0.0823957,0.978308,1023.78,0.30836,3.41156,0.18226,0.0325999,0.0150068,0.0128798,0.00946718,0.300989,0.129608,0.297415,0.13162,1,1,1,115,1,0.127415,0.186234,0.399965,0.0746828,1,1013.32,0.0028463,0.170414,0.814211,0.460735,0.05,300,300,300,300,300,300,54,115,300,47,51,59,34,44,52
erim,0,45,4,0.300927,0.16992,-0.0889343,1.07991,2000.51,0.150526,6.66787,0.131876,0.0440635,0.0247381,0.00769068,0.0532704,0.171151,0.142339,0.447237,0.28511,1,1,22,108,1,0.233666,0.381811,0.436398,0.24865,1,1990.04,0.0028463,0.170414,0.814211,0.460735,0.05,300,300,300,300,300,300,80,108,300,53,65,73,47,51,59
erim,0,46,6,0.373309,0.179031,-0.477296,0.930114,1800.87,5.53599,5.98444,0.754419,0.38378,0.015545,0.00909821,0.024524,0.714266,0.227936,0.509115,0.603067,1,1,14,72,1,0.642083,0.699615,0.466225,0.677372,1,1705.7,0.0028463,0.170414,0.814211,0.460735,0.05,300,300,300,300,300,300,54,72,300,53,57,65,42,46,54
erim,0,47,6,0.483705,0.0687121,-0.149179,0.943409,1362.67,0.675755,4.53998,0.262719,0.0987487,0.0412501,0.0108348,0.0245062,0.274607,0.118732,0.597834,0.327691,1,1,14,104,1,0.368238,0.230619,0.584887,0.225454,1,1329.97,0.0028463,0.170414,0.814211,0.460735,0.05,300,300,300,300,300,300,93,104,300,49,53,61,42,46,54
erim,0,48,5,0.355156,0.122152,0.165691,1.0424,1006,0.183356,3.35273,0.148025,0.0274103,0.0295315,0.0179809,0.0246254,0.183864,0.114523,0.516526,0.0854369,1,1,1,79,1,0.121225,0.245435,0.542273,0.0320538,1,992.725,0.0028463,0.170414,0.814211,0.460735,0.05,300,300,300,300,300,300,60,79,300,43,47,55,41,45,53
erim,0,49,5,0.496347,0.167367,-0.0810145,0.94888,1798.68,0.691249,5.9933,0.272776,0.0487207,0.0401612,0.0102157,0.0466748,0.297061,0.0840423,0.584659,0.281926,1,1,0,80,1,0.348732,0.263272,0.604289,0.36204,1,1786.3,0.0028463,0.170414,0.814211,0.460735,0.05,300,300,300,300,300,300,69,80,103,53,57,65,37,46,54
erim,0,50,7,0.491695,0.182699,0.147338,0.917362,1900.15,0.20793,6.33313,0.167237,0.0188185,0.0402124,0.00751515,0.0118725,0.200688,0.082147,0.580858,0.0917055,1,1,20,71,1,0.171049,0.109228,0.640087,0.109476,1,1887.03,0.0028463,0.170414,0.814211,0.460735,0.05,300,300,300,300,300,300,61,71,300,49,59,67,45,49,57
erim,0,51,7,0.482865,0.19379,-0.111416,1.01669,1612.09,0.529396,5.37188,0.232582,0.0750988,0.0340637,0.0205344,0.0338339,0.199597,0.210652,0.422242,0.290593,1,1,21,71,1,0.219486,0.223447,0.449092,0.306439,1,1593.8,0.0028463,0.170414,0.814211,0.460735,0.05,300,300,300,300,300,300,67,71,257,52,56,64,46,50,58
erim,0,52,6,0.408942,0.155562,-0.240589,1.02755,975.096,0.675878,3.24807,0.255269,0.187444,0.0495285,0.0194276,0.0286821,0.334887,0.215139,0.575919,0.341911,1,1,0,63,1,0.386638,0.346781,0.40485,0.322502,1,941.764,0.0028463,0.170414,0.814211,0.460735,0.05,300,300,300,300,300,300,59,63,125,52,56,64,39,43,51
erim,0,53,1,0.502556,0.0746694,0.282294,1.00661,1811.75,0.253895,6.03832,0.165922,0.022729,0.022103,0.00862156,0.0240293,0.464934,0.179078,0.683931,0.0756423,0,2.29565e-06,12,100,1,0.0581572,0.304533,0.641923,0.0975511,1,1794.8,0.0028463,0.170414,0.814211,0.460735,0.05,300,300,300,300,300,300,96,100,300,65,69,77,37,46,54
erim,0,54,7,0.347073,0.141489,-0.493211,1.09375,1764.74,1.2844,5.87819,0.358064,0.314328,0.0149968,0.0120406,0.0281961,0.224912,0.0955101,0.418255,0.675417,1,1,5,229,1,0.539747,0.0871734,0.483841,0.653183,1,1747.63,0.0028463,0.170414,0.814211,0.460735,0.05,300,300,300,300,300,300,71,229,300,53,57,65,46,55,63
erim,0,55,6,0.39037,0.153162,0.322263,0.912677,1542.64,0.264163,5.14125,0.183814,0.0211134,0.028709,0.0135793,0.038549,0.555441,0.0870845,0.310738,0.248705,1,1,18,89,1,0.2673,0.451495,0.442292,0.17756,1,1522.82,0.0028463,0.170414,0.814211,0.460735,0.05,300,300,300,300,300,300,85,89,300,66,70,78,34,38,71
erim,0,56,5,0.479214,0.0784673,0.210173,1.09239,1119.21,0.0899388,3.73039,0.138996,0.0113738,0.029533,0.015103,0.0218061,0.678293,0.13898,0.308713,0.180434,1,1,18,146,1,0.165206,0.162873,0.345329,0.154003,1,1107.99,0.0028463,0.170414,0.814211,0.460735,0.05,300,300,300,300,300,300,106,146,154,51,55,63,33,37,45
erim,0,57,1,0.115277,0.123797,-0.260152,0.916013,838.894,0.965782,2.79309,0.314403,0.175881,0.0321068,0.00829222,0.00791776,0.172003,0.142156,0.233491,0.389186,0,0,0,102,1,0.424076,0.411384,0.148001,0.418765,0,799.757,0.0028463,0.170414,0.814211,0.460735,0.05,300,300,300,300,300,300,98,102,141,43,47,72,26,30,50
erim,0,58,5,0.460491,0.183327,-0.43489,1.07897,1435.81,2.18543,4.77876,0.472136,0.185334,0.0294875,0.00633604,0.025276,0.610538,0.236543,0.49699,0.619321,1,1,10,96,1,0.50021,0.435615,0.444327,0.677746,1,1378.56,0.0028463,0.170414,0.814211,0.460735,0.05,300,300,300,300,300,300,92,96,143,54,58,66,40,44,52
erim,0,59,3,0.28269,0.0199479,-0.214944,1.07343,1150.36,2.65328,3.8257,0.504245,0.0872235,0.0356249,0.00640397,0.0266325,0.340303,0.0812846,0.310271,0.410571,1,1,16,59,1,0.308354,0.213394,0.360949,0.457631,1,1109.27,0.0028463,0.170414,0.814211,0.460735,0.05,300,300,300,300,300,300,55,59,198,48,52,60,38,42,50
erim,0,60,0,0.404507,0.181345,-0.462475,0.970915,1136.75,1.66338,3.78363,0.403738,0.323001,0.02085,0.0101687,0.0759729,0.488937,0.164815,0.382077,0.626642,1,1,0,63,1,0.564561,0.488135,0.390427,0.594295,1,1068.58,0.0028463,0.170414,0.814211,0.460735,0.05,300,300,300,300,300,300,59,63,71,52,56,64,37,41,49
erim,0,61,5,0.293084,0.1655,0.198789,0.913959,1949.08,0.111267,6.49655,0.0995286,0.0116278,0.00144741,0.0173668,0.0334939,0.101492,0.0502245,0.438266,0.110335,1,1,0,206,1,0.161743,0.356862,0.42836,0.133398,1,1944.24,0.0028463,0.170414,0.814211,0.460735,0.05,300,300,300,300,300,300,187,206,300,53,66,74,43,47,55
erim,0,62,1,0.487211,0.167735,0.100788,1.05422,1742.71,0.569077,5.80713,0.239521,0.0281375,0.0283582,0.00473525,0.0406329,0.268019,0.199977,0.31406,0.0544238,0,7.33667e-24,6,93,1,0.0410691,0.200057,0.351096,0.2321,0,1732.65,0.0028463,0.170414,0.814211,0.460735,0.05,300,300,300,300,300,300,89,93,101,61,65,98,39,53,61
erim,0,63,3,0.258255,0.0710104,0.0145037,0.977974,2145.51,1.0033,7.14837,0.312571,0.0891122,0.0326794,0.0127729,0.0495051,0.223632,0.292298,0.366125,0.169126,1,1,13,166,1,0.204113,0.186289,0.420007,0.155666,1,2135.16,0.0028463,0.170414,0.814211,0.460735,0.05,300,300,300,300,300,300,101,166,174,59,63,71,50,54,62
erim,0,64,4,0.306573,0.155347,-0.181309,1.06503,1189.41,0.144266,3.96422,0.118303,0.10478,0.0186661,0.0135689,0.046668,0.282121,0.194699,0.391345,0.377837,1,1,15,101,1,0.257641,0.507314,0.358341,0.411128,1,1171.34,0.0028463,0.170414,0.814211,0.460735,0.05,300,300,300,300,300,300,87,101,109,52,66,99,32,36,59
erim,0,65,4,0.433489,0.00318217,-0.45113,1.05977,1724.96,0.857469,5.74701,0.296855,0.223593,0.0376195,0.0213916,0.0124919,0.340735,0.173474,0.441033,0.646054,1,1,21,72,1,0.712873,0.575822,0.352961,0.596746,1,1666.31,0.0028463,0.170414,0.814211,0.460735,0.05,300,300,300,300,300,300,57,72,300,37,41,49,34,38,46
erim,0,66,0,0.471737,0.105678,-0.0505208,0.959978,1176.41,0.725952,3.91894,0.267999,0.0279443,0.0260343,0.0054913,0.0331932,0.387166,0.0604991,0.51829,0.191818,1,1,17,90,1,0.291356,0.126356,0.536729,0.182661,1,1159.03,0.0028463,0.170414,0.814211,0.460735,0.05,300,300,300,300,300,300,86,90,300,46,50,58,32,36,44
erim,0,67,7,0.362885,0.12742,0.399333,1.05352,1232.85,0.222504,4.10875,0.170341,0.0127517,0.0279581,0.00989296,0.0397737,0.638308,0.119516,0.361933,0.114005,1,1,0,300,0,0.170341,0.638308,0.361933,0.114005,1,1232.63,0.0028463,0.170414,0.814211,0.460735,0.05,300,300,300,300,300,300,158,300,300,70,118,156,36,55,75
erim,0,68,1,0.34651,0.0428209,0.0853858,0.963042,2186.37,0.289997,7.28694,0.18975,0.0410075,0.0354325,0.0177193,0.050836,0.395512,0.0637455,0.477054,0.10736,0,1.31699e-16,18,262,1,0.366026,0.11329,0.324432,0.164798,0,2181.24,0.0028463,0.170414,0.814211,0.460735,0.05,300,300,300,300,300,300,258,262,300,72,96,118,48,52,75
erim,0,69,0,0.298852,0.142803,0.306924,1.00311,1218.54,0.275143,4.06087,0.16713,0.0224362,0.0391983,0.00818437,0.0207392,0.608627,0.0809512,0.403681,0.139048,1,1,17,94,1,0.247431,0.280976,0.330105,0.176476,1,1200.48,0.0028463,0.170414,0.814211,0.460735,0.05,300,300,300,300,300,300,77,94,300,54,58,66,42,46,54
erim,0,70,6,0.419506,0.0173453,-0.485484,0.906796,1999.29,7.91122,6.63793,0.887923,0.461377,0.0128326,0.0181118,0.0441045,0.800639,0.309345,0.5004,0.794672,1,1,9,71,1,0.692922,0.606167,0.423815,0.597864,1,1794.48,0.0028463,0.170414,0.814211,0.460735,0.05,300,300,300,300,300,300,67,71,136,55,59,67,45,49,57
erim,0,71,5,0.494104,0.0746148,0.312638,1.09186,1604.43,0.0813446,5.34784,0.0350076,0.0245212,0.0145769,0.0122389,0.0365677,0.522497,0.208729,0.566667,0.160894,1,1,0,300,0,0.0350076,0.522497,0.566667,0.160894,1,1604.35,0.0028463,0.170414,0.814211,0.460735,0.05,300,300,300,300,300,300,97,300,300,82,86,94,45,57,65
erim,0,72,1,0.479733,0.1762,-0.201506,0.965405,1079.26,0.868094,3.59465,0.281116,0.164342,0.0417478,0.00458465,0.0193013,0.250705,0.162925,0.463742,0.301516,0,1.55324e-23,0,133,1,0.354609,0.448969,0.59824,0.412345,0,1052.17,0.0028463,0.170414,0.814211,0.460735,0.05,300,300,300,300,300,300,63,133,164,43,47,55,35,39,47
erim,0,73,6,0.312145,0.0753175,0.139123,1.0542,1712.82,0.098701,5.70908,0.0910306,0.0197406,0.0294301,0.0119725,0.0448585,0.223929,0.101265,0.277514,0.0467626,1,1,39,286,1,0.173838,0.313715,0.277887,0.258413,1,1712.03,0.0028463,0.170414,0.814211,0.460735,0.05,300,300,300,300,300,300,206,286,300,65,100,108,47,51,73
erim,0,74,4,0.531365,0.19379,-0.217745,1.00776,1145.13,0.571295,3.8152,0.21907,0.181973,0.0224678,0.0156101,0.054212,0.542389,0.116107,0.504255,0.369356,1,1,47,147,1,0.424734,0.295898,0.738266,0.287415,1,1125.91,0.0028463,0.170414,0.814211,0.460735,0.05,300,300,300,300,300,300,67,147,300,51,61,69,42,46,63
erim,0,75,6,0.350999,0.0588444,0.179428,1.09152,2681.37,0.148773,8.93741,0.137762,0.0237194,0.0415287,0.0109521,0.0471583,0.241969,0.18389,0.435654,0.105581,1,1,28,194,1,0.0824608,0.193225,0.460313,0.0850521,1,2676.22,0.0028463,0.170414,0.814211,0.460735,0.05,300,300,300,300,300,300,173,194,252,69,73,81,49,53,61
erim,0,76,6,0.475728,0.0797803,-0.285196,0.921035,1125.52,2.65574,3.74289,0.513383,0.298807,0.0216781,0.00844118,0.0570935,0.447276,0.450824,0.407727,0.412661,1,1,0,86,1,0.645277,0.323988,0.424352,0.469393,1,1059.27,0.0028463,0.170414,0.814211,0.460735,0.05,300,300,300,300,300,300,56,86,300,47,51,59,40,44,52
erim,0,77,7,0.394629,0.0273094,0.181595,0.980123,1907.96,0.337667,6.35873,0.205265,0.0265753,0.0256799,0.0141445,0.0318347,0.242943,0.0939662,0.482623,0.0124177,1,1,10,165,1,0.126399,0.24862,0.3249,0.0815057,1,1899.67,0.0028463,0.170414,0.814211,0.460735,0.05,300,300,300,300,300,300,85,165,300,66,70,78,52,56,64
erim,0,78,5,0.500095,0.144042,-0.271307,1.05626,1359.59,0.64104,4.52984,0.228774,0.126248,0.0101934,0.020744,0.0201296,0.493166,0.377774,0.623847,0.450237,1,1,19,187,1,0.332047,0.538612,0.66809,0.470079,1,1339.46,0.0028463,0.170414,0.814211,0.460735,0.05,300,300,300,300,300,300,61,187,300,57,61,91,48,59,67
erim,0,79,5,0.181629,0.134577,-0.337693,1.08336,1123.81,0.983937,3.74277,0.319974,0.219343,0.0242407,0.0139158,0.0282909,0.435841,0.146054,0.466879,0.35745,1,1,0,112,1,0.346785,0.364117,0.292295,0.54803,1,1073.02,0.0028463,0.170414,0.814211,0.460735,0.05,300,300,300,300,300,300,63,112,300,39,53,61,32,36,44
erim,0,80,0,0.305267,0.0536277,-0.216461,0.900734,1415.14,3.1008,4.70681,0.570814,0.249917,0.0256314,0.00945958,0.0365121,0.28341,0.0501017,0.400565,0.27351,1,1,0,292,1,0.585547,0.546062,0.459739,0.332725,1,1409.45,0.0028463,0.170414,0.814211,0.460735,0.05,300,300,300,300,300,300,136,292,300,43,78,86,28,41,49
erim,0,81,1,0.25199,0.0911183,0.0151876,1.06231,1013.66,0.038019,3.37873,0.0552144,0.0254212,0.0264674,0.0208434,0.0300149,0.294741,0.118294,0.450819,0.302579,0,0,1,96,1,0.0487853,0.242534,0.264006,0.158938,0,1004.7,0.0028463,0.170414,0.814211,0.460735,0.05,300,300,300,300,300,300,57,96,300,45,49,57,35,39,47
erim,0,82,1,0.447172,0.036951,-0.399754,0.916545,1117.15,7.40782,3.69915,0.873183,0.405871,0.0267849,0.00928947,0.0326769,0.662623,0.201377,0.299357,0.200954,0,0,6,174,1,0.81215,0.55211,0.432771,0.470865,0,1014.6,0.0028463,0.170414,0.814211,0.460735,0.05,300,300,300,300,300,300,68,174,300,44,48,56,34,38,46
erim,0,83,4,0.536134,0.16885,0.308121,0.950575,1616.45,0.89163,5.38521,0.30808,0.0110713,0.0163225,0.00995686,0.0376186,0.289262,0.175302,0.532651,0.125958,1,1,34,170,1,0.0503309,0.413348,0.594164,0.231907,1,1602.73,0.0028463,0.170414,0.814211,0.460735,0.05,300,300,300,300,300,300,69,170,300,41,45,73,38,42,50
erim,0,84,6,0.416504,0.07556,0.0698498,0.947326,1931.32,1.83758,6.43162,0.436596,0.021044,0.0317519,0.0165405,0.0172206,0.133675,0.363686,0.550658,0.0973079,1,1,21,92,1,0.297682,0.17556,0.537545,0.163448,1,1892.09,0.0028463,0.170414,0.814211,0.460735,0.05,300,300,300,300,300,300,88,92,300,50,54,62,39,51,59
erim,0,85,0,0.442897,0.139475,-0.0697981,1.00951,1869.71,0.294166,6.23139,0.177917,0.0273471,0.0478206,0.0194132,0.0125356,0.261841,0.130244,0.552292,0.304007,1,1,23,105,1,0.229807,0.171751,0.553113,0.217354,1,1861.05,0.0028463,0.170414,0.814211,0.460735,0.05,300,300,300,300,300,300,85,105,146,53,86,94,37,41,49
erim,0,86,4,0.383459,0.0360704,0.0806735,1.01335,860.109,0.359674,2.86583,0.182928,0.016921,0.0212703,0.00974576,0.0197202,0.193549,0.14541,0.406224,0.150487,1,1,10,117,1,0.125727,0.173274,0.38039,0.0977422,1,850.728,0.0028463,0.170414,0.814211,0.460735,0.05,300,300,300,300,300,300,113,117,149,65,69,77,35,39,47
erim,0,87,7,0.432045,0.161286,-0.025977,0.983215,2201.54,0.931013,7.33535,0.287471,0.0569738,0.0330379,0.0160757,0.0182976,0.385248,0.234903,0.361736,0.0909281,1,1,27,71,1,0.21542,0.230789,0.490816,0.303755,1,2179.52,0.0028463,0.170414,0.814211,0.460735,0.05,300,300,300,300,300,300,67,71,241,61,65,73,42,53,61
erim,0,88,1,0.510933,0.178163,0.10097,1.02629,1723.85,0.160876,5.74562,0.146979,0.0210652,0.021237,0.00614636,0.0488807,0.317617,0.13113,0.578553,0.259802,0,5.76214e-42,0,179,1,0.0461179,0.244655,0.593628,0.0649649,0,1718.76,0.0028463,0.170414,0.814211,0.460735,0.05,300,300,300,300,300,300,105,179,300,61,65,73,40,52,60
erim,0,89,2,0.35837,0.110804,-0.126733,0.98471,975.195,0.267173,3.24976,0.170161,0.0612501,0.025046,0.0153329,0.034849,0.283087,0.0675705,0.274237,0.195034,1,1,1,78,1,0.320741,0.165664,0.580982,0.294283,1,953.292,0.0028463,0.170414,0.814211,0.460735,0.05,300,300,300,300,300,300,65,78,129,47,51,59,43,47,55
erim,0,90,2,0.362174,0.0225001,0.0676554,1.00716,2012.13,1.64867,6.70159,0.381792,0.158561,0.021288,0.0108963,0.0269382,0.469697,0.362181,0.401027,0.0492485,1,1,20,194,1,0.306556,0.14294,0.144826,0.057594,1,1995.79,0.0028463,0.170414,0.814211,0.460735,0.05,300,300,300,300,300,300,84,194,257,69,81,89,48,52,60
erim,0,91,3,0.419491,0.0700563,0.448763,1.00647,1081.1,0.0324368,3.60355,0.0675852,0.0124143,0.0308514,0.0174989,0.0562118,0.326665,0.0905145,0.296432,0.235519,1,1,0,300,0,0.0675852,0.326665,0.296432,0.235519,1,1081.07,0.0028463,0.170414,0.814211,0.460735,0.05,300,300,300,300,300,300,115,300,300,75,79,87,38,42,50
erim,0,92,5,0.38077,0.167009,0.436292,1.03081,1844.63,0.0128634,6.14873,0.0565217,0.0210885,0.0174802,0.0178899,0.084439,0.219351,0.0548698,0.550032,0.362501,1,1,0,246,1,0.204788,0.150416,0.351595,0.203379,1,1837.73,0.0028463,0.170414,0.814211,0.460735,0.05,300,300,300,300,300,300,84,246,300,56,67,75,46,50,58
erim,0,93,4,0.246562,0.0728679,-0.309784,1.07934,1156.67,2.89111,3.84592,0.536421,0.0753496,0.0479934,0.00575943,0.0309226,0.282032,0.303327,0.386877,0.532283,1,1,13,88,1,0.353543,0.377312,0.193487,0.64253,1,1118.85,0.0028463,0.170414,0.814211,0.460735,0.05,300,300,300,300,300,300,70,88,236,43,58,66,40,44,52
erim,0,94,4,0.198938,0.137967,0.354441,0.917787,1163.57,0.160714,3.87802,0.125002,0.0280561,0.0276116,0.00504703,0.019738,0.390773,0.131679,0.21694,0.114479,1,1,14,300,0,0.125002,0.390773,0.21694,0.114479,1,1163.4,0.0028463,0.170414,0.814211,0.460735,0.05,300,300,300,300,300,300,80,300,300,50,65,73,32,47,55
erim,0,95,7,0.0603676,0.185174,0.0854224,0.929905,2173.19,0.42758,7.24255,0.216976,0.0304063,0.0101524,0.0178847,0.0507832,0.186668,0.0855791,0.329903,0.114471,1,1,0,116,1,0.143432,0.239107,0.190985,0.101128,1,2166.02,0.0028463,0.170414,0.814211,0.460735,0.05,300,300,300,300,300,300,63,116,124,55,59,67,48,52,60
erim,0,96,4,0.398263,0.19875,0.494497,1.04494,1267.53,0.0701111,4.22486,0.0857308,0.0291916,0.0371655,0.0152045,0.0561896,0.702949,0.207738,0.381126,0.37132,1,1,16,227,1,0.176323,0.392643,0.517407,0.208051,1,1257.94,0.0028463,0.170414,0.814211,0.460735,0.05,300,300,300,300,300,300,139,227,300,70,74,96,42,46,54
erim,0,97,5,0.432392,0.166741,0.0690376,0.917142,1232.14,0.11865,4.10673,0.118472,0.0192242,0.0225051,0.00824974,0.0299719,0.212612,0.133223,0.424375,0.115408,1,1,2,84,1,0.371252,0.406055,0.349901,0.232613,1,1223.06,0.0028463,0.170414,0.814211,0.460735,0.05,300,300,300,300,300,300,80,84,201,48,52,60,39,43,51
erim,0,98,5,0.454787,0.063934,-0.0420609,1.0181,1780.46,0.0720312,5.93462,0.092996,0.022746,0.0186214,0.0138458,0.0447079,0.276467,0.0729739,0.506057,0.212214,1,1,0,177,1,0.284237,0.399662,0.590513,0.402429,1,1771.39,0.0028463,0.170414,0.814211,0.460735,0.05,300,300,300,300,300,300,173,177,300,66,70,78,35,39,70
erim,0,99,6,0.600935,0.0962008,0.233901,0.936715,1401.83,0.214329,4.67206,0.133785,0.0245494,0.0260041,0.00954643,0.0249704,0.0559912,0.157236,0.629911,0.0615102,1,1,2,300,0,0.133785,0.0559912,0.629911,0.0615102,1,1401.62,0.0028463,0.170414,0.814211,0.460735,0.05,300,300,300,300,300,300,236,300,300,47,51,93,36,48,56
erim,0,100,4,0.530394,0.0903143,0.0514029,0.967287,2108.5,0.238857,7.02754,0.155703,0.0959799,0.00787349,0.0139568,0.0107914,0.346033,0.211971,0.427813,0.0931497,1,1,36,188,1,0.127461,0.164045,0.395819,0.136784,1,2103.2,0.0028463,0.170414,0.814211,0.460735,0.05,300,300,300,300,300,300,184,188,196,54,58,66,44,48,56
erim,0,101,2,0.320529,0.164775,0.234506,1.03279,2216.62,0.00952748,7.3887,0.0517408,0.0219705,0.0226069,0.0143183,0.0555065,0.619635,0.139452,0.432892,0.0888393,1,1,0,111,1,0.1978,0.395888,0.21707,0.142973,1,2205.42,0.0028463,0.170414,0.814211,0.460735,0.05,300,300,300,300,300,300,107,111,300,63,87,95,43,47,55
erim,0,102,6,0.540161,0.155586,-0.120244,1.06337,1164.69,1.12558,3.87856,0.337642,0.024995,0.0259292,0.00293136,0.0305164,0.137176,0.103277,0.562526,0.35807,1,1,13,136,1,0.228768,0.220473,0.365855,0.310342,1,1150.21,0.0028463,0.170414,0.814211,0.460735,0.05,300,300,300,300,300,300,85,136,266,45,49,57,35,39,47
erim,0,103,2,0.457232,0.175764,0.263747,1.09026,1795.82,0.616403,5.98403,0.240053,0.013368,0.0204632,0.012209,0.0213092,0.462955,0.12908,0.444678,0.139642,1,1,19,105,1,0.116204,0.438635,0.574102,0.139871,1,1776.64,0.0028463,0.170414,0.814211,0.460735,0.05,300,300,300,300,300,300,79,105,300,74,78,86,44,48,80
erim,0,104,7,0.313448,0.115665,0.328273,0.950521,1892.52,0.109307,6.30804,0.13996,0.0211509,0.0285689,0.00724499,0.0251515,0.379902,0.14528,0.276907,0.143027,1,1,21,300,0,0.13996,0.379902,0.276907,0.143027,1,1892.41,0.0028463,0.170414,0.814211,0.460735,0.05,300,300,300,300,300,300,83,300,300,58,62,89,37,53,61
erim,0,105,0,0.544314,0.133144,-0.130149,0.987984,1372.23,1.46558,4.56921,0.375775,0.0803165,0.0392278,0.00795331,0.0393131,0.115179,0.161971,0.46802,0.290541,1,1,1,141,1,0.248598,0.435133,0.550033,0.216667,1,1357.11,0.0028463,0.170414,0.814211,0.460735,0.05,300,300,300,300,300,300,126,141,207,70,74,82,36,40,48
erim,0,106,6,0.429342,0.0960314,-0.340866,0.98806,2175.68,3.26168,7.24138,0.580507,0.289771,0.0368355,0.00935609,0.0552624,0.38192,0.205314,0.587837,0.568588,1,1,18,107,1,0.433991,0.5042,0.538145,0.482658,1,2125.55,0.0028463,0.170414,0.814211,0.460735,0.05,300,300,300,300,300,300,55,107,209,52,56,81,48,52,60
erim,0,107,1,0.450231,0.0595768,0.321664,0.903738,1828.27,0.24833,6.0934,0.168935,0.00618322,0.0365898,0.0110844,0.0441172,0.4176,0.0841181,0.369905,0.303938,0,5.74532e-44,25,134,1,0.162643,0.431086,0.379673,0.32672,0,1811.62,0.0028463,0.170414,0.814211,0.460735,0.05,300,300,300,300,300,300,61,134,300,51,55,63,37,41,49
erim,0,108,0,0.443478,0.00231678,-0.29981,0.908354,1198.49,0.948455,3.99179,0.303763,0.0130205,0.0191974,0.0200414,0.0499249,0.297963,0.0518546,0.517147,0.48967,1,1,7,215,1,0.430015,0.310841,0.414973,0.167238,1,1177.94,0.0028463,0.170414,0.814211,0.460735,0.05,300,300,300,300,300,300,203,215,223,52,84,134,32,45,53
erim,0,109,1,0.380998,0.19132,-0.35866,1.09357,1269.34,0.707055,4.22876,0.257759,0.189004,0.0433764,0.00574054,0.0312888,0.457976,0.179062,0.432216,0.624727,0,0,0,66,1,0.190788,0.400707,0.376911,0.495546,0,1223.86,0.0028463,0.170414,0.814211,0.460735,0.05,300,300,300,300,300,300,57,66,300,48,52,60,45,49,57
erim,0,110,2,0.435811,0.047146,0.0274593,1.07568,984.079,0.605289,3.27824,0.225206,0.0974456,0.0407632,0.00532915,0.0183255,0.250732,0.186717,0.390265,0.287155,0,2.00026e-11,4,300,0,0.225206,0.250732,0.390265,0.287155,0,983.474,0.0028463,0.170414,0.814211,0.460735,0.05,300,300,300,300,300,300,152,300,300,62,66,74,42,46,54
erim,0,111,4,0.430108,0.189412,0.335902,0.94796,960.418,0.0319657,3.20129,0.0963674,0.0272188,0.0564726,0.0111775,0.0419508,0.563961,0.161211,0.565392,0.172485,1,1,13,102,1,0.0827833,0.342347,0.529239,0.360181,1,943.673,0.0028463,0.170414,0.814211,0.460735,0.05,300,300,300,300,300,300,76,102,300,55,71,79,27,31,39
erim,0,112,6,0.452412,0.100499,-0.445893,1.06477,2217.47,2.96842,7.38166,0.551293,0.28622,0.0203285,0.00908712,0.0267448,0.210362,0.236233,0.448781,0.785986,1,1,17,89,1,0.659894,0.384788,0.391399,0.64149,1,2144.83,0.0028463,0.170414,0.814211,0.460735,0.05,300,300,300,112,300,300,85,89,202,55,59,95,53,57,65
erim,0,113,3,0.465147,0.0102467,0.0802397,1.03582,1151.41,0.72295,3.83563,0.257581,0.108506,0.0176506,0.00789134,0.00742723,0.409945,0.248563,0.332815,0.23326,1,1,4,224,1,0.126262,0.195456,0.423234,0.048827,1,1143.99,0.0028463,0.170414,0.814211,0.460735,0.05,300,300,300,300,300,300,204,224,256,56,85,121,35,46,54
erim,0,114,2,0.261734,0.02644,0.311237,1.06736,2081.55,0.274735,6.9376,0.165825,0.00949745,0.0364711,0.011745,0.0413766,0.493556,0.269827,0.226952,0.323793,1,1,20,118,1,0.12829,0.390266,0.25207,0.174946,1,2068.08,0.0028463,0.170414,0.814211,0.460735,0.05,300,300,300,300,300,300,94,118,300,54,58,96,38,53,61
erim,0,115,2,0.362424,0.156139,0.113804,1.09538,901.591,0.0771452,3.00505,0.0845358,0.0239691,0.0312924,0.0183158,0.0454634,0.198096,0.114224,0.616907,0.1964,0,0.467523,21,122,1,0.26265,0.277557,0.233324,0.0927895,1,891.2,0.0028463,0.170414,0.814211,0.460735,0.05,300,300,300,300,300,300,64,122,300,45,49,100,27,31,39
erim,0,116,5,0.280444,0.199126,-0.0593765,1.03058,1917.97,0.106416,6.39288,0.119879,0.0236556,0.0102099,0.0140085,0.0233281,0.190368,0.0716842,0.293246,0.217468,1,1,0,117,1,0.341424,0.15629,0.308424,0.298271,1,1907.52,0.0028463,0.170414,0.814211,0.460735,0.05,300,300,300,300,300,300,84,117,300,71,75,83,48,52,60
erim,0,117,2,0.545044,0.10804,0.18683,1.06443,1662.42,0.475882,5.53982,0.204925,0.0178054,0.0250579,0.00838742,0.0428632,0.271751,0.232939,0.444882,0.150529,1,1,19,84,1,0.222716,0.289393,0.58662,0.101159,1,1648.31,0.0028463,0.170414,0.814211,0.460735,0.05,300,300,300,300,300,300,80,84,300,62,66,74,52,56,64
erim,0,118,5,0.57331,0.115862,0.346437,0.956545,1010.03,0.341224,3.36563,0.165972,0.0262592,0.012578,0.0113676,0.033132,0.425124,0.229173,0.647437,0.212298,1,1,0,211,1,0.147523,0.242764,0.620604,0.10547,1,1000.03,0.0028463,0.170414,0.814211,0.460735,0.05,300,300,300,300,300,300,92,211,300,62,73,81,34,38,68
erim,0,119,7,0.550234,0.103428,0.0171392,1.05096,1955.52,0.524794,6.51664,0.229217,0.0451328,0.016091,0.0151313,0.0202266,0.166203,0.186806,0.574647,0.172213,1,1,10,210,1,0.126378,0.201989,0.688762,0.157024,1,1951.13,0.0028463,0.170414,0.814211,0.460735,0.05,300,300,300,300,300,300,75,210,276,68,72,80,47,51,59
erim,0,120,1,0.491051,0.103772,0.326167,1.08083,1504.23,0.267226,5.01321,0.14077,0.0156748,0.0224304,0.00975,0.0188964,0.340139,0.187792,0.576991,0.193478,0,0.194839,0,187,1,0.130362,0.336483,0.509074,0.460953,1,1493.06,0.0028463,0.170414,0.814211,0.460735,0.05,300,300,300,300,300,300,74,187,300,50,54,72,39,43,51
erim,0,121,3,0.155,0.0864594,0.447545,1.01489,955.579,0.164653,3.18471,0.132359,0.0156604,0.0321308,0.00548789,0.0257936,0.229195,0.052674,0.437685,0.606753,1,1,17,266,1,0.120957,0.551789,0.23342,0.497445,1,949.976,0.0028463,0.170414,0.814211,0.460735,0.05,300,300,300,300,300,300,126,266,300,49,53,79,34,38,46
erim,0,122,1,0.258256,0.159277,-0.0531408,0.923701,1843.51,0.350299,6.14385,0.20444,0.0882228,0.0291009,0.0126259,0.0220085,0.250318,0.19018,0.536474,0.0875484,0,5.70674e-35,28,92,1,0.237024,0.227421,0.296745,0.154307,0,1824.41,0.0028463,0.170414,0.814211,0.460735,0.05,300,300,300,300,300,300,88,92,100,69,73,81,36,40,75
erim,0,123,4,0.358232,0.113332,0.303441,0.979209,1899.84,0.115721,6.33242,0.122287,0.0343514,0.0422732,0.00864139,0.0337359,0.388009,0.0856883,0.329834,0.288441,1,1,22,203,1,0.176902,0.548236,0.330556,0.0760023,1,1891.1,0.0028463,0.170414,0.814211,0.460735,0.05,300,300,300,300,300,300,130,203,300,54,67,75,38,50,58
erim,0,124,4,0.333948,0.131044,0.368322,0.93624,1468.57,0.64775,4.89309,0.255666,0.0291708,0.0148683,0.00270662,0.0374404,0.232592,0.184952,0.602692,0.268041,1,1,17,300,0,0.255666,0.232592,0.602692,0.268041,1,1467.93,0.0028463,0.170414,0.814211,0.460735,0.05,300,300,300,300,300,300,137,300,300,86,95,103,33,49,57
erim,0,125,4,0.476448,0.0674466,-0.0184329,0.911413,1612.32,1.72374,5.36865,0.397751,0.0285672,0.0404044,0.0153161,0.0345179,0.0924992,0.218952,0.398596,0.30696,1,1,32,135,1,0.279134,0.303072,0.439244,0.32145,1,1597.83,0.0028463,0.170414,0.814211,0.460735,0.05,300,300,300,300,300,300,131,135,300,47,51,83,46,50,58
erim,0,126,5,0.544885,0.0538348,-0.453117,0.900705,1594.3,5.53065,5.2959,0.733882,0.346625,0.0308047,0.0053693,0.0444541,0.71579,0.275118,0.640394,0.656706,1,1,11,59,1,0.5842,0.523596,0.595716,0.467996,1,1475.6,0.0028463,0.170414,0.814211,0.460735,0.05,300,300,300,300,300,300,50,59,67,43,47,55,31,43,51
erim,0,127,4,0.130716,0.0832669,0.266412,0.990079,1857.72,0.0850164,6.19212,0.106267,0.0338365,0.0349209,0.0118694,0.0497684,0.350765,0.103929,0.328758,0.0440556,1,1,14,162,1,0.0541021,0.203741,0.192442,0.18085,1,1846.66,0.0028463,0.170414,0.814211,0.460735,0.05,300,300,300,300,300,300,144,162,300,59,63,92,40,44,52
erim,0,128,0,0.196907,0.00989924,0.0694762,1.09213,1719.2,0.408974,5.72929,0.192882,0.120274,0.026758,0.0251659,0.0196509,0.582152,0.404853,0.165817,0.244333,1,1,19,300,0,0.192882,0.582152,0.165817,0.244333,1,1718.79,0.0028463,0.170414,0.814211,0.460735,0.05,300,300,300,300,300,300,300,300,300,56,95,131,52,56,64
erim,0,129,3,0.352,0.0659599,-0.0928208,0.960242,2181.44,0.691077,7.26918,0.266747,0.0801383,0.0220385,0.00436025,0.0448133,0.262106,0.321048,0.42778,0.237487,1,1,17,206,1,0.174124,0.318435,0.433277,0.420393,1,2169.81,0.0028463,0.170414,0.814211,0.460735,0.05,300,300,300,300,300,300,59,206,260,52,56,64,48,52,60
erim,0,130,4,0.428024,0.0968585,0.199551,0.982909,1169.34,0.0677404,3.89756,0.0725881,0.0319731,0.0374504,0.00753899,0.0256617,0.27797,0.0808809,0.436662,0.109719,1,1,13,80,1,0.170195,0.269066,0.39156,0.169461,1,1156.57,0.0028463,0.170414,0.814211,0.460735,0.05,300,300,300,300,300,300,76,80,300,48,52,60,36,48,56
erim,0,131,3,0.0862009,0.0750974,-0.227658,0.916202,1567.09,1.86811,5.21742,0.41659,0.293774,0.0499693,0.0103563,0.0264782,0.263101,0.131842,0.195449,0.414211,1,1,12,208,1,0.532897,0.410145,0.164643,0.479891,1,1535.49,0.0028463,0.170414,0.814211,0.460735,0.05,300,300,300,300,300,300,122,208,216,36,74,82,33,37,66
erim,0,132,6,0.293609,0.109226,0.29207,0.905336,938.162,0.158417,3.12668,0.100149,0.0207273,0.0144345,0.015186,0.0384992,0.349578,0.126036,0.358776,0.11934,1,1,0,300,0,0.100149,0.349578,0.358776,0.11934,1,938.004,0.0028463,0.170414,0.814211,0.460735,0.05,300,300,300,300,300,300,93,300,300,57,61,69,36,40,48
erim,0,133,0,0.267546,0.182568,-0.198971,0.956263,1543.57,0.715444,5.14285,0.247037,0.0814211,0.0120637,0.0115338,0.0181288,0.251765,0.242175,0.291807,0.354383,1,1,3,115,1,0.317362,0.188836,0.347415,0.382443,1,1522.82,0.0028463,0.170414,0.814211,0.460735,0.05,300,300,300,300,300,300,60,115,154,47,51,59,35,39,47
erim,0,134,3,0.281339,0.0660532,0.301246,1.00076,976.518,0.121627,3.25466,0.118704,0.010425,0.0199943,0.0090497,0.0174857,0.481389,0.0705952,0.342009,0.0298674,1,1,0,300,0,0.118704,0.481389,0.342009,0.0298674,1,976.397,0.0028463,0.170414,0.814211,0.460735,0.05,300,300,300,300,300,300,196,300,300,68,72,80,35,47,68
erim,0,135,0,0.419097,0.119557,-0.374751,1.06635,1493.79,2.20472,4.97195,0.456344,0.231459,0.037884,0.00685944,0.0353747,0.18912,0.313745,0.343875,0.522314,1,1,0,68,1,0.24394,0.491329,0.529645,0.473072,1,1447.6,0.0028463,0.170414,0.814211,0.460735,0.05,300,300,300,300,300,300,64,68,300,45,49,57,29,38,46
erim,0,136,1,0.524284,0.0252642,-0.0594884,0.945971,1262.68,5.3822,4.19101,0.738218,0.130205,0.0171663,0.00817007,0.00803223,0.557799,0.403405,0.568855,0.376286,0,0,10,300,0,0.738218,0.557799,0.568855,0.376286,0,1257.3,0.0028463,0.170414,0.814211,0.460735,0.05,300,300,300,300,300,300,143,300,300,72,128,149,49,65,73
erim,0,137,4,0.389664,0.144146,-0.152223,0.989811,1199.65,0.329425,3.99775,0.18774,0.0816049,0.0168761,0.014045,0.0245998,0.260813,0.177919,0.481465,0.333184,1,1,30,54,1,0.494238,0.269402,0.338301,0.386543,1,1172.32,0.0028463,0.170414,0.814211,0.460735,0.05,300,300,300,300,300,300,50,54,300,48,52,60,39,43,51
erim,0,138,5,0.427948,0.161493,-0.180874,1.04292,1065.69,0.771837,3.54972,0.293102,0.118337,0.0332833,0.0151333,0.0161324,0.148475,0.103895,0.516252,0.351694,1,1,0,80,1,0.195878,0.217989,0.42954,0.444141,1,1047.4,0.0028463,0.170414,0.814211,0.460735,0.05,300,300,300,300,300,300,71,80,88,46,50,58,32,36,55
erim,0,139,3,0.213317,0.115767,-0.49004,1.09406,1211.94,5.31075,4.02211,0.722369,0.383606,0.0295419,0.0217099,0.0191487,0.456416,0.131212,0.298416,0.66094,1,1,0,162,1,0.550202,0.693445,0.212045,0.576061,1,1170.27,0.0028463,0.170414,0.814211,0.460735,0.05,300,300,300,300,300,300,86,162,231,41,45,67,38,42,50
erim,0,140,4,0.551431,0.184689,0.463273,1.08564,873.901,0.191925,2.91236,0.121995,0.0585629,0.022318,0.0157278,0.0247673,0.277296,0.0989857,0.639905,0.151285,1,1,11,300,0,0.121995,0.277296,0.639905,0.151285,1,873.709,0.0028463,0.170414,0.814211,0.460735,0.05,300,300,300,300,300,300,91,300,300,59,71,94,36,50,69
erim,0,141,4,0.390135,0.0293785,-0.445178,0.910315,1001.79,14.5198,3.2909,1.19062,0.408019,0.0165773,0.010074,0.00471877,0.644056,0.479187,0.305204,0.625311,1,1,1,66,1,0.602765,0.663069,0.386105,0.559561,1,871.688,0.0028463,0.170414,0.814211,0.460735,0.05,300,300,300,300,300,300,62,66,300,43,63,71,33,37,45
erim,0,142,2,0.555856,0.146848,-0.133017,1.09243,1319.99,0.624522,4.39788,0.264636,0.0604294,0.0121943,0.00536965,0.00208779,0.192976,0.0892118,0.640199,0.367106,1,1,0,76,1,0.341486,0.0996621,0.530333,0.45099,1,1302.2,0.0028463,0.170414,0.814211,0.460735,0.05,300,300,300,300,300,300,57,76,84,50,54,62,39,51,59
erim,0,143,6,0.278675,0.149938,0.451662,1.06935,979.892,0.0552293,3.26612,0.0873598,0.0533397,0.0289318,0.00834025,0.00885397,0.469008,0.1299,0.326849,0.295591,1,1,0,205,1,0.279153,0.338948,0.435248,0.357063,1,962.995,0.0028463,0.170414,0.814211,0.460735,0.05,300,300,300,300,300,300,124,205,300,68,81,89,40,44,69
erim,0,144,0,0.475572,0.177201,-0.407409,0.99081,1798.67,2.26119,5.98803,0.483257,0.312105,0.0262959,0.0167739,0.0265082,0.343531,0.119152,0.499676,0.63581,1,1,16,79,1,0.565824,0.347984,0.406443,0.610347,1,1732.8,0.0028463,0.170414,0.814211,0.460735,0.05,300,300,300,300,300,300,67,79,201,49,53,75,34,38,46
erim,0,145,6,0.566664,0.0721196,-0.416387,0.958551,1472.79,1.71193,4.9036,0.44099,0.257679,0.047777,0.0210468,0.00867964,0.209132,0.335935,0.511582,0.6086,1,1,16,73,1,0.273426,0.521127,0.51494,0.665183,1,1409.19,0.0028463,0.170414,0.814211,0.460735,0.05,300,300,300,300,300,300,69,73,81,51,55,63,41,45,53
erim,0,146,0,0.298974,0.166503,0.0602027,1.03703,1330.37,0.251981,4.43371,0.132007,0.0330762,0.0320911,0.00644749,0.0337245,0.321181,0.16684,0.438557,0.0777579,1,1,0,84,1,0.311353,0.277436,0.552235,0.188191,1,1319.06,0.0028463,0.170414,0.814211,0.460735,0.05,300,300,300,300,300,300,73,84,192,44,48,80,34,38,56
erim,0,147,4,0.25293,0.0235697,0.44374,1.00884,1367.54,0.0512817,4.55831,0.0856604,0.0188315,0.0205856,0.00570291,0.0186161,0.722209,0.157582,0.364655,0.0880502,1,1,37,234,1,0.176529,0.552311,0.411607,0.401498,1,1360.34,0.0028463,0.170414,0.814211,0.460735,0.05,300,300,300,300,300,300,230,234,300,56,126,212,36,53,61
erim,0,148,5,0.219042,0.075115,-0.487367,0.976007,2129.26,2.01041,7.09084,0.467633,0.444426,0.0242399,0.0125999,0.0143449,0.324576,0.237777,0.206894,0.570664,1,1,0,211,1,0.62796,0.666921,0.133545,0.705032,1,2089.57,0.0028463,0.170414,0.814211,0.460735,0.05,300,300,300,300,300,300,56,211,260,49,53,61,46,50,58
erim,0,149,7,0.49087,0.187988,-0.432723,0.907305,1659.17,2.96732,5.52069,0.564284,0.359496,0.0369872,0.0140336,0.0317212,0.462627,0.317784,0.657833,0.531475,1,1,0,62,1,0.359496,0.49807,0.352557,0.476706,1,1580.31,0.0028463,0.170414,0.814211,0.460735,0.05,300,300,300,300,300,300,58,62,238,54,58,66,27,37,45
erim,0,150,4,0.23773,0.0205528,0.0989499,1.0157,1516.2,0.128664,5.05358,0.0987044,0.0385205,0.0137286,0.0155915,0.0203453,0.400008,0.22178,0.302167,0.250229,1,1,43,130,1,0.184248,0.143149,0.371322,0.0716685,1,1506.89,0.0028463,0.170414,0.814211,0.460735,0.05,300,300,300,300,300,300,92,130,178,57,61,69,52,56,64
erim,0,151,3,0.267625,0.116291,0.48739,1.09607,1653.34,0.528681,5.50937,0.193599,0.0350186,0.0270991,0.0096963,0.0418827,0.25656,0.083736,0.133135,0.282201,1,1,19,300,0,0.193599,0.25656,0.133135,0.282201,1,1652.81,0.0028463,0.170414,0.814211,0.460735,0.05,300,300,300,300,300,300,129,300,300,57,84,103,44,48,56
erim,0,152,2,0.267748,0.129448,-0.363067,1.09948,2380.38,1.59574,7.9293,0.384821,0.214696,0.0308505,0.00793969,0.019969,0.381425,0.314318,0.306982,0.490767,1,1,1,111,1,0.413181,0.623679,0.481415,0.277069,1,2330.2,0.0028463,0.170414,0.814211,0.460735,0.05,300,300,300,300,300,300,107,111,274,58,62,79,43,47,55
erim,0,153,6,0.472283,0.0514235,-0.0310422,0.93934,2259.01,0.655752,7.52785,0.238275,0.164379,0.0224114,0.00897348,0.0226442,0.275285,0.242869,0.517838,0.169605,1,1,21,87,1,0.317668,0.366722,0.446813,0.0780223,1,2219.6,0.0028463,0.170414,0.814211,0.460735,0.05,300,300,300,300,300,300,83,87,300,63,67,75,46,50,58
erim,0,154,3,0.46777,0.0119983,0.0146108,0.929361,1781.79,6.8887,5.91635,0.834204,0.32349,0.0393869,0.0138084,0.0212184,0.595984,0.551901,0.737084,0.164697,0,0,13,300,0,0.834204,0.595984,0.737084,0.164697,0,1774.9,0.0028463,0.170414,0.814211,0.460735,0.05,300,300,300,300,300,300,300,300,300,36,158,300,32,36,44
erim,0,155,3,0.474659,0.0668752,-0.351708,1.09197,1355.03,1.18101,4.51284,0.351656,0.084922,0.036892,0.0107935,0.0385806,0.567268,0.0854737,0.425182,0.521048,0,9.24116e-05,0,63,1,0.495793,0.508847,0.626752,0.479985,1,1309.8,0.0028463,0.170414,0.814211,0.460735,0.05,300,300,300,300,300,300,59,63,300,50,54,62,33,44,52
erim,0,156,5,0.439006,0.147897,-0.477624,1.00564,2142.65,4.21785,7.12811,0.666162,0.312479,0.019534,0.0235159,0.0153203,0.444458,0.173266,0.526596,0.665805,1,1,0,60,1,0.523094,0.442236,0.477236,0.716033,1,2046.32,0.0028463,0.170414,0.814211,0.460735,0.05,300,300,300,300,300,300,56,60,140,50,54,62,46,50,58
erim,0,157,6,0.328317,0.183572,0.331077,1.04589,1276.86,0.595401,4.25422,0.23158,0.0261137,0.0200164,0.0114201,0.0186824,0.295721,0.145384,0.248875,0.0740623,1,1,6,85,1,0.0932554,0.493932,0.338321,0.0563448,1,1255.42,0.0028463,0.170414,0.814211,0.460735,0.05,300,300,300,300,300,300,81,85,300,44,57,65,41,45,53
erim,0,158,7,0.397925,0.0863057,0.0679777,1.06345,2207.31,0.203551,7.35702,0.158534,0.032502,0.0308544,0.00792684,0.0219423,0.186209,0.129197,0.219187,0.153669,1,1,21,98,1,0.0843407,0.271435,0.489049,0.188108,1,2197.16,0.0028463,0.170414,0.814211,0.460735,0.05,300,300,300,300,300,300,94,98,106,87,91,99,52,56,74
erim,0,159,0,0.274494,0.160454,-0.424854,1.04687,1196.87,1.71425,3.98387,0.420943,0.262355,0.0158343,0.00717888,0.0318945,0.580924,0.161652,0.432327,0.613289,1,1,0,93,1,0.55932,0.52321,0.453096,0.651238,1,1120.24,0.0028463,0.170414,0.814211,0.460735,0.05,300,300,300,300,300,300,89,93,300,47,51,75,38,42,50
erim,0,160,2,0.457623,0.137054,0.359151,1.02534,1000.12,0.250403,3.33289,0.158809,0.0107561,0.0407736,0.00714098,0.0400722,0.379981,0.129382,0.507107,0.195202,0,1.55446e-06,1,300,0,0.158809,0.379981,0.507107,0.195202,0,999.868,0.0028463,0.170414,0.814211,0.460735,0.05,300,300,300,300,300,300,83,300,300,52,56,87,41,51,59
erim,0,161,3,0.247617,0.0170831,0.243411,1.01299,845.531,0.12073,2.81803,0.117645,0.0302077,0.0160017,0.0121572,0.0180612,0.354936,0.108463,0.318709,0.111369,0,4.34131e-08,1,300,0,0.117645,0.354936,0.318709,0.111369,0,845.41,0.0028463,0.170414,0.814211,0.460735,0.05,300,300,300,300,300,300,67,300,300,59,63,71,37,61,69
erim,0,162,3,0.481259,0.136032,-0.437384,0.953037,2174.15,5.26313,7.22964,0.688839,0.345124,0.0251326,0.0165401,0.0376378,0.777772,0.537226,0.762616,0.416475,0,4.99431e-13,15,87,1,0.573953,0.476192,0.575176,0.611879,0,2098.68,0.0028463,0.170414,0.814211,0.460735,0.05,300,300,300,300,300,300,61,87,300,50,54,62,42,46,54
erim,0,163,6,0.391819,0.0506855,-0.227726,0.959679,1518.92,1.14706,5.05923,0.319528,0.165105,0.0236067,0.00907985,0.0281002,0.390065,0.219679,0.539621,0.401783,1,1,7,90,1,0.38904,0.282454,0.379332,0.227879,1,1479.38,0.0028463,0.170414,0.814211,0.460735,0.05,300,300,300,300,300,300,79,90,242,54,58,91,43,47,55
erim,0,164,6,0.555059,0.176269,0.0321871,1.04234,1786.54,0.175978,5.95453,0.148365,0.0169,0.0207786,0.0257475,0.029236,0.381922,0.124594,0.68896,0.284252,1,1,18,73,1,0.232197,0.343291,0.693549,0.211897,1,1774.82,0.0028463,0.170414,0.814211,0.460735,0.05,300,300,300,300,300,300,59,73,97,57,61,69,47,56,64
erim,0,165,2,0.476956,0.132888,0.224128,1.09079,1256.25,0.0481298,4.18734,0.0558339,0.0211053,0.0354873,0.012413,0.0281823,0.286445,0.128708,0.336961,0.139037,0,4.25137e-34,15,203,1,0.151249,0.244771,0.406219,0.118501,0,1251.24,0.0028463,0.170414,0.814211,0.460735,0.05,300,300,300,300,300,300,138,203,300,53,77,85,35,39,58
erim,0,166,4,0.545898,0.167662,-0.0972729,0.940786,1623.24,0.553716,5.40894,0.237601,0.0931417,0.0392628,0.00665498,0.0308536,0.166272,0.0677004,0.59696,0.327295,1,1,19,172,1,0.194281,0.204125,0.631541,0.28521,1,1611.01,0.0028463,0.170414,0.814211,0.460735,0.05,300,300,300,300,300,300,63,172,180,50,54,62,46,50,58
erim,0,167,3,0.332857,0.124713,-0.221157,1.04191,1101.12,1.85151,3.66421,0.419894,0.0763954,0.0151556,0.0151729,0.0176517,0.463786,0.0370064,0.464684,0.348243,1,1,1,164,1,0.224371,0.36526,0.448855,0.407176,1,1075.94,0.0028463,0.170414,0.814211,0.460735,0.05,300,300,300,300,300,300,70,164,172,51,55,63,43,47,55
erim,0,168,6,0.399709,0.109512,0.408055,1.02651,1764.18,0.483568,5.87899,0.209718,0.0153402,0.0212894,0.00550031,0.0449522,0.109457,0.162169,0.279828,0.242257,1,1,24,300,0,0.209718,0.109457,0.279828,0.242257,1,1763.7,0.0028463,0.170414,0.814211,0.460735,0.05,300,300,300,300,300,300,180,300,300,73,77,101,44,48,56
erim,0,169,7,0.47415,0.142493,-0.3301,0.930501,1860.15,1.90601,6.19416,0.439598,0.237366,0.0279819,0.0154309,0.0387898,0.419433,0.18617,0.498675,0.552618,1,1,10,80,1,0.506343,0.430875,0.553745,0.587992,1,1816,0.0028463,0.170414,0.814211,0.460735,0.05,300,300,300,300,300,300,55,80,123,44,56,64,42,46,54
erim,0,170,4,0.342889,0.0111725,-0.0323786,1.04115,1150.64,1.20804,3.83143,0.372536,0.0489455,0.0383134,0.0125711,0.0365397,0.308555,0.208153,0.323536,0.344365,1,1,12,86,1,0.192825,0.0872791,0.321054,0.0518275,1,1121.77,0.0028463,0.170414,0.814211,0.460735,0.05,300,300,300,300,300,300,66,86,300,48,52,60,31,35,43
erim,0,171,1,0.498061,0.104874,0.282135,0.903824,1248.25,0.0931259,4.16054,0.0752376,0.027087,0.0262588,0.00945206,0.0268323,0.275237,0.105419,0.523805,0.107106,0,6.32524e-28,2,182,1,0.0427981,0.0621094,0.476392,0.22239,0,1239.72,0.0028463,0.170414,0.814211,0.460735,0.05,300,300,300,300,300,300,90,182,300,62,66,112,39,43,51
erim,0,172,6,0.199344,0.154415,0.0828927,0.939536,1190.35,0.440882,3.96635,0.213369,0.0052939,0.0338981,0.00862276,0.0256738,0.216265,0.173125,0.171176,0.0481714,1,1,22,105,1,0.128379,0.323101,0.267556,0.109729,1,1181.53,0.0028463,0.170414,0.814211,0.460735,0.05,300,300,300,300,300,300,88,105,300,49,53,61,34,38,55
erim,0,173,0,0.313304,0.107235,0.0522085,0.974509,2159.33,0.473842,7.1962,0.22057,0.0265696,0.0332931,0.0150403,0.0142933,0.352004,0.137984,0.314038,0.126391,1,1,0,105,1,0.146897,0.260061,0.524174,0.203437,1,2149.23,0.0028463,0.170414,0.814211,0.460735,0.05,300,300,300,300,300,300,67,105,300,56,60,68,35,39,47
erim,0,174,4,0.422075,0.0449494,0.419293,1.09679,1506.26,1.2962,5.01655,0.342878,0.0381473,0.0326067,0.0160222,0.0162899,0.470689,0.195513,0.513179,0.405396,1,1,34,300,0,0.342878,0.470689,0.513179,0.405396,1,1504.96,0.0028463,0.170414,0.814211,0.460735,0.05,300,300,300,300,300,300,300,300,300,73,77,85,39,66,74
erim,0,175,1,0.375296,0.00847425,-0.104552,0.927229,1331.22,6.62681,4.41532,0.829374,0.330836,0.0247264,0.0104961,0.0495808,0.352693,0.387726,0.361181,0.349141,0,9.35032e-27,0,300,0,0.829374,0.352693,0.361181,0.349141,0,1324.6,0.0028463,0.170414,0.814211,0.460735,0.05,300,300,300,300,300,300,300,300,300,46,50,253,37,41,49
erim,0,176,7,0.456261,0.0255399,-0.0558864,1.037,1260.74,1.92951,4.19604,0.460558,0.153328,0.0317302,0.0133451,0.0347144,0.194263,0.141045,0.48927,0.090367,1,1,1,115,1,0.299772,0.302027,0.501571,0.164716,1,1220.19,0.0028463,0.170414,0.814211,0.460735,0.05,300,300,300,300,300,300,80,115,123,53,57,65,46,50,58
erim,0,177,3,0.35681,0.192959,-0.447543,1.05992,1051.46,4.66968,3.4893,0.694056,0.265408,0.0151507,0.00858202,0.0311148,0.334049,0.148714,0.413387,0.751797,1,1,0,82,1,0.384346,0.252795,0.325411,0.716222,1,980.004,0.0028463,0.170414,0.814211,0.460735,0.05,300,300,300,300,300,300,46,82,187,36,46,54,34,38,46
erim,0,178,2,0.432332,0.139265,-0.201458,0.979951,1904.18,1.5987,6.34193,0.393663,0.14441,0.0204226,0.0074048,0.0444779,0.345952,0.328769,0.537552,0.357804,1,1,19,131,1,0.285276,0.333775,0.662753,0.327621,1,1881.07,0.0028463,0.170414,0.814211,0.460735,0.05,300,300,300,300,300,300,58,131,264,49,53,61,41,45,53
erim,0,179,2,0.546058,0.138167,-0.304414,1.08492,1738.01,2.90641,5.78368,0.532121,0.168077,0.0155713,0.0093756,0.0318696,0.353957,0.120163,0.663913,0.458649,1,1,20,100,1,0.383582,0.356267,0.602597,0.579812,1,1695.81,0.0028463,0.170414,0.814211,0.460735,0.05,300,300,300,300,300,300,64,100,300,49,53,61,40,49,57
erim,0,180,5,0.402943,0.104072,-0.239525,1.03102,1349.6,1.88838,4.49236,0.437459,0.189992,0.0333659,0.0105209,0.0385217,0.250798,0.1774,0.459032,0.395691,1,1,2,239,1,0.423876,0.201561,0.384701,0.528838,1,1339.78,0.0028463,0.170414,0.814211,0.460735,0.05,300,300,300,300,300,300,63,239,247,41,45,70,29,33,41
erim,0,181,4,0.324557,0.156846,0.496078,1.06368,2591.97,0.367224,8.63867,0.190498,0.0111465,0.0176471,0.0109751,0.0337039,0.643579,0.103213,0.332266,0.162149,1,1,35,300,0,0.190498,0.643579,0.332266,0.162149,1,2591.6,0.0028463,0.170414,0.814211,0.460735,0.05,300,300,300,300,300,300,95,300,300,62,77,96,57,61,69
erim,0,182,1,0.41049,0.0981926,0.190545,1.03335,1299.3,0.943955,4.32784,0.324662,0.00982425,0.0157742,0.0162485,0.0193862,0.426529,0.184242,0.534147,0.0603075,1,0.997103,0,207,1,0.118026,0.31382,0.606291,0.0907456,1,1287.94,0.0028463,0.170414,0.814211,0.460735,0.05,300,300,300,300,300,300,110,207,215,60,64,72,34,38,46
erim,0,183,0,0.47234,0.0608584,-0.339391,0.927808,1105.29,1.71935,3.67858,0.413227,0.362228,0.0215216,0.0143638,0.0188362,0.455767,0.22575,0.354471,0.416461,1,1,15,66,1,0.398149,0.545611,0.527257,0.490204,1,1027.68,0.0028463,0.170414,0.814211,0.460735,0.05,300,300,300,300,300,300,55,66,300,46,50,58,32,36,44
erim,0,184,0,0.399959,0.119254,-0.479024,1.06614,1735.52,4.45997,5.7702,0.665348,0.238497,0.0162998,0.0115731,0.0282987,0.63295,0.176636,0.425927,0.627842,1,1,21,116,1,0.625475,0.265982,0.268265,0.769695,1,1658.34,0.0028463,0.170414,0.814211,0.460735,0.05,300,300,300,300,300,300,105,116,157,55,64,105,39,50,58
erim,0,185,6,0.431881,0.00468786,-0.116189,0.993016,1392.98,5.83047,4.62385,0.745847,0.187154,0.0105103,0.0051624,0.0372536,0.434078,0.452094,0.40278,0.196649,1,1,7,148,1,0.63976,0.295603,0.612317,0.248311,1,1350.75,0.0028463,0.170414,0.814211,0.460735,0.05,300,300,300,300,300,300,144,148,300,65,135,143,44,48,56
erim,0,186,6,0.395978,0.00931933,-0.43667,1.04902,1435.24,5.44058,4.766,0.698297,0.374456,0.02888,0.0192768,0.0281325,0.609082,0.460957,0.297393,0.765982,1,1,12,141,1,0.49346,0.631381,0.349842,0.631241,1,1372.32,0.0028463,0.170414,0.814211,0.460735,0.05,300,300,300,300,300,300,130,141,149,56,60,85,31,49,57
erim,0,187,2,0.374301,0.0721863,0.430648,0.915931,1789.76,0.771325,5.96331,0.278017,0.0257784,0.0235542,0.0127609,0.0236388,0.293297,0.146052,0.32623,0.201094,1,1,18,285,1,0.153421,0.505923,0.456011,0.318588,1,1787.29,0.0028463,0.170414,0.814211,0.460735,0.05,300,300,300,300,300,300,95,285,293,74,78,86,39,43,51
erim,0,188,3,0.444106,0.0633949,0.127713,1.02036,1473.46,0.0167082,4.91148,0.0453465,0.0236495,0.0234461,0.0136347,0.0382126,0.205156,0.197325,0.535804,0.0309147,1,1,0,168,1,0.132063,0.498587,0.516584,0.14274,1,1462.91,0.0028463,0.170414,0.814211,0.460735,0.05,300,300,300,300,300,300,74,168,300,60,64,97,36,40,62
erim,0,189,2,0.237483,0.18687,-0.0599778,1.03705,878.677,0.478356,2.92733,0.235009,0.0159579,0.0314939,0.0219121,0.0284708,0.170379,0.0253091,0.278274,0.253738,1,1,2,107,1,0.147677,0.115392,0.230249,0.379998,1,870.367,0.0028463,0.170414,0.814211,0.460735,0.05,300,300,300,300,300,300,53,107,192,38,42,50,26,39,47
erim,0,190,1,0.501897,0.192414,-0.22021,1.04001,1100.07,0.505895,3.6652,0.24895,0.106794,0.013547,0.00429469,0.0339882,0.416326,0.243347,0.447364,0.434216,1,1,2,86,1,0.440264,0.0922409,0.493528,0.511911,1,1072.03,0.0028463,0.170414,0.814211,0.460735,0.05,300,300,300,300,300,300,82,86,300,52,56,64,43,47,55
erim,0,191,0,0.382468,0.148138,-0.43464,1.03866,1692.21,2.12809,5.6336,0.45826,0.223834,0.0160279,0.0105588,0.0195782,0.250168,0.161103,0.390045,0.697995,1,1,18,107,1,0.286663,0.336894,0.275278,0.630042,1,1637.39,0.0028463,0.170414,0.814211,0.460735,0.05,300,300,300,300,300,300,76,107,300,45,49,57,35,39,47
erim,0,192,0,0.271329,0.16163,0.462692,1.06243,1451.41,0.583666,4.8361,0.228395,0.0557664,0.0303056,0.00581695,0.0147545,0.502877,0.249182,0.270574,0.395531,1,1,20,300,0,0.228395,0.502877,0.270574,0.395531,1,1450.83,0.0028463,0.170414,0.814211,0.460735,0.05,300,300,300,300,300,300,300,300,300,87,114,144,45,54,79
erim,0,193,5,0.266134,0.00703707,-0.176509,1.03016,1955.32,6.68525,6.49546,0.786688,0.208731,0.0109872,0.0165558,0.0118251,0.468304,0.414458,0.15559,0.305714,1,1,16,300,0,0.786688,0.468304,0.15559,0.305714,1,1948.64,0.0028463,0.170414,0.814211,0.460735,0.05,300,300,300,300,300,300,83,300,300,65,69,77,39,43,51
erim,0,194,7,0.458854,0.125824,0.397058,0.970621,2088.68,0.111959,6.96189,0.0650316,0.0200764,0.0427279,0.0201828,0.0245079,0.473393,0.157353,0.411057,0.236156,1,1,23,300,0,0.0650316,0.473393,0.411057,0.236156,1,2088.57,0.0028463,0.170414,0.814211,0.460735,0.05,300,300,300,300,300,300,124,300,300,68,88,96,55,59,67
erim,0,195,6,0.439348,0.128212,-0.00982952,1.08778,1411.77,0.223858,4.70517,0.155485,0.00778846,0.019986,0.0087188,0.0263447,0.175429,0.132036,0.278205,0.187615,1,1,32,105,1,0.224171,0.223512,0.334581,0.133966,1,1403.17,0.0028463,0.170414,0.814211,0.460735,0.05,300,300,300,300,300,300,70,105,248,54,72,94,37,50,58
erim,0,196,0,0.458946,0.188885,-0.19503,0.9212,1428.47,0.275935,4.76063,0.159374,0.101671,0.0366605,0.0125605,0.0433236,0.228897,0.310798,0.615635,0.417676,1,1,0,118,1,0.392769,0.503413,0.648174,0.331492,1,1406.17,0.0028463,0.170414,0.814211,0.460735,0.05,300,300,300,300,300,300,60,118,168,54,58,81,46,50,58
erim,0,197,2,0.366704,0.19453,-0.239064,0.92771,1889.48,0.226137,6.29751,0.141503,0.0789221,0.0239759,0.0207128,0.0747161,0.272721,0.199637,0.54206,0.370561,1,1,20,80,1,0.380225,0.420193,0.505914,0.493873,1,1864.57,0.0028463,0.170414,0.814211,0.460735,0.05,300,300,300,300,300,300,50,80,300,38,53,61,35,39,47
erim,0,198,6,0.330939,0.01679,-0.0436857,0.943147,2224.79,0.87915,7.41302,0.301388,0.0839509,0.043574,0.0113749,0.0107905,0.164895,0.20186,0.37779,0.0616613,1,1,16,126,1,0.314429,0.365171,0.508597,0.197117,1,2206.5,0.0028463,0.170414,0.814211,0.460735,0.05,300,300,300,300,300,300,91,126,259,60,64,72,38,42,64
erim,0,199,3,0.288421,0.0742722,-0.370942,0.992868,1495.5,2.00901,4.97829,0.451594,0.316592,0.0308391,0.00980714,0.0246937,0.385677,0.341527,0.553964,0.33499,0,0.0764839,16,129,1,0.433533,0.336542,0.272034,0.511003,1,1426.13,0.0028463,0.170414,0.814211,0.460735,0.05,300,300,300,300,300,300,62,129,300,47,58,66,34,38,46
erim,0,200,4,0.39333,0.0385997,0.149961,1.03973,1578.14,0.611935,5.25841,0.244829,0.0523832,0.0219674,0.00521288,0.0296363,0.393285,0.250561,0.253326,0.133526,1,1,29,300,0,0.244829,0.393285,0.253326,0.133526,1,1577.52,0.0028463,0.170414,0.814211,0.460735,0.05,300,300,300,300,300,300,75,300,300,47,67,75,45,49,57
erim,0,201,7,0.34508,0.0820432,0.0260674,0.911615,1543.53,0.284925,5.14416,0.146792,0.0120939,0.0150904,0.00928806,0.0289501,0.201202,0.231913,0.453067,0.177238,1,1,22,83,1,0.189053,0.129976,0.540601,0.255643,1,1530.24,0.0028463,0.170414,0.814211,0.460735,0.05,300,300,300,300,300,300,79,83,206,48,60,68,36,49,57
erim,0,202,1,0.282835,0.0132288,-0.0493332,1.00673,2555.95,12.5446,8.478,1.1161,0.39706,0.0296574,0.00836644,0.0297954,0.45594,0.830029,0.429899,0.209927,0,2.991e-20,26,300,0,1.1161,0.45594,0.429899,0.209927,0,2543.4,0.0028463,0.170414,0.814211,0.460735,0.05,300,300,300,300,300,300,300,300,300,73,90,300,46,50,78
erim,0,203,0,0.262982,0.147575,0.272366,1.05615,1698.91,0.404415,5.66168,0.192982,0.0373582,0.0111076,0.0231436,0.0247254,0.440701,0.110397,0.229288,0.059839,1,1,23,102,1,0.23328,0.527919,0.297637,0.145257,1,1684.5,0.0028463,0.170414,0.814211,0.460735,0.05,300,300,300,300,300,300,98,102,274,52,56,77,37,41,64
erim,0,204,2,0.251264,0.12673,0.367648,1.02011,1193.52,0.167365,3.97785,0.121479,0.0162914,0.030511,0.00557784,0.0267719,0.42708,0.10857,0.438449,0.131124,0,6.59886e-09,-1,257,1,0.0350375,0.412067,0.30433,0.113224,0,1188.84,0.0028463,0.170414,0.814211,0.460735,0.05,300,300,300,300,300,300,82,257,300,51,63,71,36,51,59
erim,0,205,7,0.414293,0.115268,-0.132117,0.974594,1122.47,0.879472,3.73862,0.303261,0.050445,0.0303858,0.0196557,0.0298747,0.193262,0.16906,0.518653,0.344258,1,1,19,119,1,0.325972,0.449504,0.592177,0.266625,1,1105.59,0.0028463,0.170414,0.814211,0.460735,0.05,300,300,300,300,300,300,115,119,285,47,58,66,31,35,43
erim,0,206,5,0.52824,0.0765712,0.331698,0.92456,914.069,0.0330898,3.04679,0.0526044,0.0132644,0.0150867,0.00854099,0.0254941,0.448438,0.0645399,0.500877,0.163431,1,1,17,93,1,0.083815,0.436165,0.420055,0.0719033,1,897.023,0.0028463,0.170414,0.814211,0.460735,0.05,300,300,300,300,300,300,60,93,300,48,52,60,34,38,46
erim,0,207,1,0.380008,0.0651765,0.204053,1.04782,1487.45,0.0784761,4.95789,0.0755046,0.0121868,0.0446875,0.00636628,0.0478745,0.203764,0.219731,0.272548,0.289548,0,8.17061e-24,16,300,0,0.0755046,0.203764,0.272548,0.289548,0,1487.37,0.0028463,0.170414,0.814211,0.460735,0.05,300,300,300,300,300,300,163,300,300,54,58,66,50,54,62
erim,0,208,2,0.249788,0.0586839,0.25172,1.03246,816.575,0.138146,2.72145,0.125873,0.0130106,0.0187765,0.0119026,0.0414917,0.192034,0.0501979,0.2353,0.112772,0,0.123584,7,132,1,0.200047,0.151349,0.251533,0.238749,1,806.699,0.0028463,0.170414,0.814211,0.460735,0.05,300,300,300,300,300,300,75,132,300,54,67,84,30,34,42
erim,0,209,3,0.21243,0.0980783,0.13412,1.05215,1736.09,0.118951,5.78659,0.112326,0.0188886,0.0250994,0.0149344,0.032701,0.174963,0.0337814,0.217927,0.0412471,1,1,21,300,0,0.112326,0.174963,0.217927,0.0412471,1,1735.98,0.0028463,0.170414,0.814211,0.460735,0.05,300,300,300,300,300,300,93,300,300,62,66,93,40,44,52
erim,0,210,1,0.54445,0.144207,0.181289,1.08703,2066.48,0.222203,6.88754,0.149223,0.0136259,0.0152078,0.00817503,0.027187,0.245411,0.0871305,0.587843,0.0864482,1,1,0,156,1,0.0649196,0.298029,0.649967,0.0627656,1,2059.9,0.0028463,0.170414,0.814211,0.460735,0.05,300,300,300,300,300,300,141,156,244,69,89,97,47,51,78
erim,0,211,6,0.485506,0.129978,-0.260955,0.995808,1072.32,1.00827,3.57103,0.310521,0.170329,0.0177372,0.00644713,0.0180069,0.330388,0.128815,0.456997,0.352541,1,1,0,52,1,0.318352,0.461371,0.502351,0.437723,1,1035.13,0.0028463,0.170414,0.814211,0.460735,0.05,300,300,300,300,300,300,48,52,60,45,49,57,34,38,46
erim,0,212,4,0.471623,0.195128,0.364158,0.904296,2354.8,0.295928,7.84833,0.143009,0.0200587,0.0299006,0.00488778,0.0559709,0.503951,0.156432,0.283304,0.200825,1,1,39,300,0,0.143009,0.503951,0.283304,0.200825,1,2354.5,0.0028463,0.170414,0.814211,0.460735,0.05,300,300,300,300,300,300,139,300,300,56,60,68,47,51,59
erim,0,213,2,0.594101,0.0220807,0.437778,1.02954,1292.78,0.228405,4.30849,0.173831,0.0226252,0.0079889,0.0120641,0.0336324,0.555728,0.15725,0.463107,0.0934446,1,1,11,300,0,0.173831,0.555728,0.463107,0.0934446,1,1292.55,0.0028463,0.170414,0.814211,0.460735,0.05,300,300,300,300,300,300,300,300,300,67,82,102,40,44,52
erim,0,214,1,0.517049,0.037505,0.379434,0.90455,2027.99,0.146069,6.75948,0.107561,0.0314445,0.0302351,0.00837668,0.01112,0.219164,0.293109,0.613163,0.644443,0,0,24,300,0,0.107561,0.219164,0.613163,0.644443,0,2027.84,0.0028463,0.170414,0.814211,0.460735,0.05,300,300,300,300,300,300,86,300,300,73,83,91,38,42,50
erim,0,215,5,0.292733,0.147024,0.198044,0.966564,1254.77,0.554997,4.1807,0.23913,0.0344906,0.0181998,0.0146673,0.0151892,0.195699,0.134608,0.370564,0.0535907,1,1,0,247,1,0.120278,0.542996,0.459409,0.105841,1,1252.47,0.0028463,0.170414,0.814211,0.460735,0.05,300,300,300,300,300,300,134,247,300,63,67,75,48,52,60
erim,0,216,6,0.307077,0.140961,-0.170052,0.951822,1429.62,1.23996,4.76125,0.35704,0.0705066,0.0100084,0.0035493,0.0276197,0.211995,0.130209,0.376639,0.36059,1,1,17,109,1,0.246314,0.13094,0.339855,0.590498,1,1408.72,0.0028463,0.170414,0.814211,0.460735,0.05,300,300,300,300,300,300,68,109,289,51,55,63,35,39,47
erim,0,217,4,0.491211,0.175249,-0.169126,0.977942,1595.41,0.650371,5.31587,0.268999,0.0895889,0.0121973,0.0237003,0.032256,0.175011,0.0653848,0.587052,0.453317,1,1,23,90,1,0.270856,0.350384,0.571936,0.315452,1,1574.61,0.0028463,0.170414,0.814211,0.460735,0.05,300,300,300,300,300,300,86,90,117,51,63,71,43,47,55
erim,0,218,7,0.370513,0.0526136,0.228466,0.975062,2703.2,0.0988073,9.01033,0.0888998,0.0107408,0.020012,0.017376,0.0372869,0.303332,0.206747,0.564102,0.0369244,1,1,21,120,1,0.148802,0.308497,0.548871,0.091373,1,2695.22,0.0028463,0.170414,0.814211,0.460735,0.05,300,300,300,300,300,300,92,120,300,53,86,94,44,56,64
erim,0,219,4,0.20455,0.0919931,0.0046041,1.09293,1644.01,0.00404786,5.48001,0.0520378,0.0262469,0.010988,0.00620009,0.0451898,0.314244,0.0881229,0.2278,0.225663,1,1,24,146,1,0.132059,0.162899,0.227863,0.0793824,1,1635.28,0.0028463,0.170414,0.814211,0.460735,0.05,300,300,300,300,300,300,57,146,300,53,57,65,41,45,53
erim,0,220,3,0.349874,0.181567,-0.0551224,1.09482,1164.76,0.138233,3.88206,0.122212,0.030291,0.0545411,0.0127309,0.0334242,0.225673,0.103879,0.429668,0.152589,1,1,1,75,1,0.388348,0.389262,0.411722,0.188668,1,1152.78,0.0028463,0.170414,0.814211,0.460735,0.05,300,300,300,300,300,300,71,75,112,61,65,73,35,50,73
erim,0,221,3,0.435133,0.12463,-0.396711,1.03218,1557.04,2.5158,5.18175,0.500101,0.317133,0.0412289,0.0104893,0.0287246,0.708375,0.168637,0.470191,0.586352,1,1,0,120,1,0.586834,0.566397,0.819645,0.262426,1,1503.81,0.0028463,0.170414,0.814211,0.460735,0.05,300,300,300,300,300,300,101,120,300,52,56,84,44,48,56
erim,0,222,3,0.36023,0.185861,-0.0169778,1.03292,1785.51,0.0930733,5.95139,0.108783,0.0176839,0.0408126,0.00502121,0.0201207,0.185522,0.10205,0.28463,0.17027,1,1,12,69,1,0.246994,0.260011,0.425388,0.215463,1,1771.31,0.0028463,0.170414,0.814211,0.460735,0.05,300,300,300,300,300,300,65,69,77,56,60,68,45,49,57
erim,0,223,5,0.358293,0.0337697,-0.439343,1.03823,1143.42,6.88409,3.78845,0.820657,0.43478,0.0290515,0.0128008,0.0182646,0.711644,0.349913,0.577268,0.68554,1,1,0,104,1,0.772113,0.643432,0.37333,0.557413,1,1044.06,0.0028463,0.170414,0.814211,0.460735,0.05,300,300,300,300,300,300,100,104,112,50,54,62,36,40,48
erim,0,224,3,0.591023,0.162948,0.0421222,1.0548,1272.79,0.0490343,4.24248,0.045809,0.0109315,0.0423778,0.0067227,0.0323049,0.346982,0.182647,0.672098,0.0801714,1,1,7,140,1,0.144033,0.187334,0.576697,0.112861,1,1265.74,0.0028463,0.170414,0.814211,0.460735,0.05,300,300,300,300,300,300,73,140,300,48,59,82,40,44,52
erim,0,225,2,0.489381,0.137919,-0.205132,1.03397,918.13,0.273176,3.05952,0.174,0.110865,0.0177202,0.0159079,0.022017,0.442523,0.102809,0.620081,0.344814,1,1,0,61,1,0.793059,0.619954,0.573176,0.366879,1,875.067,0.0028463,0.170414,0.814211,0.460735,0.05,300,300,300,300,300,300,57,61,165,45,49,57,23,40,48
erim,0,226,4,0.346785,0.130861,-0.0311253,0.961309,1248.92,0.265021,4.16217,0.159145,0.052235,0.00623283,0.00954352,0.033431,0.242956,0.174047,0.370027,0.172665,1,1,32,90,1,0.152068,0.135727,0.250306,0.290785,1,1237.43,0.0028463,0.170414,0.814211,0.460735,0.05,300,300,300,300,300,300,73,90,98,57,61,69,43,47,55
erim,0,227,5,0.175682,0.0286288,-0.0802586,0.940568,1116.36,1.35918,3.71666,0.374644,0.0827298,0.0204588,0.0199199,0.0223298,0.19919,0.121703,0.131364,0.352469,1,1,0,171,1,0.2627,0.248059,0.183531,0.27352,1,1106.03,0.0028463,0.170414,0.814211,0.460735,0.05,300,300,300,300,300,300,110,171,179,60,64,106,46,50,58
erim,0,228,4,0.372139,0.199057,0.00622857,0.964079,1554.5,0.457204,5.18013,0.218514,0.0303649,0.0212139,0.00780054,0.0457797,0.314775,0.233184,0.33746,0.175056,1,1,18,67,1,0.301707,0.310262,0.439465,0.193176,1,1537.57,0.0028463,0.170414,0.814211,0.460735,0.05,300,300,300,300,300,300,55,67,75,52,56,64,31,35,43
erim,0,229,7,0.403615,0.0548317,-0.460014,1.00093,1518.87,5.43598,5.0448,0.715541,0.276486,0.00891088,0.0122976,0.0477234,0.627167,0.405923,0.513529,0.630303,1,1,3,244,1,0.575825,0.367345,0.567038,0.713416,1,1503.1,0.0028463,0.170414,0.814211,0.460735,0.05,300,300,300,300,300,300,58,244,300,51,62,70,49,53,61
erim,0,230,0,0.181151,0.195115,-0.366314,0.948752,1775.81,3.50088,5.90771,0.605124,0.321307,0.015624,0.00599313,0.0357223,0.620071,0.122836,0.235369,0.454402,1,1,19,121,1,0.514322,0.525573,0.194229,0.604939,1,1729.76,0.0028463,0.170414,0.814211,0.460735,0.05,300,300,300,300,300,300,70,121,300,52,56,64,49,53,61
erim,0,231,7,0.530775,0.147854,-0.239435,1.09642,1751.27,0.672399,5.83533,0.236596,0.0979797,0.0171891,0.00784574,0.0231145,0.481284,0.196382,0.63618,0.434883,1,1,2,130,1,0.259837,0.224348,0.537458,0.449709,1,1734.06,0.0028463,0.170414,0.814211,0.460735,0.05,300,300,300,300,300,300,86,130,138,45,68,76,44,48,56
erim,0,232,5,0.395404,0.147821,-0.099721,0.984856,1407.84,0.374437,4.69154,0.212316,0.0758001,0.0120915,0.00764354,0.0333104,0.178162,0.147791,0.414365,0.265711,1,1,8,62,1,0.0881296,0.427486,0.581993,0.251344,1,1383.88,0.0028463,0.170414,0.814211,0.460735,0.05,300,300,300,300,300,300,49,62,290,46,50,58,33,37,45
erim,0,233,6,0.334208,0.0532892,0.0517539,0.963033,2399.33,0.200273,7.99711,0.138796,0.0875485,0.039629,0.0121654,0.046223,0.249714,0.141629,0.298665,0.0571886,1,1,21,154,1,0.208528,0.0947262,0.385812,0.195072,1,2390.06,0.0028463,0.170414,0.814211,0.460735,0.05,300,300,300,300,300,300,142,154,197,58,62,84,43,47,67
erim,0,234,7,0.532847,0.0165956,0.15255,0.926007,1848.92,1.41661,6.15835,0.395754,0.134929,0.0121961,0.0145825,0.0257056,0.262695,0.131355,0.639409,0.131521,1,1,1,300,0,0.395754,0.262695,0.639409,0.131521,1,1847.51,0.0028463,0.170414,0.814211,0.460735,0.05,300,300,300,300,300,300,300,300,300,53,70,78,36,40,48
erim,0,235,2,0.335429,0.158757,0.294397,0.927181,2072.59,0.18207,6.90804,0.141286,0.0415399,0.0145415,0.00795705,0.0473747,0.305449,0.119502,0.396391,0.115602,1,0.999997,25,80,1,0.110759,0.447115,0.269953,0.176989,1,2051.09,0.0028463,0.170414,0.814211,0.460735,0.05,300,300,300,300,300,300,76,80,300,62,66,74,39,43,51
erim,0,236,0,0.330068,0.111171,-0.127836,1.00265,893.084,0.7283,2.97452,0.243157,0.0405966,0.0115827,0.0115901,0.0233062,0.317936,0.252869,0.437593,0.204009,1,1,14,183,1,0.380109,0.0568458,0.210433,0.295744,1,883.849,0.0028463,0.170414,0.814211,0.460735,0.05,300,300,300,300,300,300,67,183,300,45,56,64,32,45,53
erim,0,237,1,0.321865,0.0178815,-0.0820857,1.05529,1723.83,0.154365,5.74558,0.133195,0.101921,0.0103962,0.0220583,0.0389595,0.262873,0.0627224,0.313572,0.274984,1,0.810111,0,110,1,0.368243,0.28863,0.434075,0.342845,1,1708.52,0.0028463,0.170414,0.814211,0.460735,0.05,300,300,300,300,300,300,87,110,238,70,74,82,40,44,52
erim,0,238,3,0.450822,0.00175622,0.179298,1.07767,1175.73,0.955383,3.91591,0.323993,0.0469344,0.0273312,0.00606551,0.0376325,0.344206,0.196708,0.349975,0.0668093,1,1,1,300,0,0.323993,0.344206,0.349975,0.0668093,1,1174.77,0.0028463,0.170414,0.814211,0.460735,0.05,300,300,300,300,300,300,300,300,300,94,98,106,32,36,62
erim,0,239,3,0.389855,0.160543,0.274721,1.07469,1182.67,0.470801,3.94067,0.239323,0.0227598,0.0214144,0.00482796,0.0322227,0.447468,0.134934,0.333739,0.15668,1,1,16,199,1,0.193287,0.589161,0.483482,0.00622309,1,1170.76,0.0028463,0.170414,0.814211,0.460735,0.05,300,300,300,300,300,300,100,199,300,57,73,95,44,48,68
erim,0,240,4,0.266968,0.0897546,0.466402,0.903516,1055.71,0.284964,3.51808,0.180459,0.00897799,0.00867715,0.00802341,0.0492832,0.336444,0.123891,0.133463,0.3562,1,1,27,300,0,0.180459,0.336444,0.133463,0.3562,1,1055.42,0.0028463,0.170414,0.814211,0.460735,0.05,300,300,300,300,300,300,66,300,300,62,66,74,28,47,55
erim,0,241,0,0.248837,0.0628426,0.0981762,1.0273,1314.36,0.404541,4.37986,0.201073,0.0131846,0.0323948,0.019354,0.0363743,0.136176,0.239873,0.228789,0.188277,1,1,18,123,1,0.152133,0.145443,0.213161,0.0544522,1,1306.82,0.0028463,0.170414,0.814211,0.460735,0.05,300,300,300,300,300,300,70,123,300,50,65,73,44,48,56
erim,0,242,5,0.304573,0.0848261,-0.164202,1.02574,1718.07,0.734884,5.72444,0.27818,0.0655754,0.0532514,0.00803669,0.0449699,0.186119,0.0377851,0.387686,0.308089,1,1,0,77,1,0.207142,0.47772,0.342886,0.291246,1,1690.13,0.0028463,0.170414,0.814211,0.460735,0.05,300,300,300,300,300,300,73,77,85,48,71,79,34,38,46
erim,0,243,4,0.452787,0.117344,0.014937,1.03906,1545.45,0.561413,5.14962,0.233282,0.0611229,0.0433341,0.0168735,0.0346318,0.274883,0.1691,0.411468,0.21221,1,1,18,222,1,0.174141,0.245341,0.477892,0.257781,1,1541.03,0.0028463,0.170414,0.814211,0.460735,0.05,300,300,300,300,300,300,70,222,289,53,57,88,37,41,49
erim,0,244,4,0.314879,0.0996038,0.138993,1.06363,1703.05,0.181964,5.67624,0.126597,0.0297211,0.0460216,0.0169141,0.0109209,0.148816,0.12494,0.218308,0.13153,1,1,18,206,1,0.185255,0.277014,0.232147,0.0871701,1,1699.14,0.0028463,0.170414,0.814211,0.460735,0.05,300,300,300,300,300,300,80,206,300,66,70,78,46,66,74
erim,0,245,0,0.263911,0.108766,-0.281517,1.00611,1087.9,2.8979,3.61668,0.53428,0.210762,0.022917,0.0164063,0.0286649,0.327048,0.51911,0.448975,0.418181,1,1,16,107,1,0.462464,0.380495,0.296323,0.565939,1,1033.89,0.0028463,0.170414,0.814211,0.460735,0.05,300,300,300,300,300,300,57,107,190,43,47,55,41,45,53
erim,0,246,6,0.496762,0.0136613,0.373571,0.939121,1777.22,3.24697,5.91323,0.567207,0.072652,0.00848333,0.0157474,0.0126489,0.147856,0.460177,0.316216,0.685879,1,1,11,300,0,0.567207,0.147856,0.316216,0.685879,1,1773.97,0.0028463,0.170414,0.814211,0.460735,0.05,300,300,300,300,300,300,300,300,300,77,123,131,49,60,68
erim,0,247,4,0.229843,0.0132997,0.194075,1.05208,1419.11,0.210052,4.72965,0.164133,0.0117251,0.0149328,0.0176098,0.0154602,0.320154,0.0602062,0.523069,0.55602,1,1,14,94,1,0.253237,0.294176,0.154578,0.0848502,1,1396.03,0.0028463,0.170414,0.814211,0.460735,0.05,300,300,300,300,300,300,90,94,102,73,77,85,40,49,57
erim,0,248,5,0.35938,0.046694,-0.461951,0.936598,1692.42,6.69016,5.61911,0.814741,0.484735,0.0195191,0.00556267,0.0162474,0.777948,0.14767,0.438822,0.578679,1,1,10,61,1,0.724406,0.652249,0.541047,0.562794,1,1497.42,0.0028463,0.170414,0.814211,0.460735,0.05,300,300,300,300,300,300,57,61,69,42,46,54,39,43,51
erim,0,249,3,0.432344,0.0111603,0.365506,0.967456,1423.23,1.19695,4.74011,0.35692,0.0230557,0.0373325,0.0128668,0.0176285,0.474683,0.207634,0.577844,0.243466,1,1,10,147,1,0.357014,0.369121,0.396103,0.184227,1,1398.89,0.0028463,0.170414,0.814211,0.460735,0.05,300,300,300,300,300,300,74,147,300,70,74,82,36,52,70
erim,0,250,6,0.519729,0.0134245,-0.456609,1.09444,2153.22,4.06719,7.16385,0.618731,0.421034,0.0291951,0.013881,0.037502,0.354971,0.369877,0.405077,0.599941,1,1,18,117,1,0.715808,0.591946,0.496926,0.476444,1,2034.07,0.0028463,0.170414,0.814211,0.460735,0.05,300,300,300,300,300,300,76,117,125,54,65,73,47,51,59
erim,0,251,1,0.445883,0.116138,-0.104717,1.01473,2361.5,0.29377,7.8707,0.16794,0.0447844,0.0435185,0.021205,0.0442665,0.242381,0.0708271,0.489705,0.222105,1,0.999127,10,112,1,0.11917,0.253149,0.596857,0.238141,1,2346.38,0.0028463,0.170414,0.814211,0.460735,0.05,300,300,300,300,300,300,66,112,186,52,56,64,48,52,60
erim,0,252,5,0.455766,0.128923,0.459528,0.986454,1266.77,0.129009,4.22215,0.0777841,0.0320929,0.0320708,0.00971458,0.0461632,0.174906,0.0474211,0.545152,0.228659,1,1,0,300,0,0.0777841,0.174906,0.545152,0.228659,1,1266.64,0.0028463,0.170414,0.814211,0.460735,0.05,300,300,300,300,300,300,177,300,300,73,77,133,39,43,51
erim,0,253,0,0.531159,0.0152635,-0.320426,0.955938,1496.24,11.793,4.94814,1.09975,0.520652,0.0291783,0.0129021,0.0160665,0.298859,0.433069,0.316177,0.139334,1,1,1,300,0,1.09975,0.298859,0.316177,0.139334,1,1484.44,0.0028463,0.170414,0.814211,0.460735,0.05,300,300,300,300,300,300,52,300,300,44,48,56,31,35,43
erim,0,254,2,0.395605,0.0678764,0.30129,0.949866,2592.66,0.0675732,8.64198,0.0948042,0.0295095,0.0169367,0.0103821,0.0139331,0.242102,0.132325,0.514854,0.306319,0,1.05602e-41,16,300,0,0.0948042,0.242102,0.514854,0.306319,0,2592.59,0.0028463,0.170414,0.814211,0.460735,0.05,300,300,300,300,300,300,206,300,300,58,74,82,51,55,63
erim,0,255,0,0.195428,0.0053344,-0.4513,1.06173,2109.74,6.88667,7.00949,0.836596,0.487739,0.0182423,0.0204924,0.0437076,0.171934,0.300309,0.307098,0.629327,1,1,20,160,1,0.7862,0.733843,0.173507,0.560916,1,2009.46,0.0028463,0.170414,0.814211,0.460735,0.05,300,300,300,300,300,300,156,160,168,91,95,103,51,55,63
erim,0,256,2,0.362116,0.0635214,-0.414993,0.936322,1757.78,2.45983,5.85108,0.486034,0.313562,0.00978822,0.0119511,0.0335567,0.218074,0.212596,0.495687,0.72841,1,1,22,144,1,0.696266,0.739944,0.438761,0.573166,1,1692.18,0.0028463,0.170414,0.814211,0.460735,0.05,300,300,300,300,300,300,109,144,262,58,62,81,49,53,61
erim,0,257,1,0.401548,0.106963,-0.0628724,0.959917,2045.68,0.479301,6.81734,0.215501,0.0948581,0.0268328,0.0186608,0.0383432,0.120136,0.153982,0.399813,0.0845225,0,5.1525e-35,12,83,1,0.285761,0.166478,0.599575,0.212729,1,2026.74,0.0028463,0.170414,0.814211,0.460735,0.05,300,300,300,300,300,300,58,83,300,42,46,64,40,44,52
erim,0,258,5,0.479024,0.147195,0.0457387,1.04002,1875.55,0.196215,6.25117,0.145026,0.0186681,0.026917,0.0111059,0.0202499,0.173546,0.19668,0.430593,0.0877656,1,1,0,99,1,0.242169,0.205991,0.393374,0.146178,1,1859.57,0.0028463,0.170414,0.814211,0.460735,0.05,300,300,300,300,300,300,70,99,300,44,48,56,42,46,54
erim,0,259,0,0.304544,0.0423106,0.242233,1.06864,1423.37,0.0579887,4.74437,0.0782971,0.0515402,0.0233432,0.021832,0.0403655,0.532405,0.0335636,0.32764,0.0545875,1,1,20,300,0,0.0782971,0.532405,0.32764,0.0545875,1,1423.31,0.0028463,0.170414,0.814211,0.460735,0.05,300,300,300,300,300,300,89,300,300,54,58,66,47,51,59
erim,0,260,6,0.437928,0.196073,0.275792,0.937034,2029.2,0.274605,6.76307,0.156875,0.0178962,0.0157711,0.0167511,0.0139721,0.39123,0.129125,0.487347,0.225687,1,1,16,166,1,0.117943,0.299862,0.633049,0.0966927,1,2020.67,0.0028463,0.170414,0.814211,0.460735,0.05,300,300,300,300,300,300,98,166,174,51,63,83,36,53,61
erim,0,261,3,0.378486,0.0852083,-0.0255313,1.01488,1763.7,0.204821,5.87833,0.152574,0.0502373,0.0368996,0.0149177,0.0131943,0.394608,0.156452,0.493266,0.0339393,1,1,1,85,1,0.215124,0.173867,0.626355,0.0870223,1,1753.58,0.0028463,0.170414,0.814211,0.460735,0.05,300,300,300,300,300,300,81,85,120,66,81,89,38,42,67
erim,0,262,2,0.462172,0.173058,0.423891,0.907924,1610.98,0.14297,5.36946,0.105058,0.0121093,0.015427,0.0101758,0.0342803,0.520463,0.119224,0.540403,0.202945,0,0.00660838,19,108,1,0.14362,0.258547,0.349856,0.268386,1,1591.57,0.0028463,0.170414,0.814211,0.460735,0.05,300,300,300,300,300,300,86,108,300,53,66,74,37,41,49
erim,0,263,3,0.476636,0.162298,-0.354084,1.0525,1163.42,1.73129,3.87231,0.411806,0.24006,0.00859769,0.00548133,0.0115675,0.462954,0.0655156,0.455362,0.557576,1,1,6,101,1,0.262845,0.419534,0.510547,0.565788,1,1121.42,0.0028463,0.170414,0.814211,0.460735,0.05,300,300,300,300,300,300,61,101,278,42,46,54,28,32,40
erim,0,264,3,0.211521,0.166337,-0.203399,0.951073,2220.99,2.97382,7.39338,0.539754,0.218148,0.0249477,0.016466,0.0200631,0.214365,0.0707628,0.387575,0.335594,0,2.21831e-17,17,99,1,0.261206,0.185565,0.170187,0.572844,0,2184.81,0.0028463,0.170414,0.814211,0.460735,0.05,300,300,300,300,300,300,69,99,300,52,61,69,40,50,58
erim,0,265,6,0.202513,0.0638959,0.416599,0.933243,903.026,0.0401258,3.00995,0.0342689,0.021249,0.0294973,0.0119876,0.0181642,0.760834,0.0835208,0.288267,0.342562,1,1,20,135,1,0.238685,0.136442,0.285419,0.341664,1,880.222,0.0028463,0.170414,0.814211,0.460735,0.05,300,300,300,300,300,300,88,135,300,60,64,98,40,44,52
erim,0,266,3,0.411799,0.192276,0.216276,1.0921,1564.37,0.0940094,5.21427,0.114472,0.0364883,0.0260683,0.0103723,0.0390313,0.30218,0.0787203,0.464195,0.0961529,1,1,3,300,0,0.114472,0.30218,0.464195,0.0961529,1,1564.28,0.0028463,0.170414,0.814211,0.460735,0.05,300,300,300,300,300,300,71,300,300,43,69,77,40,44,52
erim,0,267,4,0.399913,0.187732,-0.330349,0.929547,1839.74,2.83742,6.123,0.525961,0.220186,0.019703,0.00876598,0.0464892,0.454768,0.0517467,0.372732,0.51223,1,1,23,77,1,0.524947,0.311964,0.415575,0.451612,1,1790.87,0.0028463,0.170414,0.814211,0.460735,0.05,300,300,300,300,300,300,57,77,202,49,53,61,36,51,59
erim,0,268,6,0.550999,0.195421,0.283359,0.918454,993.343,0.0676536,3.31092,0.113857,0.0188014,0.0228948,0.0183205,0.0517305,0.648836,0.228065,0.646988,0.174278,1,1,1,158,1,0.111069,0.33601,0.720113,0.149286,1,979.387,0.0028463,0.170414,0.814211,0.460735,0.05,300,300,300,300,300,300,87,158,300,49,53,61,21,36,44
erim,0,269,5,0.492692,0.159294,-0.133424,1.0333,863.963,0.752554,2.87737,0.251582,0.0569506,0.0305024,0.0180362,0.0236702,0.37573,0.355011,0.489958,0.270182,1,1,9,79,1,0.273546,0.252012,0.632817,0.348913,1,836.759,0.0028463,0.170414,0.814211,0.460735,0.05,300,300,300,300,300,300,66,79,300,40,44,52,37,41,49
erim,0,270,4,0.354387,0.11877,0.45736,0.963042,926.025,0.229686,3.08598,0.119417,0.0187514,0.0233127,0.0101128,0.0423879,0.158656,0.119516,0.388106,0.242517,1,1,18,300,0,0.119417,0.158656,0.388106,0.242517,1,925.795,0.0028463,0.170414,0.814211,0.460735,0.05,300,300,300,300,300,300,141,300,300,68,79,96,40,44,52
erim,0,271,3,0.0534262,0.085277,-0.186108,1.08413,1500.22,2.15822,4.99352,0.456675,0.0398207,0.0299098,0.0110792,0.0420056,0.332325,0.306031,0.166799,0.314356,1,1,12,103,1,0.364839,0.316507,0.131885,0.531839,1,1475.67,0.0028463,0.170414,0.814211,0.460735,0.05,300,300,300,300,300,300,83,103,241,55,59,67,38,42,50
erim,0,272,3,0.435916,0.0145644,0.357593,1.01026,1988.67,0.594012,6.62692,0.212697,0.0278504,0.0143469,0.018134,0.0361544,0.465644,0.338591,0.436265,0.314963,1,1,13,300,0,0.212697,0.465644,0.436265,0.314963,1,1988.08,0.0028463,0.170414,0.814211,0.460735,0.05,300,300,300,300,300,300,253,300,300,102,140,162,37,60,95
erim,0,273,7,0.438393,0.0388724,0.262398,1.01123,1696.49,0.3499,5.6538,0.19324,0.00913993,0.0225,0.00989861,0.03711,0.361003,0.109732,0.514749,0.112092,1,1,1,170,1,0.0556233,0.340701,0.471934,0.0867745,1,1686.41,0.0028463,0.170414,0.814211,0.460735,0.05,300,300,300,300,300,300,101,170,300,70,74,82,53,57,65
erim,0,274,5,0.500207,0.175546,-0.255935,0.973981,1260.18,1.94145,4.19414,0.444869,0.204769,0.0202552,0.0128004,0.0231952,0.396514,0.356415,0.457209,0.344926,1,1,1,74,1,0.589464,0.438793,0.554099,0.532822,1,1220.52,0.0028463,0.170414,0.814211,0.460735,0.05,300,300,300,300,300,300,50,74,273,48,52,60,37,41,49
erim,0,275,0,0.436104,0.125243,0.13076,0.996454,2294.53,0.0560045,7.64826,0.0756237,0.00835804,0.0242967,0.00660518,0.0278082,0.179034,0.103218,0.328885,0.0316656,1,1,1,184,1,0.160961,0.3251,0.454262,0.0852375,1,2288.95,0.0028463,0.170414,0.814211,0.460735,0.05,300,300,300,300,300,300,133,184,262,93,97,105,55,66,74
erim,0,276,1,0.355877,0.081511,0.283838,1.07678,2038.48,0.319558,6.79385,0.163641,0.0282453,0.0298154,0.0133281,0.0229063,0.334853,0.162534,0.275211,0.103017,1,1,0,267,1,0.0782566,0.140004,0.402572,0.268393,1,2035.82,0.0028463,0.170414,0.814211,0.460735,0.05,300,300,300,300,300,300,101,267,275,65,69,77,37,41,68
erim,0,277,7,0.349926,0.0967251,-0.182095,1.03274,1884.91,0.77826,6.28045,0.274981,0.219755,0.0182034,0.0089094,0.0562104,0.480576,0.206325,0.377675,0.304321,1,1,12,112,1,0.384332,0.228574,0.452565,0.361221,1,1849.69,0.0028463,0.170414,0.814211,0.460735,0.05,300,300,300,300,300,300,108,112,134,63,67,87,48,52,70
erim,0,278,1,0.53308,0.151457,-0.0105664,1.03216,2391.97,0.184465,7.97262,0.145095,0.0328113,0.0317204,0.0166355,0.0310522,0.208927,0.119475,0.437487,0.201416,0,1.69368e-10,13,124,1,0.107166,0.0593634,0.590717,0.145491,1,2385.84,0.0028463,0.170414,0.814211,0.460735,0.05,300,300,300,300,300,300,72,124,300,65,69,77,48,52,60
erim,0,279,6,0.426132,0.148291,0.235948,1.01288,989.472,0.0335075,3.29813,0.0643623,0.0205674,0.0118229,0.00716885,0.0274765,0.065887,0.095661,0.428598,0.0664237,1,1,0,91,1,0.180789,0.362969,0.450331,0.0173616,1,975.936,0.0028463,0.170414,0.814211,0.460735,0.05,300,300,300,300,300,300,55,91,99,43,47,55,29,38,46
erim,0,280,7,0.299946,0.152675,0.483055,1.01154,1046.16,0.348459,3.48603,0.153277,0.0132712,0.0334026,0.0138944,0.0214223,0.935024,0.160739,0.284399,0.124172,1,1,0,300,0,0.153277,0.935024,0.284399,0.124172,1,1045.81,0.0028463,0.170414,0.814211,0.460735,0.05,300,300,300,300,300,300,134,300,300,58,62,79,31,41,66
erim,0,281,1,0.572325,0.0437863,-0.127511,1.08677,1651.79,1.66439,5.50042,0.383391,0.11485,0.0118323,0.0109112,0.0204787,0.194202,0.217207,0.661945,0.264362,1,1,1,80,1,0.61079,0.328835,0.635196,0.206332,1,1569.81,0.0028463,0.170414,0.814211,0.460735,0.05,300,300,300,300,300,300,76,80,88,63,67,75,51,55,63
erim,0,282,7,0.268432,0.0194303,-0.448892,0.987931,1034.14,6.39102,3.42583,0.788505,0.225092,0.0255198,0.00547086,0.0229862,0.524613,0.116768,0.452643,0.667879,1,1,9,60,1,0.812827,0.691959,0.359973,0.653683,1,920.872,0.0028463,0.170414,0.814211,0.460735,0.05,300,300,300,300,300,300,56,60,68,45,49,57,38,42,50
erim,0,283,5,0.184489,0.164452,0.102561,1.00371,1283.11,0.442889,4.27557,0.202945,0.0112832,0.0363,0.0095243,0.0170721,0.143859,0.115833,0.182608,0.111777,1,1,2,83,1,0.149815,0.408684,0.21225,0.0300841,1,1273.65,0.0028463,0.170414,0.814211,0.460735,0.05,300,300,300,300,300,300,79,83,300,56,67,75,51,55,63
erim,0,284,1,0.487219,0.038913,0.347239,0.941858,2019.75,0.616455,6.73045,0.236748,0.00829172,0.02151,0.00832018,0.0378819,0.388731,0.127194,0.408642,0.160919,0,2.51273e-30,1,167,1,0.0793073,0.548995,0.382541,0.149724,0,2006.8,0.0028463,0.170414,0.814211,0.460735,0.05,300,300,300,300,300,300,163,167,300,52,56,64,36,50,58
erim,0,285,2,0.477227,0.138295,0.199091,0.946541,2056.13,0.317465,6.8527,0.199973,0.0166587,0.0149357,0.0135649,0.0251753,0.426361,0.0617438,0.501311,0.0550736,1,1,1,143,1,0.105575,0.259046,0.519978,0.164832,1,2044.96,0.0028463,0.170414,0.814211,0.460735,0.05,300,300,300,300,300,300,139,143,300,57,61,69,50,54,62
erim,0,286,7,0.227774,0.0373785,-0.406291,0.907295,1629.67,3.43213,5.42078,0.595582,0.502577,0.0373529,0.0109544,0.00830238,0.495219,0.162552,0.375721,0.601071,1,1,23,78,1,1.03179,0.621232,0.253225,0.652347,1,1515.34,0.0028463,0.170414,0.814211,0.460735,0.05,300,300,300,300,300,300,74,78,300,55,59,67,42,46,54
erim,0,287,1,0.401076,0.166059,0.425251,0.956758,1858.11,0.170886,6.19312,0.150476,0.0273353,0.0195013,0.017158,0.0295894,0.435,0.162456,0.472743,0.132253,0,9.67742e-29,19,300,0,0.150476,0.435,0.472743,0.132253,0,1857.94,0.0028463,0.170414,0.814211,0.460735,0.05,300,300,300,300,300,300,174,300,300,69,73,81,36,40,48
erim,0,288,5,0.46492,0.174336,-0.426207,0.95184,2017.73,2.22578,6.71834,0.472961,0.108661,0.0478699,0.00875175,0.033707,0.409453,0.194954,0.483691,0.625102,1,1,0,74,1,0.480054,0.366634,0.477415,0.566478,1,1956.84,0.0028463,0.170414,0.814211,0.460735,0.05,300,300,300,300,300,300,62,74,200,53,57,65,34,38,46
erim,0,289,6,0.123095,0.160581,0.468955,1.02931,1495.41,0.0901916,4.9844,0.117751,0.0151058,0.024158,0.0192924,0.0221648,0.427203,0.239822,0.160956,0.167505,1,1,12,300,0,0.117751,0.427203,0.160956,0.167505,1,1495.32,0.0028463,0.170414,0.814211,0.460735,0.05,300,300,300,300,300,300,231,300,300,55,70,78,23,35,54
erim,0,290,1,0.181357,0.120345,-0.238569,0.916802,1267.97,1.02393,4.22316,0.330212,0.0683119,0.0129859,0.0119866,0.0249993,0.134402,0.105605,0.26826,0.365359,1,0.99988,0,91,1,0.521044,0.258698,0.0807614,0.435364,1,1236.67,0.0028463,0.170414,0.814211,0.460735,0.05,300,300,300,300,300,300,62,91,180,51,55,63,29,44,61
erim,0,291,2,0.455643,0.164817,0.0511178,0.93873,2099.41,0.179897,6.99743,0.133136,0.0115223,0.0293956,0.0118513,0.0302978,0.164041,0.0505933,0.317218,0.103312,0,0.0167529,0,129,1,0.112224,0.377985,0.432825,0.184491,1,2090.68,0.0028463,0.170414,0.814211,0.460735,0.05,300,300,300,300,300,300,74,129,300,50,54,62,34,38,58
erim,0,292,1,0.147897,0.0721167,-0.0114566,1.0772,922.552,0.142909,3.0747,0.108536,0.0386756,0.0181177,0.0136997,0.0369037,0.304649,0.111473,0.256543,0.155941,0,5.64225e-21,0,232,1,0.0628682,0.27165,0.287831,0.173128,0,919.772,0.0028463,0.170414,0.814211,0.460735,0.05,300,300,300,300,300,300,57,232,300,52,56,64,36,40,48
erim,0,293,7,0.343813,0.00211082,0.304754,1.07182,2270.17,0.373163,7.566,0.195621,0.0221191,0.0185667,0.0178448,0.0323371,0.178168,0.184704,0.18839,0.422363,1,1,22,114,1,0.254968,0.272798,0.237694,0.125881,1,2249.44,0.0028463,0.170414,0.814211,0.460735,0.05,300,300,300,300,300,300,96,114,300,68,72,91,53,57,65
erim,0,294,1,0.436257,0.196681,0.158521,1.0084,2132.23,0.00719613,7.10742,0.053503,0.0315103,0.0181671,0.026373,0.038167,0.478601,0.102431,0.334584,0.136418,0,4.80477e-26,22,81,1,0.248847,0.341344,0.451333,0.236903,0,2121.15,0.0028463,0.170414,0.814211,0.460735,0.05,300,300,300,300,300,300,77,81,300,47,51,86,38,50,58
erim,0,295,6,0.502346,0.0633524,-0.317046,1.0635,1775.57,1.83025,5.91247,0.446019,0.288733,0.0292487,0.0115072,0.0254647,0.25778,0.092028,0.642345,0.428743,1,1,14,88,1,0.605891,0.436868,0.573132,0.518625,1,1713.81,0.0028463,0.170414,0.814211,0.460735,0.05,300,300,300,300,300,300,84,88,171,50,54,78,42,53,61
erim,0,296,3,0.101578,0.101005,0.122489,0.948285,1800.28,0.0191676,6.00088,0.0278417,0.0218386,0.0216548,0.0151392,0.0355559,0.139015,0.224303,0.159415,0.0912369,1,1,18,117,1,0.0498547,0.270407,0.185006,0.0703363,1,1792.25,0.0028463,0.170414,0.814211,0.460735,0.05,300,300,300,300,300,300,83,117,300,47,51,84,40,51,59
erim,0,297,5,0.246398,0.0419824,-0.265265,1.06381,1136.56,4.10224,3.77487,0.637697,0.225865,0.0217457,0.0106309,0.0222408,0.424497,0.324455,0.295549,0.200282,1,1,17,216,1,0.464729,0.518351,0.292486,0.393911,1,1108.68,0.0028463,0.170414,0.814211,0.460735,0.05,300,300,300,300,300,300,64,216,256,56,60,68,43,47,55
erim,0,298,2,0.415613,0.128932,-0.25884,0.915773,1521.03,5.33136,5.05233,0.745432,0.255313,0.0383277,0.0223754,0.0307471,0.464793,0.260536,0.484095,0.462661,1,1,1,69,1,0.323084,0.136401,0.494788,0.397854,1,1469.55,0.0028463,0.170414,0.814211,0.460735,0.05,300,300,300,300,300,300,65,69,148,52,56,64,42,46,54
erim,0,299,3,0.395114,0.0887869,-0.356972,0.935671,1800.48,3.58862,5.98965,0.589955,0.335547,0.0298994,0.00689097,0.0202558,0.394191,0.265352,0.546439,0.453751,1,0.99995,18,62,1,0.383065,0.597902,0.495631,0.533477,1,1711.13,0.0028463,0.170414,0.814211,0.460735,0.05,300,300,300,300,300,300,58,62,70,51,55,63,47,51,59
erim,0,300,7,0.545583,0.0509667,-0.0769143,1.03829,2724.07,2.76592,9.07103,0.532413,0.214717,0.0239417,0.0116663,0.0347507,0.240204,0.175208,0.635617,0.14242,1,1,19,180,1,0.57139,0.216815,0.547567,0.247919,1,2690.15,0.0028463,0.170414,0.814211,0.460735,0.05,300,300,300,300,300,300,63,180,300,60,64,72,56,60,68
erim,0,301,7,0.326847,0.162787,0.415959,1.00955,945.402,0.393801,3.15003,0.208352,0.0302066,0.0211497,0.0145816,0.0320061,0.238871,0.0772974,0.417884,0.203851,1,1,12,92,1,0.124503,0.399708,0.217967,0.240839,1,917.143,0.0028463,0.170414,0.814211,0.460735,0.05,300,300,300,300,300,300,81,92,300,65,69,77,44,48,56
erim,0,302,3,0.21052,0.100972,0.0916461,0.961658,1728.58,0.140635,5.76147,0.119264,0.0365739,0.0525821,0.00719535,0.00948451,0.178762,0.111234,0.322168,0.166204,1,1,19,104,1,0.124352,0.142747,0.237839,0.0248054,1,1719.21,0.0028463,0.170414,0.814211,0.460735,0.05,300,300,300,300,300,300,77,104,166,50,54,62,38,42,50
erim,0,303,7,0.182626,0.141414,-0.181697,0.971317,1199.95,0.955942,3.99664,0.311327,0.118453,0.0310443,0.00849151,0.0258372,0.101366,0.199166,0.18656,0.357705,1,1,0,86,1,0.296061,0.364848,0.140433,0.197267,1,1170.78,0.0028463,0.170414,0.814211,0.460735,0.05,300,300,300,300,300,300,82,86,149,48,52,60,44,48,56
erim,0,304,2,0.237945,0.0479714,0.411457,0.95497,1575.8,0.251087,5.25182,0.163226,0.0167605,0.0209606,0.0112246,0.043991,0.0856912,0.0671708,0.321246,0.208716,0,1.16233e-05,1,300,0,0.163226,0.0856912,0.321246,0.208716,0,1575.55,0.0028463,0.170414,0.814211,0.460735,0.05,300,300,300,300,300,300,238,300,300,59,63,71,34,48,56
erim,0,305,2,0.252399,0.0172296,0.313441,0.906717,1247.95,0.303331,4.15882,0.156412,0.0144118,0.0265442,0.00540189,0.0374312,0.697459,0.155525,0.234566,0.178374,1,0.999998,0,300,0,0.156412,0.697459,0.234566,0.178374,1,1247.65,0.0028463,0.170414,0.814211,0.460735,0.05,300,300,300,300,300,300,254,300,300,68,72,139,35,58,79
erim,0,306,6,0.467569,0.107255,-0.481354,1.06718,2240.48,3.2551,7.45743,0.579047,0.270806,0.026243,0.0139496,0.0177597,0.388907,0.436051,0.490898,0.649958,1,1,19,124,1,0.620503,0.753466,0.506824,0.681791,1,2170.98,0.0028463,0.170414,0.814211,0.460735,0.05,300,300,300,300,300,300,86,124,132,54,58,66,41,45,53
erim,0,307,3,0.398972,0.0520685,0.411439,0.927532,1040.39,0.603005,3.46596,0.275905,0.0378283,0.0309992,0.00784521,0.040792,0.693609,0.175706,0.546928,0.317391,1,1,0,110,1,0.117912,0.763522,0.348619,0.20493,1,1013.72,0.0028463,0.170414,0.814211,0.460735,0.05,300,300,300,300,300,300,106,110,300,50,74,82,38,42,50
erim,0,308,0,0.374931,0.183499,-0.297567,1.00433,1555.23,0.940442,5.18097,0.315277,0.18989,0.0132387,0.010462,0.0186766,0.301667,0.166332,0.392449,0.441454,1,1,16,139,1,0.429455,0.433065,0.403309,0.520253,1,1525.79,0.0028463,0.170414,0.814211,0.460735,0.05,300,300,300,300,300,300,77,139,147,43,47,55,40,44,52
erim,0,309,6,0.259577,0.0483614,0.391565,0.96537,1717.04,0.0630528,5.72326,0.0842132,0.0108872,0.0304237,0.00686817,0.0119628,0.224808,0.120355,0.602086,0.324134,1,1,19,300,0,0.0842132,0.224808,0.602086,0.324134,1,1716.98,0.0028463,0.170414,0.814211,0.460735,0.05,300,300,300,300,300,300,268,300,300,77,106,114,36,60,68
erim,0,310,6,0.34319,0.188561,0.392175,0.955526,2016.98,0.0768145,6.72302,0.103502,0.00900708,0.0164567,0.00326908,0.0466814,0.552827,0.120792,0.301322,0.0955055,1,1,18,300,0,0.103502,0.552827,0.301322,0.0955055,1,2016.91,0.0028463,0.170414,0.814211,0.460735,0.05,300,300,300,300,300,300,165,300,300,70,83,106,47,51,71
erim,0,311,2,0.387914,0.115589,-0.290375,1.06352,1937.75,1.21573,6.45512,0.339914,0.175497,0.0280995,0.0166119,0.0212993,0.182556,0.226654,0.411201,0.436262,1,1,16,70,1,0.338321,0.327913,0.380798,0.498035,1,1903.19,0.0028463,0.170414,0.814211,0.460735,0.05,300,300,300,300,300,300,66,70,300,57,61,69,42,46,54
erim,0,312,7,0.559899,0.192461,0.444658,0.935214,941.749,0.379934,3.1379,0.188794,0.0209999,0.0293566,0.0107754,0.0248283,0.453987,0.0499044,0.478086,0.0898804,1,1,1,154,1,0.104965,0.185521,0.621764,0.185482,1,920.73,0.0028463,0.170414,0.814211,0.460735,0.05,300,300,300,300,300,300,150,154,300,53,57,75,30,49,57
erim,0,313,6,0.179252,0.0296194,0.126633,1.00058,1900.56,0.743547,6.33272,0.262112,0.0988691,0.00958624,0.0159214,0.012027,0.122948,0.319861,0.26626,0.0835934,1,1,15,300,0,0.262112,0.122948,0.26626,0.0835934,1,1899.81,0.0028463,0.170414,0.814211,0.460735,0.05,300,300,300,300,300,300,144,300,300,88,92,100,54,58,66
erim,0,314,1,0.540821,0.156638,0.228906,1.05045,1187.39,0.199563,3.95729,0.128441,0.0309209,0.0208116,0.00397918,0.0262693,0.243259,0.0794515,0.557199,0.0958466,0,2.10263e-21,4,78,1,0.228265,0.27117,0.697215,0.0311555,1,1172.72,0.0028463,0.170414,0.814211,0.460735,0.05,300,300,300,300,300,300,74,78,300,46,50,83,36,40,48
erim,0,315,2,0.546518,0.0208903,0.1868,0.999325,937.754,0.468999,3.12428,0.184697,0.0287313,0.00361919,0.010299,0.0523335,0.545729,0.176395,0.480956,0.0820522,1,1,1,254,1,0.124854,0.235266,0.549091,0.0251033,1,934.959,0.0028463,0.170414,0.814211,0.460735,0.05,300,300,300,300,300,300,219,254,300,49,66,89,34,38,46
erim,0,316,6,0.379898,0.0990158,0.136911,0.946002,1534.99,0.468481,5.11507,0.226955,0.0166461,0.0429076,0.00547734,0.0230206,0.288138,0.159549,0.294347,0.212491,1,1,8,79,1,0.105322,0.0912357,0.408134,0.136387,1,1522.66,0.0028463,0.170414,0.814211,0.460735,0.05,300,300,300,300,300,300,75,79,300,56,60,68,35,39,47
erim,0,317,0,0.476567,0.0097481,-0.144267,1.06707,2337.23,5.63942,7.77196,0.754896,0.474283,0.0160176,0.0101216,0.0255961,0.37469,0.438795,0.572262,0.10115,1,1,25,300,0,0.754896,0.37469,0.572262,0.10115,1,2331.59,0.0028463,0.170414,0.814211,0.460735,0.05,300,300,300,300,300,300,300,300,300,85,89,300,51,55,78
erim,0,318,0,0.30634,0.060388,-0.0259303,1.00354,1975.63,0.400943,6.58411,0.184883,0.0382786,0.0278584,0.0116218,0.0412961,0.214252,0.176121,0.432289,0.21016,1,1,0,93,1,0.303494,0.31155,0.454151,0.132619,1,1962.96,0.0028463,0.170414,0.814211,0.460735,0.05,300,300,300,300,300,300,89,93,300,56,60,68,49,60,68
erim,0,319,6,0.279795,0.108873,0.45566,0.939115,1335.19,0.470003,4.44906,0.207347,0.0217112,0.0262381,0.0172451,0.0360376,0.489532,0.0662152,0.329193,0.194366,1,1,8,300,0,0.207347,0.489532,0.329193,0.194366,1,1334.72,0.0028463,0.170414,0.814211,0.460735,0.05,300,300,300,300,300,300,107,300,300,50,59,82,45,49,57
erim,0,320,6,0.345015,0.0714431,-0.328829,0.932712,1229.17,3.6213,4.08517,0.605486,0.280501,0.0153009,0.00925263,0.0275448,0.415575,0.267078,0.2075,0.490525,1,1,22,139,1,0.490255,0.0458894,0.468405,0.479055,1,1184.69,0.0028463,0.170414,0.814211,0.460735,0.05,300,300,300,300,300,300,74,139,204,47,51,59,40,44,52
erim,0,321,6,0.406561,0.0892274,0.165769,1.0385,1188.36,0.0227197,3.96112,0.0533455,0.0147019,0.0202997,0.0141551,0.0372259,0.415091,0.106613,0.233926,0.034846,1,1,2,199,1,0.0966813,0.203317,0.504943,0.0977605,1,1184.46,0.0028463,0.170414,0.814211,0.460735,0.05,300,300,300,300,300,300,89,199,300,59,63,71,34,54,62
erim,0,322,1,0.523314,0.159051,-0.204874,1.00311,1453.04,1.87791,4.83721,0.426271,0.101306,0.0269815,0.00412478,0.0243208,0.526495,0.185207,0.68318,0.37376,0,1.34151e-23,2,103,1,0.342369,0.155354,0.649575,0.287122,0,1429.51,0.0028463,0.170414,0.814211,0.460735,0.05,300,300,300,300,300,300,84,103,111,64,68,76,35,39,71
erim,0,323,1,0.465792,0.151202,-0.385597,1.01357,1233.25,1.10812,4.10715,0.352657,0.200203,0.0483903,0.00580553,0.0601575,0.3512,0.259535,0.511776,0.528057,0,7.63708e-43,1,83,1,0.698061,0.520272,0.534289,0.746293,0,1178.53,0.0028463,0.170414,0.814211,0.460735,0.05,300,300,300,300,300,300,79,83,300,60,78,86,44,62,70
erim,0,324,2,0.528964,0.137695,0.214005,0.956281,1384.82,0.0325694,4.61595,0.059952,0.0098769,0.0288332,0.00226358,0.0251561,0.427705,0.115131,0.525335,0.062506,1,1,12,136,1,0.181783,0.330758,0.531225,0.110531,1,1376.21,0.0028463,0.170414,0.814211,0.460735,0.05,300,300,300,300,300,300,82,136,300,45,56,73,43,47,55
erim,0,325,2,0.417285,0.0148537,0.184198,1.09749,1607.44,0.700595,5.35579,0.247197,0.0826398,0.0328388,0.0126164,0.0131289,0.419808,0.309972,0.561599,0.315551,1,1,27,300,0,0.247197,0.419808,0.561599,0.315551,1,1606.74,0.0028463,0.170414,0.814211,0.460735,0.05,300,300,300,300,300,300,300,300,300,56,60,118,45,58,66
erim,0,326,5,0.470452,0.0572531,-0.406424,0.986988,1398.83,2.74118,4.65362,0.540559,0.33358,0.0227466,0.0175387,0.030909,0.634383,0.216877,0.357305,0.550487,1,1,23,65,1,0.646454,0.580154,0.480445,0.519721,1,1316.53,0.0028463,0.170414,0.814211,0.460735,0.05,300,300,300,300,300,300,61,65,244,45,49,57,21,36,44
erim,0,327,7,0.397174,0.166856,0.00229061,0.953952,1066.53,0.0670482,3.55489,0.0854617,0.0255459,0.0161415,0.0102714,0.0365166,0.262699,0.0766469,0.464961,0.240222,1,1,2,66,1,0.335874,0.213982,0.529717,0.118647,1,1055.85,0.0028463,0.170414,0.814211,0.460735,0.05,300,300,300,300,300,300,62,66,300,47,64,72,30,41,49
erim,0,328,3,0.0878533,0.175238,0.45217,1.06525,1282,0.343175,4.2722,0.157512,0.0402542,0.00953152,0.0114235,0.0370291,0.364477,0.063417,0.221444,0.208917,1,1,6,300,0,0.157512,0.364477,0.221444,0.208917,1,1281.66,0.0028463,0.170414,0.814211,0.460735,0.05,300,300,300,300,300,300,87,300,300,46,50,72,41,45,53
erim,0,329,4,0.32522,0.149409,0.106123,0.936815,1322.05,0.0154128,4.40677,0.041706,0.0173278,0.0313545,0.0158596,0.0221729,0.172051,0.149937,0.568667,0.0950062,1,1,18,129,1,0.166668,0.310481,0.450841,0.11409,1,1314.67,0.0028463,0.170414,0.814211,0.460735,0.05,300,300,300,300,300,300,125,129,300,50,62,92,46,50,58
erim,0,330,5,0.408386,0.16493,-0.272894,0.941168,1061.02,3.17491,3.52616,0.559903,0.210399,0.0259111,0.0099659,0.00783648,0.339039,0.104258,0.403788,0.441381,1,1,1,152,1,0.395796,0.472344,0.31658,0.438836,1,1024.92,0.0028463,0.170414,0.814211,0.460735,0.05,300,300,300,300,300,300,77,152,300,42,46,54,28,32,40
erim,0,331,1,0.41659,0.0486585,-0.452635,0.94547,1871.87,4.31807,6.22517,0.652515,0.425029,0.0292974,0.00967953,0.0243277,0.776743,0.0789692,0.480508,0.563867,0,0,17,81,1,0.883591,0.608771,0.43648,0.513638,0,1757.18,0.0028463,0.170414,0.814211,0.460735,0.05,300,300,300,300,300,300,77,81,300,37,52,70,31,35,43
erim,0,332,5,0.435915,0.177869,0.0302012,1.03725,2113.51,0.916676,7.04198,0.296692,0.0347708,0.0244184,0.0187091,0.0326635,0.182352,0.212582,0.53964,0.0297181,1,1,0,146,1,0.0361093,0.492533,0.62795,0.0705348,1,2103.32,0.0028463,0.170414,0.814211,0.460735,0.05,300,300,300,300,300,300,74,146,300,66,70,78,36,40,48
erim,0,333,2,0.334935,0.119872,0.0673442,0.943026,1134.53,0.0444259,3.78162,0.0628232,0.0344535,0.0282054,0.0149266,0.0283426,0.169573,0.0757958,0.472367,0.0582482,0,3.08469e-17,29,99,1,0.286094,0.0856898,0.396017,0.0491812,1,1123.96,0.0028463,0.170414,0.814211,0.460735,0.05,300,300,300,300,300,300,69,99,300,54,58,66,51,55,63
erim,0,334,7,0.122317,0.0985006,0.299119,0.977415,2122.49,0.28668,7.07402,0.181371,0.0130192,0.0368485,0.0128282,0.0133566,0.224009,0.131886,0.340558,0.151146,1,1,13,300,0,0.181371,0.224009,0.340558,0.151146,1,2122.21,0.0028463,0.170414,0.814211,0.460735,0.05,300,300,300,300,300,300,133,300,300,55,59,82,49,53,61
erim,0,335,5,0.347953,0.0910938,-0.0972562,0.982774,2228.36,0.333424,7.42676,0.169701,0.0164065,0.00376149,0.0117851,0.0480919,0.147421,0.152187,0.420513,0.30413,1,1,9,120,1,0.355466,0.202622,0.293424,0.26147,1,2212.61,0.0028463,0.170414,0.814211,0.460735,0.05,300,300,300,300,300,300,62,120,188,55,59,67,39,43,51
erim,0,336,7,0.417058,0.0389487,-0.362801,0.979404,1286.15,6.38908,4.26588,0.812297,0.314881,0.0182552,0.0101928,0.0472632,0.660207,0.323721,0.291862,0.497378,1,1,16,205,1,0.462179,0.439052,0.673879,0.321123,1,1239.44,0.0028463,0.170414,0.814211,0.460735,0.05,300,300,300,300,300,300,118,205,213,45,66,74,41,45,53
erim,0,337,2,0.287771,0.153303,-0.477498,0.963653,2548.99,2.34861,8.48882,0.498277,0.423674,0.0128424,0.00755862,0.040172,0.376402,0.128356,0.35285,0.577842,1,1,0,95,1,0.631306,0.315949,0.452405,0.711387,1,2479.49,0.0028463,0.170414,0.814211,0.460735,0.05,300,300,300,300,300,300,91,95,112,57,61,97,48,52,60
erim,0,338,6,0.366033,0.0777399,-0.407425,1.04473,1227,4.3123,4.07563,0.676377,0.401588,0.0438134,0.00995306,0.0337694,0.270282,0.281722,0.353533,0.449337,1,1,0,156,1,0.401588,0.470745,0.386313,0.595082,1,1161.19,0.0028463,0.170414,0.814211,0.460735,0.05,300,300,300,300,300,300,68,156,164,50,54,62,32,36,44
erim,0,339,2,0.43166,0.190676,0.300864,1.08394,1531.54,0.680453,5.10285,0.27727,0.0120001,0.0235421,0.0121418,0.0375876,0.343014,0.172451,0.383542,0.204334,1,1,16,255,1,0.108067,0.211666,0.28779,0.132803,1,1527.06,0.0028463,0.170414,0.814211,0.460735,0.05,300,300,300,300,300,300,102,255,300,59,77,85,36,47,55
erim,0,340,0,0.235435,0.181938,-0.0720006,1.06296,1617.51,0.233441,5.39093,0.156902,0.0381672,0.0254737,0.00588425,0.0401943,0.263289,0.187277,0.147252,0.212469,1,1,18,100,1,0.227435,0.280278,0.236622,0.286373,1,1608.54,0.0028463,0.170414,0.814211,0.460735,0.05,300,300,300,300,300,300,71,100,206,53,57,65,37,41,49
erim,0,341,1,0.346044,0.085523,-0.0117341,1.01089,1213.27,0.624358,4.04217,0.225254,0.0118079,0.0198107,0.010178,0.0327811,0.377241,0.257559,0.371952,0.182002,0,1.10194e-05,0,86,1,0.254795,0.356063,0.359151,0.211769,1,1198.19,0.0028463,0.170414,0.814211,0.460735,0.05,300,300,300,300,300,300,61,86,94,51,55,79,34,38,46
erim,0,342,7,0.295602,0.141024,-0.22315,0.914352,922.61,1.05097,3.07186,0.316867,0.166232,0.03494,0.010132,0.0373534,0.476987,0.162265,0.350867,0.373354,1,1,0,59,1,0.541192,0.405658,0.317055,0.418254,1,880.187,0.0028463,0.170414,0.814211,0.460735,0.05,300,300,300,300,300,300,55,59,67,50,54,62,38,42,50
erim,0,343,4,0.27064,0.169972,0.0572248,0.926536,906.357,0.402335,3.01985,0.204528,0.00965547,0.0202168,0.0170796,0.0315163,0.186052,0.169638,0.255206,0.242923,1,1,26,75,1,0.161611,0.266724,0.179176,0.0950737,1,895.029,0.0028463,0.170414,0.814211,0.460735,0.05,300,300,300,300,300,300,71,75,300,62,73,81,28,32,40
erim,0,344,7,0.550105,0.0538472,0.465589,1.04671,1106.96,0.330452,3.68875,0.199334,0.0298393,0.055026,0.011774,0.0320191,0.573116,0.119448,0.464931,0.369918,1,1,18,233,1,0.118704,0.705401,0.631362,0.29087,1,1097.91,0.0028463,0.170414,0.814211,0.460735,0.05,300,300,300,300,300,300,125,233,300,93,97,127,40,44,69
erim,0,345,0,0.404454,0.048566,0.257587,0.986202,959.178,0.243289,3.19645,0.162668,0.00799475,0.00984243,0.0196557,0.0331892,0.391859,0.267109,0.538873,0.106716,1,1,14,300,0,0.162668,0.391859,0.538873,0.106716,1,958.935,0.0028463,0.170414,0.814211,0.460735,0.05,300,300,300,300,300,300,133,300,300,51,111,132,40,44,52
erim,0,346,5,0.506885,0.0104643,-0.0350229,1.07304,2022.64,1.73952,6.73635,0.421252,0.18542,0.0322698,0.0113692,0.0375686,0.253815,0.34503,0.595422,0.0505928,1,1,1,156,1,0.404988,0.302317,0.44427,0.232779,1,1986.92,0.0028463,0.170414,0.814211,0.460735,0.05,300,300,300,300,300,300,152,156,300,64,68,76,54,58,66
erim,0,347,7,0.35006,0.0843223,0.120123,0.918154,965.49,0.0802716,3.21803,0.11294,0.0334076,0.01649,0.0229476,0.0118135,0.366718,0.0780692,0.260977,0.108153,1,1,15,72,1,0.171894,0.200003,0.475584,0.127061,1,953.042,0.0028463,0.170414,0.814211,0.460735,0.05,300,300,300,300,300,300,68,72,297,51,55,63,46,50,58
erim,0,348,2,0.547418,0.13012,0.00534737,1.00731,2521.75,0.629089,8.40375,0.258984,0.0412431,0.0123989,0.0155083,0.0238724,0.260892,0.161525,0.353372,0.122357,1,1,38,199,1,0.12896,0.155811,0.458132,0.249422,1,2515.96,0.0028463,0.170414,0.814211,0.460735,0.05,300,300,300,300,300,300,89,199,289,70,74,82,46,50,58
erim,0,349,0,0.110047,0.0355436,0.0558864,0.977223,945.243,0.166941,3.15025,0.139664,0.00913727,0.0123066,0.0176778,0.0402354,0.346532,0.234408,0.160904,0.29449,1,1,14,79,1,0.222734,0.328925,0.143982,0.0960462,1,933.325,0.0028463,0.170414,0.814211,0.460735,0.05,300,300,300,300,300,300,59,79,300,47,51,59,37,41,49
erim,0,350,5,0.338617,0.0653882,-0.406621,1.05642,1152.84,4.54195,3.82766,0.67828,0.24351,0.0351241,0.0126943,0.0320908,0.594018,0.143632,0.487677,0.611442,1,1,17,116,1,0.678223,0.617843,0.353889,0.675073,1,1086.6,0.0028463,0.170414,0.814211,0.460735,0.05,300,300,300,300,300,300,70,116,124,42,46,54,36,40,48
erim,0,351,5,0.129226,0.199756,0.201507,0.923349,1972.18,0.0366521,6.5738,0.064986,0.0182255,0.0389767,0.00484051,0.0382298,0.43557,0.100706,0.181117,0.116455,1,1,0,76,1,0.142708,0.231553,0.213501,0.0704802,1,1959.06,0.0028463,0.170414,0.814211,0.460735,0.05,300,300,300,300,300,300,72,76,300,50,54,62,39,43,51
erim,0,352,1,0.1832,0.102368,-0.0627959,1.0269,1221.09,0.437859,4.06885,0.203686,0.0807223,0.0255914,0.00912208,0.0278293,0.256437,0.0532082,0.120329,0.379357,0,9.88394e-25,0,108,1,0.260512,0.29617,0.137287,0.211836,0,1208.3,0.0028463,0.170414,0.814211,0.460735,0.05,300,300,300,300,300,300,82,108,275,50,54,62,37,41,49
erim,0,353,4,0.371348,0.164725,0.0792269,0.901413,908.115,0.271261,3.02615,0.155602,0.0148385,0.034235,0.00772727,0.0355315,0.304619,0.229395,0.36538,0.115155,1,1,14,104,1,0.312118,0.200953,0.371323,0.244415,1,896.148,0.0028463,0.170414,0.814211,0.460735,0.05,300,300,300,300,300,300,63,104,300,49,60,68,37,41,49
erim,0,354,5,0.318418,0.192747,-0.223969,0.963992,1607.3,1.02031,5.35427,0.329506,0.187603,0.0244642,0.00739475,0.0220992,0.211097,0.172156,0.254031,0.428062,1,1,0,64,1,0.213367,0.504028,0.201874,0.376242,1,1580.2,0.0028463,0.170414,0.814211,0.460735,0.05,300,300,300,300,300,300,60,64,72,49,53,61,40,44,52
erim,0,355,6,0.287476,0.143926,-0.188831,1.0234,1207.62,0.866252,4.02252,0.298357,0.0741103,0.0160423,0.0101623,0.0154859,0.284201,0.163328,0.397592,0.327147,1,1,0,60,1,0.152998,0.38226,0.244117,0.299507,1,1180.08,0.0028463,0.170414,0.814211,0.460735,0.05,300,300,300,300,300,300,56,60,241,50,54,62,40,44,52
erim,0,356,1,0.505179,0.102224,-0.389365,1.07732,1741.75,2.88562,5.7962,0.537709,0.354741,0.0303092,0.00977623,0.0357935,0.481542,0.0776081,0.485265,0.49097,0,3.11622e-30,9,83,1,0.685316,0.310253,0.434396,0.724477,1,1674.35,0.0028463,0.170414,0.814211,0.460735,0.05,300,300,300,300,300,300,67,83,177,49,53,72,39,50,58
erim,0,357,4,0.571781,0.140425,0.0417511,1.02408,1711.66,0.335423,5.70442,0.190976,0.0711197,0.0172504,0.00679736,0.0359298,0.175851,0.129327,0.680035,0.0498075,1,1,20,98,1,0.211347,0.152372,0.755772,0.176268,1,1697.63,0.0028463,0.170414,0.814211,0.460735,0.05,300,300,300,300,300,300,73,98,159,59,63,71,39,43,51
erim,0,358,2,0.303081,0.0220071,0.279581,1.06682,1059.14,0.0818704,3.5302,0.0563598,0.011391,0.0206236,0.015325,0.0589831,0.462296,0.14941,0.353957,0.0295531,0,4.75948e-29,10,208,1,0.180159,0.219682,0.341809,0.100913,0,1051.88,0.0028463,0.170414,0.814211,0.460735,0.05,300,300,300,300,300,300,173,208,300,47,64,117,44,48,56
erim,0,359,1,0.416518,0.0427807,0.182969,1.01204,1333.39,0.0253809,4.44456,0.0467977,0.0303054,0.0323554,0.00710119,0.0359698,0.250423,0.106346,0.7518,0.262772,0,2.96439e-20,4,248,1,0.10166,0.374067,0.321204,0.0945497,0,1330.84,0.0028463,0.170414,0.814211,0.460735,0.05,300,300,300,300,300,300,216,248,300,75,95,158,45,66,74
erim,0,360,6,0.244755,0.0767382,-0.204495,1.08207,1470.2,0.492983,4.89903,0.224964,0.154485,0.0246357,0.00611573,0.0359104,0.172427,0.10347,0.341403,0.51019,1,1,39,216,1,0.480247,0.307484,0.362637,0.355555,1,1458.65,0.0028463,0.170414,0.814211,0.460735,0.05,300,300,300,300,300,300,77,216,300,62,66,74,45,49,68
erim,0,361,0,0.401134,0.191335,-0.0548563,1.02419,1571.75,0.308226,5.23813,0.177132,0.0271613,0.0241741,0.00532237,0.0266033,0.155631,0.0431664,0.503669,0.193817,1,1,17,80,1,0.246157,0.16757,0.504228,0.156325,1,1557.94,0.0028463,0.170414,0.814211,0.460735,0.05,300,300,300,300,300,300,71,80,234,42,54,62,34,38,46
erim,0,362,0,0.54002,0.121682,0.448494,1.09173,1193.18,0.148269,3.97678,0.0865569,0.0179854,0.0127236,0.00613369,0.0156537,0.213776,0.0690061,0.488271,0.335949,1,1,0,300,0,0.0865569,0.213776,0.488271,0.335949,1,1193.03,0.0028463,0.170414,0.814211,0.460735,0.05,300,300,300,300,300,300,82,300,300,80,84,92,39,43,51
erim,0,363,6,0.394586,0.059517,-0.412949,1.01429,2276.42,2.17156,7.58081,0.46985,0.347122,0.0249703,0.0112569,0.0217678,0.280941,0.0974209,0.41869,0.52978,1,1,22,101,1,0.656332,0.613092,0.409731,0.407421,1,2209.46,0.0028463,0.170414,0.814211,0.460735,0.05,300,300,300,300,300,300,97,101,300,64,84,92,45,49,72
erim,0,364,2,0.306726,0.0973354,-0.405558,1.04145,1736.73,3.88194,5.77615,0.603591,0.0744053,0.0494855,0.0129896,0.0436963,0.503322,0.223932,0.446999,0.555313,1,1,17,73,1,0.462767,0.446214,0.345564,0.401028,1,1670.97,0.0028463,0.170414,0.814211,0.460735,0.05,300,300,300,300,300,300,69,73,202,53,57,65,45,57,65
erim,0,365,0,0.502168,0.0784154,-0.076708,1.01259,846.048,0.233559,2.81938,0.153758,0.0539457,0.0221455,0.00444521,0.0152327,0.137569,0.208107,0.654834,0.267878,1,1,0,99,1,0.107189,0.207196,0.592866,0.302075,1,830.409,0.0028463,0.170414,0.814211,0.460735,0.05,300,300,300,300,300,300,52,99,118,40,53,61,33,37,45
erim,0,366,2,0.505398,0.083742,0.48886,0.972227,2116.75,0.293584,7.05485,0.164988,0.0261376,0.0245911,0.00708344,0.0258258,0.231346,0.125239,0.617552,0.251293,1,1,18,300,0,0.164988,0.231346,0.617552,0.251293,1,2116.46,0.0028463,0.170414,0.814211,0.460735,0.05,300,300,300,300,300,300,300,300,300,57,61,69,48,52,60
erim,0,367,1,0.221341,0.108071,0.372375,1.03482,870.685,0.157161,2.90176,0.134242,0.0219326,0.0149227,0.00722736,0.0308947,0.418652,0.214053,0.331195,0.30392,1,1,0,93,1,0.205836,0.220923,0.0906395,0.203941,1,847.788,0.0028463,0.170414,0.814211,0.460735,0.05,300,300,300,300,300,300,89,93,300,64,68,93,37,41,60
erim,0,368,7,0.519395,0.111006,0.310006,0.988853,1060.45,0.41186,3.53346,0.216836,0.0208954,0.0192567,0.0146363,0.0228064,0.344792,0.135441,0.690036,0.0928961,1,1,18,115,1,0.10307,0.386644,0.685232,0.126091,1,1042.14,0.0028463,0.170414,0.814211,0.460735,0.05,300,300,300,300,300,300,84,115,300,59,63,83,36,40,48
erim,0,369,0,0.523759,0.12669,-0.35781,1.04453,1562.31,2.05714,5.20085,0.458645,0.241555,0.0207061,0.0140698,0.0229066,0.419474,0.331352,0.65729,0.408526,1,1,20,74,1,0.492538,0.607483,0.443594,0.516097,1,1488.53,0.0028463,0.170414,0.814211,0.460735,0.05,300,300,300,300,300,300,70,74,96,44,61,82,31,41,49
erim,0,370,5,0.421928,0.173748,0.0534937,1.08513,2253.28,0.525399,7.50918,0.216825,0.0284387,0.0126586,0.0255923,0.0440058,0.410729,0.267844,0.41457,0.0679395,1,1,0,177,1,0.362885,0.203021,0.378834,0.154933,1,2241.33,0.0028463,0.170414,0.814211,0.460735,0.05,300,300,300,300,300,300,74,177,185,61,65,73,46,50,58
erim,0,371,0,0.424698,0.0301945,-0.101151,0.979339,1838.3,1.28229,6.1234,0.387009,0.133803,0.0473847,0.0160027,0.0162804,0.535315,0.356165,0.374332,0.336889,1,1,20,258,1,0.269893,0.341257,0.486006,0.348928,1,1823.99,0.0028463,0.170414,0.814211,0.460735,0.05,300,300,300,300,300,300,66,258,300,52,62,70,37,54,62
erim,0,372,7,0.414886,0.0438999,0.342851,1.00871,1242.66,0.415838,4.14081,0.234703,0.00843406,0.0173832,0.0132191,0.0259834,0.533877,0.262892,0.533934,0.218956,1,1,20,237,1,0.308808,0.247404,0.509879,0.412786,1,1234.38,0.0028463,0.170414,0.814211,0.460735,0.05,300,300,300,300,300,300,75,237,300,65,76,104,39,43,51
erim,0,373,0,0.566468,0.067077,-0.181517,1.06639,2165.65,4.01645,7.20544,0.631289,0.207645,0.0128293,0.00515769,0.0345746,0.648672,0.343553,0.366514,0.360949,1,1,1,76,1,0.582576,0.223022,0.496714,0.416664,1,2089.38,0.0028463,0.170414,0.814211,0.460735,0.05,300,300,300,300,300,300,72,76,300,48,52,60,44,48,56
erim,0,374,5,0.495562,0.186593,-0.230633,0.906701,1799.51,2.52779,5.98992,0.495457,0.107323,0.0357143,0.0107976,0.0409466,0.370732,0.17386,0.416489,0.479396,1,1,0,91,1,0.440386,0.31357,0.376344,0.488383,1,1767.52,0.0028463,0.170414,0.814211,0.460735,0.05,300,300,300,300,300,300,67,91,300,62,66,74,38,42,50
erim,0,375,1,0.531094,0.118337,-0.0713642,1.06725,2183.34,0.657695,7.27562,0.275548,0.137718,0.0175255,0.017839,0.0488531,0.330876,0.0947208,0.635783,0.395338,1,1,3,150,1,0.257505,0.358925,0.555863,0.169781,1,2167.27,0.0028463,0.170414,0.814211,0.460735,0.05,300,300,300,300,300,300,138,150,197,71,88,96,48,52,76
erim,0,376,7,0.294541,0.0568933,-0.170065,0.939677,976.106,2.3442,3.24587,0.500284,0.144483,0.0181664,0.0152335,0.0353802,0.251363,0.154814,0.289623,0.435037,1,1,16,73,1,0.360084,0.445094,0.406243,0.224495,1,931.932,0.0028463,0.170414,0.814211,0.460735,0.05,300,300,300,300,300,300,60,73,81,43,47,55,24,40,48
erim,0,377,0,0.583715,0.0989951,-0.166943,0.985131,1218.41,1.87516,4.05511,0.417058,0.28745,0.0167545,0.0100893,0.0298773,0.331473,0.397132,0.661399,0.268879,1,1,17,153,1,0.624302,0.218939,0.719236,0.471916,1,1179.77,0.0028463,0.170414,0.814211,0.460735,0.05,300,300,300,300,300,300,100,153,300,61,65,92,41,57,65
erim,0,378,1,0.354138,0.036537,0.301697,1.0723,1946.65,0.187268,6.48821,0.123443,0.011067,0.037398,0.0130903,0.0401043,0.488237,0.139136,0.373022,0.0281454,0,1.11378e-24,15,212,1,0.112394,0.306524,0.412207,0.249162,0,1937.9,0.0028463,0.170414,0.814211,0.460735,0.05,300,300,300,300,300,300,208,212,300,75,79,87,44,48,80
erim,0,379,4,0.511535,0.118601,-0.302561,0.900403,1475.64,2.47373,4.91057,0.49379,0.251663,0.0124035,0.0149529,0.0244032,0.511537,0.0833282,0.620614,0.464765,1,1,35,75,1,0.404448,0.295139,0.622139,0.561351,1,1404.74,0.0028463,0.170414,0.814211,0.460735,0.05,300,300,300,300,300,300,65,75,300,46,50,58,42,46,54
erim,0,380,5,0.278754,0.126127,-0.201996,1.00249,2133.74,0.448146,7.11097,0.206994,0.072814,0.019046,0.0118431,0.0265428,0.436989,0.103983,0.415884,0.517399,1,1,0,78,1,0.462982,0.550574,0.36356,0.441376,1,2098.45,0.0028463,0.170414,0.814211,0.460735,0.05,300,300,300,300,300,300,74,78,99,63,67,75,47,51,59
erim,0,381,6,0.529637,0.0741619,0.272854,0.918284,1948.92,0.469694,6.49484,0.208509,0.00970343,0.0265975,0.00178714,0.0446109,0.142432,0.187302,0.855754,0.286657,1,1,19,201,1,0.330016,0.306785,0.70366,0.178057,1,1940.95,0.0028463,0.170414,0.814211,0.460735,0.05,300,300,300,300,300,300,98,201,300,53,57,65,45,49,57
erim,0,382,6,0.242279,0.0508121,0.367125,1.06781,1019.23,0.418263,3.39603,0.216609,0.0326336,0.024562,0.0104949,0.0320087,0.447915,0.107093,0.273029,0.131311,1,1,1,145,1,0.167988,0.473611,0.224576,0.260818,1,1002.24,0.0028463,0.170414,0.814211,0.460735,0.05,300,300,300,300,300,300,128,145,300,47,61,85,31,43,51
erim,0,383,7,0.399685,0.0811844,-0.479479,1.06461,1682.67,4.04189,5.59541,0.64484,0.248837,0.0314246,0.0208618,0.0249792,0.294935,0.191701,0.275642,0.641454,1,1,17,93,1,0.815726,0.646213,0.354885,0.514307,1,1610.46,0.0028463,0.170414,0.814211,0.460735,0.05,300,300,300,300,300,300,77,93,179,47,51,59,37,41,49
erim,0,384,3,0.315425,0.146611,-0.488791,0.970312,2088.72,3.99473,6.94908,0.645405,0.440331,0.0175088,0.00589329,0.0368351,0.265372,0.178403,0.263402,0.719522,1,1,14,104,1,0.559626,0.487099,0.239018,0.794464,1,1997.16,0.0028463,0.170414,0.814211,0.460735,0.05,300,300,300,300,300,300,87,104,129,45,49,82,41,45,53
erim,0,385,1,0.17185,0.0968964,0.0292453,1.09959,1964.73,0.339649,6.54795,0.178474,0.0729456,0.0188905,0.00480923,0.0384948,0.203735,0.192303,0.239104,0.258273,1,1,3,115,1,0.227258,0.286315,0.275545,0.205849,1,1955.28,0.0028463,0.170414,0.814211,0.460735,0.05,300,300,300,300,300,300,76,115,300,53,75,83,41,45,63
erim,0,386,1,0.259546,0.192727,-0.146458,1.07658,1609.09,0.130011,5.36319,0.129758,0.129758,0.0550638,0.00752739,0.0216695,0.180592,0.155629,0.385764,0.384637,0,1.79366e-43,22,59,1,0.291247,0.101699,0.384801,0.271893,1,1586,0.0028463,0.170414,0.814211,0.460735,0.05,300,300,300,300,300,300,55,59,258,46,50,58,37,41,49
erim,0,387,3,0.260245,0.0567743,-0.462379,0.964794,1472.62,8.89306,4.87909,0.915271,0.381139,0.0182705,0.0161958,0.0280971,0.973847,0.279367,0.286274,0.570824,1,1,3,159,1,0.791715,0.321931,0.345869,0.74507,0,1393.15,0.0028463,0.170414,0.814211,0.460735,0.05,300,300,300,300,300,300,96,159,300,63,82,90,46,50,58
erim,0,388,4,0.36414,0.153462,0.0118699,1.06225,1811.95,0.153016,6.03933,0.117791,0.020885,0.0559504,0.0126645,0.0137185,0.380263,0.18561,0.528536,0.190427,1,1,19,56,1,0.319153,0.375123,0.401486,0.182714,1,1797.87,0.0028463,0.170414,0.814211,0.460735,0.05,300,300,300,300,300,300,52,56,265,49,53,61,39,43,51
erim,0,389,4,0.479893,0.0281977,0.10513,1.08199,2011.81,0.581293,6.70408,0.252039,0.224868,0.0383859,0.00666865,0.0230547,0.145082,0.351144,0.497397,0.287384,1,1,27,275,1,0.277618,0.29068,0.423083,0.172299,1,2007.72,0.0028463,0.170414,0.814211,0.460735,0.05,300,300,300,300,300,300,271,275,300,56,60,68,50,54,62
erim,0,390,5,0.458855,0.147624,-0.126113,1.01153,2007.65,0.379835,6.69091,0.182756,0.0327348,0.0320453,0.00924639,0.0490206,0.174017,0.155439,0.409791,0.355912,1,1,0,160,1,0.214135,0.610931,0.470738,0.384664,1,1994.24,0.0028463,0.170414,0.814211,0.460735,0.05,300,300,300,300,300,300,73,160,261,56,60,80,46,50,58
erim,0,391,4,0.333444,0.163881,0.400706,1.06615,1027.91,0.218967,3.42563,0.181648,0.0432579,0.0266691,0.0147317,0.00481036,0.658627,0.0658055,0.417131,0.203602,1,1,21,300,0,0.181648,0.658627,0.417131,0.203602,1,1027.69,0.0028463,0.170414,0.814211,0.460735,0.05,300,300,300,300,300,300,115,300,300,72,92,100,32,44,52
erim,0,392,1,0.161042,0.129432,0.13121,1.02321,2155.37,0.264818,7.18367,0.157923,0.00518047,0.0212413,0.0302873,0.0207929,0.211655,0.133051,0.332082,0.0704685,1,1,0,107,1,0.00518047,0.250917,0.241972,0.0402821,1,2148.01,0.0028463,0.170414,0.814211,0.460735,0.05,300,300,300,300,300,300,103,107,219,76,80,88,46,56,64
erim,0,393,7,0.523187,0.1303,0.420048,0.914593,2102.2,0.0975574,7.00702,0.0946215,0.0233481,0.0309363,0.00517239,0.0522394,0.037699,0.0472461,0.549533,0.468944,1,1,26,234,1,0.117224,0.347952,0.607459,0.197492,1,2096.5,0.0028463,0.170414,0.814211,0.460735,0.05,300,300,300,300,300,300,95,234,300,63,67,93,54,58,66
erim,0,394,6,0.613384,0.0349689,0.032353,1.04717,2115.76,1.53382,7.04743,0.442458,0.0603823,0.0196453,0.0102418,0.0529808,0.475046,0.176816,0.581298,0.229231,1,1,19,176,1,0.150429,0.244713,0.364704,0.20311,1,2087.77,0.0028463,0.170414,0.814211,0.460735,0.05,300,300,300,300,300,300,82,176,300,73,77,99,36,54,62
erim,0,395,7,0.450271,0.187496,0.119905,1.07711,1351.81,0.0988824,4.50569,0.0952639,0.0162621,0.0242216,0.017064,0.0341596,0.337079,0.153829,0.639284,0.143023,1,1,3,79,1,0.130652,0.21257,0.554657,0.187763,1,1341.71,0.0028463,0.170414,0.814211,0.460735,0.05,300,300,300,300,300,300,75,79,87,47,51,59,36,40,48
erim,0,396,7,0.502121,0.0353992,0.242455,1.02197,1412.4,0.534376,4.70621,0.235761,0.0350033,0.0130734,0.00395348,0.0255555,0.420946,0.147334,0.591094,0.117429,1,1,19,300,0,0.235761,0.420946,0.591094,0.117429,1,1411.86,0.0028463,0.170414,0.814211,0.460735,0.05,300,300,300,300,300,300,80,300,300,51,66,84,34,38,60
erim,0,397,7,0.295268,0.195294,0.399915,0.925666,1987.06,0.271461,6.62263,0.156779,0.014994,0.0145172,0.00893547,0.028767,0.215305,0.0535482,0.258844,0.193782,1,1,21,300,0,0.156779,0.215305,0.258844,0.193782,1,1986.79,0.0028463,0.170414,0.814211,0.460735,0.05,300,300,300,300,300,300,92,300,300,51,55,63,41,45,53
erim,0,398,3,0.368696,0.169547,-0.0506253,1.01582,1840.57,0.662006,6.13301,0.263609,0.0801825,0.017757,0.00551482,0.0395686,0.11767,0.113048,0.502308,0.107333,1,1,22,115,1,0.185184,0.264019,0.514388,0.122637,1,1829.47,0.0028463,0.170414,0.814211,0.460735,0.05,300,300,300,300,300,300,111,115,300,55,65,73,41,45,53
erim,0,399,6,0.297299,0.0492507,-0.357841,0.917894,1775.17,3.59453,5.90526,0.594402,0.330676,0.0217805,0.0100788,0.0191539,0.512956,0.303733,0.345377,0.497482,1,1,16,116,1,0.547827,0.661378,0.255289,0.546037,1,1701.52,0.0028463,0.170414,0.814211,0.460735,0.05,300,300,300,300,300,300,112,116,300,57,61,69,38,42,50
erim,0,400,2,0.264941,0.137543,-0.148108,0.980325,1566.12,0.933318,5.2173,0.317923,0.0897236,0.03661,0.0107286,0.0210278,0.103169,0.115808,0.37627,0.451171,0,6.37714e-19,0,78,1,0.220002,0.306642,0.425742,0.075196,1,1535.19,0.0028463,0.170414,0.814211,0.460735,0.05,300,300,300,300,300,300,74,78,86,53,57,83,43,47,55
erim,0,401,3,0.296728,0.000404882,-0.425452,0.981845,1310.41,5.36642,4.35015,0.726574,0.489983,0.0340394,0.0100842,0.0450798,0.509587,0.389056,0.358612,0.73062,1,1,16,237,1,0.640914,0.379253,0.353063,0.702049,1,1276.33,0.0028463,0.170414,0.814211,0.460735,0.05,300,300,300,300,300,300,196,237,300,48,58,87,37,41,49
erim,0,402,1,0.216416,0.15754,-0.0150013,1.05799,1630.06,1.05391,5.43001,0.309045,0.0699981,0.0275345,0.0152113,0.0120483,0.185877,0.124719,0.245097,0.26468,0,3.13581e-09,8,161,1,0.224374,0.240176,0.303364,0.238626,1,1620.48,0.0028463,0.170414,0.814211,0.460735,0.05,300,300,300,300,300,300,86,161,300,61,65,73,39,43,51
erim,0,403,2,0.408868,0.0841343,-0.429833,1.03097,2322.92,2.66277,7.7342,0.502872,0.312415,0.0226579,0.0139912,0.0113922,0.534241,0.435187,0.257947,0.596457,1,1,12,153,1,0.424251,0.477231,0.224805,0.608804,1,2279.65,0.0028463,0.170414,0.814211,0.460735,0.05,300,300,300,300,300,300,69,153,300,53,57,65,41,45,53
erim,0,404,5,0.310358,0.135223,-0.168952,0.911554,2188.19,1.23521,7.28986,0.371521,0.0667628,0.0110574,0.0123963,0.0303162,0.181482,0.0918656,0.317457,0.364756,1,1,1,60,1,0.443527,0.515849,0.333324,0.346437,1,2159.37,0.0028463,0.170414,0.814211,0.460735,0.05,300,300,300,300,300,300,56,60,300,54,58,66,38,42,50
erim,0,405,3,0.321923,0.115944,0.388231,1.08213,1120.09,0.114623,3.73327,0.0671564,0.0453,0.0233083,0.012863,0.0730419,0.293895,0.225946,0.513328,0.160213,1,1,1,183,1,0.132797,0.426389,0.272651,0.189971,1,1103.31,0.0028463,0.170414,0.814211,0.460735,0.05,300,300,300,300,300,300,78,183,300,60,64,87,38,42,50
erim,0,406,7,0.394616,0.022301,0.147291,0.993311,1706.23,0.261206,5.68655,0.165022,0.0214674,0.0154953,0.0137164,0.0229833,0.19013,0.082255,0.294432,0.169565,1,1,19,117,1,0.143391,0.315176,0.223603,0.0292774,1,1698.24,0.0028463,0.170414,0.814211,0.460735,0.05,300,300,300,300,300,300,89,117,300,55,59,67,46,50,58
erim,0,407,5,0.365296,0.0857239,-0.378606,1.03194,1509.13,1.99354,5.02379,0.443176,0.399915,0.0265499,0.0120308,0.0229982,0.348484,0.186773,0.291864,0.641624,1,1,9,57,1,0.497209,0.543722,0.302786,0.705879,1,1433.68,0.0028463,0.170414,0.814211,0.460735,0.05,300,300,300,300,300,300,53,57,65,49,53,61,34,38,46
erim,0,408,4,0.428481,0.0425136,0.171559,0.967983,1699.63,0.107699,5.66508,0.0792505,0.0133283,0.0229049,0.00843328,0.0380061,0.148184,0.133746,0.338434,0.0729995,1,1,25,175,1,0.185513,0.331497,0.387398,0.213055,1,1690.5,0.0028463,0.170414,0.814211,0.460735,0.05,300,300,300,300,300,300,85,175,300,55,71,79,47,51,59
erim,0,409,4,0.447702,0.111254,0.378374,1.03541,1052.81,0.350193,3.50819,0.201616,0.0554054,0.0101765,0.015925,0.0378588,0.423434,0.122559,0.307531,0.191913,1,1,13,164,1,0.25729,0.0838056,0.485025,0.152991,1,1037.9,0.0028463,0.170414,0.814211,0.460735,0.05,300,300,300,300,300,300,160,164,300,48,52,91,29,38,46
erim,0,410,6,0.492714,0.0368814,0.364446,1.04698,2388.61,0.154434,7.96152,0.0963993,0.0281032,0.0272773,0.0111909,0.0126412,0.507775,0.168512,0.733625,0.551333,1,1,21,294,1,0.104094,0.437315,0.65775,0.393659,1,2387.97,0.0028463,0.170414,0.814211,0.460735,0.05,300,300,300,300,300,300,100,294,300,61,79,87,53,57,65
erim,0,411,3,0.553426,0.15929,-0.0689763,1.00341,1687.44,0.857548,5.62193,0.291799,0.0484065,0.0163461,0.00584567,0.01411,0.195873,0.110845,0.544584,0.252938,0,0,16,300,0,0.291799,0.195873,0.544584,0.252938,0,1686.58,0.0028463,0.170414,0.814211,0.460735,0.05,300,300,300,300,300,300,138,300,300,53,65,104,38,42,50
erim,0,412,6,0.28927,0.106114,0.442084,0.983668,1779.11,0.46042,5.92882,0.20929,0.0359471,0.00726842,0.00761455,0.0117532,0.44211,0.213003,0.402737,0.35129,1,1,14,86,1,0.140319,0.295296,0.187295,0.381105,1,1752.36,0.0028463,0.170414,0.814211,0.460735,0.05,300,300,300,300,300,300,82,86,300,49,73,81,33,37,45
erim,0,413,1,0.32742,0.146603,0.427108,1.07896,1398.37,0.400296,4.65989,0.210182,0.0220895,0.0428404,0.0117232,0.0541737,0.467186,0.124756,0.391799,0.354555,0,1.26117e-43,2,300,0,0.210182,0.467186,0.391799,0.354555,0,1397.97,0.0028463,0.170414,0.814211,0.460735,0.05,300,300,300,300,300,300,281,300,300,82,86,94,45,49,86
erim,0,414,0,0.395379,0.129531,-0.438522,1.06021,2410.42,3.01036,8.02469,0.547361,0.145262,0.0568986,0.0156833,0.0241487,0.605383,0.132297,0.351861,0.556843,1,1,0,90,1,0.476927,0.510158,0.24166,0.604597,1,2356.22,0.0028463,0.170414,0.814211,0.460735,0.05,300,300,300,300,300,300,75,90,166,65,69,77,46,50,58
erim,0,415,2,0.35295,0.183632,-0.00594509,0.927575,1775,0.16458,5.91613,0.134747,0.0494347,0.0439353,0.0108743,0.0566725,0.157395,0.0444478,0.416237,0.182242,0,0.00024271,1,101,1,0.124011,0.219811,0.376787,0.207333,1,1763.05,0.0028463,0.170414,0.814211,0.460735,0.05,300,300,300,300,300,300,83,101,109,50,62,70,38,42,50
erim,0,416,3,0.365941,0.0882431,0.080357,0.928292,1907.14,0.582399,6.35519,0.228429,0.0186284,0.0191574,0.00673248,0.027917,0.192888,0.188877,0.335389,0.130482,1,1,13,107,1,0.131387,0.279221,0.379538,0.146098,1,1897.38,0.0028463,0.170414,0.814211,0.460735,0.05,300,300,300,300,300,300,77,107,300,46,56,75,41,45,53
erim,0,417,6,0.537745,0.012348,-0.273664,1.00206,2477.75,3.67826,8.2469,0.597451,0.198204,0.0102368,0.0105292,0.0187692,0.280355,0.347361,0.517113,0.572927,1,1,21,300,0,0.597451,0.280355,0.517113,0.572927,1,2474.07,0.0028463,0.170414,0.814211,0.460735,0.05,300,300,300,300,300,300,60,300,300,52,62,70,40,44,52
erim,0,418,3,0.55676,0.0340366,0.067512,1.09034,2410.41,0.0759195,8.03444,0.106447,0.0187196,0.0244903,0.0061141,0.0125339,0.545049,0.140252,0.481661,0.106796,1,1,0,102,1,0.127795,0.329566,0.583753,0.0805948,1,2399.08,0.0028463,0.170414,0.814211,0.460735,0.05,300,300,300,300,300,300,98,102,243,66,70,95,47,51,70
erim,0,419,2,0.144543,0.0559639,0.139894,0.91052,1084.65,0.374746,3.61424,0.208525,0.00661673,0.0315239,0.0105559,0.0291611,0.362004,0.142171,0.232148,0.142019,1,1,15,139,1,0.0703301,0.260062,0.138509,0.158513,1,1073.74,0.0028463,0.170414,0.814211,0.460735,0.05,300,300,300,300,300,300,80,139,300,54,58,66,48,52,60
erim,0,420,5,0.265549,0.105357,0.330775,0.960781,1420.27,0.0055055,4.73423,0.0447765,0.0447765,0.0199071,0.00493253,0.0233583,0.735811,0.184465,0.222709,0.287922,1,1,7,115,1,0.191905,0.390914,0.317515,0.127312,1,1397.88,0.0028463,0.170414,0.814211,0.460735,0.05,300,300,300,300,300,300,111,115,300,63,67,75,36,58,66
erim,0,421,0,0.428219,0.0696114,-0.405383,1.04565,1009.46,1.87089,3.35865,0.436257,0.27791,0.00968663,0.0117278,0.0212993,0.324034,0.146367,0.594664,0.446527,1,1,14,158,1,0.317469,0.498157,0.54783,0.586448,1,978.392,0.0028463,0.170414,0.814211,0.460735,0.05,300,300,300,300,300,300,154,158,300,45,49,57,35,39,47
erim,0,422,1,0.411124,0.0701053,-0.326067,0.929587,2399.37,3.07153,7.98765,0.555878,0.284323,0.0480245,0.0120345,0.0510612,0.354584,0.124342,0.396,0.517965,1,1,0,70,1,0.496776,0.377034,0.373795,0.478023,1,2347.48,0.0028463,0.170414,0.814211,0.460735,0.05,300,300,300,300,300,300,66,70,300,60,64,72,39,59,67
erim,0,423,6,0.457993,0.0638256,-0.424822,1.02017,2124.65,2.50856,7.07382,0.51985,0.293943,0.0197075,0.00161905,0.0263457,0.178258,0.199038,0.421009,0.718705,1,1,47,69,1,0.579031,0.365477,0.522536,0.679321,1,2055.51,0.0028463,0.170414,0.814211,0.460735,0.05,300,300,300,300,300,300,65,69,300,58,62,70,42,46,54
erim,0,424,5,0.34708,0.0224078,-0.375969,0.988983,1577.31,2.60873,5.24901,0.504866,0.149572,0.0233366,0.0104037,0.0304406,0.366925,0.42601,0.372061,0.555922,1,1,0,61,1,0.401361,0.531999,0.436639,0.506148,0,1509.43,0.0028463,0.170414,0.814211,0.460735,0.05,300,300,300,300,300,300,57,61,300,47,51,59,45,49,57
erim,0,425,1,0.324701,0.0942949,-0.218148,1.06411,2030.84,1.81111,6.76344,0.439092,0.0769209,0.0425771,0.00979619,0.0302883,0.145418,0.318163,0.37714,0.398116,0,2.34041e-27,27,168,1,0.39425,0.400572,0.399593,0.493254,0,2001.72,0.0028463,0.170414,0.814211,0.460735,0.05,300,300,300,300,300,300,59,168,205,56,60,68,36,57,65
erim,0,426,5,0.440634,0.0271729,0.390888,1.06034,1164.13,0.46209,3.87888,0.200609,0.0117005,0.0184483,0.00322176,0.0194161,0.537948,0.213808,0.593608,0.0848901,1,1,13,300,0,0.200609,0.537948,0.593608,0.0848901,1,1163.66,0.0028463,0.170414,0.814211,0.460735,0.05,300,300,300,300,300,300,142,300,300,60,64,72,47,51,59
erim,0,427,0,0.517961,0.0897886,0.329381,1.05817,2313.48,0.144323,7.71113,0.108886,0.0225614,0.0313126,0.00256962,0.0193167,0.0829145,0.0854866,0.624342,0.499103,1,1,20,228,1,0.103731,0.388338,0.573014,0.340632,1,2309.12,0.0028463,0.170414,0.814211,0.460735,0.05,300,300,300,300,300,300,147,228,236,69,73,96,52,56,75
erim,0,428,4,0.322814,0.101083,-0.24798,1.03373,1294.05,1.67835,4.30789,0.409893,0.13311,0.0193684,0.0138286,0.0214836,0.115091,0.280134,0.39963,0.439078,1,1,20,90,1,0.332154,0.347987,0.420363,0.368471,1,1269.17,0.0028463,0.170414,0.814211,0.460735,0.05,300,300,300,300,300,300,86,90,168,56,69,77,42,46,54
erim,0,429,6,0.215683,0.167167,-0.0866183,1.00295,1264.67,0.190446,4.21492,0.154499,0.0590555,0.0128036,0.00894397,0.0210326,0.297415,0.151285,0.391799,0.204352,1,1,0,86,1,0.299871,0.258316,0.450327,0.104244,1,1247.1,0.0028463,0.170414,0.814211,0.460735,0.05,300,300,300,300,300,300,56,86,121,47,51,59,40,44,52
erim,0,430,2,0.334756,0.131251,0.498293,0.963076,2181.47,0.197233,7.2709,0.177699,0.0408109,0.0275592,0.00685472,0.0339019,0.611453,0.10617,0.30846,0.233173,1,1,17,300,0,0.177699,0.611453,0.30846,0.233173,1,2181.27,0.0028463,0.170414,0.814211,0.460735,0.05,300,300,300,300,300,300,165,300,300,52,56,90,44,48,56
erim,0,431,6,0.500557,0.0927651,-0.218089,1.08217,1089.03,1.2986,3.62577,0.361493,0.0545735,0.0122482,0.0178022,0.032335,0.537644,0.187189,0.432126,0.351674,1,1,2,59,1,0.237773,0.19171,0.402159,0.366638,1,1064.39,0.0028463,0.170414,0.814211,0.460735,0.05,300,300,300,300,300,300,55,59,101,45,49,57,35,47,55
erim,0,432,0,0.461135,0.057457,0.165038,1.0056,1553.81,0.374371,5.17813,0.200383,0.0184867,0.0214013,0.00194309,0.0252207,0.158632,0.125589,0.787192,0.117237,1,1,21,188,1,0.149238,0.342594,0.448483,0.261559,1,1547.45,0.0028463,0.170414,0.814211,0.460735,0.05,300,300,300,300,300,300,67,188,300,62,66,74,53,57,65
erim,0,433,0,0.541763,0.195732,-0.434967,0.984955,1817.83,5.67986,6.04049,0.753675,0.0369341,0.0180316,0.0119552,0.0406911,0.534571,0.299234,0.655547,0.64877,1,1,1,62,1,0.819665,0.693253,0.683185,0.577898,1,1740.46,0.0028463,0.170414,0.814211,0.460735,0.05,300,300,300,300,300,300,52,62,300,50,54,62,45,49,57
erim,0,434,5,0.548349,0.0717992,0.311115,1.09587,1780.14,0.168319,5.93325,0.122954,0.014711,0.0165672,0.0075474,0.0199992,0.251822,0.173413,0.419704,0.18487,1,1,0,300,0,0.122954,0.251822,0.419704,0.18487,1,1779.98,0.0028463,0.170414,0.814211,0.460735,0.05,300,300,300,300,300,300,111,300,300,87,98,148,47,51,75
erim,0,435,5,0.299991,0.0789739,-0.137008,0.990671,1290.96,2.939,4.29339,0.547334,0.0490011,0.0178605,0.0196005,0.0292492,0.639005,0.0987062,0.356731,0.166017,1,1,30,77,1,0.402718,0.419275,0.328275,0.231045,1,1262.46,0.0028463,0.170414,0.814211,0.460735,0.05,300,300,300,300,300,300,66,77,300,46,56,64,38,42,50
erim,0,436,7,0.432851,0.128038,-0.498842,0.957659,1946.91,4.16955,6.47579,0.623088,0.323975,0.0158982,0.0139497,0.068654,0.705738,0.0992612,0.556137,0.690338,1,1,24,94,1,0.634938,0.588486,0.591119,0.420167,1,1865.39,0.0028463,0.170414,0.814211,0.460735,0.05,300,300,300,300,300,300,82,94,300,52,56,64,48,52,60
erim,0,437,1,0.250843,0.191707,-0.0399078,0.969299,1633.54,0.281887,5.4442,0.181581,0.0283581,0.0422949,0.013067,0.0137764,0.270857,0.169135,0.373923,0.255972,1,1,5,167,1,0.263269,0.0788007,0.419596,0.238109,1,1625.52,0.0028463,0.170414,0.814211,0.460735,0.05,300,300,300,300,300,300,96,167,300,50,64,81,46,50,58
erim,0,438,0,0.61681,0.0569022,0.198443,0.960827,1478.8,0.106128,4.92899,0.0949278,0.00987105,0.0405417,0.00916343,0.0376322,0.330872,0.15794,0.611323,0.0898456,1,1,19,115,1,0.12615,0.206214,0.620787,0.0722586,1,1466.95,0.0028463,0.170414,0.814211,0.460735,0.05,300,300,300,300,300,300,111,115,123,67,86,94,43,62,70
erim,0,439,5,0.350672,0.137132,-0.163497,0.930247,1807.88,1.18618,6.02232,0.348478,0.131721,0.0275106,0.0238736,0.0372366,0.208933,0.0913423,0.334517,0.279058,1,1,0,66,1,0.265147,0.154711,0.524371,0.340929,1,1782.48,0.0028463,0.170414,0.814211,0.460735,0.05,300,300,300,300,300,300,62,66,231,47,51,59,44,48,56
erim,0,440,5,0.191467,0.137158,0.240443,0.978949,1008.43,0.112521,3.36106,0.107898,0.0248044,0.0215575,0.00859191,0.0182026,0.238091,0.0134026,0.225004,0.0247732,1,1,17,87,1,0.392255,0.233554,0.383579,0.154289,1,993.781,0.0028463,0.170414,0.814211,0.460735,0.05,300,300,300,300,300,300,83,87,300,56,60,68,27,37,45
erim,0,441,6,0.431981,0.0406939,-0.106476,0.943809,1154.39,0.94472,3.84482,0.29991,0.0501835,0.0251733,0.0168995,0.0571073,0.106547,0.354397,0.579321,0.130201,1,1,2,252,1,0.466991,0.302487,0.400253,0.353271,1,1141.87,0.0028463,0.170414,0.814211,0.460735,0.05,300,300,300,300,300,300,116,252,300,47,51,92,39,43,51
erim,0,442,2,0.348076,0.147054,0.0525206,0.90791,1056.98,0.0911376,3.52295,0.0765179,0.0223786,0.0204277,0.0177332,0.0323514,0.39601,0.213842,0.50277,0.245443,0,1.39062e-35,24,86,1,0.1398,0.27286,0.363952,0.141732,0,1046.2,0.0028463,0.170414,0.814211,0.460735,0.05,300,300,300,300,300,300,66,86,300,54,58,66,51,55,63
erim,0,443,7,0.347576,0.0808054,-0.44612,0.978828,1298.36,2.13693,4.32074,0.433168,0.324761,0.0144161,0.012562,0.0547569,0.306717,0.359756,0.248078,0.735318,1,1,0,63,1,0.78025,0.659718,0.357763,0.661074,1,1212.76,0.0028463,0.170414,0.814211,0.460735,0.05,300,300,300,300,300,300,52,63,251,47,51,59,33,50,58
erim,0,444,7,0.40249,0.190098,0.488615,0.951032,1537.65,0.46748,5.12395,0.193319,0.0423796,0.0162968,0.00476941,0.0377687,0.422585,0.049129,0.52,0.202895,1,1,6,300,0,0.193319,0.422585,0.52,0.202895,1,1537.19,0.0028463,0.170414,0.814211,0.460735,0.05,300,300,300,300,300,300,167,300,300,64,68,100,46,50,58
erim,0,445,2,0.438036,0.178741,-0.0318912,1.04289,1136.43,0.183449,3.78748,0.116589,0.0657837,0.0455968,0.0180878,0.0130084,0.342887,0.25197,0.296185,0.177524,1,1,8,61,1,0.450901,0.260316,0.50711,0.0951074,1,1118.89,0.0028463,0.170414,0.814211,0.460735,0.05,300,300,300,300,300,300,57,61,126,47,51,59,40,44,52
erim,0,446,1,0.377625,0.173819,0.101203,0.978009,1018.99,0.230153,3.39587,0.160268,0.0223921,0.0209713,0.0159612,0.0327138,0.164186,0.178333,0.338068,0.19387,0,1.08228e-25,1,89,1,0.0925169,0.44617,0.20906,0.0548116,1,1006.42,0.0028463,0.170414,0.814211,0.460735,0.05,300,300,300,300,300,300,64,89,227,46,50,75,42,46,54
erim,0,447,3,0.324621,0.194452,0.0432259,1.03188,1114.77,0.157472,3.71538,0.100175,0.0216232,0.0252539,0.00498041,0.0286622,0.384718,0.262425,0.348448,0.137536,1,1,1,110,1,0.201744,0.17421,0.363575,0.14846,1,1107.13,0.0028463,0.170414,0.814211,0.460735,0.05,300,300,300,300,300,300,63,110,296,49,53,61,33,48,56
erim,0,448,1,0.358427,0.182054,0.419181,0.925247,1235.8,0.166701,4.11876,0.163884,0.0464889,0.0319402,0.00746417,0.0187463,0.358831,0.140171,0.506064,0.241553,1,1,0,225,1,0.126904,0.107412,0.261334,0.180154,1,1228.97,0.0028463,0.170414,0.814211,0.460735,0.05,300,300,300,300,300,300,138,225,300,47,76,84,37,41,49
erim,0,449,1,0.429024,0.0666413,0.0655501,0.983961,1270.46,0.28054,4.23394,0.174198,0.0393719,0.0319571,0.0176395,0.0371161,0.25113,0.165394,0.574454,0.169751,0,4.53093e-26,0,129,1,0.225137,0.30687,0.537621,0.17549,1,1262.04,0.0028463,0.170414,0.814211,0.460735,0.05,300,300,300,300,300,300,98,129,163,53,57,65,34,38,58
erim,0,450,3,0.555368,0.106034,-0.455238,1.00663,2185.33,3.6612,7.27223,0.635382,0.121337,0.0265996,0.0108428,0.0366239,0.460385,0.146998,0.439841,0.732383,1,1,18,150,1,0.481127,0.432262,0.454731,0.590144,1,2111,0.0028463,0.170414,0.814211,0.460735,0.05,300,300,300,300,300,300,60,150,170,48,52,60,41,45,53
erim,0,451,2,0.411304,0.103607,-0.46853,0.999782,2074.79,4.60919,6.9006,0.693753,0.293085,0.0272149,0.0161321,0.025559,0.284226,0.227646,0.382375,0.733642,1,1,6,226,1,0.558246,0.751847,0.340812,0.471327,1,2039.77,0.0028463,0.170414,0.814211,0.460735,0.05,300,300,300,300,300,300,81,226,300,50,54,75,43,47,55
erim,0,452,4,0.258893,0.1599,0.119028,1.02562,1658.23,0.168889,5.52688,0.143245,0.0233277,0.0380929,0.0106035,0.0279805,0.216345,0.193272,0.356544,0.0716822,1,1,28,100,1,0.0694679,0.332425,0.23736,0.101658,1,1649.38,0.0028463,0.170414,0.814211,0.460735,0.05,300,300,300,300,300,300,73,100,300,71,75,83,46,50,58
erim,0,453,4,0.42652,0.0399436,-0.157306,0.982348,1213.22,0.4074,4.04272,0.197477,0.142201,0.00695067,0.00967282,0.0308937,0.393097,0.116088,0.375054,0.267068,1,1,20,127,1,0.4467,0.158758,0.342087,0.368352,1,1185.14,0.0028463,0.170414,0.814211,0.460735,0.05,300,300,300,300,300,300,62,127,205,50,61,69,35,39,47
erim,0,454,6,0.278418,0.133468,-0.47287,1.05719,1542.73,3.84569,5.12962,0.624955,0.344578,0.014303,0.0074878,0.0234472,0.500934,0.18311,0.228572,0.614001,1,1,4,183,1,0.535137,0.34528,0.282825,0.611384,1,1506.62,0.0028463,0.170414,0.814211,0.460735,0.05,300,300,300,300,300,300,58,183,300,57,61,69,36,40,48
erim,0,455,3,0.50963,0.0562642,-0.398456,1.00898,1226.56,2.55652,4.08,0.516593,0.403341,0.0279513,0.00331645,0.00941961,0.555051,0.227372,0.448226,0.694362,0,0,0,163,1,0.803925,0.66695,0.646233,0.478888,0,1168.38,0.0028463,0.170414,0.814211,0.460735,0.05,300,300,300,300,300,300,62,163,300,51,55,63,41,45,53
erim,0,456,7,0.413833,0.166409,0.204756,0.964832,1008.98,0.219819,3.36254,0.117041,0.0135955,0.0266081,0.0129001,0.0392642,0.445235,0.128011,0.562162,0.136905,1,1,1,133,1,0.116729,0.316885,0.625373,0.110102,1,999.426,0.0028463,0.170414,0.814211,0.460735,0.05,300,300,300,300,300,300,99,133,300,61,65,73,27,31,39
erim,0,457,2,0.461115,0.0485716,0.428233,1.0941,1598.86,0.53338,5.32777,0.231807,0.00655112,0.0302942,0.0278723,0.0328737,0.282984,0.108316,0.473708,0.272136,1,1,18,143,1,0.130592,0.681002,0.412593,0.659637,1,1573.82,0.0028463,0.170414,0.814211,0.460735,0.05,300,300,300,300,300,300,95,143,300,89,93,101,38,50,75
erim,0,458,1,0.242729,0.0563502,-0.30704,1.06957,2489.12,2.51583,8.28867,0.487538,0.277168,0.0191835,0.0104035,0.0332921,0.253976,0.175643,0.161014,0.49369,0,1.33978e-41,23,172,1,0.466466,0.343154,0.288029,0.644921,0,2447.43,0.0028463,0.170414,0.814211,0.460735,0.05,300,300,300,300,300,300,79,172,300,53,57,79,42,46,54
erim,0,459,3,0.297844,0.0694949,0.249078,1.09423,1761.63,0.274004,5.87119,0.139684,0.0161599,0.0255503,0.00825251,0.0317987,0.116374,0.0950081,0.378912,0.136365,1,1,15,114,1,0.234209,0.34428,0.506116,0.379298,1,1745.42,0.0028463,0.170414,0.814211,0.460735,0.05,300,300,300,300,300,300,85,114,300,42,53,90,40,44,61
erim,0,460,5,0.407471,0.0341546,0.424305,1.0081,1981.25,1.28771,6.59986,0.338612,0.042028,0.0347142,0.00727836,0.0183581,0.318041,0.247705,0.463403,0.323029,1,1,0,300,0,0.338612,0.318041,0.463403,0.323029,1,1979.96,0.0028463,0.170414,0.814211,0.460735,0.05,300,300,300,300,300,300,300,300,300,94,98,106,46,57,65
erim,0,461,3,0.440203,0.125276,0.26757,0.986294,1033.2,0.243824,3.4432,0.168375,0.0122596,0.0254275,0.0120836,0.0454565,0.315059,0.12381,0.653471,0.181541,1,1,0,88,1,0.200827,0.278374,0.485444,0.0826825,1,1016.14,0.0028463,0.170414,0.814211,0.460735,0.05,300,300,300,300,300,300,84,88,300,63,67,86,30,42,69
erim,0,462,5,0.50675,0.139035,-0.368051,0.996747,1271.61,1.83997,4.23258,0.422475,0.252976,0.0218066,0.0268922,0.0191074,0.22803,0.274018,0.46104,0.504233,1,1,15,219,1,0.38394,0.311902,0.52483,0.54612,1,1252.19,0.0028463,0.170414,0.814211,0.460735,0.05,300,300,300,300,300,300,150,219,276,51,55,93,29,33,41
erim,0,463,3,0.397051,0.112208,0.12146,1.07073,1358.77,0.105239,4.52888,0.104756,0.0134186,0.0153907,0.00702838,0.0235004,0.127643,0.0527811,0.237427,0.0933586,0,0.0183047,1,116,1,0.0529602,0.434184,0.404869,0.115267,0,1350.44,0.0028463,0.170414,0.814211,0.460735,0.05,300,300,300,300,300,300,112,116,187,45,64,108,43,47,55
erim,0,464,4,0.402662,0.126588,-0.0139401,1.02584,1496.15,0.0407962,4.98704,0.0822565,0.0167711,0.00285512,0.0111318,0.0253482,0.127181,0.214616,0.377265,0.192053,1,1,23,177,1,0.147824,0.208178,0.595359,0.0820573,1,1489.69,0.0028463,0.170414,0.814211,0.460735,0.05,300,300,300,300,300,300,143,177,300,50,54,62,36,40,48
erim,0,465,5,0.377278,0.126066,0.0644071,1.04962,1566.86,0.0185283,5.22281,0.0300771,0.0136582,0.0382051,0.00944045,0.0286644,0.256445,0.117317,0.231966,0.109594,1,1,0,97,1,0.0651819,0.442793,0.289964,0.0887818,1,1559.31,0.0028463,0.170414,0.814211,0.460735,0.05,300,300,300,300,300,300,72,97,300,65,69,77,40,44,66
erim,0,466,2,0.238247,0.121432,-0.115405,1.06517,1545.7,1.07433,5.14874,0.328759,0.0739232,0.0199665,0.01091,0.025768,0.223578,0.286373,0.153538,0.315103,0,2.72262e-14,0,300,0,0.328759,0.223578,0.153538,0.315103,0,1544.62,0.0028463,0.170414,0.814211,0.460735,0.05,300,300,300,300,300,300,110,300,300,52,56,64,46,50,58
erim,0,467,4,0.5356,0.112623,-0.155183,0.985595,959.674,0.562465,3.19704,0.231351,0.195803,0.0332166,0.0107683,0.0165701,0.152608,0.175629,0.343001,0.281961,1,1,10,94,1,0.461364,0.219872,0.38342,0.343464,1,922.786,0.0028463,0.170414,0.814211,0.460735,0.05,300,300,300,300,300,300,77,94,272,43,47,55,32,44,52
erim,0,468,0,0.472828,0.156543,0.448941,1.06975,1244.05,0.327033,4.14574,0.205722,0.0269411,0.0262542,0.00737359,0.0369421,0.572049,0.11243,0.343553,0.292936,1,1,0,218,1,0.158636,0.10149,0.291503,0.474057,1,1233.48,0.0028463,0.170414,0.814211,0.460735,0.05,300,300,300,300,300,300,214,218,300,53,57,85,37,51,59
erim,0,469,2,0.39573,0.13393,-0.248748,1.0463,2333.34,1.60609,7.77244,0.405534,0.170295,0.0220296,0.00718971,0.043967,0.36519,0.202881,0.415031,0.340992,1,1,0,163,1,0.2347,0.123175,0.336485,0.507047,1,2312.26,0.0028463,0.170414,0.814211,0.460735,0.05,300,300,300,300,300,300,75,163,239,67,71,79,47,51,59
erim,0,470,3,0.479956,0.125036,0.373833,0.996836,1410.69,0.0724653,4.70207,0.11706,0.0153658,0.0156286,0.0214534,0.0345047,0.236122,0.0987195,0.426514,0.229073,0,5.45134e-23,-1,127,1,0.128282,0.428994,0.36516,0.258194,0,1393.28,0.0028463,0.170414,0.814211,0.460735,0.05,300,300,300,300,300,300,117,127,300,61,65,73,39,43,51
erim,0,471,5,0.418159,0.156058,-0.346005,1.00608,2147.9,0.535053,7.1579,0.233982,0.233982,0.0423614,0.0180606,0.0427366,0.338252,0.277986,0.496721,0.445368,1,1,0,73,1,0.66635,0.521757,0.27671,0.343821,1,2077.52,0.0028463,0.170414,0.814211,0.460735,0.05,300,300,300,300,300,300,62,73,90,50,54,74,44,48,56
erim,0,472,1,0.372703,0.0950726,-0.337771,0.944728,1643.79,1.83247,5.47319,0.412859,0.245182,0.0312838,0.0139621,0.0270754,0.263598,0.0939897,0.363819,0.513137,0,6.90562e-35,0,77,1,0.559219,0.294089,0.279643,0.357399,0,1580.11,0.0028463,0.170414,0.814211,0.460735,0.05,300,300,300,300,300,300,73,77,85,52,56,64,50,54,62
erim,0,473,4,0.459696,0.0339353,0.0706676,0.938284,1128.91,1.67255,3.75744,0.379511,0.0598288,0.0271744,0.0139279,0.00888574,0.671567,0.416766,0.288969,0.266914,1,1,10,300,0,0.379511,0.671567,0.288969,0.266914,1,1127.23,0.0028463,0.170414,0.814211,0.460735,0.05,300,300,300,300,300,300,111,300,300,52,56,64,35,39,47
erim,0,474,4,0.636273,0.190522,-0.167285,0.916199,1457.39,0.625058,4.85587,0.231282,0.0644876,0.0168044,0.00521849,0.0441776,0.497409,0.157547,0.794503,0.285581,1,1,22,55,1,0.188505,0.32524,0.699912,0.342215,1,1425.86,0.0028463,0.170414,0.814211,0.460735,0.05,300,300,300,300,300,300,51,55,149,48,52,60,45,49,57
erim,0,475,2,0.403726,0.149377,-0.187488,1.0218,1736.26,1.00093,5.78419,0.296447,0.103212,0.0281859,0.0116295,0.0539639,0.481887,0.367344,0.541266,0.368702,1,1,0,75,1,0.429551,0.390281,0.358118,0.357079,1,1710.05,0.0028463,0.170414,0.814211,0.460735,0.05,300,300,300,300,300,300,71,75,271,54,66,74,40,49,57
erim,0,476,4,0.418129,0.148865,-0.199024,1.01199,1995.08,0.708766,6.64789,0.293668,0.0613491,0.0247815,0.00600872,0.0318906,0.141589,0.181213,0.53269,0.376069,1,1,32,65,1,0.240972,0.157671,0.484807,0.512261,1,1971.15,0.0028463,0.170414,0.814211,0.460735,0.05,300,300,300,300,300,300,61,65,219,46,50,58,40,44,52
erim,0,477,7,0.44296,0.0383635,-0.440097,0.924868,1231.34,4.72351,4.08871,0.674988,0.61972,0.0118247,0.0109217,0.0301855,0.640897,0.178825,0.443906,0.529931,1,1,21,230,1,1.0122,0.670633,0.386935,0.267074,1,1175.61,0.0028463,0.170414,0.814211,0.460735,0.05,300,300,300,300,300,300,136,230,300,35,39,47,26,30,47
erim,0,478,7,0.55141,0.0817994,-0.460467,1.01919,1359.39,2.43242,4.52318,0.489213,0.413588,0.0322526,0.0124718,0.0207112,0.681629,0.215895,0.449261,0.66641,1,1,0,94,1,0.534002,0.54791,0.462265,0.615921,1,1286.04,0.0028463,0.170414,0.814211,0.460735,0.05,300,300,300,300,300,300,51,94,212,47,51,59,36,40,48
erim,0,479,6,0.228984,0.0614707,0.394412,1.08288,1741.3,0.139673,5.80386,0.12758,0.00503132,0.0154612,0.0180909,0.0148954,0.549569,0.0719043,0.161937,0.201836,1,1,16,300,0,0.12758,0.549569,0.161937,0.201836,1,1741.16,0.0028463,0.170414,0.814211,0.460735,0.05,300,300,300,300,300,300,262,300,300,63,67,75,49,65,73
erim,0,480,6,0.383564,0.0255862,0.306609,1.0571,1497.95,0.25155,4.99233,0.137844,0.0184067,0.0212317,0.0061964,0.0302594,0.0745052,0.101496,0.531943,0.244003,1,1,19,95,1,0.159008,0.410869,0.316566,0.120541,1,1482.64,0.0028463,0.170414,0.814211,0.460735,0.05,300,300,300,300,300,300,91,95,300,51,65,73,45,49,57
erim,0,481,2,0.334553,0.0514017,0.494442,1.01978,1270.64,0.0771589,4.23519,0.0819891,0.00999467,0.0378387,0.00321366,0.0198093,0.701782,0.176344,0.27727,0.412058,1,1,0,300,0,0.0819891,0.701782,0.27727,0.412058,1,1270.56,0.0028463,0.170414,0.814211,0.460735,0.05,300,300,300,300,300,300,300,300,300,49,71,79,30,45,53
erim,0,482,3,0.397983,0.134297,0.160942,1.06182,1077.81,0.206938,3.59199,0.138505,0.010799,0.0188096,0.0119396,0.0207229,0.183976,0.206147,0.581634,0.0666911,1,1,9,125,1,0.104532,0.221527,0.425349,0.0341253,1,1069.85,0.0028463,0.170414,0.814211,0.460735,0.05,300,300,300,300,300,300,86,125,300,46,62,70,42,46,68
erim,0,483,2,0.429478,0.0474413,0.35541,0.927325,1930.02,0.0895821,6.43311,0.0795745,0.0113834,0.0274067,0.0118085,0.0198094,0.414889,0.198893,0.451982,0.101164,1,1,17,300,0,0.0795745,0.414889,0.451982,0.101164,1,1929.93,0.0028463,0.170414,0.814211,0.460735,0.05,300,300,300,300,300,300,203,300,300,59,63,71,47,51,59
erim,0,484,5,0.453357,0.0652423,0.109339,0.918084,1540.29,0.0545618,5.13412,0.0795629,0.0424884,0.0214928,0.00728794,0.0343724,0.36423,0.0544271,0.581532,0.115222,1,1,23,179,1,0.099577,0.293795,0.417607,0.0962083,1,1531.08,0.0028463,0.170414,0.814211,0.460735,0.05,300,300,300,300,300,300,175,179,294,78,106,131,44,48,83
erim,0,485,2,0.441863,0.0197531,-0.469756,0.945099,1567.32,3.21409,5.21367,0.572001,0.434224,0.019545,0.0253514,0.0272909,0.587615,0.186614,0.404169,0.59592,1,1,1,151,1,0.73119,0.686329,0.497264,0.678846,1,1503.7,0.0028463,0.170414,0.814211,0.460735,0.05,300,300,300,300,300,300,147,151,300,50,69,132,41,45,53
erim,0,486,6,0.550695,0.0263101,-0.0564724,1.00854,1723.7,1.00797,5.7423,0.309177,0.143247,0.0189581,0.00928979,0.0152466,0.469908,0.240649,0.57135,0.333082,1,1,13,209,1,0.273909,0.244004,0.492168,0.305444,1,1708.71,0.0028463,0.170414,0.814211,0.460735,0.05,300,300,300,300,300,300,185,209,300,54,58,66,43,47,55
erim,0,487,7,0.408471,0.0416259,0.39141,0.914249,922.248,0.333213,3.07305,0.178466,0.0241913,0.0134854,0.0057134,0.013125,0.355244,0.112655,0.369896,0.287917,1,1,1,244,1,0.0381481,0.570995,0.447404,0.121287,1,914.397,0.0028463,0.170414,0.814211,0.460735,0.05,300,300,300,300,300,300,79,244,300,52,56,64,28,32,40
erim,0,488,2,0.347024,0.137106,-0.145214,1.07053,816.979,1.58723,2.71797,0.397736,0.0993059,0.0238382,0.00969401,0.0198976,0.309093,0.188055,0.524208,0.356532,0,1.69765e-14,19,68,1,0.445591,0.157382,0.291258,0.263786,1,791.297,0.0028463,0.170414,0.814211,0.460735,0.05,300,300,300,300,300,300,64,68,147,42,46,54,35,39,47
erim,0,489,3,0.497726,0.182094,-0.416592,0.934776,1382.27,3.68038,4.59529,0.594577,0.317428,0.0292428,0.00583821,0.0191391,0.409141,0.0975682,0.633023,0.581059,1,1,0,70,1,0.465833,0.491247,0.641475,0.627075,1,1314.1,0.0028463,0.170414,0.814211,0.460735,0.05,300,300,300,300,300,300,66,70,133,47,58,66,45,49,57
erim,0,490,0,0.393144,0.105983,-0.175849,1.00952,2045.39,1.57441,6.81272,0.384016,0.182153,0.0398517,0.0154706,0.0626134,0.382822,0.254394,0.427896,0.308309,1,1,25,117,1,0.402406,0.283599,0.405095,0.343375,1,2021.41,0.0028463,0.170414,0.814211,0.460735,0.05,300,300,300,300,300,300,90,117,300,53,57,65,38,50,58
erim,0,491,4,0.21771,0.0237546,0.478379,1.03329,1045.14,0.272392,3.4829,0.162768,0.0497331,0.0276554,0.00402879,0.0273421,0.432734,0.216111,0.18432,0.19303,1,1,21,300,0,0.162768,0.432734,0.18432,0.19303,1,1044.87,0.0028463,0.170414,0.814211,0.460735,0.05,300,300,300,300,300,300,205,300,300,49,62,70,38,42,50
erim,0,492,6,0.522602,0.0743117,-0.229644,1.09626,3049.54,0.862438,10.1623,0.288926,0.0667824,0.0175681,0.0157157,0.0403545,0.215557,0.200119,0.546333,0.415646,1,1,23,104,1,0.406364,0.193804,0.529465,0.428795,1,3021.9,0.0028463,0.170414,0.814211,0.460735,0.05,300,300,300,300,300,300,100,104,300,74,78,105,45,67,75
erim,0,493,5,0.316607,0.166552,-0.416726,1.05198,1397.89,1.21806,4.65557,0.363686,0.256955,0.0284429,0.0071843,0.0452882,0.496555,0.121432,0.395372,0.515415,1,1,8,74,1,0.7441,0.293802,0.136844,0.480401,1,1329.32,0.0028463,0.170414,0.814211,0.460735,0.05,300,300,300,300,300,300,70,74,91,46,61,69,40,44,52
erim,0,494,0,0.409982,0.110744,0.493543,1.05676,1211.27,0.150104,4.03705,0.122115,0.0459954,0.0378685,0.0176076,0.0488207,0.564378,0.0546037,0.655468,0.62072,1,1,16,300,0,0.122115,0.564378,0.655468,0.62072,1,1211.12,0.0028463,0.170414,0.814211,0.460735,0.05,300,300,300,300,300,300,84,300,300,52,56,93,35,39,62
erim,0,495,1,0.445478,0.095374,-0.379102,0.967988,2200.33,2.38374,7.32649,0.494253,0.14898,0.0376099,0.0140962,0.0189371,0.35438,0.23537,0.550445,0.594678,0,1.12592e-27,22,65,1,0.585687,0.129183,0.561338,0.656377,1,2131.5,0.0028463,0.170414,0.814211,0.460735,0.05,300,300,300,300,300,300,61,65,300,57,61,69,45,56,64
erim,0,496,5,0.492409,0.113593,0.0556823,0.960757,1545.68,0.301906,5.15126,0.188703,0.0453574,0.0173582,0.00985934,0.0120209,0.232032,0.156493,0.493727,0.212881,1,1,0,68,1,0.191586,0.227221,0.461758,0.130048,1,1529.53,0.0028463,0.170414,0.814211,0.460735,0.05,300,300,300,300,300,300,64,68,300,47,51,59,44,48,56
erim,0,497,0,0.106906,0.167564,-0.187333,1.08959,1192.95,1.04663,3.97301,0.326814,0.0389167,0.0164562,0.00809848,0.045005,0.403546,0.0336089,0.302455,0.274779,1,1,15,103,1,0.271337,0.187814,0.175692,0.377297,1,1175.74,0.0028463,0.170414,0.814211,0.460735,0.05,300,300,300,300,300,300,75,103,126,49,53,61,39,43,51
erim,0,498,3,0.301389,0.15996,0.455465,0.910531,894.891,0.743998,2.98049,0.25436,0.0242657,0.0109799,0.0109619,0.003466,0.284441,0.206354,0.34038,0.225522,1,1,0,300,0,0.25436,0.284441,0.34038,0.225522,1,894.147,0.0028463,0.170414,0.814211,0.460735,0.05,300,300,300,300,300,300,76,300,300,50,64,72,37,41,61
erim,0,499,7,0.123917,0.0254545,-0.447705,1.09872,1901.21,3.14816,6.32687,0.553894,0.223705,0.039473,0.0204465,0.0419029,0.484224,0.104808,0.172946,0.5313,1,1,20,201,1,0.51933,0.654653,0.144675,0.572406,1,1874.12,0.0028463,0.170414,0.814211,0.460735,0.05,300,300,300,300,300,300,144,201,300,49,71,79,41,45,53
erim,0,500,6,0.354641,0.154867,-0.16169,1.08565,1326.69,0.187742,4.42169,0.142672,0.125184,0.00122329,0.0138701,0.022772,0.204578,0.193816,0.440185,0.255866,1,1,8,71,1,0.242045,0.54908,0.328642,0.488612,1,1305.45,0.0028463,0.170414,0.814211,0.460735,0.05,300,300,300,300,300,300,67,71,103,61,65,73,33,37,45
erim,0,501,7,0.490786,0.00707998,0.146975,1.05369,1402.94,1.31688,4.67207,0.356871,0.0858361,0.0166788,0.0143657,0.022684,0.289086,0.208526,0.40059,0.071123,1,1,18,300,0,0.356871,0.289086,0.40059,0.071123,1,1401.62,0.0028463,0.170414,0.814211,0.460735,0.05,300,300,300,300,300,300,167,300,300,104,108,158,46,50,58
erim,0,502,7,0.221018,0.0126241,-0.205462,1.02656,1561.17,4.58166,5.18862,0.674915,0.342327,0.0250301,0.0159737,0.0259746,0.267395,0.368511,0.323228,0.518058,1,1,0,65,1,0.442924,0.159674,0.243989,0.499223,1,1481.16,0.0028463,0.170414,0.814211,0.460735,0.05,300,300,300,300,300,300,61,65,259,47,58,66,44,48,56
erim,0,503,0,0.234979,0.138729,-0.19659,1.09421,1066.88,0.331197,3.55515,0.159135,0.0741952,0.0303913,0.0131664,0.0252574,0.237596,0.185799,0.364282,0.355395,1,1,17,142,1,0.216915,0.436721,0.353165,0.38518,1,1054.85,0.0028463,0.170414,0.814211,0.460735,0.05,300,300,300,300,300,300,138,142,150,50,54,114,33,47,55
erim,0,504,3,0.317703,0.0283871,0.322861,1.09019,1633.86,0.111386,5.44582,0.0935247,0.0264743,0.0419517,0.00939022,0.0335127,0.367859,0.102168,0.286472,0.190198,1,1,14,275,1,0.183715,0.198702,0.239351,0.183779,1,1631.72,0.0028463,0.170414,0.814211,0.460735,0.05,300,300,300,300,300,300,205,275,300,88,92,100,40,44,63
erim,0,505,2,0.237733,0.076863,-0.201512,0.967268,2067.32,1.30357,6.88674,0.350817,0.194383,0.034714,0.00672586,0.015836,0.324956,0.0733217,0.146334,0.33248,1,1,0,63,1,0.286345,0.622209,0.500189,0.264402,1,2021.24,0.0028463,0.170414,0.814211,0.460735,0.05,300,300,300,300,300,300,59,63,300,55,59,67,37,41,49
erim,0,506,0,0.37796,0.0339066,-0.370647,1.08134,1624.74,6.13139,5.39535,0.785971,0.473799,0.0251481,0.0166164,0.0264642,0.423417,0.385733,0.433012,0.611578,1,1,18,174,1,0.741394,0.578825,0.45087,0.42623,1,1546.55,0.0028463,0.170414,0.814211,0.460735,0.05,300,300,300,300,300,300,164,174,300,62,66,74,44,48,56
erim,0,507,0,0.230741,0.098255,-0.31439,0.961045,1115.35,2.38101,3.70991,0.505625,0.330672,0.0323862,0.00306214,0.0136655,0.195845,0.251461,0.305354,0.540021,1,1,16,106,1,0.468368,0.464521,0.418508,0.562337,1,1062.57,0.0028463,0.170414,0.814211,0.460735,0.05,300,300,300,300,300,300,97,106,114,49,53,83,44,48,56
erim,0,508,4,0.429814,0.175416,-0.10102,1.07504,966.87,0.137259,3.22244,0.120703,0.0557521,0.0077201,0.0105658,0.0250037,0.25585,0.152033,0.55829,0.267201,1,1,16,95,1,0.202021,0.325849,0.536653,0.110217,1,955.897,0.0028463,0.170414,0.814211,0.460735,0.05,300,300,300,300,300,300,57,95,148,47,51,59,40,44,52
erim,0,509,2,0.341952,0.0895129,-0.447715,0.939048,1823.13,10.15,6.04327,1.00219,0.266292,0.0237235,0.0091398,0.0372494,0.701084,0.343535,0.32999,0.222212,1,1,1,86,1,0.664276,0.316708,0.245135,0.712762,1,1701.82,0.0028463,0.170414,0.814211,0.460735,0.05,300,300,300,300,300,300,54,86,300,44,48,56,40,44,52
erim,0,510,5,0.483487,0.165769,0.215658,1.02699,1552.86,0.257946,5.17534,0.157069,0.0274288,0.0268487,0.0144826,0.0435016,0.160431,0.0837892,0.648876,0.134302,1,1,10,187,1,0.141253,0.23194,0.481381,0.0308277,1,1546.59,0.0028463,0.170414,0.814211,0.460735,0.05,300,300,300,300,300,300,69,187,300,50,62,70,46,50,58
erim,0,511,1,0.362468,0.0619768,-0.0999804,0.9851,1708.43,0.594968,5.69277,0.261766,0.0401575,0.0248145,0.00909285,0.0328104,0.287694,0.0871537,0.350628,0.379116,0,2.16777e-12,0,66,1,0.0564143,0.183225,0.268628,0.133052,1,1675.58,0.0028463,0.170414,0.814211,0.460735,0.05,300,300,300,300,300,300,62,66,74,52,56,64,40,44,52
erim,0,512,1,0.206235,0.122275,-0.18272,1.06936,1462.41,0.839613,4.87189,0.277332,0.12162,0.0291388,0.00911261,0.0326026,0.305414,0.0757201,0.314522,0.309053,0,6.20924e-05,0,78,1,0.408639,0.4093,0.419758,0.333599,1,1441.44,0.0028463,0.170414,0.814211,0.460735,0.05,300,300,300,300,300,300,58,78,86,51,55,63,46,50,58
erim,0,513,7,0.525916,0.0972803,0.0676863,0.92288,1061.62,0.164413,3.53818,0.141382,0.0287157,0.0321717,0.0123084,0.0379409,0.33044,0.157997,0.538641,0.160411,1,1,19,96,1,0.130335,0.302748,0.354762,0.086889,1,1050.68,0.0028463,0.170414,0.814211,0.460735,0.05,300,300,300,300,300,300,92,96,226,66,70,78,39,50,58
erim,0,514,5,0.439274,0.102123,0.379662,1.02341,2269.17,0.230908,7.56312,0.126978,0.0330503,0.00980957,0.00643626,0.0156046,0.361177,0.111382,0.485146,0.054939,1,1,15,151,1,0.133455,0.330419,0.540072,0.132816,1,2251.67,0.0028463,0.170414,0.814211,0.460735,0.05,300,300,300,300,300,300,116,151,300,62,83,91,50,54,62
erim,0,515,3,0.546055,0.181601,0.00537848,0.976786,1225.29,0.823404,4.08157,0.284802,0.0313677,0.0255499,0.0195082,0.0336101,0.209149,0.279517,0.626326,0.122759,1,1,2,97,1,0.107628,0.354836,0.746048,0.334312,1,1215.1,0.0028463,0.170414,0.814211,0.460735,0.05,300,300,300,300,300,300,59,97,209,53,57,65,37,47,55
erim,0,516,5,0.16536,0.0137682,0.202375,1.03127,1812.5,0.31456,6.04062,0.159046,0.0295232,0.0358071,0.0203377,0.027003,0.287697,0.0445604,0.220822,0.067196,1,1,0,300,0,0.159046,0.287697,0.220822,0.067196,1,1812.19,0.0028463,0.170414,0.814211,0.460735,0.05,300,300,300,300,300,300,156,300,300,59,63,90,46,50,58
erim,0,517,2,0.214078,0.172089,-0.100361,0.929303,949.104,0.843358,3.16087,0.271264,0.065992,0.0419061,0.00877701,0.0107799,0.298569,0.13116,0.428667,0.202122,1,0.994591,6,55,1,0.578141,0.197001,0.164381,0.448405,1,923.688,0.0028463,0.170414,0.814211,0.460735,0.05,300,300,300,300,300,300,51,55,161,45,49,57,33,44,52
erim,0,518,5,0.396247,0.011541,-0.315174,1.07786,1343.31,6.14406,4.45721,0.789026,0.332798,0.035461,0.00755817,0.0107241,0.38481,0.424526,0.206652,0.457707,1,1,15,91,1,0.493116,0.432527,0.355128,0.434017,1,1258,0.0028463,0.170414,0.814211,0.460735,0.05,300,300,300,300,300,300,87,91,300,47,51,59,36,40,48
erim,0,519,2,0.388844,0.191078,0.137457,1.07355,1063.25,0.298153,3.54318,0.163423,0.0264822,0.0470406,0.0092262,0.0420319,0.226003,0.126956,0.578432,0.0756601,0,4.65021e-11,0,179,1,0.116842,0.149744,0.537717,0.0588301,1,1056.64,0.0028463,0.170414,0.814211,0.460735,0.05,300,300,300,300,300,300,72,179,300,61,65,73,36,40,48
erim,0,520,5,0.361866,0.160955,0.351019,1.07772,1141.45,0.0223778,3.80476,0.0464472,0.0204236,0.0167961,0.0103555,0.0504522,0.313721,0.0812172,0.685958,0.427627,1,1,0,143,1,0.157064,0.39457,0.649844,0.136703,1,1125,0.0028463,0.170414,0.814211,0.460735,0.05,300,300,300,300,300,300,85,143,300,53,57,65,44,48,56
erim,0,521,6,0.40757,0.00834267,-0.374793,0.999151,2512,3.58458,8.36139,0.584149,0.204427,0.0178684,0.0131975,0.0182515,0.489682,0.235177,0.346357,0.53914,1,1,23,151,1,0.885822,0.385,0.359853,0.54832,1,2421.74,0.0028463,0.170414,0.814211,0.460735,0.05,300,300,300,300,300,300,58,151,300,56,60,68,52,56,64
erim,0,522,7,0.247911,0.0991394,0.255766,0.915289,1083.33,0.0676304,3.61088,0.0757496,0.0129616,0.0140592,0.012468,0.0469153,0.320351,0.204648,0.404676,0.109223,1,1,0,92,1,0.140742,0.418504,0.217256,0.13347,1,1071.88,0.0028463,0.170414,0.814211,0.460735,0.05,300,300,300,300,300,300,88,92,300,44,68,76,42,46,54
erim,0,523,0,0.276105,0.0343476,0.167504,0.976414,1550,0.179238,5.16608,0.145369,0.0281823,0.0273288,0.0118998,0.0496277,0.522946,0.0869013,0.451382,0.13111,1,1,20,95,1,0.0853489,0.179062,0.393281,0.119976,1,1533.33,0.0028463,0.170414,0.814211,0.460735,0.05,300,300,300,300,300,300,69,95,300,54,58,66,38,42,50
erim,0,524,3,0.38269,0.00242224,0.313705,1.09382,1334.02,0.378557,4.44548,0.214778,0.0485416,0.0352167,0.0110332,0.0119515,0.58755,0.0943655,0.390729,0.474765,1,1,0,300,0,0.214778,0.58755,0.390729,0.474765,1,1333.64,0.0028463,0.170414,0.814211,0.460735,0.05,300,300,300,300,300,300,123,300,300,57,61,135,46,50,58
erim,0,525,7,0.5411,0.161489,-0.239372,1.08264,2350.97,1.57234,7.83133,0.417604,0.145074,0.0172994,0.0131126,0.0300741,0.202696,0.219797,0.637964,0.35114,1,1,19,90,1,0.280391,0.347044,0.392808,0.35535,1,2316.84,0.0028463,0.170414,0.814211,0.460735,0.05,300,300,300,300,300,300,69,90,98,63,67,75,45,55,63
erim,0,526,5,0.26801,0.0454513,-0.118376,1.01934,1758.34,0.540345,5.85934,0.251898,0.0804646,0.0162273,0.00741456,0.0280498,0.300611,0.171356,0.334221,0.26554,1,1,1,109,1,0.466798,0.160812,0.359368,0.198366,1,1736.56,0.0028463,0.170414,0.814211,0.460735,0.05,300,300,300,300,300,300,84,109,300,53,57,65,46,50,58
erim,0,527,6,0.494283,0.0458,-0.404744,1.02507,996.1,5.18819,3.30304,0.727426,0.31567,0.0212306,0.0129421,0.0187061,0.441882,0.346272,0.260066,0.383521,1,1,21,154,1,0.686341,0.223383,0.432318,0.744328,1,915.301,0.0028463,0.170414,0.814211,0.460735,0.05,300,300,300,300,300,300,45,154,300,41,45,53,35,39,47
erim,0,528,4,0.33221,0.11251,-0.130537,0.9337,2293.15,0.660912,7.64163,0.269037,0.144193,0.0335052,0.00603252,0.0228196,0.106267,0.146821,0.476569,0.106076,1,1,28,76,1,0.260475,0.122351,0.401697,0.345837,1,2268.14,0.0028463,0.170414,0.814211,0.460735,0.05,300,300,300,300,300,300,72,76,143,50,54,81,37,41,49
erim,0,529,2,0.281445,0.0930793,0.15771,1.05666,1024.71,0.0292308,3.41562,0.0232667,0.0232667,0.0221616,0.0077404,0.0323388,0.239119,0.13196,0.130259,0.15056,1,1,0,87,1,0.183325,0.218253,0.205441,0.0759045,1,1014.81,0.0028463,0.170414,0.814211,0.460735,0.05,300,300,300,300,300,300,83,87,95,46,76,84,34,38,46
erim,0,530,6,0.476137,0.131683,0.311727,0.970679,1200.12,0.523768,3.99864,0.240496,0.0158242,0.0270557,0.00851729,0.0270883,0.45704,0.116471,0.51284,0.169685,1,1,0,286,1,0.0410333,0.235253,0.627198,0.245799,1,1198.12,0.0028463,0.170414,0.814211,0.460735,0.05,300,300,300,300,300,300,99,286,300,44,60,86,36,40,48
erim,0,531,7,0.431919,0.126395,0.423946,0.988971,2407.5,1.10497,8.02133,0.345067,0.0141887,0.0198393,0.00849783,0.0131107,0.355516,0.131344,0.320341,0.193696,1,1,29,104,1,0.134492,0.361502,0.314133,0.0277421,1,2376.29,0.0028463,0.170414,0.814211,0.460735,0.05,300,300,300,300,300,300,100,104,300,70,74,108,49,53,61
erim,0,532,4,0.312136,0.138812,-0.281556,0.955776,1285.15,2.93569,4.27403,0.531525,0.231039,0.0148033,0.00759975,0.0270799,0.35132,0.29685,0.463491,0.476373,1,1,28,86,1,0.550316,0.573868,0.494515,0.420986,1,1233.3,0.0028463,0.170414,0.814211,0.460735,0.05,300,300,300,300,300,300,82,86,107,68,72,80,45,49,57
erim,0,533,6,0.162419,0.000310373,-0.100106,1.03456,983.444,6.05739,3.25795,0.784522,0.160601,0.0312162,0.0112988,0.0365069,0.229523,0.310307,0.211299,0.167575,1,1,4,101,1,0.262388,0.483862,0.275471,0.29279,1,915.333,0.0028463,0.170414,0.814211,0.460735,0.05,300,300,300,300,300,300,74,101,128,47,51,59,21,25,48
erim,0,534,7,0.155162,0.171975,0.303833,1.0108,2202.9,0.290563,7.34202,0.145481,0.0248328,0.00677187,0.00887124,0.0137827,0.291246,0.0659691,0.0965158,0.00938128,1,1,20,300,0,0.145481,0.291246,0.0965158,0.00938128,1,2202.61,0.0028463,0.170414,0.814211,0.460735,0.05,300,300,300,300,300,300,135,300,300,79,83,104,38,42,50
erim,0,535,7,0.355718,0.0149557,0.110457,0.981602,2160.93,1.11104,7.19939,0.319998,0.124803,0.0289724,0.0109114,0.0239913,0.425293,0.377191,0.346571,0.209047,1,1,14,300,0,0.319998,0.425293,0.346571,0.209047,1,2159.82,0.0028463,0.170414,0.814211,0.460735,0.05,300,300,300,300,300,300,300,300,300,69,73,81,45,49,57
erim,0,536,3,0.452551,0.129251,-0.113793,1.02323,1991.57,0.323493,6.6375,0.190312,0.0356725,0.0188006,0.0075414,0.0295192,0.212782,0.122511,0.376466,0.248163,1,1,12,81,1,0.247791,0.175987,0.279935,0.277432,1,1968.49,0.0028463,0.170414,0.814211,0.460735,0.05,300,300,300,300,300,300,53,81,300,51,55,63,42,52,60
erim,0,537,1,0.439787,0.0775326,0.358241,1.04028,1318.54,0.394488,4.39382,0.191391,0.0262108,0.0193377,0.0128018,0.0237061,0.596609,0.0761524,0.306956,0.114578,1,1,0,300,0,0.191391,0.596609,0.306956,0.114578,1,1318.15,0.0028463,0.170414,0.814211,0.460735,0.05,300,300,300,300,300,300,256,300,300,75,92,133,38,42,77
erim,0,538,0,0.336362,0.0506603,0.0546293,1.06786,1270.55,0.209296,4.23447,0.145588,0.0154084,0.00819569,0.0124974,0.0295194,0.183336,0.0679707,0.426045,0.0626331,1,1,18,91,1,0.215849,0.244682,0.569535,0.0927672,1,1257.99,0.0028463,0.170414,0.814211,0.460735,0.05,300,300,300,300,300,300,82,91,300,68,72,89,34,38,64
erim,0,539,5,0.456022,0.101226,-0.023486,0.947259,1275.13,0.134661,4.25,0.114077,0.020267,0.0139995,0.0173103,0.0205565,0.232279,0.143318,0.4791,0.136282,1,1,25,75,1,0.287221,0.402302,0.407727,0.143983,1,1254.5,0.0028463,0.170414,0.814211,0.460735,0.05,300,300,300,300,300,300,71,75,83,50,54,62,34,38,61
erim,0,540,6,0.155772,0.0183277,-0.149749,1.08567,1079.46,5.76552,3.57897,0.759471,0.419604,0.0303608,0.0143167,0.0260509,0.398611,0.294534,0.244322,0.203527,1,1,0,300,0,0.759471,0.398611,0.244322,0.203527,1,1073.69,0.0028463,0.170414,0.814211,0.460735,0.05,300,300,300,300,300,300,300,300,300,65,99,122,34,38,71
erim,0,541,1,0.464428,0.0689845,0.493637,0.994662,2373.11,0.292587,7.9094,0.174298,0.0317579,0.0246391,0.0083521,0.0265942,0.450708,0.0213198,0.314522,0.247904,1,1,14,300,0,0.174298,0.450708,0.314522,0.247904,1,2372.82,0.0028463,0.170414,0.814211,0.460735,0.05,300,300,300,300,300,300,300,300,300,77,104,179,55,59,84
erim,0,542,1,0.394241,0.0865596,0.395892,1.06467,915.86,0.07952,3.0526,0.131764,0.0195409,0.0204644,0.0103791,0.0333793,0.460138,0.0681604,0.485057,0.120735,0,2.58074e-17,0,300,0,0.131764,0.460138,0.485057,0.120735,0,915.78,0.0028463,0.170414,0.814211,0.460735,0.05,300,300,300,300,300,300,112,300,300,48,52,60,38,42,50
erim,0,543,2,0.326135,0.138203,-0.33348,1.05759,1772.97,0.835577,5.90712,0.302662,0.264929,0.011245,0.0141536,0.021009,0.495467,0.102127,0.514206,0.461274,1,1,47,102,1,0.445292,0.430777,0.408037,0.518342,1,1728.47,0.0028463,0.170414,0.814211,0.460735,0.05,300,300,300,300,300,300,98,102,300,53,57,65,34,38,64
erim,0,544,7,0.407737,0.159141,-0.0485957,1.00339,2083.76,0.715114,6.94347,0.244341,0.0213147,0.00877032,0.0103136,0.0263292,0.393156,0.21627,0.514068,0.246946,1,1,0,68,1,0.168761,0.209117,0.459465,0.269972,1,2071.44,0.0028463,0.170414,0.814211,0.460735,0.05,300,300,300,300,300,300,64,68,94,56,60,68,51,55,63
erim,0,545,1,0.264767,0.182894,0.123994,0.949697,1908.08,0.0429339,6.36012,0.0588741,0.0349699,0.0269248,0.00908363,0.0423345,0.375024,0.138314,0.301543,0.0803254,0,1.06734e-38,3,128,1,0.114631,0.387686,0.394126,0.0845714,0,1896.5,0.0028463,0.170414,0.814211,0.460735,0.05,300,300,300,300,300,300,81,128,300,57,61,83,50,54,62
erim,0,546,2,0.30384,0.112339,0.455919,0.905273,1273.1,0.264188,4.24279,0.207226,0.02032,0.0115745,0.0113589,0.0245454,0.424468,0.0185636,0.403336,0.396476,1,0.966326,1,300,0,0.207226,0.424468,0.403336,0.396476,1,1272.84,0.0028463,0.170414,0.814211,0.460735,0.05,300,300,300,300,300,300,72,300,300,55,72,80,42,46,54
erim,0,547,7,0.407594,0.152265,-0.414407,1.07077,1131.27,1.93767,3.76445,0.432716,0.234169,0.0305823,0.0122971,0.0183673,0.308116,0.207533,0.437846,0.551403,1,1,2,87,1,0.422293,0.491439,0.351459,0.570153,1,1092.59,0.0028463,0.170414,0.814211,0.460735,0.05,300,300,300,300,300,300,83,87,217,48,66,90,42,46,54
erim,0,548,1,0.374846,0.178827,0.260196,0.984123,1169.29,0.0735317,3.8974,0.0893402,0.0235277,0.0194124,0.0150843,0.0509197,0.283364,0.138686,0.469631,0.191911,1,0.997642,0,101,1,0.0465305,0.368115,0.353252,0.12236,1,1157.71,0.0028463,0.170414,0.814211,0.460735,0.05,300,300,300,300,300,300,97,101,109,62,76,104,35,39,47
erim,0,549,5,0.194071,0.194465,0.0647888,0.980159,1696.88,0.0703687,5.65602,0.104556,0.0325234,0.0220452,0.0100543,0.0106889,0.266204,0.0963748,0.305558,0.148055,1,1,0,73,1,0.195872,0.217492,0.351594,0.158679,1,1686.83,0.0028463,0.170414,0.814211,0.460735,0.05,300,300,300,300,300,300,53,73,81,49,53,61,36,46,54
erim,0,550,6,0.422369,0.0479483,0.279703,0.90135,1248.4,0.081453,4.16108,0.0708425,0.0071266,0.0197158,0.0135666,0.0163257,0.433209,0.154667,0.552315,0.131045,1,1,15,84,1,0.224949,0.416692,0.542707,0.136031,1,1229.46,0.0028463,0.170414,0.814211,0.460735,0.05,300,300,300,300,300,300,80,84,300,78,82,90,42,46,68
erim,0,551,1,0.217025,0.0604166,0.120186,0.988938,1530.21,0.688829,5.0984,0.257413,0.0675263,0.0436054,0.0172882,0.0408107,0.323867,0.211504,0.278139,0.0337966,0,8.45335e-31,13,300,0,0.257413,0.323867,0.278139,0.0337966,0,1529.52,0.0028463,0.170414,0.814211,0.460735,0.05,300,300,300,300,300,300,66,300,300,56,60,68,45,49,57
erim,0,552,6,0.437239,0.0337717,0.25382,1.05633,1143.02,0.15427,3.80956,0.100228,0.0184863,0.0437804,0.0177756,0.0421015,0.475545,0.229236,0.429867,0.0902623,1,1,9,128,1,0.171995,0.125111,0.323167,0.182871,1,1130.72,0.0028463,0.170414,0.814211,0.460735,0.05,300,300,300,300,300,300,124,128,300,71,75,83,41,60,68
erim,0,553,7,0.424367,0.0213927,0.13377,1.00578,953.228,0.00758177,3.1774,0.0165719,0.0165719,0.0230711,0.0112024,0.0260332,0.234281,0.16616,0.560152,0.282232,1,1,5,300,0,0.0165719,0.234281,0.560152,0.282232,1,953.221,0.0028463,0.170414,0.814211,0.460735,0.05,300,300,300,300,300,300,53,300,300,44,48,179,29,33,41
erim,0,554,4,0.410676,0.0842211,0.0774307,1.04081,2385.16,0.240136,7.94972,0.147411,0.0111475,0.026219,0.0097413,0.0385899,0.15151,0.109402,0.688841,0.261673,1,1,44,133,1,0.0974874,0.373114,0.478896,0.144717,1,2378.22,0.0028463,0.170414,0.814211,0.460735,0.05,300,300,300,300,300,300,92,133,300,54,58,77,51,55,63
erim,0,555,7,0.286576,0.0468149,0.213709,1.02671,1741.43,0.627293,5.80269,0.247921,0.0264733,0.017788,0.020505,0.0246402,0.28932,0.166407,0.485991,0.190675,1,1,15,300,0,0.247921,0.28932,0.485991,0.190675,1,1740.81,0.0028463,0.170414,0.814211,0.460735,0.05,300,300,300,300,300,300,108,300,300,69,73,81,48,52,74
erim,0,556,1,0.369078,0.0350605,0.110628,0.918215,2399.33,0.539457,7.99596,0.250669,0.181237,0.0164556,0.0121782,0.030376,0.339502,0.146668,0.428928,0.180232,0,6.85621e-25,23,253,1,0.340374,0.300671,0.382986,0.218229,0,2390.43,0.0028463,0.170414,0.814211,0.460735,0.05,300,300,300,300,300,300,90,253,270,60,64,95,41,51,59
erim,0,557,1,0.378094,0.00442121,0.329353,0.933644,2201.72,0.412093,7.33768,0.204005,0.0237627,0.019245,0.0219429,0.00769583,0.449916,0.213384,0.212735,0.247533,1,1,2,251,1,0.250737,0.296844,0.550671,0.233132,1,2197.05,0.0028463,0.170414,0.814211,0.460735,0.05,300,300,300,300,300,300,84,251,300,68,79,87,42,46,54
erim,0,558,3,0.410521,0.138694,-0.182417,1.06944,1095.42,0.488321,3.64976,0.226901,0.123688,0.0469788,0.0203023,0.0446063,0.251188,0.0863343,0.353392,0.346858,1,1,5,134,1,0.344432,0.047884,0.380214,0.509188,1,1079.81,0.0028463,0.170414,0.814211,0.460735,0.05,300,300,300,300,300,300,69,134,300,47,56,64,32,36,44
erim,0,559,1,0.314533,0.0389441,-0.430149,0.941288,1964.84,5.68159,6.53054,0.763996,0.406574,0.0349065,0.0176961,0.0165746,0.646495,0.167034,0.265271,0.543756,1,1,0,300,0,0.763996,0.646495,0.265271,0.543756,1,1959.16,0.0028463,0.170414,0.814211,0.460735,0.05,300,300,300,300,300,300,69,300,300,48,52,60,46,50,58
erim,0,560,0,0.259637,0.138081,-0.424386,0.968619,2105.85,3.64838,7.00733,0.599161,0.343857,0.0235654,0.0137381,0.0430167,0.433838,0.155642,0.325959,0.571407,1,1,2,189,1,0.591999,0.382671,0.422524,0.60134,1,2062.69,0.0028463,0.170414,0.814211,0.460735,0.05,300,300,300,300,300,300,82,189,300,49,53,61,41,45,53
erim,0,561,5,0.350119,0.0888826,-0.27119,0.975719,1740.36,0.804053,5.79853,0.288361,0.194277,0.0258553,0.00701719,0.0438634,0.263969,0.124063,0.512454,0.387991,1,1,8,65,1,0.546863,0.406752,0.33399,0.478316,1,1701.4,0.0028463,0.170414,0.814211,0.460735,0.05,300,300,300,300,300,300,61,65,73,55,59,67,38,42,50
erim,0,562,3,0.312738,0.198659,-0.0755731,0.937555,1931.13,0.3574,6.43591,0.176064,0.0757016,0.0236841,0.00816959,0.016818,0.323638,0.213547,0.317732,0.296793,1,1,18,73,1,0.181285,0.230687,0.150086,0.443982,1,1919.52,0.0028463,0.170414,0.814211,0.460735,0.05,300,300,300,300,300,300,60,73,299,50,61,69,32,36,44
erim,0,563,6,0.499061,0.110476,-0.28834,0.90892,1258.53,2.48233,4.18682,0.494459,0.22173,0.00247784,0.00824096,0.00692746,0.519187,0.258197,0.52724,0.430871,1,1,5,134,1,0.570805,0.48486,0.322095,0.496006,1,1217.15,0.0028463,0.170414,0.814211,0.460735,0.05,300,300,300,300,300,300,111,134,300,48,52,60,33,47,55
erim,0,564,1,0.325202,0.0988712,0.172639,0.96695,1025.15,0.253705,3.41632,0.191097,0.0151984,0.0284492,0.00986554,0.0183993,0.252951,0.0504676,0.316167,0.0676648,0,3.54244e-32,2,139,1,0.140652,0.477481,0.379076,0.0626133,0,1012.18,0.0028463,0.170414,0.814211,0.460735,0.05,300,300,300,300,300,300,130,139,300,52,56,123,42,46,54
erim,0,565,3,0.483641,0.09639,-0.0790354,1.07355,1997.81,0.420726,6.65796,0.199473,0.120642,0.0374085,0.0131976,0.0271019,0.45793,0.339307,0.462814,0.361199,1,1,5,235,1,0.299489,0.1488,0.58115,0.213654,1,1988.23,0.0028463,0.170414,0.814211,0.460735,0.05,300,300,300,300,300,300,121,235,300,66,70,78,47,58,66
erim,0,566,6,0.364406,0.134291,-0.34477,1.03565,2182.71,3.39274,7.26439,0.571117,0.252581,0.0387723,0.0133886,0.0381884,0.592166,0.222792,0.422162,0.488258,1,1,20,82,1,0.500397,0.473387,0.263228,0.436308,1,2133.52,0.0028463,0.170414,0.814211,0.460735,0.05,300,300,300,300,300,300,78,82,300,57,61,80,48,52,60
erim,0,567,5,0.395735,0.072148,0.425581,1.01075,1216.58,0.464001,4.05372,0.194078,0.015896,0.0296186,0.00653681,0.0245324,0.302245,0.0744342,0.511182,0.0495783,1,1,0,155,1,0.175997,0.268689,0.339706,0.26193,1,1198.78,0.0028463,0.170414,0.814211,0.460735,0.05,300,300,300,300,300,300,151,155,300,49,53,61,46,50,58
erim,0,568,2,0.328201,0.160522,0.443951,1.08199,1170.23,0.22684,3.9,0.153543,0.0175631,0.0482789,0.017291,0.0105091,0.329166,0.0180596,0.369171,0.340721,1,1,0,300,0,0.153543,0.329166,0.369171,0.340721,1,1170,0.0028463,0.170414,0.814211,0.460735,0.05,300,300,300,300,300,300,300,300,300,53,57,65,36,53,61
erim,0,569,1,0.333412,0.161142,-0.0559472,1.02698,1651.5,0.871058,5.5021,0.298979,0.0209917,0.0349447,0.0164031,0.0156173,0.143222,0.151751,0.338048,0.152128,0,1.39092e-23,0,136,1,0.208852,0.259747,0.381005,0.196015,0,1636.64,0.0028463,0.170414,0.814211,0.460735,0.05,300,300,300,300,300,300,63,136,300,54,58,66,36,40,48
erim,0,570,5,0.318504,0.188776,0.204994,0.957661,1285.21,0.175311,4.28344,0.160197,0.0205921,0.0148667,0.00201065,0.0362499,0.115993,0.163539,0.173398,0.133296,1,1,23,123,1,0.262797,0.251681,0.247046,0.0922619,1,1274.61,0.0028463,0.170414,0.814211,0.460735,0.05,300,300,300,300,300,300,98,123,300,57,70,78,36,52,60
erim,0,571,2,0.384757,0.135001,-0.402162,0.937353,1834.98,2.89866,6.10694,0.536537,0.271395,0.0289666,0.0146752,0.0378801,0.68679,0.0586729,0.538217,0.592828,1,1,2,76,1,0.654742,0.675238,0.639058,0.476235,1,1768.74,0.0028463,0.170414,0.814211,0.460735,0.05,300,300,300,300,300,300,66,76,300,51,55,63,42,46,54
erim,0,572,4,0.422544,0.024223,-0.139129,0.949296,2085.05,1.24918,6.94599,0.348778,0.235644,0.027744,0.00847767,0.0353357,0.37893,0.156592,0.403645,0.418788,1,1,42,67,1,0.483959,0.516598,0.249494,0.037828,1,2038.62,0.0028463,0.170414,0.814211,0.460735,0.05,300,300,300,300,300,300,63,67,75,50,59,67,44,48,67
erim,0,573,7,0.435056,0.0242135,-0.215283,1.06043,1813.25,3.27407,6.03326,0.57854,0.175709,0.0137926,0.0113576,0.0414445,0.297371,0.187128,0.540797,0.597469,1,1,12,300,0,0.57854,0.297371,0.540797,0.597469,1,1809.98,0.0028463,0.170414,0.814211,0.460735,0.05,300,300,300,300,300,300,125,300,300,82,86,110,37,46,75
erim,0,574,5,0.159894,0.166691,0.405741,1.04438,1724.61,0.263198,5.74781,0.152642,0.0117763,0.00876198,0.0150152,0.0347806,0.568555,0.0665619,0.127227,0.257856,1,1,0,300,0,0.152642,0.568555,0.127227,0.257856,1,1724.34,0.0028463,0.170414,0.814211,0.460735,0.05,300,300,300,300,300,300,118,300,300,53,57,65,50,54,62
erim,0,575,4,0.519521,0.0529543,-0.297337,1.05611,1385.9,5.13839,4.60255,0.702653,0.23481,0.020555,0.00710788,0.0254661,0.519545,0.471244,0.4613,0.19673,1,1,26,300,0,0.702653,0.519545,0.4613,0.19673,1,1380.77,0.0028463,0.170414,0.814211,0.460735,0.05,300,300,300,300,300,300,84,300,300,76,80,88,42,46,74
erim,0,576,7,0.544907,0.143163,-0.00714266,1.09842,1784.36,1.14328,5.94405,0.329612,0.0573861,0.0308333,0.0168803,0.0356725,0.29,0.240672,0.50566,0.231704,1,1,7,60,1,0.487653,0.418161,0.603203,0.229095,1,1760.65,0.0028463,0.170414,0.814211,0.460735,0.05,300,300,300,300,300,300,56,60,143,51,55,63,43,47,55
erim,0,577,1,0.489248,0.0905505,-0.00639546,0.974612,1808,0.700846,6.02433,0.243237,0.0379767,0.0272147,0.00481452,0.0430449,0.20785,0.270296,0.658295,0.154247,0,9.10533e-12,17,110,1,0.450301,0.245518,0.514628,0.15943,1,1792.12,0.0028463,0.170414,0.814211,0.460735,0.05,300,300,300,300,300,300,91,110,251,50,54,95,29,38,46
erim,0,578,1,0.592375,0.149617,0.48531,0.93111,2098.69,0.653636,6.99346,0.220663,0.0311642,0.0212549,0.0097623,0.0411029,0.45672,0.228002,0.74297,0.21264,0,8.54792e-43,24,198,1,0.201873,0.711116,0.749646,0.363313,0,2083.18,0.0028463,0.170414,0.814211,0.460735,0.05,300,300,300,300,300,300,87,198,300,57,61,95,39,48,56
erim,0,579,0,0.429335,0.105952,-0.458105,0.996483,1364.32,3.32909,4.53664,0.574433,0.268675,0.0398471,0.00984056,0.00275963,0.604916,0.106796,0.489324,0.623329,1,1,17,76,1,0.556447,0.445836,0.546422,0.755886,1,1295.83,0.0028463,0.170414,0.814211,0.460735,0.05,300,300,300,300,300,300,53,76,110,51,55,72,35,39,47
erim,0,580,2,0.419978,0.0975649,0.272416,0.924887,2468.67,0.2055,8.22821,0.171782,0.0368398,0.0293051,0.00764078,0.0429182,0.448632,0.0644854,0.484169,0.21823,1,1,18,197,1,0.0979408,0.43366,0.454175,0.213038,1,2462.47,0.0028463,0.170414,0.814211,0.460735,0.05,300,300,300,300,300,300,63,197,300,53,57,65,52,56,64
erim,0,581,3,0.333415,0.00316126,0.0337983,0.974163,964.527,2.45231,3.20692,0.479153,0.323577,0.0242627,0.00821503,0.00607872,0.114828,0.210893,0.396624,0.196037,1,1,15,300,0,0.479153,0.114828,0.396624,0.196037,1,962.075,0.0028463,0.170414,0.814211,0.460735,0.05,300,300,300,300,300,300,300,300,300,44,74,300,26,41,49
erim,0,582,4,0.348768,0.101697,-0.388309,0.92909,1599.89,1.47723,5.32804,0.370818,0.096397,0.0364728,0.0114374,0.0404909,0.512451,0.365526,0.519183,0.576658,1,1,14,169,1,0.58532,0.561079,0.330869,0.504173,1,1557.92,0.0028463,0.170414,0.814211,0.460735,0.05,300,300,300,300,300,300,75,169,300,44,56,64,32,43,51
erim,0,583,2,0.312457,0.132993,-0.290467,1.09382,1975.04,0.624657,6.58138,0.254005,0.10011,0.0446573,0.0128147,0.0244913,0.349378,0.100009,0.180273,0.463382,1,1,0,107,1,0.41864,0.580797,0.497686,0.367645,1,1945.14,0.0028463,0.170414,0.814211,0.460735,0.05,300,300,300,300,300,300,83,107,179,62,66,74,49,53,61
erim,0,584,0,0.265366,0.192702,-0.180619,0.919902,1874.18,1.08402,6.24365,0.322988,0.0974373,0.0181803,0.0170686,0.0269512,0.276882,0.232995,0.33392,0.424059,1,1,0,64,1,0.235665,0.18613,0.225346,0.342561,1,1844.12,0.0028463,0.170414,0.814211,0.460735,0.05,300,300,300,300,300,300,60,64,72,49,53,61,42,46,54
erim,0,585,2,0.0982737,0.176931,0.168968,1.05564,969.05,0.117435,3.22977,0.122152,0.0274333,0.0158743,0.0110679,0.0131927,0.250451,0.0351597,0.123797,0.15271,0,5.11183e-22,15,185,1,0.156037,0.268868,0.244798,0.0425807,0,963.607,0.0028463,0.170414,0.814211,0.460735,0.05,300,300,300,300,300,300,113,185,249,47,51,72,36,40,48
erim,0,586,3,0.643643,0.0616856,0.423902,1.04285,1081.82,0.557756,3.60419,0.248204,0.0137309,0.0162707,0.0148034,0.0469155,0.381426,0.100707,0.571309,0.262909,1,1,1,300,0,0.248204,0.381426,0.571309,0.262909,1,1081.26,0.0028463,0.170414,0.814211,0.460735,0.05,300,300,300,300,300,300,300,300,300,40,44,158,31,35,43
erim,0,587,6,0.222874,0.101715,-0.0357014,0.968995,1770.14,0.236196,5.89967,0.13631,0.0595387,0.0278285,0.00959489,0.0292876,0.118668,0.234344,0.211776,0.178271,1,1,15,75,1,0.0651354,0.125668,0.116317,0.207047,1,1754.57,0.0028463,0.170414,0.814211,0.460735,0.05,300,300,300,300,300,300,60,75,83,50,54,62,32,45,53
erim,0,588,5,0.381977,0.157651,0.41638,1.04897,1118.69,0.136798,3.72852,0.104395,0.0364197,0.0307165,0.0130975,0.0292266,0.84258,0.144743,0.446091,0.377174,1,1,18,300,0,0.104395,0.84258,0.446091,0.377174,1,1118.56,0.0028463,0.170414,0.814211,0.460735,0.05,300,300,300,300,300,300,273,300,300,53,75,83,45,49,73
erim,0,589,6,0.437738,0.0434603,-0.315759,1.07074,1632.99,4.41735,5.42859,0.66027,0.28547,0.0426669,0.00927743,0.0268904,0.650376,0.263284,0.421022,0.567731,1,1,27,69,1,0.607632,0.440192,0.621838,0.41102,1,1560.22,0.0028463,0.170414,0.814211,0.460735,0.05,300,300,300,300,300,300,65,69,300,56,66,74,49,53,61
erim,0,590,1,0.408937,0.158849,0.384256,1.09526,1754.08,0.239218,5.84614,0.165187,0.0220898,0.0146707,0.00855105,0.0164898,0.282474,0.0863066,0.293117,0.197831,1,1,18,300,0,0.165187,0.282474,0.293117,0.197831,1,1753.84,0.0028463,0.170414,0.814211,0.460735,0.05,300,300,300,300,300,300,119,300,300,68,79,87,37,41,64
erim,0,591,3,0.465211,0.13267,0.110386,0.985223,1255.8,0.163495,4.18545,0.15361,0.0155747,0.0407709,0.0123505,0.0654041,0.224552,0.0796037,0.548961,0.0654102,1,1,13,88,1,0.0840367,0.226011,0.524725,0.0513645,1,1247.83,0.0028463,0.170414,0.814211,0.460735,0.05,300,300,300,300,300,300,79,88,300,50,54,62,38,42,50
erim,0,592,6,0.646811,0.15239,-0.406551,0.989567,1548.37,3.80951,5.14853,0.627048,0.193704,0.0349899,0.0160221,0.0338292,0.462869,0.151247,0.633285,0.643867,1,1,7,96,1,0.475602,0.260458,0.564446,0.577501,1,1497.42,0.0028463,0.170414,0.814211,0.460735,0.05,300,300,300,300,300,300,72,96,104,53,57,65,34,51,59
erim,0,593,0,0.581155,0.176812,0.0407912,1.07692,1171.02,0.0712714,3.90315,0.0819117,0.0212592,0.00684794,0.0117141,0.0429581,0.221439,0.0487784,0.64628,0.137341,1,1,13,105,1,0.131036,0.162566,0.766448,0.238566,1,1162.68,0.0028463,0.170414,0.814211,0.460735,0.05,300,300,300,300,300,300,68,105,113,51,55,63,47,51,59
erim,0,594,5,0.454296,0.195294,-0.0715504,0.985017,1507.42,1.39251,5.02009,0.372578,0.0354526,0.0255729,0.00825939,0.0547014,0.378901,0.160768,0.763003,0.234329,1,1,0,62,1,0.0713719,0.223567,0.526864,0.291189,1,1485.71,0.0028463,0.170414,0.814211,0.460735,0.05,300,300,300,300,300,300,58,62,189,51,55,63,44,48,56
erim,0,595,4,0.36738,0.00480042,-0.413533,0.966898,2105.66,7.13881,6.99506,0.821223,0.444513,0.0102546,0.0186792,0.0357337,0.46741,0.511444,0.306829,0.212754,1,1,36,79,1,0.790248,0.673534,0.490853,0.573677,1,1934.31,0.0028463,0.170414,0.814211,0.460735,0.05,300,300,300,300,300,300,69,79,300,57,61,81,46,50,58
erim,0,596,1,0.38462,0.0356206,0.0912712,1.09067,1425.6,0.311263,4.75096,0.171793,0.0177493,0.0321159,0.0115291,0.0239741,0.340591,0.277537,0.357706,0.0659304,1,1,0,95,1,0.153184,0.283756,0.233926,0.126309,1,1410.95,0.0028463,0.170414,0.814211,0.460735,0.05,300,300,300,300,300,300,55,95,217,54,58,100,47,51,59
erim,0,597,5,0.306515,0.0108906,0.495097,1.03744,1622.26,0.550379,5.4057,0.230455,0.02759,0.0244304,0.0163311,0.0335508,0.252846,0.0795786,0.274503,0.385238,1,1,1,79,1,0.316603,0.563666,0.270964,0.465238,1,1585.37,0.0028463,0.170414,0.814211,0.460735,0.05,300,300,300,300,300,300,75,79,300,47,70,78,40,44,52
erim,0,598,0,0.258896,0.00694849,-0.498993,1.07009,2416.46,5.63761,8.03607,0.747948,0.465195,0.0168481,0.00792737,0.029774,0.518782,0.394329,0.395788,0.448416,1,1,0,245,1,0.607414,0.49716,0.389066,0.67142,1,2385.94,0.0028463,0.170414,0.814211,0.460735,0.05,300,300,300,300,300,300,98,245,300,61,65,73,41,45,53
erim,0,599,4,0.454339,0.105327,-0.365408,1.07964,2274.81,3.15906,7.57219,0.57576,0.138226,0.0196194,0.0215391,0.0296666,0.351237,0.0582275,0.451416,0.627333,1,1,23,70,1,0.449153,0.491651,0.621289,0.409831,1,2218.62,0.0028463,0.170414,0.814211,0.460735,0.05,300,300,300,300,300,300,66,70,259,49,53,61,47,51,59
erim,0,600,6,0.228197,0.014291,0.252511,0.978167,2022.88,0.0471106,6.74276,0.0685377,0.0546951,0.0285202,0.0137258,0.0215109,0.311523,0.107961,0.397826,0.368548,1,1,12,273,1,0.189568,0.443477,0.199329,0.213774,1,2021.88,0.0028463,0.170414,0.814211,0.460735,0.05,300,300,300,300,300,300,269,273,300,59,113,121,42,46,54
erim,0,601,7,0.533871,0.170279,0.478835,1.07902,1180.63,0.16946,3.93487,0.0981083,0.0395211,0.0107094,0.0104134,0.0149156,0.219312,0.136376,0.536193,0.345629,1,1,0,300,0,0.0981083,0.219312,0.536193,0.345629,1,1180.46,0.0028463,0.170414,0.814211,0.460735,0.05,300,300,300,300,300,300,134,300,300,69,102,110,37,51,59
erim,0,602,2,0.268502,0.185172,0.201855,0.920834,1591.17,0.0225713,5.30382,0.0696545,0.0480922,0.0168043,0.00750729,0.0533338,0.35693,0.117726,0.374759,0.140022,1,0.999943,18,179,1,0.0606553,0.374331,0.263909,0.0974161,1,1582.93,0.0028463,0.170414,0.814211,0.460735,0.05,300,300,300,300,300,300,72,179,300,47,51,78,43,47,55
erim,0,603,4,0.487031,0.137528,0.312953,1.02519,2489.37,0.241776,8.2971,0.146163,0.0258608,0.00696902,0.0112274,0.0164724,0.433333,0.148606,0.421919,0.137111,1,1,44,244,1,0.259421,0.253244,0.583698,0.119176,1,2484.7,0.0028463,0.170414,0.814211,0.460735,0.05,300,300,300,300,300,300,111,244,300,51,89,97,49,53,61
erim,0,604,6,0.294278,0.195226,-0.0246736,1.07038,1738.47,0.03556,5.79478,0.0692588,0.0461642,0.0475571,0.00821909,0.0296439,0.230418,0.106221,0.223604,0.219391,1,1,19,96,1,0.185726,0.301599,0.22816,0.205435,1,1727.34,0.0028463,0.170414,0.814211,0.460735,0.05,300,300,300,300,300,300,87,96,104,56,72,80,40,44,52
erim,0,605,6,0.409752,0.174352,0.0521256,1.03061,1519.95,0.618917,5.06442,0.238999,0.0256698,0.0141705,0.0110067,0.0421072,0.201211,0.202429,0.546207,0.22126,1,1,11,88,1,0.0903106,0.144068,0.494531,0.256288,1,1510.17,0.0028463,0.170414,0.814211,0.460735,0.05,300,300,300,300,300,300,73,88,96,48,68,85,41,45,53
erim,0,606,3,0.153075,0.146172,-0.499011,1.00155,1966.69,1.89868,6.5493,0.451232,0.353672,0.0244479,0.0151077,0.0707084,0.59378,0.221862,0.293138,0.628317,0,4.47736e-40,15,107,1,0.465451,0.720655,0.156577,0.66628,0,1901.03,0.0028463,0.170414,0.814211,0.460735,0.05,300,300,300,300,300,300,70,107,124,54,58,66,49,53,61
erim,0,607,2,0.440661,0.0255853,-0.0722042,0.937929,1344.61,0.458929,4.4805,0.224505,0.21702,0.0204987,0.0199971,0.0545342,0.153684,0.218037,0.529376,0.255775,0,1.82551e-10,1,196,1,0.375725,0.36376,0.437922,0.219611,0,1321.08,0.0028463,0.170414,0.814211,0.460735,0.05,300,300,300,300,300,300,165,196,300,50,54,62,31,42,50
erim,0,608,2,0.56081,0.174981,0.194964,1.03889,2052.79,0.0634318,6.84243,0.0907663,0.0224247,0.0115451,0.0127935,0.0149323,0.441754,0.160171,0.560401,0.0670501,1,0.999965,17,106,1,0.253816,0.346517,0.513843,0.0694504,1,2041.68,0.0028463,0.170414,0.814211,0.460735,0.05,300,300,300,300,300,300,87,106,300,60,64,72,39,55,63
erim,0,609,4,0.585245,0.161374,-0.245242,1.07628,1988.01,1.03042,6.62327,0.310954,0.139746,0.0236646,0.0157185,0.0475178,0.411694,0.228588,0.544457,0.398882,1,1,38,89,1,0.445675,0.4027,0.499881,0.284258,1,1961.65,0.0028463,0.170414,0.814211,0.460735,0.05,300,300,300,300,300,300,67,89,97,58,62,86,41,52,60
erim,0,610,3,0.37607,0.0905037,-0.366805,0.959527,1301.98,2.23631,4.33246,0.487671,0.197865,0.0211101,0.0123412,0.0372733,0.199031,0.305866,0.336683,0.731894,1,1,0,109,1,0.51966,0.386461,0.183809,0.515205,1,1244.26,0.0028463,0.170414,0.814211,0.460735,0.05,300,300,300,300,300,300,86,109,141,51,65,73,36,40,48
erim,0,611,1,0.370225,0.192199,-0.456259,1.09395,1854.7,1.02493,6.17893,0.31971,0.31971,0.0285971,0.0133269,0.0431204,0.319459,0.184112,0.519641,0.62001,0,1.90718e-16,0,92,1,0.554515,0.400547,0.570157,0.559191,1,1800.68,0.0028463,0.170414,0.814211,0.460735,0.05,300,300,300,300,300,300,63,92,300,56,60,68,43,47,55
erim,0,612,0,0.414197,0.0413591,0.193499,1.07427,1030.53,0.190694,3.43448,0.136766,0.00741518,0.0290871,0.0165414,0.0570284,0.353064,0.183929,0.508567,0.0619855,1,1,1,94,1,0.29332,0.11319,0.526997,0.103304,1,1014.88,0.0028463,0.170414,0.814211,0.460735,0.05,300,300,300,300,300,300,90,94,300,68,72,80,28,32,67
erim,0,613,0,0.284876,0.169111,0.288743,1.07329,1518.42,0.0924828,5.06108,0.0916268,0.0411979,0.00791905,0.00990841,0.0295523,0.453158,0.16091,0.370789,0.0576622,1,1,21,300,0,0.0916268,0.453158,0.370789,0.0576622,1,1518.33,0.0028463,0.170414,0.814211,0.460735,0.05,300,300,300,300,300,300,112,300,300,50,63,71,39,43,51
erim,0,614,4,0.391954,0.198224,0.422437,0.972186,1407.04,0.156842,4.68961,0.120405,0.0462896,0.0263725,0.0148717,0.0469866,0.34106,0.112871,0.55694,0.299398,1,1,24,211,1,0.138154,0.520054,0.356364,0.252781,1,1397.23,0.0028463,0.170414,0.814211,0.460735,0.05,300,300,300,300,300,300,96,211,300,63,80,88,41,45,71
erim,0,615,2,0.30756,0.153783,0.412459,1.06569,1097.71,0.149569,3.65854,0.134637,0.0751945,0.0140234,0.0100224,0.0344573,0.386674,0.107801,0.35091,0.394592,0,5.96812e-19,22,300,0,0.134637,0.386674,0.35091,0.394592,0,1097.56,0.0028463,0.170414,0.814211,0.460735,0.05,300,300,300,300,300,300,100,300,300,63,67,75,44,48,56
erim,0,616,1,0.514192,0.0191162,0.317078,1.02101,1751.61,0.258889,5.83782,0.132788,0.0174286,0.0170967,0.00771618,0.019927,0.515127,0.148004,0.620615,0.144925,0,1.27703e-20,19,112,1,0.0923087,0.233634,0.580777,0.0595861,1,1731.68,0.0028463,0.170414,0.814211,0.460735,0.05,300,300,300,300,300,300,83,112,300,55,59,83,49,53,61
erim,0,617,5,0.403696,0.0460918,0.381104,0.930215,2280.38,0.278904,7.60033,0.168072,0.0367109,0.0110566,0.0139932,0.0171484,0.283693,0.136723,0.364629,0.313347,1,1,0,300,0,0.168072,0.283693,0.364629,0.313347,1,2280.1,0.0028463,0.170414,0.814211,0.460735,0.05,300,300,300,300,300,300,100,300,300,88,92,100,51,55,63
erim,0,618,2,0.219442,0.130435,-0.398807,0.911902,2085.8,2.16509,6.94545,0.464224,0.243051,0.0431547,0.00751753,0.0446785,0.441778,0.4409,0.40318,0.483437,0,0.474709,34,62,1,0.663361,0.441071,0.399009,0.61029,1,2001.44,0.0028463,0.170414,0.814211,0.460735,0.05,300,300,300,300,300,300,58,62,115,55,59,67,52,56,64
erim,0,619,4,0.418614,0.0718075,-0.280436,0.998535,1699.04,2.82236,5.65407,0.520011,0.29121,0.0370195,0.00870712,0.0201621,0.458596,0.10742,0.254711,0.556811,1,1,19,162,1,0.313732,0.137286,0.191464,0.581975,1,1669.34,0.0028463,0.170414,0.814211,0.460735,0.05,300,300,300,300,300,300,158,162,170,59,99,107,37,49,57
erim,0,620,4,0.177286,0.00935001,-0.436536,0.909641,1868.48,8.04118,6.20145,0.902655,0.823384,0.0281437,0.0154564,0.0473083,0.459874,0.28231,0.335054,0.492662,1,1,29,73,1,0.95583,0.80996,0.294039,0.758989,1,1614.89,0.0028463,0.170414,0.814211,0.460735,0.05,300,300,300,300,300,300,69,73,158,48,52,72,33,37,57
erim,0,621,3,0.438649,0.0748778,0.0505346,0.978742,1296.12,1.00924,4.31704,0.342616,0.0284665,0.0160062,0.011363,0.0267289,0.290664,0.194184,0.55022,0.267833,0,2.18042e-34,0,239,1,0.261092,0.153883,0.614569,0.0704022,0,1288.57,0.0028463,0.170414,0.814211,0.460735,0.05,300,300,300,300,300,300,143,239,300,54,58,66,46,50,58
erim,0,622,4,0.515341,0.024046,0.299068,0.9912,1677.22,0.155146,5.59021,0.152697,0.0262009,0.0216624,0.0047656,0.0435639,0.621296,0.0892591,0.482764,0.0476445,1,1,20,286,1,0.202989,0.480568,0.636193,0.0362644,1,1674.65,0.0028463,0.170414,0.814211,0.460735,0.05,300,300,300,300,300,300,127,286,300,61,114,122,42,46,69
erim,0,623,3,0.339239,0.150286,0.149925,0.989152,1962.51,0.18299,6.54109,0.140802,0.0200838,0.0380856,0.0061947,0.0378956,0.414941,0.0839365,0.433558,0.248516,1,1,1,116,1,0.0957582,0.30389,0.433125,0.0581017,1,1953.28,0.0028463,0.170414,0.814211,0.460735,0.05,300,300,300,300,300,300,77,116,124,62,66,74,34,38,60
erim,0,624,0,0.446114,0.0648959,-0.136039,0.921746,1753.99,2.53901,5.83817,0.502179,0.0817371,0.0534977,0.0155412,0.0178507,0.358597,0.295884,0.412405,0.116448,1,1,24,84,1,0.350279,0.244875,0.418293,0.430284,1,1709.5,0.0028463,0.170414,0.814211,0.460735,0.05,300,300,300,300,300,300,80,84,300,54,58,66,36,53,61
erim,0,625,6,0.43079,0.159153,0.286615,1.00333,954.358,0.490056,3.17956,0.235382,0.0144481,0.011071,0.00655109,0.0375638,0.310458,0.165241,0.51886,0.0819587,1,1,0,95,1,0.194343,0.148496,0.509221,0.0962802,1,936.742,0.0028463,0.170414,0.814211,0.460735,0.05,300,300,300,300,300,300,91,95,300,42,46,68,25,37,45
erim,0,626,1,0.214992,0.130062,0.350068,0.920724,1341.98,0.0811515,4.47299,0.108375,0.0212744,0.0401336,0.013999,0.0282535,0.30152,0.11837,0.384007,0.240434,0,0.0034642,0,75,1,0.159924,0.409779,0.37124,0.191179,1,1319.34,0.0028463,0.170414,0.814211,0.460735,0.05,300,300,300,300,300,300,65,75,300,54,67,75,44,48,56
erim,0,627,5,0.184735,0.0661894,0.0319254,1.05093,1357.62,0.679631,4.52313,0.266163,0.0195724,0.0366496,0.00564194,0.0243366,0.226444,0.104528,0.351612,0.142397,1,1,0,95,1,0.222921,0.229772,0.284755,0.114472,1,1346.72,0.0028463,0.170414,0.814211,0.460735,0.05,300,300,300,300,300,300,91,95,158,51,55,91,35,50,58
erim,0,628,4,0.32169,0.0898685,-0.327102,1.00718,1137.05,1.83443,3.78404,0.428476,0.246247,0.0177671,0.00311648,0.043627,0.360529,0.112917,0.193561,0.466441,1,1,17,59,1,0.532623,0.336609,0.453229,0.255201,1,1060.79,0.0028463,0.170414,0.814211,0.460735,0.05,300,300,300,300,300,300,48,59,189,43,47,55,32,36,44
erim,0,629,6,0.321819,0.0785967,0.145669,1.00259,1209.08,0.071796,4.03003,0.106872,0.0195087,0.0203719,0.0125701,0.0365541,0.547029,0.079105,0.542771,0.0606777,1,1,24,180,1,0.176359,0.358849,0.461023,0.0502766,1,1202.04,0.0028463,0.170414,0.814211,0.460735,0.05,300,300,300,300,300,300,113,180,300,52,56,64,36,54,62
erim,0,630,0,0.309441,0.10928,-0.468482,0.958768,2225.87,1.81097,7.41353,0.436378,0.372744,0.0219242,0.0108566,0.0273004,0.288021,0.128321,0.176454,0.715263,1,1,18,119,1,0.627332,0.452075,0.16306,0.606824,1,2163.49,0.0028463,0.170414,0.814211,0.460735,0.05,300,300,300,300,300,300,115,119,300,50,54,88,42,46,54
erim,0,631,1,0.39532,0.186222,-0.401563,1.00103,1253.46,1.61084,4.17282,0.405073,0.274291,0.0414566,0.00382747,0.0167958,0.260466,0.236173,0.51162,0.561427,0,8.80677e-18,0,73,1,0.456879,0.427038,0.551247,0.523796,1,1201.66,0.0028463,0.170414,0.814211,0.460735,0.05,300,300,300,300,300,300,69,73,81,59,63,71,47,58,66
erim,0,632,7,0.465202,0.071927,0.355831,1.05072,1527.15,1.47502,5.0856,0.383701,0.037431,0.0245271,0.00506304,0.0176791,0.31762,0.20899,0.397776,0.102057,1,1,7,300,0,0.383701,0.31762,0.397776,0.102057,1,1525.68,0.0028463,0.170414,0.814211,0.460735,0.05,300,300,300,300,300,300,71,300,300,51,55,79,43,47,55
erim,0,633,2,0.493552,0.131559,-0.420882,0.972814,1948.53,2.10698,6.48806,0.453192,0.292492,0.0262956,0.00838406,0.0256617,0.362081,0.0491282,0.618515,0.495677,1,1,128,61,1,0.590683,0.328874,0.607599,0.557628,0,1879.21,0.0028463,0.170414,0.814211,0.460735,0.05,300,300,300,300,300,300,57,61,246,51,55,63,41,45,53
erim,0,634,2,0.3272,0.167255,-0.384775,0.909985,1832.35,2.71847,6.09877,0.525367,0.325524,0.0135661,0.00836388,0.0112946,0.479378,0.0442483,0.256289,0.502603,1,1,4,68,1,0.834454,0.441408,0.383302,0.626915,1,1762.36,0.0028463,0.170414,0.814211,0.460735,0.05,300,300,300,300,300,300,64,68,214,51,55,63,36,40,58
erim,0,635,6,0.31378,0.107328,-0.356719,1.00103,1850.35,0.719886,6.16544,0.283466,0.136955,0.0600832,0.0109017,0.0324349,0.230632,0.0809238,0.350116,0.542525,1,1,14,59,1,0.501955,0.244091,0.357679,0.594576,1,1793.13,0.0028463,0.170414,0.814211,0.460735,0.05,300,300,300,300,300,300,55,59,67,45,49,57,35,39,47
erim,0,636,2,0.468857,0.0675951,-0.147458,1.00371,1382.2,1.54394,4.60217,0.412561,0.146771,0.0199994,0.00415147,0.0420985,0.0637484,0.190787,0.502913,0.420527,0,4.915e-05,22,65,1,0.391512,0.356797,0.453165,0.270073,1,1343.98,0.0028463,0.170414,0.814211,0.460735,0.05,300,300,300,300,300,300,61,65,300,46,50,69,34,38,46
erim,0,637,5,0.322773,0.0702883,-0.42148,1.02447,2530.8,1.65599,8.43047,0.395469,0.27636,0.0161722,0.00750349,0.0299386,0.564816,0.21981,0.274795,0.663679,1,1,0,109,1,0.46205,0.411931,0.350554,0.544792,1,2475.18,0.0028463,0.170414,0.814211,0.460735,0.05,300,300,300,300,300,300,76,109,300,54,68,76,49,53,61
erim,0,638,5,0.334575,0.0252331,0.164776,1.04634,1946.71,0.124466,6.48863,0.0975518,0.0146843,0.01469,0.0185608,0.0275767,0.203267,0.104851,0.354013,0.158267,1,1,0,129,1,0.132832,0.101828,0.318021,0.0925808,1,1937.92,0.0028463,0.170414,0.814211,0.460735,0.05,300,300,300,300,300,300,102,129,300,59,63,71,49,53,61
erim,0,639,6,0.538921,0.156625,0.0901265,0.98438,1144.38,0.0985191,3.81428,0.106599,0.0322072,0.0260546,0.00652658,0.0200941,0.280686,0.170819,0.605899,0.198315,1,1,7,104,1,0.146548,0.230442,0.61908,0.189327,1,1132.46,0.0028463,0.170414,0.814211,0.460735,0.05,300,300,300,300,300,300,73,104,300,58,62,70,41,45,53
erim,0,640,7,0.265851,0.0717723,0.388058,1.09687,822.101,0.0557787,2.74015,0.0903542,0.0199332,0.0165031,0.0107268,0.044474,0.617978,0.0946907,0.289976,0.28823,1,1,5,101,1,0.184825,0.640716,0.206317,0.263305,1,800.78,0.0028463,0.170414,0.814211,0.460735,0.05,300,300,300,300,300,300,82,101,300,36,70,78,28,32,40
erim,0,641,7,0.309374,0.0116538,0.0838805,1.01307,2072.62,0.0881173,6.90845,0.105091,0.105091,0.0238811,0.0113871,0.0151942,0.0941187,0.12738,0.59295,0.207612,1,1,13,287,1,0.227467,0.0866301,0.563123,0.236707,1,2072.1,0.0028463,0.170414,0.814211,0.460735,0.05,300,300,300,300,300,300,68,287,295,60,64,72,49,53,61
erim,0,642,6,0.468767,0.0715674,0.241418,0.98776,1352.11,0.0621102,4.50683,0.0669422,0.0164373,0.0204316,0.0175998,0.0418612,0.361693,0.161687,0.564134,0.0585349,1,1,5,121,1,0.124274,0.126537,0.486991,0.134004,1,1342.06,0.0028463,0.170414,0.814211,0.460735,0.05,300,300,300,300,300,300,117,121,300,53,57,99,42,46,54
erim,0,643,3,0.490726,0.155025,-0.105786,0.946685,871.659,1.01986,2.90213,0.318349,0.0664459,0.037551,0.00878413,0.0186731,0.414542,0.310541,0.547804,0.361341,1,1,1,100,1,0.166595,0.176391,0.593319,0.0765318,1,848.57,0.0028463,0.170414,0.814211,0.460735,0.05,300,300,300,300,300,300,62,100,223,46,50,58,24,28,45
erim,0,644,2,0.412426,0.045649,0.42081,1.02937,1905.08,0.519091,6.34853,0.249581,0.0142559,0.0241583,0.0127145,0.0372576,0.517469,0.10071,0.52317,0.245465,0,2.9295e-28,6,285,1,0.176195,0.371383,0.657394,0.348198,0,1903.06,0.0028463,0.170414,0.814211,0.460735,0.05,300,300,300,300,300,300,159,285,300,57,85,93,42,46,54
erim,0,645,5,0.492474,0.102355,-0.0541527,0.991549,1533.6,1.36512,5.10747,0.378825,0.0199563,0.00715913,0.00700328,0.0130074,0.150869,0.0381575,0.390605,0.22491,1,1,1,82,1,0.233808,0.307414,0.471594,0.22252,1,1518.36,0.0028463,0.170414,0.814211,0.460735,0.05,300,300,300,300,300,300,64,82,289,55,59,67,37,41,49
erim,0,646,0,0.258347,0.163247,-0.366801,0.978988,2359.14,2.04715,7.85697,0.446318,0.251418,0.0364869,0.0158154,0.0319371,0.159969,0.191528,0.370031,0.623828,1,1,0,120,1,0.460234,0.366373,0.273394,0.534093,1,2316.44,0.0028463,0.170414,0.814211,0.460735,0.05,300,300,300,300,300,300,100,120,128,61,65,73,43,47,65
erim,0,647,2,0.323813,0.0211067,-0.183142,1.0303,1424.21,0.642645,4.74522,0.24831,0.0859913,0.0349372,0.00954591,0.042801,0.213193,0.174177,0.319083,0.366885,1,1,1,261,1,0.178467,0.44761,0.418068,0.498712,1,1418.95,0.0028463,0.170414,0.814211,0.460735,0.05,300,300,300,300,300,300,98,261,269,46,50,58,36,40,48
erim,0,648,0,0.255019,0.188869,-0.278694,0.925512,1588,0.613801,5.29129,0.233823,0.14507,0.0231176,0.0150594,0.0287017,0.531277,0.229998,0.322917,0.501877,1,1,0,58,1,0.326181,0.180172,0.339756,0.366067,1,1534.75,0.0028463,0.170414,0.814211,0.460735,0.05,300,300,300,300,300,300,54,58,66,46,50,58,40,44,52
erim,0,649,7,0.290555,0.0553897,-0.344649,1.00476,1793.66,2.5098,5.9705,0.507387,0.229997,0.0367558,0.00969904,0.00925523,0.260932,0.0776006,0.352412,0.580696,1,1,22,105,1,0.459447,0.470528,0.332947,0.422682,1,1744.87,0.0028463,0.170414,0.814211,0.460735,0.05,300,300,300,300,300,300,101,105,206,49,53,61,41,45,53
erim,0,650,1,0.561396,0.187733,0.0702707,1.09985,1454.93,0.0247005,4.84969,0.0352434,0.0127477,0.015358,0.00573184,0.0181333,0.220057,0.135273,0.702571,0.208815,0,0.0440792,1,151,1,0.216748,0.363875,0.626353,0.0852706,1,1450.08,0.0028463,0.170414,0.814211,0.460735,0.05,300,300,300,300,300,300,88,151,300,78,82,90,42,68,76
erim,0,651,4,0.151876,0.108453,0.31998,0.934086,1683.25,0.346912,5.60968,0.196704,0.0329525,0.0199653,0.0135648,0.0291061,0.397317,0.112179,0.218118,0.288111,1,1,33,142,1,0.170315,0.261406,0.151371,0.115235,1,1664.8,0.0028463,0.170414,0.814211,0.460735,0.05,300,300,300,300,300,300,118,142,300,47,51,84,45,49,57
erim,0,652,7,0.278968,0.0527604,-0.259171,1.08648,1869.51,0.24945,6.23086,0.155911,0.141482,0.0466077,0.0109833,0.0209448,0.24123,0.202888,0.16572,0.501507,1,1,24,64,1,0.332479,0.369936,0.189798,0.291823,1,1832.49,0.0028463,0.170414,0.814211,0.460735,0.05,300,300,300,300,300,300,60,64,98,49,53,61,42,46,54
erim,0,653,5,0.367685,0.192098,0.0533941,0.973466,1057.82,0.152973,3.52557,0.110204,0.0230697,0.0248535,0.0147515,0.0267976,0.244798,0.0950239,0.470294,0.0909193,1,1,0,79,1,0.278966,0.258348,0.317898,0.137308,1,1047.98,0.0028463,0.170414,0.814211,0.460735,0.05,300,300,300,300,300,300,75,79,87,57,61,84,31,35,66
erim,0,654,4,0.431122,0.0609321,0.0643049,1.04496,1734.27,0.467536,5.77935,0.21974,0.017986,0.0600695,0.0120779,0.0279332,0.344891,0.0848791,0.445382,0.141246,1,1,40,218,1,0.0944151,0.301927,0.332276,0.087263,1,1730.28,0.0028463,0.170414,0.814211,0.460735,0.05,300,300,300,300,300,300,62,218,300,62,66,74,42,46,54
erim,0,655,2,0.357191,0.139159,-0.267474,0.944633,2271.97,2.03821,7.56643,0.448902,0.286051,0.0396074,0.0202381,0.0571566,0.170638,0.182611,0.494795,0.540058,1,1,18,106,1,0.359758,0.463912,0.436759,0.329992,1,2224.22,0.0028463,0.170414,0.814211,0.460735,0.05,300,300,300,300,300,300,93,106,114,58,62,84,45,49,57
erim,0,656,0,0.437784,0.167609,-0.108866,1.05158,957.499,0.202429,3.19099,0.148372,0.0792082,0.0484077,0.00618871,0.0323512,0.0914867,0.249519,0.557359,0.258481,1,1,16,71,1,0.324437,0.329627,0.587595,0.241664,1,945.226,0.0028463,0.170414,0.814211,0.460735,0.05,300,300,300,300,300,300,67,71,228,50,61,69,29,40,48
erim,0,657,4,0.336416,0.0092762,-0.120474,0.979508,1671.44,0.654724,5.56928,0.263328,0.126112,0.0324255,0.00969262,0.0358843,0.351554,0.212544,0.343335,0.177923,1,1,18,134,1,0.262563,0.256645,0.45552,0.290486,1,1640.49,0.0028463,0.170414,0.814211,0.460735,0.05,300,300,300,300,300,300,101,134,300,68,72,104,41,45,53
erim,0,658,2,0.386563,0.0555927,-0.331034,0.961739,1580.38,3.06626,5.2577,0.563561,0.2417,0.0127875,0.00712339,0.0292965,0.449338,0.0970643,0.389422,0.585359,1,1,0,100,1,0.446468,0.391902,0.575748,0.418567,1,1500.42,0.0028463,0.170414,0.814211,0.460735,0.05,300,300,300,300,300,300,51,100,300,47,51,59,45,49,57
erim,0,659,7,0.31192,0.151382,0.19194,0.992999,944.052,0.244058,3.14603,0.166055,0.030508,0.0174604,0.0126761,0.0324893,0.349199,0.103461,0.5001,0.0510958,1,1,0,65,1,0.238257,0.208805,0.438674,0.0525428,1,929.723,0.0028463,0.170414,0.814211,0.460735,0.05,300,300,300,300,300,300,61,65,184,49,53,61,30,34,52
erim,0,660,1,0.576416,0.17379,0.0106257,0.957404,2022.93,0.206037,6.74241,0.14331,0.0123699,0.0238385,0.00951147,0.0361959,0.175894,0.149372,0.593559,0.17555,0,3.03229e-34,24,123,1,0.0705619,0.182771,0.54127,0.141075,0,2008.73,0.0028463,0.170414,0.814211,0.460735,0.05,300,300,300,300,300,300,77,123,300,48,52,60,47,51,59
erim,0,661,0,0.368023,0.042462,0.0690925,1.01045,910.806,0.477818,3.03443,0.244889,0.234752,0.0469398,0.0107472,0.028222,0.177213,0.13331,0.403661,0.0796246,1,1,14,300,0,0.244889,0.177213,0.403661,0.0796246,1,910.328,0.0028463,0.170414,0.814211,0.460735,0.05,300,300,300,300,300,300,94,300,300,44,89,97,39,43,51
erim,0,662,1,0.548802,0.0936502,0.026579,1.03985,1339.63,0.148428,4.46492,0.118879,0.0670511,0.0141609,0.0075224,0.050291,0.240615,0.062979,0.663496,0.0449785,0,2.93908e-09,1,141,1,0.259901,0.142478,0.672286,0.151207,1,1332.74,0.0028463,0.170414,0.814211,0.460735,0.05,300,300,300,300,300,300,69,141,300,44,55,77,37,41,49
erim,0,663,6,0.471321,0.0353855,-0.41516,1.0871,2165.88,6.28423,7.19865,0.765662,0.495186,0.0272508,0.0140714,0.0401141,0.600775,0.435459,0.314817,0.614002,1,1,26,300,0,0.765662,0.600775,0.314817,0.614002,1,2159.6,0.0028463,0.170414,0.814211,0.460735,0.05,300,300,300,300,300,300,108,300,300,49,61,69,41,51,59
erim,0,664,4,0.421386,0.0209951,0.183995,1.08987,1450.48,0.579418,4.83299,0.232924,0.0409763,0.0341113,0.00812635,0.0448825,0.322973,0.168746,0.504337,0.100359,1,1,16,154,1,0.179835,0.291964,0.486556,0.0921346,1,1441.35,0.0028463,0.170414,0.814211,0.460735,0.05,300,300,300,300,300,300,92,154,300,39,43,92,33,37,45
erim,0,665,2,0.132824,0.0542712,0.0893129,1.06995,1981.18,0.147567,6.60344,0.126666,0.0178429,0.0261405,0.0154448,0.0430116,0.0800337,0.0637029,0.234515,0.163195,0,8.80092e-26,13,300,0,0.126666,0.0800337,0.234515,0.163195,0,1981.03,0.0028463,0.170414,0.814211,0.460735,0.05,300,300,300,300,300,300,300,300,300,63,67,112,52,56,64
erim,0,666,0,0.403697,0.062549,0.26257,0.997999,1132.25,0.212049,3.77345,0.158892,0.0126394,0.0246461,0.00981017,0.0402526,0.312269,0.069509,0.195899,0.0723779,1,1,12,127,1,0.164893,0.53249,0.421131,0.0994879,1,1119.02,0.0028463,0.170414,0.814211,0.460735,0.05,300,300,300,300,300,300,116,127,300,79,103,121,49,53,61
erim,0,667,5,0.396809,0.164193,0.0664632,0.94906,838.984,0.321281,2.79554,0.17181,0.00704079,0.0342894,0.0162754,0.0431677,0.182206,0.253834,0.31963,0.216147,1,1,8,85,1,0.143987,0.188427,0.367054,0.249439,1,828.786,0.0028463,0.170414,0.814211,0.460735,0.05,300,300,300,300,300,300,81,85,93,43,63,71,40,44,52
erim,0,668,2,0.279455,0.0600403,-0.384916,0.989355,2511.72,1.3729,8.36781,0.371434,0.197449,0.0276303,0.00954605,0.031143,0.548859,0.066558,0.280709,0.571545,1,1,21,144,1,0.870862,0.298435,0.276411,0.582917,1,2461.32,0.0028463,0.170414,0.814211,0.460735,0.05,300,300,300,300,300,300,85,144,300,71,75,83,32,36,44
erim,0,669,1,0.406001,0.0346883,0.0840929,1.00596,2376.64,0.0659829,7.92193,0.0849703,0.0339033,0.0145133,0.00945995,0.0530037,0.31095,0.116712,0.310917,0.142916,1,1,0,98,1,0.183844,0.238476,0.424778,0.0415636,1,2361.67,0.0028463,0.170414,0.814211,0.460735,0.05,300,300,300,300,300,300,94,98,300,54,58,66,53,57,65
erim,0,670,2,0.321894,0.0884443,0.00659823,1.03877,1045.95,0.284959,3.48554,0.155033,0.0263862,0.00997738,0.0163011,0.0535951,0.338123,0.216066,0.415868,0.173059,0,2.21372e-24,25,104,1,0.203132,0.204227,0.307323,0.074069,1,1036.21,0.0028463,0.170414,0.814211,0.460735,0.05,300,300,300,300,300,300,92,104,112,37,58,66,33,37,45
erim,0,671,6,0.54255,0.182389,-0.211003,0.995822,1853.69,0.092268,6.17865,0.113266,0.113266,0.0212005,0.0154389,0.0259985,0.183014,0.315255,0.515928,0.386987,1,1,21,70,1,0.499183,0.165583,0.436483,0.396336,1,1828.01,0.0028463,0.170414,0.814211,0.460735,0.05,300,300,300,300,300,300,66,70,210,57,61,69,41,45,53
erim,0,672,0,0.343561,0.151528,0.292079,1.06617,1850.17,0.198563,6.16659,0.131532,0.030985,0.0222349,0.0128631,0.0233233,0.328623,0.25578,0.39217,0.313377,1,1,20,175,1,0.119736,0.6028,0.400366,0.0224987,1,1838.96,0.0028463,0.170414,0.814211,0.460735,0.05,300,300,300,300,300,300,110,175,300,57,61,80,45,49,57
erim,0,673,0,0.144667,0.0716484,-0.104374,0.9727,1038.51,0.174378,3.46113,0.133219,0.0871086,0.0302516,0.023205,0.0171575,0.359528,0.254794,0.358782,0.276267,1,1,13,82,1,0.350791,0.330607,0.213685,0.230796,1,1009.52,0.0028463,0.170414,0.814211,0.460735,0.05,300,300,300,300,300,300,70,82,90,53,70,78,39,43,51
erim,0,674,1,0.563212,0.0721342,-0.383248,0.924531,1493.7,5.86822,4.95944,0.764927,0.244054,0.0326594,0.0160077,0.0247363,0.60182,0.501915,0.689615,0.645229,0,3.78351e-44,0,100,1,0.726588,0.569473,0.532273,0.514975,0,1416.87,0.0028463,0.170414,0.814211,0.460735,0.05,300,300,300,300,300,300,79,100,172,58,62,70,31,35,43
erim,0,675,1,0.452657,0.0909662,-0.487481,1.07153,1487.13,2.48887,4.9488,0.54084,0.207268,0.0187729,0.0144726,0.0316503,0.127198,0.356296,0.541259,0.755779,0,3.64338e-44,1,85,1,0.698823,0.36873,0.742949,0.406194,0,1408.2,0.0028463,0.170414,0.814211,0.460735,0.05,300,300,300,300,300,300,81,85,149,48,52,69,40,44,52
erim,0,676,7,0.48999,0.125463,-0.293947,1.0965,1473.21,1.15801,4.90684,0.326611,0.113982,0.0239441,0.0105372,0.0341825,0.121868,0.328724,0.592154,0.451447,1,1,0,85,1,0.467938,0.373857,0.585232,0.542278,1,1443.59,0.0028463,0.170414,0.814211,0.460735,0.05,300,300,300,300,300,300,74,85,115,62,66,74,41,58,66
erim,0,677,6,0.474215,0.0986194,-0.350253,1.07539,1724.09,2.78584,5.73768,0.52909,0.314955,0.0300567,0.0134887,0.0246053,0.233275,0.279857,0.299466,0.425789,1,1,22,122,1,0.43264,0.552961,0.524536,0.372887,1,1680.54,0.0028463,0.170414,0.814211,0.460735,0.05,300,300,300,300,300,300,118,122,300,41,70,78,32,36,44
erim,0,678,3,0.529828,0.0232035,0.48727,0.959077,1621.7,0.324119,5.40457,0.158701,0.0524739,0.0407687,0.00898714,0.0265109,0.60629,0.187809,0.593335,0.455325,1,1,10,300,0,0.158701,0.60629,0.593335,0.455325,1,1621.37,0.0028463,0.170414,0.814211,0.460735,0.05,300,300,300,300,300,300,300,300,300,76,96,162,34,45,53
erim,0,679,2,0.301474,0.0230457,-0.401824,0.93903,2409.27,5.04148,8.01409,0.714523,0.400735,0.0130493,0.0122289,0.0362602,0.377628,0.134543,0.206406,0.608385,1,1,12,62,1,0.847774,0.715162,0.196861,0.588807,1,2271.79,0.0028463,0.170414,0.814211,0.460735,0.05,300,300,300,300,300,300,58,62,158,54,58,66,49,53,61
erim,0,680,3,0.522951,0.084517,0.190272,1.02141,1866.58,0.668514,6.2197,0.25341,0.0300354,0.00696816,0.0124772,0.0330104,0.154716,0.174318,0.637569,0.0319579,1,1,19,95,1,0.203799,0.0799778,0.619947,0.0856199,1,1854.52,0.0028463,0.170414,0.814211,0.460735,0.05,300,300,300,300,300,300,76,95,300,57,61,69,42,46,54
erim,0,681,7,0.366507,0.00380955,-0.320379,0.919648,2341.17,2.85671,7.79438,0.529105,0.294805,0.0243318,0.0164793,0.0208602,0.628172,0.162843,0.359676,0.342872,1,1,20,287,1,0.604119,0.441349,0.339176,0.286157,1,2334.18,0.0028463,0.170414,0.814211,0.460735,0.05,300,300,300,300,300,300,130,287,300,60,64,72,50,54,62
erim,0,682,1,0.350709,0.0196479,0.0504986,1.08567,2368.32,3.51591,7.88269,0.582386,0.125386,0.0225774,0.0162167,0.0392793,0.361568,0.418675,0.3686,0.379761,0,9.10156e-09,19,170,1,0.406681,0.239941,0.271327,0.203899,1,2342.01,0.0028463,0.170414,0.814211,0.460735,0.05,300,300,300,300,300,300,160,170,300,108,124,141,55,59,67
erim,0,683,5,0.339714,0.00233967,-0.00360084,1.02373,1094.78,3.31081,3.63822,0.583551,0.219107,0.0171881,0.0130406,0.0261954,0.11179,0.242083,0.353883,0.171454,1,1,0,300,0,0.583551,0.11179,0.353883,0.171454,1,1091.47,0.0028463,0.170414,0.814211,0.460735,0.05,300,300,300,300,300,300,300,300,300,100,104,152,38,42,50
erim,0,684,7,0.367117,0.129289,-0.268444,1.03729,1794.92,3.53392,5.97127,0.591062,0.144637,0.0264748,0.00748034,0.0331777,0.160768,0.201867,0.305453,0.397333,1,1,23,126,1,0.386287,0.439054,0.374789,0.379343,1,1766.88,0.0028463,0.170414,0.814211,0.460735,0.05,300,300,300,300,300,300,62,126,134,59,63,71,33,37,63
erim,0,685,7,0.356657,0.147585,0.239623,0.982078,2533.07,0.504829,8.44189,0.229793,0.0185257,0.0246039,0.0210289,0.0223001,0.41431,0.214159,0.491421,0.118586,1,1,29,185,1,0.147466,0.128319,0.411567,0.0636606,1,2523.21,0.0028463,0.170414,0.814211,0.460735,0.05,300,300,300,300,300,300,81,185,300,55,59,84,50,54,62
erim,0,686,0,0.381853,0.125426,0.0135471,1.0137,2115.02,0.296939,7.04907,0.176344,0.0466113,0.0274245,0.0126683,0.0165888,0.145216,0.111883,0.314183,0.181681,1,1,1,90,1,0.230684,0.329312,0.223554,0.173676,1,2102.68,0.0028463,0.170414,0.814211,0.460735,0.05,300,300,300,300,300,300,78,90,300,56,77,85,45,57,65
erim,0,687,6,0.362661,0.196502,0.425625,1.08233,2000.07,0.109509,6.66655,0.110364,0.0349404,0.0323493,0.0108961,0.0372716,0.149022,0.0775527,0.297507,0.219408,1,1,27,300,0,0.110364,0.149022,0.297507,0.219408,1,1999.97,0.0028463,0.170414,0.814211,0.460735,0.05,300,300,300,300,300,300,201,300,300,59,87,95,44,48,56
erim,0,688,3,0.38801,0.0831128,0.239587,1.09405,857.553,0.110525,2.85814,0.098904,0.0224724,0.0293121,0.0101191,0.00644989,0.405543,0.120453,0.455496,0.127112,0,0.00103112,-1,158,1,0.0931934,0.149071,0.529409,0.156371,0,841.537,0.0028463,0.170414,0.814211,0.460735,0.05,300,300,300,300,300,300,73,158,300,47,58,66,39,48,56
erim,0,689,2,0.443063,0.0998546,0.422056,1.05129,1407.7,0.493385,4.69067,0.222625,0.0507175,0.0193097,0.00794939,0.0402539,0.538194,0.243357,0.58403,0.1195,0,1.10129e-09,0,300,0,0.222625,0.538194,0.58403,0.1195,0,1407.2,0.0028463,0.170414,0.814211,0.460735,0.05,300,300,300,300,300,300,217,300,300,76,80,111,42,46,70
erim,0,690,2,0.324673,0.120219,-0.0294055,1.04662,1192.1,0.206584,3.97298,0.14045,0.0295451,0.0203462,0.0113808,0.0229915,0.291808,0.159379,0.206701,0.166879,0,2.10766e-13,1,56,1,0.358055,0.287152,0.193597,0.34189,1,1176.44,0.0028463,0.170414,0.814211,0.460735,0.05,300,300,300,300,300,300,52,56,300,47,51,59,43,47,55
erim,0,691,2,0.499498,0.0839441,-0.0495217,0.902507,1091.08,0.42364,3.63554,0.236207,0.0420907,0.0354431,0.0220936,0.0456844,0.341795,0.286096,0.592256,0.331241,1,1,0,259,1,0.0688821,0.213328,0.738634,0.254333,1,1086.17,0.0028463,0.170414,0.814211,0.460735,0.05,300,300,300,300,300,300,93,259,300,69,81,89,44,48,56
erim,0,692,4,0.383748,0.161559,-0.394632,0.968948,1285.39,2.63151,4.27587,0.515764,0.310125,0.0177233,0.00926081,0.0150097,0.589274,0.152451,0.320401,0.488103,1,1,19,109,1,0.425061,0.575984,0.50547,0.560412,1,1219.93,0.0028463,0.170414,0.814211,0.460735,0.05,300,300,300,300,300,300,69,109,300,40,62,70,28,32,40
erim,0,693,2,0.428468,0.08856,-0.166994,0.923346,1311.6,2.27119,4.36444,0.488695,0.108928,0.0214918,0.0226967,0.0338215,0.182006,0.279274,0.401592,0.373589,0,9.77503e-30,-1,100,1,0.427672,0.431462,0.347229,0.335343,0,1278.49,0.0028463,0.170414,0.814211,0.460735,0.05,300,300,300,300,300,300,96,100,300,41,81,89,39,43,51
erim,0,694,3,0.492475,0.143456,-0.384138,0.922587,1863.56,2.96872,6.20198,0.543244,0.129386,0.0468224,0.00220933,0.0311967,0.249486,0.354358,0.74052,0.32269,1,1,16,132,1,0.432986,0.412347,0.580555,0.557033,1,1806.22,0.0028463,0.170414,0.814211,0.460735,0.05,300,300,300,300,300,300,69,132,300,50,54,62,34,38,46
erim,0,695,6,0.376927,0.167262,0.0182943,1.01959,1021.35,0.254348,3.40366,0.163703,0.0262999,0.0206919,0.016587,0.0130319,0.131323,0.100029,0.448266,0.116272,1,1,0,89,1,0.349628,0.18165,0.354371,0.269357,1,1007.24,0.0028463,0.170414,0.814211,0.460735,0.05,300,300,300,300,300,300,85,89,152,46,58,66,35,47,55
erim,0,696,7,0.337849,0.177491,0.0990855,1.05837,1888.31,0.0855437,6.2941,0.09594,0.0170561,0.0410592,0.00543297,0.0374968,0.151627,0.19577,0.468791,0.0347667,1,1,21,198,1,0.104415,0.164176,0.299057,0.113024,1,1885.03,0.0028463,0.170414,0.814211,0.460735,0.05,300,300,300,300,300,300,158,198,206,52,56,78,44,48,56
erim,0,697,3,0.34452,0.0123419,0.336366,0.951764,1123.68,0.226291,3.74484,0.1875,0.0511056,0.0121987,0.0121191,0.0454084,0.615829,0.197087,0.372243,0.417668,1,0.561466,8,300,0,0.1875,0.615829,0.372243,0.417668,1,1123.45,0.0028463,0.170414,0.814211,0.460735,0.05,300,300,300,300,300,300,218,300,300,61,65,97,42,46,54
erim,0,698,1,0.353034,0.141775,-0.176096,1.09845,2193.21,1.03336,7.30727,0.331038,0.134701,0.033255,0.0186194,0.0357012,0.241351,0.0952484,0.374907,0.126428,0,5.7309e-23,26,107,1,0.448204,0.383709,0.360206,0.345963,0,2162.33,0.0028463,0.170414,0.814211,0.460735,0.05,300,300,300,300,300,300,73,107,300,60,64,72,40,51,59
erim,0,699,4,0.479168,0.174152,-0.318981,0.990794,1971.11,1.18927,6.56639,0.351867,0.208474,0.0172894,0.00734566,0.0254693,0.187814,0.223156,0.383094,0.384885,1,1,41,246,1,0.22569,0.396429,0.506528,0.357204,1,1960.6,0.0028463,0.170414,0.814211,0.460735,0.05,300,300,300,300,300,300,152,246,254,57,61,119,44,48,56
erim,0,700,4,0.473719,0.0623472,-0.134453,0.938906,1827.79,1.34571,6.08815,0.421713,0.189992,0.0197836,0.0124136,0.0497233,0.175258,0.259837,0.432617,0.240669,1,1,34,213,1,0.232421,0.155003,0.445828,0.349503,1,1801.73,0.0028463,0.170414,0.814211,0.460735,0.05,300,300,300,300,300,300,72,213,300,51,65,73,33,37,61
erim,0,701,1,0.356715,0.0889703,0.089087,1.07016,1219.98,0.260405,4.06573,0.168768,0.0552852,0.0228851,0.00929887,0.0381271,0.222937,0.101417,0.373841,0.0789515,1,1,1,248,1,0.178521,0.156455,0.532128,0.1012,1,1217.61,0.0028463,0.170414,0.814211,0.460735,0.05,300,300,300,300,300,300,98,248,256,62,71,105,48,52,60
erim,0,702,0,0.545077,0.0260589,0.193308,0.960655,2056.69,0.224986,6.85489,0.124409,0.0185499,0.0194692,0.00525005,0.017764,0.371604,0.262446,0.639392,0.137665,1,1,22,127,1,0.216387,0.4685,0.388693,0.184954,1,2039.54,0.0028463,0.170414,0.814211,0.460735,0.05,300,300,300,300,300,300,123,127,300,68,72,80,43,47,55
erim,0,703,6,0.317138,0.146917,-0.298107,0.95164,1558.73,3.87492,5.18286,0.605966,0.169324,0.0247562,0.0119179,0.0250353,0.746428,0.297739,0.417779,0.467722,1,1,13,91,1,0.498187,0.576391,0.422838,0.483759,1,1506.56,0.0028463,0.170414,0.814211,0.460735,0.05,300,300,300,300,300,300,54,91,300,54,58,66,35,39,47
erim,0,704,1,0.321578,0.096759,-0.305944,0.913108,1720.7,3.32016,5.72458,0.594898,0.192913,0.0257458,0.0156581,0.0634829,0.21997,0.150377,0.366075,0.636378,0,1.04638e-16,0,224,1,0.640378,0.219537,0.359873,0.639666,0,1701.48,0.0028463,0.170414,0.814211,0.460735,0.05,300,300,300,300,300,300,66,224,300,49,53,61,47,51,59
erim,0,705,4,0.366036,0.140393,-0.0952622,0.999699,2013,0.579585,6.70805,0.224019,0.119529,0.0379792,0.0125293,0.0338549,0.329266,0.347826,0.301209,0.318309,1,1,20,110,1,0.367678,0.0846542,0.410848,0.303304,1,1996.03,0.0028463,0.170414,0.814211,0.460735,0.05,300,300,300,300,300,300,72,110,143,67,71,79,41,45,53
erim,0,706,6,0.5452,0.0996298,0.22546,0.928364,2450.05,0.148071,8.16634,0.120582,0.0165158,0.0325663,0.0034685,0.029155,0.165596,0.0976834,0.696521,0.085324,1,1,29,185,1,0.14533,0.31901,0.714253,0.125019,1,2443.69,0.0028463,0.170414,0.814211,0.460735,0.05,300,300,300,300,300,300,114,185,300,70,74,112,51,55,63
erim,0,707,3,0.498048,0.0861556,-0.297585,0.900749,1260.03,1.19001,4.19614,0.352152,0.308709,0.0238335,0.0206359,0.0360527,0.380242,0.294603,0.618364,0.398078,0,0,11,60,1,0.588159,0.39733,0.554213,0.532542,0,1196.07,0.0028463,0.170414,0.814211,0.460735,0.05,300,300,300,300,300,300,56,60,164,43,47,64,29,33,50
erim,0,708,5,0.26284,0.0284513,-0.0932747,0.996187,1909.3,3.5653,6.35246,0.603711,0.236623,0.0153943,0.00504086,0.0374265,0.160402,0.133724,0.171268,0.0428345,1,1,0,71,1,0.490391,0.540595,0.347025,0.237076,1,1806.99,0.0028463,0.170414,0.814211,0.460735,0.05,300,300,300,300,300,300,67,71,300,50,69,77,42,46,54
erim,0,709,1,0.445876,0.199552,-0.121183,1.06341,1231.05,1.83824,4.09738,0.43539,0.1074,0.020311,0.013262,0.0332227,0.138345,0.225017,0.473341,0.273479,0,0.104342,0,71,1,0.3832,0.167842,0.543956,0.227624,1,1207.15,0.0028463,0.170414,0.814211,0.460735,0.05,300,300,300,300,300,300,67,71,300,49,53,61,38,42,50
erim,0,710,4,0.304674,0.146405,0.100844,0.961356,1879.52,0.0148578,6.26502,0.0359755,0.0282026,0.0239345,0.0168984,0.0159594,0.215429,0.134255,0.10313,0.0896311,1,1,20,68,1,0.187593,0.287637,0.299696,0.152108,1,1869.6,0.0028463,0.170414,0.814211,0.460735,0.05,300,300,300,300,300,300,51,68,76,49,53,61,38,42,50
erim,0,711,3,0.23962,0.102064,-0.134822,0.905847,1117.53,0.282754,3.72416,0.152613,0.090114,0.0231908,0.0101709,0.0234686,0.429165,0.184132,0.116633,0.271073,1,1,5,129,1,0.0919895,0.187353,0.077972,0.284998,1,1104.72,0.0028463,0.170414,0.814211,0.460735,0.05,300,300,300,300,300,300,93,129,137,51,55,90,46,50,58
erim,0,712,3,0.300499,0.134949,-0.4475,1.08956,966.406,1.45754,3.21649,0.38206,0.35491,0.0169936,0.0084567,0.0232768,0.455261,0.131632,0.225753,0.609966,0,6.66811e-34,0,60,1,0.374,0.442556,0.323566,0.682271,1,892.612,0.0028463,0.170414,0.814211,0.460735,0.05,300,300,300,300,300,300,56,60,137,43,47,55,41,45,53
erim,0,713,2,0.211592,0.0335855,-0.0671462,1.01646,1995.84,2.12397,6.64572,0.451371,0.312717,0.0169084,0.00430645,0.0594132,0.610163,0.230714,0.286885,0.472338,1,1,2,300,0,0.451371,0.610163,0.286885,0.472338,1,1993.72,0.0028463,0.170414,0.814211,0.460735,0.05,300,300,300,300,300,300,203,300,300,98,141,149,42,46,54
erim,0,714,1,0.450416,0.107787,0.213084,1.09839,2270.21,0.404263,7.56601,0.193108,0.0329442,0.0129247,0.0191576,0.00893857,0.282191,0.162899,0.541911,0.108321,0,2.74776e-10,19,300,0,0.193108,0.282191,0.541911,0.108321,0,2269.8,0.0028463,0.170414,0.814211,0.460735,0.05,300,300,300,300,300,300,77,300,300,68,72,80,50,54,62
erim,0,715,0,0.344836,0.131278,-0.05335,0.909843,969.845,0.230307,3.23205,0.152234,0.0759508,0.0424723,0.00604328,0.0330758,0.207298,0.258998,0.247331,0.188978,1,1,14,139,1,0.279483,0.318108,0.431843,0.154315,1,952.144,0.0028463,0.170414,0.814211,0.460735,0.05,300,300,300,300,300,300,72,139,300,42,46,54,29,43,51
erim,0,716,5,0.293717,0.198574,-0.171555,0.933289,866.192,1.61054,2.88194,0.414642,0.0625828,0.0249899,0.00657156,0.00756482,0.151829,0.317651,0.236147,0.35385,1,1,0,124,1,0.368454,0.356389,0.333879,0.306143,1,840.276,0.0028463,0.170414,0.814211,0.460735,0.05,300,300,300,300,300,300,61,124,300,44,48,56,32,43,51
erim,0,717,1,0.410313,0.0571686,0.105979,0.954744,1102.5,0.173884,3.67443,0.10221,0.0260023,0.0140838,0.00622972,0.0188718,0.614208,0.194906,0.313103,0.298945,1,0.999724,0,76,1,0.357449,0.17132,0.559986,0.176983,1,1084.62,0.0028463,0.170414,0.814211,0.460735,0.05,300,300,300,300,300,300,61,76,300,52,56,64,43,47,55
erim,0,718,5,0.37775,0.00693107,-0.311058,1.04049,2593.39,8.79384,8.61532,0.935623,0.43392,0.0143213,0.0050194,0.0234987,0.555156,0.496426,0.24985,0.646777,0,2.50832e-43,0,300,0,0.935623,0.555156,0.24985,0.646777,0,2584.6,0.0028463,0.170414,0.814211,0.460735,0.05,300,300,300,300,300,300,186,300,300,54,58,66,47,51,59
erim,0,719,5,0.157588,0.0718401,0.0391523,1.09769,1711.01,0.118265,5.70296,0.120885,0.0103872,0.0266876,0.0163726,0.0355073,0.222294,0.0773529,0.259654,0.125591,1,1,12,239,1,0.0316584,0.126277,0.25193,0.215802,1,1709.13,0.0028463,0.170414,0.814211,0.460735,0.05,300,300,300,300,300,300,184,239,300,60,64,72,46,55,63
erim,0,720,4,0.279568,0.102941,0.0986828,0.988414,1061.94,0.320249,3.53873,0.185861,0.0210586,0.0177859,0.0100067,0.01417,0.203803,0.147039,0.209547,0.0405275,1,1,15,126,1,0.116349,0.0895638,0.421073,0.0205054,1,1056.64,0.0028463,0.170414,0.814211,0.460735,0.05,300,300,300,300,300,300,65,126,286,47,51,71,39,43,51
erim,0,721,2,0.25536,0.0632013,0.226254,0.900337,1941.1,0.114619,6.46994,0.117475,0.0124036,0.0145949,0.0141395,0.0336073,0.418924,0.146051,0.301868,0.153671,0,0.229588,12,179,1,0.0755395,0.327349,0.289724,0.104674,1,1935.27,0.0028463,0.170414,0.814211,0.460735,0.05,300,300,300,300,300,300,148,179,300,55,59,67,40,44,52
erim,0,722,0,0.526699,0.0503685,-0.269538,0.974908,2221.15,2.31325,7.39612,0.523182,0.123952,0.0413339,0.0180456,0.029699,0.210823,0.288082,0.607668,0.450935,1,1,22,266,1,0.364706,0.453531,0.53398,0.553296,1,2206.69,0.0028463,0.170414,0.814211,0.460735,0.05,300,300,300,300,300,300,161,266,300,60,64,72,49,53,61
erim,0,723,7,0.406937,0.0135129,0.00518382,1.06716,1892.41,0.749575,6.30554,0.276076,0.0854013,0.00917319,0.0196818,0.0114147,0.213752,0.217072,0.418646,0.136302,1,1,7,96,1,0.341659,0.20365,0.425611,0.0501182,1,1868.01,0.0028463,0.170414,0.814211,0.460735,0.05,300,300,300,300,300,300,92,96,300,75,79,101,48,57,65
erim,0,724,5,0.299477,0.014057,-0.31091,1.00162,1242.58,2.51956,4.13354,0.504832,0.366433,0.0228519,0.0071221,0.0259205,0.319343,0.0904059,0.28176,0.548382,1,1,24,189,1,0.575152,0.228682,0.446128,0.435887,1,1210.96,0.0028463,0.170414,0.814211,0.460735,0.05,300,300,300,300,300,300,166,189,300,78,82,167,51,55,63
erim,0,725,2,0.602741,0.00139787,-0.25337,0.956637,2216.22,8.28232,7.35979,0.908963,0.314643,0.0278805,0.0166386,0.0199641,0.666147,0.380612,0.490139,0.255237,1,1,17,236,1,0.672519,0.291965,0.668748,0.408804,1,2155.82,0.0028463,0.170414,0.814211,0.460735,0.05,300,300,300,300,300,300,124,236,300,67,103,111,48,52,60
erim,0,726,7,0.375656,0.0585561,0.451629,1.0704,1913.84,0.0171199,6.37941,0.062752,0.0191629,0.0257007,0.00349165,0.0296344,0.371331,0.0377181,0.295396,0.102301,1,1,22,300,0,0.062752,0.371331,0.295396,0.102301,1,1913.82,0.0028463,0.170414,0.814211,0.460735,0.05,300,300,300,300,300,300,124,300,300,58,77,97,43,47,55
erim,0,727,7,0.404224,0.173771,0.136738,0.924289,1176.89,0.298211,3.92196,0.159614,0.0258952,0.0127735,0.0115485,0.0244156,0.202323,0.0948159,0.324783,0.0848456,1,1,6,125,1,0.0853342,0.29206,0.270783,0.225291,1,1165.44,0.0028463,0.170414,0.814211,0.460735,0.05,300,300,300,300,300,300,61,125,300,54,58,66,44,48,56
erim,0,728,4,0.37066,0.0909994,0.467556,1.07998,1858.37,0.20451,6.19388,0.160715,0.0218655,0.0273109,0.0146237,0.0204667,0.333688,0.150806,0.503139,0.282672,1,1,28,194,1,0.231088,0.215896,0.339661,0.353414,1,1844.85,0.0028463,0.170414,0.814211,0.460735,0.05,300,300,300,300,300,300,190,194,259,68,87,95,35,39,47
erim,0,729,0,0.396734,0.1008,-0.236238,1.01351,2191.48,2.75924,7.29573,0.566249,0.220911,0.0523382,0.0102801,0.0161332,0.178374,0.107203,0.37876,0.43052,1,1,22,69,1,0.277146,0.336777,0.35446,0.390052,1,2151.46,0.0028463,0.170414,0.814211,0.460735,0.05,300,300,300,300,300,300,65,69,77,55,59,67,34,38,46
erim,0,730,4,0.53889,0.135791,-0.0526677,1.02321,951.261,1.10576,3.16718,0.327497,0.0068991,0.0130019,0.0126147,0.00922854,0.093305,0.284274,0.430886,0.179227,1,1,16,63,1,0.363997,0.182532,0.543066,0.0873174,1,938.257,0.0028463,0.170414,0.814211,0.460735,0.05,300,300,300,300,300,300,51,63,187,42,46,54,32,36,44
erim,0,731,0,0.301695,0.0512075,0.352219,0.900438,1144.96,0.272049,3.81561,0.134978,0.0413082,0.037444,0.0145854,0.0368316,0.227687,0.128121,0.514764,0.381576,1,1,0,239,1,0.265451,0.362068,0.369698,0.232455,1,1136.07,0.0028463,0.170414,0.814211,0.460735,0.05,300,300,300,300,300,300,213,239,300,52,56,111,34,38,57
erim,0,732,2,0.422728,0.180893,0.401215,1.05402,1512.7,0.383975,5.04106,0.219463,0.0467136,0.01681,0.0163477,0.0526961,0.58967,0.146594,0.290556,0.213916,0,1.42402e-06,0,93,1,0.160772,0.481022,0.397668,0.130954,1,1485.27,0.0028463,0.170414,0.814211,0.460735,0.05,300,300,300,300,300,300,89,93,300,86,90,98,40,68,76
erim,0,733,3,0.390046,0.0227648,-0.209783,0.904187,1393.84,4.20847,4.63212,0.670097,0.258814,0.0266717,0.00935643,0.042665,0.141919,0.244431,0.484699,0.415971,1,1,10,300,0,0.670097,0.141919,0.484699,0.415971,1,1389.64,0.0028463,0.170414,0.814211,0.460735,0.05,300,300,300,300,300,300,65,300,300,45,49,57,31,35,43
erim,0,734,3,0.429704,0.0967878,0.258809,0.917072,1617.38,0.0822957,5.39098,0.0980727,0.0101714,0.0210739,0.0014142,0.0102951,0.16468,0.0664615,0.266685,0.131025,0,6.65166e-09,32,125,1,0.108635,0.439983,0.148183,0.163538,0,1603.94,0.0028463,0.170414,0.814211,0.460735,0.05,300,300,300,300,300,300,115,125,300,73,77,85,45,57,74
erim,0,735,2,0.548185,0.0669807,-0.0191746,1.08953,1706.71,0.141762,5.68857,0.10511,0.0615806,0.0191769,0.0124681,0.0198537,0.286904,0.262398,0.497908,0.24976,0,4.58896e-06,1,285,1,0.234176,0.16262,0.483052,0.124383,0,1706.04,0.0028463,0.170414,0.814211,0.460735,0.05,300,300,300,300,300,300,195,285,293,54,70,78,35,39,47
erim,0,736,3,0.353588,0.032842,-0.425244,0.969101,2154.04,4.81465,7.1641,0.693618,0.597224,0.0310391,0.0213454,0.0236835,0.760677,0.136491,0.627889,0.200851,1,1,17,300,0,0.693618,0.760677,0.627889,0.200851,1,2149.23,0.0028463,0.170414,0.814211,0.460735,0.05,300,300,300,300,300,300,176,300,300,73,137,167,44,48,82
erim,0,737,1,0.403733,0.0877216,-0.326605,0.92343,1374.97,5.87486,4.56366,0.785824,0.217473,0.0288292,0.0240306,0.0249529,0.235644,0.287287,0.722067,0.0951372,0,6.55668e-10,10,92,1,0.598269,0.623283,0.627956,0.541755,1,1293.09,0.0028463,0.170414,0.814211,0.460735,0.05,300,300,300,300,300,300,59,92,100,47,51,59,29,33,55
erim,0,738,5,0.437537,0.0270939,-0.16418,0.970106,2057.26,3.32731,6.84643,0.570023,0.182393,0.0251416,0.00219889,0.0275585,0.314113,0.432738,0.423283,0.149833,1,1,0,84,1,0.41173,0.368812,0.361496,0.217074,1,2011.12,0.0028463,0.170414,0.814211,0.460735,0.05,300,300,300,300,300,300,80,84,300,56,60,68,50,54,62
erim,0,739,0,0.499162,0.12157,0.429373,0.937751,1279.58,0.174737,4.2647,0.113767,0.0354207,0.0313943,0.0052553,0.0339446,0.55112,0.105648,0.583596,0.0730705,1,1,12,300,0,0.113767,0.55112,0.583596,0.0730705,1,1279.41,0.0028463,0.170414,0.814211,0.460735,0.05,300,300,300,300,300,300,272,300,300,54,69,96,43,47,55
erim,0,740,4,0.232929,0.18128,-0.0694331,1.0907,1098.35,0.432438,3.65971,0.216175,0.0290675,0.0254809,0.011214,0.0365612,0.211626,0.168936,0.265631,0.212912,1,1,14,240,1,0.286215,0.194963,0.383715,0.257452,1,1093.16,0.0028463,0.170414,0.814211,0.460735,0.05,300,300,300,300,300,300,59,240,300,58,62,70,41,45,68
erim,0,741,0,0.472585,0.0674545,0.292088,0.934479,1624.34,0.251998,5.41361,0.132129,0.0189925,0.0501452,0.00820118,0.0466214,0.382371,0.141675,0.500971,0.177133,1,1,20,257,1,0.0987738,0.31547,0.560452,0.0520547,1,1621.61,0.0028463,0.170414,0.814211,0.460735,0.05,300,300,300,300,300,300,104,257,300,65,76,84,52,56,64
erim,0,742,7,0.376766,0.0757947,0.0504601,0.90155,1806.82,0.128196,6.02231,0.0954003,0.022051,0.028415,0.017873,0.0440546,0.487678,0.191583,0.2905,0.126257,1,1,21,76,1,0.192792,0.227421,0.407299,0.206619,1,1792.07,0.0028463,0.170414,0.814211,0.460735,0.05,300,300,300,300,300,300,60,76,133,51,55,63,37,41,49
erim,0,743,5,0.41904,0.178721,-0.128014,1.04547,1470.14,0.341066,4.89932,0.204989,0.104077,0.0181473,0.0129855,0.0312845,0.257006,0.160337,0.609255,0.27187,1,1,0,106,1,0.276715,0.243507,0.398418,0.158519,1,1454.01,0.0028463,0.170414,0.814211,0.460735,0.05,300,300,300,300,300,300,59,106,144,54,58,66,44,48,56
erim,0,744,3,0.303077,0.156138,0.397887,1.05071,1465.54,0.241217,4.88434,0.161264,0.0213341,0.0167529,0.0125722,0.0627549,0.389322,0.152972,0.210633,0.192203,1,1,3,300,0,0.161264,0.389322,0.210633,0.192203,1,1465.3,0.0028463,0.170414,0.814211,0.460735,0.05,300,300,300,300,300,300,90,300,300,61,79,87,37,56,64
erim,0,745,1,0.535009,0.00442023,0.207418,0.996227,2653.12,0.855816,8.84087,0.256234,0.124283,0.0228436,0.010114,0.0344856,0.534643,0.518245,0.460618,0.0423667,0,1.69125e-16,1,300,0,0.256234,0.534643,0.460618,0.0423667,0,2652.26,0.0028463,0.170414,0.814211,0.460735,0.05,300,300,300,300,300,300,300,300,300,89,93,101,74,78,86
erim,0,746,6,0.280339,0.128993,0.156511,0.915451,2034.45,0.356723,6.78031,0.199876,0.0298109,0.0194034,0.0157829,0.0331302,0.330753,0.103011,0.475233,0.127177,1,1,16,79,1,0.207744,0.23194,0.227884,0.193578,1,2021.72,0.0028463,0.170414,0.814211,0.460735,0.05,300,300,300,300,300,300,68,79,300,46,67,75,40,44,52
erim,0,747,7,0.324355,0.0443512,-0.214155,0.971429,2137.34,0.812155,7.12176,0.295222,0.0463013,0.0113489,0.0084187,0.0607927,0.125234,0.1814,0.427476,0.0063812,1,1,11,108,1,0.453527,0.412969,0.408538,0.355552,1,2094.5,0.0028463,0.170414,0.814211,0.460735,0.05,300,300,300,300,300,300,71,108,272,47,51,59,36,40,48
erim,0,748,5,0.4184,0.0419795,0.292158,0.968308,2091.02,0.320187,6.969,0.149016,0.0124342,0.0334621,0.0142877,0.00875975,0.157874,0.168285,0.39112,0.0582469,1,1,0,102,1,0.0654418,0.643661,0.33288,0.0883752,1,2076.07,0.0028463,0.170414,0.814211,0.460735,0.05,300,300,300,300,300,300,92,102,300,50,54,76,43,47,55
erim,0,749,4,0.38916,0.151122,0.431199,0.906947,1207.24,0.327581,4.02303,0.196339,0.0268292,0.0413072,0.00717953,0.0370699,0.488644,0.0734201,0.420761,0.225356,1,1,1,300,0,0.196339,0.488644,0.420761,0.225356,1,1206.91,0.0028463,0.170414,0.814211,0.460735,0.05,300,300,300,300,300,300,253,300,300,50,54,107,43,47,55
erim,0,750,1,0.223214,0.165008,0.14448,1.06792,1085.5,0.126157,3.61792,0.100282,0.0281568,0.0222348,0.0141717,0.0527317,0.238143,0.193723,0.30387,0.0890357,0,1.26976e-29,1,113,1,0.0755937,0.34358,0.332295,0.121401,0,1074.58,0.0028463,0.170414,0.814211,0.460735,0.05,300,300,300,300,300,300,91,113,121,71,75,83,45,62,70
erim,0,751,7,0.605005,0.0907194,-0.498976,0.901526,1350.96,6.50185,4.48151,0.794053,0.308503,0.0276421,0.016781,0.035448,0.727364,0.172319,0.571793,0.772144,1,1,19,70,1,0.902132,0.797402,0.456995,0.649385,1,1214.16,0.0028463,0.170414,0.814211,0.460735,0.05,300,300,300,300,300,300,66,70,300,50,54,62,30,34,57
erim,0,752,7,0.287386,0.146118,-0.438777,1.03065,1578.34,3.96442,5.24792,0.620011,0.29145,0.0389231,0.0045724,0.0184603,0.445113,0.163724,0.201114,0.686278,1,1,0,92,1,0.535098,0.363563,0.135066,0.553412,1,1505.37,0.0028463,0.170414,0.814211,0.460735,0.05,300,300,300,300,300,300,68,92,300,45,49,71,38,42,50
erim,0,753,3,0.421507,0.122888,-0.414423,0.903916,1752.18,3.80563,5.82791,0.613915,0.276331,0.0339517,0.00788558,0.031235,0.712633,0.271062,0.538123,0.567272,1,1,0,139,1,0.468,0.759716,0.439621,0.511432,1,1703.16,0.0028463,0.170414,0.814211,0.460735,0.05,300,300,300,300,300,300,63,139,300,50,54,62,44,48,56
erim,0,754,2,0.494863,0.0304682,0.284559,0.983999,1853.9,0.138719,6.17922,0.0984624,0.0261705,0.0425635,0.0103022,0.0270403,0.390368,0.186847,0.36968,0.168702,0,2.28664e-07,1,247,1,0.164084,0.273582,0.464236,0.0353835,1,1849.74,0.0028463,0.170414,0.814211,0.460735,0.05,300,300,300,300,300,300,98,247,300,51,55,80,43,47,55
erim,0,755,6,0.4766,0.13546,-0.21526,0.938332,1546.25,1.05796,5.15063,0.311023,0.217566,0.0266852,0.00504857,0.0310269,0.210412,0.299336,0.410496,0.293268,1,1,6,73,1,0.53656,0.374975,0.302863,0.459394,1,1510.68,0.0028463,0.170414,0.814211,0.460735,0.05,300,300,300,300,300,300,59,73,300,55,59,67,33,37,45
erim,0,756,3,0.402085,0.0756696,0.364883,1.03854,1338.35,0.504849,4.45949,0.199684,0.0350332,0.0222963,0.0103748,0.0334536,0.0922332,0.178357,0.599973,0.166573,1,1,4,300,0,0.199684,0.0922332,0.599973,0.166573,1,1337.85,0.0028463,0.170414,0.814211,0.460735,0.05,300,300,300,300,300,300,245,300,300,70,80,122,42,59,67
erim,0,757,3,0.545929,0.0599086,-0.297607,0.971603,1333.11,2.20205,4.43636,0.488929,0.168442,0.0228658,0.0172938,0.0678602,0.100923,0.265986,0.543812,0.46651,0,1.71299e-39,1,66,1,0.677441,0.463981,0.426738,0.370635,0,1276.11,0.0028463,0.170414,0.814211,0.460735,0.05,300,300,300,300,300,300,62,66,131,44,59,67,40,44,52
erim,0,758,4,0.429495,0.11999,0.313666,0.937093,1292.64,0.0690768,4.30858,0.0705344,0.00506592,0.0321699,0.017438,0.0259793,0.437442,0.0434792,0.505945,0.097955,1,1,12,147,1,0.148261,0.302727,0.463431,0.0527529,1,1278.77,0.0028463,0.170414,0.814211,0.460735,0.05,300,300,300,300,300,300,72,147,300,49,53,71,41,45,53
erim,0,759,0,0.41546,0.162353,-0.0814518,1.02531,1056.88,0.326646,3.52185,0.134563,0.0290166,0.0307461,0.0190093,0.0372484,0.298303,0.3816,0.58357,0.418205,1,1,1,106,1,0.0712623,0.159156,0.590702,0.157341,1,1046.14,0.0028463,0.170414,0.814211,0.460735,0.05,300,300,300,300,300,300,94,106,300,46,50,58,35,39,47
erim,0,760,2,0.45803,0.0293601,-0.178644,1.05958,1033.79,0.68336,3.4437,0.264418,0.264076,0.0372931,0.00959335,0.028614,0.365957,0.151924,0.445029,0.516617,1,1,9,300,0,0.264418,0.365957,0.445029,0.516617,1,1033.11,0.0028463,0.170414,0.814211,0.460735,0.05,300,300,300,300,300,300,130,300,300,47,51,86,35,50,58
erim,0,761,3,0.414236,0.0136668,0.137344,0.980317,1707.26,0.600504,5.68886,0.220957,0.0249264,0.0292398,0.0178179,0.0254133,0.310768,0.316982,0.536196,0.0789387,1,1,23,197,1,0.133458,0.218919,0.536076,0.0792724,1,1701.02,0.0028463,0.170414,0.814211,0.460735,0.05,300,300,300,300,300,300,98,197,205,51,55,93,42,46,54
erim,0,762,4,0.301925,0.128295,0.0963579,0.955188,1960.74,0.0336892,6.53568,0.0516332,0.0166851,0.0185319,0.00497689,0.0351864,0.142773,0.0377431,0.400032,0.0714822,1,1,20,67,1,0.348664,0.349788,0.334719,0.0596738,1,1946.38,0.0028463,0.170414,0.814211,0.460735,0.05,300,300,300,300,300,300,63,67,300,60,64,72,42,46,54
erim,0,763,6,0.584862,0.0733929,-0.361847,1.03042,2412.34,7.72048,8.0154,0.860634,0.239075,0.0132489,0.00946307,0.0286636,0.670249,0.469255,0.531064,0.492992,1,1,36,63,1,0.792438,0.60497,0.934468,0.303223,1,2271.68,0.0028463,0.170414,0.814211,0.460735,0.05,300,300,300,300,300,300,59,63,300,52,56,64,41,52,60
erim,0,764,1,0.370644,0.186045,0.103426,0.906455,1286.64,0.0438972,4.28866,0.0462599,0.0137113,0.0190639,0.0100407,0.013125,0.496091,0.201787,0.316631,0.149245,1,0.999911,1,132,1,0.0464786,0.105732,0.395791,0.116399,1,1281.66,0.0028463,0.170414,0.814211,0.460735,0.05,300,300,300,300,300,300,85,132,217,44,54,62,28,46,54
erim,0,765,2,0.470319,0.0849708,-0.450678,0.943973,1486.84,2.96873,4.94623,0.543022,0.435779,0.0238791,0.00995126,0.0130366,0.307335,0.0513737,0.619962,0.614389,1,1,1,213,1,0.668308,0.638769,0.628457,0.692548,1,1453.88,0.0028463,0.170414,0.814211,0.460735,0.05,300,300,300,300,300,300,89,213,300,62,66,90,26,41,61
erim,0,766,1,0.45151,0.148233,0.485786,1.07198,1524.07,0.561209,5.07838,0.249601,0.0142952,0.0387944,0.01085,0.034379,0.3131,0.0577004,0.525567,0.253549,0,8.12819e-19,2,191,1,0.166466,0.268588,0.360393,0.353787,1,1510.19,0.0028463,0.170414,0.814211,0.460735,0.05,300,300,300,300,300,300,91,191,300,47,79,87,37,49,57
erim,0,767,1,0.478015,0.037235,-0.0954301,1.01851,1426.14,1.16915,4.74991,0.348286,0.112448,0.0292821,0.0105592,0.021229,0.25915,0.223704,0.571786,0.139003,0,1.24323e-20,0,84,1,0.197957,0.284141,0.548512,0.32299,1,1389.91,0.0028463,0.170414,0.814211,0.460735,0.05,300,300,300,300,300,300,59,84,92,52,56,64,42,46,54
erim,0,768,0,0.4589,0.189277,-0.466105,1.06996,1844.43,3.93463,6.135,0.610144,0.339461,0.0266179,0.00756921,0.0339582,0.65462,0.207376,0.38349,0.596149,1,1,22,88,1,0.684647,0.637814,0.290335,0.61671,1,1771.09,0.0028463,0.170414,0.814211,0.460735,0.05,300,300,300,300,300,300,54,88,300,50,54,62,38,52,60
erim,0,769,5,0.307265,0.0619027,0.331347,1.05149,1390.49,0.243168,4.63416,0.156602,0.0421828,0.0374249,0.0088891,0.034118,0.358334,0.143818,0.388646,0.115602,1,1,19,300,0,0.156602,0.358334,0.388646,0.115602,1,1390.25,0.0028463,0.170414,0.814211,0.460735,0.05,300,300,300,300,300,300,241,300,300,69,85,154,48,62,70
erim,0,770,1,0.184025,0.0932549,-0.21226,1.04094,1489.45,3.23643,4.95404,0.584902,0.111497,0.0395406,0.00889262,0.0233541,0.0805336,0.127357,0.279384,0.388357,0,1.90954e-13,12,137,1,0.164041,0.254715,0.313949,0.40527,0,1462.89,0.0028463,0.170414,0.814211,0.460735,0.05,300,300,300,300,300,300,60,137,145,53,57,65,37,41,60
erim,0,771,4,0.16831,0.0596394,0.353257,1.08436,1422.26,0.335101,4.73975,0.16727,0.0208506,0.0239817,0.0143926,0.0275644,0.217396,0.293183,0.231868,0.254304,1,1,26,264,1,0.211373,0.254788,0.147193,0.212806,1,1418.61,0.0028463,0.170414,0.814211,0.460735,0.05,300,300,300,300,300,300,95,264,300,74,78,86,48,52,71
erim,0,772,7,0.592838,0.123661,-0.172543,0.953026,990.673,1.26238,3.29804,0.325983,0.128746,0.0147787,0.0166074,0.0175781,0.368377,0.345861,0.7362,0.314652,1,1,1,85,1,0.457293,0.379589,0.702827,0.231706,1,954.063,0.0028463,0.170414,0.814211,0.460735,0.05,300,300,300,300,300,300,81,85,280,50,54,77,35,51,59
erim,0,773,1,0.574605,0.00258312,-0.0439847,0.962295,1116.88,4.57481,3.70768,0.707033,0.229857,0.0241323,0.0124738,0.0554241,0.204616,0.264658,0.688884,0.216958,0,5.39697e-15,3,73,1,0.362575,0.257088,0.54431,0.247754,1,1049.03,0.0028463,0.170414,0.814211,0.460735,0.05,300,300,300,300,300,300,69,73,300,55,59,67,44,48,56
erim,0,774,7,0.31802,0.177991,-0.284582,0.933756,2011.78,1.74714,6.70011,0.437625,0.240586,0.0193977,0.00992003,0.0188841,0.501657,0.204367,0.445092,0.249904,1,1,25,102,1,0.455594,0.343952,0.431992,0.426861,1,1970.7,0.0028463,0.170414,0.814211,0.460735,0.05,300,300,300,300,300,300,98,102,300,53,57,82,39,48,56
erim,0,775,7,0.321266,0.11522,-0.0157868,1.02757,1026.73,0.285011,3.4215,0.184815,0.0341611,0.0214273,0.012028,0.0447848,0.166334,0.0715044,0.356298,0.155142,1,1,0,98,1,0.137393,0.174837,0.463944,0.0640453,1,1019.07,0.0028463,0.170414,0.814211,0.460735,0.05,300,300,300,300,300,300,94,98,300,43,82,90,39,43,51
erim,0,776,1,0.385651,0.0505782,0.326743,0.917891,2362.3,0.0664629,7.8741,0.092915,0.0273045,0.00866376,0.00693063,0.00975908,0.470617,0.258749,0.437693,0.0998855,1,1,10,300,0,0.092915,0.470617,0.437693,0.0998855,1,2362.23,0.0028463,0.170414,0.814211,0.460735,0.05,300,300,300,300,300,300,141,300,300,56,66,74,43,55,63
erim,0,777,6,0.480563,0.109762,0.106934,0.97854,1954.27,0.0434236,6.5141,0.0811976,0.045865,0.0250678,0.00608015,0.0308549,0.180512,0.12615,0.59317,0.0525982,1,1,16,225,1,0.0989201,0.292553,0.484469,0.034599,1,1951.21,0.0028463,0.170414,0.814211,0.460735,0.05,300,300,300,300,300,300,84,225,300,52,56,64,47,51,59
erim,0,778,7,0.502036,0.0806142,0.35561,0.944901,1773.45,0.198822,5.91083,0.0966307,0.0163593,0.0116531,0.00353505,0.036212,0.648158,0.152322,0.595341,0.0636017,1,1,8,300,0,0.0966307,0.648158,0.595341,0.0636017,1,1773.25,0.0028463,0.170414,0.814211,0.460735,0.05,300,300,300,300,300,300,124,300,300,49,67,75,39,50,58
erim,0,779,4,0.554097,0.0898517,0.0186676,0.941369,1789.96,0.0107083,5.96651,0.0355805,0.0355805,0.0203806,0.00705531,0.0423099,0.19146,0.15044,0.445711,0.275865,1,1,23,74,1,0.207541,0.0886243,0.396612,0.160292,1,1776.74,0.0028463,0.170414,0.814211,0.460735,0.05,300,300,300,300,300,300,70,74,125,54,58,66,41,45,64
erim,0,780,1,0.282146,0.0881602,-0.417395,1.01681,1451.37,3.50868,4.8262,0.604337,0.0922115,0.0259901,0.00706536,0.00994322,0.536476,0.372574,0.222521,0.59679,0,4.7511e-41,0,84,1,0.371524,0.431496,0.321922,0.784712,0,1378.57,0.0028463,0.170414,0.814211,0.460735,0.05,300,300,300,300,300,300,58,84,300,55,59,67,42,56,64
erim,0,781,0,0.594036,0.137241,-0.0613194,1.0823,1576.12,0.601746,5.25174,0.25019,0.0470325,0.0306905,0.0187653,0.0296717,0.288475,0.185251,0.763559,0.125811,1,1,2,67,1,0.354211,0.363817,0.820037,0.177792,1,1550.74,0.0028463,0.170414,0.814211,0.460735,0.05,300,300,300,300,300,300,63,67,147,56,67,75,49,53,61
erim,0,782,4,0.481116,0.035482,-0.0490198,1.02586,1356.47,0.408836,4.52021,0.199002,0.120598,0.0333727,0.00987508,0.0424297,0.2382,0.162898,0.642528,0.163166,1,1,15,114,1,0.695384,0.344991,0.539472,0.330977,1,1329.48,0.0028463,0.170414,0.814211,0.460735,0.05,300,300,300,300,300,300,110,114,300,50,54,62,43,47,55
erim,0,783,6,0.332853,0.108478,0.127315,0.912295,1805.69,0.194386,6.01832,0.135333,0.0112138,0.0244706,0.0155872,0.0248375,0.247983,0.0721749,0.387071,0.165537,1,1,39,118,1,0.333864,0.086572,0.408043,0.0882066,1,1797.81,0.0028463,0.170414,0.814211,0.460735,0.05,300,300,300,300,300,300,101,118,300,52,56,64,42,46,54
erim,0,784,6,0.457925,0.0185753,0.0222889,0.908552,995.254,0.3426,3.31637,0.178386,0.0288658,0.0102305,0.0107969,0.0205901,0.0713693,0.0859082,0.437681,0.21113,1,1,1,300,0,0.178386,0.0713693,0.437681,0.21113,1,994.911,0.0028463,0.170414,0.814211,0.460735,0.05,300,300,300,300,300,300,71,300,300,69,73,81,30,41,64
erim,0,785,5,0.539105,0.136746,0.0140226,1.00414,1019.39,0.161023,3.39745,0.123922,0.0458845,0.0221562,0.0154351,0.00745291,0.391581,0.253512,0.517853,0.258,1,1,19,94,1,0.257912,0.328712,0.548494,0.139216,1,1004.25,0.0028463,0.170414,0.814211,0.460735,0.05,300,300,300,300,300,300,90,94,102,36,46,54,28,32,40
erim,0,786,5,0.234275,0.143013,0.422122,1.06631,1168.51,0.270542,3.89414,0.154492,0.00873043,0.0132585,0.0110094,0.0288467,0.41776,0.0226377,0.299907,0.169339,1,1,14,240,1,0.124592,0.39583,0.36447,0.300202,1,1161.72,0.0028463,0.170414,0.814211,0.460735,0.05,300,300,300,300,300,300,110,240,300,61,65,90,33,52,60
erim,0,787,5,0.564432,0.185998,0.319766,0.94917,1532.62,0.0484151,5.10857,0.0904215,0.00512632,0.0294817,0.0117535,0.0134657,0.651725,0.113368,0.383794,0.222645,1,1,0,122,1,0.0577975,0.437429,0.564805,0.0826681,1,1520.08,0.0028463,0.170414,0.814211,0.460735,0.05,300,300,300,300,300,300,91,122,300,43,47,87,34,38,46
erim,0,788,7,0.441652,0.031714,0.449743,1.09776,1766.52,0.197147,5.88773,0.129389,0.0181435,0.0392798,0.010117,0.0439225,0.417017,0.389593,0.310345,0.760096,1,1,23,300,0,0.129389,0.417017,0.310345,0.760096,1,1766.32,0.0028463,0.170414,0.814211,0.460735,0.05,300,300,300,300,300,300,300,300,300,75,84,92,41,52,60
erim,0,789,7,0.427787,0.0545595,0.140801,0.940318,2048.3,0.0767038,6.82743,0.0812078,0.033901,0.0182381,0.00828854,0.0396022,0.515079,0.252814,0.589908,0.211885,1,1,20,232,1,0.138235,0.144441,0.524744,0.101933,1,2043.77,0.0028463,0.170414,0.814211,0.460735,0.05,300,300,300,300,300,300,77,232,300,58,62,81,47,51,59
erim,0,790,5,0.507888,0.0808562,-0.389342,1.07838,1603.35,5.43642,5.32638,0.736926,0.0803908,0.0274997,0.0139693,0.037907,0.30101,0.259099,0.471584,0.588589,1,1,14,79,1,0.689785,0.205096,0.416707,0.604589,1,1518.96,0.0028463,0.170414,0.814211,0.460735,0.05,300,300,300,300,300,300,75,79,87,46,50,58,32,36,44
erim,0,791,4,0.339549,0.0170452,0.269017,0.992122,1663.88,0.31323,5.54523,0.15084,0.0168018,0.0209836,0.010633,0.0400968,0.241134,0.155842,0.284245,0.0532347,1,1,17,130,1,0.27644,0.137949,0.327365,0.0604459,1,1647.16,0.0028463,0.170414,0.814211,0.460735,0.05,300,300,300,300,300,300,97,130,300,66,70,78,36,40,48
erim,0,792,6,0.275144,0.119613,-0.358645,0.97554,1843.38,3.83849,6.1318,0.630731,0.410973,0.040728,0.00995598,0.034986,0.597791,0.247407,0.419432,0.644695,1,1,14,92,1,0.418716,0.660233,0.381863,0.499849,1,1772.62,0.0028463,0.170414,0.814211,0.460735,0.05,300,300,300,300,300,300,88,92,212,47,51,59,45,49,57
erim,0,793,0,0.363748,0.195937,-0.12583,0.916138,1948.31,1.32365,6.48995,0.360295,0.0917498,0.0264949,0.0095155,0.048702,0.493942,0.252826,0.533215,0.222605,1,1,22,75,1,0.192696,0.351247,0.418398,0.392942,1,1923.04,0.0028463,0.170414,0.814211,0.460735,0.05,300,300,300,300,300,300,64,75,300,54,58,66,48,52,60
erim,0,794,0,0.178817,0.169785,0.0640453,0.965817,2120.69,0.0240807,7.06887,0.0348485,0.00808,0.0387949,0.0135981,0.037879,0.121382,0.0383615,0.137648,0.190282,1,1,0,74,1,0.183402,0.192847,0.341644,0.0553468,1,2108.17,0.0028463,0.170414,0.814211,0.460735,0.05,300,300,300,300,300,300,65,74,112,49,53,61,37,41,49
erim,0,795,4,0.367104,0.0442837,0.0383512,1.02802,2022.44,1.18605,6.73751,0.340659,0.0587142,0.0381422,0.0146773,0.0471387,0.263143,0.277634,0.495185,0.0435369,1,1,21,166,1,0.246877,0.231623,0.477586,0.0382194,1,2009.69,0.0028463,0.170414,0.814211,0.460735,0.05,300,300,300,300,300,300,127,166,174,78,90,115,45,49,57
erim,0,796,2,0.289785,0.112125,-0.378956,0.954633,1391.36,1.93144,4.63144,0.456767,0.351243,0.0101724,0.0109087,0.0297596,0.476126,0.0842457,0.520752,0.522575,1,1,3,131,1,0.553895,0.506982,0.454046,0.620488,1,1337.73,0.0028463,0.170414,0.814211,0.460735,0.05,300,300,300,300,300,300,77,131,197,62,79,87,40,44,52
erim,0,797,7,0.332249,0.113615,-0.0783075,1.07783,959.619,0.18614,3.19811,0.130291,0.0246306,0.0252155,0.0140937,0.0296519,0.250864,0.127659,0.303583,0.267496,1,1,14,142,1,0.21334,0.0489574,0.251934,0.231613,1,952.487,0.0028463,0.170414,0.814211,0.460735,0.05,300,300,300,300,300,300,58,142,150,44,54,62,33,44,52
erim,0,798,2,0.429027,0.0803526,-0.143165,0.947879,1118.07,0.663453,3.72468,0.245325,0.122279,0.0170533,0.00372765,0.032454,0.378112,0.198083,0.466085,0.355714,0,3.02138e-24,-1,52,1,0.298431,0.23587,0.432967,0.498536,0,1095.36,0.0028463,0.170414,0.814211,0.460735,0.05,300,300,300,300,300,300,48,52,300,40,44,52,28,32,50
erim,0,799,3,0.374744,0.155657,0.402251,1.02499,1595.29,0.0325999,5.31753,0.0548193,0.0132218,0.0146305,0.00396416,0.0270581,0.319214,0.129605,0.339304,0.152352,1,1,12,300,0,0.0548193,0.319214,0.339304,0.152352,1,1595.26,0.0028463,0.170414,0.814211,0.460735,0.05,300,300,300,300,300,300,155,300,300,63,67,84,51,55,63
erim,0,800,5,0.287599,0.033379,-0.11338,0.902094,1411.16,1.54662,4.6987,0.385141,0.319107,0.014168,0.0146429,0.0344522,0.184411,0.165103,0.488076,0.264779,0,8.56159e-11,0,300,0,0.385141,0.184411,0.488076,0.264779,0,1409.61,0.0028463,0.170414,0.814211,0.460735,0.05,300,300,300,300,300,300,134,300,300,103,107,115,46,50,58
erim,0,801,1,0.426069,0.0816525,-0.339767,1.06347,1897.38,1.16119,6.32072,0.332697,0.168208,0.0105306,0.0129318,0.0242352,0.506774,0.150278,0.530223,0.530235,0,3.54666e-25,28,136,1,0.555694,0.38782,0.507727,0.545738,0,1869.62,0.0028463,0.170414,0.814211,0.460735,0.05,300,300,300,300,300,300,93,136,300,72,76,84,49,53,79
erim,0,802,1,0.225176,0.0957092,-0.0805279,1.06032,1004.14,0.63235,3.34503,0.261926,0.0745123,0.0285981,0.00312925,0.0198028,0.199422,0.251265,0.203098,0.0949315,0,5.21788e-32,7,90,1,0.345183,0.158549,0.126574,0.365891,1,979.442,0.0028463,0.170414,0.814211,0.460735,0.05,300,300,300,300,300,300,86,90,213,48,63,71,36,47,55
erim,0,803,4,0.53047,0.0923683,0.469871,0.917422,2120.17,0.137044,7.06677,0.0948233,0.0126488,0.0226863,0.00508062,0.0306978,0.540783,0.160977,0.400662,0.307039,1,1,23,300,0,0.0948233,0.540783,0.400662,0.307039,1,2120.03,0.0028463,0.170414,0.814211,0.460735,0.05,300,300,300,300,300,300,155,300,300,60,64,107,43,47,55
erim,0,804,0,0.395945,0.0536392,-0.35326,1.04961,1162.75,0.944684,3.87267,0.301637,0.238103,0.0386643,0.0159278,0.0433096,0.461952,0.0947236,0.398212,0.47615,1,1,17,59,1,0.694984,0.327525,0.425206,0.421954,1,1123.66,0.0028463,0.170414,0.814211,0.460735,0.05,300,300,300,300,300,300,48,59,67,43,47,55,39,43,51
erim,0,805,1,0.404716,0.193633,0.0449814,1.07003,1269.84,0.342028,4.23165,0.198339,0.0262505,0.0508744,0.0130718,0.0348165,0.223846,0.0872621,0.380563,0.213449,0,9.63241e-29,0,124,1,0.0730613,0.219861,0.33919,0.295895,0,1262.73,0.0028463,0.170414,0.814211,0.460735,0.05,300,300,300,300,300,300,64,124,132,49,53,61,34,38,56
erim,0,806,1,0.305245,0.0384176,-0.00797141,0.952894,1484.23,0.69144,4.94514,0.256334,0.0840959,0.0165592,0.0128277,0.0129724,0.224783,0.224625,0.247057,0.143646,1,0.645371,0,150,1,0.365664,0.240581,0.204319,0.0197902,1,1474.01,0.0028463,0.170414,0.814211,0.460735,0.05,300,300,300,300,300,300,112,150,300,50,54,98,37,53,61
erim,0,807,1,0.485084,0.180565,-0.295958,1.04378,1928.14,1.10743,6.42344,0.334689,0.150714,0.0131568,0.0131535,0.0301244,0.444917,0.17995,0.496463,0.48598,0,5.88224e-25,16,60,1,0.419648,0.399117,0.464495,0.609514,1,1893.45,0.0028463,0.170414,0.814211,0.460735,0.05,300,300,300,300,300,300,56,60,300,42,58,66,40,44,52
erim,0,808,1,0.439711,0.0666559,0.215005,0.942294,1322.42,0.621813,4.40598,0.234826,0.0153538,0.0209307,0.0127836,0.0126424,0.258717,0.118359,0.439558,0.148693,1,1,1,56,1,0.443224,0.430863,0.370449,0.108564,1,1301.01,0.0028463,0.170414,0.814211,0.460735,0.05,300,300,300,300,300,300,52,56,300,47,51,59,39,43,51
erim,0,809,6,0.389046,0.0824239,-0.482632,1.0217,1521.83,2.0214,5.06603,0.475144,0.262246,0.0140138,0.0173406,0.0303824,0.287597,0.347098,0.430635,0.705134,1,1,23,70,1,0.569326,0.341382,0.359635,0.577695,1,1447.85,0.0028463,0.170414,0.814211,0.460735,0.05,300,300,300,300,300,300,66,70,300,58,62,70,44,54,62
erim,0,810,1,0.456479,0.128911,-0.433576,0.967376,1042.01,3.93712,3.46026,0.60985,0.303121,0.0374538,0.00762718,0.0323771,0.56714,0.323978,0.552235,0.555049,0,5.81593e-24,0,71,1,0.663534,0.668865,0.502294,0.577958,1,974.161,0.0028463,0.170414,0.814211,0.460735,0.05,300,300,300,300,300,300,52,71,79,36,48,56,33,37,45
erim,0,811,0,0.572395,0.15985,-0.330248,1.0155,1818.77,1.35643,6.05804,0.348664,0.151622,0.0506097,0.0159744,0.0461677,0.280357,0.287039,0.677844,0.576415,1,1,20,188,1,0.323327,0.300435,0.857824,0.402464,1,1796.65,0.0028463,0.170414,0.814211,0.460735,0.05,300,300,300,300,300,300,98,188,196,54,58,66,39,56,64
erim,0,812,5,0.524129,0.124792,-0.204363,0.990091,1279.85,1.19014,4.26219,0.334154,0.0620128,0.022247,0.00699537,0.0194608,0.148593,0.186487,0.508426,0.364666,1,1,18,88,1,0.0766807,0.257446,0.579407,0.313586,1,1252.76,0.0028463,0.170414,0.814211,0.460735,0.05,300,300,300,300,300,300,84,88,282,47,51,71,30,41,49
erim,0,813,4,0.519853,0.169155,-0.00595498,0.946285,2336.64,0.117393,7.78839,0.097382,0.0352783,0.0320994,0.0040259,0.0439914,0.229739,0.11381,0.52802,0.254208,1,1,32,96,1,0.34212,0.250204,0.500709,0.105681,1,2325.35,0.0028463,0.170414,0.814211,0.460735,0.05,300,300,300,300,300,300,77,96,300,58,62,70,46,50,58
erim,0,814,7,0.359865,0.121006,0.444119,1.03749,1334.19,0.406536,4.44596,0.20941,0.0199525,0.0398037,0.0175185,0.024149,0.319829,0.0556839,0.498917,0.192064,1,1,0,300,0,0.20941,0.319829,0.498917,0.192064,1,1333.79,0.0028463,0.170414,0.814211,0.460735,0.05,300,300,300,300,300,300,197,300,300,75,104,149,45,49,57
erim,0,815,2,0.25776,0.156671,-0.13721,1.06521,1025.18,0.67959,3.415,0.270911,0.0466762,0.0133255,0.0150007,0.0319497,0.304332,0.22674,0.269094,0.278291,1,1,0,55,1,0.364037,0.182779,0.144677,0.173994,1,1000.12,0.0028463,0.170414,0.814211,0.460735,0.05,300,300,300,300,300,300,51,55,63,42,46,54,24,37,45
erim,0,816,0,0.249901,0.101635,0.144713,1.06987,1218.35,0.0576637,4.06097,0.0857977,0.0224393,0.0309858,0.00378953,0.0217533,0.331925,0.0594342,0.346887,0.0389316,1,1,19,88,1,0.326465,0.444801,0.472565,0.0907777,1,1206.07,0.0028463,0.170414,0.814211,0.460735,0.05,300,300,300,300,300,300,77,88,300,58,62,70,39,43,65
erim,0,817,6,0.353388,0.0222226,-0.186253,0.902278,2400.88,10.2688,7.96871,1.04394,0.565313,0.0178536,0.0209002,0.033247,0.239753,0.368105,0.498783,0.307863,1,1,27,300,0,1.04394,0.239753,0.498783,0.307863,1,2390.61,0.0028463,0.170414,0.814211,0.460735,0.05,300,300,300,300,300,300,300,300,300,51,55,63,37,41,49
erim,0,818,1,0.48432,0.117112,-0.0454739,1.00946,1813.75,0.172122,6.04527,0.126538,0.0350032,0.0198259,0.016529,0.0160147,0.20813,0.201479,0.549966,0.217998,0,7.81655e-17,17,62,1,0.264417,0.297962,0.496309,0.274609,1,1798.49,0.0028463,0.170414,0.814211,0.460735,0.05,300,300,300,300,300,300,58,62,300,57,61,69,48,52,60
erim,0,819,5,0.419893,0.137835,0.0563012,0.961882,1557.32,0.169803,5.19049,0.124876,0.013258,0.0208311,0.00508746,0.0179677,0.201962,0.17783,0.327899,0.0049736,1,1,14,78,1,0.220866,0.378098,0.326508,0.0257809,1,1544.77,0.0028463,0.170414,0.814211,0.460735,0.05,300,300,300,300,300,300,74,78,300,46,50,58,45,49,57
erim,0,820,3,0.394152,0.0566592,0.103067,0.965742,1426.36,0.702402,4.7522,0.222276,0.0291348,0.0280484,0.00496985,0.0264002,0.492478,0.370056,0.297917,0.0944945,1,1,1,132,1,0.107619,0.136279,0.52486,0.061588,1,1417.38,0.0028463,0.170414,0.814211,0.460735,0.05,300,300,300,300,300,300,69,132,300,51,55,63,48,52,60
erim,0,821,0,0.167401,0.141043,-0.0374883,0.932262,981.882,0.818658,3.27021,0.292916,0.018404,0.030574,0.015069,0.0258973,0.334529,0.177446,0.294226,0.137363,1,1,0,83,1,0.220767,0.310594,0.202048,0.169397,1,965.669,0.0028463,0.170414,0.814211,0.460735,0.05,300,300,300,300,300,300,79,83,91,47,51,59,30,42,50
erim,0,822,5,0.387438,0.184524,0.480969,0.987695,1429.44,0.619399,4.76273,0.268168,0.0163463,0.0238558,0.00915479,0.0485293,0.690757,0.0863311,0.402394,0.113746,1,1,9,169,1,0.186715,0.419254,0.275665,0.294475,1,1408.35,0.0028463,0.170414,0.814211,0.460735,0.05,300,300,300,300,300,300,98,169,300,45,67,75,38,48,56
erim,0,823,6,0.472602,0.126764,0.202872,1.09261,1247.7,0.179213,4.15842,0.160492,0.0208448,0.0182444,0.0133416,0.0177118,0.271181,0.0976466,0.442755,0.151403,1,1,9,81,1,0.0421161,0.47045,0.506801,0.386012,1,1234.25,0.0028463,0.170414,0.814211,0.460735,0.05,300,300,300,300,300,300,77,81,300,67,71,79,44,48,71
erim,0,824,2,0.458536,0.152934,0.0986208,0.949484,1327.61,0.0774686,4.42512,0.0821034,0.0090355,0.0296765,0.0147509,0.046086,0.268049,0.144986,0.455808,0.045497,1,1,4,107,1,0.216765,0.276986,0.747942,0.0493488,1,1319.95,0.0028463,0.170414,0.814211,0.460735,0.05,300,300,300,300,300,300,60,107,148,42,46,54,40,44,52
erim,0,825,4,0.0794371,0.162089,-0.278794,0.992865,2416.72,1.73582,8.04995,0.412503,0.271637,0.0289651,0.0128651,0.0357652,0.512923,0.146627,0.275072,0.414313,1,1,37,115,1,0.331672,0.327364,0.197697,0.370347,1,2368.55,0.0028463,0.170414,0.814211,0.460735,0.05,300,300,300,300,300,300,72,115,300,52,56,64,48,52,60
erim,0,826,1,0.35718,0.127833,-0.0811559,1.07967,1459.23,0.133232,4.86366,0.127296,0.10458,0.0130974,0.0083263,0.0285402,0.137704,0.113068,0.363916,0.343153,0,5.19819e-26,10,195,1,0.292983,0.219048,0.433232,0.218585,0,1450.93,0.0028463,0.170414,0.814211,0.460735,0.05,300,300,300,300,300,300,112,195,296,49,66,74,44,48,56
erim,0,827,6,0.610618,0.164015,0.138438,1.07993,1922.37,0.215317,6.40719,0.161344,0.0272352,0.0293337,0.0181688,0.0574496,0.357466,0.174051,0.76566,0.221234,1,1,14,115,1,0.122964,0.248547,0.745948,0.0679043,1,1914.36,0.0028463,0.170414,0.814211,0.460735,0.05,300,300,300,300,300,300,97,115,154,58,62,95,47,51,59
erim,0,828,0,0.313677,0.0845992,0.462677,1.05644,1096.28,0.19774,3.65361,0.136471,0.0284733,0.0229445,0.00360955,0.0507542,0.533046,0.0567759,0.270518,0.1533,1,1,12,300,0,0.136471,0.533046,0.270518,0.1533,1,1096.08,0.0028463,0.170414,0.814211,0.460735,0.05,300,300,300,300,300,300,223,300,300,55,65,73,40,44,52
erim,0,829,7,0.326929,0.0336802,0.0416632,0.955716,1966.35,0.108632,6.55412,0.0733455,0.0324373,0.0153905,0.0132844,0.0443589,0.422294,0.201991,0.338951,0.0977637,1,1,10,142,1,0.142503,0.236499,0.459148,0.0938521,1,1960.25,0.0028463,0.170414,0.814211,0.460735,0.05,300,300,300,300,300,300,130,142,300,54,58,75,39,43,51
erim,0,830,0,0.377661,0.152353,-0.346986,1.00137,1853.28,2.8825,6.16798,0.544799,0.104922,0.0164369,0.0112264,0.0394937,0.537003,0.0627072,0.414277,0.403171,1,1,3,154,1,0.520044,0.230387,0.380986,0.500747,1,1815.37,0.0028463,0.170414,0.814211,0.460735,0.05,300,300,300,300,300,300,53,154,242,48,52,60,37,41,49
erim,0,831,0,0.39611,0.121569,-0.16665,1.06354,1522.24,1.88027,5.06785,0.445635,0.170488,0.017339,0.0142052,0.0301087,0.405425,0.130944,0.589522,0.201651,1,1,21,254,1,0.34572,0.181254,0.411918,0.414997,1,1513.26,0.0028463,0.170414,0.814211,0.460735,0.05,300,300,300,300,300,300,76,254,262,44,48,56,38,47,55
erim,0,832,1,0.38693,0.184564,0.20988,1.03718,1327.62,0.0650368,4.42517,0.0521663,0.0122781,0.0194131,0.0120019,0.0559982,0.207665,0.194571,0.458699,0.0690992,0,1.19873e-19,0,177,1,0.0654234,0.304715,0.19386,0.139775,1,1318.81,0.0028463,0.170414,0.814211,0.460735,0.05,300,300,300,300,300,300,158,177,300,50,64,72,45,49,57
erim,0,833,6,0.391267,0.0105634,0.469422,1.09272,2301.04,0.346895,7.66899,0.209018,0.0327454,0.0130371,0.0132611,0.0198261,0.963788,0.426248,0.555049,0.306684,1,1,18,300,0,0.209018,0.963788,0.555049,0.306684,1,2300.7,0.0028463,0.170414,0.814211,0.460735,0.05,300,300,300,300,300,300,108,300,300,83,103,111,43,47,71
erim,0,834,2,0.426106,0.0201026,0.289329,1.03014,1347.35,0.314371,4.49013,0.18623,0.0288753,0.0233703,0.0109003,0.0478584,0.236877,0.0761824,0.352389,0.0840276,0,4.70752e-34,22,300,0,0.18623,0.236877,0.352389,0.0840276,0,1347.04,0.0028463,0.170414,0.814211,0.460735,0.05,300,300,300,300,300,300,300,300,300,47,80,110,34,49,57
erim,0,835,3,0.287761,0.0292863,0.468119,1.09875,996.591,0.471445,3.3204,0.214767,0.0322264,0.0274012,0.0205155,0.036543,0.65871,0.0835937,0.482788,0.325479,0,2.26297e-17,1,300,0,0.214767,0.65871,0.482788,0.325479,0,996.12,0.0028463,0.170414,0.814211,0.460735,0.05,300,300,300,300,300,300,300,300,300,65,69,77,38,42,50
erim,0,836,2,0.388704,0.170389,-0.173174,1.05335,1065.67,1.31797,3.54783,0.37325,0.143768,0.0158774,0.0183683,0.040034,0.143448,0.0294604,0.273795,0.380802,1,1,5,134,1,0.195707,0.135436,0.436696,0.427679,1,1047.76,0.0028463,0.170414,0.814211,0.460735,0.05,300,300,300,300,300,300,58,134,300,43,47,55,41,45,53
erim,0,837,0,0.403324,0.0567684,0.133347,1.01466,1084.18,1.19215,3.60997,0.362488,0.0905852,0.0241503,0.0100295,0.0193855,0.143612,0.293263,0.272438,0.442495,1,1,6,89,1,0.183256,0.305766,0.399446,0.172098,1,1051.76,0.0028463,0.170414,0.814211,0.460735,0.05,300,300,300,300,300,300,85,89,300,44,48,65,37,41,49
erim,0,838,6,0.602354,0.151865,0.417661,0.908631,957.205,0.171391,3.19011,0.13183,0.017559,0.0434142,0.0106134,0.0392625,0.636978,0.0921823,0.726358,0.244965,1,1,2,300,0,0.13183,0.636978,0.726358,0.244965,1,957.034,0.0028463,0.170414,0.814211,0.460735,0.05,300,300,300,300,300,300,85,300,300,60,64,82,35,39,59
erim,0,839,2,0.48079,0.142984,-0.408274,1.07362,1241.1,0.590864,4.13504,0.244774,0.244774,0.0203803,0.0094658,0.0483742,0.168832,0.281388,0.710134,0.489779,1,1,3,53,1,0.819465,0.946424,0.808051,0.37559,1,1161.55,0.0028463,0.170414,0.814211,0.460735,0.05,300,300,300,300,300,300,49,53,159,43,47,55,41,45,53
erim,0,840,5,0.279498,0.175616,0.220345,0.95872,1204.08,0.00354426,4.0136,0.0277288,0.0276942,0.025962,0.00926528,0.0154394,0.123786,0.236291,0.330494,0.213204,1,1,0,104,1,0.0965041,0.340739,0.211213,0.0962227,1,1193.37,0.0028463,0.170414,0.814211,0.460735,0.05,300,300,300,300,300,300,84,104,112,38,49,57,29,33,41
erim,0,841,0,0.151167,0.0360862,-0.246412,0.957651,965.366,2.72725,3.2088,0.544851,0.175204,0.0266729,0.00928918,0.0309769,0.091387,0.22872,0.17526,0.431184,1,1,13,83,1,0.410117,0.609367,0.228196,0.344783,1,916.636,0.0028463,0.170414,0.814211,0.460735,0.05,300,300,300,300,300,300,79,83,250,50,54,62,37,41,49
erim,0,842,1,0.445061,0.0370951,0.424494,1.07657,1466.36,0.364289,4.88665,0.193084,0.0373007,0.0273317,0.013359,0.0361255,0.573539,0.0529516,0.338919,0.374957,1,1,10,300,0,0.193084,0.573539,0.338919,0.374957,1,1465.99,0.0028463,0.170414,0.814211,0.460735,0.05,300,300,300,300,300,300,300,300,300,126,130,274,49,70,78
erim,0,843,7,0.33839,0.14585,0.112182,0.943033,1510.73,0.0929633,5.03546,0.0905796,0.0237688,0.0136187,0.00813871,0.0256545,0.266984,0.0750264,0.316962,0.12971,1,1,0,110,1,0.125665,0.232231,0.27817,0.0568933,1,1498.69,0.0028463,0.170414,0.814211,0.460735,0.05,300,300,300,300,300,300,106,110,300,52,56,64,44,48,56
erim,0,844,2,0.159237,0.0476511,0.0134481,1.09862,1188.21,0.443945,3.95924,0.205986,0.060944,0.0365633,0.0113689,0.0293107,0.31286,0.0739913,0.32362,0.305316,1,1,0,111,1,0.155677,0.203866,0.297751,0.166289,1,1176.23,0.0028463,0.170414,0.814211,0.460735,0.05,300,300,300,300,300,300,107,111,300,51,55,63,40,54,62
erim,0,845,5,0.536783,0.00946951,0.48795,0.945302,1738.35,1.5086,5.78947,0.402016,0.237958,0.0298147,0.00736064,0.0353018,0.383945,0.217335,0.763534,0.355336,1,1,0,300,0,0.402016,0.383945,0.763534,0.355336,1,1736.84,0.0028463,0.170414,0.814211,0.460735,0.05,300,300,300,300,300,300,300,300,300,77,81,300,53,78,86
erim,0,846,2,0.434186,0.186254,-0.139164,0.921685,945.012,0.428964,3.14861,0.220853,0.0831528,0.0132029,0.00737256,0.0426197,0.178471,0.216265,0.46682,0.174272,1,1,0,73,1,0.311507,0.200316,0.435623,0.367381,1,930.147,0.0028463,0.170414,0.814211,0.460735,0.05,300,300,300,300,300,300,69,73,235,49,53,61,31,48,56
erim,0,847,1,0.472957,0.0346583,-0.100987,1.07466,1813.83,1.12615,6.04235,0.348502,0.317827,0.0196098,0.0136585,0.0370863,0.279169,0.197433,0.401535,0.478737,0,1.16056e-22,0,300,0,0.348502,0.279169,0.401535,0.478737,0,1812.7,0.0028463,0.170414,0.814211,0.460735,0.05,300,300,300,300,300,300,281,300,300,68,198,206,46,61,69
erim,0,848,5,0.320592,0.136682,-0.22648,1.01501,1625.31,1.54987,5.41253,0.404745,0.128888,0.0508245,0.00993654,0.0451642,0.216661,0.139208,0.535314,0.423224,1,1,0,158,1,0.468038,0.133116,0.376629,0.428352,1,1597.59,0.0028463,0.170414,0.814211,0.460735,0.05,300,300,300,300,300,300,106,158,300,50,65,73,37,41,49
erim,0,849,5,0.378854,0.198973,0.166071,0.952538,1291.82,0.0257816,4.30597,0.073706,0.0166172,0.0192832,0.00801212,0.0356638,0.464631,0.141665,0.297292,0.146274,1,1,9,66,1,0.221992,0.228795,0.400042,0.144933,1,1279.44,0.0028463,0.170414,0.814211,0.460735,0.05,300,300,300,300,300,300,62,66,300,50,60,68,40,49,57
erim,0,850,6,0.381463,0.0276594,0.0957774,1.08391,932.838,0.42467,3.10804,0.209499,0.0646224,0.0232353,0.00719188,0.011409,0.324685,0.151748,0.399514,0.164545,1,1,0,163,1,0.17729,0.445116,0.538004,0.178713,1,922.416,0.0028463,0.170414,0.814211,0.460735,0.05,300,300,300,300,300,300,80,163,279,45,54,62,44,48,56
erim,0,851,7,0.334837,0.0274425,-0.0647744,0.948919,2191,3.13925,7.29286,0.565099,0.294282,0.0267662,0.0144004,0.0609371,0.191506,0.16575,0.417011,0.392025,1,1,22,300,0,0.565099,0.191506,0.417011,0.392025,1,2187.86,0.0028463,0.170414,0.814211,0.460735,0.05,300,300,300,300,300,300,300,300,300,56,60,68,51,55,63
erim,0,852,6,0.421517,0.120578,-0.0931647,1.08977,1398.52,0.962944,4.65852,0.289429,0.0471056,0.0243264,0.0227989,0.0308348,0.277873,0.294829,0.313922,0.263037,1,1,1,78,1,0.439921,0.361499,0.424003,0.263175,1,1371.62,0.0028463,0.170414,0.814211,0.460735,0.05,300,300,300,300,300,300,74,78,300,44,73,81,41,45,53
erim,0,853,1,0.311523,0.0617809,-0.455853,1.01902,1757.01,5.77568,5.83746,0.749807,0.455058,0.027031,0.0129636,0.0502962,0.536551,0.106116,0.521407,0.413311,0,6.19507e-13,0,55,1,0.650425,0.749981,0.343537,0.618484,1,1664.53,0.0028463,0.170414,0.814211,0.460735,0.05,300,300,300,300,300,300,51,55,113,50,54,62,37,49,57
erim,0,854,6,0.29537,0.0480102,-0.0521529,0.991185,1528.81,0.359113,5.09483,0.175662,0.0380907,0.030215,0.00888416,0.0305051,0.309673,0.0885984,0.300059,0.215824,1,1,4,149,1,0.337948,0.408887,0.458533,0.148817,1,1507.58,0.0028463,0.170414,0.814211,0.460735,0.05,300,300,300,300,300,300,87,149,300,59,63,71,41,45,63
erim,0,855,7,0.429874,0.0706744,0.363202,1.09067,1255.05,0.305919,4.18247,0.166169,0.01244,0.0397935,0.0175057,0.0536002,0.105551,0.11864,0.470761,0.254581,1,1,10,183,1,0.0930617,0.557424,0.638163,0.379986,1,1244.69,0.0028463,0.170414,0.814211,0.460735,0.05,300,300,300,300,300,300,147,183,300,55,67,91,32,41,49
erim,0,856,2,0.457109,0.146808,0.463226,0.902473,1007,0.197749,3.35602,0.149614,0.0479112,0.0345785,0.00405959,0.0314226,0.240816,0.0897379,0.586456,0.581928,1,1,0,300,0,0.149614,0.240816,0.586456,0.581928,1,1006.81,0.0028463,0.170414,0.814211,0.460735,0.05,300,300,300,300,300,300,130,300,300,61,65,73,42,46,54
erim,0,857,7,0.354037,0.0225439,-0.0368642,1.08402,1822.09,0.0884744,6.07334,0.086193,0.0443657,0.0251468,0.00983279,0.0438508,0.194308,0.116204,0.442875,0.159482,1,1,25,92,1,0.279526,0.159161,0.34773,0.181775,1,1811.46,0.0028463,0.170414,0.814211,0.460735,0.05,300,300,300,300,300,300,73,92,300,61,76,84,46,50,58
erim,0,858,2,0.421919,0.14691,0.255608,1.06389,1506.77,0.230571,5.0218,0.145916,0.00942482,0.0211247,0.00700445,0.0164316,0.303075,0.124811,0.41986,0.153505,0,1.36227e-11,17,300,0,0.145916,0.303075,0.41986,0.153505,0,1506.54,0.0028463,0.170414,0.814211,0.460735,0.05,300,300,300,300,300,300,117,300,300,47,65,73,37,41,49
erim,0,859,6,0.504864,0.0365977,-0.109758,0.940608,1897.48,1.92897,6.31852,0.461688,0.275548,0.0116379,0.017368,0.0341108,0.171458,0.2355,0.631968,0.315641,1,1,14,300,0,0.461688,0.171458,0.631968,0.315641,1,1895.55,0.0028463,0.170414,0.814211,0.460735,0.05,300,300,300,300,300,300,62,300,300,49,53,61,46,50,58
erim,0,860,0,0.437348,0.153479,0.211605,1.09097,1442.44,0.255653,4.80729,0.157604,0.00675644,0.0260987,0.00661503,0.030559,0.249172,0.0959162,0.389498,0.105401,1,1,8,84,1,0.117372,0.309566,0.395733,0.129432,1,1429.54,0.0028463,0.170414,0.814211,0.460735,0.05,300,300,300,300,300,300,69,84,300,53,57,65,41,45,53
erim,0,861,2,0.27856,0.138386,-0.390223,1.0953,1952.08,1.47132,6.50203,0.405434,0.185232,0.0193793,0.0141077,0.0361866,0.335558,0.243216,0.264833,0.669425,1,1,26,73,1,0.366116,0.357262,0.291857,0.533495,1,1896,0.0028463,0.170414,0.814211,0.460735,0.05,300,300,300,300,300,300,69,73,300,54,58,77,48,52,60
erim,0,862,1,0.3085,0.109558,0.408378,0.918265,1192.64,0.218415,3.97474,0.151188,0.0310065,0.0326351,0.0133891,0.0477087,0.570159,0.0590627,0.29546,0.210497,0,2.76317e-05,1,300,0,0.151188,0.570159,0.29546,0.210497,0,1192.42,0.0028463,0.170414,0.814211,0.460735,0.05,300,300,300,300,300,300,98,300,300,45,49,88,40,44,52
erim,0,863,2,0.389533,0.0564667,-0.12818,0.996092,2086.31,1.32802,6.94995,0.369745,0.0744137,0.017988,0.0097649,0.0205446,0.318389,0.142872,0.35644,0.171298,0,0.0483,20,74,1,0.425677,0.313938,0.566746,0.217436,1,2059.3,0.0028463,0.170414,0.814211,0.460735,0.05,300,300,300,300,300,300,70,74,125,52,56,76,46,50,58
erim,0,864,4,0.40524,0.0580518,0.168918,0.980461,1805.82,0.133038,6.01894,0.118111,0.0415036,0.00729945,0.00807892,0.0285659,0.316283,0.268565,0.236079,0.0788389,1,1,28,220,1,0.0532643,0.236709,0.289736,0.0681706,1,1800.09,0.0028463,0.170414,0.814211,0.460735,0.05,300,300,300,300,300,300,203,220,300,61,65,143,42,46,54
erim,0,865,2,0.375681,0.0461892,0.238564,1.01942,2337.38,0.300693,7.79026,0.168099,0.0225214,0.0266433,0.0120641,0.0288794,0.302688,0.158272,0.545538,0.107175,1,0.585538,27,159,1,0.156988,0.356564,0.317659,0.0256345,1,2325.59,0.0028463,0.170414,0.814211,0.460735,0.05,300,300,300,300,300,300,155,159,300,79,88,96,53,57,65
erim,0,866,4,0.552643,0.00757306,-0.18683,0.948606,1430.51,2.17898,4.76111,0.458796,0.122001,0.0301034,0.0179315,0.0359265,0.460113,0.521513,0.469122,0.0356792,1,1,20,64,1,0.579615,0.271785,0.370912,0.254392,1,1343.14,0.0028463,0.170414,0.814211,0.460735,0.05,300,300,300,300,300,300,60,64,92,53,57,65,42,46,54
erim,0,867,5,0.348736,0.120268,0.00212038,1.06217,1251.92,0.428912,4.17162,0.163711,0.0573912,0.0399624,0.00891598,0.0406465,0.578037,0.21541,0.343134,0.145232,1,1,16,78,1,0.30252,0.1793,0.415088,0.185245,1,1236.08,0.0028463,0.170414,0.814211,0.460735,0.05,300,300,300,300,300,300,66,78,120,57,61,69,40,44,52
erim,0,868,5,0.509643,0.054392,-0.224315,1.033,2116.77,1.79304,7.04993,0.433626,0.122828,0.00798324,0.00942742,0.0418489,0.43659,0.273286,0.507893,0.330797,1,1,0,67,1,0.305862,0.338264,0.456388,0.337897,1,2085.14,0.0028463,0.170414,0.814211,0.460735,0.05,300,300,300,300,300,300,56,67,290,43,56,64,41,45,53
erim,0,869,2,0.217777,0.082038,0.45201,1.0822,1132.6,0.196302,3.77469,0.177082,0.0230577,0.0199582,0.0212101,0.0516552,0.512462,0.0697987,0.151836,0.295622,1,1,1,300,0,0.177082,0.512462,0.151836,0.295622,1,1132.41,0.0028463,0.170414,0.814211,0.460735,0.05,300,300,300,300,300,300,186,300,300,51,62,92,45,49,57
erim,0,870,1,0.429883,0.0598224,-0.172056,1.03022,2278.47,2.32952,7.58712,0.500646,0.163047,0.014988,0.0069995,0.0439547,0.238756,0.161893,0.262275,0.511027,1,1,0,147,1,0.219192,0.454751,0.404952,0.256545,1,2248.19,0.0028463,0.170414,0.814211,0.460735,0.05,300,300,300,300,300,300,79,147,166,45,66,74,41,45,53
erim,0,871,5,0.560839,0.126937,0.215858,1.01619,2053.56,0.0154466,6.84516,0.043908,0.043908,0.0221567,0.0196953,0.0444422,0.585386,0.266903,0.623676,0.0465114,1,1,0,240,1,0.162176,0.518035,0.650222,0.0327301,1,2049.3,0.0028463,0.170414,0.814211,0.460735,0.05,300,300,300,300,300,300,112,240,300,55,59,87,41,45,53
erim,0,872,4,0.482018,0.0503292,-0.0580057,1.05323,2181.03,0.384515,7.2688,0.196672,0.0402052,0.0411618,0.0171587,0.0368233,0.222893,0.0933721,0.513853,0.25364,1,1,36,123,1,0.267461,0.303897,0.551076,0.17954,1,2162.97,0.0028463,0.170414,0.814211,0.460735,0.05,300,300,300,300,300,300,69,123,131,66,70,89,43,47,55
erim,0,873,3,0.431019,0.0743655,-0.0898094,1.0067,2102.31,0.691922,7.00541,0.247491,0.0685536,0.0310859,0.0181427,0.0428186,0.325869,0.170867,0.56292,0.184044,1,1,18,151,1,0.192564,0.173148,0.47493,0.251198,1,2075.89,0.0028463,0.170414,0.814211,0.460735,0.05,300,300,300,300,300,300,84,151,159,51,55,75,39,43,51
erim,0,874,6,0.268922,0.106348,0.288603,0.957088,1511.15,0.292894,5.03618,0.142827,0.0271679,0.0296291,0.00404509,0.0317617,0.583954,0.195941,0.403299,0.0849296,1,1,7,300,0,0.142827,0.583954,0.403299,0.0849296,1,1510.85,0.0028463,0.170414,0.814211,0.460735,0.05,300,300,300,300,300,300,100,300,300,48,52,97,42,46,54
erim,0,875,0,0.471954,0.101091,-0.452273,1.06645,2178.15,3.78759,7.24788,0.596963,0.320398,0.0250903,0.0138121,0.0139765,0.67578,0.196545,0.525207,0.673792,1,1,0,82,1,0.677795,0.764056,0.538083,0.5386,1,2108.82,0.0028463,0.170414,0.814211,0.460735,0.05,300,300,300,300,300,300,78,82,131,56,60,68,45,49,57
erim,0,876,2,0.3649,0.198233,-0.134526,1.01432,1474.7,1.52085,4.91059,0.395195,0.147429,0.0315783,0.0132635,0.0379485,0.490531,0.113858,0.295126,0.186033,1,0.999196,0,85,1,0.427152,0.270059,0.257612,0.229869,1,1446.67,0.0028463,0.170414,0.814211,0.460735,0.05,300,300,300,300,300,300,56,85,115,48,52,76,42,46,54
erim,0,877,3,0.37954,0.0145798,0.283342,0.948964,1545.67,0.301177,5.15122,0.17573,0.0245019,0.0250777,0.0109634,0.0347638,0.426327,0.210746,0.469359,0.173772,0,3.44723e-32,20,218,1,0.141506,0.294321,0.256833,0.287331,0,1537.56,0.0028463,0.170414,0.814211,0.460735,0.05,300,300,300,300,300,300,62,218,300,51,55,63,43,47,55
erim,0,878,5,0.475118,0.115818,-0.0245857,1.09613,2121.66,0.53021,7.07044,0.23946,0.027204,0.0433319,0.0151077,0.0334106,0.201097,0.16363,0.519581,0.339744,1,1,0,176,1,0.0926591,0.231306,0.408988,0.170037,1,2111.24,0.0028463,0.170414,0.814211,0.460735,0.05,300,300,300,300,300,300,89,176,300,62,66,74,43,47,70
erim,0,879,3,0.504651,0.158588,-0.314461,0.959018,2117.27,1.74803,7.05174,0.427741,0.143823,0.0404072,0.00665508,0.0237668,0.17892,0.25229,0.739978,0.246618,1,1,18,81,1,0.167492,0.474512,0.591131,0.667172,1,2070.68,0.0028463,0.170414,0.814211,0.460735,0.05,300,300,300,300,300,300,68,81,89,47,51,59,39,43,51
erim,0,880,4,0.436731,0.0298207,-0.294953,1.01962,941.777,4.39431,3.12461,0.660749,0.210575,0.0183394,0.0150708,0.0185956,0.551955,0.28491,0.432036,0.358828,1,1,15,129,1,0.6149,0.366192,0.398055,0.436614,1,888.932,0.0028463,0.170414,0.814211,0.460735,0.05,300,300,300,300,300,300,125,129,137,45,65,73,27,31,53
erim,0,881,0,0.512689,0.127421,0.0788076,0.910898,2175.09,0.0807369,7.25002,0.0771387,0.0097956,0.0213037,0.0121477,0.0137045,0.27093,0.18661,0.53459,0.105934,1,1,0,184,1,0.0993548,0.19583,0.542815,0.123637,1,2171.15,0.0028463,0.170414,0.814211,0.460735,0.05,300,300,300,300,300,300,116,184,299,53,57,85,42,46,54
erim,0,882,7,0.237535,0.186124,0.414372,0.939362,1588.89,0.417815,5.29491,0.250478,0.0355449,0.0493952,0.0090432,0.014684,0.42721,0.0917691,0.149748,0.187082,1,1,6,300,0,0.250478,0.42721,0.149748,0.187082,1,1588.47,0.0028463,0.170414,0.814211,0.460735,0.05,300,300,300,300,300,300,211,300,300,52,73,123,42,46,54
erim,0,883,6,0.429178,0.0894109,0.428806,0.911696,1043.27,0.59086,3.4756,0.237431,0.045223,0.0160028,0.0119758,0.0336367,0.202955,0.174421,0.539527,0.26037,1,1,0,300,0,0.237431,0.202955,0.539527,0.26037,1,1042.68,0.0028463,0.170414,0.814211,0.460735,0.05,300,300,300,300,300,300,75,300,300,66,70,78,22,26,50
erim,0,884,3,0.435311,0.154857,-0.131559,1.05061,2481.8,0.212234,8.27197,0.151124,0.0969302,0.0376217,0.00762726,0.0219859,0.159787,0.06722,0.443616,0.26993,1,1,20,81,1,0.296202,0.303986,0.401394,0.257672,1,2454.29,0.0028463,0.170414,0.814211,0.460735,0.05,300,300,300,300,300,300,77,81,300,57,61,69,54,58,66
erim,0,885,0,0.472594,0.110806,0.38847,0.980243,1171.82,0.0768283,3.90583,0.0743149,0.0202038,0.0267267,0.0129024,0.0152614,0.430649,0.0612614,0.441265,0.0564715,1,1,19,300,0,0.0743149,0.430649,0.441265,0.0564715,1,1171.75,0.0028463,0.170414,0.814211,0.460735,0.05,300,300,300,300,300,300,143,300,300,48,74,82,32,36,44
erim,0,886,7,0.395142,0.174312,0.062084,0.969971,2043.37,0.230686,6.81047,0.177221,0.0313974,0.0125457,0.00914028,0.0253097,0.301791,0.166412,0.416666,0.163431,1,1,23,71,1,0.264728,0.234254,0.544445,0.0693166,1,2030.9,0.0028463,0.170414,0.814211,0.460735,0.05,300,300,300,300,300,300,67,71,300,49,59,67,45,49,57
erim,0,887,5,0.1779,0.118275,-0.397964,1.01332,1218.66,2.21145,4.05483,0.480659,0.197809,0.0303433,0.0156571,0.0119139,0.41864,0.23197,0.285718,0.576232,1,1,22,78,1,0.448705,0.466393,0.262775,0.548065,1,1161.9,0.0028463,0.170414,0.814211,0.460735,0.05,300,300,300,300,300,300,62,78,199,47,51,59,41,45,53
erim,0,888,5,0.393746,0.174351,-0.375597,1.05824,996.434,0.860227,3.31858,0.285687,0.179199,0.0134141,0.00849422,0.016495,0.406684,0.105094,0.404787,0.608866,1,1,15,81,1,0.381957,0.197215,0.465353,0.464117,1,944.487,0.0028463,0.170414,0.814211,0.460735,0.05,300,300,300,300,300,300,55,81,89,47,51,59,34,48,56
erim,0,889,6,0.458996,0.19599,-0.438294,0.905268,1662.16,4.26966,5.52632,0.641725,0.287598,0.0333206,0.0170755,0.0371143,0.774747,0.21852,0.599635,0.573157,1,1,9,155,1,0.675927,0.457985,0.521005,0.641259,1,1609.23,0.0028463,0.170414,0.814211,0.460735,0.05,300,300,300,300,300,300,59,155,300,46,50,58,38,42,50
erim,0,890,1,0.330218,0.146939,0.324878,0.966639,1947.73,0.15489,6.49191,0.0947145,0.0167613,0.0136614,0.011669,0.0319111,0.445551,0.131423,0.354445,0.231743,0,3.74997e-20,17,200,1,0.161882,0.38956,0.47912,0.132544,1,1940.18,0.0028463,0.170414,0.814211,0.460735,0.05,300,300,300,300,300,300,132,200,300,63,67,75,42,46,65
erim,0,891,0,0.286179,0.102223,0.288146,1.04632,1546.11,0.0290034,5.1536,0.0699548,0.0450038,0.0399139,0.00612943,0.0251826,0.392633,0.13095,0.234652,0.261715,1,1,17,118,1,0.0450038,0.282087,0.315142,0.237909,1,1532.15,0.0028463,0.170414,0.814211,0.460735,0.05,300,300,300,300,300,300,84,118,300,54,67,75,38,42,50
erim,0,892,2,0.387395,0.0163875,-0.116647,1.07003,2200.45,1.90663,7.32848,0.435226,0.145361,0.0111295,0.0119567,0.0212253,0.189293,0.249493,0.137526,0.251496,1,1,0,76,1,0.224032,0.190264,0.251814,0.410227,1,2160.92,0.0028463,0.170414,0.814211,0.460735,0.05,300,300,300,300,300,300,72,76,84,51,65,73,43,53,61
erim,0,893,0,0.342241,0.0828557,-0.150676,1.05757,1466.2,1.00907,4.88396,0.339018,0.139373,0.017554,0.0165516,0.0337725,0.236485,0.128965,0.334569,0.1909,1,1,22,200,1,0.45037,0.217135,0.224984,0.267059,1,1450.67,0.0028463,0.170414,0.814211,0.460735,0.05,300,300,300,300,300,300,129,200,300,53,57,86,38,42,50
erim,0,894,2,0.298734,0.115594,-0.0317477,1.09786,994.848,0.523732,3.31441,0.241894,0.027658,0.0146116,0.0103613,0.0483416,0.145011,0.0586846,0.343538,0.141827,0,0,0,76,1,0.126054,0.298939,0.223586,0.228742,0,980.4,0.0028463,0.170414,0.814211,0.460735,0.05,300,300,300,300,300,300,72,76,300,62,66,74,38,42,72
erim,0,895,3,0.260466,0.164719,-0.0892708,0.924657,1993.13,1.09574,6.64012,0.345359,0.0354493,0.0148383,0.0119193,0.013309,0.292717,0.157972,0.411911,0.306488,0,5.49507e-33,19,75,1,0.118378,0.33734,0.51654,0.142422,0,1975.29,0.0028463,0.170414,0.814211,0.460735,0.05,300,300,300,300,300,300,71,75,300,47,51,59,38,49,57
erim,0,896,2,0.473934,0.138293,0.149011,0.952225,1339.22,0.176473,4.46348,0.112756,0.0116905,0.0408062,0.0183826,0.0198904,0.257206,0.114508,0.528966,0.0827295,0,0,-1,145,1,0.181323,0.254204,0.507935,0.0520941,0,1332.34,0.0028463,0.170414,0.814211,0.460735,0.05,300,300,300,300,300,300,114,145,300,48,67,75,38,48,56
erim,0,897,2,0.488462,0.0780461,-0.47111,1.08535,1303.08,2.59597,4.33494,0.496752,0.293275,0.0333204,0.00572816,0.0284197,0.658956,0.373154,0.631399,0.636149,1,1,0,148,1,0.348493,0.489921,0.48824,0.526502,1,1211.37,0.0028463,0.170414,0.814211,0.460735,0.05,300,300,300,300,300,300,60,148,156,37,41,49,32,36,44
erim,0,898,3,0.550929,0.0522845,0.105232,1.07207,1960.6,0.178987,6.53473,0.146134,0.0233726,0.0236236,0.0122849,0.0357112,0.286452,0.106808,0.63665,0.118851,1,1,20,155,1,0.117206,0.335578,0.551179,0.182352,1,1951.71,0.0028463,0.170414,0.814211,0.460735,0.05,300,300,300,300,300,300,83,155,300,80,84,92,37,41,67
erim,0,899,2,0.526486,0.118628,-0.182159,1.07185,1465.24,1.75985,4.87828,0.428631,0.114178,0.0264568,0.00969756,0.0415828,0.294752,0.0398715,0.386795,0.360812,1,1,1,133,1,0.394632,0.114883,0.479612,0.534866,1,1426.19,0.0028463,0.170414,0.814211,0.460735,0.05,300,300,300,300,300,300,84,133,141,48,52,74,32,36,44
erim,0,900,1,0.42967,0.131506,0.221629,0.939852,1391.72,0.534986,4.63728,0.23994,0.0282996,0.0387558,0.0105177,0.0402492,0.27969,0.185363,0.6169,0.107915,0,2.90034e-10,0,86,1,0.240993,0.18077,0.320356,0.116935,1,1378.75,0.0028463,0.170414,0.814211,0.460735,0.05,300,300,300,300,300,300,66,86,154,52,56,75,38,42,50
erim,0,901,0,0.389156,0.0632309,0.0228539,0.931275,1540.91,1.17689,5.13245,0.343999,0.0601685,0.00739395,0.0126472,0.0189045,0.273182,0.162639,0.576137,0.0975672,1,1,19,300,0,0.343999,0.273182,0.576137,0.0975672,1,1539.73,0.0028463,0.170414,0.814211,0.460735,0.05,300,300,300,300,300,300,85,300,300,49,53,61,39,43,51
erim,0,902,6,0.486119,0.0346932,-0.133332,0.921062,1828.92,0.196509,6.09574,0.141403,0.116118,0.0272179,0.0148173,0.0560298,0.392656,0.258309,0.512217,0.336908,1,1,33,69,1,0.459532,0.404912,0.609799,0.269358,1,1803.67,0.0028463,0.170414,0.814211,0.460735,0.05,300,300,300,300,300,300,65,69,141,57,61,69,34,38,67
erim,0,903,4,0.437337,0.160741,0.142908,0.996273,1812.43,0.276463,6.0405,0.161484,0.0179784,0.021878,0.00432766,0.0390156,0.247036,0.182396,0.471569,0.0755007,1,1,21,153,1,0.241007,0.387849,0.450365,0.149498,1,1801.83,0.0028463,0.170414,0.814211,0.460735,0.05,300,300,300,300,300,300,79,153,300,45,49,57,42,46,54
erim,0,904,2,0.305774,0.0786361,-0.00372148,0.975224,1242.72,0.477397,4.14082,0.211291,0.0739555,0.0234794,0.0110719,0.0464257,0.189669,0.131426,0.203628,0.147515,1,0.998909,0,103,1,0.143064,0.241017,0.282691,0.110571,1,1228.3,0.0028463,0.170414,0.814211,0.460735,0.05,300,300,300,300,300,300,93,103,300,52,56,83,49,53,61
erim,0,905,2,0.252817,0.136456,-0.46799,0.946518,1305.96,3.62749,4.34112,0.626575,0.363096,0.0323146,0.0108639,0.0287522,0.554059,0.259899,0.388594,0.739211,1,1,3,61,1,0.765961,0.776566,0.361926,0.587477,1,1221.62,0.0028463,0.170414,0.814211,0.460735,0.05,300,300,300,300,300,300,57,61,205,52,56,64,37,41,49
erim,0,906,3,0.47757,0.0387091,-0.331918,0.926939,2013.15,6.11696,6.69012,0.813737,0.530607,0.0229319,0.00603384,0.0274782,0.181976,0.409936,0.627109,0.0231823,1,1,23,212,1,0.804043,0.556648,0.479126,0.43686,1,1950.23,0.0028463,0.170414,0.814211,0.460735,0.05,300,300,300,300,300,300,88,212,300,69,73,81,52,56,64
erim,0,907,6,0.293667,0.117927,-0.197348,1.05935,2005.34,1.75484,6.67863,0.433722,0.141006,0.0299205,0.0130811,0.0281735,0.111668,0.127404,0.160011,0.415927,1,1,24,161,1,0.262625,0.146771,0.290244,0.430031,1,1988.51,0.0028463,0.170414,0.814211,0.460735,0.05,300,300,300,300,300,300,72,161,300,49,53,61,47,51,59
erim,0,908,5,0.409037,0.137753,0.0741175,1.01078,1246.85,0.704375,4.15382,0.233598,0.0251215,0.0130365,0.0128248,0.0310942,0.230077,0.397945,0.460195,0.114743,1,1,6,68,1,0.147064,0.359634,0.380444,0.0545666,1,1234.6,0.0028463,0.170414,0.814211,0.460735,0.05,300,300,300,300,300,300,64,68,300,46,58,66,43,47,55
erim,0,909,5,0.4611,0.140984,0.167767,1.06019,1449.61,0.337466,4.83089,0.161984,0.033067,0.0300407,0.0164467,0.0594266,0.239554,0.135445,0.354908,0.0756818,1,1,20,79,1,0.280647,0.246206,0.726209,0.278569,1,1434.25,0.0028463,0.170414,0.814211,0.460735,0.05,300,300,300,300,300,300,75,79,300,46,50,82,44,48,56
erim,0,910,7,0.2839,0.0810667,0.19753,0.991306,1272.72,0.295636,4.24142,0.189157,0.0100035,0.0247483,0.00892633,0.0315564,0.474886,0.206182,0.303664,0.0540248,1,1,1,129,1,0.0547743,0.22521,0.21302,0.0250917,1,1261.2,0.0028463,0.170414,0.814211,0.460735,0.05,300,300,300,300,300,300,84,129,137,55,86,94,37,47,55
erim,0,911,3,0.538422,0.190137,-0.361791,0.905917,1082.53,2.09463,3.60147,0.463444,0.186483,0.0207535,0.0128747,0.0469946,0.652467,0.20803,0.585636,0.455744,1,1,2,60,1,0.56702,0.40063,0.626858,0.525611,1,1019.25,0.0028463,0.170414,0.814211,0.460735,0.05,300,300,300,300,300,300,56,60,300,44,57,65,41,45,53
erim,0,912,5,0.411015,0.0812117,0.057021,1.07936,1808.01,0.598054,6.02469,0.261921,0.036079,0.0266203,0.0164311,0.0192208,0.344402,0.106321,0.217953,0.207665,1,1,14,209,1,0.136279,0.205611,0.475956,0.133464,1,1803.62,0.0028463,0.170414,0.814211,0.460735,0.05,300,300,300,300,300,300,160,209,300,77,81,89,36,40,64
erim,0,913,5,0.325155,0.0634736,-0.446953,0.940237,1320.05,4.69078,4.38453,0.672495,0.263071,0.0184561,0.00344061,0.028627,0.380376,0.356532,0.341467,0.566966,1,1,0,92,1,0.65073,0.512713,0.193684,0.649866,1,1216.28,0.0028463,0.170414,0.814211,0.460735,0.05,300,300,300,300,300,300,79,92,300,53,57,65,28,39,47
erim,0,914,0,0.495188,0.06848,-0.253764,0.927425,2038.9,1.11981,6.79259,0.343642,0.234047,0.0252266,0.0156842,0.0693795,0.363041,0.0661239,0.357904,0.338239,1,1,4,58,1,0.27358,0.436308,0.416903,0.32865,1,1978.21,0.0028463,0.170414,0.814211,0.460735,0.05,300,300,300,300,300,300,54,58,108,52,56,64,38,42,50
erim,0,915,0,0.326854,0.0301247,-0.206124,1.01499,1153.4,0.807426,3.84197,0.284808,0.284808,0.046177,0.0174453,0.0435033,0.280943,0.321742,0.414388,0.449875,1,1,8,72,1,0.507169,0.395286,0.282103,0.429116,1,1107.41,0.0028463,0.170414,0.814211,0.460735,0.05,300,300,300,300,300,300,68,72,161,55,59,67,42,46,54
erim,0,916,1,0.27154,0.160873,-0.141915,1.03499,1165.68,0.476996,3.88401,0.214076,0.126847,0.0140744,0.0216568,0.0414019,0.285344,0.0876984,0.215385,0.346112,1,1,1,102,1,0.422186,0.376203,0.241712,0.200986,1,1150.94,0.0028463,0.170414,0.814211,0.460735,0.05,300,300,300,300,300,300,68,102,216,57,61,69,47,51,59
erim,0,917,2,0.189071,0.0471068,0.184111,1.07168,1170.02,0.38641,3.89879,0.186971,0.0357035,0.0246884,0.0200979,0.049509,0.11772,0.189307,0.212344,0.377411,1,1,0,300,0,0.186971,0.11772,0.212344,0.377411,1,1169.64,0.0028463,0.170414,0.814211,0.460735,0.05,300,300,300,300,300,300,76,300,300,73,77,85,49,59,67
erim,0,918,1,0.528056,0.18989,-0.295462,1.01004,1140.55,2.5331,3.79339,0.48976,0.110048,0.0340594,0.014072,0.0429168,0.68488,0.244399,0.508193,0.511102,0,2.29428e-29,0,65,1,0.314845,0.250127,0.473843,0.491213,1,1083.45,0.0028463,0.170414,0.814211,0.460735,0.05,300,300,300,300,300,300,61,65,73,46,50,58,32,36,44
erim,0,919,2,0.45879,0.145475,-0.272206,1.06906,1019.81,1.14504,3.39557,0.372797,0.171941,0.0540904,0.0149267,0.0297173,0.147885,0.207632,0.486022,0.570192,1,1,0,76,1,0.412185,0.32471,0.497627,0.423236,1,987.465,0.0028463,0.170414,0.814211,0.460735,0.05,300,300,300,300,300,300,54,76,103,46,50,58,36,40,48
erim,0,920,1,0.449261,0.186702,0.252651,1.00048,1288.73,0.4134,4.29439,0.199822,0.0317866,0.00605986,0.00970042,0.0450808,0.159111,0.142352,0.370198,0.104546,0,1.7979e-19,1,203,1,0.24433,0.158138,0.274921,0.0187369,1,1279.26,0.0028463,0.170414,0.814211,0.460735,0.05,300,300,300,300,300,300,76,203,300,53,57,79,36,40,48
erim,0,921,4,0.33062,0.132488,-0.451858,1.09745,1149.11,2.49556,3.82204,0.505111,0.271485,0.016292,0.00368889,0.03397,0.34839,0.169334,0.531335,0.66547,1,1,30,67,1,0.307798,0.311458,0.431737,0.604029,1,1095.34,0.0028463,0.170414,0.814211,0.460735,0.05,300,300,300,300,300,300,53,67,115,52,56,64,41,45,63
erim,0,922,5,0.298029,0.00652192,0.419166,0.952579,1614.92,1.79882,5.37709,0.41772,0.00663742,0.0386688,0.0123294,0.0583192,0.242488,0.371054,0.484533,0.560193,1,1,0,300,0,0.41772,0.242488,0.484533,0.560193,1,1613.13,0.0028463,0.170414,0.814211,0.460735,0.05,300,300,300,300,300,300,300,300,300,66,70,78,36,40,59
erim,0,923,3,0.329494,0.180931,-0.29246,1.06889,988.864,0.874676,3.2933,0.281977,0.176221,0.0083078,0.0122586,0.0297946,0.139802,0.0984482,0.298969,0.433562,1,1,3,82,1,0.588979,0.165044,0.375273,0.494037,1,962.302,0.0028463,0.170414,0.814211,0.460735,0.05,300,300,300,300,300,300,73,82,120,63,67,75,36,40,48
erim,0,924,5,0.417699,0.103737,0.318025,1.02685,1782.4,0.0703252,5.94109,0.10202,0.0134979,0.0313307,0.00789701,0.0126322,0.421938,0.0848539,0.389927,0.143333,1,1,0,129,1,0.10683,0.307734,0.383421,0.0532181,1,1766.47,0.0028463,0.170414,0.814211,0.460735,0.05,300,300,300,300,300,300,102,129,300,77,81,105,40,44,52
erim,0,925,2,0.355451,0.179328,0.332039,1.04378,1730.45,0.25181,5.76731,0.194377,0.0248446,0.0217803,0.00354875,0.0325554,0.315155,0.143149,0.568304,0.0688214,1,1,0,208,1,0.159618,0.395528,0.475204,0.256759,1,1720.51,0.0028463,0.170414,0.814211,0.460735,0.05,300,300,300,300,300,300,85,208,300,57,61,69,44,55,63
erim,0,926,6,0.401045,0.00520217,0.149834,1.03029,1905.81,0.444937,6.35121,0.213663,0.0727228,0.0227815,0.0106177,0.0172553,0.232273,0.0646541,0.570378,0.124638,1,1,27,300,0,0.213663,0.232273,0.570378,0.124638,1,1905.36,0.0028463,0.170414,0.814211,0.460735,0.05,300,300,300,300,300,300,298,300,300,57,194,202,47,51,59
erim,0,927,6,0.428397,0.00519428,-0.0162345,0.98532,1080.07,1.29538,3.59591,0.364931,0.12148,0.0212338,0.00865561,0.0207025,0.1213,0.214237,0.360232,0.207955,1,1,1,300,0,0.364931,0.1213,0.360232,0.207955,1,1078.77,0.0028463,0.170414,0.814211,0.460735,0.05,300,300,300,300,300,300,104,300,300,59,63,82,34,38,46
erim,0,928,0,0.453995,0.0784616,-0.34526,0.9196,948.151,1.83121,3.1544,0.414207,0.368954,0.0258937,0.022014,0.0251759,0.406498,0.343714,0.376582,0.42047,1,1,7,156,1,0.59367,0.457024,0.388053,0.487173,1,898.259,0.0028463,0.170414,0.814211,0.460735,0.05,300,300,300,300,300,300,67,156,300,39,43,51,24,28,45
erim,0,929,5,0.230124,0.191045,-0.398077,1.05144,1732.3,3.04714,5.76416,0.567818,0.169977,0.0205986,0.0101264,0.0260335,0.48677,0.22328,0.241216,0.565119,1,1,0,77,1,0.249922,0.597784,0.278985,0.499444,1,1687.2,0.0028463,0.170414,0.814211,0.460735,0.05,300,300,300,300,300,300,57,77,300,57,61,69,38,42,50
erim,0,930,6,0.546965,0.051863,-0.137372,0.950976,1363.26,1.85408,4.53802,0.435172,0.321006,0.0282499,0.0171179,0.0470959,0.172245,0.18306,0.453982,0.188963,1,1,15,283,1,0.408303,0.313448,0.681385,0.389932,1,1358.23,0.0028463,0.170414,0.814211,0.460735,0.05,300,300,300,300,300,300,88,283,300,46,55,63,41,45,53
erim,0,931,7,0.246107,0.188229,0.128471,1.06649,986.74,0.0437355,3.28899,0.0578269,0.0256518,0.0212279,0.00776458,0.037745,0.568345,0.166129,0.440415,0.0701175,1,1,13,142,1,0.212296,0.23669,0.19817,0.0596853,1,977.118,0.0028463,0.170414,0.814211,0.460735,0.05,300,300,300,300,300,300,62,142,300,40,60,68,32,42,50
erim,0,932,3,0.555658,0.0599346,-0.471951,0.995301,2765.27,1.35302,9.21304,0.36567,0.36567,0.00960159,0.00726099,0.00944039,0.153857,0.377272,0.718154,0.664466,0,0,24,166,1,1.0552,0.612573,0.503742,0.544507,0,2687.81,0.0028463,0.170414,0.814211,0.460735,0.05,300,300,300,300,300,300,162,166,300,67,71,79,47,51,59
erim,0,933,3,0.30798,0.192181,0.299282,1.0898,927.578,0.318693,3.09086,0.187616,0.0261588,0.0259685,0.0124341,0.0225695,0.32911,0.0593166,0.225873,0.17657,1,1,1,220,1,0.137519,0.465431,0.404521,0.26746,1,921.975,0.0028463,0.170414,0.814211,0.460735,0.05,300,300,300,300,300,300,67,220,300,45,49,57,40,44,52
erim,0,934,3,0.430499,0.0561079,-0.0435387,0.927366,1472.08,1.22214,4.90287,0.334313,0.139695,0.00855259,0.00494234,0.0297446,0.366271,0.251551,0.397012,0.305809,1,1,12,62,1,0.317152,0.247021,0.379826,0.190562,1,1429.61,0.0028463,0.170414,0.814211,0.460735,0.05,300,300,300,300,300,300,52,62,103,41,45,53,29,41,49
erim,0,935,4,0.220285,0.0622084,0.0673459,1.03052,1138.98,0.0332448,3.7965,0.0782003,0.0340844,0.0247958,0.0075744,0.0240948,0.378918,0.186438,0.332683,0.388199,1,1,26,163,1,0.199824,0.306624,0.457599,0.205085,1,1129.91,0.0028463,0.170414,0.814211,0.460735,0.05,300,300,300,300,300,300,150,163,300,72,82,90,47,51,59
erim,0,936,0,0.548455,0.112768,0.112967,1.01674,1377.77,0.495427,4.59092,0.232639,0.0615458,0.029375,0.00936473,0.0331048,0.286191,0.207673,0.674409,0.225657,1,1,17,213,1,0.0696331,0.198385,0.568572,0.0281814,1,1373.04,0.0028463,0.170414,0.814211,0.460735,0.05,300,300,300,300,300,300,209,213,300,71,111,137,50,54,62
erim,0,937,6,0.365565,0.167524,0.270203,1.09288,1269.73,0.16859,4.23188,0.150716,0.019737,0.00379486,0.0166777,0.0499197,0.287628,0.112582,0.238154,0.129272,1,1,0,102,1,0.0265871,0.432489,0.270942,0.155604,1,1254.59,0.0028463,0.170414,0.814211,0.460735,0.05,300,300,300,300,300,300,79,102,235,65,69,77,40,52,60
erim,0,938,1,0.393693,0.0605625,-0.399496,0.946352,2016.94,1.44061,6.71833,0.373849,0.274381,0.0337528,0.0105211,0.0465096,0.243282,0.12328,0.592994,0.55878,0,1.35375e-30,0,63,1,0.659133,0.454362,0.439123,0.663029,1,1931.51,0.0028463,0.170414,0.814211,0.460735,0.05,300,300,300,300,300,300,59,63,300,47,51,59,42,46,54
erim,0,939,5,0.417145,0.151703,0.13317,0.984453,2217.47,0.00350572,7.39156,0.0266005,0.0266005,0.0213007,0.00607695,0.0257062,0.294137,0.155676,0.454055,0.0699954,1,1,0,106,1,0.238684,0.223407,0.434274,0.0457124,1,2206.09,0.0028463,0.170414,0.814211,0.460735,0.05,300,300,300,300,300,300,81,106,202,60,64,72,46,50,58
erim,0,940,2,0.398015,0.0722346,0.190798,0.9687,937.646,0.130816,3.12505,0.135586,0.0280334,0.0204243,0.0124773,0.025759,0.45175,0.0851891,0.389313,0.0505501,1,1,1,116,1,0.11516,0.270038,0.497712,0.0658858,1,924.598,0.0028463,0.170414,0.814211,0.460735,0.05,300,300,300,300,300,300,70,116,205,52,56,64,33,37,45
erim,0,941,7,0.306126,0.13957,0.335013,0.945311,2103.63,0.117174,7.01171,0.130601,0.00698002,0.0264604,0.0102345,0.0344204,0.205118,0.124829,0.416782,0.0979597,1,1,16,130,1,0.0950525,0.42914,0.29591,0.157325,1,2090.44,0.0028463,0.170414,0.814211,0.460735,0.05,300,300,300,300,300,300,126,130,300,58,69,77,41,45,53
erim,0,942,5,0.201637,0.0945869,-0.239707,1.06051,1482.36,1.50685,4.93617,0.391169,0.307033,0.00661798,0.0102122,0.0137689,0.43942,0.259546,0.354534,0.481135,1,1,0,94,1,0.606235,0.265582,0.323575,0.50527,1,1432.9,0.0028463,0.170414,0.814211,0.460735,0.05,300,300,300,300,300,300,90,94,300,46,76,84,34,38,46
erim,0,943,3,0.137778,0.125431,-0.488397,0.925543,1435.4,3.03423,4.77454,0.556647,0.443978,0.0335131,0.00746179,0.020908,0.522844,0.160976,0.223064,0.667662,1,1,1,79,1,0.684342,0.585477,0.238462,0.654929,1,1323.72,0.0028463,0.170414,0.814211,0.460735,0.05,300,300,300,300,300,300,56,79,148,47,57,65,31,47,55
erim,0,944,5,0.238608,0.148201,0.142881,1.05262,1458.25,0.443206,4.85936,0.215334,0.0148984,0.0151791,0.00484635,0.047755,0.233295,0.129374,0.22886,0.149014,1,1,0,78,1,0.202447,0.348453,0.386539,0.0644161,1,1447.18,0.0028463,0.170414,0.814211,0.460735,0.05,300,300,300,300,300,300,55,78,300,49,53,61,39,43,51
erim,0,945,3,0.200342,0.0995643,-0.461269,0.990573,1288.42,3.69063,4.28242,0.614945,0.335382,0.0322073,0.00464674,0.0490529,0.438745,0.154846,0.198514,0.67813,1,1,3,84,1,0.588242,0.393862,0.169862,0.644099,1,1221.22,0.0028463,0.170414,0.814211,0.460735,0.05,300,300,300,300,300,300,50,84,300,47,51,59,35,39,47
erim,0,946,4,0.550811,0.173459,-0.469357,0.965972,2299.84,5.41797,7.64807,0.746651,0.324147,0.0299539,0.0188913,0.0335612,0.439858,0.0772414,0.703482,0.631346,1,1,25,69,1,0.771168,0.361569,0.656128,0.790286,1,2217.98,0.0028463,0.170414,0.814211,0.460735,0.05,300,300,300,300,300,300,65,69,117,49,63,71,34,38,58
erim,0,947,2,0.388293,0.0309027,0.419297,1.0083,2087.92,0.310005,6.95869,0.183698,0.0111109,0.0174871,0.0195247,0.0320594,0.320816,0.0883292,0.364015,0.33027,1,1,0,300,0,0.183698,0.320816,0.364015,0.33027,1,2087.61,0.0028463,0.170414,0.814211,0.460735,0.05,300,300,300,300,300,300,143,300,300,56,60,68,50,54,62
erim,0,948,0,0.339606,0.149452,-0.100043,0.908322,1265.87,0.215842,4.21885,0.146234,0.0752666,0.013312,0.00673487,0.0323266,0.227783,0.151566,0.362825,0.214288,1,1,17,89,1,0.198724,0.151688,0.470976,0.340334,1,1253.76,0.0028463,0.170414,0.814211,0.460735,0.05,300,300,300,300,300,300,76,89,117,54,58,86,35,39,47
erim,0,949,1,0.513064,0.161201,-0.154874,1.06008,1852.93,0.622222,6.17436,0.257826,0.114437,0.0382298,0.00428605,0.0633542,0.316418,0.18113,0.448518,0.297702,0,0,18,85,1,0.26782,0.542111,0.50525,0.30143,0,1830.17,0.0028463,0.170414,0.814211,0.460735,0.05,300,300,300,300,300,300,81,85,300,56,78,86,43,47,55
erim,0,950,4,0.299281,0.0818911,0.0889254,1.06549,2314.14,0.457182,7.71228,0.21003,0.020481,0.0152771,0.0144578,0.0393124,0.410826,0.160522,0.229858,0.143673,1,1,16,127,1,0.083109,0.346402,0.359795,0.107348,1,2302.7,0.0028463,0.170414,0.814211,0.460735,0.05,300,300,300,300,300,300,123,127,280,63,67,87,42,46,54
erim,0,951,5,0.415286,0.0317661,-0.320893,0.916474,2224.06,4.96733,7.39698,0.69774,0.319584,0.0283713,0.00846797,0.048771,0.432043,0.411083,0.196804,0.366275,1,1,0,63,1,0.448003,0.301303,0.33676,0.527649,1,2087.72,0.0028463,0.170414,0.814211,0.460735,0.05,300,300,300,300,300,300,59,63,71,54,58,66,44,48,56
erim,0,952,1,0.391942,0.191888,-0.432777,0.978356,1750.22,2.28118,5.82648,0.47034,0.241664,0.0189155,0.00690714,0.0281534,0.432225,0.304344,0.64355,0.561921,0,4.061e-13,3,96,1,0.529864,0.613656,0.356,0.528159,1,1687.88,0.0028463,0.170414,0.814211,0.460735,0.05,300,300,300,300,300,300,55,96,300,49,53,79,45,49,57
erim,0,953,4,0.446551,0.105148,0.352434,1.01376,1208.74,0.333123,4.02803,0.18756,0.0107088,0.0228527,0.0175974,0.0137283,0.456021,0.103752,0.608888,0.134253,1,1,17,109,1,0.200237,0.171744,0.574646,0.0517806,1,1185.3,0.0028463,0.170414,0.814211,0.460735,0.05,300,300,300,300,300,300,105,109,300,55,59,82,45,49,57
erim,0,954,6,0.406562,0.174972,-0.0359274,1.01001,1870.06,0.02214,6.23345,0.0547907,0.0146053,0.0159932,0.00794815,0.0426898,0.173913,0.0934033,0.334425,0.281429,1,1,14,73,1,0.286216,0.275749,0.396746,0.248801,1,1859.1,0.0028463,0.170414,0.814211,0.460735,0.05,300,300,300,300,300,300,69,73,300,50,54,62,47,51,59
erim,0,955,0,0.133317,0.00792012,0.381309,1.03681,1731.12,0.292379,5.76943,0.193504,0.0228717,0.0379705,0.0121348,0.0136999,0.479728,0.092299,0.219014,0.104996,1,1,1,300,0,0.193504,0.479728,0.219014,0.104996,1,1730.83,0.0028463,0.170414,0.814211,0.460735,0.05,300,300,300,300,300,300,133,300,300,60,64,72,40,44,52
erim,0,956,2,0.477366,0.024158,-0.177784,1.06041,1409.88,2.78991,4.6903,0.526862,0.272069,0.0275179,0.0141363,0.0345883,0.268625,0.186064,0.371872,0.0950489,1,1,0,300,0,0.526862,0.268625,0.371872,0.0950489,1,1407.09,0.0028463,0.170414,0.814211,0.460735,0.05,300,300,300,300,300,300,300,300,300,92,96,135,49,53,75
erim,0,957,3,0.422204,0.0699305,-0.48639,1.02005,1222.43,2.14535,4.0676,0.448998,0.346326,0.0583628,0.0157438,0.0155101,0.554395,0.301434,0.443725,0.617094,1,1,12,74,1,1.01812,0.664477,0.644731,0.704924,1,1143.16,0.0028463,0.170414,0.814211,0.460735,0.05,300,300,300,300,300,300,50,74,129,43,47,55,30,34,42
erim,0,958,2,0.581061,0.174613,-0.0980175,0.920401,1185.6,0.612951,3.94997,0.227838,0.0359604,0.0473883,0.0035032,0.0260238,0.362216,0.427048,0.732205,0.138487,1,1,8,72,1,0.237007,0.26406,0.740246,0.214707,1,1170.63,0.0028463,0.170414,0.814211,0.460735,0.05,300,300,300,300,300,300,68,72,80,63,67,75,42,46,54
erim,0,959,3,0.549818,0.074159,-0.0872557,0.980076,1097.87,0.753058,3.65705,0.268628,0.0494806,0.0236727,0.0176442,0.0181326,0.192469,0.177007,0.550077,0.278612,0,2.472e-08,0,82,1,0.179528,0.144719,0.597636,0.306413,0,1080.84,0.0028463,0.170414,0.814211,0.460735,0.05,300,300,300,300,300,300,78,82,295,41,45,53,40,44,52
erim,0,960,7,0.568123,0.162784,-0.122495,0.936296,865.805,1.20765,2.88199,0.351089,0.0928671,0.0207173,0.00880774,0.0312648,0.455162,0.337079,0.558272,0.361949,1,1,14,97,1,0.15721,0.125959,0.707366,0.29044,1,842.016,0.0028463,0.170414,0.814211,0.460735,0.05,300,300,300,300,300,300,85,97,105,42,46,54,37,41,49
erim,0,961,7,0.289106,0.0955166,-0.417758,1.00301,971.893,2.61516,3.23093,0.50086,0.308052,0.0206893,0.0092003,0.036925,0.637921,0.159014,0.275959,0.647409,1,1,0,67,1,0.689322,0.683251,0.456324,0.374233,1,904.231,0.0028463,0.170414,0.814211,0.460735,0.05,300,300,300,300,300,300,63,67,75,47,51,59,38,50,58
erim,0,962,5,0.285514,0.0764678,-0.0852245,1.05344,1747.6,0.296846,5.82435,0.153812,0.0802721,0.0276885,0.0145395,0.0378454,0.320385,0.0608999,0.10121,0.275533,1,1,0,91,1,0.106322,0.10263,0.376672,0.153325,1,1727.58,0.0028463,0.170414,0.814211,0.460735,0.05,300,300,300,300,300,300,87,91,300,48,52,78,44,48,56
erim,0,963,5,0.372462,0.075279,0.462042,0.9806,1620.99,0.50514,5.40161,0.222247,0.0244915,0.0218903,0.00957001,0.0318441,0.554796,0.14441,0.397446,0.237444,1,1,0,89,1,0.0565655,0.42788,0.352936,0.184304,1,1588.28,0.0028463,0.170414,0.814211,0.460735,0.05,300,300,300,300,300,300,85,89,300,62,66,74,37,41,49
erim,0,964,0,0.448297,0.111899,0.397298,0.991562,2279.48,0.100877,7.59794,0.0722621,0.0235037,0.040289,0.0114778,0.0233131,0.58497,0.12828,0.703853,0.337677,1,1,24,300,0,0.0722621,0.58497,0.703853,0.337677,1,2279.38,0.0028463,0.170414,0.814211,0.460735,0.05,300,300,300,300,300,300,89,300,300,83,87,95,47,58,66
erim,0,965,6,0.535248,0.183842,0.418241,1.0722,1808.12,0.304165,6.02604,0.161293,0.0251729,0.0182229,0.0135588,0.0427464,0.262824,0.131749,0.603008,0.138518,1,1,13,168,1,0.0343037,0.273967,0.691965,0.293633,1,1792.29,0.0028463,0.170414,0.814211,0.460735,0.05,300,300,300,300,300,300,158,168,300,71,75,83,42,46,54
erim,0,966,5,0.483548,0.164497,-0.159077,1.00197,1318.24,1.17328,4.39021,0.338889,0.108886,0.0206365,0.00813014,0.0430292,0.328982,0.340358,0.517918,0.51156,1,1,0,120,1,0.309869,0.0904042,0.442817,0.522414,1,1298.94,0.0028463,0.170414,0.814211,0.460735,0.05,300,300,300,300,300,300,82,120,300,43,47,77,31,35,43
erim,0,967,7,0.353211,0.0347767,0.494881,0.951616,1744.7,0.209525,5.81496,0.132623,0.0385345,0.00966788,0.0152952,0.0194294,0.158126,0.259522,0.220144,0.75772,1,1,21,300,0,0.132623,0.158126,0.220144,0.75772,1,1744.49,0.0028463,0.170414,0.814211,0.460735,0.05,300,300,300,300,300,300,289,300,300,42,92,100,31,42,50
erim,0,968,3,0.316631,0.182166,-0.245785,1.0274,1669.62,0.316194,5.56436,0.163766,0.10616,0.0115446,0.0175245,0.0391647,0.120478,0.118309,0.369758,0.433608,1,1,0,75,1,0.331849,0.363062,0.394527,0.550056,1,1636.69,0.0028463,0.170414,0.814211,0.460735,0.05,300,300,300,300,300,300,66,75,104,54,58,66,45,49,57
erim,0,969,7,0.46117,0.151572,-0.202227,1.00376,1427.27,0.640318,4.75543,0.278749,0.0169207,0.0351222,0.0160536,0.0530799,0.215673,0.382705,0.570336,0.0490227,1,1,22,81,1,0.183073,0.177168,0.379596,0.415493,1,1393.11,0.0028463,0.170414,0.814211,0.460735,0.05,300,300,300,300,300,300,67,81,154,57,61,69,39,43,65
erim,0,970,4,0.453843,0.14295,-0.375989,0.944002,1120.33,1.39915,3.72976,0.393115,0.260355,0.0242493,0.00986487,0.035118,0.301966,0.123568,0.388342,0.538218,1,1,23,93,1,0.567942,0.561569,0.443234,0.562439,1,1062.81,0.0028463,0.170414,0.814211,0.460735,0.05,300,300,300,300,300,300,84,93,209,40,53,61,27,31,39
erim,0,971,0,0.443824,0.144831,0.0243486,0.941473,1067.37,0.292846,3.55692,0.167365,0.0235529,0.0317703,0.013995,0.046168,0.117133,0.183181,0.364827,0.199188,1,1,16,63,1,0.343808,0.229339,0.418471,0.0967395,1,1049.46,0.0028463,0.170414,0.814211,0.460735,0.05,300,300,300,300,300,300,59,63,71,43,47,55,24,42,50
erim,0,972,5,0.262692,0.128604,-0.00146651,0.994444,2191.26,0.0764219,7.30396,0.077635,0.0493556,0.00970823,0.00577625,0.0221523,0.283798,0.181976,0.29902,0.171005,1,1,5,68,1,0.440754,0.144718,0.196628,0.062227,1,2176.13,0.0028463,0.170414,0.814211,0.460735,0.05,300,300,300,300,300,300,64,68,128,57,61,69,49,53,61
erim,0,973,2,0.503366,0.00959079,0.368346,0.976695,1749.85,0.263894,5.83196,0.19059,0.0336088,0.0382146,0.0125876,0.0457248,0.592934,0.0337428,0.43497,0.140781,0,4.63566e-13,14,300,0,0.19059,0.592934,0.43497,0.140781,0,1749.59,0.0028463,0.170414,0.814211,0.460735,0.05,300,300,300,300,300,300,155,300,300,55,67,75,42,46,54
erim,0,974,6,0.52357,0.197567,-0.00184667,0.932164,995.616,0.64698,3.31656,0.251635,0.00871671,0.0114784,0.00964629,0.040907,0.201803,0.230877,0.451483,0.236016,1,1,18,124,1,0.277406,0.407514,0.541827,0.186594,1,984.073,0.0028463,0.170414,0.814211,0.460735,0.05,300,300,300,300,300,300,51,124,183,33,50,58,29,33,41
erim,0,975,3,0.209308,0.143475,0.246815,0.951865,1718.5,0.218108,5.72761,0.135045,0.0265087,0.0310547,0.00740121,0.0276424,0.290791,0.192364,0.461497,0.0634112,1,1,23,300,0,0.135045,0.290791,0.461497,0.0634112,1,1718.28,0.0028463,0.170414,0.814211,0.460735,0.05,300,300,300,300,300,300,70,300,300,62,66,74,43,47,55
erim,0,976,2,0.127116,0.0464004,0.306747,0.953122,1026.47,0.138113,3.42111,0.116768,0.0194691,0.0167554,0.00914296,0.0402411,0.403891,0.14003,0.307197,0.258245,0,0.00926907,14,68,1,0.110919,0.207368,0.209271,0.0534165,1,1007.84,0.0028463,0.170414,0.814211,0.460735,0.05,300,300,300,300,300,300,64,68,300,54,58,66,34,38,46
erim,0,977,6,0.599302,0.149824,0.0141919,0.917161,1550.17,0.247111,5.16641,0.168812,0.0323707,0.0317793,0.00592782,0.035037,0.240286,0.200294,0.68927,0.271459,1,1,11,146,1,0.235444,0.314311,0.662956,0.163474,1,1535.01,0.0028463,0.170414,0.814211,0.460735,0.05,300,300,300,300,300,300,107,146,300,52,56,96,42,46,54
erim,0,978,5,0.352184,0.0939494,0.308688,0.937007,1584.09,0.492288,5.27865,0.232437,0.0406749,0.0153951,0.00721934,0.0447201,0.279444,0.139678,0.638919,0.176979,1,1,0,115,1,0.179029,0.348401,0.503698,0.380844,1,1566.03,0.0028463,0.170414,0.814211,0.460735,0.05,300,300,300,300,300,300,75,115,300,63,67,75,44,48,56
erim,0,979,6,0.204539,0.0597924,0.427939,1.03424,1816.49,0.288056,6.05401,0.170017,0.0214312,0.0373559,0.00619628,0.0418988,0.450245,0.103437,0.233592,0.339143,1,1,13,276,1,0.234998,0.490584,0.206708,0.318809,1,1813.14,0.0028463,0.170414,0.814211,0.460735,0.05,300,300,300,300,300,300,248,276,300,56,85,179,40,49,57
erim,0,980,2,0.600607,0.000802541,0.438534,1.04851,2174.99,0.306345,7.24894,0.169921,0.025247,0.0233983,0.0116809,0.0404979,0.719575,0.244635,0.594651,0.149155,0,5.60519e-45,19,300,0,0.169921,0.719575,0.594651,0.149155,0,2174.68,0.0028463,0.170414,0.814211,0.460735,0.05,300,300,300,300,300,300,300,300,300,86,90,98,37,46,74
erim,0,981,7,0.56176,0.116733,-0.425109,0.935759,1423.71,1.44672,4.74089,0.38453,0.38453,0.0280227,0.0110435,0.0342104,0.500042,0.223787,0.506977,0.600715,1,1,18,90,1,0.672877,0.492376,0.477073,0.48482,1,1336.07,0.0028463,0.170414,0.814211,0.460735,0.05,300,300,300,300,300,300,59,90,223,44,48,79,31,35,55
erim,0,982,6,0.334543,0.0443057,-0.215398,1.01237,883.122,0.842183,2.94093,0.281837,0.20869,0.035524,0.00369648,0.0521136,0.179254,0.316717,0.444299,0.381332,1,1,1,65,1,0.331323,0.219683,0.470083,0.0728452,1,817.448,0.0028463,0.170414,0.814211,0.460735,0.05,300,300,300,300,300,300,47,65,300,43,47,55,36,40,48
erim,0,983,6,0.212645,0.129725,0.245309,1.03162,1251.62,0.506142,4.17037,0.219515,0.0153208,0.0302915,0.00692338,0.053082,0.154236,0.126783,0.26332,0.112108,1,1,29,137,1,0.0793583,0.318854,0.119383,0.257066,1,1239,0.0028463,0.170414,0.814211,0.460735,0.05,300,300,300,300,300,300,61,137,208,43,47,55,39,43,51
erim,0,984,2,0.422563,0.00544984,-0.369719,0.970098,2653,14.0465,8.7965,1.18896,0.754184,0.0304668,0.010524,0.0149216,0.789687,0.59887,0.275043,0.228057,1,1,21,300,0,1.18896,0.789687,0.275043,0.228057,1,2638.95,0.0028463,0.170414,0.814211,0.460735,0.05,300,300,300,300,300,300,300,300,300,61,72,204,51,55,63
erim,0,985,3,0.390661,0.136952,-0.322372,0.977765,1371.31,0.828059,4.56828,0.280809,0.225236,0.0236187,0.00408167,0.0485677,0.438753,0.223304,0.364203,0.530869,1,1,26,65,1,0.569198,0.29228,0.497826,0.494288,1,1313.05,0.0028463,0.170414,0.814211,0.460735,0.05,300,300,300,300,300,300,61,65,235,49,53,61,34,43,51
erim,0,986,4,0.485397,0.162228,-0.0110452,1.0792,1116.36,0.665125,3.71897,0.272014,0.0297858,0.00934993,0.0127794,0.0490498,0.210156,0.157939,0.452552,0.169407,1,1,48,81,1,0.208913,0.189038,0.573515,0.347634,1,1104.5,0.0028463,0.170414,0.814211,0.460735,0.05,300,300,300,300,300,300,77,81,300,54,58,66,45,49,57
erim,0,987,6,0.426941,0.0766582,-0.0489142,1.01319,1004.01,0.186073,3.34608,0.136692,0.0460365,0.0237445,0.0110599,0.012627,0.137047,0.0785201,0.602078,0.229987,1,1,3,95,1,0.199116,0.213212,0.500412,0.305374,1,987.897,0.0028463,0.170414,0.814211,0.460735,0.05,300,300,300,300,300,300,91,95,300,51,80,102,38,42,50
erim,0,988,5,0.31403,0.128727,0.0334423,0.943447,1497.44,0.258125,4.99061,0.167458,0.0150115,0.030999,0.0179434,0.0591041,0.269525,0.110497,0.44824,0.113814,1,1,0,72,1,0.131042,0.187864,0.255592,0.0725835,1,1489.25,0.0028463,0.170414,0.814211,0.460735,0.05,300,300,300,300,300,300,58,72,80,53,57,65,51,55,63
erim,0,989,6,0.400742,0.185433,-0.088329,0.923103,1421.19,1.52072,4.73224,0.40995,0.0996311,0.0358202,0.00500983,0.0152641,0.318286,0.194831,0.375536,0.357142,1,1,27,70,1,0.373341,0.244904,0.317614,0.466596,1,1387.73,0.0028463,0.170414,0.814211,0.460735,0.05,300,300,300,300,300,300,66,70,160,44,48,56,34,38,46
erim,0,990,5,0.463551,0.105224,-0.261477,1.06311,1836.41,1.35582,6.11683,0.371757,0.180979,0.0128249,0.00654116,0.0287136,0.290684,0.112755,0.551169,0.594046,1,1,0,92,1,0.263961,0.402842,0.597269,0.358409,1,1800.71,0.0028463,0.170414,0.814211,0.460735,0.05,300,300,300,300,300,300,77,92,100,60,64,72,47,51,59
erim,0,991,6,0.481754,0.0144837,0.0337472,1.07586,1928.66,0.9771,6.42563,0.308777,0.030369,0.0372833,0.00483776,0.0403617,0.503345,0.317241,0.193738,0.116635,1,1,37,107,1,0.0674484,0.217449,0.416708,0.112228,1,1910.85,0.0028463,0.170414,0.814211,0.460735,0.05,300,300,300,300,300,300,103,107,300,55,59,67,49,53,61
erim,0,992,6,0.343289,0.0309797,-0.433642,0.954841,844.334,1.28971,2.81015,0.352334,0.176621,0.0363276,0.00518813,0.024027,0.40554,0.149893,0.416276,0.653171,1,1,3,47,1,0.897766,0.505972,0.426599,0.674665,1,739.03,0.0028463,0.170414,0.814211,0.460735,0.05,300,300,300,300,300,300,43,47,283,41,45,53,26,30,38
erim,0,993,4,0.487103,0.0158294,-0.498228,0.925396,2190.22,12.9727,7.25749,1.15862,0.578281,0.0158938,0.00828765,0.0495318,0.560977,0.531954,0.224461,0.841684,1,1,25,267,1,1.09617,0.439071,0.504095,0.73688,1,2133.14,0.0028463,0.170414,0.814211,0.460735,0.05,300,300,300,300,300,300,113,267,300,60,72,80,47,51,59
erim,0,994,5,0.532832,0.0719651,0.339762,0.925144,1542.96,0.252125,5.14236,0.186932,0.0479433,0.0296915,0.0166271,0.0341051,0.295135,0.0572195,0.623357,0.204833,1,1,0,120,1,0.212657,0.418665,0.545753,0.186377,1,1526.4,0.0028463,0.170414,0.814211,0.460735,0.05,300,300,300,300,300,300,69,120,300,54,58,66,33,37,45
erim,0,995,4,0.480019,0.158719,-0.455018,1.09583,1865.31,2.81218,6.20834,0.531631,0.269169,0.0159997,0.017161,0.0428802,0.437635,0.349702,0.516581,0.71326,1,1,30,70,1,0.39169,0.41208,0.394102,0.617732,1,1804.64,0.0028463,0.170414,0.814211,0.460735,0.05,300,300,300,300,300,300,66,70,144,48,52,60,45,49,57
erim,0,996,1,0.384558,0.00998847,0.175108,0.962453,2158.49,0.443054,7.19351,0.210243,0.0179702,0.00783411,0.0141728,0.0296183,0.427206,0.293663,0.253882,0.183696,1,1,16,189,1,0.142953,0.181584,0.223742,0.121409,1,2150.13,0.0028463,0.170414,0.814211,0.460735,0.05,300,300,300,300,300,300,84,189,268,55,77,85,51,55,63
erim,0,997,2,0.263259,0.161025,0.477407,1.03414,1398.05,0.553883,4.65831,0.234044,0.0224323,0.0654704,0.00573625,0.0679207,0.581369,0.095194,0.3911,0.305054,1,0.940879,17,300,0,0.234044,0.581369,0.3911,0.305054,1,1397.49,0.0028463,0.170414,0.814211,0.460735,0.05,300,300,300,300,300,300,230,300,300,69,73,81,41,45,65
erim,0,998,5,0.291316,0.0684351,0.267041,0.908013,1745.09,0.514719,5.81524,0.236946,0.0354918,0.0243505,0.00972691,0.0320949,0.297777,0.162173,0.135982,0.221738,0,3.6672e-42,0,300,0,0.236946,0.297777,0.135982,0.221738,0,1744.57,0.0028463,0.170414,0.814211,0.460735,0.05,300,300,300,300,300,300,159,300,300,61,79,87,38,42,61
erim,0,999,4,0.449086,0.0248524,0.271366,0.912295,1166.26,0.973454,3.88428,0.306664,0.0484061,0.0231149,0.00645984,0.0333489,0.111172,0.252869,0.301252,0.103245,1,1,17,127,1,0.197531,0.409231,0.486728,0.109106,1,1143.19,0.0028463,0.170414,0.814211,0.460735,0.05,300,300,300,300,300,300,123,127,300,79,83,132,42,52,60
